"NAM"	"DAT"	"PERIOD"	"КАТО(по каталогу)"	"LКАТО(по каталогу)"	"СПТМ (по каталогу)"	"LСПТМ (по каталогу)"	"КН"	"LКН"	"СП"	"LСП"	"VAL"
"Сальдо миграции по всем потокам(Человек)"	"2017 год"	"201712"	"РЕСПУБЛИКА КАЗАХСТАН"	"0"	"городская местность"	"0"	"Всего"	"0"	"Всего"	"0"	"24 876"
"Сальдо миграции по всем потокам(Человек)"	"2012 год"	"201212"	"РЕСПУБЛИКА КАЗАХСТАН"	"0"	"городская местность"	"0"	"Всего"	"0"	"Всего"	"0"	"27 169"
"Сальдо миграции по всем потокам(Человек)"	"2014 год"	"201412"	"РЕСПУБЛИКА КАЗАХСТАН"	"0"	"городская местность"	"0"	"Всего"	"0"	"Всего"	"0"	"48 775"
"Сальдо миграции по всем потокам(Человек)"	"2004 год"	"200412"	"РЕСПУБЛИКА КАЗАХСТАН"	"0"	"городская местность"	"0"	"Всего"	"0"	"Всего"	"0"	"59 794"
"Сальдо миграции по всем потокам(Человек)"	"2008 год"	"200812"	"РЕСПУБЛИКА КАЗАХСТАН"	"0"	"городская местность"	"0"	"Всего"	"0"	"Всего"	"0"	"50 304"
"Сальдо миграции по всем потокам(Человек)"	"2005 год"	"200512"	"РЕСПУБЛИКА КАЗАХСТАН"	"0"	"городская местность"	"0"	"Всего"	"0"	"Всего"	"0"	"65 818"
"Сальдо миграции по всем потокам(Человек)"	"2007 год"	"200712"	"РЕСПУБЛИКА КАЗАХСТАН"	"0"	"городская местность"	"0"	"Всего"	"0"	"Всего"	"0"	"58 467"
"Сальдо миграции по всем потокам(Человек)"	"2009 год"	"200912"	"РЕСПУБЛИКА КАЗАХСТАН"	"0"	"городская местность"	"0"	"Всего"	"0"	"Всего"	"0"	"49 760"
"Сальдо миграции по всем потокам(Человек)"	"2013 год"	"201312"	"РЕСПУБЛИКА КАЗАХСТАН"	"0"	"городская местность"	"0"	"Всего"	"0"	"Всего"	"0"	"39 065"
"Сальдо миграции по всем потокам(Человек)"	"2010 год"	"201012"	"РЕСПУБЛИКА КАЗАХСТАН"	"0"	"городская местность"	"0"	"Всего"	"0"	"Всего"	"0"	"45 312"
"Сальдо миграции по всем потокам(Человек)"	"2011 год"	"201112"	"РЕСПУБЛИКА КАЗАХСТАН"	"0"	"городская местность"	"0"	"Всего"	"0"	"Всего"	"0"	"39 718"
"Сальдо миграции по всем потокам(Человек)"	"2015 год"	"201512"	"РЕСПУБЛИКА КАЗАХСТАН"	"0"	"городская местность"	"0"	"Всего"	"0"	"Всего"	"0"	"50 063"
"Сальдо миграции по всем потокам(Человек)"	"2002 год"	"200212"	"РЕСПУБЛИКА КАЗАХСТАН"	"0"	"городская местность"	"0"	"Всего"	"0"	"Всего"	"0"	"5 406"
"Сальдо миграции по всем потокам(Человек)"	"2016 год"	"201612"	"РЕСПУБЛИКА КАЗАХСТАН"	"0"	"городская местность"	"0"	"Всего"	"0"	"Всего"	"0"	"62 795"
"Сальдо миграции по всем потокам(Человек)"	"2001 год"	"200112"	"РЕСПУБЛИКА КАЗАХСТАН"	"0"	"городская местность"	"0"	"Всего"	"0"	"Всего"	"0"	"8 409"
"Сальдо миграции по всем потокам(Человек)"	"2003 год"	"200312"	"РЕСПУБЛИКА КАЗАХСТАН"	"0"	"городская местность"	"0"	"Всего"	"0"	"Всего"	"0"	"43 731"
"Сальдо миграции по всем потокам(Человек)"	"2006 год"	"200612"	"РЕСПУБЛИКА КАЗАХСТАН"	"0"	"городская местность"	"0"	"Всего"	"0"	"Всего"	"0"	"67 405"
"Сальдо миграции по всем потокам(Человек)"	"2000 год"	"200012"	"РЕСПУБЛИКА КАЗАХСТАН"	"0"	"городская местность"	"0"	"Всего"	"0"	"Всего"	"0"	"-5 561"
"Сальдо миграции по всем потокам(Человек)"	"2019 год"	"201912"	"РЕСПУБЛИКА КАЗАХСТАН"	"0"	"городская местность"	"0"	"Всего"	"0"	"Всего"	"0"	"40 445"
"Сальдо миграции по всем потокам(Человек)"	"2018 год"	"201812"	"РЕСПУБЛИКА КАЗАХСТАН"	"0"	"городская местность"	"0"	"Всего"	"0"	"Всего"	"0"	"32 570"
"Сальдо миграции по всем потокам(Человек)"	"2020 год"	"202012"	"РЕСПУБЛИКА КАЗАХСТАН"	"0"	"городская местность"	"0"	"Всего"	"0"	"Всего"	"0"	"63 592"
"Сальдо миграции по всем потокам(Человек)"	"2024 год"	"202412"	"РЕСПУБЛИКА КАЗАХСТАН"	"0"	"городская местность"	"0"	"Всего"	"0"	"Всего"	"0"	"128 190"
"Сальдо миграции по всем потокам(Человек)"	"2023 год"	"202312"	"РЕСПУБЛИКА КАЗАХСТАН"	"0"	"городская местность"	"0"	"Всего"	"0"	"Всего"	"0"	"91 192"
"Сальдо миграции по всем потокам(Человек)"	"2021 год"	"202112"	"РЕСПУБЛИКА КАЗАХСТАН"	"0"	"городская местность"	"0"	"Всего"	"0"	"Всего"	"0"	"56 055"
"Сальдо миграции по всем потокам(Человек)"	"2022 год"	"202212"	"РЕСПУБЛИКА КАЗАХСТАН"	"0"	"городская местность"	"0"	"Всего"	"0"	"Всего"	"0"	"60 128"
"Сальдо миграции по всем потокам(Человек)"	"2017 год"	"201712"	"РЕСПУБЛИКА КАЗАХСТАН"	"0"	"сельская местность"	"0"	"Всего"	"0"	"Всего"	"0"	"-47 006"
"Сальдо миграции по всем потокам(Человек)"	"2012 год"	"201212"	"РЕСПУБЛИКА КАЗАХСТАН"	"0"	"сельская местность"	"0"	"Всего"	"0"	"Всего"	"0"	"-28 595"
"Сальдо миграции по всем потокам(Человек)"	"2014 год"	"201412"	"РЕСПУБЛИКА КАЗАХСТАН"	"0"	"сельская местность"	"0"	"Всего"	"0"	"Всего"	"0"	"-60 937"
"Сальдо миграции по всем потокам(Человек)"	"2004 год"	"200412"	"РЕСПУБЛИКА КАЗАХСТАН"	"0"	"сельская местность"	"0"	"Всего"	"0"	"Всего"	"0"	"-57 005"
"Сальдо миграции по всем потокам(Человек)"	"2008 год"	"200812"	"РЕСПУБЛИКА КАЗАХСТАН"	"0"	"сельская местность"	"0"	"Всего"	"0"	"Всего"	"0"	"-49 004"
"Сальдо миграции по всем потокам(Человек)"	"2005 год"	"200512"	"РЕСПУБЛИКА КАЗАХСТАН"	"0"	"сельская местность"	"0"	"Всего"	"0"	"Всего"	"0"	"-43 150"
"Сальдо миграции по всем потокам(Человек)"	"2007 год"	"200712"	"РЕСПУБЛИКА КАЗАХСТАН"	"0"	"сельская местность"	"0"	"Всего"	"0"	"Всего"	"0"	"-47 505"
"Сальдо миграции по всем потокам(Человек)"	"2009 год"	"200912"	"РЕСПУБЛИКА КАЗАХСТАН"	"0"	"сельская местность"	"0"	"Всего"	"0"	"Всего"	"0"	"-42 234"
"Сальдо миграции по всем потокам(Человек)"	"2013 год"	"201312"	"РЕСПУБЛИКА КАЗАХСТАН"	"0"	"сельская местность"	"0"	"Всего"	"0"	"Всего"	"0"	"-39 344"
"Сальдо миграции по всем потокам(Человек)"	"2010 год"	"201012"	"РЕСПУБЛИКА КАЗАХСТАН"	"0"	"сельская местность"	"0"	"Всего"	"0"	"Всего"	"0"	"-29 796"
"Сальдо миграции по всем потокам(Человек)"	"2011 год"	"201112"	"РЕСПУБЛИКА КАЗАХСТАН"	"0"	"сельская местность"	"0"	"Всего"	"0"	"Всего"	"0"	"-34 622"
"Сальдо миграции по всем потокам(Человек)"	"2015 год"	"201512"	"РЕСПУБЛИКА КАЗАХСТАН"	"0"	"сельская местность"	"0"	"Всего"	"0"	"Всего"	"0"	"-63 529"
"Сальдо миграции по всем потокам(Человек)"	"2002 год"	"200212"	"РЕСПУБЛИКА КАЗАХСТАН"	"0"	"сельская местность"	"0"	"Всего"	"0"	"Всего"	"0"	"-67 418"
"Сальдо миграции по всем потокам(Человек)"	"2016 год"	"201612"	"РЕСПУБЛИКА КАЗАХСТАН"	"0"	"сельская местность"	"0"	"Всего"	"0"	"Всего"	"0"	"-83 940"
"Сальдо миграции по всем потокам(Человек)"	"2001 год"	"200112"	"РЕСПУБЛИКА КАЗАХСТАН"	"0"	"сельская местность"	"0"	"Всего"	"0"	"Всего"	"0"	"-96 571"
"Сальдо миграции по всем потокам(Человек)"	"2003 год"	"200312"	"РЕСПУБЛИКА КАЗАХСТАН"	"0"	"сельская местность"	"0"	"Всего"	"0"	"Всего"	"0"	"-52 037"
"Сальдо миграции по всем потокам(Человек)"	"2000 год"	"200012"	"РЕСПУБЛИКА КАЗАХСТАН"	"0"	"сельская местность"	"0"	"Всего"	"0"	"Всего"	"0"	"-102 746"
"Сальдо миграции по всем потокам(Человек)"	"2006 год"	"200612"	"РЕСПУБЛИКА КАЗАХСТАН"	"0"	"сельская местность"	"0"	"Всего"	"0"	"Всего"	"0"	"-34 364"
"Сальдо миграции по всем потокам(Человек)"	"2019 год"	"201912"	"РЕСПУБЛИКА КАЗАХСТАН"	"0"	"сельская местность"	"0"	"Всего"	"0"	"Всего"	"0"	"-73 415"
"Сальдо миграции по всем потокам(Человек)"	"2018 год"	"201812"	"РЕСПУБЛИКА КАЗАХСТАН"	"0"	"сельская местность"	"0"	"Всего"	"0"	"Всего"	"0"	"-61 691"
"Сальдо миграции по всем потокам(Человек)"	"2020 год"	"202012"	"РЕСПУБЛИКА КАЗАХСТАН"	"0"	"сельская местность"	"0"	"Всего"	"0"	"Всего"	"0"	"-81 310"
"Сальдо миграции по всем потокам(Человек)"	"2024 год"	"202412"	"РЕСПУБЛИКА КАЗАХСТАН"	"0"	"сельская местность"	"0"	"Всего"	"0"	"Всего"	"0"	"-111 640"
"Сальдо миграции по всем потокам(Человек)"	"2023 год"	"202312"	"РЕСПУБЛИКА КАЗАХСТАН"	"0"	"сельская местность"	"0"	"Всего"	"0"	"Всего"	"0"	"-81 899"
"Сальдо миграции по всем потокам(Человек)"	"2021 год"	"202112"	"РЕСПУБЛИКА КАЗАХСТАН"	"0"	"сельская местность"	"0"	"Всего"	"0"	"Всего"	"0"	"-77 272"
"Сальдо миграции по всем потокам(Человек)"	"2022 год"	"202212"	"РЕСПУБЛИКА КАЗАХСТАН"	"0"	"сельская местность"	"0"	"Всего"	"0"	"Всего"	"0"	"-66 850"
"Сальдо миграции по всем потокам(Человек)"	"2014 год"	"201412"	"РЕСПУБЛИКА КАЗАХСТАН"	"0"	"Всего"	"0"	"Всего"	"0"	"Всего"	"0"	"-12 162"
"Сальдо миграции по всем потокам(Человек)"	"2017 год"	"201712"	"РЕСПУБЛИКА КАЗАХСТАН"	"0"	"Всего"	"0"	"Всего"	"0"	"Всего"	"0"	"-22 130"
"Сальдо миграции по всем потокам(Человек)"	"2012 год"	"201212"	"РЕСПУБЛИКА КАЗАХСТАН"	"0"	"Всего"	"0"	"Всего"	"0"	"Всего"	"0"	"-1 426"
"Сальдо миграции по всем потокам(Человек)"	"2004 год"	"200412"	"РЕСПУБЛИКА КАЗАХСТАН"	"0"	"Всего"	"0"	"Всего"	"0"	"Всего"	"0"	"2 789"
"Сальдо миграции по всем потокам(Человек)"	"2008 год"	"200812"	"РЕСПУБЛИКА КАЗАХСТАН"	"0"	"Всего"	"0"	"Всего"	"0"	"Всего"	"0"	"1 300"
"Сальдо миграции по всем потокам(Человек)"	"2005 год"	"200512"	"РЕСПУБЛИКА КАЗАХСТАН"	"0"	"Всего"	"0"	"Всего"	"0"	"Всего"	"0"	"22 668"
"Сальдо миграции по всем потокам(Человек)"	"2007 год"	"200712"	"РЕСПУБЛИКА КАЗАХСТАН"	"0"	"Всего"	"0"	"Всего"	"0"	"Всего"	"0"	"10 962"
"Сальдо миграции по всем потокам(Человек)"	"2009 год"	"200912"	"РЕСПУБЛИКА КАЗАХСТАН"	"0"	"Всего"	"0"	"Всего"	"0"	"Всего"	"0"	"7 526"
"Сальдо миграции по всем потокам(Человек)"	"2013 год"	"201312"	"РЕСПУБЛИКА КАЗАХСТАН"	"0"	"Всего"	"0"	"Всего"	"0"	"Всего"	"0"	"-279"
"Сальдо миграции по всем потокам(Человек)"	"2010 год"	"201012"	"РЕСПУБЛИКА КАЗАХСТАН"	"0"	"Всего"	"0"	"Всего"	"0"	"Всего"	"0"	"15 516"
"Сальдо миграции по всем потокам(Человек)"	"2011 год"	"201112"	"РЕСПУБЛИКА КАЗАХСТАН"	"0"	"Всего"	"0"	"Всего"	"0"	"Всего"	"0"	"5 096"
"Сальдо миграции по всем потокам(Человек)"	"2015 год"	"201512"	"РЕСПУБЛИКА КАЗАХСТАН"	"0"	"Всего"	"0"	"Всего"	"0"	"Всего"	"0"	"-13 466"
"Сальдо миграции по всем потокам(Человек)"	"2002 год"	"200212"	"РЕСПУБЛИКА КАЗАХСТАН"	"0"	"Всего"	"0"	"Всего"	"0"	"Всего"	"0"	"-62 012"
"Сальдо миграции по всем потокам(Человек)"	"2016 год"	"201612"	"РЕСПУБЛИКА КАЗАХСТАН"	"0"	"Всего"	"0"	"Всего"	"0"	"Всего"	"0"	"-21 145"
"Сальдо миграции по всем потокам(Человек)"	"2001 год"	"200112"	"РЕСПУБЛИКА КАЗАХСТАН"	"0"	"Всего"	"0"	"Всего"	"0"	"Всего"	"0"	"-88 162"
"Сальдо миграции по всем потокам(Человек)"	"2003 год"	"200312"	"РЕСПУБЛИКА КАЗАХСТАН"	"0"	"Всего"	"0"	"Всего"	"0"	"Всего"	"0"	"-8 306"
"Сальдо миграции по всем потокам(Человек)"	"2000 год"	"200012"	"РЕСПУБЛИКА КАЗАХСТАН"	"0"	"Всего"	"0"	"Всего"	"0"	"Всего"	"0"	"-108 307"
"Сальдо миграции по всем потокам(Человек)"	"2006 год"	"200612"	"РЕСПУБЛИКА КАЗАХСТАН"	"0"	"Всего"	"0"	"Всего"	"0"	"Всего"	"0"	"33 041"
"Сальдо миграции по всем потокам(Человек)"	"2019 год"	"201912"	"РЕСПУБЛИКА КАЗАХСТАН"	"0"	"Всего"	"0"	"Всего"	"0"	"Всего"	"0"	"-32 970"
"Сальдо миграции по всем потокам(Человек)"	"2018 год"	"201812"	"РЕСПУБЛИКА КАЗАХСТАН"	"0"	"Всего"	"0"	"Всего"	"0"	"Всего"	"0"	"-29 121"
"Сальдо миграции по всем потокам(Человек)"	"2020 год"	"202012"	"РЕСПУБЛИКА КАЗАХСТАН"	"0"	"Всего"	"0"	"Всего"	"0"	"Всего"	"0"	"-17 718"
"Сальдо миграции по всем потокам(Человек)"	"2024 год"	"202412"	"РЕСПУБЛИКА КАЗАХСТАН"	"0"	"Всего"	"0"	"Всего"	"0"	"Всего"	"0"	"16 550"
"Сальдо миграции по всем потокам(Человек)"	"2023 год"	"202312"	"РЕСПУБЛИКА КАЗАХСТАН"	"0"	"Всего"	"0"	"Всего"	"0"	"Всего"	"0"	"9 293"
"Сальдо миграции по всем потокам(Человек)"	"2021 год"	"202112"	"РЕСПУБЛИКА КАЗАХСТАН"	"0"	"Всего"	"0"	"Всего"	"0"	"Всего"	"0"	"-21 217"
"Сальдо миграции по всем потокам(Человек)"	"2022 год"	"202212"	"РЕСПУБЛИКА КАЗАХСТАН"	"0"	"Всего"	"0"	"Всего"	"0"	"Всего"	"0"	"-6 722"
"Сальдо миграции по всем потокам(Человек)"	"2024 год"	"202412"	"АУЭЗОВСКИЙ РАЙОН"	"0"	"городская местность"	"0"	"Всего"	"0"	"Всего"	"0"	"-2 232"
"Сальдо миграции по всем потокам(Человек)"	"2023 год"	"202312"	"АУЭЗОВСКИЙ РАЙОН"	"0"	"городская местность"	"0"	"Всего"	"0"	"Всего"	"0"	"539"
"Сальдо миграции по всем потокам(Человек)"	"2024 год"	"202412"	"МЕДЕУСКИЙ РАЙОН"	"0"	"городская местность"	"0"	"Всего"	"0"	"Всего"	"0"	"2 763"
"Сальдо миграции по всем потокам(Человек)"	"2023 год"	"202312"	"МЕДЕУСКИЙ РАЙОН"	"0"	"городская местность"	"0"	"Всего"	"0"	"Всего"	"0"	"4 309"
"Сальдо миграции по всем потокам(Человек)"	"2024 год"	"202412"	"НАУРЫЗБАЙСКИЙ РАЙОН"	"0"	"городская местность"	"0"	"Всего"	"0"	"Всего"	"0"	"17 831"
"Сальдо миграции по всем потокам(Человек)"	"2023 год"	"202312"	"НАУРЫЗБАЙСКИЙ РАЙОН"	"0"	"городская местность"	"0"	"Всего"	"0"	"Всего"	"0"	"15 359"
"Сальдо миграции по всем потокам(Человек)"	"2024 год"	"202412"	"БОСТАНДЫКСКИЙ РАЙОН"	"0"	"городская местность"	"0"	"Всего"	"0"	"Всего"	"0"	"7 671"
"Сальдо миграции по всем потокам(Человек)"	"2023 год"	"202312"	"БОСТАНДЫКСКИЙ РАЙОН"	"0"	"городская местность"	"0"	"Всего"	"0"	"Всего"	"0"	"7 200"
"Сальдо миграции по всем потокам(Человек)"	"2024 год"	"202412"	"Г.АЛМАТЫ"	"0"	"городская местность"	"0"	"Всего"	"0"	"Всего"	"0"	"41 184"
"Сальдо миграции по всем потокам(Человек)"	"2023 год"	"202312"	"Г.АЛМАТЫ"	"0"	"городская местность"	"0"	"Всего"	"0"	"Всего"	"0"	"43 210"
"Сальдо миграции по всем потокам(Человек)"	"2024 год"	"202412"	"АЛМАЛИНСКИЙ РАЙОН"	"0"	"городская местность"	"0"	"Всего"	"0"	"Всего"	"0"	"2 081"
"Сальдо миграции по всем потокам(Человек)"	"2023 год"	"202312"	"АЛМАЛИНСКИЙ РАЙОН"	"0"	"городская местность"	"0"	"Всего"	"0"	"Всего"	"0"	"2 071"
"Сальдо миграции по всем потокам(Человек)"	"2024 год"	"202412"	"ПАВЛОДАРСКИЙ РАЙОН"	"0"	"Всего"	"0"	"Всего"	"0"	"Всего"	"0"	"-488"
"Сальдо миграции по всем потокам(Человек)"	"2023 год"	"202312"	"ПАВЛОДАРСКИЙ РАЙОН"	"0"	"Всего"	"0"	"Всего"	"0"	"Всего"	"0"	"-375"
"Сальдо миграции по всем потокам(Человек)"	"2024 год"	"202412"	"АЛАТАУСКИЙ РАЙОН"	"0"	"городская местность"	"0"	"Всего"	"0"	"Всего"	"0"	"8 036"
"Сальдо миграции по всем потокам(Человек)"	"2023 год"	"202312"	"АЛАТАУСКИЙ РАЙОН"	"0"	"городская местность"	"0"	"Всего"	"0"	"Всего"	"0"	"7 729"
"Сальдо миграции по всем потокам(Человек)"	"2024 год"	"202412"	"РАЙОН ТЕРЕҢКӨЛ"	"0"	"Всего"	"0"	"Всего"	"0"	"Всего"	"0"	"-376"
"Сальдо миграции по всем потокам(Человек)"	"2023 год"	"202312"	"РАЙОН ТЕРЕҢКӨЛ"	"0"	"Всего"	"0"	"Всего"	"0"	"Всего"	"0"	"-315"
"Сальдо миграции по всем потокам(Человек)"	"2024 год"	"202412"	"ЩЕРБАКТИНСКИЙ РАЙОН"	"0"	"Всего"	"0"	"Всего"	"0"	"Всего"	"0"	"-367"
"Сальдо миграции по всем потокам(Человек)"	"2023 год"	"202312"	"ЩЕРБАКТИНСКИЙ РАЙОН"	"0"	"Всего"	"0"	"Всего"	"0"	"Всего"	"0"	"-163"
"Сальдо миграции по всем потокам(Человек)"	"2024 год"	"202412"	"ЖЕТЫСУСКИЙ РАЙОН"	"0"	"городская местность"	"0"	"Всего"	"0"	"Всего"	"0"	"16"
"Сальдо миграции по всем потокам(Человек)"	"2023 год"	"202312"	"ЖЕТЫСУСКИЙ РАЙОН"	"0"	"городская местность"	"0"	"Всего"	"0"	"Всего"	"0"	"944"
"Сальдо миграции по всем потокам(Человек)"	"2024 год"	"202412"	"ЖЕЛЕЗИНСКИЙ РАЙОН"	"0"	"Всего"	"0"	"Всего"	"0"	"Всего"	"0"	"-383"
"Сальдо миграции по всем потокам(Человек)"	"2023 год"	"202312"	"ЖЕЛЕЗИНСКИЙ РАЙОН"	"0"	"Всего"	"0"	"Всего"	"0"	"Всего"	"0"	"-214"
"Сальдо миграции по всем потокам(Человек)"	"2024 год"	"202412"	"ЭКИБАСТУЗ Г.А."	"0"	"Всего"	"0"	"Всего"	"0"	"Всего"	"0"	"-1 135"
"Сальдо миграции по всем потокам(Человек)"	"2023 год"	"202312"	"ЭКИБАСТУЗ Г.А."	"0"	"Всего"	"0"	"Всего"	"0"	"Всего"	"0"	"-1 180"
"Сальдо миграции по всем потокам(Человек)"	"2024 год"	"202412"	"БАЯНАУЛЬСКИЙ РАЙОН"	"0"	"Всего"	"0"	"Всего"	"0"	"Всего"	"0"	"-884"
"Сальдо миграции по всем потокам(Человек)"	"2023 год"	"202312"	"БАЯНАУЛЬСКИЙ РАЙОН"	"0"	"Всего"	"0"	"Всего"	"0"	"Всего"	"0"	"-410"
"Сальдо миграции по всем потокам(Человек)"	"2024 год"	"202412"	"ТЕКЕЛИ Г.А."	"0"	"городская местность"	"0"	"Всего"	"0"	"Всего"	"0"	"-300"
"Сальдо миграции по всем потокам(Человек)"	"2023 год"	"202312"	"ТЕКЕЛИ Г.А."	"0"	"городская местность"	"0"	"Всего"	"0"	"Всего"	"0"	"-245"
"Сальдо миграции по всем потокам(Человек)"	"2024 год"	"202412"	"САРКАНСКИЙ РАЙОН"	"0"	"городская местность"	"0"	"Всего"	"0"	"Всего"	"0"	"-355"
"Сальдо миграции по всем потокам(Человек)"	"2023 год"	"202312"	"САРКАНСКИЙ РАЙОН"	"0"	"городская местность"	"0"	"Всего"	"0"	"Всего"	"0"	"-250"
"Сальдо миграции по всем потокам(Человек)"	"2024 год"	"202412"	"ПАНФИЛОВСКИЙ РАЙОН"	"0"	"городская местность"	"0"	"Всего"	"0"	"Всего"	"0"	"-728"
"Сальдо миграции по всем потокам(Человек)"	"2023 год"	"202312"	"ПАНФИЛОВСКИЙ РАЙОН"	"0"	"городская местность"	"0"	"Всего"	"0"	"Всего"	"0"	"-581"
"Сальдо миграции по всем потокам(Человек)"	"2024 год"	"202412"	"ОБЛАСТЬ ЖЕТІСУ"	"0"	"городская местность"	"0"	"Всего"	"0"	"Всего"	"0"	"-2 846"
"Сальдо миграции по всем потокам(Человек)"	"2023 год"	"202312"	"ОБЛАСТЬ ЖЕТІСУ"	"0"	"городская местность"	"0"	"Всего"	"0"	"Всего"	"0"	"-2 963"
"Сальдо миграции по всем потокам(Человек)"	"2024 год"	"202412"	"БЕСКАРАГАЙСКИЙ РАЙОН"	"0"	"Всего"	"0"	"Всего"	"0"	"Всего"	"0"	"-445"
"Сальдо миграции по всем потокам(Человек)"	"2023 год"	"202312"	"БЕСКАРАГАЙСКИЙ РАЙОН"	"0"	"Всего"	"0"	"Всего"	"0"	"Всего"	"0"	"-282"
"Сальдо миграции по всем потокам(Человек)"	"2024 год"	"202412"	"СЕМЕЙ Г.А."	"0"	"Всего"	"0"	"Всего"	"0"	"Всего"	"0"	"1 005"
"Сальдо миграции по всем потокам(Человек)"	"2023 год"	"202312"	"СЕМЕЙ Г.А."	"0"	"Всего"	"0"	"Всего"	"0"	"Всего"	"0"	"-361"
"Сальдо миграции по всем потокам(Человек)"	"2024 год"	"202412"	"АКСУСКИЙ РАЙОН"	"0"	"сельская местность"	"0"	"Всего"	"0"	"Всего"	"0"	"-1 651"
"Сальдо миграции по всем потокам(Человек)"	"2023 год"	"202312"	"АКСУСКИЙ РАЙОН"	"0"	"сельская местность"	"0"	"Всего"	"0"	"Всего"	"0"	"-1 079"
"Сальдо миграции по всем потокам(Человек)"	"2024 год"	"202412"	"ТЕКЕЛИ Г.А."	"0"	"сельская местность"	"0"	"Всего"	"0"	"Всего"	"0"	"-32"
"Сальдо миграции по всем потокам(Человек)"	"2023 год"	"202312"	"ТЕКЕЛИ Г.А."	"0"	"сельская местность"	"0"	"Всего"	"0"	"Всего"	"0"	"-54"
"Сальдо миграции по всем потокам(Человек)"	"2024 год"	"202412"	"КУРЧАТОВ Г.А."	"0"	"городская местность"	"0"	"Всего"	"0"	"Всего"	"0"	"-349"
"Сальдо миграции по всем потокам(Человек)"	"2023 год"	"202312"	"КУРЧАТОВ Г.А."	"0"	"городская местность"	"0"	"Всего"	"0"	"Всего"	"0"	"-188"
"Сальдо миграции по всем потокам(Человек)"	"2024 год"	"202412"	"АЯГОЗСКИЙ РАЙОН"	"0"	"городская местность"	"0"	"Всего"	"0"	"Всего"	"0"	"-1 423"
"Сальдо миграции по всем потокам(Человек)"	"2023 год"	"202312"	"АЯГОЗСКИЙ РАЙОН"	"0"	"городская местность"	"0"	"Всего"	"0"	"Всего"	"0"	"-891"
"Сальдо миграции по всем потокам(Человек)"	"2024 год"	"202412"	"КОКПЕКТИНСКИЙ РАЙОН"	"0"	"Всего"	"0"	"Всего"	"0"	"Всего"	"0"	"-455"
"Сальдо миграции по всем потокам(Человек)"	"2023 год"	"202312"	"КОКПЕКТИНСКИЙ РАЙОН"	"0"	"Всего"	"0"	"Всего"	"0"	"Всего"	"0"	"-319"
"Сальдо миграции по всем потокам(Человек)"	"2024 год"	"202412"	"КУРЧАТОВ Г.А."	"0"	"Всего"	"0"	"Всего"	"0"	"Всего"	"0"	"-349"
"Сальдо миграции по всем потокам(Человек)"	"2023 год"	"202312"	"КУРЧАТОВ Г.А."	"0"	"Всего"	"0"	"Всего"	"0"	"Всего"	"0"	"-188"
"Сальдо миграции по всем потокам(Человек)"	"2024 год"	"202412"	"ЖАРМИНСКИЙ РАЙОН"	"0"	"Всего"	"0"	"Всего"	"0"	"Всего"	"0"	"-1 671"
"Сальдо миграции по всем потокам(Человек)"	"2023 год"	"202312"	"ЖАРМИНСКИЙ РАЙОН"	"0"	"Всего"	"0"	"Всего"	"0"	"Всего"	"0"	"-1 148"
"Сальдо миграции по всем потокам(Человек)"	"2024 год"	"202412"	"УРДЖАРСКИЙ РАЙОН"	"0"	"Всего"	"0"	"Всего"	"0"	"Всего"	"0"	"-1 109"
"Сальдо миграции по всем потокам(Человек)"	"2023 год"	"202312"	"УРДЖАРСКИЙ РАЙОН"	"0"	"Всего"	"0"	"Всего"	"0"	"Всего"	"0"	"-1 692"
"Сальдо миграции по всем потокам(Человек)"	"2024 год"	"202412"	"АБАЙСКИЙ РАЙОН"	"0"	"Всего"	"0"	"Всего"	"0"	"Всего"	"0"	"-407"
"Сальдо миграции по всем потокам(Человек)"	"2023 год"	"202312"	"АБАЙСКИЙ РАЙОН"	"0"	"Всего"	"0"	"Всего"	"0"	"Всего"	"0"	"-323"
"Сальдо миграции по всем потокам(Человек)"	"2024 год"	"202412"	"ОБЛАСТЬ АБАЙ"	"0"	"городская местность"	"0"	"Всего"	"0"	"Всего"	"0"	"-1 172"
"Сальдо миграции по всем потокам(Человек)"	"2023 год"	"202312"	"ОБЛАСТЬ АБАЙ"	"0"	"городская местность"	"0"	"Всего"	"0"	"Всего"	"0"	"-1 300"
"Сальдо миграции по всем потокам(Человек)"	"2024 год"	"202412"	"БОРОДУЛИХИНСКИЙ РАЙОН"	"0"	"Всего"	"0"	"Всего"	"0"	"Всего"	"0"	"-573"
"Сальдо миграции по всем потокам(Человек)"	"2023 год"	"202312"	"БОРОДУЛИХИНСКИЙ РАЙОН"	"0"	"Всего"	"0"	"Всего"	"0"	"Всего"	"0"	"-582"
"Сальдо миграции по всем потокам(Человек)"	"2024 год"	"202412"	"ЖАРМИНСКИЙ РАЙОН"	"0"	"городская местность"	"0"	"Всего"	"0"	"Всего"	"0"	"-374"
"Сальдо миграции по всем потокам(Человек)"	"2023 год"	"202312"	"ЖАРМИНСКИЙ РАЙОН"	"0"	"городская местность"	"0"	"Всего"	"0"	"Всего"	"0"	"-175"
"Сальдо миграции по всем потокам(Человек)"	"2024 год"	"202412"	"АЯГОЗСКИЙ РАЙОН"	"0"	"Всего"	"0"	"Всего"	"0"	"Всего"	"0"	"-2 275"
"Сальдо миграции по всем потокам(Человек)"	"2023 год"	"202312"	"АЯГОЗСКИЙ РАЙОН"	"0"	"Всего"	"0"	"Всего"	"0"	"Всего"	"0"	"-1 634"
"Сальдо миграции по всем потокам(Человек)"	"2024 год"	"202412"	"СЕМЕЙ Г.А."	"0"	"городская местность"	"0"	"Всего"	"0"	"Всего"	"0"	"1 005"
"Сальдо миграции по всем потокам(Человек)"	"2023 год"	"202312"	"СЕМЕЙ Г.А."	"0"	"городская местность"	"0"	"Всего"	"0"	"Всего"	"0"	"-46"
"Сальдо миграции по всем потокам(Человек)"	"2024 год"	"202412"	"ОБЛАСТЬ АБАЙ"	"0"	"Всего"	"0"	"Всего"	"0"	"Всего"	"0"	"-8 788"
"Сальдо миграции по всем потокам(Человек)"	"2023 год"	"202312"	"ОБЛАСТЬ АБАЙ"	"0"	"Всего"	"0"	"Всего"	"0"	"Всего"	"0"	"-7 141"
"Сальдо миграции по всем потокам(Человек)"	"2024 год"	"202412"	"РАЙОН АҚСУАТ"	"0"	"Всего"	"0"	"Всего"	"0"	"Всего"	"0"	"-672"
"Сальдо миграции по всем потокам(Человек)"	"2023 год"	"202312"	"РАЙОН АҚСУАТ"	"0"	"Всего"	"0"	"Всего"	"0"	"Всего"	"0"	"-612"
"Сальдо миграции по всем потокам(Человек)"	"2024 год"	"202412"	"ПРИОЗЕРСК Г.А."	"0"	"городская местность"	"0"	"Всего"	"0"	"Всего"	"0"	"-356"
"Сальдо миграции по всем потокам(Человек)"	"2023 год"	"202312"	"ПРИОЗЕРСК Г.А."	"0"	"городская местность"	"0"	"Всего"	"0"	"Всего"	"0"	"-175"
"Сальдо миграции по всем потокам(Человек)"	"2024 год"	"202412"	"САРАНЬ Г.А."	"0"	"городская местность"	"0"	"Всего"	"0"	"Всего"	"0"	"-202"
"Сальдо миграции по всем потокам(Человек)"	"2023 год"	"202312"	"САРАНЬ Г.А."	"0"	"городская местность"	"0"	"Всего"	"0"	"Всего"	"0"	"-116"
"Сальдо миграции по всем потокам(Человек)"	"2024 год"	"202412"	"ЛИСАКОВСК Г.А."	"0"	"городская местность"	"0"	"Всего"	"0"	"Всего"	"0"	"16"
"Сальдо миграции по всем потокам(Человек)"	"2023 год"	"202312"	"ЛИСАКОВСК Г.А."	"0"	"городская местность"	"0"	"Всего"	"0"	"Всего"	"0"	"-63"
"Сальдо миграции по всем потокам(Человек)"	"2024 год"	"202412"	"РУДНЫЙ Г.А."	"0"	"городская местность"	"0"	"Всего"	"0"	"Всего"	"0"	"-36"
"Сальдо миграции по всем потокам(Человек)"	"2023 год"	"202312"	"РУДНЫЙ Г.А."	"0"	"городская местность"	"0"	"Всего"	"0"	"Всего"	"0"	"-96"
"Сальдо миграции по всем потокам(Человек)"	"2024 год"	"202412"	"ТЕМИРТАУ Г.А."	"0"	"городская местность"	"0"	"Всего"	"0"	"Всего"	"0"	"-756"
"Сальдо миграции по всем потокам(Человек)"	"2023 год"	"202312"	"ТЕМИРТАУ Г.А."	"0"	"городская местность"	"0"	"Всего"	"0"	"Всего"	"0"	"-816"
"Сальдо миграции по всем потокам(Человек)"	"2024 год"	"202412"	"КОСТАНАЙ Г.А."	"0"	"городская местность"	"0"	"Всего"	"0"	"Всего"	"0"	"3 716"
"Сальдо миграции по всем потокам(Человек)"	"2023 год"	"202312"	"КОСТАНАЙ Г.А."	"0"	"городская местность"	"0"	"Всего"	"0"	"Всего"	"0"	"2 665"
"Сальдо миграции по всем потокам(Человек)"	"2024 год"	"202412"	"КАРКАРАЛИНСКИЙ РАЙОН"	"0"	"городская местность"	"0"	"Всего"	"0"	"Всего"	"0"	"-279"
"Сальдо миграции по всем потокам(Человек)"	"2023 год"	"202312"	"КАРКАРАЛИНСКИЙ РАЙОН"	"0"	"городская местность"	"0"	"Всего"	"0"	"Всего"	"0"	"-206"
"Сальдо миграции по всем потокам(Человек)"	"2024 год"	"202412"	"ШАХТИНСК Г.А."	"0"	"городская местность"	"0"	"Всего"	"0"	"Всего"	"0"	"-506"
"Сальдо миграции по всем потокам(Человек)"	"2023 год"	"202312"	"ШАХТИНСК Г.А."	"0"	"городская местность"	"0"	"Всего"	"0"	"Всего"	"0"	"-245"
"Сальдо миграции по всем потокам(Человек)"	"2024 год"	"202412"	"БАЛХАШ Г.А."	"0"	"городская местность"	"0"	"Всего"	"0"	"Всего"	"0"	"-1 051"
"Сальдо миграции по всем потокам(Человек)"	"2023 год"	"202312"	"БАЛХАШ Г.А."	"0"	"городская местность"	"0"	"Всего"	"0"	"Всего"	"0"	"-963"
"Сальдо миграции по всем потокам(Человек)"	"2024 год"	"202412"	"ТУПКАРАГАНСКИЙ РАЙОН"	"0"	"городская местность"	"0"	"Всего"	"0"	"Всего"	"0"	"-191"
"Сальдо миграции по всем потокам(Человек)"	"2023 год"	"202312"	"ТУПКАРАГАНСКИЙ РАЙОН"	"0"	"городская местность"	"0"	"Всего"	"0"	"Всего"	"0"	"-60"
"Сальдо миграции по всем потокам(Человек)"	"2024 год"	"202412"	"АКТАУ Г.А."	"0"	"городская местность"	"0"	"Всего"	"0"	"Всего"	"0"	"6 661"
"Сальдо миграции по всем потокам(Человек)"	"2023 год"	"202312"	"АКТАУ Г.А."	"0"	"городская местность"	"0"	"Всего"	"0"	"Всего"	"0"	"4 592"
"Сальдо миграции по всем потокам(Человек)"	"2024 год"	"202412"	"ЖИТИКАРИНСКИЙ РАЙОН"	"0"	"городская местность"	"0"	"Всего"	"0"	"Всего"	"0"	"-267"
"Сальдо миграции по всем потокам(Человек)"	"2023 год"	"202312"	"ЖИТИКАРИНСКИЙ РАЙОН"	"0"	"городская местность"	"0"	"Всего"	"0"	"Всего"	"0"	"-265"
"Сальдо миграции по всем потокам(Человек)"	"2024 год"	"202412"	"КОСТАНАЙСКИЙ РАЙОН"	"0"	"городская местность"	"0"	"Всего"	"0"	"Всего"	"0"	"92"
"Сальдо миграции по всем потокам(Человек)"	"2023 год"	"202312"	"КОСТАНАЙСКИЙ РАЙОН"	"0"	"городская местность"	"0"	"Всего"	"0"	"Всего"	"0"	"115"
"Сальдо миграции по всем потокам(Человек)"	"2024 год"	"202412"	"КАРАГАНДИНСКАЯ ОБЛАСТЬ"	"0"	"городская местность"	"0"	"Всего"	"0"	"Всего"	"0"	"-260"
"Сальдо миграции по всем потокам(Человек)"	"2023 год"	"202312"	"КАРАГАНДИНСКАЯ ОБЛАСТЬ"	"0"	"городская местность"	"0"	"Всего"	"0"	"Всего"	"0"	"-470"
"Сальдо миграции по всем потокам(Человек)"	"2024 год"	"202412"	"КАРАГАНДА Г.А."	"0"	"городская местность"	"0"	"Всего"	"0"	"Всего"	"0"	"3 190"
"Сальдо миграции по всем потокам(Человек)"	"2023 год"	"202312"	"КАРАГАНДА Г.А."	"0"	"городская местность"	"0"	"Всего"	"0"	"Всего"	"0"	"1 944"
"Сальдо миграции по всем потокам(Человек)"	"2024 год"	"202412"	"КОСТАНАЙСКАЯ ОБЛАСТЬ"	"0"	"городская местность"	"0"	"Всего"	"0"	"Всего"	"0"	"2 647"
"Сальдо миграции по всем потокам(Человек)"	"2023 год"	"202312"	"КОСТАНАЙСКАЯ ОБЛАСТЬ"	"0"	"городская местность"	"0"	"Всего"	"0"	"Всего"	"0"	"1 447"
"Сальдо миграции по всем потокам(Человек)"	"2024 год"	"202412"	"АБАЙСКИЙ РАЙОН"	"0"	"городская местность"	"0"	"Всего"	"0"	"Всего"	"0"	"-300"
"Сальдо миграции по всем потокам(Человек)"	"2023 год"	"202312"	"АБАЙСКИЙ РАЙОН"	"0"	"городская местность"	"0"	"Всего"	"0"	"Всего"	"0"	"107"
"Сальдо миграции по всем потокам(Человек)"	"2024 год"	"202412"	"АРКАЛЫК Г.А."	"0"	"городская местность"	"0"	"Всего"	"0"	"Всего"	"0"	"-874"
"Сальдо миграции по всем потокам(Человек)"	"2023 год"	"202312"	"АРКАЛЫК Г.А."	"0"	"городская местность"	"0"	"Всего"	"0"	"Всего"	"0"	"-909"
"Сальдо миграции по всем потокам(Человек)"	"2024 год"	"202412"	"МУНАЙЛИНСКИЙ РАЙОН"	"0"	"Всего"	"0"	"Всего"	"0"	"Всего"	"0"	"-77"
"Сальдо миграции по всем потокам(Человек)"	"2023 год"	"202312"	"МУНАЙЛИНСКИЙ РАЙОН"	"0"	"Всего"	"0"	"Всего"	"0"	"Всего"	"0"	"894"
"Сальдо миграции по всем потокам(Человек)"	"2024 год"	"202412"	"КОСТАНАЙ Г.А."	"0"	"Всего"	"0"	"Всего"	"0"	"Всего"	"0"	"3 716"
"Сальдо миграции по всем потокам(Человек)"	"2023 год"	"202312"	"КОСТАНАЙ Г.А."	"0"	"Всего"	"0"	"Всего"	"0"	"Всего"	"0"	"2 665"
"Сальдо миграции по всем потокам(Человек)"	"2024 год"	"202412"	"ЖИТИКАРИНСКИЙ РАЙОН"	"0"	"Всего"	"0"	"Всего"	"0"	"Всего"	"0"	"-594"
"Сальдо миграции по всем потокам(Человек)"	"2023 год"	"202312"	"ЖИТИКАРИНСКИЙ РАЙОН"	"0"	"Всего"	"0"	"Всего"	"0"	"Всего"	"0"	"-453"
"Сальдо миграции по всем потокам(Человек)"	"2024 год"	"202412"	"РАЙОН БЕИМБЕТА МАЙЛИНА"	"0"	"Всего"	"0"	"Всего"	"0"	"Всего"	"0"	"-486"
"Сальдо миграции по всем потокам(Человек)"	"2023 год"	"202312"	"РАЙОН БЕИМБЕТА МАЙЛИНА"	"0"	"Всего"	"0"	"Всего"	"0"	"Всего"	"0"	"-249"
"Сальдо миграции по всем потокам(Человек)"	"2024 год"	"202412"	"КАРКАРАЛИНСКИЙ РАЙОН"	"0"	"сельская местность"	"0"	"Всего"	"0"	"Всего"	"0"	"-849"
"Сальдо миграции по всем потокам(Человек)"	"2023 год"	"202312"	"КАРКАРАЛИНСКИЙ РАЙОН"	"0"	"сельская местность"	"0"	"Всего"	"0"	"Всего"	"0"	"-641"
"Сальдо миграции по всем потокам(Человек)"	"2024 год"	"202412"	"КАРАСУСКИЙ РАЙОН"	"0"	"Всего"	"0"	"Всего"	"0"	"Всего"	"0"	"-644"
"Сальдо миграции по всем потокам(Человек)"	"2023 год"	"202312"	"КАРАСУСКИЙ РАЙОН"	"0"	"Всего"	"0"	"Всего"	"0"	"Всего"	"0"	"-536"
"Сальдо миграции по всем потокам(Человек)"	"2024 год"	"202412"	"АМАНГЕЛЬДИНСКИЙ РАЙОН"	"0"	"Всего"	"0"	"Всего"	"0"	"Всего"	"0"	"-595"
"Сальдо миграции по всем потокам(Человек)"	"2023 год"	"202312"	"АМАНГЕЛЬДИНСКИЙ РАЙОН"	"0"	"Всего"	"0"	"Всего"	"0"	"Всего"	"0"	"-319"
"Сальдо миграции по всем потокам(Человек)"	"2024 год"	"202412"	"САРЫКОЛЬСКИЙ РАЙОН"	"0"	"Всего"	"0"	"Всего"	"0"	"Всего"	"0"	"-490"
"Сальдо миграции по всем потокам(Человек)"	"2023 год"	"202312"	"САРЫКОЛЬСКИЙ РАЙОН"	"0"	"Всего"	"0"	"Всего"	"0"	"Всего"	"0"	"-359"
"Сальдо миграции по всем потокам(Человек)"	"2024 год"	"202412"	"НАУРЗУМСКИЙ РАЙОН"	"0"	"Всего"	"0"	"Всего"	"0"	"Всего"	"0"	"-424"
"Сальдо миграции по всем потокам(Человек)"	"2023 год"	"202312"	"НАУРЗУМСКИЙ РАЙОН"	"0"	"Всего"	"0"	"Всего"	"0"	"Всего"	"0"	"-362"
"Сальдо миграции по всем потокам(Человек)"	"2024 год"	"202412"	"АКТОГАЙСКИЙ РАЙОН"	"0"	"сельская местность"	"0"	"Всего"	"0"	"Всего"	"0"	"-581"
"Сальдо миграции по всем потокам(Человек)"	"2023 год"	"202312"	"АКТОГАЙСКИЙ РАЙОН"	"0"	"сельская местность"	"0"	"Всего"	"0"	"Всего"	"0"	"-258"
"Сальдо миграции по всем потокам(Человек)"	"2024 год"	"202412"	"ШЕТСКИЙ РАЙОН"	"0"	"сельская местность"	"0"	"Всего"	"0"	"Всего"	"0"	"-1 445"
"Сальдо миграции по всем потокам(Человек)"	"2023 год"	"202312"	"ШЕТСКИЙ РАЙОН"	"0"	"сельская местность"	"0"	"Всего"	"0"	"Всего"	"0"	"-1 050"
"Сальдо миграции по всем потокам(Человек)"	"2024 год"	"202412"	"АБАЙСКИЙ РАЙОН"	"0"	"сельская местность"	"0"	"Всего"	"0"	"Всего"	"0"	"-558"
"Сальдо миграции по всем потокам(Человек)"	"2023 год"	"202312"	"АБАЙСКИЙ РАЙОН"	"0"	"сельская местность"	"0"	"Всего"	"0"	"Всего"	"0"	"-518"
"Сальдо миграции по всем потокам(Человек)"	"2024 год"	"202412"	"КАРАГАНДИНСКАЯ ОБЛАСТЬ"	"0"	"сельская местность"	"0"	"Всего"	"0"	"Всего"	"0"	"-5 921"
"Сальдо миграции по всем потокам(Человек)"	"2023 год"	"202312"	"КАРАГАНДИНСКАЯ ОБЛАСТЬ"	"0"	"сельская местность"	"0"	"Всего"	"0"	"Всего"	"0"	"-4 663"
"Сальдо миграции по всем потокам(Человек)"	"2024 год"	"202412"	"УЗУНКОЛЬСКИЙ РАЙОН"	"0"	"Всего"	"0"	"Всего"	"0"	"Всего"	"0"	"-402"
"Сальдо миграции по всем потокам(Человек)"	"2023 год"	"202312"	"УЗУНКОЛЬСКИЙ РАЙОН"	"0"	"Всего"	"0"	"Всего"	"0"	"Всего"	"0"	"-355"
"Сальдо миграции по всем потокам(Человек)"	"2024 год"	"202412"	"АУЛИЕКОЛЬСКИЙ РАЙОН"	"0"	"Всего"	"0"	"Всего"	"0"	"Всего"	"0"	"-737"
"Сальдо миграции по всем потокам(Человек)"	"2023 год"	"202312"	"АУЛИЕКОЛЬСКИЙ РАЙОН"	"0"	"Всего"	"0"	"Всего"	"0"	"Всего"	"0"	"-577"
"Сальдо миграции по всем потокам(Человек)"	"2024 год"	"202412"	"РУДНЫЙ Г.А."	"0"	"Всего"	"0"	"Всего"	"0"	"Всего"	"0"	"-34"
"Сальдо миграции по всем потокам(Человек)"	"2023 год"	"202312"	"РУДНЫЙ Г.А."	"0"	"Всего"	"0"	"Всего"	"0"	"Всего"	"0"	"-123"
"Сальдо миграции по всем потокам(Человек)"	"2024 год"	"202412"	"ЖАНГЕЛЬДИНСКИЙ РАЙОН"	"0"	"Всего"	"0"	"Всего"	"0"	"Всего"	"0"	"-486"
"Сальдо миграции по всем потокам(Человек)"	"2023 год"	"202312"	"ЖАНГЕЛЬДИНСКИЙ РАЙОН"	"0"	"Всего"	"0"	"Всего"	"0"	"Всего"	"0"	"-335"
"Сальдо миграции по всем потокам(Человек)"	"2024 год"	"202412"	"АЛТЫНСАРИНСКИЙ РАЙОН"	"0"	"Всего"	"0"	"Всего"	"0"	"Всего"	"0"	"-308"
"Сальдо миграции по всем потокам(Человек)"	"2023 год"	"202312"	"АЛТЫНСАРИНСКИЙ РАЙОН"	"0"	"Всего"	"0"	"Всего"	"0"	"Всего"	"0"	"-128"
"Сальдо миграции по всем потокам(Человек)"	"2024 год"	"202412"	"МЕНДЫКАРИНСКИЙ РАЙОН"	"0"	"Всего"	"0"	"Всего"	"0"	"Всего"	"0"	"-500"
"Сальдо миграции по всем потокам(Человек)"	"2023 год"	"202312"	"МЕНДЫКАРИНСКИЙ РАЙОН"	"0"	"Всего"	"0"	"Всего"	"0"	"Всего"	"0"	"-360"
"Сальдо миграции по всем потокам(Человек)"	"2024 год"	"202412"	"АРКАЛЫК Г.А."	"0"	"Всего"	"0"	"Всего"	"0"	"Всего"	"0"	"-1 264"
"Сальдо миграции по всем потокам(Человек)"	"2023 год"	"202312"	"АРКАЛЫК Г.А."	"0"	"Всего"	"0"	"Всего"	"0"	"Всего"	"0"	"-865"
"Сальдо миграции по всем потокам(Человек)"	"2024 год"	"202412"	"ДЕНИСОВСКИЙ РАЙОН"	"0"	"Всего"	"0"	"Всего"	"0"	"Всего"	"0"	"-306"
"Сальдо миграции по всем потокам(Человек)"	"2023 год"	"202312"	"ДЕНИСОВСКИЙ РАЙОН"	"0"	"Всего"	"0"	"Всего"	"0"	"Всего"	"0"	"-262"
"Сальдо миграции по всем потокам(Человек)"	"2024 год"	"202412"	"КАМЫСТИНСКИЙ РАЙОН"	"0"	"Всего"	"0"	"Всего"	"0"	"Всего"	"0"	"-363"
"Сальдо миграции по всем потокам(Человек)"	"2023 год"	"202312"	"КАМЫСТИНСКИЙ РАЙОН"	"0"	"Всего"	"0"	"Всего"	"0"	"Всего"	"0"	"-326"
"Сальдо миграции по всем потокам(Человек)"	"2024 год"	"202412"	"КАРАБАЛЫКСКИЙ РАЙОН"	"0"	"Всего"	"0"	"Всего"	"0"	"Всего"	"0"	"-312"
"Сальдо миграции по всем потокам(Человек)"	"2023 год"	"202312"	"КАРАБАЛЫКСКИЙ РАЙОН"	"0"	"Всего"	"0"	"Всего"	"0"	"Всего"	"0"	"-276"
"Сальдо миграции по всем потокам(Человек)"	"2024 год"	"202412"	"НУРИНСКИЙ РАЙОН"	"0"	"сельская местность"	"0"	"Всего"	"0"	"Всего"	"0"	"-757"
"Сальдо миграции по всем потокам(Человек)"	"2023 год"	"202312"	"НУРИНСКИЙ РАЙОН"	"0"	"сельская местность"	"0"	"Всего"	"0"	"Всего"	"0"	"-523"
"Сальдо миграции по всем потокам(Человек)"	"2024 год"	"202412"	"ОСАКАРОВСКИЙ РАЙОН"	"0"	"сельская местность"	"0"	"Всего"	"0"	"Всего"	"0"	"-701"
"Сальдо миграции по всем потокам(Человек)"	"2023 год"	"202312"	"ОСАКАРОВСКИЙ РАЙОН"	"0"	"сельская местность"	"0"	"Всего"	"0"	"Всего"	"0"	"-541"
"Сальдо миграции по всем потокам(Человек)"	"2024 год"	"202412"	"КОСТАНАЙСКИЙ РАЙОН"	"0"	"Всего"	"0"	"Всего"	"0"	"Всего"	"0"	"-550"
"Сальдо миграции по всем потокам(Человек)"	"2023 год"	"202312"	"КОСТАНАЙСКИЙ РАЙОН"	"0"	"Всего"	"0"	"Всего"	"0"	"Всего"	"0"	"48"
"Сальдо миграции по всем потокам(Человек)"	"2024 год"	"202412"	"ФЕДОРОВСКИЙ РАЙОН"	"0"	"Всего"	"0"	"Всего"	"0"	"Всего"	"0"	"-365"
"Сальдо миграции по всем потокам(Человек)"	"2023 год"	"202312"	"ФЕДОРОВСКИЙ РАЙОН"	"0"	"Всего"	"0"	"Всего"	"0"	"Всего"	"0"	"-318"
"Сальдо миграции по всем потокам(Человек)"	"2024 год"	"202412"	"ЛИСАКОВСК Г.А."	"0"	"Всего"	"0"	"Всего"	"0"	"Всего"	"0"	"16"
"Сальдо миграции по всем потокам(Человек)"	"2023 год"	"202312"	"ЛИСАКОВСК Г.А."	"0"	"Всего"	"0"	"Всего"	"0"	"Всего"	"0"	"-63"
"Сальдо миграции по всем потокам(Человек)"	"2024 год"	"202412"	"КОСТАНАЙСКАЯ ОБЛАСТЬ"	"0"	"Всего"	"0"	"Всего"	"0"	"Всего"	"0"	"-5 128"
"Сальдо миграции по всем потокам(Человек)"	"2023 год"	"202312"	"КОСТАНАЙСКАЯ ОБЛАСТЬ"	"0"	"Всего"	"0"	"Всего"	"0"	"Всего"	"0"	"-3 553"
"Сальдо миграции по всем потокам(Человек)"	"2024 год"	"202412"	"БУХАР-ЖЫРАУСКИЙ РАЙОН"	"0"	"сельская местность"	"0"	"Всего"	"0"	"Всего"	"0"	"-1 030"
"Сальдо миграции по всем потокам(Человек)"	"2023 год"	"202312"	"БУХАР-ЖЫРАУСКИЙ РАЙОН"	"0"	"сельская местность"	"0"	"Всего"	"0"	"Всего"	"0"	"-1 132"
"Сальдо миграции по всем потокам(Человек)"	"2024 год"	"202412"	"УИЛСКИЙ РАЙОН"	"0"	"Всего"	"0"	"Всего"	"0"	"Всего"	"0"	"-767"
"Сальдо миграции по всем потокам(Человек)"	"2023 год"	"202312"	"УИЛСКИЙ РАЙОН"	"0"	"Всего"	"0"	"Всего"	"0"	"Всего"	"0"	"-242"
"Сальдо миграции по всем потокам(Человек)"	"2024 год"	"202412"	"ИРГИЗСКИЙ РАЙОН"	"0"	"Всего"	"0"	"Всего"	"0"	"Всего"	"0"	"-451"
"Сальдо миграции по всем потокам(Человек)"	"2023 год"	"202312"	"ИРГИЗСКИЙ РАЙОН"	"0"	"Всего"	"0"	"Всего"	"0"	"Всего"	"0"	"-304"
"Сальдо миграции по всем потокам(Человек)"	"2024 год"	"202412"	"ТЕМИРСКИЙ РАЙОН"	"0"	"Всего"	"0"	"Всего"	"0"	"Всего"	"0"	"-1 270"
"Сальдо миграции по всем потокам(Человек)"	"2023 год"	"202312"	"ТЕМИРСКИЙ РАЙОН"	"0"	"Всего"	"0"	"Всего"	"0"	"Всего"	"0"	"-623"
"Сальдо миграции по всем потокам(Человек)"	"2024 год"	"202412"	"ТУПКАРАГАНСКИЙ РАЙОН"	"0"	"Всего"	"0"	"Всего"	"0"	"Всего"	"0"	"162"
"Сальдо миграции по всем потокам(Человек)"	"2023 год"	"202312"	"ТУПКАРАГАНСКИЙ РАЙОН"	"0"	"Всего"	"0"	"Всего"	"0"	"Всего"	"0"	"35"
"Сальдо миграции по всем потокам(Человек)"	"2024 год"	"202412"	"ШАЛКАРСКИЙ РАЙОН"	"0"	"Всего"	"0"	"Всего"	"0"	"Всего"	"0"	"-990"
"Сальдо миграции по всем потокам(Человек)"	"2023 год"	"202312"	"ШАЛКАРСКИЙ РАЙОН"	"0"	"Всего"	"0"	"Всего"	"0"	"Всего"	"0"	"-952"
"Сальдо миграции по всем потокам(Человек)"	"2024 год"	"202412"	"МАРТУКСКИЙ РАЙОН"	"0"	"Всего"	"0"	"Всего"	"0"	"Всего"	"0"	"-461"
"Сальдо миграции по всем потокам(Человек)"	"2023 год"	"202312"	"МАРТУКСКИЙ РАЙОН"	"0"	"Всего"	"0"	"Всего"	"0"	"Всего"	"0"	"-118"
"Сальдо миграции по всем потокам(Человек)"	"2024 год"	"202412"	"АКТОБЕ Г.А."	"0"	"Всего"	"0"	"Всего"	"0"	"Всего"	"0"	"6 888"
"Сальдо миграции по всем потокам(Человек)"	"2023 год"	"202312"	"АКТОБЕ Г.А."	"0"	"Всего"	"0"	"Всего"	"0"	"Всего"	"0"	"2 462"
"Сальдо миграции по всем потокам(Человек)"	"2024 год"	"202412"	"АЙТЕКЕБИЙСКИЙ РАЙОН"	"0"	"Всего"	"0"	"Всего"	"0"	"Всего"	"0"	"-694"
"Сальдо миграции по всем потокам(Человек)"	"2023 год"	"202312"	"АЙТЕКЕБИЙСКИЙ РАЙОН"	"0"	"Всего"	"0"	"Всего"	"0"	"Всего"	"0"	"-472"
"Сальдо миграции по всем потокам(Человек)"	"2024 год"	"202412"	"АКТАУ Г.А."	"0"	"Всего"	"0"	"Всего"	"0"	"Всего"	"0"	"6 527"
"Сальдо миграции по всем потокам(Человек)"	"2023 год"	"202312"	"АКТАУ Г.А."	"0"	"Всего"	"0"	"Всего"	"0"	"Всего"	"0"	"4 540"
"Сальдо миграции по всем потокам(Человек)"	"2024 год"	"202412"	"БАЙГАНИНСКИЙ РАЙОН"	"0"	"Всего"	"0"	"Всего"	"0"	"Всего"	"0"	"-627"
"Сальдо миграции по всем потокам(Человек)"	"2023 год"	"202312"	"БАЙГАНИНСКИЙ РАЙОН"	"0"	"Всего"	"0"	"Всего"	"0"	"Всего"	"0"	"-364"
"Сальдо миграции по всем потокам(Человек)"	"2024 год"	"202412"	"МАНГИСТАУСКАЯ ОБЛАСТЬ"	"0"	"Всего"	"0"	"Всего"	"0"	"Всего"	"0"	"2 476"
"Сальдо миграции по всем потокам(Человек)"	"2023 год"	"202312"	"МАНГИСТАУСКАЯ ОБЛАСТЬ"	"0"	"Всего"	"0"	"Всего"	"0"	"Всего"	"0"	"2 224"
"Сальдо миграции по всем потокам(Человек)"	"2024 год"	"202412"	"БЕЙНЕУСКИЙ РАЙОН"	"0"	"Всего"	"0"	"Всего"	"0"	"Всего"	"0"	"-1 544"
"Сальдо миграции по всем потокам(Человек)"	"2023 год"	"202312"	"БЕЙНЕУСКИЙ РАЙОН"	"0"	"Всего"	"0"	"Всего"	"0"	"Всего"	"0"	"-1 341"
"Сальдо миграции по всем потокам(Человек)"	"2024 год"	"202412"	"ХРОМТАУСКИЙ РАЙОН"	"0"	"Всего"	"0"	"Всего"	"0"	"Всего"	"0"	"-431"
"Сальдо миграции по всем потокам(Человек)"	"2023 год"	"202312"	"ХРОМТАУСКИЙ РАЙОН"	"0"	"Всего"	"0"	"Всего"	"0"	"Всего"	"0"	"-272"
"Сальдо миграции по всем потокам(Человек)"	"2024 год"	"202412"	"ЖАНАОЗЕН Г.А."	"0"	"Всего"	"0"	"Всего"	"0"	"Всего"	"0"	"-817"
"Сальдо миграции по всем потокам(Человек)"	"2023 год"	"202312"	"ЖАНАОЗЕН Г.А."	"0"	"Всего"	"0"	"Всего"	"0"	"Всего"	"0"	"-15"
"Сальдо миграции по всем потокам(Человек)"	"2024 год"	"202412"	"МАНГИСТАУСКАЯ ОБЛАСТЬ"	"0"	"городская местность"	"0"	"Всего"	"0"	"Всего"	"0"	"5 800"
"Сальдо миграции по всем потокам(Человек)"	"2023 год"	"202312"	"МАНГИСТАУСКАЯ ОБЛАСТЬ"	"0"	"городская местность"	"0"	"Всего"	"0"	"Всего"	"0"	"4 155"
"Сальдо миграции по всем потокам(Человек)"	"2024 год"	"202412"	"ЖАНАОЗЕН Г.А."	"0"	"городская местность"	"0"	"Всего"	"0"	"Всего"	"0"	"-670"
"Сальдо миграции по всем потокам(Человек)"	"2023 год"	"202312"	"ЖАНАОЗЕН Г.А."	"0"	"городская местность"	"0"	"Всего"	"0"	"Всего"	"0"	"-377"
"Сальдо миграции по всем потокам(Человек)"	"2024 год"	"202412"	"АКТЮБИНСКАЯ ОБЛАСТЬ"	"0"	"Всего"	"0"	"Всего"	"0"	"Всего"	"0"	"-1 957"
"Сальдо миграции по всем потокам(Человек)"	"2023 год"	"202312"	"АКТЮБИНСКАЯ ОБЛАСТЬ"	"0"	"Всего"	"0"	"Всего"	"0"	"Всего"	"0"	"-2 158"
"Сальдо миграции по всем потокам(Человек)"	"2024 год"	"202412"	"МАНГИСТАУСКИЙ РАЙОН"	"0"	"Всего"	"0"	"Всего"	"0"	"Всего"	"0"	"-980"
"Сальдо миграции по всем потокам(Человек)"	"2023 год"	"202312"	"МАНГИСТАУСКИЙ РАЙОН"	"0"	"Всего"	"0"	"Всего"	"0"	"Всего"	"0"	"-958"
"Сальдо миграции по всем потокам(Человек)"	"2024 год"	"202412"	"КАРГАЛИНСКИЙ РАЙОН"	"0"	"Всего"	"0"	"Всего"	"0"	"Всего"	"0"	"-313"
"Сальдо миграции по всем потокам(Человек)"	"2023 год"	"202312"	"КАРГАЛИНСКИЙ РАЙОН"	"0"	"Всего"	"0"	"Всего"	"0"	"Всего"	"0"	"-44"
"Сальдо миграции по всем потокам(Человек)"	"2024 год"	"202412"	"ХОБДИНСКИЙ РАЙОН"	"0"	"Всего"	"0"	"Всего"	"0"	"Всего"	"0"	"-432"
"Сальдо миграции по всем потокам(Человек)"	"2023 год"	"202312"	"ХОБДИНСКИЙ РАЙОН"	"0"	"Всего"	"0"	"Всего"	"0"	"Всего"	"0"	"-184"
"Сальдо миграции по всем потокам(Человек)"	"2024 год"	"202412"	"МУГАЛЖАРСКИЙ РАЙОН"	"0"	"Всего"	"0"	"Всего"	"0"	"Всего"	"0"	"-1 776"
"Сальдо миграции по всем потокам(Человек)"	"2023 год"	"202312"	"МУГАЛЖАРСКИЙ РАЙОН"	"0"	"Всего"	"0"	"Всего"	"0"	"Всего"	"0"	"-806"
"Сальдо миграции по всем потокам(Человек)"	"2024 год"	"202412"	"КАРАКИЯНСКИЙ РАЙОН"	"0"	"Всего"	"0"	"Всего"	"0"	"Всего"	"0"	"-795"
"Сальдо миграции по всем потокам(Человек)"	"2023 год"	"202312"	"КАРАКИЯНСКИЙ РАЙОН"	"0"	"Всего"	"0"	"Всего"	"0"	"Всего"	"0"	"-931"
"Сальдо миграции по всем потокам(Человек)"	"2024 год"	"202412"	"АЛГИНСКИЙ РАЙОН"	"0"	"Всего"	"0"	"Всего"	"0"	"Всего"	"0"	"-633"
"Сальдо миграции по всем потокам(Человек)"	"2023 год"	"202312"	"АЛГИНСКИЙ РАЙОН"	"0"	"Всего"	"0"	"Всего"	"0"	"Всего"	"0"	"-239"
"Сальдо миграции по всем потокам(Человек)"	"2024 год"	"202412"	"УСПЕНСКИЙ РАЙОН"	"0"	"Всего"	"0"	"Всего"	"0"	"Всего"	"0"	"-230"
"Сальдо миграции по всем потокам(Человек)"	"2023 год"	"202312"	"УСПЕНСКИЙ РАЙОН"	"0"	"Всего"	"0"	"Всего"	"0"	"Всего"	"0"	"-79"
"Сальдо миграции по всем потокам(Человек)"	"2024 год"	"202412"	"ИРТЫШСКИЙ РАЙОН"	"0"	"Всего"	"0"	"Всего"	"0"	"Всего"	"0"	"-511"
"Сальдо миграции по всем потокам(Человек)"	"2023 год"	"202312"	"ИРТЫШСКИЙ РАЙОН"	"0"	"Всего"	"0"	"Всего"	"0"	"Всего"	"0"	"-338"
"Сальдо миграции по всем потокам(Человек)"	"2024 год"	"202412"	"РАЙОН АЛМАТЫ"	"0"	"Всего"	"0"	"Всего"	"0"	"Всего"	"0"	"17 882"
"Сальдо миграции по всем потокам(Человек)"	"2023 год"	"202312"	"РАЙОН АЛМАТЫ"	"0"	"Всего"	"0"	"Всего"	"0"	"Всего"	"0"	"10 445"
"Сальдо миграции по всем потокам(Человек)"	"2024 год"	"202412"	"КАРАТАУСКИЙ РАЙОН"	"0"	"городская местность"	"0"	"Всего"	"0"	"Всего"	"0"	"13 067"
"Сальдо миграции по всем потокам(Человек)"	"2023 год"	"202312"	"КАРАТАУСКИЙ РАЙОН"	"0"	"городская местность"	"0"	"Всего"	"0"	"Всего"	"0"	"7 088"
"Сальдо миграции по всем потокам(Человек)"	"2024 год"	"202412"	"МАНГИСТАУСКИЙ РАЙОН"	"0"	"сельская местность"	"0"	"Всего"	"0"	"Всего"	"0"	"-980"
"Сальдо миграции по всем потокам(Человек)"	"2023 год"	"202312"	"МАНГИСТАУСКИЙ РАЙОН"	"0"	"сельская местность"	"0"	"Всего"	"0"	"Всего"	"0"	"-958"
"Сальдо миграции по всем потокам(Человек)"	"2024 год"	"202412"	"РАЙОН АҚҚУЛЫ"	"0"	"Всего"	"0"	"Всего"	"0"	"Всего"	"0"	"-554"
"Сальдо миграции по всем потокам(Человек)"	"2023 год"	"202312"	"РАЙОН АҚҚУЛЫ"	"0"	"Всего"	"0"	"Всего"	"0"	"Всего"	"0"	"-279"
"Сальдо миграции по всем потокам(Человек)"	"2024 год"	"202412"	"АКСУ Г.А."	"0"	"Всего"	"0"	"Всего"	"0"	"Всего"	"0"	"-438"
"Сальдо миграции по всем потокам(Человек)"	"2023 год"	"202312"	"АКСУ Г.А."	"0"	"Всего"	"0"	"Всего"	"0"	"Всего"	"0"	"-108"
"Сальдо миграции по всем потокам(Человек)"	"2024 год"	"202412"	"КАРАСАЙСКИЙ РАЙОН"	"0"	"городская местность"	"0"	"Всего"	"0"	"Всего"	"0"	"1 243"
"Сальдо миграции по всем потокам(Человек)"	"2023 год"	"202312"	"КАРАСАЙСКИЙ РАЙОН"	"0"	"городская местность"	"0"	"Всего"	"0"	"Всего"	"0"	"532"
"Сальдо миграции по всем потокам(Человек)"	"2024 год"	"202412"	"Г.ШЫМКЕНТ"	"0"	"городская местность"	"0"	"Всего"	"0"	"Всего"	"0"	"9 987"
"Сальдо миграции по всем потокам(Человек)"	"2023 год"	"202312"	"Г.ШЫМКЕНТ"	"0"	"городская местность"	"0"	"Всего"	"0"	"Всего"	"0"	"3 925"
"Сальдо миграции по всем потокам(Человек)"	"2024 год"	"202412"	"АБАЙСКИЙ РАЙОН"	"0"	"Всего"	"0"	"Всего"	"0"	"Всего"	"0"	"6 305"
"Сальдо миграции по всем потокам(Человек)"	"2023 год"	"202312"	"АБАЙСКИЙ РАЙОН"	"0"	"Всего"	"0"	"Всего"	"0"	"Всего"	"0"	"-481"
"Сальдо миграции по всем потокам(Человек)"	"2024 год"	"202412"	"ЖАНАОЗЕН Г.А."	"0"	"сельская местность"	"0"	"Всего"	"0"	"Всего"	"0"	"-147"
"Сальдо миграции по всем потокам(Человек)"	"2023 год"	"202312"	"ЖАНАОЗЕН Г.А."	"0"	"сельская местность"	"0"	"Всего"	"0"	"Всего"	"0"	"362"
"Сальдо миграции по всем потокам(Человек)"	"2024 год"	"202412"	"ЕНБЕКШИКАЗАХСКИЙ РАЙОН"	"0"	"городская местность"	"0"	"Всего"	"0"	"Всего"	"0"	"-750"
"Сальдо миграции по всем потокам(Человек)"	"2023 год"	"202312"	"ЕНБЕКШИКАЗАХСКИЙ РАЙОН"	"0"	"городская местность"	"0"	"Всего"	"0"	"Всего"	"0"	"-239"
"Сальдо миграции по всем потокам(Человек)"	"2024 год"	"202412"	"ЕНБЕКШИНСКИЙ РАЙОН"	"0"	"Всего"	"0"	"Всего"	"0"	"Всего"	"0"	"-503"
"Сальдо миграции по всем потокам(Человек)"	"2023 год"	"202312"	"ЕНБЕКШИНСКИЙ РАЙОН"	"0"	"Всего"	"0"	"Всего"	"0"	"Всего"	"0"	"-790"
"Сальдо миграции по всем потокам(Человек)"	"2024 год"	"202412"	"РАЙОН ЕСИЛЬ"	"0"	"Всего"	"0"	"Всего"	"0"	"Всего"	"0"	"17 266"
"Сальдо миграции по всем потокам(Человек)"	"2023 год"	"202312"	"РАЙОН ЕСИЛЬ"	"0"	"Всего"	"0"	"Всего"	"0"	"Всего"	"0"	"34 657"
"Сальдо миграции по всем потокам(Человек)"	"2024 год"	"202412"	"АБАЙСКИЙ РАЙОН"	"0"	"городская местность"	"0"	"Всего"	"0"	"Всего"	"0"	"6 305"
"Сальдо миграции по всем потокам(Человек)"	"2023 год"	"202312"	"АБАЙСКИЙ РАЙОН"	"0"	"городская местность"	"0"	"Всего"	"0"	"Всего"	"0"	"-481"
"Сальдо миграции по всем потокам(Человек)"	"2024 год"	"202412"	"МАНГИСТАУСКАЯ ОБЛАСТЬ"	"0"	"сельская местность"	"0"	"Всего"	"0"	"Всего"	"0"	"-3 324"
"Сальдо миграции по всем потокам(Человек)"	"2023 год"	"202312"	"МАНГИСТАУСКАЯ ОБЛАСТЬ"	"0"	"сельская местность"	"0"	"Всего"	"0"	"Всего"	"0"	"-1 931"
"Сальдо миграции по всем потокам(Человек)"	"2024 год"	"202412"	"БЕЙНЕУСКИЙ РАЙОН"	"0"	"сельская местность"	"0"	"Всего"	"0"	"Всего"	"0"	"-1 544"
"Сальдо миграции по всем потокам(Человек)"	"2023 год"	"202312"	"БЕЙНЕУСКИЙ РАЙОН"	"0"	"сельская местность"	"0"	"Всего"	"0"	"Всего"	"0"	"-1 341"
"Сальдо миграции по всем потокам(Человек)"	"2024 год"	"202412"	"ҚОНАЕВ Г.А."	"0"	"городская местность"	"0"	"Всего"	"0"	"Всего"	"0"	"492"
"Сальдо миграции по всем потокам(Человек)"	"2023 год"	"202312"	"ҚОНАЕВ Г.А."	"0"	"городская местность"	"0"	"Всего"	"0"	"Всего"	"0"	"598"
"Сальдо миграции по всем потокам(Человек)"	"2024 год"	"202412"	"Г.ШЫМКЕНТ"	"0"	"Всего"	"0"	"Всего"	"0"	"Всего"	"0"	"9 987"
"Сальдо миграции по всем потокам(Человек)"	"2023 год"	"202312"	"Г.ШЫМКЕНТ"	"0"	"Всего"	"0"	"Всего"	"0"	"Всего"	"0"	"3 925"
"Сальдо миграции по всем потокам(Человек)"	"2024 год"	"202412"	"РАЙОН САРЫАРКА"	"0"	"Всего"	"0"	"Всего"	"0"	"Всего"	"0"	"-2 893"
"Сальдо миграции по всем потокам(Человек)"	"2023 год"	"202312"	"РАЙОН САРЫАРКА"	"0"	"Всего"	"0"	"Всего"	"0"	"Всего"	"0"	"1 013"
"Сальдо миграции по всем потокам(Человек)"	"2024 год"	"202412"	"ТАЛГАРСКИЙ РАЙОН"	"0"	"городская местность"	"0"	"Всего"	"0"	"Всего"	"0"	"-626"
"Сальдо миграции по всем потокам(Человек)"	"2023 год"	"202312"	"ТАЛГАРСКИЙ РАЙОН"	"0"	"городская местность"	"0"	"Всего"	"0"	"Всего"	"0"	"-200"
"Сальдо миграции по всем потокам(Человек)"	"2024 год"	"202412"	"ПАВЛОДАРСКАЯ ОБЛАСТЬ"	"0"	"Всего"	"0"	"Всего"	"0"	"Всего"	"0"	"-4 796"
"Сальдо миграции по всем потокам(Человек)"	"2023 год"	"202312"	"ПАВЛОДАРСКАЯ ОБЛАСТЬ"	"0"	"Всего"	"0"	"Всего"	"0"	"Всего"	"0"	"-3 917"
"Сальдо миграции по всем потокам(Человек)"	"2024 год"	"202412"	"КАРАТАУСКИЙ РАЙОН"	"0"	"Всего"	"0"	"Всего"	"0"	"Всего"	"0"	"13 067"
"Сальдо миграции по всем потокам(Человек)"	"2023 год"	"202312"	"КАРАТАУСКИЙ РАЙОН"	"0"	"Всего"	"0"	"Всего"	"0"	"Всего"	"0"	"7 088"
"Сальдо миграции по всем потокам(Человек)"	"2024 год"	"202412"	"КАРАКИЯНСКИЙ РАЙОН"	"0"	"сельская местность"	"0"	"Всего"	"0"	"Всего"	"0"	"-795"
"Сальдо миграции по всем потокам(Человек)"	"2023 год"	"202312"	"КАРАКИЯНСКИЙ РАЙОН"	"0"	"сельская местность"	"0"	"Всего"	"0"	"Всего"	"0"	"-931"
"Сальдо миграции по всем потокам(Человек)"	"2024 год"	"202412"	"МАЙСКИЙ РАЙОН"	"0"	"Всего"	"0"	"Всего"	"0"	"Всего"	"0"	"-306"
"Сальдо миграции по всем потокам(Человек)"	"2023 год"	"202312"	"МАЙСКИЙ РАЙОН"	"0"	"Всего"	"0"	"Всего"	"0"	"Всего"	"0"	"-210"
"Сальдо миграции по всем потокам(Человек)"	"2024 год"	"202412"	"ТУПКАРАГАНСКИЙ РАЙОН"	"0"	"сельская местность"	"0"	"Всего"	"0"	"Всего"	"0"	"353"
"Сальдо миграции по всем потокам(Человек)"	"2023 год"	"202312"	"ТУПКАРАГАНСКИЙ РАЙОН"	"0"	"сельская местность"	"0"	"Всего"	"0"	"Всего"	"0"	"95"
"Сальдо миграции по всем потокам(Человек)"	"2024 год"	"202412"	"МУНАЙЛИНСКИЙ РАЙОН"	"0"	"сельская местность"	"0"	"Всего"	"0"	"Всего"	"0"	"-77"
"Сальдо миграции по всем потокам(Человек)"	"2023 год"	"202312"	"МУНАЙЛИНСКИЙ РАЙОН"	"0"	"сельская местность"	"0"	"Всего"	"0"	"Всего"	"0"	"894"
"Сальдо миграции по всем потокам(Человек)"	"2024 год"	"202412"	"ПАВЛОДАР Г.А."	"0"	"Всего"	"0"	"Всего"	"0"	"Всего"	"0"	"1 292"
"Сальдо миграции по всем потокам(Человек)"	"2023 год"	"202312"	"ПАВЛОДАР Г.А."	"0"	"Всего"	"0"	"Всего"	"0"	"Всего"	"0"	"-20"
"Сальдо миграции по всем потокам(Человек)"	"2024 год"	"202412"	"РАЙОН БАЙҚОҢЫР"	"0"	"Всего"	"0"	"Всего"	"0"	"Всего"	"0"	"-6 240"
"Сальдо миграции по всем потокам(Человек)"	"2023 год"	"202312"	"РАЙОН БАЙҚОҢЫР"	"0"	"Всего"	"0"	"Всего"	"0"	"Всего"	"0"	"5 424"
"Сальдо миграции по всем потокам(Человек)"	"2024 год"	"202412"	"АЛМАТИНСКАЯ ОБЛАСТЬ"	"0"	"городская местность"	"0"	"Всего"	"0"	"Всего"	"0"	"-497"
"Сальдо миграции по всем потокам(Человек)"	"2023 год"	"202312"	"АЛМАТИНСКАЯ ОБЛАСТЬ"	"0"	"городская местность"	"0"	"Всего"	"0"	"Всего"	"0"	"691"
"Сальдо миграции по всем потокам(Человек)"	"2024 год"	"202412"	"ЕНБЕКШИНСКИЙ РАЙОН"	"0"	"городская местность"	"0"	"Всего"	"0"	"Всего"	"0"	"-503"
"Сальдо миграции по всем потокам(Человек)"	"2023 год"	"202312"	"ЕНБЕКШИНСКИЙ РАЙОН"	"0"	"городская местность"	"0"	"Всего"	"0"	"Всего"	"0"	"-790"
"Сальдо миграции по всем потокам(Человек)"	"2024 год"	"202412"	"АКТОГАЙСКИЙ РАЙОН"	"0"	"Всего"	"0"	"Всего"	"0"	"Всего"	"0"	"-416"
"Сальдо миграции по всем потокам(Человек)"	"2023 год"	"202312"	"АКТОГАЙСКИЙ РАЙОН"	"0"	"Всего"	"0"	"Всего"	"0"	"Всего"	"0"	"-226"
"Сальдо миграции по всем потокам(Человек)"	"2024 год"	"202412"	"АЛЬ-ФАРАБИЙСКИЙ РАЙОН"	"0"	"Всего"	"0"	"Всего"	"0"	"Всего"	"0"	"-7 115"
"Сальдо миграции по всем потокам(Человек)"	"2023 год"	"202312"	"АЛЬ-ФАРАБИЙСКИЙ РАЙОН"	"0"	"Всего"	"0"	"Всего"	"0"	"Всего"	"0"	"-1 892"
"Сальдо миграции по всем потокам(Человек)"	"2024 год"	"202412"	"АКТАУ Г.А."	"0"	"сельская местность"	"0"	"Всего"	"0"	"Всего"	"0"	"-134"
"Сальдо миграции по всем потокам(Человек)"	"2023 год"	"202312"	"АКТАУ Г.А."	"0"	"сельская местность"	"0"	"Всего"	"0"	"Всего"	"0"	"-52"
"Сальдо миграции по всем потокам(Человек)"	"2024 год"	"202412"	"Г.АСТАНА"	"0"	"Всего"	"0"	"Всего"	"0"	"Всего"	"0"	"75 854"
"Сальдо миграции по всем потокам(Человек)"	"2023 год"	"202312"	"Г.АСТАНА"	"0"	"Всего"	"0"	"Всего"	"0"	"Всего"	"0"	"51 539"
"Сальдо миграции по всем потокам(Человек)"	"2024 год"	"202412"	"АЛЬ-ФАРАБИЙСКИЙ РАЙОН"	"0"	"городская местность"	"0"	"Всего"	"0"	"Всего"	"0"	"-7 115"
"Сальдо миграции по всем потокам(Человек)"	"2023 год"	"202312"	"АЛЬ-ФАРАБИЙСКИЙ РАЙОН"	"0"	"городская местность"	"0"	"Всего"	"0"	"Всего"	"0"	"-1 892"
"Сальдо миграции по всем потокам(Человек)"	"2024 год"	"202412"	"КАРАСУСКИЙ РАЙОН"	"0"	"сельская местность"	"0"	"Всего"	"0"	"Всего"	"0"	"-644"
"Сальдо миграции по всем потокам(Человек)"	"2023 год"	"202312"	"КАРАСУСКИЙ РАЙОН"	"0"	"сельская местность"	"0"	"Всего"	"0"	"Всего"	"0"	"-536"
"Сальдо миграции по всем потокам(Человек)"	"2024 год"	"202412"	"САРЫКОЛЬСКИЙ РАЙОН"	"0"	"сельская местность"	"0"	"Всего"	"0"	"Всего"	"0"	"-490"
"Сальдо миграции по всем потокам(Человек)"	"2023 год"	"202312"	"САРЫКОЛЬСКИЙ РАЙОН"	"0"	"сельская местность"	"0"	"Всего"	"0"	"Всего"	"0"	"-359"
"Сальдо миграции по всем потокам(Человек)"	"2024 год"	"202412"	"КЫЗЫЛОРДА Г.А."	"0"	"Всего"	"0"	"Всего"	"0"	"Всего"	"0"	"-356"
"Сальдо миграции по всем потокам(Человек)"	"2023 год"	"202312"	"КЫЗЫЛОРДА Г.А."	"0"	"Всего"	"0"	"Всего"	"0"	"Всего"	"0"	"-647"
"Сальдо миграции по всем потокам(Человек)"	"2024 год"	"202412"	"КАМЫСТИНСКИЙ РАЙОН"	"0"	"сельская местность"	"0"	"Всего"	"0"	"Всего"	"0"	"-363"
"Сальдо миграции по всем потокам(Человек)"	"2023 год"	"202312"	"КАМЫСТИНСКИЙ РАЙОН"	"0"	"сельская местность"	"0"	"Всего"	"0"	"Всего"	"0"	"-326"
"Сальдо миграции по всем потокам(Человек)"	"2024 год"	"202412"	"УЗУНКОЛЬСКИЙ РАЙОН"	"0"	"сельская местность"	"0"	"Всего"	"0"	"Всего"	"0"	"-402"
"Сальдо миграции по всем потокам(Человек)"	"2023 год"	"202312"	"УЗУНКОЛЬСКИЙ РАЙОН"	"0"	"сельская местность"	"0"	"Всего"	"0"	"Всего"	"0"	"-355"
"Сальдо миграции по всем потокам(Человек)"	"2024 год"	"202412"	"ДЕНИСОВСКИЙ РАЙОН"	"0"	"сельская местность"	"0"	"Всего"	"0"	"Всего"	"0"	"-306"
"Сальдо миграции по всем потокам(Человек)"	"2023 год"	"202312"	"ДЕНИСОВСКИЙ РАЙОН"	"0"	"сельская местность"	"0"	"Всего"	"0"	"Всего"	"0"	"-262"
"Сальдо миграции по всем потокам(Человек)"	"2024 год"	"202412"	"РАЙОН БЕИМБЕТА МАЙЛИНА"	"0"	"сельская местность"	"0"	"Всего"	"0"	"Всего"	"0"	"-486"
"Сальдо миграции по всем потокам(Человек)"	"2023 год"	"202312"	"РАЙОН БЕИМБЕТА МАЙЛИНА"	"0"	"сельская местность"	"0"	"Всего"	"0"	"Всего"	"0"	"-249"
"Сальдо миграции по всем потокам(Человек)"	"2024 год"	"202412"	"ЖАНГЕЛЬДИНСКИЙ РАЙОН"	"0"	"сельская местность"	"0"	"Всего"	"0"	"Всего"	"0"	"-486"
"Сальдо миграции по всем потокам(Человек)"	"2023 год"	"202312"	"ЖАНГЕЛЬДИНСКИЙ РАЙОН"	"0"	"сельская местность"	"0"	"Всего"	"0"	"Всего"	"0"	"-335"
"Сальдо миграции по всем потокам(Человек)"	"2024 год"	"202412"	"АЛТЫНСАРИНСКИЙ РАЙОН"	"0"	"сельская местность"	"0"	"Всего"	"0"	"Всего"	"0"	"-308"
"Сальдо миграции по всем потокам(Человек)"	"2023 год"	"202312"	"АЛТЫНСАРИНСКИЙ РАЙОН"	"0"	"сельская местность"	"0"	"Всего"	"0"	"Всего"	"0"	"-128"
"Сальдо миграции по всем потокам(Человек)"	"2024 год"	"202412"	"АУЛИЕКОЛЬСКИЙ РАЙОН"	"0"	"сельская местность"	"0"	"Всего"	"0"	"Всего"	"0"	"-737"
"Сальдо миграции по всем потокам(Человек)"	"2023 год"	"202312"	"АУЛИЕКОЛЬСКИЙ РАЙОН"	"0"	"сельская местность"	"0"	"Всего"	"0"	"Всего"	"0"	"-577"
"Сальдо миграции по всем потокам(Человек)"	"2024 год"	"202412"	"МЕНДЫКАРИНСКИЙ РАЙОН"	"0"	"сельская местность"	"0"	"Всего"	"0"	"Всего"	"0"	"-500"
"Сальдо миграции по всем потокам(Человек)"	"2023 год"	"202312"	"МЕНДЫКАРИНСКИЙ РАЙОН"	"0"	"сельская местность"	"0"	"Всего"	"0"	"Всего"	"0"	"-360"
"Сальдо миграции по всем потокам(Человек)"	"2024 год"	"202412"	"НАУРЗУМСКИЙ РАЙОН"	"0"	"сельская местность"	"0"	"Всего"	"0"	"Всего"	"0"	"-424"
"Сальдо миграции по всем потокам(Человек)"	"2023 год"	"202312"	"НАУРЗУМСКИЙ РАЙОН"	"0"	"сельская местность"	"0"	"Всего"	"0"	"Всего"	"0"	"-362"
"Сальдо миграции по всем потокам(Человек)"	"2024 год"	"202412"	"АРКАЛЫК Г.А."	"0"	"сельская местность"	"0"	"Всего"	"0"	"Всего"	"0"	"-390"
"Сальдо миграции по всем потокам(Человек)"	"2023 год"	"202312"	"АРКАЛЫК Г.А."	"0"	"сельская местность"	"0"	"Всего"	"0"	"Всего"	"0"	"44"
"Сальдо миграции по всем потокам(Человек)"	"2024 год"	"202412"	"КОСТАНАЙСКАЯ ОБЛАСТЬ"	"0"	"сельская местность"	"0"	"Всего"	"0"	"Всего"	"0"	"-7 775"
"Сальдо миграции по всем потокам(Человек)"	"2023 год"	"202312"	"КОСТАНАЙСКАЯ ОБЛАСТЬ"	"0"	"сельская местность"	"0"	"Всего"	"0"	"Всего"	"0"	"-5 000"
"Сальдо миграции по всем потокам(Человек)"	"2024 год"	"202412"	"АМАНГЕЛЬДИНСКИЙ РАЙОН"	"0"	"сельская местность"	"0"	"Всего"	"0"	"Всего"	"0"	"-595"
"Сальдо миграции по всем потокам(Человек)"	"2023 год"	"202312"	"АМАНГЕЛЬДИНСКИЙ РАЙОН"	"0"	"сельская местность"	"0"	"Всего"	"0"	"Всего"	"0"	"-319"
"Сальдо миграции по всем потокам(Человек)"	"2024 год"	"202412"	"КАРАБАЛЫКСКИЙ РАЙОН"	"0"	"сельская местность"	"0"	"Всего"	"0"	"Всего"	"0"	"-312"
"Сальдо миграции по всем потокам(Человек)"	"2023 год"	"202312"	"КАРАБАЛЫКСКИЙ РАЙОН"	"0"	"сельская местность"	"0"	"Всего"	"0"	"Всего"	"0"	"-276"
"Сальдо миграции по всем потокам(Человек)"	"2024 год"	"202412"	"ФЕДОРОВСКИЙ РАЙОН"	"0"	"сельская местность"	"0"	"Всего"	"0"	"Всего"	"0"	"-365"
"Сальдо миграции по всем потокам(Человек)"	"2023 год"	"202312"	"ФЕДОРОВСКИЙ РАЙОН"	"0"	"сельская местность"	"0"	"Всего"	"0"	"Всего"	"0"	"-318"
"Сальдо миграции по всем потокам(Человек)"	"2024 год"	"202412"	"КОСТАНАЙСКИЙ РАЙОН"	"0"	"сельская местность"	"0"	"Всего"	"0"	"Всего"	"0"	"-642"
"Сальдо миграции по всем потокам(Человек)"	"2023 год"	"202312"	"КОСТАНАЙСКИЙ РАЙОН"	"0"	"сельская местность"	"0"	"Всего"	"0"	"Всего"	"0"	"-67"
"Сальдо миграции по всем потокам(Человек)"	"2024 год"	"202412"	"РУДНЫЙ Г.А."	"0"	"сельская местность"	"0"	"Всего"	"0"	"Всего"	"0"	"2"
"Сальдо миграции по всем потокам(Человек)"	"2023 год"	"202312"	"РУДНЫЙ Г.А."	"0"	"сельская местность"	"0"	"Всего"	"0"	"Всего"	"0"	"-27"
"Сальдо миграции по всем потокам(Человек)"	"2024 год"	"202412"	"ЖИТИКАРИНСКИЙ РАЙОН"	"0"	"сельская местность"	"0"	"Всего"	"0"	"Всего"	"0"	"-327"
"Сальдо миграции по всем потокам(Человек)"	"2023 год"	"202312"	"ЖИТИКАРИНСКИЙ РАЙОН"	"0"	"сельская местность"	"0"	"Всего"	"0"	"Всего"	"0"	"-188"
"Сальдо миграции по всем потокам(Человек)"	"2024 год"	"202412"	"ЖАРКАИНСКИЙ РАЙОН"	"0"	"городская местность"	"0"	"Всего"	"0"	"Всего"	"0"	"-128"
"Сальдо миграции по всем потокам(Человек)"	"2023 год"	"202312"	"ЖАРКАИНСКИЙ РАЙОН"	"0"	"городская местность"	"0"	"Всего"	"0"	"Всего"	"0"	"-123"
"Сальдо миграции по всем потокам(Человек)"	"2024 год"	"202412"	"БУРАБАЙСКИЙ РАЙОН"	"0"	"городская местность"	"0"	"Всего"	"0"	"Всего"	"0"	"-217"
"Сальдо миграции по всем потокам(Человек)"	"2023 год"	"202312"	"БУРАБАЙСКИЙ РАЙОН"	"0"	"городская местность"	"0"	"Всего"	"0"	"Всего"	"0"	"-125"
"Сальдо миграции по всем потокам(Человек)"	"2024 год"	"202412"	"АЛМАТИНСКАЯ ОБЛАСТЬ"	"0"	"Всего"	"0"	"Всего"	"0"	"Всего"	"0"	"7 006"
"Сальдо миграции по всем потокам(Человек)"	"2023 год"	"202312"	"АЛМАТИНСКАЯ ОБЛАСТЬ"	"0"	"Всего"	"0"	"Всего"	"0"	"Всего"	"0"	"994"
"Сальдо миграции по всем потокам(Человек)"	"2024 год"	"202412"	"ТАЛГАРСКИЙ РАЙОН"	"0"	"Всего"	"0"	"Всего"	"0"	"Всего"	"0"	"6 712"
"Сальдо миграции по всем потокам(Человек)"	"2023 год"	"202312"	"ТАЛГАРСКИЙ РАЙОН"	"0"	"Всего"	"0"	"Всего"	"0"	"Всего"	"0"	"2 914"
"Сальдо миграции по всем потокам(Человек)"	"2024 год"	"202412"	"КАРАСАЙСКИЙ РАЙОН"	"0"	"Всего"	"0"	"Всего"	"0"	"Всего"	"0"	"10 334"
"Сальдо миграции по всем потокам(Человек)"	"2023 год"	"202312"	"КАРАСАЙСКИЙ РАЙОН"	"0"	"Всего"	"0"	"Всего"	"0"	"Всего"	"0"	"5 087"
"Сальдо миграции по всем потокам(Человек)"	"2024 год"	"202412"	"РАЙЫМБЕКСКИЙ РАЙОН"	"0"	"Всего"	"0"	"Всего"	"0"	"Всего"	"0"	"-1 431"
"Сальдо миграции по всем потокам(Человек)"	"2023 год"	"202312"	"РАЙЫМБЕКСКИЙ РАЙОН"	"0"	"Всего"	"0"	"Всего"	"0"	"Всего"	"0"	"-1 136"
"Сальдо миграции по всем потокам(Человек)"	"2024 год"	"202412"	"ЖАМБЫЛСКИЙ РАЙОН"	"0"	"Всего"	"0"	"Всего"	"0"	"Всего"	"0"	"-2 037"
"Сальдо миграции по всем потокам(Человек)"	"2023 год"	"202312"	"ЖАМБЫЛСКИЙ РАЙОН"	"0"	"Всего"	"0"	"Всего"	"0"	"Всего"	"0"	"-1 697"
"Сальдо миграции по всем потокам(Человек)"	"2024 год"	"202412"	"КОКШЕТАУ Г.А."	"0"	"городская местность"	"0"	"Всего"	"0"	"Всего"	"0"	"1 720"
"Сальдо миграции по всем потокам(Человек)"	"2023 год"	"202312"	"КОКШЕТАУ Г.А."	"0"	"городская местность"	"0"	"Всего"	"0"	"Всего"	"0"	"755"
"Сальдо миграции по всем потокам(Человек)"	"2024 год"	"202412"	"РАЙОН БИРЖАН САЛ"	"0"	"городская местность"	"0"	"Всего"	"0"	"Всего"	"0"	"-128"
"Сальдо миграции по всем потокам(Человек)"	"2023 год"	"202312"	"РАЙОН БИРЖАН САЛ"	"0"	"городская местность"	"0"	"Всего"	"0"	"Всего"	"0"	"-42"
"Сальдо миграции по всем потокам(Человек)"	"2024 год"	"202412"	"АТБАСАРСКИЙ РАЙОН"	"0"	"городская местность"	"0"	"Всего"	"0"	"Всего"	"0"	"-526"
"Сальдо миграции по всем потокам(Человек)"	"2023 год"	"202312"	"АТБАСАРСКИЙ РАЙОН"	"0"	"городская местность"	"0"	"Всего"	"0"	"Всего"	"0"	"-435"
"Сальдо миграции по всем потокам(Человек)"	"2024 год"	"202412"	"ЕНБЕКШИКАЗАХСКИЙ РАЙОН"	"0"	"Всего"	"0"	"Всего"	"0"	"Всего"	"0"	"-4 232"
"Сальдо миграции по всем потокам(Человек)"	"2023 год"	"202312"	"ЕНБЕКШИКАЗАХСКИЙ РАЙОН"	"0"	"Всего"	"0"	"Всего"	"0"	"Всего"	"0"	"-2 955"
"Сальдо миграции по всем потокам(Человек)"	"2024 год"	"202412"	"СТЕПНОГОРСК Г.А."	"0"	"городская местность"	"0"	"Всего"	"0"	"Всего"	"0"	"-759"
"Сальдо миграции по всем потокам(Человек)"	"2023 год"	"202312"	"СТЕПНОГОРСК Г.А."	"0"	"городская местность"	"0"	"Всего"	"0"	"Всего"	"0"	"-956"
"Сальдо миграции по всем потокам(Человек)"	"2024 год"	"202412"	"ЕРЕЙМЕНТАУСКИЙ РАЙОН"	"0"	"городская местность"	"0"	"Всего"	"0"	"Всего"	"0"	"-265"
"Сальдо миграции по всем потокам(Человек)"	"2023 год"	"202312"	"ЕРЕЙМЕНТАУСКИЙ РАЙОН"	"0"	"городская местность"	"0"	"Всего"	"0"	"Всего"	"0"	"-260"
"Сальдо миграции по всем потокам(Человек)"	"2024 год"	"202412"	"БУЛАНДЫНСКИЙ РАЙОН"	"0"	"городская местность"	"0"	"Всего"	"0"	"Всего"	"0"	"-136"
"Сальдо миграции по всем потокам(Человек)"	"2023 год"	"202312"	"БУЛАНДЫНСКИЙ РАЙОН"	"0"	"городская местность"	"0"	"Всего"	"0"	"Всего"	"0"	"-56"
"Сальдо миграции по всем потокам(Человек)"	"2024 год"	"202412"	"ЕСИЛЬСКИЙ РАЙОН"	"0"	"городская местность"	"0"	"Всего"	"0"	"Всего"	"0"	"-151"
"Сальдо миграции по всем потокам(Человек)"	"2023 год"	"202312"	"ЕСИЛЬСКИЙ РАЙОН"	"0"	"городская местность"	"0"	"Всего"	"0"	"Всего"	"0"	"-175"
"Сальдо миграции по всем потокам(Человек)"	"2024 год"	"202412"	"УЙГУРСКИЙ РАЙОН"	"0"	"Всего"	"0"	"Всего"	"0"	"Всего"	"0"	"-1 980"
"Сальдо миграции по всем потокам(Человек)"	"2023 год"	"202312"	"УЙГУРСКИЙ РАЙОН"	"0"	"Всего"	"0"	"Всего"	"0"	"Всего"	"0"	"-1 556"
"Сальдо миграции по всем потокам(Человек)"	"2024 год"	"202412"	"КЕГЕНСКИЙ РАЙОН"	"0"	"Всего"	"0"	"Всего"	"0"	"Всего"	"0"	"-1 521"
"Сальдо миграции по всем потокам(Человек)"	"2023 год"	"202312"	"КЕГЕНСКИЙ РАЙОН"	"0"	"Всего"	"0"	"Всего"	"0"	"Всего"	"0"	"-1 020"
"Сальдо миграции по всем потокам(Человек)"	"2024 год"	"202412"	"ИЛИЙСКИЙ РАЙОН"	"0"	"Всего"	"0"	"Всего"	"0"	"Всего"	"0"	"2 781"
"Сальдо миграции по всем потокам(Человек)"	"2023 год"	"202312"	"ИЛИЙСКИЙ РАЙОН"	"0"	"Всего"	"0"	"Всего"	"0"	"Всего"	"0"	"1 711"
"Сальдо миграции по всем потокам(Человек)"	"2024 год"	"202412"	"ҚОНАЕВ Г.А."	"0"	"Всего"	"0"	"Всего"	"0"	"Всего"	"0"	"112"
"Сальдо миграции по всем потокам(Человек)"	"2023 год"	"202312"	"ҚОНАЕВ Г.А."	"0"	"Всего"	"0"	"Всего"	"0"	"Всего"	"0"	"348"
"Сальдо миграции по всем потокам(Человек)"	"2024 год"	"202412"	"КОСШЫ Г.А."	"0"	"городская местность"	"0"	"Всего"	"0"	"Всего"	"0"	"3 584"
"Сальдо миграции по всем потокам(Человек)"	"2023 год"	"202312"	"КОСШЫ Г.А."	"0"	"городская местность"	"0"	"Всего"	"0"	"Всего"	"0"	"2 832"
"Сальдо миграции по всем потокам(Человек)"	"2024 год"	"202412"	"АКМОЛИНСКАЯ ОБЛАСТЬ"	"0"	"городская местность"	"0"	"Всего"	"0"	"Всего"	"0"	"2 553"
"Сальдо миграции по всем потокам(Человек)"	"2023 год"	"202312"	"АКМОЛИНСКАЯ ОБЛАСТЬ"	"0"	"городская местность"	"0"	"Всего"	"0"	"Всего"	"0"	"1 110"
"Сальдо миграции по всем потокам(Человек)"	"2024 год"	"202412"	"АККОЛЬСКИЙ РАЙОН"	"0"	"городская местность"	"0"	"Всего"	"0"	"Всего"	"0"	"-441"
"Сальдо миграции по всем потокам(Человек)"	"2023 год"	"202312"	"АККОЛЬСКИЙ РАЙОН"	"0"	"городская местность"	"0"	"Всего"	"0"	"Всего"	"0"	"-305"
"Сальдо миграции по всем потокам(Человек)"	"2024 год"	"202412"	"БАЛХАШСКИЙ РАЙОН"	"0"	"Всего"	"0"	"Всего"	"0"	"Всего"	"0"	"-876"
"Сальдо миграции по всем потокам(Человек)"	"2023 год"	"202312"	"БАЛХАШСКИЙ РАЙОН"	"0"	"Всего"	"0"	"Всего"	"0"	"Всего"	"0"	"-702"
"Сальдо миграции по всем потокам(Человек)"	"2024 год"	"202412"	"ВОСТОЧНО-КАЗАХСТАНСКАЯ ОБЛАСТЬ"	"0"	"сельская местность"	"0"	"Всего"	"0"	"Всего"	"0"	"-4 716"
"Сальдо миграции по всем потокам(Человек)"	"2023 год"	"202312"	"ВОСТОЧНО-КАЗАХСТАНСКАЯ ОБЛАСТЬ"	"0"	"сельская местность"	"0"	"Всего"	"0"	"Всего"	"0"	"-3 667"
"Сальдо миграции по всем потокам(Человек)"	"2024 год"	"202412"	"ГЛУБОКОВСКИЙ РАЙОН"	"0"	"сельская местность"	"0"	"Всего"	"0"	"Всего"	"0"	"-384"
"Сальдо миграции по всем потокам(Человек)"	"2023 год"	"202312"	"ГЛУБОКОВСКИЙ РАЙОН"	"0"	"сельская местность"	"0"	"Всего"	"0"	"Всего"	"0"	"-238"
"Сальдо миграции по всем потокам(Человек)"	"2024 год"	"202412"	"ВОСТОЧНО-КАЗАХСТАНСКАЯ ОБЛАСТЬ"	"0"	"городская местность"	"0"	"Всего"	"0"	"Всего"	"0"	"1 337"
"Сальдо миграции по всем потокам(Человек)"	"2023 год"	"202312"	"ВОСТОЧНО-КАЗАХСТАНСКАЯ ОБЛАСТЬ"	"0"	"городская местность"	"0"	"Всего"	"0"	"Всего"	"0"	"-197"
"Сальдо миграции по всем потокам(Человек)"	"2024 год"	"202412"	"ЕСИЛЬСКИЙ РАЙОН"	"0"	"сельская местность"	"0"	"Всего"	"0"	"Всего"	"0"	"-392"
"Сальдо миграции по всем потокам(Человек)"	"2023 год"	"202312"	"ЕСИЛЬСКИЙ РАЙОН"	"0"	"сельская местность"	"0"	"Всего"	"0"	"Всего"	"0"	"-232"
"Сальдо миграции по всем потокам(Человек)"	"2024 год"	"202412"	"МАМЛЮТСКИЙ РАЙОН"	"0"	"городская местность"	"0"	"Всего"	"0"	"Всего"	"0"	"-124"
"Сальдо миграции по всем потокам(Человек)"	"2023 год"	"202312"	"МАМЛЮТСКИЙ РАЙОН"	"0"	"городская местность"	"0"	"Всего"	"0"	"Всего"	"0"	"-64"
"Сальдо миграции по всем потокам(Человек)"	"2024 год"	"202412"	"КЕНТАУ Г.А."	"0"	"сельская местность"	"0"	"Всего"	"0"	"Всего"	"0"	"-305"
"Сальдо миграции по всем потокам(Человек)"	"2023 год"	"202312"	"КЕНТАУ Г.А."	"0"	"сельская местность"	"0"	"Всего"	"0"	"Всего"	"0"	"-264"
"Сальдо миграции по всем потокам(Человек)"	"2024 год"	"202412"	"САРЫСУСКИЙ РАЙОН"	"0"	"сельская местность"	"0"	"Всего"	"0"	"Всего"	"0"	"-901"
"Сальдо миграции по всем потокам(Человек)"	"2023 год"	"202312"	"САРЫСУСКИЙ РАЙОН"	"0"	"сельская местность"	"0"	"Всего"	"0"	"Всего"	"0"	"-379"
"Сальдо миграции по всем потокам(Человек)"	"2024 год"	"202412"	"МОЙЫНКУМСКИЙ РАЙОН"	"0"	"сельская местность"	"0"	"Всего"	"0"	"Всего"	"0"	"-810"
"Сальдо миграции по всем потокам(Человек)"	"2023 год"	"202312"	"МОЙЫНКУМСКИЙ РАЙОН"	"0"	"сельская местность"	"0"	"Всего"	"0"	"Всего"	"0"	"-622"
"Сальдо миграции по всем потокам(Человек)"	"2024 год"	"202412"	"ТАЙЫНШИНСКИЙ РАЙОН"	"0"	"Всего"	"0"	"Всего"	"0"	"Всего"	"0"	"-1 084"
"Сальдо миграции по всем потокам(Человек)"	"2023 год"	"202312"	"ТАЙЫНШИНСКИЙ РАЙОН"	"0"	"Всего"	"0"	"Всего"	"0"	"Всего"	"0"	"-631"
"Сальдо миграции по всем потокам(Человек)"	"2024 год"	"202412"	"РИДДЕР Г.А."	"0"	"сельская местность"	"0"	"Всего"	"0"	"Всего"	"0"	"-43"
"Сальдо миграции по всем потокам(Человек)"	"2023 год"	"202312"	"РИДДЕР Г.А."	"0"	"сельская местность"	"0"	"Всего"	"0"	"Всего"	"0"	"-49"
"Сальдо миграции по всем потокам(Человек)"	"2024 год"	"202412"	"РИДДЕР Г.А."	"0"	"городская местность"	"0"	"Всего"	"0"	"Всего"	"0"	"-256"
"Сальдо миграции по всем потокам(Человек)"	"2023 год"	"202312"	"РИДДЕР Г.А."	"0"	"городская местность"	"0"	"Всего"	"0"	"Всего"	"0"	"-132"
"Сальдо миграции по всем потокам(Человек)"	"2024 год"	"202412"	"АКЖАРСКИЙ РАЙОН"	"0"	"сельская местность"	"0"	"Всего"	"0"	"Всего"	"0"	"-540"
"Сальдо миграции по всем потокам(Человек)"	"2023 год"	"202312"	"АКЖАРСКИЙ РАЙОН"	"0"	"сельская местность"	"0"	"Всего"	"0"	"Всего"	"0"	"-333"
"Сальдо миграции по всем потокам(Человек)"	"2024 год"	"202412"	"РАЙОН МАГЖАНА ЖУМАБАЕВА"	"0"	"городская местность"	"0"	"Всего"	"0"	"Всего"	"0"	"7"
"Сальдо миграции по всем потокам(Человек)"	"2023 год"	"202312"	"РАЙОН МАГЖАНА ЖУМАБАЕВА"	"0"	"городская местность"	"0"	"Всего"	"0"	"Всего"	"0"	"-27"
"Сальдо миграции по всем потокам(Человек)"	"2024 год"	"202412"	"КОРДАЙСКИЙ РАЙОН"	"0"	"сельская местность"	"0"	"Всего"	"0"	"Всего"	"0"	"-3 675"
"Сальдо миграции по всем потокам(Человек)"	"2023 год"	"202312"	"КОРДАЙСКИЙ РАЙОН"	"0"	"сельская местность"	"0"	"Всего"	"0"	"Всего"	"0"	"-2 802"
"Сальдо миграции по всем потокам(Человек)"	"2024 год"	"202412"	"ЖЕТЫСАЙСКИЙ РАЙОН"	"0"	"городская местность"	"0"	"Всего"	"0"	"Всего"	"0"	"-1 712"
"Сальдо миграции по всем потокам(Человек)"	"2023 год"	"202312"	"ЖЕТЫСАЙСКИЙ РАЙОН"	"0"	"городская местность"	"0"	"Всего"	"0"	"Всего"	"0"	"-1 346"
"Сальдо миграции по всем потокам(Человек)"	"2024 год"	"202412"	"ЖАНААРКИНСКИЙ РАЙОН"	"0"	"сельская местность"	"0"	"Всего"	"0"	"Всего"	"0"	"-864"
"Сальдо миграции по всем потокам(Человек)"	"2023 год"	"202312"	"ЖАНААРКИНСКИЙ РАЙОН"	"0"	"сельская местность"	"0"	"Всего"	"0"	"Всего"	"0"	"-650"
"Сальдо миграции по всем потокам(Человек)"	"2024 год"	"202412"	"РАЙОН ШАЛ АКЫНА"	"0"	"Всего"	"0"	"Всего"	"0"	"Всего"	"0"	"-427"
"Сальдо миграции по всем потокам(Человек)"	"2023 год"	"202312"	"РАЙОН ШАЛ АКЫНА"	"0"	"Всего"	"0"	"Всего"	"0"	"Всего"	"0"	"-177"
"Сальдо миграции по всем потокам(Человек)"	"2024 год"	"202412"	"ЗАЙСАНСКИЙ РАЙОН"	"0"	"Всего"	"0"	"Всего"	"0"	"Всего"	"0"	"-846"
"Сальдо миграции по всем потокам(Человек)"	"2023 год"	"202312"	"ЗАЙСАНСКИЙ РАЙОН"	"0"	"Всего"	"0"	"Всего"	"0"	"Всего"	"0"	"-784"
"Сальдо миграции по всем потокам(Человек)"	"2024 год"	"202412"	"СУЗАКСКИЙ РАЙОН"	"0"	"сельская местность"	"0"	"Всего"	"0"	"Всего"	"0"	"-1 372"
"Сальдо миграции по всем потокам(Человек)"	"2023 год"	"202312"	"СУЗАКСКИЙ РАЙОН"	"0"	"сельская местность"	"0"	"Всего"	"0"	"Всего"	"0"	"-1 062"
"Сальдо миграции по всем потокам(Человек)"	"2024 год"	"202412"	"АРЫСЬ Г.А."	"0"	"сельская местность"	"0"	"Всего"	"0"	"Всего"	"0"	"-832"
"Сальдо миграции по всем потокам(Человек)"	"2023 год"	"202312"	"АРЫСЬ Г.А."	"0"	"сельская местность"	"0"	"Всего"	"0"	"Всего"	"0"	"-227"
"Сальдо миграции по всем потокам(Человек)"	"2024 год"	"202412"	"РАЙОН БАЙДИБЕКА"	"0"	"сельская местность"	"0"	"Всего"	"0"	"Всего"	"0"	"-1 136"
"Сальдо миграции по всем потокам(Человек)"	"2023 год"	"202312"	"РАЙОН БАЙДИБЕКА"	"0"	"сельская местность"	"0"	"Всего"	"0"	"Всего"	"0"	"-913"
"Сальдо миграции по всем потокам(Человек)"	"2024 год"	"202412"	"ШЕМОНАИХИНСКИЙ РАЙОН"	"0"	"Всего"	"0"	"Всего"	"0"	"Всего"	"0"	"-430"
"Сальдо миграции по всем потокам(Человек)"	"2023 год"	"202312"	"ШЕМОНАИХИНСКИЙ РАЙОН"	"0"	"Всего"	"0"	"Всего"	"0"	"Всего"	"0"	"-326"
"Сальдо миграции по всем потокам(Человек)"	"2024 год"	"202412"	"УЛЫТАУСКИЙ РАЙОН"	"0"	"сельская местность"	"0"	"Всего"	"0"	"Всего"	"0"	"-249"
"Сальдо миграции по всем потокам(Человек)"	"2023 год"	"202312"	"УЛЫТАУСКИЙ РАЙОН"	"0"	"сельская местность"	"0"	"Всего"	"0"	"Всего"	"0"	"-160"
"Сальдо миграции по всем потокам(Человек)"	"2024 год"	"202412"	"СЕВЕРО-КАЗАХСТАНСКАЯ ОБЛАСТЬ"	"0"	"городская местность"	"0"	"Всего"	"0"	"Всего"	"0"	"-551"
"Сальдо миграции по всем потокам(Человек)"	"2023 год"	"202312"	"СЕВЕРО-КАЗАХСТАНСКАЯ ОБЛАСТЬ"	"0"	"городская местность"	"0"	"Всего"	"0"	"Всего"	"0"	"447"
"Сальдо миграции по всем потокам(Человек)"	"2024 год"	"202412"	"ЗАПАДНО-КАЗАХСТАНСКАЯ ОБЛАСТЬ"	"0"	"городская местность"	"0"	"Всего"	"0"	"Всего"	"0"	"3 431"
"Сальдо миграции по всем потокам(Человек)"	"2023 год"	"202312"	"ЗАПАДНО-КАЗАХСТАНСКАЯ ОБЛАСТЬ"	"0"	"городская местность"	"0"	"Всего"	"0"	"Всего"	"0"	"1 268"
"Сальдо миграции по всем потокам(Человек)"	"2024 год"	"202412"	"ЕСИЛЬСКИЙ РАЙОН"	"0"	"Всего"	"0"	"Всего"	"0"	"Всего"	"0"	"-392"
"Сальдо миграции по всем потокам(Человек)"	"2023 год"	"202312"	"ЕСИЛЬСКИЙ РАЙОН"	"0"	"Всего"	"0"	"Всего"	"0"	"Всего"	"0"	"-232"
"Сальдо миграции по всем потокам(Человек)"	"2024 год"	"202412"	"ТИМИРЯЗЕВСКИЙ РАЙОН"	"0"	"Всего"	"0"	"Всего"	"0"	"Всего"	"0"	"-244"
"Сальдо миграции по всем потокам(Человек)"	"2023 год"	"202312"	"ТИМИРЯЗЕВСКИЙ РАЙОН"	"0"	"Всего"	"0"	"Всего"	"0"	"Всего"	"0"	"-169"
"Сальдо миграции по всем потокам(Человек)"	"2024 год"	"202412"	"РАЙОН АЛТАЙ"	"0"	"Всего"	"0"	"Всего"	"0"	"Всего"	"0"	"-610"
"Сальдо миграции по всем потокам(Человек)"	"2023 год"	"202312"	"РАЙОН АЛТАЙ"	"0"	"Всего"	"0"	"Всего"	"0"	"Всего"	"0"	"-513"
"Сальдо миграции по всем потокам(Человек)"	"2024 год"	"202412"	"СЕВЕРО-КАЗАХСТАНСКАЯ ОБЛАСТЬ"	"0"	"сельская местность"	"0"	"Всего"	"0"	"Всего"	"0"	"-6 395"
"Сальдо миграции по всем потокам(Человек)"	"2023 год"	"202312"	"СЕВЕРО-КАЗАХСТАНСКАЯ ОБЛАСТЬ"	"0"	"сельская местность"	"0"	"Всего"	"0"	"Всего"	"0"	"-4 103"
"Сальдо миграции по всем потокам(Человек)"	"2024 год"	"202412"	"МАКТААРАЛЬСКИЙ РАЙОН"	"0"	"сельская местность"	"0"	"Всего"	"0"	"Всего"	"0"	"-3 425"
"Сальдо миграции по всем потокам(Человек)"	"2023 год"	"202312"	"МАКТААРАЛЬСКИЙ РАЙОН"	"0"	"сельская местность"	"0"	"Всего"	"0"	"Всего"	"0"	"-2 335"
"Сальдо миграции по всем потокам(Человек)"	"2024 год"	"202412"	"ТАРБАГАТАЙСКИЙ РАЙОН"	"0"	"Всего"	"0"	"Всего"	"0"	"Всего"	"0"	"-747"
"Сальдо миграции по всем потокам(Человек)"	"2023 год"	"202312"	"ТАРБАГАТАЙСКИЙ РАЙОН"	"0"	"Всего"	"0"	"Всего"	"0"	"Всего"	"0"	"-491"
"Сальдо миграции по всем потокам(Человек)"	"2024 год"	"202412"	"ШУСКИЙ РАЙОН"	"0"	"сельская местность"	"0"	"Всего"	"0"	"Всего"	"0"	"-1 131"
"Сальдо миграции по всем потокам(Человек)"	"2023 год"	"202312"	"ШУСКИЙ РАЙОН"	"0"	"сельская местность"	"0"	"Всего"	"0"	"Всего"	"0"	"-999"
"Сальдо миграции по всем потокам(Человек)"	"2024 год"	"202412"	"ЖУАЛЫНСКИЙ РАЙОН"	"0"	"сельская местность"	"0"	"Всего"	"0"	"Всего"	"0"	"-1 237"
"Сальдо миграции по всем потокам(Человек)"	"2023 год"	"202312"	"ЖУАЛЫНСКИЙ РАЙОН"	"0"	"сельская местность"	"0"	"Всего"	"0"	"Всего"	"0"	"-1 194"
"Сальдо миграции по всем потокам(Человек)"	"2024 год"	"202412"	"МАМЛЮТСКИЙ РАЙОН"	"0"	"Всего"	"0"	"Всего"	"0"	"Всего"	"0"	"-291"
"Сальдо миграции по всем потокам(Человек)"	"2023 год"	"202312"	"МАМЛЮТСКИЙ РАЙОН"	"0"	"Всего"	"0"	"Всего"	"0"	"Всего"	"0"	"-249"
"Сальдо миграции по всем потокам(Человек)"	"2024 год"	"202412"	"ЖЕТЫСАЙСКИЙ РАЙОН"	"0"	"сельская местность"	"0"	"Всего"	"0"	"Всего"	"0"	"-3 683"
"Сальдо миграции по всем потокам(Человек)"	"2023 год"	"202312"	"ЖЕТЫСАЙСКИЙ РАЙОН"	"0"	"сельская местность"	"0"	"Всего"	"0"	"Всего"	"0"	"-2 634"
"Сальдо миграции по всем потокам(Человек)"	"2024 год"	"202412"	"КАТОН-КАРАГАЙСКИЙ РАЙОН"	"0"	"Всего"	"0"	"Всего"	"0"	"Всего"	"0"	"-333"
"Сальдо миграции по всем потокам(Человек)"	"2023 год"	"202312"	"КАТОН-КАРАГАЙСКИЙ РАЙОН"	"0"	"Всего"	"0"	"Всего"	"0"	"Всего"	"0"	"-652"
"Сальдо миграции по всем потокам(Человек)"	"2024 год"	"202412"	"ПЕТРОПАВЛОВСК Г.А."	"0"	"городская местность"	"0"	"Всего"	"0"	"Всего"	"0"	"-329"
"Сальдо миграции по всем потокам(Человек)"	"2023 год"	"202312"	"ПЕТРОПАВЛОВСК Г.А."	"0"	"городская местность"	"0"	"Всего"	"0"	"Всего"	"0"	"564"
"Сальдо миграции по всем потокам(Человек)"	"2024 год"	"202412"	"БУРЛИНСКИЙ РАЙОН"	"0"	"городская местность"	"0"	"Всего"	"0"	"Всего"	"0"	"-483"
"Сальдо миграции по всем потокам(Человек)"	"2023 год"	"202312"	"БУРЛИНСКИЙ РАЙОН"	"0"	"городская местность"	"0"	"Всего"	"0"	"Всего"	"0"	"-607"
"Сальдо миграции по всем потокам(Человек)"	"2024 год"	"202412"	"ПАВЛОДАР Г.А."	"0"	"городская местность"	"0"	"Всего"	"0"	"Всего"	"0"	"1 176"
"Сальдо миграции по всем потокам(Человек)"	"2023 год"	"202312"	"ПАВЛОДАР Г.А."	"0"	"городская местность"	"0"	"Всего"	"0"	"Всего"	"0"	"-258"
"Сальдо миграции по всем потокам(Человек)"	"2024 год"	"202412"	"ЭКИБАСТУЗ Г.А."	"0"	"городская местность"	"0"	"Всего"	"0"	"Всего"	"0"	"-1 111"
"Сальдо миграции по всем потокам(Человек)"	"2023 год"	"202312"	"ЭКИБАСТУЗ Г.А."	"0"	"городская местность"	"0"	"Всего"	"0"	"Всего"	"0"	"-1 171"
"Сальдо миграции по всем потокам(Человек)"	"2024 год"	"202412"	"КЕНТАУ Г.А."	"0"	"городская местность"	"0"	"Всего"	"0"	"Всего"	"0"	"-1 217"
"Сальдо миграции по всем потокам(Человек)"	"2023 год"	"202312"	"КЕНТАУ Г.А."	"0"	"городская местность"	"0"	"Всего"	"0"	"Всего"	"0"	"-1 057"
"Сальдо миграции по всем потокам(Человек)"	"2024 год"	"202412"	"ГЛУБОКОВСКИЙ РАЙОН"	"0"	"Всего"	"0"	"Всего"	"0"	"Всего"	"0"	"-384"
"Сальдо миграции по всем потокам(Человек)"	"2023 год"	"202312"	"ГЛУБОКОВСКИЙ РАЙОН"	"0"	"Всего"	"0"	"Всего"	"0"	"Всего"	"0"	"-238"
"Сальдо миграции по всем потокам(Человек)"	"2024 год"	"202412"	"РАЙОН МАГЖАНА ЖУМАБАЕВА"	"0"	"сельская местность"	"0"	"Всего"	"0"	"Всего"	"0"	"-439"
"Сальдо миграции по всем потокам(Человек)"	"2023 год"	"202312"	"РАЙОН МАГЖАНА ЖУМАБАЕВА"	"0"	"сельская местность"	"0"	"Всего"	"0"	"Всего"	"0"	"-388"
"Сальдо миграции по всем потокам(Человек)"	"2024 год"	"202412"	"РАЙОН ШАЛ АКЫНА"	"0"	"сельская местность"	"0"	"Всего"	"0"	"Всего"	"0"	"-387"
"Сальдо миграции по всем потокам(Человек)"	"2023 год"	"202312"	"РАЙОН ШАЛ АКЫНА"	"0"	"сельская местность"	"0"	"Всего"	"0"	"Всего"	"0"	"-149"
"Сальдо миграции по всем потокам(Человек)"	"2024 год"	"202412"	"УАЛИХАНОВСКИЙ РАЙОН"	"0"	"сельская местность"	"0"	"Всего"	"0"	"Всего"	"0"	"-777"
"Сальдо миграции по всем потокам(Человек)"	"2023 год"	"202312"	"УАЛИХАНОВСКИЙ РАЙОН"	"0"	"сельская местность"	"0"	"Всего"	"0"	"Всего"	"0"	"-347"
"Сальдо миграции по всем потокам(Человек)"	"2024 год"	"202412"	"РАЙОН ТУРАРА РЫСКУЛОВА"	"0"	"сельская местность"	"0"	"Всего"	"0"	"Всего"	"0"	"-1 748"
"Сальдо миграции по всем потокам(Человек)"	"2023 год"	"202312"	"РАЙОН ТУРАРА РЫСКУЛОВА"	"0"	"сельская местность"	"0"	"Всего"	"0"	"Всего"	"0"	"-1 146"
"Сальдо миграции по всем потокам(Человек)"	"2024 год"	"202412"	"ЖАМБЫЛСКАЯ ОБЛАСТЬ"	"0"	"сельская местность"	"0"	"Всего"	"0"	"Всего"	"0"	"-14 879"
"Сальдо миграции по всем потокам(Человек)"	"2023 год"	"202312"	"ЖАМБЫЛСКАЯ ОБЛАСТЬ"	"0"	"сельская местность"	"0"	"Всего"	"0"	"Всего"	"0"	"-10 513"
"Сальдо миграции по всем потокам(Человек)"	"2024 год"	"202412"	"ОБЛАСТЬ ҰЛЫТАУ"	"0"	"сельская местность"	"0"	"Всего"	"0"	"Всего"	"0"	"-1 134"
"Сальдо миграции по всем потокам(Человек)"	"2023 год"	"202312"	"ОБЛАСТЬ ҰЛЫТАУ"	"0"	"сельская местность"	"0"	"Всего"	"0"	"Всего"	"0"	"-802"
"Сальдо миграции по всем потокам(Человек)"	"2024 год"	"202412"	"УСТЬ-КАМЕНОГОРСК Г.А."	"0"	"Всего"	"0"	"Всего"	"0"	"Всего"	"0"	"2 431"
"Сальдо миграции по всем потокам(Человек)"	"2023 год"	"202312"	"УСТЬ-КАМЕНОГОРСК Г.А."	"0"	"Всего"	"0"	"Всего"	"0"	"Всего"	"0"	"679"
"Сальдо миграции по всем потокам(Человек)"	"2024 год"	"202412"	"АККАЙЫНСКИЙ РАЙОН"	"0"	"сельская местность"	"0"	"Всего"	"0"	"Всего"	"0"	"-251"
"Сальдо миграции по всем потокам(Человек)"	"2023 год"	"202312"	"АККАЙЫНСКИЙ РАЙОН"	"0"	"сельская местность"	"0"	"Всего"	"0"	"Всего"	"0"	"-250"
"Сальдо миграции по всем потокам(Человек)"	"2024 год"	"202412"	"ТАЛАССКИЙ РАЙОН"	"0"	"сельская местность"	"0"	"Всего"	"0"	"Всего"	"0"	"-918"
"Сальдо миграции по всем потокам(Человек)"	"2023 год"	"202312"	"ТАЛАССКИЙ РАЙОН"	"0"	"сельская местность"	"0"	"Всего"	"0"	"Всего"	"0"	"-286"
"Сальдо миграции по всем потокам(Человек)"	"2024 год"	"202412"	"КЫЗЫЛЖАРСКИЙ РАЙОН"	"0"	"Всего"	"0"	"Всего"	"0"	"Всего"	"0"	"-32"
"Сальдо миграции по всем потокам(Человек)"	"2023 год"	"202312"	"КЫЗЫЛЖАРСКИЙ РАЙОН"	"0"	"Всего"	"0"	"Всего"	"0"	"Всего"	"0"	"68"
"Сальдо миграции по всем потокам(Человек)"	"2024 год"	"202412"	"АЙЫРТАУСКИЙ РАЙОН"	"0"	"Всего"	"0"	"Всего"	"0"	"Всего"	"0"	"-1 066"
"Сальдо миграции по всем потокам(Человек)"	"2023 год"	"202312"	"АЙЫРТАУСКИЙ РАЙОН"	"0"	"Всего"	"0"	"Всего"	"0"	"Всего"	"0"	"-647"
"Сальдо миграции по всем потокам(Человек)"	"2024 год"	"202412"	"СЕВЕРО-КАЗАХСТАНСКАЯ ОБЛАСТЬ"	"0"	"Всего"	"0"	"Всего"	"0"	"Всего"	"0"	"-6 946"
"Сальдо миграции по всем потокам(Человек)"	"2023 год"	"202312"	"СЕВЕРО-КАЗАХСТАНСКАЯ ОБЛАСТЬ"	"0"	"Всего"	"0"	"Всего"	"0"	"Всего"	"0"	"-3 656"
"Сальдо миграции по всем потокам(Человек)"	"2024 год"	"202412"	"ВОСТОЧНО-КАЗАХСТАНСКАЯ ОБЛАСТЬ"	"0"	"Всего"	"0"	"Всего"	"0"	"Всего"	"0"	"-3 379"
"Сальдо миграции по всем потокам(Человек)"	"2023 год"	"202312"	"ВОСТОЧНО-КАЗАХСТАНСКАЯ ОБЛАСТЬ"	"0"	"Всего"	"0"	"Всего"	"0"	"Всего"	"0"	"-3 864"
"Сальдо миграции по всем потокам(Человек)"	"2024 год"	"202412"	"ЗАЙСАНСКИЙ РАЙОН"	"0"	"сельская местность"	"0"	"Всего"	"0"	"Всего"	"0"	"-427"
"Сальдо миграции по всем потокам(Человек)"	"2023 год"	"202312"	"ЗАЙСАНСКИЙ РАЙОН"	"0"	"сельская местность"	"0"	"Всего"	"0"	"Всего"	"0"	"-426"
"Сальдо миграции по всем потокам(Человек)"	"2024 год"	"202412"	"УСТЬ-КАМЕНОГОРСК Г.А."	"0"	"сельская местность"	"0"	"Всего"	"0"	"Всего"	"0"	"57"
"Сальдо миграции по всем потокам(Человек)"	"2023 год"	"202312"	"УСТЬ-КАМЕНОГОРСК Г.А."	"0"	"сельская местность"	"0"	"Всего"	"0"	"Всего"	"0"	"-10"
"Сальдо миграции по всем потокам(Человек)"	"2024 год"	"202412"	"КЫЗЫЛЖАРСКИЙ РАЙОН"	"0"	"сельская местность"	"0"	"Всего"	"0"	"Всего"	"0"	"-32"
"Сальдо миграции по всем потокам(Человек)"	"2023 год"	"202312"	"КЫЗЫЛЖАРСКИЙ РАЙОН"	"0"	"сельская местность"	"0"	"Всего"	"0"	"Всего"	"0"	"68"
"Сальдо миграции по всем потокам(Человек)"	"2024 год"	"202412"	"ТУРКЕСТАН Г.А."	"0"	"городская местность"	"0"	"Всего"	"0"	"Всего"	"0"	"3 943"
"Сальдо миграции по всем потокам(Человек)"	"2023 год"	"202312"	"ТУРКЕСТАН Г.А."	"0"	"городская местность"	"0"	"Всего"	"0"	"Всего"	"0"	"2 474"
"Сальдо миграции по всем потокам(Человек)"	"2024 год"	"202412"	"РАЙОН САУРАН"	"0"	"сельская местность"	"0"	"Всего"	"0"	"Всего"	"0"	"-447"
"Сальдо миграции по всем потокам(Человек)"	"2023 год"	"202312"	"РАЙОН САУРАН"	"0"	"сельская местность"	"0"	"Всего"	"0"	"Всего"	"0"	"-258"
"Сальдо миграции по всем потокам(Человек)"	"2024 год"	"202412"	"КАЗЫГУРТСКИЙ РАЙОН"	"0"	"сельская местность"	"0"	"Всего"	"0"	"Всего"	"0"	"-1 799"
"Сальдо миграции по всем потокам(Человек)"	"2023 год"	"202312"	"КАЗЫГУРТСКИЙ РАЙОН"	"0"	"сельская местность"	"0"	"Всего"	"0"	"Всего"	"0"	"-1 500"
"Сальдо миграции по всем потокам(Человек)"	"2024 год"	"202412"	"РАЙОН САМАР"	"0"	"Всего"	"0"	"Всего"	"0"	"Всего"	"0"	"-276"
"Сальдо миграции по всем потокам(Человек)"	"2023 год"	"202312"	"РАЙОН САМАР"	"0"	"Всего"	"0"	"Всего"	"0"	"Всего"	"0"	"-240"
"Сальдо миграции по всем потокам(Человек)"	"2024 год"	"202412"	"РИДДЕР Г.А."	"0"	"Всего"	"0"	"Всего"	"0"	"Всего"	"0"	"-299"
"Сальдо миграции по всем потокам(Человек)"	"2023 год"	"202312"	"РИДДЕР Г.А."	"0"	"Всего"	"0"	"Всего"	"0"	"Всего"	"0"	"-181"
"Сальдо миграции по всем потокам(Человек)"	"2024 год"	"202412"	"САЙРАМСКИЙ РАЙОН"	"0"	"сельская местность"	"0"	"Всего"	"0"	"Всего"	"0"	"-2 307"
"Сальдо миграции по всем потокам(Человек)"	"2023 год"	"202312"	"САЙРАМСКИЙ РАЙОН"	"0"	"сельская местность"	"0"	"Всего"	"0"	"Всего"	"0"	"-942"
"Сальдо миграции по всем потокам(Человек)"	"2024 год"	"202412"	"ТИМИРЯЗЕВСКИЙ РАЙОН"	"0"	"сельская местность"	"0"	"Всего"	"0"	"Всего"	"0"	"-244"
"Сальдо миграции по всем потокам(Человек)"	"2023 год"	"202312"	"ТИМИРЯЗЕВСКИЙ РАЙОН"	"0"	"сельская местность"	"0"	"Всего"	"0"	"Всего"	"0"	"-169"
"Сальдо миграции по всем потокам(Человек)"	"2024 год"	"202412"	"БАЙЗАКСКИЙ РАЙОН"	"0"	"сельская местность"	"0"	"Всего"	"0"	"Всего"	"0"	"-1 491"
"Сальдо миграции по всем потокам(Человек)"	"2023 год"	"202312"	"БАЙЗАКСКИЙ РАЙОН"	"0"	"сельская местность"	"0"	"Всего"	"0"	"Всего"	"0"	"-1 211"
"Сальдо миграции по всем потокам(Человек)"	"2024 год"	"202412"	"АКЖАРСКИЙ РАЙОН"	"0"	"Всего"	"0"	"Всего"	"0"	"Всего"	"0"	"-540"
"Сальдо миграции по всем потокам(Человек)"	"2023 год"	"202312"	"АКЖАРСКИЙ РАЙОН"	"0"	"Всего"	"0"	"Всего"	"0"	"Всего"	"0"	"-333"
"Сальдо миграции по всем потокам(Человек)"	"2024 год"	"202412"	"САТПАЕВ Г.А."	"0"	"сельская местность"	"0"	"Всего"	"0"	"Всего"	"0"	"-5"
"Сальдо миграции по всем потокам(Человек)"	"2023 год"	"202312"	"САТПАЕВ Г.А."	"0"	"сельская местность"	"0"	"Всего"	"0"	"Всего"	"0"	"-4"
"Сальдо миграции по всем потокам(Человек)"	"2024 год"	"202412"	"ЖАМБЫЛСКИЙ РАЙОН"	"0"	"сельская местность"	"0"	"Всего"	"0"	"Всего"	"0"	"-573"
"Сальдо миграции по всем потокам(Человек)"	"2023 год"	"202312"	"ЖАМБЫЛСКИЙ РАЙОН"	"0"	"сельская местность"	"0"	"Всего"	"0"	"Всего"	"0"	"-317"
"Сальдо миграции по всем потокам(Человек)"	"2024 год"	"202412"	"АЙЫРТАУСКИЙ РАЙОН"	"0"	"сельская местность"	"0"	"Всего"	"0"	"Всего"	"0"	"-1 066"
"Сальдо миграции по всем потокам(Человек)"	"2023 год"	"202312"	"АЙЫРТАУСКИЙ РАЙОН"	"0"	"сельская местность"	"0"	"Всего"	"0"	"Всего"	"0"	"-647"
"Сальдо миграции по всем потокам(Человек)"	"2024 год"	"202412"	"МЕРКЕНСКИЙ РАЙОН"	"0"	"сельская местность"	"0"	"Всего"	"0"	"Всего"	"0"	"-1 563"
"Сальдо миграции по всем потокам(Человек)"	"2023 год"	"202312"	"МЕРКЕНСКИЙ РАЙОН"	"0"	"сельская местность"	"0"	"Всего"	"0"	"Всего"	"0"	"-1 204"
"Сальдо миграции по всем потокам(Человек)"	"2024 год"	"202412"	"ТОЛЕБИЙСКИЙ РАЙОН"	"0"	"сельская местность"	"0"	"Всего"	"0"	"Всего"	"0"	"-759"
"Сальдо миграции по всем потокам(Человек)"	"2023 год"	"202312"	"ТОЛЕБИЙСКИЙ РАЙОН"	"0"	"сельская местность"	"0"	"Всего"	"0"	"Всего"	"0"	"-995"
"Сальдо миграции по всем потокам(Человек)"	"2024 год"	"202412"	"КЕЛЕССКИЙ РАЙОН"	"0"	"сельская местность"	"0"	"Всего"	"0"	"Всего"	"0"	"-3 946"
"Сальдо миграции по всем потокам(Человек)"	"2023 год"	"202312"	"КЕЛЕССКИЙ РАЙОН"	"0"	"сельская местность"	"0"	"Всего"	"0"	"Всего"	"0"	"-2 772"
"Сальдо миграции по всем потокам(Человек)"	"2024 год"	"202412"	"УЛАНСКИЙ РАЙОН"	"0"	"Всего"	"0"	"Всего"	"0"	"Всего"	"0"	"-583"
"Сальдо миграции по всем потокам(Человек)"	"2023 год"	"202312"	"УЛАНСКИЙ РАЙОН"	"0"	"Всего"	"0"	"Всего"	"0"	"Всего"	"0"	"-425"
"Сальдо миграции по всем потокам(Человек)"	"2024 год"	"202412"	"РАЙОН САМАР"	"0"	"сельская местность"	"0"	"Всего"	"0"	"Всего"	"0"	"-276"
"Сальдо миграции по всем потокам(Человек)"	"2023 год"	"202312"	"РАЙОН САМАР"	"0"	"сельская местность"	"0"	"Всего"	"0"	"Всего"	"0"	"-240"
"Сальдо миграции по всем потокам(Человек)"	"2024 год"	"202412"	"УЛАНСКИЙ РАЙОН"	"0"	"сельская местность"	"0"	"Всего"	"0"	"Всего"	"0"	"-583"
"Сальдо миграции по всем потокам(Человек)"	"2023 год"	"202312"	"УЛАНСКИЙ РАЙОН"	"0"	"сельская местность"	"0"	"Всего"	"0"	"Всего"	"0"	"-425"
"Сальдо миграции по всем потокам(Человек)"	"2024 год"	"202412"	"РАЙОН ИМ.ГАБИТА МУСРЕПОВА"	"0"	"сельская местность"	"0"	"Всего"	"0"	"Всего"	"0"	"-508"
"Сальдо миграции по всем потокам(Человек)"	"2023 год"	"202312"	"РАЙОН ИМ.ГАБИТА МУСРЕПОВА"	"0"	"сельская местность"	"0"	"Всего"	"0"	"Всего"	"0"	"-521"
"Сальдо миграции по всем потокам(Человек)"	"2024 год"	"202412"	"ТАЙЫНШИНСКИЙ РАЙОН"	"0"	"городская местность"	"0"	"Всего"	"0"	"Всего"	"0"	"-65"
"Сальдо миграции по всем потокам(Человек)"	"2023 год"	"202312"	"ТАЙЫНШИНСКИЙ РАЙОН"	"0"	"городская местность"	"0"	"Всего"	"0"	"Всего"	"0"	"2"
"Сальдо миграции по всем потокам(Человек)"	"2024 год"	"202412"	"РАЙОН ШАЛ АКЫНА"	"0"	"городская местность"	"0"	"Всего"	"0"	"Всего"	"0"	"-40"
"Сальдо миграции по всем потокам(Человек)"	"2023 год"	"202312"	"РАЙОН ШАЛ АКЫНА"	"0"	"городская местность"	"0"	"Всего"	"0"	"Всего"	"0"	"-28"
"Сальдо миграции по всем потокам(Человек)"	"2024 год"	"202412"	"АКСУ Г.А."	"0"	"городская местность"	"0"	"Всего"	"0"	"Всего"	"0"	"-117"
"Сальдо миграции по всем потокам(Человек)"	"2023 год"	"202312"	"АКСУ Г.А."	"0"	"городская местность"	"0"	"Всего"	"0"	"Всего"	"0"	"-123"
"Сальдо миграции по всем потокам(Человек)"	"2024 год"	"202412"	"ПАВЛОДАРСКАЯ ОБЛАСТЬ"	"0"	"городская местность"	"0"	"Всего"	"0"	"Всего"	"0"	"-52"
"Сальдо миграции по всем потокам(Человек)"	"2023 год"	"202312"	"ПАВЛОДАРСКАЯ ОБЛАСТЬ"	"0"	"городская местность"	"0"	"Всего"	"0"	"Всего"	"0"	"-1 552"
"Сальдо миграции по всем потокам(Человек)"	"2024 год"	"202412"	"ПЕТРОПАВЛОВСК Г.А."	"0"	"Всего"	"0"	"Всего"	"0"	"Всего"	"0"	"-329"
"Сальдо миграции по всем потокам(Человек)"	"2023 год"	"202312"	"ПЕТРОПАВЛОВСК Г.А."	"0"	"Всего"	"0"	"Всего"	"0"	"Всего"	"0"	"564"
"Сальдо миграции по всем потокам(Человек)"	"2024 год"	"202412"	"МАМЛЮТСКИЙ РАЙОН"	"0"	"сельская местность"	"0"	"Всего"	"0"	"Всего"	"0"	"-167"
"Сальдо миграции по всем потокам(Человек)"	"2023 год"	"202312"	"МАМЛЮТСКИЙ РАЙОН"	"0"	"сельская местность"	"0"	"Всего"	"0"	"Всего"	"0"	"-185"
"Сальдо миграции по всем потокам(Человек)"	"2024 год"	"202412"	"ШАРДАРИНСКИЙ РАЙОН"	"0"	"сельская местность"	"0"	"Всего"	"0"	"Всего"	"0"	"-1 222"
"Сальдо миграции по всем потокам(Человек)"	"2023 год"	"202312"	"ШАРДАРИНСКИЙ РАЙОН"	"0"	"сельская местность"	"0"	"Всего"	"0"	"Всего"	"0"	"-570"
"Сальдо миграции по всем потокам(Человек)"	"2024 год"	"202412"	"ОТРАРСКИЙ РАЙОН"	"0"	"сельская местность"	"0"	"Всего"	"0"	"Всего"	"0"	"-1 295"
"Сальдо миграции по всем потокам(Человек)"	"2023 год"	"202312"	"ОТРАРСКИЙ РАЙОН"	"0"	"сельская местность"	"0"	"Всего"	"0"	"Всего"	"0"	"-950"
"Сальдо миграции по всем потокам(Человек)"	"2024 год"	"202412"	"ТЮЛЬКУБАССКИЙ РАЙОН"	"0"	"сельская местность"	"0"	"Всего"	"0"	"Всего"	"0"	"-2 358"
"Сальдо миграции по всем потокам(Человек)"	"2023 год"	"202312"	"ТЮЛЬКУБАССКИЙ РАЙОН"	"0"	"сельская местность"	"0"	"Всего"	"0"	"Всего"	"0"	"-1 597"
"Сальдо миграции по всем потокам(Человек)"	"2024 год"	"202412"	"САРЫАГАШСКИЙ РАЙОН"	"0"	"сельская местность"	"0"	"Всего"	"0"	"Всего"	"0"	"-2 606"
"Сальдо миграции по всем потокам(Человек)"	"2023 год"	"202312"	"САРЫАГАШСКИЙ РАЙОН"	"0"	"сельская местность"	"0"	"Всего"	"0"	"Всего"	"0"	"-1 613"
"Сальдо миграции по всем потокам(Человек)"	"2024 год"	"202412"	"ЖАМБЫЛСКИЙ РАЙОН"	"0"	"сельская местность"	"0"	"Всего"	"0"	"Всего"	"0"	"-1 405"
"Сальдо миграции по всем потокам(Человек)"	"2023 год"	"202312"	"ЖАМБЫЛСКИЙ РАЙОН"	"0"	"сельская местность"	"0"	"Всего"	"0"	"Всего"	"0"	"-670"
"Сальдо миграции по всем потокам(Человек)"	"2024 год"	"202412"	"РАЙОН ИМ.ГАБИТА МУСРЕПОВА"	"0"	"Всего"	"0"	"Всего"	"0"	"Всего"	"0"	"-508"
"Сальдо миграции по всем потокам(Человек)"	"2023 год"	"202312"	"РАЙОН ИМ.ГАБИТА МУСРЕПОВА"	"0"	"Всего"	"0"	"Всего"	"0"	"Всего"	"0"	"-521"
"Сальдо миграции по всем потокам(Человек)"	"2024 год"	"202412"	"АККАЙЫНСКИЙ РАЙОН"	"0"	"Всего"	"0"	"Всего"	"0"	"Всего"	"0"	"-251"
"Сальдо миграции по всем потокам(Человек)"	"2023 год"	"202312"	"АККАЙЫНСКИЙ РАЙОН"	"0"	"Всего"	"0"	"Всего"	"0"	"Всего"	"0"	"-250"
"Сальдо миграции по всем потокам(Человек)"	"2024 год"	"202412"	"АРЫСЬ Г.А."	"0"	"городская местность"	"0"	"Всего"	"0"	"Всего"	"0"	"-1 453"
"Сальдо миграции по всем потокам(Человек)"	"2023 год"	"202312"	"АРЫСЬ Г.А."	"0"	"городская местность"	"0"	"Всего"	"0"	"Всего"	"0"	"-1 139"
"Сальдо миграции по всем потокам(Человек)"	"2024 год"	"202412"	"ЖАМБЫЛСКИЙ РАЙОН"	"0"	"Всего"	"0"	"Всего"	"0"	"Всего"	"0"	"-573"
"Сальдо миграции по всем потокам(Человек)"	"2023 год"	"202312"	"ЖАМБЫЛСКИЙ РАЙОН"	"0"	"Всего"	"0"	"Всего"	"0"	"Всего"	"0"	"-317"
"Сальдо миграции по всем потокам(Человек)"	"2024 год"	"202412"	"РАЙОН МАГЖАНА ЖУМАБАЕВА"	"0"	"Всего"	"0"	"Всего"	"0"	"Всего"	"0"	"-432"
"Сальдо миграции по всем потокам(Человек)"	"2023 год"	"202312"	"РАЙОН МАГЖАНА ЖУМАБАЕВА"	"0"	"Всего"	"0"	"Всего"	"0"	"Всего"	"0"	"-415"
"Сальдо миграции по всем потокам(Человек)"	"2024 год"	"202412"	"ШАРДАРИНСКИЙ РАЙОН"	"0"	"городская местность"	"0"	"Всего"	"0"	"Всего"	"0"	"-902"
"Сальдо миграции по всем потокам(Человек)"	"2023 год"	"202312"	"ШАРДАРИНСКИЙ РАЙОН"	"0"	"городская местность"	"0"	"Всего"	"0"	"Всего"	"0"	"-728"
"Сальдо миграции по всем потокам(Человек)"	"2024 год"	"202412"	"САРЫАГАШСКИЙ РАЙОН"	"0"	"городская местность"	"0"	"Всего"	"0"	"Всего"	"0"	"-502"
"Сальдо миграции по всем потокам(Человек)"	"2023 год"	"202312"	"САРЫАГАШСКИЙ РАЙОН"	"0"	"городская местность"	"0"	"Всего"	"0"	"Всего"	"0"	"-789"
"Сальдо миграции по всем потокам(Человек)"	"2024 год"	"202412"	"ТУРКЕСТАНСКАЯ ОБЛАСТЬ"	"0"	"городская местность"	"0"	"Всего"	"0"	"Всего"	"0"	"-2 232"
"Сальдо миграции по всем потокам(Человек)"	"2023 год"	"202312"	"ТУРКЕСТАНСКАЯ ОБЛАСТЬ"	"0"	"городская местность"	"0"	"Всего"	"0"	"Всего"	"0"	"-2 987"
"Сальдо миграции по всем потокам(Человек)"	"2024 год"	"202412"	"КУРЧУМСКИЙ РАЙОН"	"0"	"Всего"	"0"	"Всего"	"0"	"Всего"	"0"	"-427"
"Сальдо миграции по всем потокам(Человек)"	"2023 год"	"202312"	"КУРЧУМСКИЙ РАЙОН"	"0"	"Всего"	"0"	"Всего"	"0"	"Всего"	"0"	"-693"
"Сальдо миграции по всем потокам(Человек)"	"2024 год"	"202412"	"КУРЧУМСКИЙ РАЙОН"	"0"	"сельская местность"	"0"	"Всего"	"0"	"Всего"	"0"	"-427"
"Сальдо миграции по всем потокам(Человек)"	"2023 год"	"202312"	"КУРЧУМСКИЙ РАЙОН"	"0"	"сельская местность"	"0"	"Всего"	"0"	"Всего"	"0"	"-693"
"Сальдо миграции по всем потокам(Человек)"	"2024 год"	"202412"	"ЖЕЗКАЗГАН Г.А."	"0"	"сельская местность"	"0"	"Всего"	"0"	"Всего"	"0"	"-16"
"Сальдо миграции по всем потокам(Человек)"	"2023 год"	"202312"	"ЖЕЗКАЗГАН Г.А."	"0"	"сельская местность"	"0"	"Всего"	"0"	"Всего"	"0"	"12"
"Сальдо миграции по всем потокам(Человек)"	"2024 год"	"202412"	"ТАЙЫНШИНСКИЙ РАЙОН"	"0"	"сельская местность"	"0"	"Всего"	"0"	"Всего"	"0"	"-1 019"
"Сальдо миграции по всем потокам(Человек)"	"2023 год"	"202312"	"ТАЙЫНШИНСКИЙ РАЙОН"	"0"	"сельская местность"	"0"	"Всего"	"0"	"Всего"	"0"	"-633"
"Сальдо миграции по всем потокам(Человек)"	"2024 год"	"202412"	"УАЛИХАНОВСКИЙ РАЙОН"	"0"	"Всего"	"0"	"Всего"	"0"	"Всего"	"0"	"-777"
"Сальдо миграции по всем потокам(Человек)"	"2023 год"	"202312"	"УАЛИХАНОВСКИЙ РАЙОН"	"0"	"Всего"	"0"	"Всего"	"0"	"Всего"	"0"	"-347"
"Сальдо миграции по всем потокам(Человек)"	"2024 год"	"202412"	"ТОЛЕБИЙСКИЙ РАЙОН"	"0"	"городская местность"	"0"	"Всего"	"0"	"Всего"	"0"	"-389"
"Сальдо миграции по всем потокам(Человек)"	"2023 год"	"202312"	"ТОЛЕБИЙСКИЙ РАЙОН"	"0"	"городская местность"	"0"	"Всего"	"0"	"Всего"	"0"	"-402"
"Сальдо миграции по всем потокам(Человек)"	"2024 год"	"202412"	"ОРДАБАСЫНСКИЙ РАЙОН"	"0"	"сельская местность"	"0"	"Всего"	"0"	"Всего"	"0"	"-1 751"
"Сальдо миграции по всем потокам(Человек)"	"2023 год"	"202312"	"ОРДАБАСЫНСКИЙ РАЙОН"	"0"	"сельская местность"	"0"	"Всего"	"0"	"Всего"	"0"	"-1 140"
"Сальдо миграции по всем потокам(Человек)"	"2024 год"	"202412"	"ТУРКЕСТАНСКАЯ ОБЛАСТЬ"	"0"	"сельская местность"	"0"	"Всего"	"0"	"Всего"	"0"	"-29 243"
"Сальдо миграции по всем потокам(Человек)"	"2023 год"	"202312"	"ТУРКЕСТАНСКАЯ ОБЛАСТЬ"	"0"	"сельская местность"	"0"	"Всего"	"0"	"Всего"	"0"	"-19 772"
"Сальдо миграции по всем потокам(Человек)"	"2024 год"	"202412"	"РАЙОН АҚҚУЛЫ"	"0"	"сельская местность"	"0"	"Всего"	"0"	"Всего"	"0"	"-554"
"Сальдо миграции по всем потокам(Человек)"	"2023 год"	"202312"	"РАЙОН АҚҚУЛЫ"	"0"	"сельская местность"	"0"	"Всего"	"0"	"Всего"	"0"	"-279"
"Сальдо миграции по всем потокам(Человек)"	"2024 год"	"202412"	"ПАВЛОДАРСКИЙ РАЙОН"	"0"	"сельская местность"	"0"	"Всего"	"0"	"Всего"	"0"	"-488"
"Сальдо миграции по всем потокам(Человек)"	"2023 год"	"202312"	"ПАВЛОДАРСКИЙ РАЙОН"	"0"	"сельская местность"	"0"	"Всего"	"0"	"Всего"	"0"	"-375"
"Сальдо миграции по всем потокам(Человек)"	"2024 год"	"202412"	"ТЮЛЬКУБАССКИЙ РАЙОН"	"0"	"Всего"	"0"	"Всего"	"0"	"Всего"	"0"	"-2 358"
"Сальдо миграции по всем потокам(Человек)"	"2023 год"	"202312"	"ТЮЛЬКУБАССКИЙ РАЙОН"	"0"	"Всего"	"0"	"Всего"	"0"	"Всего"	"0"	"-1 597"
"Сальдо миграции по всем потокам(Человек)"	"2024 год"	"202412"	"ЗАЙСАНСКИЙ РАЙОН"	"0"	"городская местность"	"0"	"Всего"	"0"	"Всего"	"0"	"-419"
"Сальдо миграции по всем потокам(Человек)"	"2023 год"	"202312"	"ЗАЙСАНСКИЙ РАЙОН"	"0"	"городская местность"	"0"	"Всего"	"0"	"Всего"	"0"	"-358"
"Сальдо миграции по всем потокам(Человек)"	"2024 год"	"202412"	"РАЙОН ЕСИЛЬ"	"0"	"городская местность"	"0"	"Всего"	"0"	"Всего"	"0"	"17 266"
"Сальдо миграции по всем потокам(Человек)"	"2023 год"	"202312"	"РАЙОН ЕСИЛЬ"	"0"	"городская местность"	"0"	"Всего"	"0"	"Всего"	"0"	"34 657"
"Сальдо миграции по всем потокам(Человек)"	"2024 год"	"202412"	"КУРМАНГАЗИНСКИЙ РАЙОН"	"0"	"сельская местность"	"0"	"Всего"	"0"	"Всего"	"0"	"-1 309"
"Сальдо миграции по всем потокам(Человек)"	"2023 год"	"202312"	"КУРМАНГАЗИНСКИЙ РАЙОН"	"0"	"сельская местность"	"0"	"Всего"	"0"	"Всего"	"0"	"-929"
"Сальдо миграции по всем потокам(Человек)"	"2024 год"	"202412"	"КАРАТОБИНСКИЙ РАЙОН"	"0"	"Всего"	"0"	"Всего"	"0"	"Всего"	"0"	"-472"
"Сальдо миграции по всем потокам(Человек)"	"2023 год"	"202312"	"КАРАТОБИНСКИЙ РАЙОН"	"0"	"Всего"	"0"	"Всего"	"0"	"Всего"	"0"	"-309"
"Сальдо миграции по всем потокам(Человек)"	"2024 год"	"202412"	"ТАСКАЛИНСКИЙ РАЙОН"	"0"	"Всего"	"0"	"Всего"	"0"	"Всего"	"0"	"-472"
"Сальдо миграции по всем потокам(Человек)"	"2023 год"	"202312"	"ТАСКАЛИНСКИЙ РАЙОН"	"0"	"Всего"	"0"	"Всего"	"0"	"Всего"	"0"	"-202"
"Сальдо миграции по всем потокам(Человек)"	"2024 год"	"202412"	"ЖАНГАЛИНСКИЙ РАЙОН"	"0"	"Всего"	"0"	"Всего"	"0"	"Всего"	"0"	"-597"
"Сальдо миграции по всем потокам(Человек)"	"2023 год"	"202312"	"ЖАНГАЛИНСКИЙ РАЙОН"	"0"	"Всего"	"0"	"Всего"	"0"	"Всего"	"0"	"-287"
"Сальдо миграции по всем потокам(Человек)"	"2024 год"	"202412"	"РАЙОН ТЕРЕҢКӨЛ"	"0"	"сельская местность"	"0"	"Всего"	"0"	"Всего"	"0"	"-376"
"Сальдо миграции по всем потокам(Человек)"	"2023 год"	"202312"	"РАЙОН ТЕРЕҢКӨЛ"	"0"	"сельская местность"	"0"	"Всего"	"0"	"Всего"	"0"	"-315"
"Сальдо миграции по всем потокам(Человек)"	"2024 год"	"202412"	"ШАРДАРИНСКИЙ РАЙОН"	"0"	"Всего"	"0"	"Всего"	"0"	"Всего"	"0"	"-2 124"
"Сальдо миграции по всем потокам(Человек)"	"2023 год"	"202312"	"ШАРДАРИНСКИЙ РАЙОН"	"0"	"Всего"	"0"	"Всего"	"0"	"Всего"	"0"	"-1 298"
"Сальдо миграции по всем потокам(Человек)"	"2024 год"	"202412"	"ТУРКЕСТАНСКАЯ ОБЛАСТЬ"	"0"	"Всего"	"0"	"Всего"	"0"	"Всего"	"0"	"-31 475"
"Сальдо миграции по всем потокам(Человек)"	"2023 год"	"202312"	"ТУРКЕСТАНСКАЯ ОБЛАСТЬ"	"0"	"Всего"	"0"	"Всего"	"0"	"Всего"	"0"	"-22 759"
"Сальдо миграции по всем потокам(Человек)"	"2024 год"	"202412"	"ТАРБАГАТАЙСКИЙ РАЙОН"	"0"	"сельская местность"	"0"	"Всего"	"0"	"Всего"	"0"	"-747"
"Сальдо миграции по всем потокам(Человек)"	"2023 год"	"202312"	"ТАРБАГАТАЙСКИЙ РАЙОН"	"0"	"сельская местность"	"0"	"Всего"	"0"	"Всего"	"0"	"-491"
"Сальдо миграции по всем потокам(Человек)"	"2024 год"	"202412"	"Г.АСТАНА"	"0"	"городская местность"	"0"	"Всего"	"0"	"Всего"	"0"	"75 854"
"Сальдо миграции по всем потокам(Человек)"	"2023 год"	"202312"	"Г.АСТАНА"	"0"	"городская местность"	"0"	"Всего"	"0"	"Всего"	"0"	"51 539"
"Сальдо миграции по всем потокам(Человек)"	"2024 год"	"202412"	"КАЗТАЛОВСКИЙ РАЙОН"	"0"	"сельская местность"	"0"	"Всего"	"0"	"Всего"	"0"	"-982"
"Сальдо миграции по всем потокам(Человек)"	"2023 год"	"202312"	"КАЗТАЛОВСКИЙ РАЙОН"	"0"	"сельская местность"	"0"	"Всего"	"0"	"Всего"	"0"	"-490"
"Сальдо миграции по всем потокам(Человек)"	"2024 год"	"202412"	"КАРАСАЙСКИЙ РАЙОН"	"0"	"сельская местность"	"0"	"Всего"	"0"	"Всего"	"0"	"9 091"
"Сальдо миграции по всем потокам(Человек)"	"2023 год"	"202312"	"КАРАСАЙСКИЙ РАЙОН"	"0"	"сельская местность"	"0"	"Всего"	"0"	"Всего"	"0"	"4 555"
"Сальдо миграции по всем потокам(Человек)"	"2024 год"	"202412"	"БОКЕЙОРДИНСКИЙ РАЙОН"	"0"	"Всего"	"0"	"Всего"	"0"	"Всего"	"0"	"-463"
"Сальдо миграции по всем потокам(Человек)"	"2023 год"	"202312"	"БОКЕЙОРДИНСКИЙ РАЙОН"	"0"	"Всего"	"0"	"Всего"	"0"	"Всего"	"0"	"-219"
"Сальдо миграции по всем потокам(Человек)"	"2024 год"	"202412"	"СЫРЫМСКИЙ РАЙОН"	"0"	"Всего"	"0"	"Всего"	"0"	"Всего"	"0"	"-448"
"Сальдо миграции по всем потокам(Человек)"	"2023 год"	"202312"	"СЫРЫМСКИЙ РАЙОН"	"0"	"Всего"	"0"	"Всего"	"0"	"Всего"	"0"	"-286"
"Сальдо миграции по всем потокам(Человек)"	"2024 год"	"202412"	"ЖАНИБЕКСКИЙ РАЙОН"	"0"	"Всего"	"0"	"Всего"	"0"	"Всего"	"0"	"-440"
"Сальдо миграции по всем потокам(Человек)"	"2023 год"	"202312"	"ЖАНИБЕКСКИЙ РАЙОН"	"0"	"Всего"	"0"	"Всего"	"0"	"Всего"	"0"	"-327"
"Сальдо миграции по всем потокам(Человек)"	"2024 год"	"202412"	"ПАВЛОДАРСКАЯ ОБЛАСТЬ"	"0"	"сельская местность"	"0"	"Всего"	"0"	"Всего"	"0"	"-4 744"
"Сальдо миграции по всем потокам(Человек)"	"2023 год"	"202312"	"ПАВЛОДАРСКАЯ ОБЛАСТЬ"	"0"	"сельская местность"	"0"	"Всего"	"0"	"Всего"	"0"	"-2 365"
"Сальдо миграции по всем потокам(Человек)"	"2024 год"	"202412"	"ЭКИБАСТУЗ Г.А."	"0"	"сельская местность"	"0"	"Всего"	"0"	"Всего"	"0"	"-24"
"Сальдо миграции по всем потокам(Человек)"	"2023 год"	"202312"	"ЭКИБАСТУЗ Г.А."	"0"	"сельская местность"	"0"	"Всего"	"0"	"Всего"	"0"	"-9"
"Сальдо миграции по всем потокам(Человек)"	"2024 год"	"202412"	"БАЯНАУЛЬСКИЙ РАЙОН"	"0"	"сельская местность"	"0"	"Всего"	"0"	"Всего"	"0"	"-884"
"Сальдо миграции по всем потокам(Человек)"	"2023 год"	"202312"	"БАЯНАУЛЬСКИЙ РАЙОН"	"0"	"сельская местность"	"0"	"Всего"	"0"	"Всего"	"0"	"-410"
"Сальдо миграции по всем потокам(Человек)"	"2024 год"	"202412"	"САЙРАМСКИЙ РАЙОН"	"0"	"Всего"	"0"	"Всего"	"0"	"Всего"	"0"	"-2 307"
"Сальдо миграции по всем потокам(Человек)"	"2023 год"	"202312"	"САЙРАМСКИЙ РАЙОН"	"0"	"Всего"	"0"	"Всего"	"0"	"Всего"	"0"	"-942"
"Сальдо миграции по всем потокам(Человек)"	"2024 год"	"202412"	"ОБЛАСТЬ ҰЛЫТАУ"	"0"	"Всего"	"0"	"Всего"	"0"	"Всего"	"0"	"-2 532"
"Сальдо миграции по всем потокам(Человек)"	"2023 год"	"202312"	"ОБЛАСТЬ ҰЛЫТАУ"	"0"	"Всего"	"0"	"Всего"	"0"	"Всего"	"0"	"-2 373"
"Сальдо миграции по всем потокам(Человек)"	"2024 год"	"202412"	"ШЕМОНАИХИНСКИЙ РАЙОН"	"0"	"сельская местность"	"0"	"Всего"	"0"	"Всего"	"0"	"-290"
"Сальдо миграции по всем потокам(Человек)"	"2023 год"	"202312"	"ШЕМОНАИХИНСКИЙ РАЙОН"	"0"	"сельская местность"	"0"	"Всего"	"0"	"Всего"	"0"	"-174"
"Сальдо миграции по всем потокам(Человек)"	"2024 год"	"202412"	"РАЙОН АЛМАТЫ"	"0"	"городская местность"	"0"	"Всего"	"0"	"Всего"	"0"	"17 882"
"Сальдо миграции по всем потокам(Человек)"	"2023 год"	"202312"	"РАЙОН АЛМАТЫ"	"0"	"городская местность"	"0"	"Всего"	"0"	"Всего"	"0"	"10 445"
"Сальдо миграции по всем потокам(Человек)"	"2024 год"	"202412"	"ТЕРЕКТИНСКИЙ РАЙОН"	"0"	"сельская местность"	"0"	"Всего"	"0"	"Всего"	"0"	"-703"
"Сальдо миграции по всем потокам(Человек)"	"2023 год"	"202312"	"ТЕРЕКТИНСКИЙ РАЙОН"	"0"	"сельская местность"	"0"	"Всего"	"0"	"Всего"	"0"	"-305"
"Сальдо миграции по всем потокам(Человек)"	"2024 год"	"202412"	"БОКЕЙОРДИНСКИЙ РАЙОН"	"0"	"сельская местность"	"0"	"Всего"	"0"	"Всего"	"0"	"-463"
"Сальдо миграции по всем потокам(Человек)"	"2023 год"	"202312"	"БОКЕЙОРДИНСКИЙ РАЙОН"	"0"	"сельская местность"	"0"	"Всего"	"0"	"Всего"	"0"	"-219"
"Сальдо миграции по всем потокам(Человек)"	"2024 год"	"202412"	"СЫРЫМСКИЙ РАЙОН"	"0"	"сельская местность"	"0"	"Всего"	"0"	"Всего"	"0"	"-448"
"Сальдо миграции по всем потокам(Человек)"	"2023 год"	"202312"	"СЫРЫМСКИЙ РАЙОН"	"0"	"сельская местность"	"0"	"Всего"	"0"	"Всего"	"0"	"-286"
"Сальдо миграции по всем потокам(Человек)"	"2024 год"	"202412"	"ЖАНИБЕКСКИЙ РАЙОН"	"0"	"сельская местность"	"0"	"Всего"	"0"	"Всего"	"0"	"-440"
"Сальдо миграции по всем потокам(Человек)"	"2023 год"	"202312"	"ЖАНИБЕКСКИЙ РАЙОН"	"0"	"сельская местность"	"0"	"Всего"	"0"	"Всего"	"0"	"-327"
"Сальдо миграции по всем потокам(Человек)"	"2024 год"	"202412"	"КАРАТОБИНСКИЙ РАЙОН"	"0"	"сельская местность"	"0"	"Всего"	"0"	"Всего"	"0"	"-472"
"Сальдо миграции по всем потокам(Человек)"	"2023 год"	"202312"	"КАРАТОБИНСКИЙ РАЙОН"	"0"	"сельская местность"	"0"	"Всего"	"0"	"Всего"	"0"	"-309"
"Сальдо миграции по всем потокам(Человек)"	"2024 год"	"202412"	"ИНДЕРСКИЙ РАЙОН"	"0"	"сельская местность"	"0"	"Всего"	"0"	"Всего"	"0"	"-580"
"Сальдо миграции по всем потокам(Человек)"	"2023 год"	"202312"	"ИНДЕРСКИЙ РАЙОН"	"0"	"сельская местность"	"0"	"Всего"	"0"	"Всего"	"0"	"-615"
"Сальдо миграции по всем потокам(Человек)"	"2024 год"	"202412"	"КАЗЫГУРТСКИЙ РАЙОН"	"0"	"Всего"	"0"	"Всего"	"0"	"Всего"	"0"	"-1 799"
"Сальдо миграции по всем потокам(Человек)"	"2023 год"	"202312"	"КАЗЫГУРТСКИЙ РАЙОН"	"0"	"Всего"	"0"	"Всего"	"0"	"Всего"	"0"	"-1 500"
"Сальдо миграции по всем потокам(Человек)"	"2024 год"	"202412"	"ЗАПАДНО-КАЗАХСТАНСКАЯ ОБЛАСТЬ"	"0"	"сельская местность"	"0"	"Всего"	"0"	"Всего"	"0"	"-6 177"
"Сальдо миграции по всем потокам(Человек)"	"2023 год"	"202312"	"ЗАПАДНО-КАЗАХСТАНСКАЯ ОБЛАСТЬ"	"0"	"сельская местность"	"0"	"Всего"	"0"	"Всего"	"0"	"-2 712"
"Сальдо миграции по всем потокам(Человек)"	"2024 год"	"202412"	"РАЙОН БӘЙТЕРЕК"	"0"	"сельская местность"	"0"	"Всего"	"0"	"Всего"	"0"	"459"
"Сальдо миграции по всем потокам(Человек)"	"2023 год"	"202312"	"РАЙОН БӘЙТЕРЕК"	"0"	"сельская местность"	"0"	"Всего"	"0"	"Всего"	"0"	"776"
"Сальдо миграции по всем потокам(Человек)"	"2024 год"	"202412"	"ҚОНАЕВ Г.А."	"0"	"сельская местность"	"0"	"Всего"	"0"	"Всего"	"0"	"-380"
"Сальдо миграции по всем потокам(Человек)"	"2023 год"	"202312"	"ҚОНАЕВ Г.А."	"0"	"сельская местность"	"0"	"Всего"	"0"	"Всего"	"0"	"-250"
"Сальдо миграции по всем потокам(Человек)"	"2024 год"	"202412"	"КАЗТАЛОВСКИЙ РАЙОН"	"0"	"Всего"	"0"	"Всего"	"0"	"Всего"	"0"	"-982"
"Сальдо миграции по всем потокам(Человек)"	"2023 год"	"202312"	"КАЗТАЛОВСКИЙ РАЙОН"	"0"	"Всего"	"0"	"Всего"	"0"	"Всего"	"0"	"-490"
"Сальдо миграции по всем потокам(Человек)"	"2024 год"	"202412"	"АТЫРАУСКАЯ ОБЛАСТЬ"	"0"	"городская местность"	"0"	"Всего"	"0"	"Всего"	"0"	"-4 962"
"Сальдо миграции по всем потокам(Человек)"	"2023 год"	"202312"	"АТЫРАУСКАЯ ОБЛАСТЬ"	"0"	"городская местность"	"0"	"Всего"	"0"	"Всего"	"0"	"437"
"Сальдо миграции по всем потокам(Человек)"	"2024 год"	"202412"	"ТУРКЕСТАН Г.А."	"0"	"Всего"	"0"	"Всего"	"0"	"Всего"	"0"	"3 943"
"Сальдо миграции по всем потокам(Человек)"	"2023 год"	"202312"	"ТУРКЕСТАН Г.А."	"0"	"Всего"	"0"	"Всего"	"0"	"Всего"	"0"	"2 474"
"Сальдо миграции по всем потокам(Человек)"	"2024 год"	"202412"	"РАЙОН АЛТАЙ"	"0"	"городская местность"	"0"	"Всего"	"0"	"Всего"	"0"	"-222"
"Сальдо миграции по всем потокам(Человек)"	"2023 год"	"202312"	"РАЙОН АЛТАЙ"	"0"	"городская местность"	"0"	"Всего"	"0"	"Всего"	"0"	"-244"
"Сальдо миграции по всем потокам(Человек)"	"2024 год"	"202412"	"МЕДЕУСКИЙ РАЙОН"	"0"	"Всего"	"0"	"Всего"	"0"	"Всего"	"0"	"2 763"
"Сальдо миграции по всем потокам(Человек)"	"2023 год"	"202312"	"МЕДЕУСКИЙ РАЙОН"	"0"	"Всего"	"0"	"Всего"	"0"	"Всего"	"0"	"4 309"
"Сальдо миграции по всем потокам(Человек)"	"2024 год"	"202412"	"ТУРКСИБСКИЙ РАЙОН"	"0"	"Всего"	"0"	"Всего"	"0"	"Всего"	"0"	"5 018"
"Сальдо миграции по всем потокам(Человек)"	"2023 год"	"202312"	"ТУРКСИБСКИЙ РАЙОН"	"0"	"Всего"	"0"	"Всего"	"0"	"Всего"	"0"	"5 059"
"Сальдо миграции по всем потокам(Человек)"	"2024 год"	"202412"	"АТЫРАУ Г.А."	"0"	"городская местность"	"0"	"Всего"	"0"	"Всего"	"0"	"-1 992"
"Сальдо миграции по всем потокам(Человек)"	"2023 год"	"202312"	"АТЫРАУ Г.А."	"0"	"городская местность"	"0"	"Всего"	"0"	"Всего"	"0"	"1 163"
"Сальдо миграции по всем потокам(Человек)"	"2024 год"	"202412"	"НАУРЫЗБАЙСКИЙ РАЙОН"	"0"	"Всего"	"0"	"Всего"	"0"	"Всего"	"0"	"17 831"
"Сальдо миграции по всем потокам(Человек)"	"2023 год"	"202312"	"НАУРЫЗБАЙСКИЙ РАЙОН"	"0"	"Всего"	"0"	"Всего"	"0"	"Всего"	"0"	"15 359"
"Сальдо миграции по всем потокам(Человек)"	"2024 год"	"202412"	"РАЙЫМБЕКСКИЙ РАЙОН"	"0"	"сельская местность"	"0"	"Всего"	"0"	"Всего"	"0"	"-1 431"
"Сальдо миграции по всем потокам(Человек)"	"2023 год"	"202312"	"РАЙЫМБЕКСКИЙ РАЙОН"	"0"	"сельская местность"	"0"	"Всего"	"0"	"Всего"	"0"	"-1 136"
"Сальдо миграции по всем потокам(Человек)"	"2024 год"	"202412"	"УРАЛЬСК Г.А."	"0"	"Всего"	"0"	"Всего"	"0"	"Всего"	"0"	"3 890"
"Сальдо миграции по всем потокам(Человек)"	"2023 год"	"202312"	"УРАЛЬСК Г.А."	"0"	"Всего"	"0"	"Всего"	"0"	"Всего"	"0"	"1 904"
"Сальдо миграции по всем потокам(Человек)"	"2024 год"	"202412"	"ИСАТАЙСКИЙ РАЙОН"	"0"	"сельская местность"	"0"	"Всего"	"0"	"Всего"	"0"	"-559"
"Сальдо миграции по всем потокам(Человек)"	"2023 год"	"202312"	"ИСАТАЙСКИЙ РАЙОН"	"0"	"сельская местность"	"0"	"Всего"	"0"	"Всего"	"0"	"-609"
"Сальдо миграции по всем потокам(Человек)"	"2024 год"	"202412"	"КЗЫЛКОГИНСКИЙ РАЙОН"	"0"	"сельская местность"	"0"	"Всего"	"0"	"Всего"	"0"	"-646"
"Сальдо миграции по всем потокам(Человек)"	"2023 год"	"202312"	"КЗЫЛКОГИНСКИЙ РАЙОН"	"0"	"сельская местность"	"0"	"Всего"	"0"	"Всего"	"0"	"-436"
"Сальдо миграции по всем потокам(Человек)"	"2024 год"	"202412"	"ЩЕРБАКТИНСКИЙ РАЙОН"	"0"	"сельская местность"	"0"	"Всего"	"0"	"Всего"	"0"	"-367"
"Сальдо миграции по всем потокам(Человек)"	"2023 год"	"202312"	"ЩЕРБАКТИНСКИЙ РАЙОН"	"0"	"сельская местность"	"0"	"Всего"	"0"	"Всего"	"0"	"-163"
"Сальдо миграции по всем потокам(Человек)"	"2024 год"	"202412"	"ЖЕЛЕЗИНСКИЙ РАЙОН"	"0"	"сельская местность"	"0"	"Всего"	"0"	"Всего"	"0"	"-383"
"Сальдо миграции по всем потокам(Человек)"	"2023 год"	"202312"	"ЖЕЛЕЗИНСКИЙ РАЙОН"	"0"	"сельская местность"	"0"	"Всего"	"0"	"Всего"	"0"	"-214"
"Сальдо миграции по всем потокам(Человек)"	"2024 год"	"202412"	"КАРАЖАЛ Г.А."	"0"	"городская местность"	"0"	"Всего"	"0"	"Всего"	"0"	"-200"
"Сальдо миграции по всем потокам(Человек)"	"2023 год"	"202312"	"КАРАЖАЛ Г.А."	"0"	"городская местность"	"0"	"Всего"	"0"	"Всего"	"0"	"-319"
"Сальдо миграции по всем потокам(Человек)"	"2024 год"	"202412"	"ЖЕЗКАЗГАН Г.А."	"0"	"городская местность"	"0"	"Всего"	"0"	"Всего"	"0"	"-350"
"Сальдо миграции по всем потокам(Человек)"	"2023 год"	"202312"	"ЖЕЗКАЗГАН Г.А."	"0"	"городская местность"	"0"	"Всего"	"0"	"Всего"	"0"	"-673"
"Сальдо миграции по всем потокам(Человек)"	"2024 год"	"202412"	"КАТОН-КАРАГАЙСКИЙ РАЙОН"	"0"	"сельская местность"	"0"	"Всего"	"0"	"Всего"	"0"	"-333"
"Сальдо миграции по всем потокам(Человек)"	"2023 год"	"202312"	"КАТОН-КАРАГАЙСКИЙ РАЙОН"	"0"	"сельская местность"	"0"	"Всего"	"0"	"Всего"	"0"	"-652"
"Сальдо миграции по всем потокам(Человек)"	"2024 год"	"202412"	"РАЙОН АЛТАЙ"	"0"	"сельская местность"	"0"	"Всего"	"0"	"Всего"	"0"	"-388"
"Сальдо миграции по всем потокам(Человек)"	"2023 год"	"202312"	"РАЙОН АЛТАЙ"	"0"	"сельская местность"	"0"	"Всего"	"0"	"Всего"	"0"	"-269"
"Сальдо миграции по всем потокам(Человек)"	"2024 год"	"202412"	"ТАСКАЛИНСКИЙ РАЙОН"	"0"	"сельская местность"	"0"	"Всего"	"0"	"Всего"	"0"	"-472"
"Сальдо миграции по всем потокам(Человек)"	"2023 год"	"202312"	"ТАСКАЛИНСКИЙ РАЙОН"	"0"	"сельская местность"	"0"	"Всего"	"0"	"Всего"	"0"	"-202"
"Сальдо миграции по всем потокам(Человек)"	"2024 год"	"202412"	"АКТОГАЙСКИЙ РАЙОН"	"0"	"сельская местность"	"0"	"Всего"	"0"	"Всего"	"0"	"-416"
"Сальдо миграции по всем потокам(Человек)"	"2023 год"	"202312"	"АКТОГАЙСКИЙ РАЙОН"	"0"	"сельская местность"	"0"	"Всего"	"0"	"Всего"	"0"	"-226"
"Сальдо миграции по всем потокам(Человек)"	"2024 год"	"202412"	"ОРДАБАСЫНСКИЙ РАЙОН"	"0"	"Всего"	"0"	"Всего"	"0"	"Всего"	"0"	"-1 751"
"Сальдо миграции по всем потокам(Человек)"	"2023 год"	"202312"	"ОРДАБАСЫНСКИЙ РАЙОН"	"0"	"Всего"	"0"	"Всего"	"0"	"Всего"	"0"	"-1 140"
"Сальдо миграции по всем потокам(Человек)"	"2024 год"	"202412"	"МАКТААРАЛЬСКИЙ РАЙОН"	"0"	"Всего"	"0"	"Всего"	"0"	"Всего"	"0"	"-3 425"
"Сальдо миграции по всем потокам(Человек)"	"2023 год"	"202312"	"МАКТААРАЛЬСКИЙ РАЙОН"	"0"	"Всего"	"0"	"Всего"	"0"	"Всего"	"0"	"-2 335"
"Сальдо миграции по всем потокам(Человек)"	"2024 год"	"202412"	"ОТРАРСКИЙ РАЙОН"	"0"	"Всего"	"0"	"Всего"	"0"	"Всего"	"0"	"-1 295"
"Сальдо миграции по всем потокам(Человек)"	"2023 год"	"202312"	"ОТРАРСКИЙ РАЙОН"	"0"	"Всего"	"0"	"Всего"	"0"	"Всего"	"0"	"-950"
"Сальдо миграции по всем потокам(Человек)"	"2024 год"	"202412"	"САРЫСУСКИЙ РАЙОН"	"0"	"Всего"	"0"	"Всего"	"0"	"Всего"	"0"	"-1 163"
"Сальдо миграции по всем потокам(Человек)"	"2023 год"	"202312"	"САРЫСУСКИЙ РАЙОН"	"0"	"Всего"	"0"	"Всего"	"0"	"Всего"	"0"	"-752"
"Сальдо миграции по всем потокам(Человек)"	"2024 год"	"202412"	"ТАЛГАРСКИЙ РАЙОН"	"0"	"сельская местность"	"0"	"Всего"	"0"	"Всего"	"0"	"7 338"
"Сальдо миграции по всем потокам(Человек)"	"2023 год"	"202312"	"ТАЛГАРСКИЙ РАЙОН"	"0"	"сельская местность"	"0"	"Всего"	"0"	"Всего"	"0"	"3 114"
"Сальдо миграции по всем потокам(Человек)"	"2024 год"	"202412"	"УСПЕНСКИЙ РАЙОН"	"0"	"сельская местность"	"0"	"Всего"	"0"	"Всего"	"0"	"-230"
"Сальдо миграции по всем потокам(Человек)"	"2023 год"	"202312"	"УСПЕНСКИЙ РАЙОН"	"0"	"сельская местность"	"0"	"Всего"	"0"	"Всего"	"0"	"-79"
"Сальдо миграции по всем потокам(Человек)"	"2024 год"	"202412"	"РАЙОН БАЙДИБЕКА"	"0"	"Всего"	"0"	"Всего"	"0"	"Всего"	"0"	"-1 136"
"Сальдо миграции по всем потокам(Человек)"	"2023 год"	"202312"	"РАЙОН БАЙДИБЕКА"	"0"	"Всего"	"0"	"Всего"	"0"	"Всего"	"0"	"-913"
"Сальдо миграции по всем потокам(Человек)"	"2024 год"	"202412"	"СУЗАКСКИЙ РАЙОН"	"0"	"Всего"	"0"	"Всего"	"0"	"Всего"	"0"	"-1 372"
"Сальдо миграции по всем потокам(Человек)"	"2023 год"	"202312"	"СУЗАКСКИЙ РАЙОН"	"0"	"Всего"	"0"	"Всего"	"0"	"Всего"	"0"	"-1 062"
"Сальдо миграции по всем потокам(Человек)"	"2024 год"	"202412"	"УЛЫТАУСКИЙ РАЙОН"	"0"	"Всего"	"0"	"Всего"	"0"	"Всего"	"0"	"-249"
"Сальдо миграции по всем потокам(Человек)"	"2023 год"	"202312"	"УЛЫТАУСКИЙ РАЙОН"	"0"	"Всего"	"0"	"Всего"	"0"	"Всего"	"0"	"-160"
"Сальдо миграции по всем потокам(Человек)"	"2024 год"	"202412"	"ЖАНААРКИНСКИЙ РАЙОН"	"0"	"Всего"	"0"	"Всего"	"0"	"Всего"	"0"	"-864"
"Сальдо миграции по всем потокам(Человек)"	"2023 год"	"202312"	"ЖАНААРКИНСКИЙ РАЙОН"	"0"	"Всего"	"0"	"Всего"	"0"	"Всего"	"0"	"-650"
"Сальдо миграции по всем потокам(Человек)"	"2024 год"	"202412"	"БОСТАНДЫКСКИЙ РАЙОН"	"0"	"Всего"	"0"	"Всего"	"0"	"Всего"	"0"	"7 671"
"Сальдо миграции по всем потокам(Человек)"	"2023 год"	"202312"	"БОСТАНДЫКСКИЙ РАЙОН"	"0"	"Всего"	"0"	"Всего"	"0"	"Всего"	"0"	"7 200"
"Сальдо миграции по всем потокам(Человек)"	"2024 год"	"202412"	"УЙГУРСКИЙ РАЙОН"	"0"	"сельская местность"	"0"	"Всего"	"0"	"Всего"	"0"	"-1 980"
"Сальдо миграции по всем потокам(Человек)"	"2023 год"	"202312"	"УЙГУРСКИЙ РАЙОН"	"0"	"сельская местность"	"0"	"Всего"	"0"	"Всего"	"0"	"-1 556"
"Сальдо миграции по всем потокам(Человек)"	"2024 год"	"202412"	"ЖЫЛЫОЙСКИЙ РАЙОН"	"0"	"сельская местность"	"0"	"Всего"	"0"	"Всего"	"0"	"-692"
"Сальдо миграции по всем потокам(Человек)"	"2023 год"	"202312"	"ЖЫЛЫОЙСКИЙ РАЙОН"	"0"	"сельская местность"	"0"	"Всего"	"0"	"Всего"	"0"	"-568"
"Сальдо миграции по всем потокам(Человек)"	"2024 год"	"202412"	"МАХАМБЕТСКИЙ РАЙОН"	"0"	"сельская местность"	"0"	"Всего"	"0"	"Всего"	"0"	"-675"
"Сальдо миграции по всем потокам(Человек)"	"2023 год"	"202312"	"МАХАМБЕТСКИЙ РАЙОН"	"0"	"сельская местность"	"0"	"Всего"	"0"	"Всего"	"0"	"-485"
"Сальдо миграции по всем потокам(Человек)"	"2024 год"	"202412"	"ТУРКСИБСКИЙ РАЙОН"	"0"	"городская местность"	"0"	"Всего"	"0"	"Всего"	"0"	"5 018"
"Сальдо миграции по всем потокам(Человек)"	"2023 год"	"202312"	"ТУРКСИБСКИЙ РАЙОН"	"0"	"городская местность"	"0"	"Всего"	"0"	"Всего"	"0"	"5 059"
"Сальдо миграции по всем потокам(Человек)"	"2024 год"	"202412"	"РАЙОН БӘЙТЕРЕК"	"0"	"Всего"	"0"	"Всего"	"0"	"Всего"	"0"	"459"
"Сальдо миграции по всем потокам(Человек)"	"2023 год"	"202312"	"РАЙОН БӘЙТЕРЕК"	"0"	"Всего"	"0"	"Всего"	"0"	"Всего"	"0"	"776"
"Сальдо миграции по всем потокам(Человек)"	"2024 год"	"202412"	"МАЙСКИЙ РАЙОН"	"0"	"сельская местность"	"0"	"Всего"	"0"	"Всего"	"0"	"-306"
"Сальдо миграции по всем потокам(Человек)"	"2023 год"	"202312"	"МАЙСКИЙ РАЙОН"	"0"	"сельская местность"	"0"	"Всего"	"0"	"Всего"	"0"	"-210"
"Сальдо миграции по всем потокам(Человек)"	"2024 год"	"202412"	"ТОЛЕБИЙСКИЙ РАЙОН"	"0"	"Всего"	"0"	"Всего"	"0"	"Всего"	"0"	"-1 148"
"Сальдо миграции по всем потокам(Человек)"	"2023 год"	"202312"	"ТОЛЕБИЙСКИЙ РАЙОН"	"0"	"Всего"	"0"	"Всего"	"0"	"Всего"	"0"	"-1 397"
"Сальдо миграции по всем потокам(Человек)"	"2024 год"	"202412"	"ЖЕЗКАЗГАН Г.А."	"0"	"Всего"	"0"	"Всего"	"0"	"Всего"	"0"	"-366"
"Сальдо миграции по всем потокам(Человек)"	"2023 год"	"202312"	"ЖЕЗКАЗГАН Г.А."	"0"	"Всего"	"0"	"Всего"	"0"	"Всего"	"0"	"-661"
"Сальдо миграции по всем потокам(Человек)"	"2024 год"	"202412"	"ЖЕТЫСУСКИЙ РАЙОН"	"0"	"Всего"	"0"	"Всего"	"0"	"Всего"	"0"	"16"
"Сальдо миграции по всем потокам(Человек)"	"2023 год"	"202312"	"ЖЕТЫСУСКИЙ РАЙОН"	"0"	"Всего"	"0"	"Всего"	"0"	"Всего"	"0"	"944"
"Сальдо миграции по всем потокам(Человек)"	"2024 год"	"202412"	"Г.АЛМАТЫ"	"0"	"Всего"	"0"	"Всего"	"0"	"Всего"	"0"	"41 184"
"Сальдо миграции по всем потокам(Человек)"	"2023 год"	"202312"	"Г.АЛМАТЫ"	"0"	"Всего"	"0"	"Всего"	"0"	"Всего"	"0"	"43 210"
"Сальдо миграции по всем потокам(Человек)"	"2024 год"	"202412"	"ТАРАЗ Г.А."	"0"	"Всего"	"0"	"Всего"	"0"	"Всего"	"0"	"-710"
"Сальдо миграции по всем потокам(Человек)"	"2023 год"	"202312"	"ТАРАЗ Г.А."	"0"	"Всего"	"0"	"Всего"	"0"	"Всего"	"0"	"-2 375"
"Сальдо миграции по всем потокам(Человек)"	"2024 год"	"202412"	"ЗАПАДНО-КАЗАХСТАНСКАЯ ОБЛАСТЬ"	"0"	"Всего"	"0"	"Всего"	"0"	"Всего"	"0"	"-2 746"
"Сальдо миграции по всем потокам(Человек)"	"2023 год"	"202312"	"ЗАПАДНО-КАЗАХСТАНСКАЯ ОБЛАСТЬ"	"0"	"Всего"	"0"	"Всего"	"0"	"Всего"	"0"	"-1 444"
"Сальдо миграции по всем потокам(Человек)"	"2024 год"	"202412"	"БУРЛИНСКИЙ РАЙОН"	"0"	"Всего"	"0"	"Всего"	"0"	"Всего"	"0"	"-936"
"Сальдо миграции по всем потокам(Человек)"	"2023 год"	"202312"	"БУРЛИНСКИЙ РАЙОН"	"0"	"Всего"	"0"	"Всего"	"0"	"Всего"	"0"	"-769"
"Сальдо миграции по всем потокам(Человек)"	"2024 год"	"202412"	"ЖЕТЫСАЙСКИЙ РАЙОН"	"0"	"Всего"	"0"	"Всего"	"0"	"Всего"	"0"	"-5 395"
"Сальдо миграции по всем потокам(Человек)"	"2023 год"	"202312"	"ЖЕТЫСАЙСКИЙ РАЙОН"	"0"	"Всего"	"0"	"Всего"	"0"	"Всего"	"0"	"-3 980"
"Сальдо миграции по всем потокам(Человек)"	"2024 год"	"202412"	"ОБЛАСТЬ ҰЛЫТАУ"	"0"	"городская местность"	"0"	"Всего"	"0"	"Всего"	"0"	"-1 398"
"Сальдо миграции по всем потокам(Человек)"	"2023 год"	"202312"	"ОБЛАСТЬ ҰЛЫТАУ"	"0"	"городская местность"	"0"	"Всего"	"0"	"Всего"	"0"	"-1 571"
"Сальдо миграции по всем потокам(Человек)"	"2024 год"	"202412"	"ШЕМОНАИХИНСКИЙ РАЙОН"	"0"	"городская местность"	"0"	"Всего"	"0"	"Всего"	"0"	"-140"
"Сальдо миграции по всем потокам(Человек)"	"2023 год"	"202312"	"ШЕМОНАИХИНСКИЙ РАЙОН"	"0"	"городская местность"	"0"	"Всего"	"0"	"Всего"	"0"	"-152"
"Сальдо миграции по всем потокам(Человек)"	"2024 год"	"202412"	"УСТЬ-КАМЕНОГОРСК Г.А."	"0"	"городская местность"	"0"	"Всего"	"0"	"Всего"	"0"	"2 374"
"Сальдо миграции по всем потокам(Человек)"	"2023 год"	"202312"	"УСТЬ-КАМЕНОГОРСК Г.А."	"0"	"городская местность"	"0"	"Всего"	"0"	"Всего"	"0"	"689"
"Сальдо миграции по всем потокам(Человек)"	"2024 год"	"202412"	"РАЙОН САРЫАРКА"	"0"	"городская местность"	"0"	"Всего"	"0"	"Всего"	"0"	"-2 893"
"Сальдо миграции по всем потокам(Человек)"	"2023 год"	"202312"	"РАЙОН САРЫАРКА"	"0"	"городская местность"	"0"	"Всего"	"0"	"Всего"	"0"	"1 013"
"Сальдо миграции по всем потокам(Человек)"	"2024 год"	"202412"	"БАЙЗАКСКИЙ РАЙОН"	"0"	"Всего"	"0"	"Всего"	"0"	"Всего"	"0"	"-1 491"
"Сальдо миграции по всем потокам(Человек)"	"2023 год"	"202312"	"БАЙЗАКСКИЙ РАЙОН"	"0"	"Всего"	"0"	"Всего"	"0"	"Всего"	"0"	"-1 211"
"Сальдо миграции по всем потокам(Человек)"	"2024 год"	"202412"	"БУРЛИНСКИЙ РАЙОН"	"0"	"сельская местность"	"0"	"Всего"	"0"	"Всего"	"0"	"-453"
"Сальдо миграции по всем потокам(Человек)"	"2023 год"	"202312"	"БУРЛИНСКИЙ РАЙОН"	"0"	"сельская местность"	"0"	"Всего"	"0"	"Всего"	"0"	"-162"
"Сальдо миграции по всем потокам(Человек)"	"2024 год"	"202412"	"АЛМАТИНСКАЯ ОБЛАСТЬ"	"0"	"сельская местность"	"0"	"Всего"	"0"	"Всего"	"0"	"7 503"
"Сальдо миграции по всем потокам(Человек)"	"2023 год"	"202312"	"АЛМАТИНСКАЯ ОБЛАСТЬ"	"0"	"сельская местность"	"0"	"Всего"	"0"	"Всего"	"0"	"303"
"Сальдо миграции по всем потокам(Человек)"	"2024 год"	"202412"	"ЖАМБЫЛСКИЙ РАЙОН"	"0"	"сельская местность"	"0"	"Всего"	"0"	"Всего"	"0"	"-2 037"
"Сальдо миграции по всем потокам(Человек)"	"2023 год"	"202312"	"ЖАМБЫЛСКИЙ РАЙОН"	"0"	"сельская местность"	"0"	"Всего"	"0"	"Всего"	"0"	"-1 697"
"Сальдо миграции по всем потокам(Человек)"	"2024 год"	"202412"	"ТЕРЕКТИНСКИЙ РАЙОН"	"0"	"Всего"	"0"	"Всего"	"0"	"Всего"	"0"	"-703"
"Сальдо миграции по всем потокам(Человек)"	"2023 год"	"202312"	"ТЕРЕКТИНСКИЙ РАЙОН"	"0"	"Всего"	"0"	"Всего"	"0"	"Всего"	"0"	"-305"
"Сальдо миграции по всем потокам(Человек)"	"2024 год"	"202412"	"АКЖАИКСКИЙ РАЙОН"	"0"	"Всего"	"0"	"Всего"	"0"	"Всего"	"0"	"-1 212"
"Сальдо миграции по всем потокам(Человек)"	"2023 год"	"202312"	"АКЖАИКСКИЙ РАЙОН"	"0"	"Всего"	"0"	"Всего"	"0"	"Всего"	"0"	"-735"
"Сальдо миграции по всем потокам(Человек)"	"2024 год"	"202412"	"КЕЛЕССКИЙ РАЙОН"	"0"	"Всего"	"0"	"Всего"	"0"	"Всего"	"0"	"-3 946"
"Сальдо миграции по всем потокам(Человек)"	"2023 год"	"202312"	"КЕЛЕССКИЙ РАЙОН"	"0"	"Всего"	"0"	"Всего"	"0"	"Всего"	"0"	"-2 772"
"Сальдо миграции по всем потокам(Человек)"	"2024 год"	"202412"	"АРЫСЬ Г.А."	"0"	"Всего"	"0"	"Всего"	"0"	"Всего"	"0"	"-2 285"
"Сальдо миграции по всем потокам(Человек)"	"2023 год"	"202312"	"АРЫСЬ Г.А."	"0"	"Всего"	"0"	"Всего"	"0"	"Всего"	"0"	"-1 366"
"Сальдо миграции по всем потокам(Человек)"	"2024 год"	"202412"	"РАЙОН САУРАН"	"0"	"Всего"	"0"	"Всего"	"0"	"Всего"	"0"	"-447"
"Сальдо миграции по всем потокам(Человек)"	"2023 год"	"202312"	"РАЙОН САУРАН"	"0"	"Всего"	"0"	"Всего"	"0"	"Всего"	"0"	"-258"
"Сальдо миграции по всем потокам(Человек)"	"2024 год"	"202412"	"САТПАЕВ Г.А."	"0"	"городская местность"	"0"	"Всего"	"0"	"Всего"	"0"	"-848"
"Сальдо миграции по всем потокам(Человек)"	"2023 год"	"202312"	"САТПАЕВ Г.А."	"0"	"городская местность"	"0"	"Всего"	"0"	"Всего"	"0"	"-579"
"Сальдо миграции по всем потокам(Человек)"	"2024 год"	"202412"	"РАЙОН БАЙҚОҢЫР"	"0"	"городская местность"	"0"	"Всего"	"0"	"Всего"	"0"	"-6 240"
"Сальдо миграции по всем потокам(Человек)"	"2023 год"	"202312"	"РАЙОН БАЙҚОҢЫР"	"0"	"городская местность"	"0"	"Всего"	"0"	"Всего"	"0"	"5 424"
"Сальдо миграции по всем потокам(Человек)"	"2024 год"	"202412"	"АТЫРАУСКАЯ ОБЛАСТЬ"	"0"	"сельская местность"	"0"	"Всего"	"0"	"Всего"	"0"	"274"
"Сальдо миграции по всем потокам(Человек)"	"2023 год"	"202312"	"АТЫРАУСКАЯ ОБЛАСТЬ"	"0"	"сельская местность"	"0"	"Всего"	"0"	"Всего"	"0"	"-2 493"
"Сальдо миграции по всем потокам(Человек)"	"2024 год"	"202412"	"КЕГЕНСКИЙ РАЙОН"	"0"	"сельская местность"	"0"	"Всего"	"0"	"Всего"	"0"	"-1 521"
"Сальдо миграции по всем потокам(Человек)"	"2023 год"	"202312"	"КЕГЕНСКИЙ РАЙОН"	"0"	"сельская местность"	"0"	"Всего"	"0"	"Всего"	"0"	"-1 020"
"Сальдо миграции по всем потокам(Человек)"	"2024 год"	"202412"	"ИЛИЙСКИЙ РАЙОН"	"0"	"сельская местность"	"0"	"Всего"	"0"	"Всего"	"0"	"2 781"
"Сальдо миграции по всем потокам(Человек)"	"2023 год"	"202312"	"ИЛИЙСКИЙ РАЙОН"	"0"	"сельская местность"	"0"	"Всего"	"0"	"Всего"	"0"	"1 711"
"Сальдо миграции по всем потокам(Человек)"	"2024 год"	"202412"	"АТЫРАУ Г.А."	"0"	"сельская местность"	"0"	"Всего"	"0"	"Всего"	"0"	"5 442"
"Сальдо миграции по всем потокам(Человек)"	"2023 год"	"202312"	"АТЫРАУ Г.А."	"0"	"сельская местность"	"0"	"Всего"	"0"	"Всего"	"0"	"1 662"
"Сальдо миграции по всем потокам(Человек)"	"2024 год"	"202412"	"ИРТЫШСКИЙ РАЙОН"	"0"	"сельская местность"	"0"	"Всего"	"0"	"Всего"	"0"	"-511"
"Сальдо миграции по всем потокам(Человек)"	"2023 год"	"202312"	"ИРТЫШСКИЙ РАЙОН"	"0"	"сельская местность"	"0"	"Всего"	"0"	"Всего"	"0"	"-338"
"Сальдо миграции по всем потокам(Человек)"	"2024 год"	"202412"	"КЕНТАУ Г.А."	"0"	"Всего"	"0"	"Всего"	"0"	"Всего"	"0"	"-1 522"
"Сальдо миграции по всем потокам(Человек)"	"2023 год"	"202312"	"КЕНТАУ Г.А."	"0"	"Всего"	"0"	"Всего"	"0"	"Всего"	"0"	"-1 321"
"Сальдо миграции по всем потокам(Человек)"	"2024 год"	"202412"	"КАРАЖАЛ Г.А."	"0"	"Всего"	"0"	"Всего"	"0"	"Всего"	"0"	"-200"
"Сальдо миграции по всем потокам(Человек)"	"2023 год"	"202312"	"КАРАЖАЛ Г.А."	"0"	"Всего"	"0"	"Всего"	"0"	"Всего"	"0"	"-319"
"Сальдо миграции по всем потокам(Человек)"	"2024 год"	"202412"	"САТПАЕВ Г.А."	"0"	"Всего"	"0"	"Всего"	"0"	"Всего"	"0"	"-853"
"Сальдо миграции по всем потокам(Человек)"	"2023 год"	"202312"	"САТПАЕВ Г.А."	"0"	"Всего"	"0"	"Всего"	"0"	"Всего"	"0"	"-583"
"Сальдо миграции по всем потокам(Человек)"	"2024 год"	"202412"	"АУЭЗОВСКИЙ РАЙОН"	"0"	"Всего"	"0"	"Всего"	"0"	"Всего"	"0"	"-2 232"
"Сальдо миграции по всем потокам(Человек)"	"2023 год"	"202312"	"АУЭЗОВСКИЙ РАЙОН"	"0"	"Всего"	"0"	"Всего"	"0"	"Всего"	"0"	"539"
"Сальдо миграции по всем потокам(Человек)"	"2024 год"	"202412"	"АЛМАЛИНСКИЙ РАЙОН"	"0"	"Всего"	"0"	"Всего"	"0"	"Всего"	"0"	"2 081"
"Сальдо миграции по всем потокам(Человек)"	"2023 год"	"202312"	"АЛМАЛИНСКИЙ РАЙОН"	"0"	"Всего"	"0"	"Всего"	"0"	"Всего"	"0"	"2 071"
"Сальдо миграции по всем потокам(Человек)"	"2024 год"	"202412"	"МАКАТСКИЙ РАЙОН"	"0"	"сельская местность"	"0"	"Всего"	"0"	"Всего"	"0"	"-707"
"Сальдо миграции по всем потокам(Человек)"	"2023 год"	"202312"	"МАКАТСКИЙ РАЙОН"	"0"	"сельская местность"	"0"	"Всего"	"0"	"Всего"	"0"	"-513"
"Сальдо миграции по всем потокам(Человек)"	"2024 год"	"202412"	"ЖЫЛЫОЙСКИЙ РАЙОН"	"0"	"городская местность"	"0"	"Всего"	"0"	"Всего"	"0"	"-2 970"
"Сальдо миграции по всем потокам(Человек)"	"2023 год"	"202312"	"ЖЫЛЫОЙСКИЙ РАЙОН"	"0"	"городская местность"	"0"	"Всего"	"0"	"Всего"	"0"	"-726"
"Сальдо миграции по всем потокам(Человек)"	"2024 год"	"202412"	"ПАВЛОДАР Г.А."	"0"	"сельская местность"	"0"	"Всего"	"0"	"Всего"	"0"	"116"
"Сальдо миграции по всем потокам(Человек)"	"2023 год"	"202312"	"ПАВЛОДАР Г.А."	"0"	"сельская местность"	"0"	"Всего"	"0"	"Всего"	"0"	"238"
"Сальдо миграции по всем потокам(Человек)"	"2024 год"	"202412"	"АКСУ Г.А."	"0"	"сельская местность"	"0"	"Всего"	"0"	"Всего"	"0"	"-321"
"Сальдо миграции по всем потокам(Человек)"	"2023 год"	"202312"	"АКСУ Г.А."	"0"	"сельская местность"	"0"	"Всего"	"0"	"Всего"	"0"	"15"
"Сальдо миграции по всем потокам(Человек)"	"2024 год"	"202412"	"ЧИНГИРЛАУСКИЙ РАЙОН"	"0"	"Всего"	"0"	"Всего"	"0"	"Всего"	"0"	"-370"
"Сальдо миграции по всем потокам(Человек)"	"2023 год"	"202312"	"ЧИНГИРЛАУСКИЙ РАЙОН"	"0"	"Всего"	"0"	"Всего"	"0"	"Всего"	"0"	"-195"
"Сальдо миграции по всем потокам(Человек)"	"2024 год"	"202412"	"САРЫАГАШСКИЙ РАЙОН"	"0"	"Всего"	"0"	"Всего"	"0"	"Всего"	"0"	"-3 108"
"Сальдо миграции по всем потокам(Человек)"	"2023 год"	"202312"	"САРЫАГАШСКИЙ РАЙОН"	"0"	"Всего"	"0"	"Всего"	"0"	"Всего"	"0"	"-2 402"
"Сальдо миграции по всем потокам(Человек)"	"2024 год"	"202412"	"АЛАТАУСКИЙ РАЙОН"	"0"	"Всего"	"0"	"Всего"	"0"	"Всего"	"0"	"8 036"
"Сальдо миграции по всем потокам(Человек)"	"2023 год"	"202312"	"АЛАТАУСКИЙ РАЙОН"	"0"	"Всего"	"0"	"Всего"	"0"	"Всего"	"0"	"7 729"
"Сальдо миграции по всем потокам(Человек)"	"2024 год"	"202412"	"БАЛХАШСКИЙ РАЙОН"	"0"	"сельская местность"	"0"	"Всего"	"0"	"Всего"	"0"	"-876"
"Сальдо миграции по всем потокам(Человек)"	"2023 год"	"202312"	"БАЛХАШСКИЙ РАЙОН"	"0"	"сельская местность"	"0"	"Всего"	"0"	"Всего"	"0"	"-702"
"Сальдо миграции по всем потокам(Человек)"	"2024 год"	"202412"	"ЕНБЕКШИКАЗАХСКИЙ РАЙОН"	"0"	"сельская местность"	"0"	"Всего"	"0"	"Всего"	"0"	"-3 482"
"Сальдо миграции по всем потокам(Человек)"	"2023 год"	"202312"	"ЕНБЕКШИКАЗАХСКИЙ РАЙОН"	"0"	"сельская местность"	"0"	"Всего"	"0"	"Всего"	"0"	"-2 716"
"Сальдо миграции по всем потокам(Человек)"	"2024 год"	"202412"	"БЕСКАРАГАЙСКИЙ РАЙОН"	"0"	"сельская местность"	"0"	"Всего"	"0"	"Всего"	"0"	"-445"
"Сальдо миграции по всем потокам(Человек)"	"2023 год"	"202312"	"БЕСКАРАГАЙСКИЙ РАЙОН"	"0"	"сельская местность"	"0"	"Всего"	"0"	"Всего"	"0"	"-282"
"Сальдо миграции по всем потокам(Человек)"	"2024 год"	"202412"	"САНДЫКТАУСКИЙ РАЙОН"	"0"	"Всего"	"0"	"Всего"	"0"	"Всего"	"0"	"-331"
"Сальдо миграции по всем потокам(Человек)"	"2023 год"	"202312"	"САНДЫКТАУСКИЙ РАЙОН"	"0"	"Всего"	"0"	"Всего"	"0"	"Всего"	"0"	"-175"
"Сальдо миграции по всем потокам(Человек)"	"2024 год"	"202412"	"САРАНЬ Г.А."	"0"	"Всего"	"0"	"Всего"	"0"	"Всего"	"0"	"-202"
"Сальдо миграции по всем потокам(Человек)"	"2023 год"	"202312"	"САРАНЬ Г.А."	"0"	"Всего"	"0"	"Всего"	"0"	"Всего"	"0"	"-116"
"Сальдо миграции по всем потокам(Человек)"	"2024 год"	"202412"	"КАРАГАНДИНСКАЯ ОБЛАСТЬ"	"0"	"Всего"	"0"	"Всего"	"0"	"Всего"	"0"	"-6 181"
"Сальдо миграции по всем потокам(Человек)"	"2023 год"	"202312"	"КАРАГАНДИНСКАЯ ОБЛАСТЬ"	"0"	"Всего"	"0"	"Всего"	"0"	"Всего"	"0"	"-5 133"
"Сальдо миграции по всем потокам(Человек)"	"2024 год"	"202412"	"ШОРТАНДИНСКИЙ РАЙОН"	"0"	"сельская местность"	"0"	"Всего"	"0"	"Всего"	"0"	"-636"
"Сальдо миграции по всем потокам(Человек)"	"2023 год"	"202312"	"ШОРТАНДИНСКИЙ РАЙОН"	"0"	"сельская местность"	"0"	"Всего"	"0"	"Всего"	"0"	"-535"
"Сальдо миграции по всем потокам(Человек)"	"2024 год"	"202412"	"ШАЛКАРСКИЙ РАЙОН"	"0"	"городская местность"	"0"	"Всего"	"0"	"Всего"	"0"	"-560"
"Сальдо миграции по всем потокам(Человек)"	"2023 год"	"202312"	"ШАЛКАРСКИЙ РАЙОН"	"0"	"городская местность"	"0"	"Всего"	"0"	"Всего"	"0"	"-543"
"Сальдо миграции по всем потокам(Человек)"	"2024 год"	"202412"	"МУГАЛЖАРСКИЙ РАЙОН"	"0"	"городская местность"	"0"	"Всего"	"0"	"Всего"	"0"	"-1 075"
"Сальдо миграции по всем потокам(Человек)"	"2023 год"	"202312"	"МУГАЛЖАРСКИЙ РАЙОН"	"0"	"городская местность"	"0"	"Всего"	"0"	"Всего"	"0"	"-547"
"Сальдо миграции по всем потокам(Человек)"	"2024 год"	"202412"	"ХРОМТАУСКИЙ РАЙОН"	"0"	"городская местность"	"0"	"Всего"	"0"	"Всего"	"0"	"-21"
"Сальдо миграции по всем потокам(Человек)"	"2023 год"	"202312"	"ХРОМТАУСКИЙ РАЙОН"	"0"	"городская местность"	"0"	"Всего"	"0"	"Всего"	"0"	"-30"
"Сальдо миграции по всем потокам(Человек)"	"2024 год"	"202412"	"БАЙГАНИНСКИЙ РАЙОН"	"0"	"сельская местность"	"0"	"Всего"	"0"	"Всего"	"0"	"-627"
"Сальдо миграции по всем потокам(Человек)"	"2023 год"	"202312"	"БАЙГАНИНСКИЙ РАЙОН"	"0"	"сельская местность"	"0"	"Всего"	"0"	"Всего"	"0"	"-364"
"Сальдо миграции по всем потокам(Человек)"	"2024 год"	"202412"	"МУГАЛЖАРСКИЙ РАЙОН"	"0"	"сельская местность"	"0"	"Всего"	"0"	"Всего"	"0"	"-701"
"Сальдо миграции по всем потокам(Человек)"	"2023 год"	"202312"	"МУГАЛЖАРСКИЙ РАЙОН"	"0"	"сельская местность"	"0"	"Всего"	"0"	"Всего"	"0"	"-259"
"Сальдо миграции по всем потокам(Человек)"	"2024 год"	"202412"	"АСТРАХАНСКИЙ РАЙОН"	"0"	"Всего"	"0"	"Всего"	"0"	"Всего"	"0"	"-719"
"Сальдо миграции по всем потокам(Человек)"	"2023 год"	"202312"	"АСТРАХАНСКИЙ РАЙОН"	"0"	"Всего"	"0"	"Всего"	"0"	"Всего"	"0"	"-526"
"Сальдо миграции по всем потокам(Человек)"	"2024 год"	"202412"	"РАЙОН АҚСУАТ"	"0"	"сельская местность"	"0"	"Всего"	"0"	"Всего"	"0"	"-672"
"Сальдо миграции по всем потокам(Человек)"	"2023 год"	"202312"	"РАЙОН АҚСУАТ"	"0"	"сельская местность"	"0"	"Всего"	"0"	"Всего"	"0"	"-612"
"Сальдо миграции по всем потокам(Человек)"	"2024 год"	"202412"	"ТЕМИРТАУ Г.А."	"0"	"Всего"	"0"	"Всего"	"0"	"Всего"	"0"	"-756"
"Сальдо миграции по всем потокам(Человек)"	"2023 год"	"202312"	"ТЕМИРТАУ Г.А."	"0"	"Всего"	"0"	"Всего"	"0"	"Всего"	"0"	"-816"
"Сальдо миграции по всем потокам(Человек)"	"2024 год"	"202412"	"КОКШЕТАУ Г.А."	"0"	"сельская местность"	"0"	"Всего"	"0"	"Всего"	"0"	"-224"
"Сальдо миграции по всем потокам(Человек)"	"2023 год"	"202312"	"КОКШЕТАУ Г.А."	"0"	"сельская местность"	"0"	"Всего"	"0"	"Всего"	"0"	"1"
"Сальдо миграции по всем потокам(Человек)"	"2024 год"	"202412"	"УРДЖАРСКИЙ РАЙОН"	"0"	"сельская местность"	"0"	"Всего"	"0"	"Всего"	"0"	"-1 109"
"Сальдо миграции по всем потокам(Человек)"	"2023 год"	"202312"	"УРДЖАРСКИЙ РАЙОН"	"0"	"сельская местность"	"0"	"Всего"	"0"	"Всего"	"0"	"-1 692"
"Сальдо миграции по всем потокам(Человек)"	"2024 год"	"202412"	"ШОРТАНДИНСКИЙ РАЙОН"	"0"	"Всего"	"0"	"Всего"	"0"	"Всего"	"0"	"-636"
"Сальдо миграции по всем потокам(Человек)"	"2023 год"	"202312"	"ШОРТАНДИНСКИЙ РАЙОН"	"0"	"Всего"	"0"	"Всего"	"0"	"Всего"	"0"	"-535"
"Сальдо миграции по всем потокам(Человек)"	"2024 год"	"202412"	"ШЕТСКИЙ РАЙОН"	"0"	"Всего"	"0"	"Всего"	"0"	"Всего"	"0"	"-1 445"
"Сальдо миграции по всем потокам(Человек)"	"2023 год"	"202312"	"ШЕТСКИЙ РАЙОН"	"0"	"Всего"	"0"	"Всего"	"0"	"Всего"	"0"	"-1 050"
"Сальдо миграции по всем потокам(Человек)"	"2024 год"	"202412"	"НУРИНСКИЙ РАЙОН"	"0"	"Всего"	"0"	"Всего"	"0"	"Всего"	"0"	"-757"
"Сальдо миграции по всем потокам(Человек)"	"2023 год"	"202312"	"НУРИНСКИЙ РАЙОН"	"0"	"Всего"	"0"	"Всего"	"0"	"Всего"	"0"	"-523"
"Сальдо миграции по всем потокам(Человек)"	"2024 год"	"202412"	"ПАНФИЛОВСКИЙ РАЙОН"	"0"	"сельская местность"	"0"	"Всего"	"0"	"Всего"	"0"	"-1 678"
"Сальдо миграции по всем потокам(Человек)"	"2023 год"	"202312"	"ПАНФИЛОВСКИЙ РАЙОН"	"0"	"сельская местность"	"0"	"Всего"	"0"	"Всего"	"0"	"-1 214"
"Сальдо миграции по всем потокам(Человек)"	"2024 год"	"202412"	"КЕРБУЛАКСКИЙ РАЙОН"	"0"	"сельская местность"	"0"	"Всего"	"0"	"Всего"	"0"	"-1 753"
"Сальдо миграции по всем потокам(Человек)"	"2023 год"	"202312"	"КЕРБУЛАКСКИЙ РАЙОН"	"0"	"сельская местность"	"0"	"Всего"	"0"	"Всего"	"0"	"-1 554"
"Сальдо миграции по всем потокам(Человек)"	"2024 год"	"202412"	"ЖАЛАГАШСКИЙ РАЙОН"	"0"	"сельская местность"	"0"	"Всего"	"0"	"Всего"	"0"	"-696"
"Сальдо миграции по всем потокам(Человек)"	"2023 год"	"202312"	"ЖАЛАГАШСКИЙ РАЙОН"	"0"	"сельская местность"	"0"	"Всего"	"0"	"Всего"	"0"	"-441"
"Сальдо миграции по всем потокам(Человек)"	"2024 год"	"202412"	"СЫРДАРЬИНСКИЙ РАЙОН"	"0"	"Всего"	"0"	"Всего"	"0"	"Всего"	"0"	"-654"
"Сальдо миграции по всем потокам(Человек)"	"2023 год"	"202312"	"СЫРДАРЬИНСКИЙ РАЙОН"	"0"	"Всего"	"0"	"Всего"	"0"	"Всего"	"0"	"-437"
"Сальдо миграции по всем потокам(Человек)"	"2024 год"	"202412"	"ЖАНАКОРГАНСКИЙ РАЙОН"	"0"	"Всего"	"0"	"Всего"	"0"	"Всего"	"0"	"-1 339"
"Сальдо миграции по всем потокам(Человек)"	"2023 год"	"202312"	"ЖАНАКОРГАНСКИЙ РАЙОН"	"0"	"Всего"	"0"	"Всего"	"0"	"Всего"	"0"	"-871"
"Сальдо миграции по всем потокам(Человек)"	"2024 год"	"202412"	"АККОЛЬСКИЙ РАЙОН"	"0"	"сельская местность"	"0"	"Всего"	"0"	"Всего"	"0"	"-325"
"Сальдо миграции по всем потокам(Человек)"	"2023 год"	"202312"	"АККОЛЬСКИЙ РАЙОН"	"0"	"сельская местность"	"0"	"Всего"	"0"	"Всего"	"0"	"-353"
"Сальдо миграции по всем потокам(Человек)"	"2024 год"	"202412"	"ЕГИНДЫКОЛЬСКИЙ РАЙОН"	"0"	"сельская местность"	"0"	"Всего"	"0"	"Всего"	"0"	"-199"
"Сальдо миграции по всем потокам(Человек)"	"2023 год"	"202312"	"ЕГИНДЫКОЛЬСКИЙ РАЙОН"	"0"	"сельская местность"	"0"	"Всего"	"0"	"Всего"	"0"	"-204"
"Сальдо миграции по всем потокам(Человек)"	"2024 год"	"202412"	"САНДЫКТАУСКИЙ РАЙОН"	"0"	"сельская местность"	"0"	"Всего"	"0"	"Всего"	"0"	"-331"
"Сальдо миграции по всем потокам(Человек)"	"2023 год"	"202312"	"САНДЫКТАУСКИЙ РАЙОН"	"0"	"сельская местность"	"0"	"Всего"	"0"	"Всего"	"0"	"-175"
"Сальдо миграции по всем потокам(Человек)"	"2024 год"	"202412"	"КОСШЫ Г.А."	"0"	"сельская местность"	"0"	"Всего"	"0"	"Всего"	"0"	"114"
"Сальдо миграции по всем потокам(Человек)"	"2023 год"	"202312"	"КОСШЫ Г.А."	"0"	"сельская местность"	"0"	"Всего"	"0"	"Всего"	"0"	"151"
"Сальдо миграции по всем потокам(Человек)"	"2024 год"	"202412"	"ЖАРКАИНСКИЙ РАЙОН"	"0"	"Всего"	"0"	"Всего"	"0"	"Всего"	"0"	"-461"
"Сальдо миграции по всем потокам(Человек)"	"2023 год"	"202312"	"ЖАРКАИНСКИЙ РАЙОН"	"0"	"Всего"	"0"	"Всего"	"0"	"Всего"	"0"	"-469"
"Сальдо миграции по всем потокам(Человек)"	"2024 год"	"202412"	"АКМОЛИНСКАЯ ОБЛАСТЬ"	"0"	"Всего"	"0"	"Всего"	"0"	"Всего"	"0"	"-3 679"
"Сальдо миграции по всем потокам(Человек)"	"2023 год"	"202312"	"АКМОЛИНСКАЯ ОБЛАСТЬ"	"0"	"Всего"	"0"	"Всего"	"0"	"Всего"	"0"	"-4 056"
"Сальдо миграции по всем потокам(Человек)"	"2023 год"	"202312"	"СЕМЕЙ Г.А."	"0"	"сельская местность"	"0"	"Всего"	"0"	"Всего"	"0"	"-315"
"Сальдо миграции по всем потокам(Человек)"	"2024 год"	"202412"	"АБАЙСКИЙ РАЙОН"	"0"	"Всего"	"0"	"Всего"	"0"	"Всего"	"0"	"-858"
"Сальдо миграции по всем потокам(Человек)"	"2023 год"	"202312"	"АБАЙСКИЙ РАЙОН"	"0"	"Всего"	"0"	"Всего"	"0"	"Всего"	"0"	"-411"
"Сальдо миграции по всем потокам(Человек)"	"2024 год"	"202412"	"КАРМАКШИНСКИЙ РАЙОН"	"0"	"сельская местность"	"0"	"Всего"	"0"	"Всего"	"0"	"-1 415"
"Сальдо миграции по всем потокам(Человек)"	"2023 год"	"202312"	"КАРМАКШИНСКИЙ РАЙОН"	"0"	"сельская местность"	"0"	"Всего"	"0"	"Всего"	"0"	"-760"
"Сальдо миграции по всем потокам(Человек)"	"2024 год"	"202412"	"АСТРАХАНСКИЙ РАЙОН"	"0"	"сельская местность"	"0"	"Всего"	"0"	"Всего"	"0"	"-719"
"Сальдо миграции по всем потокам(Человек)"	"2023 год"	"202312"	"АСТРАХАНСКИЙ РАЙОН"	"0"	"сельская местность"	"0"	"Всего"	"0"	"Всего"	"0"	"-526"
"Сальдо миграции по всем потокам(Человек)"	"2024 год"	"202412"	"КОРГАЛЖЫНСКИЙ РАЙОН"	"0"	"сельская местность"	"0"	"Всего"	"0"	"Всего"	"0"	"-416"
"Сальдо миграции по всем потокам(Человек)"	"2023 год"	"202312"	"КОРГАЛЖЫНСКИЙ РАЙОН"	"0"	"сельская местность"	"0"	"Всего"	"0"	"Всего"	"0"	"-332"
"Сальдо миграции по всем потокам(Человек)"	"2024 год"	"202412"	"ЖАКСЫНСКИЙ РАЙОН"	"0"	"сельская местность"	"0"	"Всего"	"0"	"Всего"	"0"	"-420"
"Сальдо миграции по всем потокам(Человек)"	"2023 год"	"202312"	"ЖАКСЫНСКИЙ РАЙОН"	"0"	"сельская местность"	"0"	"Всего"	"0"	"Всего"	"0"	"-406"
"Сальдо миграции по всем потокам(Человек)"	"2024 год"	"202412"	"ЕРЕЙМЕНТАУСКИЙ РАЙОН"	"0"	"сельская местность"	"0"	"Всего"	"0"	"Всего"	"0"	"-802"
"Сальдо миграции по всем потокам(Человек)"	"2023 год"	"202312"	"ЕРЕЙМЕНТАУСКИЙ РАЙОН"	"0"	"сельская местность"	"0"	"Всего"	"0"	"Всего"	"0"	"-528"
"Сальдо миграции по всем потокам(Человек)"	"2024 год"	"202412"	"ЕСИЛЬСКИЙ РАЙОН"	"0"	"сельская местность"	"0"	"Всего"	"0"	"Всего"	"0"	"-387"
"Сальдо миграции по всем потокам(Человек)"	"2023 год"	"202312"	"ЕСИЛЬСКИЙ РАЙОН"	"0"	"сельская местность"	"0"	"Всего"	"0"	"Всего"	"0"	"-290"
"Сальдо миграции по всем потокам(Человек)"	"2024 год"	"202412"	"ОБЛАСТЬ ЖЕТІСУ"	"0"	"сельская местность"	"0"	"Всего"	"0"	"Всего"	"0"	"-8 003"
"Сальдо миграции по всем потокам(Человек)"	"2023 год"	"202312"	"ОБЛАСТЬ ЖЕТІСУ"	"0"	"сельская местность"	"0"	"Всего"	"0"	"Всего"	"0"	"-6 136"
"Сальдо миграции по всем потокам(Человек)"	"2024 год"	"202412"	"КАРАТАЛЬСКИЙ РАЙОН"	"0"	"городская местность"	"0"	"Всего"	"0"	"Всего"	"0"	"-566"
"Сальдо миграции по всем потокам(Человек)"	"2023 год"	"202312"	"КАРАТАЛЬСКИЙ РАЙОН"	"0"	"городская местность"	"0"	"Всего"	"0"	"Всего"	"0"	"-429"
"Сальдо миграции по всем потокам(Человек)"	"2024 год"	"202412"	"БУРАБАЙСКИЙ РАЙОН"	"0"	"сельская местность"	"0"	"Всего"	"0"	"Всего"	"0"	"-457"
"Сальдо миграции по всем потокам(Человек)"	"2023 год"	"202312"	"БУРАБАЙСКИЙ РАЙОН"	"0"	"сельская местность"	"0"	"Всего"	"0"	"Всего"	"0"	"-407"
"Сальдо миграции по всем потокам(Человек)"	"2024 год"	"202412"	"АКМОЛИНСКАЯ ОБЛАСТЬ"	"0"	"сельская местность"	"0"	"Всего"	"0"	"Всего"	"0"	"-6 232"
"Сальдо миграции по всем потокам(Человек)"	"2023 год"	"202312"	"АКМОЛИНСКАЯ ОБЛАСТЬ"	"0"	"сельская местность"	"0"	"Всего"	"0"	"Всего"	"0"	"-5 166"
"Сальдо миграции по всем потокам(Человек)"	"2024 год"	"202412"	"АЯГОЗСКИЙ РАЙОН"	"0"	"сельская местность"	"0"	"Всего"	"0"	"Всего"	"0"	"-852"
"Сальдо миграции по всем потокам(Человек)"	"2023 год"	"202312"	"АЯГОЗСКИЙ РАЙОН"	"0"	"сельская местность"	"0"	"Всего"	"0"	"Всего"	"0"	"-743"
"Сальдо миграции по всем потокам(Человек)"	"2024 год"	"202412"	"КОКПЕКТИНСКИЙ РАЙОН"	"0"	"сельская местность"	"0"	"Всего"	"0"	"Всего"	"0"	"-455"
"Сальдо миграции по всем потокам(Человек)"	"2023 год"	"202312"	"КОКПЕКТИНСКИЙ РАЙОН"	"0"	"сельская местность"	"0"	"Всего"	"0"	"Всего"	"0"	"-319"
"Сальдо миграции по всем потокам(Человек)"	"2024 год"	"202412"	"РАЙОН БИРЖАН САЛ"	"0"	"Всего"	"0"	"Всего"	"0"	"Всего"	"0"	"-510"
"Сальдо миграции по всем потокам(Человек)"	"2023 год"	"202312"	"РАЙОН БИРЖАН САЛ"	"0"	"Всего"	"0"	"Всего"	"0"	"Всего"	"0"	"-275"
"Сальдо миграции по всем потокам(Человек)"	"2024 год"	"202412"	"БУРАБАЙСКИЙ РАЙОН"	"0"	"Всего"	"0"	"Всего"	"0"	"Всего"	"0"	"-674"
"Сальдо миграции по всем потокам(Человек)"	"2023 год"	"202312"	"БУРАБАЙСКИЙ РАЙОН"	"0"	"Всего"	"0"	"Всего"	"0"	"Всего"	"0"	"-532"
"Сальдо миграции по всем потокам(Человек)"	"2024 год"	"202412"	"ПРИОЗЕРСК Г.А."	"0"	"Всего"	"0"	"Всего"	"0"	"Всего"	"0"	"-356"
"Сальдо миграции по всем потокам(Человек)"	"2023 год"	"202312"	"ПРИОЗЕРСК Г.А."	"0"	"Всего"	"0"	"Всего"	"0"	"Всего"	"0"	"-175"
"Сальдо миграции по всем потокам(Человек)"	"2024 год"	"202412"	"АЛАКОЛЬСКИЙ РАЙОН"	"0"	"городская местность"	"0"	"Всего"	"0"	"Всего"	"0"	"-554"
"Сальдо миграции по всем потокам(Человек)"	"2023 год"	"202312"	"АЛАКОЛЬСКИЙ РАЙОН"	"0"	"городская местность"	"0"	"Всего"	"0"	"Всего"	"0"	"-334"
"Сальдо миграции по всем потокам(Человек)"	"2024 год"	"202412"	"ТАЛДЫКОРГАН Г.А."	"0"	"городская местность"	"0"	"Всего"	"0"	"Всего"	"0"	"-343"
"Сальдо миграции по всем потокам(Человек)"	"2023 год"	"202312"	"ТАЛДЫКОРГАН Г.А."	"0"	"городская местность"	"0"	"Всего"	"0"	"Всего"	"0"	"-1 124"
"Сальдо миграции по всем потокам(Человек)"	"2024 год"	"202412"	"КАЗАЛИНСКИЙ РАЙОН"	"0"	"Всего"	"0"	"Всего"	"0"	"Всего"	"0"	"-1 227"
"Сальдо миграции по всем потокам(Человек)"	"2023 год"	"202312"	"КАЗАЛИНСКИЙ РАЙОН"	"0"	"Всего"	"0"	"Всего"	"0"	"Всего"	"0"	"-897"
"Сальдо миграции по всем потокам(Человек)"	"2024 год"	"202412"	"ШИЕЛИЙСКИЙ РАЙОН"	"0"	"Всего"	"0"	"Всего"	"0"	"Всего"	"0"	"-1 356"
"Сальдо миграции по всем потокам(Человек)"	"2023 год"	"202312"	"ШИЕЛИЙСКИЙ РАЙОН"	"0"	"Всего"	"0"	"Всего"	"0"	"Всего"	"0"	"-916"
"Сальдо миграции по всем потокам(Человек)"	"2024 год"	"202412"	"КАРГАЛИНСКИЙ РАЙОН"	"0"	"сельская местность"	"0"	"Всего"	"0"	"Всего"	"0"	"-313"
"Сальдо миграции по всем потокам(Человек)"	"2023 год"	"202312"	"КАРГАЛИНСКИЙ РАЙОН"	"0"	"сельская местность"	"0"	"Всего"	"0"	"Всего"	"0"	"-44"
"Сальдо миграции по всем потокам(Человек)"	"2024 год"	"202412"	"ОБЛАСТЬ АБАЙ"	"0"	"сельская местность"	"0"	"Всего"	"0"	"Всего"	"0"	"-7 616"
"Сальдо миграции по всем потокам(Человек)"	"2023 год"	"202312"	"ОБЛАСТЬ АБАЙ"	"0"	"сельская местность"	"0"	"Всего"	"0"	"Всего"	"0"	"-5 841"
"Сальдо миграции по всем потокам(Человек)"	"2024 год"	"202412"	"ЗЕРЕНДИНСКИЙ РАЙОН"	"0"	"Всего"	"0"	"Всего"	"0"	"Всего"	"0"	"-1 203"
"Сальдо миграции по всем потокам(Человек)"	"2023 год"	"202312"	"ЗЕРЕНДИНСКИЙ РАЙОН"	"0"	"Всего"	"0"	"Всего"	"0"	"Всего"	"0"	"-630"
"Сальдо миграции по всем потокам(Человек)"	"2024 год"	"202412"	"КЫЗЫЛОРДИНСКАЯ ОБЛАСТЬ"	"0"	"сельская местность"	"0"	"Всего"	"0"	"Всего"	"0"	"-6 562"
"Сальдо миграции по всем потокам(Человек)"	"2023 год"	"202312"	"КЫЗЫЛОРДИНСКАЯ ОБЛАСТЬ"	"0"	"сельская местность"	"0"	"Всего"	"0"	"Всего"	"0"	"-3 846"
"Сальдо миграции по всем потокам(Человек)"	"2024 год"	"202412"	"ЖАРМИНСКИЙ РАЙОН"	"0"	"сельская местность"	"0"	"Всего"	"0"	"Всего"	"0"	"-1 297"
"Сальдо миграции по всем потокам(Человек)"	"2023 год"	"202312"	"ЖАРМИНСКИЙ РАЙОН"	"0"	"сельская местность"	"0"	"Всего"	"0"	"Всего"	"0"	"-973"
"Сальдо миграции по всем потокам(Человек)"	"2024 год"	"202412"	"БУХАР-ЖЫРАУСКИЙ РАЙОН"	"0"	"Всего"	"0"	"Всего"	"0"	"Всего"	"0"	"-1 030"
"Сальдо миграции по всем потокам(Человек)"	"2023 год"	"202312"	"БУХАР-ЖЫРАУСКИЙ РАЙОН"	"0"	"Всего"	"0"	"Всего"	"0"	"Всего"	"0"	"-1 132"
"Сальдо миграции по всем потокам(Человек)"	"2024 год"	"202412"	"САРКАНСКИЙ РАЙОН"	"0"	"сельская местность"	"0"	"Всего"	"0"	"Всего"	"0"	"-635"
"Сальдо миграции по всем потокам(Человек)"	"2023 год"	"202312"	"САРКАНСКИЙ РАЙОН"	"0"	"сельская местность"	"0"	"Всего"	"0"	"Всего"	"0"	"-524"
"Сальдо миграции по всем потокам(Человек)"	"2024 год"	"202412"	"АРАЛЬСКИЙ РАЙОН"	"0"	"сельская местность"	"0"	"Всего"	"0"	"Всего"	"0"	"-1 010"
"Сальдо миграции по всем потокам(Человек)"	"2023 год"	"202312"	"АРАЛЬСКИЙ РАЙОН"	"0"	"сельская местность"	"0"	"Всего"	"0"	"Всего"	"0"	"-574"
"Сальдо миграции по всем потокам(Человек)"	"2024 год"	"202412"	"КАЗАЛИНСКИЙ РАЙОН"	"0"	"городская местность"	"0"	"Всего"	"0"	"Всего"	"0"	"-101"
"Сальдо миграции по всем потокам(Человек)"	"2023 год"	"202312"	"КАЗАЛИНСКИЙ РАЙОН"	"0"	"городская местность"	"0"	"Всего"	"0"	"Всего"	"0"	"-74"
"Сальдо миграции по всем потокам(Человек)"	"2024 год"	"202412"	"АРАЛЬСКИЙ РАЙОН"	"0"	"городская местность"	"0"	"Всего"	"0"	"Всего"	"0"	"-375"
"Сальдо миграции по всем потокам(Человек)"	"2023 год"	"202312"	"АРАЛЬСКИЙ РАЙОН"	"0"	"городская местность"	"0"	"Всего"	"0"	"Всего"	"0"	"-515"
"Сальдо миграции по всем потокам(Человек)"	"2024 год"	"202412"	"КЫЗЫЛОРДИНСКАЯ ОБЛАСТЬ"	"0"	"городская местность"	"0"	"Всего"	"0"	"Всего"	"0"	"-3 308"
"Сальдо миграции по всем потокам(Человек)"	"2023 год"	"202312"	"КЫЗЫЛОРДИНСКАЯ ОБЛАСТЬ"	"0"	"городская местность"	"0"	"Всего"	"0"	"Всего"	"0"	"-3 350"
"Сальдо миграции по всем потокам(Человек)"	"2024 год"	"202412"	"БАЙКОНЫР Г.А."	"0"	"Всего"	"0"	"Всего"	"0"	"Всего"	"0"	"-1 442"
"Сальдо миграции по всем потокам(Человек)"	"2023 год"	"202312"	"БАЙКОНЫР Г.А."	"0"	"Всего"	"0"	"Всего"	"0"	"Всего"	"0"	"-1 138"
"Сальдо миграции по всем потокам(Человек)"	"2024 год"	"202412"	"ХОБДИНСКИЙ РАЙОН"	"0"	"сельская местность"	"0"	"Всего"	"0"	"Всего"	"0"	"-432"
"Сальдо миграции по всем потокам(Человек)"	"2023 год"	"202312"	"ХОБДИНСКИЙ РАЙОН"	"0"	"сельская местность"	"0"	"Всего"	"0"	"Всего"	"0"	"-184"
"Сальдо миграции по всем потокам(Человек)"	"2024 год"	"202412"	"ИРГИЗСКИЙ РАЙОН"	"0"	"сельская местность"	"0"	"Всего"	"0"	"Всего"	"0"	"-451"
"Сальдо миграции по всем потокам(Человек)"	"2023 год"	"202312"	"ИРГИЗСКИЙ РАЙОН"	"0"	"сельская местность"	"0"	"Всего"	"0"	"Всего"	"0"	"-304"
"Сальдо миграции по всем потокам(Человек)"	"2024 год"	"202412"	"АЛГИНСКИЙ РАЙОН"	"0"	"сельская местность"	"0"	"Всего"	"0"	"Всего"	"0"	"-214"
"Сальдо миграции по всем потокам(Человек)"	"2023 год"	"202312"	"АЛГИНСКИЙ РАЙОН"	"0"	"сельская местность"	"0"	"Всего"	"0"	"Всего"	"0"	"30"
"Сальдо миграции по всем потокам(Человек)"	"2024 год"	"202412"	"АКТЮБИНСКАЯ ОБЛАСТЬ"	"0"	"сельская местность"	"0"	"Всего"	"0"	"Всего"	"0"	"-6 696"
"Сальдо миграции по всем потокам(Человек)"	"2023 год"	"202312"	"АКТЮБИНСКАЯ ОБЛАСТЬ"	"0"	"сельская местность"	"0"	"Всего"	"0"	"Всего"	"0"	"-3 192"
"Сальдо миграции по всем потокам(Человек)"	"2024 год"	"202412"	"КАРКАРАЛИНСКИЙ РАЙОН"	"0"	"Всего"	"0"	"Всего"	"0"	"Всего"	"0"	"-1 128"
"Сальдо миграции по всем потокам(Человек)"	"2023 год"	"202312"	"КАРКАРАЛИНСКИЙ РАЙОН"	"0"	"Всего"	"0"	"Всего"	"0"	"Всего"	"0"	"-847"
"Сальдо миграции по всем потокам(Человек)"	"2024 год"	"202412"	"ШАХТИНСК Г.А."	"0"	"Всего"	"0"	"Всего"	"0"	"Всего"	"0"	"-506"
"Сальдо миграции по всем потокам(Человек)"	"2023 год"	"202312"	"ШАХТИНСК Г.А."	"0"	"Всего"	"0"	"Всего"	"0"	"Всего"	"0"	"-245"
"Сальдо миграции по всем потокам(Человек)"	"2024 год"	"202412"	"АЛАКОЛЬСКИЙ РАЙОН"	"0"	"сельская местность"	"0"	"Всего"	"0"	"Всего"	"0"	"-1 201"
"Сальдо миграции по всем потокам(Человек)"	"2023 год"	"202312"	"АЛАКОЛЬСКИЙ РАЙОН"	"0"	"сельская местность"	"0"	"Всего"	"0"	"Всего"	"0"	"-910"
"Сальдо миграции по всем потокам(Человек)"	"2024 год"	"202412"	"КАРАТАЛЬСКИЙ РАЙОН"	"0"	"сельская местность"	"0"	"Всего"	"0"	"Всего"	"0"	"-406"
"Сальдо миграции по всем потокам(Человек)"	"2023 год"	"202312"	"КАРАТАЛЬСКИЙ РАЙОН"	"0"	"сельская местность"	"0"	"Всего"	"0"	"Всего"	"0"	"-344"
"Сальдо миграции по всем потокам(Человек)"	"2024 год"	"202412"	"БУЛАНДЫНСКИЙ РАЙОН"	"0"	"сельская местность"	"0"	"Всего"	"0"	"Всего"	"0"	"-380"
"Сальдо миграции по всем потокам(Человек)"	"2023 год"	"202312"	"БУЛАНДЫНСКИЙ РАЙОН"	"0"	"сельская местность"	"0"	"Всего"	"0"	"Всего"	"0"	"-353"
"Сальдо миграции по всем потокам(Человек)"	"2024 год"	"202412"	"КОКШЕТАУ Г.А."	"0"	"Всего"	"0"	"Всего"	"0"	"Всего"	"0"	"1 496"
"Сальдо миграции по всем потокам(Человек)"	"2023 год"	"202312"	"КОКШЕТАУ Г.А."	"0"	"Всего"	"0"	"Всего"	"0"	"Всего"	"0"	"756"
"Сальдо миграции по всем потокам(Человек)"	"2024 год"	"202412"	"АККОЛЬСКИЙ РАЙОН"	"0"	"Всего"	"0"	"Всего"	"0"	"Всего"	"0"	"-766"
"Сальдо миграции по всем потокам(Человек)"	"2023 год"	"202312"	"АККОЛЬСКИЙ РАЙОН"	"0"	"Всего"	"0"	"Всего"	"0"	"Всего"	"0"	"-658"
"Сальдо миграции по всем потокам(Человек)"	"2024 год"	"202412"	"АРАЛЬСКИЙ РАЙОН"	"0"	"Всего"	"0"	"Всего"	"0"	"Всего"	"0"	"-1 385"
"Сальдо миграции по всем потокам(Человек)"	"2023 год"	"202312"	"АРАЛЬСКИЙ РАЙОН"	"0"	"Всего"	"0"	"Всего"	"0"	"Всего"	"0"	"-1 089"
"Сальдо миграции по всем потокам(Человек)"	"2024 год"	"202412"	"КАРМАКШИНСКИЙ РАЙОН"	"0"	"Всего"	"0"	"Всего"	"0"	"Всего"	"0"	"-1 415"
"Сальдо миграции по всем потокам(Человек)"	"2023 год"	"202312"	"КАРМАКШИНСКИЙ РАЙОН"	"0"	"Всего"	"0"	"Всего"	"0"	"Всего"	"0"	"-760"
"Сальдо миграции по всем потокам(Человек)"	"2024 год"	"202412"	"ТЕМИРСКИЙ РАЙОН"	"0"	"сельская местность"	"0"	"Всего"	"0"	"Всего"	"0"	"-1 196"
"Сальдо миграции по всем потокам(Человек)"	"2023 год"	"202312"	"ТЕМИРСКИЙ РАЙОН"	"0"	"сельская местность"	"0"	"Всего"	"0"	"Всего"	"0"	"-584"
"Сальдо миграции по всем потокам(Человек)"	"2024 год"	"202412"	"АРШАЛЫНСКИЙ РАЙОН"	"0"	"Всего"	"0"	"Всего"	"0"	"Всего"	"0"	"360"
"Сальдо миграции по всем потокам(Человек)"	"2023 год"	"202312"	"АРШАЛЫНСКИЙ РАЙОН"	"0"	"Всего"	"0"	"Всего"	"0"	"Всего"	"0"	"-116"
"Сальдо миграции по всем потокам(Человек)"	"2024 год"	"202412"	"ЕГИНДЫКОЛЬСКИЙ РАЙОН"	"0"	"Всего"	"0"	"Всего"	"0"	"Всего"	"0"	"-199"
"Сальдо миграции по всем потокам(Человек)"	"2023 год"	"202312"	"ЕГИНДЫКОЛЬСКИЙ РАЙОН"	"0"	"Всего"	"0"	"Всего"	"0"	"Всего"	"0"	"-204"
"Сальдо миграции по всем потокам(Человек)"	"2024 год"	"202412"	"КОКСУСКИЙ РАЙОН"	"0"	"сельская местность"	"0"	"Всего"	"0"	"Всего"	"0"	"-874"
"Сальдо миграции по всем потокам(Человек)"	"2023 год"	"202312"	"КОКСУСКИЙ РАЙОН"	"0"	"сельская местность"	"0"	"Всего"	"0"	"Всего"	"0"	"-629"
"Сальдо миграции по всем потокам(Человек)"	"2024 год"	"202412"	"УРАЛЬСК Г.А."	"0"	"городская местность"	"0"	"Всего"	"0"	"Всего"	"0"	"3 914"
"Сальдо миграции по всем потокам(Человек)"	"2023 год"	"202312"	"УРАЛЬСК Г.А."	"0"	"городская местность"	"0"	"Всего"	"0"	"Всего"	"0"	"1 875"
"Сальдо миграции по всем потокам(Человек)"	"2024 год"	"202412"	"ШИЕЛИЙСКИЙ РАЙОН"	"0"	"сельская местность"	"0"	"Всего"	"0"	"Всего"	"0"	"-1 356"
"Сальдо миграции по всем потокам(Человек)"	"2023 год"	"202312"	"ШИЕЛИЙСКИЙ РАЙОН"	"0"	"сельская местность"	"0"	"Всего"	"0"	"Всего"	"0"	"-916"
"Сальдо миграции по всем потокам(Человек)"	"2024 год"	"202412"	"РАЙОН БИРЖАН САЛ"	"0"	"сельская местность"	"0"	"Всего"	"0"	"Всего"	"0"	"-382"
"Сальдо миграции по всем потокам(Человек)"	"2023 год"	"202312"	"РАЙОН БИРЖАН САЛ"	"0"	"сельская местность"	"0"	"Всего"	"0"	"Всего"	"0"	"-233"
"Сальдо миграции по всем потокам(Человек)"	"2024 год"	"202412"	"ТЕМИРСКИЙ РАЙОН"	"0"	"городская местность"	"0"	"Всего"	"0"	"Всего"	"0"	"-74"
"Сальдо миграции по всем потокам(Человек)"	"2023 год"	"202312"	"ТЕМИРСКИЙ РАЙОН"	"0"	"городская местность"	"0"	"Всего"	"0"	"Всего"	"0"	"-39"
"Сальдо миграции по всем потокам(Человек)"	"2024 год"	"202412"	"ЕСИЛЬСКИЙ РАЙОН"	"0"	"Всего"	"0"	"Всего"	"0"	"Всего"	"0"	"-538"
"Сальдо миграции по всем потокам(Человек)"	"2023 год"	"202312"	"ЕСИЛЬСКИЙ РАЙОН"	"0"	"Всего"	"0"	"Всего"	"0"	"Всего"	"0"	"-465"
"Сальдо миграции по всем потокам(Человек)"	"2024 год"	"202412"	"АТБАСАРСКИЙ РАЙОН"	"0"	"Всего"	"0"	"Всего"	"0"	"Всего"	"0"	"-1 152"
"Сальдо миграции по всем потокам(Человек)"	"2023 год"	"202312"	"АТБАСАРСКИЙ РАЙОН"	"0"	"Всего"	"0"	"Всего"	"0"	"Всего"	"0"	"-816"
"Сальдо миграции по всем потокам(Человек)"	"2024 год"	"202412"	"ЦЕЛИНОГРАДСКИЙ РАЙОН"	"0"	"Всего"	"0"	"Всего"	"0"	"Всего"	"0"	"1 212"
"Сальдо миграции по всем потокам(Человек)"	"2023 год"	"202312"	"ЦЕЛИНОГРАДСКИЙ РАЙОН"	"0"	"Всего"	"0"	"Всего"	"0"	"Всего"	"0"	"570"
"Сальдо миграции по всем потокам(Человек)"	"2024 год"	"202412"	"КОСШЫ Г.А."	"0"	"Всего"	"0"	"Всего"	"0"	"Всего"	"0"	"3 698"
"Сальдо миграции по всем потокам(Человек)"	"2023 год"	"202312"	"КОСШЫ Г.А."	"0"	"Всего"	"0"	"Всего"	"0"	"Всего"	"0"	"2 983"
"Сальдо миграции по всем потокам(Человек)"	"2024 год"	"202412"	"КАРАГАНДА Г.А."	"0"	"Всего"	"0"	"Всего"	"0"	"Всего"	"0"	"3 190"
"Сальдо миграции по всем потокам(Человек)"	"2023 год"	"202312"	"КАРАГАНДА Г.А."	"0"	"Всего"	"0"	"Всего"	"0"	"Всего"	"0"	"1 944"
"Сальдо миграции по всем потокам(Человек)"	"2024 год"	"202412"	"АКЖАИКСКИЙ РАЙОН"	"0"	"сельская местность"	"0"	"Всего"	"0"	"Всего"	"0"	"-1 212"
"Сальдо миграции по всем потокам(Человек)"	"2023 год"	"202312"	"АКЖАИКСКИЙ РАЙОН"	"0"	"сельская местность"	"0"	"Всего"	"0"	"Всего"	"0"	"-735"
"Сальдо миграции по всем потокам(Человек)"	"2024 год"	"202412"	"КЫЗЫЛОРДА Г.А."	"0"	"сельская местность"	"0"	"Всего"	"0"	"Всего"	"0"	"1 034"
"Сальдо миграции по всем потокам(Человек)"	"2023 год"	"202312"	"КЫЗЫЛОРДА Г.А."	"0"	"сельская местность"	"0"	"Всего"	"0"	"Всего"	"0"	"976"
"Сальдо миграции по всем потокам(Человек)"	"2024 год"	"202412"	"БАЙКОНЫР Г.А."	"0"	"городская местность"	"0"	"Всего"	"0"	"Всего"	"0"	"-1 442"
"Сальдо миграции по всем потокам(Человек)"	"2023 год"	"202312"	"БАЙКОНЫР Г.А."	"0"	"городская местность"	"0"	"Всего"	"0"	"Всего"	"0"	"-1 138"
"Сальдо миграции по всем потокам(Человек)"	"2024 год"	"202412"	"КЫЗЫЛОРДА Г.А."	"0"	"городская местность"	"0"	"Всего"	"0"	"Всего"	"0"	"-1 390"
"Сальдо миграции по всем потокам(Человек)"	"2023 год"	"202312"	"КЫЗЫЛОРДА Г.А."	"0"	"городская местность"	"0"	"Всего"	"0"	"Всего"	"0"	"-1 623"
"Сальдо миграции по всем потокам(Человек)"	"2024 год"	"202412"	"ЖАНАКОРГАНСКИЙ РАЙОН"	"0"	"сельская местность"	"0"	"Всего"	"0"	"Всего"	"0"	"-1 339"
"Сальдо миграции по всем потокам(Человек)"	"2023 год"	"202312"	"ЖАНАКОРГАНСКИЙ РАЙОН"	"0"	"сельская местность"	"0"	"Всего"	"0"	"Всего"	"0"	"-871"
"Сальдо миграции по всем потокам(Человек)"	"2024 год"	"202412"	"ЦЕЛИНОГРАДСКИЙ РАЙОН"	"0"	"сельская местность"	"0"	"Всего"	"0"	"Всего"	"0"	"1 212"
"Сальдо миграции по всем потокам(Человек)"	"2023 год"	"202312"	"ЦЕЛИНОГРАДСКИЙ РАЙОН"	"0"	"сельская местность"	"0"	"Всего"	"0"	"Всего"	"0"	"570"
"Сальдо миграции по всем потокам(Человек)"	"2024 год"	"202412"	"АЛГИНСКИЙ РАЙОН"	"0"	"городская местность"	"0"	"Всего"	"0"	"Всего"	"0"	"-419"
"Сальдо миграции по всем потокам(Человек)"	"2023 год"	"202312"	"АЛГИНСКИЙ РАЙОН"	"0"	"городская местность"	"0"	"Всего"	"0"	"Всего"	"0"	"-269"
"Сальдо миграции по всем потокам(Человек)"	"2024 год"	"202412"	"АКТОБЕ Г.А."	"0"	"городская местность"	"0"	"Всего"	"0"	"Всего"	"0"	"6 888"
"Сальдо миграции по всем потокам(Человек)"	"2023 год"	"202312"	"АКТОБЕ Г.А."	"0"	"городская местность"	"0"	"Всего"	"0"	"Всего"	"0"	"2 462"
"Сальдо миграции по всем потокам(Человек)"	"2024 год"	"202412"	"ЖАКСЫНСКИЙ РАЙОН"	"0"	"Всего"	"0"	"Всего"	"0"	"Всего"	"0"	"-420"
"Сальдо миграции по всем потокам(Человек)"	"2023 год"	"202312"	"ЖАКСЫНСКИЙ РАЙОН"	"0"	"Всего"	"0"	"Всего"	"0"	"Всего"	"0"	"-406"
"Сальдо миграции по всем потокам(Человек)"	"2024 год"	"202412"	"ЕРЕЙМЕНТАУСКИЙ РАЙОН"	"0"	"Всего"	"0"	"Всего"	"0"	"Всего"	"0"	"-1 067"
"Сальдо миграции по всем потокам(Человек)"	"2023 год"	"202312"	"ЕРЕЙМЕНТАУСКИЙ РАЙОН"	"0"	"Всего"	"0"	"Всего"	"0"	"Всего"	"0"	"-788"
"Сальдо миграции по всем потокам(Человек)"	"2024 год"	"202412"	"КОРГАЛЖЫНСКИЙ РАЙОН"	"0"	"Всего"	"0"	"Всего"	"0"	"Всего"	"0"	"-416"
"Сальдо миграции по всем потокам(Человек)"	"2023 год"	"202312"	"КОРГАЛЖЫНСКИЙ РАЙОН"	"0"	"Всего"	"0"	"Всего"	"0"	"Всего"	"0"	"-332"
"Сальдо миграции по всем потокам(Человек)"	"2024 год"	"202412"	"АКТОГАЙСКИЙ РАЙОН"	"0"	"Всего"	"0"	"Всего"	"0"	"Всего"	"0"	"-581"
"Сальдо миграции по всем потокам(Человек)"	"2023 год"	"202312"	"АКТОГАЙСКИЙ РАЙОН"	"0"	"Всего"	"0"	"Всего"	"0"	"Всего"	"0"	"-258"
"Сальдо миграции по всем потокам(Человек)"	"2024 год"	"202412"	"БАЛХАШ Г.А."	"0"	"Всего"	"0"	"Всего"	"0"	"Всего"	"0"	"-1 051"
"Сальдо миграции по всем потокам(Человек)"	"2023 год"	"202312"	"БАЛХАШ Г.А."	"0"	"Всего"	"0"	"Всего"	"0"	"Всего"	"0"	"-963"
"Сальдо миграции по всем потокам(Человек)"	"2024 год"	"202412"	"АКТЮБИНСКАЯ ОБЛАСТЬ"	"0"	"городская местность"	"0"	"Всего"	"0"	"Всего"	"0"	"4 739"
"Сальдо миграции по всем потокам(Человек)"	"2023 год"	"202312"	"АКТЮБИНСКАЯ ОБЛАСТЬ"	"0"	"городская местность"	"0"	"Всего"	"0"	"Всего"	"0"	"1 034"
"Сальдо миграции по всем потокам(Человек)"	"2024 год"	"202412"	"УИЛСКИЙ РАЙОН"	"0"	"сельская местность"	"0"	"Всего"	"0"	"Всего"	"0"	"-767"
"Сальдо миграции по всем потокам(Человек)"	"2023 год"	"202312"	"УИЛСКИЙ РАЙОН"	"0"	"сельская местность"	"0"	"Всего"	"0"	"Всего"	"0"	"-242"
"Сальдо миграции по всем потокам(Человек)"	"2024 год"	"202412"	"ШАЛКАРСКИЙ РАЙОН"	"0"	"сельская местность"	"0"	"Всего"	"0"	"Всего"	"0"	"-430"
"Сальдо миграции по всем потокам(Человек)"	"2023 год"	"202312"	"ШАЛКАРСКИЙ РАЙОН"	"0"	"сельская местность"	"0"	"Всего"	"0"	"Всего"	"0"	"-409"
"Сальдо миграции по всем потокам(Человек)"	"2024 год"	"202412"	"ХРОМТАУСКИЙ РАЙОН"	"0"	"сельская местность"	"0"	"Всего"	"0"	"Всего"	"0"	"-410"
"Сальдо миграции по всем потокам(Человек)"	"2023 год"	"202312"	"ХРОМТАУСКИЙ РАЙОН"	"0"	"сельская местность"	"0"	"Всего"	"0"	"Всего"	"0"	"-242"
"Сальдо миграции по всем потокам(Человек)"	"2024 год"	"202412"	"БОРОДУЛИХИНСКИЙ РАЙОН"	"0"	"сельская местность"	"0"	"Всего"	"0"	"Всего"	"0"	"-573"
"Сальдо миграции по всем потокам(Человек)"	"2023 год"	"202312"	"БОРОДУЛИХИНСКИЙ РАЙОН"	"0"	"сельская местность"	"0"	"Всего"	"0"	"Всего"	"0"	"-582"
"Сальдо миграции по всем потокам(Человек)"	"2024 год"	"202412"	"БУЛАНДЫНСКИЙ РАЙОН"	"0"	"Всего"	"0"	"Всего"	"0"	"Всего"	"0"	"-516"
"Сальдо миграции по всем потокам(Человек)"	"2023 год"	"202312"	"БУЛАНДЫНСКИЙ РАЙОН"	"0"	"Всего"	"0"	"Всего"	"0"	"Всего"	"0"	"-409"
"Сальдо миграции по всем потокам(Человек)"	"2024 год"	"202412"	"МОЙЫНКУМСКИЙ РАЙОН"	"0"	"Всего"	"0"	"Всего"	"0"	"Всего"	"0"	"-810"
"Сальдо миграции по всем потокам(Человек)"	"2023 год"	"202312"	"МОЙЫНКУМСКИЙ РАЙОН"	"0"	"Всего"	"0"	"Всего"	"0"	"Всего"	"0"	"-622"
"Сальдо миграции по всем потокам(Человек)"	"2024 год"	"202412"	"МЕРКЕНСКИЙ РАЙОН"	"0"	"Всего"	"0"	"Всего"	"0"	"Всего"	"0"	"-1 563"
"Сальдо миграции по всем потокам(Человек)"	"2023 год"	"202312"	"МЕРКЕНСКИЙ РАЙОН"	"0"	"Всего"	"0"	"Всего"	"0"	"Всего"	"0"	"-1 204"
"Сальдо миграции по всем потокам(Человек)"	"2024 год"	"202412"	"КОРДАЙСКИЙ РАЙОН"	"0"	"Всего"	"0"	"Всего"	"0"	"Всего"	"0"	"-3 675"
"Сальдо миграции по всем потокам(Человек)"	"2023 год"	"202312"	"КОРДАЙСКИЙ РАЙОН"	"0"	"Всего"	"0"	"Всего"	"0"	"Всего"	"0"	"-2 802"
"Сальдо миграции по всем потокам(Человек)"	"2024 год"	"202412"	"РАЙОН ТУРАРА РЫСКУЛОВА"	"0"	"Всего"	"0"	"Всего"	"0"	"Всего"	"0"	"-1 748"
"Сальдо миграции по всем потокам(Человек)"	"2023 год"	"202312"	"РАЙОН ТУРАРА РЫСКУЛОВА"	"0"	"Всего"	"0"	"Всего"	"0"	"Всего"	"0"	"-1 146"
"Сальдо миграции по всем потокам(Человек)"	"2024 год"	"202412"	"ШУСКИЙ РАЙОН"	"0"	"Всего"	"0"	"Всего"	"0"	"Всего"	"0"	"-1 951"
"Сальдо миграции по всем потокам(Человек)"	"2023 год"	"202312"	"ШУСКИЙ РАЙОН"	"0"	"Всего"	"0"	"Всего"	"0"	"Всего"	"0"	"-1 467"
"Сальдо миграции по всем потокам(Человек)"	"2024 год"	"202412"	"ТАЛАССКИЙ РАЙОН"	"0"	"Всего"	"0"	"Всего"	"0"	"Всего"	"0"	"-1 190"
"Сальдо миграции по всем потокам(Человек)"	"2023 год"	"202312"	"ТАЛАССКИЙ РАЙОН"	"0"	"Всего"	"0"	"Всего"	"0"	"Всего"	"0"	"-751"
"Сальдо миграции по всем потокам(Человек)"	"2024 год"	"202412"	"ЖАЛАГАШСКИЙ РАЙОН"	"0"	"Всего"	"0"	"Всего"	"0"	"Всего"	"0"	"-696"
"Сальдо миграции по всем потокам(Человек)"	"2023 год"	"202312"	"ЖАЛАГАШСКИЙ РАЙОН"	"0"	"Всего"	"0"	"Всего"	"0"	"Всего"	"0"	"-441"
"Сальдо миграции по всем потокам(Человек)"	"2024 год"	"202412"	"КЫЗЫЛОРДИНСКАЯ ОБЛАСТЬ"	"0"	"Всего"	"0"	"Всего"	"0"	"Всего"	"0"	"-9 870"
"Сальдо миграции по всем потокам(Человек)"	"2023 год"	"202312"	"КЫЗЫЛОРДИНСКАЯ ОБЛАСТЬ"	"0"	"Всего"	"0"	"Всего"	"0"	"Всего"	"0"	"-7 196"
"Сальдо миграции по всем потокам(Человек)"	"2024 год"	"202412"	"ЖАРКАИНСКИЙ РАЙОН"	"0"	"сельская местность"	"0"	"Всего"	"0"	"Всего"	"0"	"-333"
"Сальдо миграции по всем потокам(Человек)"	"2023 год"	"202312"	"ЖАРКАИНСКИЙ РАЙОН"	"0"	"сельская местность"	"0"	"Всего"	"0"	"Всего"	"0"	"-346"
"Сальдо миграции по всем потокам(Человек)"	"2024 год"	"202412"	"АБАЙСКИЙ РАЙОН"	"0"	"сельская местность"	"0"	"Всего"	"0"	"Всего"	"0"	"-407"
"Сальдо миграции по всем потокам(Человек)"	"2023 год"	"202312"	"АБАЙСКИЙ РАЙОН"	"0"	"сельская местность"	"0"	"Всего"	"0"	"Всего"	"0"	"-323"
"Сальдо миграции по всем потокам(Человек)"	"2024 год"	"202412"	"ОСАКАРОВСКИЙ РАЙОН"	"0"	"Всего"	"0"	"Всего"	"0"	"Всего"	"0"	"-701"
"Сальдо миграции по всем потокам(Человек)"	"2023 год"	"202312"	"ОСАКАРОВСКИЙ РАЙОН"	"0"	"Всего"	"0"	"Всего"	"0"	"Всего"	"0"	"-541"
"Сальдо миграции по всем потокам(Человек)"	"2024 год"	"202412"	"ЖУАЛЫНСКИЙ РАЙОН"	"0"	"Всего"	"0"	"Всего"	"0"	"Всего"	"0"	"-1 237"
"Сальдо миграции по всем потокам(Человек)"	"2023 год"	"202312"	"ЖУАЛЫНСКИЙ РАЙОН"	"0"	"Всего"	"0"	"Всего"	"0"	"Всего"	"0"	"-1 194"
"Сальдо миграции по всем потокам(Человек)"	"2024 год"	"202412"	"ЖАМБЫЛСКАЯ ОБЛАСТЬ"	"0"	"Всего"	"0"	"Всего"	"0"	"Всего"	"0"	"-16 943"
"Сальдо миграции по всем потокам(Человек)"	"2023 год"	"202312"	"ЖАМБЫЛСКАЯ ОБЛАСТЬ"	"0"	"Всего"	"0"	"Всего"	"0"	"Всего"	"0"	"-14 194"
"Сальдо миграции по всем потокам(Человек)"	"2024 год"	"202412"	"ЖАМБЫЛСКИЙ РАЙОН"	"0"	"Всего"	"0"	"Всего"	"0"	"Всего"	"0"	"-1 405"
"Сальдо миграции по всем потокам(Человек)"	"2023 год"	"202312"	"ЖАМБЫЛСКИЙ РАЙОН"	"0"	"Всего"	"0"	"Всего"	"0"	"Всего"	"0"	"-670"
"Сальдо миграции по всем потокам(Человек)"	"2024 год"	"202412"	"ТАЛДЫКОРГАН Г.А."	"0"	"сельская местность"	"0"	"Всего"	"0"	"Всего"	"0"	"1 587"
"Сальдо миграции по всем потокам(Человек)"	"2023 год"	"202312"	"ТАЛДЫКОРГАН Г.А."	"0"	"сельская местность"	"0"	"Всего"	"0"	"Всего"	"0"	"1 054"
"Сальдо миграции по всем потокам(Человек)"	"2024 год"	"202412"	"КАЗАЛИНСКИЙ РАЙОН"	"0"	"сельская местность"	"0"	"Всего"	"0"	"Всего"	"0"	"-1 126"
"Сальдо миграции по всем потокам(Человек)"	"2023 год"	"202312"	"КАЗАЛИНСКИЙ РАЙОН"	"0"	"сельская местность"	"0"	"Всего"	"0"	"Всего"	"0"	"-823"
"Сальдо миграции по всем потокам(Человек)"	"2024 год"	"202412"	"СЫРДАРЬИНСКИЙ РАЙОН"	"0"	"сельская местность"	"0"	"Всего"	"0"	"Всего"	"0"	"-654"
"Сальдо миграции по всем потокам(Человек)"	"2023 год"	"202312"	"СЫРДАРЬИНСКИЙ РАЙОН"	"0"	"сельская местность"	"0"	"Всего"	"0"	"Всего"	"0"	"-437"
"Сальдо миграции по всем потокам(Человек)"	"2024 год"	"202412"	"СТЕПНОГОРСК Г.А."	"0"	"сельская местность"	"0"	"Всего"	"0"	"Всего"	"0"	"-78"
"Сальдо миграции по всем потокам(Человек)"	"2023 год"	"202312"	"СТЕПНОГОРСК Г.А."	"0"	"сельская местность"	"0"	"Всего"	"0"	"Всего"	"0"	"-73"
"Сальдо миграции по всем потокам(Человек)"	"2024 год"	"202412"	"МАРТУКСКИЙ РАЙОН"	"0"	"сельская местность"	"0"	"Всего"	"0"	"Всего"	"0"	"-461"
"Сальдо миграции по всем потокам(Человек)"	"2023 год"	"202312"	"МАРТУКСКИЙ РАЙОН"	"0"	"сельская местность"	"0"	"Всего"	"0"	"Всего"	"0"	"-118"
"Сальдо миграции по всем потокам(Человек)"	"2024 год"	"202412"	"СТЕПНОГОРСК Г.А."	"0"	"Всего"	"0"	"Всего"	"0"	"Всего"	"0"	"-837"
"Сальдо миграции по всем потокам(Человек)"	"2023 год"	"202312"	"СТЕПНОГОРСК Г.А."	"0"	"Всего"	"0"	"Всего"	"0"	"Всего"	"0"	"-1 029"
"Сальдо миграции по всем потокам(Человек)"	"2024 год"	"202412"	"ЖАНГАЛИНСКИЙ РАЙОН"	"0"	"сельская местность"	"0"	"Всего"	"0"	"Всего"	"0"	"-597"
"Сальдо миграции по всем потокам(Человек)"	"2023 год"	"202312"	"ЖАНГАЛИНСКИЙ РАЙОН"	"0"	"сельская местность"	"0"	"Всего"	"0"	"Всего"	"0"	"-287"
"Сальдо миграции по всем потокам(Человек)"	"2024 год"	"202412"	"УРАЛЬСК Г.А."	"0"	"сельская местность"	"0"	"Всего"	"0"	"Всего"	"0"	"-24"
"Сальдо миграции по всем потокам(Человек)"	"2023 год"	"202312"	"УРАЛЬСК Г.А."	"0"	"сельская местность"	"0"	"Всего"	"0"	"Всего"	"0"	"29"
"Сальдо миграции по всем потокам(Человек)"	"2024 год"	"202412"	"ЧИНГИРЛАУСКИЙ РАЙОН"	"0"	"сельская местность"	"0"	"Всего"	"0"	"Всего"	"0"	"-370"
"Сальдо миграции по всем потокам(Человек)"	"2023 год"	"202312"	"ЧИНГИРЛАУСКИЙ РАЙОН"	"0"	"сельская местность"	"0"	"Всего"	"0"	"Всего"	"0"	"-195"
"Сальдо миграции по всем потокам(Человек)"	"2024 год"	"202412"	"ЕСКЕЛЬДИНСКИЙ РАЙОН"	"0"	"сельская местность"	"0"	"Всего"	"0"	"Всего"	"0"	"-1 360"
"Сальдо миграции по всем потокам(Человек)"	"2023 год"	"202312"	"ЕСКЕЛЬДИНСКИЙ РАЙОН"	"0"	"сельская местность"	"0"	"Всего"	"0"	"Всего"	"0"	"-882"
"Сальдо миграции по всем потокам(Человек)"	"2024 год"	"202412"	"АТБАСАРСКИЙ РАЙОН"	"0"	"сельская местность"	"0"	"Всего"	"0"	"Всего"	"0"	"-626"
"Сальдо миграции по всем потокам(Человек)"	"2023 год"	"202312"	"АТБАСАРСКИЙ РАЙОН"	"0"	"сельская местность"	"0"	"Всего"	"0"	"Всего"	"0"	"-381"
"Сальдо миграции по всем потокам(Человек)"	"2024 год"	"202412"	"ЗЕРЕНДИНСКИЙ РАЙОН"	"0"	"сельская местность"	"0"	"Всего"	"0"	"Всего"	"0"	"-1 203"
"Сальдо миграции по всем потокам(Человек)"	"2023 год"	"202312"	"ЗЕРЕНДИНСКИЙ РАЙОН"	"0"	"сельская местность"	"0"	"Всего"	"0"	"Всего"	"0"	"-630"
"Сальдо миграции по всем потокам(Человек)"	"2024 год"	"202412"	"АРШАЛЫНСКИЙ РАЙОН"	"0"	"сельская местность"	"0"	"Всего"	"0"	"Всего"	"0"	"360"
"Сальдо миграции по всем потокам(Человек)"	"2023 год"	"202312"	"АРШАЛЫНСКИЙ РАЙОН"	"0"	"сельская местность"	"0"	"Всего"	"0"	"Всего"	"0"	"-116"
"Сальдо миграции по всем потокам(Человек)"	"2024 год"	"202412"	"АЙТЕКЕБИЙСКИЙ РАЙОН"	"0"	"сельская местность"	"0"	"Всего"	"0"	"Всего"	"0"	"-694"
"Сальдо миграции по всем потокам(Человек)"	"2023 год"	"202312"	"АЙТЕКЕБИЙСКИЙ РАЙОН"	"0"	"сельская местность"	"0"	"Всего"	"0"	"Всего"	"0"	"-472"
"Сальдо миграции по всем потокам(Человек)"	"2024 год"	"202412"	"ЕСКЕЛЬДИНСКИЙ РАЙОН"	"0"	"Всего"	"0"	"Всего"	"0"	"Всего"	"0"	"-1 360"
"Сальдо миграции по всем потокам(Человек)"	"2023 год"	"202312"	"ЕСКЕЛЬДИНСКИЙ РАЙОН"	"0"	"Всего"	"0"	"Всего"	"0"	"Всего"	"0"	"-882"
"Сальдо миграции по всем потокам(Человек)"	"2024 год"	"202412"	"ОБЛАСТЬ ЖЕТІСУ"	"0"	"Всего"	"0"	"Всего"	"0"	"Всего"	"0"	"-10 849"
"Сальдо миграции по всем потокам(Человек)"	"2023 год"	"202312"	"ОБЛАСТЬ ЖЕТІСУ"	"0"	"Всего"	"0"	"Всего"	"0"	"Всего"	"0"	"-9 099"
"Сальдо миграции по всем потокам(Человек)"	"2024 год"	"202412"	"САРЫСУСКИЙ РАЙОН"	"0"	"городская местность"	"0"	"Всего"	"0"	"Всего"	"0"	"-262"
"Сальдо миграции по всем потокам(Человек)"	"2023 год"	"202312"	"САРЫСУСКИЙ РАЙОН"	"0"	"городская местность"	"0"	"Всего"	"0"	"Всего"	"0"	"-373"
"Сальдо миграции по всем потокам(Человек)"	"2024 год"	"202412"	"ИНДЕРСКИЙ РАЙОН"	"0"	"Всего"	"0"	"Всего"	"0"	"Всего"	"0"	"-580"
"Сальдо миграции по всем потокам(Человек)"	"2023 год"	"202312"	"ИНДЕРСКИЙ РАЙОН"	"0"	"Всего"	"0"	"Всего"	"0"	"Всего"	"0"	"-615"
"Сальдо миграции по всем потокам(Человек)"	"2024 год"	"202412"	"КЕРБУЛАКСКИЙ РАЙОН"	"0"	"Всего"	"0"	"Всего"	"0"	"Всего"	"0"	"-1 753"
"Сальдо миграции по всем потокам(Человек)"	"2023 год"	"202312"	"КЕРБУЛАКСКИЙ РАЙОН"	"0"	"Всего"	"0"	"Всего"	"0"	"Всего"	"0"	"-1 554"
"Сальдо миграции по всем потокам(Человек)"	"2024 год"	"202412"	"КУРМАНГАЗИНСКИЙ РАЙОН"	"0"	"Всего"	"0"	"Всего"	"0"	"Всего"	"0"	"-1 309"
"Сальдо миграции по всем потокам(Человек)"	"2023 год"	"202312"	"КУРМАНГАЗИНСКИЙ РАЙОН"	"0"	"Всего"	"0"	"Всего"	"0"	"Всего"	"0"	"-929"
"Сальдо миграции по всем потокам(Человек)"	"2024 год"	"202412"	"ТАРАЗ Г.А."	"0"	"городская местность"	"0"	"Всего"	"0"	"Всего"	"0"	"-710"
"Сальдо миграции по всем потокам(Человек)"	"2023 год"	"202312"	"ТАРАЗ Г.А."	"0"	"городская местность"	"0"	"Всего"	"0"	"Всего"	"0"	"-2 375"
"Сальдо миграции по всем потокам(Человек)"	"2024 год"	"202412"	"МАКАТСКИЙ РАЙОН"	"0"	"Всего"	"0"	"Всего"	"0"	"Всего"	"0"	"-707"
"Сальдо миграции по всем потокам(Человек)"	"2023 год"	"202312"	"МАКАТСКИЙ РАЙОН"	"0"	"Всего"	"0"	"Всего"	"0"	"Всего"	"0"	"-513"
"Сальдо миграции по всем потокам(Человек)"	"2024 год"	"202412"	"ТЕКЕЛИ Г.А."	"0"	"Всего"	"0"	"Всего"	"0"	"Всего"	"0"	"-332"
"Сальдо миграции по всем потокам(Человек)"	"2023 год"	"202312"	"ТЕКЕЛИ Г.А."	"0"	"Всего"	"0"	"Всего"	"0"	"Всего"	"0"	"-299"
"Сальдо миграции по всем потокам(Человек)"	"2024 год"	"202412"	"ТАЛАССКИЙ РАЙОН"	"0"	"городская местность"	"0"	"Всего"	"0"	"Всего"	"0"	"-272"
"Сальдо миграции по всем потокам(Человек)"	"2023 год"	"202312"	"ТАЛАССКИЙ РАЙОН"	"0"	"городская местность"	"0"	"Всего"	"0"	"Всего"	"0"	"-465"
"Сальдо миграции по всем потокам(Человек)"	"2024 год"	"202412"	"МАХАМБЕТСКИЙ РАЙОН"	"0"	"Всего"	"0"	"Всего"	"0"	"Всего"	"0"	"-675"
"Сальдо миграции по всем потокам(Человек)"	"2023 год"	"202312"	"МАХАМБЕТСКИЙ РАЙОН"	"0"	"Всего"	"0"	"Всего"	"0"	"Всего"	"0"	"-485"
"Сальдо миграции по всем потокам(Человек)"	"2024 год"	"202412"	"АЛАКОЛЬСКИЙ РАЙОН"	"0"	"Всего"	"0"	"Всего"	"0"	"Всего"	"0"	"-1 755"
"Сальдо миграции по всем потокам(Человек)"	"2023 год"	"202312"	"АЛАКОЛЬСКИЙ РАЙОН"	"0"	"Всего"	"0"	"Всего"	"0"	"Всего"	"0"	"-1 244"
"Сальдо миграции по всем потокам(Человек)"	"2024 год"	"202412"	"АКСУСКИЙ РАЙОН"	"0"	"Всего"	"0"	"Всего"	"0"	"Всего"	"0"	"-1 651"
"Сальдо миграции по всем потокам(Человек)"	"2023 год"	"202312"	"АКСУСКИЙ РАЙОН"	"0"	"Всего"	"0"	"Всего"	"0"	"Всего"	"0"	"-1 079"
"Сальдо миграции по всем потокам(Человек)"	"2024 год"	"202412"	"ЖЫЛЫОЙСКИЙ РАЙОН"	"0"	"Всего"	"0"	"Всего"	"0"	"Всего"	"0"	"-3 662"
"Сальдо миграции по всем потокам(Человек)"	"2023 год"	"202312"	"ЖЫЛЫОЙСКИЙ РАЙОН"	"0"	"Всего"	"0"	"Всего"	"0"	"Всего"	"0"	"-1 294"
"Сальдо миграции по всем потокам(Человек)"	"2024 год"	"202412"	"КОКСУСКИЙ РАЙОН"	"0"	"Всего"	"0"	"Всего"	"0"	"Всего"	"0"	"-874"
"Сальдо миграции по всем потокам(Человек)"	"2023 год"	"202312"	"КОКСУСКИЙ РАЙОН"	"0"	"Всего"	"0"	"Всего"	"0"	"Всего"	"0"	"-629"
"Сальдо миграции по всем потокам(Человек)"	"2024 год"	"202412"	"ШУСКИЙ РАЙОН"	"0"	"городская местность"	"0"	"Всего"	"0"	"Всего"	"0"	"-820"
"Сальдо миграции по всем потокам(Человек)"	"2023 год"	"202312"	"ШУСКИЙ РАЙОН"	"0"	"городская местность"	"0"	"Всего"	"0"	"Всего"	"0"	"-468"
"Сальдо миграции по всем потокам(Человек)"	"2024 год"	"202412"	"ЖАМБЫЛСКАЯ ОБЛАСТЬ"	"0"	"городская местность"	"0"	"Всего"	"0"	"Всего"	"0"	"-2 064"
"Сальдо миграции по всем потокам(Человек)"	"2023 год"	"202312"	"ЖАМБЫЛСКАЯ ОБЛАСТЬ"	"0"	"городская местность"	"0"	"Всего"	"0"	"Всего"	"0"	"-3 681"
"Сальдо миграции по всем потокам(Человек)"	"2024 год"	"202412"	"ПАНФИЛОВСКИЙ РАЙОН"	"0"	"Всего"	"0"	"Всего"	"0"	"Всего"	"0"	"-2 406"
"Сальдо миграции по всем потокам(Человек)"	"2023 год"	"202312"	"ПАНФИЛОВСКИЙ РАЙОН"	"0"	"Всего"	"0"	"Всего"	"0"	"Всего"	"0"	"-1 795"
"Сальдо миграции по всем потокам(Человек)"	"2024 год"	"202412"	"КАРАТАЛЬСКИЙ РАЙОН"	"0"	"Всего"	"0"	"Всего"	"0"	"Всего"	"0"	"-972"
"Сальдо миграции по всем потокам(Человек)"	"2023 год"	"202312"	"КАРАТАЛЬСКИЙ РАЙОН"	"0"	"Всего"	"0"	"Всего"	"0"	"Всего"	"0"	"-773"
"Сальдо миграции по всем потокам(Человек)"	"2024 год"	"202412"	"АТЫРАУ Г.А."	"0"	"Всего"	"0"	"Всего"	"0"	"Всего"	"0"	"3 450"
"Сальдо миграции по всем потокам(Человек)"	"2023 год"	"202312"	"АТЫРАУ Г.А."	"0"	"Всего"	"0"	"Всего"	"0"	"Всего"	"0"	"2 825"
"Сальдо миграции по всем потокам(Человек)"	"2024 год"	"202412"	"КЗЫЛКОГИНСКИЙ РАЙОН"	"0"	"Всего"	"0"	"Всего"	"0"	"Всего"	"0"	"-646"
"Сальдо миграции по всем потокам(Человек)"	"2023 год"	"202312"	"КЗЫЛКОГИНСКИЙ РАЙОН"	"0"	"Всего"	"0"	"Всего"	"0"	"Всего"	"0"	"-436"
"Сальдо миграции по всем потокам(Человек)"	"2024 год"	"202412"	"АТЫРАУСКАЯ ОБЛАСТЬ"	"0"	"Всего"	"0"	"Всего"	"0"	"Всего"	"0"	"-4 688"
"Сальдо миграции по всем потокам(Человек)"	"2023 год"	"202312"	"АТЫРАУСКАЯ ОБЛАСТЬ"	"0"	"Всего"	"0"	"Всего"	"0"	"Всего"	"0"	"-2 056"
"Сальдо миграции по всем потокам(Человек)"	"2024 год"	"202412"	"ТАЛДЫКОРГАН Г.А."	"0"	"Всего"	"0"	"Всего"	"0"	"Всего"	"0"	"1 244"
"Сальдо миграции по всем потокам(Человек)"	"2023 год"	"202312"	"ТАЛДЫКОРГАН Г.А."	"0"	"Всего"	"0"	"Всего"	"0"	"Всего"	"0"	"-70"
"Сальдо миграции по всем потокам(Человек)"	"2024 год"	"202412"	"ИСАТАЙСКИЙ РАЙОН"	"0"	"Всего"	"0"	"Всего"	"0"	"Всего"	"0"	"-559"
"Сальдо миграции по всем потокам(Человек)"	"2023 год"	"202312"	"ИСАТАЙСКИЙ РАЙОН"	"0"	"Всего"	"0"	"Всего"	"0"	"Всего"	"0"	"-609"
"Сальдо миграции по всем потокам(Человек)"	"2024 год"	"202412"	"САРКАНСКИЙ РАЙОН"	"0"	"Всего"	"0"	"Всего"	"0"	"Всего"	"0"	"-990"
"Сальдо миграции по всем потокам(Человек)"	"2023 год"	"202312"	"САРКАНСКИЙ РАЙОН"	"0"	"Всего"	"0"	"Всего"	"0"	"Всего"	"0"	"-774"
"Сальдо миграции по всем потокам(Человек)"	"2024 год"	"202412"	"РАЙОН НҰРА"	"0"	"городская местность"	"0"	"Всего"	"0"	"Всего"	"0"	"49 839"
"Сальдо миграции по всем потокам(Человек)"	"2024 год"	"202412"	"РАЙОН НҰРА"	"0"	"Всего"	"0"	"Всего"	"0"	"Всего"	"0"	"49 839"
"Сальдо миграции по всем потокам(Человек)"	"2024 год"	"202412"	"Г.А.АЛАТАУ"	"0"	"Всего"	"0"	"Всего"	"0"	"Всего"	"0"	"-856"
"Сальдо миграции по всем потокам(Человек)"	"2024 год"	"202412"	"РАЙОН ТУРАН"	"0"	"Всего"	"0"	"Всего"	"0"	"Всего"	"0"	"-1 767"
"Сальдо миграции по всем потокам(Человек)"	"2024 год"	"202412"	"РАЙОН МАРҚАКӨЛ"	"0"	"Всего"	"0"	"Всего"	"0"	"Всего"	"0"	"-457"
"Сальдо миграции по всем потокам(Человек)"	"2024 год"	"202412"	"РАЙОН ҮЛКЕН НАРЫН"	"0"	"Всего"	"0"	"Всего"	"0"	"Всего"	"0"	"-418"
"Сальдо миграции по всем потокам(Человек)"	"2024 год"	"202412"	"РАЙОН ЖАҢАСЕМЕЙ"	"0"	"сельская местность"	"0"	"Всего"	"0"	"Всего"	"0"	"-733"
"Сальдо миграции по всем потокам(Человек)"	"2024 год"	"202412"	"РАЙОН МАҚАНШЫ"	"0"	"сельская местность"	"0"	"Всего"	"0"	"Всего"	"0"	"-1 073"
"Сальдо миграции по всем потокам(Человек)"	"2024 год"	"202412"	"РАЙОН ЖАҢАСЕМЕЙ"	"0"	"Всего"	"0"	"Всего"	"0"	"Всего"	"0"	"-764"
"Сальдо миграции по всем потокам(Человек)"	"2024 год"	"202412"	"РАЙОН МАРҚАКӨЛ"	"0"	"сельская местность"	"0"	"Всего"	"0"	"Всего"	"0"	"-457"
"Сальдо миграции по всем потокам(Человек)"	"2024 год"	"202412"	"РАЙОН ҮЛКЕН НАРЫН"	"0"	"сельская местность"	"0"	"Всего"	"0"	"Всего"	"0"	"-418"
"Сальдо миграции по всем потокам(Человек)"	"2024 год"	"202412"	"РАЙОН МАҚАНШЫ"	"0"	"Всего"	"0"	"Всего"	"0"	"Всего"	"0"	"-1 073"
"Сальдо миграции по всем потокам(Человек)"	"2024 год"	"202412"	"РАЙОН ТУРАН"	"0"	"городская местность"	"0"	"Всего"	"0"	"Всего"	"0"	"-1 767"
"Сальдо миграции по всем потокам(Человек)"	"2024 год"	"202412"	"Г.А.АЛАТАУ"	"0"	"городская местность"	"0"	"Всего"	"0"	"Всего"	"0"	"-856"
"Сальдо миграции по всем потокам(Человек)"	"2024 год"	"202412"	"РАЙОН ЖАҢАСЕМЕЙ"	"0"	"городская местность"	"0"	"Всего"	"0"	"Всего"	"0"	"-31"
