indicator,source_name,normalized_name,matched_kato,matched_name,method,confidence,status
population,АБАЙСКИЙ РАЙОН,абайский,,,none,0,ambiguous
population,АЙТЕКЕБИЙСКИЙ РАЙОН,айтекебийский,153400000,Айтекебийский район,normalized_name_and_admin_type,1.0,confirmed
population,АЙЫРТАУСКИЙ РАЙОН,айыртауский,593200000,Айыртауский район,normalized_name_and_admin_type,1.0,confirmed
population,АКЖАИКСКИЙ РАЙОН,акжаикский,273200000,Акжаикский район,normalized_name_and_admin_type,1.0,confirmed
population,АКЖАРСКИЙ РАЙОН,акжарский,593400000,Акжарский район,normalized_name_and_admin_type,1.0,confirmed
population,АККАЙЫНСКИЙ РАЙОН,аккайынский,595800000,Аккайынский район,normalized_name_and_admin_type,1.0,confirmed
population,АККОЛЬСКИЙ РАЙОН,аккольский,113200000,Аккольский район,normalized_name_and_admin_type,1.0,confirmed
population,АКМОЛИНСКАЯ ОБЛАСТЬ,акмолинская,110000000,Акмолинская область,normalized_name_and_admin_type,1.0,confirmed
population,АКСУ Г.А.,аксу а,551600000,Аксу Г.А.,normalized_name_and_admin_type,1.0,confirmed
population,АКСУСКИЙ РАЙОН,аксуский,333200000,Аксуский район,normalized_name_and_admin_type,1.0,confirmed
population,АКТАУ Г.А.,актау а,471000000,Актау Г.А.,normalized_name_and_admin_type,1.0,confirmed
population,АКТОБЕ Г.А.,актобе а,151000000,Актобе Г.А.,normalized_name_and_admin_type,1.0,confirmed
population,АКТОГАЙСКИЙ РАЙОН,актогайский,,,none,0,ambiguous
population,АКТЮБИНСКАЯ ОБЛАСТЬ,актюбинская,150000000,Актюбинская область,normalized_name_and_admin_type,1.0,confirmed
population,АЛАКОЛЬСКИЙ РАЙОН,алакольский,333400000,Алакольский район,normalized_name_and_admin_type,1.0,confirmed
population,АЛАТАУСКИЙ РАЙОН,алатауский,,,none,0,unmatched
population,АЛГИНСКИЙ РАЙОН,алгинский,153200000,Алгинский район,normalized_name_and_admin_type,1.0,confirmed
population,АЛМАЛИНСКИЙ РАЙОН,алмалинский,,,none,0,unmatched
population,АЛМАТИНСКАЯ ОБЛАСТЬ,алматинская,190000000,Алматинская область,normalized_name_and_admin_type,1.0,confirmed
population,АЛТЫНСАРИНСКИЙ РАЙОН,алтынсаринский,393200000,Алтынсаринский район,normalized_name_and_admin_type,1.0,confirmed
population,АЛЬ-ФАРАБИЙСКИЙ РАЙОН,аль фарабийский,,,none,0,unmatched
population,АМАНГЕЛЬДИНСКИЙ РАЙОН,амангельдинский,393400000,Амангельдинский район,normalized_name_and_admin_type,1.0,confirmed
population,АРАЛЬСКИЙ РАЙОН,аральский,433200000,Аральский район,normalized_name_and_admin_type,1.0,confirmed
population,АРКАЛЫК Г.А.,аркалык а,391600000,Аркалык Г.А.,normalized_name_and_admin_type,1.0,confirmed
population,АРШАЛЫНСКИЙ РАЙОН,аршалынский,113400000,Аршалынский район,normalized_name_and_admin_type,1.0,confirmed
population,АРЫСЬ Г.А.,арысь а,611600000,Арысь Г.А.,normalized_name_and_admin_type,1.0,confirmed
population,АСТРАХАНСКИЙ РАЙОН,астраханский,113600000,Астраханский район,normalized_name_and_admin_type,1.0,confirmed
population,АТБАСАРСКИЙ РАЙОН,атбасарский,113800000,Атбасарский район,normalized_name_and_admin_type,1.0,confirmed
population,АТЫРАУ Г.А.,атырау а,231000000,Атырау Г.А.,normalized_name_and_admin_type,1.0,confirmed
population,АТЫРАУСКАЯ ОБЛАСТЬ,атырауская,230000000,Атырауская область,normalized_name_and_admin_type,1.0,confirmed
population,АУЛИЕКОЛЬСКИЙ РАЙОН,аулиекольский,393600000,Аулиекольский район,normalized_name_and_admin_type,1.0,confirmed
population,АУЭЗОВСКИЙ РАЙОН,ауэзовский,,,none,0,unmatched
population,АЯГОЗ Г.А.,аягоз а,,,none,0,unmatched
population,АЯГОЗСКИЙ РАЙОН,аягозский,103600000,Аягозский район,normalized_name_and_admin_type,1.0,confirmed
population,БАЙГАНИНСКИЙ РАЙОН,байганинский,153600000,Байганинский район,normalized_name_and_admin_type,1.0,confirmed
population,БАЙЗАКСКИЙ РАЙОН,байзакский,313600000,Байзакский район,normalized_name_and_admin_type,1.0,confirmed
population,БАЙКОНЫР Г.А.,байконыр а,431900000,Байконыр Г.А.,normalized_name_and_admin_type,1.0,confirmed
population,БАЛХАШ Г.А.,балхаш а,351600000,Балхаш Г.А.,normalized_name_and_admin_type,1.0,confirmed
population,БАЛХАШСКИЙ РАЙОН,балхашский,193600000,Балхашский район,normalized_name_and_admin_type,1.0,confirmed
population,БАЯНАУЛЬСКИЙ РАЙОН,баянаульский,553600000,Баянаульский район,normalized_name_and_admin_type,1.0,confirmed
population,БЕЙНЕУСКИЙ РАЙОН,бейнеуский,473600000,Бейнеуский район,normalized_name_and_admin_type,1.0,confirmed
population,БЕСКАРАГАЙСКИЙ РАЙОН,бескарагайский,103800000,Бескарагайский район,normalized_name_and_admin_type,1.0,confirmed
population,БОКЕЙОРДИНСКИЙ РАЙОН,бокейординский,275400000,Бокейординский район,normalized_name_and_admin_type,1.0,confirmed
population,БОРОДУЛИХИНСКИЙ РАЙОН,бородулихинский,104000000,Бородулихинский район,normalized_name_and_admin_type,1.0,confirmed
population,БОСТАНДЫКСКИЙ РАЙОН,бостандыкский,,,none,0,unmatched
population,БУЛАНДЫНСКИЙ РАЙОН,буландынский,114000000,Буландынский район,normalized_name_and_admin_type,1.0,confirmed
population,БУРАБАЙСКИЙ РАЙОН,бурабайский,117000000,Бурабайский район,normalized_name_and_admin_type,1.0,confirmed
population,БУРЛИНСКИЙ РАЙОН,бурлинский,273600000,Бурлинский район,normalized_name_and_admin_type,1.0,confirmed
population,БУХАР-ЖЫРАУСКИЙ РАЙОН,бухар жырауский,354000000,Бухар-Жырауский район,normalized_name_and_admin_type,1.0,confirmed
population,ВОСТОЧНО-КАЗАХСТАНСКАЯ ОБЛАСТЬ,восточно казахстанская,630000000,Восточно-Казахстанская область,normalized_name_and_admin_type,1.0,confirmed
population,Г.А.АЛАТАУ,а алатау,,,none,0,unmatched
population,Г.А.АЛТАЙ,а алтай,,,none,0,unmatched
population,Г.АЛМАТЫ,алматы,750000000,г.Алматы,normalized_name_and_admin_type,1.0,confirmed
population,Г.АСТАНА,астана,710000000,г.Астана,normalized_name_and_admin_type,1.0,confirmed
population,Г.ШЫМКЕНТ,шымкент,790000000,г.Шымкент,normalized_name_and_admin_type,1.0,confirmed
population,ГЛУБОКОВСКИЙ РАЙОН,глубоковский,634000000,Глубоковский район,normalized_name_and_admin_type,1.0,confirmed
population,ДЕНИСОВСКИЙ РАЙОН,денисовский,394000000,Денисовский район,normalized_name_and_admin_type,1.0,confirmed
population,ЕГИНДЫКОЛЬСКИЙ РАЙОН,егиндыкольский,114400000,Егиндыкольский район,normalized_name_and_admin_type,1.0,confirmed
population,ЕНБЕКШИКАЗАХСКИЙ РАЙОН,енбекшиказахский,194000000,Енбекшиказахский район,normalized_name_and_admin_type,1.0,confirmed
population,ЕНБЕКШИНСКИЙ РАЙОН,енбекшинский,,,none,0,unmatched
population,ЕРЕЙМЕНТАУСКИЙ РАЙОН,ерейментауский,114600000,Ерейментауский район,normalized_name_and_admin_type,1.0,confirmed
population,ЕСИЛЬСКИЙ РАЙОН,есильский,,,none,0,ambiguous
population,ЕСКЕЛЬДИНСКИЙ РАЙОН,ескельдинский,333600000,Ескельдинский район,normalized_name_and_admin_type,1.0,confirmed
population,ЖАКСЫНСКИЙ РАЙОН,жаксынский,115200000,Жаксынский район,normalized_name_and_admin_type,1.0,confirmed
population,ЖАЛАГАШСКИЙ РАЙОН,жалагашский,433600000,Жалагашский район,normalized_name_and_admin_type,1.0,confirmed
population,ЖАМБЫЛСКАЯ ОБЛАСТЬ,жамбылская,310000000,Жамбылская область,normalized_name_and_admin_type,1.0,confirmed
population,ЖАМБЫЛСКИЙ РАЙОН,жамбылский,,,none,0,ambiguous
population,ЖАНААРКИНСКИЙ РАЙОН,жанааркинский,623600000,Жанааркинский район,normalized_name_and_admin_type,1.0,confirmed
population,ЖАНАКОРГАНСКИЙ РАЙОН,жанакорганский,434000000,Жанакорганский район,normalized_name_and_admin_type,1.0,confirmed
population,ЖАНАОЗЕН Г.А.,жанаозен а,471800000,Жанаозен Г.А.,normalized_name_and_admin_type,1.0,confirmed
population,ЖАНГАЛИНСКИЙ РАЙОН,жангалинский,274000000,Жангалинский район,normalized_name_and_admin_type,1.0,confirmed
population,ЖАНГЕЛЬДИНСКИЙ РАЙОН,жангельдинский,394200000,Жангельдинский район,normalized_name_and_admin_type,1.0,confirmed
population,ЖАНИБЕКСКИЙ РАЙОН,жанибекский,274200000,Жанибекский район,normalized_name_and_admin_type,1.0,confirmed
population,ЖАРКАИНСКИЙ РАЙОН,жаркаинский,115400000,Жаркаинский район,normalized_name_and_admin_type,1.0,confirmed
population,ЖАРМИНСКИЙ РАЙОН,жарминский,104200000,Жарминский район,normalized_name_and_admin_type,1.0,confirmed
population,ЖЕЗКАЗГАН Г.А.,жезказган а,621000000,Жезказган Г.А.,normalized_name_and_admin_type,1.0,confirmed
population,ЖЕЛЕЗИНСКИЙ РАЙОН,железинский,554200000,Железинский район,normalized_name_and_admin_type,1.0,confirmed
population,ЖЕТЫСАЙСКИЙ РАЙОН,жетысайский,613800000,Жетысайский район,normalized_name_and_admin_type,1.0,confirmed
population,ЖЕТЫСУСКИЙ РАЙОН,жетысуский,,,none,0,unmatched
population,ЖИТИКАРИНСКИЙ РАЙОН,житикаринский,394400000,Житикаринский район,normalized_name_and_admin_type,1.0,confirmed
population,ЖУАЛЫНСКИЙ РАЙОН,жуалынский,314200000,Жуалынский район,normalized_name_and_admin_type,1.0,confirmed
population,ЖЫЛЫОЙСКИЙ РАЙОН,жылыойский,233600000,Жылыойский район,normalized_name_and_admin_type,1.0,confirmed
population,ЗАЙСАНСКИЙ РАЙОН,зайсанский,634600000,Зайсанский район,normalized_name_and_admin_type,1.0,confirmed
population,ЗАПАДНО-КАЗАХСТАНСКАЯ ОБЛАСТЬ,западно казахстанская,270000000,Западно-Казахстанская область,normalized_name_and_admin_type,1.0,confirmed
population,ЗЕРЕНДИНСКИЙ РАЙОН,зерендинский,115600000,Зерендинский район,normalized_name_and_admin_type,1.0,confirmed
population,ИЛИЙСКИЙ РАЙОН,илийский,196800000,Илийский район,normalized_name_and_admin_type,1.0,confirmed
population,ИНДЕРСКИЙ РАЙОН,индерский,234000000,Индерский район,normalized_name_and_admin_type,1.0,confirmed
population,ИРГИЗСКИЙ РАЙОН,иргизский,156800000,Иргизский район,normalized_name_and_admin_type,1.0,confirmed
population,ИРТЫШСКИЙ РАЙОН,иртышский,554600000,Иртышский район,normalized_name_and_admin_type,1.0,confirmed
population,ИСАТАЙСКИЙ РАЙОН,исатайский,234200000,Исатайский район,normalized_name_and_admin_type,1.0,confirmed
population,КАЗАЛИНСКИЙ РАЙОН,казалинский,434400000,Казалинский район,normalized_name_and_admin_type,1.0,confirmed
population,КАЗТАЛОВСКИЙ РАЙОН,казталовский,274800000,Казталовский район,normalized_name_and_admin_type,1.0,confirmed
population,КАЗЫГУРТСКИЙ РАЙОН,казыгуртский,614000000,Казыгуртский район,normalized_name_and_admin_type,1.0,confirmed
population,КАМЫСТИНСКИЙ РАЙОН,камыстинский,394800000,Камыстинский район,normalized_name_and_admin_type,1.0,confirmed
population,КАРАБАЛЫКСКИЙ РАЙОН,карабалыкский,395000000,Карабалыкский район,normalized_name_and_admin_type,1.0,confirmed
population,КАРАГАНДА Г.А.,караганда а,351000000,Караганда Г.А.,normalized_name_and_admin_type,1.0,confirmed
population,КАРАГАНДИНСКАЯ ОБЛАСТЬ,карагандинская,350000000,Карагандинская область,normalized_name_and_admin_type,1.0,confirmed
population,КАРАЖАЛ Г.А.,каражал а,621800000,Каражал Г.А.,normalized_name_and_admin_type,1.0,confirmed
population,КАРАКИЯНСКИЙ РАЙОН,каракиянский,474200000,Каракиянский район,normalized_name_and_admin_type,1.0,confirmed
population,КАРАСАЙСКИЙ РАЙОН,карасайский,195200000,Карасайский район,normalized_name_and_admin_type,1.0,confirmed
population,КАРАСУСКИЙ РАЙОН,карасуский,395200000,Карасуский район,normalized_name_and_admin_type,1.0,confirmed
population,КАРАТАЛЬСКИЙ РАЙОН,каратальский,334400000,Каратальский район,normalized_name_and_admin_type,1.0,confirmed
population,КАРАТАУСКИЙ РАЙОН,каратауский,,,none,0,unmatched
population,КАРАТОБИНСКИЙ РАЙОН,каратобинский,275000000,Каратобинский район,normalized_name_and_admin_type,1.0,confirmed
population,КАРГАЛИНСКИЙ РАЙОН,каргалинский,154000000,Каргалинский район,normalized_name_and_admin_type,1.0,confirmed
population,КАРКАРАЛИНСКИЙ РАЙОН,каркаралинский,354800000,Каркаралинский район,normalized_name_and_admin_type,1.0,confirmed
population,КАРМАКШИНСКИЙ РАЙОН,кармакшинский,434600000,Кармакшинский район,normalized_name_and_admin_type,1.0,confirmed
population,КАТОН-КАРАГАЙСКИЙ РАЙОН,катон карагайский,635400000,Катон-Карагайский район,normalized_name_and_admin_type,1.0,confirmed
population,КЕГЕНСКИЙ РАЙОН,кегенский,194400000,Кегенский район,normalized_name_and_admin_type,1.0,confirmed
population,КЕЛЕССКИЙ РАЙОН,келесский,613900000,Келесский район,normalized_name_and_admin_type,1.0,confirmed
population,КЕНТАУ Г.А.,кентау а,612000000,Кентау Г.А.,normalized_name_and_admin_type,1.0,confirmed
population,КЕРБУЛАКСКИЙ РАЙОН,кербулакский,334000000,Кербулакский район,normalized_name_and_admin_type,1.0,confirmed
population,КЗЫЛКОГИНСКИЙ РАЙОН,кзылкогинский,234800000,Кзылкогинский район,normalized_name_and_admin_type,1.0,confirmed
population,КОКПЕКТИНСКИЙ РАЙОН,кокпектинский,104400000,Кокпектинский район,normalized_name_and_admin_type,1.0,confirmed
population,КОКСУСКИЙ РАЙОН,коксуский,334200000,Коксуский район,normalized_name_and_admin_type,1.0,confirmed
population,КОКШЕТАУ Г.А.,кокшетау а,111000000,Кокшетау Г.А.,normalized_name_and_admin_type,1.0,confirmed
population,КОРГАЛЖЫНСКИЙ РАЙОН,коргалжынский,116000000,Коргалжынский район,normalized_name_and_admin_type,1.0,confirmed
population,КОРДАЙСКИЙ РАЙОН,кордайский,314800000,Кордайский район,normalized_name_and_admin_type,1.0,confirmed
population,КОСТАНАЙ Г.А.,костанай а,391000000,Костанай Г.А.,normalized_name_and_admin_type,1.0,confirmed
population,КОСТАНАЙСКАЯ ОБЛАСТЬ,костанайская,390000000,Костанайская область,normalized_name_and_admin_type,1.0,confirmed
population,КОСТАНАЙСКИЙ РАЙОН,костанайский,395400000,Костанайский район,normalized_name_and_admin_type,1.0,confirmed
population,КОСШЫ Г.А.,косшы а,111600000,Косшы Г.А.,normalized_name_and_admin_type,1.0,confirmed
population,КУРМАНГАЗИНСКИЙ РАЙОН,курмангазинский,234600000,Курмангазинский район,normalized_name_and_admin_type,1.0,confirmed
population,КУРЧАТОВ Г.А.,курчатов а,101800000,Курчатов Г.А.,normalized_name_and_admin_type,1.0,confirmed
population,КУРЧУМСКИЙ РАЙОН,курчумский,635200000,Курчумский район,normalized_name_and_admin_type,1.0,confirmed
population,КЫЗЫЛЖАРСКИЙ РАЙОН,кызылжарский,595000000,Кызылжарский район,normalized_name_and_admin_type,1.0,confirmed
population,КЫЗЫЛОРДА Г.А.,кызылорда а,431000000,Кызылорда Г.А.,normalized_name_and_admin_type,1.0,confirmed
population,КЫЗЫЛОРДИНСКАЯ ОБЛАСТЬ,кызылординская,430000000,Кызылординская область,normalized_name_and_admin_type,1.0,confirmed
population,ЛИСАКОВСК Г.А.,лисаковск а,392000000,Лисаковск Г.А.,normalized_name_and_admin_type,1.0,confirmed
population,МАЙСКИЙ РАЙОН,майский,555600000,Майский район,normalized_name_and_admin_type,1.0,confirmed
population,МАКАТСКИЙ РАЙОН,макатский,235200000,Макатский район,normalized_name_and_admin_type,1.0,confirmed
population,МАКТААРАЛЬСКИЙ РАЙОН,мактааральский,614400000,Мактааральский район,normalized_name_and_admin_type,1.0,confirmed
population,МАМЛЮТСКИЙ РАЙОН,мамлютский,595200000,Мамлютский район,normalized_name_and_admin_type,1.0,confirmed
population,МАНГИСТАУСКАЯ ОБЛАСТЬ,мангистауская,470000000,Мангистауская область,normalized_name_and_admin_type,1.0,confirmed
population,МАНГИСТАУСКИЙ РАЙОН,мангистауский,474600000,Мангистауский район,normalized_name_and_admin_type,1.0,confirmed
population,МАРТУКСКИЙ РАЙОН,мартукский,154600000,Мартукский район,normalized_name_and_admin_type,1.0,confirmed
population,МАХАМБЕТСКИЙ РАЙОН,махамбетский,235600000,Махамбетский район,normalized_name_and_admin_type,1.0,confirmed
population,МЕДЕУСКИЙ РАЙОН,медеуский,,,none,0,unmatched
population,МЕНДЫКАРИНСКИЙ РАЙОН,мендыкаринский,395600000,Мендыкаринский район,normalized_name_and_admin_type,1.0,confirmed
population,МЕРКЕНСКИЙ РАЙОН,меркенский,315400000,Меркенский район,normalized_name_and_admin_type,1.0,confirmed
population,МОЙЫНКУМСКИЙ РАЙОН,мойынкумский,315600000,Мойынкумский район,normalized_name_and_admin_type,1.0,confirmed
population,МУГАЛЖАРСКИЙ РАЙОН,мугалжарский,154800000,Мугалжарский район,normalized_name_and_admin_type,1.0,confirmed
population,МУНАЙЛИНСКИЙ РАЙОН,мунайлинский,475000000,Мунайлинский район,normalized_name_and_admin_type,1.0,confirmed
population,НАУРЗУМСКИЙ РАЙОН,наурзумский,395800000,Наурзумский район,normalized_name_and_admin_type,1.0,confirmed
population,НАУРЫЗБАЙСКИЙ РАЙОН,наурызбайский,,,none,0,unmatched
population,НУРИНСКИЙ РАЙОН,нуринский,355200000,Нуринский район,normalized_name_and_admin_type,1.0,confirmed
population,ОБЛАСТЬ АБАЙ,абай,100000000,область Абай,normalized_name_and_admin_type,1.0,confirmed
population,ОБЛАСТЬ ЖЕТІСУ,жетісу,330000000,область Жетісу,normalized_name_and_admin_type,1.0,confirmed
population,ОБЛАСТЬ ҰЛЫТАУ,ұлытау,620000000,область Ұлытау,normalized_name_and_admin_type,1.0,confirmed
population,ОРДАБАСЫНСКИЙ РАЙОН,ордабасынский,614600000,Ордабасынский район,normalized_name_and_admin_type,1.0,confirmed
population,ОСАКАРОВСКИЙ РАЙОН,осакаровский,355600000,Осакаровский район,normalized_name_and_admin_type,1.0,confirmed
population,ОТРАРСКИЙ РАЙОН,отрарский,614800000,Отрарский район,normalized_name_and_admin_type,1.0,confirmed
population,ПАВЛОДАР Г.А.,павлодар а,551000000,Павлодар Г.А.,normalized_name_and_admin_type,1.0,confirmed
population,ПАВЛОДАРСКАЯ ОБЛАСТЬ,павлодарская,550000000,Павлодарская область,normalized_name_and_admin_type,1.0,confirmed
population,ПАВЛОДАРСКИЙ РАЙОН,павлодарский,556000000,Павлодарский район,normalized_name_and_admin_type,1.0,confirmed
population,ПАНФИЛОВСКИЙ РАЙОН,панфиловский,334600000,Панфиловский район,normalized_name_and_admin_type,1.0,confirmed
population,ПЕТРОПАВЛОВСК Г.А.,петропавловск а,591000000,Петропавловск Г.А.,normalized_name_and_admin_type,1.0,confirmed
population,ПРИОЗЕРСК Г.А.,приозерск а,352100000,Приозерск Г.А.,normalized_name_and_admin_type,1.0,confirmed
population,РАЙОН АЛМАТЫ,алматы,,,none,0,unmatched
population,РАЙОН АЛТАЙ,алтай,634800000,район Алтай,normalized_name_and_admin_type,1.0,confirmed
population,РАЙОН АҚСУАТ,ақсуат,103400000,район Ақсуат,normalized_name_and_admin_type,1.0,confirmed
population,РАЙОН АҚҚУЛЫ,аққулы,555200000,район Аққулы,normalized_name_and_admin_type,1.0,confirmed
population,РАЙОН БАЙДИБЕКА,байдибека,613600000,район Байдибека,normalized_name_and_admin_type,1.0,confirmed
population,РАЙОН БАЙҚОҢЫР,байқоңыр,,,none,0,unmatched
population,РАЙОН БЕИМБЕТА МАЙЛИНА,беимбета майлина,396400000,район Беимбета Майлина,normalized_name_and_admin_type,1.0,confirmed
population,РАЙОН БИРЖАН САЛ,биржан сал,114500000,район Биржан сал,normalized_name_and_admin_type,1.0,confirmed
population,РАЙОН БӘЙТЕРЕК,бәйтерек,274400000,район Бәйтерек,normalized_name_and_admin_type,1.0,confirmed
population,РАЙОН ЕСИЛЬ,есиль,,,none,0,unmatched
population,РАЙОН ЖАҢАСЕМЕЙ,жаңасемей,104100000,район Жаңасемей,normalized_name_and_admin_type,1.0,confirmed
population,РАЙОН ИМ.ГАБИТА МУСРЕПОВА,им габита мусрепова,596600000,Район им.Габита Мусрепова,normalized_name_and_admin_type,1.0,confirmed
population,РАЙОН МАГЖАНА ЖУМАБАЕВА,магжана жумабаева,593600000,Район Магжана Жумабаева,normalized_name_and_admin_type,1.0,confirmed
population,РАЙОН МАРҚАКӨЛ,марқакөл,635500000,район Марқакөл,normalized_name_and_admin_type,1.0,confirmed
population,РАЙОН МАҚАНШЫ,мақаншы,104500000,район Мақаншы,normalized_name_and_admin_type,1.0,confirmed
population,РАЙОН НҰРА,нұра,,,none,0,unmatched
population,РАЙОН САМАР,самар,635600000,район Самар,normalized_name_and_admin_type,1.0,confirmed
population,РАЙОН САРЫАРКА,сарыарка,,,none,0,unmatched
population,РАЙОН САУРАН,сауран,615500000,район Сауран,normalized_name_and_admin_type,1.0,confirmed
population,РАЙОН ТЕРЕҢКӨЛ,тереңкөл,554800000,район Тереңкөл,normalized_name_and_admin_type,1.0,confirmed
population,РАЙОН ТУРАН,туран,,,none,0,unmatched
population,РАЙОН ТУРАРА РЫСКУЛОВА,турара рыскулова,315000000,район Турара Рыскулова,normalized_name_and_admin_type,1.0,confirmed
population,РАЙОН ШАЛ АКЫНА,шал акына,595600000,Район Шал акына,normalized_name_and_admin_type,1.0,confirmed
population,РАЙОН ҮЛКЕН НАРЫН,үлкен нарын,636300000,район Үлкен Нарын,normalized_name_and_admin_type,1.0,confirmed
population,РАЙЫМБЕКСКИЙ РАЙОН,райымбекский,195800000,Райымбекский район,normalized_name_and_admin_type,1.0,confirmed
population,РЕСПУБЛИКА КАЗАХСТАН,республика казахстан,,,none,0,unmatched
population,РИДДЕР Г.А.,риддер а,632400000,Риддер Г.А.,normalized_name_and_admin_type,1.0,confirmed
population,РУДНЫЙ Г.А.,рудный а,392400000,Рудный Г.А.,normalized_name_and_admin_type,1.0,confirmed
population,САЙРАМСКИЙ РАЙОН,сайрамский,615200000,Сайрамский район,normalized_name_and_admin_type,1.0,confirmed
population,САНДЫКТАУСКИЙ РАЙОН,сандыктауский,116400000,Сандыктауский район,normalized_name_and_admin_type,1.0,confirmed
population,САРАНЬ Г.А.,сарань а,352200000,Сарань Г.А.,normalized_name_and_admin_type,1.0,confirmed
population,САРКАНСКИЙ РАЙОН,сарканский,334800000,Сарканский район,normalized_name_and_admin_type,1.0,confirmed
population,САРЫАГАШСКИЙ РАЙОН,сарыагашский,615400000,Сарыагашский район,normalized_name_and_admin_type,1.0,confirmed
population,САРЫКОЛЬСКИЙ РАЙОН,сарыкольский,396200000,Сарыкольский район,normalized_name_and_admin_type,1.0,confirmed
population,САРЫСУСКИЙ РАЙОН,сарысуский,316000000,Сарысуский район,normalized_name_and_admin_type,1.0,confirmed
population,САТПАЕВ Г.А.,сатпаев а,622000000,Сатпаев Г.А.,normalized_name_and_admin_type,1.0,confirmed
population,СЕВЕРО-КАЗАХСТАНСКАЯ ОБЛАСТЬ,северо казахстанская,590000000,Северо-Казахстанская область,normalized_name_and_admin_type,1.0,confirmed
population,СЕМЕЙ Г.А.,семей а,101000000,Семей Г.А.,normalized_name_and_admin_type,1.0,confirmed
population,СТЕПНОГОРСК Г.А.,степногорск а,111800000,Степногорск Г.А.,normalized_name_and_admin_type,1.0,confirmed
population,СУЗАКСКИЙ РАЙОН,сузакский,615600000,Сузакский район,normalized_name_and_admin_type,1.0,confirmed
population,СЫРДАРЬИНСКИЙ РАЙОН,сырдарьинский,434800000,Сырдарьинский район,normalized_name_and_admin_type,1.0,confirmed
population,СЫРЫМСКИЙ РАЙОН,сырымский,275800000,Сырымский район,normalized_name_and_admin_type,1.0,confirmed
population,ТАЙЫНШИНСКИЙ РАЙОН,тайыншинский,596000000,Тайыншинский район,normalized_name_and_admin_type,1.0,confirmed
population,ТАЛАССКИЙ РАЙОН,таласский,316200000,Таласский район,normalized_name_and_admin_type,1.0,confirmed
population,ТАЛГАРСКИЙ РАЙОН,талгарский,196200000,Талгарский район,normalized_name_and_admin_type,1.0,confirmed
population,ТАЛДЫКОРГАН Г.А.,талдыкорган а,331000000,Талдыкорган Г.А.,normalized_name_and_admin_type,1.0,confirmed
population,ТАРАЗ Г.А.,тараз а,311000000,Тараз Г.А.,normalized_name_and_admin_type,1.0,confirmed
population,ТАРБАГАТАЙСКИЙ РАЙОН,тарбагатайский,635800000,Тарбагатайский район,normalized_name_and_admin_type,1.0,confirmed
population,ТАСКАЛИНСКИЙ РАЙОН,таскалинский,276000000,Таскалинский район,normalized_name_and_admin_type,1.0,confirmed
population,ТЕКЕЛИ Г.А.,текели а,331800000,Текели Г.А.,normalized_name_and_admin_type,1.0,confirmed
population,ТЕМИРСКИЙ РАЙОН,темирский,155600000,Темирский район,normalized_name_and_admin_type,1.0,confirmed
population,ТЕМИРТАУ Г.А.,темиртау а,352400000,Темиртау Г.А.,normalized_name_and_admin_type,1.0,confirmed
population,ТЕРЕКТИНСКИЙ РАЙОН,теректинский,276200000,Теректинский район,normalized_name_and_admin_type,1.0,confirmed
population,ТИМИРЯЗЕВСКИЙ РАЙОН,тимирязевский,596200000,Тимирязевский район,normalized_name_and_admin_type,1.0,confirmed
population,ТОЛЕБИЙСКИЙ РАЙОН,толебийский,615800000,Толебийский район,normalized_name_and_admin_type,1.0,confirmed
population,ТУПКАРАГАНСКИЙ РАЙОН,тупкараганский,475200000,Тупкараганский район,normalized_name_and_admin_type,1.0,confirmed
population,ТУРКЕСТАН Г.А.,туркестан а,611000000,Туркестан Г.А.,normalized_name_and_admin_type,1.0,confirmed
population,ТУРКЕСТАНСКАЯ ОБЛАСТЬ,туркестанская,610000000,Туркестанская область,normalized_name_and_admin_type,1.0,confirmed
population,ТУРКСИБСКИЙ РАЙОН,турксибский,,,none,0,unmatched
population,ТЮЛЬКУБАССКИЙ РАЙОН,тюлькубасский,616000000,Тюлькубасский район,normalized_name_and_admin_type,1.0,confirmed
population,УАЛИХАНОВСКИЙ РАЙОН,уалихановский,596400000,Уалихановский район,normalized_name_and_admin_type,1.0,confirmed
population,УЗУНКОЛЬСКИЙ РАЙОН,узункольский,396600000,Узункольский район,normalized_name_and_admin_type,1.0,confirmed
population,УИЛСКИЙ РАЙОН,уилский,155200000,Уилский район,normalized_name_and_admin_type,1.0,confirmed
population,УЙГУРСКИЙ РАЙОН,уйгурский,196600000,Уйгурский район,normalized_name_and_admin_type,1.0,confirmed
population,УЛАНСКИЙ РАЙОН,уланский,636200000,Уланский район,normalized_name_and_admin_type,1.0,confirmed
population,УЛЫТАУСКИЙ РАЙОН,улытауский,623800000,Улытауский район,normalized_name_and_admin_type,1.0,confirmed
population,УРАЛЬСК Г.А.,уральск а,271000000,Уральск Г.А.,normalized_name_and_admin_type,1.0,confirmed
population,УРДЖАРСКИЙ РАЙОН,урджарский,104600000,Урджарский район,normalized_name_and_admin_type,1.0,confirmed
population,УСПЕНСКИЙ РАЙОН,успенский,556400000,Успенский район,normalized_name_and_admin_type,1.0,confirmed
population,УСТЬ-КАМЕНОГОРСК Г.А.,усть каменогорск а,631000000,Усть-Каменогорск Г.А.,normalized_name_and_admin_type,1.0,confirmed
population,ФЕДОРОВСКИЙ РАЙОН,федоровский,396800000,Федоровский район,normalized_name_and_admin_type,1.0,confirmed
population,ХОБДИНСКИЙ РАЙОН,хобдинский,154200000,Хобдинский район,normalized_name_and_admin_type,1.0,confirmed
population,ХРОМТАУСКИЙ РАЙОН,хромтауский,156000000,Хромтауский район,normalized_name_and_admin_type,1.0,confirmed
population,ЦЕЛИНОГРАДСКИЙ РАЙОН,целиноградский,116600000,Целиноградский район,normalized_name_and_admin_type,1.0,confirmed
population,ЧИНГИРЛАУСКИЙ РАЙОН,чингирлауский,276600000,Чингирлауский район,normalized_name_and_admin_type,1.0,confirmed
population,ШАЛКАРСКИЙ РАЙОН,шалкарский,156400000,Шалкарский район,normalized_name_and_admin_type,1.0,confirmed
population,ШАРДАРИНСКИЙ РАЙОН,шардаринский,616400000,Шардаринский район,normalized_name_and_admin_type,1.0,confirmed
population,ШАХТИНСК Г.А.,шахтинск а,352800000,Шахтинск Г.А.,normalized_name_and_admin_type,1.0,confirmed
population,ШЕМОНАИХИНСКИЙ РАЙОН,шемонаихинский,636800000,Шемонаихинский район,normalized_name_and_admin_type,1.0,confirmed
population,ШЕТСКИЙ РАЙОН,шетский,356400000,Шетский район,normalized_name_and_admin_type,1.0,confirmed
population,ШИЕЛИЙСКИЙ РАЙОН,шиелийский,435200000,Шиелийский район,normalized_name_and_admin_type,1.0,confirmed
population,ШОРТАНДИНСКИЙ РАЙОН,шортандинский,116800000,Шортандинский район,normalized_name_and_admin_type,1.0,confirmed
population,ШУСКИЙ РАЙОН,шуский,316600000,Шуский район,normalized_name_and_admin_type,1.0,confirmed
population,ШЫМКЕНТ Г.А.,шымкент а,,,none,0,unmatched
population,ЩЕРБАКТИНСКИЙ РАЙОН,щербактинский,556800000,Щербактинский район,normalized_name_and_admin_type,1.0,confirmed
population,ЭКИБАСТУЗ Г.А.,экибастуз а,552200000,Экибастуз Г.А.,normalized_name_and_admin_type,1.0,confirmed
population,ЮЖНО-КАЗАХСТАНСКАЯ ОБЛАСТЬ,южно казахстанская,,,none,0,unmatched
population,ҚОНАЕВ Г.А.,қонаев а,191000000,Қонаев Г.А.,normalized_name_and_admin_type,1.0,confirmed
births,АБАЙСКИЙ РАЙОН,абайский,,,none,0,ambiguous
births,АЙТЕКЕБИЙСКИЙ РАЙОН,айтекебийский,153400000,Айтекебийский район,normalized_name_and_admin_type,1.0,confirmed
births,АЙЫРТАУСКИЙ РАЙОН,айыртауский,593200000,Айыртауский район,normalized_name_and_admin_type,1.0,confirmed
births,АКЖАИКСКИЙ РАЙОН,акжаикский,273200000,Акжаикский район,normalized_name_and_admin_type,1.0,confirmed
births,АКЖАРСКИЙ РАЙОН,акжарский,593400000,Акжарский район,normalized_name_and_admin_type,1.0,confirmed
births,АККАЙЫНСКИЙ РАЙОН,аккайынский,595800000,Аккайынский район,normalized_name_and_admin_type,1.0,confirmed
births,АККОЛЬСКИЙ РАЙОН,аккольский,113200000,Аккольский район,normalized_name_and_admin_type,1.0,confirmed
births,АКМОЛИНСКАЯ ОБЛАСТЬ,акмолинская,110000000,Акмолинская область,normalized_name_and_admin_type,1.0,confirmed
births,АКСУ Г.А.,аксу а,551600000,Аксу Г.А.,normalized_name_and_admin_type,1.0,confirmed
births,АКСУСКИЙ РАЙОН,аксуский,333200000,Аксуский район,normalized_name_and_admin_type,1.0,confirmed
births,АКТАУ Г.А.,актау а,471000000,Актау Г.А.,normalized_name_and_admin_type,1.0,confirmed
births,АКТОБЕ Г.А.,актобе а,151000000,Актобе Г.А.,normalized_name_and_admin_type,1.0,confirmed
births,АКТОГАЙСКИЙ РАЙОН,актогайский,,,none,0,ambiguous
births,АКТЮБИНСКАЯ ОБЛАСТЬ,актюбинская,150000000,Актюбинская область,normalized_name_and_admin_type,1.0,confirmed
births,АЛАКОЛЬСКИЙ РАЙОН,алакольский,333400000,Алакольский район,normalized_name_and_admin_type,1.0,confirmed
births,АЛАТАУСКИЙ РАЙОН,алатауский,,,none,0,unmatched
births,АЛГИНСКИЙ РАЙОН,алгинский,153200000,Алгинский район,normalized_name_and_admin_type,1.0,confirmed
births,АЛМАЛИНСКИЙ РАЙОН,алмалинский,,,none,0,unmatched
births,АЛМАТИНСКАЯ ОБЛАСТЬ,алматинская,190000000,Алматинская область,normalized_name_and_admin_type,1.0,confirmed
births,АЛТЫНСАРИНСКИЙ РАЙОН,алтынсаринский,393200000,Алтынсаринский район,normalized_name_and_admin_type,1.0,confirmed
births,АЛЬ-ФАРАБИЙСКИЙ РАЙОН,аль фарабийский,,,none,0,unmatched
births,АМАНГЕЛЬДИНСКИЙ РАЙОН,амангельдинский,393400000,Амангельдинский район,normalized_name_and_admin_type,1.0,confirmed
births,АРАЛЬСКИЙ РАЙОН,аральский,433200000,Аральский район,normalized_name_and_admin_type,1.0,confirmed
births,АРКАЛЫК Г.А.,аркалык а,391600000,Аркалык Г.А.,normalized_name_and_admin_type,1.0,confirmed
births,АРШАЛЫНСКИЙ РАЙОН,аршалынский,113400000,Аршалынский район,normalized_name_and_admin_type,1.0,confirmed
births,АРЫСЬ Г.А.,арысь а,611600000,Арысь Г.А.,normalized_name_and_admin_type,1.0,confirmed
births,АСТРАХАНСКИЙ РАЙОН,астраханский,113600000,Астраханский район,normalized_name_and_admin_type,1.0,confirmed
births,АТБАСАРСКИЙ РАЙОН,атбасарский,113800000,Атбасарский район,normalized_name_and_admin_type,1.0,confirmed
births,АТЫРАУ Г.А.,атырау а,231000000,Атырау Г.А.,normalized_name_and_admin_type,1.0,confirmed
births,АТЫРАУСКАЯ ОБЛАСТЬ,атырауская,230000000,Атырауская область,normalized_name_and_admin_type,1.0,confirmed
births,АУЛИЕКОЛЬСКИЙ РАЙОН,аулиекольский,393600000,Аулиекольский район,normalized_name_and_admin_type,1.0,confirmed
births,АУЭЗОВСКИЙ РАЙОН,ауэзовский,,,none,0,unmatched
births,АЯГОЗ Г.А.,аягоз а,,,none,0,unmatched
births,АЯГОЗСКИЙ РАЙОН,аягозский,103600000,Аягозский район,normalized_name_and_admin_type,1.0,confirmed
births,БАЙГАНИНСКИЙ РАЙОН,байганинский,153600000,Байганинский район,normalized_name_and_admin_type,1.0,confirmed
births,БАЙЗАКСКИЙ РАЙОН,байзакский,313600000,Байзакский район,normalized_name_and_admin_type,1.0,confirmed
births,БАЙКОНЫР Г.А.,байконыр а,431900000,Байконыр Г.А.,normalized_name_and_admin_type,1.0,confirmed
births,БАЛХАШ Г.А.,балхаш а,351600000,Балхаш Г.А.,normalized_name_and_admin_type,1.0,confirmed
births,БАЛХАШСКИЙ РАЙОН,балхашский,193600000,Балхашский район,normalized_name_and_admin_type,1.0,confirmed
births,БАЯНАУЛЬСКИЙ РАЙОН,баянаульский,553600000,Баянаульский район,normalized_name_and_admin_type,1.0,confirmed
births,БЕЙНЕУСКИЙ РАЙОН,бейнеуский,473600000,Бейнеуский район,normalized_name_and_admin_type,1.0,confirmed
births,БЕСКАРАГАЙСКИЙ РАЙОН,бескарагайский,103800000,Бескарагайский район,normalized_name_and_admin_type,1.0,confirmed
births,БОКЕЙОРДИНСКИЙ РАЙОН,бокейординский,275400000,Бокейординский район,normalized_name_and_admin_type,1.0,confirmed
births,БОРОДУЛИХИНСКИЙ РАЙОН,бородулихинский,104000000,Бородулихинский район,normalized_name_and_admin_type,1.0,confirmed
births,БОСТАНДЫКСКИЙ РАЙОН,бостандыкский,,,none,0,unmatched
births,БУЛАНДЫНСКИЙ РАЙОН,буландынский,114000000,Буландынский район,normalized_name_and_admin_type,1.0,confirmed
births,БУРАБАЙСКИЙ РАЙОН,бурабайский,117000000,Бурабайский район,normalized_name_and_admin_type,1.0,confirmed
births,БУРЛИНСКИЙ РАЙОН,бурлинский,273600000,Бурлинский район,normalized_name_and_admin_type,1.0,confirmed
births,БУХАР-ЖЫРАУСКИЙ РАЙОН,бухар жырауский,354000000,Бухар-Жырауский район,normalized_name_and_admin_type,1.0,confirmed
births,ВОСТОЧНО-КАЗАХСТАНСКАЯ ОБЛАСТЬ,восточно казахстанская,630000000,Восточно-Казахстанская область,normalized_name_and_admin_type,1.0,confirmed
births,Г.А.АЛАТАУ,а алатау,,,none,0,unmatched
births,Г.А.АЛТАЙ,а алтай,,,none,0,unmatched
births,Г.АЛМАТЫ,алматы,750000000,г.Алматы,normalized_name_and_admin_type,1.0,confirmed
births,Г.АСТАНА,астана,710000000,г.Астана,normalized_name_and_admin_type,1.0,confirmed
births,Г.ШЫМКЕНТ,шымкент,790000000,г.Шымкент,normalized_name_and_admin_type,1.0,confirmed
births,ГЛУБОКОВСКИЙ РАЙОН,глубоковский,634000000,Глубоковский район,normalized_name_and_admin_type,1.0,confirmed
births,ДЕНИСОВСКИЙ РАЙОН,денисовский,394000000,Денисовский район,normalized_name_and_admin_type,1.0,confirmed
births,ЕГИНДЫКОЛЬСКИЙ РАЙОН,егиндыкольский,114400000,Егиндыкольский район,normalized_name_and_admin_type,1.0,confirmed
births,ЕНБЕКШИКАЗАХСКИЙ РАЙОН,енбекшиказахский,194000000,Енбекшиказахский район,normalized_name_and_admin_type,1.0,confirmed
births,ЕНБЕКШИНСКИЙ РАЙОН,енбекшинский,,,none,0,unmatched
births,ЕРЕЙМЕНТАУСКИЙ РАЙОН,ерейментауский,114600000,Ерейментауский район,normalized_name_and_admin_type,1.0,confirmed
births,ЕСИЛЬСКИЙ РАЙОН,есильский,,,none,0,ambiguous
births,ЕСКЕЛЬДИНСКИЙ РАЙОН,ескельдинский,333600000,Ескельдинский район,normalized_name_and_admin_type,1.0,confirmed
births,ЖАКСЫНСКИЙ РАЙОН,жаксынский,115200000,Жаксынский район,normalized_name_and_admin_type,1.0,confirmed
births,ЖАЛАГАШСКИЙ РАЙОН,жалагашский,433600000,Жалагашский район,normalized_name_and_admin_type,1.0,confirmed
births,ЖАМБЫЛСКАЯ ОБЛАСТЬ,жамбылская,310000000,Жамбылская область,normalized_name_and_admin_type,1.0,confirmed
births,ЖАМБЫЛСКИЙ РАЙОН,жамбылский,,,none,0,ambiguous
births,ЖАНААРКИНСКИЙ РАЙОН,жанааркинский,623600000,Жанааркинский район,normalized_name_and_admin_type,1.0,confirmed
births,ЖАНАКОРГАНСКИЙ РАЙОН,жанакорганский,434000000,Жанакорганский район,normalized_name_and_admin_type,1.0,confirmed
births,ЖАНАОЗЕН Г.А.,жанаозен а,471800000,Жанаозен Г.А.,normalized_name_and_admin_type,1.0,confirmed
births,ЖАНГАЛИНСКИЙ РАЙОН,жангалинский,274000000,Жангалинский район,normalized_name_and_admin_type,1.0,confirmed
births,ЖАНГЕЛЬДИНСКИЙ РАЙОН,жангельдинский,394200000,Жангельдинский район,normalized_name_and_admin_type,1.0,confirmed
births,ЖАНИБЕКСКИЙ РАЙОН,жанибекский,274200000,Жанибекский район,normalized_name_and_admin_type,1.0,confirmed
births,ЖАРКАИНСКИЙ РАЙОН,жаркаинский,115400000,Жаркаинский район,normalized_name_and_admin_type,1.0,confirmed
births,ЖАРМИНСКИЙ РАЙОН,жарминский,104200000,Жарминский район,normalized_name_and_admin_type,1.0,confirmed
births,ЖЕЗКАЗГАН Г.А.,жезказган а,621000000,Жезказган Г.А.,normalized_name_and_admin_type,1.0,confirmed
births,ЖЕЛЕЗИНСКИЙ РАЙОН,железинский,554200000,Железинский район,normalized_name_and_admin_type,1.0,confirmed
births,ЖЕТЫСАЙСКИЙ РАЙОН,жетысайский,613800000,Жетысайский район,normalized_name_and_admin_type,1.0,confirmed
births,ЖЕТЫСУСКИЙ РАЙОН,жетысуский,,,none,0,unmatched
births,ЖИТИКАРИНСКИЙ РАЙОН,житикаринский,394400000,Житикаринский район,normalized_name_and_admin_type,1.0,confirmed
births,ЖУАЛЫНСКИЙ РАЙОН,жуалынский,314200000,Жуалынский район,normalized_name_and_admin_type,1.0,confirmed
births,ЖЫЛЫОЙСКИЙ РАЙОН,жылыойский,233600000,Жылыойский район,normalized_name_and_admin_type,1.0,confirmed
births,ЗАЙСАНСКИЙ РАЙОН,зайсанский,634600000,Зайсанский район,normalized_name_and_admin_type,1.0,confirmed
births,ЗАПАДНО-КАЗАХСТАНСКАЯ ОБЛАСТЬ,западно казахстанская,270000000,Западно-Казахстанская область,normalized_name_and_admin_type,1.0,confirmed
births,ЗЕРЕНДИНСКИЙ РАЙОН,зерендинский,115600000,Зерендинский район,normalized_name_and_admin_type,1.0,confirmed
births,ИЛИЙСКИЙ РАЙОН,илийский,196800000,Илийский район,normalized_name_and_admin_type,1.0,confirmed
births,ИНДЕРСКИЙ РАЙОН,индерский,234000000,Индерский район,normalized_name_and_admin_type,1.0,confirmed
births,ИРГИЗСКИЙ РАЙОН,иргизский,156800000,Иргизский район,normalized_name_and_admin_type,1.0,confirmed
births,ИРТЫШСКИЙ РАЙОН,иртышский,554600000,Иртышский район,normalized_name_and_admin_type,1.0,confirmed
births,ИСАТАЙСКИЙ РАЙОН,исатайский,234200000,Исатайский район,normalized_name_and_admin_type,1.0,confirmed
births,КАЗАЛИНСКИЙ РАЙОН,казалинский,434400000,Казалинский район,normalized_name_and_admin_type,1.0,confirmed
births,КАЗТАЛОВСКИЙ РАЙОН,казталовский,274800000,Казталовский район,normalized_name_and_admin_type,1.0,confirmed
births,КАЗЫГУРТСКИЙ РАЙОН,казыгуртский,614000000,Казыгуртский район,normalized_name_and_admin_type,1.0,confirmed
births,КАМЫСТИНСКИЙ РАЙОН,камыстинский,394800000,Камыстинский район,normalized_name_and_admin_type,1.0,confirmed
births,КАРАБАЛЫКСКИЙ РАЙОН,карабалыкский,395000000,Карабалыкский район,normalized_name_and_admin_type,1.0,confirmed
births,КАРАГАНДА Г.А.,караганда а,351000000,Караганда Г.А.,normalized_name_and_admin_type,1.0,confirmed
births,КАРАГАНДИНСКАЯ ОБЛАСТЬ,карагандинская,350000000,Карагандинская область,normalized_name_and_admin_type,1.0,confirmed
births,КАРАЖАЛ Г.А.,каражал а,621800000,Каражал Г.А.,normalized_name_and_admin_type,1.0,confirmed
births,КАРАКИЯНСКИЙ РАЙОН,каракиянский,474200000,Каракиянский район,normalized_name_and_admin_type,1.0,confirmed
births,КАРАСАЙСКИЙ РАЙОН,карасайский,195200000,Карасайский район,normalized_name_and_admin_type,1.0,confirmed
births,КАРАСУСКИЙ РАЙОН,карасуский,395200000,Карасуский район,normalized_name_and_admin_type,1.0,confirmed
births,КАРАТАЛЬСКИЙ РАЙОН,каратальский,334400000,Каратальский район,normalized_name_and_admin_type,1.0,confirmed
births,КАРАТАУСКИЙ РАЙОН,каратауский,,,none,0,unmatched
births,КАРАТОБИНСКИЙ РАЙОН,каратобинский,275000000,Каратобинский район,normalized_name_and_admin_type,1.0,confirmed
births,КАРГАЛИНСКИЙ РАЙОН,каргалинский,154000000,Каргалинский район,normalized_name_and_admin_type,1.0,confirmed
births,КАРКАРАЛИНСКИЙ РАЙОН,каркаралинский,354800000,Каркаралинский район,normalized_name_and_admin_type,1.0,confirmed
births,КАРМАКШИНСКИЙ РАЙОН,кармакшинский,434600000,Кармакшинский район,normalized_name_and_admin_type,1.0,confirmed
births,КАТОН-КАРАГАЙСКИЙ РАЙОН,катон карагайский,635400000,Катон-Карагайский район,normalized_name_and_admin_type,1.0,confirmed
births,КЕГЕНСКИЙ РАЙОН,кегенский,194400000,Кегенский район,normalized_name_and_admin_type,1.0,confirmed
births,КЕЛЕССКИЙ РАЙОН,келесский,613900000,Келесский район,normalized_name_and_admin_type,1.0,confirmed
births,КЕНТАУ Г.А.,кентау а,612000000,Кентау Г.А.,normalized_name_and_admin_type,1.0,confirmed
births,КЕРБУЛАКСКИЙ РАЙОН,кербулакский,334000000,Кербулакский район,normalized_name_and_admin_type,1.0,confirmed
births,КЗЫЛКОГИНСКИЙ РАЙОН,кзылкогинский,234800000,Кзылкогинский район,normalized_name_and_admin_type,1.0,confirmed
births,КОКПЕКТИНСКИЙ РАЙОН,кокпектинский,104400000,Кокпектинский район,normalized_name_and_admin_type,1.0,confirmed
births,КОКСУСКИЙ РАЙОН,коксуский,334200000,Коксуский район,normalized_name_and_admin_type,1.0,confirmed
births,КОКШЕТАУ Г.А.,кокшетау а,111000000,Кокшетау Г.А.,normalized_name_and_admin_type,1.0,confirmed
births,КОРГАЛЖЫНСКИЙ РАЙОН,коргалжынский,116000000,Коргалжынский район,normalized_name_and_admin_type,1.0,confirmed
births,КОРДАЙСКИЙ РАЙОН,кордайский,314800000,Кордайский район,normalized_name_and_admin_type,1.0,confirmed
births,КОСТАНАЙ Г.А.,костанай а,391000000,Костанай Г.А.,normalized_name_and_admin_type,1.0,confirmed
births,КОСТАНАЙСКАЯ ОБЛАСТЬ,костанайская,390000000,Костанайская область,normalized_name_and_admin_type,1.0,confirmed
births,КОСТАНАЙСКИЙ РАЙОН,костанайский,395400000,Костанайский район,normalized_name_and_admin_type,1.0,confirmed
births,КОСШЫ Г.А.,косшы а,111600000,Косшы Г.А.,normalized_name_and_admin_type,1.0,confirmed
births,КУРМАНГАЗИНСКИЙ РАЙОН,курмангазинский,234600000,Курмангазинский район,normalized_name_and_admin_type,1.0,confirmed
births,КУРЧАТОВ Г.А.,курчатов а,101800000,Курчатов Г.А.,normalized_name_and_admin_type,1.0,confirmed
births,КУРЧУМСКИЙ РАЙОН,курчумский,635200000,Курчумский район,normalized_name_and_admin_type,1.0,confirmed
births,КЫЗЫЛЖАРСКИЙ РАЙОН,кызылжарский,595000000,Кызылжарский район,normalized_name_and_admin_type,1.0,confirmed
births,КЫЗЫЛОРДА Г.А.,кызылорда а,431000000,Кызылорда Г.А.,normalized_name_and_admin_type,1.0,confirmed
births,КЫЗЫЛОРДИНСКАЯ ОБЛАСТЬ,кызылординская,430000000,Кызылординская область,normalized_name_and_admin_type,1.0,confirmed
births,ЛИСАКОВСК Г.А.,лисаковск а,392000000,Лисаковск Г.А.,normalized_name_and_admin_type,1.0,confirmed
births,МАЙСКИЙ РАЙОН,майский,555600000,Майский район,normalized_name_and_admin_type,1.0,confirmed
births,МАКАТСКИЙ РАЙОН,макатский,235200000,Макатский район,normalized_name_and_admin_type,1.0,confirmed
births,МАКТААРАЛЬСКИЙ РАЙОН,мактааральский,614400000,Мактааральский район,normalized_name_and_admin_type,1.0,confirmed
births,МАМЛЮТСКИЙ РАЙОН,мамлютский,595200000,Мамлютский район,normalized_name_and_admin_type,1.0,confirmed
births,МАНГИСТАУСКАЯ ОБЛАСТЬ,мангистауская,470000000,Мангистауская область,normalized_name_and_admin_type,1.0,confirmed
births,МАНГИСТАУСКИЙ РАЙОН,мангистауский,474600000,Мангистауский район,normalized_name_and_admin_type,1.0,confirmed
births,МАРТУКСКИЙ РАЙОН,мартукский,154600000,Мартукский район,normalized_name_and_admin_type,1.0,confirmed
births,МАХАМБЕТСКИЙ РАЙОН,махамбетский,235600000,Махамбетский район,normalized_name_and_admin_type,1.0,confirmed
births,МЕДЕУСКИЙ РАЙОН,медеуский,,,none,0,unmatched
births,МЕНДЫКАРИНСКИЙ РАЙОН,мендыкаринский,395600000,Мендыкаринский район,normalized_name_and_admin_type,1.0,confirmed
births,МЕРКЕНСКИЙ РАЙОН,меркенский,315400000,Меркенский район,normalized_name_and_admin_type,1.0,confirmed
births,МОЙЫНКУМСКИЙ РАЙОН,мойынкумский,315600000,Мойынкумский район,normalized_name_and_admin_type,1.0,confirmed
births,МУГАЛЖАРСКИЙ РАЙОН,мугалжарский,154800000,Мугалжарский район,normalized_name_and_admin_type,1.0,confirmed
births,МУНАЙЛИНСКИЙ РАЙОН,мунайлинский,475000000,Мунайлинский район,normalized_name_and_admin_type,1.0,confirmed
births,НАУРЗУМСКИЙ РАЙОН,наурзумский,395800000,Наурзумский район,normalized_name_and_admin_type,1.0,confirmed
births,НАУРЫЗБАЙСКИЙ РАЙОН,наурызбайский,,,none,0,unmatched
births,НУРИНСКИЙ РАЙОН,нуринский,355200000,Нуринский район,normalized_name_and_admin_type,1.0,confirmed
births,ОБЛАСТЬ АБАЙ,абай,100000000,область Абай,normalized_name_and_admin_type,1.0,confirmed
births,ОБЛАСТЬ ЖЕТІСУ,жетісу,330000000,область Жетісу,normalized_name_and_admin_type,1.0,confirmed
births,ОБЛАСТЬ ҰЛЫТАУ,ұлытау,620000000,область Ұлытау,normalized_name_and_admin_type,1.0,confirmed
births,ОРДАБАСЫНСКИЙ РАЙОН,ордабасынский,614600000,Ордабасынский район,normalized_name_and_admin_type,1.0,confirmed
births,ОСАКАРОВСКИЙ РАЙОН,осакаровский,355600000,Осакаровский район,normalized_name_and_admin_type,1.0,confirmed
births,ОТРАРСКИЙ РАЙОН,отрарский,614800000,Отрарский район,normalized_name_and_admin_type,1.0,confirmed
births,ПАВЛОДАР Г.А.,павлодар а,551000000,Павлодар Г.А.,normalized_name_and_admin_type,1.0,confirmed
births,ПАВЛОДАРСКАЯ ОБЛАСТЬ,павлодарская,550000000,Павлодарская область,normalized_name_and_admin_type,1.0,confirmed
births,ПАВЛОДАРСКИЙ РАЙОН,павлодарский,556000000,Павлодарский район,normalized_name_and_admin_type,1.0,confirmed
births,ПАНФИЛОВСКИЙ РАЙОН,панфиловский,334600000,Панфиловский район,normalized_name_and_admin_type,1.0,confirmed
births,ПЕТРОПАВЛОВСК Г.А.,петропавловск а,591000000,Петропавловск Г.А.,normalized_name_and_admin_type,1.0,confirmed
births,ПРИОЗЕРСК Г.А.,приозерск а,352100000,Приозерск Г.А.,normalized_name_and_admin_type,1.0,confirmed
births,РАЙОН АЛМАТЫ,алматы,,,none,0,unmatched
births,РАЙОН АЛТАЙ,алтай,634800000,район Алтай,normalized_name_and_admin_type,1.0,confirmed
births,РАЙОН АҚСУАТ,ақсуат,103400000,район Ақсуат,normalized_name_and_admin_type,1.0,confirmed
births,РАЙОН АҚҚУЛЫ,аққулы,555200000,район Аққулы,normalized_name_and_admin_type,1.0,confirmed
births,РАЙОН БАЙДИБЕКА,байдибека,613600000,район Байдибека,normalized_name_and_admin_type,1.0,confirmed
births,РАЙОН БАЙҚОҢЫР,байқоңыр,,,none,0,unmatched
births,РАЙОН БЕИМБЕТА МАЙЛИНА,беимбета майлина,396400000,район Беимбета Майлина,normalized_name_and_admin_type,1.0,confirmed
births,РАЙОН БИРЖАН САЛ,биржан сал,114500000,район Биржан сал,normalized_name_and_admin_type,1.0,confirmed
births,РАЙОН БӘЙТЕРЕК,бәйтерек,274400000,район Бәйтерек,normalized_name_and_admin_type,1.0,confirmed
births,РАЙОН ЕСИЛЬ,есиль,,,none,0,unmatched
births,РАЙОН ЖАҢАСЕМЕЙ,жаңасемей,104100000,район Жаңасемей,normalized_name_and_admin_type,1.0,confirmed
births,РАЙОН ИМ.ГАБИТА МУСРЕПОВА,им габита мусрепова,596600000,Район им.Габита Мусрепова,normalized_name_and_admin_type,1.0,confirmed
births,РАЙОН МАГЖАНА ЖУМАБАЕВА,магжана жумабаева,593600000,Район Магжана Жумабаева,normalized_name_and_admin_type,1.0,confirmed
births,РАЙОН МАРҚАКӨЛ,марқакөл,635500000,район Марқакөл,normalized_name_and_admin_type,1.0,confirmed
births,РАЙОН МАҚАНШЫ,мақаншы,104500000,район Мақаншы,normalized_name_and_admin_type,1.0,confirmed
births,РАЙОН НҰРА,нұра,,,none,0,unmatched
births,РАЙОН САМАР,самар,635600000,район Самар,normalized_name_and_admin_type,1.0,confirmed
births,РАЙОН САРЫАРКА,сарыарка,,,none,0,unmatched
births,РАЙОН САУРАН,сауран,615500000,район Сауран,normalized_name_and_admin_type,1.0,confirmed
births,РАЙОН ТЕРЕҢКӨЛ,тереңкөл,554800000,район Тереңкөл,normalized_name_and_admin_type,1.0,confirmed
births,РАЙОН ТУРАН,туран,,,none,0,unmatched
births,РАЙОН ТУРАРА РЫСКУЛОВА,турара рыскулова,315000000,район Турара Рыскулова,normalized_name_and_admin_type,1.0,confirmed
births,РАЙОН ШАЛ АКЫНА,шал акына,595600000,Район Шал акына,normalized_name_and_admin_type,1.0,confirmed
births,РАЙОН ҮЛКЕН НАРЫН,үлкен нарын,636300000,район Үлкен Нарын,normalized_name_and_admin_type,1.0,confirmed
births,РАЙЫМБЕКСКИЙ РАЙОН,райымбекский,195800000,Райымбекский район,normalized_name_and_admin_type,1.0,confirmed
births,РЕСПУБЛИКА КАЗАХСТАН,республика казахстан,,,none,0,unmatched
births,РИДДЕР Г.А.,риддер а,632400000,Риддер Г.А.,normalized_name_and_admin_type,1.0,confirmed
births,РУДНЫЙ Г.А.,рудный а,392400000,Рудный Г.А.,normalized_name_and_admin_type,1.0,confirmed
births,САЙРАМСКИЙ РАЙОН,сайрамский,615200000,Сайрамский район,normalized_name_and_admin_type,1.0,confirmed
births,САНДЫКТАУСКИЙ РАЙОН,сандыктауский,116400000,Сандыктауский район,normalized_name_and_admin_type,1.0,confirmed
births,САРАНЬ Г.А.,сарань а,352200000,Сарань Г.А.,normalized_name_and_admin_type,1.0,confirmed
births,САРКАНСКИЙ РАЙОН,сарканский,334800000,Сарканский район,normalized_name_and_admin_type,1.0,confirmed
births,САРЫАГАШСКИЙ РАЙОН,сарыагашский,615400000,Сарыагашский район,normalized_name_and_admin_type,1.0,confirmed
births,САРЫКОЛЬСКИЙ РАЙОН,сарыкольский,396200000,Сарыкольский район,normalized_name_and_admin_type,1.0,confirmed
births,САРЫСУСКИЙ РАЙОН,сарысуский,316000000,Сарысуский район,normalized_name_and_admin_type,1.0,confirmed
births,САТПАЕВ Г.А.,сатпаев а,622000000,Сатпаев Г.А.,normalized_name_and_admin_type,1.0,confirmed
births,СЕВЕРО-КАЗАХСТАНСКАЯ ОБЛАСТЬ,северо казахстанская,590000000,Северо-Казахстанская область,normalized_name_and_admin_type,1.0,confirmed
births,СЕМЕЙ Г.А.,семей а,101000000,Семей Г.А.,normalized_name_and_admin_type,1.0,confirmed
births,СТЕПНОГОРСК Г.А.,степногорск а,111800000,Степногорск Г.А.,normalized_name_and_admin_type,1.0,confirmed
births,СУЗАКСКИЙ РАЙОН,сузакский,615600000,Сузакский район,normalized_name_and_admin_type,1.0,confirmed
births,СЫРДАРЬИНСКИЙ РАЙОН,сырдарьинский,434800000,Сырдарьинский район,normalized_name_and_admin_type,1.0,confirmed
births,СЫРЫМСКИЙ РАЙОН,сырымский,275800000,Сырымский район,normalized_name_and_admin_type,1.0,confirmed
births,ТАЙЫНШИНСКИЙ РАЙОН,тайыншинский,596000000,Тайыншинский район,normalized_name_and_admin_type,1.0,confirmed
births,ТАЛАССКИЙ РАЙОН,таласский,316200000,Таласский район,normalized_name_and_admin_type,1.0,confirmed
births,ТАЛГАРСКИЙ РАЙОН,талгарский,196200000,Талгарский район,normalized_name_and_admin_type,1.0,confirmed
births,ТАЛДЫКОРГАН Г.А.,талдыкорган а,331000000,Талдыкорган Г.А.,normalized_name_and_admin_type,1.0,confirmed
births,ТАРАЗ Г.А.,тараз а,311000000,Тараз Г.А.,normalized_name_and_admin_type,1.0,confirmed
births,ТАРБАГАТАЙСКИЙ РАЙОН,тарбагатайский,635800000,Тарбагатайский район,normalized_name_and_admin_type,1.0,confirmed
births,ТАСКАЛИНСКИЙ РАЙОН,таскалинский,276000000,Таскалинский район,normalized_name_and_admin_type,1.0,confirmed
births,ТЕКЕЛИ Г.А.,текели а,331800000,Текели Г.А.,normalized_name_and_admin_type,1.0,confirmed
births,ТЕМИРСКИЙ РАЙОН,темирский,155600000,Темирский район,normalized_name_and_admin_type,1.0,confirmed
births,ТЕМИРТАУ Г.А.,темиртау а,352400000,Темиртау Г.А.,normalized_name_and_admin_type,1.0,confirmed
births,ТЕРЕКТИНСКИЙ РАЙОН,теректинский,276200000,Теректинский район,normalized_name_and_admin_type,1.0,confirmed
births,ТИМИРЯЗЕВСКИЙ РАЙОН,тимирязевский,596200000,Тимирязевский район,normalized_name_and_admin_type,1.0,confirmed
births,ТОЛЕБИЙСКИЙ РАЙОН,толебийский,615800000,Толебийский район,normalized_name_and_admin_type,1.0,confirmed
births,ТУПКАРАГАНСКИЙ РАЙОН,тупкараганский,475200000,Тупкараганский район,normalized_name_and_admin_type,1.0,confirmed
births,ТУРКЕСТАН Г.А.,туркестан а,611000000,Туркестан Г.А.,normalized_name_and_admin_type,1.0,confirmed
births,ТУРКЕСТАНСКАЯ ОБЛАСТЬ,туркестанская,610000000,Туркестанская область,normalized_name_and_admin_type,1.0,confirmed
births,ТУРКСИБСКИЙ РАЙОН,турксибский,,,none,0,unmatched
births,ТЮЛЬКУБАССКИЙ РАЙОН,тюлькубасский,616000000,Тюлькубасский район,normalized_name_and_admin_type,1.0,confirmed
births,УАЛИХАНОВСКИЙ РАЙОН,уалихановский,596400000,Уалихановский район,normalized_name_and_admin_type,1.0,confirmed
births,УЗУНКОЛЬСКИЙ РАЙОН,узункольский,396600000,Узункольский район,normalized_name_and_admin_type,1.0,confirmed
births,УИЛСКИЙ РАЙОН,уилский,155200000,Уилский район,normalized_name_and_admin_type,1.0,confirmed
births,УЙГУРСКИЙ РАЙОН,уйгурский,196600000,Уйгурский район,normalized_name_and_admin_type,1.0,confirmed
births,УЛАНСКИЙ РАЙОН,уланский,636200000,Уланский район,normalized_name_and_admin_type,1.0,confirmed
births,УЛЫТАУСКИЙ РАЙОН,улытауский,623800000,Улытауский район,normalized_name_and_admin_type,1.0,confirmed
births,УРАЛЬСК Г.А.,уральск а,271000000,Уральск Г.А.,normalized_name_and_admin_type,1.0,confirmed
births,УРДЖАРСКИЙ РАЙОН,урджарский,104600000,Урджарский район,normalized_name_and_admin_type,1.0,confirmed
births,УСПЕНСКИЙ РАЙОН,успенский,556400000,Успенский район,normalized_name_and_admin_type,1.0,confirmed
births,УСТЬ-КАМЕНОГОРСК Г.А.,усть каменогорск а,631000000,Усть-Каменогорск Г.А.,normalized_name_and_admin_type,1.0,confirmed
births,ФЕДОРОВСКИЙ РАЙОН,федоровский,396800000,Федоровский район,normalized_name_and_admin_type,1.0,confirmed
births,ХОБДИНСКИЙ РАЙОН,хобдинский,154200000,Хобдинский район,normalized_name_and_admin_type,1.0,confirmed
births,ХРОМТАУСКИЙ РАЙОН,хромтауский,156000000,Хромтауский район,normalized_name_and_admin_type,1.0,confirmed
births,ЦЕЛИНОГРАДСКИЙ РАЙОН,целиноградский,116600000,Целиноградский район,normalized_name_and_admin_type,1.0,confirmed
births,ЧИНГИРЛАУСКИЙ РАЙОН,чингирлауский,276600000,Чингирлауский район,normalized_name_and_admin_type,1.0,confirmed
births,ШАЛКАРСКИЙ РАЙОН,шалкарский,156400000,Шалкарский район,normalized_name_and_admin_type,1.0,confirmed
births,ШАРДАРИНСКИЙ РАЙОН,шардаринский,616400000,Шардаринский район,normalized_name_and_admin_type,1.0,confirmed
births,ШАХТИНСК Г.А.,шахтинск а,352800000,Шахтинск Г.А.,normalized_name_and_admin_type,1.0,confirmed
births,ШЕМОНАИХИНСКИЙ РАЙОН,шемонаихинский,636800000,Шемонаихинский район,normalized_name_and_admin_type,1.0,confirmed
births,ШЕТСКИЙ РАЙОН,шетский,356400000,Шетский район,normalized_name_and_admin_type,1.0,confirmed
births,ШИЕЛИЙСКИЙ РАЙОН,шиелийский,435200000,Шиелийский район,normalized_name_and_admin_type,1.0,confirmed
births,ШОРТАНДИНСКИЙ РАЙОН,шортандинский,116800000,Шортандинский район,normalized_name_and_admin_type,1.0,confirmed
births,ШУСКИЙ РАЙОН,шуский,316600000,Шуский район,normalized_name_and_admin_type,1.0,confirmed
births,ШЫМКЕНТ Г.А.,шымкент а,,,none,0,unmatched
births,ЩЕРБАКТИНСКИЙ РАЙОН,щербактинский,556800000,Щербактинский район,normalized_name_and_admin_type,1.0,confirmed
births,ЭКИБАСТУЗ Г.А.,экибастуз а,552200000,Экибастуз Г.А.,normalized_name_and_admin_type,1.0,confirmed
births,ЮЖНО-КАЗАХСТАНСКАЯ ОБЛАСТЬ,южно казахстанская,,,none,0,unmatched
births,ҚОНАЕВ Г.А.,қонаев а,191000000,Қонаев Г.А.,normalized_name_and_admin_type,1.0,confirmed
deaths,АБАЙСКИЙ РАЙОН,абайский,,,none,0,ambiguous
deaths,АЙТЕКЕБИЙСКИЙ РАЙОН,айтекебийский,153400000,Айтекебийский район,normalized_name_and_admin_type,1.0,confirmed
deaths,АЙЫРТАУСКИЙ РАЙОН,айыртауский,593200000,Айыртауский район,normalized_name_and_admin_type,1.0,confirmed
deaths,АКЖАИКСКИЙ РАЙОН,акжаикский,273200000,Акжаикский район,normalized_name_and_admin_type,1.0,confirmed
deaths,АКЖАРСКИЙ РАЙОН,акжарский,593400000,Акжарский район,normalized_name_and_admin_type,1.0,confirmed
deaths,АККАЙЫНСКИЙ РАЙОН,аккайынский,595800000,Аккайынский район,normalized_name_and_admin_type,1.0,confirmed
deaths,АККОЛЬСКИЙ РАЙОН,аккольский,113200000,Аккольский район,normalized_name_and_admin_type,1.0,confirmed
deaths,АКМОЛИНСКАЯ ОБЛАСТЬ,акмолинская,110000000,Акмолинская область,normalized_name_and_admin_type,1.0,confirmed
deaths,АКСУ Г.А.,аксу а,551600000,Аксу Г.А.,normalized_name_and_admin_type,1.0,confirmed
deaths,АКСУСКИЙ РАЙОН,аксуский,333200000,Аксуский район,normalized_name_and_admin_type,1.0,confirmed
deaths,АКТАУ Г.А.,актау а,471000000,Актау Г.А.,normalized_name_and_admin_type,1.0,confirmed
deaths,АКТОБЕ Г.А.,актобе а,151000000,Актобе Г.А.,normalized_name_and_admin_type,1.0,confirmed
deaths,АКТОГАЙСКИЙ РАЙОН,актогайский,,,none,0,ambiguous
deaths,АКТЮБИНСКАЯ ОБЛАСТЬ,актюбинская,150000000,Актюбинская область,normalized_name_and_admin_type,1.0,confirmed
deaths,АЛАКОЛЬСКИЙ РАЙОН,алакольский,333400000,Алакольский район,normalized_name_and_admin_type,1.0,confirmed
deaths,АЛАТАУСКИЙ РАЙОН,алатауский,,,none,0,unmatched
deaths,АЛГИНСКИЙ РАЙОН,алгинский,153200000,Алгинский район,normalized_name_and_admin_type,1.0,confirmed
deaths,АЛМАЛИНСКИЙ РАЙОН,алмалинский,,,none,0,unmatched
deaths,АЛМАТИНСКАЯ ОБЛАСТЬ,алматинская,190000000,Алматинская область,normalized_name_and_admin_type,1.0,confirmed
deaths,АЛТЫНСАРИНСКИЙ РАЙОН,алтынсаринский,393200000,Алтынсаринский район,normalized_name_and_admin_type,1.0,confirmed
deaths,АЛЬ-ФАРАБИЙСКИЙ РАЙОН,аль фарабийский,,,none,0,unmatched
deaths,АМАНГЕЛЬДИНСКИЙ РАЙОН,амангельдинский,393400000,Амангельдинский район,normalized_name_and_admin_type,1.0,confirmed
deaths,АРАЛЬСКИЙ РАЙОН,аральский,433200000,Аральский район,normalized_name_and_admin_type,1.0,confirmed
deaths,АРКАЛЫК Г.А.,аркалык а,391600000,Аркалык Г.А.,normalized_name_and_admin_type,1.0,confirmed
deaths,АРШАЛЫНСКИЙ РАЙОН,аршалынский,113400000,Аршалынский район,normalized_name_and_admin_type,1.0,confirmed
deaths,АРЫСЬ Г.А.,арысь а,611600000,Арысь Г.А.,normalized_name_and_admin_type,1.0,confirmed
deaths,АСТРАХАНСКИЙ РАЙОН,астраханский,113600000,Астраханский район,normalized_name_and_admin_type,1.0,confirmed
deaths,АТБАСАРСКИЙ РАЙОН,атбасарский,113800000,Атбасарский район,normalized_name_and_admin_type,1.0,confirmed
deaths,АТЫРАУ Г.А.,атырау а,231000000,Атырау Г.А.,normalized_name_and_admin_type,1.0,confirmed
deaths,АТЫРАУСКАЯ ОБЛАСТЬ,атырауская,230000000,Атырауская область,normalized_name_and_admin_type,1.0,confirmed
deaths,АУЛИЕКОЛЬСКИЙ РАЙОН,аулиекольский,393600000,Аулиекольский район,normalized_name_and_admin_type,1.0,confirmed
deaths,АУЭЗОВСКИЙ РАЙОН,ауэзовский,,,none,0,unmatched
deaths,АЯГОЗ Г.А.,аягоз а,,,none,0,unmatched
deaths,АЯГОЗСКИЙ РАЙОН,аягозский,103600000,Аягозский район,normalized_name_and_admin_type,1.0,confirmed
deaths,БАЙГАНИНСКИЙ РАЙОН,байганинский,153600000,Байганинский район,normalized_name_and_admin_type,1.0,confirmed
deaths,БАЙЗАКСКИЙ РАЙОН,байзакский,313600000,Байзакский район,normalized_name_and_admin_type,1.0,confirmed
deaths,БАЙКОНЫР Г.А.,байконыр а,431900000,Байконыр Г.А.,normalized_name_and_admin_type,1.0,confirmed
deaths,БАЛХАШ Г.А.,балхаш а,351600000,Балхаш Г.А.,normalized_name_and_admin_type,1.0,confirmed
deaths,БАЛХАШСКИЙ РАЙОН,балхашский,193600000,Балхашский район,normalized_name_and_admin_type,1.0,confirmed
deaths,БАЯНАУЛЬСКИЙ РАЙОН,баянаульский,553600000,Баянаульский район,normalized_name_and_admin_type,1.0,confirmed
deaths,БЕЙНЕУСКИЙ РАЙОН,бейнеуский,473600000,Бейнеуский район,normalized_name_and_admin_type,1.0,confirmed
deaths,БЕСКАРАГАЙСКИЙ РАЙОН,бескарагайский,103800000,Бескарагайский район,normalized_name_and_admin_type,1.0,confirmed
deaths,БОКЕЙОРДИНСКИЙ РАЙОН,бокейординский,275400000,Бокейординский район,normalized_name_and_admin_type,1.0,confirmed
deaths,БОРОДУЛИХИНСКИЙ РАЙОН,бородулихинский,104000000,Бородулихинский район,normalized_name_and_admin_type,1.0,confirmed
deaths,БОСТАНДЫКСКИЙ РАЙОН,бостандыкский,,,none,0,unmatched
deaths,БУЛАНДЫНСКИЙ РАЙОН,буландынский,114000000,Буландынский район,normalized_name_and_admin_type,1.0,confirmed
deaths,БУРАБАЙСКИЙ РАЙОН,бурабайский,117000000,Бурабайский район,normalized_name_and_admin_type,1.0,confirmed
deaths,БУРЛИНСКИЙ РАЙОН,бурлинский,273600000,Бурлинский район,normalized_name_and_admin_type,1.0,confirmed
deaths,БУХАР-ЖЫРАУСКИЙ РАЙОН,бухар жырауский,354000000,Бухар-Жырауский район,normalized_name_and_admin_type,1.0,confirmed
deaths,ВОСТОЧНО-КАЗАХСТАНСКАЯ ОБЛАСТЬ,восточно казахстанская,630000000,Восточно-Казахстанская область,normalized_name_and_admin_type,1.0,confirmed
deaths,Г.А.АЛАТАУ,а алатау,,,none,0,unmatched
deaths,Г.А.АЛТАЙ,а алтай,,,none,0,unmatched
deaths,Г.АЛМАТЫ,алматы,750000000,г.Алматы,normalized_name_and_admin_type,1.0,confirmed
deaths,Г.АСТАНА,астана,710000000,г.Астана,normalized_name_and_admin_type,1.0,confirmed
deaths,Г.ШЫМКЕНТ,шымкент,790000000,г.Шымкент,normalized_name_and_admin_type,1.0,confirmed
deaths,ГЛУБОКОВСКИЙ РАЙОН,глубоковский,634000000,Глубоковский район,normalized_name_and_admin_type,1.0,confirmed
deaths,ДЕНИСОВСКИЙ РАЙОН,денисовский,394000000,Денисовский район,normalized_name_and_admin_type,1.0,confirmed
deaths,ЕГИНДЫКОЛЬСКИЙ РАЙОН,егиндыкольский,114400000,Егиндыкольский район,normalized_name_and_admin_type,1.0,confirmed
deaths,ЕНБЕКШИКАЗАХСКИЙ РАЙОН,енбекшиказахский,194000000,Енбекшиказахский район,normalized_name_and_admin_type,1.0,confirmed
deaths,ЕНБЕКШИНСКИЙ РАЙОН,енбекшинский,,,none,0,unmatched
deaths,ЕРЕЙМЕНТАУСКИЙ РАЙОН,ерейментауский,114600000,Ерейментауский район,normalized_name_and_admin_type,1.0,confirmed
deaths,ЕСИЛЬСКИЙ РАЙОН,есильский,,,none,0,ambiguous
deaths,ЕСКЕЛЬДИНСКИЙ РАЙОН,ескельдинский,333600000,Ескельдинский район,normalized_name_and_admin_type,1.0,confirmed
deaths,ЖАКСЫНСКИЙ РАЙОН,жаксынский,115200000,Жаксынский район,normalized_name_and_admin_type,1.0,confirmed
deaths,ЖАЛАГАШСКИЙ РАЙОН,жалагашский,433600000,Жалагашский район,normalized_name_and_admin_type,1.0,confirmed
deaths,ЖАМБЫЛСКАЯ ОБЛАСТЬ,жамбылская,310000000,Жамбылская область,normalized_name_and_admin_type,1.0,confirmed
deaths,ЖАМБЫЛСКИЙ РАЙОН,жамбылский,,,none,0,ambiguous
deaths,ЖАНААРКИНСКИЙ РАЙОН,жанааркинский,623600000,Жанааркинский район,normalized_name_and_admin_type,1.0,confirmed
deaths,ЖАНАКОРГАНСКИЙ РАЙОН,жанакорганский,434000000,Жанакорганский район,normalized_name_and_admin_type,1.0,confirmed
deaths,ЖАНАОЗЕН Г.А.,жанаозен а,471800000,Жанаозен Г.А.,normalized_name_and_admin_type,1.0,confirmed
deaths,ЖАНГАЛИНСКИЙ РАЙОН,жангалинский,274000000,Жангалинский район,normalized_name_and_admin_type,1.0,confirmed
deaths,ЖАНГЕЛЬДИНСКИЙ РАЙОН,жангельдинский,394200000,Жангельдинский район,normalized_name_and_admin_type,1.0,confirmed
deaths,ЖАНИБЕКСКИЙ РАЙОН,жанибекский,274200000,Жанибекский район,normalized_name_and_admin_type,1.0,confirmed
deaths,ЖАРКАИНСКИЙ РАЙОН,жаркаинский,115400000,Жаркаинский район,normalized_name_and_admin_type,1.0,confirmed
deaths,ЖАРМИНСКИЙ РАЙОН,жарминский,104200000,Жарминский район,normalized_name_and_admin_type,1.0,confirmed
deaths,ЖЕЗКАЗГАН Г.А.,жезказган а,621000000,Жезказган Г.А.,normalized_name_and_admin_type,1.0,confirmed
deaths,ЖЕЛЕЗИНСКИЙ РАЙОН,железинский,554200000,Железинский район,normalized_name_and_admin_type,1.0,confirmed
deaths,ЖЕТЫСАЙСКИЙ РАЙОН,жетысайский,613800000,Жетысайский район,normalized_name_and_admin_type,1.0,confirmed
deaths,ЖЕТЫСУСКИЙ РАЙОН,жетысуский,,,none,0,unmatched
deaths,ЖИТИКАРИНСКИЙ РАЙОН,житикаринский,394400000,Житикаринский район,normalized_name_and_admin_type,1.0,confirmed
deaths,ЖУАЛЫНСКИЙ РАЙОН,жуалынский,314200000,Жуалынский район,normalized_name_and_admin_type,1.0,confirmed
deaths,ЖЫЛЫОЙСКИЙ РАЙОН,жылыойский,233600000,Жылыойский район,normalized_name_and_admin_type,1.0,confirmed
deaths,ЗАЙСАНСКИЙ РАЙОН,зайсанский,634600000,Зайсанский район,normalized_name_and_admin_type,1.0,confirmed
deaths,ЗАПАДНО-КАЗАХСТАНСКАЯ ОБЛАСТЬ,западно казахстанская,270000000,Западно-Казахстанская область,normalized_name_and_admin_type,1.0,confirmed
deaths,ЗЕРЕНДИНСКИЙ РАЙОН,зерендинский,115600000,Зерендинский район,normalized_name_and_admin_type,1.0,confirmed
deaths,ИЛИЙСКИЙ РАЙОН,илийский,196800000,Илийский район,normalized_name_and_admin_type,1.0,confirmed
deaths,ИНДЕРСКИЙ РАЙОН,индерский,234000000,Индерский район,normalized_name_and_admin_type,1.0,confirmed
deaths,ИРГИЗСКИЙ РАЙОН,иргизский,156800000,Иргизский район,normalized_name_and_admin_type,1.0,confirmed
deaths,ИРТЫШСКИЙ РАЙОН,иртышский,554600000,Иртышский район,normalized_name_and_admin_type,1.0,confirmed
deaths,ИСАТАЙСКИЙ РАЙОН,исатайский,234200000,Исатайский район,normalized_name_and_admin_type,1.0,confirmed
deaths,КАЗАЛИНСКИЙ РАЙОН,казалинский,434400000,Казалинский район,normalized_name_and_admin_type,1.0,confirmed
deaths,КАЗТАЛОВСКИЙ РАЙОН,казталовский,274800000,Казталовский район,normalized_name_and_admin_type,1.0,confirmed
deaths,КАЗЫГУРТСКИЙ РАЙОН,казыгуртский,614000000,Казыгуртский район,normalized_name_and_admin_type,1.0,confirmed
deaths,КАМЫСТИНСКИЙ РАЙОН,камыстинский,394800000,Камыстинский район,normalized_name_and_admin_type,1.0,confirmed
deaths,КАРАБАЛЫКСКИЙ РАЙОН,карабалыкский,395000000,Карабалыкский район,normalized_name_and_admin_type,1.0,confirmed
deaths,КАРАГАНДА Г.А.,караганда а,351000000,Караганда Г.А.,normalized_name_and_admin_type,1.0,confirmed
deaths,КАРАГАНДИНСКАЯ ОБЛАСТЬ,карагандинская,350000000,Карагандинская область,normalized_name_and_admin_type,1.0,confirmed
deaths,КАРАЖАЛ Г.А.,каражал а,621800000,Каражал Г.А.,normalized_name_and_admin_type,1.0,confirmed
deaths,КАРАКИЯНСКИЙ РАЙОН,каракиянский,474200000,Каракиянский район,normalized_name_and_admin_type,1.0,confirmed
deaths,КАРАСАЙСКИЙ РАЙОН,карасайский,195200000,Карасайский район,normalized_name_and_admin_type,1.0,confirmed
deaths,КАРАСУСКИЙ РАЙОН,карасуский,395200000,Карасуский район,normalized_name_and_admin_type,1.0,confirmed
deaths,КАРАТАЛЬСКИЙ РАЙОН,каратальский,334400000,Каратальский район,normalized_name_and_admin_type,1.0,confirmed
deaths,КАРАТАУСКИЙ РАЙОН,каратауский,,,none,0,unmatched
deaths,КАРАТОБИНСКИЙ РАЙОН,каратобинский,275000000,Каратобинский район,normalized_name_and_admin_type,1.0,confirmed
deaths,КАРГАЛИНСКИЙ РАЙОН,каргалинский,154000000,Каргалинский район,normalized_name_and_admin_type,1.0,confirmed
deaths,КАРКАРАЛИНСКИЙ РАЙОН,каркаралинский,354800000,Каркаралинский район,normalized_name_and_admin_type,1.0,confirmed
deaths,КАРМАКШИНСКИЙ РАЙОН,кармакшинский,434600000,Кармакшинский район,normalized_name_and_admin_type,1.0,confirmed
deaths,КАТОН-КАРАГАЙСКИЙ РАЙОН,катон карагайский,635400000,Катон-Карагайский район,normalized_name_and_admin_type,1.0,confirmed
deaths,КЕГЕНСКИЙ РАЙОН,кегенский,194400000,Кегенский район,normalized_name_and_admin_type,1.0,confirmed
deaths,КЕЛЕССКИЙ РАЙОН,келесский,613900000,Келесский район,normalized_name_and_admin_type,1.0,confirmed
deaths,КЕНТАУ Г.А.,кентау а,612000000,Кентау Г.А.,normalized_name_and_admin_type,1.0,confirmed
deaths,КЕРБУЛАКСКИЙ РАЙОН,кербулакский,334000000,Кербулакский район,normalized_name_and_admin_type,1.0,confirmed
deaths,КЗЫЛКОГИНСКИЙ РАЙОН,кзылкогинский,234800000,Кзылкогинский район,normalized_name_and_admin_type,1.0,confirmed
deaths,КОКПЕКТИНСКИЙ РАЙОН,кокпектинский,104400000,Кокпектинский район,normalized_name_and_admin_type,1.0,confirmed
deaths,КОКСУСКИЙ РАЙОН,коксуский,334200000,Коксуский район,normalized_name_and_admin_type,1.0,confirmed
deaths,КОКШЕТАУ Г.А.,кокшетау а,111000000,Кокшетау Г.А.,normalized_name_and_admin_type,1.0,confirmed
deaths,КОРГАЛЖЫНСКИЙ РАЙОН,коргалжынский,116000000,Коргалжынский район,normalized_name_and_admin_type,1.0,confirmed
deaths,КОРДАЙСКИЙ РАЙОН,кордайский,314800000,Кордайский район,normalized_name_and_admin_type,1.0,confirmed
deaths,КОСТАНАЙ Г.А.,костанай а,391000000,Костанай Г.А.,normalized_name_and_admin_type,1.0,confirmed
deaths,КОСТАНАЙСКАЯ ОБЛАСТЬ,костанайская,390000000,Костанайская область,normalized_name_and_admin_type,1.0,confirmed
deaths,КОСТАНАЙСКИЙ РАЙОН,костанайский,395400000,Костанайский район,normalized_name_and_admin_type,1.0,confirmed
deaths,КОСШЫ Г.А.,косшы а,111600000,Косшы Г.А.,normalized_name_and_admin_type,1.0,confirmed
deaths,КУРМАНГАЗИНСКИЙ РАЙОН,курмангазинский,234600000,Курмангазинский район,normalized_name_and_admin_type,1.0,confirmed
deaths,КУРЧАТОВ Г.А.,курчатов а,101800000,Курчатов Г.А.,normalized_name_and_admin_type,1.0,confirmed
deaths,КУРЧУМСКИЙ РАЙОН,курчумский,635200000,Курчумский район,normalized_name_and_admin_type,1.0,confirmed
deaths,КЫЗЫЛЖАРСКИЙ РАЙОН,кызылжарский,595000000,Кызылжарский район,normalized_name_and_admin_type,1.0,confirmed
deaths,КЫЗЫЛОРДА Г.А.,кызылорда а,431000000,Кызылорда Г.А.,normalized_name_and_admin_type,1.0,confirmed
deaths,КЫЗЫЛОРДИНСКАЯ ОБЛАСТЬ,кызылординская,430000000,Кызылординская область,normalized_name_and_admin_type,1.0,confirmed
deaths,ЛИСАКОВСК Г.А.,лисаковск а,392000000,Лисаковск Г.А.,normalized_name_and_admin_type,1.0,confirmed
deaths,МАЙСКИЙ РАЙОН,майский,555600000,Майский район,normalized_name_and_admin_type,1.0,confirmed
deaths,МАКАТСКИЙ РАЙОН,макатский,235200000,Макатский район,normalized_name_and_admin_type,1.0,confirmed
deaths,МАКТААРАЛЬСКИЙ РАЙОН,мактааральский,614400000,Мактааральский район,normalized_name_and_admin_type,1.0,confirmed
deaths,МАМЛЮТСКИЙ РАЙОН,мамлютский,595200000,Мамлютский район,normalized_name_and_admin_type,1.0,confirmed
deaths,МАНГИСТАУСКАЯ ОБЛАСТЬ,мангистауская,470000000,Мангистауская область,normalized_name_and_admin_type,1.0,confirmed
deaths,МАНГИСТАУСКИЙ РАЙОН,мангистауский,474600000,Мангистауский район,normalized_name_and_admin_type,1.0,confirmed
deaths,МАРТУКСКИЙ РАЙОН,мартукский,154600000,Мартукский район,normalized_name_and_admin_type,1.0,confirmed
deaths,МАХАМБЕТСКИЙ РАЙОН,махамбетский,235600000,Махамбетский район,normalized_name_and_admin_type,1.0,confirmed
deaths,МЕДЕУСКИЙ РАЙОН,медеуский,,,none,0,unmatched
deaths,МЕНДЫКАРИНСКИЙ РАЙОН,мендыкаринский,395600000,Мендыкаринский район,normalized_name_and_admin_type,1.0,confirmed
deaths,МЕРКЕНСКИЙ РАЙОН,меркенский,315400000,Меркенский район,normalized_name_and_admin_type,1.0,confirmed
deaths,МОЙЫНКУМСКИЙ РАЙОН,мойынкумский,315600000,Мойынкумский район,normalized_name_and_admin_type,1.0,confirmed
deaths,МУГАЛЖАРСКИЙ РАЙОН,мугалжарский,154800000,Мугалжарский район,normalized_name_and_admin_type,1.0,confirmed
deaths,МУНАЙЛИНСКИЙ РАЙОН,мунайлинский,475000000,Мунайлинский район,normalized_name_and_admin_type,1.0,confirmed
deaths,НАУРЗУМСКИЙ РАЙОН,наурзумский,395800000,Наурзумский район,normalized_name_and_admin_type,1.0,confirmed
deaths,НАУРЫЗБАЙСКИЙ РАЙОН,наурызбайский,,,none,0,unmatched
deaths,НУРИНСКИЙ РАЙОН,нуринский,355200000,Нуринский район,normalized_name_and_admin_type,1.0,confirmed
deaths,ОБЛАСТЬ АБАЙ,абай,100000000,область Абай,normalized_name_and_admin_type,1.0,confirmed
deaths,ОБЛАСТЬ ЖЕТІСУ,жетісу,330000000,область Жетісу,normalized_name_and_admin_type,1.0,confirmed
deaths,ОБЛАСТЬ ҰЛЫТАУ,ұлытау,620000000,область Ұлытау,normalized_name_and_admin_type,1.0,confirmed
deaths,ОРДАБАСЫНСКИЙ РАЙОН,ордабасынский,614600000,Ордабасынский район,normalized_name_and_admin_type,1.0,confirmed
deaths,ОСАКАРОВСКИЙ РАЙОН,осакаровский,355600000,Осакаровский район,normalized_name_and_admin_type,1.0,confirmed
deaths,ОТРАРСКИЙ РАЙОН,отрарский,614800000,Отрарский район,normalized_name_and_admin_type,1.0,confirmed
deaths,ПАВЛОДАР Г.А.,павлодар а,551000000,Павлодар Г.А.,normalized_name_and_admin_type,1.0,confirmed
deaths,ПАВЛОДАРСКАЯ ОБЛАСТЬ,павлодарская,550000000,Павлодарская область,normalized_name_and_admin_type,1.0,confirmed
deaths,ПАВЛОДАРСКИЙ РАЙОН,павлодарский,556000000,Павлодарский район,normalized_name_and_admin_type,1.0,confirmed
deaths,ПАНФИЛОВСКИЙ РАЙОН,панфиловский,334600000,Панфиловский район,normalized_name_and_admin_type,1.0,confirmed
deaths,ПЕТРОПАВЛОВСК Г.А.,петропавловск а,591000000,Петропавловск Г.А.,normalized_name_and_admin_type,1.0,confirmed
deaths,ПРИОЗЕРСК Г.А.,приозерск а,352100000,Приозерск Г.А.,normalized_name_and_admin_type,1.0,confirmed
deaths,РАЙОН АЛМАТЫ,алматы,,,none,0,unmatched
deaths,РАЙОН АЛТАЙ,алтай,634800000,район Алтай,normalized_name_and_admin_type,1.0,confirmed
deaths,РАЙОН АҚСУАТ,ақсуат,103400000,район Ақсуат,normalized_name_and_admin_type,1.0,confirmed
deaths,РАЙОН АҚҚУЛЫ,аққулы,555200000,район Аққулы,normalized_name_and_admin_type,1.0,confirmed
deaths,РАЙОН БАЙДИБЕКА,байдибека,613600000,район Байдибека,normalized_name_and_admin_type,1.0,confirmed
deaths,РАЙОН БАЙҚОҢЫР,байқоңыр,,,none,0,unmatched
deaths,РАЙОН БЕИМБЕТА МАЙЛИНА,беимбета майлина,396400000,район Беимбета Майлина,normalized_name_and_admin_type,1.0,confirmed
deaths,РАЙОН БИРЖАН САЛ,биржан сал,114500000,район Биржан сал,normalized_name_and_admin_type,1.0,confirmed
deaths,РАЙОН БӘЙТЕРЕК,бәйтерек,274400000,район Бәйтерек,normalized_name_and_admin_type,1.0,confirmed
deaths,РАЙОН ЕСИЛЬ,есиль,,,none,0,unmatched
deaths,РАЙОН ЖАҢАСЕМЕЙ,жаңасемей,104100000,район Жаңасемей,normalized_name_and_admin_type,1.0,confirmed
deaths,РАЙОН ИМ.ГАБИТА МУСРЕПОВА,им габита мусрепова,596600000,Район им.Габита Мусрепова,normalized_name_and_admin_type,1.0,confirmed
deaths,РАЙОН МАГЖАНА ЖУМАБАЕВА,магжана жумабаева,593600000,Район Магжана Жумабаева,normalized_name_and_admin_type,1.0,confirmed
deaths,РАЙОН МАРҚАКӨЛ,марқакөл,635500000,район Марқакөл,normalized_name_and_admin_type,1.0,confirmed
deaths,РАЙОН МАҚАНШЫ,мақаншы,104500000,район Мақаншы,normalized_name_and_admin_type,1.0,confirmed
deaths,РАЙОН НҰРА,нұра,,,none,0,unmatched
deaths,РАЙОН САМАР,самар,635600000,район Самар,normalized_name_and_admin_type,1.0,confirmed
deaths,РАЙОН САРЫАРКА,сарыарка,,,none,0,unmatched
deaths,РАЙОН САУРАН,сауран,615500000,район Сауран,normalized_name_and_admin_type,1.0,confirmed
deaths,РАЙОН ТЕРЕҢКӨЛ,тереңкөл,554800000,район Тереңкөл,normalized_name_and_admin_type,1.0,confirmed
deaths,РАЙОН ТУРАН,туран,,,none,0,unmatched
deaths,РАЙОН ТУРАРА РЫСКУЛОВА,турара рыскулова,315000000,район Турара Рыскулова,normalized_name_and_admin_type,1.0,confirmed
deaths,РАЙОН ШАЛ АКЫНА,шал акына,595600000,Район Шал акына,normalized_name_and_admin_type,1.0,confirmed
deaths,РАЙОН ҮЛКЕН НАРЫН,үлкен нарын,636300000,район Үлкен Нарын,normalized_name_and_admin_type,1.0,confirmed
deaths,РАЙЫМБЕКСКИЙ РАЙОН,райымбекский,195800000,Райымбекский район,normalized_name_and_admin_type,1.0,confirmed
deaths,РЕСПУБЛИКА КАЗАХСТАН,республика казахстан,,,none,0,unmatched
deaths,РИДДЕР Г.А.,риддер а,632400000,Риддер Г.А.,normalized_name_and_admin_type,1.0,confirmed
deaths,РУДНЫЙ Г.А.,рудный а,392400000,Рудный Г.А.,normalized_name_and_admin_type,1.0,confirmed
deaths,САЙРАМСКИЙ РАЙОН,сайрамский,615200000,Сайрамский район,normalized_name_and_admin_type,1.0,confirmed
deaths,САНДЫКТАУСКИЙ РАЙОН,сандыктауский,116400000,Сандыктауский район,normalized_name_and_admin_type,1.0,confirmed
deaths,САРАНЬ Г.А.,сарань а,352200000,Сарань Г.А.,normalized_name_and_admin_type,1.0,confirmed
deaths,САРКАНСКИЙ РАЙОН,сарканский,334800000,Сарканский район,normalized_name_and_admin_type,1.0,confirmed
deaths,САРЫАГАШСКИЙ РАЙОН,сарыагашский,615400000,Сарыагашский район,normalized_name_and_admin_type,1.0,confirmed
deaths,САРЫКОЛЬСКИЙ РАЙОН,сарыкольский,396200000,Сарыкольский район,normalized_name_and_admin_type,1.0,confirmed
deaths,САРЫСУСКИЙ РАЙОН,сарысуский,316000000,Сарысуский район,normalized_name_and_admin_type,1.0,confirmed
deaths,САТПАЕВ Г.А.,сатпаев а,622000000,Сатпаев Г.А.,normalized_name_and_admin_type,1.0,confirmed
deaths,СЕВЕРО-КАЗАХСТАНСКАЯ ОБЛАСТЬ,северо казахстанская,590000000,Северо-Казахстанская область,normalized_name_and_admin_type,1.0,confirmed
deaths,СЕМЕЙ Г.А.,семей а,101000000,Семей Г.А.,normalized_name_and_admin_type,1.0,confirmed
deaths,СТЕПНОГОРСК Г.А.,степногорск а,111800000,Степногорск Г.А.,normalized_name_and_admin_type,1.0,confirmed
deaths,СУЗАКСКИЙ РАЙОН,сузакский,615600000,Сузакский район,normalized_name_and_admin_type,1.0,confirmed
deaths,СЫРДАРЬИНСКИЙ РАЙОН,сырдарьинский,434800000,Сырдарьинский район,normalized_name_and_admin_type,1.0,confirmed
deaths,СЫРЫМСКИЙ РАЙОН,сырымский,275800000,Сырымский район,normalized_name_and_admin_type,1.0,confirmed
deaths,ТАЙЫНШИНСКИЙ РАЙОН,тайыншинский,596000000,Тайыншинский район,normalized_name_and_admin_type,1.0,confirmed
deaths,ТАЛАССКИЙ РАЙОН,таласский,316200000,Таласский район,normalized_name_and_admin_type,1.0,confirmed
deaths,ТАЛГАРСКИЙ РАЙОН,талгарский,196200000,Талгарский район,normalized_name_and_admin_type,1.0,confirmed
deaths,ТАЛДЫКОРГАН Г.А.,талдыкорган а,331000000,Талдыкорган Г.А.,normalized_name_and_admin_type,1.0,confirmed
deaths,ТАРАЗ Г.А.,тараз а,311000000,Тараз Г.А.,normalized_name_and_admin_type,1.0,confirmed
deaths,ТАРБАГАТАЙСКИЙ РАЙОН,тарбагатайский,635800000,Тарбагатайский район,normalized_name_and_admin_type,1.0,confirmed
deaths,ТАСКАЛИНСКИЙ РАЙОН,таскалинский,276000000,Таскалинский район,normalized_name_and_admin_type,1.0,confirmed
deaths,ТЕКЕЛИ Г.А.,текели а,331800000,Текели Г.А.,normalized_name_and_admin_type,1.0,confirmed
deaths,ТЕМИРСКИЙ РАЙОН,темирский,155600000,Темирский район,normalized_name_and_admin_type,1.0,confirmed
deaths,ТЕМИРТАУ Г.А.,темиртау а,352400000,Темиртау Г.А.,normalized_name_and_admin_type,1.0,confirmed
deaths,ТЕРЕКТИНСКИЙ РАЙОН,теректинский,276200000,Теректинский район,normalized_name_and_admin_type,1.0,confirmed
deaths,ТИМИРЯЗЕВСКИЙ РАЙОН,тимирязевский,596200000,Тимирязевский район,normalized_name_and_admin_type,1.0,confirmed
deaths,ТОЛЕБИЙСКИЙ РАЙОН,толебийский,615800000,Толебийский район,normalized_name_and_admin_type,1.0,confirmed
deaths,ТУПКАРАГАНСКИЙ РАЙОН,тупкараганский,475200000,Тупкараганский район,normalized_name_and_admin_type,1.0,confirmed
deaths,ТУРКЕСТАН Г.А.,туркестан а,611000000,Туркестан Г.А.,normalized_name_and_admin_type,1.0,confirmed
deaths,ТУРКЕСТАНСКАЯ ОБЛАСТЬ,туркестанская,610000000,Туркестанская область,normalized_name_and_admin_type,1.0,confirmed
deaths,ТУРКСИБСКИЙ РАЙОН,турксибский,,,none,0,unmatched
deaths,ТЮЛЬКУБАССКИЙ РАЙОН,тюлькубасский,616000000,Тюлькубасский район,normalized_name_and_admin_type,1.0,confirmed
deaths,УАЛИХАНОВСКИЙ РАЙОН,уалихановский,596400000,Уалихановский район,normalized_name_and_admin_type,1.0,confirmed
deaths,УЗУНКОЛЬСКИЙ РАЙОН,узункольский,396600000,Узункольский район,normalized_name_and_admin_type,1.0,confirmed
deaths,УИЛСКИЙ РАЙОН,уилский,155200000,Уилский район,normalized_name_and_admin_type,1.0,confirmed
deaths,УЙГУРСКИЙ РАЙОН,уйгурский,196600000,Уйгурский район,normalized_name_and_admin_type,1.0,confirmed
deaths,УЛАНСКИЙ РАЙОН,уланский,636200000,Уланский район,normalized_name_and_admin_type,1.0,confirmed
deaths,УЛЫТАУСКИЙ РАЙОН,улытауский,623800000,Улытауский район,normalized_name_and_admin_type,1.0,confirmed
deaths,УРАЛЬСК Г.А.,уральск а,271000000,Уральск Г.А.,normalized_name_and_admin_type,1.0,confirmed
deaths,УРДЖАРСКИЙ РАЙОН,урджарский,104600000,Урджарский район,normalized_name_and_admin_type,1.0,confirmed
deaths,УСПЕНСКИЙ РАЙОН,успенский,556400000,Успенский район,normalized_name_and_admin_type,1.0,confirmed
deaths,УСТЬ-КАМЕНОГОРСК Г.А.,усть каменогорск а,631000000,Усть-Каменогорск Г.А.,normalized_name_and_admin_type,1.0,confirmed
deaths,ФЕДОРОВСКИЙ РАЙОН,федоровский,396800000,Федоровский район,normalized_name_and_admin_type,1.0,confirmed
deaths,ХОБДИНСКИЙ РАЙОН,хобдинский,154200000,Хобдинский район,normalized_name_and_admin_type,1.0,confirmed
deaths,ХРОМТАУСКИЙ РАЙОН,хромтауский,156000000,Хромтауский район,normalized_name_and_admin_type,1.0,confirmed
deaths,ЦЕЛИНОГРАДСКИЙ РАЙОН,целиноградский,116600000,Целиноградский район,normalized_name_and_admin_type,1.0,confirmed
deaths,ЧИНГИРЛАУСКИЙ РАЙОН,чингирлауский,276600000,Чингирлауский район,normalized_name_and_admin_type,1.0,confirmed
deaths,ШАЛКАРСКИЙ РАЙОН,шалкарский,156400000,Шалкарский район,normalized_name_and_admin_type,1.0,confirmed
deaths,ШАРДАРИНСКИЙ РАЙОН,шардаринский,616400000,Шардаринский район,normalized_name_and_admin_type,1.0,confirmed
deaths,ШАХТИНСК Г.А.,шахтинск а,352800000,Шахтинск Г.А.,normalized_name_and_admin_type,1.0,confirmed
deaths,ШЕМОНАИХИНСКИЙ РАЙОН,шемонаихинский,636800000,Шемонаихинский район,normalized_name_and_admin_type,1.0,confirmed
deaths,ШЕТСКИЙ РАЙОН,шетский,356400000,Шетский район,normalized_name_and_admin_type,1.0,confirmed
deaths,ШИЕЛИЙСКИЙ РАЙОН,шиелийский,435200000,Шиелийский район,normalized_name_and_admin_type,1.0,confirmed
deaths,ШОРТАНДИНСКИЙ РАЙОН,шортандинский,116800000,Шортандинский район,normalized_name_and_admin_type,1.0,confirmed
deaths,ШУСКИЙ РАЙОН,шуский,316600000,Шуский район,normalized_name_and_admin_type,1.0,confirmed
deaths,ШЫМКЕНТ Г.А.,шымкент а,,,none,0,unmatched
deaths,ЩЕРБАКТИНСКИЙ РАЙОН,щербактинский,556800000,Щербактинский район,normalized_name_and_admin_type,1.0,confirmed
deaths,ЭКИБАСТУЗ Г.А.,экибастуз а,552200000,Экибастуз Г.А.,normalized_name_and_admin_type,1.0,confirmed
deaths,ЮЖНО-КАЗАХСТАНСКАЯ ОБЛАСТЬ,южно казахстанская,,,none,0,unmatched
deaths,ҚОНАЕВ Г.А.,қонаев а,191000000,Қонаев Г.А.,normalized_name_and_admin_type,1.0,confirmed
natural_growth,АБАЙСКИЙ РАЙОН,абайский,,,none,0,ambiguous
natural_growth,АЙТЕКЕБИЙСКИЙ РАЙОН,айтекебийский,153400000,Айтекебийский район,normalized_name_and_admin_type,1.0,confirmed
natural_growth,АЙЫРТАУСКИЙ РАЙОН,айыртауский,593200000,Айыртауский район,normalized_name_and_admin_type,1.0,confirmed
natural_growth,АКЖАИКСКИЙ РАЙОН,акжаикский,273200000,Акжаикский район,normalized_name_and_admin_type,1.0,confirmed
natural_growth,АКЖАРСКИЙ РАЙОН,акжарский,593400000,Акжарский район,normalized_name_and_admin_type,1.0,confirmed
natural_growth,АККАЙЫНСКИЙ РАЙОН,аккайынский,595800000,Аккайынский район,normalized_name_and_admin_type,1.0,confirmed
natural_growth,АККОЛЬСКИЙ РАЙОН,аккольский,113200000,Аккольский район,normalized_name_and_admin_type,1.0,confirmed
natural_growth,АКМОЛИНСКАЯ ОБЛАСТЬ,акмолинская,110000000,Акмолинская область,normalized_name_and_admin_type,1.0,confirmed
natural_growth,АКСУ Г.А.,аксу а,551600000,Аксу Г.А.,normalized_name_and_admin_type,1.0,confirmed
natural_growth,АКСУСКИЙ РАЙОН,аксуский,333200000,Аксуский район,normalized_name_and_admin_type,1.0,confirmed
natural_growth,АКТАУ Г.А.,актау а,471000000,Актау Г.А.,normalized_name_and_admin_type,1.0,confirmed
natural_growth,АКТОБЕ Г.А.,актобе а,151000000,Актобе Г.А.,normalized_name_and_admin_type,1.0,confirmed
natural_growth,АКТОГАЙСКИЙ РАЙОН,актогайский,,,none,0,ambiguous
natural_growth,АКТЮБИНСКАЯ ОБЛАСТЬ,актюбинская,150000000,Актюбинская область,normalized_name_and_admin_type,1.0,confirmed
natural_growth,АЛАКОЛЬСКИЙ РАЙОН,алакольский,333400000,Алакольский район,normalized_name_and_admin_type,1.0,confirmed
natural_growth,АЛАТАУСКИЙ РАЙОН,алатауский,,,none,0,unmatched
natural_growth,АЛГИНСКИЙ РАЙОН,алгинский,153200000,Алгинский район,normalized_name_and_admin_type,1.0,confirmed
natural_growth,АЛМАЛИНСКИЙ РАЙОН,алмалинский,,,none,0,unmatched
natural_growth,АЛМАТИНСКАЯ ОБЛАСТЬ,алматинская,190000000,Алматинская область,normalized_name_and_admin_type,1.0,confirmed
natural_growth,АЛТЫНСАРИНСКИЙ РАЙОН,алтынсаринский,393200000,Алтынсаринский район,normalized_name_and_admin_type,1.0,confirmed
natural_growth,АЛЬ-ФАРАБИЙСКИЙ РАЙОН,аль фарабийский,,,none,0,unmatched
natural_growth,АМАНГЕЛЬДИНСКИЙ РАЙОН,амангельдинский,393400000,Амангельдинский район,normalized_name_and_admin_type,1.0,confirmed
natural_growth,АРАЛЬСКИЙ РАЙОН,аральский,433200000,Аральский район,normalized_name_and_admin_type,1.0,confirmed
natural_growth,АРКАЛЫК Г.А.,аркалык а,391600000,Аркалык Г.А.,normalized_name_and_admin_type,1.0,confirmed
natural_growth,АРШАЛЫНСКИЙ РАЙОН,аршалынский,113400000,Аршалынский район,normalized_name_and_admin_type,1.0,confirmed
natural_growth,АРЫСЬ Г.А.,арысь а,611600000,Арысь Г.А.,normalized_name_and_admin_type,1.0,confirmed
natural_growth,АСТРАХАНСКИЙ РАЙОН,астраханский,113600000,Астраханский район,normalized_name_and_admin_type,1.0,confirmed
natural_growth,АТБАСАРСКИЙ РАЙОН,атбасарский,113800000,Атбасарский район,normalized_name_and_admin_type,1.0,confirmed
natural_growth,АТЫРАУ Г.А.,атырау а,231000000,Атырау Г.А.,normalized_name_and_admin_type,1.0,confirmed
natural_growth,АТЫРАУСКАЯ ОБЛАСТЬ,атырауская,230000000,Атырауская область,normalized_name_and_admin_type,1.0,confirmed
natural_growth,АУЛИЕКОЛЬСКИЙ РАЙОН,аулиекольский,393600000,Аулиекольский район,normalized_name_and_admin_type,1.0,confirmed
natural_growth,АУЭЗОВСКИЙ РАЙОН,ауэзовский,,,none,0,unmatched
natural_growth,АЯГОЗ Г.А.,аягоз а,,,none,0,unmatched
natural_growth,АЯГОЗСКИЙ РАЙОН,аягозский,103600000,Аягозский район,normalized_name_and_admin_type,1.0,confirmed
natural_growth,БАЙГАНИНСКИЙ РАЙОН,байганинский,153600000,Байганинский район,normalized_name_and_admin_type,1.0,confirmed
natural_growth,БАЙЗАКСКИЙ РАЙОН,байзакский,313600000,Байзакский район,normalized_name_and_admin_type,1.0,confirmed
natural_growth,БАЙКОНЫР Г.А.,байконыр а,431900000,Байконыр Г.А.,normalized_name_and_admin_type,1.0,confirmed
natural_growth,БАЛХАШ Г.А.,балхаш а,351600000,Балхаш Г.А.,normalized_name_and_admin_type,1.0,confirmed
natural_growth,БАЛХАШСКИЙ РАЙОН,балхашский,193600000,Балхашский район,normalized_name_and_admin_type,1.0,confirmed
natural_growth,БАЯНАУЛЬСКИЙ РАЙОН,баянаульский,553600000,Баянаульский район,normalized_name_and_admin_type,1.0,confirmed
natural_growth,БЕЙНЕУСКИЙ РАЙОН,бейнеуский,473600000,Бейнеуский район,normalized_name_and_admin_type,1.0,confirmed
natural_growth,БЕСКАРАГАЙСКИЙ РАЙОН,бескарагайский,103800000,Бескарагайский район,normalized_name_and_admin_type,1.0,confirmed
natural_growth,БОКЕЙОРДИНСКИЙ РАЙОН,бокейординский,275400000,Бокейординский район,normalized_name_and_admin_type,1.0,confirmed
natural_growth,БОРОДУЛИХИНСКИЙ РАЙОН,бородулихинский,104000000,Бородулихинский район,normalized_name_and_admin_type,1.0,confirmed
natural_growth,БОСТАНДЫКСКИЙ РАЙОН,бостандыкский,,,none,0,unmatched
natural_growth,БУЛАНДЫНСКИЙ РАЙОН,буландынский,114000000,Буландынский район,normalized_name_and_admin_type,1.0,confirmed
natural_growth,БУРАБАЙСКИЙ РАЙОН,бурабайский,117000000,Бурабайский район,normalized_name_and_admin_type,1.0,confirmed
natural_growth,БУРЛИНСКИЙ РАЙОН,бурлинский,273600000,Бурлинский район,normalized_name_and_admin_type,1.0,confirmed
natural_growth,БУХАР-ЖЫРАУСКИЙ РАЙОН,бухар жырауский,354000000,Бухар-Жырауский район,normalized_name_and_admin_type,1.0,confirmed
natural_growth,ВОСТОЧНО-КАЗАХСТАНСКАЯ ОБЛАСТЬ,восточно казахстанская,630000000,Восточно-Казахстанская область,normalized_name_and_admin_type,1.0,confirmed
natural_growth,Г.А.АЛАТАУ,а алатау,,,none,0,unmatched
natural_growth,Г.А.АЛТАЙ,а алтай,,,none,0,unmatched
natural_growth,Г.АЛМАТЫ,алматы,750000000,г.Алматы,normalized_name_and_admin_type,1.0,confirmed
natural_growth,Г.АСТАНА,астана,710000000,г.Астана,normalized_name_and_admin_type,1.0,confirmed
natural_growth,Г.ШЫМКЕНТ,шымкент,790000000,г.Шымкент,normalized_name_and_admin_type,1.0,confirmed
natural_growth,ГЛУБОКОВСКИЙ РАЙОН,глубоковский,634000000,Глубоковский район,normalized_name_and_admin_type,1.0,confirmed
natural_growth,ДЕНИСОВСКИЙ РАЙОН,денисовский,394000000,Денисовский район,normalized_name_and_admin_type,1.0,confirmed
natural_growth,ЕГИНДЫКОЛЬСКИЙ РАЙОН,егиндыкольский,114400000,Егиндыкольский район,normalized_name_and_admin_type,1.0,confirmed
natural_growth,ЕНБЕКШИКАЗАХСКИЙ РАЙОН,енбекшиказахский,194000000,Енбекшиказахский район,normalized_name_and_admin_type,1.0,confirmed
natural_growth,ЕНБЕКШИНСКИЙ РАЙОН,енбекшинский,,,none,0,unmatched
natural_growth,ЕРЕЙМЕНТАУСКИЙ РАЙОН,ерейментауский,114600000,Ерейментауский район,normalized_name_and_admin_type,1.0,confirmed
natural_growth,ЕСИЛЬСКИЙ РАЙОН,есильский,,,none,0,ambiguous
natural_growth,ЕСКЕЛЬДИНСКИЙ РАЙОН,ескельдинский,333600000,Ескельдинский район,normalized_name_and_admin_type,1.0,confirmed
natural_growth,ЖАКСЫНСКИЙ РАЙОН,жаксынский,115200000,Жаксынский район,normalized_name_and_admin_type,1.0,confirmed
natural_growth,ЖАЛАГАШСКИЙ РАЙОН,жалагашский,433600000,Жалагашский район,normalized_name_and_admin_type,1.0,confirmed
natural_growth,ЖАМБЫЛСКАЯ ОБЛАСТЬ,жамбылская,310000000,Жамбылская область,normalized_name_and_admin_type,1.0,confirmed
natural_growth,ЖАМБЫЛСКИЙ РАЙОН,жамбылский,,,none,0,ambiguous
natural_growth,ЖАНААРКИНСКИЙ РАЙОН,жанааркинский,623600000,Жанааркинский район,normalized_name_and_admin_type,1.0,confirmed
natural_growth,ЖАНАКОРГАНСКИЙ РАЙОН,жанакорганский,434000000,Жанакорганский район,normalized_name_and_admin_type,1.0,confirmed
natural_growth,ЖАНАОЗЕН Г.А.,жанаозен а,471800000,Жанаозен Г.А.,normalized_name_and_admin_type,1.0,confirmed
natural_growth,ЖАНГАЛИНСКИЙ РАЙОН,жангалинский,274000000,Жангалинский район,normalized_name_and_admin_type,1.0,confirmed
natural_growth,ЖАНГЕЛЬДИНСКИЙ РАЙОН,жангельдинский,394200000,Жангельдинский район,normalized_name_and_admin_type,1.0,confirmed
natural_growth,ЖАНИБЕКСКИЙ РАЙОН,жанибекский,274200000,Жанибекский район,normalized_name_and_admin_type,1.0,confirmed
natural_growth,ЖАРКАИНСКИЙ РАЙОН,жаркаинский,115400000,Жаркаинский район,normalized_name_and_admin_type,1.0,confirmed
natural_growth,ЖАРМИНСКИЙ РАЙОН,жарминский,104200000,Жарминский район,normalized_name_and_admin_type,1.0,confirmed
natural_growth,ЖЕЗКАЗГАН Г.А.,жезказган а,621000000,Жезказган Г.А.,normalized_name_and_admin_type,1.0,confirmed
natural_growth,ЖЕЛЕЗИНСКИЙ РАЙОН,железинский,554200000,Железинский район,normalized_name_and_admin_type,1.0,confirmed
natural_growth,ЖЕТЫСАЙСКИЙ РАЙОН,жетысайский,613800000,Жетысайский район,normalized_name_and_admin_type,1.0,confirmed
natural_growth,ЖЕТЫСУСКИЙ РАЙОН,жетысуский,,,none,0,unmatched
natural_growth,ЖИТИКАРИНСКИЙ РАЙОН,житикаринский,394400000,Житикаринский район,normalized_name_and_admin_type,1.0,confirmed
natural_growth,ЖУАЛЫНСКИЙ РАЙОН,жуалынский,314200000,Жуалынский район,normalized_name_and_admin_type,1.0,confirmed
natural_growth,ЖЫЛЫОЙСКИЙ РАЙОН,жылыойский,233600000,Жылыойский район,normalized_name_and_admin_type,1.0,confirmed
natural_growth,ЗАЙСАНСКИЙ РАЙОН,зайсанский,634600000,Зайсанский район,normalized_name_and_admin_type,1.0,confirmed
natural_growth,ЗАПАДНО-КАЗАХСТАНСКАЯ ОБЛАСТЬ,западно казахстанская,270000000,Западно-Казахстанская область,normalized_name_and_admin_type,1.0,confirmed
natural_growth,ЗЕРЕНДИНСКИЙ РАЙОН,зерендинский,115600000,Зерендинский район,normalized_name_and_admin_type,1.0,confirmed
natural_growth,ИЛИЙСКИЙ РАЙОН,илийский,196800000,Илийский район,normalized_name_and_admin_type,1.0,confirmed
natural_growth,ИНДЕРСКИЙ РАЙОН,индерский,234000000,Индерский район,normalized_name_and_admin_type,1.0,confirmed
natural_growth,ИРГИЗСКИЙ РАЙОН,иргизский,156800000,Иргизский район,normalized_name_and_admin_type,1.0,confirmed
natural_growth,ИРТЫШСКИЙ РАЙОН,иртышский,554600000,Иртышский район,normalized_name_and_admin_type,1.0,confirmed
natural_growth,ИСАТАЙСКИЙ РАЙОН,исатайский,234200000,Исатайский район,normalized_name_and_admin_type,1.0,confirmed
natural_growth,КАЗАЛИНСКИЙ РАЙОН,казалинский,434400000,Казалинский район,normalized_name_and_admin_type,1.0,confirmed
natural_growth,КАЗТАЛОВСКИЙ РАЙОН,казталовский,274800000,Казталовский район,normalized_name_and_admin_type,1.0,confirmed
natural_growth,КАЗЫГУРТСКИЙ РАЙОН,казыгуртский,614000000,Казыгуртский район,normalized_name_and_admin_type,1.0,confirmed
natural_growth,КАМЫСТИНСКИЙ РАЙОН,камыстинский,394800000,Камыстинский район,normalized_name_and_admin_type,1.0,confirmed
natural_growth,КАРАБАЛЫКСКИЙ РАЙОН,карабалыкский,395000000,Карабалыкский район,normalized_name_and_admin_type,1.0,confirmed
natural_growth,КАРАГАНДА Г.А.,караганда а,351000000,Караганда Г.А.,normalized_name_and_admin_type,1.0,confirmed
natural_growth,КАРАГАНДИНСКАЯ ОБЛАСТЬ,карагандинская,350000000,Карагандинская область,normalized_name_and_admin_type,1.0,confirmed
natural_growth,КАРАЖАЛ Г.А.,каражал а,621800000,Каражал Г.А.,normalized_name_and_admin_type,1.0,confirmed
natural_growth,КАРАКИЯНСКИЙ РАЙОН,каракиянский,474200000,Каракиянский район,normalized_name_and_admin_type,1.0,confirmed
natural_growth,КАРАСАЙСКИЙ РАЙОН,карасайский,195200000,Карасайский район,normalized_name_and_admin_type,1.0,confirmed
natural_growth,КАРАСУСКИЙ РАЙОН,карасуский,395200000,Карасуский район,normalized_name_and_admin_type,1.0,confirmed
natural_growth,КАРАТАЛЬСКИЙ РАЙОН,каратальский,334400000,Каратальский район,normalized_name_and_admin_type,1.0,confirmed
natural_growth,КАРАТАУСКИЙ РАЙОН,каратауский,,,none,0,unmatched
natural_growth,КАРАТОБИНСКИЙ РАЙОН,каратобинский,275000000,Каратобинский район,normalized_name_and_admin_type,1.0,confirmed
natural_growth,КАРГАЛИНСКИЙ РАЙОН,каргалинский,154000000,Каргалинский район,normalized_name_and_admin_type,1.0,confirmed
natural_growth,КАРКАРАЛИНСКИЙ РАЙОН,каркаралинский,354800000,Каркаралинский район,normalized_name_and_admin_type,1.0,confirmed
natural_growth,КАРМАКШИНСКИЙ РАЙОН,кармакшинский,434600000,Кармакшинский район,normalized_name_and_admin_type,1.0,confirmed
natural_growth,КАТОН-КАРАГАЙСКИЙ РАЙОН,катон карагайский,635400000,Катон-Карагайский район,normalized_name_and_admin_type,1.0,confirmed
natural_growth,КЕГЕНСКИЙ РАЙОН,кегенский,194400000,Кегенский район,normalized_name_and_admin_type,1.0,confirmed
natural_growth,КЕЛЕССКИЙ РАЙОН,келесский,613900000,Келесский район,normalized_name_and_admin_type,1.0,confirmed
natural_growth,КЕНТАУ Г.А.,кентау а,612000000,Кентау Г.А.,normalized_name_and_admin_type,1.0,confirmed
natural_growth,КЕРБУЛАКСКИЙ РАЙОН,кербулакский,334000000,Кербулакский район,normalized_name_and_admin_type,1.0,confirmed
natural_growth,КЗЫЛКОГИНСКИЙ РАЙОН,кзылкогинский,234800000,Кзылкогинский район,normalized_name_and_admin_type,1.0,confirmed
natural_growth,КОКПЕКТИНСКИЙ РАЙОН,кокпектинский,104400000,Кокпектинский район,normalized_name_and_admin_type,1.0,confirmed
natural_growth,КОКСУСКИЙ РАЙОН,коксуский,334200000,Коксуский район,normalized_name_and_admin_type,1.0,confirmed
natural_growth,КОКШЕТАУ Г.А.,кокшетау а,111000000,Кокшетау Г.А.,normalized_name_and_admin_type,1.0,confirmed
natural_growth,КОРГАЛЖЫНСКИЙ РАЙОН,коргалжынский,116000000,Коргалжынский район,normalized_name_and_admin_type,1.0,confirmed
natural_growth,КОРДАЙСКИЙ РАЙОН,кордайский,314800000,Кордайский район,normalized_name_and_admin_type,1.0,confirmed
natural_growth,КОСТАНАЙ Г.А.,костанай а,391000000,Костанай Г.А.,normalized_name_and_admin_type,1.0,confirmed
natural_growth,КОСТАНАЙСКАЯ ОБЛАСТЬ,костанайская,390000000,Костанайская область,normalized_name_and_admin_type,1.0,confirmed
natural_growth,КОСТАНАЙСКИЙ РАЙОН,костанайский,395400000,Костанайский район,normalized_name_and_admin_type,1.0,confirmed
natural_growth,КОСШЫ Г.А.,косшы а,111600000,Косшы Г.А.,normalized_name_and_admin_type,1.0,confirmed
natural_growth,КУРМАНГАЗИНСКИЙ РАЙОН,курмангазинский,234600000,Курмангазинский район,normalized_name_and_admin_type,1.0,confirmed
natural_growth,КУРЧАТОВ Г.А.,курчатов а,101800000,Курчатов Г.А.,normalized_name_and_admin_type,1.0,confirmed
natural_growth,КУРЧУМСКИЙ РАЙОН,курчумский,635200000,Курчумский район,normalized_name_and_admin_type,1.0,confirmed
natural_growth,КЫЗЫЛЖАРСКИЙ РАЙОН,кызылжарский,595000000,Кызылжарский район,normalized_name_and_admin_type,1.0,confirmed
natural_growth,КЫЗЫЛОРДА Г.А.,кызылорда а,431000000,Кызылорда Г.А.,normalized_name_and_admin_type,1.0,confirmed
natural_growth,КЫЗЫЛОРДИНСКАЯ ОБЛАСТЬ,кызылординская,430000000,Кызылординская область,normalized_name_and_admin_type,1.0,confirmed
natural_growth,ЛИСАКОВСК Г.А.,лисаковск а,392000000,Лисаковск Г.А.,normalized_name_and_admin_type,1.0,confirmed
natural_growth,МАЙСКИЙ РАЙОН,майский,555600000,Майский район,normalized_name_and_admin_type,1.0,confirmed
natural_growth,МАКАТСКИЙ РАЙОН,макатский,235200000,Макатский район,normalized_name_and_admin_type,1.0,confirmed
natural_growth,МАКТААРАЛЬСКИЙ РАЙОН,мактааральский,614400000,Мактааральский район,normalized_name_and_admin_type,1.0,confirmed
natural_growth,МАМЛЮТСКИЙ РАЙОН,мамлютский,595200000,Мамлютский район,normalized_name_and_admin_type,1.0,confirmed
natural_growth,МАНГИСТАУСКАЯ ОБЛАСТЬ,мангистауская,470000000,Мангистауская область,normalized_name_and_admin_type,1.0,confirmed
natural_growth,МАНГИСТАУСКИЙ РАЙОН,мангистауский,474600000,Мангистауский район,normalized_name_and_admin_type,1.0,confirmed
natural_growth,МАРТУКСКИЙ РАЙОН,мартукский,154600000,Мартукский район,normalized_name_and_admin_type,1.0,confirmed
natural_growth,МАХАМБЕТСКИЙ РАЙОН,махамбетский,235600000,Махамбетский район,normalized_name_and_admin_type,1.0,confirmed
natural_growth,МЕДЕУСКИЙ РАЙОН,медеуский,,,none,0,unmatched
natural_growth,МЕНДЫКАРИНСКИЙ РАЙОН,мендыкаринский,395600000,Мендыкаринский район,normalized_name_and_admin_type,1.0,confirmed
natural_growth,МЕРКЕНСКИЙ РАЙОН,меркенский,315400000,Меркенский район,normalized_name_and_admin_type,1.0,confirmed
natural_growth,МОЙЫНКУМСКИЙ РАЙОН,мойынкумский,315600000,Мойынкумский район,normalized_name_and_admin_type,1.0,confirmed
natural_growth,МУГАЛЖАРСКИЙ РАЙОН,мугалжарский,154800000,Мугалжарский район,normalized_name_and_admin_type,1.0,confirmed
natural_growth,МУНАЙЛИНСКИЙ РАЙОН,мунайлинский,475000000,Мунайлинский район,normalized_name_and_admin_type,1.0,confirmed
natural_growth,НАУРЗУМСКИЙ РАЙОН,наурзумский,395800000,Наурзумский район,normalized_name_and_admin_type,1.0,confirmed
natural_growth,НАУРЫЗБАЙСКИЙ РАЙОН,наурызбайский,,,none,0,unmatched
natural_growth,НУРИНСКИЙ РАЙОН,нуринский,355200000,Нуринский район,normalized_name_and_admin_type,1.0,confirmed
natural_growth,ОБЛАСТЬ АБАЙ,абай,100000000,область Абай,normalized_name_and_admin_type,1.0,confirmed
natural_growth,ОБЛАСТЬ ЖЕТІСУ,жетісу,330000000,область Жетісу,normalized_name_and_admin_type,1.0,confirmed
natural_growth,ОБЛАСТЬ ҰЛЫТАУ,ұлытау,620000000,область Ұлытау,normalized_name_and_admin_type,1.0,confirmed
natural_growth,ОРДАБАСЫНСКИЙ РАЙОН,ордабасынский,614600000,Ордабасынский район,normalized_name_and_admin_type,1.0,confirmed
natural_growth,ОСАКАРОВСКИЙ РАЙОН,осакаровский,355600000,Осакаровский район,normalized_name_and_admin_type,1.0,confirmed
natural_growth,ОТРАРСКИЙ РАЙОН,отрарский,614800000,Отрарский район,normalized_name_and_admin_type,1.0,confirmed
natural_growth,ПАВЛОДАР Г.А.,павлодар а,551000000,Павлодар Г.А.,normalized_name_and_admin_type,1.0,confirmed
natural_growth,ПАВЛОДАРСКАЯ ОБЛАСТЬ,павлодарская,550000000,Павлодарская область,normalized_name_and_admin_type,1.0,confirmed
natural_growth,ПАВЛОДАРСКИЙ РАЙОН,павлодарский,556000000,Павлодарский район,normalized_name_and_admin_type,1.0,confirmed
natural_growth,ПАНФИЛОВСКИЙ РАЙОН,панфиловский,334600000,Панфиловский район,normalized_name_and_admin_type,1.0,confirmed
natural_growth,ПЕТРОПАВЛОВСК Г.А.,петропавловск а,591000000,Петропавловск Г.А.,normalized_name_and_admin_type,1.0,confirmed
natural_growth,ПРИОЗЕРСК Г.А.,приозерск а,352100000,Приозерск Г.А.,normalized_name_and_admin_type,1.0,confirmed
natural_growth,РАЙОН АЛМАТЫ,алматы,,,none,0,unmatched
natural_growth,РАЙОН АЛТАЙ,алтай,634800000,район Алтай,normalized_name_and_admin_type,1.0,confirmed
natural_growth,РАЙОН АҚСУАТ,ақсуат,103400000,район Ақсуат,normalized_name_and_admin_type,1.0,confirmed
natural_growth,РАЙОН АҚҚУЛЫ,аққулы,555200000,район Аққулы,normalized_name_and_admin_type,1.0,confirmed
natural_growth,РАЙОН БАЙДИБЕКА,байдибека,613600000,район Байдибека,normalized_name_and_admin_type,1.0,confirmed
natural_growth,РАЙОН БАЙҚОҢЫР,байқоңыр,,,none,0,unmatched
natural_growth,РАЙОН БЕИМБЕТА МАЙЛИНА,беимбета майлина,396400000,район Беимбета Майлина,normalized_name_and_admin_type,1.0,confirmed
natural_growth,РАЙОН БИРЖАН САЛ,биржан сал,114500000,район Биржан сал,normalized_name_and_admin_type,1.0,confirmed
natural_growth,РАЙОН БӘЙТЕРЕК,бәйтерек,274400000,район Бәйтерек,normalized_name_and_admin_type,1.0,confirmed
natural_growth,РАЙОН ЕСИЛЬ,есиль,,,none,0,unmatched
natural_growth,РАЙОН ЖАҢАСЕМЕЙ,жаңасемей,104100000,район Жаңасемей,normalized_name_and_admin_type,1.0,confirmed
natural_growth,РАЙОН ИМ.ГАБИТА МУСРЕПОВА,им габита мусрепова,596600000,Район им.Габита Мусрепова,normalized_name_and_admin_type,1.0,confirmed
natural_growth,РАЙОН МАГЖАНА ЖУМАБАЕВА,магжана жумабаева,593600000,Район Магжана Жумабаева,normalized_name_and_admin_type,1.0,confirmed
natural_growth,РАЙОН МАРҚАКӨЛ,марқакөл,635500000,район Марқакөл,normalized_name_and_admin_type,1.0,confirmed
natural_growth,РАЙОН МАҚАНШЫ,мақаншы,104500000,район Мақаншы,normalized_name_and_admin_type,1.0,confirmed
natural_growth,РАЙОН НҰРА,нұра,,,none,0,unmatched
natural_growth,РАЙОН САМАР,самар,635600000,район Самар,normalized_name_and_admin_type,1.0,confirmed
natural_growth,РАЙОН САРЫАРКА,сарыарка,,,none,0,unmatched
natural_growth,РАЙОН САУРАН,сауран,615500000,район Сауран,normalized_name_and_admin_type,1.0,confirmed
natural_growth,РАЙОН ТЕРЕҢКӨЛ,тереңкөл,554800000,район Тереңкөл,normalized_name_and_admin_type,1.0,confirmed
natural_growth,РАЙОН ТУРАН,туран,,,none,0,unmatched
natural_growth,РАЙОН ТУРАРА РЫСКУЛОВА,турара рыскулова,315000000,район Турара Рыскулова,normalized_name_and_admin_type,1.0,confirmed
natural_growth,РАЙОН ШАЛ АКЫНА,шал акына,595600000,Район Шал акына,normalized_name_and_admin_type,1.0,confirmed
natural_growth,РАЙОН ҮЛКЕН НАРЫН,үлкен нарын,636300000,район Үлкен Нарын,normalized_name_and_admin_type,1.0,confirmed
natural_growth,РАЙЫМБЕКСКИЙ РАЙОН,райымбекский,195800000,Райымбекский район,normalized_name_and_admin_type,1.0,confirmed
natural_growth,РЕСПУБЛИКА КАЗАХСТАН,республика казахстан,,,none,0,unmatched
natural_growth,РИДДЕР Г.А.,риддер а,632400000,Риддер Г.А.,normalized_name_and_admin_type,1.0,confirmed
natural_growth,РУДНЫЙ Г.А.,рудный а,392400000,Рудный Г.А.,normalized_name_and_admin_type,1.0,confirmed
natural_growth,САЙРАМСКИЙ РАЙОН,сайрамский,615200000,Сайрамский район,normalized_name_and_admin_type,1.0,confirmed
natural_growth,САНДЫКТАУСКИЙ РАЙОН,сандыктауский,116400000,Сандыктауский район,normalized_name_and_admin_type,1.0,confirmed
natural_growth,САРАНЬ Г.А.,сарань а,352200000,Сарань Г.А.,normalized_name_and_admin_type,1.0,confirmed
natural_growth,САРКАНСКИЙ РАЙОН,сарканский,334800000,Сарканский район,normalized_name_and_admin_type,1.0,confirmed
natural_growth,САРЫАГАШСКИЙ РАЙОН,сарыагашский,615400000,Сарыагашский район,normalized_name_and_admin_type,1.0,confirmed
natural_growth,САРЫКОЛЬСКИЙ РАЙОН,сарыкольский,396200000,Сарыкольский район,normalized_name_and_admin_type,1.0,confirmed
natural_growth,САРЫСУСКИЙ РАЙОН,сарысуский,316000000,Сарысуский район,normalized_name_and_admin_type,1.0,confirmed
natural_growth,САТПАЕВ Г.А.,сатпаев а,622000000,Сатпаев Г.А.,normalized_name_and_admin_type,1.0,confirmed
natural_growth,СЕВЕРО-КАЗАХСТАНСКАЯ ОБЛАСТЬ,северо казахстанская,590000000,Северо-Казахстанская область,normalized_name_and_admin_type,1.0,confirmed
natural_growth,СЕМЕЙ Г.А.,семей а,101000000,Семей Г.А.,normalized_name_and_admin_type,1.0,confirmed
natural_growth,СТЕПНОГОРСК Г.А.,степногорск а,111800000,Степногорск Г.А.,normalized_name_and_admin_type,1.0,confirmed
natural_growth,СУЗАКСКИЙ РАЙОН,сузакский,615600000,Сузакский район,normalized_name_and_admin_type,1.0,confirmed
natural_growth,СЫРДАРЬИНСКИЙ РАЙОН,сырдарьинский,434800000,Сырдарьинский район,normalized_name_and_admin_type,1.0,confirmed
natural_growth,СЫРЫМСКИЙ РАЙОН,сырымский,275800000,Сырымский район,normalized_name_and_admin_type,1.0,confirmed
natural_growth,ТАЙЫНШИНСКИЙ РАЙОН,тайыншинский,596000000,Тайыншинский район,normalized_name_and_admin_type,1.0,confirmed
natural_growth,ТАЛАССКИЙ РАЙОН,таласский,316200000,Таласский район,normalized_name_and_admin_type,1.0,confirmed
natural_growth,ТАЛГАРСКИЙ РАЙОН,талгарский,196200000,Талгарский район,normalized_name_and_admin_type,1.0,confirmed
natural_growth,ТАЛДЫКОРГАН Г.А.,талдыкорган а,331000000,Талдыкорган Г.А.,normalized_name_and_admin_type,1.0,confirmed
natural_growth,ТАРАЗ Г.А.,тараз а,311000000,Тараз Г.А.,normalized_name_and_admin_type,1.0,confirmed
natural_growth,ТАРБАГАТАЙСКИЙ РАЙОН,тарбагатайский,635800000,Тарбагатайский район,normalized_name_and_admin_type,1.0,confirmed
natural_growth,ТАСКАЛИНСКИЙ РАЙОН,таскалинский,276000000,Таскалинский район,normalized_name_and_admin_type,1.0,confirmed
natural_growth,ТЕКЕЛИ Г.А.,текели а,331800000,Текели Г.А.,normalized_name_and_admin_type,1.0,confirmed
natural_growth,ТЕМИРСКИЙ РАЙОН,темирский,155600000,Темирский район,normalized_name_and_admin_type,1.0,confirmed
natural_growth,ТЕМИРТАУ Г.А.,темиртау а,352400000,Темиртау Г.А.,normalized_name_and_admin_type,1.0,confirmed
natural_growth,ТЕРЕКТИНСКИЙ РАЙОН,теректинский,276200000,Теректинский район,normalized_name_and_admin_type,1.0,confirmed
natural_growth,ТИМИРЯЗЕВСКИЙ РАЙОН,тимирязевский,596200000,Тимирязевский район,normalized_name_and_admin_type,1.0,confirmed
natural_growth,ТОЛЕБИЙСКИЙ РАЙОН,толебийский,615800000,Толебийский район,normalized_name_and_admin_type,1.0,confirmed
natural_growth,ТУПКАРАГАНСКИЙ РАЙОН,тупкараганский,475200000,Тупкараганский район,normalized_name_and_admin_type,1.0,confirmed
natural_growth,ТУРКЕСТАН Г.А.,туркестан а,611000000,Туркестан Г.А.,normalized_name_and_admin_type,1.0,confirmed
natural_growth,ТУРКЕСТАНСКАЯ ОБЛАСТЬ,туркестанская,610000000,Туркестанская область,normalized_name_and_admin_type,1.0,confirmed
natural_growth,ТУРКСИБСКИЙ РАЙОН,турксибский,,,none,0,unmatched
natural_growth,ТЮЛЬКУБАССКИЙ РАЙОН,тюлькубасский,616000000,Тюлькубасский район,normalized_name_and_admin_type,1.0,confirmed
natural_growth,УАЛИХАНОВСКИЙ РАЙОН,уалихановский,596400000,Уалихановский район,normalized_name_and_admin_type,1.0,confirmed
natural_growth,УЗУНКОЛЬСКИЙ РАЙОН,узункольский,396600000,Узункольский район,normalized_name_and_admin_type,1.0,confirmed
natural_growth,УИЛСКИЙ РАЙОН,уилский,155200000,Уилский район,normalized_name_and_admin_type,1.0,confirmed
natural_growth,УЙГУРСКИЙ РАЙОН,уйгурский,196600000,Уйгурский район,normalized_name_and_admin_type,1.0,confirmed
natural_growth,УЛАНСКИЙ РАЙОН,уланский,636200000,Уланский район,normalized_name_and_admin_type,1.0,confirmed
natural_growth,УЛЫТАУСКИЙ РАЙОН,улытауский,623800000,Улытауский район,normalized_name_and_admin_type,1.0,confirmed
natural_growth,УРАЛЬСК Г.А.,уральск а,271000000,Уральск Г.А.,normalized_name_and_admin_type,1.0,confirmed
natural_growth,УРДЖАРСКИЙ РАЙОН,урджарский,104600000,Урджарский район,normalized_name_and_admin_type,1.0,confirmed
natural_growth,УСПЕНСКИЙ РАЙОН,успенский,556400000,Успенский район,normalized_name_and_admin_type,1.0,confirmed
natural_growth,УСТЬ-КАМЕНОГОРСК Г.А.,усть каменогорск а,631000000,Усть-Каменогорск Г.А.,normalized_name_and_admin_type,1.0,confirmed
natural_growth,ФЕДОРОВСКИЙ РАЙОН,федоровский,396800000,Федоровский район,normalized_name_and_admin_type,1.0,confirmed
natural_growth,ХОБДИНСКИЙ РАЙОН,хобдинский,154200000,Хобдинский район,normalized_name_and_admin_type,1.0,confirmed
natural_growth,ХРОМТАУСКИЙ РАЙОН,хромтауский,156000000,Хромтауский район,normalized_name_and_admin_type,1.0,confirmed
natural_growth,ЦЕЛИНОГРАДСКИЙ РАЙОН,целиноградский,116600000,Целиноградский район,normalized_name_and_admin_type,1.0,confirmed
natural_growth,ЧИНГИРЛАУСКИЙ РАЙОН,чингирлауский,276600000,Чингирлауский район,normalized_name_and_admin_type,1.0,confirmed
natural_growth,ШАЛКАРСКИЙ РАЙОН,шалкарский,156400000,Шалкарский район,normalized_name_and_admin_type,1.0,confirmed
natural_growth,ШАРДАРИНСКИЙ РАЙОН,шардаринский,616400000,Шардаринский район,normalized_name_and_admin_type,1.0,confirmed
natural_growth,ШАХТИНСК Г.А.,шахтинск а,352800000,Шахтинск Г.А.,normalized_name_and_admin_type,1.0,confirmed
natural_growth,ШЕМОНАИХИНСКИЙ РАЙОН,шемонаихинский,636800000,Шемонаихинский район,normalized_name_and_admin_type,1.0,confirmed
natural_growth,ШЕТСКИЙ РАЙОН,шетский,356400000,Шетский район,normalized_name_and_admin_type,1.0,confirmed
natural_growth,ШИЕЛИЙСКИЙ РАЙОН,шиелийский,435200000,Шиелийский район,normalized_name_and_admin_type,1.0,confirmed
natural_growth,ШОРТАНДИНСКИЙ РАЙОН,шортандинский,116800000,Шортандинский район,normalized_name_and_admin_type,1.0,confirmed
natural_growth,ШУСКИЙ РАЙОН,шуский,316600000,Шуский район,normalized_name_and_admin_type,1.0,confirmed
natural_growth,ШЫМКЕНТ Г.А.,шымкент а,,,none,0,unmatched
natural_growth,ЩЕРБАКТИНСКИЙ РАЙОН,щербактинский,556800000,Щербактинский район,normalized_name_and_admin_type,1.0,confirmed
natural_growth,ЭКИБАСТУЗ Г.А.,экибастуз а,552200000,Экибастуз Г.А.,normalized_name_and_admin_type,1.0,confirmed
natural_growth,ЮЖНО-КАЗАХСТАНСКАЯ ОБЛАСТЬ,южно казахстанская,,,none,0,unmatched
natural_growth,ҚОНАЕВ Г.А.,қонаев а,191000000,Қонаев Г.А.,normalized_name_and_admin_type,1.0,confirmed
migration_balance,АБАЙСКИЙ РАЙОН,абайский,,,none,0,ambiguous
migration_balance,АЙТЕКЕБИЙСКИЙ РАЙОН,айтекебийский,153400000,Айтекебийский район,normalized_name_and_admin_type,1.0,confirmed
migration_balance,АЙЫРТАУСКИЙ РАЙОН,айыртауский,593200000,Айыртауский район,normalized_name_and_admin_type,1.0,confirmed
migration_balance,АКЖАИКСКИЙ РАЙОН,акжаикский,273200000,Акжаикский район,normalized_name_and_admin_type,1.0,confirmed
migration_balance,АКЖАРСКИЙ РАЙОН,акжарский,593400000,Акжарский район,normalized_name_and_admin_type,1.0,confirmed
migration_balance,АККАЙЫНСКИЙ РАЙОН,аккайынский,595800000,Аккайынский район,normalized_name_and_admin_type,1.0,confirmed
migration_balance,АККОЛЬСКИЙ РАЙОН,аккольский,113200000,Аккольский район,normalized_name_and_admin_type,1.0,confirmed
migration_balance,АКМОЛИНСКАЯ ОБЛАСТЬ,акмолинская,110000000,Акмолинская область,normalized_name_and_admin_type,1.0,confirmed
migration_balance,АКСУ Г.А.,аксу а,551600000,Аксу Г.А.,normalized_name_and_admin_type,1.0,confirmed
migration_balance,АКСУСКИЙ РАЙОН,аксуский,333200000,Аксуский район,normalized_name_and_admin_type,1.0,confirmed
migration_balance,АКТАУ Г.А.,актау а,471000000,Актау Г.А.,normalized_name_and_admin_type,1.0,confirmed
migration_balance,АКТОБЕ Г.А.,актобе а,151000000,Актобе Г.А.,normalized_name_and_admin_type,1.0,confirmed
migration_balance,АКТОГАЙСКИЙ РАЙОН,актогайский,,,none,0,ambiguous
migration_balance,АКТЮБИНСКАЯ ОБЛАСТЬ,актюбинская,150000000,Актюбинская область,normalized_name_and_admin_type,1.0,confirmed
migration_balance,АЛАКОЛЬСКИЙ РАЙОН,алакольский,333400000,Алакольский район,normalized_name_and_admin_type,1.0,confirmed
migration_balance,АЛАТАУСКИЙ РАЙОН,алатауский,,,none,0,unmatched
migration_balance,АЛГИНСКИЙ РАЙОН,алгинский,153200000,Алгинский район,normalized_name_and_admin_type,1.0,confirmed
migration_balance,АЛМАЛИНСКИЙ РАЙОН,алмалинский,,,none,0,unmatched
migration_balance,АЛМАТИНСКАЯ ОБЛАСТЬ,алматинская,190000000,Алматинская область,normalized_name_and_admin_type,1.0,confirmed
migration_balance,АЛТЫНСАРИНСКИЙ РАЙОН,алтынсаринский,393200000,Алтынсаринский район,normalized_name_and_admin_type,1.0,confirmed
migration_balance,АЛЬ-ФАРАБИЙСКИЙ РАЙОН,аль фарабийский,,,none,0,unmatched
migration_balance,АМАНГЕЛЬДИНСКИЙ РАЙОН,амангельдинский,393400000,Амангельдинский район,normalized_name_and_admin_type,1.0,confirmed
migration_balance,АРАЛЬСКИЙ РАЙОН,аральский,433200000,Аральский район,normalized_name_and_admin_type,1.0,confirmed
migration_balance,АРКАЛЫК Г.А.,аркалык а,391600000,Аркалык Г.А.,normalized_name_and_admin_type,1.0,confirmed
migration_balance,АРШАЛЫНСКИЙ РАЙОН,аршалынский,113400000,Аршалынский район,normalized_name_and_admin_type,1.0,confirmed
migration_balance,АРЫСЬ Г.А.,арысь а,611600000,Арысь Г.А.,normalized_name_and_admin_type,1.0,confirmed
migration_balance,АСТРАХАНСКИЙ РАЙОН,астраханский,113600000,Астраханский район,normalized_name_and_admin_type,1.0,confirmed
migration_balance,АТБАСАРСКИЙ РАЙОН,атбасарский,113800000,Атбасарский район,normalized_name_and_admin_type,1.0,confirmed
migration_balance,АТЫРАУ Г.А.,атырау а,231000000,Атырау Г.А.,normalized_name_and_admin_type,1.0,confirmed
migration_balance,АТЫРАУСКАЯ ОБЛАСТЬ,атырауская,230000000,Атырауская область,normalized_name_and_admin_type,1.0,confirmed
migration_balance,АУЛИЕКОЛЬСКИЙ РАЙОН,аулиекольский,393600000,Аулиекольский район,normalized_name_and_admin_type,1.0,confirmed
migration_balance,АУЭЗОВСКИЙ РАЙОН,ауэзовский,,,none,0,unmatched
migration_balance,АЯГОЗСКИЙ РАЙОН,аягозский,103600000,Аягозский район,normalized_name_and_admin_type,1.0,confirmed
migration_balance,БАЙГАНИНСКИЙ РАЙОН,байганинский,153600000,Байганинский район,normalized_name_and_admin_type,1.0,confirmed
migration_balance,БАЙЗАКСКИЙ РАЙОН,байзакский,313600000,Байзакский район,normalized_name_and_admin_type,1.0,confirmed
migration_balance,БАЙКОНЫР Г.А.,байконыр а,431900000,Байконыр Г.А.,normalized_name_and_admin_type,1.0,confirmed
migration_balance,БАЛХАШ Г.А.,балхаш а,351600000,Балхаш Г.А.,normalized_name_and_admin_type,1.0,confirmed
migration_balance,БАЛХАШСКИЙ РАЙОН,балхашский,193600000,Балхашский район,normalized_name_and_admin_type,1.0,confirmed
migration_balance,БАЯНАУЛЬСКИЙ РАЙОН,баянаульский,553600000,Баянаульский район,normalized_name_and_admin_type,1.0,confirmed
migration_balance,БЕЙНЕУСКИЙ РАЙОН,бейнеуский,473600000,Бейнеуский район,normalized_name_and_admin_type,1.0,confirmed
migration_balance,БЕСКАРАГАЙСКИЙ РАЙОН,бескарагайский,103800000,Бескарагайский район,normalized_name_and_admin_type,1.0,confirmed
migration_balance,БОКЕЙОРДИНСКИЙ РАЙОН,бокейординский,275400000,Бокейординский район,normalized_name_and_admin_type,1.0,confirmed
migration_balance,БОРОДУЛИХИНСКИЙ РАЙОН,бородулихинский,104000000,Бородулихинский район,normalized_name_and_admin_type,1.0,confirmed
migration_balance,БОСТАНДЫКСКИЙ РАЙОН,бостандыкский,,,none,0,unmatched
migration_balance,БУЛАНДЫНСКИЙ РАЙОН,буландынский,114000000,Буландынский район,normalized_name_and_admin_type,1.0,confirmed
migration_balance,БУРАБАЙСКИЙ РАЙОН,бурабайский,117000000,Бурабайский район,normalized_name_and_admin_type,1.0,confirmed
migration_balance,БУРЛИНСКИЙ РАЙОН,бурлинский,273600000,Бурлинский район,normalized_name_and_admin_type,1.0,confirmed
migration_balance,БУХАР-ЖЫРАУСКИЙ РАЙОН,бухар жырауский,354000000,Бухар-Жырауский район,normalized_name_and_admin_type,1.0,confirmed
migration_balance,ВОСТОЧНО-КАЗАХСТАНСКАЯ ОБЛАСТЬ,восточно казахстанская,630000000,Восточно-Казахстанская область,normalized_name_and_admin_type,1.0,confirmed
migration_balance,Г.А.АЛАТАУ,а алатау,,,none,0,unmatched
migration_balance,Г.АЛМАТЫ,алматы,750000000,г.Алматы,normalized_name_and_admin_type,1.0,confirmed
migration_balance,Г.АСТАНА,астана,710000000,г.Астана,normalized_name_and_admin_type,1.0,confirmed
migration_balance,Г.ШЫМКЕНТ,шымкент,790000000,г.Шымкент,normalized_name_and_admin_type,1.0,confirmed
migration_balance,ГЛУБОКОВСКИЙ РАЙОН,глубоковский,634000000,Глубоковский район,normalized_name_and_admin_type,1.0,confirmed
migration_balance,ДЕНИСОВСКИЙ РАЙОН,денисовский,394000000,Денисовский район,normalized_name_and_admin_type,1.0,confirmed
migration_balance,ЕГИНДЫКОЛЬСКИЙ РАЙОН,егиндыкольский,114400000,Егиндыкольский район,normalized_name_and_admin_type,1.0,confirmed
migration_balance,ЕНБЕКШИКАЗАХСКИЙ РАЙОН,енбекшиказахский,194000000,Енбекшиказахский район,normalized_name_and_admin_type,1.0,confirmed
migration_balance,ЕНБЕКШИНСКИЙ РАЙОН,енбекшинский,,,none,0,unmatched
migration_balance,ЕРЕЙМЕНТАУСКИЙ РАЙОН,ерейментауский,114600000,Ерейментауский район,normalized_name_and_admin_type,1.0,confirmed
migration_balance,ЕСИЛЬСКИЙ РАЙОН,есильский,,,none,0,ambiguous
migration_balance,ЕСКЕЛЬДИНСКИЙ РАЙОН,ескельдинский,333600000,Ескельдинский район,normalized_name_and_admin_type,1.0,confirmed
migration_balance,ЖАКСЫНСКИЙ РАЙОН,жаксынский,115200000,Жаксынский район,normalized_name_and_admin_type,1.0,confirmed
migration_balance,ЖАЛАГАШСКИЙ РАЙОН,жалагашский,433600000,Жалагашский район,normalized_name_and_admin_type,1.0,confirmed
migration_balance,ЖАМБЫЛСКАЯ ОБЛАСТЬ,жамбылская,310000000,Жамбылская область,normalized_name_and_admin_type,1.0,confirmed
migration_balance,ЖАМБЫЛСКИЙ РАЙОН,жамбылский,,,none,0,ambiguous
migration_balance,ЖАНААРКИНСКИЙ РАЙОН,жанааркинский,623600000,Жанааркинский район,normalized_name_and_admin_type,1.0,confirmed
migration_balance,ЖАНАКОРГАНСКИЙ РАЙОН,жанакорганский,434000000,Жанакорганский район,normalized_name_and_admin_type,1.0,confirmed
migration_balance,ЖАНАОЗЕН Г.А.,жанаозен а,471800000,Жанаозен Г.А.,normalized_name_and_admin_type,1.0,confirmed
migration_balance,ЖАНГАЛИНСКИЙ РАЙОН,жангалинский,274000000,Жангалинский район,normalized_name_and_admin_type,1.0,confirmed
migration_balance,ЖАНГЕЛЬДИНСКИЙ РАЙОН,жангельдинский,394200000,Жангельдинский район,normalized_name_and_admin_type,1.0,confirmed
migration_balance,ЖАНИБЕКСКИЙ РАЙОН,жанибекский,274200000,Жанибекский район,normalized_name_and_admin_type,1.0,confirmed
migration_balance,ЖАРКАИНСКИЙ РАЙОН,жаркаинский,115400000,Жаркаинский район,normalized_name_and_admin_type,1.0,confirmed
migration_balance,ЖАРМИНСКИЙ РАЙОН,жарминский,104200000,Жарминский район,normalized_name_and_admin_type,1.0,confirmed
migration_balance,ЖЕЗКАЗГАН Г.А.,жезказган а,621000000,Жезказган Г.А.,normalized_name_and_admin_type,1.0,confirmed
migration_balance,ЖЕЛЕЗИНСКИЙ РАЙОН,железинский,554200000,Железинский район,normalized_name_and_admin_type,1.0,confirmed
migration_balance,ЖЕТЫСАЙСКИЙ РАЙОН,жетысайский,613800000,Жетысайский район,normalized_name_and_admin_type,1.0,confirmed
migration_balance,ЖЕТЫСУСКИЙ РАЙОН,жетысуский,,,none,0,unmatched
migration_balance,ЖИТИКАРИНСКИЙ РАЙОН,житикаринский,394400000,Житикаринский район,normalized_name_and_admin_type,1.0,confirmed
migration_balance,ЖУАЛЫНСКИЙ РАЙОН,жуалынский,314200000,Жуалынский район,normalized_name_and_admin_type,1.0,confirmed
migration_balance,ЖЫЛЫОЙСКИЙ РАЙОН,жылыойский,233600000,Жылыойский район,normalized_name_and_admin_type,1.0,confirmed
migration_balance,ЗАЙСАНСКИЙ РАЙОН,зайсанский,634600000,Зайсанский район,normalized_name_and_admin_type,1.0,confirmed
migration_balance,ЗАПАДНО-КАЗАХСТАНСКАЯ ОБЛАСТЬ,западно казахстанская,270000000,Западно-Казахстанская область,normalized_name_and_admin_type,1.0,confirmed
migration_balance,ЗЕРЕНДИНСКИЙ РАЙОН,зерендинский,115600000,Зерендинский район,normalized_name_and_admin_type,1.0,confirmed
migration_balance,ИЛИЙСКИЙ РАЙОН,илийский,196800000,Илийский район,normalized_name_and_admin_type,1.0,confirmed
migration_balance,ИНДЕРСКИЙ РАЙОН,индерский,234000000,Индерский район,normalized_name_and_admin_type,1.0,confirmed
migration_balance,ИРГИЗСКИЙ РАЙОН,иргизский,156800000,Иргизский район,normalized_name_and_admin_type,1.0,confirmed
migration_balance,ИРТЫШСКИЙ РАЙОН,иртышский,554600000,Иртышский район,normalized_name_and_admin_type,1.0,confirmed
migration_balance,ИСАТАЙСКИЙ РАЙОН,исатайский,234200000,Исатайский район,normalized_name_and_admin_type,1.0,confirmed
migration_balance,КАЗАЛИНСКИЙ РАЙОН,казалинский,434400000,Казалинский район,normalized_name_and_admin_type,1.0,confirmed
migration_balance,КАЗТАЛОВСКИЙ РАЙОН,казталовский,274800000,Казталовский район,normalized_name_and_admin_type,1.0,confirmed
migration_balance,КАЗЫГУРТСКИЙ РАЙОН,казыгуртский,614000000,Казыгуртский район,normalized_name_and_admin_type,1.0,confirmed
migration_balance,КАМЫСТИНСКИЙ РАЙОН,камыстинский,394800000,Камыстинский район,normalized_name_and_admin_type,1.0,confirmed
migration_balance,КАРАБАЛЫКСКИЙ РАЙОН,карабалыкский,395000000,Карабалыкский район,normalized_name_and_admin_type,1.0,confirmed
migration_balance,КАРАГАНДА Г.А.,караганда а,351000000,Караганда Г.А.,normalized_name_and_admin_type,1.0,confirmed
migration_balance,КАРАГАНДИНСКАЯ ОБЛАСТЬ,карагандинская,350000000,Карагандинская область,normalized_name_and_admin_type,1.0,confirmed
migration_balance,КАРАЖАЛ Г.А.,каражал а,621800000,Каражал Г.А.,normalized_name_and_admin_type,1.0,confirmed
migration_balance,КАРАКИЯНСКИЙ РАЙОН,каракиянский,474200000,Каракиянский район,normalized_name_and_admin_type,1.0,confirmed
migration_balance,КАРАСАЙСКИЙ РАЙОН,карасайский,195200000,Карасайский район,normalized_name_and_admin_type,1.0,confirmed
migration_balance,КАРАСУСКИЙ РАЙОН,карасуский,395200000,Карасуский район,normalized_name_and_admin_type,1.0,confirmed
migration_balance,КАРАТАЛЬСКИЙ РАЙОН,каратальский,334400000,Каратальский район,normalized_name_and_admin_type,1.0,confirmed
migration_balance,КАРАТАУСКИЙ РАЙОН,каратауский,,,none,0,unmatched
migration_balance,КАРАТОБИНСКИЙ РАЙОН,каратобинский,275000000,Каратобинский район,normalized_name_and_admin_type,1.0,confirmed
migration_balance,КАРГАЛИНСКИЙ РАЙОН,каргалинский,154000000,Каргалинский район,normalized_name_and_admin_type,1.0,confirmed
migration_balance,КАРКАРАЛИНСКИЙ РАЙОН,каркаралинский,354800000,Каркаралинский район,normalized_name_and_admin_type,1.0,confirmed
migration_balance,КАРМАКШИНСКИЙ РАЙОН,кармакшинский,434600000,Кармакшинский район,normalized_name_and_admin_type,1.0,confirmed
migration_balance,КАТОН-КАРАГАЙСКИЙ РАЙОН,катон карагайский,635400000,Катон-Карагайский район,normalized_name_and_admin_type,1.0,confirmed
migration_balance,КЕГЕНСКИЙ РАЙОН,кегенский,194400000,Кегенский район,normalized_name_and_admin_type,1.0,confirmed
migration_balance,КЕЛЕССКИЙ РАЙОН,келесский,613900000,Келесский район,normalized_name_and_admin_type,1.0,confirmed
migration_balance,КЕНТАУ Г.А.,кентау а,612000000,Кентау Г.А.,normalized_name_and_admin_type,1.0,confirmed
migration_balance,КЕРБУЛАКСКИЙ РАЙОН,кербулакский,334000000,Кербулакский район,normalized_name_and_admin_type,1.0,confirmed
migration_balance,КЗЫЛКОГИНСКИЙ РАЙОН,кзылкогинский,234800000,Кзылкогинский район,normalized_name_and_admin_type,1.0,confirmed
migration_balance,КОКПЕКТИНСКИЙ РАЙОН,кокпектинский,104400000,Кокпектинский район,normalized_name_and_admin_type,1.0,confirmed
migration_balance,КОКСУСКИЙ РАЙОН,коксуский,334200000,Коксуский район,normalized_name_and_admin_type,1.0,confirmed
migration_balance,КОКШЕТАУ Г.А.,кокшетау а,111000000,Кокшетау Г.А.,normalized_name_and_admin_type,1.0,confirmed
migration_balance,КОРГАЛЖЫНСКИЙ РАЙОН,коргалжынский,116000000,Коргалжынский район,normalized_name_and_admin_type,1.0,confirmed
migration_balance,КОРДАЙСКИЙ РАЙОН,кордайский,314800000,Кордайский район,normalized_name_and_admin_type,1.0,confirmed
migration_balance,КОСТАНАЙ Г.А.,костанай а,391000000,Костанай Г.А.,normalized_name_and_admin_type,1.0,confirmed
migration_balance,КОСТАНАЙСКАЯ ОБЛАСТЬ,костанайская,390000000,Костанайская область,normalized_name_and_admin_type,1.0,confirmed
migration_balance,КОСТАНАЙСКИЙ РАЙОН,костанайский,395400000,Костанайский район,normalized_name_and_admin_type,1.0,confirmed
migration_balance,КОСШЫ Г.А.,косшы а,111600000,Косшы Г.А.,normalized_name_and_admin_type,1.0,confirmed
migration_balance,КУРМАНГАЗИНСКИЙ РАЙОН,курмангазинский,234600000,Курмангазинский район,normalized_name_and_admin_type,1.0,confirmed
migration_balance,КУРЧАТОВ Г.А.,курчатов а,101800000,Курчатов Г.А.,normalized_name_and_admin_type,1.0,confirmed
migration_balance,КУРЧУМСКИЙ РАЙОН,курчумский,635200000,Курчумский район,normalized_name_and_admin_type,1.0,confirmed
migration_balance,КЫЗЫЛЖАРСКИЙ РАЙОН,кызылжарский,595000000,Кызылжарский район,normalized_name_and_admin_type,1.0,confirmed
migration_balance,КЫЗЫЛОРДА Г.А.,кызылорда а,431000000,Кызылорда Г.А.,normalized_name_and_admin_type,1.0,confirmed
migration_balance,КЫЗЫЛОРДИНСКАЯ ОБЛАСТЬ,кызылординская,430000000,Кызылординская область,normalized_name_and_admin_type,1.0,confirmed
migration_balance,ЛИСАКОВСК Г.А.,лисаковск а,392000000,Лисаковск Г.А.,normalized_name_and_admin_type,1.0,confirmed
migration_balance,МАЙСКИЙ РАЙОН,майский,555600000,Майский район,normalized_name_and_admin_type,1.0,confirmed
migration_balance,МАКАТСКИЙ РАЙОН,макатский,235200000,Макатский район,normalized_name_and_admin_type,1.0,confirmed
migration_balance,МАКТААРАЛЬСКИЙ РАЙОН,мактааральский,614400000,Мактааральский район,normalized_name_and_admin_type,1.0,confirmed
migration_balance,МАМЛЮТСКИЙ РАЙОН,мамлютский,595200000,Мамлютский район,normalized_name_and_admin_type,1.0,confirmed
migration_balance,МАНГИСТАУСКАЯ ОБЛАСТЬ,мангистауская,470000000,Мангистауская область,normalized_name_and_admin_type,1.0,confirmed
migration_balance,МАНГИСТАУСКИЙ РАЙОН,мангистауский,474600000,Мангистауский район,normalized_name_and_admin_type,1.0,confirmed
migration_balance,МАРТУКСКИЙ РАЙОН,мартукский,154600000,Мартукский район,normalized_name_and_admin_type,1.0,confirmed
migration_balance,МАХАМБЕТСКИЙ РАЙОН,махамбетский,235600000,Махамбетский район,normalized_name_and_admin_type,1.0,confirmed
migration_balance,МЕДЕУСКИЙ РАЙОН,медеуский,,,none,0,unmatched
migration_balance,МЕНДЫКАРИНСКИЙ РАЙОН,мендыкаринский,395600000,Мендыкаринский район,normalized_name_and_admin_type,1.0,confirmed
migration_balance,МЕРКЕНСКИЙ РАЙОН,меркенский,315400000,Меркенский район,normalized_name_and_admin_type,1.0,confirmed
migration_balance,МОЙЫНКУМСКИЙ РАЙОН,мойынкумский,315600000,Мойынкумский район,normalized_name_and_admin_type,1.0,confirmed
migration_balance,МУГАЛЖАРСКИЙ РАЙОН,мугалжарский,154800000,Мугалжарский район,normalized_name_and_admin_type,1.0,confirmed
migration_balance,МУНАЙЛИНСКИЙ РАЙОН,мунайлинский,475000000,Мунайлинский район,normalized_name_and_admin_type,1.0,confirmed
migration_balance,НАУРЗУМСКИЙ РАЙОН,наурзумский,395800000,Наурзумский район,normalized_name_and_admin_type,1.0,confirmed
migration_balance,НАУРЫЗБАЙСКИЙ РАЙОН,наурызбайский,,,none,0,unmatched
migration_balance,НУРИНСКИЙ РАЙОН,нуринский,355200000,Нуринский район,normalized_name_and_admin_type,1.0,confirmed
migration_balance,ОБЛАСТЬ АБАЙ,абай,100000000,область Абай,normalized_name_and_admin_type,1.0,confirmed
migration_balance,ОБЛАСТЬ ЖЕТІСУ,жетісу,330000000,область Жетісу,normalized_name_and_admin_type,1.0,confirmed
migration_balance,ОБЛАСТЬ ҰЛЫТАУ,ұлытау,620000000,область Ұлытау,normalized_name_and_admin_type,1.0,confirmed
migration_balance,ОРДАБАСЫНСКИЙ РАЙОН,ордабасынский,614600000,Ордабасынский район,normalized_name_and_admin_type,1.0,confirmed
migration_balance,ОСАКАРОВСКИЙ РАЙОН,осакаровский,355600000,Осакаровский район,normalized_name_and_admin_type,1.0,confirmed
migration_balance,ОТРАРСКИЙ РАЙОН,отрарский,614800000,Отрарский район,normalized_name_and_admin_type,1.0,confirmed
migration_balance,ПАВЛОДАР Г.А.,павлодар а,551000000,Павлодар Г.А.,normalized_name_and_admin_type,1.0,confirmed
migration_balance,ПАВЛОДАРСКАЯ ОБЛАСТЬ,павлодарская,550000000,Павлодарская область,normalized_name_and_admin_type,1.0,confirmed
migration_balance,ПАВЛОДАРСКИЙ РАЙОН,павлодарский,556000000,Павлодарский район,normalized_name_and_admin_type,1.0,confirmed
migration_balance,ПАНФИЛОВСКИЙ РАЙОН,панфиловский,334600000,Панфиловский район,normalized_name_and_admin_type,1.0,confirmed
migration_balance,ПЕТРОПАВЛОВСК Г.А.,петропавловск а,591000000,Петропавловск Г.А.,normalized_name_and_admin_type,1.0,confirmed
migration_balance,ПРИОЗЕРСК Г.А.,приозерск а,352100000,Приозерск Г.А.,normalized_name_and_admin_type,1.0,confirmed
migration_balance,РАЙОН АЛМАТЫ,алматы,,,none,0,unmatched
migration_balance,РАЙОН АЛТАЙ,алтай,634800000,район Алтай,normalized_name_and_admin_type,1.0,confirmed
migration_balance,РАЙОН АҚСУАТ,ақсуат,103400000,район Ақсуат,normalized_name_and_admin_type,1.0,confirmed
migration_balance,РАЙОН АҚҚУЛЫ,аққулы,555200000,район Аққулы,normalized_name_and_admin_type,1.0,confirmed
migration_balance,РАЙОН БАЙДИБЕКА,байдибека,613600000,район Байдибека,normalized_name_and_admin_type,1.0,confirmed
migration_balance,РАЙОН БАЙҚОҢЫР,байқоңыр,,,none,0,unmatched
migration_balance,РАЙОН БЕИМБЕТА МАЙЛИНА,беимбета майлина,396400000,район Беимбета Майлина,normalized_name_and_admin_type,1.0,confirmed
migration_balance,РАЙОН БИРЖАН САЛ,биржан сал,114500000,район Биржан сал,normalized_name_and_admin_type,1.0,confirmed
migration_balance,РАЙОН БӘЙТЕРЕК,бәйтерек,274400000,район Бәйтерек,normalized_name_and_admin_type,1.0,confirmed
migration_balance,РАЙОН ЕСИЛЬ,есиль,,,none,0,unmatched
migration_balance,РАЙОН ЖАҢАСЕМЕЙ,жаңасемей,104100000,район Жаңасемей,normalized_name_and_admin_type,1.0,confirmed
migration_balance,РАЙОН ИМ.ГАБИТА МУСРЕПОВА,им габита мусрепова,596600000,Район им.Габита Мусрепова,normalized_name_and_admin_type,1.0,confirmed
migration_balance,РАЙОН МАГЖАНА ЖУМАБАЕВА,магжана жумабаева,593600000,Район Магжана Жумабаева,normalized_name_and_admin_type,1.0,confirmed
migration_balance,РАЙОН МАРҚАКӨЛ,марқакөл,635500000,район Марқакөл,normalized_name_and_admin_type,1.0,confirmed
migration_balance,РАЙОН МАҚАНШЫ,мақаншы,104500000,район Мақаншы,normalized_name_and_admin_type,1.0,confirmed
migration_balance,РАЙОН НҰРА,нұра,,,none,0,unmatched
migration_balance,РАЙОН САМАР,самар,635600000,район Самар,normalized_name_and_admin_type,1.0,confirmed
migration_balance,РАЙОН САРЫАРКА,сарыарка,,,none,0,unmatched
migration_balance,РАЙОН САУРАН,сауран,615500000,район Сауран,normalized_name_and_admin_type,1.0,confirmed
migration_balance,РАЙОН ТЕРЕҢКӨЛ,тереңкөл,554800000,район Тереңкөл,normalized_name_and_admin_type,1.0,confirmed
migration_balance,РАЙОН ТУРАН,туран,,,none,0,unmatched
migration_balance,РАЙОН ТУРАРА РЫСКУЛОВА,турара рыскулова,315000000,район Турара Рыскулова,normalized_name_and_admin_type,1.0,confirmed
migration_balance,РАЙОН ШАЛ АКЫНА,шал акына,595600000,Район Шал акына,normalized_name_and_admin_type,1.0,confirmed
migration_balance,РАЙОН ҮЛКЕН НАРЫН,үлкен нарын,636300000,район Үлкен Нарын,normalized_name_and_admin_type,1.0,confirmed
migration_balance,РАЙЫМБЕКСКИЙ РАЙОН,райымбекский,195800000,Райымбекский район,normalized_name_and_admin_type,1.0,confirmed
migration_balance,РЕСПУБЛИКА КАЗАХСТАН,республика казахстан,,,none,0,unmatched
migration_balance,РИДДЕР Г.А.,риддер а,632400000,Риддер Г.А.,normalized_name_and_admin_type,1.0,confirmed
migration_balance,РУДНЫЙ Г.А.,рудный а,392400000,Рудный Г.А.,normalized_name_and_admin_type,1.0,confirmed
migration_balance,САЙРАМСКИЙ РАЙОН,сайрамский,615200000,Сайрамский район,normalized_name_and_admin_type,1.0,confirmed
migration_balance,САНДЫКТАУСКИЙ РАЙОН,сандыктауский,116400000,Сандыктауский район,normalized_name_and_admin_type,1.0,confirmed
migration_balance,САРАНЬ Г.А.,сарань а,352200000,Сарань Г.А.,normalized_name_and_admin_type,1.0,confirmed
migration_balance,САРКАНСКИЙ РАЙОН,сарканский,334800000,Сарканский район,normalized_name_and_admin_type,1.0,confirmed
migration_balance,САРЫАГАШСКИЙ РАЙОН,сарыагашский,615400000,Сарыагашский район,normalized_name_and_admin_type,1.0,confirmed
migration_balance,САРЫКОЛЬСКИЙ РАЙОН,сарыкольский,396200000,Сарыкольский район,normalized_name_and_admin_type,1.0,confirmed
migration_balance,САРЫСУСКИЙ РАЙОН,сарысуский,316000000,Сарысуский район,normalized_name_and_admin_type,1.0,confirmed
migration_balance,САТПАЕВ Г.А.,сатпаев а,622000000,Сатпаев Г.А.,normalized_name_and_admin_type,1.0,confirmed
migration_balance,СЕВЕРО-КАЗАХСТАНСКАЯ ОБЛАСТЬ,северо казахстанская,590000000,Северо-Казахстанская область,normalized_name_and_admin_type,1.0,confirmed
migration_balance,СЕМЕЙ Г.А.,семей а,101000000,Семей Г.А.,normalized_name_and_admin_type,1.0,confirmed
migration_balance,СТЕПНОГОРСК Г.А.,степногорск а,111800000,Степногорск Г.А.,normalized_name_and_admin_type,1.0,confirmed
migration_balance,СУЗАКСКИЙ РАЙОН,сузакский,615600000,Сузакский район,normalized_name_and_admin_type,1.0,confirmed
migration_balance,СЫРДАРЬИНСКИЙ РАЙОН,сырдарьинский,434800000,Сырдарьинский район,normalized_name_and_admin_type,1.0,confirmed
migration_balance,СЫРЫМСКИЙ РАЙОН,сырымский,275800000,Сырымский район,normalized_name_and_admin_type,1.0,confirmed
migration_balance,ТАЙЫНШИНСКИЙ РАЙОН,тайыншинский,596000000,Тайыншинский район,normalized_name_and_admin_type,1.0,confirmed
migration_balance,ТАЛАССКИЙ РАЙОН,таласский,316200000,Таласский район,normalized_name_and_admin_type,1.0,confirmed
migration_balance,ТАЛГАРСКИЙ РАЙОН,талгарский,196200000,Талгарский район,normalized_name_and_admin_type,1.0,confirmed
migration_balance,ТАЛДЫКОРГАН Г.А.,талдыкорган а,331000000,Талдыкорган Г.А.,normalized_name_and_admin_type,1.0,confirmed
migration_balance,ТАРАЗ Г.А.,тараз а,311000000,Тараз Г.А.,normalized_name_and_admin_type,1.0,confirmed
migration_balance,ТАРБАГАТАЙСКИЙ РАЙОН,тарбагатайский,635800000,Тарбагатайский район,normalized_name_and_admin_type,1.0,confirmed
migration_balance,ТАСКАЛИНСКИЙ РАЙОН,таскалинский,276000000,Таскалинский район,normalized_name_and_admin_type,1.0,confirmed
migration_balance,ТЕКЕЛИ Г.А.,текели а,331800000,Текели Г.А.,normalized_name_and_admin_type,1.0,confirmed
migration_balance,ТЕМИРСКИЙ РАЙОН,темирский,155600000,Темирский район,normalized_name_and_admin_type,1.0,confirmed
migration_balance,ТЕМИРТАУ Г.А.,темиртау а,352400000,Темиртау Г.А.,normalized_name_and_admin_type,1.0,confirmed
migration_balance,ТЕРЕКТИНСКИЙ РАЙОН,теректинский,276200000,Теректинский район,normalized_name_and_admin_type,1.0,confirmed
migration_balance,ТИМИРЯЗЕВСКИЙ РАЙОН,тимирязевский,596200000,Тимирязевский район,normalized_name_and_admin_type,1.0,confirmed
migration_balance,ТОЛЕБИЙСКИЙ РАЙОН,толебийский,615800000,Толебийский район,normalized_name_and_admin_type,1.0,confirmed
migration_balance,ТУПКАРАГАНСКИЙ РАЙОН,тупкараганский,475200000,Тупкараганский район,normalized_name_and_admin_type,1.0,confirmed
migration_balance,ТУРКЕСТАН Г.А.,туркестан а,611000000,Туркестан Г.А.,normalized_name_and_admin_type,1.0,confirmed
migration_balance,ТУРКЕСТАНСКАЯ ОБЛАСТЬ,туркестанская,610000000,Туркестанская область,normalized_name_and_admin_type,1.0,confirmed
migration_balance,ТУРКСИБСКИЙ РАЙОН,турксибский,,,none,0,unmatched
migration_balance,ТЮЛЬКУБАССКИЙ РАЙОН,тюлькубасский,616000000,Тюлькубасский район,normalized_name_and_admin_type,1.0,confirmed
migration_balance,УАЛИХАНОВСКИЙ РАЙОН,уалихановский,596400000,Уалихановский район,normalized_name_and_admin_type,1.0,confirmed
migration_balance,УЗУНКОЛЬСКИЙ РАЙОН,узункольский,396600000,Узункольский район,normalized_name_and_admin_type,1.0,confirmed
migration_balance,УИЛСКИЙ РАЙОН,уилский,155200000,Уилский район,normalized_name_and_admin_type,1.0,confirmed
migration_balance,УЙГУРСКИЙ РАЙОН,уйгурский,196600000,Уйгурский район,normalized_name_and_admin_type,1.0,confirmed
migration_balance,УЛАНСКИЙ РАЙОН,уланский,636200000,Уланский район,normalized_name_and_admin_type,1.0,confirmed
migration_balance,УЛЫТАУСКИЙ РАЙОН,улытауский,623800000,Улытауский район,normalized_name_and_admin_type,1.0,confirmed
migration_balance,УРАЛЬСК Г.А.,уральск а,271000000,Уральск Г.А.,normalized_name_and_admin_type,1.0,confirmed
migration_balance,УРДЖАРСКИЙ РАЙОН,урджарский,104600000,Урджарский район,normalized_name_and_admin_type,1.0,confirmed
migration_balance,УСПЕНСКИЙ РАЙОН,успенский,556400000,Успенский район,normalized_name_and_admin_type,1.0,confirmed
migration_balance,УСТЬ-КАМЕНОГОРСК Г.А.,усть каменогорск а,631000000,Усть-Каменогорск Г.А.,normalized_name_and_admin_type,1.0,confirmed
migration_balance,ФЕДОРОВСКИЙ РАЙОН,федоровский,396800000,Федоровский район,normalized_name_and_admin_type,1.0,confirmed
migration_balance,ХОБДИНСКИЙ РАЙОН,хобдинский,154200000,Хобдинский район,normalized_name_and_admin_type,1.0,confirmed
migration_balance,ХРОМТАУСКИЙ РАЙОН,хромтауский,156000000,Хромтауский район,normalized_name_and_admin_type,1.0,confirmed
migration_balance,ЦЕЛИНОГРАДСКИЙ РАЙОН,целиноградский,116600000,Целиноградский район,normalized_name_and_admin_type,1.0,confirmed
migration_balance,ЧИНГИРЛАУСКИЙ РАЙОН,чингирлауский,276600000,Чингирлауский район,normalized_name_and_admin_type,1.0,confirmed
migration_balance,ШАЛКАРСКИЙ РАЙОН,шалкарский,156400000,Шалкарский район,normalized_name_and_admin_type,1.0,confirmed
migration_balance,ШАРДАРИНСКИЙ РАЙОН,шардаринский,616400000,Шардаринский район,normalized_name_and_admin_type,1.0,confirmed
migration_balance,ШАХТИНСК Г.А.,шахтинск а,352800000,Шахтинск Г.А.,normalized_name_and_admin_type,1.0,confirmed
migration_balance,ШЕМОНАИХИНСКИЙ РАЙОН,шемонаихинский,636800000,Шемонаихинский район,normalized_name_and_admin_type,1.0,confirmed
migration_balance,ШЕТСКИЙ РАЙОН,шетский,356400000,Шетский район,normalized_name_and_admin_type,1.0,confirmed
migration_balance,ШИЕЛИЙСКИЙ РАЙОН,шиелийский,435200000,Шиелийский район,normalized_name_and_admin_type,1.0,confirmed
migration_balance,ШОРТАНДИНСКИЙ РАЙОН,шортандинский,116800000,Шортандинский район,normalized_name_and_admin_type,1.0,confirmed
migration_balance,ШУСКИЙ РАЙОН,шуский,316600000,Шуский район,normalized_name_and_admin_type,1.0,confirmed
migration_balance,ЩЕРБАКТИНСКИЙ РАЙОН,щербактинский,556800000,Щербактинский район,normalized_name_and_admin_type,1.0,confirmed
migration_balance,ЭКИБАСТУЗ Г.А.,экибастуз а,552200000,Экибастуз Г.А.,normalized_name_and_admin_type,1.0,confirmed
migration_balance,ҚОНАЕВ Г.А.,қонаев а,191000000,Қонаев Г.А.,normalized_name_and_admin_type,1.0,confirmed
labor_force,АБАЙСКИЙ РАЙОН,абайский,,,none,0,ambiguous
labor_force,АЙТЕКЕБИЙСКИЙ РАЙОН,айтекебийский,153400000,Айтекебийский район,normalized_name_and_admin_type,1.0,confirmed
labor_force,АЙЫРТАУСКИЙ РАЙОН,айыртауский,593200000,Айыртауский район,normalized_name_and_admin_type,1.0,confirmed
labor_force,АКЖАИКСКИЙ РАЙОН,акжаикский,273200000,Акжаикский район,normalized_name_and_admin_type,1.0,confirmed
labor_force,АКЖАРСКИЙ РАЙОН,акжарский,593400000,Акжарский район,normalized_name_and_admin_type,1.0,confirmed
labor_force,АККАЙЫНСКИЙ РАЙОН,аккайынский,595800000,Аккайынский район,normalized_name_and_admin_type,1.0,confirmed
labor_force,АККОЛЬСКИЙ РАЙОН,аккольский,113200000,Аккольский район,normalized_name_and_admin_type,1.0,confirmed
labor_force,АКМОЛИНСКАЯ ОБЛАСТЬ,акмолинская,110000000,Акмолинская область,normalized_name_and_admin_type,1.0,confirmed
labor_force,АКСУ Г.А.,аксу а,551600000,Аксу Г.А.,normalized_name_and_admin_type,1.0,confirmed
labor_force,АКСУСКИЙ РАЙОН,аксуский,333200000,Аксуский район,normalized_name_and_admin_type,1.0,confirmed
labor_force,АКТАУ Г.А.,актау а,471000000,Актау Г.А.,normalized_name_and_admin_type,1.0,confirmed
labor_force,АКТОБЕ Г.А.,актобе а,151000000,Актобе Г.А.,normalized_name_and_admin_type,1.0,confirmed
labor_force,АКТОГАЙСКИЙ РАЙОН,актогайский,,,none,0,ambiguous
labor_force,АКТЮБИНСКАЯ ОБЛАСТЬ,актюбинская,150000000,Актюбинская область,normalized_name_and_admin_type,1.0,confirmed
labor_force,АЛАКОЛЬСКИЙ РАЙОН,алакольский,333400000,Алакольский район,normalized_name_and_admin_type,1.0,confirmed
labor_force,АЛАТАУСКИЙ РАЙОН,алатауский,,,none,0,unmatched
labor_force,АЛГИНСКИЙ РАЙОН,алгинский,153200000,Алгинский район,normalized_name_and_admin_type,1.0,confirmed
labor_force,АЛМАЛИНСКИЙ РАЙОН,алмалинский,,,none,0,unmatched
labor_force,АЛМАТИНСКАЯ ОБЛАСТЬ,алматинская,190000000,Алматинская область,normalized_name_and_admin_type,1.0,confirmed
labor_force,АЛТЫНСАРИНСКИЙ РАЙОН,алтынсаринский,393200000,Алтынсаринский район,normalized_name_and_admin_type,1.0,confirmed
labor_force,АЛЬ-ФАРАБИЙСКИЙ РАЙОН,аль фарабийский,,,none,0,unmatched
labor_force,АМАНГЕЛЬДИНСКИЙ РАЙОН,амангельдинский,393400000,Амангельдинский район,normalized_name_and_admin_type,1.0,confirmed
labor_force,АРАЛЬСКИЙ РАЙОН,аральский,433200000,Аральский район,normalized_name_and_admin_type,1.0,confirmed
labor_force,АРКАЛЫК Г.А.,аркалык а,391600000,Аркалык Г.А.,normalized_name_and_admin_type,1.0,confirmed
labor_force,АРШАЛЫНСКИЙ РАЙОН,аршалынский,113400000,Аршалынский район,normalized_name_and_admin_type,1.0,confirmed
labor_force,АРЫСЬ Г.А.,арысь а,611600000,Арысь Г.А.,normalized_name_and_admin_type,1.0,confirmed
labor_force,АСТРАХАНСКИЙ РАЙОН,астраханский,113600000,Астраханский район,normalized_name_and_admin_type,1.0,confirmed
labor_force,АТБАСАРСКИЙ РАЙОН,атбасарский,113800000,Атбасарский район,normalized_name_and_admin_type,1.0,confirmed
labor_force,АТЫРАУ Г.А.,атырау а,231000000,Атырау Г.А.,normalized_name_and_admin_type,1.0,confirmed
labor_force,АТЫРАУСКАЯ ОБЛАСТЬ,атырауская,230000000,Атырауская область,normalized_name_and_admin_type,1.0,confirmed
labor_force,АУЛИЕКОЛЬСКИЙ РАЙОН,аулиекольский,393600000,Аулиекольский район,normalized_name_and_admin_type,1.0,confirmed
labor_force,АУЭЗОВСКИЙ РАЙОН,ауэзовский,,,none,0,unmatched
labor_force,АЯГОЗСКИЙ РАЙОН,аягозский,103600000,Аягозский район,normalized_name_and_admin_type,1.0,confirmed
labor_force,БАЙГАНИНСКИЙ РАЙОН,байганинский,153600000,Байганинский район,normalized_name_and_admin_type,1.0,confirmed
labor_force,БАЙЗАКСКИЙ РАЙОН,байзакский,313600000,Байзакский район,normalized_name_and_admin_type,1.0,confirmed
labor_force,БАЙКОНЫР Г.А.,байконыр а,431900000,Байконыр Г.А.,normalized_name_and_admin_type,1.0,confirmed
labor_force,БАЛХАШ Г.А.,балхаш а,351600000,Балхаш Г.А.,normalized_name_and_admin_type,1.0,confirmed
labor_force,БАЛХАШСКИЙ РАЙОН,балхашский,193600000,Балхашский район,normalized_name_and_admin_type,1.0,confirmed
labor_force,БАЯНАУЛЬСКИЙ РАЙОН,баянаульский,553600000,Баянаульский район,normalized_name_and_admin_type,1.0,confirmed
labor_force,БЕЙНЕУСКИЙ РАЙОН,бейнеуский,473600000,Бейнеуский район,normalized_name_and_admin_type,1.0,confirmed
labor_force,БЕСКАРАГАЙСКИЙ РАЙОН,бескарагайский,103800000,Бескарагайский район,normalized_name_and_admin_type,1.0,confirmed
labor_force,БОКЕЙОРДИНСКИЙ РАЙОН,бокейординский,275400000,Бокейординский район,normalized_name_and_admin_type,1.0,confirmed
labor_force,БОРОДУЛИХИНСКИЙ РАЙОН,бородулихинский,104000000,Бородулихинский район,normalized_name_and_admin_type,1.0,confirmed
labor_force,БОСТАНДЫКСКИЙ РАЙОН,бостандыкский,,,none,0,unmatched
labor_force,БУЛАНДЫНСКИЙ РАЙОН,буландынский,114000000,Буландынский район,normalized_name_and_admin_type,1.0,confirmed
labor_force,БУРАБАЙСКИЙ РАЙОН,бурабайский,117000000,Бурабайский район,normalized_name_and_admin_type,1.0,confirmed
labor_force,БУРЛИНСКИЙ РАЙОН,бурлинский,273600000,Бурлинский район,normalized_name_and_admin_type,1.0,confirmed
labor_force,БУХАР-ЖЫРАУСКИЙ РАЙОН,бухар жырауский,354000000,Бухар-Жырауский район,normalized_name_and_admin_type,1.0,confirmed
labor_force,ВОСТОЧНО-КАЗАХСТАНСКАЯ ОБЛАСТЬ,восточно казахстанская,630000000,Восточно-Казахстанская область,normalized_name_and_admin_type,1.0,confirmed
labor_force,Г.АЛМАТЫ,алматы,750000000,г.Алматы,normalized_name_and_admin_type,1.0,confirmed
labor_force,Г.АСТАНА,астана,710000000,г.Астана,normalized_name_and_admin_type,1.0,confirmed
labor_force,Г.ШЫМКЕНТ,шымкент,790000000,г.Шымкент,normalized_name_and_admin_type,1.0,confirmed
labor_force,ГЛУБОКОВСКИЙ РАЙОН,глубоковский,634000000,Глубоковский район,normalized_name_and_admin_type,1.0,confirmed
labor_force,ДЕНИСОВСКИЙ РАЙОН,денисовский,394000000,Денисовский район,normalized_name_and_admin_type,1.0,confirmed
labor_force,ЕГИНДЫКОЛЬСКИЙ РАЙОН,егиндыкольский,114400000,Егиндыкольский район,normalized_name_and_admin_type,1.0,confirmed
labor_force,ЕНБЕКШИКАЗАХСКИЙ РАЙОН,енбекшиказахский,194000000,Енбекшиказахский район,normalized_name_and_admin_type,1.0,confirmed
labor_force,ЕНБЕКШИНСКИЙ РАЙОН,енбекшинский,,,none,0,unmatched
labor_force,ЕРЕЙМЕНТАУСКИЙ РАЙОН,ерейментауский,114600000,Ерейментауский район,normalized_name_and_admin_type,1.0,confirmed
labor_force,ЕСИЛЬСКИЙ РАЙОН,есильский,,,none,0,ambiguous
labor_force,ЕСКЕЛЬДИНСКИЙ РАЙОН,ескельдинский,333600000,Ескельдинский район,normalized_name_and_admin_type,1.0,confirmed
labor_force,ЖАКСЫНСКИЙ РАЙОН,жаксынский,115200000,Жаксынский район,normalized_name_and_admin_type,1.0,confirmed
labor_force,ЖАЛАГАШСКИЙ РАЙОН,жалагашский,433600000,Жалагашский район,normalized_name_and_admin_type,1.0,confirmed
labor_force,ЖАМБЫЛСКАЯ ОБЛАСТЬ,жамбылская,310000000,Жамбылская область,normalized_name_and_admin_type,1.0,confirmed
labor_force,ЖАМБЫЛСКИЙ РАЙОН,жамбылский,,,none,0,ambiguous
labor_force,ЖАНААРКИНСКИЙ РАЙОН,жанааркинский,623600000,Жанааркинский район,normalized_name_and_admin_type,1.0,confirmed
labor_force,ЖАНАКОРГАНСКИЙ РАЙОН,жанакорганский,434000000,Жанакорганский район,normalized_name_and_admin_type,1.0,confirmed
labor_force,ЖАНАОЗЕН Г.А.,жанаозен а,471800000,Жанаозен Г.А.,normalized_name_and_admin_type,1.0,confirmed
labor_force,ЖАНГАЛИНСКИЙ РАЙОН,жангалинский,274000000,Жангалинский район,normalized_name_and_admin_type,1.0,confirmed
labor_force,ЖАНГЕЛЬДИНСКИЙ РАЙОН,жангельдинский,394200000,Жангельдинский район,normalized_name_and_admin_type,1.0,confirmed
labor_force,ЖАНИБЕКСКИЙ РАЙОН,жанибекский,274200000,Жанибекский район,normalized_name_and_admin_type,1.0,confirmed
labor_force,ЖАРКАИНСКИЙ РАЙОН,жаркаинский,115400000,Жаркаинский район,normalized_name_and_admin_type,1.0,confirmed
labor_force,ЖАРМИНСКИЙ РАЙОН,жарминский,104200000,Жарминский район,normalized_name_and_admin_type,1.0,confirmed
labor_force,ЖЕЗКАЗГАН Г.А.,жезказган а,621000000,Жезказган Г.А.,normalized_name_and_admin_type,1.0,confirmed
labor_force,ЖЕЛЕЗИНСКИЙ РАЙОН,железинский,554200000,Железинский район,normalized_name_and_admin_type,1.0,confirmed
labor_force,ЖЕТЫСАЙСКИЙ РАЙОН,жетысайский,613800000,Жетысайский район,normalized_name_and_admin_type,1.0,confirmed
labor_force,ЖЕТЫСУСКИЙ РАЙОН,жетысуский,,,none,0,unmatched
labor_force,ЖИТИКАРИНСКИЙ РАЙОН,житикаринский,394400000,Житикаринский район,normalized_name_and_admin_type,1.0,confirmed
labor_force,ЖУАЛЫНСКИЙ РАЙОН,жуалынский,314200000,Жуалынский район,normalized_name_and_admin_type,1.0,confirmed
labor_force,ЖЫЛЫОЙСКИЙ РАЙОН,жылыойский,233600000,Жылыойский район,normalized_name_and_admin_type,1.0,confirmed
labor_force,ЗАЙСАНСКИЙ РАЙОН,зайсанский,634600000,Зайсанский район,normalized_name_and_admin_type,1.0,confirmed
labor_force,ЗАПАДНО-КАЗАХСТАНСКАЯ ОБЛАСТЬ,западно казахстанская,270000000,Западно-Казахстанская область,normalized_name_and_admin_type,1.0,confirmed
labor_force,ЗЕРЕНДИНСКИЙ РАЙОН,зерендинский,115600000,Зерендинский район,normalized_name_and_admin_type,1.0,confirmed
labor_force,ИЛИЙСКИЙ РАЙОН,илийский,196800000,Илийский район,normalized_name_and_admin_type,1.0,confirmed
labor_force,ИНДЕРСКИЙ РАЙОН,индерский,234000000,Индерский район,normalized_name_and_admin_type,1.0,confirmed
labor_force,ИРГИЗСКИЙ РАЙОН,иргизский,156800000,Иргизский район,normalized_name_and_admin_type,1.0,confirmed
labor_force,ИРТЫШСКИЙ РАЙОН,иртышский,554600000,Иртышский район,normalized_name_and_admin_type,1.0,confirmed
labor_force,ИСАТАЙСКИЙ РАЙОН,исатайский,234200000,Исатайский район,normalized_name_and_admin_type,1.0,confirmed
labor_force,КАЗАЛИНСКИЙ РАЙОН,казалинский,434400000,Казалинский район,normalized_name_and_admin_type,1.0,confirmed
labor_force,КАЗТАЛОВСКИЙ РАЙОН,казталовский,274800000,Казталовский район,normalized_name_and_admin_type,1.0,confirmed
labor_force,КАЗЫГУРТСКИЙ РАЙОН,казыгуртский,614000000,Казыгуртский район,normalized_name_and_admin_type,1.0,confirmed
labor_force,КАМЫСТИНСКИЙ РАЙОН,камыстинский,394800000,Камыстинский район,normalized_name_and_admin_type,1.0,confirmed
labor_force,КАРАБАЛЫКСКИЙ РАЙОН,карабалыкский,395000000,Карабалыкский район,normalized_name_and_admin_type,1.0,confirmed
labor_force,КАРАГАНДА Г.А.,караганда а,351000000,Караганда Г.А.,normalized_name_and_admin_type,1.0,confirmed
labor_force,КАРАГАНДИНСКАЯ ОБЛАСТЬ,карагандинская,350000000,Карагандинская область,normalized_name_and_admin_type,1.0,confirmed
labor_force,КАРАЖАЛ Г.А.,каражал а,621800000,Каражал Г.А.,normalized_name_and_admin_type,1.0,confirmed
labor_force,КАРАКИЯНСКИЙ РАЙОН,каракиянский,474200000,Каракиянский район,normalized_name_and_admin_type,1.0,confirmed
labor_force,КАРАСАЙСКИЙ РАЙОН,карасайский,195200000,Карасайский район,normalized_name_and_admin_type,1.0,confirmed
labor_force,КАРАСУСКИЙ РАЙОН,карасуский,395200000,Карасуский район,normalized_name_and_admin_type,1.0,confirmed
labor_force,КАРАТАЛЬСКИЙ РАЙОН,каратальский,334400000,Каратальский район,normalized_name_and_admin_type,1.0,confirmed
labor_force,КАРАТАУСКИЙ РАЙОН,каратауский,,,none,0,unmatched
labor_force,КАРАТОБИНСКИЙ РАЙОН,каратобинский,275000000,Каратобинский район,normalized_name_and_admin_type,1.0,confirmed
labor_force,КАРГАЛИНСКИЙ РАЙОН,каргалинский,154000000,Каргалинский район,normalized_name_and_admin_type,1.0,confirmed
labor_force,КАРКАРАЛИНСКИЙ РАЙОН,каркаралинский,354800000,Каркаралинский район,normalized_name_and_admin_type,1.0,confirmed
labor_force,КАРМАКШИНСКИЙ РАЙОН,кармакшинский,434600000,Кармакшинский район,normalized_name_and_admin_type,1.0,confirmed
labor_force,КАТОН-КАРАГАЙСКИЙ РАЙОН,катон карагайский,635400000,Катон-Карагайский район,normalized_name_and_admin_type,1.0,confirmed
labor_force,КЕГЕНСКИЙ РАЙОН,кегенский,194400000,Кегенский район,normalized_name_and_admin_type,1.0,confirmed
labor_force,КЕЛЕССКИЙ РАЙОН,келесский,613900000,Келесский район,normalized_name_and_admin_type,1.0,confirmed
labor_force,КЕНТАУ Г.А.,кентау а,612000000,Кентау Г.А.,normalized_name_and_admin_type,1.0,confirmed
labor_force,КЕРБУЛАКСКИЙ РАЙОН,кербулакский,334000000,Кербулакский район,normalized_name_and_admin_type,1.0,confirmed
labor_force,КЗЫЛКОГИНСКИЙ РАЙОН,кзылкогинский,234800000,Кзылкогинский район,normalized_name_and_admin_type,1.0,confirmed
labor_force,КОКПЕКТИНСКИЙ РАЙОН,кокпектинский,104400000,Кокпектинский район,normalized_name_and_admin_type,1.0,confirmed
labor_force,КОКСУСКИЙ РАЙОН,коксуский,334200000,Коксуский район,normalized_name_and_admin_type,1.0,confirmed
labor_force,КОКШЕТАУ Г.А.,кокшетау а,111000000,Кокшетау Г.А.,normalized_name_and_admin_type,1.0,confirmed
labor_force,КОРГАЛЖЫНСКИЙ РАЙОН,коргалжынский,116000000,Коргалжынский район,normalized_name_and_admin_type,1.0,confirmed
labor_force,КОРДАЙСКИЙ РАЙОН,кордайский,314800000,Кордайский район,normalized_name_and_admin_type,1.0,confirmed
labor_force,КОСТАНАЙ Г.А.,костанай а,391000000,Костанай Г.А.,normalized_name_and_admin_type,1.0,confirmed
labor_force,КОСТАНАЙСКАЯ ОБЛАСТЬ,костанайская,390000000,Костанайская область,normalized_name_and_admin_type,1.0,confirmed
labor_force,КОСТАНАЙСКИЙ РАЙОН,костанайский,395400000,Костанайский район,normalized_name_and_admin_type,1.0,confirmed
labor_force,КОСШЫ Г.А.,косшы а,111600000,Косшы Г.А.,normalized_name_and_admin_type,1.0,confirmed
labor_force,КУРМАНГАЗИНСКИЙ РАЙОН,курмангазинский,234600000,Курмангазинский район,normalized_name_and_admin_type,1.0,confirmed
labor_force,КУРЧАТОВ Г.А.,курчатов а,101800000,Курчатов Г.А.,normalized_name_and_admin_type,1.0,confirmed
labor_force,КУРЧУМСКИЙ РАЙОН,курчумский,635200000,Курчумский район,normalized_name_and_admin_type,1.0,confirmed
labor_force,КЫЗЫЛЖАРСКИЙ РАЙОН,кызылжарский,595000000,Кызылжарский район,normalized_name_and_admin_type,1.0,confirmed
labor_force,КЫЗЫЛОРДА Г.А.,кызылорда а,431000000,Кызылорда Г.А.,normalized_name_and_admin_type,1.0,confirmed
labor_force,КЫЗЫЛОРДИНСКАЯ ОБЛАСТЬ,кызылординская,430000000,Кызылординская область,normalized_name_and_admin_type,1.0,confirmed
labor_force,ЛИСАКОВСК Г.А.,лисаковск а,392000000,Лисаковск Г.А.,normalized_name_and_admin_type,1.0,confirmed
labor_force,МАЙСКИЙ РАЙОН,майский,555600000,Майский район,normalized_name_and_admin_type,1.0,confirmed
labor_force,МАКАТСКИЙ РАЙОН,макатский,235200000,Макатский район,normalized_name_and_admin_type,1.0,confirmed
labor_force,МАКТААРАЛЬСКИЙ РАЙОН,мактааральский,614400000,Мактааральский район,normalized_name_and_admin_type,1.0,confirmed
labor_force,МАМЛЮТСКИЙ РАЙОН,мамлютский,595200000,Мамлютский район,normalized_name_and_admin_type,1.0,confirmed
labor_force,МАНГИСТАУСКАЯ ОБЛАСТЬ,мангистауская,470000000,Мангистауская область,normalized_name_and_admin_type,1.0,confirmed
labor_force,МАНГИСТАУСКИЙ РАЙОН,мангистауский,474600000,Мангистауский район,normalized_name_and_admin_type,1.0,confirmed
labor_force,МАРТУКСКИЙ РАЙОН,мартукский,154600000,Мартукский район,normalized_name_and_admin_type,1.0,confirmed
labor_force,МАХАМБЕТСКИЙ РАЙОН,махамбетский,235600000,Махамбетский район,normalized_name_and_admin_type,1.0,confirmed
labor_force,МЕДЕУСКИЙ РАЙОН,медеуский,,,none,0,unmatched
labor_force,МЕНДЫКАРИНСКИЙ РАЙОН,мендыкаринский,395600000,Мендыкаринский район,normalized_name_and_admin_type,1.0,confirmed
labor_force,МЕРКЕНСКИЙ РАЙОН,меркенский,315400000,Меркенский район,normalized_name_and_admin_type,1.0,confirmed
labor_force,МОЙЫНКУМСКИЙ РАЙОН,мойынкумский,315600000,Мойынкумский район,normalized_name_and_admin_type,1.0,confirmed
labor_force,МУГАЛЖАРСКИЙ РАЙОН,мугалжарский,154800000,Мугалжарский район,normalized_name_and_admin_type,1.0,confirmed
labor_force,МУНАЙЛИНСКИЙ РАЙОН,мунайлинский,475000000,Мунайлинский район,normalized_name_and_admin_type,1.0,confirmed
labor_force,НАУРЗУМСКИЙ РАЙОН,наурзумский,395800000,Наурзумский район,normalized_name_and_admin_type,1.0,confirmed
labor_force,НАУРЫЗБАЙСКИЙ РАЙОН,наурызбайский,,,none,0,unmatched
labor_force,НУРИНСКИЙ РАЙОН,нуринский,355200000,Нуринский район,normalized_name_and_admin_type,1.0,confirmed
labor_force,ОБЛАСТЬ АБАЙ,абай,100000000,область Абай,normalized_name_and_admin_type,1.0,confirmed
labor_force,ОБЛАСТЬ ЖЕТІСУ,жетісу,330000000,область Жетісу,normalized_name_and_admin_type,1.0,confirmed
labor_force,ОБЛАСТЬ ҰЛЫТАУ,ұлытау,620000000,область Ұлытау,normalized_name_and_admin_type,1.0,confirmed
labor_force,ОРДАБАСЫНСКИЙ РАЙОН,ордабасынский,614600000,Ордабасынский район,normalized_name_and_admin_type,1.0,confirmed
labor_force,ОСАКАРОВСКИЙ РАЙОН,осакаровский,355600000,Осакаровский район,normalized_name_and_admin_type,1.0,confirmed
labor_force,ОТРАРСКИЙ РАЙОН,отрарский,614800000,Отрарский район,normalized_name_and_admin_type,1.0,confirmed
labor_force,ПАВЛОДАР Г.А.,павлодар а,551000000,Павлодар Г.А.,normalized_name_and_admin_type,1.0,confirmed
labor_force,ПАВЛОДАРСКАЯ ОБЛАСТЬ,павлодарская,550000000,Павлодарская область,normalized_name_and_admin_type,1.0,confirmed
labor_force,ПАВЛОДАРСКИЙ РАЙОН,павлодарский,556000000,Павлодарский район,normalized_name_and_admin_type,1.0,confirmed
labor_force,ПАНФИЛОВСКИЙ РАЙОН,панфиловский,334600000,Панфиловский район,normalized_name_and_admin_type,1.0,confirmed
labor_force,ПЕТРОПАВЛОВСК Г.А.,петропавловск а,591000000,Петропавловск Г.А.,normalized_name_and_admin_type,1.0,confirmed
labor_force,ПРИОЗЕРСК Г.А.,приозерск а,352100000,Приозерск Г.А.,normalized_name_and_admin_type,1.0,confirmed
labor_force,РАЙОН АЛМАТЫ,алматы,,,none,0,unmatched
labor_force,РАЙОН АЛТАЙ,алтай,634800000,район Алтай,normalized_name_and_admin_type,1.0,confirmed
labor_force,РАЙОН АҚСУАТ,ақсуат,103400000,район Ақсуат,normalized_name_and_admin_type,1.0,confirmed
labor_force,РАЙОН АҚҚУЛЫ,аққулы,555200000,район Аққулы,normalized_name_and_admin_type,1.0,confirmed
labor_force,РАЙОН БАЙДИБЕКА,байдибека,613600000,район Байдибека,normalized_name_and_admin_type,1.0,confirmed
labor_force,РАЙОН БАЙҚОҢЫР,байқоңыр,,,none,0,unmatched
labor_force,РАЙОН БЕИМБЕТА МАЙЛИНА,беимбета майлина,396400000,район Беимбета Майлина,normalized_name_and_admin_type,1.0,confirmed
labor_force,РАЙОН БИРЖАН САЛ,биржан сал,114500000,район Биржан сал,normalized_name_and_admin_type,1.0,confirmed
labor_force,РАЙОН БӘЙТЕРЕК,бәйтерек,274400000,район Бәйтерек,normalized_name_and_admin_type,1.0,confirmed
labor_force,РАЙОН ЕСИЛЬ,есиль,,,none,0,unmatched
labor_force,РАЙОН ИМ.ГАБИТА МУСРЕПОВА,им габита мусрепова,596600000,Район им.Габита Мусрепова,normalized_name_and_admin_type,1.0,confirmed
labor_force,РАЙОН МАГЖАНА ЖУМАБАЕВА,магжана жумабаева,593600000,Район Магжана Жумабаева,normalized_name_and_admin_type,1.0,confirmed
labor_force,РАЙОН НҰРА,нұра,,,none,0,unmatched
labor_force,РАЙОН САМАР,самар,635600000,район Самар,normalized_name_and_admin_type,1.0,confirmed
labor_force,РАЙОН САРЫАРКА,сарыарка,,,none,0,unmatched
labor_force,РАЙОН САУРАН,сауран,615500000,район Сауран,normalized_name_and_admin_type,1.0,confirmed
labor_force,РАЙОН ТЕРЕҢКӨЛ,тереңкөл,554800000,район Тереңкөл,normalized_name_and_admin_type,1.0,confirmed
labor_force,РАЙОН ТУРАН,туран,,,none,0,unmatched
labor_force,РАЙОН ТУРАРА РЫСКУЛОВА,турара рыскулова,315000000,район Турара Рыскулова,normalized_name_and_admin_type,1.0,confirmed
labor_force,РАЙОН ШАЛ АКЫНА,шал акына,595600000,Район Шал акына,normalized_name_and_admin_type,1.0,confirmed
labor_force,РАЙЫМБЕКСКИЙ РАЙОН,райымбекский,195800000,Райымбекский район,normalized_name_and_admin_type,1.0,confirmed
labor_force,РЕСПУБЛИКА КАЗАХСТАН,республика казахстан,,,none,0,unmatched
labor_force,РИДДЕР Г.А.,риддер а,632400000,Риддер Г.А.,normalized_name_and_admin_type,1.0,confirmed
labor_force,РУДНЫЙ Г.А.,рудный а,392400000,Рудный Г.А.,normalized_name_and_admin_type,1.0,confirmed
labor_force,САЙРАМСКИЙ РАЙОН,сайрамский,615200000,Сайрамский район,normalized_name_and_admin_type,1.0,confirmed
labor_force,САНДЫКТАУСКИЙ РАЙОН,сандыктауский,116400000,Сандыктауский район,normalized_name_and_admin_type,1.0,confirmed
labor_force,САРАНЬ Г.А.,сарань а,352200000,Сарань Г.А.,normalized_name_and_admin_type,1.0,confirmed
labor_force,САРКАНСКИЙ РАЙОН,сарканский,334800000,Сарканский район,normalized_name_and_admin_type,1.0,confirmed
labor_force,САРЫАГАШСКИЙ РАЙОН,сарыагашский,615400000,Сарыагашский район,normalized_name_and_admin_type,1.0,confirmed
labor_force,САРЫКОЛЬСКИЙ РАЙОН,сарыкольский,396200000,Сарыкольский район,normalized_name_and_admin_type,1.0,confirmed
labor_force,САРЫСУСКИЙ РАЙОН,сарысуский,316000000,Сарысуский район,normalized_name_and_admin_type,1.0,confirmed
labor_force,САТПАЕВ Г.А.,сатпаев а,622000000,Сатпаев Г.А.,normalized_name_and_admin_type,1.0,confirmed
labor_force,СЕВЕРО-КАЗАХСТАНСКАЯ ОБЛАСТЬ,северо казахстанская,590000000,Северо-Казахстанская область,normalized_name_and_admin_type,1.0,confirmed
labor_force,СЕМЕЙ Г.А.,семей а,101000000,Семей Г.А.,normalized_name_and_admin_type,1.0,confirmed
labor_force,СТЕПНОГОРСК Г.А.,степногорск а,111800000,Степногорск Г.А.,normalized_name_and_admin_type,1.0,confirmed
labor_force,СУЗАКСКИЙ РАЙОН,сузакский,615600000,Сузакский район,normalized_name_and_admin_type,1.0,confirmed
labor_force,СЫРДАРЬИНСКИЙ РАЙОН,сырдарьинский,434800000,Сырдарьинский район,normalized_name_and_admin_type,1.0,confirmed
labor_force,СЫРЫМСКИЙ РАЙОН,сырымский,275800000,Сырымский район,normalized_name_and_admin_type,1.0,confirmed
labor_force,ТАЙЫНШИНСКИЙ РАЙОН,тайыншинский,596000000,Тайыншинский район,normalized_name_and_admin_type,1.0,confirmed
labor_force,ТАЛАССКИЙ РАЙОН,таласский,316200000,Таласский район,normalized_name_and_admin_type,1.0,confirmed
labor_force,ТАЛГАРСКИЙ РАЙОН,талгарский,196200000,Талгарский район,normalized_name_and_admin_type,1.0,confirmed
labor_force,ТАЛДЫКОРГАН Г.А.,талдыкорган а,331000000,Талдыкорган Г.А.,normalized_name_and_admin_type,1.0,confirmed
labor_force,ТАРАЗ Г.А.,тараз а,311000000,Тараз Г.А.,normalized_name_and_admin_type,1.0,confirmed
labor_force,ТАРБАГАТАЙСКИЙ РАЙОН,тарбагатайский,635800000,Тарбагатайский район,normalized_name_and_admin_type,1.0,confirmed
labor_force,ТАСКАЛИНСКИЙ РАЙОН,таскалинский,276000000,Таскалинский район,normalized_name_and_admin_type,1.0,confirmed
labor_force,ТЕКЕЛИ Г.А.,текели а,331800000,Текели Г.А.,normalized_name_and_admin_type,1.0,confirmed
labor_force,ТЕМИРСКИЙ РАЙОН,темирский,155600000,Темирский район,normalized_name_and_admin_type,1.0,confirmed
labor_force,ТЕМИРТАУ Г.А.,темиртау а,352400000,Темиртау Г.А.,normalized_name_and_admin_type,1.0,confirmed
labor_force,ТЕРЕКТИНСКИЙ РАЙОН,теректинский,276200000,Теректинский район,normalized_name_and_admin_type,1.0,confirmed
labor_force,ТИМИРЯЗЕВСКИЙ РАЙОН,тимирязевский,596200000,Тимирязевский район,normalized_name_and_admin_type,1.0,confirmed
labor_force,ТОЛЕБИЙСКИЙ РАЙОН,толебийский,615800000,Толебийский район,normalized_name_and_admin_type,1.0,confirmed
labor_force,ТУПКАРАГАНСКИЙ РАЙОН,тупкараганский,475200000,Тупкараганский район,normalized_name_and_admin_type,1.0,confirmed
labor_force,ТУРКЕСТАН Г.А.,туркестан а,611000000,Туркестан Г.А.,normalized_name_and_admin_type,1.0,confirmed
labor_force,ТУРКЕСТАНСКАЯ ОБЛАСТЬ,туркестанская,610000000,Туркестанская область,normalized_name_and_admin_type,1.0,confirmed
labor_force,ТУРКСИБСКИЙ РАЙОН,турксибский,,,none,0,unmatched
labor_force,ТЮЛЬКУБАССКИЙ РАЙОН,тюлькубасский,616000000,Тюлькубасский район,normalized_name_and_admin_type,1.0,confirmed
labor_force,УАЛИХАНОВСКИЙ РАЙОН,уалихановский,596400000,Уалихановский район,normalized_name_and_admin_type,1.0,confirmed
labor_force,УЗУНКОЛЬСКИЙ РАЙОН,узункольский,396600000,Узункольский район,normalized_name_and_admin_type,1.0,confirmed
labor_force,УИЛСКИЙ РАЙОН,уилский,155200000,Уилский район,normalized_name_and_admin_type,1.0,confirmed
labor_force,УЙГУРСКИЙ РАЙОН,уйгурский,196600000,Уйгурский район,normalized_name_and_admin_type,1.0,confirmed
labor_force,УЛАНСКИЙ РАЙОН,уланский,636200000,Уланский район,normalized_name_and_admin_type,1.0,confirmed
labor_force,УЛЫТАУСКИЙ РАЙОН,улытауский,623800000,Улытауский район,normalized_name_and_admin_type,1.0,confirmed
labor_force,УРАЛЬСК Г.А.,уральск а,271000000,Уральск Г.А.,normalized_name_and_admin_type,1.0,confirmed
labor_force,УРДЖАРСКИЙ РАЙОН,урджарский,104600000,Урджарский район,normalized_name_and_admin_type,1.0,confirmed
labor_force,УСПЕНСКИЙ РАЙОН,успенский,556400000,Успенский район,normalized_name_and_admin_type,1.0,confirmed
labor_force,УСТЬ-КАМЕНОГОРСК Г.А.,усть каменогорск а,631000000,Усть-Каменогорск Г.А.,normalized_name_and_admin_type,1.0,confirmed
labor_force,ФЕДОРОВСКИЙ РАЙОН,федоровский,396800000,Федоровский район,normalized_name_and_admin_type,1.0,confirmed
labor_force,ХОБДИНСКИЙ РАЙОН,хобдинский,154200000,Хобдинский район,normalized_name_and_admin_type,1.0,confirmed
labor_force,ХРОМТАУСКИЙ РАЙОН,хромтауский,156000000,Хромтауский район,normalized_name_and_admin_type,1.0,confirmed
labor_force,ЦЕЛИНОГРАДСКИЙ РАЙОН,целиноградский,116600000,Целиноградский район,normalized_name_and_admin_type,1.0,confirmed
labor_force,ЧИНГИРЛАУСКИЙ РАЙОН,чингирлауский,276600000,Чингирлауский район,normalized_name_and_admin_type,1.0,confirmed
labor_force,ШАЛКАРСКИЙ РАЙОН,шалкарский,156400000,Шалкарский район,normalized_name_and_admin_type,1.0,confirmed
labor_force,ШАРДАРИНСКИЙ РАЙОН,шардаринский,616400000,Шардаринский район,normalized_name_and_admin_type,1.0,confirmed
labor_force,ШАХТИНСК Г.А.,шахтинск а,352800000,Шахтинск Г.А.,normalized_name_and_admin_type,1.0,confirmed
labor_force,ШЕМОНАИХИНСКИЙ РАЙОН,шемонаихинский,636800000,Шемонаихинский район,normalized_name_and_admin_type,1.0,confirmed
labor_force,ШЕТСКИЙ РАЙОН,шетский,356400000,Шетский район,normalized_name_and_admin_type,1.0,confirmed
labor_force,ШИЕЛИЙСКИЙ РАЙОН,шиелийский,435200000,Шиелийский район,normalized_name_and_admin_type,1.0,confirmed
labor_force,ШОРТАНДИНСКИЙ РАЙОН,шортандинский,116800000,Шортандинский район,normalized_name_and_admin_type,1.0,confirmed
labor_force,ШУСКИЙ РАЙОН,шуский,316600000,Шуский район,normalized_name_and_admin_type,1.0,confirmed
labor_force,ШЫМКЕНТ Г.А.,шымкент а,,,none,0,unmatched
labor_force,ЩЕРБАКТИНСКИЙ РАЙОН,щербактинский,556800000,Щербактинский район,normalized_name_and_admin_type,1.0,confirmed
labor_force,ЭКИБАСТУЗ Г.А.,экибастуз а,552200000,Экибастуз Г.А.,normalized_name_and_admin_type,1.0,confirmed
labor_force,ЮЖНО-КАЗАХСТАНСКАЯ ОБЛАСТЬ,южно казахстанская,,,none,0,unmatched
labor_force,ҚОНАЕВ Г.А.,қонаев а,191000000,Қонаев Г.А.,normalized_name_and_admin_type,1.0,confirmed
employed,АКМОЛИНСКАЯ ОБЛАСТЬ,акмолинская,110000000,Акмолинская область,normalized_name_and_admin_type,1.0,confirmed
employed,АКТЮБИНСКАЯ ОБЛАСТЬ,актюбинская,150000000,Актюбинская область,normalized_name_and_admin_type,1.0,confirmed
employed,АЛМАТИНСКАЯ ОБЛАСТЬ,алматинская,190000000,Алматинская область,normalized_name_and_admin_type,1.0,confirmed
employed,АТЫРАУСКАЯ ОБЛАСТЬ,атырауская,230000000,Атырауская область,normalized_name_and_admin_type,1.0,confirmed
employed,ВОСТОЧНО-КАЗАХСТАНСКАЯ ОБЛАСТЬ,восточно казахстанская,630000000,Восточно-Казахстанская область,normalized_name_and_admin_type,1.0,confirmed
employed,Г.АЛМАТЫ,алматы,750000000,г.Алматы,normalized_name_and_admin_type,1.0,confirmed
employed,Г.АСТАНА,астана,710000000,г.Астана,normalized_name_and_admin_type,1.0,confirmed
employed,Г.ШЫМКЕНТ,шымкент,790000000,г.Шымкент,normalized_name_and_admin_type,1.0,confirmed
employed,ЖАМБЫЛСКАЯ ОБЛАСТЬ,жамбылская,310000000,Жамбылская область,normalized_name_and_admin_type,1.0,confirmed
employed,ЗАПАДНО-КАЗАХСТАНСКАЯ ОБЛАСТЬ,западно казахстанская,270000000,Западно-Казахстанская область,normalized_name_and_admin_type,1.0,confirmed
employed,КАРАГАНДИНСКАЯ ОБЛАСТЬ,карагандинская,350000000,Карагандинская область,normalized_name_and_admin_type,1.0,confirmed
employed,КОСТАНАЙСКАЯ ОБЛАСТЬ,костанайская,390000000,Костанайская область,normalized_name_and_admin_type,1.0,confirmed
employed,КЫЗЫЛОРДИНСКАЯ ОБЛАСТЬ,кызылординская,430000000,Кызылординская область,normalized_name_and_admin_type,1.0,confirmed
employed,МАНГИСТАУСКАЯ ОБЛАСТЬ,мангистауская,470000000,Мангистауская область,normalized_name_and_admin_type,1.0,confirmed
employed,ОБЛАСТЬ АБАЙ,абай,100000000,область Абай,normalized_name_and_admin_type,1.0,confirmed
employed,ОБЛАСТЬ ЖЕТІСУ,жетісу,330000000,область Жетісу,normalized_name_and_admin_type,1.0,confirmed
employed,ОБЛАСТЬ ҰЛЫТАУ,ұлытау,620000000,область Ұлытау,normalized_name_and_admin_type,1.0,confirmed
employed,ПАВЛОДАРСКАЯ ОБЛАСТЬ,павлодарская,550000000,Павлодарская область,normalized_name_and_admin_type,1.0,confirmed
employed,РЕСПУБЛИКА КАЗАХСТАН,республика казахстан,,,none,0,unmatched
employed,СЕВЕРО-КАЗАХСТАНСКАЯ ОБЛАСТЬ,северо казахстанская,590000000,Северо-Казахстанская область,normalized_name_and_admin_type,1.0,confirmed
employed,ТУРКЕСТАНСКАЯ ОБЛАСТЬ,туркестанская,610000000,Туркестанская область,normalized_name_and_admin_type,1.0,confirmed
unemployed,АКМОЛИНСКАЯ ОБЛАСТЬ,акмолинская,110000000,Акмолинская область,normalized_name_and_admin_type,1.0,confirmed
unemployed,АКТЮБИНСКАЯ ОБЛАСТЬ,актюбинская,150000000,Актюбинская область,normalized_name_and_admin_type,1.0,confirmed
unemployed,АЛМАТИНСКАЯ ОБЛАСТЬ,алматинская,190000000,Алматинская область,normalized_name_and_admin_type,1.0,confirmed
unemployed,АТЫРАУСКАЯ ОБЛАСТЬ,атырауская,230000000,Атырауская область,normalized_name_and_admin_type,1.0,confirmed
unemployed,ВОСТОЧНО-КАЗАХСТАНСКАЯ ОБЛАСТЬ,восточно казахстанская,630000000,Восточно-Казахстанская область,normalized_name_and_admin_type,1.0,confirmed
unemployed,Г.АЛМАТЫ,алматы,750000000,г.Алматы,normalized_name_and_admin_type,1.0,confirmed
unemployed,Г.АСТАНА,астана,710000000,г.Астана,normalized_name_and_admin_type,1.0,confirmed
unemployed,Г.ШЫМКЕНТ,шымкент,790000000,г.Шымкент,normalized_name_and_admin_type,1.0,confirmed
unemployed,ЖАМБЫЛСКАЯ ОБЛАСТЬ,жамбылская,310000000,Жамбылская область,normalized_name_and_admin_type,1.0,confirmed
unemployed,ЗАПАДНО-КАЗАХСТАНСКАЯ ОБЛАСТЬ,западно казахстанская,270000000,Западно-Казахстанская область,normalized_name_and_admin_type,1.0,confirmed
unemployed,КАРАГАНДИНСКАЯ ОБЛАСТЬ,карагандинская,350000000,Карагандинская область,normalized_name_and_admin_type,1.0,confirmed
unemployed,КОСТАНАЙСКАЯ ОБЛАСТЬ,костанайская,390000000,Костанайская область,normalized_name_and_admin_type,1.0,confirmed
unemployed,КЫЗЫЛОРДИНСКАЯ ОБЛАСТЬ,кызылординская,430000000,Кызылординская область,normalized_name_and_admin_type,1.0,confirmed
unemployed,МАНГИСТАУСКАЯ ОБЛАСТЬ,мангистауская,470000000,Мангистауская область,normalized_name_and_admin_type,1.0,confirmed
unemployed,ОБЛАСТЬ АБАЙ,абай,100000000,область Абай,normalized_name_and_admin_type,1.0,confirmed
unemployed,ОБЛАСТЬ ЖЕТІСУ,жетісу,330000000,область Жетісу,normalized_name_and_admin_type,1.0,confirmed
unemployed,ОБЛАСТЬ ҰЛЫТАУ,ұлытау,620000000,область Ұлытау,normalized_name_and_admin_type,1.0,confirmed
unemployed,ПАВЛОДАРСКАЯ ОБЛАСТЬ,павлодарская,550000000,Павлодарская область,normalized_name_and_admin_type,1.0,confirmed
unemployed,РЕСПУБЛИКА КАЗАХСТАН,республика казахстан,,,none,0,unmatched
unemployed,СЕВЕРО-КАЗАХСТАНСКАЯ ОБЛАСТЬ,северо казахстанская,590000000,Северо-Казахстанская область,normalized_name_and_admin_type,1.0,confirmed
unemployed,ТУРКЕСТАНСКАЯ ОБЛАСТЬ,туркестанская,610000000,Туркестанская область,normalized_name_and_admin_type,1.0,confirmed
unemployed,ЮЖНО-КАЗАХСТАНСКАЯ ОБЛАСТЬ,южно казахстанская,,,none,0,unmatched
unemployment_rate,АКМОЛИНСКАЯ ОБЛАСТЬ,акмолинская,110000000,Акмолинская область,normalized_name_and_admin_type,1.0,confirmed
unemployment_rate,АКТЮБИНСКАЯ ОБЛАСТЬ,актюбинская,150000000,Актюбинская область,normalized_name_and_admin_type,1.0,confirmed
unemployment_rate,АЛМАТИНСКАЯ ОБЛАСТЬ,алматинская,190000000,Алматинская область,normalized_name_and_admin_type,1.0,confirmed
unemployment_rate,АТЫРАУСКАЯ ОБЛАСТЬ,атырауская,230000000,Атырауская область,normalized_name_and_admin_type,1.0,confirmed
unemployment_rate,ВОСТОЧНО-КАЗАХСТАНСКАЯ ОБЛАСТЬ,восточно казахстанская,630000000,Восточно-Казахстанская область,normalized_name_and_admin_type,1.0,confirmed
unemployment_rate,Г.АЛМАТЫ,алматы,750000000,г.Алматы,normalized_name_and_admin_type,1.0,confirmed
unemployment_rate,Г.АСТАНА,астана,710000000,г.Астана,normalized_name_and_admin_type,1.0,confirmed
unemployment_rate,Г.ШЫМКЕНТ,шымкент,790000000,г.Шымкент,normalized_name_and_admin_type,1.0,confirmed
unemployment_rate,ЖАМБЫЛСКАЯ ОБЛАСТЬ,жамбылская,310000000,Жамбылская область,normalized_name_and_admin_type,1.0,confirmed
unemployment_rate,ЗАПАДНО-КАЗАХСТАНСКАЯ ОБЛАСТЬ,западно казахстанская,270000000,Западно-Казахстанская область,normalized_name_and_admin_type,1.0,confirmed
unemployment_rate,КАРАГАНДИНСКАЯ ОБЛАСТЬ,карагандинская,350000000,Карагандинская область,normalized_name_and_admin_type,1.0,confirmed
unemployment_rate,КОСТАНАЙСКАЯ ОБЛАСТЬ,костанайская,390000000,Костанайская область,normalized_name_and_admin_type,1.0,confirmed
unemployment_rate,КЫЗЫЛОРДИНСКАЯ ОБЛАСТЬ,кызылординская,430000000,Кызылординская область,normalized_name_and_admin_type,1.0,confirmed
unemployment_rate,МАНГИСТАУСКАЯ ОБЛАСТЬ,мангистауская,470000000,Мангистауская область,normalized_name_and_admin_type,1.0,confirmed
unemployment_rate,ОБЛАСТЬ АБАЙ,абай,100000000,область Абай,normalized_name_and_admin_type,1.0,confirmed
unemployment_rate,ОБЛАСТЬ ЖЕТІСУ,жетісу,330000000,область Жетісу,normalized_name_and_admin_type,1.0,confirmed
unemployment_rate,ОБЛАСТЬ ҰЛЫТАУ,ұлытау,620000000,область Ұлытау,normalized_name_and_admin_type,1.0,confirmed
unemployment_rate,ПАВЛОДАРСКАЯ ОБЛАСТЬ,павлодарская,550000000,Павлодарская область,normalized_name_and_admin_type,1.0,confirmed
unemployment_rate,РЕСПУБЛИКА КАЗАХСТАН,республика казахстан,,,none,0,unmatched
unemployment_rate,СЕВЕРО-КАЗАХСТАНСКАЯ ОБЛАСТЬ,северо казахстанская,590000000,Северо-Казахстанская область,normalized_name_and_admin_type,1.0,confirmed
unemployment_rate,ТУРКЕСТАНСКАЯ ОБЛАСТЬ,туркестанская,610000000,Туркестанская область,normalized_name_and_admin_type,1.0,confirmed
nominal_income_per_capita,АКМОЛИНСКАЯ ОБЛАСТЬ,акмолинская,110000000,Акмолинская область,normalized_name_and_admin_type,1.0,confirmed
nominal_income_per_capita,АКТЮБИНСКАЯ ОБЛАСТЬ,актюбинская,150000000,Актюбинская область,normalized_name_and_admin_type,1.0,confirmed
nominal_income_per_capita,АЛМАТИНСКАЯ ОБЛАСТЬ,алматинская,190000000,Алматинская область,normalized_name_and_admin_type,1.0,confirmed
nominal_income_per_capita,АТЫРАУСКАЯ ОБЛАСТЬ,атырауская,230000000,Атырауская область,normalized_name_and_admin_type,1.0,confirmed
nominal_income_per_capita,ВОСТОЧНО-КАЗАХСТАНСКАЯ ОБЛАСТЬ,восточно казахстанская,630000000,Восточно-Казахстанская область,normalized_name_and_admin_type,1.0,confirmed
nominal_income_per_capita,Г.АЛМАТЫ,алматы,750000000,г.Алматы,normalized_name_and_admin_type,1.0,confirmed
nominal_income_per_capita,Г.АСТАНА,астана,710000000,г.Астана,normalized_name_and_admin_type,1.0,confirmed
nominal_income_per_capita,Г.ШЫМКЕНТ,шымкент,790000000,г.Шымкент,normalized_name_and_admin_type,1.0,confirmed
nominal_income_per_capita,ЖАМБЫЛСКАЯ ОБЛАСТЬ,жамбылская,310000000,Жамбылская область,normalized_name_and_admin_type,1.0,confirmed
nominal_income_per_capita,ЗАПАДНО-КАЗАХСТАНСКАЯ ОБЛАСТЬ,западно казахстанская,270000000,Западно-Казахстанская область,normalized_name_and_admin_type,1.0,confirmed
nominal_income_per_capita,КАРАГАНДИНСКАЯ ОБЛАСТЬ,карагандинская,350000000,Карагандинская область,normalized_name_and_admin_type,1.0,confirmed
nominal_income_per_capita,КОСТАНАЙСКАЯ ОБЛАСТЬ,костанайская,390000000,Костанайская область,normalized_name_and_admin_type,1.0,confirmed
nominal_income_per_capita,КЫЗЫЛОРДИНСКАЯ ОБЛАСТЬ,кызылординская,430000000,Кызылординская область,normalized_name_and_admin_type,1.0,confirmed
nominal_income_per_capita,МАНГИСТАУСКАЯ ОБЛАСТЬ,мангистауская,470000000,Мангистауская область,normalized_name_and_admin_type,1.0,confirmed
nominal_income_per_capita,ОБЛАСТЬ АБАЙ,абай,100000000,область Абай,normalized_name_and_admin_type,1.0,confirmed
nominal_income_per_capita,ОБЛАСТЬ ЖЕТІСУ,жетісу,330000000,область Жетісу,normalized_name_and_admin_type,1.0,confirmed
nominal_income_per_capita,ОБЛАСТЬ ҰЛЫТАУ,ұлытау,620000000,область Ұлытау,normalized_name_and_admin_type,1.0,confirmed
nominal_income_per_capita,ПАВЛОДАРСКАЯ ОБЛАСТЬ,павлодарская,550000000,Павлодарская область,normalized_name_and_admin_type,1.0,confirmed
nominal_income_per_capita,РЕСПУБЛИКА КАЗАХСТАН,республика казахстан,,,none,0,unmatched
nominal_income_per_capita,СЕВЕРО-КАЗАХСТАНСКАЯ ОБЛАСТЬ,северо казахстанская,590000000,Северо-Казахстанская область,normalized_name_and_admin_type,1.0,confirmed
nominal_income_per_capita,ТУРКЕСТАНСКАЯ ОБЛАСТЬ,туркестанская,610000000,Туркестанская область,normalized_name_and_admin_type,1.0,confirmed
nominal_income_per_capita,ЮЖНО-КАЗАХСТАНСКАЯ ОБЛАСТЬ,южно казахстанская,,,none,0,unmatched
grp,АКМОЛИНСКАЯ ОБЛАСТЬ,акмолинская,110000000,Акмолинская область,normalized_name_and_admin_type,1.0,confirmed
grp,АКТЮБИНСКАЯ ОБЛАСТЬ,актюбинская,150000000,Актюбинская область,normalized_name_and_admin_type,1.0,confirmed
grp,АЛМАТИНСКАЯ ОБЛАСТЬ,алматинская,190000000,Алматинская область,normalized_name_and_admin_type,1.0,confirmed
grp,АТЫРАУСКАЯ ОБЛАСТЬ,атырауская,230000000,Атырауская область,normalized_name_and_admin_type,1.0,confirmed
grp,ВОСТОЧНО-КАЗАХСТАНСКАЯ ОБЛАСТЬ,восточно казахстанская,630000000,Восточно-Казахстанская область,normalized_name_and_admin_type,1.0,confirmed
grp,Г.АЛМАТЫ,алматы,750000000,г.Алматы,normalized_name_and_admin_type,1.0,confirmed
grp,Г.АСТАНА,астана,710000000,г.Астана,normalized_name_and_admin_type,1.0,confirmed
grp,Г.ШЫМКЕНТ,шымкент,790000000,г.Шымкент,normalized_name_and_admin_type,1.0,confirmed
grp,ЖАМБЫЛСКАЯ ОБЛАСТЬ,жамбылская,310000000,Жамбылская область,normalized_name_and_admin_type,1.0,confirmed
grp,ЗАПАДНО-КАЗАХСТАНСКАЯ ОБЛАСТЬ,западно казахстанская,270000000,Западно-Казахстанская область,normalized_name_and_admin_type,1.0,confirmed
grp,КАРАГАНДИНСКАЯ ОБЛАСТЬ,карагандинская,350000000,Карагандинская область,normalized_name_and_admin_type,1.0,confirmed
grp,КОСТАНАЙСКАЯ ОБЛАСТЬ,костанайская,390000000,Костанайская область,normalized_name_and_admin_type,1.0,confirmed
grp,КЫЗЫЛОРДИНСКАЯ ОБЛАСТЬ,кызылординская,430000000,Кызылординская область,normalized_name_and_admin_type,1.0,confirmed
grp,МАНГИСТАУСКАЯ ОБЛАСТЬ,мангистауская,470000000,Мангистауская область,normalized_name_and_admin_type,1.0,confirmed
grp,ОБЛАСТЬ АБАЙ,абай,100000000,область Абай,normalized_name_and_admin_type,1.0,confirmed
grp,ОБЛАСТЬ ЖЕТІСУ,жетісу,330000000,область Жетісу,normalized_name_and_admin_type,1.0,confirmed
grp,ОБЛАСТЬ ҰЛЫТАУ,ұлытау,620000000,область Ұлытау,normalized_name_and_admin_type,1.0,confirmed
grp,ПАВЛОДАРСКАЯ ОБЛАСТЬ,павлодарская,550000000,Павлодарская область,normalized_name_and_admin_type,1.0,confirmed
grp,РЕСПУБЛИКА КАЗАХСТАН,республика казахстан,,,none,0,unmatched
grp,СЕВЕРО-КАЗАХСТАНСКАЯ ОБЛАСТЬ,северо казахстанская,590000000,Северо-Казахстанская область,normalized_name_and_admin_type,1.0,confirmed
grp,ТУРКЕСТАНСКАЯ ОБЛАСТЬ,туркестанская,610000000,Туркестанская область,normalized_name_and_admin_type,1.0,confirmed
grp,ЮЖНО-КАЗАХСТАНСКАЯ ОБЛАСТЬ,южно казахстанская,,,none,0,unmatched
grp_per_capita,АКМОЛИНСКАЯ ОБЛАСТЬ,акмолинская,110000000,Акмолинская область,normalized_name_and_admin_type,1.0,confirmed
grp_per_capita,АКТЮБИНСКАЯ ОБЛАСТЬ,актюбинская,150000000,Актюбинская область,normalized_name_and_admin_type,1.0,confirmed
grp_per_capita,АЛМАТИНСКАЯ ОБЛАСТЬ,алматинская,190000000,Алматинская область,normalized_name_and_admin_type,1.0,confirmed
grp_per_capita,АТЫРАУСКАЯ ОБЛАСТЬ,атырауская,230000000,Атырауская область,normalized_name_and_admin_type,1.0,confirmed
grp_per_capita,ВОСТОЧНО-КАЗАХСТАНСКАЯ ОБЛАСТЬ,восточно казахстанская,630000000,Восточно-Казахстанская область,normalized_name_and_admin_type,1.0,confirmed
grp_per_capita,Г.АЛМАТЫ,алматы,750000000,г.Алматы,normalized_name_and_admin_type,1.0,confirmed
grp_per_capita,Г.АСТАНА,астана,710000000,г.Астана,normalized_name_and_admin_type,1.0,confirmed
grp_per_capita,Г.ШЫМКЕНТ,шымкент,790000000,г.Шымкент,normalized_name_and_admin_type,1.0,confirmed
grp_per_capita,ЖАМБЫЛСКАЯ ОБЛАСТЬ,жамбылская,310000000,Жамбылская область,normalized_name_and_admin_type,1.0,confirmed
grp_per_capita,ЗАПАДНО-КАЗАХСТАНСКАЯ ОБЛАСТЬ,западно казахстанская,270000000,Западно-Казахстанская область,normalized_name_and_admin_type,1.0,confirmed
grp_per_capita,КАРАГАНДИНСКАЯ ОБЛАСТЬ,карагандинская,350000000,Карагандинская область,normalized_name_and_admin_type,1.0,confirmed
grp_per_capita,КОСТАНАЙСКАЯ ОБЛАСТЬ,костанайская,390000000,Костанайская область,normalized_name_and_admin_type,1.0,confirmed
grp_per_capita,КЫЗЫЛОРДИНСКАЯ ОБЛАСТЬ,кызылординская,430000000,Кызылординская область,normalized_name_and_admin_type,1.0,confirmed
grp_per_capita,МАНГИСТАУСКАЯ ОБЛАСТЬ,мангистауская,470000000,Мангистауская область,normalized_name_and_admin_type,1.0,confirmed
grp_per_capita,ОБЛАСТЬ АБАЙ,абай,100000000,область Абай,normalized_name_and_admin_type,1.0,confirmed
grp_per_capita,ОБЛАСТЬ ЖЕТІСУ,жетісу,330000000,область Жетісу,normalized_name_and_admin_type,1.0,confirmed
grp_per_capita,ОБЛАСТЬ ҰЛЫТАУ,ұлытау,620000000,область Ұлытау,normalized_name_and_admin_type,1.0,confirmed
grp_per_capita,ПАВЛОДАРСКАЯ ОБЛАСТЬ,павлодарская,550000000,Павлодарская область,normalized_name_and_admin_type,1.0,confirmed
grp_per_capita,РЕСПУБЛИКА КАЗАХСТАН,республика казахстан,,,none,0,unmatched
grp_per_capita,СЕВЕРО-КАЗАХСТАНСКАЯ ОБЛАСТЬ,северо казахстанская,590000000,Северо-Казахстанская область,normalized_name_and_admin_type,1.0,confirmed
grp_per_capita,ТУРКЕСТАНСКАЯ ОБЛАСТЬ,туркестанская,610000000,Туркестанская область,normalized_name_and_admin_type,1.0,confirmed
grp_per_capita,ЮЖНО-КАЗАХСТАНСКАЯ ОБЛАСТЬ,южно казахстанская,,,none,0,unmatched
grp_volume_index,АКМОЛИНСКАЯ ОБЛАСТЬ,акмолинская,110000000,Акмолинская область,normalized_name_and_admin_type,1.0,confirmed
grp_volume_index,АКТЮБИНСКАЯ ОБЛАСТЬ,актюбинская,150000000,Актюбинская область,normalized_name_and_admin_type,1.0,confirmed
grp_volume_index,АЛМАТИНСКАЯ ОБЛАСТЬ,алматинская,190000000,Алматинская область,normalized_name_and_admin_type,1.0,confirmed
grp_volume_index,АТЫРАУСКАЯ ОБЛАСТЬ,атырауская,230000000,Атырауская область,normalized_name_and_admin_type,1.0,confirmed
grp_volume_index,ВОСТОЧНО-КАЗАХСТАНСКАЯ ОБЛАСТЬ,восточно казахстанская,630000000,Восточно-Казахстанская область,normalized_name_and_admin_type,1.0,confirmed
grp_volume_index,Г.АЛМАТЫ,алматы,750000000,г.Алматы,normalized_name_and_admin_type,1.0,confirmed
grp_volume_index,Г.АСТАНА,астана,710000000,г.Астана,normalized_name_and_admin_type,1.0,confirmed
grp_volume_index,Г.ШЫМКЕНТ,шымкент,790000000,г.Шымкент,normalized_name_and_admin_type,1.0,confirmed
grp_volume_index,ЖАМБЫЛСКАЯ ОБЛАСТЬ,жамбылская,310000000,Жамбылская область,normalized_name_and_admin_type,1.0,confirmed
grp_volume_index,ЗАПАДНО-КАЗАХСТАНСКАЯ ОБЛАСТЬ,западно казахстанская,270000000,Западно-Казахстанская область,normalized_name_and_admin_type,1.0,confirmed
grp_volume_index,КАРАГАНДИНСКАЯ ОБЛАСТЬ,карагандинская,350000000,Карагандинская область,normalized_name_and_admin_type,1.0,confirmed
grp_volume_index,КОСТАНАЙСКАЯ ОБЛАСТЬ,костанайская,390000000,Костанайская область,normalized_name_and_admin_type,1.0,confirmed
grp_volume_index,КЫЗЫЛОРДИНСКАЯ ОБЛАСТЬ,кызылординская,430000000,Кызылординская область,normalized_name_and_admin_type,1.0,confirmed
grp_volume_index,МАНГИСТАУСКАЯ ОБЛАСТЬ,мангистауская,470000000,Мангистауская область,normalized_name_and_admin_type,1.0,confirmed
grp_volume_index,ОБЛАСТЬ АБАЙ,абай,100000000,область Абай,normalized_name_and_admin_type,1.0,confirmed
grp_volume_index,ОБЛАСТЬ ЖЕТІСУ,жетісу,330000000,область Жетісу,normalized_name_and_admin_type,1.0,confirmed
grp_volume_index,ОБЛАСТЬ ҰЛЫТАУ,ұлытау,620000000,область Ұлытау,normalized_name_and_admin_type,1.0,confirmed
grp_volume_index,ПАВЛОДАРСКАЯ ОБЛАСТЬ,павлодарская,550000000,Павлодарская область,normalized_name_and_admin_type,1.0,confirmed
grp_volume_index,РЕСПУБЛИКА КАЗАХСТАН,республика казахстан,,,none,0,unmatched
grp_volume_index,СЕВЕРО-КАЗАХСТАНСКАЯ ОБЛАСТЬ,северо казахстанская,590000000,Северо-Казахстанская область,normalized_name_and_admin_type,1.0,confirmed
grp_volume_index,ТУРКЕСТАНСКАЯ ОБЛАСТЬ,туркестанская,610000000,Туркестанская область,normalized_name_and_admin_type,1.0,confirmed
grp_volume_index,ЮЖНО-КАЗАХСТАНСКАЯ ОБЛАСТЬ,южно казахстанская,,,none,0,unmatched
industrial_output,АБАЙСКИЙ РАЙОН,абайский,,,none,0,ambiguous
industrial_output,АЙТЕКЕБИЙСКИЙ РАЙОН,айтекебийский,153400000,Айтекебийский район,normalized_name_and_admin_type,1.0,confirmed
industrial_output,АЙЫРТАУСКИЙ РАЙОН,айыртауский,593200000,Айыртауский район,normalized_name_and_admin_type,1.0,confirmed
industrial_output,АКЖАИКСКИЙ РАЙОН,акжаикский,273200000,Акжаикский район,normalized_name_and_admin_type,1.0,confirmed
industrial_output,АКЖАРСКИЙ РАЙОН,акжарский,593400000,Акжарский район,normalized_name_and_admin_type,1.0,confirmed
industrial_output,АККАЙЫНСКИЙ РАЙОН,аккайынский,595800000,Аккайынский район,normalized_name_and_admin_type,1.0,confirmed
industrial_output,АККОЛЬСКИЙ РАЙОН,аккольский,113200000,Аккольский район,normalized_name_and_admin_type,1.0,confirmed
industrial_output,АКМОЛИНСКАЯ ОБЛАСТЬ,акмолинская,110000000,Акмолинская область,normalized_name_and_admin_type,1.0,confirmed
industrial_output,АКСУ Г.А.,аксу а,551600000,Аксу Г.А.,normalized_name_and_admin_type,1.0,confirmed
industrial_output,АКСУСКИЙ РАЙОН,аксуский,333200000,Аксуский район,normalized_name_and_admin_type,1.0,confirmed
industrial_output,АКТАУ Г.А.,актау а,471000000,Актау Г.А.,normalized_name_and_admin_type,1.0,confirmed
industrial_output,АКТОБЕ Г.А.,актобе а,151000000,Актобе Г.А.,normalized_name_and_admin_type,1.0,confirmed
industrial_output,АКТОГАЙСКИЙ РАЙОН,актогайский,,,none,0,ambiguous
industrial_output,АКТЮБИНСКАЯ ОБЛАСТЬ,актюбинская,150000000,Актюбинская область,normalized_name_and_admin_type,1.0,confirmed
industrial_output,АЛАКОЛЬСКИЙ РАЙОН,алакольский,333400000,Алакольский район,normalized_name_and_admin_type,1.0,confirmed
industrial_output,АЛАТАУСКИЙ РАЙОН,алатауский,,,none,0,unmatched
industrial_output,АЛГИНСКИЙ РАЙОН,алгинский,153200000,Алгинский район,normalized_name_and_admin_type,1.0,confirmed
industrial_output,АЛМАЛИНСКИЙ РАЙОН,алмалинский,,,none,0,unmatched
industrial_output,АЛМАТИНСКАЯ ОБЛАСТЬ,алматинская,190000000,Алматинская область,normalized_name_and_admin_type,1.0,confirmed
industrial_output,АЛТЫНСАРИНСКИЙ РАЙОН,алтынсаринский,393200000,Алтынсаринский район,normalized_name_and_admin_type,1.0,confirmed
industrial_output,АЛЬ-ФАРАБИЙСКИЙ РАЙОН,аль фарабийский,,,none,0,unmatched
industrial_output,АМАНГЕЛЬДИНСКИЙ РАЙОН,амангельдинский,393400000,Амангельдинский район,normalized_name_and_admin_type,1.0,confirmed
industrial_output,АРАЛЬСКИЙ РАЙОН,аральский,433200000,Аральский район,normalized_name_and_admin_type,1.0,confirmed
industrial_output,АРКАЛЫК Г.А.,аркалык а,391600000,Аркалык Г.А.,normalized_name_and_admin_type,1.0,confirmed
industrial_output,АРШАЛЫНСКИЙ РАЙОН,аршалынский,113400000,Аршалынский район,normalized_name_and_admin_type,1.0,confirmed
industrial_output,АРЫСЬ Г.А.,арысь а,611600000,Арысь Г.А.,normalized_name_and_admin_type,1.0,confirmed
industrial_output,АСТРАХАНСКИЙ РАЙОН,астраханский,113600000,Астраханский район,normalized_name_and_admin_type,1.0,confirmed
industrial_output,АТБАСАРСКИЙ РАЙОН,атбасарский,113800000,Атбасарский район,normalized_name_and_admin_type,1.0,confirmed
industrial_output,АТЫРАУ Г.А.,атырау а,231000000,Атырау Г.А.,normalized_name_and_admin_type,1.0,confirmed
industrial_output,АТЫРАУСКАЯ ОБЛАСТЬ,атырауская,230000000,Атырауская область,normalized_name_and_admin_type,1.0,confirmed
industrial_output,АУЛИЕКОЛЬСКИЙ РАЙОН,аулиекольский,393600000,Аулиекольский район,normalized_name_and_admin_type,1.0,confirmed
industrial_output,АУЭЗОВСКИЙ РАЙОН,ауэзовский,,,none,0,unmatched
industrial_output,АЯГОЗ Г.А.,аягоз а,,,none,0,unmatched
industrial_output,АЯГОЗСКИЙ РАЙОН,аягозский,103600000,Аягозский район,normalized_name_and_admin_type,1.0,confirmed
industrial_output,БАЙГАНИНСКИЙ РАЙОН,байганинский,153600000,Байганинский район,normalized_name_and_admin_type,1.0,confirmed
industrial_output,БАЙЗАКСКИЙ РАЙОН,байзакский,313600000,Байзакский район,normalized_name_and_admin_type,1.0,confirmed
industrial_output,БАЙКОНЫР Г.А.,байконыр а,431900000,Байконыр Г.А.,normalized_name_and_admin_type,1.0,confirmed
industrial_output,БАЛХАШ Г.А.,балхаш а,351600000,Балхаш Г.А.,normalized_name_and_admin_type,1.0,confirmed
industrial_output,БАЛХАШСКИЙ РАЙОН,балхашский,193600000,Балхашский район,normalized_name_and_admin_type,1.0,confirmed
industrial_output,БАЯНАУЛЬСКИЙ РАЙОН,баянаульский,553600000,Баянаульский район,normalized_name_and_admin_type,1.0,confirmed
industrial_output,БЕЙНЕУСКИЙ РАЙОН,бейнеуский,473600000,Бейнеуский район,normalized_name_and_admin_type,1.0,confirmed
industrial_output,БЕСКАРАГАЙСКИЙ РАЙОН,бескарагайский,103800000,Бескарагайский район,normalized_name_and_admin_type,1.0,confirmed
industrial_output,БОКЕЙОРДИНСКИЙ РАЙОН,бокейординский,275400000,Бокейординский район,normalized_name_and_admin_type,1.0,confirmed
industrial_output,БОРОДУЛИХИНСКИЙ РАЙОН,бородулихинский,104000000,Бородулихинский район,normalized_name_and_admin_type,1.0,confirmed
industrial_output,БОСТАНДЫКСКИЙ РАЙОН,бостандыкский,,,none,0,unmatched
industrial_output,БУЛАНДЫНСКИЙ РАЙОН,буландынский,114000000,Буландынский район,normalized_name_and_admin_type,1.0,confirmed
industrial_output,БУРАБАЙСКИЙ РАЙОН,бурабайский,117000000,Бурабайский район,normalized_name_and_admin_type,1.0,confirmed
industrial_output,БУРЛИНСКИЙ РАЙОН,бурлинский,273600000,Бурлинский район,normalized_name_and_admin_type,1.0,confirmed
industrial_output,БУХАР-ЖЫРАУСКИЙ РАЙОН,бухар жырауский,354000000,Бухар-Жырауский район,normalized_name_and_admin_type,1.0,confirmed
industrial_output,ВОСТОЧНО-КАЗАХСТАНСКАЯ ОБЛАСТЬ,восточно казахстанская,630000000,Восточно-Казахстанская область,normalized_name_and_admin_type,1.0,confirmed
industrial_output,Г.А.АЛТАЙ,а алтай,,,none,0,unmatched
industrial_output,Г.АЛМАТЫ,алматы,750000000,г.Алматы,normalized_name_and_admin_type,1.0,confirmed
industrial_output,Г.АСТАНА,астана,710000000,г.Астана,normalized_name_and_admin_type,1.0,confirmed
industrial_output,Г.ШЫМКЕНТ,шымкент,790000000,г.Шымкент,normalized_name_and_admin_type,1.0,confirmed
industrial_output,ГЛУБОКОВСКИЙ РАЙОН,глубоковский,634000000,Глубоковский район,normalized_name_and_admin_type,1.0,confirmed
industrial_output,ДЕНИСОВСКИЙ РАЙОН,денисовский,394000000,Денисовский район,normalized_name_and_admin_type,1.0,confirmed
industrial_output,ЕГИНДЫКОЛЬСКИЙ РАЙОН,егиндыкольский,114400000,Егиндыкольский район,normalized_name_and_admin_type,1.0,confirmed
industrial_output,ЕНБЕКШИКАЗАХСКИЙ РАЙОН,енбекшиказахский,194000000,Енбекшиказахский район,normalized_name_and_admin_type,1.0,confirmed
industrial_output,ЕНБЕКШИНСКИЙ РАЙОН,енбекшинский,,,none,0,unmatched
industrial_output,ЕРЕЙМЕНТАУСКИЙ РАЙОН,ерейментауский,114600000,Ерейментауский район,normalized_name_and_admin_type,1.0,confirmed
industrial_output,ЕСИЛЬСКИЙ РАЙОН,есильский,,,none,0,ambiguous
industrial_output,ЕСКЕЛЬДИНСКИЙ РАЙОН,ескельдинский,333600000,Ескельдинский район,normalized_name_and_admin_type,1.0,confirmed
industrial_output,ЖАКСЫНСКИЙ РАЙОН,жаксынский,115200000,Жаксынский район,normalized_name_and_admin_type,1.0,confirmed
industrial_output,ЖАЛАГАШСКИЙ РАЙОН,жалагашский,433600000,Жалагашский район,normalized_name_and_admin_type,1.0,confirmed
industrial_output,ЖАМБЫЛСКАЯ ОБЛАСТЬ,жамбылская,310000000,Жамбылская область,normalized_name_and_admin_type,1.0,confirmed
industrial_output,ЖАМБЫЛСКИЙ РАЙОН,жамбылский,,,none,0,ambiguous
industrial_output,ЖАНААРКИНСКИЙ РАЙОН,жанааркинский,623600000,Жанааркинский район,normalized_name_and_admin_type,1.0,confirmed
industrial_output,ЖАНАКОРГАНСКИЙ РАЙОН,жанакорганский,434000000,Жанакорганский район,normalized_name_and_admin_type,1.0,confirmed
industrial_output,ЖАНАОЗЕН Г.А.,жанаозен а,471800000,Жанаозен Г.А.,normalized_name_and_admin_type,1.0,confirmed
industrial_output,ЖАНГАЛИНСКИЙ РАЙОН,жангалинский,274000000,Жангалинский район,normalized_name_and_admin_type,1.0,confirmed
industrial_output,ЖАНГЕЛЬДИНСКИЙ РАЙОН,жангельдинский,394200000,Жангельдинский район,normalized_name_and_admin_type,1.0,confirmed
industrial_output,ЖАНИБЕКСКИЙ РАЙОН,жанибекский,274200000,Жанибекский район,normalized_name_and_admin_type,1.0,confirmed
industrial_output,ЖАРКАИНСКИЙ РАЙОН,жаркаинский,115400000,Жаркаинский район,normalized_name_and_admin_type,1.0,confirmed
industrial_output,ЖАРМИНСКИЙ РАЙОН,жарминский,104200000,Жарминский район,normalized_name_and_admin_type,1.0,confirmed
industrial_output,ЖЕЗКАЗГАН Г.А.,жезказган а,621000000,Жезказган Г.А.,normalized_name_and_admin_type,1.0,confirmed
industrial_output,ЖЕЛЕЗИНСКИЙ РАЙОН,железинский,554200000,Железинский район,normalized_name_and_admin_type,1.0,confirmed
industrial_output,ЖЕТЫСАЙСКИЙ РАЙОН,жетысайский,613800000,Жетысайский район,normalized_name_and_admin_type,1.0,confirmed
industrial_output,ЖЕТЫСУСКИЙ РАЙОН,жетысуский,,,none,0,unmatched
industrial_output,ЖИТИКАРИНСКИЙ РАЙОН,житикаринский,394400000,Житикаринский район,normalized_name_and_admin_type,1.0,confirmed
industrial_output,ЖУАЛЫНСКИЙ РАЙОН,жуалынский,314200000,Жуалынский район,normalized_name_and_admin_type,1.0,confirmed
industrial_output,ЖЫЛЫОЙСКИЙ РАЙОН,жылыойский,233600000,Жылыойский район,normalized_name_and_admin_type,1.0,confirmed
industrial_output,ЗАЙСАНСКИЙ РАЙОН,зайсанский,634600000,Зайсанский район,normalized_name_and_admin_type,1.0,confirmed
industrial_output,ЗАПАДНО-КАЗАХСТАНСКАЯ ОБЛАСТЬ,западно казахстанская,270000000,Западно-Казахстанская область,normalized_name_and_admin_type,1.0,confirmed
industrial_output,ЗЕРЕНДИНСКИЙ РАЙОН,зерендинский,115600000,Зерендинский район,normalized_name_and_admin_type,1.0,confirmed
industrial_output,ИЛИЙСКИЙ РАЙОН,илийский,196800000,Илийский район,normalized_name_and_admin_type,1.0,confirmed
industrial_output,ИНДЕРСКИЙ РАЙОН,индерский,234000000,Индерский район,normalized_name_and_admin_type,1.0,confirmed
industrial_output,ИРГИЗСКИЙ РАЙОН,иргизский,156800000,Иргизский район,normalized_name_and_admin_type,1.0,confirmed
industrial_output,ИРТЫШСКИЙ РАЙОН,иртышский,554600000,Иртышский район,normalized_name_and_admin_type,1.0,confirmed
industrial_output,ИСАТАЙСКИЙ РАЙОН,исатайский,234200000,Исатайский район,normalized_name_and_admin_type,1.0,confirmed
industrial_output,КАЗАЛИНСКИЙ РАЙОН,казалинский,434400000,Казалинский район,normalized_name_and_admin_type,1.0,confirmed
industrial_output,КАЗТАЛОВСКИЙ РАЙОН,казталовский,274800000,Казталовский район,normalized_name_and_admin_type,1.0,confirmed
industrial_output,КАЗЫГУРТСКИЙ РАЙОН,казыгуртский,614000000,Казыгуртский район,normalized_name_and_admin_type,1.0,confirmed
industrial_output,КАМЫСТИНСКИЙ РАЙОН,камыстинский,394800000,Камыстинский район,normalized_name_and_admin_type,1.0,confirmed
industrial_output,КАРАБАЛЫКСКИЙ РАЙОН,карабалыкский,395000000,Карабалыкский район,normalized_name_and_admin_type,1.0,confirmed
industrial_output,КАРАГАНДА Г.А.,караганда а,351000000,Караганда Г.А.,normalized_name_and_admin_type,1.0,confirmed
industrial_output,КАРАГАНДИНСКАЯ ОБЛАСТЬ,карагандинская,350000000,Карагандинская область,normalized_name_and_admin_type,1.0,confirmed
industrial_output,КАРАЖАЛ Г.А.,каражал а,621800000,Каражал Г.А.,normalized_name_and_admin_type,1.0,confirmed
industrial_output,КАРАКИЯНСКИЙ РАЙОН,каракиянский,474200000,Каракиянский район,normalized_name_and_admin_type,1.0,confirmed
industrial_output,КАРАСАЙСКИЙ РАЙОН,карасайский,195200000,Карасайский район,normalized_name_and_admin_type,1.0,confirmed
industrial_output,КАРАСУСКИЙ РАЙОН,карасуский,395200000,Карасуский район,normalized_name_and_admin_type,1.0,confirmed
industrial_output,КАРАТАЛЬСКИЙ РАЙОН,каратальский,334400000,Каратальский район,normalized_name_and_admin_type,1.0,confirmed
industrial_output,КАРАТАУСКИЙ РАЙОН,каратауский,,,none,0,unmatched
industrial_output,КАРАТОБИНСКИЙ РАЙОН,каратобинский,275000000,Каратобинский район,normalized_name_and_admin_type,1.0,confirmed
industrial_output,КАРГАЛИНСКИЙ РАЙОН,каргалинский,154000000,Каргалинский район,normalized_name_and_admin_type,1.0,confirmed
industrial_output,КАРКАРАЛИНСКИЙ РАЙОН,каркаралинский,354800000,Каркаралинский район,normalized_name_and_admin_type,1.0,confirmed
industrial_output,КАРМАКШИНСКИЙ РАЙОН,кармакшинский,434600000,Кармакшинский район,normalized_name_and_admin_type,1.0,confirmed
industrial_output,КАТОН-КАРАГАЙСКИЙ РАЙОН,катон карагайский,635400000,Катон-Карагайский район,normalized_name_and_admin_type,1.0,confirmed
industrial_output,КЕГЕНСКИЙ РАЙОН,кегенский,194400000,Кегенский район,normalized_name_and_admin_type,1.0,confirmed
industrial_output,КЕЛЕССКИЙ РАЙОН,келесский,613900000,Келесский район,normalized_name_and_admin_type,1.0,confirmed
industrial_output,КЕНТАУ Г.А.,кентау а,612000000,Кентау Г.А.,normalized_name_and_admin_type,1.0,confirmed
industrial_output,КЕРБУЛАКСКИЙ РАЙОН,кербулакский,334000000,Кербулакский район,normalized_name_and_admin_type,1.0,confirmed
industrial_output,КЗЫЛКОГИНСКИЙ РАЙОН,кзылкогинский,234800000,Кзылкогинский район,normalized_name_and_admin_type,1.0,confirmed
industrial_output,КОКПЕКТИНСКИЙ РАЙОН,кокпектинский,104400000,Кокпектинский район,normalized_name_and_admin_type,1.0,confirmed
industrial_output,КОКСУСКИЙ РАЙОН,коксуский,334200000,Коксуский район,normalized_name_and_admin_type,1.0,confirmed
industrial_output,КОКШЕТАУ Г.А.,кокшетау а,111000000,Кокшетау Г.А.,normalized_name_and_admin_type,1.0,confirmed
industrial_output,КОРГАЛЖЫНСКИЙ РАЙОН,коргалжынский,116000000,Коргалжынский район,normalized_name_and_admin_type,1.0,confirmed
industrial_output,КОРДАЙСКИЙ РАЙОН,кордайский,314800000,Кордайский район,normalized_name_and_admin_type,1.0,confirmed
industrial_output,КОСТАНАЙ Г.А.,костанай а,391000000,Костанай Г.А.,normalized_name_and_admin_type,1.0,confirmed
industrial_output,КОСТАНАЙСКАЯ ОБЛАСТЬ,костанайская,390000000,Костанайская область,normalized_name_and_admin_type,1.0,confirmed
industrial_output,КОСТАНАЙСКИЙ РАЙОН,костанайский,395400000,Костанайский район,normalized_name_and_admin_type,1.0,confirmed
industrial_output,КОСШЫ Г.А.,косшы а,111600000,Косшы Г.А.,normalized_name_and_admin_type,1.0,confirmed
industrial_output,КУРМАНГАЗИНСКИЙ РАЙОН,курмангазинский,234600000,Курмангазинский район,normalized_name_and_admin_type,1.0,confirmed
industrial_output,КУРЧАТОВ Г.А.,курчатов а,101800000,Курчатов Г.А.,normalized_name_and_admin_type,1.0,confirmed
industrial_output,КУРЧУМСКИЙ РАЙОН,курчумский,635200000,Курчумский район,normalized_name_and_admin_type,1.0,confirmed
industrial_output,КЫЗЫЛЖАРСКИЙ РАЙОН,кызылжарский,595000000,Кызылжарский район,normalized_name_and_admin_type,1.0,confirmed
industrial_output,КЫЗЫЛОРДА Г.А.,кызылорда а,431000000,Кызылорда Г.А.,normalized_name_and_admin_type,1.0,confirmed
industrial_output,КЫЗЫЛОРДИНСКАЯ ОБЛАСТЬ,кызылординская,430000000,Кызылординская область,normalized_name_and_admin_type,1.0,confirmed
industrial_output,ЛИСАКОВСК Г.А.,лисаковск а,392000000,Лисаковск Г.А.,normalized_name_and_admin_type,1.0,confirmed
industrial_output,МАЙСКИЙ РАЙОН,майский,555600000,Майский район,normalized_name_and_admin_type,1.0,confirmed
industrial_output,МАКАТСКИЙ РАЙОН,макатский,235200000,Макатский район,normalized_name_and_admin_type,1.0,confirmed
industrial_output,МАКТААРАЛЬСКИЙ РАЙОН,мактааральский,614400000,Мактааральский район,normalized_name_and_admin_type,1.0,confirmed
industrial_output,МАМЛЮТСКИЙ РАЙОН,мамлютский,595200000,Мамлютский район,normalized_name_and_admin_type,1.0,confirmed
industrial_output,МАНГИСТАУСКАЯ ОБЛАСТЬ,мангистауская,470000000,Мангистауская область,normalized_name_and_admin_type,1.0,confirmed
industrial_output,МАНГИСТАУСКИЙ РАЙОН,мангистауский,474600000,Мангистауский район,normalized_name_and_admin_type,1.0,confirmed
industrial_output,МАРТУКСКИЙ РАЙОН,мартукский,154600000,Мартукский район,normalized_name_and_admin_type,1.0,confirmed
industrial_output,МАХАМБЕТСКИЙ РАЙОН,махамбетский,235600000,Махамбетский район,normalized_name_and_admin_type,1.0,confirmed
industrial_output,МЕДЕУСКИЙ РАЙОН,медеуский,,,none,0,unmatched
industrial_output,МЕНДЫКАРИНСКИЙ РАЙОН,мендыкаринский,395600000,Мендыкаринский район,normalized_name_and_admin_type,1.0,confirmed
industrial_output,МЕРКЕНСКИЙ РАЙОН,меркенский,315400000,Меркенский район,normalized_name_and_admin_type,1.0,confirmed
industrial_output,МОЙЫНКУМСКИЙ РАЙОН,мойынкумский,315600000,Мойынкумский район,normalized_name_and_admin_type,1.0,confirmed
industrial_output,МУГАЛЖАРСКИЙ РАЙОН,мугалжарский,154800000,Мугалжарский район,normalized_name_and_admin_type,1.0,confirmed
industrial_output,МУНАЙЛИНСКИЙ РАЙОН,мунайлинский,475000000,Мунайлинский район,normalized_name_and_admin_type,1.0,confirmed
industrial_output,НАУРЗУМСКИЙ РАЙОН,наурзумский,395800000,Наурзумский район,normalized_name_and_admin_type,1.0,confirmed
industrial_output,НАУРЫЗБАЙСКИЙ РАЙОН,наурызбайский,,,none,0,unmatched
industrial_output,НУРИНСКИЙ РАЙОН,нуринский,355200000,Нуринский район,normalized_name_and_admin_type,1.0,confirmed
industrial_output,ОБЛАСТЬ АБАЙ,абай,100000000,область Абай,normalized_name_and_admin_type,1.0,confirmed
industrial_output,ОБЛАСТЬ ЖЕТІСУ,жетісу,330000000,область Жетісу,normalized_name_and_admin_type,1.0,confirmed
industrial_output,ОБЛАСТЬ ҰЛЫТАУ,ұлытау,620000000,область Ұлытау,normalized_name_and_admin_type,1.0,confirmed
industrial_output,ОРДАБАСЫНСКИЙ РАЙОН,ордабасынский,614600000,Ордабасынский район,normalized_name_and_admin_type,1.0,confirmed
industrial_output,ОСАКАРОВСКИЙ РАЙОН,осакаровский,355600000,Осакаровский район,normalized_name_and_admin_type,1.0,confirmed
industrial_output,ОТРАРСКИЙ РАЙОН,отрарский,614800000,Отрарский район,normalized_name_and_admin_type,1.0,confirmed
industrial_output,ПАВЛОДАР Г.А.,павлодар а,551000000,Павлодар Г.А.,normalized_name_and_admin_type,1.0,confirmed
industrial_output,ПАВЛОДАРСКАЯ ОБЛАСТЬ,павлодарская,550000000,Павлодарская область,normalized_name_and_admin_type,1.0,confirmed
industrial_output,ПАВЛОДАРСКИЙ РАЙОН,павлодарский,556000000,Павлодарский район,normalized_name_and_admin_type,1.0,confirmed
industrial_output,ПАНФИЛОВСКИЙ РАЙОН,панфиловский,334600000,Панфиловский район,normalized_name_and_admin_type,1.0,confirmed
industrial_output,ПЕТРОПАВЛОВСК Г.А.,петропавловск а,591000000,Петропавловск Г.А.,normalized_name_and_admin_type,1.0,confirmed
industrial_output,ПРИОЗЕРСК Г.А.,приозерск а,352100000,Приозерск Г.А.,normalized_name_and_admin_type,1.0,confirmed
industrial_output,РАЙОН АЛМАТЫ,алматы,,,none,0,unmatched
industrial_output,РАЙОН АЛТАЙ,алтай,634800000,район Алтай,normalized_name_and_admin_type,1.0,confirmed
industrial_output,РАЙОН АҚСУАТ,ақсуат,103400000,район Ақсуат,normalized_name_and_admin_type,1.0,confirmed
industrial_output,РАЙОН АҚҚУЛЫ,аққулы,555200000,район Аққулы,normalized_name_and_admin_type,1.0,confirmed
industrial_output,РАЙОН БАЙДИБЕКА,байдибека,613600000,район Байдибека,normalized_name_and_admin_type,1.0,confirmed
industrial_output,РАЙОН БАЙҚОҢЫР,байқоңыр,,,none,0,unmatched
industrial_output,РАЙОН БЕИМБЕТА МАЙЛИНА,беимбета майлина,396400000,район Беимбета Майлина,normalized_name_and_admin_type,1.0,confirmed
industrial_output,РАЙОН БИРЖАН САЛ,биржан сал,114500000,район Биржан сал,normalized_name_and_admin_type,1.0,confirmed
industrial_output,РАЙОН БӘЙТЕРЕК,бәйтерек,274400000,район Бәйтерек,normalized_name_and_admin_type,1.0,confirmed
industrial_output,РАЙОН ЕСИЛЬ,есиль,,,none,0,unmatched
industrial_output,РАЙОН ИМ.ГАБИТА МУСРЕПОВА,им габита мусрепова,596600000,Район им.Габита Мусрепова,normalized_name_and_admin_type,1.0,confirmed
industrial_output,РАЙОН МАГЖАНА ЖУМАБАЕВА,магжана жумабаева,593600000,Район Магжана Жумабаева,normalized_name_and_admin_type,1.0,confirmed
industrial_output,РАЙОН НҰРА,нұра,,,none,0,unmatched
industrial_output,РАЙОН САМАР,самар,635600000,район Самар,normalized_name_and_admin_type,1.0,confirmed
industrial_output,РАЙОН САРЫАРКА,сарыарка,,,none,0,unmatched
industrial_output,РАЙОН САУРАН,сауран,615500000,район Сауран,normalized_name_and_admin_type,1.0,confirmed
industrial_output,РАЙОН ТЕРЕҢКӨЛ,тереңкөл,554800000,район Тереңкөл,normalized_name_and_admin_type,1.0,confirmed
industrial_output,РАЙОН ТУРАН,туран,,,none,0,unmatched
industrial_output,РАЙОН ТУРАРА РЫСКУЛОВА,турара рыскулова,315000000,район Турара Рыскулова,normalized_name_and_admin_type,1.0,confirmed
industrial_output,РАЙОН ШАЛ АКЫНА,шал акына,595600000,Район Шал акына,normalized_name_and_admin_type,1.0,confirmed
industrial_output,РАЙЫМБЕКСКИЙ РАЙОН,райымбекский,195800000,Райымбекский район,normalized_name_and_admin_type,1.0,confirmed
industrial_output,РЕСПУБЛИКА КАЗАХСТАН,республика казахстан,,,none,0,unmatched
industrial_output,РИДДЕР Г.А.,риддер а,632400000,Риддер Г.А.,normalized_name_and_admin_type,1.0,confirmed
industrial_output,РУДНЫЙ Г.А.,рудный а,392400000,Рудный Г.А.,normalized_name_and_admin_type,1.0,confirmed
industrial_output,САЙРАМСКИЙ РАЙОН,сайрамский,615200000,Сайрамский район,normalized_name_and_admin_type,1.0,confirmed
industrial_output,САНДЫКТАУСКИЙ РАЙОН,сандыктауский,116400000,Сандыктауский район,normalized_name_and_admin_type,1.0,confirmed
industrial_output,САРАНЬ Г.А.,сарань а,352200000,Сарань Г.А.,normalized_name_and_admin_type,1.0,confirmed
industrial_output,САРКАНСКИЙ РАЙОН,сарканский,334800000,Сарканский район,normalized_name_and_admin_type,1.0,confirmed
industrial_output,САРЫАГАШСКИЙ РАЙОН,сарыагашский,615400000,Сарыагашский район,normalized_name_and_admin_type,1.0,confirmed
industrial_output,САРЫКОЛЬСКИЙ РАЙОН,сарыкольский,396200000,Сарыкольский район,normalized_name_and_admin_type,1.0,confirmed
industrial_output,САРЫСУСКИЙ РАЙОН,сарысуский,316000000,Сарысуский район,normalized_name_and_admin_type,1.0,confirmed
industrial_output,САТПАЕВ Г.А.,сатпаев а,622000000,Сатпаев Г.А.,normalized_name_and_admin_type,1.0,confirmed
industrial_output,СЕВЕРО-КАЗАХСТАНСКАЯ ОБЛАСТЬ,северо казахстанская,590000000,Северо-Казахстанская область,normalized_name_and_admin_type,1.0,confirmed
industrial_output,СЕМЕЙ Г.А.,семей а,101000000,Семей Г.А.,normalized_name_and_admin_type,1.0,confirmed
industrial_output,СТЕПНОГОРСК Г.А.,степногорск а,111800000,Степногорск Г.А.,normalized_name_and_admin_type,1.0,confirmed
industrial_output,СУЗАКСКИЙ РАЙОН,сузакский,615600000,Сузакский район,normalized_name_and_admin_type,1.0,confirmed
industrial_output,СЫРДАРЬИНСКИЙ РАЙОН,сырдарьинский,434800000,Сырдарьинский район,normalized_name_and_admin_type,1.0,confirmed
industrial_output,СЫРЫМСКИЙ РАЙОН,сырымский,275800000,Сырымский район,normalized_name_and_admin_type,1.0,confirmed
industrial_output,ТАЙЫНШИНСКИЙ РАЙОН,тайыншинский,596000000,Тайыншинский район,normalized_name_and_admin_type,1.0,confirmed
industrial_output,ТАЛАССКИЙ РАЙОН,таласский,316200000,Таласский район,normalized_name_and_admin_type,1.0,confirmed
industrial_output,ТАЛГАРСКИЙ РАЙОН,талгарский,196200000,Талгарский район,normalized_name_and_admin_type,1.0,confirmed
industrial_output,ТАЛДЫКОРГАН Г.А.,талдыкорган а,331000000,Талдыкорган Г.А.,normalized_name_and_admin_type,1.0,confirmed
industrial_output,ТАРАЗ Г.А.,тараз а,311000000,Тараз Г.А.,normalized_name_and_admin_type,1.0,confirmed
industrial_output,ТАРБАГАТАЙСКИЙ РАЙОН,тарбагатайский,635800000,Тарбагатайский район,normalized_name_and_admin_type,1.0,confirmed
industrial_output,ТАСКАЛИНСКИЙ РАЙОН,таскалинский,276000000,Таскалинский район,normalized_name_and_admin_type,1.0,confirmed
industrial_output,ТЕКЕЛИ Г.А.,текели а,331800000,Текели Г.А.,normalized_name_and_admin_type,1.0,confirmed
industrial_output,ТЕМИРСКИЙ РАЙОН,темирский,155600000,Темирский район,normalized_name_and_admin_type,1.0,confirmed
industrial_output,ТЕМИРТАУ Г.А.,темиртау а,352400000,Темиртау Г.А.,normalized_name_and_admin_type,1.0,confirmed
industrial_output,ТЕРЕКТИНСКИЙ РАЙОН,теректинский,276200000,Теректинский район,normalized_name_and_admin_type,1.0,confirmed
industrial_output,ТИМИРЯЗЕВСКИЙ РАЙОН,тимирязевский,596200000,Тимирязевский район,normalized_name_and_admin_type,1.0,confirmed
industrial_output,ТОЛЕБИЙСКИЙ РАЙОН,толебийский,615800000,Толебийский район,normalized_name_and_admin_type,1.0,confirmed
industrial_output,ТУПКАРАГАНСКИЙ РАЙОН,тупкараганский,475200000,Тупкараганский район,normalized_name_and_admin_type,1.0,confirmed
industrial_output,ТУРКЕСТАН Г.А.,туркестан а,611000000,Туркестан Г.А.,normalized_name_and_admin_type,1.0,confirmed
industrial_output,ТУРКЕСТАНСКАЯ ОБЛАСТЬ,туркестанская,610000000,Туркестанская область,normalized_name_and_admin_type,1.0,confirmed
industrial_output,ТУРКСИБСКИЙ РАЙОН,турксибский,,,none,0,unmatched
industrial_output,ТЮЛЬКУБАССКИЙ РАЙОН,тюлькубасский,616000000,Тюлькубасский район,normalized_name_and_admin_type,1.0,confirmed
industrial_output,УАЛИХАНОВСКИЙ РАЙОН,уалихановский,596400000,Уалихановский район,normalized_name_and_admin_type,1.0,confirmed
industrial_output,УЗУНКОЛЬСКИЙ РАЙОН,узункольский,396600000,Узункольский район,normalized_name_and_admin_type,1.0,confirmed
industrial_output,УИЛСКИЙ РАЙОН,уилский,155200000,Уилский район,normalized_name_and_admin_type,1.0,confirmed
industrial_output,УЙГУРСКИЙ РАЙОН,уйгурский,196600000,Уйгурский район,normalized_name_and_admin_type,1.0,confirmed
industrial_output,УЛАНСКИЙ РАЙОН,уланский,636200000,Уланский район,normalized_name_and_admin_type,1.0,confirmed
industrial_output,УЛЫТАУСКИЙ РАЙОН,улытауский,623800000,Улытауский район,normalized_name_and_admin_type,1.0,confirmed
industrial_output,УРАЛЬСК Г.А.,уральск а,271000000,Уральск Г.А.,normalized_name_and_admin_type,1.0,confirmed
industrial_output,УРДЖАРСКИЙ РАЙОН,урджарский,104600000,Урджарский район,normalized_name_and_admin_type,1.0,confirmed
industrial_output,УСПЕНСКИЙ РАЙОН,успенский,556400000,Успенский район,normalized_name_and_admin_type,1.0,confirmed
industrial_output,УСТЬ-КАМЕНОГОРСК Г.А.,усть каменогорск а,631000000,Усть-Каменогорск Г.А.,normalized_name_and_admin_type,1.0,confirmed
industrial_output,ФЕДОРОВСКИЙ РАЙОН,федоровский,396800000,Федоровский район,normalized_name_and_admin_type,1.0,confirmed
industrial_output,ХОБДИНСКИЙ РАЙОН,хобдинский,154200000,Хобдинский район,normalized_name_and_admin_type,1.0,confirmed
industrial_output,ХРОМТАУСКИЙ РАЙОН,хромтауский,156000000,Хромтауский район,normalized_name_and_admin_type,1.0,confirmed
industrial_output,ЦЕЛИНОГРАДСКИЙ РАЙОН,целиноградский,116600000,Целиноградский район,normalized_name_and_admin_type,1.0,confirmed
industrial_output,ЧИНГИРЛАУСКИЙ РАЙОН,чингирлауский,276600000,Чингирлауский район,normalized_name_and_admin_type,1.0,confirmed
industrial_output,ШАЛКАРСКИЙ РАЙОН,шалкарский,156400000,Шалкарский район,normalized_name_and_admin_type,1.0,confirmed
industrial_output,ШАРДАРИНСКИЙ РАЙОН,шардаринский,616400000,Шардаринский район,normalized_name_and_admin_type,1.0,confirmed
industrial_output,ШАХТИНСК Г.А.,шахтинск а,352800000,Шахтинск Г.А.,normalized_name_and_admin_type,1.0,confirmed
industrial_output,ШЕМОНАИХИНСКИЙ РАЙОН,шемонаихинский,636800000,Шемонаихинский район,normalized_name_and_admin_type,1.0,confirmed
industrial_output,ШЕТСКИЙ РАЙОН,шетский,356400000,Шетский район,normalized_name_and_admin_type,1.0,confirmed
industrial_output,ШИЕЛИЙСКИЙ РАЙОН,шиелийский,435200000,Шиелийский район,normalized_name_and_admin_type,1.0,confirmed
industrial_output,ШОРТАНДИНСКИЙ РАЙОН,шортандинский,116800000,Шортандинский район,normalized_name_and_admin_type,1.0,confirmed
industrial_output,ШУСКИЙ РАЙОН,шуский,316600000,Шуский район,normalized_name_and_admin_type,1.0,confirmed
industrial_output,ШЫМКЕНТ Г.А.,шымкент а,,,none,0,unmatched
industrial_output,ЩЕРБАКТИНСКИЙ РАЙОН,щербактинский,556800000,Щербактинский район,normalized_name_and_admin_type,1.0,confirmed
industrial_output,ЭКИБАСТУЗ Г.А.,экибастуз а,552200000,Экибастуз Г.А.,normalized_name_and_admin_type,1.0,confirmed
industrial_output,ЮЖНО-КАЗАХСТАНСКАЯ ОБЛАСТЬ,южно казахстанская,,,none,0,unmatched
industrial_output,ҚОНАЕВ Г.А.,қонаев а,191000000,Қонаев Г.А.,normalized_name_and_admin_type,1.0,confirmed
industrial_production_index,АБАЙСКИЙ РАЙОН,абайский,,,none,0,ambiguous
industrial_production_index,АЙТЕКЕБИЙСКИЙ РАЙОН,айтекебийский,153400000,Айтекебийский район,normalized_name_and_admin_type,1.0,confirmed
industrial_production_index,АЙЫРТАУСКИЙ РАЙОН,айыртауский,593200000,Айыртауский район,normalized_name_and_admin_type,1.0,confirmed
industrial_production_index,АКЖАИКСКИЙ РАЙОН,акжаикский,273200000,Акжаикский район,normalized_name_and_admin_type,1.0,confirmed
industrial_production_index,АКЖАРСКИЙ РАЙОН,акжарский,593400000,Акжарский район,normalized_name_and_admin_type,1.0,confirmed
industrial_production_index,АККАЙЫНСКИЙ РАЙОН,аккайынский,595800000,Аккайынский район,normalized_name_and_admin_type,1.0,confirmed
industrial_production_index,АККОЛЬСКИЙ РАЙОН,аккольский,113200000,Аккольский район,normalized_name_and_admin_type,1.0,confirmed
industrial_production_index,АКМОЛИНСКАЯ ОБЛАСТЬ,акмолинская,110000000,Акмолинская область,normalized_name_and_admin_type,1.0,confirmed
industrial_production_index,АКСУ Г.А.,аксу а,551600000,Аксу Г.А.,normalized_name_and_admin_type,1.0,confirmed
industrial_production_index,АКСУСКИЙ РАЙОН,аксуский,333200000,Аксуский район,normalized_name_and_admin_type,1.0,confirmed
industrial_production_index,АКТАУ Г.А.,актау а,471000000,Актау Г.А.,normalized_name_and_admin_type,1.0,confirmed
industrial_production_index,АКТОБЕ Г.А.,актобе а,151000000,Актобе Г.А.,normalized_name_and_admin_type,1.0,confirmed
industrial_production_index,АКТОГАЙСКИЙ РАЙОН,актогайский,,,none,0,ambiguous
industrial_production_index,АКТЮБИНСКАЯ ОБЛАСТЬ,актюбинская,150000000,Актюбинская область,normalized_name_and_admin_type,1.0,confirmed
industrial_production_index,АЛАКОЛЬСКИЙ РАЙОН,алакольский,333400000,Алакольский район,normalized_name_and_admin_type,1.0,confirmed
industrial_production_index,АЛАТАУСКИЙ РАЙОН,алатауский,,,none,0,unmatched
industrial_production_index,АЛГИНСКИЙ РАЙОН,алгинский,153200000,Алгинский район,normalized_name_and_admin_type,1.0,confirmed
industrial_production_index,АЛМАЛИНСКИЙ РАЙОН,алмалинский,,,none,0,unmatched
industrial_production_index,АЛМАТИНСКАЯ ОБЛАСТЬ,алматинская,190000000,Алматинская область,normalized_name_and_admin_type,1.0,confirmed
industrial_production_index,АЛТЫНСАРИНСКИЙ РАЙОН,алтынсаринский,393200000,Алтынсаринский район,normalized_name_and_admin_type,1.0,confirmed
industrial_production_index,АЛЬ-ФАРАБИЙСКИЙ РАЙОН,аль фарабийский,,,none,0,unmatched
industrial_production_index,АМАНГЕЛЬДИНСКИЙ РАЙОН,амангельдинский,393400000,Амангельдинский район,normalized_name_and_admin_type,1.0,confirmed
industrial_production_index,АРАЛЬСКИЙ РАЙОН,аральский,433200000,Аральский район,normalized_name_and_admin_type,1.0,confirmed
industrial_production_index,АРКАЛЫК Г.А.,аркалык а,391600000,Аркалык Г.А.,normalized_name_and_admin_type,1.0,confirmed
industrial_production_index,АРШАЛЫНСКИЙ РАЙОН,аршалынский,113400000,Аршалынский район,normalized_name_and_admin_type,1.0,confirmed
industrial_production_index,АРЫСЬ Г.А.,арысь а,611600000,Арысь Г.А.,normalized_name_and_admin_type,1.0,confirmed
industrial_production_index,АСТРАХАНСКИЙ РАЙОН,астраханский,113600000,Астраханский район,normalized_name_and_admin_type,1.0,confirmed
industrial_production_index,АТБАСАРСКИЙ РАЙОН,атбасарский,113800000,Атбасарский район,normalized_name_and_admin_type,1.0,confirmed
industrial_production_index,АТЫРАУ Г.А.,атырау а,231000000,Атырау Г.А.,normalized_name_and_admin_type,1.0,confirmed
industrial_production_index,АТЫРАУСКАЯ ОБЛАСТЬ,атырауская,230000000,Атырауская область,normalized_name_and_admin_type,1.0,confirmed
industrial_production_index,АУЛИЕКОЛЬСКИЙ РАЙОН,аулиекольский,393600000,Аулиекольский район,normalized_name_and_admin_type,1.0,confirmed
industrial_production_index,АУЭЗОВСКИЙ РАЙОН,ауэзовский,,,none,0,unmatched
industrial_production_index,АЯГОЗ Г.А.,аягоз а,,,none,0,unmatched
industrial_production_index,АЯГОЗСКИЙ РАЙОН,аягозский,103600000,Аягозский район,normalized_name_and_admin_type,1.0,confirmed
industrial_production_index,БАЙГАНИНСКИЙ РАЙОН,байганинский,153600000,Байганинский район,normalized_name_and_admin_type,1.0,confirmed
industrial_production_index,БАЙЗАКСКИЙ РАЙОН,байзакский,313600000,Байзакский район,normalized_name_and_admin_type,1.0,confirmed
industrial_production_index,БАЙКОНЫР Г.А.,байконыр а,431900000,Байконыр Г.А.,normalized_name_and_admin_type,1.0,confirmed
industrial_production_index,БАЛХАШ Г.А.,балхаш а,351600000,Балхаш Г.А.,normalized_name_and_admin_type,1.0,confirmed
industrial_production_index,БАЛХАШСКИЙ РАЙОН,балхашский,193600000,Балхашский район,normalized_name_and_admin_type,1.0,confirmed
industrial_production_index,БАЯНАУЛЬСКИЙ РАЙОН,баянаульский,553600000,Баянаульский район,normalized_name_and_admin_type,1.0,confirmed
industrial_production_index,БЕЙНЕУСКИЙ РАЙОН,бейнеуский,473600000,Бейнеуский район,normalized_name_and_admin_type,1.0,confirmed
industrial_production_index,БЕСКАРАГАЙСКИЙ РАЙОН,бескарагайский,103800000,Бескарагайский район,normalized_name_and_admin_type,1.0,confirmed
industrial_production_index,БОКЕЙОРДИНСКИЙ РАЙОН,бокейординский,275400000,Бокейординский район,normalized_name_and_admin_type,1.0,confirmed
industrial_production_index,БОРОДУЛИХИНСКИЙ РАЙОН,бородулихинский,104000000,Бородулихинский район,normalized_name_and_admin_type,1.0,confirmed
industrial_production_index,БОСТАНДЫКСКИЙ РАЙОН,бостандыкский,,,none,0,unmatched
industrial_production_index,БУЛАНДЫНСКИЙ РАЙОН,буландынский,114000000,Буландынский район,normalized_name_and_admin_type,1.0,confirmed
industrial_production_index,БУРАБАЙСКИЙ РАЙОН,бурабайский,117000000,Бурабайский район,normalized_name_and_admin_type,1.0,confirmed
industrial_production_index,БУРЛИНСКИЙ РАЙОН,бурлинский,273600000,Бурлинский район,normalized_name_and_admin_type,1.0,confirmed
industrial_production_index,БУХАР-ЖЫРАУСКИЙ РАЙОН,бухар жырауский,354000000,Бухар-Жырауский район,normalized_name_and_admin_type,1.0,confirmed
industrial_production_index,ВОСТОЧНО-КАЗАХСТАНСКАЯ ОБЛАСТЬ,восточно казахстанская,630000000,Восточно-Казахстанская область,normalized_name_and_admin_type,1.0,confirmed
industrial_production_index,Г.А.АЛТАЙ,а алтай,,,none,0,unmatched
industrial_production_index,Г.АЛМАТЫ,алматы,750000000,г.Алматы,normalized_name_and_admin_type,1.0,confirmed
industrial_production_index,Г.АСТАНА,астана,710000000,г.Астана,normalized_name_and_admin_type,1.0,confirmed
industrial_production_index,Г.ШЫМКЕНТ,шымкент,790000000,г.Шымкент,normalized_name_and_admin_type,1.0,confirmed
industrial_production_index,ГЛУБОКОВСКИЙ РАЙОН,глубоковский,634000000,Глубоковский район,normalized_name_and_admin_type,1.0,confirmed
industrial_production_index,ДЕНИСОВСКИЙ РАЙОН,денисовский,394000000,Денисовский район,normalized_name_and_admin_type,1.0,confirmed
industrial_production_index,ЕГИНДЫКОЛЬСКИЙ РАЙОН,егиндыкольский,114400000,Егиндыкольский район,normalized_name_and_admin_type,1.0,confirmed
industrial_production_index,ЕНБЕКШИКАЗАХСКИЙ РАЙОН,енбекшиказахский,194000000,Енбекшиказахский район,normalized_name_and_admin_type,1.0,confirmed
industrial_production_index,ЕНБЕКШИНСКИЙ РАЙОН,енбекшинский,,,none,0,unmatched
industrial_production_index,ЕРЕЙМЕНТАУСКИЙ РАЙОН,ерейментауский,114600000,Ерейментауский район,normalized_name_and_admin_type,1.0,confirmed
industrial_production_index,ЕСИЛЬСКИЙ РАЙОН,есильский,,,none,0,ambiguous
industrial_production_index,ЕСКЕЛЬДИНСКИЙ РАЙОН,ескельдинский,333600000,Ескельдинский район,normalized_name_and_admin_type,1.0,confirmed
industrial_production_index,ЖАКСЫНСКИЙ РАЙОН,жаксынский,115200000,Жаксынский район,normalized_name_and_admin_type,1.0,confirmed
industrial_production_index,ЖАЛАГАШСКИЙ РАЙОН,жалагашский,433600000,Жалагашский район,normalized_name_and_admin_type,1.0,confirmed
industrial_production_index,ЖАМБЫЛСКАЯ ОБЛАСТЬ,жамбылская,310000000,Жамбылская область,normalized_name_and_admin_type,1.0,confirmed
industrial_production_index,ЖАМБЫЛСКИЙ РАЙОН,жамбылский,,,none,0,ambiguous
industrial_production_index,ЖАНААРКИНСКИЙ РАЙОН,жанааркинский,623600000,Жанааркинский район,normalized_name_and_admin_type,1.0,confirmed
industrial_production_index,ЖАНАКОРГАНСКИЙ РАЙОН,жанакорганский,434000000,Жанакорганский район,normalized_name_and_admin_type,1.0,confirmed
industrial_production_index,ЖАНАОЗЕН Г.А.,жанаозен а,471800000,Жанаозен Г.А.,normalized_name_and_admin_type,1.0,confirmed
industrial_production_index,ЖАНГАЛИНСКИЙ РАЙОН,жангалинский,274000000,Жангалинский район,normalized_name_and_admin_type,1.0,confirmed
industrial_production_index,ЖАНГЕЛЬДИНСКИЙ РАЙОН,жангельдинский,394200000,Жангельдинский район,normalized_name_and_admin_type,1.0,confirmed
industrial_production_index,ЖАНИБЕКСКИЙ РАЙОН,жанибекский,274200000,Жанибекский район,normalized_name_and_admin_type,1.0,confirmed
industrial_production_index,ЖАРКАИНСКИЙ РАЙОН,жаркаинский,115400000,Жаркаинский район,normalized_name_and_admin_type,1.0,confirmed
industrial_production_index,ЖАРМИНСКИЙ РАЙОН,жарминский,104200000,Жарминский район,normalized_name_and_admin_type,1.0,confirmed
industrial_production_index,ЖЕЗКАЗГАН Г.А.,жезказган а,621000000,Жезказган Г.А.,normalized_name_and_admin_type,1.0,confirmed
industrial_production_index,ЖЕЛЕЗИНСКИЙ РАЙОН,железинский,554200000,Железинский район,normalized_name_and_admin_type,1.0,confirmed
industrial_production_index,ЖЕТЫСАЙСКИЙ РАЙОН,жетысайский,613800000,Жетысайский район,normalized_name_and_admin_type,1.0,confirmed
industrial_production_index,ЖЕТЫСУСКИЙ РАЙОН,жетысуский,,,none,0,unmatched
industrial_production_index,ЖИТИКАРИНСКИЙ РАЙОН,житикаринский,394400000,Житикаринский район,normalized_name_and_admin_type,1.0,confirmed
industrial_production_index,ЖУАЛЫНСКИЙ РАЙОН,жуалынский,314200000,Жуалынский район,normalized_name_and_admin_type,1.0,confirmed
industrial_production_index,ЖЫЛЫОЙСКИЙ РАЙОН,жылыойский,233600000,Жылыойский район,normalized_name_and_admin_type,1.0,confirmed
industrial_production_index,ЗАЙСАНСКИЙ РАЙОН,зайсанский,634600000,Зайсанский район,normalized_name_and_admin_type,1.0,confirmed
industrial_production_index,ЗАПАДНО-КАЗАХСТАНСКАЯ ОБЛАСТЬ,западно казахстанская,270000000,Западно-Казахстанская область,normalized_name_and_admin_type,1.0,confirmed
industrial_production_index,ЗЕРЕНДИНСКИЙ РАЙОН,зерендинский,115600000,Зерендинский район,normalized_name_and_admin_type,1.0,confirmed
industrial_production_index,ИЛИЙСКИЙ РАЙОН,илийский,196800000,Илийский район,normalized_name_and_admin_type,1.0,confirmed
industrial_production_index,ИНДЕРСКИЙ РАЙОН,индерский,234000000,Индерский район,normalized_name_and_admin_type,1.0,confirmed
industrial_production_index,ИРГИЗСКИЙ РАЙОН,иргизский,156800000,Иргизский район,normalized_name_and_admin_type,1.0,confirmed
industrial_production_index,ИРТЫШСКИЙ РАЙОН,иртышский,554600000,Иртышский район,normalized_name_and_admin_type,1.0,confirmed
industrial_production_index,ИСАТАЙСКИЙ РАЙОН,исатайский,234200000,Исатайский район,normalized_name_and_admin_type,1.0,confirmed
industrial_production_index,КАЗАЛИНСКИЙ РАЙОН,казалинский,434400000,Казалинский район,normalized_name_and_admin_type,1.0,confirmed
industrial_production_index,КАЗТАЛОВСКИЙ РАЙОН,казталовский,274800000,Казталовский район,normalized_name_and_admin_type,1.0,confirmed
industrial_production_index,КАЗЫГУРТСКИЙ РАЙОН,казыгуртский,614000000,Казыгуртский район,normalized_name_and_admin_type,1.0,confirmed
industrial_production_index,КАМЫСТИНСКИЙ РАЙОН,камыстинский,394800000,Камыстинский район,normalized_name_and_admin_type,1.0,confirmed
industrial_production_index,КАРАБАЛЫКСКИЙ РАЙОН,карабалыкский,395000000,Карабалыкский район,normalized_name_and_admin_type,1.0,confirmed
industrial_production_index,КАРАГАНДА Г.А.,караганда а,351000000,Караганда Г.А.,normalized_name_and_admin_type,1.0,confirmed
industrial_production_index,КАРАГАНДИНСКАЯ ОБЛАСТЬ,карагандинская,350000000,Карагандинская область,normalized_name_and_admin_type,1.0,confirmed
industrial_production_index,КАРАЖАЛ Г.А.,каражал а,621800000,Каражал Г.А.,normalized_name_and_admin_type,1.0,confirmed
industrial_production_index,КАРАКИЯНСКИЙ РАЙОН,каракиянский,474200000,Каракиянский район,normalized_name_and_admin_type,1.0,confirmed
industrial_production_index,КАРАСАЙСКИЙ РАЙОН,карасайский,195200000,Карасайский район,normalized_name_and_admin_type,1.0,confirmed
industrial_production_index,КАРАСУСКИЙ РАЙОН,карасуский,395200000,Карасуский район,normalized_name_and_admin_type,1.0,confirmed
industrial_production_index,КАРАТАЛЬСКИЙ РАЙОН,каратальский,334400000,Каратальский район,normalized_name_and_admin_type,1.0,confirmed
industrial_production_index,КАРАТАУСКИЙ РАЙОН,каратауский,,,none,0,unmatched
industrial_production_index,КАРАТОБИНСКИЙ РАЙОН,каратобинский,275000000,Каратобинский район,normalized_name_and_admin_type,1.0,confirmed
industrial_production_index,КАРГАЛИНСКИЙ РАЙОН,каргалинский,154000000,Каргалинский район,normalized_name_and_admin_type,1.0,confirmed
industrial_production_index,КАРКАРАЛИНСКИЙ РАЙОН,каркаралинский,354800000,Каркаралинский район,normalized_name_and_admin_type,1.0,confirmed
industrial_production_index,КАРМАКШИНСКИЙ РАЙОН,кармакшинский,434600000,Кармакшинский район,normalized_name_and_admin_type,1.0,confirmed
industrial_production_index,КАТОН-КАРАГАЙСКИЙ РАЙОН,катон карагайский,635400000,Катон-Карагайский район,normalized_name_and_admin_type,1.0,confirmed
industrial_production_index,КЕГЕНСКИЙ РАЙОН,кегенский,194400000,Кегенский район,normalized_name_and_admin_type,1.0,confirmed
industrial_production_index,КЕЛЕССКИЙ РАЙОН,келесский,613900000,Келесский район,normalized_name_and_admin_type,1.0,confirmed
industrial_production_index,КЕНТАУ Г.А.,кентау а,612000000,Кентау Г.А.,normalized_name_and_admin_type,1.0,confirmed
industrial_production_index,КЕРБУЛАКСКИЙ РАЙОН,кербулакский,334000000,Кербулакский район,normalized_name_and_admin_type,1.0,confirmed
industrial_production_index,КЗЫЛКОГИНСКИЙ РАЙОН,кзылкогинский,234800000,Кзылкогинский район,normalized_name_and_admin_type,1.0,confirmed
industrial_production_index,КОКПЕКТИНСКИЙ РАЙОН,кокпектинский,104400000,Кокпектинский район,normalized_name_and_admin_type,1.0,confirmed
industrial_production_index,КОКСУСКИЙ РАЙОН,коксуский,334200000,Коксуский район,normalized_name_and_admin_type,1.0,confirmed
industrial_production_index,КОКШЕТАУ Г.А.,кокшетау а,111000000,Кокшетау Г.А.,normalized_name_and_admin_type,1.0,confirmed
industrial_production_index,КОРГАЛЖЫНСКИЙ РАЙОН,коргалжынский,116000000,Коргалжынский район,normalized_name_and_admin_type,1.0,confirmed
industrial_production_index,КОРДАЙСКИЙ РАЙОН,кордайский,314800000,Кордайский район,normalized_name_and_admin_type,1.0,confirmed
industrial_production_index,КОСТАНАЙ Г.А.,костанай а,391000000,Костанай Г.А.,normalized_name_and_admin_type,1.0,confirmed
industrial_production_index,КОСТАНАЙСКАЯ ОБЛАСТЬ,костанайская,390000000,Костанайская область,normalized_name_and_admin_type,1.0,confirmed
industrial_production_index,КОСТАНАЙСКИЙ РАЙОН,костанайский,395400000,Костанайский район,normalized_name_and_admin_type,1.0,confirmed
industrial_production_index,КОСШЫ Г.А.,косшы а,111600000,Косшы Г.А.,normalized_name_and_admin_type,1.0,confirmed
industrial_production_index,КУРМАНГАЗИНСКИЙ РАЙОН,курмангазинский,234600000,Курмангазинский район,normalized_name_and_admin_type,1.0,confirmed
industrial_production_index,КУРЧАТОВ Г.А.,курчатов а,101800000,Курчатов Г.А.,normalized_name_and_admin_type,1.0,confirmed
industrial_production_index,КУРЧУМСКИЙ РАЙОН,курчумский,635200000,Курчумский район,normalized_name_and_admin_type,1.0,confirmed
industrial_production_index,КЫЗЫЛЖАРСКИЙ РАЙОН,кызылжарский,595000000,Кызылжарский район,normalized_name_and_admin_type,1.0,confirmed
industrial_production_index,КЫЗЫЛОРДА Г.А.,кызылорда а,431000000,Кызылорда Г.А.,normalized_name_and_admin_type,1.0,confirmed
industrial_production_index,КЫЗЫЛОРДИНСКАЯ ОБЛАСТЬ,кызылординская,430000000,Кызылординская область,normalized_name_and_admin_type,1.0,confirmed
industrial_production_index,ЛИСАКОВСК Г.А.,лисаковск а,392000000,Лисаковск Г.А.,normalized_name_and_admin_type,1.0,confirmed
industrial_production_index,МАЙСКИЙ РАЙОН,майский,555600000,Майский район,normalized_name_and_admin_type,1.0,confirmed
industrial_production_index,МАКАТСКИЙ РАЙОН,макатский,235200000,Макатский район,normalized_name_and_admin_type,1.0,confirmed
industrial_production_index,МАКТААРАЛЬСКИЙ РАЙОН,мактааральский,614400000,Мактааральский район,normalized_name_and_admin_type,1.0,confirmed
industrial_production_index,МАМЛЮТСКИЙ РАЙОН,мамлютский,595200000,Мамлютский район,normalized_name_and_admin_type,1.0,confirmed
industrial_production_index,МАНГИСТАУСКАЯ ОБЛАСТЬ,мангистауская,470000000,Мангистауская область,normalized_name_and_admin_type,1.0,confirmed
industrial_production_index,МАНГИСТАУСКИЙ РАЙОН,мангистауский,474600000,Мангистауский район,normalized_name_and_admin_type,1.0,confirmed
industrial_production_index,МАРТУКСКИЙ РАЙОН,мартукский,154600000,Мартукский район,normalized_name_and_admin_type,1.0,confirmed
industrial_production_index,МАХАМБЕТСКИЙ РАЙОН,махамбетский,235600000,Махамбетский район,normalized_name_and_admin_type,1.0,confirmed
industrial_production_index,МЕДЕУСКИЙ РАЙОН,медеуский,,,none,0,unmatched
industrial_production_index,МЕНДЫКАРИНСКИЙ РАЙОН,мендыкаринский,395600000,Мендыкаринский район,normalized_name_and_admin_type,1.0,confirmed
industrial_production_index,МЕРКЕНСКИЙ РАЙОН,меркенский,315400000,Меркенский район,normalized_name_and_admin_type,1.0,confirmed
industrial_production_index,МОЙЫНКУМСКИЙ РАЙОН,мойынкумский,315600000,Мойынкумский район,normalized_name_and_admin_type,1.0,confirmed
industrial_production_index,МУГАЛЖАРСКИЙ РАЙОН,мугалжарский,154800000,Мугалжарский район,normalized_name_and_admin_type,1.0,confirmed
industrial_production_index,МУНАЙЛИНСКИЙ РАЙОН,мунайлинский,475000000,Мунайлинский район,normalized_name_and_admin_type,1.0,confirmed
industrial_production_index,НАУРЗУМСКИЙ РАЙОН,наурзумский,395800000,Наурзумский район,normalized_name_and_admin_type,1.0,confirmed
industrial_production_index,НАУРЫЗБАЙСКИЙ РАЙОН,наурызбайский,,,none,0,unmatched
industrial_production_index,НУРИНСКИЙ РАЙОН,нуринский,355200000,Нуринский район,normalized_name_and_admin_type,1.0,confirmed
industrial_production_index,ОБЛАСТЬ АБАЙ,абай,100000000,область Абай,normalized_name_and_admin_type,1.0,confirmed
industrial_production_index,ОБЛАСТЬ ЖЕТІСУ,жетісу,330000000,область Жетісу,normalized_name_and_admin_type,1.0,confirmed
industrial_production_index,ОБЛАСТЬ ҰЛЫТАУ,ұлытау,620000000,область Ұлытау,normalized_name_and_admin_type,1.0,confirmed
industrial_production_index,ОРДАБАСЫНСКИЙ РАЙОН,ордабасынский,614600000,Ордабасынский район,normalized_name_and_admin_type,1.0,confirmed
industrial_production_index,ОСАКАРОВСКИЙ РАЙОН,осакаровский,355600000,Осакаровский район,normalized_name_and_admin_type,1.0,confirmed
industrial_production_index,ОТРАРСКИЙ РАЙОН,отрарский,614800000,Отрарский район,normalized_name_and_admin_type,1.0,confirmed
industrial_production_index,ПАВЛОДАР Г.А.,павлодар а,551000000,Павлодар Г.А.,normalized_name_and_admin_type,1.0,confirmed
industrial_production_index,ПАВЛОДАРСКАЯ ОБЛАСТЬ,павлодарская,550000000,Павлодарская область,normalized_name_and_admin_type,1.0,confirmed
industrial_production_index,ПАВЛОДАРСКИЙ РАЙОН,павлодарский,556000000,Павлодарский район,normalized_name_and_admin_type,1.0,confirmed
industrial_production_index,ПАНФИЛОВСКИЙ РАЙОН,панфиловский,334600000,Панфиловский район,normalized_name_and_admin_type,1.0,confirmed
industrial_production_index,ПЕТРОПАВЛОВСК Г.А.,петропавловск а,591000000,Петропавловск Г.А.,normalized_name_and_admin_type,1.0,confirmed
industrial_production_index,ПРИОЗЕРСК Г.А.,приозерск а,352100000,Приозерск Г.А.,normalized_name_and_admin_type,1.0,confirmed
industrial_production_index,РАЙОН АЛМАТЫ,алматы,,,none,0,unmatched
industrial_production_index,РАЙОН АЛТАЙ,алтай,634800000,район Алтай,normalized_name_and_admin_type,1.0,confirmed
industrial_production_index,РАЙОН АҚСУАТ,ақсуат,103400000,район Ақсуат,normalized_name_and_admin_type,1.0,confirmed
industrial_production_index,РАЙОН АҚҚУЛЫ,аққулы,555200000,район Аққулы,normalized_name_and_admin_type,1.0,confirmed
industrial_production_index,РАЙОН БАЙДИБЕКА,байдибека,613600000,район Байдибека,normalized_name_and_admin_type,1.0,confirmed
industrial_production_index,РАЙОН БАЙҚОҢЫР,байқоңыр,,,none,0,unmatched
industrial_production_index,РАЙОН БЕИМБЕТА МАЙЛИНА,беимбета майлина,396400000,район Беимбета Майлина,normalized_name_and_admin_type,1.0,confirmed
industrial_production_index,РАЙОН БИРЖАН САЛ,биржан сал,114500000,район Биржан сал,normalized_name_and_admin_type,1.0,confirmed
industrial_production_index,РАЙОН БӘЙТЕРЕК,бәйтерек,274400000,район Бәйтерек,normalized_name_and_admin_type,1.0,confirmed
industrial_production_index,РАЙОН ЕСИЛЬ,есиль,,,none,0,unmatched
industrial_production_index,РАЙОН ИМ.ГАБИТА МУСРЕПОВА,им габита мусрепова,596600000,Район им.Габита Мусрепова,normalized_name_and_admin_type,1.0,confirmed
industrial_production_index,РАЙОН МАГЖАНА ЖУМАБАЕВА,магжана жумабаева,593600000,Район Магжана Жумабаева,normalized_name_and_admin_type,1.0,confirmed
industrial_production_index,РАЙОН САМАР,самар,635600000,район Самар,normalized_name_and_admin_type,1.0,confirmed
industrial_production_index,РАЙОН САРЫАРКА,сарыарка,,,none,0,unmatched
industrial_production_index,РАЙОН САУРАН,сауран,615500000,район Сауран,normalized_name_and_admin_type,1.0,confirmed
industrial_production_index,РАЙОН ТЕРЕҢКӨЛ,тереңкөл,554800000,район Тереңкөл,normalized_name_and_admin_type,1.0,confirmed
industrial_production_index,РАЙОН ТУРАРА РЫСКУЛОВА,турара рыскулова,315000000,район Турара Рыскулова,normalized_name_and_admin_type,1.0,confirmed
industrial_production_index,РАЙОН ШАЛ АКЫНА,шал акына,595600000,Район Шал акына,normalized_name_and_admin_type,1.0,confirmed
industrial_production_index,РАЙЫМБЕКСКИЙ РАЙОН,райымбекский,195800000,Райымбекский район,normalized_name_and_admin_type,1.0,confirmed
industrial_production_index,РЕСПУБЛИКА КАЗАХСТАН,республика казахстан,,,none,0,unmatched
industrial_production_index,РИДДЕР Г.А.,риддер а,632400000,Риддер Г.А.,normalized_name_and_admin_type,1.0,confirmed
industrial_production_index,РУДНЫЙ Г.А.,рудный а,392400000,Рудный Г.А.,normalized_name_and_admin_type,1.0,confirmed
industrial_production_index,САЙРАМСКИЙ РАЙОН,сайрамский,615200000,Сайрамский район,normalized_name_and_admin_type,1.0,confirmed
industrial_production_index,САНДЫКТАУСКИЙ РАЙОН,сандыктауский,116400000,Сандыктауский район,normalized_name_and_admin_type,1.0,confirmed
industrial_production_index,САРАНЬ Г.А.,сарань а,352200000,Сарань Г.А.,normalized_name_and_admin_type,1.0,confirmed
industrial_production_index,САРКАНСКИЙ РАЙОН,сарканский,334800000,Сарканский район,normalized_name_and_admin_type,1.0,confirmed
industrial_production_index,САРЫАГАШСКИЙ РАЙОН,сарыагашский,615400000,Сарыагашский район,normalized_name_and_admin_type,1.0,confirmed
industrial_production_index,САРЫКОЛЬСКИЙ РАЙОН,сарыкольский,396200000,Сарыкольский район,normalized_name_and_admin_type,1.0,confirmed
industrial_production_index,САРЫСУСКИЙ РАЙОН,сарысуский,316000000,Сарысуский район,normalized_name_and_admin_type,1.0,confirmed
industrial_production_index,САТПАЕВ Г.А.,сатпаев а,622000000,Сатпаев Г.А.,normalized_name_and_admin_type,1.0,confirmed
industrial_production_index,СЕВЕРО-КАЗАХСТАНСКАЯ ОБЛАСТЬ,северо казахстанская,590000000,Северо-Казахстанская область,normalized_name_and_admin_type,1.0,confirmed
industrial_production_index,СЕМЕЙ Г.А.,семей а,101000000,Семей Г.А.,normalized_name_and_admin_type,1.0,confirmed
industrial_production_index,СТЕПНОГОРСК Г.А.,степногорск а,111800000,Степногорск Г.А.,normalized_name_and_admin_type,1.0,confirmed
industrial_production_index,СУЗАКСКИЙ РАЙОН,сузакский,615600000,Сузакский район,normalized_name_and_admin_type,1.0,confirmed
industrial_production_index,СЫРДАРЬИНСКИЙ РАЙОН,сырдарьинский,434800000,Сырдарьинский район,normalized_name_and_admin_type,1.0,confirmed
industrial_production_index,СЫРЫМСКИЙ РАЙОН,сырымский,275800000,Сырымский район,normalized_name_and_admin_type,1.0,confirmed
industrial_production_index,ТАЙЫНШИНСКИЙ РАЙОН,тайыншинский,596000000,Тайыншинский район,normalized_name_and_admin_type,1.0,confirmed
industrial_production_index,ТАЛАССКИЙ РАЙОН,таласский,316200000,Таласский район,normalized_name_and_admin_type,1.0,confirmed
industrial_production_index,ТАЛГАРСКИЙ РАЙОН,талгарский,196200000,Талгарский район,normalized_name_and_admin_type,1.0,confirmed
industrial_production_index,ТАЛДЫКОРГАН Г.А.,талдыкорган а,331000000,Талдыкорган Г.А.,normalized_name_and_admin_type,1.0,confirmed
industrial_production_index,ТАРАЗ Г.А.,тараз а,311000000,Тараз Г.А.,normalized_name_and_admin_type,1.0,confirmed
industrial_production_index,ТАРБАГАТАЙСКИЙ РАЙОН,тарбагатайский,635800000,Тарбагатайский район,normalized_name_and_admin_type,1.0,confirmed
industrial_production_index,ТАСКАЛИНСКИЙ РАЙОН,таскалинский,276000000,Таскалинский район,normalized_name_and_admin_type,1.0,confirmed
industrial_production_index,ТЕКЕЛИ Г.А.,текели а,331800000,Текели Г.А.,normalized_name_and_admin_type,1.0,confirmed
industrial_production_index,ТЕМИРСКИЙ РАЙОН,темирский,155600000,Темирский район,normalized_name_and_admin_type,1.0,confirmed
industrial_production_index,ТЕМИРТАУ Г.А.,темиртау а,352400000,Темиртау Г.А.,normalized_name_and_admin_type,1.0,confirmed
industrial_production_index,ТЕРЕКТИНСКИЙ РАЙОН,теректинский,276200000,Теректинский район,normalized_name_and_admin_type,1.0,confirmed
industrial_production_index,ТИМИРЯЗЕВСКИЙ РАЙОН,тимирязевский,596200000,Тимирязевский район,normalized_name_and_admin_type,1.0,confirmed
industrial_production_index,ТОЛЕБИЙСКИЙ РАЙОН,толебийский,615800000,Толебийский район,normalized_name_and_admin_type,1.0,confirmed
industrial_production_index,ТУПКАРАГАНСКИЙ РАЙОН,тупкараганский,475200000,Тупкараганский район,normalized_name_and_admin_type,1.0,confirmed
industrial_production_index,ТУРКЕСТАН Г.А.,туркестан а,611000000,Туркестан Г.А.,normalized_name_and_admin_type,1.0,confirmed
industrial_production_index,ТУРКЕСТАНСКАЯ ОБЛАСТЬ,туркестанская,610000000,Туркестанская область,normalized_name_and_admin_type,1.0,confirmed
industrial_production_index,ТУРКСИБСКИЙ РАЙОН,турксибский,,,none,0,unmatched
industrial_production_index,ТЮЛЬКУБАССКИЙ РАЙОН,тюлькубасский,616000000,Тюлькубасский район,normalized_name_and_admin_type,1.0,confirmed
industrial_production_index,УАЛИХАНОВСКИЙ РАЙОН,уалихановский,596400000,Уалихановский район,normalized_name_and_admin_type,1.0,confirmed
industrial_production_index,УЗУНКОЛЬСКИЙ РАЙОН,узункольский,396600000,Узункольский район,normalized_name_and_admin_type,1.0,confirmed
industrial_production_index,УИЛСКИЙ РАЙОН,уилский,155200000,Уилский район,normalized_name_and_admin_type,1.0,confirmed
industrial_production_index,УЙГУРСКИЙ РАЙОН,уйгурский,196600000,Уйгурский район,normalized_name_and_admin_type,1.0,confirmed
industrial_production_index,УЛАНСКИЙ РАЙОН,уланский,636200000,Уланский район,normalized_name_and_admin_type,1.0,confirmed
industrial_production_index,УЛЫТАУСКИЙ РАЙОН,улытауский,623800000,Улытауский район,normalized_name_and_admin_type,1.0,confirmed
industrial_production_index,УРАЛЬСК Г.А.,уральск а,271000000,Уральск Г.А.,normalized_name_and_admin_type,1.0,confirmed
industrial_production_index,УРДЖАРСКИЙ РАЙОН,урджарский,104600000,Урджарский район,normalized_name_and_admin_type,1.0,confirmed
industrial_production_index,УСПЕНСКИЙ РАЙОН,успенский,556400000,Успенский район,normalized_name_and_admin_type,1.0,confirmed
industrial_production_index,УСТЬ-КАМЕНОГОРСК Г.А.,усть каменогорск а,631000000,Усть-Каменогорск Г.А.,normalized_name_and_admin_type,1.0,confirmed
industrial_production_index,ФЕДОРОВСКИЙ РАЙОН,федоровский,396800000,Федоровский район,normalized_name_and_admin_type,1.0,confirmed
industrial_production_index,ХОБДИНСКИЙ РАЙОН,хобдинский,154200000,Хобдинский район,normalized_name_and_admin_type,1.0,confirmed
industrial_production_index,ХРОМТАУСКИЙ РАЙОН,хромтауский,156000000,Хромтауский район,normalized_name_and_admin_type,1.0,confirmed
industrial_production_index,ЦЕЛИНОГРАДСКИЙ РАЙОН,целиноградский,116600000,Целиноградский район,normalized_name_and_admin_type,1.0,confirmed
industrial_production_index,ЧИНГИРЛАУСКИЙ РАЙОН,чингирлауский,276600000,Чингирлауский район,normalized_name_and_admin_type,1.0,confirmed
industrial_production_index,ШАЛКАРСКИЙ РАЙОН,шалкарский,156400000,Шалкарский район,normalized_name_and_admin_type,1.0,confirmed
industrial_production_index,ШАРДАРИНСКИЙ РАЙОН,шардаринский,616400000,Шардаринский район,normalized_name_and_admin_type,1.0,confirmed
industrial_production_index,ШАХТИНСК Г.А.,шахтинск а,352800000,Шахтинск Г.А.,normalized_name_and_admin_type,1.0,confirmed
industrial_production_index,ШЕМОНАИХИНСКИЙ РАЙОН,шемонаихинский,636800000,Шемонаихинский район,normalized_name_and_admin_type,1.0,confirmed
industrial_production_index,ШЕТСКИЙ РАЙОН,шетский,356400000,Шетский район,normalized_name_and_admin_type,1.0,confirmed
industrial_production_index,ШИЕЛИЙСКИЙ РАЙОН,шиелийский,435200000,Шиелийский район,normalized_name_and_admin_type,1.0,confirmed
industrial_production_index,ШОРТАНДИНСКИЙ РАЙОН,шортандинский,116800000,Шортандинский район,normalized_name_and_admin_type,1.0,confirmed
industrial_production_index,ШУСКИЙ РАЙОН,шуский,316600000,Шуский район,normalized_name_and_admin_type,1.0,confirmed
industrial_production_index,ШЫМКЕНТ Г.А.,шымкент а,,,none,0,unmatched
industrial_production_index,ЩЕРБАКТИНСКИЙ РАЙОН,щербактинский,556800000,Щербактинский район,normalized_name_and_admin_type,1.0,confirmed
industrial_production_index,ЭКИБАСТУЗ Г.А.,экибастуз а,552200000,Экибастуз Г.А.,normalized_name_and_admin_type,1.0,confirmed
industrial_production_index,ЮЖНО-КАЗАХСТАНСКАЯ ОБЛАСТЬ,южно казахстанская,,,none,0,unmatched
industrial_production_index,ҚОНАЕВ Г.А.,қонаев а,191000000,Қонаев Г.А.,normalized_name_and_admin_type,1.0,confirmed
fixed_capital_investment,АБАЙСКИЙ РАЙОН,абайский,,,none,0,ambiguous
fixed_capital_investment,АЙТЕКЕБИЙСКИЙ РАЙОН,айтекебийский,153400000,Айтекебийский район,normalized_name_and_admin_type,1.0,confirmed
fixed_capital_investment,АЙЫРТАУСКИЙ РАЙОН,айыртауский,593200000,Айыртауский район,normalized_name_and_admin_type,1.0,confirmed
fixed_capital_investment,АКЖАИКСКИЙ РАЙОН,акжаикский,273200000,Акжаикский район,normalized_name_and_admin_type,1.0,confirmed
fixed_capital_investment,АКЖАРСКИЙ РАЙОН,акжарский,593400000,Акжарский район,normalized_name_and_admin_type,1.0,confirmed
fixed_capital_investment,АККАЙЫНСКИЙ РАЙОН,аккайынский,595800000,Аккайынский район,normalized_name_and_admin_type,1.0,confirmed
fixed_capital_investment,АККОЛЬСКИЙ РАЙОН,аккольский,113200000,Аккольский район,normalized_name_and_admin_type,1.0,confirmed
fixed_capital_investment,АКМОЛИНСКАЯ ОБЛАСТЬ,акмолинская,110000000,Акмолинская область,normalized_name_and_admin_type,1.0,confirmed
fixed_capital_investment,АКСУ Г.А.,аксу а,551600000,Аксу Г.А.,normalized_name_and_admin_type,1.0,confirmed
fixed_capital_investment,АКСУСКИЙ РАЙОН,аксуский,333200000,Аксуский район,normalized_name_and_admin_type,1.0,confirmed
fixed_capital_investment,АКТАУ Г.А.,актау а,471000000,Актау Г.А.,normalized_name_and_admin_type,1.0,confirmed
fixed_capital_investment,АКТОБЕ Г.А.,актобе а,151000000,Актобе Г.А.,normalized_name_and_admin_type,1.0,confirmed
fixed_capital_investment,АКТОГАЙСКИЙ РАЙОН,актогайский,,,none,0,ambiguous
fixed_capital_investment,АКТЮБИНСКАЯ ОБЛАСТЬ,актюбинская,150000000,Актюбинская область,normalized_name_and_admin_type,1.0,confirmed
fixed_capital_investment,АЛАКОЛЬСКИЙ РАЙОН,алакольский,333400000,Алакольский район,normalized_name_and_admin_type,1.0,confirmed
fixed_capital_investment,АЛАТАУСКИЙ РАЙОН,алатауский,,,none,0,unmatched
fixed_capital_investment,АЛГИНСКИЙ РАЙОН,алгинский,153200000,Алгинский район,normalized_name_and_admin_type,1.0,confirmed
fixed_capital_investment,АЛМАЛИНСКИЙ РАЙОН,алмалинский,,,none,0,unmatched
fixed_capital_investment,АЛМАТИНСКАЯ ОБЛАСТЬ,алматинская,190000000,Алматинская область,normalized_name_and_admin_type,1.0,confirmed
fixed_capital_investment,АЛТЫНСАРИНСКИЙ РАЙОН,алтынсаринский,393200000,Алтынсаринский район,normalized_name_and_admin_type,1.0,confirmed
fixed_capital_investment,АЛЬ-ФАРАБИЙСКИЙ РАЙОН,аль фарабийский,,,none,0,unmatched
fixed_capital_investment,АМАНГЕЛЬДИНСКИЙ РАЙОН,амангельдинский,393400000,Амангельдинский район,normalized_name_and_admin_type,1.0,confirmed
fixed_capital_investment,АРАЛЬСКИЙ РАЙОН,аральский,433200000,Аральский район,normalized_name_and_admin_type,1.0,confirmed
fixed_capital_investment,АРКАЛЫК Г.А.,аркалык а,391600000,Аркалык Г.А.,normalized_name_and_admin_type,1.0,confirmed
fixed_capital_investment,АРШАЛЫНСКИЙ РАЙОН,аршалынский,113400000,Аршалынский район,normalized_name_and_admin_type,1.0,confirmed
fixed_capital_investment,АРЫСЬ Г.А.,арысь а,611600000,Арысь Г.А.,normalized_name_and_admin_type,1.0,confirmed
fixed_capital_investment,АСТРАХАНСКИЙ РАЙОН,астраханский,113600000,Астраханский район,normalized_name_and_admin_type,1.0,confirmed
fixed_capital_investment,АТБАСАРСКИЙ РАЙОН,атбасарский,113800000,Атбасарский район,normalized_name_and_admin_type,1.0,confirmed
fixed_capital_investment,АТЫРАУ Г.А.,атырау а,231000000,Атырау Г.А.,normalized_name_and_admin_type,1.0,confirmed
fixed_capital_investment,АТЫРАУСКАЯ ОБЛАСТЬ,атырауская,230000000,Атырауская область,normalized_name_and_admin_type,1.0,confirmed
fixed_capital_investment,АУЛИЕКОЛЬСКИЙ РАЙОН,аулиекольский,393600000,Аулиекольский район,normalized_name_and_admin_type,1.0,confirmed
fixed_capital_investment,АУЭЗОВСКИЙ РАЙОН,ауэзовский,,,none,0,unmatched
fixed_capital_investment,АЯГОЗСКИЙ РАЙОН,аягозский,103600000,Аягозский район,normalized_name_and_admin_type,1.0,confirmed
fixed_capital_investment,БАЙГАНИНСКИЙ РАЙОН,байганинский,153600000,Байганинский район,normalized_name_and_admin_type,1.0,confirmed
fixed_capital_investment,БАЙЗАКСКИЙ РАЙОН,байзакский,313600000,Байзакский район,normalized_name_and_admin_type,1.0,confirmed
fixed_capital_investment,БАЙКОНЫР Г.А.,байконыр а,431900000,Байконыр Г.А.,normalized_name_and_admin_type,1.0,confirmed
fixed_capital_investment,БАЛХАШ Г.А.,балхаш а,351600000,Балхаш Г.А.,normalized_name_and_admin_type,1.0,confirmed
fixed_capital_investment,БАЛХАШСКИЙ РАЙОН,балхашский,193600000,Балхашский район,normalized_name_and_admin_type,1.0,confirmed
fixed_capital_investment,БАЯНАУЛЬСКИЙ РАЙОН,баянаульский,553600000,Баянаульский район,normalized_name_and_admin_type,1.0,confirmed
fixed_capital_investment,БЕЙНЕУСКИЙ РАЙОН,бейнеуский,473600000,Бейнеуский район,normalized_name_and_admin_type,1.0,confirmed
fixed_capital_investment,БЕСКАРАГАЙСКИЙ РАЙОН,бескарагайский,103800000,Бескарагайский район,normalized_name_and_admin_type,1.0,confirmed
fixed_capital_investment,БОКЕЙОРДИНСКИЙ РАЙОН,бокейординский,275400000,Бокейординский район,normalized_name_and_admin_type,1.0,confirmed
fixed_capital_investment,БОРОДУЛИХИНСКИЙ РАЙОН,бородулихинский,104000000,Бородулихинский район,normalized_name_and_admin_type,1.0,confirmed
fixed_capital_investment,БОСТАНДЫКСКИЙ РАЙОН,бостандыкский,,,none,0,unmatched
fixed_capital_investment,БУЛАНДЫНСКИЙ РАЙОН,буландынский,114000000,Буландынский район,normalized_name_and_admin_type,1.0,confirmed
fixed_capital_investment,БУРАБАЙСКИЙ РАЙОН,бурабайский,117000000,Бурабайский район,normalized_name_and_admin_type,1.0,confirmed
fixed_capital_investment,БУРЛИНСКИЙ РАЙОН,бурлинский,273600000,Бурлинский район,normalized_name_and_admin_type,1.0,confirmed
fixed_capital_investment,БУХАР-ЖЫРАУСКИЙ РАЙОН,бухар жырауский,354000000,Бухар-Жырауский район,normalized_name_and_admin_type,1.0,confirmed
fixed_capital_investment,ВОСТОЧНО-КАЗАХСТАНСКАЯ ОБЛАСТЬ,восточно казахстанская,630000000,Восточно-Казахстанская область,normalized_name_and_admin_type,1.0,confirmed
fixed_capital_investment,Г.АЛМАТЫ,алматы,750000000,г.Алматы,normalized_name_and_admin_type,1.0,confirmed
fixed_capital_investment,Г.АСТАНА,астана,710000000,г.Астана,normalized_name_and_admin_type,1.0,confirmed
fixed_capital_investment,Г.ШЫМКЕНТ,шымкент,790000000,г.Шымкент,normalized_name_and_admin_type,1.0,confirmed
fixed_capital_investment,ГЛУБОКОВСКИЙ РАЙОН,глубоковский,634000000,Глубоковский район,normalized_name_and_admin_type,1.0,confirmed
fixed_capital_investment,ДЕНИСОВСКИЙ РАЙОН,денисовский,394000000,Денисовский район,normalized_name_and_admin_type,1.0,confirmed
fixed_capital_investment,ЕГИНДЫКОЛЬСКИЙ РАЙОН,егиндыкольский,114400000,Егиндыкольский район,normalized_name_and_admin_type,1.0,confirmed
fixed_capital_investment,ЕНБЕКШИКАЗАХСКИЙ РАЙОН,енбекшиказахский,194000000,Енбекшиказахский район,normalized_name_and_admin_type,1.0,confirmed
fixed_capital_investment,ЕНБЕКШИНСКИЙ РАЙОН,енбекшинский,,,none,0,unmatched
fixed_capital_investment,ЕРЕЙМЕНТАУСКИЙ РАЙОН,ерейментауский,114600000,Ерейментауский район,normalized_name_and_admin_type,1.0,confirmed
fixed_capital_investment,ЕСИЛЬСКИЙ РАЙОН,есильский,,,none,0,ambiguous
fixed_capital_investment,ЕСКЕЛЬДИНСКИЙ РАЙОН,ескельдинский,333600000,Ескельдинский район,normalized_name_and_admin_type,1.0,confirmed
fixed_capital_investment,ЖАКСЫНСКИЙ РАЙОН,жаксынский,115200000,Жаксынский район,normalized_name_and_admin_type,1.0,confirmed
fixed_capital_investment,ЖАЛАГАШСКИЙ РАЙОН,жалагашский,433600000,Жалагашский район,normalized_name_and_admin_type,1.0,confirmed
fixed_capital_investment,ЖАМБЫЛСКАЯ ОБЛАСТЬ,жамбылская,310000000,Жамбылская область,normalized_name_and_admin_type,1.0,confirmed
fixed_capital_investment,ЖАМБЫЛСКИЙ РАЙОН,жамбылский,,,none,0,ambiguous
fixed_capital_investment,ЖАНААРКИНСКИЙ РАЙОН,жанааркинский,623600000,Жанааркинский район,normalized_name_and_admin_type,1.0,confirmed
fixed_capital_investment,ЖАНАКОРГАНСКИЙ РАЙОН,жанакорганский,434000000,Жанакорганский район,normalized_name_and_admin_type,1.0,confirmed
fixed_capital_investment,ЖАНАОЗЕН Г.А.,жанаозен а,471800000,Жанаозен Г.А.,normalized_name_and_admin_type,1.0,confirmed
fixed_capital_investment,ЖАНГАЛИНСКИЙ РАЙОН,жангалинский,274000000,Жангалинский район,normalized_name_and_admin_type,1.0,confirmed
fixed_capital_investment,ЖАНГЕЛЬДИНСКИЙ РАЙОН,жангельдинский,394200000,Жангельдинский район,normalized_name_and_admin_type,1.0,confirmed
fixed_capital_investment,ЖАНИБЕКСКИЙ РАЙОН,жанибекский,274200000,Жанибекский район,normalized_name_and_admin_type,1.0,confirmed
fixed_capital_investment,ЖАРКАИНСКИЙ РАЙОН,жаркаинский,115400000,Жаркаинский район,normalized_name_and_admin_type,1.0,confirmed
fixed_capital_investment,ЖАРМИНСКИЙ РАЙОН,жарминский,104200000,Жарминский район,normalized_name_and_admin_type,1.0,confirmed
fixed_capital_investment,ЖЕЗКАЗГАН Г.А.,жезказган а,621000000,Жезказган Г.А.,normalized_name_and_admin_type,1.0,confirmed
fixed_capital_investment,ЖЕЛЕЗИНСКИЙ РАЙОН,железинский,554200000,Железинский район,normalized_name_and_admin_type,1.0,confirmed
fixed_capital_investment,ЖЕТЫСАЙСКИЙ РАЙОН,жетысайский,613800000,Жетысайский район,normalized_name_and_admin_type,1.0,confirmed
fixed_capital_investment,ЖЕТЫСУСКИЙ РАЙОН,жетысуский,,,none,0,unmatched
fixed_capital_investment,ЖИТИКАРИНСКИЙ РАЙОН,житикаринский,394400000,Житикаринский район,normalized_name_and_admin_type,1.0,confirmed
fixed_capital_investment,ЖУАЛЫНСКИЙ РАЙОН,жуалынский,314200000,Жуалынский район,normalized_name_and_admin_type,1.0,confirmed
fixed_capital_investment,ЖЫЛЫОЙСКИЙ РАЙОН,жылыойский,233600000,Жылыойский район,normalized_name_and_admin_type,1.0,confirmed
fixed_capital_investment,ЗАЙСАНСКИЙ РАЙОН,зайсанский,634600000,Зайсанский район,normalized_name_and_admin_type,1.0,confirmed
fixed_capital_investment,ЗАПАДНО-КАЗАХСТАНСКАЯ ОБЛАСТЬ,западно казахстанская,270000000,Западно-Казахстанская область,normalized_name_and_admin_type,1.0,confirmed
fixed_capital_investment,ЗЕРЕНДИНСКИЙ РАЙОН,зерендинский,115600000,Зерендинский район,normalized_name_and_admin_type,1.0,confirmed
fixed_capital_investment,ИЛИЙСКИЙ РАЙОН,илийский,196800000,Илийский район,normalized_name_and_admin_type,1.0,confirmed
fixed_capital_investment,ИНДЕРСКИЙ РАЙОН,индерский,234000000,Индерский район,normalized_name_and_admin_type,1.0,confirmed
fixed_capital_investment,ИРГИЗСКИЙ РАЙОН,иргизский,156800000,Иргизский район,normalized_name_and_admin_type,1.0,confirmed
fixed_capital_investment,ИРТЫШСКИЙ РАЙОН,иртышский,554600000,Иртышский район,normalized_name_and_admin_type,1.0,confirmed
fixed_capital_investment,ИСАТАЙСКИЙ РАЙОН,исатайский,234200000,Исатайский район,normalized_name_and_admin_type,1.0,confirmed
fixed_capital_investment,КАЗАЛИНСКИЙ РАЙОН,казалинский,434400000,Казалинский район,normalized_name_and_admin_type,1.0,confirmed
fixed_capital_investment,КАЗТАЛОВСКИЙ РАЙОН,казталовский,274800000,Казталовский район,normalized_name_and_admin_type,1.0,confirmed
fixed_capital_investment,КАЗЫГУРТСКИЙ РАЙОН,казыгуртский,614000000,Казыгуртский район,normalized_name_and_admin_type,1.0,confirmed
fixed_capital_investment,КАМЫСТИНСКИЙ РАЙОН,камыстинский,394800000,Камыстинский район,normalized_name_and_admin_type,1.0,confirmed
fixed_capital_investment,КАРАБАЛЫКСКИЙ РАЙОН,карабалыкский,395000000,Карабалыкский район,normalized_name_and_admin_type,1.0,confirmed
fixed_capital_investment,КАРАГАНДА Г.А.,караганда а,351000000,Караганда Г.А.,normalized_name_and_admin_type,1.0,confirmed
fixed_capital_investment,КАРАГАНДИНСКАЯ ОБЛАСТЬ,карагандинская,350000000,Карагандинская область,normalized_name_and_admin_type,1.0,confirmed
fixed_capital_investment,КАРАЖАЛ Г.А.,каражал а,621800000,Каражал Г.А.,normalized_name_and_admin_type,1.0,confirmed
fixed_capital_investment,КАРАКИЯНСКИЙ РАЙОН,каракиянский,474200000,Каракиянский район,normalized_name_and_admin_type,1.0,confirmed
fixed_capital_investment,КАРАСАЙСКИЙ РАЙОН,карасайский,195200000,Карасайский район,normalized_name_and_admin_type,1.0,confirmed
fixed_capital_investment,КАРАСУСКИЙ РАЙОН,карасуский,395200000,Карасуский район,normalized_name_and_admin_type,1.0,confirmed
fixed_capital_investment,КАРАТАЛЬСКИЙ РАЙОН,каратальский,334400000,Каратальский район,normalized_name_and_admin_type,1.0,confirmed
fixed_capital_investment,КАРАТАУСКИЙ РАЙОН,каратауский,,,none,0,unmatched
fixed_capital_investment,КАРАТОБИНСКИЙ РАЙОН,каратобинский,275000000,Каратобинский район,normalized_name_and_admin_type,1.0,confirmed
fixed_capital_investment,КАРГАЛИНСКИЙ РАЙОН,каргалинский,154000000,Каргалинский район,normalized_name_and_admin_type,1.0,confirmed
fixed_capital_investment,КАРКАРАЛИНСКИЙ РАЙОН,каркаралинский,354800000,Каркаралинский район,normalized_name_and_admin_type,1.0,confirmed
fixed_capital_investment,КАРМАКШИНСКИЙ РАЙОН,кармакшинский,434600000,Кармакшинский район,normalized_name_and_admin_type,1.0,confirmed
fixed_capital_investment,КАТОН-КАРАГАЙСКИЙ РАЙОН,катон карагайский,635400000,Катон-Карагайский район,normalized_name_and_admin_type,1.0,confirmed
fixed_capital_investment,КЕГЕНСКИЙ РАЙОН,кегенский,194400000,Кегенский район,normalized_name_and_admin_type,1.0,confirmed
fixed_capital_investment,КЕЛЕССКИЙ РАЙОН,келесский,613900000,Келесский район,normalized_name_and_admin_type,1.0,confirmed
fixed_capital_investment,КЕНТАУ Г.А.,кентау а,612000000,Кентау Г.А.,normalized_name_and_admin_type,1.0,confirmed
fixed_capital_investment,КЕРБУЛАКСКИЙ РАЙОН,кербулакский,334000000,Кербулакский район,normalized_name_and_admin_type,1.0,confirmed
fixed_capital_investment,КЗЫЛКОГИНСКИЙ РАЙОН,кзылкогинский,234800000,Кзылкогинский район,normalized_name_and_admin_type,1.0,confirmed
fixed_capital_investment,КОКПЕКТИНСКИЙ РАЙОН,кокпектинский,104400000,Кокпектинский район,normalized_name_and_admin_type,1.0,confirmed
fixed_capital_investment,КОКСУСКИЙ РАЙОН,коксуский,334200000,Коксуский район,normalized_name_and_admin_type,1.0,confirmed
fixed_capital_investment,КОКШЕТАУ Г.А.,кокшетау а,111000000,Кокшетау Г.А.,normalized_name_and_admin_type,1.0,confirmed
fixed_capital_investment,КОРГАЛЖЫНСКИЙ РАЙОН,коргалжынский,116000000,Коргалжынский район,normalized_name_and_admin_type,1.0,confirmed
fixed_capital_investment,КОРДАЙСКИЙ РАЙОН,кордайский,314800000,Кордайский район,normalized_name_and_admin_type,1.0,confirmed
fixed_capital_investment,КОСТАНАЙ Г.А.,костанай а,391000000,Костанай Г.А.,normalized_name_and_admin_type,1.0,confirmed
fixed_capital_investment,КОСТАНАЙСКАЯ ОБЛАСТЬ,костанайская,390000000,Костанайская область,normalized_name_and_admin_type,1.0,confirmed
fixed_capital_investment,КОСТАНАЙСКИЙ РАЙОН,костанайский,395400000,Костанайский район,normalized_name_and_admin_type,1.0,confirmed
fixed_capital_investment,КУРМАНГАЗИНСКИЙ РАЙОН,курмангазинский,234600000,Курмангазинский район,normalized_name_and_admin_type,1.0,confirmed
fixed_capital_investment,КУРЧАТОВ Г.А.,курчатов а,101800000,Курчатов Г.А.,normalized_name_and_admin_type,1.0,confirmed
fixed_capital_investment,КУРЧУМСКИЙ РАЙОН,курчумский,635200000,Курчумский район,normalized_name_and_admin_type,1.0,confirmed
fixed_capital_investment,КЫЗЫЛЖАРСКИЙ РАЙОН,кызылжарский,595000000,Кызылжарский район,normalized_name_and_admin_type,1.0,confirmed
fixed_capital_investment,КЫЗЫЛОРДА Г.А.,кызылорда а,431000000,Кызылорда Г.А.,normalized_name_and_admin_type,1.0,confirmed
fixed_capital_investment,КЫЗЫЛОРДИНСКАЯ ОБЛАСТЬ,кызылординская,430000000,Кызылординская область,normalized_name_and_admin_type,1.0,confirmed
fixed_capital_investment,ЛИСАКОВСК Г.А.,лисаковск а,392000000,Лисаковск Г.А.,normalized_name_and_admin_type,1.0,confirmed
fixed_capital_investment,МАЙСКИЙ РАЙОН,майский,555600000,Майский район,normalized_name_and_admin_type,1.0,confirmed
fixed_capital_investment,МАКАТСКИЙ РАЙОН,макатский,235200000,Макатский район,normalized_name_and_admin_type,1.0,confirmed
fixed_capital_investment,МАКТААРАЛЬСКИЙ РАЙОН,мактааральский,614400000,Мактааральский район,normalized_name_and_admin_type,1.0,confirmed
fixed_capital_investment,МАМЛЮТСКИЙ РАЙОН,мамлютский,595200000,Мамлютский район,normalized_name_and_admin_type,1.0,confirmed
fixed_capital_investment,МАНГИСТАУСКАЯ ОБЛАСТЬ,мангистауская,470000000,Мангистауская область,normalized_name_and_admin_type,1.0,confirmed
fixed_capital_investment,МАНГИСТАУСКИЙ РАЙОН,мангистауский,474600000,Мангистауский район,normalized_name_and_admin_type,1.0,confirmed
fixed_capital_investment,МАРТУКСКИЙ РАЙОН,мартукский,154600000,Мартукский район,normalized_name_and_admin_type,1.0,confirmed
fixed_capital_investment,МАХАМБЕТСКИЙ РАЙОН,махамбетский,235600000,Махамбетский район,normalized_name_and_admin_type,1.0,confirmed
fixed_capital_investment,МЕДЕУСКИЙ РАЙОН,медеуский,,,none,0,unmatched
fixed_capital_investment,МЕНДЫКАРИНСКИЙ РАЙОН,мендыкаринский,395600000,Мендыкаринский район,normalized_name_and_admin_type,1.0,confirmed
fixed_capital_investment,МЕРКЕНСКИЙ РАЙОН,меркенский,315400000,Меркенский район,normalized_name_and_admin_type,1.0,confirmed
fixed_capital_investment,МОЙЫНКУМСКИЙ РАЙОН,мойынкумский,315600000,Мойынкумский район,normalized_name_and_admin_type,1.0,confirmed
fixed_capital_investment,МУГАЛЖАРСКИЙ РАЙОН,мугалжарский,154800000,Мугалжарский район,normalized_name_and_admin_type,1.0,confirmed
fixed_capital_investment,МУНАЙЛИНСКИЙ РАЙОН,мунайлинский,475000000,Мунайлинский район,normalized_name_and_admin_type,1.0,confirmed
fixed_capital_investment,НАУРЗУМСКИЙ РАЙОН,наурзумский,395800000,Наурзумский район,normalized_name_and_admin_type,1.0,confirmed
fixed_capital_investment,НАУРЫЗБАЙСКИЙ РАЙОН,наурызбайский,,,none,0,unmatched
fixed_capital_investment,НУРИНСКИЙ РАЙОН,нуринский,355200000,Нуринский район,normalized_name_and_admin_type,1.0,confirmed
fixed_capital_investment,ОРДАБАСЫНСКИЙ РАЙОН,ордабасынский,614600000,Ордабасынский район,normalized_name_and_admin_type,1.0,confirmed
fixed_capital_investment,ОСАКАРОВСКИЙ РАЙОН,осакаровский,355600000,Осакаровский район,normalized_name_and_admin_type,1.0,confirmed
fixed_capital_investment,ОТРАРСКИЙ РАЙОН,отрарский,614800000,Отрарский район,normalized_name_and_admin_type,1.0,confirmed
fixed_capital_investment,ПАВЛОДАР Г.А.,павлодар а,551000000,Павлодар Г.А.,normalized_name_and_admin_type,1.0,confirmed
fixed_capital_investment,ПАВЛОДАРСКАЯ ОБЛАСТЬ,павлодарская,550000000,Павлодарская область,normalized_name_and_admin_type,1.0,confirmed
fixed_capital_investment,ПАВЛОДАРСКИЙ РАЙОН,павлодарский,556000000,Павлодарский район,normalized_name_and_admin_type,1.0,confirmed
fixed_capital_investment,ПАНФИЛОВСКИЙ РАЙОН,панфиловский,334600000,Панфиловский район,normalized_name_and_admin_type,1.0,confirmed
fixed_capital_investment,ПЕТРОПАВЛОВСК Г.А.,петропавловск а,591000000,Петропавловск Г.А.,normalized_name_and_admin_type,1.0,confirmed
fixed_capital_investment,ПРИОЗЕРСК Г.А.,приозерск а,352100000,Приозерск Г.А.,normalized_name_and_admin_type,1.0,confirmed
fixed_capital_investment,РАЙОН АЛМАТЫ,алматы,,,none,0,unmatched
fixed_capital_investment,РАЙОН АЛТАЙ,алтай,634800000,район Алтай,normalized_name_and_admin_type,1.0,confirmed
fixed_capital_investment,РАЙОН АҚҚУЛЫ,аққулы,555200000,район Аққулы,normalized_name_and_admin_type,1.0,confirmed
fixed_capital_investment,РАЙОН БАЙДИБЕКА,байдибека,613600000,район Байдибека,normalized_name_and_admin_type,1.0,confirmed
fixed_capital_investment,РАЙОН БАЙҚОҢЫР,байқоңыр,,,none,0,unmatched
fixed_capital_investment,РАЙОН БЕИМБЕТА МАЙЛИНА,беимбета майлина,396400000,район Беимбета Майлина,normalized_name_and_admin_type,1.0,confirmed
fixed_capital_investment,РАЙОН БИРЖАН САЛ,биржан сал,114500000,район Биржан сал,normalized_name_and_admin_type,1.0,confirmed
fixed_capital_investment,РАЙОН БӘЙТЕРЕК,бәйтерек,274400000,район Бәйтерек,normalized_name_and_admin_type,1.0,confirmed
fixed_capital_investment,РАЙОН ЕСИЛЬ,есиль,,,none,0,unmatched
fixed_capital_investment,РАЙОН ИМ.ГАБИТА МУСРЕПОВА,им габита мусрепова,596600000,Район им.Габита Мусрепова,normalized_name_and_admin_type,1.0,confirmed
fixed_capital_investment,РАЙОН МАГЖАНА ЖУМАБАЕВА,магжана жумабаева,593600000,Район Магжана Жумабаева,normalized_name_and_admin_type,1.0,confirmed
fixed_capital_investment,РАЙОН САРЫАРКА,сарыарка,,,none,0,unmatched
fixed_capital_investment,РАЙОН ТЕРЕҢКӨЛ,тереңкөл,554800000,район Тереңкөл,normalized_name_and_admin_type,1.0,confirmed
fixed_capital_investment,РАЙОН ТУРАРА РЫСКУЛОВА,турара рыскулова,315000000,район Турара Рыскулова,normalized_name_and_admin_type,1.0,confirmed
fixed_capital_investment,РАЙОН ШАЛ АКЫНА,шал акына,595600000,Район Шал акына,normalized_name_and_admin_type,1.0,confirmed
fixed_capital_investment,РАЙЫМБЕКСКИЙ РАЙОН,райымбекский,195800000,Райымбекский район,normalized_name_and_admin_type,1.0,confirmed
fixed_capital_investment,РЕСПУБЛИКА КАЗАХСТАН,республика казахстан,,,none,0,unmatched
fixed_capital_investment,РИДДЕР Г.А.,риддер а,632400000,Риддер Г.А.,normalized_name_and_admin_type,1.0,confirmed
fixed_capital_investment,РУДНЫЙ Г.А.,рудный а,392400000,Рудный Г.А.,normalized_name_and_admin_type,1.0,confirmed
fixed_capital_investment,САЙРАМСКИЙ РАЙОН,сайрамский,615200000,Сайрамский район,normalized_name_and_admin_type,1.0,confirmed
fixed_capital_investment,САНДЫКТАУСКИЙ РАЙОН,сандыктауский,116400000,Сандыктауский район,normalized_name_and_admin_type,1.0,confirmed
fixed_capital_investment,САРАНЬ Г.А.,сарань а,352200000,Сарань Г.А.,normalized_name_and_admin_type,1.0,confirmed
fixed_capital_investment,САРКАНСКИЙ РАЙОН,сарканский,334800000,Сарканский район,normalized_name_and_admin_type,1.0,confirmed
fixed_capital_investment,САРЫАГАШСКИЙ РАЙОН,сарыагашский,615400000,Сарыагашский район,normalized_name_and_admin_type,1.0,confirmed
fixed_capital_investment,САРЫКОЛЬСКИЙ РАЙОН,сарыкольский,396200000,Сарыкольский район,normalized_name_and_admin_type,1.0,confirmed
fixed_capital_investment,САРЫСУСКИЙ РАЙОН,сарысуский,316000000,Сарысуский район,normalized_name_and_admin_type,1.0,confirmed
fixed_capital_investment,САТПАЕВ Г.А.,сатпаев а,622000000,Сатпаев Г.А.,normalized_name_and_admin_type,1.0,confirmed
fixed_capital_investment,СЕВЕРО-КАЗАХСТАНСКАЯ ОБЛАСТЬ,северо казахстанская,590000000,Северо-Казахстанская область,normalized_name_and_admin_type,1.0,confirmed
fixed_capital_investment,СЕМЕЙ Г.А.,семей а,101000000,Семей Г.А.,normalized_name_and_admin_type,1.0,confirmed
fixed_capital_investment,СТЕПНОГОРСК Г.А.,степногорск а,111800000,Степногорск Г.А.,normalized_name_and_admin_type,1.0,confirmed
fixed_capital_investment,СУЗАКСКИЙ РАЙОН,сузакский,615600000,Сузакский район,normalized_name_and_admin_type,1.0,confirmed
fixed_capital_investment,СЫРДАРЬИНСКИЙ РАЙОН,сырдарьинский,434800000,Сырдарьинский район,normalized_name_and_admin_type,1.0,confirmed
fixed_capital_investment,СЫРЫМСКИЙ РАЙОН,сырымский,275800000,Сырымский район,normalized_name_and_admin_type,1.0,confirmed
fixed_capital_investment,ТАЙЫНШИНСКИЙ РАЙОН,тайыншинский,596000000,Тайыншинский район,normalized_name_and_admin_type,1.0,confirmed
fixed_capital_investment,ТАЛАССКИЙ РАЙОН,таласский,316200000,Таласский район,normalized_name_and_admin_type,1.0,confirmed
fixed_capital_investment,ТАЛГАРСКИЙ РАЙОН,талгарский,196200000,Талгарский район,normalized_name_and_admin_type,1.0,confirmed
fixed_capital_investment,ТАЛДЫКОРГАН Г.А.,талдыкорган а,331000000,Талдыкорган Г.А.,normalized_name_and_admin_type,1.0,confirmed
fixed_capital_investment,ТАРАЗ Г.А.,тараз а,311000000,Тараз Г.А.,normalized_name_and_admin_type,1.0,confirmed
fixed_capital_investment,ТАРБАГАТАЙСКИЙ РАЙОН,тарбагатайский,635800000,Тарбагатайский район,normalized_name_and_admin_type,1.0,confirmed
fixed_capital_investment,ТАСКАЛИНСКИЙ РАЙОН,таскалинский,276000000,Таскалинский район,normalized_name_and_admin_type,1.0,confirmed
fixed_capital_investment,ТЕКЕЛИ Г.А.,текели а,331800000,Текели Г.А.,normalized_name_and_admin_type,1.0,confirmed
fixed_capital_investment,ТЕМИРСКИЙ РАЙОН,темирский,155600000,Темирский район,normalized_name_and_admin_type,1.0,confirmed
fixed_capital_investment,ТЕМИРТАУ Г.А.,темиртау а,352400000,Темиртау Г.А.,normalized_name_and_admin_type,1.0,confirmed
fixed_capital_investment,ТЕРЕКТИНСКИЙ РАЙОН,теректинский,276200000,Теректинский район,normalized_name_and_admin_type,1.0,confirmed
fixed_capital_investment,ТИМИРЯЗЕВСКИЙ РАЙОН,тимирязевский,596200000,Тимирязевский район,normalized_name_and_admin_type,1.0,confirmed
fixed_capital_investment,ТОЛЕБИЙСКИЙ РАЙОН,толебийский,615800000,Толебийский район,normalized_name_and_admin_type,1.0,confirmed
fixed_capital_investment,ТУПКАРАГАНСКИЙ РАЙОН,тупкараганский,475200000,Тупкараганский район,normalized_name_and_admin_type,1.0,confirmed
fixed_capital_investment,ТУРКЕСТАН Г.А.,туркестан а,611000000,Туркестан Г.А.,normalized_name_and_admin_type,1.0,confirmed
fixed_capital_investment,ТУРКЕСТАНСКАЯ ОБЛАСТЬ,туркестанская,610000000,Туркестанская область,normalized_name_and_admin_type,1.0,confirmed
fixed_capital_investment,ТУРКСИБСКИЙ РАЙОН,турксибский,,,none,0,unmatched
fixed_capital_investment,ТЮЛЬКУБАССКИЙ РАЙОН,тюлькубасский,616000000,Тюлькубасский район,normalized_name_and_admin_type,1.0,confirmed
fixed_capital_investment,УАЛИХАНОВСКИЙ РАЙОН,уалихановский,596400000,Уалихановский район,normalized_name_and_admin_type,1.0,confirmed
fixed_capital_investment,УЗУНКОЛЬСКИЙ РАЙОН,узункольский,396600000,Узункольский район,normalized_name_and_admin_type,1.0,confirmed
fixed_capital_investment,УИЛСКИЙ РАЙОН,уилский,155200000,Уилский район,normalized_name_and_admin_type,1.0,confirmed
fixed_capital_investment,УЙГУРСКИЙ РАЙОН,уйгурский,196600000,Уйгурский район,normalized_name_and_admin_type,1.0,confirmed
fixed_capital_investment,УЛАНСКИЙ РАЙОН,уланский,636200000,Уланский район,normalized_name_and_admin_type,1.0,confirmed
fixed_capital_investment,УЛЫТАУСКИЙ РАЙОН,улытауский,623800000,Улытауский район,normalized_name_and_admin_type,1.0,confirmed
fixed_capital_investment,УРАЛЬСК Г.А.,уральск а,271000000,Уральск Г.А.,normalized_name_and_admin_type,1.0,confirmed
fixed_capital_investment,УРДЖАРСКИЙ РАЙОН,урджарский,104600000,Урджарский район,normalized_name_and_admin_type,1.0,confirmed
fixed_capital_investment,УСПЕНСКИЙ РАЙОН,успенский,556400000,Успенский район,normalized_name_and_admin_type,1.0,confirmed
fixed_capital_investment,УСТЬ-КАМЕНОГОРСК Г.А.,усть каменогорск а,631000000,Усть-Каменогорск Г.А.,normalized_name_and_admin_type,1.0,confirmed
fixed_capital_investment,ФЕДОРОВСКИЙ РАЙОН,федоровский,396800000,Федоровский район,normalized_name_and_admin_type,1.0,confirmed
fixed_capital_investment,ХОБДИНСКИЙ РАЙОН,хобдинский,154200000,Хобдинский район,normalized_name_and_admin_type,1.0,confirmed
fixed_capital_investment,ХРОМТАУСКИЙ РАЙОН,хромтауский,156000000,Хромтауский район,normalized_name_and_admin_type,1.0,confirmed
fixed_capital_investment,ЦЕЛИНОГРАДСКИЙ РАЙОН,целиноградский,116600000,Целиноградский район,normalized_name_and_admin_type,1.0,confirmed
fixed_capital_investment,ЧИНГИРЛАУСКИЙ РАЙОН,чингирлауский,276600000,Чингирлауский район,normalized_name_and_admin_type,1.0,confirmed
fixed_capital_investment,ШАЛКАРСКИЙ РАЙОН,шалкарский,156400000,Шалкарский район,normalized_name_and_admin_type,1.0,confirmed
fixed_capital_investment,ШАРДАРИНСКИЙ РАЙОН,шардаринский,616400000,Шардаринский район,normalized_name_and_admin_type,1.0,confirmed
fixed_capital_investment,ШАХТИНСК Г.А.,шахтинск а,352800000,Шахтинск Г.А.,normalized_name_and_admin_type,1.0,confirmed
fixed_capital_investment,ШЕМОНАИХИНСКИЙ РАЙОН,шемонаихинский,636800000,Шемонаихинский район,normalized_name_and_admin_type,1.0,confirmed
fixed_capital_investment,ШЕТСКИЙ РАЙОН,шетский,356400000,Шетский район,normalized_name_and_admin_type,1.0,confirmed
fixed_capital_investment,ШИЕЛИЙСКИЙ РАЙОН,шиелийский,435200000,Шиелийский район,normalized_name_and_admin_type,1.0,confirmed
fixed_capital_investment,ШОРТАНДИНСКИЙ РАЙОН,шортандинский,116800000,Шортандинский район,normalized_name_and_admin_type,1.0,confirmed
fixed_capital_investment,ШУСКИЙ РАЙОН,шуский,316600000,Шуский район,normalized_name_and_admin_type,1.0,confirmed
fixed_capital_investment,ШЫМКЕНТ Г.А.,шымкент а,,,none,0,unmatched
fixed_capital_investment,ЩЕРБАКТИНСКИЙ РАЙОН,щербактинский,556800000,Щербактинский район,normalized_name_and_admin_type,1.0,confirmed
fixed_capital_investment,ЭКИБАСТУЗ Г.А.,экибастуз а,552200000,Экибастуз Г.А.,normalized_name_and_admin_type,1.0,confirmed
fixed_capital_investment,ЮЖНО-КАЗАХСТАНСКАЯ ОБЛАСТЬ,южно казахстанская,,,none,0,unmatched
fixed_capital_investment,ҚОНАЕВ Г.А.,қонаев а,191000000,Қонаев Г.А.,normalized_name_and_admin_type,1.0,confirmed
construction_output,АБАЙСКИЙ РАЙОН,абайский,,,none,0,ambiguous
construction_output,АЙТЕКЕБИЙСКИЙ РАЙОН,айтекебийский,153400000,Айтекебийский район,normalized_name_and_admin_type,1.0,confirmed
construction_output,АЙЫРТАУСКИЙ РАЙОН,айыртауский,593200000,Айыртауский район,normalized_name_and_admin_type,1.0,confirmed
construction_output,АКЖАИКСКИЙ РАЙОН,акжаикский,273200000,Акжаикский район,normalized_name_and_admin_type,1.0,confirmed
construction_output,АКЖАРСКИЙ РАЙОН,акжарский,593400000,Акжарский район,normalized_name_and_admin_type,1.0,confirmed
construction_output,АККАЙЫНСКИЙ РАЙОН,аккайынский,595800000,Аккайынский район,normalized_name_and_admin_type,1.0,confirmed
construction_output,АККОЛЬСКИЙ РАЙОН,аккольский,113200000,Аккольский район,normalized_name_and_admin_type,1.0,confirmed
construction_output,АКМОЛИНСКАЯ ОБЛАСТЬ,акмолинская,110000000,Акмолинская область,normalized_name_and_admin_type,1.0,confirmed
construction_output,АКСУ Г.А.,аксу а,551600000,Аксу Г.А.,normalized_name_and_admin_type,1.0,confirmed
construction_output,АКСУСКИЙ РАЙОН,аксуский,333200000,Аксуский район,normalized_name_and_admin_type,1.0,confirmed
construction_output,АКТАУ Г.А.,актау а,471000000,Актау Г.А.,normalized_name_and_admin_type,1.0,confirmed
construction_output,АКТОБЕ Г.А.,актобе а,151000000,Актобе Г.А.,normalized_name_and_admin_type,1.0,confirmed
construction_output,АКТОГАЙСКИЙ РАЙОН,актогайский,,,none,0,ambiguous
construction_output,АКТЮБИНСКАЯ ОБЛАСТЬ,актюбинская,150000000,Актюбинская область,normalized_name_and_admin_type,1.0,confirmed
construction_output,АЛАКОЛЬСКИЙ РАЙОН,алакольский,333400000,Алакольский район,normalized_name_and_admin_type,1.0,confirmed
construction_output,АЛАТАУСКИЙ РАЙОН,алатауский,,,none,0,unmatched
construction_output,АЛГИНСКИЙ РАЙОН,алгинский,153200000,Алгинский район,normalized_name_and_admin_type,1.0,confirmed
construction_output,АЛМАЛИНСКИЙ РАЙОН,алмалинский,,,none,0,unmatched
construction_output,АЛМАТИНСКАЯ ОБЛАСТЬ,алматинская,190000000,Алматинская область,normalized_name_and_admin_type,1.0,confirmed
construction_output,АЛТЫНСАРИНСКИЙ РАЙОН,алтынсаринский,393200000,Алтынсаринский район,normalized_name_and_admin_type,1.0,confirmed
construction_output,АЛЬ-ФАРАБИЙСКИЙ РАЙОН,аль фарабийский,,,none,0,unmatched
construction_output,АМАНГЕЛЬДИНСКИЙ РАЙОН,амангельдинский,393400000,Амангельдинский район,normalized_name_and_admin_type,1.0,confirmed
construction_output,АРАЛЬСКИЙ РАЙОН,аральский,433200000,Аральский район,normalized_name_and_admin_type,1.0,confirmed
construction_output,АРКАЛЫК Г.А.,аркалык а,391600000,Аркалык Г.А.,normalized_name_and_admin_type,1.0,confirmed
construction_output,АРШАЛЫНСКИЙ РАЙОН,аршалынский,113400000,Аршалынский район,normalized_name_and_admin_type,1.0,confirmed
construction_output,АРЫСЬ Г.А.,арысь а,611600000,Арысь Г.А.,normalized_name_and_admin_type,1.0,confirmed
construction_output,АСТРАХАНСКИЙ РАЙОН,астраханский,113600000,Астраханский район,normalized_name_and_admin_type,1.0,confirmed
construction_output,АТБАСАРСКИЙ РАЙОН,атбасарский,113800000,Атбасарский район,normalized_name_and_admin_type,1.0,confirmed
construction_output,АТЫРАУ Г.А.,атырау а,231000000,Атырау Г.А.,normalized_name_and_admin_type,1.0,confirmed
construction_output,АТЫРАУСКАЯ ОБЛАСТЬ,атырауская,230000000,Атырауская область,normalized_name_and_admin_type,1.0,confirmed
construction_output,АУЛИЕКОЛЬСКИЙ РАЙОН,аулиекольский,393600000,Аулиекольский район,normalized_name_and_admin_type,1.0,confirmed
construction_output,АУЭЗОВСКИЙ РАЙОН,ауэзовский,,,none,0,unmatched
construction_output,АЯГОЗСКИЙ РАЙОН,аягозский,103600000,Аягозский район,normalized_name_and_admin_type,1.0,confirmed
construction_output,БАЙГАНИНСКИЙ РАЙОН,байганинский,153600000,Байганинский район,normalized_name_and_admin_type,1.0,confirmed
construction_output,БАЙЗАКСКИЙ РАЙОН,байзакский,313600000,Байзакский район,normalized_name_and_admin_type,1.0,confirmed
construction_output,БАЙКОНЫР Г.А.,байконыр а,431900000,Байконыр Г.А.,normalized_name_and_admin_type,1.0,confirmed
construction_output,БАЛХАШ Г.А.,балхаш а,351600000,Балхаш Г.А.,normalized_name_and_admin_type,1.0,confirmed
construction_output,БАЛХАШСКИЙ РАЙОН,балхашский,193600000,Балхашский район,normalized_name_and_admin_type,1.0,confirmed
construction_output,БАЯНАУЛЬСКИЙ РАЙОН,баянаульский,553600000,Баянаульский район,normalized_name_and_admin_type,1.0,confirmed
construction_output,БЕЙНЕУСКИЙ РАЙОН,бейнеуский,473600000,Бейнеуский район,normalized_name_and_admin_type,1.0,confirmed
construction_output,БЕСКАРАГАЙСКИЙ РАЙОН,бескарагайский,103800000,Бескарагайский район,normalized_name_and_admin_type,1.0,confirmed
construction_output,БОКЕЙОРДИНСКИЙ РАЙОН,бокейординский,275400000,Бокейординский район,normalized_name_and_admin_type,1.0,confirmed
construction_output,БОРОДУЛИХИНСКИЙ РАЙОН,бородулихинский,104000000,Бородулихинский район,normalized_name_and_admin_type,1.0,confirmed
construction_output,БОСТАНДЫКСКИЙ РАЙОН,бостандыкский,,,none,0,unmatched
construction_output,БУЛАНДЫНСКИЙ РАЙОН,буландынский,114000000,Буландынский район,normalized_name_and_admin_type,1.0,confirmed
construction_output,БУРАБАЙСКИЙ РАЙОН,бурабайский,117000000,Бурабайский район,normalized_name_and_admin_type,1.0,confirmed
construction_output,БУРЛИНСКИЙ РАЙОН,бурлинский,273600000,Бурлинский район,normalized_name_and_admin_type,1.0,confirmed
construction_output,БУХАР-ЖЫРАУСКИЙ РАЙОН,бухар жырауский,354000000,Бухар-Жырауский район,normalized_name_and_admin_type,1.0,confirmed
construction_output,ВОСТОЧНО-КАЗАХСТАНСКАЯ ОБЛАСТЬ,восточно казахстанская,630000000,Восточно-Казахстанская область,normalized_name_and_admin_type,1.0,confirmed
construction_output,Г.АЛМАТЫ,алматы,750000000,г.Алматы,normalized_name_and_admin_type,1.0,confirmed
construction_output,Г.АСТАНА,астана,710000000,г.Астана,normalized_name_and_admin_type,1.0,confirmed
construction_output,Г.ШЫМКЕНТ,шымкент,790000000,г.Шымкент,normalized_name_and_admin_type,1.0,confirmed
construction_output,ГЛУБОКОВСКИЙ РАЙОН,глубоковский,634000000,Глубоковский район,normalized_name_and_admin_type,1.0,confirmed
construction_output,ДЕНИСОВСКИЙ РАЙОН,денисовский,394000000,Денисовский район,normalized_name_and_admin_type,1.0,confirmed
construction_output,ЕГИНДЫКОЛЬСКИЙ РАЙОН,егиндыкольский,114400000,Егиндыкольский район,normalized_name_and_admin_type,1.0,confirmed
construction_output,ЕНБЕКШИКАЗАХСКИЙ РАЙОН,енбекшиказахский,194000000,Енбекшиказахский район,normalized_name_and_admin_type,1.0,confirmed
construction_output,ЕНБЕКШИНСКИЙ РАЙОН,енбекшинский,,,none,0,unmatched
construction_output,ЕРЕЙМЕНТАУСКИЙ РАЙОН,ерейментауский,114600000,Ерейментауский район,normalized_name_and_admin_type,1.0,confirmed
construction_output,ЕСИЛЬСКИЙ РАЙОН,есильский,,,none,0,ambiguous
construction_output,ЕСКЕЛЬДИНСКИЙ РАЙОН,ескельдинский,333600000,Ескельдинский район,normalized_name_and_admin_type,1.0,confirmed
construction_output,ЖАКСЫНСКИЙ РАЙОН,жаксынский,115200000,Жаксынский район,normalized_name_and_admin_type,1.0,confirmed
construction_output,ЖАЛАГАШСКИЙ РАЙОН,жалагашский,433600000,Жалагашский район,normalized_name_and_admin_type,1.0,confirmed
construction_output,ЖАМБЫЛСКАЯ ОБЛАСТЬ,жамбылская,310000000,Жамбылская область,normalized_name_and_admin_type,1.0,confirmed
construction_output,ЖАМБЫЛСКИЙ РАЙОН,жамбылский,,,none,0,ambiguous
construction_output,ЖАНААРКИНСКИЙ РАЙОН,жанааркинский,623600000,Жанааркинский район,normalized_name_and_admin_type,1.0,confirmed
construction_output,ЖАНАКОРГАНСКИЙ РАЙОН,жанакорганский,434000000,Жанакорганский район,normalized_name_and_admin_type,1.0,confirmed
construction_output,ЖАНАОЗЕН Г.А.,жанаозен а,471800000,Жанаозен Г.А.,normalized_name_and_admin_type,1.0,confirmed
construction_output,ЖАНГАЛИНСКИЙ РАЙОН,жангалинский,274000000,Жангалинский район,normalized_name_and_admin_type,1.0,confirmed
construction_output,ЖАНГЕЛЬДИНСКИЙ РАЙОН,жангельдинский,394200000,Жангельдинский район,normalized_name_and_admin_type,1.0,confirmed
construction_output,ЖАНИБЕКСКИЙ РАЙОН,жанибекский,274200000,Жанибекский район,normalized_name_and_admin_type,1.0,confirmed
construction_output,ЖАРКАИНСКИЙ РАЙОН,жаркаинский,115400000,Жаркаинский район,normalized_name_and_admin_type,1.0,confirmed
construction_output,ЖАРМИНСКИЙ РАЙОН,жарминский,104200000,Жарминский район,normalized_name_and_admin_type,1.0,confirmed
construction_output,ЖЕЗКАЗГАН Г.А.,жезказган а,621000000,Жезказган Г.А.,normalized_name_and_admin_type,1.0,confirmed
construction_output,ЖЕЛЕЗИНСКИЙ РАЙОН,железинский,554200000,Железинский район,normalized_name_and_admin_type,1.0,confirmed
construction_output,ЖЕТЫСАЙСКИЙ РАЙОН,жетысайский,613800000,Жетысайский район,normalized_name_and_admin_type,1.0,confirmed
construction_output,ЖЕТЫСУСКИЙ РАЙОН,жетысуский,,,none,0,unmatched
construction_output,ЖИТИКАРИНСКИЙ РАЙОН,житикаринский,394400000,Житикаринский район,normalized_name_and_admin_type,1.0,confirmed
construction_output,ЖУАЛЫНСКИЙ РАЙОН,жуалынский,314200000,Жуалынский район,normalized_name_and_admin_type,1.0,confirmed
construction_output,ЖЫЛЫОЙСКИЙ РАЙОН,жылыойский,233600000,Жылыойский район,normalized_name_and_admin_type,1.0,confirmed
construction_output,ЗАЙСАНСКИЙ РАЙОН,зайсанский,634600000,Зайсанский район,normalized_name_and_admin_type,1.0,confirmed
construction_output,ЗАПАДНО-КАЗАХСТАНСКАЯ ОБЛАСТЬ,западно казахстанская,270000000,Западно-Казахстанская область,normalized_name_and_admin_type,1.0,confirmed
construction_output,ЗЕРЕНДИНСКИЙ РАЙОН,зерендинский,115600000,Зерендинский район,normalized_name_and_admin_type,1.0,confirmed
construction_output,ИЛИЙСКИЙ РАЙОН,илийский,196800000,Илийский район,normalized_name_and_admin_type,1.0,confirmed
construction_output,ИНДЕРСКИЙ РАЙОН,индерский,234000000,Индерский район,normalized_name_and_admin_type,1.0,confirmed
construction_output,ИРГИЗСКИЙ РАЙОН,иргизский,156800000,Иргизский район,normalized_name_and_admin_type,1.0,confirmed
construction_output,ИРТЫШСКИЙ РАЙОН,иртышский,554600000,Иртышский район,normalized_name_and_admin_type,1.0,confirmed
construction_output,ИСАТАЙСКИЙ РАЙОН,исатайский,234200000,Исатайский район,normalized_name_and_admin_type,1.0,confirmed
construction_output,КАЗАЛИНСКИЙ РАЙОН,казалинский,434400000,Казалинский район,normalized_name_and_admin_type,1.0,confirmed
construction_output,КАЗТАЛОВСКИЙ РАЙОН,казталовский,274800000,Казталовский район,normalized_name_and_admin_type,1.0,confirmed
construction_output,КАЗЫГУРТСКИЙ РАЙОН,казыгуртский,614000000,Казыгуртский район,normalized_name_and_admin_type,1.0,confirmed
construction_output,КАМЫСТИНСКИЙ РАЙОН,камыстинский,394800000,Камыстинский район,normalized_name_and_admin_type,1.0,confirmed
construction_output,КАПЧАГАЙ Г.А.,капчагай а,,,none,0,unmatched
construction_output,КАРАБАЛЫКСКИЙ РАЙОН,карабалыкский,395000000,Карабалыкский район,normalized_name_and_admin_type,1.0,confirmed
construction_output,КАРАГАНДА Г.А.,караганда а,351000000,Караганда Г.А.,normalized_name_and_admin_type,1.0,confirmed
construction_output,КАРАГАНДИНСКАЯ ОБЛАСТЬ,карагандинская,350000000,Карагандинская область,normalized_name_and_admin_type,1.0,confirmed
construction_output,КАРАЖАЛ Г.А.,каражал а,621800000,Каражал Г.А.,normalized_name_and_admin_type,1.0,confirmed
construction_output,КАРАКИЯНСКИЙ РАЙОН,каракиянский,474200000,Каракиянский район,normalized_name_and_admin_type,1.0,confirmed
construction_output,КАРАСАЙСКИЙ РАЙОН,карасайский,195200000,Карасайский район,normalized_name_and_admin_type,1.0,confirmed
construction_output,КАРАСУСКИЙ РАЙОН,карасуский,395200000,Карасуский район,normalized_name_and_admin_type,1.0,confirmed
construction_output,КАРАТАЛЬСКИЙ РАЙОН,каратальский,334400000,Каратальский район,normalized_name_and_admin_type,1.0,confirmed
construction_output,КАРАТАУСКИЙ РАЙОН,каратауский,,,none,0,unmatched
construction_output,КАРАТОБИНСКИЙ РАЙОН,каратобинский,275000000,Каратобинский район,normalized_name_and_admin_type,1.0,confirmed
construction_output,КАРГАЛИНСКИЙ РАЙОН,каргалинский,154000000,Каргалинский район,normalized_name_and_admin_type,1.0,confirmed
construction_output,КАРКАРАЛИНСКИЙ РАЙОН,каркаралинский,354800000,Каркаралинский район,normalized_name_and_admin_type,1.0,confirmed
construction_output,КАРМАКШИНСКИЙ РАЙОН,кармакшинский,434600000,Кармакшинский район,normalized_name_and_admin_type,1.0,confirmed
construction_output,КАТОН-КАРАГАЙСКИЙ РАЙОН,катон карагайский,635400000,Катон-Карагайский район,normalized_name_and_admin_type,1.0,confirmed
construction_output,КЕГЕНСКИЙ РАЙОН,кегенский,194400000,Кегенский район,normalized_name_and_admin_type,1.0,confirmed
construction_output,КЕЛЕССКИЙ РАЙОН,келесский,613900000,Келесский район,normalized_name_and_admin_type,1.0,confirmed
construction_output,КЕНТАУ Г.А.,кентау а,612000000,Кентау Г.А.,normalized_name_and_admin_type,1.0,confirmed
construction_output,КЕРБУЛАКСКИЙ РАЙОН,кербулакский,334000000,Кербулакский район,normalized_name_and_admin_type,1.0,confirmed
construction_output,КЗЫЛКОГИНСКИЙ РАЙОН,кзылкогинский,234800000,Кзылкогинский район,normalized_name_and_admin_type,1.0,confirmed
construction_output,КОКПЕКТИНСКИЙ РАЙОН,кокпектинский,104400000,Кокпектинский район,normalized_name_and_admin_type,1.0,confirmed
construction_output,КОКСУСКИЙ РАЙОН,коксуский,334200000,Коксуский район,normalized_name_and_admin_type,1.0,confirmed
construction_output,КОКШЕТАУ Г.А.,кокшетау а,111000000,Кокшетау Г.А.,normalized_name_and_admin_type,1.0,confirmed
construction_output,КОРГАЛЖЫНСКИЙ РАЙОН,коргалжынский,116000000,Коргалжынский район,normalized_name_and_admin_type,1.0,confirmed
construction_output,КОРДАЙСКИЙ РАЙОН,кордайский,314800000,Кордайский район,normalized_name_and_admin_type,1.0,confirmed
construction_output,КОСТАНАЙ Г.А.,костанай а,391000000,Костанай Г.А.,normalized_name_and_admin_type,1.0,confirmed
construction_output,КОСТАНАЙСКАЯ ОБЛАСТЬ,костанайская,390000000,Костанайская область,normalized_name_and_admin_type,1.0,confirmed
construction_output,КОСТАНАЙСКИЙ РАЙОН,костанайский,395400000,Костанайский район,normalized_name_and_admin_type,1.0,confirmed
construction_output,КОСШЫ Г.А.,косшы а,111600000,Косшы Г.А.,normalized_name_and_admin_type,1.0,confirmed
construction_output,КУРМАНГАЗИНСКИЙ РАЙОН,курмангазинский,234600000,Курмангазинский район,normalized_name_and_admin_type,1.0,confirmed
construction_output,КУРЧАТОВ Г.А.,курчатов а,101800000,Курчатов Г.А.,normalized_name_and_admin_type,1.0,confirmed
construction_output,КУРЧУМСКИЙ РАЙОН,курчумский,635200000,Курчумский район,normalized_name_and_admin_type,1.0,confirmed
construction_output,КЫЗЫЛЖАРСКИЙ РАЙОН,кызылжарский,595000000,Кызылжарский район,normalized_name_and_admin_type,1.0,confirmed
construction_output,КЫЗЫЛОРДА Г.А.,кызылорда а,431000000,Кызылорда Г.А.,normalized_name_and_admin_type,1.0,confirmed
construction_output,КЫЗЫЛОРДИНСКАЯ ОБЛАСТЬ,кызылординская,430000000,Кызылординская область,normalized_name_and_admin_type,1.0,confirmed
construction_output,ЛИСАКОВСК Г.А.,лисаковск а,392000000,Лисаковск Г.А.,normalized_name_and_admin_type,1.0,confirmed
construction_output,МАЙСКИЙ РАЙОН,майский,555600000,Майский район,normalized_name_and_admin_type,1.0,confirmed
construction_output,МАКАТСКИЙ РАЙОН,макатский,235200000,Макатский район,normalized_name_and_admin_type,1.0,confirmed
construction_output,МАКТААРАЛЬСКИЙ РАЙОН,мактааральский,614400000,Мактааральский район,normalized_name_and_admin_type,1.0,confirmed
construction_output,МАМЛЮТСКИЙ РАЙОН,мамлютский,595200000,Мамлютский район,normalized_name_and_admin_type,1.0,confirmed
construction_output,МАНГИСТАУСКАЯ ОБЛАСТЬ,мангистауская,470000000,Мангистауская область,normalized_name_and_admin_type,1.0,confirmed
construction_output,МАНГИСТАУСКИЙ РАЙОН,мангистауский,474600000,Мангистауский район,normalized_name_and_admin_type,1.0,confirmed
construction_output,МАРТУКСКИЙ РАЙОН,мартукский,154600000,Мартукский район,normalized_name_and_admin_type,1.0,confirmed
construction_output,МАХАМБЕТСКИЙ РАЙОН,махамбетский,235600000,Махамбетский район,normalized_name_and_admin_type,1.0,confirmed
construction_output,МЕДЕУСКИЙ РАЙОН,медеуский,,,none,0,unmatched
construction_output,МЕНДЫКАРИНСКИЙ РАЙОН,мендыкаринский,395600000,Мендыкаринский район,normalized_name_and_admin_type,1.0,confirmed
construction_output,МЕРКЕНСКИЙ РАЙОН,меркенский,315400000,Меркенский район,normalized_name_and_admin_type,1.0,confirmed
construction_output,МОЙЫНКУМСКИЙ РАЙОН,мойынкумский,315600000,Мойынкумский район,normalized_name_and_admin_type,1.0,confirmed
construction_output,МУГАЛЖАРСКИЙ РАЙОН,мугалжарский,154800000,Мугалжарский район,normalized_name_and_admin_type,1.0,confirmed
construction_output,МУНАЙЛИНСКИЙ РАЙОН,мунайлинский,475000000,Мунайлинский район,normalized_name_and_admin_type,1.0,confirmed
construction_output,НАУРЗУМСКИЙ РАЙОН,наурзумский,395800000,Наурзумский район,normalized_name_and_admin_type,1.0,confirmed
construction_output,НАУРЫЗБАЙСКИЙ РАЙОН,наурызбайский,,,none,0,unmatched
construction_output,НУРИНСКИЙ РАЙОН,нуринский,355200000,Нуринский район,normalized_name_and_admin_type,1.0,confirmed
construction_output,ОБЛАСТЬ АБАЙ,абай,100000000,область Абай,normalized_name_and_admin_type,1.0,confirmed
construction_output,ОБЛАСТЬ ЖЕТІСУ,жетісу,330000000,область Жетісу,normalized_name_and_admin_type,1.0,confirmed
construction_output,ОБЛАСТЬ ҰЛЫТАУ,ұлытау,620000000,область Ұлытау,normalized_name_and_admin_type,1.0,confirmed
construction_output,ОРДАБАСЫНСКИЙ РАЙОН,ордабасынский,614600000,Ордабасынский район,normalized_name_and_admin_type,1.0,confirmed
construction_output,ОСАКАРОВСКИЙ РАЙОН,осакаровский,355600000,Осакаровский район,normalized_name_and_admin_type,1.0,confirmed
construction_output,ОТРАРСКИЙ РАЙОН,отрарский,614800000,Отрарский район,normalized_name_and_admin_type,1.0,confirmed
construction_output,ПАВЛОДАР Г.А.,павлодар а,551000000,Павлодар Г.А.,normalized_name_and_admin_type,1.0,confirmed
construction_output,ПАВЛОДАРСКАЯ ОБЛАСТЬ,павлодарская,550000000,Павлодарская область,normalized_name_and_admin_type,1.0,confirmed
construction_output,ПАВЛОДАРСКИЙ РАЙОН,павлодарский,556000000,Павлодарский район,normalized_name_and_admin_type,1.0,confirmed
construction_output,ПАНФИЛОВСКИЙ РАЙОН,панфиловский,334600000,Панфиловский район,normalized_name_and_admin_type,1.0,confirmed
construction_output,ПЕТРОПАВЛОВСК Г.А.,петропавловск а,591000000,Петропавловск Г.А.,normalized_name_and_admin_type,1.0,confirmed
construction_output,ПРИОЗЕРСК Г.А.,приозерск а,352100000,Приозерск Г.А.,normalized_name_and_admin_type,1.0,confirmed
construction_output,РАЙОН АЛМАТЫ,алматы,,,none,0,unmatched
construction_output,РАЙОН АЛТАЙ,алтай,634800000,район Алтай,normalized_name_and_admin_type,1.0,confirmed
construction_output,РАЙОН АҚҚУЛЫ,аққулы,555200000,район Аққулы,normalized_name_and_admin_type,1.0,confirmed
construction_output,РАЙОН БАЙДИБЕКА,байдибека,613600000,район Байдибека,normalized_name_and_admin_type,1.0,confirmed
construction_output,РАЙОН БАЙҚОҢЫР,байқоңыр,,,none,0,unmatched
construction_output,РАЙОН БЕИМБЕТА МАЙЛИНА,беимбета майлина,396400000,район Беимбета Майлина,normalized_name_and_admin_type,1.0,confirmed
construction_output,РАЙОН БИРЖАН САЛ,биржан сал,114500000,район Биржан сал,normalized_name_and_admin_type,1.0,confirmed
construction_output,РАЙОН БӘЙТЕРЕК,бәйтерек,274400000,район Бәйтерек,normalized_name_and_admin_type,1.0,confirmed
construction_output,РАЙОН ЕСИЛЬ,есиль,,,none,0,unmatched
construction_output,РАЙОН ИМ.ГАБИТА МУСРЕПОВА,им габита мусрепова,596600000,Район им.Габита Мусрепова,normalized_name_and_admin_type,1.0,confirmed
construction_output,РАЙОН МАГЖАНА ЖУМАБАЕВА,магжана жумабаева,593600000,Район Магжана Жумабаева,normalized_name_and_admin_type,1.0,confirmed
construction_output,РАЙОН САРЫАРКА,сарыарка,,,none,0,unmatched
construction_output,РАЙОН ТЕРЕҢКӨЛ,тереңкөл,554800000,район Тереңкөл,normalized_name_and_admin_type,1.0,confirmed
construction_output,РАЙОН ТУРАРА РЫСКУЛОВА,турара рыскулова,315000000,район Турара Рыскулова,normalized_name_and_admin_type,1.0,confirmed
construction_output,РАЙОН ШАЛ АКЫНА,шал акына,595600000,Район Шал акына,normalized_name_and_admin_type,1.0,confirmed
construction_output,РАЙЫМБЕКСКИЙ РАЙОН,райымбекский,195800000,Райымбекский район,normalized_name_and_admin_type,1.0,confirmed
construction_output,РЕСПУБЛИКА КАЗАХСТАН,республика казахстан,,,none,0,unmatched
construction_output,РИДДЕР Г.А.,риддер а,632400000,Риддер Г.А.,normalized_name_and_admin_type,1.0,confirmed
construction_output,РУДНЫЙ Г.А.,рудный а,392400000,Рудный Г.А.,normalized_name_and_admin_type,1.0,confirmed
construction_output,САЙРАМСКИЙ РАЙОН,сайрамский,615200000,Сайрамский район,normalized_name_and_admin_type,1.0,confirmed
construction_output,САНДЫКТАУСКИЙ РАЙОН,сандыктауский,116400000,Сандыктауский район,normalized_name_and_admin_type,1.0,confirmed
construction_output,САРАНЬ Г.А.,сарань а,352200000,Сарань Г.А.,normalized_name_and_admin_type,1.0,confirmed
construction_output,САРКАНДСКИЙ РАЙОН,саркандский,,,none,0,unmatched
construction_output,САРЫАГАШСКИЙ РАЙОН,сарыагашский,615400000,Сарыагашский район,normalized_name_and_admin_type,1.0,confirmed
construction_output,САРЫКОЛЬСКИЙ РАЙОН,сарыкольский,396200000,Сарыкольский район,normalized_name_and_admin_type,1.0,confirmed
construction_output,САРЫСУСКИЙ РАЙОН,сарысуский,316000000,Сарысуский район,normalized_name_and_admin_type,1.0,confirmed
construction_output,САТПАЕВ Г.А.,сатпаев а,622000000,Сатпаев Г.А.,normalized_name_and_admin_type,1.0,confirmed
construction_output,СЕВЕРО-КАЗАХСТАНСКАЯ ОБЛАСТЬ,северо казахстанская,590000000,Северо-Казахстанская область,normalized_name_and_admin_type,1.0,confirmed
construction_output,СЕМЕЙ Г.А.,семей а,101000000,Семей Г.А.,normalized_name_and_admin_type,1.0,confirmed
construction_output,СТЕПНОГОРСК Г.А.,степногорск а,111800000,Степногорск Г.А.,normalized_name_and_admin_type,1.0,confirmed
construction_output,СУЗАКСКИЙ РАЙОН,сузакский,615600000,Сузакский район,normalized_name_and_admin_type,1.0,confirmed
construction_output,СЫРДАРЬИНСКИЙ РАЙОН,сырдарьинский,434800000,Сырдарьинский район,normalized_name_and_admin_type,1.0,confirmed
construction_output,СЫРЫМСКИЙ РАЙОН,сырымский,275800000,Сырымский район,normalized_name_and_admin_type,1.0,confirmed
construction_output,ТАЙЫНШИНСКИЙ РАЙОН,тайыншинский,596000000,Тайыншинский район,normalized_name_and_admin_type,1.0,confirmed
construction_output,ТАЛАССКИЙ РАЙОН,таласский,316200000,Таласский район,normalized_name_and_admin_type,1.0,confirmed
construction_output,ТАЛГАРСКИЙ РАЙОН,талгарский,196200000,Талгарский район,normalized_name_and_admin_type,1.0,confirmed
construction_output,ТАЛДЫКОРГАН Г.А.,талдыкорган а,331000000,Талдыкорган Г.А.,normalized_name_and_admin_type,1.0,confirmed
construction_output,ТАРАЗ Г.А.,тараз а,311000000,Тараз Г.А.,normalized_name_and_admin_type,1.0,confirmed
construction_output,ТАРБАГАТАЙСКИЙ РАЙОН,тарбагатайский,635800000,Тарбагатайский район,normalized_name_and_admin_type,1.0,confirmed
construction_output,ТАСКАЛИНСКИЙ РАЙОН,таскалинский,276000000,Таскалинский район,normalized_name_and_admin_type,1.0,confirmed
construction_output,ТЕКЕЛИ Г.А.,текели а,331800000,Текели Г.А.,normalized_name_and_admin_type,1.0,confirmed
construction_output,ТЕМИРСКИЙ РАЙОН,темирский,155600000,Темирский район,normalized_name_and_admin_type,1.0,confirmed
construction_output,ТЕМИРТАУ Г.А.,темиртау а,352400000,Темиртау Г.А.,normalized_name_and_admin_type,1.0,confirmed
construction_output,ТЕРЕКТИНСКИЙ РАЙОН,теректинский,276200000,Теректинский район,normalized_name_and_admin_type,1.0,confirmed
construction_output,ТИМИРЯЗЕВСКИЙ РАЙОН,тимирязевский,596200000,Тимирязевский район,normalized_name_and_admin_type,1.0,confirmed
construction_output,ТОЛЕБИЙСКИЙ РАЙОН,толебийский,615800000,Толебийский район,normalized_name_and_admin_type,1.0,confirmed
construction_output,ТУПКАРАГАНСКИЙ РАЙОН,тупкараганский,475200000,Тупкараганский район,normalized_name_and_admin_type,1.0,confirmed
construction_output,ТУРКЕСТАН Г.А.,туркестан а,611000000,Туркестан Г.А.,normalized_name_and_admin_type,1.0,confirmed
construction_output,ТУРКЕСТАНСКАЯ ОБЛАСТЬ,туркестанская,610000000,Туркестанская область,normalized_name_and_admin_type,1.0,confirmed
construction_output,ТУРКСИБСКИЙ РАЙОН,турксибский,,,none,0,unmatched
construction_output,ТЮЛЬКУБАССКИЙ РАЙОН,тюлькубасский,616000000,Тюлькубасский район,normalized_name_and_admin_type,1.0,confirmed
construction_output,УАЛИХАНОВСКИЙ РАЙОН,уалихановский,596400000,Уалихановский район,normalized_name_and_admin_type,1.0,confirmed
construction_output,УЗУНКОЛЬСКИЙ РАЙОН,узункольский,396600000,Узункольский район,normalized_name_and_admin_type,1.0,confirmed
construction_output,УИЛСКИЙ РАЙОН,уилский,155200000,Уилский район,normalized_name_and_admin_type,1.0,confirmed
construction_output,УЙГУРСКИЙ РАЙОН,уйгурский,196600000,Уйгурский район,normalized_name_and_admin_type,1.0,confirmed
construction_output,УЛАНСКИЙ РАЙОН,уланский,636200000,Уланский район,normalized_name_and_admin_type,1.0,confirmed
construction_output,УЛЫТАУСКИЙ РАЙОН,улытауский,623800000,Улытауский район,normalized_name_and_admin_type,1.0,confirmed
construction_output,УРАЛЬСК Г.А.,уральск а,271000000,Уральск Г.А.,normalized_name_and_admin_type,1.0,confirmed
construction_output,УРДЖАРСКИЙ РАЙОН,урджарский,104600000,Урджарский район,normalized_name_and_admin_type,1.0,confirmed
construction_output,УСПЕНСКИЙ РАЙОН,успенский,556400000,Успенский район,normalized_name_and_admin_type,1.0,confirmed
construction_output,УСТЬ-КАМЕНОГОРСК Г.А.,усть каменогорск а,631000000,Усть-Каменогорск Г.А.,normalized_name_and_admin_type,1.0,confirmed
construction_output,ФЕДОРОВСКИЙ РАЙОН,федоровский,396800000,Федоровский район,normalized_name_and_admin_type,1.0,confirmed
construction_output,ХОБДИНСКИЙ РАЙОН,хобдинский,154200000,Хобдинский район,normalized_name_and_admin_type,1.0,confirmed
construction_output,ХРОМТАУСКИЙ РАЙОН,хромтауский,156000000,Хромтауский район,normalized_name_and_admin_type,1.0,confirmed
construction_output,ЦЕЛИНОГРАДСКИЙ РАЙОН,целиноградский,116600000,Целиноградский район,normalized_name_and_admin_type,1.0,confirmed
construction_output,ЧИИЛИЙСКИЙ РАЙОН,чиилийский,,,none,0,unmatched
construction_output,ЧИНГИРЛАУСКИЙ РАЙОН,чингирлауский,276600000,Чингирлауский район,normalized_name_and_admin_type,1.0,confirmed
construction_output,ШАЛКАРСКИЙ РАЙОН,шалкарский,156400000,Шалкарский район,normalized_name_and_admin_type,1.0,confirmed
construction_output,ШАРДАРИНСКИЙ РАЙОН,шардаринский,616400000,Шардаринский район,normalized_name_and_admin_type,1.0,confirmed
construction_output,ШАХТИНСК Г.А.,шахтинск а,352800000,Шахтинск Г.А.,normalized_name_and_admin_type,1.0,confirmed
construction_output,ШЕМОНАИХИНСКИЙ РАЙОН,шемонаихинский,636800000,Шемонаихинский район,normalized_name_and_admin_type,1.0,confirmed
construction_output,ШЕТСКИЙ РАЙОН,шетский,356400000,Шетский район,normalized_name_and_admin_type,1.0,confirmed
construction_output,ШОРТАНДИНСКИЙ РАЙОН,шортандинский,116800000,Шортандинский район,normalized_name_and_admin_type,1.0,confirmed
construction_output,ШУСКИЙ РАЙОН,шуский,316600000,Шуский район,normalized_name_and_admin_type,1.0,confirmed
construction_output,ШЫМКЕНТ Г.А.,шымкент а,,,none,0,unmatched
construction_output,ЩЕРБАКТИНСКИЙ РАЙОН,щербактинский,556800000,Щербактинский район,normalized_name_and_admin_type,1.0,confirmed
construction_output,ЭКИБАСТУЗ Г.А.,экибастуз а,552200000,Экибастуз Г.А.,normalized_name_and_admin_type,1.0,confirmed
construction_output,ЮЖНО-КАЗАХСТАНСКАЯ ОБЛАСТЬ,южно казахстанская,,,none,0,unmatched
housing_commissioned,АБАЙСКИЙ РАЙОН,абайский,,,none,0,ambiguous
housing_commissioned,АЙТЕКЕБИЙСКИЙ РАЙОН,айтекебийский,153400000,Айтекебийский район,normalized_name_and_admin_type,1.0,confirmed
housing_commissioned,АЙЫРТАУСКИЙ РАЙОН,айыртауский,593200000,Айыртауский район,normalized_name_and_admin_type,1.0,confirmed
housing_commissioned,АКЖАИКСКИЙ РАЙОН,акжаикский,273200000,Акжаикский район,normalized_name_and_admin_type,1.0,confirmed
housing_commissioned,АКЖАРСКИЙ РАЙОН,акжарский,593400000,Акжарский район,normalized_name_and_admin_type,1.0,confirmed
housing_commissioned,АККАЙЫНСКИЙ РАЙОН,аккайынский,595800000,Аккайынский район,normalized_name_and_admin_type,1.0,confirmed
housing_commissioned,АККОЛЬСКИЙ РАЙОН,аккольский,113200000,Аккольский район,normalized_name_and_admin_type,1.0,confirmed
housing_commissioned,АКМОЛИНСКАЯ ОБЛАСТЬ,акмолинская,110000000,Акмолинская область,normalized_name_and_admin_type,1.0,confirmed
housing_commissioned,АКСУ Г.А.,аксу а,551600000,Аксу Г.А.,normalized_name_and_admin_type,1.0,confirmed
housing_commissioned,АКСУСКИЙ РАЙОН,аксуский,333200000,Аксуский район,normalized_name_and_admin_type,1.0,confirmed
housing_commissioned,АКТАУ Г.А.,актау а,471000000,Актау Г.А.,normalized_name_and_admin_type,1.0,confirmed
housing_commissioned,АКТОБЕ Г.А.,актобе а,151000000,Актобе Г.А.,normalized_name_and_admin_type,1.0,confirmed
housing_commissioned,АКТОГАЙСКИЙ РАЙОН,актогайский,,,none,0,ambiguous
housing_commissioned,АКТЮБИНСКАЯ ОБЛАСТЬ,актюбинская,150000000,Актюбинская область,normalized_name_and_admin_type,1.0,confirmed
housing_commissioned,АЛАКОЛЬСКИЙ РАЙОН,алакольский,333400000,Алакольский район,normalized_name_and_admin_type,1.0,confirmed
housing_commissioned,АЛАТАУСКИЙ РАЙОН,алатауский,,,none,0,unmatched
housing_commissioned,АЛГИНСКИЙ РАЙОН,алгинский,153200000,Алгинский район,normalized_name_and_admin_type,1.0,confirmed
housing_commissioned,АЛМАЛИНСКИЙ РАЙОН,алмалинский,,,none,0,unmatched
housing_commissioned,АЛМАТИНСКАЯ ОБЛАСТЬ,алматинская,190000000,Алматинская область,normalized_name_and_admin_type,1.0,confirmed
housing_commissioned,АЛТЫНСАРИНСКИЙ РАЙОН,алтынсаринский,393200000,Алтынсаринский район,normalized_name_and_admin_type,1.0,confirmed
housing_commissioned,АЛЬ-ФАРАБИЙСКИЙ РАЙОН,аль фарабийский,,,none,0,unmatched
housing_commissioned,АМАНГЕЛЬДИНСКИЙ РАЙОН,амангельдинский,393400000,Амангельдинский район,normalized_name_and_admin_type,1.0,confirmed
housing_commissioned,АРАЛЬСКИЙ РАЙОН,аральский,433200000,Аральский район,normalized_name_and_admin_type,1.0,confirmed
housing_commissioned,АРКАЛЫК Г.А.,аркалык а,391600000,Аркалык Г.А.,normalized_name_and_admin_type,1.0,confirmed
housing_commissioned,АРШАЛЫНСКИЙ РАЙОН,аршалынский,113400000,Аршалынский район,normalized_name_and_admin_type,1.0,confirmed
housing_commissioned,АРЫСЬ Г.А.,арысь а,611600000,Арысь Г.А.,normalized_name_and_admin_type,1.0,confirmed
housing_commissioned,АСТРАХАНСКИЙ РАЙОН,астраханский,113600000,Астраханский район,normalized_name_and_admin_type,1.0,confirmed
housing_commissioned,АТБАСАРСКИЙ РАЙОН,атбасарский,113800000,Атбасарский район,normalized_name_and_admin_type,1.0,confirmed
housing_commissioned,АТЫРАУ Г.А.,атырау а,231000000,Атырау Г.А.,normalized_name_and_admin_type,1.0,confirmed
housing_commissioned,АТЫРАУСКАЯ ОБЛАСТЬ,атырауская,230000000,Атырауская область,normalized_name_and_admin_type,1.0,confirmed
housing_commissioned,АУЛИЕКОЛЬСКИЙ РАЙОН,аулиекольский,393600000,Аулиекольский район,normalized_name_and_admin_type,1.0,confirmed
housing_commissioned,АУЭЗОВСКИЙ РАЙОН,ауэзовский,,,none,0,unmatched
housing_commissioned,АЯГОЗСКИЙ РАЙОН,аягозский,103600000,Аягозский район,normalized_name_and_admin_type,1.0,confirmed
housing_commissioned,БАЙГАНИНСКИЙ РАЙОН,байганинский,153600000,Байганинский район,normalized_name_and_admin_type,1.0,confirmed
housing_commissioned,БАЙЗАКСКИЙ РАЙОН,байзакский,313600000,Байзакский район,normalized_name_and_admin_type,1.0,confirmed
housing_commissioned,БАЙКОНЫР Г.А.,байконыр а,431900000,Байконыр Г.А.,normalized_name_and_admin_type,1.0,confirmed
housing_commissioned,БАЛХАШ Г.А.,балхаш а,351600000,Балхаш Г.А.,normalized_name_and_admin_type,1.0,confirmed
housing_commissioned,БАЛХАШСКИЙ РАЙОН,балхашский,193600000,Балхашский район,normalized_name_and_admin_type,1.0,confirmed
housing_commissioned,БАЯНАУЛЬСКИЙ РАЙОН,баянаульский,553600000,Баянаульский район,normalized_name_and_admin_type,1.0,confirmed
housing_commissioned,БЕЙНЕУСКИЙ РАЙОН,бейнеуский,473600000,Бейнеуский район,normalized_name_and_admin_type,1.0,confirmed
housing_commissioned,БЕСКАРАГАЙСКИЙ РАЙОН,бескарагайский,103800000,Бескарагайский район,normalized_name_and_admin_type,1.0,confirmed
housing_commissioned,БОКЕЙОРДИНСКИЙ РАЙОН,бокейординский,275400000,Бокейординский район,normalized_name_and_admin_type,1.0,confirmed
housing_commissioned,БОРОДУЛИХИНСКИЙ РАЙОН,бородулихинский,104000000,Бородулихинский район,normalized_name_and_admin_type,1.0,confirmed
housing_commissioned,БОСТАНДЫКСКИЙ РАЙОН,бостандыкский,,,none,0,unmatched
housing_commissioned,БУЛАНДЫНСКИЙ РАЙОН,буландынский,114000000,Буландынский район,normalized_name_and_admin_type,1.0,confirmed
housing_commissioned,БУРАБАЙСКИЙ РАЙОН,бурабайский,117000000,Бурабайский район,normalized_name_and_admin_type,1.0,confirmed
housing_commissioned,БУРЛИНСКИЙ РАЙОН,бурлинский,273600000,Бурлинский район,normalized_name_and_admin_type,1.0,confirmed
housing_commissioned,БУХАР-ЖЫРАУСКИЙ РАЙОН,бухар жырауский,354000000,Бухар-Жырауский район,normalized_name_and_admin_type,1.0,confirmed
housing_commissioned,ВОСТОЧНО-КАЗАХСТАНСКАЯ ОБЛАСТЬ,восточно казахстанская,630000000,Восточно-Казахстанская область,normalized_name_and_admin_type,1.0,confirmed
housing_commissioned,Г.АЛМАТЫ,алматы,750000000,г.Алматы,normalized_name_and_admin_type,1.0,confirmed
housing_commissioned,Г.АСТАНА,астана,710000000,г.Астана,normalized_name_and_admin_type,1.0,confirmed
housing_commissioned,Г.ШЫМКЕНТ,шымкент,790000000,г.Шымкент,normalized_name_and_admin_type,1.0,confirmed
housing_commissioned,ГЛУБОКОВСКИЙ РАЙОН,глубоковский,634000000,Глубоковский район,normalized_name_and_admin_type,1.0,confirmed
housing_commissioned,ДЕНИСОВСКИЙ РАЙОН,денисовский,394000000,Денисовский район,normalized_name_and_admin_type,1.0,confirmed
housing_commissioned,ЕГИНДЫКОЛЬСКИЙ РАЙОН,егиндыкольский,114400000,Егиндыкольский район,normalized_name_and_admin_type,1.0,confirmed
housing_commissioned,ЕНБЕКШИКАЗАХСКИЙ РАЙОН,енбекшиказахский,194000000,Енбекшиказахский район,normalized_name_and_admin_type,1.0,confirmed
housing_commissioned,ЕНБЕКШИНСКИЙ РАЙОН,енбекшинский,,,none,0,unmatched
housing_commissioned,ЕРЕЙМЕНТАУСКИЙ РАЙОН,ерейментауский,114600000,Ерейментауский район,normalized_name_and_admin_type,1.0,confirmed
housing_commissioned,ЕСИЛЬСКИЙ РАЙОН,есильский,,,none,0,ambiguous
housing_commissioned,ЕСКЕЛЬДИНСКИЙ РАЙОН,ескельдинский,333600000,Ескельдинский район,normalized_name_and_admin_type,1.0,confirmed
housing_commissioned,ЖАКСЫНСКИЙ РАЙОН,жаксынский,115200000,Жаксынский район,normalized_name_and_admin_type,1.0,confirmed
housing_commissioned,ЖАЛАГАШСКИЙ РАЙОН,жалагашский,433600000,Жалагашский район,normalized_name_and_admin_type,1.0,confirmed
housing_commissioned,ЖАМБЫЛСКАЯ ОБЛАСТЬ,жамбылская,310000000,Жамбылская область,normalized_name_and_admin_type,1.0,confirmed
housing_commissioned,ЖАМБЫЛСКИЙ РАЙОН,жамбылский,,,none,0,ambiguous
housing_commissioned,ЖАНААРКИНСКИЙ РАЙОН,жанааркинский,623600000,Жанааркинский район,normalized_name_and_admin_type,1.0,confirmed
housing_commissioned,ЖАНАКОРГАНСКИЙ РАЙОН,жанакорганский,434000000,Жанакорганский район,normalized_name_and_admin_type,1.0,confirmed
housing_commissioned,ЖАНАОЗЕН Г.А.,жанаозен а,471800000,Жанаозен Г.А.,normalized_name_and_admin_type,1.0,confirmed
housing_commissioned,ЖАНГАЛИНСКИЙ РАЙОН,жангалинский,274000000,Жангалинский район,normalized_name_and_admin_type,1.0,confirmed
housing_commissioned,ЖАНГЕЛЬДИНСКИЙ РАЙОН,жангельдинский,394200000,Жангельдинский район,normalized_name_and_admin_type,1.0,confirmed
housing_commissioned,ЖАНИБЕКСКИЙ РАЙОН,жанибекский,274200000,Жанибекский район,normalized_name_and_admin_type,1.0,confirmed
housing_commissioned,ЖАРКАИНСКИЙ РАЙОН,жаркаинский,115400000,Жаркаинский район,normalized_name_and_admin_type,1.0,confirmed
housing_commissioned,ЖАРМИНСКИЙ РАЙОН,жарминский,104200000,Жарминский район,normalized_name_and_admin_type,1.0,confirmed
housing_commissioned,ЖЕЗКАЗГАН Г.А.,жезказган а,621000000,Жезказган Г.А.,normalized_name_and_admin_type,1.0,confirmed
housing_commissioned,ЖЕЛЕЗИНСКИЙ РАЙОН,железинский,554200000,Железинский район,normalized_name_and_admin_type,1.0,confirmed
housing_commissioned,ЖЕТЫСАЙСКИЙ РАЙОН,жетысайский,613800000,Жетысайский район,normalized_name_and_admin_type,1.0,confirmed
housing_commissioned,ЖЕТЫСУСКИЙ РАЙОН,жетысуский,,,none,0,unmatched
housing_commissioned,ЖИТИКАРИНСКИЙ РАЙОН,житикаринский,394400000,Житикаринский район,normalized_name_and_admin_type,1.0,confirmed
housing_commissioned,ЖУАЛЫНСКИЙ РАЙОН,жуалынский,314200000,Жуалынский район,normalized_name_and_admin_type,1.0,confirmed
housing_commissioned,ЖЫЛЫОЙСКИЙ РАЙОН,жылыойский,233600000,Жылыойский район,normalized_name_and_admin_type,1.0,confirmed
housing_commissioned,ЗАЙСАНСКИЙ РАЙОН,зайсанский,634600000,Зайсанский район,normalized_name_and_admin_type,1.0,confirmed
housing_commissioned,ЗАПАДНО-КАЗАХСТАНСКАЯ ОБЛАСТЬ,западно казахстанская,270000000,Западно-Казахстанская область,normalized_name_and_admin_type,1.0,confirmed
housing_commissioned,ЗЕРЕНДИНСКИЙ РАЙОН,зерендинский,115600000,Зерендинский район,normalized_name_and_admin_type,1.0,confirmed
housing_commissioned,ИЛИЙСКИЙ РАЙОН,илийский,196800000,Илийский район,normalized_name_and_admin_type,1.0,confirmed
housing_commissioned,ИНДЕРСКИЙ РАЙОН,индерский,234000000,Индерский район,normalized_name_and_admin_type,1.0,confirmed
housing_commissioned,ИРГИЗСКИЙ РАЙОН,иргизский,156800000,Иргизский район,normalized_name_and_admin_type,1.0,confirmed
housing_commissioned,ИРТЫШСКИЙ РАЙОН,иртышский,554600000,Иртышский район,normalized_name_and_admin_type,1.0,confirmed
housing_commissioned,ИСАТАЙСКИЙ РАЙОН,исатайский,234200000,Исатайский район,normalized_name_and_admin_type,1.0,confirmed
housing_commissioned,КАЗАЛИНСКИЙ РАЙОН,казалинский,434400000,Казалинский район,normalized_name_and_admin_type,1.0,confirmed
housing_commissioned,КАЗТАЛОВСКИЙ РАЙОН,казталовский,274800000,Казталовский район,normalized_name_and_admin_type,1.0,confirmed
housing_commissioned,КАЗЫГУРТСКИЙ РАЙОН,казыгуртский,614000000,Казыгуртский район,normalized_name_and_admin_type,1.0,confirmed
housing_commissioned,КАМЫСТИНСКИЙ РАЙОН,камыстинский,394800000,Камыстинский район,normalized_name_and_admin_type,1.0,confirmed
housing_commissioned,КАПЧАГАЙ Г.А.,капчагай а,,,none,0,unmatched
housing_commissioned,КАРАБАЛЫКСКИЙ РАЙОН,карабалыкский,395000000,Карабалыкский район,normalized_name_and_admin_type,1.0,confirmed
housing_commissioned,КАРАГАНДА Г.А.,караганда а,351000000,Караганда Г.А.,normalized_name_and_admin_type,1.0,confirmed
housing_commissioned,КАРАГАНДИНСКАЯ ОБЛАСТЬ,карагандинская,350000000,Карагандинская область,normalized_name_and_admin_type,1.0,confirmed
housing_commissioned,КАРАЖАЛ Г.А.,каражал а,621800000,Каражал Г.А.,normalized_name_and_admin_type,1.0,confirmed
housing_commissioned,КАРАКИЯНСКИЙ РАЙОН,каракиянский,474200000,Каракиянский район,normalized_name_and_admin_type,1.0,confirmed
housing_commissioned,КАРАСАЙСКИЙ РАЙОН,карасайский,195200000,Карасайский район,normalized_name_and_admin_type,1.0,confirmed
housing_commissioned,КАРАСУСКИЙ РАЙОН,карасуский,395200000,Карасуский район,normalized_name_and_admin_type,1.0,confirmed
housing_commissioned,КАРАТАЛЬСКИЙ РАЙОН,каратальский,334400000,Каратальский район,normalized_name_and_admin_type,1.0,confirmed
housing_commissioned,КАРАТАУСКИЙ РАЙОН,каратауский,,,none,0,unmatched
housing_commissioned,КАРАТОБИНСКИЙ РАЙОН,каратобинский,275000000,Каратобинский район,normalized_name_and_admin_type,1.0,confirmed
housing_commissioned,КАРГАЛИНСКИЙ РАЙОН,каргалинский,154000000,Каргалинский район,normalized_name_and_admin_type,1.0,confirmed
housing_commissioned,КАРКАРАЛИНСКИЙ РАЙОН,каркаралинский,354800000,Каркаралинский район,normalized_name_and_admin_type,1.0,confirmed
housing_commissioned,КАРМАКШИНСКИЙ РАЙОН,кармакшинский,434600000,Кармакшинский район,normalized_name_and_admin_type,1.0,confirmed
housing_commissioned,КАТОН-КАРАГАЙСКИЙ РАЙОН,катон карагайский,635400000,Катон-Карагайский район,normalized_name_and_admin_type,1.0,confirmed
housing_commissioned,КЕГЕНСКИЙ РАЙОН,кегенский,194400000,Кегенский район,normalized_name_and_admin_type,1.0,confirmed
housing_commissioned,КЕЛЕССКИЙ РАЙОН,келесский,613900000,Келесский район,normalized_name_and_admin_type,1.0,confirmed
housing_commissioned,КЕНТАУ Г.А.,кентау а,612000000,Кентау Г.А.,normalized_name_and_admin_type,1.0,confirmed
housing_commissioned,КЕРБУЛАКСКИЙ РАЙОН,кербулакский,334000000,Кербулакский район,normalized_name_and_admin_type,1.0,confirmed
housing_commissioned,КЗЫЛКОГИНСКИЙ РАЙОН,кзылкогинский,234800000,Кзылкогинский район,normalized_name_and_admin_type,1.0,confirmed
housing_commissioned,КОКПЕКТИНСКИЙ РАЙОН,кокпектинский,104400000,Кокпектинский район,normalized_name_and_admin_type,1.0,confirmed
housing_commissioned,КОКСУСКИЙ РАЙОН,коксуский,334200000,Коксуский район,normalized_name_and_admin_type,1.0,confirmed
housing_commissioned,КОКШЕТАУ Г.А.,кокшетау а,111000000,Кокшетау Г.А.,normalized_name_and_admin_type,1.0,confirmed
housing_commissioned,КОРГАЛЖЫНСКИЙ РАЙОН,коргалжынский,116000000,Коргалжынский район,normalized_name_and_admin_type,1.0,confirmed
housing_commissioned,КОРДАЙСКИЙ РАЙОН,кордайский,314800000,Кордайский район,normalized_name_and_admin_type,1.0,confirmed
housing_commissioned,КОСТАНАЙ Г.А.,костанай а,391000000,Костанай Г.А.,normalized_name_and_admin_type,1.0,confirmed
housing_commissioned,КОСТАНАЙСКАЯ ОБЛАСТЬ,костанайская,390000000,Костанайская область,normalized_name_and_admin_type,1.0,confirmed
housing_commissioned,КОСТАНАЙСКИЙ РАЙОН,костанайский,395400000,Костанайский район,normalized_name_and_admin_type,1.0,confirmed
housing_commissioned,КОСШЫ Г.А.,косшы а,111600000,Косшы Г.А.,normalized_name_and_admin_type,1.0,confirmed
housing_commissioned,КУРМАНГАЗИНСКИЙ РАЙОН,курмангазинский,234600000,Курмангазинский район,normalized_name_and_admin_type,1.0,confirmed
housing_commissioned,КУРЧАТОВ Г.А.,курчатов а,101800000,Курчатов Г.А.,normalized_name_and_admin_type,1.0,confirmed
housing_commissioned,КУРЧУМСКИЙ РАЙОН,курчумский,635200000,Курчумский район,normalized_name_and_admin_type,1.0,confirmed
housing_commissioned,КЫЗЫЛЖАРСКИЙ РАЙОН,кызылжарский,595000000,Кызылжарский район,normalized_name_and_admin_type,1.0,confirmed
housing_commissioned,КЫЗЫЛОРДА Г.А.,кызылорда а,431000000,Кызылорда Г.А.,normalized_name_and_admin_type,1.0,confirmed
housing_commissioned,КЫЗЫЛОРДИНСКАЯ ОБЛАСТЬ,кызылординская,430000000,Кызылординская область,normalized_name_and_admin_type,1.0,confirmed
housing_commissioned,ЛИСАКОВСК Г.А.,лисаковск а,392000000,Лисаковск Г.А.,normalized_name_and_admin_type,1.0,confirmed
housing_commissioned,МАЙСКИЙ РАЙОН,майский,555600000,Майский район,normalized_name_and_admin_type,1.0,confirmed
housing_commissioned,МАКАТСКИЙ РАЙОН,макатский,235200000,Макатский район,normalized_name_and_admin_type,1.0,confirmed
housing_commissioned,МАКТААРАЛЬСКИЙ РАЙОН,мактааральский,614400000,Мактааральский район,normalized_name_and_admin_type,1.0,confirmed
housing_commissioned,МАМЛЮТСКИЙ РАЙОН,мамлютский,595200000,Мамлютский район,normalized_name_and_admin_type,1.0,confirmed
housing_commissioned,МАНГИСТАУСКАЯ ОБЛАСТЬ,мангистауская,470000000,Мангистауская область,normalized_name_and_admin_type,1.0,confirmed
housing_commissioned,МАНГИСТАУСКИЙ РАЙОН,мангистауский,474600000,Мангистауский район,normalized_name_and_admin_type,1.0,confirmed
housing_commissioned,МАРТУКСКИЙ РАЙОН,мартукский,154600000,Мартукский район,normalized_name_and_admin_type,1.0,confirmed
housing_commissioned,МАХАМБЕТСКИЙ РАЙОН,махамбетский,235600000,Махамбетский район,normalized_name_and_admin_type,1.0,confirmed
housing_commissioned,МЕДЕУСКИЙ РАЙОН,медеуский,,,none,0,unmatched
housing_commissioned,МЕНДЫКАРИНСКИЙ РАЙОН,мендыкаринский,395600000,Мендыкаринский район,normalized_name_and_admin_type,1.0,confirmed
housing_commissioned,МЕРКЕНСКИЙ РАЙОН,меркенский,315400000,Меркенский район,normalized_name_and_admin_type,1.0,confirmed
housing_commissioned,МОЙЫНКУМСКИЙ РАЙОН,мойынкумский,315600000,Мойынкумский район,normalized_name_and_admin_type,1.0,confirmed
housing_commissioned,МУГАЛЖАРСКИЙ РАЙОН,мугалжарский,154800000,Мугалжарский район,normalized_name_and_admin_type,1.0,confirmed
housing_commissioned,МУНАЙЛИНСКИЙ РАЙОН,мунайлинский,475000000,Мунайлинский район,normalized_name_and_admin_type,1.0,confirmed
housing_commissioned,НАУРЗУМСКИЙ РАЙОН,наурзумский,395800000,Наурзумский район,normalized_name_and_admin_type,1.0,confirmed
housing_commissioned,НАУРЫЗБАЙСКИЙ РАЙОН,наурызбайский,,,none,0,unmatched
housing_commissioned,НУРИНСКИЙ РАЙОН,нуринский,355200000,Нуринский район,normalized_name_and_admin_type,1.0,confirmed
housing_commissioned,ОБЛАСТЬ АБАЙ,абай,100000000,область Абай,normalized_name_and_admin_type,1.0,confirmed
housing_commissioned,ОБЛАСТЬ ЖЕТІСУ,жетісу,330000000,область Жетісу,normalized_name_and_admin_type,1.0,confirmed
housing_commissioned,ОБЛАСТЬ ҰЛЫТАУ,ұлытау,620000000,область Ұлытау,normalized_name_and_admin_type,1.0,confirmed
housing_commissioned,ОРДАБАСЫНСКИЙ РАЙОН,ордабасынский,614600000,Ордабасынский район,normalized_name_and_admin_type,1.0,confirmed
housing_commissioned,ОСАКАРОВСКИЙ РАЙОН,осакаровский,355600000,Осакаровский район,normalized_name_and_admin_type,1.0,confirmed
housing_commissioned,ОТРАРСКИЙ РАЙОН,отрарский,614800000,Отрарский район,normalized_name_and_admin_type,1.0,confirmed
housing_commissioned,ПАВЛОДАР Г.А.,павлодар а,551000000,Павлодар Г.А.,normalized_name_and_admin_type,1.0,confirmed
housing_commissioned,ПАВЛОДАРСКАЯ ОБЛАСТЬ,павлодарская,550000000,Павлодарская область,normalized_name_and_admin_type,1.0,confirmed
housing_commissioned,ПАВЛОДАРСКИЙ РАЙОН,павлодарский,556000000,Павлодарский район,normalized_name_and_admin_type,1.0,confirmed
housing_commissioned,ПАНФИЛОВСКИЙ РАЙОН,панфиловский,334600000,Панфиловский район,normalized_name_and_admin_type,1.0,confirmed
housing_commissioned,ПЕТРОПАВЛОВСК Г.А.,петропавловск а,591000000,Петропавловск Г.А.,normalized_name_and_admin_type,1.0,confirmed
housing_commissioned,ПРИОЗЕРСК Г.А.,приозерск а,352100000,Приозерск Г.А.,normalized_name_and_admin_type,1.0,confirmed
housing_commissioned,РАЙОН АЛМАТЫ,алматы,,,none,0,unmatched
housing_commissioned,РАЙОН АЛТАЙ,алтай,634800000,район Алтай,normalized_name_and_admin_type,1.0,confirmed
housing_commissioned,РАЙОН АҚҚУЛЫ,аққулы,555200000,район Аққулы,normalized_name_and_admin_type,1.0,confirmed
housing_commissioned,РАЙОН БАЙДИБЕКА,байдибека,613600000,район Байдибека,normalized_name_and_admin_type,1.0,confirmed
housing_commissioned,РАЙОН БАЙҚОҢЫР,байқоңыр,,,none,0,unmatched
housing_commissioned,РАЙОН БЕИМБЕТА МАЙЛИНА,беимбета майлина,396400000,район Беимбета Майлина,normalized_name_and_admin_type,1.0,confirmed
housing_commissioned,РАЙОН БИРЖАН САЛ,биржан сал,114500000,район Биржан сал,normalized_name_and_admin_type,1.0,confirmed
housing_commissioned,РАЙОН БӘЙТЕРЕК,бәйтерек,274400000,район Бәйтерек,normalized_name_and_admin_type,1.0,confirmed
housing_commissioned,РАЙОН ЕСИЛЬ,есиль,,,none,0,unmatched
housing_commissioned,РАЙОН ИМ.ГАБИТА МУСРЕПОВА,им габита мусрепова,596600000,Район им.Габита Мусрепова,normalized_name_and_admin_type,1.0,confirmed
housing_commissioned,РАЙОН МАГЖАНА ЖУМАБАЕВА,магжана жумабаева,593600000,Район Магжана Жумабаева,normalized_name_and_admin_type,1.0,confirmed
housing_commissioned,РАЙОН САРЫАРКА,сарыарка,,,none,0,unmatched
housing_commissioned,РАЙОН ТЕРЕҢКӨЛ,тереңкөл,554800000,район Тереңкөл,normalized_name_and_admin_type,1.0,confirmed
housing_commissioned,РАЙОН ТУРАРА РЫСКУЛОВА,турара рыскулова,315000000,район Турара Рыскулова,normalized_name_and_admin_type,1.0,confirmed
housing_commissioned,РАЙОН ШАЛ АКЫНА,шал акына,595600000,Район Шал акына,normalized_name_and_admin_type,1.0,confirmed
housing_commissioned,РАЙЫМБЕКСКИЙ РАЙОН,райымбекский,195800000,Райымбекский район,normalized_name_and_admin_type,1.0,confirmed
housing_commissioned,РЕСПУБЛИКА КАЗАХСТАН,республика казахстан,,,none,0,unmatched
housing_commissioned,РИДДЕР Г.А.,риддер а,632400000,Риддер Г.А.,normalized_name_and_admin_type,1.0,confirmed
housing_commissioned,РУДНЫЙ Г.А.,рудный а,392400000,Рудный Г.А.,normalized_name_and_admin_type,1.0,confirmed
housing_commissioned,САЙРАМСКИЙ РАЙОН,сайрамский,615200000,Сайрамский район,normalized_name_and_admin_type,1.0,confirmed
housing_commissioned,САНДЫКТАУСКИЙ РАЙОН,сандыктауский,116400000,Сандыктауский район,normalized_name_and_admin_type,1.0,confirmed
housing_commissioned,САРАНЬ Г.А.,сарань а,352200000,Сарань Г.А.,normalized_name_and_admin_type,1.0,confirmed
housing_commissioned,САРКАНДСКИЙ РАЙОН,саркандский,,,none,0,unmatched
housing_commissioned,САРЫАГАШСКИЙ РАЙОН,сарыагашский,615400000,Сарыагашский район,normalized_name_and_admin_type,1.0,confirmed
housing_commissioned,САРЫКОЛЬСКИЙ РАЙОН,сарыкольский,396200000,Сарыкольский район,normalized_name_and_admin_type,1.0,confirmed
housing_commissioned,САРЫСУСКИЙ РАЙОН,сарысуский,316000000,Сарысуский район,normalized_name_and_admin_type,1.0,confirmed
housing_commissioned,САТПАЕВ Г.А.,сатпаев а,622000000,Сатпаев Г.А.,normalized_name_and_admin_type,1.0,confirmed
housing_commissioned,СЕВЕРО-КАЗАХСТАНСКАЯ ОБЛАСТЬ,северо казахстанская,590000000,Северо-Казахстанская область,normalized_name_and_admin_type,1.0,confirmed
housing_commissioned,СЕМЕЙ Г.А.,семей а,101000000,Семей Г.А.,normalized_name_and_admin_type,1.0,confirmed
housing_commissioned,СТЕПНОГОРСК Г.А.,степногорск а,111800000,Степногорск Г.А.,normalized_name_and_admin_type,1.0,confirmed
housing_commissioned,СУЗАКСКИЙ РАЙОН,сузакский,615600000,Сузакский район,normalized_name_and_admin_type,1.0,confirmed
housing_commissioned,СЫРДАРЬИНСКИЙ РАЙОН,сырдарьинский,434800000,Сырдарьинский район,normalized_name_and_admin_type,1.0,confirmed
housing_commissioned,СЫРЫМСКИЙ РАЙОН,сырымский,275800000,Сырымский район,normalized_name_and_admin_type,1.0,confirmed
housing_commissioned,ТАЙЫНШИНСКИЙ РАЙОН,тайыншинский,596000000,Тайыншинский район,normalized_name_and_admin_type,1.0,confirmed
housing_commissioned,ТАЛАССКИЙ РАЙОН,таласский,316200000,Таласский район,normalized_name_and_admin_type,1.0,confirmed
housing_commissioned,ТАЛГАРСКИЙ РАЙОН,талгарский,196200000,Талгарский район,normalized_name_and_admin_type,1.0,confirmed
housing_commissioned,ТАЛДЫКОРГАН Г.А.,талдыкорган а,331000000,Талдыкорган Г.А.,normalized_name_and_admin_type,1.0,confirmed
housing_commissioned,ТАРАЗ Г.А.,тараз а,311000000,Тараз Г.А.,normalized_name_and_admin_type,1.0,confirmed
housing_commissioned,ТАРБАГАТАЙСКИЙ РАЙОН,тарбагатайский,635800000,Тарбагатайский район,normalized_name_and_admin_type,1.0,confirmed
housing_commissioned,ТАСКАЛИНСКИЙ РАЙОН,таскалинский,276000000,Таскалинский район,normalized_name_and_admin_type,1.0,confirmed
housing_commissioned,ТЕКЕЛИ Г.А.,текели а,331800000,Текели Г.А.,normalized_name_and_admin_type,1.0,confirmed
housing_commissioned,ТЕМИРСКИЙ РАЙОН,темирский,155600000,Темирский район,normalized_name_and_admin_type,1.0,confirmed
housing_commissioned,ТЕМИРТАУ Г.А.,темиртау а,352400000,Темиртау Г.А.,normalized_name_and_admin_type,1.0,confirmed
housing_commissioned,ТЕРЕКТИНСКИЙ РАЙОН,теректинский,276200000,Теректинский район,normalized_name_and_admin_type,1.0,confirmed
housing_commissioned,ТИМИРЯЗЕВСКИЙ РАЙОН,тимирязевский,596200000,Тимирязевский район,normalized_name_and_admin_type,1.0,confirmed
housing_commissioned,ТОЛЕБИЙСКИЙ РАЙОН,толебийский,615800000,Толебийский район,normalized_name_and_admin_type,1.0,confirmed
housing_commissioned,ТУПКАРАГАНСКИЙ РАЙОН,тупкараганский,475200000,Тупкараганский район,normalized_name_and_admin_type,1.0,confirmed
housing_commissioned,ТУРКЕСТАН Г.А.,туркестан а,611000000,Туркестан Г.А.,normalized_name_and_admin_type,1.0,confirmed
housing_commissioned,ТУРКЕСТАНСКАЯ ОБЛАСТЬ,туркестанская,610000000,Туркестанская область,normalized_name_and_admin_type,1.0,confirmed
housing_commissioned,ТУРКСИБСКИЙ РАЙОН,турксибский,,,none,0,unmatched
housing_commissioned,ТЮЛЬКУБАССКИЙ РАЙОН,тюлькубасский,616000000,Тюлькубасский район,normalized_name_and_admin_type,1.0,confirmed
housing_commissioned,УАЛИХАНОВСКИЙ РАЙОН,уалихановский,596400000,Уалихановский район,normalized_name_and_admin_type,1.0,confirmed
housing_commissioned,УЗУНКОЛЬСКИЙ РАЙОН,узункольский,396600000,Узункольский район,normalized_name_and_admin_type,1.0,confirmed
housing_commissioned,УИЛСКИЙ РАЙОН,уилский,155200000,Уилский район,normalized_name_and_admin_type,1.0,confirmed
housing_commissioned,УЙГУРСКИЙ РАЙОН,уйгурский,196600000,Уйгурский район,normalized_name_and_admin_type,1.0,confirmed
housing_commissioned,УЛАНСКИЙ РАЙОН,уланский,636200000,Уланский район,normalized_name_and_admin_type,1.0,confirmed
housing_commissioned,УЛЫТАУСКИЙ РАЙОН,улытауский,623800000,Улытауский район,normalized_name_and_admin_type,1.0,confirmed
housing_commissioned,УРАЛЬСК Г.А.,уральск а,271000000,Уральск Г.А.,normalized_name_and_admin_type,1.0,confirmed
housing_commissioned,УРДЖАРСКИЙ РАЙОН,урджарский,104600000,Урджарский район,normalized_name_and_admin_type,1.0,confirmed
housing_commissioned,УСПЕНСКИЙ РАЙОН,успенский,556400000,Успенский район,normalized_name_and_admin_type,1.0,confirmed
housing_commissioned,УСТЬ-КАМЕНОГОРСК Г.А.,усть каменогорск а,631000000,Усть-Каменогорск Г.А.,normalized_name_and_admin_type,1.0,confirmed
housing_commissioned,ФЕДОРОВСКИЙ РАЙОН,федоровский,396800000,Федоровский район,normalized_name_and_admin_type,1.0,confirmed
housing_commissioned,ХОБДИНСКИЙ РАЙОН,хобдинский,154200000,Хобдинский район,normalized_name_and_admin_type,1.0,confirmed
housing_commissioned,ХРОМТАУСКИЙ РАЙОН,хромтауский,156000000,Хромтауский район,normalized_name_and_admin_type,1.0,confirmed
housing_commissioned,ЦЕЛИНОГРАДСКИЙ РАЙОН,целиноградский,116600000,Целиноградский район,normalized_name_and_admin_type,1.0,confirmed
housing_commissioned,ЧИИЛИЙСКИЙ РАЙОН,чиилийский,,,none,0,unmatched
housing_commissioned,ЧИНГИРЛАУСКИЙ РАЙОН,чингирлауский,276600000,Чингирлауский район,normalized_name_and_admin_type,1.0,confirmed
housing_commissioned,ШАЛКАРСКИЙ РАЙОН,шалкарский,156400000,Шалкарский район,normalized_name_and_admin_type,1.0,confirmed
housing_commissioned,ШАРДАРИНСКИЙ РАЙОН,шардаринский,616400000,Шардаринский район,normalized_name_and_admin_type,1.0,confirmed
housing_commissioned,ШАХТИНСК Г.А.,шахтинск а,352800000,Шахтинск Г.А.,normalized_name_and_admin_type,1.0,confirmed
housing_commissioned,ШЕМОНАИХИНСКИЙ РАЙОН,шемонаихинский,636800000,Шемонаихинский район,normalized_name_and_admin_type,1.0,confirmed
housing_commissioned,ШЕТСКИЙ РАЙОН,шетский,356400000,Шетский район,normalized_name_and_admin_type,1.0,confirmed
housing_commissioned,ШОРТАНДИНСКИЙ РАЙОН,шортандинский,116800000,Шортандинский район,normalized_name_and_admin_type,1.0,confirmed
housing_commissioned,ШУСКИЙ РАЙОН,шуский,316600000,Шуский район,normalized_name_and_admin_type,1.0,confirmed
housing_commissioned,ШЫМКЕНТ Г.А.,шымкент а,,,none,0,unmatched
housing_commissioned,ЩЕРБАКТИНСКИЙ РАЙОН,щербактинский,556800000,Щербактинский район,normalized_name_and_admin_type,1.0,confirmed
housing_commissioned,ЭКИБАСТУЗ Г.А.,экибастуз а,552200000,Экибастуз Г.А.,normalized_name_and_admin_type,1.0,confirmed
housing_commissioned,ЮЖНО-КАЗАХСТАНСКАЯ ОБЛАСТЬ,южно казахстанская,,,none,0,unmatched
