"NAM"	"DAT"	"PERIOD"	"КАТО(по каталогу)"	"LКАТО(по каталогу)"	"VAL"
"Валовой внутренний продукт методом производства(Миллион тенге казахских)"	"Январь - Июнь 2021 г. (кв.)"	"202106"	"КЫЗЫЛОРДИНСКАЯ ОБЛАСТЬ"	"0"	"800 004 700 000 000 000.0"
"Валовой внутренний продукт методом производства(Миллион тенге казахских)"	"Январь - Март 2011 г. (кв.)"	"201103"	"КЫЗЫЛОРДИНСКАЯ ОБЛАСТЬ"	"0"	"217 981 300 000 000 000.0"
"Валовой внутренний продукт методом производства(Миллион тенге казахских)"	"Январь - Март 2019 г. (кв.)"	"201903"	"КЫЗЫЛОРДИНСКАЯ ОБЛАСТЬ"	"0"	"351 729 400 000 000 000.0"
"Валовой внутренний продукт методом производства(Миллион тенге казахских)"	"Январь - Сентябрь 2012 г. (кв.)"	"201209"	"КЫЗЫЛОРДИНСКАЯ ОБЛАСТЬ"	"0"	"855 291 900 000 000 000.0"
"Валовой внутренний продукт методом производства(Миллион тенге казахских)"	"Январь - Март 2012 г. (кв.)"	"201203"	"КЫЗЫЛОРДИНСКАЯ ОБЛАСТЬ"	"0"	"240 184 600 000 000 000.0"
"Валовой внутренний продукт методом производства(Миллион тенге казахских)"	"Январь - Сентябрь 2015 г. (кв.)"	"201509"	"КЫЗЫЛОРДИНСКАЯ ОБЛАСТЬ"	"0"	"906 778 000 000 000 000.0"
"Валовой внутренний продукт методом производства(Миллион тенге казахских)"	"Январь - Март 2017 г. (кв.)"	"201703"	"КЫЗЫЛОРДИНСКАЯ ОБЛАСТЬ"	"0"	"273 522 000 000 000 000.0"
"Валовой внутренний продукт методом производства(Миллион тенге казахских)"	"Январь - Июнь 2017 г. (кв.)"	"201706"	"КЫЗЫЛОРДИНСКАЯ ОБЛАСТЬ"	"0"	"650 786 600 000 000 000.0"
"Валовой внутренний продукт методом производства(Миллион тенге казахских)"	"Январь - Март 2013 г. (кв.)"	"201303"	"КЫЗЫЛОРДИНСКАЯ ОБЛАСТЬ"	"0"	"302 686 400 000 000 000.0"
"Валовой внутренний продукт методом производства(Миллион тенге казахских)"	"Январь - Декабрь 2010 г. (кв.)"	"201012"	"КЫЗЫЛОРДИНСКАЯ ОБЛАСТЬ"	"0"	"859 148 200 000 000 000.0"
"Валовой внутренний продукт методом производства(Миллион тенге казахских)"	"Январь - Декабрь 2014 г. (кв.)"	"201412"	"КЫЗЫЛОРДИНСКАЯ ОБЛАСТЬ"	"0"	"1 380 132 300 000 000 000.0"
"Валовой внутренний продукт методом производства(Миллион тенге казахских)"	"Январь - Июнь 2013 г. (кв.)"	"201306"	"КЫЗЫЛОРДИНСКАЯ ОБЛАСТЬ"	"0"	"652 596 200 000 000 000.0"
"Валовой внутренний продукт методом производства(Миллион тенге казахских)"	"Январь - Июнь 2015 г. (кв.)"	"201506"	"КЫЗЫЛОРДИНСКАЯ ОБЛАСТЬ"	"0"	"536 119 500 000 000 000.0"
"Валовой внутренний продукт методом производства(Миллион тенге казахских)"	"Январь - Июнь 2018 г. (кв.)"	"201806"	"КЫЗЫЛОРДИНСКАЯ ОБЛАСТЬ"	"0"	"746 667 500 000 000 000.0"
"Валовой внутренний продукт методом производства(Миллион тенге казахских)"	"Январь - Сентябрь 2016 г. (кв.)"	"201609"	"КЫЗЫЛОРДИНСКАЯ ОБЛАСТЬ"	"0"	"920 887 100 000 000 000.0"
"Валовой внутренний продукт методом производства(Миллион тенге казахских)"	"Январь - Март 2014 г. (кв.)"	"201403"	"КЫЗЫЛОРДИНСКАЯ ОБЛАСТЬ"	"0"	"319 969 200 000 000 000.0"
"Валовой внутренний продукт методом производства(Миллион тенге казахских)"	"Январь - Март 2015 г. (кв.)"	"201503"	"КЫЗЫЛОРДИНСКАЯ ОБЛАСТЬ"	"0"	"273 028 700 000 000 000.0"
"Валовой внутренний продукт методом производства(Миллион тенге казахских)"	"Январь - Июнь 2016 г. (кв.)"	"201606"	"КЫЗЫЛОРДИНСКАЯ ОБЛАСТЬ"	"0"	"537 187 300 000 000 000.0"
"Валовой внутренний продукт методом производства(Миллион тенге казахских)"	"Январь - Март 2018 г. (кв.)"	"201803"	"КЫЗЫЛОРДИНСКАЯ ОБЛАСТЬ"	"0"	"318 276 600 000 000 000.0"
"Валовой внутренний продукт методом производства(Миллион тенге казахских)"	"Январь - Март 2020 г. (кв.)"	"202003"	"КЫЗЫЛОРДИНСКАЯ ОБЛАСТЬ"	"0"	"369 660 200 000 000 000.0"
"Валовой внутренний продукт методом производства(Миллион тенге казахских)"	"Январь - Сентябрь 2020 г. (кв.)"	"202009"	"КЫЗЫЛОРДИНСКАЯ ОБЛАСТЬ"	"0"	"1 183 619 700 000 000 000.0"
"Валовой внутренний продукт методом производства(Миллион тенге казахских)"	"Январь - Декабрь 2019 г. (кв.)"	"201912"	"КЫЗЫЛОРДИНСКАЯ ОБЛАСТЬ"	"0"	"1 828 864 700 000 000 000.0"
"Валовой внутренний продукт методом производства(Миллион тенге казахских)"	"Январь - Декабрь 2016 г. (кв.)"	"201612"	"КЫЗЫЛОРДИНСКАЯ ОБЛАСТЬ"	"0"	"1 308 295 300 000 000 000.0"
"Валовой внутренний продукт методом производства(Миллион тенге казахских)"	"Январь - Июнь 2020 г. (кв.)"	"202006"	"КЫЗЫЛОРДИНСКАЯ ОБЛАСТЬ"	"0"	"735 422 800 000 000 000.0"
"Валовой внутренний продукт методом производства(Миллион тенге казахских)"	"Январь - Март 2010 г. (кв.)"	"201003"	"КЫЗЫЛОРДИНСКАЯ ОБЛАСТЬ"	"0"	"152 567 600 000 000 000.0"
"Валовой внутренний продукт методом производства(Миллион тенге казахских)"	"Январь - Декабрь 2011 г. (кв.)"	"201112"	"КЫЗЫЛОРДИНСКАЯ ОБЛАСТЬ"	"0"	"1 139 142 900 000 000 000.0"
"Валовой внутренний продукт методом производства(Миллион тенге казахских)"	"Январь - Декабрь 2020 г. (кв.)"	"202012"	"КЫЗЫЛОРДИНСКАЯ ОБЛАСТЬ"	"0"	"1 645 067 200 000 000 000.0"
"Валовой внутренний продукт методом производства(Миллион тенге казахских)"	"Январь - Сентябрь 2017 г. (кв.)"	"201709"	"КЫЗЫЛОРДИНСКАЯ ОБЛАСТЬ"	"0"	"1 048 309 500 000 000 000.0"
"Валовой внутренний продукт методом производства(Миллион тенге казахских)"	"Январь - Июнь 2014 г. (кв.)"	"201406"	"КЫЗЫЛОРДИНСКАЯ ОБЛАСТЬ"	"0"	"646 841 100 000 000 000.0"
"Валовой внутренний продукт методом производства(Миллион тенге казахских)"	"Январь - Сентябрь 2019 г. (кв.)"	"201909"	"КЫЗЫЛОРДИНСКАЯ ОБЛАСТЬ"	"0"	"1 354 371 200 000 000 000.0"
"Валовой внутренний продукт методом производства(Миллион тенге казахских)"	"Январь - Сентябрь 2013 г. (кв.)"	"201309"	"КЫЗЫЛОРДИНСКАЯ ОБЛАСТЬ"	"0"	"1 030 453 800 000 000 000.0"
"Валовой внутренний продукт методом производства(Миллион тенге казахских)"	"Январь - Декабрь 2012 г. (кв.)"	"201212"	"КЫЗЫЛОРДИНСКАЯ ОБЛАСТЬ"	"0"	"1 269 983 500 000 000 000.0"
"Валовой внутренний продукт методом производства(Миллион тенге казахских)"	"Январь - Декабрь 2018 г. (кв.)"	"201812"	"КЫЗЫЛОРДИНСКАЯ ОБЛАСТЬ"	"0"	"1 647 016 400 000 000 000.0"
"Валовой внутренний продукт методом производства(Миллион тенге казахских)"	"Январь - Декабрь 2017 г. (кв.)"	"201712"	"КЫЗЫЛОРДИНСКАЯ ОБЛАСТЬ"	"0"	"1 430 980 100 000 000 000.0"
"Валовой внутренний продукт методом производства(Миллион тенге казахских)"	"Январь - Июнь 2011 г. (кв.)"	"201106"	"КЫЗЫЛОРДИНСКАЯ ОБЛАСТЬ"	"0"	"482 029 700 000 000 000.0"
"Валовой внутренний продукт методом производства(Миллион тенге казахских)"	"Январь - Июнь 2012 г. (кв.)"	"201206"	"КЫЗЫЛОРДИНСКАЯ ОБЛАСТЬ"	"0"	"538 361 900 000 000 000.0"
"Валовой внутренний продукт методом производства(Миллион тенге казахских)"	"Январь - Сентябрь 2018 г. (кв.)"	"201809"	"КЫЗЫЛОРДИНСКАЯ ОБЛАСТЬ"	"0"	"1 223 419 700 000 000 000.0"
"Валовой внутренний продукт методом производства(Миллион тенге казахских)"	"Январь - Июнь 2010 г. (кв.)"	"201006"	"КЫЗЫЛОРДИНСКАЯ ОБЛАСТЬ"	"0"	"341 465 200 000 000 000.0"
"Валовой внутренний продукт методом производства(Миллион тенге казахских)"	"Январь - Сентябрь 2010 г. (кв.)"	"201009"	"КЫЗЫЛОРДИНСКАЯ ОБЛАСТЬ"	"0"	"555 153 100 000 000 000.0"
"Валовой внутренний продукт методом производства(Миллион тенге казахских)"	"Январь - Сентябрь 2011 г. (кв.)"	"201109"	"КЫЗЫЛОРДИНСКАЯ ОБЛАСТЬ"	"0"	"788 105 200 000 000 000.0"
"Валовой внутренний продукт методом производства(Миллион тенге казахских)"	"Январь - Декабрь 2015 г. (кв.)"	"201512"	"КЫЗЫЛОРДИНСКАЯ ОБЛАСТЬ"	"0"	"1 164 800 000 000 000 000.0"
"Валовой внутренний продукт методом производства(Миллион тенге казахских)"	"Январь - Июнь 2019 г. (кв.)"	"201906"	"КЫЗЫЛОРДИНСКАЯ ОБЛАСТЬ"	"0"	"833 441 400 000 000 000.0"
"Валовой внутренний продукт методом производства(Миллион тенге казахских)"	"Январь - Декабрь 2013 г. (кв.)"	"201312"	"КЫЗЫЛОРДИНСКАЯ ОБЛАСТЬ"	"0"	"1 454 014 700 000 000 000.0"
"Валовой внутренний продукт методом производства(Миллион тенге казахских)"	"Январь - Сентябрь 2014 г. (кв.)"	"201409"	"КЫЗЫЛОРДИНСКАЯ ОБЛАСТЬ"	"0"	"1 045 717 400 000 000 000.0"
"Валовой внутренний продукт методом производства(Миллион тенге казахских)"	"Январь - Март 2016 г. (кв.)"	"201603"	"КЫЗЫЛОРДИНСКАЯ ОБЛАСТЬ"	"0"	"251 964 700 000 000 000.0"
"Валовой внутренний продукт методом производства(Миллион тенге казахских)"	"Январь - Март 2024 г. (кв.)"	"202403"	"КЫЗЫЛОРДИНСКАЯ ОБЛАСТЬ"	"0"	"576 162 500 000 000 000.0"
"Валовой внутренний продукт методом производства(Миллион тенге казахских)"	"Январь - Сентябрь 2024 г. (кв.)"	"202409"	"КЫЗЫЛОРДИНСКАЯ ОБЛАСТЬ"	"0"	"2 101 681 500 000 000 000.0"
"Валовой внутренний продукт методом производства(Миллион тенге казахских)"	"Январь - Июнь 2024 г. (кв.)"	"202406"	"КЫЗЫЛОРДИНСКАЯ ОБЛАСТЬ"	"0"	"1 300 409 700 000 000 000.0"
"Валовой внутренний продукт методом производства(Миллион тенге казахских)"	"Январь - Декабрь 2022 г. (кв.)"	"202212"	"КЫЗЫЛОРДИНСКАЯ ОБЛАСТЬ"	"0"	"2 417 399 000 000 000 000.0"
"Валовой внутренний продукт методом производства(Миллион тенге казахских)"	"Январь - Декабрь 2021 г. (кв.)"	"202112"	"КЫЗЫЛОРДИНСКАЯ ОБЛАСТЬ"	"0"	"1 926 000 200 000 000 000.0"
"Валовой внутренний продукт методом производства(Миллион тенге казахских)"	"Январь - Сентябрь 2022 г. (кв.)"	"202209"	"КЫЗЫЛОРДИНСКАЯ ОБЛАСТЬ"	"0"	"1 655 463 200 000 000 000.0"
"Валовой внутренний продукт методом производства(Миллион тенге казахских)"	"Январь - Сентябрь 2023 г. (кв.)"	"202309"	"КЫЗЫЛОРДИНСКАЯ ОБЛАСТЬ"	"0"	"1 873 331 500 000 000 000.0"
"Валовой внутренний продукт методом производства(Миллион тенге казахских)"	"Январь - Март 2022 г. (кв.)"	"202203"	"КЫЗЫЛОРДИНСКАЯ ОБЛАСТЬ"	"0"	"446 210 200 000 000 000.0"
"Валовой внутренний продукт методом производства(Миллион тенге казахских)"	"Январь - Июнь 2023 г. (кв.)"	"202306"	"КЫЗЫЛОРДИНСКАЯ ОБЛАСТЬ"	"0"	"1 128 982 400 000 000 000.0"
"Валовой внутренний продукт методом производства(Миллион тенге казахских)"	"Январь - Март 2023 г. (кв.)"	"202303"	"КЫЗЫЛОРДИНСКАЯ ОБЛАСТЬ"	"0"	"535 626 100 000 000 000.0"
"Валовой внутренний продукт методом производства(Миллион тенге казахских)"	"Январь - Март 2021 г. (кв.)"	"202103"	"КЫЗЫЛОРДИНСКАЯ ОБЛАСТЬ"	"0"	"349 882 200 000 000 000.0"
"Валовой внутренний продукт методом производства(Миллион тенге казахских)"	"Январь - Сентябрь 2021 г. (кв.)"	"202109"	"КЫЗЫЛОРДИНСКАЯ ОБЛАСТЬ"	"0"	"1 296 061 200 000 000 000.0"
"Валовой внутренний продукт методом производства(Миллион тенге казахских)"	"Январь - Июнь 2022 г. (кв.)"	"202206"	"КЫЗЫЛОРДИНСКАЯ ОБЛАСТЬ"	"0"	"1 009 069 500 000 000 000.0"
"Валовой внутренний продукт методом производства(Миллион тенге казахских)"	"Январь - Декабрь 2023 г. (кв.)"	"202312"	"КЫЗЫЛОРДИНСКАЯ ОБЛАСТЬ"	"0"	"2 573 511 300 000 000 000.0"
"Валовой внутренний продукт методом производства(Миллион тенге казахских)"	"Январь - Март 2025 г. (кв.)"	"202503"	"КЫЗЫЛОРДИНСКАЯ ОБЛАСТЬ"	"0"	"640 317 900 000 000 000.0"
"Валовой внутренний продукт методом производства(Миллион тенге казахских)"	"Январь - Июнь 2021 г. (кв.)"	"202106"	"СЕВЕРО-КАЗАХСТАНСКАЯ ОБЛАСТЬ"	"0"	"542 097 900 000 000 000.0"
"Валовой внутренний продукт методом производства(Миллион тенге казахских)"	"Январь - Март 2011 г. (кв.)"	"201103"	"СЕВЕРО-КАЗАХСТАНСКАЯ ОБЛАСТЬ"	"0"	"87 948 400 000 000 000.0"
"Валовой внутренний продукт методом производства(Миллион тенге казахских)"	"Январь - Март 2019 г. (кв.)"	"201903"	"СЕВЕРО-КАЗАХСТАНСКАЯ ОБЛАСТЬ"	"0"	"216 435 900 000 000 000.0"
"Валовой внутренний продукт методом производства(Миллион тенге казахских)"	"Январь - Сентябрь 2012 г. (кв.)"	"201209"	"СЕВЕРО-КАЗАХСТАНСКАЯ ОБЛАСТЬ"	"0"	"428 846 000 000 000 000.0"
"Валовой внутренний продукт методом производства(Миллион тенге казахских)"	"Январь - Март 2012 г. (кв.)"	"201203"	"СЕВЕРО-КАЗАХСТАНСКАЯ ОБЛАСТЬ"	"0"	"104 385 300 000 000 000.0"
"Валовой внутренний продукт методом производства(Миллион тенге казахских)"	"Январь - Сентябрь 2015 г. (кв.)"	"201509"	"СЕВЕРО-КАЗАХСТАНСКАЯ ОБЛАСТЬ"	"0"	"569 604 600 000 000 000.0"
"Валовой внутренний продукт методом производства(Миллион тенге казахских)"	"Январь - Март 2017 г. (кв.)"	"201703"	"СЕВЕРО-КАЗАХСТАНСКАЯ ОБЛАСТЬ"	"0"	"164 092 700 000 000 000.0"
"Валовой внутренний продукт методом производства(Миллион тенге казахских)"	"Январь - Июнь 2017 г. (кв.)"	"201706"	"СЕВЕРО-КАЗАХСТАНСКАЯ ОБЛАСТЬ"	"0"	"348 362 200 000 000 000.0"
"Валовой внутренний продукт методом производства(Миллион тенге казахских)"	"Январь - Март 2013 г. (кв.)"	"201303"	"СЕВЕРО-КАЗАХСТАНСКАЯ ОБЛАСТЬ"	"0"	"115 978 800 000 000 000.0"
"Валовой внутренний продукт методом производства(Миллион тенге казахских)"	"Январь - Декабрь 2010 г. (кв.)"	"201012"	"СЕВЕРО-КАЗАХСТАНСКАЯ ОБЛАСТЬ"	"0"	"466 955 200 000 000 000.0"
"Валовой внутренний продукт методом производства(Миллион тенге казахских)"	"Январь - Декабрь 2014 г. (кв.)"	"201412"	"СЕВЕРО-КАЗАХСТАНСКАЯ ОБЛАСТЬ"	"0"	"795 551 200 000 000 000.0"
"Валовой внутренний продукт методом производства(Миллион тенге казахских)"	"Январь - Июнь 2013 г. (кв.)"	"201306"	"СЕВЕРО-КАЗАХСТАНСКАЯ ОБЛАСТЬ"	"0"	"261 801 600 000 000 000.0"
"Валовой внутренний продукт методом производства(Миллион тенге казахских)"	"Январь - Июнь 2015 г. (кв.)"	"201506"	"СЕВЕРО-КАЗАХСТАНСКАЯ ОБЛАСТЬ"	"0"	"310 672 700 000 000 000.0"
"Валовой внутренний продукт методом производства(Миллион тенге казахских)"	"Январь - Июнь 2018 г. (кв.)"	"201806"	"СЕВЕРО-КАЗАХСТАНСКАЯ ОБЛАСТЬ"	"0"	"388 187 500 000 000 000.0"
"Валовой внутренний продукт методом производства(Миллион тенге казахских)"	"Январь - Сентябрь 2016 г. (кв.)"	"201609"	"СЕВЕРО-КАЗАХСТАНСКАЯ ОБЛАСТЬ"	"0"	"656 747 700 000 000 000.0"
"Валовой внутренний продукт методом производства(Миллион тенге казахских)"	"Январь - Март 2014 г. (кв.)"	"201403"	"СЕВЕРО-КАЗАХСТАНСКАЯ ОБЛАСТЬ"	"0"	"134 806 700 000 000 000.0"
"Валовой внутренний продукт методом производства(Миллион тенге казахских)"	"Январь - Март 2015 г. (кв.)"	"201503"	"СЕВЕРО-КАЗАХСТАНСКАЯ ОБЛАСТЬ"	"0"	"140 936 500 000 000 000.0"
"Валовой внутренний продукт методом производства(Миллион тенге казахских)"	"Январь - Июнь 2016 г. (кв.)"	"201606"	"СЕВЕРО-КАЗАХСТАНСКАЯ ОБЛАСТЬ"	"0"	"340 337 600 000 000 000.0"
"Валовой внутренний продукт методом производства(Миллион тенге казахских)"	"Январь - Март 2018 г. (кв.)"	"201803"	"СЕВЕРО-КАЗАХСТАНСКАЯ ОБЛАСТЬ"	"0"	"185 762 900 000 000 000.0"
"Валовой внутренний продукт методом производства(Миллион тенге казахских)"	"Январь - Март 2020 г. (кв.)"	"202003"	"СЕВЕРО-КАЗАХСТАНСКАЯ ОБЛАСТЬ"	"0"	"252 573 900 000 000 000.0"
"Валовой внутренний продукт методом производства(Миллион тенге казахских)"	"Январь - Сентябрь 2020 г. (кв.)"	"202009"	"СЕВЕРО-КАЗАХСТАНСКАЯ ОБЛАСТЬ"	"0"	"1 016 678 700 000 000 000.0"
"Валовой внутренний продукт методом производства(Миллион тенге казахских)"	"Январь - Декабрь 2019 г. (кв.)"	"201912"	"СЕВЕРО-КАЗАХСТАНСКАЯ ОБЛАСТЬ"	"0"	"1 382 322 200 000 000 000.0"
"Валовой внутренний продукт методом производства(Миллион тенге казахских)"	"Январь - Декабрь 2016 г. (кв.)"	"201612"	"СЕВЕРО-КАЗАХСТАНСКАЯ ОБЛАСТЬ"	"0"	"918 236 900 000 000 000.0"
"Валовой внутренний продукт методом производства(Миллион тенге казахских)"	"Январь - Июнь 2020 г. (кв.)"	"202006"	"СЕВЕРО-КАЗАХСТАНСКАЯ ОБЛАСТЬ"	"0"	"474 241 800 000 000 000.0"
"Валовой внутренний продукт методом производства(Миллион тенге казахских)"	"Январь - Март 2010 г. (кв.)"	"201003"	"СЕВЕРО-КАЗАХСТАНСКАЯ ОБЛАСТЬ"	"0"	"67 815 400 000 000 000.0"
"Валовой внутренний продукт методом производства(Миллион тенге казахских)"	"Январь - Декабрь 2011 г. (кв.)"	"201112"	"СЕВЕРО-КАЗАХСТАНСКАЯ ОБЛАСТЬ"	"0"	"666 595 600 000 000 000.0"
"Валовой внутренний продукт методом производства(Миллион тенге казахских)"	"Январь - Декабрь 2020 г. (кв.)"	"202012"	"СЕВЕРО-КАЗАХСТАНСКАЯ ОБЛАСТЬ"	"0"	"1 571 903 600 000 000 000.0"
"Валовой внутренний продукт методом производства(Миллион тенге казахских)"	"Январь - Сентябрь 2017 г. (кв.)"	"201709"	"СЕВЕРО-КАЗАХСТАНСКАЯ ОБЛАСТЬ"	"0"	"690 101 700 000 000 000.0"
"Валовой внутренний продукт методом производства(Миллион тенге казахских)"	"Январь - Июнь 2014 г. (кв.)"	"201406"	"СЕВЕРО-КАЗАХСТАНСКАЯ ОБЛАСТЬ"	"0"	"299 416 700 000 000 000.0"
"Валовой внутренний продукт методом производства(Миллион тенге казахских)"	"Январь - Сентябрь 2019 г. (кв.)"	"201909"	"СЕВЕРО-КАЗАХСТАНСКАЯ ОБЛАСТЬ"	"0"	"908 404 400 000 000 000.0"
"Валовой внутренний продукт методом производства(Миллион тенге казахских)"	"Январь - Сентябрь 2013 г. (кв.)"	"201309"	"СЕВЕРО-КАЗАХСТАНСКАЯ ОБЛАСТЬ"	"0"	"515 478 300 000 000 000.0"
"Валовой внутренний продукт методом производства(Миллион тенге казахских)"	"Январь - Декабрь 2012 г. (кв.)"	"201212"	"СЕВЕРО-КАЗАХСТАНСКАЯ ОБЛАСТЬ"	"0"	"679 610 300 000 000 000.0"
"Валовой внутренний продукт методом производства(Миллион тенге казахских)"	"Январь - Декабрь 2018 г. (кв.)"	"201812"	"СЕВЕРО-КАЗАХСТАНСКАЯ ОБЛАСТЬ"	"0"	"1 212 007 800 000 000 000.0"
"Валовой внутренний продукт методом производства(Миллион тенге казахских)"	"Январь - Декабрь 2017 г. (кв.)"	"201712"	"СЕВЕРО-КАЗАХСТАНСКАЯ ОБЛАСТЬ"	"0"	"1 113 959 400 000 000 000.0"
"Валовой внутренний продукт методом производства(Миллион тенге казахских)"	"Январь - Июнь 2011 г. (кв.)"	"201106"	"СЕВЕРО-КАЗАХСТАНСКАЯ ОБЛАСТЬ"	"0"	"193 276 100 000 000 000.0"
"Валовой внутренний продукт методом производства(Миллион тенге казахских)"	"Январь - Июнь 2012 г. (кв.)"	"201206"	"СЕВЕРО-КАЗАХСТАНСКАЯ ОБЛАСТЬ"	"0"	"228 024 700 000 000 000.0"
"Валовой внутренний продукт методом производства(Миллион тенге казахских)"	"Январь - Сентябрь 2018 г. (кв.)"	"201809"	"СЕВЕРО-КАЗАХСТАНСКАЯ ОБЛАСТЬ"	"0"	"821 230 100 000 000 000.0"
"Валовой внутренний продукт методом производства(Миллион тенге казахских)"	"Январь - Июнь 2010 г. (кв.)"	"201006"	"СЕВЕРО-КАЗАХСТАНСКАЯ ОБЛАСТЬ"	"0"	"158 445 900 000 000 000.0"
"Валовой внутренний продукт методом производства(Миллион тенге казахских)"	"Январь - Сентябрь 2010 г. (кв.)"	"201009"	"СЕВЕРО-КАЗАХСТАНСКАЯ ОБЛАСТЬ"	"0"	"306 412 800 000 000 000.0"
"Валовой внутренний продукт методом производства(Миллион тенге казахских)"	"Январь - Сентябрь 2011 г. (кв.)"	"201109"	"СЕВЕРО-КАЗАХСТАНСКАЯ ОБЛАСТЬ"	"0"	"398 172 400 000 000 000.0"
"Валовой внутренний продукт методом производства(Миллион тенге казахских)"	"Январь - Декабрь 2015 г. (кв.)"	"201512"	"СЕВЕРО-КАЗАХСТАНСКАЯ ОБЛАСТЬ"	"0"	"837 179 900 000 000 000.0"
"Валовой внутренний продукт методом производства(Миллион тенге казахских)"	"Январь - Июнь 2019 г. (кв.)"	"201906"	"СЕВЕРО-КАЗАХСТАНСКАЯ ОБЛАСТЬ"	"0"	"390 619 500 000 000 000.0"
"Валовой внутренний продукт методом производства(Миллион тенге казахских)"	"Январь - Декабрь 2013 г. (кв.)"	"201312"	"СЕВЕРО-КАЗАХСТАНСКАЯ ОБЛАСТЬ"	"0"	"749 879 000 000 000 000.0"
"Валовой внутренний продукт методом производства(Миллион тенге казахских)"	"Январь - Сентябрь 2014 г. (кв.)"	"201409"	"СЕВЕРО-КАЗАХСТАНСКАЯ ОБЛАСТЬ"	"0"	"549 071 300 000 000 000.0"
"Валовой внутренний продукт методом производства(Миллион тенге казахских)"	"Январь - Март 2016 г. (кв.)"	"201603"	"СЕВЕРО-КАЗАХСТАНСКАЯ ОБЛАСТЬ"	"0"	"144 471 900 000 000 000.0"
"Валовой внутренний продукт методом производства(Миллион тенге казахских)"	"Январь - Март 2024 г. (кв.)"	"202403"	"СЕВЕРО-КАЗАХСТАНСКАЯ ОБЛАСТЬ"	"0"	"484 557 100 000 000 000.0"
"Валовой внутренний продукт методом производства(Миллион тенге казахских)"	"Январь - Сентябрь 2024 г. (кв.)"	"202409"	"СЕВЕРО-КАЗАХСТАНСКАЯ ОБЛАСТЬ"	"0"	"1 809 191 200 000 000 000.0"
"Валовой внутренний продукт методом производства(Миллион тенге казахских)"	"Январь - Июнь 2024 г. (кв.)"	"202406"	"СЕВЕРО-КАЗАХСТАНСКАЯ ОБЛАСТЬ"	"0"	"965 108 200 000 000 000.0"
"Валовой внутренний продукт методом производства(Миллион тенге казахских)"	"Январь - Декабрь 2022 г. (кв.)"	"202212"	"СЕВЕРО-КАЗАХСТАНСКАЯ ОБЛАСТЬ"	"0"	"2 198 854 300 000 000 000.0"
"Валовой внутренний продукт методом производства(Миллион тенге казахских)"	"Январь - Декабрь 2021 г. (кв.)"	"202112"	"СЕВЕРО-КАЗАХСТАНСКАЯ ОБЛАСТЬ"	"0"	"1 790 770 400 000 000 000.0"
"Валовой внутренний продукт методом производства(Миллион тенге казахских)"	"Январь - Сентябрь 2022 г. (кв.)"	"202209"	"СЕВЕРО-КАЗАХСТАНСКАЯ ОБЛАСТЬ"	"0"	"1 434 762 800 000 000 000.0"
"Валовой внутренний продукт методом производства(Миллион тенге казахских)"	"Январь - Сентябрь 2023 г. (кв.)"	"202309"	"СЕВЕРО-КАЗАХСТАНСКАЯ ОБЛАСТЬ"	"0"	"1 536 753 900 000 000 000.0"
"Валовой внутренний продукт методом производства(Миллион тенге казахских)"	"Январь - Март 2022 г. (кв.)"	"202203"	"СЕВЕРО-КАЗАХСТАНСКАЯ ОБЛАСТЬ"	"0"	"316 647 600 000 000 000.0"
"Валовой внутренний продукт методом производства(Миллион тенге казахских)"	"Январь - Июнь 2023 г. (кв.)"	"202306"	"СЕВЕРО-КАЗАХСТАНСКАЯ ОБЛАСТЬ"	"0"	"830 699 800 000 000 000.0"
"Валовой внутренний продукт методом производства(Миллион тенге казахских)"	"Январь - Март 2023 г. (кв.)"	"202303"	"СЕВЕРО-КАЗАХСТАНСКАЯ ОБЛАСТЬ"	"0"	"404 716 500 000 000 000.0"
"Валовой внутренний продукт методом производства(Миллион тенге казахских)"	"Январь - Март 2021 г. (кв.)"	"202103"	"СЕВЕРО-КАЗАХСТАНСКАЯ ОБЛАСТЬ"	"0"	"257 625 400 000 000 000.0"
"Валовой внутренний продукт методом производства(Миллион тенге казахских)"	"Январь - Сентябрь 2021 г. (кв.)"	"202109"	"СЕВЕРО-КАЗАХСТАНСКАЯ ОБЛАСТЬ"	"0"	"1 178 386 000 000 000 000.0"
"Валовой внутренний продукт методом производства(Миллион тенге казахских)"	"Январь - Июнь 2022 г. (кв.)"	"202206"	"СЕВЕРО-КАЗАХСТАНСКАЯ ОБЛАСТЬ"	"0"	"663 219 500 000 000 000.0"
"Валовой внутренний продукт методом производства(Миллион тенге казахских)"	"Январь - Декабрь 2023 г. (кв.)"	"202312"	"СЕВЕРО-КАЗАХСТАНСКАЯ ОБЛАСТЬ"	"0"	"2 227 596 300 000 000 000.0"
"Валовой внутренний продукт методом производства(Миллион тенге казахских)"	"Январь - Март 2025 г. (кв.)"	"202503"	"СЕВЕРО-КАЗАХСТАНСКАЯ ОБЛАСТЬ"	"0"	"496 860 300 000 000 000.0"
"Валовой внутренний продукт методом производства(Миллион тенге казахских)"	"Январь - Июнь 2021 г. (кв.)"	"202106"	"КОСТАНАЙСКАЯ ОБЛАСТЬ"	"0"	"1 159 177 300 000 000 000.0"
"Валовой внутренний продукт методом производства(Миллион тенге казахских)"	"Январь - Март 2011 г. (кв.)"	"201103"	"КОСТАНАЙСКАЯ ОБЛАСТЬ"	"0"	"181 907 100 000 000 000.0"
"Валовой внутренний продукт методом производства(Миллион тенге казахских)"	"Январь - Март 2019 г. (кв.)"	"201903"	"КОСТАНАЙСКАЯ ОБЛАСТЬ"	"0"	"414 899 800 000 000 000.0"
"Валовой внутренний продукт методом производства(Миллион тенге казахских)"	"Январь - Сентябрь 2012 г. (кв.)"	"201209"	"КОСТАНАЙСКАЯ ОБЛАСТЬ"	"0"	"736 376 500 000 000 000.0"
"Валовой внутренний продукт методом производства(Миллион тенге казахских)"	"Январь - Март 2012 г. (кв.)"	"201203"	"КОСТАНАЙСКАЯ ОБЛАСТЬ"	"0"	"197 706 000 000 000 000.0"
"Валовой внутренний продукт методом производства(Миллион тенге казахских)"	"Январь - Сентябрь 2015 г. (кв.)"	"201509"	"КОСТАНАЙСКАЯ ОБЛАСТЬ"	"0"	"944 930 000 000 000 000.0"
"Валовой внутренний продукт методом производства(Миллион тенге казахских)"	"Январь - Март 2017 г. (кв.)"	"201703"	"КОСТАНАЙСКАЯ ОБЛАСТЬ"	"0"	"329 373 600 000 000 000.0"
"Валовой внутренний продукт методом производства(Миллион тенге казахских)"	"Январь - Июнь 2017 г. (кв.)"	"201706"	"КОСТАНАЙСКАЯ ОБЛАСТЬ"	"0"	"689 607 000 000 000 000.0"
"Валовой внутренний продукт методом производства(Миллион тенге казахских)"	"Январь - Март 2013 г. (кв.)"	"201303"	"КОСТАНАЙСКАЯ ОБЛАСТЬ"	"0"	"213 381 900 000 000 000.0"
"Валовой внутренний продукт методом производства(Миллион тенге казахских)"	"Январь - Декабрь 2010 г. (кв.)"	"201012"	"КОСТАНАЙСКАЯ ОБЛАСТЬ"	"0"	"856 747 400 000 000 000.0"
"Валовой внутренний продукт методом производства(Миллион тенге казахских)"	"Январь - Декабрь 2014 г. (кв.)"	"201412"	"КОСТАНАЙСКАЯ ОБЛАСТЬ"	"0"	"1 394 867 800 000 000 000.0"
"Валовой внутренний продукт методом производства(Миллион тенге казахских)"	"Январь - Июнь 2013 г. (кв.)"	"201306"	"КОСТАНАЙСКАЯ ОБЛАСТЬ"	"0"	"526 623 200 000 000 000.0"
"Валовой внутренний продукт методом производства(Миллион тенге казахских)"	"Январь - Июнь 2015 г. (кв.)"	"201506"	"КОСТАНАЙСКАЯ ОБЛАСТЬ"	"0"	"566 496 500 000 000 000.0"
"Валовой внутренний продукт методом производства(Миллион тенге казахских)"	"Январь - Июнь 2018 г. (кв.)"	"201806"	"КОСТАНАЙСКАЯ ОБЛАСТЬ"	"0"	"790 196 000 000 000 000.0"
"Валовой внутренний продукт методом производства(Миллион тенге казахских)"	"Январь - Сентябрь 2016 г. (кв.)"	"201609"	"КОСТАНАЙСКАЯ ОБЛАСТЬ"	"0"	"1 046 104 000 000 000 000.0"
"Валовой внутренний продукт методом производства(Миллион тенге казахских)"	"Январь - Март 2014 г. (кв.)"	"201403"	"КОСТАНАЙСКАЯ ОБЛАСТЬ"	"0"	"258 255 800 000 000 000.0"
"Валовой внутренний продукт методом производства(Миллион тенге казахских)"	"Январь - Март 2015 г. (кв.)"	"201503"	"КОСТАНАЙСКАЯ ОБЛАСТЬ"	"0"	"289 866 800 000 000 000.0"
"Валовой внутренний продукт методом производства(Миллион тенге казахских)"	"Январь - Июнь 2016 г. (кв.)"	"201606"	"КОСТАНАЙСКАЯ ОБЛАСТЬ"	"0"	"624 803 500 000 000 000.0"
"Валовой внутренний продукт методом производства(Миллион тенге казахских)"	"Январь - Март 2018 г. (кв.)"	"201803"	"КОСТАНАЙСКАЯ ОБЛАСТЬ"	"0"	"352 680 900 000 000 000.0"
"Валовой внутренний продукт методом производства(Миллион тенге казахских)"	"Январь - Март 2020 г. (кв.)"	"202003"	"КОСТАНАЙСКАЯ ОБЛАСТЬ"	"0"	"532 513 500 000 000 000.0"
"Валовой внутренний продукт методом производства(Миллион тенге казахских)"	"Январь - Сентябрь 2020 г. (кв.)"	"202009"	"КОСТАНАЙСКАЯ ОБЛАСТЬ"	"0"	"1 751 598 600 000 000 000.0"
"Валовой внутренний продукт методом производства(Миллион тенге казахских)"	"Январь - Декабрь 2019 г. (кв.)"	"201912"	"КОСТАНАЙСКАЯ ОБЛАСТЬ"	"0"	"2 451 736 400 000 000 000.0"
"Валовой внутренний продукт методом производства(Миллион тенге казахских)"	"Январь - Декабрь 2016 г. (кв.)"	"201612"	"КОСТАНАЙСКАЯ ОБЛАСТЬ"	"0"	"1 522 282 100 000 000 000.0"
"Валовой внутренний продукт методом производства(Миллион тенге казахских)"	"Январь - Июнь 2020 г. (кв.)"	"202006"	"КОСТАНАЙСКАЯ ОБЛАСТЬ"	"0"	"971 747 500 000 000 000.0"
"Валовой внутренний продукт методом производства(Миллион тенге казахских)"	"Январь - Март 2010 г. (кв.)"	"201003"	"КОСТАНАЙСКАЯ ОБЛАСТЬ"	"0"	"139 126 400 000 000 000.0"
"Валовой внутренний продукт методом производства(Миллион тенге казахских)"	"Январь - Декабрь 2011 г. (кв.)"	"201112"	"КОСТАНАЙСКАЯ ОБЛАСТЬ"	"0"	"1 134 274 600 000 000 000.0"
"Валовой внутренний продукт методом производства(Миллион тенге казахских)"	"Январь - Декабрь 2020 г. (кв.)"	"202012"	"КОСТАНАЙСКАЯ ОБЛАСТЬ"	"0"	"2 872 209 600 000 000 000.0"
"Валовой внутренний продукт методом производства(Миллион тенге казахских)"	"Январь - Сентябрь 2017 г. (кв.)"	"201709"	"КОСТАНАЙСКАЯ ОБЛАСТЬ"	"0"	"1 256 471 700 000 000 000.0"
"Валовой внутренний продукт методом производства(Миллион тенге казахских)"	"Январь - Июнь 2014 г. (кв.)"	"201406"	"КОСТАНАЙСКАЯ ОБЛАСТЬ"	"0"	"546 408 100 000 000 000.0"
"Валовой внутренний продукт методом производства(Миллион тенге казахских)"	"Январь - Сентябрь 2019 г. (кв.)"	"201909"	"КОСТАНАЙСКАЯ ОБЛАСТЬ"	"0"	"1 566 862 300 000 000 000.0"
"Валовой внутренний продукт методом производства(Миллион тенге казахских)"	"Январь - Сентябрь 2013 г. (кв.)"	"201309"	"КОСТАНАЙСКАЯ ОБЛАСТЬ"	"0"	"878 201 900 000 000 000.0"
"Валовой внутренний продукт методом производства(Миллион тенге казахских)"	"Январь - Декабрь 2012 г. (кв.)"	"201212"	"КОСТАНАЙСКАЯ ОБЛАСТЬ"	"0"	"1 150 679 300 000 000 000.0"
"Валовой внутренний продукт методом производства(Миллион тенге казахских)"	"Январь - Декабрь 2018 г. (кв.)"	"201812"	"КОСТАНАЙСКАЯ ОБЛАСТЬ"	"0"	"2 069 286 200 000 000 000.0"
"Валовой внутренний продукт методом производства(Миллион тенге казахских)"	"Январь - Декабрь 2017 г. (кв.)"	"201712"	"КОСТАНАЙСКАЯ ОБЛАСТЬ"	"0"	"1 850 281 000 000 000 000.0"
"Валовой внутренний продукт методом производства(Миллион тенге казахских)"	"Январь - Июнь 2011 г. (кв.)"	"201106"	"КОСТАНАЙСКАЯ ОБЛАСТЬ"	"0"	"400 143 500 000 000 000.0"
"Валовой внутренний продукт методом производства(Миллион тенге казахских)"	"Январь - Июнь 2012 г. (кв.)"	"201206"	"КОСТАНАЙСКАЯ ОБЛАСТЬ"	"0"	"445 805 900 000 000 000.0"
"Валовой внутренний продукт методом производства(Миллион тенге казахских)"	"Январь - Сентябрь 2018 г. (кв.)"	"201809"	"КОСТАНАЙСКАЯ ОБЛАСТЬ"	"0"	"1 386 608 400 000 000 000.0"
"Валовой внутренний продукт методом производства(Миллион тенге казахских)"	"Январь - Июнь 2010 г. (кв.)"	"201006"	"КОСТАНАЙСКАЯ ОБЛАСТЬ"	"0"	"325 373 400 000 000 000.0"
"Валовой внутренний продукт методом производства(Миллион тенге казахских)"	"Январь - Сентябрь 2010 г. (кв.)"	"201009"	"КОСТАНАЙСКАЯ ОБЛАСТЬ"	"0"	"568 028 400 000 000 000.0"
"Валовой внутренний продукт методом производства(Миллион тенге казахских)"	"Январь - Сентябрь 2011 г. (кв.)"	"201109"	"КОСТАНАЙСКАЯ ОБЛАСТЬ"	"0"	"742 837 200 000 000 000.0"
"Валовой внутренний продукт методом производства(Миллион тенге казахских)"	"Январь - Декабрь 2015 г. (кв.)"	"201512"	"КОСТАНАЙСКАЯ ОБЛАСТЬ"	"0"	"1 378 258 400 000 000 000.0"
"Валовой внутренний продукт методом производства(Миллион тенге казахских)"	"Январь - Июнь 2019 г. (кв.)"	"201906"	"КОСТАНАЙСКАЯ ОБЛАСТЬ"	"0"	"926 014 300 000 000 000.0"
"Валовой внутренний продукт методом производства(Миллион тенге казахских)"	"Январь - Декабрь 2013 г. (кв.)"	"201312"	"КОСТАНАЙСКАЯ ОБЛАСТЬ"	"0"	"1 348 290 000 000 000 000.0"
"Валовой внутренний продукт методом производства(Миллион тенге казахских)"	"Январь - Сентябрь 2014 г. (кв.)"	"201409"	"КОСТАНАЙСКАЯ ОБЛАСТЬ"	"0"	"922 339 700 000 000 000.0"
"Валовой внутренний продукт методом производства(Миллион тенге казахских)"	"Январь - Март 2016 г. (кв.)"	"201603"	"КОСТАНАЙСКАЯ ОБЛАСТЬ"	"0"	"290 060 700 000 000 000.0"
"Валовой внутренний продукт методом производства(Миллион тенге казахских)"	"Январь - Март 2024 г. (кв.)"	"202403"	"КОСТАНАЙСКАЯ ОБЛАСТЬ"	"0"	"974 585 800 000 000 000.0"
"Валовой внутренний продукт методом производства(Миллион тенге казахских)"	"Январь - Сентябрь 2024 г. (кв.)"	"202409"	"КОСТАНАЙСКАЯ ОБЛАСТЬ"	"0"	"3 052 487 000 000 000 000.0"
"Валовой внутренний продукт методом производства(Миллион тенге казахских)"	"Январь - Июнь 2024 г. (кв.)"	"202406"	"КОСТАНАЙСКАЯ ОБЛАСТЬ"	"0"	"1 771 516 700 000 000 000.0"
"Валовой внутренний продукт методом производства(Миллион тенге казахских)"	"Январь - Декабрь 2022 г. (кв.)"	"202212"	"КОСТАНАЙСКАЯ ОБЛАСТЬ"	"0"	"4 182 077 800 000 000 000.0"
"Валовой внутренний продукт методом производства(Миллион тенге казахских)"	"Январь - Декабрь 2021 г. (кв.)"	"202112"	"КОСТАНАЙСКАЯ ОБЛАСТЬ"	"0"	"3 516 221 000 000 000 000.0"
"Валовой внутренний продукт методом производства(Миллион тенге казахских)"	"Январь - Сентябрь 2022 г. (кв.)"	"202209"	"КОСТАНАЙСКАЯ ОБЛАСТЬ"	"0"	"2 588 901 000 000 000 000.0"
"Валовой внутренний продукт методом производства(Миллион тенге казахских)"	"Январь - Сентябрь 2023 г. (кв.)"	"202309"	"КОСТАНАЙСКАЯ ОБЛАСТЬ"	"0"	"2 711 574 200 000 000 000.0"
"Валовой внутренний продукт методом производства(Миллион тенге казахских)"	"Январь - Март 2022 г. (кв.)"	"202203"	"КОСТАНАЙСКАЯ ОБЛАСТЬ"	"0"	"727 369 100 000 000 000.0"
"Валовой внутренний продукт методом производства(Миллион тенге казахских)"	"Январь - Июнь 2023 г. (кв.)"	"202306"	"КОСТАНАЙСКАЯ ОБЛАСТЬ"	"0"	"1 625 511 300 000 000 000.0"
"Валовой внутренний продукт методом производства(Миллион тенге казахских)"	"Январь - Март 2023 г. (кв.)"	"202303"	"КОСТАНАЙСКАЯ ОБЛАСТЬ"	"0"	"877 167 700 000 000 000.0"
"Валовой внутренний продукт методом производства(Миллион тенге казахских)"	"Январь - Март 2021 г. (кв.)"	"202103"	"КОСТАНАЙСКАЯ ОБЛАСТЬ"	"0"	"603 406 800 000 000 000.0"
"Валовой внутренний продукт методом производства(Миллион тенге казахских)"	"Январь - Сентябрь 2021 г. (кв.)"	"202109"	"КОСТАНАЙСКАЯ ОБЛАСТЬ"	"0"	"2 209 799 300 000 000 000.0"
"Валовой внутренний продукт методом производства(Миллион тенге казахских)"	"Январь - Июнь 2022 г. (кв.)"	"202206"	"КОСТАНАЙСКАЯ ОБЛАСТЬ"	"0"	"1 378 171 700 000 000 000.0"
"Валовой внутренний продукт методом производства(Миллион тенге казахских)"	"Январь - Декабрь 2023 г. (кв.)"	"202312"	"КОСТАНАЙСКАЯ ОБЛАСТЬ"	"0"	"4 436 636 100 000 000 000.0"
"Валовой внутренний продукт методом производства(Миллион тенге казахских)"	"Январь - Март 2025 г. (кв.)"	"202503"	"КОСТАНАЙСКАЯ ОБЛАСТЬ"	"0"	"1 063 389 600 000 000 000.0"
"Валовой внутренний продукт методом производства(Миллион тенге казахских)"	"Январь - Июнь 2021 г. (кв.)"	"202106"	"ЗАПАДНО-КАЗАХСТАНСКАЯ ОБЛАСТЬ"	"0"	"1 381 305 800 000 000 000.0"
"Валовой внутренний продукт методом производства(Миллион тенге казахских)"	"Январь - Март 2011 г. (кв.)"	"201103"	"ЗАПАДНО-КАЗАХСТАНСКАЯ ОБЛАСТЬ"	"0"	"285 617 200 000 000 000.0"
"Валовой внутренний продукт методом производства(Миллион тенге казахских)"	"Январь - Март 2019 г. (кв.)"	"201903"	"ЗАПАДНО-КАЗАХСТАНСКАЯ ОБЛАСТЬ"	"0"	"579 053 600 000 000 000.0"
"Валовой внутренний продукт методом производства(Миллион тенге казахских)"	"Январь - Сентябрь 2012 г. (кв.)"	"201209"	"ЗАПАДНО-КАЗАХСТАНСКАЯ ОБЛАСТЬ"	"0"	"1 004 262 300 000 000 000.0"
"Валовой внутренний продукт методом производства(Миллион тенге казахских)"	"Январь - Март 2012 г. (кв.)"	"201203"	"ЗАПАДНО-КАЗАХСТАНСКАЯ ОБЛАСТЬ"	"0"	"312 260 900 000 000 000.0"
"Валовой внутренний продукт методом производства(Миллион тенге казахских)"	"Январь - Сентябрь 2015 г. (кв.)"	"201509"	"ЗАПАДНО-КАЗАХСТАНСКАЯ ОБЛАСТЬ"	"0"	"1 241 556 200 000 000 000.0"
"Валовой внутренний продукт методом производства(Миллион тенге казахских)"	"Январь - Март 2017 г. (кв.)"	"201703"	"ЗАПАДНО-КАЗАХСТАНСКАЯ ОБЛАСТЬ"	"0"	"468 096 700 000 000 000.0"
"Валовой внутренний продукт методом производства(Миллион тенге казахских)"	"Январь - Июнь 2017 г. (кв.)"	"201706"	"ЗАПАДНО-КАЗАХСТАНСКАЯ ОБЛАСТЬ"	"0"	"989 719 700 000 000 000.0"
"Валовой внутренний продукт методом производства(Миллион тенге казахских)"	"Январь - Март 2013 г. (кв.)"	"201303"	"ЗАПАДНО-КАЗАХСТАНСКАЯ ОБЛАСТЬ"	"0"	"373 273 400 000 000 000.0"
"Валовой внутренний продукт методом производства(Миллион тенге казахских)"	"Январь - Декабрь 2010 г. (кв.)"	"201012"	"ЗАПАДНО-КАЗАХСТАНСКАЯ ОБЛАСТЬ"	"0"	"1 048 779 500 000 000 000.0"
"Валовой внутренний продукт методом производства(Миллион тенге казахских)"	"Январь - Декабрь 2014 г. (кв.)"	"201412"	"ЗАПАДНО-КАЗАХСТАНСКАЯ ОБЛАСТЬ"	"0"	"1 987 705 700 000 000 000.0"
"Валовой внутренний продукт методом производства(Миллион тенге казахских)"	"Январь - Июнь 2013 г. (кв.)"	"201306"	"ЗАПАДНО-КАЗАХСТАНСКАЯ ОБЛАСТЬ"	"0"	"728 731 800 000 000 000.0"
"Валовой внутренний продукт методом производства(Миллион тенге казахских)"	"Январь - Июнь 2015 г. (кв.)"	"201506"	"ЗАПАДНО-КАЗАХСТАНСКАЯ ОБЛАСТЬ"	"0"	"760 956 700 000 000 000.0"
"Валовой внутренний продукт методом производства(Миллион тенге казахских)"	"Январь - Июнь 2018 г. (кв.)"	"201806"	"ЗАПАДНО-КАЗАХСТАНСКАЯ ОБЛАСТЬ"	"0"	"1 231 876 000 000 000 000.0"
"Валовой внутренний продукт методом производства(Миллион тенге казахских)"	"Январь - Сентябрь 2016 г. (кв.)"	"201609"	"ЗАПАДНО-КАЗАХСТАНСКАЯ ОБЛАСТЬ"	"0"	"1 382 383 700 000 000 000.0"
"Валовой внутренний продукт методом производства(Миллион тенге казахских)"	"Январь - Март 2014 г. (кв.)"	"201403"	"ЗАПАДНО-КАЗАХСТАНСКАЯ ОБЛАСТЬ"	"0"	"428 181 000 000 000 000.0"
"Валовой внутренний продукт методом производства(Миллион тенге казахских)"	"Январь - Март 2015 г. (кв.)"	"201503"	"ЗАПАДНО-КАЗАХСТАНСКАЯ ОБЛАСТЬ"	"0"	"370 448 000 000 000 000.0"
"Валовой внутренний продукт методом производства(Миллион тенге казахских)"	"Январь - Июнь 2016 г. (кв.)"	"201606"	"ЗАПАДНО-КАЗАХСТАНСКАЯ ОБЛАСТЬ"	"0"	"837 986 100 000 000 000.0"
"Валовой внутренний продукт методом производства(Миллион тенге казахских)"	"Январь - Март 2018 г. (кв.)"	"201803"	"ЗАПАДНО-КАЗАХСТАНСКАЯ ОБЛАСТЬ"	"0"	"518 341 400 000 000 000.0"
"Валовой внутренний продукт методом производства(Миллион тенге казахских)"	"Январь - Март 2020 г. (кв.)"	"202003"	"ЗАПАДНО-КАЗАХСТАНСКАЯ ОБЛАСТЬ"	"0"	"613 983 200 000 000 000.0"
"Валовой внутренний продукт методом производства(Миллион тенге казахских)"	"Январь - Сентябрь 2020 г. (кв.)"	"202009"	"ЗАПАДНО-КАЗАХСТАНСКАЯ ОБЛАСТЬ"	"0"	"1 919 745 900 000 000 000.0"
"Валовой внутренний продукт методом производства(Миллион тенге казахских)"	"Январь - Декабрь 2019 г. (кв.)"	"201912"	"ЗАПАДНО-КАЗАХСТАНСКАЯ ОБЛАСТЬ"	"0"	"2 946 389 100 000 000 000.0"
"Валовой внутренний продукт методом производства(Миллион тенге казахских)"	"Январь - Декабрь 2016 г. (кв.)"	"201612"	"ЗАПАДНО-КАЗАХСТАНСКАЯ ОБЛАСТЬ"	"0"	"2 032 669 900 000 000 000.0"
"Валовой внутренний продукт методом производства(Миллион тенге казахских)"	"Январь - Июнь 2020 г. (кв.)"	"202006"	"ЗАПАДНО-КАЗАХСТАНСКАЯ ОБЛАСТЬ"	"0"	"1 210 613 600 000 000 000.0"
"Валовой внутренний продукт методом производства(Миллион тенге казахских)"	"Январь - Март 2010 г. (кв.)"	"201003"	"ЗАПАДНО-КАЗАХСТАНСКАЯ ОБЛАСТЬ"	"0"	"207 651 900 000 000 000.0"
"Валовой внутренний продукт методом производства(Миллион тенге казахских)"	"Январь - Декабрь 2011 г. (кв.)"	"201112"	"ЗАПАДНО-КАЗАХСТАНСКАЯ ОБЛАСТЬ"	"0"	"1 358 388 500 000 000 000.0"
"Валовой внутренний продукт методом производства(Миллион тенге казахских)"	"Январь - Декабрь 2020 г. (кв.)"	"202012"	"ЗАПАДНО-КАЗАХСТАНСКАЯ ОБЛАСТЬ"	"0"	"2 735 953 100 000 000 000.0"
"Валовой внутренний продукт методом производства(Миллион тенге казахских)"	"Январь - Сентябрь 2017 г. (кв.)"	"201709"	"ЗАПАДНО-КАЗАХСТАНСКАЯ ОБЛАСТЬ"	"0"	"1 575 737 300 000 000 000.0"
"Валовой внутренний продукт методом производства(Миллион тенге казахских)"	"Январь - Июнь 2014 г. (кв.)"	"201406"	"ЗАПАДНО-КАЗАХСТАНСКАЯ ОБЛАСТЬ"	"0"	"875 596 600 000 000 000.0"
"Валовой внутренний продукт методом производства(Миллион тенге казахских)"	"Январь - Сентябрь 2019 г. (кв.)"	"201909"	"ЗАПАДНО-КАЗАХСТАНСКАЯ ОБЛАСТЬ"	"0"	"2 099 923 900 000 000 000.0"
"Валовой внутренний продукт методом производства(Миллион тенге казахских)"	"Январь - Сентябрь 2013 г. (кв.)"	"201309"	"ЗАПАДНО-КАЗАХСТАНСКАЯ ОБЛАСТЬ"	"0"	"1 141 805 700 000 000 000.0"
"Валовой внутренний продукт методом производства(Миллион тенге казахских)"	"Январь - Декабрь 2012 г. (кв.)"	"201212"	"ЗАПАДНО-КАЗАХСТАНСКАЯ ОБЛАСТЬ"	"0"	"1 762 701 500 000 000 000.0"
"Валовой внутренний продукт методом производства(Миллион тенге казахских)"	"Январь - Декабрь 2018 г. (кв.)"	"201812"	"ЗАПАДНО-КАЗАХСТАНСКАЯ ОБЛАСТЬ"	"0"	"2 790 661 600 000 000 000.0"
"Валовой внутренний продукт методом производства(Миллион тенге казахских)"	"Январь - Декабрь 2017 г. (кв.)"	"201712"	"ЗАПАДНО-КАЗАХСТАНСКАЯ ОБЛАСТЬ"	"0"	"2 337 505 700 000 000 000.0"
"Валовой внутренний продукт методом производства(Миллион тенге казахских)"	"Январь - Июнь 2011 г. (кв.)"	"201106"	"ЗАПАДНО-КАЗАХСТАНСКАЯ ОБЛАСТЬ"	"0"	"597 399 900 000 000 000.0"
"Валовой внутренний продукт методом производства(Миллион тенге казахских)"	"Январь - Июнь 2012 г. (кв.)"	"201206"	"ЗАПАДНО-КАЗАХСТАНСКАЯ ОБЛАСТЬ"	"0"	"682 000 500 000 000 000.0"
"Валовой внутренний продукт методом производства(Миллион тенге казахских)"	"Январь - Сентябрь 2018 г. (кв.)"	"201809"	"ЗАПАДНО-КАЗАХСТАНСКАЯ ОБЛАСТЬ"	"0"	"2 000 669 800 000 000 000.0"
"Валовой внутренний продукт методом производства(Миллион тенге казахских)"	"Январь - Июнь 2010 г. (кв.)"	"201006"	"ЗАПАДНО-КАЗАХСТАНСКАЯ ОБЛАСТЬ"	"0"	"437 614 200 000 000 000.0"
"Валовой внутренний продукт методом производства(Миллион тенге казахских)"	"Январь - Сентябрь 2010 г. (кв.)"	"201009"	"ЗАПАДНО-КАЗАХСТАНСКАЯ ОБЛАСТЬ"	"0"	"686 222 300 000 000 000.0"
"Валовой внутренний продукт методом производства(Миллион тенге казахских)"	"Январь - Сентябрь 2011 г. (кв.)"	"201109"	"ЗАПАДНО-КАЗАХСТАНСКАЯ ОБЛАСТЬ"	"0"	"952 112 700 000 000 000.0"
"Валовой внутренний продукт методом производства(Миллион тенге казахских)"	"Январь - Декабрь 2015 г. (кв.)"	"201512"	"ЗАПАДНО-КАЗАХСТАНСКАЯ ОБЛАСТЬ"	"0"	"1 709 952 700 000 000 000.0"
"Валовой внутренний продукт методом производства(Миллион тенге казахских)"	"Январь - Июнь 2019 г. (кв.)"	"201906"	"ЗАПАДНО-КАЗАХСТАНСКАЯ ОБЛАСТЬ"	"0"	"1 376 632 800 000 000 000.0"
"Валовой внутренний продукт методом производства(Миллион тенге казахских)"	"Январь - Декабрь 2013 г. (кв.)"	"201312"	"ЗАПАДНО-КАЗАХСТАНСКАЯ ОБЛАСТЬ"	"0"	"1 780 551 700 000 000 000.0"
"Валовой внутренний продукт методом производства(Миллион тенге казахских)"	"Январь - Сентябрь 2014 г. (кв.)"	"201409"	"ЗАПАДНО-КАЗАХСТАНСКАЯ ОБЛАСТЬ"	"0"	"1 365 255 100 000 000 000.0"
"Валовой внутренний продукт методом производства(Миллион тенге казахских)"	"Январь - Март 2016 г. (кв.)"	"201603"	"ЗАПАДНО-КАЗАХСТАНСКАЯ ОБЛАСТЬ"	"0"	"393 689 500 000 000 000.0"
"Валовой внутренний продукт методом производства(Миллион тенге казахских)"	"Январь - Март 2024 г. (кв.)"	"202403"	"ЗАПАДНО-КАЗАХСТАНСКАЯ ОБЛАСТЬ"	"0"	"1 239 384 100 000 000 000.0"
"Валовой внутренний продукт методом производства(Миллион тенге казахских)"	"Январь - Сентябрь 2024 г. (кв.)"	"202409"	"ЗАПАДНО-КАЗАХСТАНСКАЯ ОБЛАСТЬ"	"0"	"3 351 046 700 000 000 000.0"
"Валовой внутренний продукт методом производства(Миллион тенге казахских)"	"Январь - Июнь 2024 г. (кв.)"	"202406"	"ЗАПАДНО-КАЗАХСТАНСКАЯ ОБЛАСТЬ"	"0"	"2 146 896 100 000 000 000.0"
"Валовой внутренний продукт методом производства(Миллион тенге казахских)"	"Январь - Декабрь 2022 г. (кв.)"	"202212"	"ЗАПАДНО-КАЗАХСТАНСКАЯ ОБЛАСТЬ"	"0"	"4 435 130 600 000 000 000.0"
"Валовой внутренний продукт методом производства(Миллион тенге казахских)"	"Январь - Декабрь 2021 г. (кв.)"	"202112"	"ЗАПАДНО-КАЗАХСТАНСКАЯ ОБЛАСТЬ"	"0"	"3 533 014 400 000 000 000.0"
"Валовой внутренний продукт методом производства(Миллион тенге казахских)"	"Январь - Сентябрь 2022 г. (кв.)"	"202209"	"ЗАПАДНО-КАЗАХСТАНСКАЯ ОБЛАСТЬ"	"0"	"2 876 076 900 000 000 000.0"
"Валовой внутренний продукт методом производства(Миллион тенге казахских)"	"Январь - Сентябрь 2023 г. (кв.)"	"202309"	"ЗАПАДНО-КАЗАХСТАНСКАЯ ОБЛАСТЬ"	"0"	"3 026 011 600 000 000 000.0"
"Валовой внутренний продукт методом производства(Миллион тенге казахских)"	"Январь - Март 2022 г. (кв.)"	"202203"	"ЗАПАДНО-КАЗАХСТАНСКАЯ ОБЛАСТЬ"	"0"	"824 496 900 000 000 000.0"
"Валовой внутренний продукт методом производства(Миллион тенге казахских)"	"Январь - Июнь 2023 г. (кв.)"	"202306"	"ЗАПАДНО-КАЗАХСТАНСКАЯ ОБЛАСТЬ"	"0"	"1 894 895 100 000 000 000.0"
"Валовой внутренний продукт методом производства(Миллион тенге казахских)"	"Январь - Март 2023 г. (кв.)"	"202303"	"ЗАПАДНО-КАЗАХСТАНСКАЯ ОБЛАСТЬ"	"0"	"897 727 100 000 000 000.0"
"Валовой внутренний продукт методом производства(Миллион тенге казахских)"	"Январь - Март 2021 г. (кв.)"	"202103"	"ЗАПАДНО-КАЗАХСТАНСКАЯ ОБЛАСТЬ"	"0"	"631 168 800 000 000 000.0"
"Валовой внутренний продукт методом производства(Миллион тенге казахских)"	"Январь - Сентябрь 2021 г. (кв.)"	"202109"	"ЗАПАДНО-КАЗАХСТАНСКАЯ ОБЛАСТЬ"	"0"	"2 237 609 400 000 000 000.0"
"Валовой внутренний продукт методом производства(Миллион тенге казахских)"	"Январь - Июнь 2022 г. (кв.)"	"202206"	"ЗАПАДНО-КАЗАХСТАНСКАЯ ОБЛАСТЬ"	"0"	"1 825 487 900 000 000 000.0"
"Валовой внутренний продукт методом производства(Миллион тенге казахских)"	"Январь - Декабрь 2023 г. (кв.)"	"202312"	"ЗАПАДНО-КАЗАХСТАНСКАЯ ОБЛАСТЬ"	"0"	"5 014 788 300 000 000 000.0"
"Валовой внутренний продукт методом производства(Миллион тенге казахских)"	"Январь - Март 2025 г. (кв.)"	"202503"	"ЗАПАДНО-КАЗАХСТАНСКАЯ ОБЛАСТЬ"	"0"	"1 290 420 200 000 000 000.0"
"Валовой внутренний продукт методом производства(Миллион тенге казахских)"	"Январь - Март 2011 г. (кв.)"	"201103"	"ЮЖНО-КАЗАХСТАНСКАЯ ОБЛАСТЬ"	"0"	"231 434 500 000 000 000.0"
"Валовой внутренний продукт методом производства(Миллион тенге казахских)"	"Январь - Сентябрь 2012 г. (кв.)"	"201209"	"ЮЖНО-КАЗАХСТАНСКАЯ ОБЛАСТЬ"	"0"	"1 122 518 500 000 000 000.0"
"Валовой внутренний продукт методом производства(Миллион тенге казахских)"	"Январь - Март 2012 г. (кв.)"	"201203"	"ЮЖНО-КАЗАХСТАНСКАЯ ОБЛАСТЬ"	"0"	"315 719 400 000 000 000.0"
"Валовой внутренний продукт методом производства(Миллион тенге казахских)"	"Январь - Сентябрь 2015 г. (кв.)"	"201509"	"ЮЖНО-КАЗАХСТАНСКАЯ ОБЛАСТЬ"	"0"	"1 682 535 800 000 000 000.0"
"Валовой внутренний продукт методом производства(Миллион тенге казахских)"	"Январь - Март 2017 г. (кв.)"	"201703"	"ЮЖНО-КАЗАХСТАНСКАЯ ОБЛАСТЬ"	"0"	"652 883 800 000 000 000.0"
"Валовой внутренний продукт методом производства(Миллион тенге казахских)"	"Январь - Июнь 2017 г. (кв.)"	"201706"	"ЮЖНО-КАЗАХСТАНСКАЯ ОБЛАСТЬ"	"0"	"1 340 491 100 000 000 000.0"
"Валовой внутренний продукт методом производства(Миллион тенге казахских)"	"Январь - Март 2013 г. (кв.)"	"201303"	"ЮЖНО-КАЗАХСТАНСКАЯ ОБЛАСТЬ"	"0"	"374 641 800 000 000 000.0"
"Валовой внутренний продукт методом производства(Миллион тенге казахских)"	"Январь - Декабрь 2010 г. (кв.)"	"201012"	"ЮЖНО-КАЗАХСТАНСКАЯ ОБЛАСТЬ"	"0"	"1 205 298 200 000 000 000.0"
"Валовой внутренний продукт методом производства(Миллион тенге казахских)"	"Январь - Декабрь 2014 г. (кв.)"	"201412"	"ЮЖНО-КАЗАХСТАНСКАЯ ОБЛАСТЬ"	"0"	"2 398 774 600 000 000 000.0"
"Валовой внутренний продукт методом производства(Миллион тенге казахских)"	"Январь - Июнь 2013 г. (кв.)"	"201306"	"ЮЖНО-КАЗАХСТАНСКАЯ ОБЛАСТЬ"	"0"	"828 840 800 000 000 000.0"
"Валовой внутренний продукт методом производства(Миллион тенге казахских)"	"Январь - Июнь 2015 г. (кв.)"	"201506"	"ЮЖНО-КАЗАХСТАНСКАЯ ОБЛАСТЬ"	"0"	"1 119 018 500 000 000 000.0"
"Валовой внутренний продукт методом производства(Миллион тенге казахских)"	"Январь - Сентябрь 2016 г. (кв.)"	"201609"	"ЮЖНО-КАЗАХСТАНСКАЯ ОБЛАСТЬ"	"0"	"1 956 404 100 000 000 000.0"
"Валовой внутренний продукт методом производства(Миллион тенге казахских)"	"Январь - Март 2014 г. (кв.)"	"201403"	"ЮЖНО-КАЗАХСТАНСКАЯ ОБЛАСТЬ"	"0"	"462 173 800 000 000 000.0"
"Валовой внутренний продукт методом производства(Миллион тенге казахских)"	"Январь - Март 2015 г. (кв.)"	"201503"	"ЮЖНО-КАЗАХСТАНСКАЯ ОБЛАСТЬ"	"0"	"506 543 900 000 000 000.0"
"Валовой внутренний продукт методом производства(Миллион тенге казахских)"	"Январь - Июнь 2016 г. (кв.)"	"201606"	"ЮЖНО-КАЗАХСТАНСКАЯ ОБЛАСТЬ"	"0"	"1 293 978 900 000 000 000.0"
"Валовой внутренний продукт методом производства(Миллион тенге казахских)"	"Январь - Март 2018 г. (кв.)"	"201803"	"ЮЖНО-КАЗАХСТАНСКАЯ ОБЛАСТЬ"	"0"	"732 083 400 000 000 000.0"
"Валовой внутренний продукт методом производства(Миллион тенге казахских)"	"Январь - Декабрь 2016 г. (кв.)"	"201612"	"ЮЖНО-КАЗАХСТАНСКАЯ ОБЛАСТЬ"	"0"	"2 789 228 000 000 000 000.0"
"Валовой внутренний продукт методом производства(Миллион тенге казахских)"	"Январь - Март 2010 г. (кв.)"	"201003"	"ЮЖНО-КАЗАХСТАНСКАЯ ОБЛАСТЬ"	"0"	"205 533 100 000 000 000.0"
"Валовой внутренний продукт методом производства(Миллион тенге казахских)"	"Январь - Декабрь 2011 г. (кв.)"	"201112"	"ЮЖНО-КАЗАХСТАНСКАЯ ОБЛАСТЬ"	"0"	"1 512 565 300 000 000 000.0"
"Валовой внутренний продукт методом производства(Миллион тенге казахских)"	"Январь - Сентябрь 2017 г. (кв.)"	"201709"	"ЮЖНО-КАЗАХСТАНСКАЯ ОБЛАСТЬ"	"0"	"2 155 063 900 000 000 000.0"
"Валовой внутренний продукт методом производства(Миллион тенге казахских)"	"Январь - Июнь 2014 г. (кв.)"	"201406"	"ЮЖНО-КАЗАХСТАНСКАЯ ОБЛАСТЬ"	"0"	"1 020 817 700 000 000 000.0"
"Валовой внутренний продукт методом производства(Миллион тенге казахских)"	"Январь - Сентябрь 2013 г. (кв.)"	"201309"	"ЮЖНО-КАЗАХСТАНСКАЯ ОБЛАСТЬ"	"0"	"1 395 864 300 000 000 000.0"
"Валовой внутренний продукт методом производства(Миллион тенге казахских)"	"Январь - Декабрь 2012 г. (кв.)"	"201212"	"ЮЖНО-КАЗАХСТАНСКАЯ ОБЛАСТЬ"	"0"	"1 868 713 000 000 000 000.0"
"Валовой внутренний продукт методом производства(Миллион тенге казахских)"	"Январь - Декабрь 2017 г. (кв.)"	"201712"	"ЮЖНО-КАЗАХСТАНСКАЯ ОБЛАСТЬ"	"0"	"3 187 724 400 000 000 000.0"
"Валовой внутренний продукт методом производства(Миллион тенге казахских)"	"Январь - Июнь 2011 г. (кв.)"	"201106"	"ЮЖНО-КАЗАХСТАНСКАЯ ОБЛАСТЬ"	"0"	"524 245 300 000 000 000.0"
"Валовой внутренний продукт методом производства(Миллион тенге казахских)"	"Январь - Июнь 2012 г. (кв.)"	"201206"	"ЮЖНО-КАЗАХСТАНСКАЯ ОБЛАСТЬ"	"0"	"688 438 200 000 000 000.0"
"Валовой внутренний продукт методом производства(Миллион тенге казахских)"	"Январь - Июнь 2010 г. (кв.)"	"201006"	"ЮЖНО-КАЗАХСТАНСКАЯ ОБЛАСТЬ"	"0"	"477 131 200 000 000 000.0"
"Валовой внутренний продукт методом производства(Миллион тенге казахских)"	"Январь - Сентябрь 2010 г. (кв.)"	"201009"	"ЮЖНО-КАЗАХСТАНСКАЯ ОБЛАСТЬ"	"0"	"770 235 400 000 000 000.0"
"Валовой внутренний продукт методом производства(Миллион тенге казахских)"	"Январь - Сентябрь 2011 г. (кв.)"	"201109"	"ЮЖНО-КАЗАХСТАНСКАЯ ОБЛАСТЬ"	"0"	"915 508 600 000 000 000.0"
"Валовой внутренний продукт методом производства(Миллион тенге казахских)"	"Январь - Декабрь 2015 г. (кв.)"	"201512"	"ЮЖНО-КАЗАХСТАНСКАЯ ОБЛАСТЬ"	"0"	"2 508 380 900 000 000 000.0"
"Валовой внутренний продукт методом производства(Миллион тенге казахских)"	"Январь - Декабрь 2013 г. (кв.)"	"201312"	"ЮЖНО-КАЗАХСТАНСКАЯ ОБЛАСТЬ"	"0"	"2 141 408 500 000 000 000.0"
"Валовой внутренний продукт методом производства(Миллион тенге казахских)"	"Январь - Сентябрь 2014 г. (кв.)"	"201409"	"ЮЖНО-КАЗАХСТАНСКАЯ ОБЛАСТЬ"	"0"	"1 612 570 900 000 000 000.0"
"Валовой внутренний продукт методом производства(Миллион тенге казахских)"	"Январь - Март 2016 г. (кв.)"	"201603"	"ЮЖНО-КАЗАХСТАНСКАЯ ОБЛАСТЬ"	"0"	"604 212 500 000 000 000.0"
"Валовой внутренний продукт методом производства(Миллион тенге казахских)"	"Январь - Июнь 2021 г. (кв.)"	"202106"	"ПАВЛОДАРСКАЯ ОБЛАСТЬ"	"0"	"1 331 554 900 000 000 000.0"
"Валовой внутренний продукт методом производства(Миллион тенге казахских)"	"Январь - Март 2011 г. (кв.)"	"201103"	"ПАВЛОДАРСКАЯ ОБЛАСТЬ"	"0"	"254 067 200 000 000 000.0"
"Валовой внутренний продукт методом производства(Миллион тенге казахских)"	"Январь - Март 2019 г. (кв.)"	"201903"	"ПАВЛОДАРСКАЯ ОБЛАСТЬ"	"0"	"562 551 400 000 000 000.0"
"Валовой внутренний продукт методом производства(Миллион тенге казахских)"	"Январь - Сентябрь 2012 г. (кв.)"	"201209"	"ПАВЛОДАРСКАЯ ОБЛАСТЬ"	"0"	"1 001 494 000 000 000 000.0"
"Валовой внутренний продукт методом производства(Миллион тенге казахских)"	"Январь - Март 2012 г. (кв.)"	"201203"	"ПАВЛОДАРСКАЯ ОБЛАСТЬ"	"0"	"301 381 800 000 000 000.0"
"Валовой внутренний продукт методом производства(Миллион тенге казахских)"	"Январь - Сентябрь 2015 г. (кв.)"	"201509"	"ПАВЛОДАРСКАЯ ОБЛАСТЬ"	"0"	"1 229 745 200 000 000 000.0"
"Валовой внутренний продукт методом производства(Миллион тенге казахских)"	"Январь - Март 2017 г. (кв.)"	"201703"	"ПАВЛОДАРСКАЯ ОБЛАСТЬ"	"0"	"491 489 700 000 000 000.0"
"Валовой внутренний продукт методом производства(Миллион тенге казахских)"	"Январь - Июнь 2017 г. (кв.)"	"201706"	"ПАВЛОДАРСКАЯ ОБЛАСТЬ"	"0"	"1 015 354 800 000 000 000.0"
"Валовой внутренний продукт методом производства(Миллион тенге казахских)"	"Январь - Март 2013 г. (кв.)"	"201303"	"ПАВЛОДАРСКАЯ ОБЛАСТЬ"	"0"	"304 080 500 000 000 000.0"
"Валовой внутренний продукт методом производства(Миллион тенге казахских)"	"Январь - Декабрь 2010 г. (кв.)"	"201012"	"ПАВЛОДАРСКАЯ ОБЛАСТЬ"	"0"	"1 031 878 600 000 000 000.0"
"Валовой внутренний продукт методом производства(Миллион тенге казахских)"	"Январь - Декабрь 2014 г. (кв.)"	"201412"	"ПАВЛОДАРСКАЯ ОБЛАСТЬ"	"0"	"1 746 774 400 000 000 000.0"
"Валовой внутренний продукт методом производства(Миллион тенге казахских)"	"Январь - Июнь 2013 г. (кв.)"	"201306"	"ПАВЛОДАРСКАЯ ОБЛАСТЬ"	"0"	"621 525 900 000 000 000.0"
"Валовой внутренний продукт методом производства(Миллион тенге казахских)"	"Январь - Июнь 2015 г. (кв.)"	"201506"	"ПАВЛОДАРСКАЯ ОБЛАСТЬ"	"0"	"742 836 300 000 000 000.0"
"Валовой внутренний продукт методом производства(Миллион тенге казахских)"	"Январь - Июнь 2018 г. (кв.)"	"201806"	"ПАВЛОДАРСКАЯ ОБЛАСТЬ"	"0"	"1 114 731 000 000 000 000.0"
"Валовой внутренний продукт методом производства(Миллион тенге казахских)"	"Январь - Сентябрь 2016 г. (кв.)"	"201609"	"ПАВЛОДАРСКАЯ ОБЛАСТЬ"	"0"	"1 348 422 300 000 000 000.0"
"Валовой внутренний продукт методом производства(Миллион тенге казахских)"	"Январь - Март 2014 г. (кв.)"	"201403"	"ПАВЛОДАРСКАЯ ОБЛАСТЬ"	"0"	"356 702 300 000 000 000.0"
"Валовой внутренний продукт методом производства(Миллион тенге казахских)"	"Январь - Март 2015 г. (кв.)"	"201503"	"ПАВЛОДАРСКАЯ ОБЛАСТЬ"	"0"	"358 555 800 000 000 000.0"
"Валовой внутренний продукт методом производства(Миллион тенге казахских)"	"Январь - Июнь 2016 г. (кв.)"	"201606"	"ПАВЛОДАРСКАЯ ОБЛАСТЬ"	"0"	"812 648 100 000 000 000.0"
"Валовой внутренний продукт методом производства(Миллион тенге казахских)"	"Январь - Март 2018 г. (кв.)"	"201803"	"ПАВЛОДАРСКАЯ ОБЛАСТЬ"	"0"	"532 354 900 000 000 000.0"
"Валовой внутренний продукт методом производства(Миллион тенге казахских)"	"Январь - Март 2020 г. (кв.)"	"202003"	"ПАВЛОДАРСКАЯ ОБЛАСТЬ"	"0"	"625 125 200 000 000 000.0"
"Валовой внутренний продукт методом производства(Миллион тенге казахских)"	"Январь - Сентябрь 2020 г. (кв.)"	"202009"	"ПАВЛОДАРСКАЯ ОБЛАСТЬ"	"0"	"1 891 555 000 000 000 000.0"
"Валовой внутренний продукт методом производства(Миллион тенге казахских)"	"Январь - Декабрь 2019 г. (кв.)"	"201912"	"ПАВЛОДАРСКАЯ ОБЛАСТЬ"	"0"	"3 029 608 900 000 000 000.0"
"Валовой внутренний продукт методом производства(Миллион тенге казахских)"	"Январь - Декабрь 2016 г. (кв.)"	"201612"	"ПАВЛОДАРСКАЯ ОБЛАСТЬ"	"0"	"1 975 487 300 000 000 000.0"
"Валовой внутренний продукт методом производства(Миллион тенге казахских)"	"Январь - Июнь 2020 г. (кв.)"	"202006"	"ПАВЛОДАРСКАЯ ОБЛАСТЬ"	"0"	"1 211 122 800 000 000 000.0"
"Валовой внутренний продукт методом производства(Миллион тенге казахских)"	"Январь - Март 2010 г. (кв.)"	"201003"	"ПАВЛОДАРСКАЯ ОБЛАСТЬ"	"0"	"215 562 500 000 000 000.0"
"Валовой внутренний продукт методом производства(Миллион тенге казахских)"	"Январь - Декабрь 2011 г. (кв.)"	"201112"	"ПАВЛОДАРСКАЯ ОБЛАСТЬ"	"0"	"1 520 492 600 000 000 000.0"
"Валовой внутренний продукт методом производства(Миллион тенге казахских)"	"Январь - Декабрь 2020 г. (кв.)"	"202012"	"ПАВЛОДАРСКАЯ ОБЛАСТЬ"	"0"	"3 120 136 900 000 000 000.0"
"Валовой внутренний продукт методом производства(Миллион тенге казахских)"	"Январь - Сентябрь 2017 г. (кв.)"	"201709"	"ПАВЛОДАРСКАЯ ОБЛАСТЬ"	"0"	"1 588 707 700 000 000 000.0"
"Валовой внутренний продукт методом производства(Миллион тенге казахских)"	"Январь - Июнь 2014 г. (кв.)"	"201406"	"ПАВЛОДАРСКАЯ ОБЛАСТЬ"	"0"	"715 144 500 000 000 000.0"
"Валовой внутренний продукт методом производства(Миллион тенге казахских)"	"Январь - Сентябрь 2019 г. (кв.)"	"201909"	"ПАВЛОДАРСКАЯ ОБЛАСТЬ"	"0"	"1 858 879 300 000 000 000.0"
"Валовой внутренний продукт методом производства(Миллион тенге казахских)"	"Январь - Сентябрь 2013 г. (кв.)"	"201309"	"ПАВЛОДАРСКАЯ ОБЛАСТЬ"	"0"	"1 062 469 000 000 000 000.0"
"Валовой внутренний продукт методом производства(Миллион тенге казахских)"	"Январь - Декабрь 2012 г. (кв.)"	"201212"	"ПАВЛОДАРСКАЯ ОБЛАСТЬ"	"0"	"1 520 575 900 000 000 000.0"
"Валовой внутренний продукт методом производства(Миллион тенге казахских)"	"Январь - Декабрь 2018 г. (кв.)"	"201812"	"ПАВЛОДАРСКАЯ ОБЛАСТЬ"	"0"	"2 746 652 100 000 000 000.0"
"Валовой внутренний продукт методом производства(Миллион тенге казахских)"	"Январь - Декабрь 2017 г. (кв.)"	"201712"	"ПАВЛОДАРСКАЯ ОБЛАСТЬ"	"0"	"2 369 297 800 000 000 000.0"
"Валовой внутренний продукт методом производства(Миллион тенге казахских)"	"Январь - Июнь 2011 г. (кв.)"	"201106"	"ПАВЛОДАРСКАЯ ОБЛАСТЬ"	"0"	"570 756 300 000 000 000.0"
"Валовой внутренний продукт методом производства(Миллион тенге казахских)"	"Январь - Июнь 2012 г. (кв.)"	"201206"	"ПАВЛОДАРСКАЯ ОБЛАСТЬ"	"0"	"628 929 600 000 000 000.0"
"Валовой внутренний продукт методом производства(Миллион тенге казахских)"	"Январь - Сентябрь 2018 г. (кв.)"	"201809"	"ПАВЛОДАРСКАЯ ОБЛАСТЬ"	"0"	"1 724 077 700 000 000 000.0"
"Валовой внутренний продукт методом производства(Миллион тенге казахских)"	"Январь - Июнь 2010 г. (кв.)"	"201006"	"ПАВЛОДАРСКАЯ ОБЛАСТЬ"	"0"	"486 330 200 000 000 000.0"
"Валовой внутренний продукт методом производства(Миллион тенге казахских)"	"Январь - Сентябрь 2010 г. (кв.)"	"201009"	"ПАВЛОДАРСКАЯ ОБЛАСТЬ"	"0"	"742 660 600 000 000 000.0"
"Валовой внутренний продукт методом производства(Миллион тенге казахских)"	"Январь - Сентябрь 2011 г. (кв.)"	"201109"	"ПАВЛОДАРСКАЯ ОБЛАСТЬ"	"0"	"940 138 700 000 000 000.0"
"Валовой внутренний продукт методом производства(Миллион тенге казахских)"	"Январь - Декабрь 2015 г. (кв.)"	"201512"	"ПАВЛОДАРСКАЯ ОБЛАСТЬ"	"0"	"1 736 155 900 000 000 000.0"
"Валовой внутренний продукт методом производства(Миллион тенге казахских)"	"Январь - Июнь 2019 г. (кв.)"	"201906"	"ПАВЛОДАРСКАЯ ОБЛАСТЬ"	"0"	"1 142 120 600 000 000 000.0"
"Валовой внутренний продукт методом производства(Миллион тенге казахских)"	"Январь - Декабрь 2013 г. (кв.)"	"201312"	"ПАВЛОДАРСКАЯ ОБЛАСТЬ"	"0"	"1 758 133 500 000 000 000.0"
"Валовой внутренний продукт методом производства(Миллион тенге казахских)"	"Январь - Сентябрь 2014 г. (кв.)"	"201409"	"ПАВЛОДАРСКАЯ ОБЛАСТЬ"	"0"	"1 200 948 900 000 000 000.0"
"Валовой внутренний продукт методом производства(Миллион тенге казахских)"	"Январь - Март 2016 г. (кв.)"	"201603"	"ПАВЛОДАРСКАЯ ОБЛАСТЬ"	"0"	"410 654 100 000 000 000.0"
"Валовой внутренний продукт методом производства(Миллион тенге казахских)"	"Январь - Март 2024 г. (кв.)"	"202403"	"ПАВЛОДАРСКАЯ ОБЛАСТЬ"	"0"	"980 252 500 000 000 000.0"
"Валовой внутренний продукт методом производства(Миллион тенге казахских)"	"Январь - Сентябрь 2024 г. (кв.)"	"202409"	"ПАВЛОДАРСКАЯ ОБЛАСТЬ"	"0"	"3 026 319 900 000 000 000.0"
"Валовой внутренний продукт методом производства(Миллион тенге казахских)"	"Январь - Июнь 2024 г. (кв.)"	"202406"	"ПАВЛОДАРСКАЯ ОБЛАСТЬ"	"0"	"1 815 468 000 000 000 000.0"
"Валовой внутренний продукт методом производства(Миллион тенге казахских)"	"Январь - Декабрь 2022 г. (кв.)"	"202212"	"ПАВЛОДАРСКАЯ ОБЛАСТЬ"	"0"	"4 296 923 700 000 000 000.0"
"Валовой внутренний продукт методом производства(Миллион тенге казахских)"	"Январь - Декабрь 2021 г. (кв.)"	"202112"	"ПАВЛОДАРСКАЯ ОБЛАСТЬ"	"0"	"3 883 826 600 000 000 000.0"
"Валовой внутренний продукт методом производства(Миллион тенге казахских)"	"Январь - Сентябрь 2022 г. (кв.)"	"202209"	"ПАВЛОДАРСКАЯ ОБЛАСТЬ"	"0"	"2 571 878 500 000 000 000.0"
"Валовой внутренний продукт методом производства(Миллион тенге казахских)"	"Январь - Сентябрь 2023 г. (кв.)"	"202309"	"ПАВЛОДАРСКАЯ ОБЛАСТЬ"	"0"	"2 547 531 500 000 000 000.0"
"Валовой внутренний продукт методом производства(Миллион тенге казахских)"	"Январь - Март 2022 г. (кв.)"	"202203"	"ПАВЛОДАРСКАЯ ОБЛАСТЬ"	"0"	"819 952 700 000 000 000.0"
"Валовой внутренний продукт методом производства(Миллион тенге казахских)"	"Январь - Июнь 2023 г. (кв.)"	"202306"	"ПАВЛОДАРСКАЯ ОБЛАСТЬ"	"0"	"1 736 022 300 000 000 000.0"
"Валовой внутренний продукт методом производства(Миллион тенге казахских)"	"Январь - Март 2023 г. (кв.)"	"202303"	"ПАВЛОДАРСКАЯ ОБЛАСТЬ"	"0"	"892 134 700 000 000 000.0"
"Валовой внутренний продукт методом производства(Миллион тенге казахских)"	"Январь - Март 2021 г. (кв.)"	"202103"	"ПАВЛОДАРСКАЯ ОБЛАСТЬ"	"0"	"667 972 800 000 000 000.0"
"Валовой внутренний продукт методом производства(Миллион тенге казахских)"	"Январь - Сентябрь 2021 г. (кв.)"	"202109"	"ПАВЛОДАРСКАЯ ОБЛАСТЬ"	"0"	"2 100 556 900 000 000 000.0"
"Валовой внутренний продукт методом производства(Миллион тенге казахских)"	"Январь - Июнь 2022 г. (кв.)"	"202206"	"ПАВЛОДАРСКАЯ ОБЛАСТЬ"	"0"	"1 614 202 000 000 000 000.0"
"Валовой внутренний продукт методом производства(Миллион тенге казахских)"	"Январь - Декабрь 2023 г. (кв.)"	"202312"	"ПАВЛОДАРСКАЯ ОБЛАСТЬ"	"0"	"4 371 041 700 000 000 000.0"
"Валовой внутренний продукт методом производства(Миллион тенге казахских)"	"Январь - Март 2025 г. (кв.)"	"202503"	"ПАВЛОДАРСКАЯ ОБЛАСТЬ"	"0"	"1 120 511 500 000 000 000.0"
"Валовой внутренний продукт методом производства(Миллион тенге казахских)"	"Январь - Июнь 2021 г. (кв.)"	"202106"	"АКМОЛИНСКАЯ ОБЛАСТЬ"	"0"	"968 414 800 000 000 000.0"
"Валовой внутренний продукт методом производства(Миллион тенге казахских)"	"Январь - Март 2011 г. (кв.)"	"201103"	"АКМОЛИНСКАЯ ОБЛАСТЬ"	"0"	"123 427 600 000 000 000.0"
"Валовой внутренний продукт методом производства(Миллион тенге казахских)"	"Январь - Март 2019 г. (кв.)"	"201903"	"АКМОЛИНСКАЯ ОБЛАСТЬ"	"0"	"333 432 700 000 000 000.0"
"Валовой внутренний продукт методом производства(Миллион тенге казахских)"	"Январь - Сентябрь 2012 г. (кв.)"	"201209"	"АКМОЛИНСКАЯ ОБЛАСТЬ"	"0"	"557 748 300 000 000 000.0"
"Валовой внутренний продукт методом производства(Миллион тенге казахских)"	"Январь - Март 2012 г. (кв.)"	"201203"	"АКМОЛИНСКАЯ ОБЛАСТЬ"	"0"	"146 217 900 000 000 000.0"
"Валовой внутренний продукт методом производства(Миллион тенге казахских)"	"Январь - Сентябрь 2015 г. (кв.)"	"201509"	"АКМОЛИНСКАЯ ОБЛАСТЬ"	"0"	"808 720 200 000 000 000.0"
"Валовой внутренний продукт методом производства(Миллион тенге казахских)"	"Январь - Март 2017 г. (кв.)"	"201703"	"АКМОЛИНСКАЯ ОБЛАСТЬ"	"0"	"252 251 300 000 000 000.0"
"Валовой внутренний продукт методом производства(Миллион тенге казахских)"	"Январь - Июнь 2017 г. (кв.)"	"201706"	"АКМОЛИНСКАЯ ОБЛАСТЬ"	"0"	"555 388 700 000 000 000.0"
"Валовой внутренний продукт методом производства(Миллион тенге казахских)"	"Январь - Март 2013 г. (кв.)"	"201303"	"АКМОЛИНСКАЯ ОБЛАСТЬ"	"0"	"166 051 500 000 000 000.0"
"Валовой внутренний продукт методом производства(Миллион тенге казахских)"	"Январь - Декабрь 2010 г. (кв.)"	"201012"	"АКМОЛИНСКАЯ ОБЛАСТЬ"	"0"	"585 965 400 000 000 000.0"
"Валовой внутренний продукт методом производства(Миллион тенге казахских)"	"Январь - Декабрь 2014 г. (кв.)"	"201412"	"АКМОЛИНСКАЯ ОБЛАСТЬ"	"0"	"1 051 057 800 000 000 000.0"
"Валовой внутренний продукт методом производства(Миллион тенге казахских)"	"Январь - Июнь 2013 г. (кв.)"	"201306"	"АКМОЛИНСКАЯ ОБЛАСТЬ"	"0"	"339 754 200 000 000 000.0"
"Валовой внутренний продукт методом производства(Миллион тенге казахских)"	"Январь - Июнь 2015 г. (кв.)"	"201506"	"АКМОЛИНСКАЯ ОБЛАСТЬ"	"0"	"439 045 900 000 000 000.0"
"Валовой внутренний продукт методом производства(Миллион тенге казахских)"	"Январь - Июнь 2018 г. (кв.)"	"201806"	"АКМОЛИНСКАЯ ОБЛАСТЬ"	"0"	"625 694 000 000 000 000.0"
"Валовой внутренний продукт методом производства(Миллион тенге казахских)"	"Январь - Сентябрь 2016 г. (кв.)"	"201609"	"АКМОЛИНСКАЯ ОБЛАСТЬ"	"0"	"910 813 500 000 000 000.0"
"Валовой внутренний продукт методом производства(Миллион тенге казахских)"	"Январь - Март 2014 г. (кв.)"	"201403"	"АКМОЛИНСКАЯ ОБЛАСТЬ"	"0"	"185 528 200 000 000 000.0"
"Валовой внутренний продукт методом производства(Миллион тенге казахских)"	"Январь - Март 2015 г. (кв.)"	"201503"	"АКМОЛИНСКАЯ ОБЛАСТЬ"	"0"	"207 182 300 000 000 000.0"
"Валовой внутренний продукт методом производства(Миллион тенге казахских)"	"Январь - Июнь 2016 г. (кв.)"	"201606"	"АКМОЛИНСКАЯ ОБЛАСТЬ"	"0"	"492 580 500 000 000 000.0"
"Валовой внутренний продукт методом производства(Миллион тенге казахских)"	"Январь - Март 2018 г. (кв.)"	"201803"	"АКМОЛИНСКАЯ ОБЛАСТЬ"	"0"	"288 859 100 000 000 000.0"
"Валовой внутренний продукт методом производства(Миллион тенге казахских)"	"Январь - Март 2020 г. (кв.)"	"202003"	"АКМОЛИНСКАЯ ОБЛАСТЬ"	"0"	"393 698 900 000 000 000.0"
"Валовой внутренний продукт методом производства(Миллион тенге казахских)"	"Январь - Сентябрь 2020 г. (кв.)"	"202009"	"АКМОЛИНСКАЯ ОБЛАСТЬ"	"0"	"1 410 163 200 000 000 000.0"
"Валовой внутренний продукт методом производства(Миллион тенге казахских)"	"Январь - Декабрь 2019 г. (кв.)"	"201912"	"АКМОЛИНСКАЯ ОБЛАСТЬ"	"0"	"1 933 580 200 000 000 000.0"
"Валовой внутренний продукт методом производства(Миллион тенге казахских)"	"Январь - Декабрь 2016 г. (кв.)"	"201612"	"АКМОЛИНСКАЯ ОБЛАСТЬ"	"0"	"1 344 334 600 000 000 000.0"
"Валовой внутренний продукт методом производства(Миллион тенге казахских)"	"Январь - Июнь 2020 г. (кв.)"	"202006"	"АКМОЛИНСКАЯ ОБЛАСТЬ"	"0"	"814 022 200 000 000 000.0"
"Валовой внутренний продукт методом производства(Миллион тенге казахских)"	"Январь - Март 2010 г. (кв.)"	"201003"	"АКМОЛИНСКАЯ ОБЛАСТЬ"	"0"	"85 155 800 000 000 000.0"
"Валовой внутренний продукт методом производства(Миллион тенге казахских)"	"Январь - Декабрь 2011 г. (кв.)"	"201112"	"АКМОЛИНСКАЯ ОБЛАСТЬ"	"0"	"804 754 500 000 000 000.0"
"Валовой внутренний продукт методом производства(Миллион тенге казахских)"	"Январь - Декабрь 2020 г. (кв.)"	"202012"	"АКМОЛИНСКАЯ ОБЛАСТЬ"	"0"	"2 283 939 800 000 000 000.0"
"Валовой внутренний продукт методом производства(Миллион тенге казахских)"	"Январь - Сентябрь 2017 г. (кв.)"	"201709"	"АКМОЛИНСКАЯ ОБЛАСТЬ"	"0"	"979 801 300 000 000 000.0"
"Валовой внутренний продукт методом производства(Миллион тенге казахских)"	"Январь - Июнь 2014 г. (кв.)"	"201406"	"АКМОЛИНСКАЯ ОБЛАСТЬ"	"0"	"445 812 200 000 000 000.0"
"Валовой внутренний продукт методом производства(Миллион тенге казахских)"	"Январь - Сентябрь 2019 г. (кв.)"	"201909"	"АКМОЛИНСКАЯ ОБЛАСТЬ"	"0"	"1 224 874 800 000 000 000.0"
"Валовой внутренний продукт методом производства(Миллион тенге казахских)"	"Январь - Сентябрь 2013 г. (кв.)"	"201309"	"АКМОЛИНСКАЯ ОБЛАСТЬ"	"0"	"635 978 000 000 000 000.0"
"Валовой внутренний продукт методом производства(Миллион тенге казахских)"	"Январь - Декабрь 2012 г. (кв.)"	"201212"	"АКМОЛИНСКАЯ ОБЛАСТЬ"	"0"	"799 967 300 000 000 000.0"
"Валовой внутренний продукт методом производства(Миллион тенге казахских)"	"Январь - Декабрь 2018 г. (кв.)"	"201812"	"АКМОЛИНСКАЯ ОБЛАСТЬ"	"0"	"1 699 883 900 000 000 000.0"
"Валовой внутренний продукт методом производства(Миллион тенге казахских)"	"Январь - Декабрь 2017 г. (кв.)"	"201712"	"АКМОЛИНСКАЯ ОБЛАСТЬ"	"0"	"1 552 703 800 000 000 000.0"
"Валовой внутренний продукт методом производства(Миллион тенге казахских)"	"Январь - Июнь 2011 г. (кв.)"	"201106"	"АКМОЛИНСКАЯ ОБЛАСТЬ"	"0"	"255 707 800 000 000 000.0"
"Валовой внутренний продукт методом производства(Миллион тенге казахских)"	"Январь - Июнь 2012 г. (кв.)"	"201206"	"АКМОЛИНСКАЯ ОБЛАСТЬ"	"0"	"311 127 800 000 000 000.0"
"Валовой внутренний продукт методом производства(Миллион тенге казахских)"	"Январь - Сентябрь 2018 г. (кв.)"	"201809"	"АКМОЛИНСКАЯ ОБЛАСТЬ"	"0"	"1 074 893 100 000 000 000.0"
"Валовой внутренний продукт методом производства(Миллион тенге казахских)"	"Январь - Июнь 2010 г. (кв.)"	"201006"	"АКМОЛИНСКАЯ ОБЛАСТЬ"	"0"	"203 576 600 000 000 000.0"
"Валовой внутренний продукт методом производства(Миллион тенге казахских)"	"Январь - Сентябрь 2010 г. (кв.)"	"201009"	"АКМОЛИНСКАЯ ОБЛАСТЬ"	"0"	"378 138 700 000 000 000.0"
"Валовой внутренний продукт методом производства(Миллион тенге казахских)"	"Январь - Сентябрь 2011 г. (кв.)"	"201109"	"АКМОЛИНСКАЯ ОБЛАСТЬ"	"0"	"491 004 000 000 000 000.0"
"Валовой внутренний продукт методом производства(Миллион тенге казахских)"	"Январь - Декабрь 2015 г. (кв.)"	"201512"	"АКМОЛИНСКАЯ ОБЛАСТЬ"	"0"	"1 121 025 000 000 000 000.0"
"Валовой внутренний продукт методом производства(Миллион тенге казахских)"	"Январь - Июнь 2019 г. (кв.)"	"201906"	"АКМОЛИНСКАЯ ОБЛАСТЬ"	"0"	"728 582 200 000 000 000.0"
"Валовой внутренний продукт методом производства(Миллион тенге казахских)"	"Январь - Декабрь 2013 г. (кв.)"	"201312"	"АКМОЛИНСКАЯ ОБЛАСТЬ"	"0"	"955 620 200 000 000 000.0"
"Валовой внутренний продукт методом производства(Миллион тенге казахских)"	"Январь - Сентябрь 2014 г. (кв.)"	"201409"	"АКМОЛИНСКАЯ ОБЛАСТЬ"	"0"	"769 000 900 000 000 000.0"
"Валовой внутренний продукт методом производства(Миллион тенге казахских)"	"Январь - Март 2016 г. (кв.)"	"201603"	"АКМОЛИНСКАЯ ОБЛАСТЬ"	"0"	"225 516 000 000 000 000.0"
"Валовой внутренний продукт методом производства(Миллион тенге казахских)"	"Январь - Март 2024 г. (кв.)"	"202403"	"АКМОЛИНСКАЯ ОБЛАСТЬ"	"0"	"763 320 100 000 000 000.0"
"Валовой внутренний продукт методом производства(Миллион тенге казахских)"	"Январь - Сентябрь 2024 г. (кв.)"	"202409"	"АКМОЛИНСКАЯ ОБЛАСТЬ"	"0"	"2 647 057 600 000 000 000.0"
"Валовой внутренний продукт методом производства(Миллион тенге казахских)"	"Январь - Июнь 2024 г. (кв.)"	"202406"	"АКМОЛИНСКАЯ ОБЛАСТЬ"	"0"	"1 604 314 200 000 000 000.0"
"Валовой внутренний продукт методом производства(Миллион тенге казахских)"	"Январь - Декабрь 2022 г. (кв.)"	"202212"	"АКМОЛИНСКАЯ ОБЛАСТЬ"	"0"	"3 484 572 500 000 000 000.0"
"Валовой внутренний продукт методом производства(Миллион тенге казахских)"	"Январь - Декабрь 2021 г. (кв.)"	"202112"	"АКМОЛИНСКАЯ ОБЛАСТЬ"	"0"	"2 678 123 100 000 000 000.0"
"Валовой внутренний продукт методом производства(Миллион тенге казахских)"	"Январь - Сентябрь 2022 г. (кв.)"	"202209"	"АКМОЛИНСКАЯ ОБЛАСТЬ"	"0"	"2 108 293 100 000 000 000.0"
"Валовой внутренний продукт методом производства(Миллион тенге казахских)"	"Январь - Сентябрь 2023 г. (кв.)"	"202309"	"АКМОЛИНСКАЯ ОБЛАСТЬ"	"0"	"2 302 576 700 000 000 000.0"
"Валовой внутренний продукт методом производства(Миллион тенге казахских)"	"Январь - Март 2022 г. (кв.)"	"202203"	"АКМОЛИНСКАЯ ОБЛАСТЬ"	"0"	"562 555 400 000 000 000.0"
"Валовой внутренний продукт методом производства(Миллион тенге казахских)"	"Январь - Июнь 2023 г. (кв.)"	"202306"	"АКМОЛИНСКАЯ ОБЛАСТЬ"	"0"	"1 462 631 500 000 000 000.0"
"Валовой внутренний продукт методом производства(Миллион тенге казахских)"	"Январь - Март 2023 г. (кв.)"	"202303"	"АКМОЛИНСКАЯ ОБЛАСТЬ"	"0"	"687 254 400 000 000 000.0"
"Валовой внутренний продукт методом производства(Миллион тенге казахских)"	"Январь - Март 2021 г. (кв.)"	"202103"	"АКМОЛИНСКАЯ ОБЛАСТЬ"	"0"	"454 078 700 000 000 000.0"
"Валовой внутренний продукт методом производства(Миллион тенге казахских)"	"Январь - Сентябрь 2021 г. (кв.)"	"202109"	"АКМОЛИНСКАЯ ОБЛАСТЬ"	"0"	"1 631 830 600 000 000 000.0"
"Валовой внутренний продукт методом производства(Миллион тенге казахских)"	"Январь - Июнь 2022 г. (кв.)"	"202206"	"АКМОЛИНСКАЯ ОБЛАСТЬ"	"0"	"1 192 626 800 000 000 000.0"
"Валовой внутренний продукт методом производства(Миллион тенге казахских)"	"Январь - Декабрь 2023 г. (кв.)"	"202312"	"АКМОЛИНСКАЯ ОБЛАСТЬ"	"0"	"3 668 371 900 000 000 000.0"
"Валовой внутренний продукт методом производства(Миллион тенге казахских)"	"Январь - Март 2025 г. (кв.)"	"202503"	"АКМОЛИНСКАЯ ОБЛАСТЬ"	"0"	"869 527 100 000 000 000.0"
"Валовой внутренний продукт методом производства(Миллион тенге казахских)"	"Январь - Июнь 2021 г. (кв.)"	"202106"	"АКТЮБИНСКАЯ ОБЛАСТЬ"	"0"	"1 467 432 600 000 000 000.0"
"Валовой внутренний продукт методом производства(Миллион тенге казахских)"	"Январь - Март 2011 г. (кв.)"	"201103"	"АКТЮБИНСКАЯ ОБЛАСТЬ"	"0"	"298 318 300 000 000 000.0"
"Валовой внутренний продукт методом производства(Миллион тенге казахских)"	"Январь - Март 2019 г. (кв.)"	"201903"	"АКТЮБИНСКАЯ ОБЛАСТЬ"	"0"	"618 779 100 000 000 000.0"
"Валовой внутренний продукт методом производства(Миллион тенге казахских)"	"Январь - Сентябрь 2012 г. (кв.)"	"201209"	"АКТЮБИНСКАЯ ОБЛАСТЬ"	"0"	"1 094 840 700 000 000 000.0"
"Валовой внутренний продукт методом производства(Миллион тенге казахских)"	"Январь - Март 2012 г. (кв.)"	"201203"	"АКТЮБИНСКАЯ ОБЛАСТЬ"	"0"	"324 337 600 000 000 000.0"
"Валовой внутренний продукт методом производства(Миллион тенге казахских)"	"Январь - Сентябрь 2015 г. (кв.)"	"201509"	"АКТЮБИНСКАЯ ОБЛАСТЬ"	"0"	"1 203 916 900 000 000 000.0"
"Валовой внутренний продукт методом производства(Миллион тенге казахских)"	"Январь - Март 2017 г. (кв.)"	"201703"	"АКТЮБИНСКАЯ ОБЛАСТЬ"	"0"	"489 715 300 000 000 000.0"
"Валовой внутренний продукт методом производства(Миллион тенге казахских)"	"Январь - Июнь 2017 г. (кв.)"	"201706"	"АКТЮБИНСКАЯ ОБЛАСТЬ"	"0"	"995 887 200 000 000 000.0"
"Валовой внутренний продукт методом производства(Миллион тенге казахских)"	"Январь - Март 2013 г. (кв.)"	"201303"	"АКТЮБИНСКАЯ ОБЛАСТЬ"	"0"	"359 531 100 000 000 000.0"
"Валовой внутренний продукт методом производства(Миллион тенге казахских)"	"Январь - Декабрь 2010 г. (кв.)"	"201012"	"АКТЮБИНСКАЯ ОБЛАСТЬ"	"0"	"1 173 592 900 000 000 000.0"
"Валовой внутренний продукт методом производства(Миллион тенге казахских)"	"Январь - Декабрь 2014 г. (кв.)"	"201412"	"АКТЮБИНСКАЯ ОБЛАСТЬ"	"0"	"1 926 239 600 000 000 000.0"
"Валовой внутренний продукт методом производства(Миллион тенге казахских)"	"Январь - Июнь 2013 г. (кв.)"	"201306"	"АКТЮБИНСКАЯ ОБЛАСТЬ"	"0"	"754 621 200 000 000 000.0"
"Валовой внутренний продукт методом производства(Миллион тенге казахских)"	"Январь - Июнь 2015 г. (кв.)"	"201506"	"АКТЮБИНСКАЯ ОБЛАСТЬ"	"0"	"720 978 200 000 000 000.0"
"Валовой внутренний продукт методом производства(Миллион тенге казахских)"	"Январь - Июнь 2018 г. (кв.)"	"201806"	"АКТЮБИНСКАЯ ОБЛАСТЬ"	"0"	"1 198 931 900 000 000 000.0"
"Валовой внутренний продукт методом производства(Миллион тенге казахских)"	"Январь - Сентябрь 2016 г. (кв.)"	"201609"	"АКТЮБИНСКАЯ ОБЛАСТЬ"	"0"	"1 351 528 800 000 000 000.0"
"Валовой внутренний продукт методом производства(Миллион тенге казахских)"	"Январь - Март 2014 г. (кв.)"	"201403"	"АКТЮБИНСКАЯ ОБЛАСТЬ"	"0"	"380 257 700 000 000 000.0"
"Валовой внутренний продукт методом производства(Миллион тенге казахских)"	"Январь - Март 2015 г. (кв.)"	"201503"	"АКТЮБИНСКАЯ ОБЛАСТЬ"	"0"	"367 195 900 000 000 000.0"
"Валовой внутренний продукт методом производства(Миллион тенге казахских)"	"Январь - Июнь 2016 г. (кв.)"	"201606"	"АКТЮБИНСКАЯ ОБЛАСТЬ"	"0"	"800 318 600 000 000 000.0"
"Валовой внутренний продукт методом производства(Миллион тенге казахских)"	"Январь - Март 2018 г. (кв.)"	"201803"	"АКТЮБИНСКАЯ ОБЛАСТЬ"	"0"	"561 430 400 000 000 000.0"
"Валовой внутренний продукт методом производства(Миллион тенге казахских)"	"Январь - Март 2020 г. (кв.)"	"202003"	"АКТЮБИНСКАЯ ОБЛАСТЬ"	"0"	"661 064 700 000 000 000.0"
"Валовой внутренний продукт методом производства(Миллион тенге казахских)"	"Январь - Сентябрь 2020 г. (кв.)"	"202009"	"АКТЮБИНСКАЯ ОБЛАСТЬ"	"0"	"2 124 427 500 000 000 000.0"
"Валовой внутренний продукт методом производства(Миллион тенге казахских)"	"Январь - Декабрь 2019 г. (кв.)"	"201912"	"АКТЮБИНСКАЯ ОБЛАСТЬ"	"0"	"2 974 420 900 000 000 000.0"
"Валовой внутренний продукт методом производства(Миллион тенге казахских)"	"Январь - Декабрь 2016 г. (кв.)"	"201612"	"АКТЮБИНСКАЯ ОБЛАСТЬ"	"0"	"2 071 115 800 000 000 000.0"
"Валовой внутренний продукт методом производства(Миллион тенге казахских)"	"Январь - Июнь 2020 г. (кв.)"	"202006"	"АКТЮБИНСКАЯ ОБЛАСТЬ"	"0"	"1 285 276 800 000 000 000.0"
"Валовой внутренний продукт методом производства(Миллион тенге казахских)"	"Январь - Март 2010 г. (кв.)"	"201003"	"АКТЮБИНСКАЯ ОБЛАСТЬ"	"0"	"210 378 600 000 000 000.0"
"Валовой внутренний продукт методом производства(Миллион тенге казахских)"	"Январь - Декабрь 2011 г. (кв.)"	"201112"	"АКТЮБИНСКАЯ ОБЛАСТЬ"	"0"	"1 562 356 900 000 000 000.0"
"Валовой внутренний продукт методом производства(Миллион тенге казахских)"	"Январь - Декабрь 2020 г. (кв.)"	"202012"	"АКТЮБИНСКАЯ ОБЛАСТЬ"	"0"	"2 956 872 200 000 000 000.0"
"Валовой внутренний продукт методом производства(Миллион тенге казахских)"	"Январь - Сентябрь 2017 г. (кв.)"	"201709"	"АКТЮБИНСКАЯ ОБЛАСТЬ"	"0"	"1 596 953 000 000 000 000.0"
"Валовой внутренний продукт методом производства(Миллион тенге казахских)"	"Январь - Июнь 2014 г. (кв.)"	"201406"	"АКТЮБИНСКАЯ ОБЛАСТЬ"	"0"	"817 160 500 000 000 000.0"
"Валовой внутренний продукт методом производства(Миллион тенге казахских)"	"Январь - Сентябрь 2019 г. (кв.)"	"201909"	"АКТЮБИНСКАЯ ОБЛАСТЬ"	"0"	"2 191 111 300 000 000 000.0"
"Валовой внутренний продукт методом производства(Миллион тенге казахских)"	"Январь - Сентябрь 2013 г. (кв.)"	"201309"	"АКТЮБИНСКАЯ ОБЛАСТЬ"	"0"	"1 254 675 400 000 000 000.0"
"Валовой внутренний продукт методом производства(Миллион тенге казахских)"	"Январь - Декабрь 2012 г. (кв.)"	"201212"	"АКТЮБИНСКАЯ ОБЛАСТЬ"	"0"	"1 756 720 100 000 000 000.0"
"Валовой внутренний продукт методом производства(Миллион тенге казахских)"	"Январь - Декабрь 2018 г. (кв.)"	"201812"	"АКТЮБИНСКАЯ ОБЛАСТЬ"	"0"	"2 708 455 400 000 000 000.0"
"Валовой внутренний продукт методом производства(Миллион тенге казахских)"	"Январь - Декабрь 2017 г. (кв.)"	"201712"	"АКТЮБИНСКАЯ ОБЛАСТЬ"	"0"	"2 341 889 200 000 000 000.0"
"Валовой внутренний продукт методом производства(Миллион тенге казахских)"	"Январь - Июнь 2011 г. (кв.)"	"201106"	"АКТЮБИНСКАЯ ОБЛАСТЬ"	"0"	"621 292 200 000 000 000.0"
"Валовой внутренний продукт методом производства(Миллион тенге казахских)"	"Январь - Июнь 2012 г. (кв.)"	"201206"	"АКТЮБИНСКАЯ ОБЛАСТЬ"	"0"	"677 177 500 000 000 000.0"
"Валовой внутренний продукт методом производства(Миллион тенге казахских)"	"Январь - Сентябрь 2018 г. (кв.)"	"201809"	"АКТЮБИНСКАЯ ОБЛАСТЬ"	"0"	"1 935 314 500 000 000 000.0"
"Валовой внутренний продукт методом производства(Миллион тенге казахских)"	"Январь - Июнь 2010 г. (кв.)"	"201006"	"АКТЮБИНСКАЯ ОБЛАСТЬ"	"0"	"457 121 200 000 000 000.0"
"Валовой внутренний продукт методом производства(Миллион тенге казахских)"	"Январь - Сентябрь 2010 г. (кв.)"	"201009"	"АКТЮБИНСКАЯ ОБЛАСТЬ"	"0"	"739 032 900 000 000 000.0"
"Валовой внутренний продукт методом производства(Миллион тенге казахских)"	"Январь - Сентябрь 2011 г. (кв.)"	"201109"	"АКТЮБИНСКАЯ ОБЛАСТЬ"	"0"	"1 050 758 000 000 000 000.0"
"Валовой внутренний продукт методом производства(Миллион тенге казахских)"	"Январь - Декабрь 2015 г. (кв.)"	"201512"	"АКТЮБИНСКАЯ ОБЛАСТЬ"	"0"	"1 769 175 200 000 000 000.0"
"Валовой внутренний продукт методом производства(Миллион тенге казахских)"	"Январь - Июнь 2019 г. (кв.)"	"201906"	"АКТЮБИНСКАЯ ОБЛАСТЬ"	"0"	"1 383 364 300 000 000 000.0"
"Валовой внутренний продукт методом производства(Миллион тенге казахских)"	"Январь - Декабрь 2013 г. (кв.)"	"201312"	"АКТЮБИНСКАЯ ОБЛАСТЬ"	"0"	"1 843 922 700 000 000 000.0"
"Валовой внутренний продукт методом производства(Миллион тенге казахских)"	"Январь - Сентябрь 2014 г. (кв.)"	"201409"	"АКТЮБИНСКАЯ ОБЛАСТЬ"	"0"	"1 313 654 400 000 000 000.0"
"Валовой внутренний продукт методом производства(Миллион тенге казахских)"	"Январь - Март 2016 г. (кв.)"	"201603"	"АКТЮБИНСКАЯ ОБЛАСТЬ"	"0"	"402 833 500 000 000 000.0"
"Валовой внутренний продукт методом производства(Миллион тенге казахских)"	"Январь - Март 2024 г. (кв.)"	"202403"	"АКТЮБИНСКАЯ ОБЛАСТЬ"	"0"	"1 077 687 800 000 000 000.0"
"Валовой внутренний продукт методом производства(Миллион тенге казахских)"	"Январь - Сентябрь 2024 г. (кв.)"	"202409"	"АКТЮБИНСКАЯ ОБЛАСТЬ"	"0"	"3 599 622 700 000 000 000.0"
"Валовой внутренний продукт методом производства(Миллион тенге казахских)"	"Январь - Июнь 2024 г. (кв.)"	"202406"	"АКТЮБИНСКАЯ ОБЛАСТЬ"	"0"	"2 291 102 200 000 000 000.0"
"Валовой внутренний продукт методом производства(Миллион тенге казахских)"	"Январь - Декабрь 2022 г. (кв.)"	"202212"	"АКТЮБИНСКАЯ ОБЛАСТЬ"	"0"	"4 416 899 400 000 000 000.0"
"Валовой внутренний продукт методом производства(Миллион тенге казахских)"	"Январь - Декабрь 2021 г. (кв.)"	"202112"	"АКТЮБИНСКАЯ ОБЛАСТЬ"	"0"	"3 586 222 600 000 000 000.0"
"Валовой внутренний продукт методом производства(Миллион тенге казахских)"	"Январь - Сентябрь 2022 г. (кв.)"	"202209"	"АКТЮБИНСКАЯ ОБЛАСТЬ"	"0"	"3 009 457 000 000 000 000.0"
"Валовой внутренний продукт методом производства(Миллион тенге казахских)"	"Январь - Сентябрь 2023 г. (кв.)"	"202309"	"АКТЮБИНСКАЯ ОБЛАСТЬ"	"0"	"3 157 112 700 000 000 000.0"
"Валовой внутренний продукт методом производства(Миллион тенге казахских)"	"Январь - Март 2022 г. (кв.)"	"202203"	"АКТЮБИНСКАЯ ОБЛАСТЬ"	"0"	"872 196 600 000 000 000.0"
"Валовой внутренний продукт методом производства(Миллион тенге казахских)"	"Январь - Июнь 2023 г. (кв.)"	"202306"	"АКТЮБИНСКАЯ ОБЛАСТЬ"	"0"	"1 993 226 600 000 000 000.0"
"Валовой внутренний продукт методом производства(Миллион тенге казахских)"	"Январь - Март 2023 г. (кв.)"	"202303"	"АКТЮБИНСКАЯ ОБЛАСТЬ"	"0"	"940 845 700 000 000 000.0"
"Валовой внутренний продукт методом производства(Миллион тенге казахских)"	"Январь - Март 2021 г. (кв.)"	"202103"	"АКТЮБИНСКАЯ ОБЛАСТЬ"	"0"	"686 431 400 000 000 000.0"
"Валовой внутренний продукт методом производства(Миллион тенге казахских)"	"Январь - Сентябрь 2021 г. (кв.)"	"202109"	"АКТЮБИНСКАЯ ОБЛАСТЬ"	"0"	"2 427 190 300 000 000 000.0"
"Валовой внутренний продукт методом производства(Миллион тенге казахских)"	"Январь - Июнь 2022 г. (кв.)"	"202206"	"АКТЮБИНСКАЯ ОБЛАСТЬ"	"0"	"1 930 583 100 000 000 000.0"
"Валовой внутренний продукт методом производства(Миллион тенге казахских)"	"Январь - Декабрь 2023 г. (кв.)"	"202312"	"АКТЮБИНСКАЯ ОБЛАСТЬ"	"0"	"4 187 587 900 000 000 000.0"
"Валовой внутренний продукт методом производства(Миллион тенге казахских)"	"Январь - Март 2025 г. (кв.)"	"202503"	"АКТЮБИНСКАЯ ОБЛАСТЬ"	"0"	"1 167 811 400 000 000 000.0"
"Валовой внутренний продукт методом производства(Миллион тенге казахских)"	"Январь - Июнь 2021 г. (кв.)"	"202106"	"АЛМАТИНСКАЯ ОБЛАСТЬ"	"0"	"1 726 847 700 000 000 000.0"
"Валовой внутренний продукт методом производства(Миллион тенге казахских)"	"Январь - Март 2011 г. (кв.)"	"201103"	"АЛМАТИНСКАЯ ОБЛАСТЬ"	"0"	"211 684 200 000 000 000.0"
"Валовой внутренний продукт методом производства(Миллион тенге казахских)"	"Январь - Март 2019 г. (кв.)"	"201903"	"АЛМАТИНСКАЯ ОБЛАСТЬ"	"0"	"563 347 600 000 000 000.0"
"Валовой внутренний продукт методом производства(Миллион тенге казахских)"	"Январь - Сентябрь 2012 г. (кв.)"	"201209"	"АЛМАТИНСКАЯ ОБЛАСТЬ"	"0"	"955 871 900 000 000 000.0"
"Валовой внутренний продукт методом производства(Миллион тенге казахских)"	"Январь - Март 2012 г. (кв.)"	"201203"	"АЛМАТИНСКАЯ ОБЛАСТЬ"	"0"	"254 192 800 000 000 000.0"
"Валовой внутренний продукт методом производства(Миллион тенге казахских)"	"Январь - Сентябрь 2015 г. (кв.)"	"201509"	"АЛМАТИНСКАЯ ОБЛАСТЬ"	"0"	"1 458 457 900 000 000 000.0"
"Валовой внутренний продукт методом производства(Миллион тенге казахских)"	"Январь - Март 2017 г. (кв.)"	"201703"	"АЛМАТИНСКАЯ ОБЛАСТЬ"	"0"	"435 884 500 000 000 000.0"
"Валовой внутренний продукт методом производства(Миллион тенге казахских)"	"Январь - Июнь 2017 г. (кв.)"	"201706"	"АЛМАТИНСКАЯ ОБЛАСТЬ"	"0"	"945 287 200 000 000 000.0"
"Валовой внутренний продукт методом производства(Миллион тенге казахских)"	"Январь - Март 2013 г. (кв.)"	"201303"	"АЛМАТИНСКАЯ ОБЛАСТЬ"	"0"	"292 194 000 000 000 000.0"
"Валовой внутренний продукт методом производства(Миллион тенге казахских)"	"Январь - Декабрь 2010 г. (кв.)"	"201012"	"АЛМАТИНСКАЯ ОБЛАСТЬ"	"0"	"997 712 000 000 000 000.0"
"Валовой внутренний продукт методом производства(Миллион тенге казахских)"	"Январь - Декабрь 2014 г. (кв.)"	"201412"	"АЛМАТИНСКАЯ ОБЛАСТЬ"	"0"	"1 910 366 200 000 000 000.0"
"Валовой внутренний продукт методом производства(Миллион тенге казахских)"	"Январь - Июнь 2013 г. (кв.)"	"201306"	"АЛМАТИНСКАЯ ОБЛАСТЬ"	"0"	"578 635 800 000 000 000.0"
"Валовой внутренний продукт методом производства(Миллион тенге казахских)"	"Январь - Июнь 2015 г. (кв.)"	"201506"	"АЛМАТИНСКАЯ ОБЛАСТЬ"	"0"	"793 783 900 000 000 000.0"
"Валовой внутренний продукт методом производства(Миллион тенге казахских)"	"Январь - Июнь 2018 г. (кв.)"	"201806"	"АЛМАТИНСКАЯ ОБЛАСТЬ"	"0"	"1 090 034 300 000 000 000.0"
"Валовой внутренний продукт методом производства(Миллион тенге казахских)"	"Январь - Сентябрь 2016 г. (кв.)"	"201609"	"АЛМАТИНСКАЯ ОБЛАСТЬ"	"0"	"1 617 666 300 000 000 000.0"
"Валовой внутренний продукт методом производства(Миллион тенге казахских)"	"Январь - Март 2014 г. (кв.)"	"201403"	"АЛМАТИНСКАЯ ОБЛАСТЬ"	"0"	"368 083 200 000 000 000.0"
"Валовой внутренний продукт методом производства(Миллион тенге казахских)"	"Январь - Март 2015 г. (кв.)"	"201503"	"АЛМАТИНСКАЯ ОБЛАСТЬ"	"0"	"378 605 300 000 000 000.0"
"Валовой внутренний продукт методом производства(Миллион тенге казахских)"	"Январь - Июнь 2016 г. (кв.)"	"201606"	"АЛМАТИНСКАЯ ОБЛАСТЬ"	"0"	"893 970 700 000 000 000.0"
"Валовой внутренний продукт методом производства(Миллион тенге казахских)"	"Январь - Март 2018 г. (кв.)"	"201803"	"АЛМАТИНСКАЯ ОБЛАСТЬ"	"0"	"507 761 800 000 000 000.0"
"Валовой внутренний продукт методом производства(Миллион тенге казахских)"	"Январь - Март 2020 г. (кв.)"	"202003"	"АЛМАТИНСКАЯ ОБЛАСТЬ"	"0"	"672 211 600 000 000 000.0"
"Валовой внутренний продукт методом производства(Миллион тенге казахских)"	"Январь - Сентябрь 2020 г. (кв.)"	"202009"	"АЛМАТИНСКАЯ ОБЛАСТЬ"	"0"	"2 370 279 300 000 000 000.0"
"Валовой внутренний продукт методом производства(Миллион тенге казахских)"	"Январь - Декабрь 2019 г. (кв.)"	"201912"	"АЛМАТИНСКАЯ ОБЛАСТЬ"	"0"	"3 246 080 400 000 000 000.0"
"Валовой внутренний продукт методом производства(Миллион тенге казахских)"	"Январь - Декабрь 2016 г. (кв.)"	"201612"	"АЛМАТИНСКАЯ ОБЛАСТЬ"	"0"	"2 190 005 100 000 000 000.0"
"Валовой внутренний продукт методом производства(Миллион тенге казахских)"	"Январь - Июнь 2020 г. (кв.)"	"202006"	"АЛМАТИНСКАЯ ОБЛАСТЬ"	"0"	"1 416 569 400 000 000 000.0"
"Валовой внутренний продукт методом производства(Миллион тенге казахских)"	"Январь - Март 2010 г. (кв.)"	"201003"	"АЛМАТИНСКАЯ ОБЛАСТЬ"	"0"	"159 290 800 000 000 000.0"
"Валовой внутренний продукт методом производства(Миллион тенге казахских)"	"Январь - Декабрь 2011 г. (кв.)"	"201112"	"АЛМАТИНСКАЯ ОБЛАСТЬ"	"0"	"1 236 642 800 000 000 000.0"
"Валовой внутренний продукт методом производства(Миллион тенге казахских)"	"Январь - Декабрь 2020 г. (кв.)"	"202012"	"АЛМАТИНСКАЯ ОБЛАСТЬ"	"0"	"3 731 039 500 000 000 000.0"
"Валовой внутренний продукт методом производства(Миллион тенге казахских)"	"Январь - Сентябрь 2017 г. (кв.)"	"201709"	"АЛМАТИНСКАЯ ОБЛАСТЬ"	"0"	"1 738 066 000 000 000 000.0"
"Валовой внутренний продукт методом производства(Миллион тенге казахских)"	"Январь - Июнь 2014 г. (кв.)"	"201406"	"АЛМАТИНСКАЯ ОБЛАСТЬ"	"0"	"750 392 500 000 000 000.0"
"Валовой внутренний продукт методом производства(Миллион тенге казахских)"	"Январь - Сентябрь 2019 г. (кв.)"	"201909"	"АЛМАТИНСКАЯ ОБЛАСТЬ"	"0"	"2 124 852 800 000 000 000.0"
"Валовой внутренний продукт методом производства(Миллион тенге казахских)"	"Январь - Сентябрь 2013 г. (кв.)"	"201309"	"АЛМАТИНСКАЯ ОБЛАСТЬ"	"0"	"1 101 139 500 000 000 000.0"
"Валовой внутренний продукт методом производства(Миллион тенге казахских)"	"Январь - Декабрь 2012 г. (кв.)"	"201212"	"АЛМАТИНСКАЯ ОБЛАСТЬ"	"0"	"1 447 720 700 000 000 000.0"
"Валовой внутренний продукт методом производства(Миллион тенге казахских)"	"Январь - Декабрь 2018 г. (кв.)"	"201812"	"АЛМАТИНСКАЯ ОБЛАСТЬ"	"0"	"2 795 117 000 000 000 000.0"
"Валовой внутренний продукт методом производства(Миллион тенге казахских)"	"Январь - Декабрь 2017 г. (кв.)"	"201712"	"АЛМАТИНСКАЯ ОБЛАСТЬ"	"0"	"2 472 041 800 000 000 000.0"
"Валовой внутренний продукт методом производства(Миллион тенге казахских)"	"Январь - Июнь 2011 г. (кв.)"	"201106"	"АЛМАТИНСКАЯ ОБЛАСТЬ"	"0"	"474 161 900 000 000 000.0"
"Валовой внутренний продукт методом производства(Миллион тенге казахских)"	"Январь - Июнь 2012 г. (кв.)"	"201206"	"АЛМАТИНСКАЯ ОБЛАСТЬ"	"0"	"545 585 000 000 000 000.0"
"Валовой внутренний продукт методом производства(Миллион тенге казахских)"	"Январь - Сентябрь 2018 г. (кв.)"	"201809"	"АЛМАТИНСКАЯ ОБЛАСТЬ"	"0"	"1 912 177 500 000 000 000.0"
"Валовой внутренний продукт методом производства(Миллион тенге казахских)"	"Январь - Июнь 2010 г. (кв.)"	"201006"	"АЛМАТИНСКАЯ ОБЛАСТЬ"	"0"	"366 342 100 000 000 000.0"
"Валовой внутренний продукт методом производства(Миллион тенге казахских)"	"Январь - Сентябрь 2010 г. (кв.)"	"201009"	"АЛМАТИНСКАЯ ОБЛАСТЬ"	"0"	"667 582 300 000 000 000.0"
"Валовой внутренний продукт методом производства(Миллион тенге казахских)"	"Январь - Сентябрь 2011 г. (кв.)"	"201109"	"АЛМАТИНСКАЯ ОБЛАСТЬ"	"0"	"838 368 500 000 000 000.0"
"Валовой внутренний продукт методом производства(Миллион тенге казахских)"	"Январь - Декабрь 2015 г. (кв.)"	"201512"	"АЛМАТИНСКАЯ ОБЛАСТЬ"	"0"	"1 976 047 700 000 000 000.0"
"Валовой внутренний продукт методом производства(Миллион тенге казахских)"	"Январь - Июнь 2019 г. (кв.)"	"201906"	"АЛМАТИНСКАЯ ОБЛАСТЬ"	"0"	"1 219 064 400 000 000 000.0"
"Валовой внутренний продукт методом производства(Миллион тенге казахских)"	"Январь - Декабрь 2013 г. (кв.)"	"201312"	"АЛМАТИНСКАЯ ОБЛАСТЬ"	"0"	"1 741 930 500 000 000 000.0"
"Валовой внутренний продукт методом производства(Миллион тенге казахских)"	"Январь - Сентябрь 2014 г. (кв.)"	"201409"	"АЛМАТИНСКАЯ ОБЛАСТЬ"	"0"	"1 368 746 800 000 000 000.0"
"Валовой внутренний продукт методом производства(Миллион тенге казахских)"	"Январь - Март 2016 г. (кв.)"	"201603"	"АЛМАТИНСКАЯ ОБЛАСТЬ"	"0"	"416 784 400 000 000 000.0"
"Валовой внутренний продукт методом производства(Миллион тенге казахских)"	"Январь - Март 2024 г. (кв.)"	"202403"	"АЛМАТИНСКАЯ ОБЛАСТЬ"	"0"	"1 199 159 300 000 000 000.0"
"Валовой внутренний продукт методом производства(Миллион тенге казахских)"	"Январь - Сентябрь 2024 г. (кв.)"	"202409"	"АЛМАТИНСКАЯ ОБЛАСТЬ"	"0"	"3 778 763 100 000 000 000.0"
"Валовой внутренний продукт методом производства(Миллион тенге казахских)"	"Январь - Июнь 2024 г. (кв.)"	"202406"	"АЛМАТИНСКАЯ ОБЛАСТЬ"	"0"	"2 406 534 800 000 000 000.0"
"Валовой внутренний продукт методом производства(Миллион тенге казахских)"	"Январь - Декабрь 2022 г. (кв.)"	"202212"	"АЛМАТИНСКАЯ ОБЛАСТЬ"	"0"	"4 267 665 300 000 000 000.0"
"Валовой внутренний продукт методом производства(Миллион тенге казахских)"	"Январь - Декабрь 2021 г. (кв.)"	"202112"	"АЛМАТИНСКАЯ ОБЛАСТЬ"	"0"	"4 606 792 800 000 000 000.0"
"Валовой внутренний продукт методом производства(Миллион тенге казахских)"	"Январь - Сентябрь 2022 г. (кв.)"	"202209"	"АЛМАТИНСКАЯ ОБЛАСТЬ"	"0"	"2 538 537 800 000 000 000.0"
"Валовой внутренний продукт методом производства(Миллион тенге казахских)"	"Январь - Сентябрь 2023 г. (кв.)"	"202309"	"АЛМАТИНСКАЯ ОБЛАСТЬ"	"0"	"3 093 209 700 000 000 000.0"
"Валовой внутренний продукт методом производства(Миллион тенге казахских)"	"Январь - Март 2022 г. (кв.)"	"202203"	"АЛМАТИНСКАЯ ОБЛАСТЬ"	"0"	"999 990 600 000 000 000.0"
"Валовой внутренний продукт методом производства(Миллион тенге казахских)"	"Январь - Июнь 2023 г. (кв.)"	"202306"	"АЛМАТИНСКАЯ ОБЛАСТЬ"	"0"	"1 909 079 700 000 000 000.0"
"Валовой внутренний продукт методом производства(Миллион тенге казахских)"	"Январь - Март 2023 г. (кв.)"	"202303"	"АЛМАТИНСКАЯ ОБЛАСТЬ"	"0"	"1 020 992 700 000 000 000.0"
"Валовой внутренний продукт методом производства(Миллион тенге казахских)"	"Январь - Март 2021 г. (кв.)"	"202103"	"АЛМАТИНСКАЯ ОБЛАСТЬ"	"0"	"806 934 000 000 000 000.0"
"Валовой внутренний продукт методом производства(Миллион тенге казахских)"	"Январь - Сентябрь 2021 г. (кв.)"	"202109"	"АЛМАТИНСКАЯ ОБЛАСТЬ"	"0"	"2 895 593 000 000 000 000.0"
"Валовой внутренний продукт методом производства(Миллион тенге казахских)"	"Январь - Июнь 2022 г. (кв.)"	"202206"	"АЛМАТИНСКАЯ ОБЛАСТЬ"	"0"	"1 737 558 400 000 000 000.0"
"Валовой внутренний продукт методом производства(Миллион тенге казахских)"	"Январь - Декабрь 2023 г. (кв.)"	"202312"	"АЛМАТИНСКАЯ ОБЛАСТЬ"	"0"	"5 322 132 000 000 000 000.0"
"Валовой внутренний продукт методом производства(Миллион тенге казахских)"	"Январь - Март 2025 г. (кв.)"	"202503"	"АЛМАТИНСКАЯ ОБЛАСТЬ"	"0"	"1 457 988 900 000 000 000.0"
"Валовой внутренний продукт методом производства(Миллион тенге казахских)"	"Январь - Июнь 2021 г. (кв.)"	"202106"	"КАРАГАНДИНСКАЯ ОБЛАСТЬ"	"0"	"2 824 785 700 000 000 000.0"
"Валовой внутренний продукт методом производства(Миллион тенге казахских)"	"Январь - Март 2011 г. (кв.)"	"201103"	"КАРАГАНДИНСКАЯ ОБЛАСТЬ"	"0"	"483 529 100 000 000 000.0"
"Валовой внутренний продукт методом производства(Миллион тенге казахских)"	"Январь - Март 2019 г. (кв.)"	"201903"	"КАРАГАНДИНСКАЯ ОБЛАСТЬ"	"0"	"954 675 900 000 000 000.0"
"Валовой внутренний продукт методом производства(Миллион тенге казахских)"	"Январь - Сентябрь 2012 г. (кв.)"	"201209"	"КАРАГАНДИНСКАЯ ОБЛАСТЬ"	"0"	"1 856 130 900 000 000 000.0"
"Валовой внутренний продукт методом производства(Миллион тенге казахских)"	"Январь - Март 2012 г. (кв.)"	"201203"	"КАРАГАНДИНСКАЯ ОБЛАСТЬ"	"0"	"524 457 100 000 000 000.0"
"Валовой внутренний продукт методом производства(Миллион тенге казахских)"	"Январь - Сентябрь 2015 г. (кв.)"	"201509"	"КАРАГАНДИНСКАЯ ОБЛАСТЬ"	"0"	"2 244 082 700 000 000 000.0"
"Валовой внутренний продукт методом производства(Миллион тенге казахских)"	"Январь - Март 2017 г. (кв.)"	"201703"	"КАРАГАНДИНСКАЯ ОБЛАСТЬ"	"0"	"819 953 400 000 000 000.0"
"Валовой внутренний продукт методом производства(Миллион тенге казахских)"	"Январь - Июнь 2017 г. (кв.)"	"201706"	"КАРАГАНДИНСКАЯ ОБЛАСТЬ"	"0"	"1 706 974 600 000 000 000.0"
"Валовой внутренний продукт методом производства(Миллион тенге казахских)"	"Январь - Март 2013 г. (кв.)"	"201303"	"КАРАГАНДИНСКАЯ ОБЛАСТЬ"	"0"	"605 232 300 000 000 000.0"
"Валовой внутренний продукт методом производства(Миллион тенге казахских)"	"Январь - Декабрь 2010 г. (кв.)"	"201012"	"КАРАГАНДИНСКАЯ ОБЛАСТЬ"	"0"	"1 872 842 300 000 000 000.0"
"Валовой внутренний продукт методом производства(Миллион тенге казахских)"	"Январь - Декабрь 2014 г. (кв.)"	"201412"	"КАРАГАНДИНСКАЯ ОБЛАСТЬ"	"0"	"2 899 976 800 000 000 000.0"
"Валовой внутренний продукт методом производства(Миллион тенге казахских)"	"Январь - Июнь 2013 г. (кв.)"	"201306"	"КАРАГАНДИНСКАЯ ОБЛАСТЬ"	"0"	"1 181 294 900 000 000 000.0"
"Валовой внутренний продукт методом производства(Миллион тенге казахских)"	"Январь - Июнь 2015 г. (кв.)"	"201506"	"КАРАГАНДИНСКАЯ ОБЛАСТЬ"	"0"	"1 352 521 000 000 000 000.0"
"Валовой внутренний продукт методом производства(Миллион тенге казахских)"	"Январь - Июнь 2018 г. (кв.)"	"201806"	"КАРАГАНДИНСКАЯ ОБЛАСТЬ"	"0"	"1 967 250 500 000 000 000.0"
"Валовой внутренний продукт методом производства(Миллион тенге казахских)"	"Январь - Сентябрь 2016 г. (кв.)"	"201609"	"КАРАГАНДИНСКАЯ ОБЛАСТЬ"	"0"	"2 621 807 000 000 000 000.0"
"Валовой внутренний продукт методом производства(Миллион тенге казахских)"	"Январь - Март 2014 г. (кв.)"	"201403"	"КАРАГАНДИНСКАЯ ОБЛАСТЬ"	"0"	"633 990 200 000 000 000.0"
"Валовой внутренний продукт методом производства(Миллион тенге казахских)"	"Январь - Март 2015 г. (кв.)"	"201503"	"КАРАГАНДИНСКАЯ ОБЛАСТЬ"	"0"	"680 938 700 000 000 000.0"
"Валовой внутренний продукт методом производства(Миллион тенге казахских)"	"Январь - Июнь 2016 г. (кв.)"	"201606"	"КАРАГАНДИНСКАЯ ОБЛАСТЬ"	"0"	"1 594 962 700 000 000 000.0"
"Валовой внутренний продукт методом производства(Миллион тенге казахских)"	"Январь - Март 2018 г. (кв.)"	"201803"	"КАРАГАНДИНСКАЯ ОБЛАСТЬ"	"0"	"939 869 400 000 000 000.0"
"Валовой внутренний продукт методом производства(Миллион тенге казахских)"	"Январь - Март 2020 г. (кв.)"	"202003"	"КАРАГАНДИНСКАЯ ОБЛАСТЬ"	"0"	"1 212 414 300 000 000 000.0"
"Валовой внутренний продукт методом производства(Миллион тенге казахских)"	"Январь - Сентябрь 2020 г. (кв.)"	"202009"	"КАРАГАНДИНСКАЯ ОБЛАСТЬ"	"0"	"3 979 311 200 000 000 000.0"
"Валовой внутренний продукт методом производства(Миллион тенге казахских)"	"Январь - Декабрь 2019 г. (кв.)"	"201912"	"КАРАГАНДИНСКАЯ ОБЛАСТЬ"	"0"	"5 388 260 600 000 000 000.0"
"Валовой внутренний продукт методом производства(Миллион тенге казахских)"	"Январь - Декабрь 2016 г. (кв.)"	"201612"	"КАРАГАНДИНСКАЯ ОБЛАСТЬ"	"0"	"3 712 055 900 000 000 000.0"
"Валовой внутренний продукт методом производства(Миллион тенге казахских)"	"Январь - Июнь 2020 г. (кв.)"	"202006"	"КАРАГАНДИНСКАЯ ОБЛАСТЬ"	"0"	"2 441 432 800 000 000 000.0"
"Валовой внутренний продукт методом производства(Миллион тенге казахских)"	"Январь - Март 2010 г. (кв.)"	"201003"	"КАРАГАНДИНСКАЯ ОБЛАСТЬ"	"0"	"356 882 200 000 000 000.0"
"Валовой внутренний продукт методом производства(Миллион тенге казахских)"	"Январь - Декабрь 2011 г. (кв.)"	"201112"	"КАРАГАНДИНСКАЯ ОБЛАСТЬ"	"0"	"2 387 705 200 000 000 000.0"
"Валовой внутренний продукт методом производства(Миллион тенге казахских)"	"Январь - Декабрь 2020 г. (кв.)"	"202012"	"КАРАГАНДИНСКАЯ ОБЛАСТЬ"	"0"	"6 099 856 200 000 000 000.0"
"Валовой внутренний продукт методом производства(Миллион тенге казахских)"	"Январь - Сентябрь 2017 г. (кв.)"	"201709"	"КАРАГАНДИНСКАЯ ОБЛАСТЬ"	"0"	"2 882 068 300 000 000 000.0"
"Валовой внутренний продукт методом производства(Миллион тенге казахских)"	"Январь - Июнь 2014 г. (кв.)"	"201406"	"КАРАГАНДИНСКАЯ ОБЛАСТЬ"	"0"	"1 307 973 600 000 000 000.0"
"Валовой внутренний продукт методом производства(Миллион тенге казахских)"	"Январь - Сентябрь 2019 г. (кв.)"	"201909"	"КАРАГАНДИНСКАЯ ОБЛАСТЬ"	"0"	"3 590 235 100 000 000 000.0"
"Валовой внутренний продукт методом производства(Миллион тенге казахских)"	"Январь - Сентябрь 2013 г. (кв.)"	"201309"	"КАРАГАНДИНСКАЯ ОБЛАСТЬ"	"0"	"1 932 102 500 000 000 000.0"
"Валовой внутренний продукт методом производства(Миллион тенге казахских)"	"Январь - Декабрь 2012 г. (кв.)"	"201212"	"КАРАГАНДИНСКАЯ ОБЛАСТЬ"	"0"	"2 446 510 300 000 000 000.0"
"Валовой внутренний продукт методом производства(Миллион тенге казахских)"	"Январь - Декабрь 2018 г. (кв.)"	"201812"	"КАРАГАНДИНСКАЯ ОБЛАСТЬ"	"0"	"4 734 402 000 000 000 000.0"
"Валовой внутренний продукт методом производства(Миллион тенге казахских)"	"Январь - Декабрь 2017 г. (кв.)"	"201712"	"КАРАГАНДИНСКАЯ ОБЛАСТЬ"	"0"	"4 284 362 600 000 000 000.0"
"Валовой внутренний продукт методом производства(Миллион тенге казахских)"	"Январь - Июнь 2011 г. (кв.)"	"201106"	"КАРАГАНДИНСКАЯ ОБЛАСТЬ"	"0"	"1 015 430 700 000 000 000.0"
"Валовой внутренний продукт методом производства(Миллион тенге казахских)"	"Январь - Июнь 2012 г. (кв.)"	"201206"	"КАРАГАНДИНСКАЯ ОБЛАСТЬ"	"0"	"1 067 215 200 000 000 000.0"
"Валовой внутренний продукт методом производства(Миллион тенге казахских)"	"Январь - Сентябрь 2018 г. (кв.)"	"201809"	"КАРАГАНДИНСКАЯ ОБЛАСТЬ"	"0"	"3 162 428 100 000 000 000.0"
"Валовой внутренний продукт методом производства(Миллион тенге казахских)"	"Январь - Июнь 2010 г. (кв.)"	"201006"	"КАРАГАНДИНСКАЯ ОБЛАСТЬ"	"0"	"771 542 200 000 000 000.0"
"Валовой внутренний продукт методом производства(Миллион тенге казахских)"	"Январь - Сентябрь 2010 г. (кв.)"	"201009"	"КАРАГАНДИНСКАЯ ОБЛАСТЬ"	"0"	"1 263 414 300 000 000 000.0"
"Валовой внутренний продукт методом производства(Миллион тенге казахских)"	"Январь - Сентябрь 2011 г. (кв.)"	"201109"	"КАРАГАНДИНСКАЯ ОБЛАСТЬ"	"0"	"1 675 953 000 000 000 000.0"
"Валовой внутренний продукт методом производства(Миллион тенге казахских)"	"Январь - Декабрь 2015 г. (кв.)"	"201512"	"КАРАГАНДИНСКАЯ ОБЛАСТЬ"	"0"	"3 107 085 600 000 000 000.0"
"Валовой внутренний продукт методом производства(Миллион тенге казахских)"	"Январь - Июнь 2019 г. (кв.)"	"201906"	"КАРАГАНДИНСКАЯ ОБЛАСТЬ"	"0"	"2 158 680 300 000 000 000.0"
"Валовой внутренний продукт методом производства(Миллион тенге казахских)"	"Январь - Декабрь 2013 г. (кв.)"	"201312"	"КАРАГАНДИНСКАЯ ОБЛАСТЬ"	"0"	"2 621 888 800 000 000 000.0"
"Валовой внутренний продукт методом производства(Миллион тенге казахских)"	"Январь - Сентябрь 2014 г. (кв.)"	"201409"	"КАРАГАНДИНСКАЯ ОБЛАСТЬ"	"0"	"2 094 881 000 000 000 000.0"
"Валовой внутренний продукт методом производства(Миллион тенге казахских)"	"Январь - Март 2016 г. (кв.)"	"201603"	"КАРАГАНДИНСКАЯ ОБЛАСТЬ"	"0"	"747 040 700 000 000 000.0"
"Валовой внутренний продукт методом производства(Миллион тенге казахских)"	"Январь - Март 2024 г. (кв.)"	"202403"	"КАРАГАНДИНСКАЯ ОБЛАСТЬ"	"0"	"1 690 879 800 000 000 000.0"
"Валовой внутренний продукт методом производства(Миллион тенге казахских)"	"Январь - Сентябрь 2024 г. (кв.)"	"202409"	"КАРАГАНДИНСКАЯ ОБЛАСТЬ"	"0"	"5 805 103 000 000 000 000.0"
"Валовой внутренний продукт методом производства(Миллион тенге казахских)"	"Январь - Июнь 2024 г. (кв.)"	"202406"	"КАРАГАНДИНСКАЯ ОБЛАСТЬ"	"0"	"3 296 690 900 000 000 000.0"
"Валовой внутренний продукт методом производства(Миллион тенге казахских)"	"Январь - Декабрь 2022 г. (кв.)"	"202212"	"КАРАГАНДИНСКАЯ ОБЛАСТЬ"	"0"	"7 278 059 200 000 000 000.0"
"Валовой внутренний продукт методом производства(Миллион тенге казахских)"	"Январь - Декабрь 2021 г. (кв.)"	"202112"	"КАРАГАНДИНСКАЯ ОБЛАСТЬ"	"0"	"7 446 273 200 000 000 000.0"
"Валовой внутренний продукт методом производства(Миллион тенге казахских)"	"Январь - Сентябрь 2022 г. (кв.)"	"202209"	"КАРАГАНДИНСКАЯ ОБЛАСТЬ"	"0"	"4 753 408 500 000 000 000.0"
"Валовой внутренний продукт методом производства(Миллион тенге казахских)"	"Январь - Сентябрь 2023 г. (кв.)"	"202309"	"КАРАГАНДИНСКАЯ ОБЛАСТЬ"	"0"	"5 119 584 300 000 000 000.0"
"Валовой внутренний продукт методом производства(Миллион тенге казахских)"	"Январь - Март 2022 г. (кв.)"	"202203"	"КАРАГАНДИНСКАЯ ОБЛАСТЬ"	"0"	"1 770 795 600 000 000 000.0"
"Валовой внутренний продукт методом производства(Миллион тенге казахских)"	"Январь - Июнь 2023 г. (кв.)"	"202306"	"КАРАГАНДИНСКАЯ ОБЛАСТЬ"	"0"	"3 010 405 600 000 000 000.0"
"Валовой внутренний продукт методом производства(Миллион тенге казахских)"	"Январь - Март 2023 г. (кв.)"	"202303"	"КАРАГАНДИНСКАЯ ОБЛАСТЬ"	"0"	"1 629 457 800 000 000 000.0"
"Валовой внутренний продукт методом производства(Миллион тенге казахских)"	"Январь - Март 2021 г. (кв.)"	"202103"	"КАРАГАНДИНСКАЯ ОБЛАСТЬ"	"0"	"1 404 539 600 000 000 000.0"
"Валовой внутренний продукт методом производства(Миллион тенге казахских)"	"Январь - Сентябрь 2021 г. (кв.)"	"202109"	"КАРАГАНДИНСКАЯ ОБЛАСТЬ"	"0"	"4 930 854 300 000 000 000.0"
"Валовой внутренний продукт методом производства(Миллион тенге казахских)"	"Январь - Июнь 2022 г. (кв.)"	"202206"	"КАРАГАНДИНСКАЯ ОБЛАСТЬ"	"0"	"2 970 403 800 000 000 000.0"
"Валовой внутренний продукт методом производства(Миллион тенге казахских)"	"Январь - Декабрь 2023 г. (кв.)"	"202312"	"КАРАГАНДИНСКАЯ ОБЛАСТЬ"	"0"	"7 711 828 200 000 000 000.0"
"Валовой внутренний продукт методом производства(Миллион тенге казахских)"	"Январь - Март 2025 г. (кв.)"	"202503"	"КАРАГАНДИНСКАЯ ОБЛАСТЬ"	"0"	"1 900 929 800 000 000 000.0"
"Валовой внутренний продукт методом производства(Миллион тенге казахских)"	"Январь - Июнь 2021 г. (кв.)"	"202106"	"ВОСТОЧНО-КАЗАХСТАНСКАЯ ОБЛАСТЬ"	"0"	"2 015 970 300 000 000 000.0"
"Валовой внутренний продукт методом производства(Миллион тенге казахских)"	"Январь - Март 2011 г. (кв.)"	"201103"	"ВОСТОЧНО-КАЗАХСТАНСКАЯ ОБЛАСТЬ"	"0"	"297 335 600 000 000 000.0"
"Валовой внутренний продукт методом производства(Миллион тенге казахских)"	"Январь - Март 2019 г. (кв.)"	"201903"	"ВОСТОЧНО-КАЗАХСТАНСКАЯ ОБЛАСТЬ"	"0"	"799 317 100 000 000 000.0"
"Валовой внутренний продукт методом производства(Миллион тенге казахских)"	"Январь - Сентябрь 2012 г. (кв.)"	"201209"	"ВОСТОЧНО-КАЗАХСТАНСКАЯ ОБЛАСТЬ"	"0"	"1 208 319 200 000 000 000.0"
"Валовой внутренний продукт методом производства(Миллион тенге казахских)"	"Январь - Март 2012 г. (кв.)"	"201203"	"ВОСТОЧНО-КАЗАХСТАНСКАЯ ОБЛАСТЬ"	"0"	"347 551 300 000 000 000.0"
"Валовой внутренний продукт методом производства(Миллион тенге казахских)"	"Январь - Сентябрь 2015 г. (кв.)"	"201509"	"ВОСТОЧНО-КАЗАХСТАНСКАЯ ОБЛАСТЬ"	"0"	"1 636 745 700 000 000 000.0"
"Валовой внутренний продукт методом производства(Миллион тенге казахских)"	"Январь - Март 2017 г. (кв.)"	"201703"	"ВОСТОЧНО-КАЗАХСТАНСКАЯ ОБЛАСТЬ"	"0"	"647 516 200 000 000 000.0"
"Валовой внутренний продукт методом производства(Миллион тенге казахских)"	"Январь - Июнь 2017 г. (кв.)"	"201706"	"ВОСТОЧНО-КАЗАХСТАНСКАЯ ОБЛАСТЬ"	"0"	"1 253 124 000 000 000 000.0"
"Валовой внутренний продукт методом производства(Миллион тенге казахских)"	"Январь - Март 2013 г. (кв.)"	"201303"	"ВОСТОЧНО-КАЗАХСТАНСКАЯ ОБЛАСТЬ"	"0"	"421 177 200 000 000 000.0"
"Валовой внутренний продукт методом производства(Миллион тенге казахских)"	"Январь - Декабрь 2010 г. (кв.)"	"201012"	"ВОСТОЧНО-КАЗАХСТАНСКАЯ ОБЛАСТЬ"	"0"	"1 244 102 600 000 000 000.0"
"Валовой внутренний продукт методом производства(Миллион тенге казахских)"	"Январь - Декабрь 2014 г. (кв.)"	"201412"	"ВОСТОЧНО-КАЗАХСТАНСКАЯ ОБЛАСТЬ"	"0"	"2 282 709 800 000 000 000.0"
"Валовой внутренний продукт методом производства(Миллион тенге казахских)"	"Январь - Июнь 2013 г. (кв.)"	"201306"	"ВОСТОЧНО-КАЗАХСТАНСКАЯ ОБЛАСТЬ"	"0"	"858 379 900 000 000 000.0"
"Валовой внутренний продукт методом производства(Миллион тенге казахских)"	"Январь - Июнь 2015 г. (кв.)"	"201506"	"ВОСТОЧНО-КАЗАХСТАНСКАЯ ОБЛАСТЬ"	"0"	"947 222 600 000 000 000.0"
"Валовой внутренний продукт методом производства(Миллион тенге казахских)"	"Январь - Июнь 2018 г. (кв.)"	"201806"	"ВОСТОЧНО-КАЗАХСТАНСКАЯ ОБЛАСТЬ"	"0"	"1 406 005 300 000 000 000.0"
"Валовой внутренний продукт методом производства(Миллион тенге казахских)"	"Январь - Сентябрь 2016 г. (кв.)"	"201609"	"ВОСТОЧНО-КАЗАХСТАНСКАЯ ОБЛАСТЬ"	"0"	"1 906 319 700 000 000 000.0"
"Валовой внутренний продукт методом производства(Миллион тенге казахских)"	"Январь - Март 2014 г. (кв.)"	"201403"	"ВОСТОЧНО-КАЗАХСТАНСКАЯ ОБЛАСТЬ"	"0"	"473 067 800 000 000 000.0"
"Валовой внутренний продукт методом производства(Миллион тенге казахских)"	"Январь - Март 2015 г. (кв.)"	"201503"	"ВОСТОЧНО-КАЗАХСТАНСКАЯ ОБЛАСТЬ"	"0"	"499 168 100 000 000 000.0"
"Валовой внутренний продукт методом производства(Миллион тенге казахских)"	"Январь - Июнь 2016 г. (кв.)"	"201606"	"ВОСТОЧНО-КАЗАХСТАНСКАЯ ОБЛАСТЬ"	"0"	"1 114 169 300 000 000 000.0"
"Валовой внутренний продукт методом производства(Миллион тенге казахских)"	"Январь - Март 2018 г. (кв.)"	"201803"	"ВОСТОЧНО-КАЗАХСТАНСКАЯ ОБЛАСТЬ"	"0"	"703 160 700 000 000 000.0"
"Валовой внутренний продукт методом производства(Миллион тенге казахских)"	"Январь - Март 2020 г. (кв.)"	"202003"	"ВОСТОЧНО-КАЗАХСТАНСКАЯ ОБЛАСТЬ"	"0"	"934 856 500 000 000 000.0"
"Валовой внутренний продукт методом производства(Миллион тенге казахских)"	"Январь - Сентябрь 2020 г. (кв.)"	"202009"	"ВОСТОЧНО-КАЗАХСТАНСКАЯ ОБЛАСТЬ"	"0"	"3 133 847 200 000 000 000.0"
"Валовой внутренний продукт методом производства(Миллион тенге казахских)"	"Январь - Декабрь 2019 г. (кв.)"	"201912"	"ВОСТОЧНО-КАЗАХСТАНСКАЯ ОБЛАСТЬ"	"0"	"4 024 968 400 000 000 000.0"
"Валовой внутренний продукт методом производства(Миллион тенге казахских)"	"Январь - Декабрь 2016 г. (кв.)"	"201612"	"ВОСТОЧНО-КАЗАХСТАНСКАЯ ОБЛАСТЬ"	"0"	"2 793 895 700 000 000 000.0"
"Валовой внутренний продукт методом производства(Миллион тенге казахских)"	"Январь - Июнь 2020 г. (кв.)"	"202006"	"ВОСТОЧНО-КАЗАХСТАНСКАЯ ОБЛАСТЬ"	"0"	"1 754 307 900 000 000 000.0"
"Валовой внутренний продукт методом производства(Миллион тенге казахских)"	"Январь - Март 2010 г. (кв.)"	"201003"	"ВОСТОЧНО-КАЗАХСТАНСКАЯ ОБЛАСТЬ"	"0"	"218 418 100 000 000 000.0"
"Валовой внутренний продукт методом производства(Миллион тенге казахских)"	"Январь - Декабрь 2011 г. (кв.)"	"201112"	"ВОСТОЧНО-КАЗАХСТАНСКАЯ ОБЛАСТЬ"	"0"	"1 620 940 000 000 000 000.0"
"Валовой внутренний продукт методом производства(Миллион тенге казахских)"	"Январь - Декабрь 2020 г. (кв.)"	"202012"	"ВОСТОЧНО-КАЗАХСТАНСКАЯ ОБЛАСТЬ"	"0"	"4 605 532 100 000 000 000.0"
"Валовой внутренний продукт методом производства(Миллион тенге казахских)"	"Январь - Сентябрь 2017 г. (кв.)"	"201709"	"ВОСТОЧНО-КАЗАХСТАНСКАЯ ОБЛАСТЬ"	"0"	"2 089 432 000 000 000 000.0"
"Валовой внутренний продукт методом производства(Миллион тенге казахских)"	"Январь - Июнь 2014 г. (кв.)"	"201406"	"ВОСТОЧНО-КАЗАХСТАНСКАЯ ОБЛАСТЬ"	"0"	"917 125 600 000 000 000.0"
"Валовой внутренний продукт методом производства(Миллион тенге казахских)"	"Январь - Сентябрь 2019 г. (кв.)"	"201909"	"ВОСТОЧНО-КАЗАХСТАНСКАЯ ОБЛАСТЬ"	"0"	"2 680 940 600 000 000 000.0"
"Валовой внутренний продукт методом производства(Миллион тенге казахских)"	"Январь - Сентябрь 2013 г. (кв.)"	"201309"	"ВОСТОЧНО-КАЗАХСТАНСКАЯ ОБЛАСТЬ"	"0"	"1 431 363 500 000 000 000.0"
"Валовой внутренний продукт методом производства(Миллион тенге казахских)"	"Январь - Декабрь 2012 г. (кв.)"	"201212"	"ВОСТОЧНО-КАЗАХСТАНСКАЯ ОБЛАСТЬ"	"0"	"1 811 151 000 000 000 000.0"
"Валовой внутренний продукт методом производства(Миллион тенге казахских)"	"Январь - Декабрь 2018 г. (кв.)"	"201812"	"ВОСТОЧНО-КАЗАХСТАНСКАЯ ОБЛАСТЬ"	"0"	"3 589 332 800 000 000 000.0"
"Валовой внутренний продукт методом производства(Миллион тенге казахских)"	"Январь - Декабрь 2017 г. (кв.)"	"201712"	"ВОСТОЧНО-КАЗАХСТАНСКАЯ ОБЛАСТЬ"	"0"	"3 174 812 800 000 000 000.0"
"Валовой внутренний продукт методом производства(Миллион тенге казахских)"	"Январь - Июнь 2011 г. (кв.)"	"201106"	"ВОСТОЧНО-КАЗАХСТАНСКАЯ ОБЛАСТЬ"	"0"	"609 907 100 000 000 000.0"
"Валовой внутренний продукт методом производства(Миллион тенге казахских)"	"Январь - Июнь 2012 г. (кв.)"	"201206"	"ВОСТОЧНО-КАЗАХСТАНСКАЯ ОБЛАСТЬ"	"0"	"722 488 400 000 000 000.0"
"Валовой внутренний продукт методом производства(Миллион тенге казахских)"	"Январь - Сентябрь 2018 г. (кв.)"	"201809"	"ВОСТОЧНО-КАЗАХСТАНСКАЯ ОБЛАСТЬ"	"0"	"2 317 750 700 000 000 000.0"
"Валовой внутренний продукт методом производства(Миллион тенге казахских)"	"Январь - Июнь 2010 г. (кв.)"	"201006"	"ВОСТОЧНО-КАЗАХСТАНСКАЯ ОБЛАСТЬ"	"0"	"493 685 100 000 000 000.0"
"Валовой внутренний продукт методом производства(Миллион тенге казахских)"	"Январь - Сентябрь 2010 г. (кв.)"	"201009"	"ВОСТОЧНО-КАЗАХСТАНСКАЯ ОБЛАСТЬ"	"0"	"843 331 200 000 000 000.0"
"Валовой внутренний продукт методом производства(Миллион тенге казахских)"	"Январь - Сентябрь 2011 г. (кв.)"	"201109"	"ВОСТОЧНО-КАЗАХСТАНСКАЯ ОБЛАСТЬ"	"0"	"1 035 013 000 000 000 000.0"
"Валовой внутренний продукт методом производства(Миллион тенге казахских)"	"Январь - Декабрь 2015 г. (кв.)"	"201512"	"ВОСТОЧНО-КАЗАХСТАНСКАЯ ОБЛАСТЬ"	"0"	"2 311 366 200 000 000 000.0"
"Валовой внутренний продукт методом производства(Миллион тенге казахских)"	"Январь - Июнь 2019 г. (кв.)"	"201906"	"ВОСТОЧНО-КАЗАХСТАНСКАЯ ОБЛАСТЬ"	"0"	"1 637 784 100 000 000 000.0"
"Валовой внутренний продукт методом производства(Миллион тенге казахских)"	"Январь - Декабрь 2013 г. (кв.)"	"201312"	"ВОСТОЧНО-КАЗАХСТАНСКАЯ ОБЛАСТЬ"	"0"	"2 062 969 400 000 000 000.0"
"Валовой внутренний продукт методом производства(Миллион тенге казахских)"	"Январь - Сентябрь 2014 г. (кв.)"	"201409"	"ВОСТОЧНО-КАЗАХСТАНСКАЯ ОБЛАСТЬ"	"0"	"1 594 506 600 000 000 000.0"
"Валовой внутренний продукт методом производства(Миллион тенге казахских)"	"Январь - Март 2016 г. (кв.)"	"201603"	"ВОСТОЧНО-КАЗАХСТАНСКАЯ ОБЛАСТЬ"	"0"	"590 573 800 000 000 000.0"
"Валовой внутренний продукт методом производства(Миллион тенге казахских)"	"Январь - Март 2024 г. (кв.)"	"202403"	"ВОСТОЧНО-КАЗАХСТАНСКАЯ ОБЛАСТЬ"	"0"	"1 086 449 300 000 000 000.0"
"Валовой внутренний продукт методом производства(Миллион тенге казахских)"	"Январь - Сентябрь 2024 г. (кв.)"	"202409"	"ВОСТОЧНО-КАЗАХСТАНСКАЯ ОБЛАСТЬ"	"0"	"3 336 587 800 000 000 000.0"
"Валовой внутренний продукт методом производства(Миллион тенге казахских)"	"Январь - Июнь 2024 г. (кв.)"	"202406"	"ВОСТОЧНО-КАЗАХСТАНСКАЯ ОБЛАСТЬ"	"0"	"1 906 711 000 000 000 000.0"
"Валовой внутренний продукт методом производства(Миллион тенге казахских)"	"Январь - Декабрь 2022 г. (кв.)"	"202212"	"ВОСТОЧНО-КАЗАХСТАНСКАЯ ОБЛАСТЬ"	"0"	"3 916 818 100 000 000 000.0"
"Валовой внутренний продукт методом производства(Миллион тенге казахских)"	"Январь - Декабрь 2021 г. (кв.)"	"202112"	"ВОСТОЧНО-КАЗАХСТАНСКАЯ ОБЛАСТЬ"	"0"	"5 063 661 900 000 000 000.0"
"Валовой внутренний продукт методом производства(Миллион тенге казахских)"	"Январь - Сентябрь 2022 г. (кв.)"	"202209"	"ВОСТОЧНО-КАЗАХСТАНСКАЯ ОБЛАСТЬ"	"0"	"2 706 363 900 000 000 000.0"
"Валовой внутренний продукт методом производства(Миллион тенге казахских)"	"Январь - Сентябрь 2023 г. (кв.)"	"202309"	"ВОСТОЧНО-КАЗАХСТАНСКАЯ ОБЛАСТЬ"	"0"	"3 123 022 100 000 000 000.0"
"Валовой внутренний продукт методом производства(Миллион тенге казахских)"	"Январь - Март 2022 г. (кв.)"	"202203"	"ВОСТОЧНО-КАЗАХСТАНСКАЯ ОБЛАСТЬ"	"0"	"1 244 989 000 000 000 000.0"
"Валовой внутренний продукт методом производства(Миллион тенге казахских)"	"Январь - Июнь 2023 г. (кв.)"	"202306"	"ВОСТОЧНО-КАЗАХСТАНСКАЯ ОБЛАСТЬ"	"0"	"1 827 244 400 000 000 000.0"
"Валовой внутренний продукт методом производства(Миллион тенге казахских)"	"Январь - Март 2023 г. (кв.)"	"202303"	"ВОСТОЧНО-КАЗАХСТАНСКАЯ ОБЛАСТЬ"	"0"	"1 009 662 100 000 000 000.0"
"Валовой внутренний продукт методом производства(Миллион тенге казахских)"	"Январь - Март 2021 г. (кв.)"	"202103"	"ВОСТОЧНО-КАЗАХСТАНСКАЯ ОБЛАСТЬ"	"0"	"989 844 800 000 000 000.0"
"Валовой внутренний продукт методом производства(Миллион тенге казахских)"	"Январь - Сентябрь 2021 г. (кв.)"	"202109"	"ВОСТОЧНО-КАЗАХСТАНСКАЯ ОБЛАСТЬ"	"0"	"3 239 980 800 000 000 000.0"
"Валовой внутренний продукт методом производства(Миллион тенге казахских)"	"Январь - Июнь 2022 г. (кв.)"	"202206"	"ВОСТОЧНО-КАЗАХСТАНСКАЯ ОБЛАСТЬ"	"0"	"1 504 123 800 000 000 000.0"
"Валовой внутренний продукт методом производства(Миллион тенге казахских)"	"Январь - Декабрь 2023 г. (кв.)"	"202312"	"ВОСТОЧНО-КАЗАХСТАНСКАЯ ОБЛАСТЬ"	"0"	"4 459 056 100 000 000 000.0"
"Валовой внутренний продукт методом производства(Миллион тенге казахских)"	"Январь - Март 2025 г. (кв.)"	"202503"	"ВОСТОЧНО-КАЗАХСТАНСКАЯ ОБЛАСТЬ"	"0"	"1 128 656 400 000 000 000.0"
"Валовой внутренний продукт методом производства(Миллион тенге казахских)"	"Январь - Июнь 2021 г. (кв.)"	"202106"	"ЖАМБЫЛСКАЯ ОБЛАСТЬ"	"0"	"957 044 600 000 000 000.0"
"Валовой внутренний продукт методом производства(Миллион тенге казахских)"	"Январь - Март 2011 г. (кв.)"	"201103"	"ЖАМБЫЛСКАЯ ОБЛАСТЬ"	"0"	"100 000 000 000 000 000.0"
"Валовой внутренний продукт методом производства(Миллион тенге казахских)"	"Январь - Март 2019 г. (кв.)"	"201903"	"ЖАМБЫЛСКАЯ ОБЛАСТЬ"	"0"	"301 418 100 000 000 000.0"
"Валовой внутренний продукт методом производства(Миллион тенге казахских)"	"Январь - Сентябрь 2012 г. (кв.)"	"201209"	"ЖАМБЫЛСКАЯ ОБЛАСТЬ"	"0"	"514 135 300 000 000 000.0"
"Валовой внутренний продукт методом производства(Миллион тенге казахских)"	"Январь - Март 2012 г. (кв.)"	"201203"	"ЖАМБЫЛСКАЯ ОБЛАСТЬ"	"0"	"134 219 100 000 000 000.0"
"Валовой внутренний продукт методом производства(Миллион тенге казахских)"	"Январь - Сентябрь 2015 г. (кв.)"	"201509"	"ЖАМБЫЛСКАЯ ОБЛАСТЬ"	"0"	"684 293 900 000 000 000.0"
"Валовой внутренний продукт методом производства(Миллион тенге казахских)"	"Январь - Март 2017 г. (кв.)"	"201703"	"ЖАМБЫЛСКАЯ ОБЛАСТЬ"	"0"	"231 412 400 000 000 000.0"
"Валовой внутренний продукт методом производства(Миллион тенге казахских)"	"Январь - Июнь 2017 г. (кв.)"	"201706"	"ЖАМБЫЛСКАЯ ОБЛАСТЬ"	"0"	"528 477 500 000 000 000.0"
"Валовой внутренний продукт методом производства(Миллион тенге казахских)"	"Январь - Март 2013 г. (кв.)"	"201303"	"ЖАМБЫЛСКАЯ ОБЛАСТЬ"	"0"	"156 789 000 000 000 000.0"
"Валовой внутренний продукт методом производства(Миллион тенге казахских)"	"Январь - Декабрь 2010 г. (кв.)"	"201012"	"ЖАМБЫЛСКАЯ ОБЛАСТЬ"	"0"	"446 399 300 000 000 000.0"
"Валовой внутренний продукт методом производства(Миллион тенге казахских)"	"Январь - Декабрь 2014 г. (кв.)"	"201412"	"ЖАМБЫЛСКАЯ ОБЛАСТЬ"	"0"	"979 666 100 000 000 000.0"
"Валовой внутренний продукт методом производства(Миллион тенге казахских)"	"Январь - Июнь 2013 г. (кв.)"	"201306"	"ЖАМБЫЛСКАЯ ОБЛАСТЬ"	"0"	"352 691 000 000 000 000.0"
"Валовой внутренний продукт методом производства(Миллион тенге казахских)"	"Январь - Июнь 2015 г. (кв.)"	"201506"	"ЖАМБЫЛСКАЯ ОБЛАСТЬ"	"0"	"442 380 100 000 000 000.0"
"Валовой внутренний продукт методом производства(Миллион тенге казахских)"	"Январь - Июнь 2018 г. (кв.)"	"201806"	"ЖАМБЫЛСКАЯ ОБЛАСТЬ"	"0"	"619 144 600 000 000 000.0"
"Валовой внутренний продукт методом производства(Миллион тенге казахских)"	"Январь - Сентябрь 2016 г. (кв.)"	"201609"	"ЖАМБЫЛСКАЯ ОБЛАСТЬ"	"0"	"778 573 800 000 000 000.0"
"Валовой внутренний продукт методом производства(Миллион тенге казахских)"	"Январь - Март 2014 г. (кв.)"	"201403"	"ЖАМБЫЛСКАЯ ОБЛАСТЬ"	"0"	"185 428 000 000 000 000.0"
"Валовой внутренний продукт методом производства(Миллион тенге казахских)"	"Январь - Март 2015 г. (кв.)"	"201503"	"ЖАМБЫЛСКАЯ ОБЛАСТЬ"	"0"	"193 223 300 000 000 000.0"
"Валовой внутренний продукт методом производства(Миллион тенге казахских)"	"Январь - Июнь 2016 г. (кв.)"	"201606"	"ЖАМБЫЛСКАЯ ОБЛАСТЬ"	"0"	"488 542 700 000 000 000.0"
"Валовой внутренний продукт методом производства(Миллион тенге казахских)"	"Январь - Март 2018 г. (кв.)"	"201803"	"ЖАМБЫЛСКАЯ ОБЛАСТЬ"	"0"	"264 987 200 000 000 000.0"
"Валовой внутренний продукт методом производства(Миллион тенге казахских)"	"Январь - Март 2020 г. (кв.)"	"202003"	"ЖАМБЫЛСКАЯ ОБЛАСТЬ"	"0"	"359 911 900 000 000 000.0"
"Валовой внутренний продукт методом производства(Миллион тенге казахских)"	"Январь - Сентябрь 2020 г. (кв.)"	"202009"	"ЖАМБЫЛСКАЯ ОБЛАСТЬ"	"0"	"1 205 304 600 000 000 000.0"
"Валовой внутренний продукт методом производства(Миллион тенге казахских)"	"Январь - Декабрь 2019 г. (кв.)"	"201912"	"ЖАМБЫЛСКАЯ ОБЛАСТЬ"	"0"	"1 712 883 600 000 000 000.0"
"Валовой внутренний продукт методом производства(Миллион тенге казахских)"	"Январь - Декабрь 2016 г. (кв.)"	"201612"	"ЖАМБЫЛСКАЯ ОБЛАСТЬ"	"0"	"1 182 798 900 000 000 000.0"
"Валовой внутренний продукт методом производства(Миллион тенге казахских)"	"Январь - Июнь 2020 г. (кв.)"	"202006"	"ЖАМБЫЛСКАЯ ОБЛАСТЬ"	"0"	"767 899 100 000 000 000.0"
"Валовой внутренний продукт методом производства(Миллион тенге казахских)"	"Январь - Март 2010 г. (кв.)"	"201003"	"ЖАМБЫЛСКАЯ ОБЛАСТЬ"	"0"	"74 098 800 000 000 000.0"
"Валовой внутренний продукт методом производства(Миллион тенге казахских)"	"Январь - Декабрь 2011 г. (кв.)"	"201112"	"ЖАМБЫЛСКАЯ ОБЛАСТЬ"	"0"	"633 593 600 000 000 000.0"
"Валовой внутренний продукт методом производства(Миллион тенге казахских)"	"Январь - Декабрь 2020 г. (кв.)"	"202012"	"ЖАМБЫЛСКАЯ ОБЛАСТЬ"	"0"	"1 901 385 000 000 000 000.0"
"Валовой внутренний продукт методом производства(Миллион тенге казахских)"	"Январь - Сентябрь 2017 г. (кв.)"	"201709"	"ЖАМБЫЛСКАЯ ОБЛАСТЬ"	"0"	"862 375 800 000 000 000.0"
"Валовой внутренний продукт методом производства(Миллион тенге казахских)"	"Январь - Июнь 2014 г. (кв.)"	"201406"	"ЖАМБЫЛСКАЯ ОБЛАСТЬ"	"0"	"428 285 700 000 000 000.0"
"Валовой внутренний продукт методом производства(Миллион тенге казахских)"	"Январь - Сентябрь 2019 г. (кв.)"	"201909"	"ЖАМБЫЛСКАЯ ОБЛАСТЬ"	"0"	"1 071 794 400 000 000 000.0"
"Валовой внутренний продукт методом производства(Миллион тенге казахских)"	"Январь - Сентябрь 2013 г. (кв.)"	"201309"	"ЖАМБЫЛСКАЯ ОБЛАСТЬ"	"0"	"589 629 200 000 000 000.0"
"Валовой внутренний продукт методом производства(Миллион тенге казахских)"	"Январь - Декабрь 2012 г. (кв.)"	"201212"	"ЖАМБЫЛСКАЯ ОБЛАСТЬ"	"0"	"760 397 300 000 000 000.0"
"Валовой внутренний продукт методом производства(Миллион тенге казахских)"	"Январь - Декабрь 2018 г. (кв.)"	"201812"	"ЖАМБЫЛСКАЯ ОБЛАСТЬ"	"0"	"1 532 118 600 000 000 000.0"
"Валовой внутренний продукт методом производства(Миллион тенге казахских)"	"Январь - Декабрь 2017 г. (кв.)"	"201712"	"ЖАМБЫЛСКАЯ ОБЛАСТЬ"	"0"	"1 350 661 600 000 000 000.0"
"Валовой внутренний продукт методом производства(Миллион тенге казахских)"	"Январь - Июнь 2011 г. (кв.)"	"201106"	"ЖАМБЫЛСКАЯ ОБЛАСТЬ"	"0"	"230 588 300 000 000 000.0"
"Валовой внутренний продукт методом производства(Миллион тенге казахских)"	"Январь - Июнь 2012 г. (кв.)"	"201206"	"ЖАМБЫЛСКАЯ ОБЛАСТЬ"	"0"	"299 858 600 000 000 000.0"
"Валовой внутренний продукт методом производства(Миллион тенге казахских)"	"Январь - Сентябрь 2018 г. (кв.)"	"201809"	"ЖАМБЫЛСКАЯ ОБЛАСТЬ"	"0"	"972 215 500 000 000 000.0"
"Валовой внутренний продукт методом производства(Миллион тенге казахских)"	"Январь - Июнь 2010 г. (кв.)"	"201006"	"ЖАМБЫЛСКАЯ ОБЛАСТЬ"	"0"	"180 901 600 000 000 000.0"
"Валовой внутренний продукт методом производства(Миллион тенге казахских)"	"Январь - Сентябрь 2010 г. (кв.)"	"201009"	"ЖАМБЫЛСКАЯ ОБЛАСТЬ"	"0"	"314 222 700 000 000 000.0"
"Валовой внутренний продукт методом производства(Миллион тенге казахских)"	"Январь - Сентябрь 2011 г. (кв.)"	"201109"	"ЖАМБЫЛСКАЯ ОБЛАСТЬ"	"0"	"412 095 900 000 000 000.0"
"Валовой внутренний продукт методом производства(Миллион тенге казахских)"	"Январь - Декабрь 2015 г. (кв.)"	"201512"	"ЖАМБЫЛСКАЯ ОБЛАСТЬ"	"0"	"1 014 504 600 000 000 000.0"
"Валовой внутренний продукт методом производства(Миллион тенге казахских)"	"Январь - Июнь 2019 г. (кв.)"	"201906"	"ЖАМБЫЛСКАЯ ОБЛАСТЬ"	"0"	"672 797 900 000 000 000.0"
"Валовой внутренний продукт методом производства(Миллион тенге казахских)"	"Январь - Декабрь 2013 г. (кв.)"	"201312"	"ЖАМБЫЛСКАЯ ОБЛАСТЬ"	"0"	"876 736 300 000 000 000.0"
"Валовой внутренний продукт методом производства(Миллион тенге казахских)"	"Январь - Сентябрь 2014 г. (кв.)"	"201409"	"ЖАМБЫЛСКАЯ ОБЛАСТЬ"	"0"	"663 495 500 000 000 000.0"
"Валовой внутренний продукт методом производства(Миллион тенге казахских)"	"Январь - Март 2016 г. (кв.)"	"201603"	"ЖАМБЫЛСКАЯ ОБЛАСТЬ"	"0"	"220 541 400 000 000 000.0"
"Валовой внутренний продукт методом производства(Миллион тенге казахских)"	"Январь - Март 2024 г. (кв.)"	"202403"	"ЖАМБЫЛСКАЯ ОБЛАСТЬ"	"0"	"638 675 900 000 000 000.0"
"Валовой внутренний продукт методом производства(Миллион тенге казахских)"	"Январь - Сентябрь 2024 г. (кв.)"	"202409"	"ЖАМБЫЛСКАЯ ОБЛАСТЬ"	"0"	"2 226 048 700 000 000 000.0"
"Валовой внутренний продукт методом производства(Миллион тенге казахских)"	"Январь - Июнь 2024 г. (кв.)"	"202406"	"ЖАМБЫЛСКАЯ ОБЛАСТЬ"	"0"	"1 403 328 400 000 000 000.0"
"Валовой внутренний продукт методом производства(Миллион тенге казахских)"	"Январь - Декабрь 2022 г. (кв.)"	"202212"	"ЖАМБЫЛСКАЯ ОБЛАСТЬ"	"0"	"2 685 459 600 000 000 000.0"
"Валовой внутренний продукт методом производства(Миллион тенге казахских)"	"Январь - Декабрь 2021 г. (кв.)"	"202112"	"ЖАМБЫЛСКАЯ ОБЛАСТЬ"	"0"	"2 262 750 600 000 000 000.0"
"Валовой внутренний продукт методом производства(Миллион тенге казахских)"	"Январь - Сентябрь 2022 г. (кв.)"	"202209"	"ЖАМБЫЛСКАЯ ОБЛАСТЬ"	"0"	"1 664 270 200 000 000 000.0"
"Валовой внутренний продукт методом производства(Миллион тенге казахских)"	"Январь - Сентябрь 2023 г. (кв.)"	"202309"	"ЖАМБЫЛСКАЯ ОБЛАСТЬ"	"0"	"1 907 237 100 000 000 000.0"
"Валовой внутренний продукт методом производства(Миллион тенге казахских)"	"Январь - Март 2022 г. (кв.)"	"202203"	"ЖАМБЫЛСКАЯ ОБЛАСТЬ"	"0"	"463 120 500 000 000 000.0"
"Валовой внутренний продукт методом производства(Миллион тенге казахских)"	"Январь - Июнь 2023 г. (кв.)"	"202306"	"ЖАМБЫЛСКАЯ ОБЛАСТЬ"	"0"	"1 290 728 200 000 000 000.0"
"Валовой внутренний продукт методом производства(Миллион тенге казахских)"	"Январь - Март 2023 г. (кв.)"	"202303"	"ЖАМБЫЛСКАЯ ОБЛАСТЬ"	"0"	"548 989 300 000 000 000.0"
"Валовой внутренний продукт методом производства(Миллион тенге казахских)"	"Январь - Март 2021 г. (кв.)"	"202103"	"ЖАМБЫЛСКАЯ ОБЛАСТЬ"	"0"	"416 832 500 000 000 000.0"
"Валовой внутренний продукт методом производства(Миллион тенге казахских)"	"Январь - Сентябрь 2021 г. (кв.)"	"202109"	"ЖАМБЫЛСКАЯ ОБЛАСТЬ"	"0"	"1 445 973 000 000 000 000.0"
"Валовой внутренний продукт методом производства(Миллион тенге казахских)"	"Январь - Июнь 2022 г. (кв.)"	"202206"	"ЖАМБЫЛСКАЯ ОБЛАСТЬ"	"0"	"1 057 439 900 000 000 000.0"
"Валовой внутренний продукт методом производства(Миллион тенге казахских)"	"Январь - Декабрь 2023 г. (кв.)"	"202312"	"ЖАМБЫЛСКАЯ ОБЛАСТЬ"	"0"	"2 926 010 600 000 000 000.0"
"Валовой внутренний продукт методом производства(Миллион тенге казахских)"	"Январь - Март 2025 г. (кв.)"	"202503"	"ЖАМБЫЛСКАЯ ОБЛАСТЬ"	"0"	"690 902 300 000 000 000.0"
"Валовой внутренний продукт методом производства(Миллион тенге казахских)"	"Январь - Июнь 2021 г. (кв.)"	"202106"	"МАНГИСТАУСКАЯ ОБЛАСТЬ"	"0"	"1 485 097 900 000 000 000.0"
"Валовой внутренний продукт методом производства(Миллион тенге казахских)"	"Январь - Март 2011 г. (кв.)"	"201103"	"МАНГИСТАУСКАЯ ОБЛАСТЬ"	"0"	"359 792 100 000 000 000.0"
"Валовой внутренний продукт методом производства(Миллион тенге казахских)"	"Январь - Март 2019 г. (кв.)"	"201903"	"МАНГИСТАУСКАЯ ОБЛАСТЬ"	"0"	"661 321 500 000 000 000.0"
"Валовой внутренний продукт методом производства(Миллион тенге казахских)"	"Январь - Сентябрь 2012 г. (кв.)"	"201209"	"МАНГИСТАУСКАЯ ОБЛАСТЬ"	"0"	"1 438 099 900 000 000 000.0"
"Валовой внутренний продукт методом производства(Миллион тенге казахских)"	"Январь - Март 2012 г. (кв.)"	"201203"	"МАНГИСТАУСКАЯ ОБЛАСТЬ"	"0"	"410 428 600 000 000 000.0"
"Валовой внутренний продукт методом производства(Миллион тенге казахских)"	"Январь - Сентябрь 2015 г. (кв.)"	"201509"	"МАНГИСТАУСКАЯ ОБЛАСТЬ"	"0"	"1 563 526 500 000 000 000.0"
"Валовой внутренний продукт методом производства(Миллион тенге казахских)"	"Январь - Март 2017 г. (кв.)"	"201703"	"МАНГИСТАУСКАЯ ОБЛАСТЬ"	"0"	"518 529 000 000 000 000.0"
"Валовой внутренний продукт методом производства(Миллион тенге казахских)"	"Январь - Июнь 2017 г. (кв.)"	"201706"	"МАНГИСТАУСКАЯ ОБЛАСТЬ"	"0"	"1 115 993 100 000 000 000.0"
"Валовой внутренний продукт методом производства(Миллион тенге казахских)"	"Январь - Март 2013 г. (кв.)"	"201303"	"МАНГИСТАУСКАЯ ОБЛАСТЬ"	"0"	"489 944 900 000 000 000.0"
"Валовой внутренний продукт методом производства(Миллион тенге казахских)"	"Январь - Декабрь 2010 г. (кв.)"	"201012"	"МАНГИСТАУСКАЯ ОБЛАСТЬ"	"0"	"1 484 848 400 000 000 000.0"
"Валовой внутренний продукт методом производства(Миллион тенге казахских)"	"Январь - Декабрь 2014 г. (кв.)"	"201412"	"МАНГИСТАУСКАЯ ОБЛАСТЬ"	"0"	"2 418 214 600 000 000 000.0"
"Валовой внутренний продукт методом производства(Миллион тенге казахских)"	"Январь - Июнь 2013 г. (кв.)"	"201306"	"МАНГИСТАУСКАЯ ОБЛАСТЬ"	"0"	"905 833 300 000 000 000.0"
"Валовой внутренний продукт методом производства(Миллион тенге казахских)"	"Январь - Июнь 2015 г. (кв.)"	"201506"	"МАНГИСТАУСКАЯ ОБЛАСТЬ"	"0"	"945 182 200 000 000 000.0"
"Валовой внутренний продукт методом производства(Миллион тенге казахских)"	"Январь - Июнь 2018 г. (кв.)"	"201806"	"МАНГИСТАУСКАЯ ОБЛАСТЬ"	"0"	"1 443 866 400 000 000 000.0"
"Валовой внутренний продукт методом производства(Миллион тенге казахских)"	"Январь - Сентябрь 2016 г. (кв.)"	"201609"	"МАНГИСТАУСКАЯ ОБЛАСТЬ"	"0"	"1 724 096 400 000 000 000.0"
"Валовой внутренний продукт методом производства(Миллион тенге казахских)"	"Январь - Март 2014 г. (кв.)"	"201403"	"МАНГИСТАУСКАЯ ОБЛАСТЬ"	"0"	"528 113 100 000 000 000.0"
"Валовой внутренний продукт методом производства(Миллион тенге казахских)"	"Январь - Март 2015 г. (кв.)"	"201503"	"МАНГИСТАУСКАЯ ОБЛАСТЬ"	"0"	"447 771 100 000 000 000.0"
"Валовой внутренний продукт методом производства(Миллион тенге казахских)"	"Январь - Июнь 2016 г. (кв.)"	"201606"	"МАНГИСТАУСКАЯ ОБЛАСТЬ"	"0"	"1 034 463 900 000 000 000.0"
"Валовой внутренний продукт методом производства(Миллион тенге казахских)"	"Январь - Март 2018 г. (кв.)"	"201803"	"МАНГИСТАУСКАЯ ОБЛАСТЬ"	"0"	"659 369 300 000 000 000.0"
"Валовой внутренний продукт методом производства(Миллион тенге казахских)"	"Январь - Март 2020 г. (кв.)"	"202003"	"МАНГИСТАУСКАЯ ОБЛАСТЬ"	"0"	"693 352 800 000 000 000.0"
"Валовой внутренний продукт методом производства(Миллион тенге казахских)"	"Январь - Сентябрь 2020 г. (кв.)"	"202009"	"МАНГИСТАУСКАЯ ОБЛАСТЬ"	"0"	"2 171 221 400 000 000 000.0"
"Валовой внутренний продукт методом производства(Миллион тенге казахских)"	"Январь - Декабрь 2019 г. (кв.)"	"201912"	"МАНГИСТАУСКАЯ ОБЛАСТЬ"	"0"	"3 685 383 500 000 000 000.0"
"Валовой внутренний продукт методом производства(Миллион тенге казахских)"	"Январь - Декабрь 2016 г. (кв.)"	"201612"	"МАНГИСТАУСКАЯ ОБЛАСТЬ"	"0"	"2 463 408 100 000 000 000.0"
"Валовой внутренний продукт методом производства(Миллион тенге казахских)"	"Январь - Июнь 2020 г. (кв.)"	"202006"	"МАНГИСТАУСКАЯ ОБЛАСТЬ"	"0"	"1 382 530 900 000 000 000.0"
"Валовой внутренний продукт методом производства(Миллион тенге казахских)"	"Январь - Март 2010 г. (кв.)"	"201003"	"МАНГИСТАУСКАЯ ОБЛАСТЬ"	"0"	"275 419 300 000 000 000.0"
"Валовой внутренний продукт методом производства(Миллион тенге казахских)"	"Январь - Декабрь 2011 г. (кв.)"	"201112"	"МАНГИСТАУСКАЯ ОБЛАСТЬ"	"0"	"1 867 944 900 000 000 000.0"
"Валовой внутренний продукт методом производства(Миллион тенге казахских)"	"Январь - Декабрь 2020 г. (кв.)"	"202012"	"МАНГИСТАУСКАЯ ОБЛАСТЬ"	"0"	"3 074 392 900 000 000 000.0"
"Валовой внутренний продукт методом производства(Миллион тенге казахских)"	"Январь - Сентябрь 2017 г. (кв.)"	"201709"	"МАНГИСТАУСКАЯ ОБЛАСТЬ"	"0"	"1 862 517 000 000 000 000.0"
"Валовой внутренний продукт методом производства(Миллион тенге казахских)"	"Январь - Июнь 2014 г. (кв.)"	"201406"	"МАНГИСТАУСКАЯ ОБЛАСТЬ"	"0"	"1 022 139 200 000 000 000.0"
"Валовой внутренний продукт методом производства(Миллион тенге казахских)"	"Январь - Сентябрь 2019 г. (кв.)"	"201909"	"МАНГИСТАУСКАЯ ОБЛАСТЬ"	"0"	"2 369 837 800 000 000 000.0"
"Валовой внутренний продукт методом производства(Миллион тенге казахских)"	"Январь - Сентябрь 2013 г. (кв.)"	"201309"	"МАНГИСТАУСКАЯ ОБЛАСТЬ"	"0"	"1 502 219 400 000 000 000.0"
"Валовой внутренний продукт методом производства(Миллион тенге казахских)"	"Январь - Декабрь 2012 г. (кв.)"	"201212"	"МАНГИСТАУСКАЯ ОБЛАСТЬ"	"0"	"1 764 791 200 000 000 000.0"
"Валовой внутренний продукт методом производства(Миллион тенге казахских)"	"Январь - Декабрь 2018 г. (кв.)"	"201812"	"МАНГИСТАУСКАЯ ОБЛАСТЬ"	"0"	"3 803 063 300 000 000 000.0"
"Валовой внутренний продукт методом производства(Миллион тенге казахских)"	"Январь - Декабрь 2017 г. (кв.)"	"201712"	"МАНГИСТАУСКАЯ ОБЛАСТЬ"	"0"	"3 296 136 800 000 000 000.0"
"Валовой внутренний продукт методом производства(Миллион тенге казахских)"	"Январь - Июнь 2011 г. (кв.)"	"201106"	"МАНГИСТАУСКАЯ ОБЛАСТЬ"	"0"	"800 314 200 000 000 000.0"
"Валовой внутренний продукт методом производства(Миллион тенге казахских)"	"Январь - Июнь 2012 г. (кв.)"	"201206"	"МАНГИСТАУСКАЯ ОБЛАСТЬ"	"0"	"886 363 400 000 000 000.0"
"Валовой внутренний продукт методом производства(Миллион тенге казахских)"	"Январь - Сентябрь 2018 г. (кв.)"	"201809"	"МАНГИСТАУСКАЯ ОБЛАСТЬ"	"0"	"2 369 760 600 000 000 000.0"
"Валовой внутренний продукт методом производства(Миллион тенге казахских)"	"Январь - Июнь 2010 г. (кв.)"	"201006"	"МАНГИСТАУСКАЯ ОБЛАСТЬ"	"0"	"589 635 200 000 000 000.0"
"Валовой внутренний продукт методом производства(Миллион тенге казахских)"	"Январь - Сентябрь 2010 г. (кв.)"	"201009"	"МАНГИСТАУСКАЯ ОБЛАСТЬ"	"0"	"908 203 500 000 000 000.0"
"Валовой внутренний продукт методом производства(Миллион тенге казахских)"	"Январь - Сентябрь 2011 г. (кв.)"	"201109"	"МАНГИСТАУСКАЯ ОБЛАСТЬ"	"0"	"1 275 964 400 000 000 000.0"
"Валовой внутренний продукт методом производства(Миллион тенге казахских)"	"Январь - Декабрь 2015 г. (кв.)"	"201512"	"МАНГИСТАУСКАЯ ОБЛАСТЬ"	"0"	"2 123 785 500 000 000 000.0"
"Валовой внутренний продукт методом производства(Миллион тенге казахских)"	"Январь - Июнь 2019 г. (кв.)"	"201906"	"МАНГИСТАУСКАЯ ОБЛАСТЬ"	"0"	"1 456 817 900 000 000 000.0"
"Валовой внутренний продукт методом производства(Миллион тенге казахских)"	"Январь - Декабрь 2013 г. (кв.)"	"201312"	"МАНГИСТАУСКАЯ ОБЛАСТЬ"	"0"	"2 075 083 700 000 000 000.0"
"Валовой внутренний продукт методом производства(Миллион тенге казахских)"	"Январь - Сентябрь 2014 г. (кв.)"	"201409"	"МАНГИСТАУСКАЯ ОБЛАСТЬ"	"0"	"1 742 827 500 000 000 000.0"
"Валовой внутренний продукт методом производства(Миллион тенге казахских)"	"Январь - Март 2016 г. (кв.)"	"201603"	"МАНГИСТАУСКАЯ ОБЛАСТЬ"	"0"	"484 894 900 000 000 000.0"
"Валовой внутренний продукт методом производства(Миллион тенге казахских)"	"Январь - Март 2024 г. (кв.)"	"202403"	"МАНГИСТАУСКАЯ ОБЛАСТЬ"	"0"	"853 411 500 000 000 000.0"
"Валовой внутренний продукт методом производства(Миллион тенге казахских)"	"Январь - Сентябрь 2024 г. (кв.)"	"202409"	"МАНГИСТАУСКАЯ ОБЛАСТЬ"	"0"	"3 654 775 700 000 000 000.0"
"Валовой внутренний продукт методом производства(Миллион тенге казахских)"	"Январь - Июнь 2024 г. (кв.)"	"202406"	"МАНГИСТАУСКАЯ ОБЛАСТЬ"	"0"	"2 217 360 600 000 000 000.0"
"Валовой внутренний продукт методом производства(Миллион тенге казахских)"	"Январь - Декабрь 2022 г. (кв.)"	"202212"	"МАНГИСТАУСКАЯ ОБЛАСТЬ"	"0"	"4 401 192 900 000 000 000.0"
"Валовой внутренний продукт методом производства(Миллион тенге казахских)"	"Январь - Декабрь 2021 г. (кв.)"	"202112"	"МАНГИСТАУСКАЯ ОБЛАСТЬ"	"0"	"3 627 008 100 000 000 000.0"
"Валовой внутренний продукт методом производства(Миллион тенге казахских)"	"Январь - Сентябрь 2022 г. (кв.)"	"202209"	"МАНГИСТАУСКАЯ ОБЛАСТЬ"	"0"	"3 203 219 200 000 000 000.0"
"Валовой внутренний продукт методом производства(Миллион тенге казахских)"	"Январь - Сентябрь 2023 г. (кв.)"	"202309"	"МАНГИСТАУСКАЯ ОБЛАСТЬ"	"0"	"3 523 341 200 000 000 000.0"
"Валовой внутренний продукт методом производства(Миллион тенге казахских)"	"Январь - Март 2022 г. (кв.)"	"202203"	"МАНГИСТАУСКАЯ ОБЛАСТЬ"	"0"	"725 852 600 000 000 000.0"
"Валовой внутренний продукт методом производства(Миллион тенге казахских)"	"Январь - Июнь 2023 г. (кв.)"	"202306"	"МАНГИСТАУСКАЯ ОБЛАСТЬ"	"0"	"2 005 056 900 000 000 000.0"
"Валовой внутренний продукт методом производства(Миллион тенге казахских)"	"Январь - Март 2023 г. (кв.)"	"202303"	"МАНГИСТАУСКАЯ ОБЛАСТЬ"	"0"	"824 518 800 000 000 000.0"
"Валовой внутренний продукт методом производства(Миллион тенге казахских)"	"Январь - Март 2021 г. (кв.)"	"202103"	"МАНГИСТАУСКАЯ ОБЛАСТЬ"	"0"	"662 883 300 000 000 000.0"
"Валовой внутренний продукт методом производства(Миллион тенге казахских)"	"Январь - Сентябрь 2021 г. (кв.)"	"202109"	"МАНГИСТАУСКАЯ ОБЛАСТЬ"	"0"	"2 665 941 400 000 000 000.0"
"Валовой внутренний продукт методом производства(Миллион тенге казахских)"	"Январь - Июнь 2022 г. (кв.)"	"202206"	"МАНГИСТАУСКАЯ ОБЛАСТЬ"	"0"	"1 847 981 100 000 000 000.0"
"Валовой внутренний продукт методом производства(Миллион тенге казахских)"	"Январь - Декабрь 2023 г. (кв.)"	"202312"	"МАНГИСТАУСКАЯ ОБЛАСТЬ"	"0"	"4 798 701 000 000 000 000.0"
"Валовой внутренний продукт методом производства(Миллион тенге казахских)"	"Январь - Март 2025 г. (кв.)"	"202503"	"МАНГИСТАУСКАЯ ОБЛАСТЬ"	"0"	"1 025 644 000 000 000 000.0"
"Валовой внутренний продукт методом производства(Миллион тенге казахских)"	"Январь - Июнь 2021 г. (кв.)"	"202106"	"АТЫРАУСКАЯ ОБЛАСТЬ"	"0"	"4 595 657 200 000 000 000.0"
"Валовой внутренний продукт методом производства(Миллион тенге казахских)"	"Январь - Март 2011 г. (кв.)"	"201103"	"АТЫРАУСКАЯ ОБЛАСТЬ"	"0"	"780 110 400 000 000 000.0"
"Валовой внутренний продукт методом производства(Миллион тенге казахских)"	"Январь - Март 2019 г. (кв.)"	"201903"	"АТЫРАУСКАЯ ОБЛАСТЬ"	"0"	"2 053 690 100 000 000 000.0"
"Валовой внутренний продукт методом производства(Миллион тенге казахских)"	"Январь - Сентябрь 2012 г. (кв.)"	"201209"	"АТЫРАУСКАЯ ОБЛАСТЬ"	"0"	"2 576 736 400 000 000 000.0"
"Валовой внутренний продукт методом производства(Миллион тенге казахских)"	"Январь - Март 2012 г. (кв.)"	"201203"	"АТЫРАУСКАЯ ОБЛАСТЬ"	"0"	"838 675 500 000 000 000.0"
"Валовой внутренний продукт методом производства(Миллион тенге казахских)"	"Январь - Сентябрь 2015 г. (кв.)"	"201509"	"АТЫРАУСКАЯ ОБЛАСТЬ"	"0"	"2 807 142 900 000 000 000.0"
"Валовой внутренний продукт методом производства(Миллион тенге казахских)"	"Январь - Март 2017 г. (кв.)"	"201703"	"АТЫРАУСКАЯ ОБЛАСТЬ"	"0"	"1 335 255 000 000 000 000.0"
"Валовой внутренний продукт методом производства(Миллион тенге казахских)"	"Январь - Июнь 2017 г. (кв.)"	"201706"	"АТЫРАУСКАЯ ОБЛАСТЬ"	"0"	"2 721 029 200 000 000 000.0"
"Валовой внутренний продукт методом производства(Миллион тенге казахских)"	"Январь - Март 2013 г. (кв.)"	"201303"	"АТЫРАУСКАЯ ОБЛАСТЬ"	"0"	"954 822 300 000 000 000.0"
"Валовой внутренний продукт методом производства(Миллион тенге казахских)"	"Январь - Декабрь 2010 г. (кв.)"	"201012"	"АТЫРАУСКАЯ ОБЛАСТЬ"	"0"	"2 843 649 200 000 000 000.0"
"Валовой внутренний продукт методом производства(Миллион тенге казахских)"	"Январь - Декабрь 2014 г. (кв.)"	"201412"	"АТЫРАУСКАЯ ОБЛАСТЬ"	"0"	"4 340 623 000 000 000 000.0"
"Валовой внутренний продукт методом производства(Миллион тенге казахских)"	"Январь - Июнь 2013 г. (кв.)"	"201306"	"АТЫРАУСКАЯ ОБЛАСТЬ"	"0"	"1 987 027 400 000 000 000.0"
"Валовой внутренний продукт методом производства(Миллион тенге казахских)"	"Январь - Июнь 2015 г. (кв.)"	"201506"	"АТЫРАУСКАЯ ОБЛАСТЬ"	"0"	"1 973 957 500 000 000 000.0"
"Валовой внутренний продукт методом производства(Миллион тенге казахских)"	"Январь - Июнь 2018 г. (кв.)"	"201806"	"АТЫРАУСКАЯ ОБЛАСТЬ"	"0"	"3 505 001 200 000 000 000.0"
"Валовой внутренний продукт методом производства(Миллион тенге казахских)"	"Январь - Сентябрь 2016 г. (кв.)"	"201609"	"АТЫРАУСКАЯ ОБЛАСТЬ"	"0"	"3 315 052 300 000 000 000.0"
"Валовой внутренний продукт методом производства(Миллион тенге казахских)"	"Январь - Март 2014 г. (кв.)"	"201403"	"АТЫРАУСКАЯ ОБЛАСТЬ"	"0"	"1 088 733 400 000 000 000.0"
"Валовой внутренний продукт методом производства(Миллион тенге казахских)"	"Январь - Март 2015 г. (кв.)"	"201503"	"АТЫРАУСКАЯ ОБЛАСТЬ"	"0"	"1 040 284 200 000 000 000.0"
"Валовой внутренний продукт методом производства(Миллион тенге казахских)"	"Январь - Июнь 2016 г. (кв.)"	"201606"	"АТЫРАУСКАЯ ОБЛАСТЬ"	"0"	"2 382 381 700 000 000 000.0"
"Валовой внутренний продукт методом производства(Миллион тенге казахских)"	"Январь - Март 2018 г. (кв.)"	"201803"	"АТЫРАУСКАЯ ОБЛАСТЬ"	"0"	"1 646 200 400 000 000 000.0"
"Валовой внутренний продукт методом производства(Миллион тенге казахских)"	"Январь - Март 2020 г. (кв.)"	"202003"	"АТЫРАУСКАЯ ОБЛАСТЬ"	"0"	"2 280 152 400 000 000 000.0"
"Валовой внутренний продукт методом производства(Миллион тенге казахских)"	"Январь - Сентябрь 2020 г. (кв.)"	"202009"	"АТЫРАУСКАЯ ОБЛАСТЬ"	"0"	"5 150 107 200 000 000 000.0"
"Валовой внутренний продукт методом производства(Миллион тенге казахских)"	"Январь - Декабрь 2019 г. (кв.)"	"201912"	"АТЫРАУСКАЯ ОБЛАСТЬ"	"0"	"9 327 263 300 000 000 000.0"
"Валовой внутренний продукт методом производства(Миллион тенге казахских)"	"Январь - Декабрь 2016 г. (кв.)"	"201612"	"АТЫРАУСКАЯ ОБЛАСТЬ"	"0"	"5 200 673 200 000 000 000.0"
"Валовой внутренний продукт методом производства(Миллион тенге казахских)"	"Январь - Июнь 2020 г. (кв.)"	"202006"	"АТЫРАУСКАЯ ОБЛАСТЬ"	"0"	"3 930 229 500 000 000 000.0"
"Валовой внутренний продукт методом производства(Миллион тенге казахских)"	"Январь - Март 2010 г. (кв.)"	"201003"	"АТЫРАУСКАЯ ОБЛАСТЬ"	"0"	"546 821 700 000 000 000.0"
"Валовой внутренний продукт методом производства(Миллион тенге казахских)"	"Январь - Декабрь 2011 г. (кв.)"	"201112"	"АТЫРАУСКАЯ ОБЛАСТЬ"	"0"	"3 791 563 600 000 000 000.0"
"Валовой внутренний продукт методом производства(Миллион тенге казахских)"	"Январь - Декабрь 2020 г. (кв.)"	"202012"	"АТЫРАУСКАЯ ОБЛАСТЬ"	"0"	"7 738 259 200 000 000 000.0"
"Валовой внутренний продукт методом производства(Миллион тенге казахских)"	"Январь - Сентябрь 2017 г. (кв.)"	"201709"	"АТЫРАУСКАЯ ОБЛАСТЬ"	"0"	"3 842 121 100 000 000 000.0"
"Валовой внутренний продукт методом производства(Миллион тенге казахских)"	"Январь - Июнь 2014 г. (кв.)"	"201406"	"АТЫРАУСКАЯ ОБЛАСТЬ"	"0"	"2 239 196 900 000 000 000.0"
"Валовой внутренний продукт методом производства(Миллион тенге казахских)"	"Январь - Сентябрь 2019 г. (кв.)"	"201909"	"АТЫРАУСКАЯ ОБЛАСТЬ"	"0"	"5 758 093 600 000 000 000.0"
"Валовой внутренний продукт методом производства(Миллион тенге казахских)"	"Январь - Сентябрь 2013 г. (кв.)"	"201309"	"АТЫРАУСКАЯ ОБЛАСТЬ"	"0"	"2 879 526 000 000 000 000.0"
"Валовой внутренний продукт методом производства(Миллион тенге казахских)"	"Январь - Декабрь 2012 г. (кв.)"	"201212"	"АТЫРАУСКАЯ ОБЛАСТЬ"	"0"	"3 613 411 300 000 000 000.0"
"Валовой внутренний продукт методом производства(Миллион тенге казахских)"	"Январь - Декабрь 2018 г. (кв.)"	"201812"	"АТЫРАУСКАЯ ОБЛАСТЬ"	"0"	"7 818 812 100 000 000 000.0"
"Валовой внутренний продукт методом производства(Миллион тенге казахских)"	"Январь - Декабрь 2017 г. (кв.)"	"201712"	"АТЫРАУСКАЯ ОБЛАСТЬ"	"0"	"5 947 653 800 000 000 000.0"
"Валовой внутренний продукт методом производства(Миллион тенге казахских)"	"Январь - Июнь 2011 г. (кв.)"	"201106"	"АТЫРАУСКАЯ ОБЛАСТЬ"	"0"	"1 709 274 400 000 000 000.0"
"Валовой внутренний продукт методом производства(Миллион тенге казахских)"	"Январь - Июнь 2012 г. (кв.)"	"201206"	"АТЫРАУСКАЯ ОБЛАСТЬ"	"0"	"1 705 386 200 000 000 000.0"
"Валовой внутренний продукт методом производства(Миллион тенге казахских)"	"Январь - Сентябрь 2018 г. (кв.)"	"201809"	"АТЫРАУСКАЯ ОБЛАСТЬ"	"0"	"4 911 628 500 000 000 000.0"
"Валовой внутренний продукт методом производства(Миллион тенге казахских)"	"Январь - Июнь 2010 г. (кв.)"	"201006"	"АТЫРАУСКАЯ ОБЛАСТЬ"	"0"	"1 145 654 400 000 000 000.0"
"Валовой внутренний продукт методом производства(Миллион тенге казахских)"	"Январь - Сентябрь 2010 г. (кв.)"	"201009"	"АТЫРАУСКАЯ ОБЛАСТЬ"	"0"	"1 720 509 400 000 000 000.0"
"Валовой внутренний продукт методом производства(Миллион тенге казахских)"	"Январь - Сентябрь 2011 г. (кв.)"	"201109"	"АТЫРАУСКАЯ ОБЛАСТЬ"	"0"	"2 559 759 500 000 000 000.0"
"Валовой внутренний продукт методом производства(Миллион тенге казахских)"	"Январь - Декабрь 2015 г. (кв.)"	"201512"	"АТЫРАУСКАЯ ОБЛАСТЬ"	"0"	"4 216 773 500 000 000 000.0"
"Валовой внутренний продукт методом производства(Миллион тенге казахских)"	"Январь - Июнь 2019 г. (кв.)"	"201906"	"АТЫРАУСКАЯ ОБЛАСТЬ"	"0"	"4 222 959 100 000 000 000.0"
"Валовой внутренний продукт методом производства(Миллион тенге казахских)"	"Январь - Декабрь 2013 г. (кв.)"	"201312"	"АТЫРАУСКАЯ ОБЛАСТЬ"	"0"	"3 977 354 600 000 000 000.0"
"Валовой внутренний продукт методом производства(Миллион тенге казахских)"	"Январь - Сентябрь 2014 г. (кв.)"	"201409"	"АТЫРАУСКАЯ ОБЛАСТЬ"	"0"	"3 201 700 500 000 000 000.0"
"Валовой внутренний продукт методом производства(Миллион тенге казахских)"	"Январь - Март 2016 г. (кв.)"	"201603"	"АТЫРАУСКАЯ ОБЛАСТЬ"	"0"	"1 177 163 600 000 000 000.0"
"Валовой внутренний продукт методом производства(Миллион тенге казахских)"	"Январь - Март 2024 г. (кв.)"	"202403"	"АТЫРАУСКАЯ ОБЛАСТЬ"	"0"	"3 153 451 100 000 000 000.0"
"Валовой внутренний продукт методом производства(Миллион тенге казахских)"	"Январь - Сентябрь 2024 г. (кв.)"	"202409"	"АТЫРАУСКАЯ ОБЛАСТЬ"	"0"	"9 864 759 300 000 000 000.0"
"Валовой внутренний продукт методом производства(Миллион тенге казахских)"	"Январь - Июнь 2024 г. (кв.)"	"202406"	"АТЫРАУСКАЯ ОБЛАСТЬ"	"0"	"6 661 463 300 000 000 000.0"
"Валовой внутренний продукт методом производства(Миллион тенге казахских)"	"Январь - Декабрь 2022 г. (кв.)"	"202212"	"АТЫРАУСКАЯ ОБЛАСТЬ"	"0"	"13 725 399 800 000 000 000.0"
"Валовой внутренний продукт методом производства(Миллион тенге казахских)"	"Январь - Декабрь 2021 г. (кв.)"	"202112"	"АТЫРАУСКАЯ ОБЛАСТЬ"	"0"	"10 627 583 400 000 000 000.0"
"Валовой внутренний продукт методом производства(Миллион тенге казахских)"	"Январь - Сентябрь 2022 г. (кв.)"	"202209"	"АТЫРАУСКАЯ ОБЛАСТЬ"	"0"	"9 010 368 100 000 000 000.0"
"Валовой внутренний продукт методом производства(Миллион тенге казахских)"	"Январь - Сентябрь 2023 г. (кв.)"	"202309"	"АТЫРАУСКАЯ ОБЛАСТЬ"	"0"	"9 682 340 900 000 000 000.0"
"Валовой внутренний продукт методом производства(Миллион тенге казахских)"	"Январь - Март 2022 г. (кв.)"	"202203"	"АТЫРАУСКАЯ ОБЛАСТЬ"	"0"	"3 135 771 500 000 000 000.0"
"Валовой внутренний продукт методом производства(Миллион тенге казахских)"	"Январь - Июнь 2023 г. (кв.)"	"202306"	"АТЫРАУСКАЯ ОБЛАСТЬ"	"0"	"6 655 539 900 000 000 000.0"
"Валовой внутренний продукт методом производства(Миллион тенге казахских)"	"Январь - Март 2023 г. (кв.)"	"202303"	"АТЫРАУСКАЯ ОБЛАСТЬ"	"0"	"3 329 920 800 000 000 000.0"
"Валовой внутренний продукт методом производства(Миллион тенге казахских)"	"Январь - Март 2021 г. (кв.)"	"202103"	"АТЫРАУСКАЯ ОБЛАСТЬ"	"0"	"2 330 715 500 000 000 000.0"
"Валовой внутренний продукт методом производства(Миллион тенге казахских)"	"Январь - Сентябрь 2021 г. (кв.)"	"202109"	"АТЫРАУСКАЯ ОБЛАСТЬ"	"0"	"6 497 760 400 000 000 000.0"
"Валовой внутренний продукт методом производства(Миллион тенге казахских)"	"Январь - Июнь 2022 г. (кв.)"	"202206"	"АТЫРАУСКАЯ ОБЛАСТЬ"	"0"	"6 340 310 900 000 000 000.0"
"Валовой внутренний продукт методом производства(Миллион тенге казахских)"	"Январь - Декабрь 2023 г. (кв.)"	"202312"	"АТЫРАУСКАЯ ОБЛАСТЬ"	"0"	"15 237 721 600 000 000 000.0"
"Валовой внутренний продукт методом производства(Миллион тенге казахских)"	"Январь - Март 2025 г. (кв.)"	"202503"	"АТЫРАУСКАЯ ОБЛАСТЬ"	"0"	"3 353 161 700 000 000 000.0"
"Валовой внутренний продукт методом производства(Миллион тенге казахских)"	"Январь - Июнь 2021 г. (кв.)"	"202106"	"Г.АСТАНА"	"0"	"3 210 908 600 000 000 000.0"
"Валовой внутренний продукт методом производства(Миллион тенге казахских)"	"Январь - Март 2011 г. (кв.)"	"201103"	"Г.АСТАНА"	"0"	"424 197 800 000 000 000.0"
"Валовой внутренний продукт методом производства(Миллион тенге казахских)"	"Январь - Март 2019 г. (кв.)"	"201903"	"Г.АСТАНА"	"0"	"1 209 885 400 000 000 000.0"
"Валовой внутренний продукт методом производства(Миллион тенге казахских)"	"Январь - Сентябрь 2012 г. (кв.)"	"201209"	"Г.АСТАНА"	"0"	"1 805 379 800 000 000 000.0"
"Валовой внутренний продукт методом производства(Миллион тенге казахских)"	"Январь - Март 2012 г. (кв.)"	"201203"	"Г.АСТАНА"	"0"	"521 793 500 000 000 000.0"
"Валовой внутренний продукт методом производства(Миллион тенге казахских)"	"Январь - Сентябрь 2015 г. (кв.)"	"201509"	"Г.АСТАНА"	"0"	"2 894 148 900 000 000 000.0"
"Валовой внутренний продукт методом производства(Миллион тенге казахских)"	"Январь - Март 2017 г. (кв.)"	"201703"	"Г.АСТАНА"	"0"	"1 173 536 400 000 000 000.0"
"Валовой внутренний продукт методом производства(Миллион тенге казахских)"	"Январь - Июнь 2017 г. (кв.)"	"201706"	"Г.АСТАНА"	"0"	"2 318 844 200 000 000 000.0"
"Валовой внутренний продукт методом производства(Миллион тенге казахских)"	"Январь - Март 2013 г. (кв.)"	"201303"	"Г.АСТАНА"	"0"	"612 639 700 000 000 000.0"
"Валовой внутренний продукт методом производства(Миллион тенге казахских)"	"Январь - Декабрь 2010 г. (кв.)"	"201012"	"Г.АСТАНА"	"0"	"1 774 185 200 000 000 000.0"
"Валовой внутренний продукт методом производства(Миллион тенге казахских)"	"Январь - Декабрь 2014 г. (кв.)"	"201412"	"Г.АСТАНА"	"0"	"4 019 602 800 000 000 000.0"
"Валовой внутренний продукт методом производства(Миллион тенге казахских)"	"Январь - Июнь 2013 г. (кв.)"	"201306"	"Г.АСТАНА"	"0"	"1 336 297 900 000 000 000.0"
"Валовой внутренний продукт методом производства(Миллион тенге казахских)"	"Январь - Июнь 2015 г. (кв.)"	"201506"	"Г.АСТАНА"	"0"	"1 808 521 500 000 000 000.0"
"Валовой внутренний продукт методом производства(Миллион тенге казахских)"	"Январь - Июнь 2018 г. (кв.)"	"201806"	"Г.АСТАНА"	"0"	"2 477 489 200 000 000 000.0"
"Валовой внутренний продукт методом производства(Миллион тенге казахских)"	"Январь - Сентябрь 2016 г. (кв.)"	"201609"	"Г.АСТАНА"	"0"	"3 469 089 700 000 000 000.0"
"Валовой внутренний продукт методом производства(Миллион тенге казахских)"	"Январь - Март 2014 г. (кв.)"	"201403"	"Г.АСТАНА"	"0"	"679 550 000 000 000 000.0"
"Валовой внутренний продукт методом производства(Миллион тенге казахских)"	"Январь - Март 2015 г. (кв.)"	"201503"	"Г.АСТАНА"	"0"	"818 210 700 000 000 000.0"
"Валовой внутренний продукт методом производства(Миллион тенге казахских)"	"Январь - Июнь 2016 г. (кв.)"	"201606"	"Г.АСТАНА"	"0"	"2 148 833 100 000 000 000.0"
"Валовой внутренний продукт методом производства(Миллион тенге казахских)"	"Январь - Март 2018 г. (кв.)"	"201803"	"Г.АСТАНА"	"0"	"1 178 896 100 000 000 000.0"
"Валовой внутренний продукт методом производства(Миллион тенге казахских)"	"Январь - Март 2020 г. (кв.)"	"202003"	"Г.АСТАНА"	"0"	"1 597 916 600 000 000 000.0"
"Валовой внутренний продукт методом производства(Миллион тенге казахских)"	"Январь - Сентябрь 2020 г. (кв.)"	"202009"	"Г.АСТАНА"	"0"	"5 001 215 000 000 000 000.0"
"Валовой внутренний продукт методом производства(Миллион тенге казахских)"	"Январь - Декабрь 2019 г. (кв.)"	"201912"	"Г.АСТАНА"	"0"	"7 834 828 500 000 000 000.0"
"Валовой внутренний продукт методом производства(Миллион тенге казахских)"	"Январь - Декабрь 2016 г. (кв.)"	"201612"	"Г.АСТАНА"	"0"	"4 865 315 400 000 000 000.0"
"Валовой внутренний продукт методом производства(Миллион тенге казахских)"	"Январь - Июнь 2020 г. (кв.)"	"202006"	"Г.АСТАНА"	"0"	"3 031 461 300 000 000 000.0"
"Валовой внутренний продукт методом производства(Миллион тенге казахских)"	"Январь - Март 2010 г. (кв.)"	"201003"	"Г.АСТАНА"	"0"	"331 151 800 000 000 000.0"
"Валовой внутренний продукт методом производства(Миллион тенге казахских)"	"Январь - Декабрь 2011 г. (кв.)"	"201112"	"Г.АСТАНА"	"0"	"2 145 877 800 000 000 000.0"
"Валовой внутренний продукт методом производства(Миллион тенге казахских)"	"Январь - Декабрь 2020 г. (кв.)"	"202012"	"Г.АСТАНА"	"0"	"7 975 283 100 000 000 000.0"
"Валовой внутренний продукт методом производства(Миллион тенге казахских)"	"Январь - Сентябрь 2017 г. (кв.)"	"201709"	"Г.АСТАНА"	"0"	"3 879 979 300 000 000 000.0"
"Валовой внутренний продукт методом производства(Миллион тенге казахских)"	"Январь - Июнь 2014 г. (кв.)"	"201406"	"Г.АСТАНА"	"0"	"1 599 902 000 000 000 000.0"
"Валовой внутренний продукт методом производства(Миллион тенге казахских)"	"Январь - Сентябрь 2019 г. (кв.)"	"201909"	"Г.АСТАНА"	"0"	"4 564 991 600 000 000 000.0"
"Валовой внутренний продукт методом производства(Миллион тенге казахских)"	"Январь - Сентябрь 2013 г. (кв.)"	"201309"	"Г.АСТАНА"	"0"	"2 178 005 200 000 000 000.0"
"Валовой внутренний продукт методом производства(Миллион тенге казахских)"	"Январь - Декабрь 2012 г. (кв.)"	"201212"	"Г.АСТАНА"	"0"	"2 646 374 700 000 000 000.0"
"Валовой внутренний продукт методом производства(Миллион тенге казахских)"	"Январь - Декабрь 2018 г. (кв.)"	"201812"	"Г.АСТАНА"	"0"	"6 705 993 300 000 000 000.0"
"Валовой внутренний продукт методом производства(Миллион тенге казахских)"	"Январь - Декабрь 2017 г. (кв.)"	"201712"	"Г.АСТАНА"	"0"	"5 775 621 100 000 000 000.0"
"Валовой внутренний продукт методом производства(Миллион тенге казахских)"	"Январь - Июнь 2011 г. (кв.)"	"201106"	"Г.АСТАНА"	"0"	"894 189 300 000 000 000.0"
"Валовой внутренний продукт методом производства(Миллион тенге казахских)"	"Январь - Июнь 2012 г. (кв.)"	"201206"	"Г.АСТАНА"	"0"	"1 119 852 000 000 000 000.0"
"Валовой внутренний продукт методом производства(Миллион тенге казахских)"	"Январь - Сентябрь 2018 г. (кв.)"	"201809"	"Г.АСТАНА"	"0"	"3 975 760 200 000 000 000.0"
"Валовой внутренний продукт методом производства(Миллион тенге казахских)"	"Январь - Июнь 2010 г. (кв.)"	"201006"	"Г.АСТАНА"	"0"	"717 222 200 000 000 000.0"
"Валовой внутренний продукт методом производства(Миллион тенге казахских)"	"Январь - Сентябрь 2010 г. (кв.)"	"201009"	"Г.АСТАНА"	"0"	"1 166 902 000 000 000 000.0"
"Валовой внутренний продукт методом производства(Миллион тенге казахских)"	"Январь - Сентябрь 2011 г. (кв.)"	"201109"	"Г.АСТАНА"	"0"	"1 497 118 800 000 000 000.0"
"Валовой внутренний продукт методом производства(Миллион тенге казахских)"	"Январь - Декабрь 2015 г. (кв.)"	"201512"	"Г.АСТАНА"	"0"	"4 809 636 500 000 000 000.0"
"Валовой внутренний продукт методом производства(Миллион тенге казахских)"	"Январь - Июнь 2019 г. (кв.)"	"201906"	"Г.АСТАНА"	"0"	"2 735 366 100 000 000 000.0"
"Валовой внутренний продукт методом производства(Миллион тенге казахских)"	"Январь - Декабрь 2013 г. (кв.)"	"201312"	"Г.АСТАНА"	"0"	"3 483 325 100 000 000 000.0"
"Валовой внутренний продукт методом производства(Миллион тенге казахских)"	"Январь - Сентябрь 2014 г. (кв.)"	"201409"	"Г.АСТАНА"	"0"	"2 560 812 300 000 000 000.0"
"Валовой внутренний продукт методом производства(Миллион тенге казахских)"	"Январь - Март 2016 г. (кв.)"	"201603"	"Г.АСТАНА"	"0"	"1 012 993 600 000 000 000.0"
"Валовой внутренний продукт методом производства(Миллион тенге казахских)"	"Январь - Март 2024 г. (кв.)"	"202403"	"Г.АСТАНА"	"0"	"2 647 542 000 000 000 000.0"
"Валовой внутренний продукт методом производства(Миллион тенге казахских)"	"Январь - Сентябрь 2024 г. (кв.)"	"202409"	"Г.АСТАНА"	"0"	"9 201 576 500 000 000 000.0"
"Валовой внутренний продукт методом производства(Миллион тенге казахских)"	"Январь - Июнь 2024 г. (кв.)"	"202406"	"Г.АСТАНА"	"0"	"5 454 843 900 000 000 000.0"
"Валовой внутренний продукт методом производства(Миллион тенге казахских)"	"Январь - Декабрь 2022 г. (кв.)"	"202212"	"Г.АСТАНА"	"0"	"10 672 480 500 000 000 000.0"
"Валовой внутренний продукт методом производства(Миллион тенге казахских)"	"Январь - Декабрь 2021 г. (кв.)"	"202112"	"Г.АСТАНА"	"0"	"8 923 711 800 000 000 000.0"
"Валовой внутренний продукт методом производства(Миллион тенге казахских)"	"Январь - Сентябрь 2022 г. (кв.)"	"202209"	"Г.АСТАНА"	"0"	"6 147 586 400 000 000 000.0"
"Валовой внутренний продукт методом производства(Миллион тенге казахских)"	"Январь - Сентябрь 2023 г. (кв.)"	"202309"	"Г.АСТАНА"	"0"	"7 840 605 400 000 000 000.0"
"Валовой внутренний продукт методом производства(Миллион тенге казахских)"	"Январь - Март 2022 г. (кв.)"	"202203"	"Г.АСТАНА"	"0"	"1 912 042 000 000 000 000.0"
"Валовой внутренний продукт методом производства(Миллион тенге казахских)"	"Январь - Июнь 2023 г. (кв.)"	"202306"	"Г.АСТАНА"	"0"	"4 753 433 200 000 000 000.0"
"Валовой внутренний продукт методом производства(Миллион тенге казахских)"	"Январь - Март 2023 г. (кв.)"	"202303"	"Г.АСТАНА"	"0"	"2 425 853 800 000 000 000.0"
"Валовой внутренний продукт методом производства(Миллион тенге казахских)"	"Январь - Март 2021 г. (кв.)"	"202103"	"Г.АСТАНА"	"0"	"1 612 654 900 000 000 000.0"
"Валовой внутренний продукт методом производства(Миллион тенге казахских)"	"Январь - Сентябрь 2021 г. (кв.)"	"202109"	"Г.АСТАНА"	"0"	"5 240 918 100 000 000 000.0"
"Валовой внутренний продукт методом производства(Миллион тенге казахских)"	"Январь - Июнь 2022 г. (кв.)"	"202206"	"Г.АСТАНА"	"0"	"3 599 986 900 000 000 000.0"
"Валовой внутренний продукт методом производства(Миллион тенге казахских)"	"Январь - Декабрь 2023 г. (кв.)"	"202312"	"Г.АСТАНА"	"0"	"12 960 836 000 000 000 000.0"
"Валовой внутренний продукт методом производства(Миллион тенге казахских)"	"Январь - Март 2025 г. (кв.)"	"202503"	"Г.АСТАНА"	"0"	"3 501 070 300 000 000 000.0"
"Валовой внутренний продукт методом производства(Миллион тенге казахских)"	"Январь - Июнь 2021 г. (кв.)"	"202106"	"Г.АЛМАТЫ"	"0"	"5 846 438 200 000 000 000.0"
"Валовой внутренний продукт методом производства(Миллион тенге казахских)"	"Январь - Март 2011 г. (кв.)"	"201103"	"Г.АЛМАТЫ"	"0"	"902 872 700 000 000 000.0"
"Валовой внутренний продукт методом производства(Миллион тенге казахских)"	"Январь - Март 2019 г. (кв.)"	"201903"	"Г.АЛМАТЫ"	"0"	"2 716 537 500 000 000 000.0"
"Валовой внутренний продукт методом производства(Миллион тенге казахских)"	"Январь - Сентябрь 2012 г. (кв.)"	"201209"	"Г.АЛМАТЫ"	"0"	"3 692 681 000 000 000 000.0"
"Валовой внутренний продукт методом производства(Миллион тенге казахских)"	"Январь - Март 2012 г. (кв.)"	"201203"	"Г.АЛМАТЫ"	"0"	"1 124 218 500 000 000 000.0"
"Валовой внутренний продукт методом производства(Миллион тенге казахских)"	"Январь - Сентябрь 2015 г. (кв.)"	"201509"	"Г.АЛМАТЫ"	"0"	"5 560 351 300 000 000 000.0"
"Валовой внутренний продукт методом производства(Миллион тенге казахских)"	"Январь - Март 2017 г. (кв.)"	"201703"	"Г.АЛМАТЫ"	"0"	"2 147 846 000 000 000 000.0"
"Валовой внутренний продукт методом производства(Миллион тенге казахских)"	"Январь - Июнь 2017 г. (кв.)"	"201706"	"Г.АЛМАТЫ"	"0"	"4 370 942 600 000 000 000.0"
"Валовой внутренний продукт методом производства(Миллион тенге казахских)"	"Январь - Март 2013 г. (кв.)"	"201303"	"Г.АЛМАТЫ"	"0"	"1 224 510 200 000 000 000.0"
"Валовой внутренний продукт методом производства(Миллион тенге казахских)"	"Январь - Декабрь 2010 г. (кв.)"	"201012"	"Г.АЛМАТЫ"	"0"	"3 923 412 600 000 000 000.0"
"Валовой внутренний продукт методом производства(Миллион тенге казахских)"	"Январь - Декабрь 2014 г. (кв.)"	"201412"	"Г.АЛМАТЫ"	"0"	"8 143 570 200 000 000 000.0"
"Валовой внутренний продукт методом производства(Миллион тенге казахских)"	"Январь - Июнь 2013 г. (кв.)"	"201306"	"Г.АЛМАТЫ"	"0"	"2 585 337 100 000 000 000.0"
"Валовой внутренний продукт методом производства(Миллион тенге казахских)"	"Январь - Июнь 2015 г. (кв.)"	"201506"	"Г.АЛМАТЫ"	"0"	"3 344 725 000 000 000 000.0"
"Валовой внутренний продукт методом производства(Миллион тенге казахских)"	"Январь - Июнь 2018 г. (кв.)"	"201806"	"Г.АЛМАТЫ"	"0"	"4 800 179 700 000 000 000.0"
"Валовой внутренний продукт методом производства(Миллион тенге казахских)"	"Январь - Сентябрь 2016 г. (кв.)"	"201609"	"Г.АЛМАТЫ"	"0"	"6 349 229 700 000 000 000.0"
"Валовой внутренний продукт методом производства(Миллион тенге казахских)"	"Январь - Март 2014 г. (кв.)"	"201403"	"Г.АЛМАТЫ"	"0"	"1 450 987 100 000 000 000.0"
"Валовой внутренний продукт методом производства(Миллион тенге казахских)"	"Январь - Март 2015 г. (кв.)"	"201503"	"Г.АЛМАТЫ"	"0"	"1 695 558 400 000 000 000.0"
"Валовой внутренний продукт методом производства(Миллион тенге казахских)"	"Январь - Июнь 2016 г. (кв.)"	"201606"	"Г.АЛМАТЫ"	"0"	"3 959 892 200 000 000 000.0"
"Валовой внутренний продукт методом производства(Миллион тенге казахских)"	"Январь - Март 2018 г. (кв.)"	"201803"	"Г.АЛМАТЫ"	"0"	"2 396 132 200 000 000 000.0"
"Валовой внутренний продукт методом производства(Миллион тенге казахских)"	"Январь - Март 2020 г. (кв.)"	"202003"	"Г.АЛМАТЫ"	"0"	"2 970 930 200 000 000 000.0"
"Валовой внутренний продукт методом производства(Миллион тенге казахских)"	"Январь - Сентябрь 2020 г. (кв.)"	"202009"	"Г.АЛМАТЫ"	"0"	"8 505 517 700 000 000 000.0"
"Валовой внутренний продукт методом производства(Миллион тенге казахских)"	"Январь - Декабрь 2019 г. (кв.)"	"201912"	"Г.АЛМАТЫ"	"0"	"13 546 958 400 000 000 000.0"
"Валовой внутренний продукт методом производства(Миллион тенге казахских)"	"Январь - Декабрь 2016 г. (кв.)"	"201612"	"Г.АЛМАТЫ"	"0"	"10 601 347 800 000 000 000.0"
"Валовой внутренний продукт методом производства(Миллион тенге казахских)"	"Январь - Июнь 2020 г. (кв.)"	"202006"	"Г.АЛМАТЫ"	"0"	"5 285 804 700 000 000 000.0"
"Валовой внутренний продукт методом производства(Миллион тенге казахских)"	"Январь - Март 2010 г. (кв.)"	"201003"	"Г.АЛМАТЫ"	"0"	"775 004 400 000 000 000.0"
"Валовой внутренний продукт методом производства(Миллион тенге казахских)"	"Январь - Декабрь 2011 г. (кв.)"	"201112"	"Г.АЛМАТЫ"	"0"	"4 860 213 900 000 000 000.0"
"Валовой внутренний продукт методом производства(Миллион тенге казахских)"	"Январь - Декабрь 2020 г. (кв.)"	"202012"	"Г.АЛМАТЫ"	"0"	"13 459 802 600 000 000 000.0"
"Валовой внутренний продукт методом производства(Миллион тенге казахских)"	"Январь - Сентябрь 2017 г. (кв.)"	"201709"	"Г.АЛМАТЫ"	"0"	"7 094 359 600 000 000 000.0"
"Валовой внутренний продукт методом производства(Миллион тенге казахских)"	"Январь - Июнь 2014 г. (кв.)"	"201406"	"Г.АЛМАТЫ"	"0"	"2 850 739 300 000 000 000.0"
"Валовой внутренний продукт методом производства(Миллион тенге казахских)"	"Январь - Сентябрь 2019 г. (кв.)"	"201909"	"Г.АЛМАТЫ"	"0"	"8 210 007 800 000 000 000.0"
"Валовой внутренний продукт методом производства(Миллион тенге казахских)"	"Январь - Сентябрь 2013 г. (кв.)"	"201309"	"Г.АЛМАТЫ"	"0"	"4 239 081 700 000 000 000.0"
"Валовой внутренний продукт методом производства(Миллион тенге казахских)"	"Январь - Декабрь 2012 г. (кв.)"	"201212"	"Г.АЛМАТЫ"	"0"	"5 715 879 200 000 000 000.0"
"Валовой внутренний продукт методом производства(Миллион тенге казахских)"	"Январь - Декабрь 2018 г. (кв.)"	"201812"	"Г.АЛМАТЫ"	"0"	"12 132 649 700 000 000 000.0"
"Валовой внутренний продукт методом производства(Миллион тенге казахских)"	"Январь - Декабрь 2017 г. (кв.)"	"201712"	"Г.АЛМАТЫ"	"0"	"11 893 225 900 000 000 000.0"
"Валовой внутренний продукт методом производства(Миллион тенге казахских)"	"Январь - Июнь 2011 г. (кв.)"	"201106"	"Г.АЛМАТЫ"	"0"	"1 861 314 200 000 000 000.0"
"Валовой внутренний продукт методом производства(Миллион тенге казахских)"	"Январь - Июнь 2012 г. (кв.)"	"201206"	"Г.АЛМАТЫ"	"0"	"2 302 386 700 000 000 000.0"
"Валовой внутренний продукт методом производства(Миллион тенге казахских)"	"Январь - Сентябрь 2018 г. (кв.)"	"201809"	"Г.АЛМАТЫ"	"0"	"7 533 927 100 000 000 000.0"
"Валовой внутренний продукт методом производства(Миллион тенге казахских)"	"Январь - Июнь 2010 г. (кв.)"	"201006"	"Г.АЛМАТЫ"	"0"	"1 560 103 200 000 000 000.0"
"Валовой внутренний продукт методом производства(Миллион тенге казахских)"	"Январь - Сентябрь 2010 г. (кв.)"	"201009"	"Г.АЛМАТЫ"	"0"	"2 505 178 500 000 000 000.0"
"Валовой внутренний продукт методом производства(Миллион тенге казахских)"	"Январь - Сентябрь 2011 г. (кв.)"	"201109"	"Г.АЛМАТЫ"	"0"	"3 092 029 600 000 000 000.0"
"Валовой внутренний продукт методом производства(Миллион тенге казахских)"	"Январь - Декабрь 2015 г. (кв.)"	"201512"	"Г.АЛМАТЫ"	"0"	"9 100 006 000 000 000 000.0"
"Валовой внутренний продукт методом производства(Миллион тенге казахских)"	"Январь - Июнь 2019 г. (кв.)"	"201906"	"Г.АЛМАТЫ"	"0"	"5 358 749 400 000 000 000.0"
"Валовой внутренний продукт методом производства(Миллион тенге казахских)"	"Январь - Декабрь 2013 г. (кв.)"	"201312"	"Г.АЛМАТЫ"	"0"	"7 127 916 400 000 000 000.0"
"Валовой внутренний продукт методом производства(Миллион тенге казахских)"	"Январь - Сентябрь 2014 г. (кв.)"	"201409"	"Г.АЛМАТЫ"	"0"	"5 035 458 500 000 000 000.0"
"Валовой внутренний продукт методом производства(Миллион тенге казахских)"	"Январь - Март 2016 г. (кв.)"	"201603"	"Г.АЛМАТЫ"	"0"	"1 935 695 600 000 000 000.0"
"Валовой внутренний продукт методом производства(Миллион тенге казахских)"	"Январь - Март 2024 г. (кв.)"	"202403"	"Г.АЛМАТЫ"	"0"	"5 321 676 000 000 000 000.0"
"Валовой внутренний продукт методом производства(Миллион тенге казахских)"	"Январь - Сентябрь 2024 г. (кв.)"	"202409"	"Г.АЛМАТЫ"	"0"	"16 429 880 300 000 000 000.0"
"Валовой внутренний продукт методом производства(Миллион тенге казахских)"	"Январь - Июнь 2024 г. (кв.)"	"202406"	"Г.АЛМАТЫ"	"0"	"10 651 833 500 000 000 000.0"
"Валовой внутренний продукт методом производства(Миллион тенге казахских)"	"Январь - Декабрь 2022 г. (кв.)"	"202212"	"Г.АЛМАТЫ"	"0"	"19 154 536 700 000 000 000.0"
"Валовой внутренний продукт методом производства(Миллион тенге казахских)"	"Январь - Декабрь 2021 г. (кв.)"	"202112"	"Г.АЛМАТЫ"	"0"	"15 000 060 400 000 000 000.0"
"Валовой внутренний продукт методом производства(Миллион тенге казахских)"	"Январь - Сентябрь 2022 г. (кв.)"	"202209"	"Г.АЛМАТЫ"	"0"	"11 341 232 400 000 000 000.0"
"Валовой внутренний продукт методом производства(Миллион тенге казахских)"	"Январь - Сентябрь 2023 г. (кв.)"	"202309"	"Г.АЛМАТЫ"	"0"	"14 591 960 100 000 000 000.0"
"Валовой внутренний продукт методом производства(Миллион тенге казахских)"	"Январь - Март 2022 г. (кв.)"	"202203"	"Г.АЛМАТЫ"	"0"	"3 606 001 100 000 000 000.0"
"Валовой внутренний продукт методом производства(Миллион тенге казахских)"	"Январь - Июнь 2023 г. (кв.)"	"202306"	"Г.АЛМАТЫ"	"0"	"9 489 062 900 000 000 000.0"
"Валовой внутренний продукт методом производства(Миллион тенге казахских)"	"Январь - Март 2023 г. (кв.)"	"202303"	"Г.АЛМАТЫ"	"0"	"4 775 468 600 000 000 000.0"
"Валовой внутренний продукт методом производства(Миллион тенге казахских)"	"Январь - Март 2021 г. (кв.)"	"202103"	"Г.АЛМАТЫ"	"0"	"3 000 426 500 000 000 000.0"
"Валовой внутренний продукт методом производства(Миллион тенге казахских)"	"Январь - Сентябрь 2021 г. (кв.)"	"202109"	"Г.АЛМАТЫ"	"0"	"9 520 278 200 000 000 000.0"
"Валовой внутренний продукт методом производства(Миллион тенге казахских)"	"Январь - Июнь 2022 г. (кв.)"	"202206"	"Г.АЛМАТЫ"	"0"	"6 898 367 400 000 000 000.0"
"Валовой внутренний продукт методом производства(Миллион тенге казахских)"	"Январь - Декабрь 2023 г. (кв.)"	"202312"	"Г.АЛМАТЫ"	"0"	"25 229 706 800 000 000 000.0"
"Валовой внутренний продукт методом производства(Миллион тенге казахских)"	"Январь - Март 2025 г. (кв.)"	"202503"	"Г.АЛМАТЫ"	"0"	"6 956 333 000 000 000 000.0"
"Валовой внутренний продукт методом производства(Миллион тенге казахских)"	"Январь - Июнь 2021 г. (кв.)"	"202106"	"РЕСПУБЛИКА КАЗАХСТАН"	"0"	"32 265 436 500 000 000 000.0"
"Валовой внутренний продукт методом производства(Миллион тенге казахских)"	"Январь - Март 2011 г. (кв.)"	"201103"	"РЕСПУБЛИКА КАЗАХСТАН"	"0"	"5 240 223 500 000 000 000.0"
"Валовой внутренний продукт методом производства(Миллион тенге казахских)"	"Январь - Март 2019 г. (кв.)"	"201903"	"РЕСПУБЛИКА КАЗАХСТАН"	"0"	"13 180 857 200 000 000 000.0"
"Валовой внутренний продукт методом производства(Миллион тенге казахских)"	"Январь - Сентябрь 2012 г. (кв.)"	"201209"	"РЕСПУБЛИКА КАЗАХСТАН"	"0"	"20 848 732 600 000 000 000.0"
"Валовой внутренний продукт методом производства(Миллион тенге казахских)"	"Январь - Март 2012 г. (кв.)"	"201203"	"РЕСПУБЛИКА КАЗАХСТАН"	"0"	"6 097 729 900 000 000 000.0"
"Валовой внутренний продукт методом производства(Миллион тенге казахских)"	"Январь - Сентябрь 2015 г. (кв.)"	"201509"	"РЕСПУБЛИКА КАЗАХСТАН"	"0"	"27 436 536 700 000 000 000.0"
"Валовой внутренний продукт методом производства(Миллион тенге казахских)"	"Январь - Март 2017 г. (кв.)"	"201703"	"РЕСПУБЛИКА КАЗАХСТАН"	"0"	"10 431 358 000 000 000 000.0"
"Валовой внутренний продукт методом производства(Миллион тенге казахских)"	"Январь - Июнь 2017 г. (кв.)"	"201706"	"РЕСПУБЛИКА КАЗАХСТАН"	"0"	"21 546 269 700 000 000 000.0"
"Валовой внутренний продукт методом производства(Миллион тенге казахских)"	"Январь - Март 2013 г. (кв.)"	"201303"	"РЕСПУБЛИКА КАЗАХСТАН"	"0"	"6 966 935 000 000 000 000.0"
"Валовой внутренний продукт методом производства(Миллион тенге казахских)"	"Январь - Декабрь 2010 г. (кв.)"	"201012"	"РЕСПУБЛИКА КАЗАХСТАН"	"0"	"21 815 517 000 000 000 000.0"
"Валовой внутренний продукт методом производства(Миллион тенге казахских)"	"Январь - Декабрь 2014 г. (кв.)"	"201412"	"РЕСПУБЛИКА КАЗАХСТАН"	"0"	"39 675 832 900 000 000 000.0"
"Валовой внутренний продукт методом производства(Миллион тенге казахских)"	"Январь - Июнь 2013 г. (кв.)"	"201306"	"РЕСПУБЛИКА КАЗАХСТАН"	"0"	"14 499 992 200 000 000 000.0"
"Валовой внутренний продукт методом производства(Миллион тенге казахских)"	"Январь - Июнь 2015 г. (кв.)"	"201506"	"РЕСПУБЛИКА КАЗАХСТАН"	"0"	"16 804 418 100 000 000 000.0"
"Валовой внутренний продукт методом производства(Миллион тенге казахских)"	"Январь - Июнь 2018 г. (кв.)"	"201806"	"РЕСПУБЛИКА КАЗАХСТАН"	"0"	"24 857 119 200 000 000 000.0"
"Валовой внутренний продукт методом производства(Миллион тенге казахских)"	"Январь - Сентябрь 2016 г. (кв.)"	"201609"	"РЕСПУБЛИКА КАЗАХСТАН"	"0"	"31 355 126 100 000 000 000.0"
"Валовой внутренний продукт методом производства(Миллион тенге казахских)"	"Январь - Март 2014 г. (кв.)"	"201403"	"РЕСПУБЛИКА КАЗАХСТАН"	"0"	"7 933 827 500 000 000 000.0"
"Валовой внутренний продукт методом производства(Миллион тенге казахских)"	"Январь - Март 2015 г. (кв.)"	"201503"	"РЕСПУБЛИКА КАЗАХСТАН"	"0"	"8 267 517 700 000 000 000.0"
"Валовой внутренний продукт методом производства(Миллион тенге казахских)"	"Январь - Июнь 2016 г. (кв.)"	"201606"	"РЕСПУБЛИКА КАЗАХСТАН"	"0"	"19 357 056 900 000 000 000.0"
"Валовой внутренний продукт методом производства(Миллион тенге казахских)"	"Январь - Март 2018 г. (кв.)"	"201803"	"РЕСПУБЛИКА КАЗАХСТАН"	"0"	"11 786 166 700 000 000 000.0"
"Валовой внутренний продукт методом производства(Миллион тенге казахских)"	"Январь - Март 2020 г. (кв.)"	"202003"	"РЕСПУБЛИКА КАЗАХСТАН"	"0"	"15 093 342 400 000 000 000.0"
"Валовой внутренний продукт методом производства(Миллион тенге казахских)"	"Январь - Сентябрь 2020 г. (кв.)"	"202009"	"РЕСПУБЛИКА КАЗАХСТАН"	"0"	"45 803 255 200 000 000 000.0"
"Валовой внутренний продукт методом производства(Миллион тенге казахских)"	"Январь - Декабрь 2019 г. (кв.)"	"201912"	"РЕСПУБЛИКА КАЗАХСТАН"	"0"	"69 532 626 500 000 000 000.0"
"Валовой внутренний продукт методом производства(Миллион тенге казахских)"	"Январь - Декабрь 2016 г. (кв.)"	"201612"	"РЕСПУБЛИКА КАЗАХСТАН"	"0"	"46 971 150 000 000 000 000.0"
"Валовой внутренний продукт методом производства(Миллион тенге казахских)"	"Январь - Июнь 2020 г. (кв.)"	"202006"	"РЕСПУБЛИКА КАЗАХСТАН"	"0"	"28 399 592 700 000 000 000.0"
"Валовой внутренний продукт методом производства(Миллион тенге казахских)"	"Январь - Март 2010 г. (кв.)"	"201003"	"РЕСПУБЛИКА КАЗАХСТАН"	"0"	"4 020 878 400 000 000 000.0"
"Валовой внутренний продукт методом производства(Миллион тенге казахских)"	"Январь - Декабрь 2011 г. (кв.)"	"201112"	"РЕСПУБЛИКА КАЗАХСТАН"	"0"	"28 243 052 700 000 000 000.0"
"Валовой внутренний продукт методом производства(Миллион тенге казахских)"	"Январь - Декабрь 2020 г. (кв.)"	"202012"	"РЕСПУБЛИКА КАЗАХСТАН"	"0"	"70 649 033 200 000 000 000.0"
"Валовой внутренний продукт методом производства(Миллион тенге казахских)"	"Январь - Сентябрь 2017 г. (кв.)"	"201709"	"РЕСПУБЛИКА КАЗАХСТАН"	"0"	"35 142 065 200 000 000 000.0"
"Валовой внутренний продукт методом производства(Миллион тенге казахских)"	"Январь - Июнь 2014 г. (кв.)"	"201406"	"РЕСПУБЛИКА КАЗАХСТАН"	"0"	"16 482 952 200 000 000 000.0"
"Валовой внутренний продукт методом производства(Миллион тенге казахских)"	"Январь - Сентябрь 2019 г. (кв.)"	"201909"	"РЕСПУБЛИКА КАЗАХСТАН"	"0"	"44 297 912 100 000 000 000.0"
"Валовой внутренний продукт методом производства(Миллион тенге казахских)"	"Январь - Сентябрь 2013 г. (кв.)"	"201309"	"РЕСПУБЛИКА КАЗАХСТАН"	"0"	"23 767 993 400 000 000 000.0"
"Валовой внутренний продукт методом производства(Миллион тенге казахских)"	"Январь - Декабрь 2012 г. (кв.)"	"201212"	"РЕСПУБЛИКА КАЗАХСТАН"	"0"	"31 015 186 600 000 000 000.0"
"Валовой внутренний продукт методом производства(Миллион тенге казахских)"	"Январь - Декабрь 2018 г. (кв.)"	"201812"	"РЕСПУБЛИКА КАЗАХСТАН"	"0"	"61 819 536 400 000 000 000.0"
"Валовой внутренний продукт методом производства(Миллион тенге казахских)"	"Январь - Декабрь 2017 г. (кв.)"	"201712"	"РЕСПУБЛИКА КАЗАХСТАН"	"0"	"54 378 857 800 000 000 000.0"
"Валовой внутренний продукт методом производства(Миллион тенге казахских)"	"Январь - Июнь 2011 г. (кв.)"	"201106"	"РЕСПУБЛИКА КАЗАХСТАН"	"0"	"11 240 030 900 000 000 000.0"
"Валовой внутренний продукт методом производства(Миллион тенге казахских)"	"Январь - Июнь 2012 г. (кв.)"	"201206"	"РЕСПУБЛИКА КАЗАХСТАН"	"0"	"12 849 001 600 000 000 000.0"
"Валовой внутренний продукт методом производства(Миллион тенге казахских)"	"Январь - Сентябрь 2018 г. (кв.)"	"201809"	"РЕСПУБЛИКА КАЗАХСТАН"	"0"	"39 767 105 700 000 000 000.0"
"Валовой внутренний продукт методом производства(Миллион тенге казахских)"	"Январь - Июнь 2010 г. (кв.)"	"201006"	"РЕСПУБЛИКА КАЗАХСТАН"	"0"	"8 712 143 851 205 140 000.0"
"Валовой внутренний продукт методом производства(Миллион тенге казахских)"	"Январь - Сентябрь 2010 г. (кв.)"	"201009"	"РЕСПУБЛИКА КАЗАХСТАН"	"0"	"14 135 228 100 000 000 000.0"
"Валовой внутренний продукт методом производства(Миллион тенге казахских)"	"Январь - Сентябрь 2011 г. (кв.)"	"201109"	"РЕСПУБЛИКА КАЗАХСТАН"	"0"	"18 664 939 500 000 000 000.0"
"Валовой внутренний продукт методом производства(Миллион тенге казахских)"	"Январь - Декабрь 2015 г. (кв.)"	"201512"	"РЕСПУБЛИКА КАЗАХСТАН"	"0"	"40 884 133 600 000 000 000.0"
"Валовой внутренний продукт методом производства(Миллион тенге казахских)"	"Январь - Июнь 2019 г. (кв.)"	"201906"	"РЕСПУБЛИКА КАЗАХСТАН"	"0"	"27 908 618 100 000 000 000.0"
"Валовой внутренний продукт методом производства(Миллион тенге казахских)"	"Январь - Декабрь 2013 г. (кв.)"	"201312"	"РЕСПУБЛИКА КАЗАХСТАН"	"0"	"35 999 025 100 000 000 000.0"
"Валовой внутренний продукт методом производства(Миллион тенге казахских)"	"Январь - Сентябрь 2014 г. (кв.)"	"201409"	"РЕСПУБЛИКА КАЗАХСТАН"	"0"	"27 040 987 300 000 000 000.0"
"Валовой внутренний продукт методом производства(Миллион тенге казахских)"	"Январь - Март 2016 г. (кв.)"	"201603"	"РЕСПУБЛИКА КАЗАХСТАН"	"0"	"9 309 090 900 000 000 000.0"
"Валовой внутренний продукт методом производства(Миллион тенге казахских)"	"Январь - Март 2024 г. (кв.)"	"202403"	"РЕСПУБЛИКА КАЗАХСТАН"	"0"	"26 023 903 800 000 000 000.0"
"Валовой внутренний продукт методом производства(Миллион тенге казахских)"	"Январь - Сентябрь 2024 г. (кв.)"	"202409"	"РЕСПУБЛИКА КАЗАХСТАН"	"0"	"84 962 626 100 000 000 000.0"
"Валовой внутренний продукт методом производства(Миллион тенге казахских)"	"Январь - Июнь 2024 г. (кв.)"	"202406"	"РЕСПУБЛИКА КАЗАХСТАН"	"0"	"52 342 740 300 000 000 000.0"
"Валовой внутренний продукт методом производства(Миллион тенге казахских)"	"Январь - Декабрь 2022 г. (кв.)"	"202212"	"РЕСПУБЛИКА КАЗАХСТАН"	"0"	"103 765 518 200 000 000 000.0"
"Валовой внутренний продукт методом производства(Миллион тенге казахских)"	"Январь - Декабрь 2021 г. (кв.)"	"202112"	"РЕСПУБЛИКА КАЗАХСТАН"	"0"	"83 951 587 900 000 000 000.0"
"Валовой внутренний продукт методом производства(Миллион тенге казахских)"	"Январь - Сентябрь 2022 г. (кв.)"	"202209"	"РЕСПУБЛИКА КАЗАХСТАН"	"0"	"65 487 797 900 000 000 000.0"
"Валовой внутренний продукт методом производства(Миллион тенге казахских)"	"Январь - Сентябрь 2023 г. (кв.)"	"202309"	"РЕСПУБЛИКА КАЗАХСТАН"	"0"	"75 546 820 300 000 000 000.0"
"Валовой внутренний продукт методом производства(Миллион тенге казахских)"	"Январь - Март 2022 г. (кв.)"	"202203"	"РЕСПУБЛИКА КАЗАХСТАН"	"0"	"19 695 592 800 000 000 000.0"
"Валовой внутренний продукт методом производства(Миллион тенге казахских)"	"Январь - Июнь 2023 г. (кв.)"	"202306"	"РЕСПУБЛИКА КАЗАХСТАН"	"0"	"47 244 671 500 000 000 000.0"
"Валовой внутренний продукт методом производства(Миллион тенге казахских)"	"Январь - Март 2023 г. (кв.)"	"202303"	"РЕСПУБЛИКА КАЗАХСТАН"	"0"	"23 582 637 000 000 000 000.0"
"Валовой внутренний продукт методом производства(Миллион тенге казахских)"	"Январь - Март 2021 г. (кв.)"	"202103"	"РЕСПУБЛИКА КАЗАХСТАН"	"0"	"15 938 671 500 000 000 000.0"
"Валовой внутренний продукт методом производства(Миллион тенге казахских)"	"Январь - Сентябрь 2021 г. (кв.)"	"202109"	"РЕСПУБЛИКА КАЗАХСТАН"	"0"	"53 029 365 700 000 000 000.0"
"Валовой внутренний продукт методом производства(Миллион тенге казахских)"	"Январь - Июнь 2022 г. (кв.)"	"202206"	"РЕСПУБЛИКА КАЗАХСТАН"	"0"	"40 034 332 600 000 000 000.0"
"Валовой внутренний продукт методом производства(Миллион тенге казахских)"	"Январь - Декабрь 2023 г. (кв.)"	"202312"	"РЕСПУБЛИКА КАЗАХСТАН"	"0"	"119 442 289 700 000 000 000.0"
"Валовой внутренний продукт методом производства(Миллион тенге казахских)"	"Январь - Июнь 2025 г. (кв.)"	"202506"	"РЕСПУБЛИКА КАЗАХСТАН"	"0"	"61 361 256 300 000 000 000.0"
"Валовой внутренний продукт методом производства(Миллион тенге казахских)"	"Январь - Март 2025 г. (кв.)"	"202503"	"РЕСПУБЛИКА КАЗАХСТАН"	"0"	"30 467 333 700 000 000 000.0"
"Валовой внутренний продукт методом производства(Миллион тенге казахских)"	"Январь - Июнь 2021 г. (кв.)"	"202106"	"Г.ШЫМКЕНТ"	"0"	"1 019 999 000 000 000 000.0"
"Валовой внутренний продукт методом производства(Миллион тенге казахских)"	"Январь - Март 2019 г. (кв.)"	"201903"	"Г.ШЫМКЕНТ"	"0"	"470 901 100 000 000 000.0"
"Валовой внутренний продукт методом производства(Миллион тенге казахских)"	"Январь - Июнь 2018 г. (кв.)"	"201806"	"Г.ШЫМКЕНТ"	"0"	"860 683 800 000 000 000.0"
"Валовой внутренний продукт методом производства(Миллион тенге казахских)"	"Январь - Март 2020 г. (кв.)"	"202003"	"Г.ШЫМКЕНТ"	"0"	"470 991 300 000 000 000.0"
"Валовой внутренний продукт методом производства(Миллион тенге казахских)"	"Январь - Сентябрь 2020 г. (кв.)"	"202009"	"Г.ШЫМКЕНТ"	"0"	"1 510 632 800 000 000 000.0"
"Валовой внутренний продукт методом производства(Миллион тенге казахских)"	"Январь - Декабрь 2019 г. (кв.)"	"201912"	"Г.ШЫМКЕНТ"	"0"	"2 202 956 700 000 000 000.0"
"Валовой внутренний продукт методом производства(Миллион тенге казахских)"	"Январь - Июнь 2020 г. (кв.)"	"202006"	"Г.ШЫМКЕНТ"	"0"	"916 700 600 000 000 000.0"
"Валовой внутренний продукт методом производства(Миллион тенге казахских)"	"Январь - Декабрь 2020 г. (кв.)"	"202012"	"Г.ШЫМКЕНТ"	"0"	"2 493 240 900 000 000 000.0"
"Валовой внутренний продукт методом производства(Миллион тенге казахских)"	"Январь - Сентябрь 2019 г. (кв.)"	"201909"	"Г.ШЫМКЕНТ"	"0"	"1 467 476 600 000 000 000.0"
"Валовой внутренний продукт методом производства(Миллион тенге казахских)"	"Январь - Декабрь 2018 г. (кв.)"	"201812"	"Г.ШЫМКЕНТ"	"0"	"2 174 125 400 000 000 000.0"
"Валовой внутренний продукт методом производства(Миллион тенге казахских)"	"Январь - Сентябрь 2018 г. (кв.)"	"201809"	"Г.ШЫМКЕНТ"	"0"	"1 341 356 100 000 000 000.0"
"Валовой внутренний продукт методом производства(Миллион тенге казахских)"	"Январь - Июнь 2019 г. (кв.)"	"201906"	"Г.ШЫМКЕНТ"	"0"	"947 627 300 000 000 000.0"
"Валовой внутренний продукт методом производства(Миллион тенге казахских)"	"Январь - Март 2024 г. (кв.)"	"202403"	"Г.ШЫМКЕНТ"	"0"	"872 589 600 000 000 000.0"
"Валовой внутренний продукт методом производства(Миллион тенге казахских)"	"Январь - Сентябрь 2024 г. (кв.)"	"202409"	"Г.ШЫМКЕНТ"	"0"	"2 923 322 000 000 000 000.0"
"Валовой внутренний продукт методом производства(Миллион тенге казахских)"	"Январь - Июнь 2024 г. (кв.)"	"202406"	"Г.ШЫМКЕНТ"	"0"	"1 812 102 600 000 000 000.0"
"Валовой внутренний продукт методом производства(Миллион тенге казахских)"	"Январь - Декабрь 2022 г. (кв.)"	"202212"	"Г.ШЫМКЕНТ"	"0"	"3 294 392 300 000 000 000.0"
"Валовой внутренний продукт методом производства(Миллион тенге казахских)"	"Январь - Декабрь 2021 г. (кв.)"	"202112"	"Г.ШЫМКЕНТ"	"0"	"2 671 521 800 000 000 000.0"
"Валовой внутренний продукт методом производства(Миллион тенге казахских)"	"Январь - Сентябрь 2022 г. (кв.)"	"202209"	"Г.ШЫМКЕНТ"	"0"	"2 109 215 300 000 000 000.0"
"Валовой внутренний продукт методом производства(Миллион тенге казахских)"	"Январь - Сентябрь 2023 г. (кв.)"	"202309"	"Г.ШЫМКЕНТ"	"0"	"2 445 675 100 000 000 000.0"
"Валовой внутренний продукт методом производства(Миллион тенге казахских)"	"Январь - Март 2022 г. (кв.)"	"202203"	"Г.ШЫМКЕНТ"	"0"	"611 019 000 000 000 000.0"
"Валовой внутренний продукт методом производства(Миллион тенге казахских)"	"Январь - Июнь 2023 г. (кв.)"	"202306"	"Г.ШЫМКЕНТ"	"0"	"1 522 002 700 000 000 000.0"
"Валовой внутренний продукт методом производства(Миллион тенге казахских)"	"Январь - Март 2023 г. (кв.)"	"202303"	"Г.ШЫМКЕНТ"	"0"	"700 152 100 000 000 000.0"
"Валовой внутренний продукт методом производства(Миллион тенге казахских)"	"Январь - Март 2021 г. (кв.)"	"202103"	"Г.ШЫМКЕНТ"	"0"	"511 136 700 000 000 000.0"
"Валовой внутренний продукт методом производства(Миллион тенге казахских)"	"Январь - Сентябрь 2021 г. (кв.)"	"202109"	"Г.ШЫМКЕНТ"	"0"	"1 651 815 000 000 000 000.0"
"Валовой внутренний продукт методом производства(Миллион тенге казахских)"	"Январь - Июнь 2022 г. (кв.)"	"202206"	"Г.ШЫМКЕНТ"	"0"	"1 241 783 700 000 000 000.0"
"Валовой внутренний продукт методом производства(Миллион тенге казахских)"	"Январь - Декабрь 2023 г. (кв.)"	"202312"	"Г.ШЫМКЕНТ"	"0"	"4 079 764 700 000 000 000.0"
"Валовой внутренний продукт методом производства(Миллион тенге казахских)"	"Январь - Март 2025 г. (кв.)"	"202503"	"Г.ШЫМКЕНТ"	"0"	"1 048 329 700 000 000 000.0"
"Валовой внутренний продукт методом производства(Миллион тенге казахских)"	"Январь - Июнь 2021 г. (кв.)"	"202106"	"ТУРКЕСТАНСКАЯ ОБЛАСТЬ"	"0"	"932 699 300 000 000 000.0"
"Валовой внутренний продукт методом производства(Миллион тенге казахских)"	"Январь - Март 2019 г. (кв.)"	"201903"	"ТУРКЕСТАНСКАЯ ОБЛАСТЬ"	"0"	"372 881 000 000 000 000.0"
"Валовой внутренний продукт методом производства(Миллион тенге казахских)"	"Январь - Июнь 2018 г. (кв.)"	"201806"	"ТУРКЕСТАНСКАЯ ОБЛАСТЬ"	"0"	"591 180 300 000 000 000.0"
"Валовой внутренний продукт методом производства(Миллион тенге казахских)"	"Январь - Март 2020 г. (кв.)"	"202003"	"ТУРКЕСТАНСКАЯ ОБЛАСТЬ"	"0"	"451 985 200 000 000 000.0"
"Валовой внутренний продукт методом производства(Миллион тенге казахских)"	"Январь - Сентябрь 2020 г. (кв.)"	"202009"	"ТУРКЕСТАНСКАЯ ОБЛАСТЬ"	"0"	"1 478 030 200 000 000 000.0"
"Валовой внутренний продукт методом производства(Миллион тенге казахских)"	"Январь - Декабрь 2019 г. (кв.)"	"201912"	"ТУРКЕСТАНСКАЯ ОБЛАСТЬ"	"0"	"2 016 120 700 000 000 000.0"
"Валовой внутренний продукт методом производства(Миллион тенге казахских)"	"Январь - Июнь 2020 г. (кв.)"	"202006"	"ТУРКЕСТАНСКАЯ ОБЛАСТЬ"	"0"	"770 209 000 000 000 000.0"
"Валовой внутренний продукт методом производства(Миллион тенге казахских)"	"Январь - Декабрь 2020 г. (кв.)"	"202012"	"ТУРКЕСТАНСКАЯ ОБЛАСТЬ"	"0"	"2 384 159 300 000 000 000.0"
"Валовой внутренний продукт методом производства(Миллион тенге казахских)"	"Январь - Сентябрь 2019 г. (кв.)"	"201909"	"ТУРКЕСТАНСКАЯ ОБЛАСТЬ"	"0"	"1 255 254 600 000 000 000.0"
"Валовой внутренний продукт методом производства(Миллион тенге казахских)"	"Январь - Декабрь 2018 г. (кв.)"	"201812"	"ТУРКЕСТАНСКАЯ ОБЛАСТЬ"	"0"	"1 659 958 800 000 000 000.0"
"Валовой внутренний продукт методом производства(Миллион тенге казахских)"	"Январь - Сентябрь 2018 г. (кв.)"	"201809"	"ТУРКЕСТАНСКАЯ ОБЛАСТЬ"	"0"	"1 103 888 100 000 000 000.0"
"Валовой внутренний продукт методом производства(Миллион тенге казахских)"	"Январь - Июнь 2019 г. (кв.)"	"201906"	"ТУРКЕСТАНСКАЯ ОБЛАСТЬ"	"0"	"717 996 500 000 000 000.0"
"Валовой внутренний продукт методом производства(Миллион тенге казахских)"	"Январь - Март 2024 г. (кв.)"	"202403"	"ТУРКЕСТАНСКАЯ ОБЛАСТЬ"	"0"	"927 563 600 000 000 000.0"
"Валовой внутренний продукт методом производства(Миллион тенге казахских)"	"Январь - Сентябрь 2024 г. (кв.)"	"202409"	"ТУРКЕСТАНСКАЯ ОБЛАСТЬ"	"0"	"3 162 813 700 000 000 000.0"
"Валовой внутренний продукт методом производства(Миллион тенге казахских)"	"Январь - Июнь 2024 г. (кв.)"	"202406"	"ТУРКЕСТАНСКАЯ ОБЛАСТЬ"	"0"	"1 757 351 200 000 000 000.0"
"Валовой внутренний продукт методом производства(Миллион тенге казахских)"	"Январь - Декабрь 2022 г. (кв.)"	"202212"	"ТУРКЕСТАНСКАЯ ОБЛАСТЬ"	"0"	"3 517 281 100 000 000 000.0"
"Валовой внутренний продукт методом производства(Миллион тенге казахских)"	"Январь - Декабрь 2021 г. (кв.)"	"202112"	"ТУРКЕСТАНСКАЯ ОБЛАСТЬ"	"0"	"2 808 045 600 000 000 000.0"
"Валовой внутренний продукт методом производства(Миллион тенге казахских)"	"Январь - Сентябрь 2022 г. (кв.)"	"202209"	"ТУРКЕСТАНСКАЯ ОБЛАСТЬ"	"0"	"2 236 818 900 000 000 000.0"
"Валовой внутренний продукт методом производства(Миллион тенге казахских)"	"Январь - Сентябрь 2023 г. (кв.)"	"202309"	"ТУРКЕСТАНСКАЯ ОБЛАСТЬ"	"0"	"2 699 012 000 000 000 000.0"
"Валовой внутренний продукт методом производства(Миллион тенге казахских)"	"Январь - Март 2022 г. (кв.)"	"202203"	"ТУРКЕСТАНСКАЯ ОБЛАСТЬ"	"0"	"656 582 400 000 000 000.0"
"Валовой внутренний продукт методом производства(Миллион тенге казахских)"	"Январь - Июнь 2023 г. (кв.)"	"202306"	"ТУРКЕСТАНСКАЯ ОБЛАСТЬ"	"0"	"1 510 391 500 000 000 000.0"
"Валовой внутренний продукт методом производства(Миллион тенге казахских)"	"Январь - Март 2023 г. (кв.)"	"202303"	"ТУРКЕСТАНСКАЯ ОБЛАСТЬ"	"0"	"785 350 700 000 000 000.0"
"Валовой внутренний продукт методом производства(Миллион тенге казахских)"	"Январь - Март 2021 г. (кв.)"	"202103"	"ТУРКЕСТАНСКАЯ ОБЛАСТЬ"	"0"	"552 137 600 000 000 000.0"
"Валовой внутренний продукт методом производства(Миллион тенге казахских)"	"Январь - Сентябрь 2021 г. (кв.)"	"202109"	"ТУРКЕСТАНСКАЯ ОБЛАСТЬ"	"0"	"1 858 817 800 000 000 000.0"
"Валовой внутренний продукт методом производства(Миллион тенге казахских)"	"Январь - Июнь 2022 г. (кв.)"	"202206"	"ТУРКЕСТАНСКАЯ ОБЛАСТЬ"	"0"	"1 172 374 700 000 000 000.0"
"Валовой внутренний продукт методом производства(Миллион тенге казахских)"	"Январь - Декабрь 2023 г. (кв.)"	"202312"	"ТУРКЕСТАНСКАЯ ОБЛАСТЬ"	"0"	"3 831 527 600 000 000 000.0"
"Валовой внутренний продукт методом производства(Миллион тенге казахских)"	"Январь - Март 2025 г. (кв.)"	"202503"	"ТУРКЕСТАНСКАЯ ОБЛАСТЬ"	"0"	"1 053 912 600 000 000 000.0"
"Валовой внутренний продукт методом производства(Миллион тенге казахских)"	"Январь - Март 2024 г. (кв.)"	"202403"	"ОБЛАСТЬ ҰЛЫТАУ"	"0"	"430 328 300 000 000 000.0"
"Валовой внутренний продукт методом производства(Миллион тенге казахских)"	"Январь - Сентябрь 2024 г. (кв.)"	"202409"	"ОБЛАСТЬ ҰЛЫТАУ"	"0"	"1 361 367 800 000 000 000.0"
"Валовой внутренний продукт методом производства(Миллион тенге казахских)"	"Январь - Июнь 2024 г. (кв.)"	"202406"	"ОБЛАСТЬ ҰЛЫТАУ"	"0"	"798 910 200 000 000 000.0"
"Валовой внутренний продукт методом производства(Миллион тенге казахских)"	"Январь - Декабрь 2022 г. (кв.)"	"202212"	"ОБЛАСТЬ ҰЛЫТАУ"	"0"	"1 609 739 800 000 000 000.0"
"Валовой внутренний продукт методом производства(Миллион тенге казахских)"	"Январь - Сентябрь 2022 г. (кв.)"	"202209"	"ОБЛАСТЬ ҰЛЫТАУ"	"0"	"1 169 718 500 000 000 000.0"
"Валовой внутренний продукт методом производства(Миллион тенге казахских)"	"Январь - Сентябрь 2023 г. (кв.)"	"202309"	"ОБЛАСТЬ ҰЛЫТАУ"	"0"	"1 226 557 700 000 000 000.0"
"Валовой внутренний продукт методом производства(Миллион тенге казахских)"	"Январь - Июнь 2023 г. (кв.)"	"202306"	"ОБЛАСТЬ ҰЛЫТАУ"	"0"	"749 432 900 000 000 000.0"
"Валовой внутренний продукт методом производства(Миллион тенге казахских)"	"Январь - Март 2023 г. (кв.)"	"202303"	"ОБЛАСТЬ ҰЛЫТАУ"	"0"	"413 954 700 000 000 000.0"
"Валовой внутренний продукт методом производства(Миллион тенге казахских)"	"Январь - Июнь 2022 г. (кв.)"	"202206"	"ОБЛАСТЬ ҰЛЫТАУ"	"0"	"669 207 500 000 000 000.0"
"Валовой внутренний продукт методом производства(Миллион тенге казахских)"	"Январь - Декабрь 2023 г. (кв.)"	"202312"	"ОБЛАСТЬ ҰЛЫТАУ"	"0"	"1 969 727 300 000 000 000.0"
"Валовой внутренний продукт методом производства(Миллион тенге казахских)"	"Январь - Март 2025 г. (кв.)"	"202503"	"ОБЛАСТЬ ҰЛЫТАУ"	"0"	"512 018 900 000 000 000.0"
"Валовой внутренний продукт методом производства(Миллион тенге казахских)"	"Январь - Март 2024 г. (кв.)"	"202403"	"ОБЛАСТЬ ЖЕТІСУ"	"0"	"392 798 700 000 000 000.0"
"Валовой внутренний продукт методом производства(Миллион тенге казахских)"	"Январь - Сентябрь 2024 г. (кв.)"	"202409"	"ОБЛАСТЬ ЖЕТІСУ"	"0"	"1 402 035 300 000 000 000.0"
"Валовой внутренний продукт методом производства(Миллион тенге казахских)"	"Январь - Июнь 2024 г. (кв.)"	"202406"	"ОБЛАСТЬ ЖЕТІСУ"	"0"	"781 003 400 000 000 000.0"
"Валовой внутренний продукт методом производства(Миллион тенге казахских)"	"Январь - Декабрь 2022 г. (кв.)"	"202212"	"ОБЛАСТЬ ЖЕТІСУ"	"0"	"1 426 882 200 000 000 000.0"
"Валовой внутренний продукт методом производства(Миллион тенге казахских)"	"Январь - Сентябрь 2022 г. (кв.)"	"202209"	"ОБЛАСТЬ ЖЕТІСУ"	"0"	"913 944 400 000 000 000.0"
"Валовой внутренний продукт методом производства(Миллион тенге казахских)"	"Январь - Сентябрь 2023 г. (кв.)"	"202309"	"ОБЛАСТЬ ЖЕТІСУ"	"0"	"1 207 954 800 000 000 000.0"
"Валовой внутренний продукт методом производства(Миллион тенге казахских)"	"Январь - Июнь 2023 г. (кв.)"	"202306"	"ОБЛАСТЬ ЖЕТІСУ"	"0"	"695 511 500 000 000 000.0"
"Валовой внутренний продукт методом производства(Миллион тенге казахских)"	"Январь - Март 2023 г. (кв.)"	"202303"	"ОБЛАСТЬ ЖЕТІСУ"	"0"	"314 821 300 000 000 000.0"
"Валовой внутренний продукт методом производства(Миллион тенге казахских)"	"Январь - Июнь 2022 г. (кв.)"	"202206"	"ОБЛАСТЬ ЖЕТІСУ"	"0"	"510 313 200 000 000 000.0"
"Валовой внутренний продукт методом производства(Миллион тенге казахских)"	"Январь - Декабрь 2023 г. (кв.)"	"202312"	"ОБЛАСТЬ ЖЕТІСУ"	"0"	"1 809 417 600 000 000 000.0"
"Валовой внутренний продукт методом производства(Миллион тенге казахских)"	"Январь - Март 2025 г. (кв.)"	"202503"	"ОБЛАСТЬ ЖЕТІСУ"	"0"	"458 825 400 000 000 000.0"
"Валовой внутренний продукт методом производства(Миллион тенге казахских)"	"Январь - Март 2024 г. (кв.)"	"202403"	"ОБЛАСТЬ АБАЙ"	"0"	"713 428 800 000 000 000.0"
"Валовой внутренний продукт методом производства(Миллион тенге казахских)"	"Январь - Сентябрь 2024 г. (кв.)"	"202409"	"ОБЛАСТЬ АБАЙ"	"0"	"2 228 186 300 000 000 000.0"
"Валовой внутренний продукт методом производства(Миллион тенге казахских)"	"Январь - Июнь 2024 г. (кв.)"	"202406"	"ОБЛАСТЬ АБАЙ"	"0"	"1 299 791 400 000 000 000.0"
"Валовой внутренний продукт методом производства(Миллион тенге казахских)"	"Январь - Декабрь 2022 г. (кв.)"	"202212"	"ОБЛАСТЬ АБАЙ"	"0"	"2 383 753 400 000 000 000.0"
"Валовой внутренний продукт методом производства(Миллион тенге казахских)"	"Январь - Сентябрь 2022 г. (кв.)"	"202209"	"ОБЛАСТЬ АБАЙ"	"0"	"1 448 281 800 000 000 000.0"
"Валовой внутренний продукт методом производства(Миллион тенге казахских)"	"Январь - Сентябрь 2023 г. (кв.)"	"202309"	"ОБЛАСТЬ АБАЙ"	"0"	"1 931 427 800 000 000 000.0"
"Валовой внутренний продукт методом производства(Миллион тенге казахских)"	"Январь - Июнь 2023 г. (кв.)"	"202306"	"ОБЛАСТЬ АБАЙ"	"0"	"1 154 813 100 000 000 000.0"
"Валовой внутренний продукт методом производства(Миллион тенге казахских)"	"Январь - Март 2023 г. (кв.)"	"202303"	"ОБЛАСТЬ АБАЙ"	"0"	"568 022 100 000 000 000.0"
"Валовой внутренний продукт методом производства(Миллион тенге казахских)"	"Январь - Июнь 2022 г. (кв.)"	"202206"	"ОБЛАСТЬ АБАЙ"	"0"	"871 120 800 000 000 000.0"
"Валовой внутренний продукт методом производства(Миллион тенге казахских)"	"Январь - Декабрь 2023 г. (кв.)"	"202312"	"ОБЛАСТЬ АБАЙ"	"0"	"2 626 326 700 000 000 000.0"
"Валовой внутренний продукт методом производства(Миллион тенге казахских)"	"Январь - Март 2025 г. (кв.)"	"202503"	"ОБЛАСТЬ АБАЙ"	"0"	"730 722 700 000 000 000.0"
