"NAM"	"DAT"	"PERIOD"	"КАТО(по отчету)"	"LКАТО(по отчету)"	"СПВД(по каталогу)"	"LСПВД(по каталогу)"	"СВСР"	"LСВСР"	"ГКОФ"	"LГКОФ"	"VAL"
"Объем выполненных строительных работ (услуг)(Тысяч тенге казахских)"	"2021 год"	"202112"	""	""	""	""	""	""	""	""	"3 361 007 000 000"
"Объем выполненных строительных работ (услуг)(Тысяч тенге казахских)"	"2022 год"	"202212"	""	""	""	""	""	""	""	""	"3 196 390 000 000"
"Объем выполненных строительных работ (услуг)(Тысяч тенге казахских)"	"2022 год"	"202212"	""	""	""	""	""	""	""	""	"5 293 671 000 000"
"Объем выполненных строительных работ (услуг)(Тысяч тенге казахских)"	"2022 год"	"202212"	""	""	""	""	""	""	""	""	"2 276 178 000 000"
"Объем выполненных строительных работ (услуг)(Тысяч тенге казахских)"	"2021 год"	"202112"	""	""	""	""	""	""	""	""	"2 920 486 000 000"
"Объем выполненных строительных работ (услуг)(Тысяч тенге казахских)"	"2022 год"	"202212"	""	""	""	""	""	""	""	""	"2 266 766 000 000"
"Объем выполненных строительных работ (услуг)(Тысяч тенге казахских)"	"2022 год"	"202212"	""	""	""	""	""	""	""	""	"5 291 336 000 000"
"Объем выполненных строительных работ (услуг)(Тысяч тенге казахских)"	"2022 год"	"202212"	""	""	""	""	""	""	""	""	"2 078 459 000 000"
"Объем выполненных строительных работ (услуг)(Тысяч тенге казахских)"	"2021 год"	"202112"	""	""	""	""	""	""	""	""	"440 521 000 000"
"Объем выполненных строительных работ (услуг)(Тысяч тенге казахских)"	"2022 год"	"202212"	""	""	""	""	""	""	""	""	"929 624 000 000"
"Объем выполненных строительных работ (услуг)(Тысяч тенге казахских)"	"2022 год"	"202212"	""	""	""	""	""	""	""	""	"197 719 000 000"
"Объем выполненных строительных работ (услуг)(Тысяч тенге казахских)"	"2022 год"	"202212"	""	""	""	""	""	""	""	""	"2 335 000 000"
"Объем выполненных строительных работ (услуг)(Тысяч тенге казахских)"	"2017 год"	"201712"	"РЕСПУБЛИКА КАЗАХСТАН"	"1"	"Всего"	"1"	"Всего"	"1"	"Всего"	"1"	"3 509 295 878 000 000"
"Объем выполненных строительных работ (услуг)(Тысяч тенге казахских)"	"2016 год"	"201612"	"РЕСПУБЛИКА КАЗАХСТАН"	"1"	"Всего"	"1"	"Всего"	"1"	"Всего"	"1"	"3 258 031 007 000 000"
"Объем выполненных строительных работ (услуг)(Тысяч тенге казахских)"	"2018 год"	"201812"	"РЕСПУБЛИКА КАЗАХСТАН"	"1"	"Всего"	"1"	"Всего"	"1"	"Всего"	"1"	"3 862 994 860 000 000"
"Объем выполненных строительных работ (услуг)(Тысяч тенге казахских)"	"2019 год"	"201912"	"РЕСПУБЛИКА КАЗАХСТАН"	"1"	"Всего"	"1"	"Всего"	"1"	"Всего"	"1"	"4 431 666 211 000 000"
"Объем выполненных строительных работ (услуг)(Тысяч тенге казахских)"	"2020 год"	"202012"	"РЕСПУБЛИКА КАЗАХСТАН"	"1"	"Всего"	"1"	"Всего"	"1"	"Всего"	"1"	"4 934 069 181 000 000"
"Объем выполненных строительных работ (услуг)(Тысяч тенге казахских)"	"2021 год"	"202112"	"РЕСПУБЛИКА КАЗАХСТАН"	"1"	"Всего"	"1"	"Всего"	"1"	"Всего"	"1"	"5 530 680 665 000 000"
"Объем выполненных строительных работ (услуг)(Тысяч тенге казахских)"	"2022 год"	"202212"	"РЕСПУБЛИКА КАЗАХСТАН"	"1"	"Всего"	"1"	"Всего"	"1"	"Всего"	"1"	"6 304 274 070 000 000"
"Объем выполненных строительных работ (услуг)(Тысяч тенге казахских)"	"2017 год"	"201712"	"РЕСПУБЛИКА КАЗАХСТАН"	"1"	"основной вид деятельности"	"2"	"Всего"	"1"	"Всего"	"1"	"3 289 957 448 000 000"
"Объем выполненных строительных работ (услуг)(Тысяч тенге казахских)"	"2016 год"	"201612"	"РЕСПУБЛИКА КАЗАХСТАН"	"1"	"основной вид деятельности"	"2"	"Всего"	"1"	"Всего"	"1"	"3 120 806 805 000 000"
"Объем выполненных строительных работ (услуг)(Тысяч тенге казахских)"	"2018 год"	"201812"	"РЕСПУБЛИКА КАЗАХСТАН"	"1"	"основной вид деятельности"	"2"	"Всего"	"1"	"Всего"	"1"	"3 564 629 775 000 000"
"Объем выполненных строительных работ (услуг)(Тысяч тенге казахских)"	"2019 год"	"201912"	"РЕСПУБЛИКА КАЗАХСТАН"	"1"	"основной вид деятельности"	"2"	"Всего"	"1"	"Всего"	"1"	"4 084 252 943 000 000"
"Объем выполненных строительных работ (услуг)(Тысяч тенге казахских)"	"2020 год"	"202012"	"РЕСПУБЛИКА КАЗАХСТАН"	"1"	"основной вид деятельности"	"2"	"Всего"	"1"	"Всего"	"1"	"4 525 535 260 000 000"
"Объем выполненных строительных работ (услуг)(Тысяч тенге казахских)"	"2021 год"	"202112"	"РЕСПУБЛИКА КАЗАХСТАН"	"1"	"основной вид деятельности"	"2"	"Всего"	"1"	"Всего"	"1"	"5 121 354 000 000 000"
"Объем выполненных строительных работ (услуг)(Тысяч тенге казахских)"	"2022 год"	"202212"	"РЕСПУБЛИКА КАЗАХСТАН"	"1"	"основной вид деятельности"	"2"	"Всего"	"1"	"Всего"	"1"	"5 934 016 854 000 000"
"Объем выполненных строительных работ (услуг)(Тысяч тенге казахских)"	"2017 год"	"201712"	"РЕСПУБЛИКА КАЗАХСТАН"	"1"	"вторичный вид деятельности"	"3"	"Всего"	"1"	"Всего"	"1"	"219 338 430 000 000"
"Объем выполненных строительных работ (услуг)(Тысяч тенге казахских)"	"2016 год"	"201612"	"РЕСПУБЛИКА КАЗАХСТАН"	"1"	"вторичный вид деятельности"	"3"	"Всего"	"1"	"Всего"	"1"	"137 224 202 000 000"
"Объем выполненных строительных работ (услуг)(Тысяч тенге казахских)"	"2018 год"	"201812"	"РЕСПУБЛИКА КАЗАХСТАН"	"1"	"вторичный вид деятельности"	"3"	"Всего"	"1"	"Всего"	"1"	"298 365 085 000 000"
"Объем выполненных строительных работ (услуг)(Тысяч тенге казахских)"	"2019 год"	"201912"	"РЕСПУБЛИКА КАЗАХСТАН"	"1"	"вторичный вид деятельности"	"3"	"Всего"	"1"	"Всего"	"1"	"347 413 268 000 000"
"Объем выполненных строительных работ (услуг)(Тысяч тенге казахских)"	"2020 год"	"202012"	"РЕСПУБЛИКА КАЗАХСТАН"	"1"	"вторичный вид деятельности"	"3"	"Всего"	"1"	"Всего"	"1"	"408 533 921 000 000"
"Объем выполненных строительных работ (услуг)(Тысяч тенге казахских)"	"2021 год"	"202112"	"РЕСПУБЛИКА КАЗАХСТАН"	"1"	"вторичный вид деятельности"	"3"	"Всего"	"1"	"Всего"	"1"	"409 326 665 000 000"
"Объем выполненных строительных работ (услуг)(Тысяч тенге казахских)"	"2022 год"	"202212"	"РЕСПУБЛИКА КАЗАХСТАН"	"1"	"вторичный вид деятельности"	"3"	"Всего"	"1"	"Всего"	"1"	"370 257 216 000 000"
"Объем выполненных строительных работ (услуг)(Тысяч тенге казахских)"	"2022 год"	"202212"	"ОБЛАСТЬ АБАЙ"	"2"	"Всего"	"1"	"Всего"	"1"	"Всего"	"1"	"184 281 308 000 000"
"Объем выполненных строительных работ (услуг)(Тысяч тенге казахских)"	"2022 год"	"202212"	"ОБЛАСТЬ АБАЙ"	"2"	"основной вид деятельности"	"2"	"Всего"	"1"	"Всего"	"1"	"162 388 229 000 000"
"Объем выполненных строительных работ (услуг)(Тысяч тенге казахских)"	"2022 год"	"202212"	"ОБЛАСТЬ АБАЙ"	"2"	"вторичный вид деятельности"	"3"	"Всего"	"1"	"Всего"	"1"	"21 893 079 000 000"
"Объем выполненных строительных работ (услуг)(Тысяч тенге казахских)"	"2017 год"	"201712"	"АКМОЛИНСКАЯ ОБЛАСТЬ"	"3"	"Всего"	"1"	"Всего"	"1"	"Всего"	"1"	"123 361 202 000 000"
"Объем выполненных строительных работ (услуг)(Тысяч тенге казахских)"	"2016 год"	"201612"	"АКМОЛИНСКАЯ ОБЛАСТЬ"	"3"	"Всего"	"1"	"Всего"	"1"	"Всего"	"1"	"99 938 918 000 000"
"Объем выполненных строительных работ (услуг)(Тысяч тенге казахских)"	"2018 год"	"201812"	"АКМОЛИНСКАЯ ОБЛАСТЬ"	"3"	"Всего"	"1"	"Всего"	"1"	"Всего"	"1"	"109 917 696 000 000"
"Объем выполненных строительных работ (услуг)(Тысяч тенге казахских)"	"2019 год"	"201912"	"АКМОЛИНСКАЯ ОБЛАСТЬ"	"3"	"Всего"	"1"	"Всего"	"1"	"Всего"	"1"	"136 825 764 000 000"
"Объем выполненных строительных работ (услуг)(Тысяч тенге казахских)"	"2020 год"	"202012"	"АКМОЛИНСКАЯ ОБЛАСТЬ"	"3"	"Всего"	"1"	"Всего"	"1"	"Всего"	"1"	"166 520 623 000 000"
"Объем выполненных строительных работ (услуг)(Тысяч тенге казахских)"	"2021 год"	"202112"	"АКМОЛИНСКАЯ ОБЛАСТЬ"	"3"	"Всего"	"1"	"Всего"	"1"	"Всего"	"1"	"191 812 827 000 000"
"Объем выполненных строительных работ (услуг)(Тысяч тенге казахских)"	"2022 год"	"202212"	"АКМОЛИНСКАЯ ОБЛАСТЬ"	"3"	"Всего"	"1"	"Всего"	"1"	"Всего"	"1"	"276 073 281 000 000"
"Объем выполненных строительных работ (услуг)(Тысяч тенге казахских)"	"2017 год"	"201712"	"АКМОЛИНСКАЯ ОБЛАСТЬ"	"3"	"основной вид деятельности"	"2"	"Всего"	"1"	"Всего"	"1"	"115 442 117 000 000"
"Объем выполненных строительных работ (услуг)(Тысяч тенге казахских)"	"2016 год"	"201612"	"АКМОЛИНСКАЯ ОБЛАСТЬ"	"3"	"основной вид деятельности"	"2"	"Всего"	"1"	"Всего"	"1"	"93 284 278 000 000"
"Объем выполненных строительных работ (услуг)(Тысяч тенге казахских)"	"2018 год"	"201812"	"АКМОЛИНСКАЯ ОБЛАСТЬ"	"3"	"основной вид деятельности"	"2"	"Всего"	"1"	"Всего"	"1"	"103 345 267 000 000"
"Объем выполненных строительных работ (услуг)(Тысяч тенге казахских)"	"2019 год"	"201912"	"АКМОЛИНСКАЯ ОБЛАСТЬ"	"3"	"основной вид деятельности"	"2"	"Всего"	"1"	"Всего"	"1"	"123 346 853 000 000"
"Объем выполненных строительных работ (услуг)(Тысяч тенге казахских)"	"2020 год"	"202012"	"АКМОЛИНСКАЯ ОБЛАСТЬ"	"3"	"основной вид деятельности"	"2"	"Всего"	"1"	"Всего"	"1"	"148 720 917 000 000"
"Объем выполненных строительных работ (услуг)(Тысяч тенге казахских)"	"2021 год"	"202112"	"АКМОЛИНСКАЯ ОБЛАСТЬ"	"3"	"основной вид деятельности"	"2"	"Всего"	"1"	"Всего"	"1"	"175 491 960 000 000"
"Объем выполненных строительных работ (услуг)(Тысяч тенге казахских)"	"2022 год"	"202212"	"АКМОЛИНСКАЯ ОБЛАСТЬ"	"3"	"основной вид деятельности"	"2"	"Всего"	"1"	"Всего"	"1"	"257 716 950 000 000"
"Объем выполненных строительных работ (услуг)(Тысяч тенге казахских)"	"2017 год"	"201712"	"АКМОЛИНСКАЯ ОБЛАСТЬ"	"3"	"вторичный вид деятельности"	"3"	"Всего"	"1"	"Всего"	"1"	"7 919 085 000 000"
"Объем выполненных строительных работ (услуг)(Тысяч тенге казахских)"	"2016 год"	"201612"	"АКМОЛИНСКАЯ ОБЛАСТЬ"	"3"	"вторичный вид деятельности"	"3"	"Всего"	"1"	"Всего"	"1"	"6 654 640 000 000"
"Объем выполненных строительных работ (услуг)(Тысяч тенге казахских)"	"2018 год"	"201812"	"АКМОЛИНСКАЯ ОБЛАСТЬ"	"3"	"вторичный вид деятельности"	"3"	"Всего"	"1"	"Всего"	"1"	"6 572 429 000 000"
"Объем выполненных строительных работ (услуг)(Тысяч тенге казахских)"	"2019 год"	"201912"	"АКМОЛИНСКАЯ ОБЛАСТЬ"	"3"	"вторичный вид деятельности"	"3"	"Всего"	"1"	"Всего"	"1"	"13 478 911 000 000"
"Объем выполненных строительных работ (услуг)(Тысяч тенге казахских)"	"2020 год"	"202012"	"АКМОЛИНСКАЯ ОБЛАСТЬ"	"3"	"вторичный вид деятельности"	"3"	"Всего"	"1"	"Всего"	"1"	"17 799 706 000 000"
"Объем выполненных строительных работ (услуг)(Тысяч тенге казахских)"	"2021 год"	"202112"	"АКМОЛИНСКАЯ ОБЛАСТЬ"	"3"	"вторичный вид деятельности"	"3"	"Всего"	"1"	"Всего"	"1"	"16 320 867 000 000"
"Объем выполненных строительных работ (услуг)(Тысяч тенге казахских)"	"2022 год"	"202212"	"АКМОЛИНСКАЯ ОБЛАСТЬ"	"3"	"вторичный вид деятельности"	"3"	"Всего"	"1"	"Всего"	"1"	"18 356 331 000 000"
"Объем выполненных строительных работ (услуг)(Тысяч тенге казахских)"	"2017 год"	"201712"	"КОКШЕТАУ Г.А."	"4"	"Всего"	"1"	"Всего"	"1"	"Всего"	"1"	"14 475 820 000 000"
"Объем выполненных строительных работ (услуг)(Тысяч тенге казахских)"	"2016 год"	"201612"	"КОКШЕТАУ Г.А."	"4"	"Всего"	"1"	"Всего"	"1"	"Всего"	"1"	"13 718 715 000 000"
"Объем выполненных строительных работ (услуг)(Тысяч тенге казахских)"	"2018 год"	"201812"	"КОКШЕТАУ Г.А."	"4"	"Всего"	"1"	"Всего"	"1"	"Всего"	"1"	"19 092 762 000 000"
"Объем выполненных строительных работ (услуг)(Тысяч тенге казахских)"	"2019 год"	"201912"	"КОКШЕТАУ Г.А."	"4"	"Всего"	"1"	"Всего"	"1"	"Всего"	"1"	"19 657 426 000 000"
"Объем выполненных строительных работ (услуг)(Тысяч тенге казахских)"	"2020 год"	"202012"	"КОКШЕТАУ Г.А."	"4"	"Всего"	"1"	"Всего"	"1"	"Всего"	"1"	"46 338 183 000 000"
"Объем выполненных строительных работ (услуг)(Тысяч тенге казахских)"	"2021 год"	"202112"	"КОКШЕТАУ Г.А."	"4"	"Всего"	"1"	"Всего"	"1"	"Всего"	"1"	"30 858 086 000 000"
"Объем выполненных строительных работ (услуг)(Тысяч тенге казахских)"	"2022 год"	"202212"	"КОКШЕТАУ Г.А."	"4"	"Всего"	"1"	"Всего"	"1"	"Всего"	"1"	"23 801 578 000 000"
"Объем выполненных строительных работ (услуг)(Тысяч тенге казахских)"	"2017 год"	"201712"	"КОКШЕТАУ Г.А."	"4"	"основной вид деятельности"	"2"	"Всего"	"1"	"Всего"	"1"	"12 319 707 000 000"
"Объем выполненных строительных работ (услуг)(Тысяч тенге казахских)"	"2016 год"	"201612"	"КОКШЕТАУ Г.А."	"4"	"основной вид деятельности"	"2"	"Всего"	"1"	"Всего"	"1"	"11 441 589 000 000"
"Объем выполненных строительных работ (услуг)(Тысяч тенге казахских)"	"2018 год"	"201812"	"КОКШЕТАУ Г.А."	"4"	"основной вид деятельности"	"2"	"Всего"	"1"	"Всего"	"1"	"17 119 838 000 000"
"Объем выполненных строительных работ (услуг)(Тысяч тенге казахских)"	"2019 год"	"201912"	"КОКШЕТАУ Г.А."	"4"	"основной вид деятельности"	"2"	"Всего"	"1"	"Всего"	"1"	"17 694 115 000 000"
"Объем выполненных строительных работ (услуг)(Тысяч тенге казахских)"	"2020 год"	"202012"	"КОКШЕТАУ Г.А."	"4"	"основной вид деятельности"	"2"	"Всего"	"1"	"Всего"	"1"	"45 534 199 000 000"
"Объем выполненных строительных работ (услуг)(Тысяч тенге казахских)"	"2021 год"	"202112"	"КОКШЕТАУ Г.А."	"4"	"основной вид деятельности"	"2"	"Всего"	"1"	"Всего"	"1"	"27 241 025 000 000"
"Объем выполненных строительных работ (услуг)(Тысяч тенге казахских)"	"2022 год"	"202212"	"КОКШЕТАУ Г.А."	"4"	"основной вид деятельности"	"2"	"Всего"	"1"	"Всего"	"1"	"21 730 215 000 000"
"Объем выполненных строительных работ (услуг)(Тысяч тенге казахских)"	"2017 год"	"201712"	"КОКШЕТАУ Г.А."	"4"	"вторичный вид деятельности"	"3"	"Всего"	"1"	"Всего"	"1"	"2 156 113 000 000"
"Объем выполненных строительных работ (услуг)(Тысяч тенге казахских)"	"2016 год"	"201612"	"КОКШЕТАУ Г.А."	"4"	"вторичный вид деятельности"	"3"	"Всего"	"1"	"Всего"	"1"	"2 277 126 000 000"
"Объем выполненных строительных работ (услуг)(Тысяч тенге казахских)"	"2018 год"	"201812"	"КОКШЕТАУ Г.А."	"4"	"вторичный вид деятельности"	"3"	"Всего"	"1"	"Всего"	"1"	"1 972 924 000 000"
"Объем выполненных строительных работ (услуг)(Тысяч тенге казахских)"	"2019 год"	"201912"	"КОКШЕТАУ Г.А."	"4"	"вторичный вид деятельности"	"3"	"Всего"	"1"	"Всего"	"1"	"1 963 311 000 000"
"Объем выполненных строительных работ (услуг)(Тысяч тенге казахских)"	"2020 год"	"202012"	"КОКШЕТАУ Г.А."	"4"	"вторичный вид деятельности"	"3"	"Всего"	"1"	"Всего"	"1"	"803 984 000 000"
"Объем выполненных строительных работ (услуг)(Тысяч тенге казахских)"	"2021 год"	"202112"	"КОКШЕТАУ Г.А."	"4"	"вторичный вид деятельности"	"3"	"Всего"	"1"	"Всего"	"1"	"3 617 061 000 000"
"Объем выполненных строительных работ (услуг)(Тысяч тенге казахских)"	"2022 год"	"202212"	"КОКШЕТАУ Г.А."	"4"	"вторичный вид деятельности"	"3"	"Всего"	"1"	"Всего"	"1"	"2 071 363 000 000"
"Объем выполненных строительных работ (услуг)(Тысяч тенге казахских)"	"2021 год"	"202112"	"КОСШЫ Г.А."	"11"	"Всего"	"1"	"Всего"	"1"	"Всего"	"1"	"6 967 705 000 000"
"Объем выполненных строительных работ (услуг)(Тысяч тенге казахских)"	"2022 год"	"202212"	"КОСШЫ Г.А."	"11"	"Всего"	"1"	"Всего"	"1"	"Всего"	"1"	"15 023 550 000 000"
"Объем выполненных строительных работ (услуг)(Тысяч тенге казахских)"	"2021 год"	"202112"	"КОСШЫ Г.А."	"11"	"основной вид деятельности"	"2"	"Всего"	"1"	"Всего"	"1"	"6 184 396 000 000"
"Объем выполненных строительных работ (услуг)(Тысяч тенге казахских)"	"2022 год"	"202212"	"КОСШЫ Г.А."	"11"	"основной вид деятельности"	"2"	"Всего"	"1"	"Всего"	"1"	"14 932 329 000 000"
"Объем выполненных строительных работ (услуг)(Тысяч тенге казахских)"	"2021 год"	"202112"	"КОСШЫ Г.А."	"11"	"вторичный вид деятельности"	"3"	"Всего"	"1"	"Всего"	"1"	"783 309 000 000"
"Объем выполненных строительных работ (услуг)(Тысяч тенге казахских)"	"2022 год"	"202212"	"КОСШЫ Г.А."	"11"	"вторичный вид деятельности"	"3"	"Всего"	"1"	"Всего"	"1"	"91 221 000 000"
"Объем выполненных строительных работ (услуг)(Тысяч тенге казахских)"	"2017 год"	"201712"	"СТЕПНОГОРСК Г.А."	"12"	"Всего"	"1"	"Всего"	"1"	"Всего"	"1"	"11 141 883 000 000"
"Объем выполненных строительных работ (услуг)(Тысяч тенге казахских)"	"2016 год"	"201612"	"СТЕПНОГОРСК Г.А."	"12"	"Всего"	"1"	"Всего"	"1"	"Всего"	"1"	"3 326 210 000 000"
"Объем выполненных строительных работ (услуг)(Тысяч тенге казахских)"	"2018 год"	"201812"	"СТЕПНОГОРСК Г.А."	"12"	"Всего"	"1"	"Всего"	"1"	"Всего"	"1"	"8 253 651 000 000"
"Объем выполненных строительных работ (услуг)(Тысяч тенге казахских)"	"2019 год"	"201912"	"СТЕПНОГОРСК Г.А."	"12"	"Всего"	"1"	"Всего"	"1"	"Всего"	"1"	"6 771 640 000 000"
"Объем выполненных строительных работ (услуг)(Тысяч тенге казахских)"	"2020 год"	"202012"	"СТЕПНОГОРСК Г.А."	"12"	"Всего"	"1"	"Всего"	"1"	"Всего"	"1"	"8 737 809 000 000"
"Объем выполненных строительных работ (услуг)(Тысяч тенге казахских)"	"2021 год"	"202112"	"СТЕПНОГОРСК Г.А."	"12"	"Всего"	"1"	"Всего"	"1"	"Всего"	"1"	"24 535 814 000 000"
"Объем выполненных строительных работ (услуг)(Тысяч тенге казахских)"	"2022 год"	"202212"	"СТЕПНОГОРСК Г.А."	"12"	"Всего"	"1"	"Всего"	"1"	"Всего"	"1"	"13 160 124 000 000"
"Объем выполненных строительных работ (услуг)(Тысяч тенге казахских)"	"2017 год"	"201712"	"СТЕПНОГОРСК Г.А."	"12"	"основной вид деятельности"	"2"	"Всего"	"1"	"Всего"	"1"	"11 064 312 000 000"
"Объем выполненных строительных работ (услуг)(Тысяч тенге казахских)"	"2016 год"	"201612"	"СТЕПНОГОРСК Г.А."	"12"	"основной вид деятельности"	"2"	"Всего"	"1"	"Всего"	"1"	"3 286 443 000 000"
"Объем выполненных строительных работ (услуг)(Тысяч тенге казахских)"	"2018 год"	"201812"	"СТЕПНОГОРСК Г.А."	"12"	"основной вид деятельности"	"2"	"Всего"	"1"	"Всего"	"1"	"8 084 639 000 000"
"Объем выполненных строительных работ (услуг)(Тысяч тенге казахских)"	"2019 год"	"201912"	"СТЕПНОГОРСК Г.А."	"12"	"основной вид деятельности"	"2"	"Всего"	"1"	"Всего"	"1"	"6 740 656 000 000"
"Объем выполненных строительных работ (услуг)(Тысяч тенге казахских)"	"2020 год"	"202012"	"СТЕПНОГОРСК Г.А."	"12"	"основной вид деятельности"	"2"	"Всего"	"1"	"Всего"	"1"	"5 072 499 000 000"
"Объем выполненных строительных работ (услуг)(Тысяч тенге казахских)"	"2021 год"	"202112"	"СТЕПНОГОРСК Г.А."	"12"	"основной вид деятельности"	"2"	"Всего"	"1"	"Всего"	"1"	"24 067 325 000 000"
"Объем выполненных строительных работ (услуг)(Тысяч тенге казахских)"	"2022 год"	"202212"	"СТЕПНОГОРСК Г.А."	"12"	"основной вид деятельности"	"2"	"Всего"	"1"	"Всего"	"1"	"11 139 071 000 000"
"Объем выполненных строительных работ (услуг)(Тысяч тенге казахских)"	"2017 год"	"201712"	"СТЕПНОГОРСК Г.А."	"12"	"вторичный вид деятельности"	"3"	"Всего"	"1"	"Всего"	"1"	"77 571 000 000"
"Объем выполненных строительных работ (услуг)(Тысяч тенге казахских)"	"2016 год"	"201612"	"СТЕПНОГОРСК Г.А."	"12"	"вторичный вид деятельности"	"3"	"Всего"	"1"	"Всего"	"1"	"39 767 000 000"
"Объем выполненных строительных работ (услуг)(Тысяч тенге казахских)"	"2018 год"	"201812"	"СТЕПНОГОРСК Г.А."	"12"	"вторичный вид деятельности"	"3"	"Всего"	"1"	"Всего"	"1"	"169 012 000 000"
"Объем выполненных строительных работ (услуг)(Тысяч тенге казахских)"	"2019 год"	"201912"	"СТЕПНОГОРСК Г.А."	"12"	"вторичный вид деятельности"	"3"	"Всего"	"1"	"Всего"	"1"	"30 984 000 000"
"Объем выполненных строительных работ (услуг)(Тысяч тенге казахских)"	"2020 год"	"202012"	"СТЕПНОГОРСК Г.А."	"12"	"вторичный вид деятельности"	"3"	"Всего"	"1"	"Всего"	"1"	"3 665 310 000 000"
"Объем выполненных строительных работ (услуг)(Тысяч тенге казахских)"	"2021 год"	"202112"	"СТЕПНОГОРСК Г.А."	"12"	"вторичный вид деятельности"	"3"	"Всего"	"1"	"Всего"	"1"	"468 489 000 000"
"Объем выполненных строительных работ (услуг)(Тысяч тенге казахских)"	"2022 год"	"202212"	"СТЕПНОГОРСК Г.А."	"12"	"вторичный вид деятельности"	"3"	"Всего"	"1"	"Всего"	"1"	"2 021 053 000 000"
"Объем выполненных строительных работ (услуг)(Тысяч тенге казахских)"	"2017 год"	"201712"	"АККОЛЬСКИЙ РАЙОН"	"35"	"Всего"	"1"	"Всего"	"1"	"Всего"	"1"	"5 096 587 000 000"
"Объем выполненных строительных работ (услуг)(Тысяч тенге казахских)"	"2016 год"	"201612"	"АККОЛЬСКИЙ РАЙОН"	"35"	"Всего"	"1"	"Всего"	"1"	"Всего"	"1"	"5 475 961 000 000"
"Объем выполненных строительных работ (услуг)(Тысяч тенге казахских)"	"2018 год"	"201812"	"АККОЛЬСКИЙ РАЙОН"	"35"	"Всего"	"1"	"Всего"	"1"	"Всего"	"1"	"3 495 700 000 000"
"Объем выполненных строительных работ (услуг)(Тысяч тенге казахских)"	"2019 год"	"201912"	"АККОЛЬСКИЙ РАЙОН"	"35"	"Всего"	"1"	"Всего"	"1"	"Всего"	"1"	"4 210 563 000 000"
"Объем выполненных строительных работ (услуг)(Тысяч тенге казахских)"	"2020 год"	"202012"	"АККОЛЬСКИЙ РАЙОН"	"35"	"Всего"	"1"	"Всего"	"1"	"Всего"	"1"	"6 835 241 000 000"
"Объем выполненных строительных работ (услуг)(Тысяч тенге казахских)"	"2021 год"	"202112"	"АККОЛЬСКИЙ РАЙОН"	"35"	"Всего"	"1"	"Всего"	"1"	"Всего"	"1"	"10 979 090 000 000"
"Объем выполненных строительных работ (услуг)(Тысяч тенге казахских)"	"2022 год"	"202212"	"АККОЛЬСКИЙ РАЙОН"	"35"	"Всего"	"1"	"Всего"	"1"	"Всего"	"1"	"4 486 068 000 000"
"Объем выполненных строительных работ (услуг)(Тысяч тенге казахских)"	"2017 год"	"201712"	"АККОЛЬСКИЙ РАЙОН"	"35"	"основной вид деятельности"	"2"	"Всего"	"1"	"Всего"	"1"	"4 934 477 000 000"
"Объем выполненных строительных работ (услуг)(Тысяч тенге казахских)"	"2016 год"	"201612"	"АККОЛЬСКИЙ РАЙОН"	"35"	"основной вид деятельности"	"2"	"Всего"	"1"	"Всего"	"1"	"5 386 935 000 000"
"Объем выполненных строительных работ (услуг)(Тысяч тенге казахских)"	"2018 год"	"201812"	"АККОЛЬСКИЙ РАЙОН"	"35"	"основной вид деятельности"	"2"	"Всего"	"1"	"Всего"	"1"	"2 928 188 000 000"
"Объем выполненных строительных работ (услуг)(Тысяч тенге казахских)"	"2019 год"	"201912"	"АККОЛЬСКИЙ РАЙОН"	"35"	"основной вид деятельности"	"2"	"Всего"	"1"	"Всего"	"1"	"3 717 648 000 000"
"Объем выполненных строительных работ (услуг)(Тысяч тенге казахских)"	"2020 год"	"202012"	"АККОЛЬСКИЙ РАЙОН"	"35"	"основной вид деятельности"	"2"	"Всего"	"1"	"Всего"	"1"	"5 874 603 000 000"
"Объем выполненных строительных работ (услуг)(Тысяч тенге казахских)"	"2021 год"	"202112"	"АККОЛЬСКИЙ РАЙОН"	"35"	"основной вид деятельности"	"2"	"Всего"	"1"	"Всего"	"1"	"10 885 699 000 000"
"Объем выполненных строительных работ (услуг)(Тысяч тенге казахских)"	"2022 год"	"202212"	"АККОЛЬСКИЙ РАЙОН"	"35"	"основной вид деятельности"	"2"	"Всего"	"1"	"Всего"	"1"	"3 773 847 000 000"
"Объем выполненных строительных работ (услуг)(Тысяч тенге казахских)"	"2017 год"	"201712"	"АККОЛЬСКИЙ РАЙОН"	"35"	"вторичный вид деятельности"	"3"	"Всего"	"1"	"Всего"	"1"	"162 110 000 000"
"Объем выполненных строительных работ (услуг)(Тысяч тенге казахских)"	"2016 год"	"201612"	"АККОЛЬСКИЙ РАЙОН"	"35"	"вторичный вид деятельности"	"3"	"Всего"	"1"	"Всего"	"1"	"89 026 000 000"
"Объем выполненных строительных работ (услуг)(Тысяч тенге казахских)"	"2018 год"	"201812"	"АККОЛЬСКИЙ РАЙОН"	"35"	"вторичный вид деятельности"	"3"	"Всего"	"1"	"Всего"	"1"	"567 512 000 000"
"Объем выполненных строительных работ (услуг)(Тысяч тенге казахских)"	"2019 год"	"201912"	"АККОЛЬСКИЙ РАЙОН"	"35"	"вторичный вид деятельности"	"3"	"Всего"	"1"	"Всего"	"1"	"492 915 000 000"
"Объем выполненных строительных работ (услуг)(Тысяч тенге казахских)"	"2020 год"	"202012"	"АККОЛЬСКИЙ РАЙОН"	"35"	"вторичный вид деятельности"	"3"	"Всего"	"1"	"Всего"	"1"	"960 638 000 000"
"Объем выполненных строительных работ (услуг)(Тысяч тенге казахских)"	"2021 год"	"202112"	"АККОЛЬСКИЙ РАЙОН"	"35"	"вторичный вид деятельности"	"3"	"Всего"	"1"	"Всего"	"1"	"93 391 000 000"
"Объем выполненных строительных работ (услуг)(Тысяч тенге казахских)"	"2022 год"	"202212"	"АККОЛЬСКИЙ РАЙОН"	"35"	"вторичный вид деятельности"	"3"	"Всего"	"1"	"Всего"	"1"	"712 221 000 000"
"Объем выполненных строительных работ (услуг)(Тысяч тенге казахских)"	"2017 год"	"201712"	"АРШАЛЫНСКИЙ РАЙОН"	"78"	"Всего"	"1"	"Всего"	"1"	"Всего"	"1"	"7 271 662 000 000"
"Объем выполненных строительных работ (услуг)(Тысяч тенге казахских)"	"2016 год"	"201612"	"АРШАЛЫНСКИЙ РАЙОН"	"78"	"Всего"	"1"	"Всего"	"1"	"Всего"	"1"	"14 805 600 000 000"
"Объем выполненных строительных работ (услуг)(Тысяч тенге казахских)"	"2018 год"	"201812"	"АРШАЛЫНСКИЙ РАЙОН"	"78"	"Всего"	"1"	"Всего"	"1"	"Всего"	"1"	"6 147 078 000 000"
"Объем выполненных строительных работ (услуг)(Тысяч тенге казахских)"	"2019 год"	"201912"	"АРШАЛЫНСКИЙ РАЙОН"	"78"	"Всего"	"1"	"Всего"	"1"	"Всего"	"1"	"23 983 453 000 000"
"Объем выполненных строительных работ (услуг)(Тысяч тенге казахских)"	"2020 год"	"202012"	"АРШАЛЫНСКИЙ РАЙОН"	"78"	"Всего"	"1"	"Всего"	"1"	"Всего"	"1"	"10 393 708 000 000"
"Объем выполненных строительных работ (услуг)(Тысяч тенге казахских)"	"2021 год"	"202112"	"АРШАЛЫНСКИЙ РАЙОН"	"78"	"Всего"	"1"	"Всего"	"1"	"Всего"	"1"	"15 988 300 000 000"
"Объем выполненных строительных работ (услуг)(Тысяч тенге казахских)"	"2022 год"	"202212"	"АРШАЛЫНСКИЙ РАЙОН"	"78"	"Всего"	"1"	"Всего"	"1"	"Всего"	"1"	"35 926 048 000 000"
"Объем выполненных строительных работ (услуг)(Тысяч тенге казахских)"	"2017 год"	"201712"	"АРШАЛЫНСКИЙ РАЙОН"	"78"	"основной вид деятельности"	"2"	"Всего"	"1"	"Всего"	"1"	"6 734 771 000 000"
"Объем выполненных строительных работ (услуг)(Тысяч тенге казахских)"	"2016 год"	"201612"	"АРШАЛЫНСКИЙ РАЙОН"	"78"	"основной вид деятельности"	"2"	"Всего"	"1"	"Всего"	"1"	"14 470 578 000 000"
"Объем выполненных строительных работ (услуг)(Тысяч тенге казахских)"	"2018 год"	"201812"	"АРШАЛЫНСКИЙ РАЙОН"	"78"	"основной вид деятельности"	"2"	"Всего"	"1"	"Всего"	"1"	"6 122 543 000 000"
"Объем выполненных строительных работ (услуг)(Тысяч тенге казахских)"	"2019 год"	"201912"	"АРШАЛЫНСКИЙ РАЙОН"	"78"	"основной вид деятельности"	"2"	"Всего"	"1"	"Всего"	"1"	"22 412 965 000 000"
"Объем выполненных строительных работ (услуг)(Тысяч тенге казахских)"	"2020 год"	"202012"	"АРШАЛЫНСКИЙ РАЙОН"	"78"	"основной вид деятельности"	"2"	"Всего"	"1"	"Всего"	"1"	"10 042 921 000 000"
"Объем выполненных строительных работ (услуг)(Тысяч тенге казахских)"	"2021 год"	"202112"	"АРШАЛЫНСКИЙ РАЙОН"	"78"	"основной вид деятельности"	"2"	"Всего"	"1"	"Всего"	"1"	"15 737 625 000 000"
"Объем выполненных строительных работ (услуг)(Тысяч тенге казахских)"	"2022 год"	"202212"	"АРШАЛЫНСКИЙ РАЙОН"	"78"	"основной вид деятельности"	"2"	"Всего"	"1"	"Всего"	"1"	"33 714 090 000 000"
"Объем выполненных строительных работ (услуг)(Тысяч тенге казахских)"	"2017 год"	"201712"	"АРШАЛЫНСКИЙ РАЙОН"	"78"	"вторичный вид деятельности"	"3"	"Всего"	"1"	"Всего"	"1"	"536 891 000 000"
"Объем выполненных строительных работ (услуг)(Тысяч тенге казахских)"	"2016 год"	"201612"	"АРШАЛЫНСКИЙ РАЙОН"	"78"	"вторичный вид деятельности"	"3"	"Всего"	"1"	"Всего"	"1"	"335 022 000 000"
"Объем выполненных строительных работ (услуг)(Тысяч тенге казахских)"	"2018 год"	"201812"	"АРШАЛЫНСКИЙ РАЙОН"	"78"	"вторичный вид деятельности"	"3"	"Всего"	"1"	"Всего"	"1"	"24 535 000 000"
"Объем выполненных строительных работ (услуг)(Тысяч тенге казахских)"	"2019 год"	"201912"	"АРШАЛЫНСКИЙ РАЙОН"	"78"	"вторичный вид деятельности"	"3"	"Всего"	"1"	"Всего"	"1"	"1 570 488 000 000"
"Объем выполненных строительных работ (услуг)(Тысяч тенге казахских)"	"2020 год"	"202012"	"АРШАЛЫНСКИЙ РАЙОН"	"78"	"вторичный вид деятельности"	"3"	"Всего"	"1"	"Всего"	"1"	"350 787 000 000"
"Объем выполненных строительных работ (услуг)(Тысяч тенге казахских)"	"2021 год"	"202112"	"АРШАЛЫНСКИЙ РАЙОН"	"78"	"вторичный вид деятельности"	"3"	"Всего"	"1"	"Всего"	"1"	"250 675 000 000"
"Объем выполненных строительных работ (услуг)(Тысяч тенге казахских)"	"2022 год"	"202212"	"АРШАЛЫНСКИЙ РАЙОН"	"78"	"вторичный вид деятельности"	"3"	"Всего"	"1"	"Всего"	"1"	"2 211 958 000 000"
"Объем выполненных строительных работ (услуг)(Тысяч тенге казахских)"	"2017 год"	"201712"	"АСТРАХАНСКИЙ РАЙОН"	"127"	"Всего"	"1"	"Всего"	"1"	"Всего"	"1"	"1 550 348 000 000"
"Объем выполненных строительных работ (услуг)(Тысяч тенге казахских)"	"2016 год"	"201612"	"АСТРАХАНСКИЙ РАЙОН"	"127"	"Всего"	"1"	"Всего"	"1"	"Всего"	"1"	"483 963 000 000"
"Объем выполненных строительных работ (услуг)(Тысяч тенге казахских)"	"2018 год"	"201812"	"АСТРАХАНСКИЙ РАЙОН"	"127"	"Всего"	"1"	"Всего"	"1"	"Всего"	"1"	"1 295 664 000 000"
"Объем выполненных строительных работ (услуг)(Тысяч тенге казахских)"	"2019 год"	"201912"	"АСТРАХАНСКИЙ РАЙОН"	"127"	"Всего"	"1"	"Всего"	"1"	"Всего"	"1"	"2 329 853 000 000"
"Объем выполненных строительных работ (услуг)(Тысяч тенге казахских)"	"2020 год"	"202012"	"АСТРАХАНСКИЙ РАЙОН"	"127"	"Всего"	"1"	"Всего"	"1"	"Всего"	"1"	"2 938 876 000 000"
"Объем выполненных строительных работ (услуг)(Тысяч тенге казахских)"	"2021 год"	"202112"	"АСТРАХАНСКИЙ РАЙОН"	"127"	"Всего"	"1"	"Всего"	"1"	"Всего"	"1"	"1 581 063 000 000"
"Объем выполненных строительных работ (услуг)(Тысяч тенге казахских)"	"2022 год"	"202212"	"АСТРАХАНСКИЙ РАЙОН"	"127"	"Всего"	"1"	"Всего"	"1"	"Всего"	"1"	"2 124 521 000 000"
"Объем выполненных строительных работ (услуг)(Тысяч тенге казахских)"	"2017 год"	"201712"	"АСТРАХАНСКИЙ РАЙОН"	"127"	"основной вид деятельности"	"2"	"Всего"	"1"	"Всего"	"1"	"1 418 555 000 000"
"Объем выполненных строительных работ (услуг)(Тысяч тенге казахских)"	"2016 год"	"201612"	"АСТРАХАНСКИЙ РАЙОН"	"127"	"основной вид деятельности"	"2"	"Всего"	"1"	"Всего"	"1"	"409 439 000 000"
"Объем выполненных строительных работ (услуг)(Тысяч тенге казахских)"	"2018 год"	"201812"	"АСТРАХАНСКИЙ РАЙОН"	"127"	"основной вид деятельности"	"2"	"Всего"	"1"	"Всего"	"1"	"1 224 064 000 000"
"Объем выполненных строительных работ (услуг)(Тысяч тенге казахских)"	"2019 год"	"201912"	"АСТРАХАНСКИЙ РАЙОН"	"127"	"основной вид деятельности"	"2"	"Всего"	"1"	"Всего"	"1"	"2 327 375 000 000"
"Объем выполненных строительных работ (услуг)(Тысяч тенге казахских)"	"2020 год"	"202012"	"АСТРАХАНСКИЙ РАЙОН"	"127"	"основной вид деятельности"	"2"	"Всего"	"1"	"Всего"	"1"	"1 046 347 000 000"
"Объем выполненных строительных работ (услуг)(Тысяч тенге казахских)"	"2021 год"	"202112"	"АСТРАХАНСКИЙ РАЙОН"	"127"	"основной вид деятельности"	"2"	"Всего"	"1"	"Всего"	"1"	"1 445 612 000 000"
"Объем выполненных строительных работ (услуг)(Тысяч тенге казахских)"	"2022 год"	"202212"	"АСТРАХАНСКИЙ РАЙОН"	"127"	"основной вид деятельности"	"2"	"Всего"	"1"	"Всего"	"1"	"1 764 435 000 000"
"Объем выполненных строительных работ (услуг)(Тысяч тенге казахских)"	"2017 год"	"201712"	"АСТРАХАНСКИЙ РАЙОН"	"127"	"вторичный вид деятельности"	"3"	"Всего"	"1"	"Всего"	"1"	"131 793 000 000"
"Объем выполненных строительных работ (услуг)(Тысяч тенге казахских)"	"2016 год"	"201612"	"АСТРАХАНСКИЙ РАЙОН"	"127"	"вторичный вид деятельности"	"3"	"Всего"	"1"	"Всего"	"1"	"74 524 000 000"
"Объем выполненных строительных работ (услуг)(Тысяч тенге казахских)"	"2018 год"	"201812"	"АСТРАХАНСКИЙ РАЙОН"	"127"	"вторичный вид деятельности"	"3"	"Всего"	"1"	"Всего"	"1"	"71 600 000 000"
"Объем выполненных строительных работ (услуг)(Тысяч тенге казахских)"	"2019 год"	"201912"	"АСТРАХАНСКИЙ РАЙОН"	"127"	"вторичный вид деятельности"	"3"	"Всего"	"1"	"Всего"	"1"	"2 478 000 000"
"Объем выполненных строительных работ (услуг)(Тысяч тенге казахских)"	"2020 год"	"202012"	"АСТРАХАНСКИЙ РАЙОН"	"127"	"вторичный вид деятельности"	"3"	"Всего"	"1"	"Всего"	"1"	"1 892 529 000 000"
"Объем выполненных строительных работ (услуг)(Тысяч тенге казахских)"	"2021 год"	"202112"	"АСТРАХАНСКИЙ РАЙОН"	"127"	"вторичный вид деятельности"	"3"	"Всего"	"1"	"Всего"	"1"	"135 451 000 000"
"Объем выполненных строительных работ (услуг)(Тысяч тенге казахских)"	"2022 год"	"202212"	"АСТРАХАНСКИЙ РАЙОН"	"127"	"вторичный вид деятельности"	"3"	"Всего"	"1"	"Всего"	"1"	"360 086 000 000"
"Объем выполненных строительных работ (услуг)(Тысяч тенге казахских)"	"2017 год"	"201712"	"АТБАСАРСКИЙ РАЙОН"	"186"	"Всего"	"1"	"Всего"	"1"	"Всего"	"1"	"1 622 077 000 000"
"Объем выполненных строительных работ (услуг)(Тысяч тенге казахских)"	"2016 год"	"201612"	"АТБАСАРСКИЙ РАЙОН"	"186"	"Всего"	"1"	"Всего"	"1"	"Всего"	"1"	"1 089 507 000 000"
"Объем выполненных строительных работ (услуг)(Тысяч тенге казахских)"	"2018 год"	"201812"	"АТБАСАРСКИЙ РАЙОН"	"186"	"Всего"	"1"	"Всего"	"1"	"Всего"	"1"	"6 275 012 000 000"
"Объем выполненных строительных работ (услуг)(Тысяч тенге казахских)"	"2019 год"	"201912"	"АТБАСАРСКИЙ РАЙОН"	"186"	"Всего"	"1"	"Всего"	"1"	"Всего"	"1"	"3 129 591 000 000"
"Объем выполненных строительных работ (услуг)(Тысяч тенге казахских)"	"2020 год"	"202012"	"АТБАСАРСКИЙ РАЙОН"	"186"	"Всего"	"1"	"Всего"	"1"	"Всего"	"1"	"4 560 821 000 000"
"Объем выполненных строительных работ (услуг)(Тысяч тенге казахских)"	"2021 год"	"202112"	"АТБАСАРСКИЙ РАЙОН"	"186"	"Всего"	"1"	"Всего"	"1"	"Всего"	"1"	"9 924 186 000 000"
"Объем выполненных строительных работ (услуг)(Тысяч тенге казахских)"	"2022 год"	"202212"	"АТБАСАРСКИЙ РАЙОН"	"186"	"Всего"	"1"	"Всего"	"1"	"Всего"	"1"	"8 355 999 000 000"
"Объем выполненных строительных работ (услуг)(Тысяч тенге казахских)"	"2017 год"	"201712"	"АТБАСАРСКИЙ РАЙОН"	"186"	"основной вид деятельности"	"2"	"Всего"	"1"	"Всего"	"1"	"1 257 074 000 000"
"Объем выполненных строительных работ (услуг)(Тысяч тенге казахских)"	"2016 год"	"201612"	"АТБАСАРСКИЙ РАЙОН"	"186"	"основной вид деятельности"	"2"	"Всего"	"1"	"Всего"	"1"	"845 864 000 000"
"Объем выполненных строительных работ (услуг)(Тысяч тенге казахских)"	"2018 год"	"201812"	"АТБАСАРСКИЙ РАЙОН"	"186"	"основной вид деятельности"	"2"	"Всего"	"1"	"Всего"	"1"	"5 966 426 000 000"
"Объем выполненных строительных работ (услуг)(Тысяч тенге казахских)"	"2019 год"	"201912"	"АТБАСАРСКИЙ РАЙОН"	"186"	"основной вид деятельности"	"2"	"Всего"	"1"	"Всего"	"1"	"1 938 346 000 000"
"Объем выполненных строительных работ (услуг)(Тысяч тенге казахских)"	"2020 год"	"202012"	"АТБАСАРСКИЙ РАЙОН"	"186"	"основной вид деятельности"	"2"	"Всего"	"1"	"Всего"	"1"	"3 958 106 000 000"
"Объем выполненных строительных работ (услуг)(Тысяч тенге казахских)"	"2021 год"	"202112"	"АТБАСАРСКИЙ РАЙОН"	"186"	"основной вид деятельности"	"2"	"Всего"	"1"	"Всего"	"1"	"8 747 295 000 000"
"Объем выполненных строительных работ (услуг)(Тысяч тенге казахских)"	"2022 год"	"202212"	"АТБАСАРСКИЙ РАЙОН"	"186"	"основной вид деятельности"	"2"	"Всего"	"1"	"Всего"	"1"	"7 958 170 000 000"
"Объем выполненных строительных работ (услуг)(Тысяч тенге казахских)"	"2017 год"	"201712"	"АТБАСАРСКИЙ РАЙОН"	"186"	"вторичный вид деятельности"	"3"	"Всего"	"1"	"Всего"	"1"	"365 003 000 000"
"Объем выполненных строительных работ (услуг)(Тысяч тенге казахских)"	"2016 год"	"201612"	"АТБАСАРСКИЙ РАЙОН"	"186"	"вторичный вид деятельности"	"3"	"Всего"	"1"	"Всего"	"1"	"243 643 000 000"
"Объем выполненных строительных работ (услуг)(Тысяч тенге казахских)"	"2018 год"	"201812"	"АТБАСАРСКИЙ РАЙОН"	"186"	"вторичный вид деятельности"	"3"	"Всего"	"1"	"Всего"	"1"	"308 586 000 000"
"Объем выполненных строительных работ (услуг)(Тысяч тенге казахских)"	"2019 год"	"201912"	"АТБАСАРСКИЙ РАЙОН"	"186"	"вторичный вид деятельности"	"3"	"Всего"	"1"	"Всего"	"1"	"1 191 245 000 000"
"Объем выполненных строительных работ (услуг)(Тысяч тенге казахских)"	"2020 год"	"202012"	"АТБАСАРСКИЙ РАЙОН"	"186"	"вторичный вид деятельности"	"3"	"Всего"	"1"	"Всего"	"1"	"602 715 000 000"
"Объем выполненных строительных работ (услуг)(Тысяч тенге казахских)"	"2021 год"	"202112"	"АТБАСАРСКИЙ РАЙОН"	"186"	"вторичный вид деятельности"	"3"	"Всего"	"1"	"Всего"	"1"	"1 176 891 000 000"
"Объем выполненных строительных работ (услуг)(Тысяч тенге казахских)"	"2022 год"	"202212"	"АТБАСАРСКИЙ РАЙОН"	"186"	"вторичный вид деятельности"	"3"	"Всего"	"1"	"Всего"	"1"	"397 829 000 000"
"Объем выполненных строительных работ (услуг)(Тысяч тенге казахских)"	"2017 год"	"201712"	"БУЛАНДЫНСКИЙ РАЙОН"	"253"	"Всего"	"1"	"Всего"	"1"	"Всего"	"1"	"4 332 083 000 000"
"Объем выполненных строительных работ (услуг)(Тысяч тенге казахских)"	"2016 год"	"201612"	"БУЛАНДЫНСКИЙ РАЙОН"	"253"	"Всего"	"1"	"Всего"	"1"	"Всего"	"1"	"2 049 577 000 000"
"Объем выполненных строительных работ (услуг)(Тысяч тенге казахских)"	"2018 год"	"201812"	"БУЛАНДЫНСКИЙ РАЙОН"	"253"	"Всего"	"1"	"Всего"	"1"	"Всего"	"1"	"7 608 979 000 000"
"Объем выполненных строительных работ (услуг)(Тысяч тенге казахских)"	"2019 год"	"201912"	"БУЛАНДЫНСКИЙ РАЙОН"	"253"	"Всего"	"1"	"Всего"	"1"	"Всего"	"1"	"8 078 128 000 000"
"Объем выполненных строительных работ (услуг)(Тысяч тенге казахских)"	"2020 год"	"202012"	"БУЛАНДЫНСКИЙ РАЙОН"	"253"	"Всего"	"1"	"Всего"	"1"	"Всего"	"1"	"11 574 352 000 000"
"Объем выполненных строительных работ (услуг)(Тысяч тенге казахских)"	"2021 год"	"202112"	"БУЛАНДЫНСКИЙ РАЙОН"	"253"	"Всего"	"1"	"Всего"	"1"	"Всего"	"1"	"7 198 751 000 000"
"Объем выполненных строительных работ (услуг)(Тысяч тенге казахских)"	"2022 год"	"202212"	"БУЛАНДЫНСКИЙ РАЙОН"	"253"	"Всего"	"1"	"Всего"	"1"	"Всего"	"1"	"16 873 416 000 000"
"Объем выполненных строительных работ (услуг)(Тысяч тенге казахских)"	"2017 год"	"201712"	"БУЛАНДЫНСКИЙ РАЙОН"	"253"	"основной вид деятельности"	"2"	"Всего"	"1"	"Всего"	"1"	"2 471 243 000 000"
"Объем выполненных строительных работ (услуг)(Тысяч тенге казахских)"	"2016 год"	"201612"	"БУЛАНДЫНСКИЙ РАЙОН"	"253"	"основной вид деятельности"	"2"	"Всего"	"1"	"Всего"	"1"	"1 699 892 000 000"
"Объем выполненных строительных работ (услуг)(Тысяч тенге казахских)"	"2018 год"	"201812"	"БУЛАНДЫНСКИЙ РАЙОН"	"253"	"основной вид деятельности"	"2"	"Всего"	"1"	"Всего"	"1"	"6 416 817 000 000"
"Объем выполненных строительных работ (услуг)(Тысяч тенге казахских)"	"2019 год"	"201912"	"БУЛАНДЫНСКИЙ РАЙОН"	"253"	"основной вид деятельности"	"2"	"Всего"	"1"	"Всего"	"1"	"7 153 803 000 000"
"Объем выполненных строительных работ (услуг)(Тысяч тенге казахских)"	"2020 год"	"202012"	"БУЛАНДЫНСКИЙ РАЙОН"	"253"	"основной вид деятельности"	"2"	"Всего"	"1"	"Всего"	"1"	"10 728 917 000 000"
"Объем выполненных строительных работ (услуг)(Тысяч тенге казахских)"	"2021 год"	"202112"	"БУЛАНДЫНСКИЙ РАЙОН"	"253"	"основной вид деятельности"	"2"	"Всего"	"1"	"Всего"	"1"	"5 435 103 000 000"
"Объем выполненных строительных работ (услуг)(Тысяч тенге казахских)"	"2022 год"	"202212"	"БУЛАНДЫНСКИЙ РАЙОН"	"253"	"основной вид деятельности"	"2"	"Всего"	"1"	"Всего"	"1"	"15 517 829 000 000"
"Объем выполненных строительных работ (услуг)(Тысяч тенге казахских)"	"2017 год"	"201712"	"БУЛАНДЫНСКИЙ РАЙОН"	"253"	"вторичный вид деятельности"	"3"	"Всего"	"1"	"Всего"	"1"	"1 860 840 000 000"
"Объем выполненных строительных работ (услуг)(Тысяч тенге казахских)"	"2016 год"	"201612"	"БУЛАНДЫНСКИЙ РАЙОН"	"253"	"вторичный вид деятельности"	"3"	"Всего"	"1"	"Всего"	"1"	"349 685 000 000"
"Объем выполненных строительных работ (услуг)(Тысяч тенге казахских)"	"2018 год"	"201812"	"БУЛАНДЫНСКИЙ РАЙОН"	"253"	"вторичный вид деятельности"	"3"	"Всего"	"1"	"Всего"	"1"	"1 192 162 000 000"
"Объем выполненных строительных работ (услуг)(Тысяч тенге казахских)"	"2019 год"	"201912"	"БУЛАНДЫНСКИЙ РАЙОН"	"253"	"вторичный вид деятельности"	"3"	"Всего"	"1"	"Всего"	"1"	"924 325 000 000"
"Объем выполненных строительных работ (услуг)(Тысяч тенге казахских)"	"2020 год"	"202012"	"БУЛАНДЫНСКИЙ РАЙОН"	"253"	"вторичный вид деятельности"	"3"	"Всего"	"1"	"Всего"	"1"	"845 435 000 000"
"Объем выполненных строительных работ (услуг)(Тысяч тенге казахских)"	"2021 год"	"202112"	"БУЛАНДЫНСКИЙ РАЙОН"	"253"	"вторичный вид деятельности"	"3"	"Всего"	"1"	"Всего"	"1"	"1 763 648 000 000"
"Объем выполненных строительных работ (услуг)(Тысяч тенге казахских)"	"2022 год"	"202212"	"БУЛАНДЫНСКИЙ РАЙОН"	"253"	"вторичный вид деятельности"	"3"	"Всего"	"1"	"Всего"	"1"	"1 355 587 000 000"
"Объем выполненных строительных работ (услуг)(Тысяч тенге казахских)"	"2017 год"	"201712"	"ЕГИНДЫКОЛЬСКИЙ РАЙОН"	"304"	"Всего"	"1"	"Всего"	"1"	"Всего"	"1"	"171 019 000 000"
"Объем выполненных строительных работ (услуг)(Тысяч тенге казахских)"	"2016 год"	"201612"	"ЕГИНДЫКОЛЬСКИЙ РАЙОН"	"304"	"Всего"	"1"	"Всего"	"1"	"Всего"	"1"	"385 235 000 000"
"Объем выполненных строительных работ (услуг)(Тысяч тенге казахских)"	"2018 год"	"201812"	"ЕГИНДЫКОЛЬСКИЙ РАЙОН"	"304"	"Всего"	"1"	"Всего"	"1"	"Всего"	"1"	"191 080 000 000"
"Объем выполненных строительных работ (услуг)(Тысяч тенге казахских)"	"2019 год"	"201912"	"ЕГИНДЫКОЛЬСКИЙ РАЙОН"	"304"	"Всего"	"1"	"Всего"	"1"	"Всего"	"1"	"160 039 000 000"
"Объем выполненных строительных работ (услуг)(Тысяч тенге казахских)"	"2020 год"	"202012"	"ЕГИНДЫКОЛЬСКИЙ РАЙОН"	"304"	"Всего"	"1"	"Всего"	"1"	"Всего"	"1"	"552 930 000 000"
"Объем выполненных строительных работ (услуг)(Тысяч тенге казахских)"	"2021 год"	"202112"	"ЕГИНДЫКОЛЬСКИЙ РАЙОН"	"304"	"Всего"	"1"	"Всего"	"1"	"Всего"	"1"	"670 441 000 000"
"Объем выполненных строительных работ (услуг)(Тысяч тенге казахских)"	"2022 год"	"202212"	"ЕГИНДЫКОЛЬСКИЙ РАЙОН"	"304"	"Всего"	"1"	"Всего"	"1"	"Всего"	"1"	"612 328 000 000"
"Объем выполненных строительных работ (услуг)(Тысяч тенге казахских)"	"2017 год"	"201712"	"ЕГИНДЫКОЛЬСКИЙ РАЙОН"	"304"	"основной вид деятельности"	"2"	"Всего"	"1"	"Всего"	"1"	"154 638 000 000"
"Объем выполненных строительных работ (услуг)(Тысяч тенге казахских)"	"2016 год"	"201612"	"ЕГИНДЫКОЛЬСКИЙ РАЙОН"	"304"	"основной вид деятельности"	"2"	"Всего"	"1"	"Всего"	"1"	"341 521 000 000"
"Объем выполненных строительных работ (услуг)(Тысяч тенге казахских)"	"2018 год"	"201812"	"ЕГИНДЫКОЛЬСКИЙ РАЙОН"	"304"	"основной вид деятельности"	"2"	"Всего"	"1"	"Всего"	"1"	"129 315 000 000"
"Объем выполненных строительных работ (услуг)(Тысяч тенге казахских)"	"2019 год"	"201912"	"ЕГИНДЫКОЛЬСКИЙ РАЙОН"	"304"	"основной вид деятельности"	"2"	"Всего"	"1"	"Всего"	"1"	"112 714 000 000"
"Объем выполненных строительных работ (услуг)(Тысяч тенге казахских)"	"2020 год"	"202012"	"ЕГИНДЫКОЛЬСКИЙ РАЙОН"	"304"	"основной вид деятельности"	"2"	"Всего"	"1"	"Всего"	"1"	"513 438 000 000"
"Объем выполненных строительных работ (услуг)(Тысяч тенге казахских)"	"2021 год"	"202112"	"ЕГИНДЫКОЛЬСКИЙ РАЙОН"	"304"	"основной вид деятельности"	"2"	"Всего"	"1"	"Всего"	"1"	"429 963 000 000"
"Объем выполненных строительных работ (услуг)(Тысяч тенге казахских)"	"2022 год"	"202212"	"ЕГИНДЫКОЛЬСКИЙ РАЙОН"	"304"	"основной вид деятельности"	"2"	"Всего"	"1"	"Всего"	"1"	"600 328 000 000"
"Объем выполненных строительных работ (услуг)(Тысяч тенге казахских)"	"2017 год"	"201712"	"ЕГИНДЫКОЛЬСКИЙ РАЙОН"	"304"	"вторичный вид деятельности"	"3"	"Всего"	"1"	"Всего"	"1"	"16 381 000 000"
"Объем выполненных строительных работ (услуг)(Тысяч тенге казахских)"	"2016 год"	"201612"	"ЕГИНДЫКОЛЬСКИЙ РАЙОН"	"304"	"вторичный вид деятельности"	"3"	"Всего"	"1"	"Всего"	"1"	"43 714 000 000"
"Объем выполненных строительных работ (услуг)(Тысяч тенге казахских)"	"2018 год"	"201812"	"ЕГИНДЫКОЛЬСКИЙ РАЙОН"	"304"	"вторичный вид деятельности"	"3"	"Всего"	"1"	"Всего"	"1"	"61 765 000 000"
"Объем выполненных строительных работ (услуг)(Тысяч тенге казахских)"	"2019 год"	"201912"	"ЕГИНДЫКОЛЬСКИЙ РАЙОН"	"304"	"вторичный вид деятельности"	"3"	"Всего"	"1"	"Всего"	"1"	"47 325 000 000"
"Объем выполненных строительных работ (услуг)(Тысяч тенге казахских)"	"2020 год"	"202012"	"ЕГИНДЫКОЛЬСКИЙ РАЙОН"	"304"	"вторичный вид деятельности"	"3"	"Всего"	"1"	"Всего"	"1"	"39 492 000 000"
"Объем выполненных строительных работ (услуг)(Тысяч тенге казахских)"	"2021 год"	"202112"	"ЕГИНДЫКОЛЬСКИЙ РАЙОН"	"304"	"вторичный вид деятельности"	"3"	"Всего"	"1"	"Всего"	"1"	"240 478 000 000"
"Объем выполненных строительных работ (услуг)(Тысяч тенге казахских)"	"2022 год"	"202212"	"ЕГИНДЫКОЛЬСКИЙ РАЙОН"	"304"	"вторичный вид деятельности"	"3"	"Всего"	"1"	"Всего"	"1"	"12 000 000 000"
"Объем выполненных строительных работ (услуг)(Тысяч тенге казахских)"	"2017 год"	"201712"	"РАЙОН БИРЖАН САЛ"	"328"	"Всего"	"1"	"Всего"	"1"	"Всего"	"1"	"712 260 000 000"
"Объем выполненных строительных работ (услуг)(Тысяч тенге казахских)"	"2016 год"	"201612"	"РАЙОН БИРЖАН САЛ"	"328"	"Всего"	"1"	"Всего"	"1"	"Всего"	"1"	"1 299 064 000 000"
"Объем выполненных строительных работ (услуг)(Тысяч тенге казахских)"	"2018 год"	"201812"	"РАЙОН БИРЖАН САЛ"	"328"	"Всего"	"1"	"Всего"	"1"	"Всего"	"1"	"1 174 658 000 000"
"Объем выполненных строительных работ (услуг)(Тысяч тенге казахских)"	"2019 год"	"201912"	"РАЙОН БИРЖАН САЛ"	"328"	"Всего"	"1"	"Всего"	"1"	"Всего"	"1"	"1 552 130 000 000"
"Объем выполненных строительных работ (услуг)(Тысяч тенге казахских)"	"2020 год"	"202012"	"РАЙОН БИРЖАН САЛ"	"328"	"Всего"	"1"	"Всего"	"1"	"Всего"	"1"	"3 271 008 000 000"
"Объем выполненных строительных работ (услуг)(Тысяч тенге казахских)"	"2021 год"	"202112"	"РАЙОН БИРЖАН САЛ"	"328"	"Всего"	"1"	"Всего"	"1"	"Всего"	"1"	"3 788 293 000 000"
"Объем выполненных строительных работ (услуг)(Тысяч тенге казахских)"	"2022 год"	"202212"	"РАЙОН БИРЖАН САЛ"	"328"	"Всего"	"1"	"Всего"	"1"	"Всего"	"1"	"2 716 399 000 000"
"Объем выполненных строительных работ (услуг)(Тысяч тенге казахских)"	"2017 год"	"201712"	"РАЙОН БИРЖАН САЛ"	"328"	"основной вид деятельности"	"2"	"Всего"	"1"	"Всего"	"1"	"712 260 000 000"
"Объем выполненных строительных работ (услуг)(Тысяч тенге казахских)"	"2016 год"	"201612"	"РАЙОН БИРЖАН САЛ"	"328"	"основной вид деятельности"	"2"	"Всего"	"1"	"Всего"	"1"	"1 227 064 000 000"
"Объем выполненных строительных работ (услуг)(Тысяч тенге казахских)"	"2018 год"	"201812"	"РАЙОН БИРЖАН САЛ"	"328"	"основной вид деятельности"	"2"	"Всего"	"1"	"Всего"	"1"	"1 174 658 000 000"
"Объем выполненных строительных работ (услуг)(Тысяч тенге казахских)"	"2019 год"	"201912"	"РАЙОН БИРЖАН САЛ"	"328"	"основной вид деятельности"	"2"	"Всего"	"1"	"Всего"	"1"	"1 489 438 000 000"
"Объем выполненных строительных работ (услуг)(Тысяч тенге казахских)"	"2020 год"	"202012"	"РАЙОН БИРЖАН САЛ"	"328"	"основной вид деятельности"	"2"	"Всего"	"1"	"Всего"	"1"	"2 267 652 000 000"
"Объем выполненных строительных работ (услуг)(Тысяч тенге казахских)"	"2021 год"	"202112"	"РАЙОН БИРЖАН САЛ"	"328"	"основной вид деятельности"	"2"	"Всего"	"1"	"Всего"	"1"	"3 788 293 000 000"
"Объем выполненных строительных работ (услуг)(Тысяч тенге казахских)"	"2022 год"	"202212"	"РАЙОН БИРЖАН САЛ"	"328"	"основной вид деятельности"	"2"	"Всего"	"1"	"Всего"	"1"	"2 624 010 000 000"
"Объем выполненных строительных работ (услуг)(Тысяч тенге казахских)"	"2016 год"	"201612"	"РАЙОН БИРЖАН САЛ"	"328"	"вторичный вид деятельности"	"3"	"Всего"	"1"	"Всего"	"1"	"72 000 000 000"
"Объем выполненных строительных работ (услуг)(Тысяч тенге казахских)"	"2019 год"	"201912"	"РАЙОН БИРЖАН САЛ"	"328"	"вторичный вид деятельности"	"3"	"Всего"	"1"	"Всего"	"1"	"62 692 000 000"
"Объем выполненных строительных работ (услуг)(Тысяч тенге казахских)"	"2020 год"	"202012"	"РАЙОН БИРЖАН САЛ"	"328"	"вторичный вид деятельности"	"3"	"Всего"	"1"	"Всего"	"1"	"1 003 356 000 000"
"Объем выполненных строительных работ (услуг)(Тысяч тенге казахских)"	"2022 год"	"202212"	"РАЙОН БИРЖАН САЛ"	"328"	"вторичный вид деятельности"	"3"	"Всего"	"1"	"Всего"	"1"	"92 389 000 000"
"Объем выполненных строительных работ (услуг)(Тысяч тенге казахских)"	"2017 год"	"201712"	"ЕРЕЙМЕНТАУСКИЙ РАЙОН"	"393"	"Всего"	"1"	"Всего"	"1"	"Всего"	"1"	"28 025 329 000 000"
"Объем выполненных строительных работ (услуг)(Тысяч тенге казахских)"	"2016 год"	"201612"	"ЕРЕЙМЕНТАУСКИЙ РАЙОН"	"393"	"Всего"	"1"	"Всего"	"1"	"Всего"	"1"	"22 676 955 000 000"
"Объем выполненных строительных работ (услуг)(Тысяч тенге казахских)"	"2018 год"	"201812"	"ЕРЕЙМЕНТАУСКИЙ РАЙОН"	"393"	"Всего"	"1"	"Всего"	"1"	"Всего"	"1"	"8 191 639 000 000"
"Объем выполненных строительных работ (услуг)(Тысяч тенге казахских)"	"2019 год"	"201912"	"ЕРЕЙМЕНТАУСКИЙ РАЙОН"	"393"	"Всего"	"1"	"Всего"	"1"	"Всего"	"1"	"1 677 228 000 000"
"Объем выполненных строительных работ (услуг)(Тысяч тенге казахских)"	"2020 год"	"202012"	"ЕРЕЙМЕНТАУСКИЙ РАЙОН"	"393"	"Всего"	"1"	"Всего"	"1"	"Всего"	"1"	"3 188 141 000 000"
"Объем выполненных строительных работ (услуг)(Тысяч тенге казахских)"	"2021 год"	"202112"	"ЕРЕЙМЕНТАУСКИЙ РАЙОН"	"393"	"Всего"	"1"	"Всего"	"1"	"Всего"	"1"	"4 153 546 000 000"
"Объем выполненных строительных работ (услуг)(Тысяч тенге казахских)"	"2022 год"	"202212"	"ЕРЕЙМЕНТАУСКИЙ РАЙОН"	"393"	"Всего"	"1"	"Всего"	"1"	"Всего"	"1"	"6 169 356 000 000"
"Объем выполненных строительных работ (услуг)(Тысяч тенге казахских)"	"2017 год"	"201712"	"ЕРЕЙМЕНТАУСКИЙ РАЙОН"	"393"	"основной вид деятельности"	"2"	"Всего"	"1"	"Всего"	"1"	"27 764 844 000 000"
"Объем выполненных строительных работ (услуг)(Тысяч тенге казахских)"	"2016 год"	"201612"	"ЕРЕЙМЕНТАУСКИЙ РАЙОН"	"393"	"основной вид деятельности"	"2"	"Всего"	"1"	"Всего"	"1"	"22 638 084 000 000"
"Объем выполненных строительных работ (услуг)(Тысяч тенге казахских)"	"2018 год"	"201812"	"ЕРЕЙМЕНТАУСКИЙ РАЙОН"	"393"	"основной вид деятельности"	"2"	"Всего"	"1"	"Всего"	"1"	"8 022 793 000 000"
"Объем выполненных строительных работ (услуг)(Тысяч тенге казахских)"	"2019 год"	"201912"	"ЕРЕЙМЕНТАУСКИЙ РАЙОН"	"393"	"основной вид деятельности"	"2"	"Всего"	"1"	"Всего"	"1"	"1 658 224 000 000"
"Объем выполненных строительных работ (услуг)(Тысяч тенге казахских)"	"2020 год"	"202012"	"ЕРЕЙМЕНТАУСКИЙ РАЙОН"	"393"	"основной вид деятельности"	"2"	"Всего"	"1"	"Всего"	"1"	"2 894 473 000 000"
"Объем выполненных строительных работ (услуг)(Тысяч тенге казахских)"	"2021 год"	"202112"	"ЕРЕЙМЕНТАУСКИЙ РАЙОН"	"393"	"основной вид деятельности"	"2"	"Всего"	"1"	"Всего"	"1"	"3 576 014 000 000"
"Объем выполненных строительных работ (услуг)(Тысяч тенге казахских)"	"2022 год"	"202212"	"ЕРЕЙМЕНТАУСКИЙ РАЙОН"	"393"	"основной вид деятельности"	"2"	"Всего"	"1"	"Всего"	"1"	"6 125 209 000 000"
"Объем выполненных строительных работ (услуг)(Тысяч тенге казахских)"	"2017 год"	"201712"	"ЕРЕЙМЕНТАУСКИЙ РАЙОН"	"393"	"вторичный вид деятельности"	"3"	"Всего"	"1"	"Всего"	"1"	"260 485 000 000"
"Объем выполненных строительных работ (услуг)(Тысяч тенге казахских)"	"2016 год"	"201612"	"ЕРЕЙМЕНТАУСКИЙ РАЙОН"	"393"	"вторичный вид деятельности"	"3"	"Всего"	"1"	"Всего"	"1"	"38 871 000 000"
"Объем выполненных строительных работ (услуг)(Тысяч тенге казахских)"	"2018 год"	"201812"	"ЕРЕЙМЕНТАУСКИЙ РАЙОН"	"393"	"вторичный вид деятельности"	"3"	"Всего"	"1"	"Всего"	"1"	"168 846 000 000"
"Объем выполненных строительных работ (услуг)(Тысяч тенге казахских)"	"2019 год"	"201912"	"ЕРЕЙМЕНТАУСКИЙ РАЙОН"	"393"	"вторичный вид деятельности"	"3"	"Всего"	"1"	"Всего"	"1"	"19 004 000 000"
"Объем выполненных строительных работ (услуг)(Тысяч тенге казахских)"	"2020 год"	"202012"	"ЕРЕЙМЕНТАУСКИЙ РАЙОН"	"393"	"вторичный вид деятельности"	"3"	"Всего"	"1"	"Всего"	"1"	"293 668 000 000"
"Объем выполненных строительных работ (услуг)(Тысяч тенге казахских)"	"2021 год"	"202112"	"ЕРЕЙМЕНТАУСКИЙ РАЙОН"	"393"	"вторичный вид деятельности"	"3"	"Всего"	"1"	"Всего"	"1"	"577 532 000 000"
"Объем выполненных строительных работ (услуг)(Тысяч тенге казахских)"	"2022 год"	"202212"	"ЕРЕЙМЕНТАУСКИЙ РАЙОН"	"393"	"вторичный вид деятельности"	"3"	"Всего"	"1"	"Всего"	"1"	"44 147 000 000"
"Объем выполненных строительных работ (услуг)(Тысяч тенге казахских)"	"2017 год"	"201712"	"ЕСИЛЬСКИЙ РАЙОН"	"488"	"Всего"	"1"	"Всего"	"1"	"Всего"	"1"	"2 976 556 000 000"
"Объем выполненных строительных работ (услуг)(Тысяч тенге казахских)"	"2016 год"	"201612"	"ЕСИЛЬСКИЙ РАЙОН"	"488"	"Всего"	"1"	"Всего"	"1"	"Всего"	"1"	"3 095 614 000 000"
"Объем выполненных строительных работ (услуг)(Тысяч тенге казахских)"	"2018 год"	"201812"	"ЕСИЛЬСКИЙ РАЙОН"	"488"	"Всего"	"1"	"Всего"	"1"	"Всего"	"1"	"2 619 872 000 000"
"Объем выполненных строительных работ (услуг)(Тысяч тенге казахских)"	"2019 год"	"201912"	"ЕСИЛЬСКИЙ РАЙОН"	"488"	"Всего"	"1"	"Всего"	"1"	"Всего"	"1"	"1 390 027 000 000"
"Объем выполненных строительных работ (услуг)(Тысяч тенге казахских)"	"2020 год"	"202012"	"ЕСИЛЬСКИЙ РАЙОН"	"488"	"Всего"	"1"	"Всего"	"1"	"Всего"	"1"	"2 465 758 000 000"
"Объем выполненных строительных работ (услуг)(Тысяч тенге казахских)"	"2021 год"	"202112"	"ЕСИЛЬСКИЙ РАЙОН"	"488"	"Всего"	"1"	"Всего"	"1"	"Всего"	"1"	"2 923 690 000 000"
"Объем выполненных строительных работ (услуг)(Тысяч тенге казахских)"	"2022 год"	"202212"	"ЕСИЛЬСКИЙ РАЙОН"	"488"	"Всего"	"1"	"Всего"	"1"	"Всего"	"1"	"2 985 103 000 000"
"Объем выполненных строительных работ (услуг)(Тысяч тенге казахских)"	"2017 год"	"201712"	"ЕСИЛЬСКИЙ РАЙОН"	"488"	"основной вид деятельности"	"2"	"Всего"	"1"	"Всего"	"1"	"2 920 389 000 000"
"Объем выполненных строительных работ (услуг)(Тысяч тенге казахских)"	"2016 год"	"201612"	"ЕСИЛЬСКИЙ РАЙОН"	"488"	"основной вид деятельности"	"2"	"Всего"	"1"	"Всего"	"1"	"3 009 163 000 000"
"Объем выполненных строительных работ (услуг)(Тысяч тенге казахских)"	"2018 год"	"201812"	"ЕСИЛЬСКИЙ РАЙОН"	"488"	"основной вид деятельности"	"2"	"Всего"	"1"	"Всего"	"1"	"2 555 155 000 000"
"Объем выполненных строительных работ (услуг)(Тысяч тенге казахских)"	"2019 год"	"201912"	"ЕСИЛЬСКИЙ РАЙОН"	"488"	"основной вид деятельности"	"2"	"Всего"	"1"	"Всего"	"1"	"1 226 463 000 000"
"Объем выполненных строительных работ (услуг)(Тысяч тенге казахских)"	"2020 год"	"202012"	"ЕСИЛЬСКИЙ РАЙОН"	"488"	"основной вид деятельности"	"2"	"Всего"	"1"	"Всего"	"1"	"2 436 214 000 000"
"Объем выполненных строительных работ (услуг)(Тысяч тенге казахских)"	"2021 год"	"202112"	"ЕСИЛЬСКИЙ РАЙОН"	"488"	"основной вид деятельности"	"2"	"Всего"	"1"	"Всего"	"1"	"2 724 678 000 000"
"Объем выполненных строительных работ (услуг)(Тысяч тенге казахских)"	"2022 год"	"202212"	"ЕСИЛЬСКИЙ РАЙОН"	"488"	"основной вид деятельности"	"2"	"Всего"	"1"	"Всего"	"1"	"2 898 766 000 000"
"Объем выполненных строительных работ (услуг)(Тысяч тенге казахских)"	"2017 год"	"201712"	"ЕСИЛЬСКИЙ РАЙОН"	"488"	"вторичный вид деятельности"	"3"	"Всего"	"1"	"Всего"	"1"	"56 167 000 000"
"Объем выполненных строительных работ (услуг)(Тысяч тенге казахских)"	"2016 год"	"201612"	"ЕСИЛЬСКИЙ РАЙОН"	"488"	"вторичный вид деятельности"	"3"	"Всего"	"1"	"Всего"	"1"	"86 451 000 000"
"Объем выполненных строительных работ (услуг)(Тысяч тенге казахских)"	"2018 год"	"201812"	"ЕСИЛЬСКИЙ РАЙОН"	"488"	"вторичный вид деятельности"	"3"	"Всего"	"1"	"Всего"	"1"	"64 717 000 000"
"Объем выполненных строительных работ (услуг)(Тысяч тенге казахских)"	"2019 год"	"201912"	"ЕСИЛЬСКИЙ РАЙОН"	"488"	"вторичный вид деятельности"	"3"	"Всего"	"1"	"Всего"	"1"	"163 564 000 000"
"Объем выполненных строительных работ (услуг)(Тысяч тенге казахских)"	"2020 год"	"202012"	"ЕСИЛЬСКИЙ РАЙОН"	"488"	"вторичный вид деятельности"	"3"	"Всего"	"1"	"Всего"	"1"	"29 544 000 000"
"Объем выполненных строительных работ (услуг)(Тысяч тенге казахских)"	"2021 год"	"202112"	"ЕСИЛЬСКИЙ РАЙОН"	"488"	"вторичный вид деятельности"	"3"	"Всего"	"1"	"Всего"	"1"	"199 012 000 000"
"Объем выполненных строительных работ (услуг)(Тысяч тенге казахских)"	"2022 год"	"202212"	"ЕСИЛЬСКИЙ РАЙОН"	"488"	"вторичный вид деятельности"	"3"	"Всего"	"1"	"Всего"	"1"	"86 337 000 000"
"Объем выполненных строительных работ (услуг)(Тысяч тенге казахских)"	"2017 год"	"201712"	"ЖАКСЫНСКИЙ РАЙОН"	"551"	"Всего"	"1"	"Всего"	"1"	"Всего"	"1"	"516 304 000 000"
"Объем выполненных строительных работ (услуг)(Тысяч тенге казахских)"	"2016 год"	"201612"	"ЖАКСЫНСКИЙ РАЙОН"	"551"	"Всего"	"1"	"Всего"	"1"	"Всего"	"1"	"982 439 000 000"
"Объем выполненных строительных работ (услуг)(Тысяч тенге казахских)"	"2018 год"	"201812"	"ЖАКСЫНСКИЙ РАЙОН"	"551"	"Всего"	"1"	"Всего"	"1"	"Всего"	"1"	"786 696 000 000"
"Объем выполненных строительных работ (услуг)(Тысяч тенге казахских)"	"2019 год"	"201912"	"ЖАКСЫНСКИЙ РАЙОН"	"551"	"Всего"	"1"	"Всего"	"1"	"Всего"	"1"	"1 367 264 000 000"
"Объем выполненных строительных работ (услуг)(Тысяч тенге казахских)"	"2020 год"	"202012"	"ЖАКСЫНСКИЙ РАЙОН"	"551"	"Всего"	"1"	"Всего"	"1"	"Всего"	"1"	"1 962 011 000 000"
"Объем выполненных строительных работ (услуг)(Тысяч тенге казахских)"	"2021 год"	"202112"	"ЖАКСЫНСКИЙ РАЙОН"	"551"	"Всего"	"1"	"Всего"	"1"	"Всего"	"1"	"3 949 348 000 000"
"Объем выполненных строительных работ (услуг)(Тысяч тенге казахских)"	"2022 год"	"202212"	"ЖАКСЫНСКИЙ РАЙОН"	"551"	"Всего"	"1"	"Всего"	"1"	"Всего"	"1"	"4 136 094 000 000"
"Объем выполненных строительных работ (услуг)(Тысяч тенге казахских)"	"2017 год"	"201712"	"ЖАКСЫНСКИЙ РАЙОН"	"551"	"основной вид деятельности"	"2"	"Всего"	"1"	"Всего"	"1"	"473 953 000 000"
"Объем выполненных строительных работ (услуг)(Тысяч тенге казахских)"	"2016 год"	"201612"	"ЖАКСЫНСКИЙ РАЙОН"	"551"	"основной вид деятельности"	"2"	"Всего"	"1"	"Всего"	"1"	"793 537 000 000"
"Объем выполненных строительных работ (услуг)(Тысяч тенге казахских)"	"2018 год"	"201812"	"ЖАКСЫНСКИЙ РАЙОН"	"551"	"основной вид деятельности"	"2"	"Всего"	"1"	"Всего"	"1"	"515 971 000 000"
"Объем выполненных строительных работ (услуг)(Тысяч тенге казахских)"	"2019 год"	"201912"	"ЖАКСЫНСКИЙ РАЙОН"	"551"	"основной вид деятельности"	"2"	"Всего"	"1"	"Всего"	"1"	"1 004 288 000 000"
"Объем выполненных строительных работ (услуг)(Тысяч тенге казахских)"	"2020 год"	"202012"	"ЖАКСЫНСКИЙ РАЙОН"	"551"	"основной вид деятельности"	"2"	"Всего"	"1"	"Всего"	"1"	"1 758 315 000 000"
"Объем выполненных строительных работ (услуг)(Тысяч тенге казахских)"	"2021 год"	"202112"	"ЖАКСЫНСКИЙ РАЙОН"	"551"	"основной вид деятельности"	"2"	"Всего"	"1"	"Всего"	"1"	"3 492 139 000 000"
"Объем выполненных строительных работ (услуг)(Тысяч тенге казахских)"	"2022 год"	"202212"	"ЖАКСЫНСКИЙ РАЙОН"	"551"	"основной вид деятельности"	"2"	"Всего"	"1"	"Всего"	"1"	"3 524 731 000 000"
"Объем выполненных строительных работ (услуг)(Тысяч тенге казахских)"	"2017 год"	"201712"	"ЖАКСЫНСКИЙ РАЙОН"	"551"	"вторичный вид деятельности"	"3"	"Всего"	"1"	"Всего"	"1"	"42 351 000 000"
"Объем выполненных строительных работ (услуг)(Тысяч тенге казахских)"	"2016 год"	"201612"	"ЖАКСЫНСКИЙ РАЙОН"	"551"	"вторичный вид деятельности"	"3"	"Всего"	"1"	"Всего"	"1"	"188 902 000 000"
"Объем выполненных строительных работ (услуг)(Тысяч тенге казахских)"	"2018 год"	"201812"	"ЖАКСЫНСКИЙ РАЙОН"	"551"	"вторичный вид деятельности"	"3"	"Всего"	"1"	"Всего"	"1"	"270 725 000 000"
"Объем выполненных строительных работ (услуг)(Тысяч тенге казахских)"	"2019 год"	"201912"	"ЖАКСЫНСКИЙ РАЙОН"	"551"	"вторичный вид деятельности"	"3"	"Всего"	"1"	"Всего"	"1"	"362 976 000 000"
"Объем выполненных строительных работ (услуг)(Тысяч тенге казахских)"	"2020 год"	"202012"	"ЖАКСЫНСКИЙ РАЙОН"	"551"	"вторичный вид деятельности"	"3"	"Всего"	"1"	"Всего"	"1"	"203 696 000 000"
"Объем выполненных строительных работ (услуг)(Тысяч тенге казахских)"	"2021 год"	"202112"	"ЖАКСЫНСКИЙ РАЙОН"	"551"	"вторичный вид деятельности"	"3"	"Всего"	"1"	"Всего"	"1"	"457 209 000 000"
"Объем выполненных строительных работ (услуг)(Тысяч тенге казахских)"	"2022 год"	"202212"	"ЖАКСЫНСКИЙ РАЙОН"	"551"	"вторичный вид деятельности"	"3"	"Всего"	"1"	"Всего"	"1"	"611 363 000 000"
"Объем выполненных строительных работ (услуг)(Тысяч тенге казахских)"	"2017 год"	"201712"	"ЖАРКАИНСКИЙ РАЙОН"	"608"	"Всего"	"1"	"Всего"	"1"	"Всего"	"1"	"1 969 723 000 000"
"Объем выполненных строительных работ (услуг)(Тысяч тенге казахских)"	"2016 год"	"201612"	"ЖАРКАИНСКИЙ РАЙОН"	"608"	"Всего"	"1"	"Всего"	"1"	"Всего"	"1"	"1 114 652 000 000"
"Объем выполненных строительных работ (услуг)(Тысяч тенге казахских)"	"2018 год"	"201812"	"ЖАРКАИНСКИЙ РАЙОН"	"608"	"Всего"	"1"	"Всего"	"1"	"Всего"	"1"	"2 118 545 000 000"
"Объем выполненных строительных работ (услуг)(Тысяч тенге казахских)"	"2019 год"	"201912"	"ЖАРКАИНСКИЙ РАЙОН"	"608"	"Всего"	"1"	"Всего"	"1"	"Всего"	"1"	"1 315 301 000 000"
"Объем выполненных строительных работ (услуг)(Тысяч тенге казахских)"	"2020 год"	"202012"	"ЖАРКАИНСКИЙ РАЙОН"	"608"	"Всего"	"1"	"Всего"	"1"	"Всего"	"1"	"1 113 642 000 000"
"Объем выполненных строительных работ (услуг)(Тысяч тенге казахских)"	"2021 год"	"202112"	"ЖАРКАИНСКИЙ РАЙОН"	"608"	"Всего"	"1"	"Всего"	"1"	"Всего"	"1"	"997 204 000 000"
"Объем выполненных строительных работ (услуг)(Тысяч тенге казахских)"	"2022 год"	"202212"	"ЖАРКАИНСКИЙ РАЙОН"	"608"	"Всего"	"1"	"Всего"	"1"	"Всего"	"1"	"1 630 554 000 000"
"Объем выполненных строительных работ (услуг)(Тысяч тенге казахских)"	"2017 год"	"201712"	"ЖАРКАИНСКИЙ РАЙОН"	"608"	"основной вид деятельности"	"2"	"Всего"	"1"	"Всего"	"1"	"1 866 736 000 000"
"Объем выполненных строительных работ (услуг)(Тысяч тенге казахских)"	"2016 год"	"201612"	"ЖАРКАИНСКИЙ РАЙОН"	"608"	"основной вид деятельности"	"2"	"Всего"	"1"	"Всего"	"1"	"1 036 503 000 000"
"Объем выполненных строительных работ (услуг)(Тысяч тенге казахских)"	"2018 год"	"201812"	"ЖАРКАИНСКИЙ РАЙОН"	"608"	"основной вид деятельности"	"2"	"Всего"	"1"	"Всего"	"1"	"2 088 412 000 000"
"Объем выполненных строительных работ (услуг)(Тысяч тенге казахских)"	"2019 год"	"201912"	"ЖАРКАИНСКИЙ РАЙОН"	"608"	"основной вид деятельности"	"2"	"Всего"	"1"	"Всего"	"1"	"1 186 044 000 000"
"Объем выполненных строительных работ (услуг)(Тысяч тенге казахских)"	"2020 год"	"202012"	"ЖАРКАИНСКИЙ РАЙОН"	"608"	"основной вид деятельности"	"2"	"Всего"	"1"	"Всего"	"1"	"976 933 000 000"
"Объем выполненных строительных работ (услуг)(Тысяч тенге казахских)"	"2021 год"	"202112"	"ЖАРКАИНСКИЙ РАЙОН"	"608"	"основной вид деятельности"	"2"	"Всего"	"1"	"Всего"	"1"	"583 608 000 000"
"Объем выполненных строительных работ (услуг)(Тысяч тенге казахских)"	"2022 год"	"202212"	"ЖАРКАИНСКИЙ РАЙОН"	"608"	"основной вид деятельности"	"2"	"Всего"	"1"	"Всего"	"1"	"1 334 107 000 000"
"Объем выполненных строительных работ (услуг)(Тысяч тенге казахских)"	"2017 год"	"201712"	"ЖАРКАИНСКИЙ РАЙОН"	"608"	"вторичный вид деятельности"	"3"	"Всего"	"1"	"Всего"	"1"	"102 987 000 000"
"Объем выполненных строительных работ (услуг)(Тысяч тенге казахских)"	"2016 год"	"201612"	"ЖАРКАИНСКИЙ РАЙОН"	"608"	"вторичный вид деятельности"	"3"	"Всего"	"1"	"Всего"	"1"	"78 149 000 000"
"Объем выполненных строительных работ (услуг)(Тысяч тенге казахских)"	"2018 год"	"201812"	"ЖАРКАИНСКИЙ РАЙОН"	"608"	"вторичный вид деятельности"	"3"	"Всего"	"1"	"Всего"	"1"	"30 133 000 000"
"Объем выполненных строительных работ (услуг)(Тысяч тенге казахских)"	"2019 год"	"201912"	"ЖАРКАИНСКИЙ РАЙОН"	"608"	"вторичный вид деятельности"	"3"	"Всего"	"1"	"Всего"	"1"	"129 257 000 000"
"Объем выполненных строительных работ (услуг)(Тысяч тенге казахских)"	"2020 год"	"202012"	"ЖАРКАИНСКИЙ РАЙОН"	"608"	"вторичный вид деятельности"	"3"	"Всего"	"1"	"Всего"	"1"	"136 709 000 000"
"Объем выполненных строительных работ (услуг)(Тысяч тенге казахских)"	"2021 год"	"202112"	"ЖАРКАИНСКИЙ РАЙОН"	"608"	"вторичный вид деятельности"	"3"	"Всего"	"1"	"Всего"	"1"	"413 596 000 000"
"Объем выполненных строительных работ (услуг)(Тысяч тенге казахских)"	"2022 год"	"202212"	"ЖАРКАИНСКИЙ РАЙОН"	"608"	"вторичный вид деятельности"	"3"	"Всего"	"1"	"Всего"	"1"	"296 447 000 000"
"Объем выполненных строительных работ (услуг)(Тысяч тенге казахских)"	"2017 год"	"201712"	"ЗЕРЕНДИНСКИЙ РАЙОН"	"664"	"Всего"	"1"	"Всего"	"1"	"Всего"	"1"	"5 757 292 000 000"
"Объем выполненных строительных работ (услуг)(Тысяч тенге казахских)"	"2016 год"	"201612"	"ЗЕРЕНДИНСКИЙ РАЙОН"	"664"	"Всего"	"1"	"Всего"	"1"	"Всего"	"1"	"2 876 001 000 000"
"Объем выполненных строительных работ (услуг)(Тысяч тенге казахских)"	"2018 год"	"201812"	"ЗЕРЕНДИНСКИЙ РАЙОН"	"664"	"Всего"	"1"	"Всего"	"1"	"Всего"	"1"	"7 292 065 000 000"
"Объем выполненных строительных работ (услуг)(Тысяч тенге казахских)"	"2019 год"	"201912"	"ЗЕРЕНДИНСКИЙ РАЙОН"	"664"	"Всего"	"1"	"Всего"	"1"	"Всего"	"1"	"9 742 421 000 000"
"Объем выполненных строительных работ (услуг)(Тысяч тенге казахских)"	"2020 год"	"202012"	"ЗЕРЕНДИНСКИЙ РАЙОН"	"664"	"Всего"	"1"	"Всего"	"1"	"Всего"	"1"	"6 800 433 000 000"
"Объем выполненных строительных работ (услуг)(Тысяч тенге казахских)"	"2021 год"	"202112"	"ЗЕРЕНДИНСКИЙ РАЙОН"	"664"	"Всего"	"1"	"Всего"	"1"	"Всего"	"1"	"7 509 905 000 000"
"Объем выполненных строительных работ (услуг)(Тысяч тенге казахских)"	"2022 год"	"202212"	"ЗЕРЕНДИНСКИЙ РАЙОН"	"664"	"Всего"	"1"	"Всего"	"1"	"Всего"	"1"	"7 838 718 000 000"
"Объем выполненных строительных работ (услуг)(Тысяч тенге казахских)"	"2017 год"	"201712"	"ЗЕРЕНДИНСКИЙ РАЙОН"	"664"	"основной вид деятельности"	"2"	"Всего"	"1"	"Всего"	"1"	"5 553 232 000 000"
"Объем выполненных строительных работ (услуг)(Тысяч тенге казахских)"	"2016 год"	"201612"	"ЗЕРЕНДИНСКИЙ РАЙОН"	"664"	"основной вид деятельности"	"2"	"Всего"	"1"	"Всего"	"1"	"1 810 655 000 000"
"Объем выполненных строительных работ (услуг)(Тысяч тенге казахских)"	"2018 год"	"201812"	"ЗЕРЕНДИНСКИЙ РАЙОН"	"664"	"основной вид деятельности"	"2"	"Всего"	"1"	"Всего"	"1"	"7 260 378 000 000"
"Объем выполненных строительных работ (услуг)(Тысяч тенге казахских)"	"2019 год"	"201912"	"ЗЕРЕНДИНСКИЙ РАЙОН"	"664"	"основной вид деятельности"	"2"	"Всего"	"1"	"Всего"	"1"	"8 291 240 000 000"
"Объем выполненных строительных работ (услуг)(Тысяч тенге казахских)"	"2020 год"	"202012"	"ЗЕРЕНДИНСКИЙ РАЙОН"	"664"	"основной вид деятельности"	"2"	"Всего"	"1"	"Всего"	"1"	"5 971 691 000 000"
"Объем выполненных строительных работ (услуг)(Тысяч тенге казахских)"	"2021 год"	"202112"	"ЗЕРЕНДИНСКИЙ РАЙОН"	"664"	"основной вид деятельности"	"2"	"Всего"	"1"	"Всего"	"1"	"6 789 931 000 000"
"Объем выполненных строительных работ (услуг)(Тысяч тенге казахских)"	"2022 год"	"202212"	"ЗЕРЕНДИНСКИЙ РАЙОН"	"664"	"основной вид деятельности"	"2"	"Всего"	"1"	"Всего"	"1"	"6 604 386 000 000"
"Объем выполненных строительных работ (услуг)(Тысяч тенге казахских)"	"2017 год"	"201712"	"ЗЕРЕНДИНСКИЙ РАЙОН"	"664"	"вторичный вид деятельности"	"3"	"Всего"	"1"	"Всего"	"1"	"204 060 000 000"
"Объем выполненных строительных работ (услуг)(Тысяч тенге казахских)"	"2016 год"	"201612"	"ЗЕРЕНДИНСКИЙ РАЙОН"	"664"	"вторичный вид деятельности"	"3"	"Всего"	"1"	"Всего"	"1"	"1 065 346 000 000"
"Объем выполненных строительных работ (услуг)(Тысяч тенге казахских)"	"2018 год"	"201812"	"ЗЕРЕНДИНСКИЙ РАЙОН"	"664"	"вторичный вид деятельности"	"3"	"Всего"	"1"	"Всего"	"1"	"31 687 000 000"
"Объем выполненных строительных работ (услуг)(Тысяч тенге казахских)"	"2019 год"	"201912"	"ЗЕРЕНДИНСКИЙ РАЙОН"	"664"	"вторичный вид деятельности"	"3"	"Всего"	"1"	"Всего"	"1"	"1 451 181 000 000"
"Объем выполненных строительных работ (услуг)(Тысяч тенге казахских)"	"2020 год"	"202012"	"ЗЕРЕНДИНСКИЙ РАЙОН"	"664"	"вторичный вид деятельности"	"3"	"Всего"	"1"	"Всего"	"1"	"828 742 000 000"
"Объем выполненных строительных работ (услуг)(Тысяч тенге казахских)"	"2021 год"	"202112"	"ЗЕРЕНДИНСКИЙ РАЙОН"	"664"	"вторичный вид деятельности"	"3"	"Всего"	"1"	"Всего"	"1"	"719 974 000 000"
"Объем выполненных строительных работ (услуг)(Тысяч тенге казахских)"	"2022 год"	"202212"	"ЗЕРЕНДИНСКИЙ РАЙОН"	"664"	"вторичный вид деятельности"	"3"	"Всего"	"1"	"Всего"	"1"	"1 234 332 000 000"
"Объем выполненных строительных работ (услуг)(Тысяч тенге казахских)"	"2017 год"	"201712"	"КОРГАЛЖЫНСКИЙ РАЙОН"	"790"	"Всего"	"1"	"Всего"	"1"	"Всего"	"1"	"1 268 249 000 000"
"Объем выполненных строительных работ (услуг)(Тысяч тенге казахских)"	"2016 год"	"201612"	"КОРГАЛЖЫНСКИЙ РАЙОН"	"790"	"Всего"	"1"	"Всего"	"1"	"Всего"	"1"	"221 347 000 000"
"Объем выполненных строительных работ (услуг)(Тысяч тенге казахских)"	"2018 год"	"201812"	"КОРГАЛЖЫНСКИЙ РАЙОН"	"790"	"Всего"	"1"	"Всего"	"1"	"Всего"	"1"	"195 397 000 000"
"Объем выполненных строительных работ (услуг)(Тысяч тенге казахских)"	"2019 год"	"201912"	"КОРГАЛЖЫНСКИЙ РАЙОН"	"790"	"Всего"	"1"	"Всего"	"1"	"Всего"	"1"	"331 340 000 000"
"Объем выполненных строительных работ (услуг)(Тысяч тенге казахских)"	"2020 год"	"202012"	"КОРГАЛЖЫНСКИЙ РАЙОН"	"790"	"Всего"	"1"	"Всего"	"1"	"Всего"	"1"	"629 478 000 000"
"Объем выполненных строительных работ (услуг)(Тысяч тенге казахских)"	"2021 год"	"202112"	"КОРГАЛЖЫНСКИЙ РАЙОН"	"790"	"Всего"	"1"	"Всего"	"1"	"Всего"	"1"	"1 343 073 000 000"
"Объем выполненных строительных работ (услуг)(Тысяч тенге казахских)"	"2022 год"	"202212"	"КОРГАЛЖЫНСКИЙ РАЙОН"	"790"	"Всего"	"1"	"Всего"	"1"	"Всего"	"1"	"2 762 956 000 000"
"Объем выполненных строительных работ (услуг)(Тысяч тенге казахских)"	"2017 год"	"201712"	"КОРГАЛЖЫНСКИЙ РАЙОН"	"790"	"основной вид деятельности"	"2"	"Всего"	"1"	"Всего"	"1"	"834 270 000 000"
"Объем выполненных строительных работ (услуг)(Тысяч тенге казахских)"	"2016 год"	"201612"	"КОРГАЛЖЫНСКИЙ РАЙОН"	"790"	"основной вид деятельности"	"2"	"Всего"	"1"	"Всего"	"1"	"72 265 000 000"
"Объем выполненных строительных работ (услуг)(Тысяч тенге казахских)"	"2018 год"	"201812"	"КОРГАЛЖЫНСКИЙ РАЙОН"	"790"	"основной вид деятельности"	"2"	"Всего"	"1"	"Всего"	"1"	"92 330 000 000"
"Объем выполненных строительных работ (услуг)(Тысяч тенге казахских)"	"2019 год"	"201912"	"КОРГАЛЖЫНСКИЙ РАЙОН"	"790"	"основной вид деятельности"	"2"	"Всего"	"1"	"Всего"	"1"	"25 340 000 000"
"Объем выполненных строительных работ (услуг)(Тысяч тенге казахских)"	"2020 год"	"202012"	"КОРГАЛЖЫНСКИЙ РАЙОН"	"790"	"основной вид деятельности"	"2"	"Всего"	"1"	"Всего"	"1"	"436 728 000 000"
"Объем выполненных строительных работ (услуг)(Тысяч тенге казахских)"	"2021 год"	"202112"	"КОРГАЛЖЫНСКИЙ РАЙОН"	"790"	"основной вид деятельности"	"2"	"Всего"	"1"	"Всего"	"1"	"991 222 000 000"
"Объем выполненных строительных работ (услуг)(Тысяч тенге казахских)"	"2022 год"	"202212"	"КОРГАЛЖЫНСКИЙ РАЙОН"	"790"	"основной вид деятельности"	"2"	"Всего"	"1"	"Всего"	"1"	"2 762 956 000 000"
"Объем выполненных строительных работ (услуг)(Тысяч тенге казахских)"	"2017 год"	"201712"	"КОРГАЛЖЫНСКИЙ РАЙОН"	"790"	"вторичный вид деятельности"	"3"	"Всего"	"1"	"Всего"	"1"	"433 979 000 000"
"Объем выполненных строительных работ (услуг)(Тысяч тенге казахских)"	"2016 год"	"201612"	"КОРГАЛЖЫНСКИЙ РАЙОН"	"790"	"вторичный вид деятельности"	"3"	"Всего"	"1"	"Всего"	"1"	"149 082 000 000"
"Объем выполненных строительных работ (услуг)(Тысяч тенге казахских)"	"2018 год"	"201812"	"КОРГАЛЖЫНСКИЙ РАЙОН"	"790"	"вторичный вид деятельности"	"3"	"Всего"	"1"	"Всего"	"1"	"103 067 000 000"
"Объем выполненных строительных работ (услуг)(Тысяч тенге казахских)"	"2019 год"	"201912"	"КОРГАЛЖЫНСКИЙ РАЙОН"	"790"	"вторичный вид деятельности"	"3"	"Всего"	"1"	"Всего"	"1"	"306 000 000 000"
"Объем выполненных строительных работ (услуг)(Тысяч тенге казахских)"	"2020 год"	"202012"	"КОРГАЛЖЫНСКИЙ РАЙОН"	"790"	"вторичный вид деятельности"	"3"	"Всего"	"1"	"Всего"	"1"	"192 750 000 000"
"Объем выполненных строительных работ (услуг)(Тысяч тенге казахских)"	"2021 год"	"202112"	"КОРГАЛЖЫНСКИЙ РАЙОН"	"790"	"вторичный вид деятельности"	"3"	"Всего"	"1"	"Всего"	"1"	"351 851 000 000"
"Объем выполненных строительных работ (услуг)(Тысяч тенге казахских)"	"2017 год"	"201712"	"САНДЫКТАУСКИЙ РАЙОН"	"824"	"Всего"	"1"	"Всего"	"1"	"Всего"	"1"	"770 922 000 000"
"Объем выполненных строительных работ (услуг)(Тысяч тенге казахских)"	"2016 год"	"201612"	"САНДЫКТАУСКИЙ РАЙОН"	"824"	"Всего"	"1"	"Всего"	"1"	"Всего"	"1"	"780 647 000 000"
"Объем выполненных строительных работ (услуг)(Тысяч тенге казахских)"	"2018 год"	"201812"	"САНДЫКТАУСКИЙ РАЙОН"	"824"	"Всего"	"1"	"Всего"	"1"	"Всего"	"1"	"1 106 277 000 000"
"Объем выполненных строительных работ (услуг)(Тысяч тенге казахских)"	"2019 год"	"201912"	"САНДЫКТАУСКИЙ РАЙОН"	"824"	"Всего"	"1"	"Всего"	"1"	"Всего"	"1"	"2 384 918 000 000"
"Объем выполненных строительных работ (услуг)(Тысяч тенге казахских)"	"2020 год"	"202012"	"САНДЫКТАУСКИЙ РАЙОН"	"824"	"Всего"	"1"	"Всего"	"1"	"Всего"	"1"	"3 235 228 000 000"
"Объем выполненных строительных работ (услуг)(Тысяч тенге казахских)"	"2021 год"	"202112"	"САНДЫКТАУСКИЙ РАЙОН"	"824"	"Всего"	"1"	"Всего"	"1"	"Всего"	"1"	"2 230 583 000 000"
"Объем выполненных строительных работ (услуг)(Тысяч тенге казахских)"	"2022 год"	"202212"	"САНДЫКТАУСКИЙ РАЙОН"	"824"	"Всего"	"1"	"Всего"	"1"	"Всего"	"1"	"1 561 440 000 000"
"Объем выполненных строительных работ (услуг)(Тысяч тенге казахских)"	"2017 год"	"201712"	"САНДЫКТАУСКИЙ РАЙОН"	"824"	"основной вид деятельности"	"2"	"Всего"	"1"	"Всего"	"1"	"697 537 000 000"
"Объем выполненных строительных работ (услуг)(Тысяч тенге казахских)"	"2016 год"	"201612"	"САНДЫКТАУСКИЙ РАЙОН"	"824"	"основной вид деятельности"	"2"	"Всего"	"1"	"Всего"	"1"	"538 332 000 000"
"Объем выполненных строительных работ (услуг)(Тысяч тенге казахских)"	"2018 год"	"201812"	"САНДЫКТАУСКИЙ РАЙОН"	"824"	"основной вид деятельности"	"2"	"Всего"	"1"	"Всего"	"1"	"1 102 750 000 000"
"Объем выполненных строительных работ (услуг)(Тысяч тенге казахских)"	"2019 год"	"201912"	"САНДЫКТАУСКИЙ РАЙОН"	"824"	"основной вид деятельности"	"2"	"Всего"	"1"	"Всего"	"1"	"2 241 565 000 000"
"Объем выполненных строительных работ (услуг)(Тысяч тенге казахских)"	"2020 год"	"202012"	"САНДЫКТАУСКИЙ РАЙОН"	"824"	"основной вид деятельности"	"2"	"Всего"	"1"	"Всего"	"1"	"3 222 868 000 000"
"Объем выполненных строительных работ (услуг)(Тысяч тенге казахских)"	"2021 год"	"202112"	"САНДЫКТАУСКИЙ РАЙОН"	"824"	"основной вид деятельности"	"2"	"Всего"	"1"	"Всего"	"1"	"2 209 322 000 000"
"Объем выполненных строительных работ (услуг)(Тысяч тенге казахских)"	"2022 год"	"202212"	"САНДЫКТАУСКИЙ РАЙОН"	"824"	"основной вид деятельности"	"2"	"Всего"	"1"	"Всего"	"1"	"1 496 440 000 000"
"Объем выполненных строительных работ (услуг)(Тысяч тенге казахских)"	"2017 год"	"201712"	"САНДЫКТАУСКИЙ РАЙОН"	"824"	"вторичный вид деятельности"	"3"	"Всего"	"1"	"Всего"	"1"	"73 385 000 000"
"Объем выполненных строительных работ (услуг)(Тысяч тенге казахских)"	"2016 год"	"201612"	"САНДЫКТАУСКИЙ РАЙОН"	"824"	"вторичный вид деятельности"	"3"	"Всего"	"1"	"Всего"	"1"	"242 315 000 000"
"Объем выполненных строительных работ (услуг)(Тысяч тенге казахских)"	"2018 год"	"201812"	"САНДЫКТАУСКИЙ РАЙОН"	"824"	"вторичный вид деятельности"	"3"	"Всего"	"1"	"Всего"	"1"	"3 527 000 000"
"Объем выполненных строительных работ (услуг)(Тысяч тенге казахских)"	"2019 год"	"201912"	"САНДЫКТАУСКИЙ РАЙОН"	"824"	"вторичный вид деятельности"	"3"	"Всего"	"1"	"Всего"	"1"	"143 353 000 000"
"Объем выполненных строительных работ (услуг)(Тысяч тенге казахских)"	"2020 год"	"202012"	"САНДЫКТАУСКИЙ РАЙОН"	"824"	"вторичный вид деятельности"	"3"	"Всего"	"1"	"Всего"	"1"	"12 360 000 000"
"Объем выполненных строительных работ (услуг)(Тысяч тенге казахских)"	"2021 год"	"202112"	"САНДЫКТАУСКИЙ РАЙОН"	"824"	"вторичный вид деятельности"	"3"	"Всего"	"1"	"Всего"	"1"	"21 261 000 000"
"Объем выполненных строительных работ (услуг)(Тысяч тенге казахских)"	"2022 год"	"202212"	"САНДЫКТАУСКИЙ РАЙОН"	"824"	"вторичный вид деятельности"	"3"	"Всего"	"1"	"Всего"	"1"	"65 000 000 000"
"Объем выполненных строительных работ (услуг)(Тысяч тенге казахских)"	"2017 год"	"201712"	"ЦЕЛИНОГРАДСКИЙ РАЙОН"	"889"	"Всего"	"1"	"Всего"	"1"	"Всего"	"1"	"15 041 649 000 000"
"Объем выполненных строительных работ (услуг)(Тысяч тенге казахских)"	"2016 год"	"201612"	"ЦЕЛИНОГРАДСКИЙ РАЙОН"	"889"	"Всего"	"1"	"Всего"	"1"	"Всего"	"1"	"14 631 452 000 000"
"Объем выполненных строительных работ (услуг)(Тысяч тенге казахских)"	"2018 год"	"201812"	"ЦЕЛИНОГРАДСКИЙ РАЙОН"	"889"	"Всего"	"1"	"Всего"	"1"	"Всего"	"1"	"11 340 827 000 000"
"Объем выполненных строительных работ (услуг)(Тысяч тенге казахских)"	"2019 год"	"201912"	"ЦЕЛИНОГРАДСКИЙ РАЙОН"	"889"	"Всего"	"1"	"Всего"	"1"	"Всего"	"1"	"19 867 330 000 000"
"Объем выполненных строительных работ (услуг)(Тысяч тенге казахских)"	"2020 год"	"202012"	"ЦЕЛИНОГРАДСКИЙ РАЙОН"	"889"	"Всего"	"1"	"Всего"	"1"	"Всего"	"1"	"25 551 546 000 000"
"Объем выполненных строительных работ (услуг)(Тысяч тенге казахских)"	"2021 год"	"202112"	"ЦЕЛИНОГРАДСКИЙ РАЙОН"	"889"	"Всего"	"1"	"Всего"	"1"	"Всего"	"1"	"22 317 016 000 000"
"Объем выполненных строительных работ (услуг)(Тысяч тенге казахских)"	"2022 год"	"202212"	"ЦЕЛИНОГРАДСКИЙ РАЙОН"	"889"	"Всего"	"1"	"Всего"	"1"	"Всего"	"1"	"31 211 309 000 000"
"Объем выполненных строительных работ (услуг)(Тысяч тенге казахских)"	"2017 год"	"201712"	"ЦЕЛИНОГРАДСКИЙ РАЙОН"	"889"	"основной вид деятельности"	"2"	"Всего"	"1"	"Всего"	"1"	"14 303 222 000 000"
"Объем выполненных строительных работ (услуг)(Тысяч тенге казахских)"	"2016 год"	"201612"	"ЦЕЛИНОГРАДСКИЙ РАЙОН"	"889"	"основной вид деятельности"	"2"	"Всего"	"1"	"Всего"	"1"	"14 219 323 000 000"
"Объем выполненных строительных работ (услуг)(Тысяч тенге казахских)"	"2018 год"	"201812"	"ЦЕЛИНОГРАДСКИЙ РАЙОН"	"889"	"основной вид деятельности"	"2"	"Всего"	"1"	"Всего"	"1"	"10 470 807 000 000"
"Объем выполненных строительных работ (услуг)(Тысяч тенге казахских)"	"2019 год"	"201912"	"ЦЕЛИНОГРАДСКИЙ РАЙОН"	"889"	"основной вид деятельности"	"2"	"Всего"	"1"	"Всего"	"1"	"18 323 627 000 000"
"Объем выполненных строительных работ (услуг)(Тысяч тенге казахских)"	"2020 год"	"202012"	"ЦЕЛИНОГРАДСКИЙ РАЙОН"	"889"	"основной вид деятельности"	"2"	"Всего"	"1"	"Всего"	"1"	"23 883 614 000 000"
"Объем выполненных строительных работ (услуг)(Тысяч тенге казахских)"	"2021 год"	"202112"	"ЦЕЛИНОГРАДСКИЙ РАЙОН"	"889"	"основной вид деятельности"	"2"	"Всего"	"1"	"Всего"	"1"	"18 034 140 000 000"
"Объем выполненных строительных работ (услуг)(Тысяч тенге казахских)"	"2022 год"	"202212"	"ЦЕЛИНОГРАДСКИЙ РАЙОН"	"889"	"основной вид деятельности"	"2"	"Всего"	"1"	"Всего"	"1"	"28 370 893 000 000"
"Объем выполненных строительных работ (услуг)(Тысяч тенге казахских)"	"2017 год"	"201712"	"ЦЕЛИНОГРАДСКИЙ РАЙОН"	"889"	"вторичный вид деятельности"	"3"	"Всего"	"1"	"Всего"	"1"	"738 427 000 000"
"Объем выполненных строительных работ (услуг)(Тысяч тенге казахских)"	"2016 год"	"201612"	"ЦЕЛИНОГРАДСКИЙ РАЙОН"	"889"	"вторичный вид деятельности"	"3"	"Всего"	"1"	"Всего"	"1"	"412 129 000 000"
"Объем выполненных строительных работ (услуг)(Тысяч тенге казахских)"	"2018 год"	"201812"	"ЦЕЛИНОГРАДСКИЙ РАЙОН"	"889"	"вторичный вид деятельности"	"3"	"Всего"	"1"	"Всего"	"1"	"870 020 000 000"
"Объем выполненных строительных работ (услуг)(Тысяч тенге казахских)"	"2019 год"	"201912"	"ЦЕЛИНОГРАДСКИЙ РАЙОН"	"889"	"вторичный вид деятельности"	"3"	"Всего"	"1"	"Всего"	"1"	"1 543 703 000 000"
"Объем выполненных строительных работ (услуг)(Тысяч тенге казахских)"	"2020 год"	"202012"	"ЦЕЛИНОГРАДСКИЙ РАЙОН"	"889"	"вторичный вид деятельности"	"3"	"Всего"	"1"	"Всего"	"1"	"1 667 932 000 000"
"Объем выполненных строительных работ (услуг)(Тысяч тенге казахских)"	"2021 год"	"202112"	"ЦЕЛИНОГРАДСКИЙ РАЙОН"	"889"	"вторичный вид деятельности"	"3"	"Всего"	"1"	"Всего"	"1"	"4 282 876 000 000"
"Объем выполненных строительных работ (услуг)(Тысяч тенге казахских)"	"2022 год"	"202212"	"ЦЕЛИНОГРАДСКИЙ РАЙОН"	"889"	"вторичный вид деятельности"	"3"	"Всего"	"1"	"Всего"	"1"	"2 840 416 000 000"
"Объем выполненных строительных работ (услуг)(Тысяч тенге казахских)"	"2017 год"	"201712"	"ШОРТАНДИНСКИЙ РАЙОН"	"965"	"Всего"	"1"	"Всего"	"1"	"Всего"	"1"	"3 868 209 000 000"
"Объем выполненных строительных работ (услуг)(Тысяч тенге казахских)"	"2016 год"	"201612"	"ШОРТАНДИНСКИЙ РАЙОН"	"965"	"Всего"	"1"	"Всего"	"1"	"Всего"	"1"	"3 216 639 000 000"
"Объем выполненных строительных работ (услуг)(Тысяч тенге казахских)"	"2018 год"	"201812"	"ШОРТАНДИНСКИЙ РАЙОН"	"965"	"Всего"	"1"	"Всего"	"1"	"Всего"	"1"	"3 649 281 000 000"
"Объем выполненных строительных работ (услуг)(Тысяч тенге казахских)"	"2019 год"	"201912"	"ШОРТАНДИНСКИЙ РАЙОН"	"965"	"Всего"	"1"	"Всего"	"1"	"Всего"	"1"	"7 874 488 000 000"
"Объем выполненных строительных работ (услуг)(Тысяч тенге казахских)"	"2020 год"	"202012"	"ШОРТАНДИНСКИЙ РАЙОН"	"965"	"Всего"	"1"	"Всего"	"1"	"Всего"	"1"	"4 605 532 000 000"
"Объем выполненных строительных работ (услуг)(Тысяч тенге казахских)"	"2021 год"	"202112"	"ШОРТАНДИНСКИЙ РАЙОН"	"965"	"Всего"	"1"	"Всего"	"1"	"Всего"	"1"	"5 996 793 000 000"
"Объем выполненных строительных работ (услуг)(Тысяч тенге казахских)"	"2022 год"	"202212"	"ШОРТАНДИНСКИЙ РАЙОН"	"965"	"Всего"	"1"	"Всего"	"1"	"Всего"	"1"	"11 898 205 000 000"
"Объем выполненных строительных работ (услуг)(Тысяч тенге казахских)"	"2017 год"	"201712"	"ШОРТАНДИНСКИЙ РАЙОН"	"965"	"основной вид деятельности"	"2"	"Всего"	"1"	"Всего"	"1"	"3 361 611 000 000"
"Объем выполненных строительных работ (услуг)(Тысяч тенге казахских)"	"2016 год"	"201612"	"ШОРТАНДИНСКИЙ РАЙОН"	"965"	"основной вид деятельности"	"2"	"Всего"	"1"	"Всего"	"1"	"2 517 137 000 000"
"Объем выполненных строительных работ (услуг)(Тысяч тенге казахских)"	"2018 год"	"201812"	"ШОРТАНДИНСКИЙ РАЙОН"	"965"	"основной вид деятельности"	"2"	"Всего"	"1"	"Всего"	"1"	"3 424 315 000 000"
"Объем выполненных строительных работ (услуг)(Тысяч тенге казахских)"	"2019 год"	"201912"	"ШОРТАНДИНСКИЙ РАЙОН"	"965"	"основной вид деятельности"	"2"	"Всего"	"1"	"Всего"	"1"	"7 855 703 000 000"
"Объем выполненных строительных работ (услуг)(Тысяч тенге казахских)"	"2020 год"	"202012"	"ШОРТАНДИНСКИЙ РАЙОН"	"965"	"основной вид деятельности"	"2"	"Всего"	"1"	"Всего"	"1"	"2 378 648 000 000"
"Объем выполненных строительных работ (услуг)(Тысяч тенге казахских)"	"2021 год"	"202112"	"ШОРТАНДИНСКИЙ РАЙОН"	"965"	"основной вид деятельности"	"2"	"Всего"	"1"	"Всего"	"1"	"5 595 618 000 000"
"Объем выполненных строительных работ (услуг)(Тысяч тенге казахских)"	"2022 год"	"202212"	"ШОРТАНДИНСКИЙ РАЙОН"	"965"	"основной вид деятельности"	"2"	"Всего"	"1"	"Всего"	"1"	"9 451 620 000 000"
"Объем выполненных строительных работ (услуг)(Тысяч тенге казахских)"	"2017 год"	"201712"	"ШОРТАНДИНСКИЙ РАЙОН"	"965"	"вторичный вид деятельности"	"3"	"Всего"	"1"	"Всего"	"1"	"506 598 000 000"
"Объем выполненных строительных работ (услуг)(Тысяч тенге казахских)"	"2016 год"	"201612"	"ШОРТАНДИНСКИЙ РАЙОН"	"965"	"вторичный вид деятельности"	"3"	"Всего"	"1"	"Всего"	"1"	"699 502 000 000"
"Объем выполненных строительных работ (услуг)(Тысяч тенге казахских)"	"2018 год"	"201812"	"ШОРТАНДИНСКИЙ РАЙОН"	"965"	"вторичный вид деятельности"	"3"	"Всего"	"1"	"Всего"	"1"	"224 966 000 000"
"Объем выполненных строительных работ (услуг)(Тысяч тенге казахских)"	"2019 год"	"201912"	"ШОРТАНДИНСКИЙ РАЙОН"	"965"	"вторичный вид деятельности"	"3"	"Всего"	"1"	"Всего"	"1"	"18 785 000 000"
"Объем выполненных строительных работ (услуг)(Тысяч тенге казахских)"	"2020 год"	"202012"	"ШОРТАНДИНСКИЙ РАЙОН"	"965"	"вторичный вид деятельности"	"3"	"Всего"	"1"	"Всего"	"1"	"2 226 884 000 000"
"Объем выполненных строительных работ (услуг)(Тысяч тенге казахских)"	"2021 год"	"202112"	"ШОРТАНДИНСКИЙ РАЙОН"	"965"	"вторичный вид деятельности"	"3"	"Всего"	"1"	"Всего"	"1"	"401 175 000 000"
"Объем выполненных строительных работ (услуг)(Тысяч тенге казахских)"	"2022 год"	"202212"	"ШОРТАНДИНСКИЙ РАЙОН"	"965"	"вторичный вид деятельности"	"3"	"Всего"	"1"	"Всего"	"1"	"2 446 585 000 000"
"Объем выполненных строительных работ (услуг)(Тысяч тенге казахских)"	"2017 год"	"201712"	"БУРАБАЙСКИЙ РАЙОН"	"1011"	"Всего"	"1"	"Всего"	"1"	"Всего"	"1"	"16 793 230 000 000"
"Объем выполненных строительных работ (услуг)(Тысяч тенге казахских)"	"2016 год"	"201612"	"БУРАБАЙСКИЙ РАЙОН"	"1011"	"Всего"	"1"	"Всего"	"1"	"Всего"	"1"	"7 709 340 000 000"
"Объем выполненных строительных работ (услуг)(Тысяч тенге казахских)"	"2018 год"	"201812"	"БУРАБАЙСКИЙ РАЙОН"	"1011"	"Всего"	"1"	"Всего"	"1"	"Всего"	"1"	"19 082 513 000 000"
"Объем выполненных строительных работ (услуг)(Тысяч тенге казахских)"	"2019 год"	"201912"	"БУРАБАЙСКИЙ РАЙОН"	"1011"	"Всего"	"1"	"Всего"	"1"	"Всего"	"1"	"21 002 624 000 000"
"Объем выполненных строительных работ (услуг)(Тысяч тенге казахских)"	"2020 год"	"202012"	"БУРАБАЙСКИЙ РАЙОН"	"1011"	"Всего"	"1"	"Всего"	"1"	"Всего"	"1"	"21 765 926 000 000"
"Объем выполненных строительных работ (услуг)(Тысяч тенге казахских)"	"2021 год"	"202112"	"БУРАБАЙСКИЙ РАЙОН"	"1011"	"Всего"	"1"	"Всего"	"1"	"Всего"	"1"	"27 899 940 000 000"
"Объем выполненных строительных работ (услуг)(Тысяч тенге казахских)"	"2022 год"	"202212"	"БУРАБАЙСКИЙ РАЙОН"	"1011"	"Всего"	"1"	"Всего"	"1"	"Всего"	"1"	"82 799 515 000 000"
"Объем выполненных строительных работ (услуг)(Тысяч тенге казахских)"	"2017 год"	"201712"	"БУРАБАЙСКИЙ РАЙОН"	"1011"	"основной вид деятельности"	"2"	"Всего"	"1"	"Всего"	"1"	"16 599 286 000 000"
"Объем выполненных строительных работ (услуг)(Тысяч тенге казахских)"	"2016 год"	"201612"	"БУРАБАЙСКИЙ РАЙОН"	"1011"	"основной вид деятельности"	"2"	"Всего"	"1"	"Всего"	"1"	"7 539 954 000 000"
"Объем выполненных строительных работ (услуг)(Тысяч тенге казахских)"	"2018 год"	"201812"	"БУРАБАЙСКИЙ РАЙОН"	"1011"	"основной вид деятельности"	"2"	"Всего"	"1"	"Всего"	"1"	"18 645 868 000 000"
"Объем выполненных строительных работ (услуг)(Тысяч тенге казахских)"	"2019 год"	"201912"	"БУРАБАЙСКИЙ РАЙОН"	"1011"	"основной вид деятельности"	"2"	"Всего"	"1"	"Всего"	"1"	"17 947 299 000 000"
"Объем выполненных строительных работ (услуг)(Тысяч тенге казахских)"	"2020 год"	"202012"	"БУРАБАЙСКИЙ РАЙОН"	"1011"	"основной вид деятельности"	"2"	"Всего"	"1"	"Всего"	"1"	"19 722 751 000 000"
"Объем выполненных строительных работ (услуг)(Тысяч тенге казахских)"	"2021 год"	"202112"	"БУРАБАЙСКИЙ РАЙОН"	"1011"	"основной вид деятельности"	"2"	"Всего"	"1"	"Всего"	"1"	"27 532 952 000 000"
"Объем выполненных строительных работ (услуг)(Тысяч тенге казахских)"	"2022 год"	"202212"	"БУРАБАЙСКИЙ РАЙОН"	"1011"	"основной вид деятельности"	"2"	"Всего"	"1"	"Всего"	"1"	"81 393 518 000 000"
"Объем выполненных строительных работ (услуг)(Тысяч тенге казахских)"	"2017 год"	"201712"	"БУРАБАЙСКИЙ РАЙОН"	"1011"	"вторичный вид деятельности"	"3"	"Всего"	"1"	"Всего"	"1"	"193 944 000 000"
"Объем выполненных строительных работ (услуг)(Тысяч тенге казахских)"	"2016 год"	"201612"	"БУРАБАЙСКИЙ РАЙОН"	"1011"	"вторичный вид деятельности"	"3"	"Всего"	"1"	"Всего"	"1"	"169 386 000 000"
"Объем выполненных строительных работ (услуг)(Тысяч тенге казахских)"	"2018 год"	"201812"	"БУРАБАЙСКИЙ РАЙОН"	"1011"	"вторичный вид деятельности"	"3"	"Всего"	"1"	"Всего"	"1"	"436 645 000 000"
"Объем выполненных строительных работ (услуг)(Тысяч тенге казахских)"	"2019 год"	"201912"	"БУРАБАЙСКИЙ РАЙОН"	"1011"	"вторичный вид деятельности"	"3"	"Всего"	"1"	"Всего"	"1"	"3 055 325 000 000"
"Объем выполненных строительных работ (услуг)(Тысяч тенге казахских)"	"2020 год"	"202012"	"БУРАБАЙСКИЙ РАЙОН"	"1011"	"вторичный вид деятельности"	"3"	"Всего"	"1"	"Всего"	"1"	"2 043 175 000 000"
"Объем выполненных строительных работ (услуг)(Тысяч тенге казахских)"	"2021 год"	"202112"	"БУРАБАЙСКИЙ РАЙОН"	"1011"	"вторичный вид деятельности"	"3"	"Всего"	"1"	"Всего"	"1"	"366 988 000 000"
"Объем выполненных строительных работ (услуг)(Тысяч тенге казахских)"	"2022 год"	"202212"	"БУРАБАЙСКИЙ РАЙОН"	"1011"	"вторичный вид деятельности"	"3"	"Всего"	"1"	"Всего"	"1"	"1 405 997 000 000"
"Объем выполненных строительных работ (услуг)(Тысяч тенге казахских)"	"2017 год"	"201712"	"АКТЮБИНСКАЯ ОБЛАСТЬ"	"1111"	"Всего"	"1"	"Всего"	"1"	"Всего"	"1"	"157 313 352 000 000"
"Объем выполненных строительных работ (услуг)(Тысяч тенге казахских)"	"2016 год"	"201612"	"АКТЮБИНСКАЯ ОБЛАСТЬ"	"1111"	"Всего"	"1"	"Всего"	"1"	"Всего"	"1"	"137 048 611 000 000"
"Объем выполненных строительных работ (услуг)(Тысяч тенге казахских)"	"2018 год"	"201812"	"АКТЮБИНСКАЯ ОБЛАСТЬ"	"1111"	"Всего"	"1"	"Всего"	"1"	"Всего"	"1"	"180 588 576 000 000"
"Объем выполненных строительных работ (услуг)(Тысяч тенге казахских)"	"2019 год"	"201912"	"АКТЮБИНСКАЯ ОБЛАСТЬ"	"1111"	"Всего"	"1"	"Всего"	"1"	"Всего"	"1"	"194 144 937 000 000"
"Объем выполненных строительных работ (услуг)(Тысяч тенге казахских)"	"2020 год"	"202012"	"АКТЮБИНСКАЯ ОБЛАСТЬ"	"1111"	"Всего"	"1"	"Всего"	"1"	"Всего"	"1"	"204 766 966 000 000"
"Объем выполненных строительных работ (услуг)(Тысяч тенге казахских)"	"2021 год"	"202112"	"АКТЮБИНСКАЯ ОБЛАСТЬ"	"1111"	"Всего"	"1"	"Всего"	"1"	"Всего"	"1"	"221 286 196 000 000"
"Объем выполненных строительных работ (услуг)(Тысяч тенге казахских)"	"2022 год"	"202212"	"АКТЮБИНСКАЯ ОБЛАСТЬ"	"1111"	"Всего"	"1"	"Всего"	"1"	"Всего"	"1"	"246 084 273 000 000"
"Объем выполненных строительных работ (услуг)(Тысяч тенге казахских)"	"2017 год"	"201712"	"АКТЮБИНСКАЯ ОБЛАСТЬ"	"1111"	"основной вид деятельности"	"2"	"Всего"	"1"	"Всего"	"1"	"142 897 190 000 000"
"Объем выполненных строительных работ (услуг)(Тысяч тенге казахских)"	"2016 год"	"201612"	"АКТЮБИНСКАЯ ОБЛАСТЬ"	"1111"	"основной вид деятельности"	"2"	"Всего"	"1"	"Всего"	"1"	"127 443 991 000 000"
"Объем выполненных строительных работ (услуг)(Тысяч тенге казахских)"	"2018 год"	"201812"	"АКТЮБИНСКАЯ ОБЛАСТЬ"	"1111"	"основной вид деятельности"	"2"	"Всего"	"1"	"Всего"	"1"	"165 626 168 000 000"
"Объем выполненных строительных работ (услуг)(Тысяч тенге казахских)"	"2019 год"	"201912"	"АКТЮБИНСКАЯ ОБЛАСТЬ"	"1111"	"основной вид деятельности"	"2"	"Всего"	"1"	"Всего"	"1"	"171 726 657 000 000"
"Объем выполненных строительных работ (услуг)(Тысяч тенге казахских)"	"2020 год"	"202012"	"АКТЮБИНСКАЯ ОБЛАСТЬ"	"1111"	"основной вид деятельности"	"2"	"Всего"	"1"	"Всего"	"1"	"182 355 242 000 000"
"Объем выполненных строительных работ (услуг)(Тысяч тенге казахских)"	"2021 год"	"202112"	"АКТЮБИНСКАЯ ОБЛАСТЬ"	"1111"	"основной вид деятельности"	"2"	"Всего"	"1"	"Всего"	"1"	"198 200 038 000 000"
"Объем выполненных строительных работ (услуг)(Тысяч тенге казахских)"	"2022 год"	"202212"	"АКТЮБИНСКАЯ ОБЛАСТЬ"	"1111"	"основной вид деятельности"	"2"	"Всего"	"1"	"Всего"	"1"	"210 295 304 000 000"
"Объем выполненных строительных работ (услуг)(Тысяч тенге казахских)"	"2017 год"	"201712"	"АКТЮБИНСКАЯ ОБЛАСТЬ"	"1111"	"вторичный вид деятельности"	"3"	"Всего"	"1"	"Всего"	"1"	"14 416 162 000 000"
"Объем выполненных строительных работ (услуг)(Тысяч тенге казахских)"	"2016 год"	"201612"	"АКТЮБИНСКАЯ ОБЛАСТЬ"	"1111"	"вторичный вид деятельности"	"3"	"Всего"	"1"	"Всего"	"1"	"9 604 620 000 000"
"Объем выполненных строительных работ (услуг)(Тысяч тенге казахских)"	"2018 год"	"201812"	"АКТЮБИНСКАЯ ОБЛАСТЬ"	"1111"	"вторичный вид деятельности"	"3"	"Всего"	"1"	"Всего"	"1"	"14 962 408 000 000"
"Объем выполненных строительных работ (услуг)(Тысяч тенге казахских)"	"2019 год"	"201912"	"АКТЮБИНСКАЯ ОБЛАСТЬ"	"1111"	"вторичный вид деятельности"	"3"	"Всего"	"1"	"Всего"	"1"	"22 418 280 000 000"
"Объем выполненных строительных работ (услуг)(Тысяч тенге казахских)"	"2020 год"	"202012"	"АКТЮБИНСКАЯ ОБЛАСТЬ"	"1111"	"вторичный вид деятельности"	"3"	"Всего"	"1"	"Всего"	"1"	"22 411 724 000 000"
"Объем выполненных строительных работ (услуг)(Тысяч тенге казахских)"	"2021 год"	"202112"	"АКТЮБИНСКАЯ ОБЛАСТЬ"	"1111"	"вторичный вид деятельности"	"3"	"Всего"	"1"	"Всего"	"1"	"23 086 158 000 000"
"Объем выполненных строительных работ (услуг)(Тысяч тенге казахских)"	"2022 год"	"202212"	"АКТЮБИНСКАЯ ОБЛАСТЬ"	"1111"	"вторичный вид деятельности"	"3"	"Всего"	"1"	"Всего"	"1"	"35 788 969 000 000"
"Объем выполненных строительных работ (услуг)(Тысяч тенге казахских)"	"2017 год"	"201712"	"АКТОБЕ Г.А."	"1112"	"Всего"	"1"	"Всего"	"1"	"Всего"	"1"	"69 519 666 000 000"
"Объем выполненных строительных работ (услуг)(Тысяч тенге казахских)"	"2016 год"	"201612"	"АКТОБЕ Г.А."	"1112"	"Всего"	"1"	"Всего"	"1"	"Всего"	"1"	"62 704 580 000 000"
"Объем выполненных строительных работ (услуг)(Тысяч тенге казахских)"	"2018 год"	"201812"	"АКТОБЕ Г.А."	"1112"	"Всего"	"1"	"Всего"	"1"	"Всего"	"1"	"78 636 096 000 000"
"Объем выполненных строительных работ (услуг)(Тысяч тенге казахских)"	"2019 год"	"201912"	"АКТОБЕ Г.А."	"1112"	"Всего"	"1"	"Всего"	"1"	"Всего"	"1"	"71 129 219 000 000"
"Объем выполненных строительных работ (услуг)(Тысяч тенге казахских)"	"2020 год"	"202012"	"АКТОБЕ Г.А."	"1112"	"Всего"	"1"	"Всего"	"1"	"Всего"	"1"	"76 072 756 000 000"
"Объем выполненных строительных работ (услуг)(Тысяч тенге казахских)"	"2021 год"	"202112"	"АКТОБЕ Г.А."	"1112"	"Всего"	"1"	"Всего"	"1"	"Всего"	"1"	"90 779 261 000 000"
"Объем выполненных строительных работ (услуг)(Тысяч тенге казахских)"	"2022 год"	"202212"	"АКТОБЕ Г.А."	"1112"	"Всего"	"1"	"Всего"	"1"	"Всего"	"1"	"97 497 261 000 000"
"Объем выполненных строительных работ (услуг)(Тысяч тенге казахских)"	"2017 год"	"201712"	"АКТОБЕ Г.А."	"1112"	"основной вид деятельности"	"2"	"Всего"	"1"	"Всего"	"1"	"66 566 141 000 000"
"Объем выполненных строительных работ (услуг)(Тысяч тенге казахских)"	"2016 год"	"201612"	"АКТОБЕ Г.А."	"1112"	"основной вид деятельности"	"2"	"Всего"	"1"	"Всего"	"1"	"59 896 711 000 000"
"Объем выполненных строительных работ (услуг)(Тысяч тенге казахских)"	"2018 год"	"201812"	"АКТОБЕ Г.А."	"1112"	"основной вид деятельности"	"2"	"Всего"	"1"	"Всего"	"1"	"75 076 371 000 000"
"Объем выполненных строительных работ (услуг)(Тысяч тенге казахских)"	"2019 год"	"201912"	"АКТОБЕ Г.А."	"1112"	"основной вид деятельности"	"2"	"Всего"	"1"	"Всего"	"1"	"60 984 132 000 000"
"Объем выполненных строительных работ (услуг)(Тысяч тенге казахских)"	"2020 год"	"202012"	"АКТОБЕ Г.А."	"1112"	"основной вид деятельности"	"2"	"Всего"	"1"	"Всего"	"1"	"68 612 881 000 000"
"Объем выполненных строительных работ (услуг)(Тысяч тенге казахских)"	"2021 год"	"202112"	"АКТОБЕ Г.А."	"1112"	"основной вид деятельности"	"2"	"Всего"	"1"	"Всего"	"1"	"87 038 716 000 000"
"Объем выполненных строительных работ (услуг)(Тысяч тенге казахских)"	"2022 год"	"202212"	"АКТОБЕ Г.А."	"1112"	"основной вид деятельности"	"2"	"Всего"	"1"	"Всего"	"1"	"90 942 222 000 000"
"Объем выполненных строительных работ (услуг)(Тысяч тенге казахских)"	"2017 год"	"201712"	"АКТОБЕ Г.А."	"1112"	"вторичный вид деятельности"	"3"	"Всего"	"1"	"Всего"	"1"	"2 953 525 000 000"
"Объем выполненных строительных работ (услуг)(Тысяч тенге казахских)"	"2016 год"	"201612"	"АКТОБЕ Г.А."	"1112"	"вторичный вид деятельности"	"3"	"Всего"	"1"	"Всего"	"1"	"2 807 869 000 000"
"Объем выполненных строительных работ (услуг)(Тысяч тенге казахских)"	"2018 год"	"201812"	"АКТОБЕ Г.А."	"1112"	"вторичный вид деятельности"	"3"	"Всего"	"1"	"Всего"	"1"	"3 559 725 000 000"
"Объем выполненных строительных работ (услуг)(Тысяч тенге казахских)"	"2019 год"	"201912"	"АКТОБЕ Г.А."	"1112"	"вторичный вид деятельности"	"3"	"Всего"	"1"	"Всего"	"1"	"10 145 087 000 000"
"Объем выполненных строительных работ (услуг)(Тысяч тенге казахских)"	"2020 год"	"202012"	"АКТОБЕ Г.А."	"1112"	"вторичный вид деятельности"	"3"	"Всего"	"1"	"Всего"	"1"	"7 459 875 000 000"
"Объем выполненных строительных работ (услуг)(Тысяч тенге казахских)"	"2021 год"	"202112"	"АКТОБЕ Г.А."	"1112"	"вторичный вид деятельности"	"3"	"Всего"	"1"	"Всего"	"1"	"3 740 545 000 000"
"Объем выполненных строительных работ (услуг)(Тысяч тенге казахских)"	"2022 год"	"202212"	"АКТОБЕ Г.А."	"1112"	"вторичный вид деятельности"	"3"	"Всего"	"1"	"Всего"	"1"	"6 555 039 000 000"
"Объем выполненных строительных работ (услуг)(Тысяч тенге казахских)"	"2017 год"	"201712"	"АЛГИНСКИЙ РАЙОН"	"1166"	"Всего"	"1"	"Всего"	"1"	"Всего"	"1"	"6 307 340 000 000"
"Объем выполненных строительных работ (услуг)(Тысяч тенге казахских)"	"2016 год"	"201612"	"АЛГИНСКИЙ РАЙОН"	"1166"	"Всего"	"1"	"Всего"	"1"	"Всего"	"1"	"2 591 537 000 000"
"Объем выполненных строительных работ (услуг)(Тысяч тенге казахских)"	"2018 год"	"201812"	"АЛГИНСКИЙ РАЙОН"	"1166"	"Всего"	"1"	"Всего"	"1"	"Всего"	"1"	"7 404 801 000 000"
"Объем выполненных строительных работ (услуг)(Тысяч тенге казахских)"	"2019 год"	"201912"	"АЛГИНСКИЙ РАЙОН"	"1166"	"Всего"	"1"	"Всего"	"1"	"Всего"	"1"	"2 972 493 000 000"
"Объем выполненных строительных работ (услуг)(Тысяч тенге казахских)"	"2020 год"	"202012"	"АЛГИНСКИЙ РАЙОН"	"1166"	"Всего"	"1"	"Всего"	"1"	"Всего"	"1"	"4 915 064 000 000"
"Объем выполненных строительных работ (услуг)(Тысяч тенге казахских)"	"2021 год"	"202112"	"АЛГИНСКИЙ РАЙОН"	"1166"	"Всего"	"1"	"Всего"	"1"	"Всего"	"1"	"6 945 878 000 000"
"Объем выполненных строительных работ (услуг)(Тысяч тенге казахских)"	"2022 год"	"202212"	"АЛГИНСКИЙ РАЙОН"	"1166"	"Всего"	"1"	"Всего"	"1"	"Всего"	"1"	"12 423 495 000 000"
"Объем выполненных строительных работ (услуг)(Тысяч тенге казахских)"	"2017 год"	"201712"	"АЛГИНСКИЙ РАЙОН"	"1166"	"основной вид деятельности"	"2"	"Всего"	"1"	"Всего"	"1"	"6 307 340 000 000"
"Объем выполненных строительных работ (услуг)(Тысяч тенге казахских)"	"2016 год"	"201612"	"АЛГИНСКИЙ РАЙОН"	"1166"	"основной вид деятельности"	"2"	"Всего"	"1"	"Всего"	"1"	"2 566 595 000 000"
"Объем выполненных строительных работ (услуг)(Тысяч тенге казахских)"	"2018 год"	"201812"	"АЛГИНСКИЙ РАЙОН"	"1166"	"основной вид деятельности"	"2"	"Всего"	"1"	"Всего"	"1"	"7 399 493 000 000"
"Объем выполненных строительных работ (услуг)(Тысяч тенге казахских)"	"2019 год"	"201912"	"АЛГИНСКИЙ РАЙОН"	"1166"	"основной вид деятельности"	"2"	"Всего"	"1"	"Всего"	"1"	"2 945 105 000 000"
"Объем выполненных строительных работ (услуг)(Тысяч тенге казахских)"	"2020 год"	"202012"	"АЛГИНСКИЙ РАЙОН"	"1166"	"основной вид деятельности"	"2"	"Всего"	"1"	"Всего"	"1"	"4 406 221 000 000"
"Объем выполненных строительных работ (услуг)(Тысяч тенге казахских)"	"2021 год"	"202112"	"АЛГИНСКИЙ РАЙОН"	"1166"	"основной вид деятельности"	"2"	"Всего"	"1"	"Всего"	"1"	"6 664 237 000 000"
"Объем выполненных строительных работ (услуг)(Тысяч тенге казахских)"	"2022 год"	"202212"	"АЛГИНСКИЙ РАЙОН"	"1166"	"основной вид деятельности"	"2"	"Всего"	"1"	"Всего"	"1"	"12 229 220 000 000"
"Объем выполненных строительных работ (услуг)(Тысяч тенге казахских)"	"2016 год"	"201612"	"АЛГИНСКИЙ РАЙОН"	"1166"	"вторичный вид деятельности"	"3"	"Всего"	"1"	"Всего"	"1"	"24 942 000 000"
"Объем выполненных строительных работ (услуг)(Тысяч тенге казахских)"	"2018 год"	"201812"	"АЛГИНСКИЙ РАЙОН"	"1166"	"вторичный вид деятельности"	"3"	"Всего"	"1"	"Всего"	"1"	"5 308 000 000"
"Объем выполненных строительных работ (услуг)(Тысяч тенге казахских)"	"2019 год"	"201912"	"АЛГИНСКИЙ РАЙОН"	"1166"	"вторичный вид деятельности"	"3"	"Всего"	"1"	"Всего"	"1"	"27 388 000 000"
"Объем выполненных строительных работ (услуг)(Тысяч тенге казахских)"	"2020 год"	"202012"	"АЛГИНСКИЙ РАЙОН"	"1166"	"вторичный вид деятельности"	"3"	"Всего"	"1"	"Всего"	"1"	"508 843 000 000"
"Объем выполненных строительных работ (услуг)(Тысяч тенге казахских)"	"2021 год"	"202112"	"АЛГИНСКИЙ РАЙОН"	"1166"	"вторичный вид деятельности"	"3"	"Всего"	"1"	"Всего"	"1"	"281 641 000 000"
"Объем выполненных строительных работ (услуг)(Тысяч тенге казахских)"	"2022 год"	"202212"	"АЛГИНСКИЙ РАЙОН"	"1166"	"вторичный вид деятельности"	"3"	"Всего"	"1"	"Всего"	"1"	"194 275 000 000"
"Объем выполненных строительных работ (услуг)(Тысяч тенге казахских)"	"2017 год"	"201712"	"АЙТЕКЕБИЙСКИЙ РАЙОН"	"1258"	"Всего"	"1"	"Всего"	"1"	"Всего"	"1"	"3 445 231 000 000"
"Объем выполненных строительных работ (услуг)(Тысяч тенге казахских)"	"2016 год"	"201612"	"АЙТЕКЕБИЙСКИЙ РАЙОН"	"1258"	"Всего"	"1"	"Всего"	"1"	"Всего"	"1"	"2 453 812 000 000"
"Объем выполненных строительных работ (услуг)(Тысяч тенге казахских)"	"2018 год"	"201812"	"АЙТЕКЕБИЙСКИЙ РАЙОН"	"1258"	"Всего"	"1"	"Всего"	"1"	"Всего"	"1"	"3 819 075 000 000"
"Объем выполненных строительных работ (услуг)(Тысяч тенге казахских)"	"2019 год"	"201912"	"АЙТЕКЕБИЙСКИЙ РАЙОН"	"1258"	"Всего"	"1"	"Всего"	"1"	"Всего"	"1"	"2 246 122 000 000"
"Объем выполненных строительных работ (услуг)(Тысяч тенге казахских)"	"2020 год"	"202012"	"АЙТЕКЕБИЙСКИЙ РАЙОН"	"1258"	"Всего"	"1"	"Всего"	"1"	"Всего"	"1"	"3 893 690 000 000"
"Объем выполненных строительных работ (услуг)(Тысяч тенге казахских)"	"2021 год"	"202112"	"АЙТЕКЕБИЙСКИЙ РАЙОН"	"1258"	"Всего"	"1"	"Всего"	"1"	"Всего"	"1"	"4 818 935 000 000"
"Объем выполненных строительных работ (услуг)(Тысяч тенге казахских)"	"2022 год"	"202212"	"АЙТЕКЕБИЙСКИЙ РАЙОН"	"1258"	"Всего"	"1"	"Всего"	"1"	"Всего"	"1"	"7 854 212 000 000"
"Объем выполненных строительных работ (услуг)(Тысяч тенге казахских)"	"2017 год"	"201712"	"АЙТЕКЕБИЙСКИЙ РАЙОН"	"1258"	"основной вид деятельности"	"2"	"Всего"	"1"	"Всего"	"1"	"1 706 371 000 000"
"Объем выполненных строительных работ (услуг)(Тысяч тенге казахских)"	"2016 год"	"201612"	"АЙТЕКЕБИЙСКИЙ РАЙОН"	"1258"	"основной вид деятельности"	"2"	"Всего"	"1"	"Всего"	"1"	"2 453 812 000 000"
"Объем выполненных строительных работ (услуг)(Тысяч тенге казахских)"	"2018 год"	"201812"	"АЙТЕКЕБИЙСКИЙ РАЙОН"	"1258"	"основной вид деятельности"	"2"	"Всего"	"1"	"Всего"	"1"	"3 446 399 000 000"
"Объем выполненных строительных работ (услуг)(Тысяч тенге казахских)"	"2019 год"	"201912"	"АЙТЕКЕБИЙСКИЙ РАЙОН"	"1258"	"основной вид деятельности"	"2"	"Всего"	"1"	"Всего"	"1"	"2 212 061 000 000"
"Объем выполненных строительных работ (услуг)(Тысяч тенге казахских)"	"2020 год"	"202012"	"АЙТЕКЕБИЙСКИЙ РАЙОН"	"1258"	"основной вид деятельности"	"2"	"Всего"	"1"	"Всего"	"1"	"3 832 564 000 000"
"Объем выполненных строительных работ (услуг)(Тысяч тенге казахских)"	"2021 год"	"202112"	"АЙТЕКЕБИЙСКИЙ РАЙОН"	"1258"	"основной вид деятельности"	"2"	"Всего"	"1"	"Всего"	"1"	"4 818 935 000 000"
"Объем выполненных строительных работ (услуг)(Тысяч тенге казахских)"	"2022 год"	"202212"	"АЙТЕКЕБИЙСКИЙ РАЙОН"	"1258"	"основной вид деятельности"	"2"	"Всего"	"1"	"Всего"	"1"	"7 716 261 000 000"
"Объем выполненных строительных работ (услуг)(Тысяч тенге казахских)"	"2017 год"	"201712"	"АЙТЕКЕБИЙСКИЙ РАЙОН"	"1258"	"вторичный вид деятельности"	"3"	"Всего"	"1"	"Всего"	"1"	"1 738 860 000 000"
"Объем выполненных строительных работ (услуг)(Тысяч тенге казахских)"	"2018 год"	"201812"	"АЙТЕКЕБИЙСКИЙ РАЙОН"	"1258"	"вторичный вид деятельности"	"3"	"Всего"	"1"	"Всего"	"1"	"372 676 000 000"
"Объем выполненных строительных работ (услуг)(Тысяч тенге казахских)"	"2019 год"	"201912"	"АЙТЕКЕБИЙСКИЙ РАЙОН"	"1258"	"вторичный вид деятельности"	"3"	"Всего"	"1"	"Всего"	"1"	"34 061 000 000"
"Объем выполненных строительных работ (услуг)(Тысяч тенге казахских)"	"2020 год"	"202012"	"АЙТЕКЕБИЙСКИЙ РАЙОН"	"1258"	"вторичный вид деятельности"	"3"	"Всего"	"1"	"Всего"	"1"	"61 126 000 000"
"Объем выполненных строительных работ (услуг)(Тысяч тенге казахских)"	"2022 год"	"202212"	"АЙТЕКЕБИЙСКИЙ РАЙОН"	"1258"	"вторичный вид деятельности"	"3"	"Всего"	"1"	"Всего"	"1"	"137 951 000 000"
"Объем выполненных строительных работ (услуг)(Тысяч тенге казахских)"	"2017 год"	"201712"	"БАЙГАНИНСКИЙ РАЙОН"	"1406"	"Всего"	"1"	"Всего"	"1"	"Всего"	"1"	"3 687 101 000 000"
"Объем выполненных строительных работ (услуг)(Тысяч тенге казахских)"	"2016 год"	"201612"	"БАЙГАНИНСКИЙ РАЙОН"	"1406"	"Всего"	"1"	"Всего"	"1"	"Всего"	"1"	"4 916 790 000 000"
"Объем выполненных строительных работ (услуг)(Тысяч тенге казахских)"	"2018 год"	"201812"	"БАЙГАНИНСКИЙ РАЙОН"	"1406"	"Всего"	"1"	"Всего"	"1"	"Всего"	"1"	"17 876 829 000 000"
"Объем выполненных строительных работ (услуг)(Тысяч тенге казахских)"	"2019 год"	"201912"	"БАЙГАНИНСКИЙ РАЙОН"	"1406"	"Всего"	"1"	"Всего"	"1"	"Всего"	"1"	"28 023 562 000 000"
"Объем выполненных строительных работ (услуг)(Тысяч тенге казахских)"	"2020 год"	"202012"	"БАЙГАНИНСКИЙ РАЙОН"	"1406"	"Всего"	"1"	"Всего"	"1"	"Всего"	"1"	"30 487 707 000 000"
"Объем выполненных строительных работ (услуг)(Тысяч тенге казахских)"	"2021 год"	"202112"	"БАЙГАНИНСКИЙ РАЙОН"	"1406"	"Всего"	"1"	"Всего"	"1"	"Всего"	"1"	"8 091 706 000 000"
"Объем выполненных строительных работ (услуг)(Тысяч тенге казахских)"	"2022 год"	"202212"	"БАЙГАНИНСКИЙ РАЙОН"	"1406"	"Всего"	"1"	"Всего"	"1"	"Всего"	"1"	"8 424 407 000 000"
"Объем выполненных строительных работ (услуг)(Тысяч тенге казахских)"	"2017 год"	"201712"	"БАЙГАНИНСКИЙ РАЙОН"	"1406"	"основной вид деятельности"	"2"	"Всего"	"1"	"Всего"	"1"	"3 627 138 000 000"
"Объем выполненных строительных работ (услуг)(Тысяч тенге казахских)"	"2016 год"	"201612"	"БАЙГАНИНСКИЙ РАЙОН"	"1406"	"основной вид деятельности"	"2"	"Всего"	"1"	"Всего"	"1"	"4 911 790 000 000"
"Объем выполненных строительных работ (услуг)(Тысяч тенге казахских)"	"2018 год"	"201812"	"БАЙГАНИНСКИЙ РАЙОН"	"1406"	"основной вид деятельности"	"2"	"Всего"	"1"	"Всего"	"1"	"17 695 066 000 000"
"Объем выполненных строительных работ (услуг)(Тысяч тенге казахских)"	"2019 год"	"201912"	"БАЙГАНИНСКИЙ РАЙОН"	"1406"	"основной вид деятельности"	"2"	"Всего"	"1"	"Всего"	"1"	"27 834 731 000 000"
"Объем выполненных строительных работ (услуг)(Тысяч тенге казахских)"	"2020 год"	"202012"	"БАЙГАНИНСКИЙ РАЙОН"	"1406"	"основной вид деятельности"	"2"	"Всего"	"1"	"Всего"	"1"	"29 576 403 000 000"
"Объем выполненных строительных работ (услуг)(Тысяч тенге казахских)"	"2021 год"	"202112"	"БАЙГАНИНСКИЙ РАЙОН"	"1406"	"основной вид деятельности"	"2"	"Всего"	"1"	"Всего"	"1"	"5 870 744 000 000"
"Объем выполненных строительных работ (услуг)(Тысяч тенге казахских)"	"2022 год"	"202212"	"БАЙГАНИНСКИЙ РАЙОН"	"1406"	"основной вид деятельности"	"2"	"Всего"	"1"	"Всего"	"1"	"8 265 620 000 000"
"Объем выполненных строительных работ (услуг)(Тысяч тенге казахских)"	"2017 год"	"201712"	"БАЙГАНИНСКИЙ РАЙОН"	"1406"	"вторичный вид деятельности"	"3"	"Всего"	"1"	"Всего"	"1"	"59 963 000 000"
"Объем выполненных строительных работ (услуг)(Тысяч тенге казахских)"	"2016 год"	"201612"	"БАЙГАНИНСКИЙ РАЙОН"	"1406"	"вторичный вид деятельности"	"3"	"Всего"	"1"	"Всего"	"1"	"5 000 000 000"
"Объем выполненных строительных работ (услуг)(Тысяч тенге казахских)"	"2018 год"	"201812"	"БАЙГАНИНСКИЙ РАЙОН"	"1406"	"вторичный вид деятельности"	"3"	"Всего"	"1"	"Всего"	"1"	"181 763 000 000"
"Объем выполненных строительных работ (услуг)(Тысяч тенге казахских)"	"2019 год"	"201912"	"БАЙГАНИНСКИЙ РАЙОН"	"1406"	"вторичный вид деятельности"	"3"	"Всего"	"1"	"Всего"	"1"	"188 831 000 000"
"Объем выполненных строительных работ (услуг)(Тысяч тенге казахских)"	"2020 год"	"202012"	"БАЙГАНИНСКИЙ РАЙОН"	"1406"	"вторичный вид деятельности"	"3"	"Всего"	"1"	"Всего"	"1"	"911 304 000 000"
"Объем выполненных строительных работ (услуг)(Тысяч тенге казахских)"	"2021 год"	"202112"	"БАЙГАНИНСКИЙ РАЙОН"	"1406"	"вторичный вид деятельности"	"3"	"Всего"	"1"	"Всего"	"1"	"2 220 962 000 000"
"Объем выполненных строительных работ (услуг)(Тысяч тенге казахских)"	"2022 год"	"202212"	"БАЙГАНИНСКИЙ РАЙОН"	"1406"	"вторичный вид деятельности"	"3"	"Всего"	"1"	"Всего"	"1"	"158 787 000 000"
"Объем выполненных строительных работ (услуг)(Тысяч тенге казахских)"	"2017 год"	"201712"	"КАРГАЛИНСКИЙ РАЙОН"	"1673"	"Всего"	"1"	"Всего"	"1"	"Всего"	"1"	"3 033 566 000 000"
"Объем выполненных строительных работ (услуг)(Тысяч тенге казахских)"	"2016 год"	"201612"	"КАРГАЛИНСКИЙ РАЙОН"	"1673"	"Всего"	"1"	"Всего"	"1"	"Всего"	"1"	"913 411 000 000"
"Объем выполненных строительных работ (услуг)(Тысяч тенге казахских)"	"2018 год"	"201812"	"КАРГАЛИНСКИЙ РАЙОН"	"1673"	"Всего"	"1"	"Всего"	"1"	"Всего"	"1"	"8 135 009 000 000"
"Объем выполненных строительных работ (услуг)(Тысяч тенге казахских)"	"2019 год"	"201912"	"КАРГАЛИНСКИЙ РАЙОН"	"1673"	"Всего"	"1"	"Всего"	"1"	"Всего"	"1"	"10 306 053 000 000"
"Объем выполненных строительных работ (услуг)(Тысяч тенге казахских)"	"2020 год"	"202012"	"КАРГАЛИНСКИЙ РАЙОН"	"1673"	"Всего"	"1"	"Всего"	"1"	"Всего"	"1"	"11 452 821 000 000"
"Объем выполненных строительных работ (услуг)(Тысяч тенге казахских)"	"2021 год"	"202112"	"КАРГАЛИНСКИЙ РАЙОН"	"1673"	"Всего"	"1"	"Всего"	"1"	"Всего"	"1"	"11 540 171 000 000"
"Объем выполненных строительных работ (услуг)(Тысяч тенге казахских)"	"2022 год"	"202212"	"КАРГАЛИНСКИЙ РАЙОН"	"1673"	"Всего"	"1"	"Всего"	"1"	"Всего"	"1"	"12 681 113 000 000"
"Объем выполненных строительных работ (услуг)(Тысяч тенге казахских)"	"2017 год"	"201712"	"КАРГАЛИНСКИЙ РАЙОН"	"1673"	"основной вид деятельности"	"2"	"Всего"	"1"	"Всего"	"1"	"2 750 536 000 000"
"Объем выполненных строительных работ (услуг)(Тысяч тенге казахских)"	"2016 год"	"201612"	"КАРГАЛИНСКИЙ РАЙОН"	"1673"	"основной вид деятельности"	"2"	"Всего"	"1"	"Всего"	"1"	"908 374 000 000"
"Объем выполненных строительных работ (услуг)(Тысяч тенге казахских)"	"2018 год"	"201812"	"КАРГАЛИНСКИЙ РАЙОН"	"1673"	"основной вид деятельности"	"2"	"Всего"	"1"	"Всего"	"1"	"8 072 466 000 000"
"Объем выполненных строительных работ (услуг)(Тысяч тенге казахских)"	"2019 год"	"201912"	"КАРГАЛИНСКИЙ РАЙОН"	"1673"	"основной вид деятельности"	"2"	"Всего"	"1"	"Всего"	"1"	"9 814 255 000 000"
"Объем выполненных строительных работ (услуг)(Тысяч тенге казахских)"	"2020 год"	"202012"	"КАРГАЛИНСКИЙ РАЙОН"	"1673"	"основной вид деятельности"	"2"	"Всего"	"1"	"Всего"	"1"	"11 400 412 000 000"
"Объем выполненных строительных работ (услуг)(Тысяч тенге казахских)"	"2021 год"	"202112"	"КАРГАЛИНСКИЙ РАЙОН"	"1673"	"основной вид деятельности"	"2"	"Всего"	"1"	"Всего"	"1"	"10 729 242 000 000"
"Объем выполненных строительных работ (услуг)(Тысяч тенге казахских)"	"2022 год"	"202212"	"КАРГАЛИНСКИЙ РАЙОН"	"1673"	"основной вид деятельности"	"2"	"Всего"	"1"	"Всего"	"1"	"12 671 595 000 000"
"Объем выполненных строительных работ (услуг)(Тысяч тенге казахских)"	"2017 год"	"201712"	"КАРГАЛИНСКИЙ РАЙОН"	"1673"	"вторичный вид деятельности"	"3"	"Всего"	"1"	"Всего"	"1"	"283 030 000 000"
"Объем выполненных строительных работ (услуг)(Тысяч тенге казахских)"	"2016 год"	"201612"	"КАРГАЛИНСКИЙ РАЙОН"	"1673"	"вторичный вид деятельности"	"3"	"Всего"	"1"	"Всего"	"1"	"5 037 000 000"
"Объем выполненных строительных работ (услуг)(Тысяч тенге казахских)"	"2018 год"	"201812"	"КАРГАЛИНСКИЙ РАЙОН"	"1673"	"вторичный вид деятельности"	"3"	"Всего"	"1"	"Всего"	"1"	"62 543 000 000"
"Объем выполненных строительных работ (услуг)(Тысяч тенге казахских)"	"2019 год"	"201912"	"КАРГАЛИНСКИЙ РАЙОН"	"1673"	"вторичный вид деятельности"	"3"	"Всего"	"1"	"Всего"	"1"	"491 798 000 000"
"Объем выполненных строительных работ (услуг)(Тысяч тенге казахских)"	"2020 год"	"202012"	"КАРГАЛИНСКИЙ РАЙОН"	"1673"	"вторичный вид деятельности"	"3"	"Всего"	"1"	"Всего"	"1"	"52 409 000 000"
"Объем выполненных строительных работ (услуг)(Тысяч тенге казахских)"	"2021 год"	"202112"	"КАРГАЛИНСКИЙ РАЙОН"	"1673"	"вторичный вид деятельности"	"3"	"Всего"	"1"	"Всего"	"1"	"810 929 000 000"
"Объем выполненных строительных работ (услуг)(Тысяч тенге казахских)"	"2022 год"	"202212"	"КАРГАЛИНСКИЙ РАЙОН"	"1673"	"вторичный вид деятельности"	"3"	"Всего"	"1"	"Всего"	"1"	"9 518 000 000"
"Объем выполненных строительных работ (услуг)(Тысяч тенге казахских)"	"2017 год"	"201712"	"ХОБДИНСКИЙ РАЙОН"	"1717"	"Всего"	"1"	"Всего"	"1"	"Всего"	"1"	"1 715 417 000 000"
"Объем выполненных строительных работ (услуг)(Тысяч тенге казахских)"	"2016 год"	"201612"	"ХОБДИНСКИЙ РАЙОН"	"1717"	"Всего"	"1"	"Всего"	"1"	"Всего"	"1"	"1 286 126 000 000"
"Объем выполненных строительных работ (услуг)(Тысяч тенге казахских)"	"2018 год"	"201812"	"ХОБДИНСКИЙ РАЙОН"	"1717"	"Всего"	"1"	"Всего"	"1"	"Всего"	"1"	"1 854 334 000 000"
"Объем выполненных строительных работ (услуг)(Тысяч тенге казахских)"	"2019 год"	"201912"	"ХОБДИНСКИЙ РАЙОН"	"1717"	"Всего"	"1"	"Всего"	"1"	"Всего"	"1"	"4 051 008 000 000"
"Объем выполненных строительных работ (услуг)(Тысяч тенге казахских)"	"2020 год"	"202012"	"ХОБДИНСКИЙ РАЙОН"	"1717"	"Всего"	"1"	"Всего"	"1"	"Всего"	"1"	"4 483 706 000 000"
"Объем выполненных строительных работ (услуг)(Тысяч тенге казахских)"	"2021 год"	"202112"	"ХОБДИНСКИЙ РАЙОН"	"1717"	"Всего"	"1"	"Всего"	"1"	"Всего"	"1"	"4 105 918 000 000"
"Объем выполненных строительных работ (услуг)(Тысяч тенге казахских)"	"2022 год"	"202212"	"ХОБДИНСКИЙ РАЙОН"	"1717"	"Всего"	"1"	"Всего"	"1"	"Всего"	"1"	"4 550 715 000 000"
"Объем выполненных строительных работ (услуг)(Тысяч тенге казахских)"	"2017 год"	"201712"	"ХОБДИНСКИЙ РАЙОН"	"1717"	"основной вид деятельности"	"2"	"Всего"	"1"	"Всего"	"1"	"1 715 417 000 000"
"Объем выполненных строительных работ (услуг)(Тысяч тенге казахских)"	"2016 год"	"201612"	"ХОБДИНСКИЙ РАЙОН"	"1717"	"основной вид деятельности"	"2"	"Всего"	"1"	"Всего"	"1"	"1 286 126 000 000"
"Объем выполненных строительных работ (услуг)(Тысяч тенге казахских)"	"2018 год"	"201812"	"ХОБДИНСКИЙ РАЙОН"	"1717"	"основной вид деятельности"	"2"	"Всего"	"1"	"Всего"	"1"	"1 854 334 000 000"
"Объем выполненных строительных работ (услуг)(Тысяч тенге казахских)"	"2019 год"	"201912"	"ХОБДИНСКИЙ РАЙОН"	"1717"	"основной вид деятельности"	"2"	"Всего"	"1"	"Всего"	"1"	"3 738 437 000 000"
"Объем выполненных строительных работ (услуг)(Тысяч тенге казахских)"	"2020 год"	"202012"	"ХОБДИНСКИЙ РАЙОН"	"1717"	"основной вид деятельности"	"2"	"Всего"	"1"	"Всего"	"1"	"4 483 706 000 000"
"Объем выполненных строительных работ (услуг)(Тысяч тенге казахских)"	"2021 год"	"202112"	"ХОБДИНСКИЙ РАЙОН"	"1717"	"основной вид деятельности"	"2"	"Всего"	"1"	"Всего"	"1"	"3 916 998 000 000"
"Объем выполненных строительных работ (услуг)(Тысяч тенге казахских)"	"2022 год"	"202212"	"ХОБДИНСКИЙ РАЙОН"	"1717"	"основной вид деятельности"	"2"	"Всего"	"1"	"Всего"	"1"	"4 155 008 000 000"
"Объем выполненных строительных работ (услуг)(Тысяч тенге казахских)"	"2019 год"	"201912"	"ХОБДИНСКИЙ РАЙОН"	"1717"	"вторичный вид деятельности"	"3"	"Всего"	"1"	"Всего"	"1"	"312 571 000 000"
"Объем выполненных строительных работ (услуг)(Тысяч тенге казахских)"	"2021 год"	"202112"	"ХОБДИНСКИЙ РАЙОН"	"1717"	"вторичный вид деятельности"	"3"	"Всего"	"1"	"Всего"	"1"	"188 920 000 000"
"Объем выполненных строительных работ (услуг)(Тысяч тенге казахских)"	"2022 год"	"202212"	"ХОБДИНСКИЙ РАЙОН"	"1717"	"вторичный вид деятельности"	"3"	"Всего"	"1"	"Всего"	"1"	"395 707 000 000"
"Объем выполненных строительных работ (услуг)(Тысяч тенге казахских)"	"2017 год"	"201712"	"МАРТУКСКИЙ РАЙОН"	"1851"	"Всего"	"1"	"Всего"	"1"	"Всего"	"1"	"2 566 912 000 000"
"Объем выполненных строительных работ (услуг)(Тысяч тенге казахских)"	"2016 год"	"201612"	"МАРТУКСКИЙ РАЙОН"	"1851"	"Всего"	"1"	"Всего"	"1"	"Всего"	"1"	"2 229 879 000 000"
"Объем выполненных строительных работ (услуг)(Тысяч тенге казахских)"	"2018 год"	"201812"	"МАРТУКСКИЙ РАЙОН"	"1851"	"Всего"	"1"	"Всего"	"1"	"Всего"	"1"	"3 893 600 000 000"
"Объем выполненных строительных работ (услуг)(Тысяч тенге казахских)"	"2019 год"	"201912"	"МАРТУКСКИЙ РАЙОН"	"1851"	"Всего"	"1"	"Всего"	"1"	"Всего"	"1"	"4 339 240 000 000"
"Объем выполненных строительных работ (услуг)(Тысяч тенге казахских)"	"2020 год"	"202012"	"МАРТУКСКИЙ РАЙОН"	"1851"	"Всего"	"1"	"Всего"	"1"	"Всего"	"1"	"5 321 955 000 000"
"Объем выполненных строительных работ (услуг)(Тысяч тенге казахских)"	"2021 год"	"202112"	"МАРТУКСКИЙ РАЙОН"	"1851"	"Всего"	"1"	"Всего"	"1"	"Всего"	"1"	"5 581 145 000 000"
"Объем выполненных строительных работ (услуг)(Тысяч тенге казахских)"	"2022 год"	"202212"	"МАРТУКСКИЙ РАЙОН"	"1851"	"Всего"	"1"	"Всего"	"1"	"Всего"	"1"	"7 374 472 000 000"
"Объем выполненных строительных работ (услуг)(Тысяч тенге казахских)"	"2017 год"	"201712"	"МАРТУКСКИЙ РАЙОН"	"1851"	"основной вид деятельности"	"2"	"Всего"	"1"	"Всего"	"1"	"2 334 069 000 000"
"Объем выполненных строительных работ (услуг)(Тысяч тенге казахских)"	"2016 год"	"201612"	"МАРТУКСКИЙ РАЙОН"	"1851"	"основной вид деятельности"	"2"	"Всего"	"1"	"Всего"	"1"	"2 229 879 000 000"
"Объем выполненных строительных работ (услуг)(Тысяч тенге казахских)"	"2018 год"	"201812"	"МАРТУКСКИЙ РАЙОН"	"1851"	"основной вид деятельности"	"2"	"Всего"	"1"	"Всего"	"1"	"3 821 956 000 000"
"Объем выполненных строительных работ (услуг)(Тысяч тенге казахских)"	"2019 год"	"201912"	"МАРТУКСКИЙ РАЙОН"	"1851"	"основной вид деятельности"	"2"	"Всего"	"1"	"Всего"	"1"	"4 339 240 000 000"
"Объем выполненных строительных работ (услуг)(Тысяч тенге казахских)"	"2020 год"	"202012"	"МАРТУКСКИЙ РАЙОН"	"1851"	"основной вид деятельности"	"2"	"Всего"	"1"	"Всего"	"1"	"5 212 762 000 000"
"Объем выполненных строительных работ (услуг)(Тысяч тенге казахских)"	"2021 год"	"202112"	"МАРТУКСКИЙ РАЙОН"	"1851"	"основной вид деятельности"	"2"	"Всего"	"1"	"Всего"	"1"	"5 568 723 000 000"
"Объем выполненных строительных работ (услуг)(Тысяч тенге казахских)"	"2022 год"	"202212"	"МАРТУКСКИЙ РАЙОН"	"1851"	"основной вид деятельности"	"2"	"Всего"	"1"	"Всего"	"1"	"7 192 138 000 000"
"Объем выполненных строительных работ (услуг)(Тысяч тенге казахских)"	"2017 год"	"201712"	"МАРТУКСКИЙ РАЙОН"	"1851"	"вторичный вид деятельности"	"3"	"Всего"	"1"	"Всего"	"1"	"232 843 000 000"
"Объем выполненных строительных работ (услуг)(Тысяч тенге казахских)"	"2018 год"	"201812"	"МАРТУКСКИЙ РАЙОН"	"1851"	"вторичный вид деятельности"	"3"	"Всего"	"1"	"Всего"	"1"	"71 644 000 000"
"Объем выполненных строительных работ (услуг)(Тысяч тенге казахских)"	"2020 год"	"202012"	"МАРТУКСКИЙ РАЙОН"	"1851"	"вторичный вид деятельности"	"3"	"Всего"	"1"	"Всего"	"1"	"109 193 000 000"
"Объем выполненных строительных работ (услуг)(Тысяч тенге казахских)"	"2021 год"	"202112"	"МАРТУКСКИЙ РАЙОН"	"1851"	"вторичный вид деятельности"	"3"	"Всего"	"1"	"Всего"	"1"	"12 422 000 000"
"Объем выполненных строительных работ (услуг)(Тысяч тенге казахских)"	"2022 год"	"202212"	"МАРТУКСКИЙ РАЙОН"	"1851"	"вторичный вид деятельности"	"3"	"Всего"	"1"	"Всего"	"1"	"182 334 000 000"
"Объем выполненных строительных работ (услуг)(Тысяч тенге казахских)"	"2017 год"	"201712"	"МУГАЛЖАРСКИЙ РАЙОН"	"1916"	"Всего"	"1"	"Всего"	"1"	"Всего"	"1"	"15 000 506 000 000"
"Объем выполненных строительных работ (услуг)(Тысяч тенге казахских)"	"2016 год"	"201612"	"МУГАЛЖАРСКИЙ РАЙОН"	"1916"	"Всего"	"1"	"Всего"	"1"	"Всего"	"1"	"14 195 273 000 000"
"Объем выполненных строительных работ (услуг)(Тысяч тенге казахских)"	"2018 год"	"201812"	"МУГАЛЖАРСКИЙ РАЙОН"	"1916"	"Всего"	"1"	"Всего"	"1"	"Всего"	"1"	"11 602 845 000 000"
"Объем выполненных строительных работ (услуг)(Тысяч тенге казахских)"	"2019 год"	"201912"	"МУГАЛЖАРСКИЙ РАЙОН"	"1916"	"Всего"	"1"	"Всего"	"1"	"Всего"	"1"	"13 625 794 000 000"
"Объем выполненных строительных работ (услуг)(Тысяч тенге казахских)"	"2020 год"	"202012"	"МУГАЛЖАРСКИЙ РАЙОН"	"1916"	"Всего"	"1"	"Всего"	"1"	"Всего"	"1"	"11 720 237 000 000"
"Объем выполненных строительных работ (услуг)(Тысяч тенге казахских)"	"2021 год"	"202112"	"МУГАЛЖАРСКИЙ РАЙОН"	"1916"	"Всего"	"1"	"Всего"	"1"	"Всего"	"1"	"14 106 141 000 000"
"Объем выполненных строительных работ (услуг)(Тысяч тенге казахских)"	"2022 год"	"202212"	"МУГАЛЖАРСКИЙ РАЙОН"	"1916"	"Всего"	"1"	"Всего"	"1"	"Всего"	"1"	"20 923 539 000 000"
"Объем выполненных строительных работ (услуг)(Тысяч тенге казахских)"	"2017 год"	"201712"	"МУГАЛЖАРСКИЙ РАЙОН"	"1916"	"основной вид деятельности"	"2"	"Всего"	"1"	"Всего"	"1"	"14 713 034 000 000"
"Объем выполненных строительных работ (услуг)(Тысяч тенге казахских)"	"2016 год"	"201612"	"МУГАЛЖАРСКИЙ РАЙОН"	"1916"	"основной вид деятельности"	"2"	"Всего"	"1"	"Всего"	"1"	"14 080 059 000 000"
"Объем выполненных строительных работ (услуг)(Тысяч тенге казахских)"	"2018 год"	"201812"	"МУГАЛЖАРСКИЙ РАЙОН"	"1916"	"основной вид деятельности"	"2"	"Всего"	"1"	"Всего"	"1"	"11 137 224 000 000"
"Объем выполненных строительных работ (услуг)(Тысяч тенге казахских)"	"2019 год"	"201912"	"МУГАЛЖАРСКИЙ РАЙОН"	"1916"	"основной вид деятельности"	"2"	"Всего"	"1"	"Всего"	"1"	"13 228 881 000 000"
"Объем выполненных строительных работ (услуг)(Тысяч тенге казахских)"	"2020 год"	"202012"	"МУГАЛЖАРСКИЙ РАЙОН"	"1916"	"основной вид деятельности"	"2"	"Всего"	"1"	"Всего"	"1"	"10 898 794 000 000"
"Объем выполненных строительных работ (услуг)(Тысяч тенге казахских)"	"2021 год"	"202112"	"МУГАЛЖАРСКИЙ РАЙОН"	"1916"	"основной вид деятельности"	"2"	"Всего"	"1"	"Всего"	"1"	"13 996 963 000 000"
"Объем выполненных строительных работ (услуг)(Тысяч тенге казахских)"	"2022 год"	"202212"	"МУГАЛЖАРСКИЙ РАЙОН"	"1916"	"основной вид деятельности"	"2"	"Всего"	"1"	"Всего"	"1"	"17 696 730 000 000"
"Объем выполненных строительных работ (услуг)(Тысяч тенге казахских)"	"2017 год"	"201712"	"МУГАЛЖАРСКИЙ РАЙОН"	"1916"	"вторичный вид деятельности"	"3"	"Всего"	"1"	"Всего"	"1"	"287 472 000 000"
"Объем выполненных строительных работ (услуг)(Тысяч тенге казахских)"	"2016 год"	"201612"	"МУГАЛЖАРСКИЙ РАЙОН"	"1916"	"вторичный вид деятельности"	"3"	"Всего"	"1"	"Всего"	"1"	"115 214 000 000"
"Объем выполненных строительных работ (услуг)(Тысяч тенге казахских)"	"2018 год"	"201812"	"МУГАЛЖАРСКИЙ РАЙОН"	"1916"	"вторичный вид деятельности"	"3"	"Всего"	"1"	"Всего"	"1"	"465 621 000 000"
"Объем выполненных строительных работ (услуг)(Тысяч тенге казахских)"	"2019 год"	"201912"	"МУГАЛЖАРСКИЙ РАЙОН"	"1916"	"вторичный вид деятельности"	"3"	"Всего"	"1"	"Всего"	"1"	"396 913 000 000"
"Объем выполненных строительных работ (услуг)(Тысяч тенге казахских)"	"2020 год"	"202012"	"МУГАЛЖАРСКИЙ РАЙОН"	"1916"	"вторичный вид деятельности"	"3"	"Всего"	"1"	"Всего"	"1"	"821 443 000 000"
"Объем выполненных строительных работ (услуг)(Тысяч тенге казахских)"	"2021 год"	"202112"	"МУГАЛЖАРСКИЙ РАЙОН"	"1916"	"вторичный вид деятельности"	"3"	"Всего"	"1"	"Всего"	"1"	"109 178 000 000"
"Объем выполненных строительных работ (услуг)(Тысяч тенге казахских)"	"2022 год"	"202212"	"МУГАЛЖАРСКИЙ РАЙОН"	"1916"	"вторичный вид деятельности"	"3"	"Всего"	"1"	"Всего"	"1"	"3 226 809 000 000"
"Объем выполненных строительных работ (услуг)(Тысяч тенге казахских)"	"2017 год"	"201712"	"УИЛСКИЙ РАЙОН"	"2124"	"Всего"	"1"	"Всего"	"1"	"Всего"	"1"	"914 419 000 000"
"Объем выполненных строительных работ (услуг)(Тысяч тенге казахских)"	"2016 год"	"201612"	"УИЛСКИЙ РАЙОН"	"2124"	"Всего"	"1"	"Всего"	"1"	"Всего"	"1"	"557 453 000 000"
"Объем выполненных строительных работ (услуг)(Тысяч тенге казахских)"	"2018 год"	"201812"	"УИЛСКИЙ РАЙОН"	"2124"	"Всего"	"1"	"Всего"	"1"	"Всего"	"1"	"1 194 292 000 000"
"Объем выполненных строительных работ (услуг)(Тысяч тенге казахских)"	"2019 год"	"201912"	"УИЛСКИЙ РАЙОН"	"2124"	"Всего"	"1"	"Всего"	"1"	"Всего"	"1"	"1 424 666 000 000"
"Объем выполненных строительных работ (услуг)(Тысяч тенге казахских)"	"2020 год"	"202012"	"УИЛСКИЙ РАЙОН"	"2124"	"Всего"	"1"	"Всего"	"1"	"Всего"	"1"	"2 622 216 000 000"
"Объем выполненных строительных работ (услуг)(Тысяч тенге казахских)"	"2021 год"	"202112"	"УИЛСКИЙ РАЙОН"	"2124"	"Всего"	"1"	"Всего"	"1"	"Всего"	"1"	"1 989 968 000 000"
"Объем выполненных строительных работ (услуг)(Тысяч тенге казахских)"	"2022 год"	"202212"	"УИЛСКИЙ РАЙОН"	"2124"	"Всего"	"1"	"Всего"	"1"	"Всего"	"1"	"2 288 753 000 000"
"Объем выполненных строительных работ (услуг)(Тысяч тенге казахских)"	"2017 год"	"201712"	"УИЛСКИЙ РАЙОН"	"2124"	"основной вид деятельности"	"2"	"Всего"	"1"	"Всего"	"1"	"912 754 000 000"
"Объем выполненных строительных работ (услуг)(Тысяч тенге казахских)"	"2016 год"	"201612"	"УИЛСКИЙ РАЙОН"	"2124"	"основной вид деятельности"	"2"	"Всего"	"1"	"Всего"	"1"	"557 453 000 000"
"Объем выполненных строительных работ (услуг)(Тысяч тенге казахских)"	"2018 год"	"201812"	"УИЛСКИЙ РАЙОН"	"2124"	"основной вид деятельности"	"2"	"Всего"	"1"	"Всего"	"1"	"978 883 000 000"
"Объем выполненных строительных работ (услуг)(Тысяч тенге казахских)"	"2019 год"	"201912"	"УИЛСКИЙ РАЙОН"	"2124"	"основной вид деятельности"	"2"	"Всего"	"1"	"Всего"	"1"	"1 366 172 000 000"
"Объем выполненных строительных работ (услуг)(Тысяч тенге казахских)"	"2020 год"	"202012"	"УИЛСКИЙ РАЙОН"	"2124"	"основной вид деятельности"	"2"	"Всего"	"1"	"Всего"	"1"	"2 105 915 000 000"
"Объем выполненных строительных работ (услуг)(Тысяч тенге казахских)"	"2021 год"	"202112"	"УИЛСКИЙ РАЙОН"	"2124"	"основной вид деятельности"	"2"	"Всего"	"1"	"Всего"	"1"	"1 952 330 000 000"
"Объем выполненных строительных работ (услуг)(Тысяч тенге казахских)"	"2022 год"	"202212"	"УИЛСКИЙ РАЙОН"	"2124"	"основной вид деятельности"	"2"	"Всего"	"1"	"Всего"	"1"	"2 288 753 000 000"
"Объем выполненных строительных работ (услуг)(Тысяч тенге казахских)"	"2017 год"	"201712"	"УИЛСКИЙ РАЙОН"	"2124"	"вторичный вид деятельности"	"3"	"Всего"	"1"	"Всего"	"1"	"1 665 000 000"
"Объем выполненных строительных работ (услуг)(Тысяч тенге казахских)"	"2018 год"	"201812"	"УИЛСКИЙ РАЙОН"	"2124"	"вторичный вид деятельности"	"3"	"Всего"	"1"	"Всего"	"1"	"215 409 000 000"
"Объем выполненных строительных работ (услуг)(Тысяч тенге казахских)"	"2019 год"	"201912"	"УИЛСКИЙ РАЙОН"	"2124"	"вторичный вид деятельности"	"3"	"Всего"	"1"	"Всего"	"1"	"58 494 000 000"
"Объем выполненных строительных работ (услуг)(Тысяч тенге казахских)"	"2020 год"	"202012"	"УИЛСКИЙ РАЙОН"	"2124"	"вторичный вид деятельности"	"3"	"Всего"	"1"	"Всего"	"1"	"516 301 000 000"
"Объем выполненных строительных работ (услуг)(Тысяч тенге казахских)"	"2021 год"	"202112"	"УИЛСКИЙ РАЙОН"	"2124"	"вторичный вид деятельности"	"3"	"Всего"	"1"	"Всего"	"1"	"37 638 000 000"
"Объем выполненных строительных работ (услуг)(Тысяч тенге казахских)"	"2017 год"	"201712"	"ТЕМИРСКИЙ РАЙОН"	"2232"	"Всего"	"1"	"Всего"	"1"	"Всего"	"1"	"4 282 773 000 000"
"Объем выполненных строительных работ (услуг)(Тысяч тенге казахских)"	"2016 год"	"201612"	"ТЕМИРСКИЙ РАЙОН"	"2232"	"Всего"	"1"	"Всего"	"1"	"Всего"	"1"	"2 331 882 000 000"
"Объем выполненных строительных работ (услуг)(Тысяч тенге казахских)"	"2018 год"	"201812"	"ТЕМИРСКИЙ РАЙОН"	"2232"	"Всего"	"1"	"Всего"	"1"	"Всего"	"1"	"7 513 960 000 000"
"Объем выполненных строительных работ (услуг)(Тысяч тенге казахских)"	"2019 год"	"201912"	"ТЕМИРСКИЙ РАЙОН"	"2232"	"Всего"	"1"	"Всего"	"1"	"Всего"	"1"	"9 539 763 000 000"
"Объем выполненных строительных работ (услуг)(Тысяч тенге казахских)"	"2020 год"	"202012"	"ТЕМИРСКИЙ РАЙОН"	"2232"	"Всего"	"1"	"Всего"	"1"	"Всего"	"1"	"12 381 280 000 000"
"Объем выполненных строительных работ (услуг)(Тысяч тенге казахских)"	"2021 год"	"202112"	"ТЕМИРСКИЙ РАЙОН"	"2232"	"Всего"	"1"	"Всего"	"1"	"Всего"	"1"	"10 652 940 000 000"
"Объем выполненных строительных работ (услуг)(Тысяч тенге казахских)"	"2022 год"	"202212"	"ТЕМИРСКИЙ РАЙОН"	"2232"	"Всего"	"1"	"Всего"	"1"	"Всего"	"1"	"12 844 915 000 000"
"Объем выполненных строительных работ (услуг)(Тысяч тенге казахских)"	"2017 год"	"201712"	"ТЕМИРСКИЙ РАЙОН"	"2232"	"основной вид деятельности"	"2"	"Всего"	"1"	"Всего"	"1"	"4 282 773 000 000"
"Объем выполненных строительных работ (услуг)(Тысяч тенге казахских)"	"2016 год"	"201612"	"ТЕМИРСКИЙ РАЙОН"	"2232"	"основной вид деятельности"	"2"	"Всего"	"1"	"Всего"	"1"	"2 331 882 000 000"
"Объем выполненных строительных работ (услуг)(Тысяч тенге казахских)"	"2018 год"	"201812"	"ТЕМИРСКИЙ РАЙОН"	"2232"	"основной вид деятельности"	"2"	"Всего"	"1"	"Всего"	"1"	"7 489 013 000 000"
"Объем выполненных строительных работ (услуг)(Тысяч тенге казахских)"	"2019 год"	"201912"	"ТЕМИРСКИЙ РАЙОН"	"2232"	"основной вид деятельности"	"2"	"Всего"	"1"	"Всего"	"1"	"9 497 812 000 000"
"Объем выполненных строительных работ (услуг)(Тысяч тенге казахских)"	"2020 год"	"202012"	"ТЕМИРСКИЙ РАЙОН"	"2232"	"основной вид деятельности"	"2"	"Всего"	"1"	"Всего"	"1"	"11 443 326 000 000"
"Объем выполненных строительных работ (услуг)(Тысяч тенге казахских)"	"2021 год"	"202112"	"ТЕМИРСКИЙ РАЙОН"	"2232"	"основной вид деятельности"	"2"	"Всего"	"1"	"Всего"	"1"	"10 270 072 000 000"
"Объем выполненных строительных работ (услуг)(Тысяч тенге казахских)"	"2022 год"	"202212"	"ТЕМИРСКИЙ РАЙОН"	"2232"	"основной вид деятельности"	"2"	"Всего"	"1"	"Всего"	"1"	"7 277 060 000 000"
"Объем выполненных строительных работ (услуг)(Тысяч тенге казахских)"	"2018 год"	"201812"	"ТЕМИРСКИЙ РАЙОН"	"2232"	"вторичный вид деятельности"	"3"	"Всего"	"1"	"Всего"	"1"	"24 947 000 000"
"Объем выполненных строительных работ (услуг)(Тысяч тенге казахских)"	"2019 год"	"201912"	"ТЕМИРСКИЙ РАЙОН"	"2232"	"вторичный вид деятельности"	"3"	"Всего"	"1"	"Всего"	"1"	"41 951 000 000"
"Объем выполненных строительных работ (услуг)(Тысяч тенге казахских)"	"2020 год"	"202012"	"ТЕМИРСКИЙ РАЙОН"	"2232"	"вторичный вид деятельности"	"3"	"Всего"	"1"	"Всего"	"1"	"937 954 000 000"
"Объем выполненных строительных работ (услуг)(Тысяч тенге казахских)"	"2021 год"	"202112"	"ТЕМИРСКИЙ РАЙОН"	"2232"	"вторичный вид деятельности"	"3"	"Всего"	"1"	"Всего"	"1"	"382 868 000 000"
"Объем выполненных строительных работ (услуг)(Тысяч тенге казахских)"	"2022 год"	"202212"	"ТЕМИРСКИЙ РАЙОН"	"2232"	"вторичный вид деятельности"	"3"	"Всего"	"1"	"Всего"	"1"	"5 567 855 000 000"
"Объем выполненных строительных работ (услуг)(Тысяч тенге казахских)"	"2017 год"	"201712"	"ХРОМТАУСКИЙ РАЙОН"	"2348"	"Всего"	"1"	"Всего"	"1"	"Всего"	"1"	"17 187 227 000 000"
"Объем выполненных строительных работ (услуг)(Тысяч тенге казахских)"	"2016 год"	"201612"	"ХРОМТАУСКИЙ РАЙОН"	"2348"	"Всего"	"1"	"Всего"	"1"	"Всего"	"1"	"15 901 152 000 000"
"Объем выполненных строительных работ (услуг)(Тысяч тенге казахских)"	"2018 год"	"201812"	"ХРОМТАУСКИЙ РАЙОН"	"2348"	"Всего"	"1"	"Всего"	"1"	"Всего"	"1"	"29 420 591 000 000"
"Объем выполненных строительных работ (услуг)(Тысяч тенге казахских)"	"2019 год"	"201912"	"ХРОМТАУСКИЙ РАЙОН"	"2348"	"Всего"	"1"	"Всего"	"1"	"Всего"	"1"	"33 955 174 000 000"
"Объем выполненных строительных работ (услуг)(Тысяч тенге казахских)"	"2020 год"	"202012"	"ХРОМТАУСКИЙ РАЙОН"	"2348"	"Всего"	"1"	"Всего"	"1"	"Всего"	"1"	"28 157 806 000 000"
"Объем выполненных строительных работ (услуг)(Тысяч тенге казахских)"	"2021 год"	"202112"	"ХРОМТАУСКИЙ РАЙОН"	"2348"	"Всего"	"1"	"Всего"	"1"	"Всего"	"1"	"38 270 156 000 000"
"Объем выполненных строительных работ (услуг)(Тысяч тенге казахских)"	"2022 год"	"202212"	"ХРОМТАУСКИЙ РАЙОН"	"2348"	"Всего"	"1"	"Всего"	"1"	"Всего"	"1"	"44 777 383 000 000"
"Объем выполненных строительных работ (услуг)(Тысяч тенге казахских)"	"2017 год"	"201712"	"ХРОМТАУСКИЙ РАЙОН"	"2348"	"основной вид деятельности"	"2"	"Всего"	"1"	"Всего"	"1"	"8 589 793 000 000"
"Объем выполненных строительных работ (услуг)(Тысяч тенге казахских)"	"2016 год"	"201612"	"ХРОМТАУСКИЙ РАЙОН"	"2348"	"основной вид деятельности"	"2"	"Всего"	"1"	"Всего"	"1"	"9 355 357 000 000"
"Объем выполненных строительных работ (услуг)(Тысяч тенге казахских)"	"2018 год"	"201812"	"ХРОМТАУСКИЙ РАЙОН"	"2348"	"основной вид деятельности"	"2"	"Всего"	"1"	"Всего"	"1"	"19 462 721 000 000"
"Объем выполненных строительных работ (услуг)(Тысяч тенге казахских)"	"2019 год"	"201912"	"ХРОМТАУСКИЙ РАЙОН"	"2348"	"основной вид деятельности"	"2"	"Всего"	"1"	"Всего"	"1"	"23 329 402 000 000"
"Объем выполненных строительных работ (услуг)(Тысяч тенге казахских)"	"2020 год"	"202012"	"ХРОМТАУСКИЙ РАЙОН"	"2348"	"основной вид деятельности"	"2"	"Всего"	"1"	"Всего"	"1"	"18 150 577 000 000"
"Объем выполненных строительных работ (услуг)(Тысяч тенге казахских)"	"2021 год"	"202112"	"ХРОМТАУСКИЙ РАЙОН"	"2348"	"основной вид деятельности"	"2"	"Всего"	"1"	"Всего"	"1"	"25 042 776 000 000"
"Объем выполненных строительных работ (услуг)(Тысяч тенге казахских)"	"2022 год"	"202212"	"ХРОМТАУСКИЙ РАЙОН"	"2348"	"основной вид деятельности"	"2"	"Всего"	"1"	"Всего"	"1"	"27 850 097 000 000"
"Объем выполненных строительных работ (услуг)(Тысяч тенге казахских)"	"2017 год"	"201712"	"ХРОМТАУСКИЙ РАЙОН"	"2348"	"вторичный вид деятельности"	"3"	"Всего"	"1"	"Всего"	"1"	"8 597 434 000 000"
"Объем выполненных строительных работ (услуг)(Тысяч тенге казахских)"	"2016 год"	"201612"	"ХРОМТАУСКИЙ РАЙОН"	"2348"	"вторичный вид деятельности"	"3"	"Всего"	"1"	"Всего"	"1"	"6 545 795 000 000"
"Объем выполненных строительных работ (услуг)(Тысяч тенге казахских)"	"2018 год"	"201812"	"ХРОМТАУСКИЙ РАЙОН"	"2348"	"вторичный вид деятельности"	"3"	"Всего"	"1"	"Всего"	"1"	"9 957 870 000 000"
"Объем выполненных строительных работ (услуг)(Тысяч тенге казахских)"	"2019 год"	"201912"	"ХРОМТАУСКИЙ РАЙОН"	"2348"	"вторичный вид деятельности"	"3"	"Всего"	"1"	"Всего"	"1"	"10 625 772 000 000"
"Объем выполненных строительных работ (услуг)(Тысяч тенге казахских)"	"2020 год"	"202012"	"ХРОМТАУСКИЙ РАЙОН"	"2348"	"вторичный вид деятельности"	"3"	"Всего"	"1"	"Всего"	"1"	"10 007 229 000 000"
"Объем выполненных строительных работ (услуг)(Тысяч тенге казахских)"	"2021 год"	"202112"	"ХРОМТАУСКИЙ РАЙОН"	"2348"	"вторичный вид деятельности"	"3"	"Всего"	"1"	"Всего"	"1"	"13 227 380 000 000"
"Объем выполненных строительных работ (услуг)(Тысяч тенге казахских)"	"2022 год"	"202212"	"ХРОМТАУСКИЙ РАЙОН"	"2348"	"вторичный вид деятельности"	"3"	"Всего"	"1"	"Всего"	"1"	"16 927 286 000 000"
"Объем выполненных строительных работ (услуг)(Тысяч тенге казахских)"	"2017 год"	"201712"	"ШАЛКАРСКИЙ РАЙОН"	"2477"	"Всего"	"1"	"Всего"	"1"	"Всего"	"1"	"29 067 488 000 000"
"Объем выполненных строительных работ (услуг)(Тысяч тенге казахских)"	"2016 год"	"201612"	"ШАЛКАРСКИЙ РАЙОН"	"2477"	"Всего"	"1"	"Всего"	"1"	"Всего"	"1"	"26 634 699 000 000"
"Объем выполненных строительных работ (услуг)(Тысяч тенге казахских)"	"2018 год"	"201812"	"ШАЛКАРСКИЙ РАЙОН"	"2477"	"Всего"	"1"	"Всего"	"1"	"Всего"	"1"	"6 795 934 000 000"
"Объем выполненных строительных работ (услуг)(Тысяч тенге казахских)"	"2019 год"	"201912"	"ШАЛКАРСКИЙ РАЙОН"	"2477"	"Всего"	"1"	"Всего"	"1"	"Всего"	"1"	"10 797 265 000 000"
"Объем выполненных строительных работ (услуг)(Тысяч тенге казахских)"	"2020 год"	"202012"	"ШАЛКАРСКИЙ РАЙОН"	"2477"	"Всего"	"1"	"Всего"	"1"	"Всего"	"1"	"11 408 142 000 000"
"Объем выполненных строительных работ (услуг)(Тысяч тенге казахских)"	"2021 год"	"202112"	"ШАЛКАРСКИЙ РАЙОН"	"2477"	"Всего"	"1"	"Всего"	"1"	"Всего"	"1"	"22 201 569 000 000"
"Объем выполненных строительных работ (услуг)(Тысяч тенге казахских)"	"2022 год"	"202212"	"ШАЛКАРСКИЙ РАЙОН"	"2477"	"Всего"	"1"	"Всего"	"1"	"Всего"	"1"	"12 304 718 000 000"
"Объем выполненных строительных работ (услуг)(Тысяч тенге казахских)"	"2017 год"	"201712"	"ШАЛКАРСКИЙ РАЙОН"	"2477"	"основной вид деятельности"	"2"	"Всего"	"1"	"Всего"	"1"	"28 819 118 000 000"
"Объем выполненных строительных работ (услуг)(Тысяч тенге казахских)"	"2016 год"	"201612"	"ШАЛКАРСКИЙ РАЙОН"	"2477"	"основной вид деятельности"	"2"	"Всего"	"1"	"Всего"	"1"	"26 533 936 000 000"
"Объем выполненных строительных работ (услуг)(Тысяч тенге казахских)"	"2018 год"	"201812"	"ШАЛКАРСКИЙ РАЙОН"	"2477"	"основной вид деятельности"	"2"	"Всего"	"1"	"Всего"	"1"	"6 763 965 000 000"
"Объем выполненных строительных работ (услуг)(Тысяч тенге казахских)"	"2019 год"	"201912"	"ШАЛКАРСКИЙ РАЙОН"	"2477"	"основной вид деятельности"	"2"	"Всего"	"1"	"Всего"	"1"	"10 785 741 000 000"
"Объем выполненных строительных работ (услуг)(Тысяч тенге казахских)"	"2020 год"	"202012"	"ШАЛКАРСКИЙ РАЙОН"	"2477"	"основной вид деятельности"	"2"	"Всего"	"1"	"Всего"	"1"	"10 791 859 000 000"
"Объем выполненных строительных работ (услуг)(Тысяч тенге казахских)"	"2021 год"	"202112"	"ШАЛКАРСКИЙ РАЙОН"	"2477"	"основной вид деятельности"	"2"	"Всего"	"1"	"Всего"	"1"	"20 204 862 000 000"
"Объем выполненных строительных работ (услуг)(Тысяч тенге казахских)"	"2022 год"	"202212"	"ШАЛКАРСКИЙ РАЙОН"	"2477"	"основной вид деятельности"	"2"	"Всего"	"1"	"Всего"	"1"	"10 426 687 000 000"
"Объем выполненных строительных работ (услуг)(Тысяч тенге казахских)"	"2017 год"	"201712"	"ШАЛКАРСКИЙ РАЙОН"	"2477"	"вторичный вид деятельности"	"3"	"Всего"	"1"	"Всего"	"1"	"248 370 000 000"
"Объем выполненных строительных работ (услуг)(Тысяч тенге казахских)"	"2016 год"	"201612"	"ШАЛКАРСКИЙ РАЙОН"	"2477"	"вторичный вид деятельности"	"3"	"Всего"	"1"	"Всего"	"1"	"100 763 000 000"
"Объем выполненных строительных работ (услуг)(Тысяч тенге казахских)"	"2018 год"	"201812"	"ШАЛКАРСКИЙ РАЙОН"	"2477"	"вторичный вид деятельности"	"3"	"Всего"	"1"	"Всего"	"1"	"31 969 000 000"
"Объем выполненных строительных работ (услуг)(Тысяч тенге казахских)"	"2019 год"	"201912"	"ШАЛКАРСКИЙ РАЙОН"	"2477"	"вторичный вид деятельности"	"3"	"Всего"	"1"	"Всего"	"1"	"11 524 000 000"
"Объем выполненных строительных работ (услуг)(Тысяч тенге казахских)"	"2020 год"	"202012"	"ШАЛКАРСКИЙ РАЙОН"	"2477"	"вторичный вид деятельности"	"3"	"Всего"	"1"	"Всего"	"1"	"616 283 000 000"
"Объем выполненных строительных работ (услуг)(Тысяч тенге казахских)"	"2021 год"	"202112"	"ШАЛКАРСКИЙ РАЙОН"	"2477"	"вторичный вид деятельности"	"3"	"Всего"	"1"	"Всего"	"1"	"1 996 707 000 000"
"Объем выполненных строительных работ (услуг)(Тысяч тенге казахских)"	"2022 год"	"202212"	"ШАЛКАРСКИЙ РАЙОН"	"2477"	"вторичный вид деятельности"	"3"	"Всего"	"1"	"Всего"	"1"	"1 878 031 000 000"
"Объем выполненных строительных работ (услуг)(Тысяч тенге казахских)"	"2017 год"	"201712"	"ИРГИЗСКИЙ РАЙОН"	"2730"	"Всего"	"1"	"Всего"	"1"	"Всего"	"1"	"585 706 000 000"
"Объем выполненных строительных работ (услуг)(Тысяч тенге казахских)"	"2016 год"	"201612"	"ИРГИЗСКИЙ РАЙОН"	"2730"	"Всего"	"1"	"Всего"	"1"	"Всего"	"1"	"332 017 000 000"
"Объем выполненных строительных работ (услуг)(Тысяч тенге казахских)"	"2018 год"	"201812"	"ИРГИЗСКИЙ РАЙОН"	"2730"	"Всего"	"1"	"Всего"	"1"	"Всего"	"1"	"2 441 210 000 000"
"Объем выполненных строительных работ (услуг)(Тысяч тенге казахских)"	"2019 год"	"201912"	"ИРГИЗСКИЙ РАЙОН"	"2730"	"Всего"	"1"	"Всего"	"1"	"Всего"	"1"	"1 734 578 000 000"
"Объем выполненных строительных работ (услуг)(Тысяч тенге казахских)"	"2020 год"	"202012"	"ИРГИЗСКИЙ РАЙОН"	"2730"	"Всего"	"1"	"Всего"	"1"	"Всего"	"1"	"1 849 586 000 000"
"Объем выполненных строительных работ (услуг)(Тысяч тенге казахских)"	"2021 год"	"202112"	"ИРГИЗСКИЙ РАЙОН"	"2730"	"Всего"	"1"	"Всего"	"1"	"Всего"	"1"	"2 202 408 000 000"
"Объем выполненных строительных работ (услуг)(Тысяч тенге казахских)"	"2022 год"	"202212"	"ИРГИЗСКИЙ РАЙОН"	"2730"	"Всего"	"1"	"Всего"	"1"	"Всего"	"1"	"2 139 290 000 000"
"Объем выполненных строительных работ (услуг)(Тысяч тенге казахских)"	"2017 год"	"201712"	"ИРГИЗСКИЙ РАЙОН"	"2730"	"основной вид деятельности"	"2"	"Всего"	"1"	"Всего"	"1"	"572 706 000 000"
"Объем выполненных строительных работ (услуг)(Тысяч тенге казахских)"	"2016 год"	"201612"	"ИРГИЗСКИЙ РАЙОН"	"2730"	"основной вид деятельности"	"2"	"Всего"	"1"	"Всего"	"1"	"332 017 000 000"
"Объем выполненных строительных работ (услуг)(Тысяч тенге казахских)"	"2018 год"	"201812"	"ИРГИЗСКИЙ РАЙОН"	"2730"	"основной вид деятельности"	"2"	"Всего"	"1"	"Всего"	"1"	"2 428 277 000 000"
"Объем выполненных строительных работ (услуг)(Тысяч тенге казахских)"	"2019 год"	"201912"	"ИРГИЗСКИЙ РАЙОН"	"2730"	"основной вид деятельности"	"2"	"Всего"	"1"	"Всего"	"1"	"1 650 688 000 000"
"Объем выполненных строительных работ (услуг)(Тысяч тенге казахских)"	"2020 год"	"202012"	"ИРГИЗСКИЙ РАЙОН"	"2730"	"основной вид деятельности"	"2"	"Всего"	"1"	"Всего"	"1"	"1 439 822 000 000"
"Объем выполненных строительных работ (услуг)(Тысяч тенге казахских)"	"2021 год"	"202112"	"ИРГИЗСКИЙ РАЙОН"	"2730"	"основной вид деятельности"	"2"	"Всего"	"1"	"Всего"	"1"	"2 125 440 000 000"
"Объем выполненных строительных работ (услуг)(Тысяч тенге казахских)"	"2022 год"	"202212"	"ИРГИЗСКИЙ РАЙОН"	"2730"	"основной вид деятельности"	"2"	"Всего"	"1"	"Всего"	"1"	"1 583 913 000 000"
"Объем выполненных строительных работ (услуг)(Тысяч тенге казахских)"	"2017 год"	"201712"	"ИРГИЗСКИЙ РАЙОН"	"2730"	"вторичный вид деятельности"	"3"	"Всего"	"1"	"Всего"	"1"	"13 000 000 000"
"Объем выполненных строительных работ (услуг)(Тысяч тенге казахских)"	"2018 год"	"201812"	"ИРГИЗСКИЙ РАЙОН"	"2730"	"вторичный вид деятельности"	"3"	"Всего"	"1"	"Всего"	"1"	"12 933 000 000"
"Объем выполненных строительных работ (услуг)(Тысяч тенге казахских)"	"2019 год"	"201912"	"ИРГИЗСКИЙ РАЙОН"	"2730"	"вторичный вид деятельности"	"3"	"Всего"	"1"	"Всего"	"1"	"83 890 000 000"
"Объем выполненных строительных работ (услуг)(Тысяч тенге казахских)"	"2020 год"	"202012"	"ИРГИЗСКИЙ РАЙОН"	"2730"	"вторичный вид деятельности"	"3"	"Всего"	"1"	"Всего"	"1"	"409 764 000 000"
"Объем выполненных строительных работ (услуг)(Тысяч тенге казахских)"	"2021 год"	"202112"	"ИРГИЗСКИЙ РАЙОН"	"2730"	"вторичный вид деятельности"	"3"	"Всего"	"1"	"Всего"	"1"	"76 968 000 000"
"Объем выполненных строительных работ (услуг)(Тысяч тенге казахских)"	"2022 год"	"202212"	"ИРГИЗСКИЙ РАЙОН"	"2730"	"вторичный вид деятельности"	"3"	"Всего"	"1"	"Всего"	"1"	"555 377 000 000"
"Объем выполненных строительных работ (услуг)(Тысяч тенге казахских)"	"2017 год"	"201712"	"АЛМАТИНСКАЯ ОБЛАСТЬ"	"2898"	"Всего"	"1"	"Всего"	"1"	"Всего"	"1"	"257 622 876 000 000"
"Объем выполненных строительных работ (услуг)(Тысяч тенге казахских)"	"2016 год"	"201612"	"АЛМАТИНСКАЯ ОБЛАСТЬ"	"2898"	"Всего"	"1"	"Всего"	"1"	"Всего"	"1"	"243 153 343 000 000"
"Объем выполненных строительных работ (услуг)(Тысяч тенге казахских)"	"2018 год"	"201812"	"АЛМАТИНСКАЯ ОБЛАСТЬ"	"2898"	"Всего"	"1"	"Всего"	"1"	"Всего"	"1"	"278 116 533 000 000"
"Объем выполненных строительных работ (услуг)(Тысяч тенге казахских)"	"2019 год"	"201912"	"АЛМАТИНСКАЯ ОБЛАСТЬ"	"2898"	"Всего"	"1"	"Всего"	"1"	"Всего"	"1"	"292 164 159 000 000"
"Объем выполненных строительных работ (услуг)(Тысяч тенге казахских)"	"2020 год"	"202012"	"АЛМАТИНСКАЯ ОБЛАСТЬ"	"2898"	"Всего"	"1"	"Всего"	"1"	"Всего"	"1"	"310 689 448 000 000"
"Объем выполненных строительных работ (услуг)(Тысяч тенге казахских)"	"2021 год"	"202112"	"АЛМАТИНСКАЯ ОБЛАСТЬ"	"2898"	"Всего"	"1"	"Всего"	"1"	"Всего"	"1"	"358 414 168 000 000"
"Объем выполненных строительных работ (услуг)(Тысяч тенге казахских)"	"2022 год"	"202212"	"АЛМАТИНСКАЯ ОБЛАСТЬ"	"2898"	"Всего"	"1"	"Всего"	"1"	"Всего"	"1"	"308 188 758 000 000"
"Объем выполненных строительных работ (услуг)(Тысяч тенге казахских)"	"2017 год"	"201712"	"АЛМАТИНСКАЯ ОБЛАСТЬ"	"2898"	"основной вид деятельности"	"2"	"Всего"	"1"	"Всего"	"1"	"252 666 531 000 000"
"Объем выполненных строительных работ (услуг)(Тысяч тенге казахских)"	"2016 год"	"201612"	"АЛМАТИНСКАЯ ОБЛАСТЬ"	"2898"	"основной вид деятельности"	"2"	"Всего"	"1"	"Всего"	"1"	"240 067 725 000 000"
"Объем выполненных строительных работ (услуг)(Тысяч тенге казахских)"	"2018 год"	"201812"	"АЛМАТИНСКАЯ ОБЛАСТЬ"	"2898"	"основной вид деятельности"	"2"	"Всего"	"1"	"Всего"	"1"	"265 086 105 000 000"
"Объем выполненных строительных работ (услуг)(Тысяч тенге казахских)"	"2019 год"	"201912"	"АЛМАТИНСКАЯ ОБЛАСТЬ"	"2898"	"основной вид деятельности"	"2"	"Всего"	"1"	"Всего"	"1"	"272 266 600 000 000"
"Объем выполненных строительных работ (услуг)(Тысяч тенге казахских)"	"2020 год"	"202012"	"АЛМАТИНСКАЯ ОБЛАСТЬ"	"2898"	"основной вид деятельности"	"2"	"Всего"	"1"	"Всего"	"1"	"288 961 930 000 000"
"Объем выполненных строительных работ (услуг)(Тысяч тенге казахских)"	"2021 год"	"202112"	"АЛМАТИНСКАЯ ОБЛАСТЬ"	"2898"	"основной вид деятельности"	"2"	"Всего"	"1"	"Всего"	"1"	"351 651 518 000 000"
"Объем выполненных строительных работ (услуг)(Тысяч тенге казахских)"	"2022 год"	"202212"	"АЛМАТИНСКАЯ ОБЛАСТЬ"	"2898"	"основной вид деятельности"	"2"	"Всего"	"1"	"Всего"	"1"	"304 194 986 000 000"
"Объем выполненных строительных работ (услуг)(Тысяч тенге казахских)"	"2017 год"	"201712"	"АЛМАТИНСКАЯ ОБЛАСТЬ"	"2898"	"вторичный вид деятельности"	"3"	"Всего"	"1"	"Всего"	"1"	"4 956 345 000 000"
"Объем выполненных строительных работ (услуг)(Тысяч тенге казахских)"	"2016 год"	"201612"	"АЛМАТИНСКАЯ ОБЛАСТЬ"	"2898"	"вторичный вид деятельности"	"3"	"Всего"	"1"	"Всего"	"1"	"3 085 618 000 000"
"Объем выполненных строительных работ (услуг)(Тысяч тенге казахских)"	"2018 год"	"201812"	"АЛМАТИНСКАЯ ОБЛАСТЬ"	"2898"	"вторичный вид деятельности"	"3"	"Всего"	"1"	"Всего"	"1"	"13 030 428 000 000"
"Объем выполненных строительных работ (услуг)(Тысяч тенге казахских)"	"2019 год"	"201912"	"АЛМАТИНСКАЯ ОБЛАСТЬ"	"2898"	"вторичный вид деятельности"	"3"	"Всего"	"1"	"Всего"	"1"	"19 897 559 000 000"
"Объем выполненных строительных работ (услуг)(Тысяч тенге казахских)"	"2020 год"	"202012"	"АЛМАТИНСКАЯ ОБЛАСТЬ"	"2898"	"вторичный вид деятельности"	"3"	"Всего"	"1"	"Всего"	"1"	"21 727 518 000 000"
"Объем выполненных строительных работ (услуг)(Тысяч тенге казахских)"	"2021 год"	"202112"	"АЛМАТИНСКАЯ ОБЛАСТЬ"	"2898"	"вторичный вид деятельности"	"3"	"Всего"	"1"	"Всего"	"1"	"6 762 650 000 000"
"Объем выполненных строительных работ (услуг)(Тысяч тенге казахских)"	"2022 год"	"202212"	"АЛМАТИНСКАЯ ОБЛАСТЬ"	"2898"	"вторичный вид деятельности"	"3"	"Всего"	"1"	"Всего"	"1"	"3 993 772 000 000"
"Объем выполненных строительных работ (услуг)(Тысяч тенге казахских)"	"2017 год"	"201712"	"ТАЛДЫКОРГАН Г.А."	"2899"	"Всего"	"1"	"Всего"	"1"	"Всего"	"1"	"34 036 348 000 000"
"Объем выполненных строительных работ (услуг)(Тысяч тенге казахских)"	"2016 год"	"201612"	"ТАЛДЫКОРГАН Г.А."	"2899"	"Всего"	"1"	"Всего"	"1"	"Всего"	"1"	"29 782 933 000 000"
"Объем выполненных строительных работ (услуг)(Тысяч тенге казахских)"	"2018 год"	"201812"	"ТАЛДЫКОРГАН Г.А."	"2899"	"Всего"	"1"	"Всего"	"1"	"Всего"	"1"	"35 619 283 000 000"
"Объем выполненных строительных работ (услуг)(Тысяч тенге казахских)"	"2019 год"	"201912"	"ТАЛДЫКОРГАН Г.А."	"2899"	"Всего"	"1"	"Всего"	"1"	"Всего"	"1"	"39 155 410 000 000"
"Объем выполненных строительных работ (услуг)(Тысяч тенге казахских)"	"2020 год"	"202012"	"ТАЛДЫКОРГАН Г.А."	"2899"	"Всего"	"1"	"Всего"	"1"	"Всего"	"1"	"42 206 100 000 000"
"Объем выполненных строительных работ (услуг)(Тысяч тенге казахских)"	"2021 год"	"202112"	"ТАЛДЫКОРГАН Г.А."	"2899"	"Всего"	"1"	"Всего"	"1"	"Всего"	"1"	"24 794 334 000 000"
"Объем выполненных строительных работ (услуг)(Тысяч тенге казахских)"	"2022 год"	"202212"	"ТАЛДЫКОРГАН Г.А."	"2899"	"Всего"	"1"	"Всего"	"1"	"Всего"	"1"	"33 144 499 000 000"
"Объем выполненных строительных работ (услуг)(Тысяч тенге казахских)"	"2017 год"	"201712"	"ТАЛДЫКОРГАН Г.А."	"2899"	"основной вид деятельности"	"2"	"Всего"	"1"	"Всего"	"1"	"32 362 589 000 000"
"Объем выполненных строительных работ (услуг)(Тысяч тенге казахских)"	"2016 год"	"201612"	"ТАЛДЫКОРГАН Г.А."	"2899"	"основной вид деятельности"	"2"	"Всего"	"1"	"Всего"	"1"	"29 253 938 000 000"
"Объем выполненных строительных работ (услуг)(Тысяч тенге казахских)"	"2018 год"	"201812"	"ТАЛДЫКОРГАН Г.А."	"2899"	"основной вид деятельности"	"2"	"Всего"	"1"	"Всего"	"1"	"30 531 400 000 000"
"Объем выполненных строительных работ (услуг)(Тысяч тенге казахских)"	"2019 год"	"201912"	"ТАЛДЫКОРГАН Г.А."	"2899"	"основной вид деятельности"	"2"	"Всего"	"1"	"Всего"	"1"	"38 191 018 000 000"
"Объем выполненных строительных работ (услуг)(Тысяч тенге казахских)"	"2020 год"	"202012"	"ТАЛДЫКОРГАН Г.А."	"2899"	"основной вид деятельности"	"2"	"Всего"	"1"	"Всего"	"1"	"39 980 167 000 000"
"Объем выполненных строительных работ (услуг)(Тысяч тенге казахских)"	"2021 год"	"202112"	"ТАЛДЫКОРГАН Г.А."	"2899"	"основной вид деятельности"	"2"	"Всего"	"1"	"Всего"	"1"	"23 337 519 000 000"
"Объем выполненных строительных работ (услуг)(Тысяч тенге казахских)"	"2022 год"	"202212"	"ТАЛДЫКОРГАН Г.А."	"2899"	"основной вид деятельности"	"2"	"Всего"	"1"	"Всего"	"1"	"31 334 338 000 000"
"Объем выполненных строительных работ (услуг)(Тысяч тенге казахских)"	"2017 год"	"201712"	"ТАЛДЫКОРГАН Г.А."	"2899"	"вторичный вид деятельности"	"3"	"Всего"	"1"	"Всего"	"1"	"1 673 759 000 000"
"Объем выполненных строительных работ (услуг)(Тысяч тенге казахских)"	"2016 год"	"201612"	"ТАЛДЫКОРГАН Г.А."	"2899"	"вторичный вид деятельности"	"3"	"Всего"	"1"	"Всего"	"1"	"528 995 000 000"
"Объем выполненных строительных работ (услуг)(Тысяч тенге казахских)"	"2018 год"	"201812"	"ТАЛДЫКОРГАН Г.А."	"2899"	"вторичный вид деятельности"	"3"	"Всего"	"1"	"Всего"	"1"	"5 087 883 000 000"
"Объем выполненных строительных работ (услуг)(Тысяч тенге казахских)"	"2019 год"	"201912"	"ТАЛДЫКОРГАН Г.А."	"2899"	"вторичный вид деятельности"	"3"	"Всего"	"1"	"Всего"	"1"	"964 392 000 000"
"Объем выполненных строительных работ (услуг)(Тысяч тенге казахских)"	"2020 год"	"202012"	"ТАЛДЫКОРГАН Г.А."	"2899"	"вторичный вид деятельности"	"3"	"Всего"	"1"	"Всего"	"1"	"2 225 933 000 000"
"Объем выполненных строительных работ (услуг)(Тысяч тенге казахских)"	"2021 год"	"202112"	"ТАЛДЫКОРГАН Г.А."	"2899"	"вторичный вид деятельности"	"3"	"Всего"	"1"	"Всего"	"1"	"1 456 815 000 000"
"Объем выполненных строительных работ (услуг)(Тысяч тенге казахских)"	"2022 год"	"202212"	"ТАЛДЫКОРГАН Г.А."	"2899"	"вторичный вид деятельности"	"3"	"Всего"	"1"	"Всего"	"1"	"1 810 161 000 000"
"Объем выполненных строительных работ (услуг)(Тысяч тенге казахских)"	"2017 год"	"201712"	"КАПЧАГАЙ Г.А."	"2913"	"Всего"	"1"	"Всего"	"1"	"Всего"	"1"	"9 240 756 000 000"
"Объем выполненных строительных работ (услуг)(Тысяч тенге казахских)"	"2016 год"	"201612"	"КАПЧАГАЙ Г.А."	"2913"	"Всего"	"1"	"Всего"	"1"	"Всего"	"1"	"11 627 832 000 000"
"Объем выполненных строительных работ (услуг)(Тысяч тенге казахских)"	"2018 год"	"201812"	"КАПЧАГАЙ Г.А."	"2913"	"Всего"	"1"	"Всего"	"1"	"Всего"	"1"	"10 410 046 000 000"
"Объем выполненных строительных работ (услуг)(Тысяч тенге казахских)"	"2019 год"	"201912"	"КАПЧАГАЙ Г.А."	"2913"	"Всего"	"1"	"Всего"	"1"	"Всего"	"1"	"14 850 623 000 000"
"Объем выполненных строительных работ (услуг)(Тысяч тенге казахских)"	"2020 год"	"202012"	"КАПЧАГАЙ Г.А."	"2913"	"Всего"	"1"	"Всего"	"1"	"Всего"	"1"	"8 693 454 000 000"
"Объем выполненных строительных работ (услуг)(Тысяч тенге казахских)"	"2021 год"	"202112"	"КАПЧАГАЙ Г.А."	"2913"	"Всего"	"1"	"Всего"	"1"	"Всего"	"1"	"8 223 489 000 000"
"Объем выполненных строительных работ (услуг)(Тысяч тенге казахских)"	"2022 год"	"202212"	"КАПЧАГАЙ Г.А."	"2913"	"Всего"	"1"	"Всего"	"1"	"Всего"	"1"	"14 433 233 000 000"
"Объем выполненных строительных работ (услуг)(Тысяч тенге казахских)"	"2017 год"	"201712"	"КАПЧАГАЙ Г.А."	"2913"	"основной вид деятельности"	"2"	"Всего"	"1"	"Всего"	"1"	"9 178 496 000 000"
"Объем выполненных строительных работ (услуг)(Тысяч тенге казахских)"	"2016 год"	"201612"	"КАПЧАГАЙ Г.А."	"2913"	"основной вид деятельности"	"2"	"Всего"	"1"	"Всего"	"1"	"11 327 786 000 000"
"Объем выполненных строительных работ (услуг)(Тысяч тенге казахских)"	"2018 год"	"201812"	"КАПЧАГАЙ Г.А."	"2913"	"основной вид деятельности"	"2"	"Всего"	"1"	"Всего"	"1"	"10 276 826 000 000"
"Объем выполненных строительных работ (услуг)(Тысяч тенге казахских)"	"2019 год"	"201912"	"КАПЧАГАЙ Г.А."	"2913"	"основной вид деятельности"	"2"	"Всего"	"1"	"Всего"	"1"	"13 260 044 000 000"
"Объем выполненных строительных работ (услуг)(Тысяч тенге казахских)"	"2020 год"	"202012"	"КАПЧАГАЙ Г.А."	"2913"	"основной вид деятельности"	"2"	"Всего"	"1"	"Всего"	"1"	"8 100 850 000 000"
"Объем выполненных строительных работ (услуг)(Тысяч тенге казахских)"	"2021 год"	"202112"	"КАПЧАГАЙ Г.А."	"2913"	"основной вид деятельности"	"2"	"Всего"	"1"	"Всего"	"1"	"8 087 851 000 000"
"Объем выполненных строительных работ (услуг)(Тысяч тенге казахских)"	"2022 год"	"202212"	"КАПЧАГАЙ Г.А."	"2913"	"основной вид деятельности"	"2"	"Всего"	"1"	"Всего"	"1"	"13 342 096 000 000"
"Объем выполненных строительных работ (услуг)(Тысяч тенге казахских)"	"2017 год"	"201712"	"КАПЧАГАЙ Г.А."	"2913"	"вторичный вид деятельности"	"3"	"Всего"	"1"	"Всего"	"1"	"62 260 000 000"
"Объем выполненных строительных работ (услуг)(Тысяч тенге казахских)"	"2016 год"	"201612"	"КАПЧАГАЙ Г.А."	"2913"	"вторичный вид деятельности"	"3"	"Всего"	"1"	"Всего"	"1"	"300 046 000 000"
"Объем выполненных строительных работ (услуг)(Тысяч тенге казахских)"	"2018 год"	"201812"	"КАПЧАГАЙ Г.А."	"2913"	"вторичный вид деятельности"	"3"	"Всего"	"1"	"Всего"	"1"	"133 220 000 000"
"Объем выполненных строительных работ (услуг)(Тысяч тенге казахских)"	"2019 год"	"201912"	"КАПЧАГАЙ Г.А."	"2913"	"вторичный вид деятельности"	"3"	"Всего"	"1"	"Всего"	"1"	"1 590 579 000 000"
"Объем выполненных строительных работ (услуг)(Тысяч тенге казахских)"	"2020 год"	"202012"	"КАПЧАГАЙ Г.А."	"2913"	"вторичный вид деятельности"	"3"	"Всего"	"1"	"Всего"	"1"	"592 604 000 000"
"Объем выполненных строительных работ (услуг)(Тысяч тенге казахских)"	"2021 год"	"202112"	"КАПЧАГАЙ Г.А."	"2913"	"вторичный вид деятельности"	"3"	"Всего"	"1"	"Всего"	"1"	"135 638 000 000"
"Объем выполненных строительных работ (услуг)(Тысяч тенге казахских)"	"2022 год"	"202212"	"КАПЧАГАЙ Г.А."	"2913"	"вторичный вид деятельности"	"3"	"Всего"	"1"	"Всего"	"1"	"1 091 137 000 000"
"Объем выполненных строительных работ (услуг)(Тысяч тенге казахских)"	"2017 год"	"201712"	"ТЕКЕЛИ Г.А."	"2934"	"Всего"	"1"	"Всего"	"1"	"Всего"	"1"	"2 907 620 000 000"
"Объем выполненных строительных работ (услуг)(Тысяч тенге казахских)"	"2016 год"	"201612"	"ТЕКЕЛИ Г.А."	"2934"	"Всего"	"1"	"Всего"	"1"	"Всего"	"1"	"2 740 938 000 000"
"Объем выполненных строительных работ (услуг)(Тысяч тенге казахских)"	"2018 год"	"201812"	"ТЕКЕЛИ Г.А."	"2934"	"Всего"	"1"	"Всего"	"1"	"Всего"	"1"	"2 100 633 000 000"
"Объем выполненных строительных работ (услуг)(Тысяч тенге казахских)"	"2019 год"	"201912"	"ТЕКЕЛИ Г.А."	"2934"	"Всего"	"1"	"Всего"	"1"	"Всего"	"1"	"1 867 710 000 000"
"Объем выполненных строительных работ (услуг)(Тысяч тенге казахских)"	"2020 год"	"202012"	"ТЕКЕЛИ Г.А."	"2934"	"Всего"	"1"	"Всего"	"1"	"Всего"	"1"	"1 930 056 000 000"
"Объем выполненных строительных работ (услуг)(Тысяч тенге казахских)"	"2021 год"	"202112"	"ТЕКЕЛИ Г.А."	"2934"	"Всего"	"1"	"Всего"	"1"	"Всего"	"1"	"2 740 021 000 000"
"Объем выполненных строительных работ (услуг)(Тысяч тенге казахских)"	"2022 год"	"202212"	"ТЕКЕЛИ Г.А."	"2934"	"Всего"	"1"	"Всего"	"1"	"Всего"	"1"	"4 342 064 000 000"
"Объем выполненных строительных работ (услуг)(Тысяч тенге казахских)"	"2017 год"	"201712"	"ТЕКЕЛИ Г.А."	"2934"	"основной вид деятельности"	"2"	"Всего"	"1"	"Всего"	"1"	"2 807 757 000 000"
"Объем выполненных строительных работ (услуг)(Тысяч тенге казахских)"	"2016 год"	"201612"	"ТЕКЕЛИ Г.А."	"2934"	"основной вид деятельности"	"2"	"Всего"	"1"	"Всего"	"1"	"2 682 775 000 000"
"Объем выполненных строительных работ (услуг)(Тысяч тенге казахских)"	"2018 год"	"201812"	"ТЕКЕЛИ Г.А."	"2934"	"основной вид деятельности"	"2"	"Всего"	"1"	"Всего"	"1"	"1 906 652 000 000"
"Объем выполненных строительных работ (услуг)(Тысяч тенге казахских)"	"2019 год"	"201912"	"ТЕКЕЛИ Г.А."	"2934"	"основной вид деятельности"	"2"	"Всего"	"1"	"Всего"	"1"	"1 713 198 000 000"
"Объем выполненных строительных работ (услуг)(Тысяч тенге казахских)"	"2020 год"	"202012"	"ТЕКЕЛИ Г.А."	"2934"	"основной вид деятельности"	"2"	"Всего"	"1"	"Всего"	"1"	"1 853 975 000 000"
"Объем выполненных строительных работ (услуг)(Тысяч тенге казахских)"	"2021 год"	"202112"	"ТЕКЕЛИ Г.А."	"2934"	"основной вид деятельности"	"2"	"Всего"	"1"	"Всего"	"1"	"2 715 771 000 000"
"Объем выполненных строительных работ (услуг)(Тысяч тенге казахских)"	"2022 год"	"202212"	"ТЕКЕЛИ Г.А."	"2934"	"основной вид деятельности"	"2"	"Всего"	"1"	"Всего"	"1"	"4 312 432 000 000"
"Объем выполненных строительных работ (услуг)(Тысяч тенге казахских)"	"2017 год"	"201712"	"ТЕКЕЛИ Г.А."	"2934"	"вторичный вид деятельности"	"3"	"Всего"	"1"	"Всего"	"1"	"99 863 000 000"
"Объем выполненных строительных работ (услуг)(Тысяч тенге казахских)"	"2016 год"	"201612"	"ТЕКЕЛИ Г.А."	"2934"	"вторичный вид деятельности"	"3"	"Всего"	"1"	"Всего"	"1"	"58 163 000 000"
"Объем выполненных строительных работ (услуг)(Тысяч тенге казахских)"	"2018 год"	"201812"	"ТЕКЕЛИ Г.А."	"2934"	"вторичный вид деятельности"	"3"	"Всего"	"1"	"Всего"	"1"	"193 981 000 000"
"Объем выполненных строительных работ (услуг)(Тысяч тенге казахских)"	"2019 год"	"201912"	"ТЕКЕЛИ Г.А."	"2934"	"вторичный вид деятельности"	"3"	"Всего"	"1"	"Всего"	"1"	"154 512 000 000"
"Объем выполненных строительных работ (услуг)(Тысяч тенге казахских)"	"2020 год"	"202012"	"ТЕКЕЛИ Г.А."	"2934"	"вторичный вид деятельности"	"3"	"Всего"	"1"	"Всего"	"1"	"76 081 000 000"
"Объем выполненных строительных работ (услуг)(Тысяч тенге казахских)"	"2021 год"	"202112"	"ТЕКЕЛИ Г.А."	"2934"	"вторичный вид деятельности"	"3"	"Всего"	"1"	"Всего"	"1"	"24 250 000 000"
"Объем выполненных строительных работ (услуг)(Тысяч тенге казахских)"	"2022 год"	"202212"	"ТЕКЕЛИ Г.А."	"2934"	"вторичный вид деятельности"	"3"	"Всего"	"1"	"Всего"	"1"	"29 632 000 000"
"Объем выполненных строительных работ (услуг)(Тысяч тенге казахских)"	"2017 год"	"201712"	"АКСУСКИЙ РАЙОН"	"2938"	"Всего"	"1"	"Всего"	"1"	"Всего"	"1"	"6 467 274 000 000"
"Объем выполненных строительных работ (услуг)(Тысяч тенге казахских)"	"2016 год"	"201612"	"АКСУСКИЙ РАЙОН"	"2938"	"Всего"	"1"	"Всего"	"1"	"Всего"	"1"	"2 666 470 000 000"
"Объем выполненных строительных работ (услуг)(Тысяч тенге казахских)"	"2018 год"	"201812"	"АКСУСКИЙ РАЙОН"	"2938"	"Всего"	"1"	"Всего"	"1"	"Всего"	"1"	"7 638 209 000 000"
"Объем выполненных строительных работ (услуг)(Тысяч тенге казахских)"	"2019 год"	"201912"	"АКСУСКИЙ РАЙОН"	"2938"	"Всего"	"1"	"Всего"	"1"	"Всего"	"1"	"12 611 172 000 000"
"Объем выполненных строительных работ (услуг)(Тысяч тенге казахских)"	"2020 год"	"202012"	"АКСУСКИЙ РАЙОН"	"2938"	"Всего"	"1"	"Всего"	"1"	"Всего"	"1"	"13 404 820 000 000"
"Объем выполненных строительных работ (услуг)(Тысяч тенге казахских)"	"2021 год"	"202112"	"АКСУСКИЙ РАЙОН"	"2938"	"Всего"	"1"	"Всего"	"1"	"Всего"	"1"	"10 648 622 000 000"
"Объем выполненных строительных работ (услуг)(Тысяч тенге казахских)"	"2022 год"	"202212"	"АКСУСКИЙ РАЙОН"	"2938"	"Всего"	"1"	"Всего"	"1"	"Всего"	"1"	"8 940 128 000 000"
"Объем выполненных строительных работ (услуг)(Тысяч тенге казахских)"	"2017 год"	"201712"	"АКСУСКИЙ РАЙОН"	"2938"	"основной вид деятельности"	"2"	"Всего"	"1"	"Всего"	"1"	"6 467 274 000 000"
"Объем выполненных строительных работ (услуг)(Тысяч тенге казахских)"	"2016 год"	"201612"	"АКСУСКИЙ РАЙОН"	"2938"	"основной вид деятельности"	"2"	"Всего"	"1"	"Всего"	"1"	"2 666 470 000 000"
"Объем выполненных строительных работ (услуг)(Тысяч тенге казахских)"	"2018 год"	"201812"	"АКСУСКИЙ РАЙОН"	"2938"	"основной вид деятельности"	"2"	"Всего"	"1"	"Всего"	"1"	"7 268 542 000 000"
"Объем выполненных строительных работ (услуг)(Тысяч тенге казахских)"	"2019 год"	"201912"	"АКСУСКИЙ РАЙОН"	"2938"	"основной вид деятельности"	"2"	"Всего"	"1"	"Всего"	"1"	"12 446 658 000 000"
"Объем выполненных строительных работ (услуг)(Тысяч тенге казахских)"	"2020 год"	"202012"	"АКСУСКИЙ РАЙОН"	"2938"	"основной вид деятельности"	"2"	"Всего"	"1"	"Всего"	"1"	"12 768 492 000 000"
"Объем выполненных строительных работ (услуг)(Тысяч тенге казахских)"	"2021 год"	"202112"	"АКСУСКИЙ РАЙОН"	"2938"	"основной вид деятельности"	"2"	"Всего"	"1"	"Всего"	"1"	"10 550 464 000 000"
"Объем выполненных строительных работ (услуг)(Тысяч тенге казахских)"	"2022 год"	"202212"	"АКСУСКИЙ РАЙОН"	"2938"	"основной вид деятельности"	"2"	"Всего"	"1"	"Всего"	"1"	"8 921 987 000 000"
"Объем выполненных строительных работ (услуг)(Тысяч тенге казахских)"	"2018 год"	"201812"	"АКСУСКИЙ РАЙОН"	"2938"	"вторичный вид деятельности"	"3"	"Всего"	"1"	"Всего"	"1"	"369 667 000 000"
"Объем выполненных строительных работ (услуг)(Тысяч тенге казахских)"	"2019 год"	"201912"	"АКСУСКИЙ РАЙОН"	"2938"	"вторичный вид деятельности"	"3"	"Всего"	"1"	"Всего"	"1"	"164 514 000 000"
"Объем выполненных строительных работ (услуг)(Тысяч тенге казахских)"	"2020 год"	"202012"	"АКСУСКИЙ РАЙОН"	"2938"	"вторичный вид деятельности"	"3"	"Всего"	"1"	"Всего"	"1"	"636 328 000 000"
"Объем выполненных строительных работ (услуг)(Тысяч тенге казахских)"	"2021 год"	"202112"	"АКСУСКИЙ РАЙОН"	"2938"	"вторичный вид деятельности"	"3"	"Всего"	"1"	"Всего"	"1"	"98 158 000 000"
"Объем выполненных строительных работ (услуг)(Тысяч тенге казахских)"	"2022 год"	"202212"	"АКСУСКИЙ РАЙОН"	"2938"	"вторичный вид деятельности"	"3"	"Всего"	"1"	"Всего"	"1"	"18 141 000 000"
"Объем выполненных строительных работ (услуг)(Тысяч тенге казахских)"	"2017 год"	"201712"	"АЛАКОЛЬСКИЙ РАЙОН"	"3007"	"Всего"	"1"	"Всего"	"1"	"Всего"	"1"	"9 014 634 000 000"
"Объем выполненных строительных работ (услуг)(Тысяч тенге казахских)"	"2016 год"	"201612"	"АЛАКОЛЬСКИЙ РАЙОН"	"3007"	"Всего"	"1"	"Всего"	"1"	"Всего"	"1"	"7 145 592 000 000"
"Объем выполненных строительных работ (услуг)(Тысяч тенге казахских)"	"2018 год"	"201812"	"АЛАКОЛЬСКИЙ РАЙОН"	"3007"	"Всего"	"1"	"Всего"	"1"	"Всего"	"1"	"12 090 435 000 000"
"Объем выполненных строительных работ (услуг)(Тысяч тенге казахских)"	"2019 год"	"201912"	"АЛАКОЛЬСКИЙ РАЙОН"	"3007"	"Всего"	"1"	"Всего"	"1"	"Всего"	"1"	"18 846 248 000 000"
"Объем выполненных строительных работ (услуг)(Тысяч тенге казахских)"	"2020 год"	"202012"	"АЛАКОЛЬСКИЙ РАЙОН"	"3007"	"Всего"	"1"	"Всего"	"1"	"Всего"	"1"	"35 586 815 000 000"
"Объем выполненных строительных работ (услуг)(Тысяч тенге казахских)"	"2021 год"	"202112"	"АЛАКОЛЬСКИЙ РАЙОН"	"3007"	"Всего"	"1"	"Всего"	"1"	"Всего"	"1"	"45 486 850 000 000"
"Объем выполненных строительных работ (услуг)(Тысяч тенге казахских)"	"2022 год"	"202212"	"АЛАКОЛЬСКИЙ РАЙОН"	"3007"	"Всего"	"1"	"Всего"	"1"	"Всего"	"1"	"32 600 681 000 000"
"Объем выполненных строительных работ (услуг)(Тысяч тенге казахских)"	"2017 год"	"201712"	"АЛАКОЛЬСКИЙ РАЙОН"	"3007"	"основной вид деятельности"	"2"	"Всего"	"1"	"Всего"	"1"	"8 281 874 000 000"
"Объем выполненных строительных работ (услуг)(Тысяч тенге казахских)"	"2016 год"	"201612"	"АЛАКОЛЬСКИЙ РАЙОН"	"3007"	"основной вид деятельности"	"2"	"Всего"	"1"	"Всего"	"1"	"6 978 964 000 000"
"Объем выполненных строительных работ (услуг)(Тысяч тенге казахских)"	"2018 год"	"201812"	"АЛАКОЛЬСКИЙ РАЙОН"	"3007"	"основной вид деятельности"	"2"	"Всего"	"1"	"Всего"	"1"	"9 958 901 000 000"
"Объем выполненных строительных работ (услуг)(Тысяч тенге казахских)"	"2019 год"	"201912"	"АЛАКОЛЬСКИЙ РАЙОН"	"3007"	"основной вид деятельности"	"2"	"Всего"	"1"	"Всего"	"1"	"18 749 079 000 000"
"Объем выполненных строительных работ (услуг)(Тысяч тенге казахских)"	"2020 год"	"202012"	"АЛАКОЛЬСКИЙ РАЙОН"	"3007"	"основной вид деятельности"	"2"	"Всего"	"1"	"Всего"	"1"	"34 687 754 000 000"
"Объем выполненных строительных работ (услуг)(Тысяч тенге казахских)"	"2021 год"	"202112"	"АЛАКОЛЬСКИЙ РАЙОН"	"3007"	"основной вид деятельности"	"2"	"Всего"	"1"	"Всего"	"1"	"45 364 311 000 000"
"Объем выполненных строительных работ (услуг)(Тысяч тенге казахских)"	"2022 год"	"202212"	"АЛАКОЛЬСКИЙ РАЙОН"	"3007"	"основной вид деятельности"	"2"	"Всего"	"1"	"Всего"	"1"	"31 542 167 000 000"
"Объем выполненных строительных работ (услуг)(Тысяч тенге казахских)"	"2017 год"	"201712"	"АЛАКОЛЬСКИЙ РАЙОН"	"3007"	"вторичный вид деятельности"	"3"	"Всего"	"1"	"Всего"	"1"	"732 760 000 000"
"Объем выполненных строительных работ (услуг)(Тысяч тенге казахских)"	"2016 год"	"201612"	"АЛАКОЛЬСКИЙ РАЙОН"	"3007"	"вторичный вид деятельности"	"3"	"Всего"	"1"	"Всего"	"1"	"166 628 000 000"
"Объем выполненных строительных работ (услуг)(Тысяч тенге казахских)"	"2018 год"	"201812"	"АЛАКОЛЬСКИЙ РАЙОН"	"3007"	"вторичный вид деятельности"	"3"	"Всего"	"1"	"Всего"	"1"	"2 131 534 000 000"
"Объем выполненных строительных работ (услуг)(Тысяч тенге казахских)"	"2019 год"	"201912"	"АЛАКОЛЬСКИЙ РАЙОН"	"3007"	"вторичный вид деятельности"	"3"	"Всего"	"1"	"Всего"	"1"	"97 169 000 000"
"Объем выполненных строительных работ (услуг)(Тысяч тенге казахских)"	"2020 год"	"202012"	"АЛАКОЛЬСКИЙ РАЙОН"	"3007"	"вторичный вид деятельности"	"3"	"Всего"	"1"	"Всего"	"1"	"899 061 000 000"
"Объем выполненных строительных работ (услуг)(Тысяч тенге казахских)"	"2021 год"	"202112"	"АЛАКОЛЬСКИЙ РАЙОН"	"3007"	"вторичный вид деятельности"	"3"	"Всего"	"1"	"Всего"	"1"	"122 539 000 000"
"Объем выполненных строительных работ (услуг)(Тысяч тенге казахских)"	"2022 год"	"202212"	"АЛАКОЛЬСКИЙ РАЙОН"	"3007"	"вторичный вид деятельности"	"3"	"Всего"	"1"	"Всего"	"1"	"1 058 514 000 000"
"Объем выполненных строительных работ (услуг)(Тысяч тенге казахских)"	"2017 год"	"201712"	"БАЛХАШСКИЙ РАЙОН"	"3132"	"Всего"	"1"	"Всего"	"1"	"Всего"	"1"	"3 516 409 000 000"
"Объем выполненных строительных работ (услуг)(Тысяч тенге казахских)"	"2016 год"	"201612"	"БАЛХАШСКИЙ РАЙОН"	"3132"	"Всего"	"1"	"Всего"	"1"	"Всего"	"1"	"2 479 236 000 000"
"Объем выполненных строительных работ (услуг)(Тысяч тенге казахских)"	"2018 год"	"201812"	"БАЛХАШСКИЙ РАЙОН"	"3132"	"Всего"	"1"	"Всего"	"1"	"Всего"	"1"	"6 134 782 000 000"
"Объем выполненных строительных работ (услуг)(Тысяч тенге казахских)"	"2019 год"	"201912"	"БАЛХАШСКИЙ РАЙОН"	"3132"	"Всего"	"1"	"Всего"	"1"	"Всего"	"1"	"4 664 422 000 000"
"Объем выполненных строительных работ (услуг)(Тысяч тенге казахских)"	"2020 год"	"202012"	"БАЛХАШСКИЙ РАЙОН"	"3132"	"Всего"	"1"	"Всего"	"1"	"Всего"	"1"	"7 262 198 000 000"
"Объем выполненных строительных работ (услуг)(Тысяч тенге казахских)"	"2021 год"	"202112"	"БАЛХАШСКИЙ РАЙОН"	"3132"	"Всего"	"1"	"Всего"	"1"	"Всего"	"1"	"7 010 145 000 000"
"Объем выполненных строительных работ (услуг)(Тысяч тенге казахских)"	"2022 год"	"202212"	"БАЛХАШСКИЙ РАЙОН"	"3132"	"Всего"	"1"	"Всего"	"1"	"Всего"	"1"	"6 353 541 000 000"
"Объем выполненных строительных работ (услуг)(Тысяч тенге казахских)"	"2017 год"	"201712"	"БАЛХАШСКИЙ РАЙОН"	"3132"	"основной вид деятельности"	"2"	"Всего"	"1"	"Всего"	"1"	"3 516 409 000 000"
"Объем выполненных строительных работ (услуг)(Тысяч тенге казахских)"	"2016 год"	"201612"	"БАЛХАШСКИЙ РАЙОН"	"3132"	"основной вид деятельности"	"2"	"Всего"	"1"	"Всего"	"1"	"2 479 236 000 000"
"Объем выполненных строительных работ (услуг)(Тысяч тенге казахских)"	"2018 год"	"201812"	"БАЛХАШСКИЙ РАЙОН"	"3132"	"основной вид деятельности"	"2"	"Всего"	"1"	"Всего"	"1"	"5 504 290 000 000"
"Объем выполненных строительных работ (услуг)(Тысяч тенге казахских)"	"2019 год"	"201912"	"БАЛХАШСКИЙ РАЙОН"	"3132"	"основной вид деятельности"	"2"	"Всего"	"1"	"Всего"	"1"	"4 289 161 000 000"
"Объем выполненных строительных работ (услуг)(Тысяч тенге казахских)"	"2020 год"	"202012"	"БАЛХАШСКИЙ РАЙОН"	"3132"	"основной вид деятельности"	"2"	"Всего"	"1"	"Всего"	"1"	"6 166 238 000 000"
"Объем выполненных строительных работ (услуг)(Тысяч тенге казахских)"	"2021 год"	"202112"	"БАЛХАШСКИЙ РАЙОН"	"3132"	"основной вид деятельности"	"2"	"Всего"	"1"	"Всего"	"1"	"6 721 512 000 000"
"Объем выполненных строительных работ (услуг)(Тысяч тенге казахских)"	"2022 год"	"202212"	"БАЛХАШСКИЙ РАЙОН"	"3132"	"основной вид деятельности"	"2"	"Всего"	"1"	"Всего"	"1"	"6 112 242 000 000"
"Объем выполненных строительных работ (услуг)(Тысяч тенге казахских)"	"2018 год"	"201812"	"БАЛХАШСКИЙ РАЙОН"	"3132"	"вторичный вид деятельности"	"3"	"Всего"	"1"	"Всего"	"1"	"630 492 000 000"
"Объем выполненных строительных работ (услуг)(Тысяч тенге казахских)"	"2019 год"	"201912"	"БАЛХАШСКИЙ РАЙОН"	"3132"	"вторичный вид деятельности"	"3"	"Всего"	"1"	"Всего"	"1"	"375 261 000 000"
"Объем выполненных строительных работ (услуг)(Тысяч тенге казахских)"	"2020 год"	"202012"	"БАЛХАШСКИЙ РАЙОН"	"3132"	"вторичный вид деятельности"	"3"	"Всего"	"1"	"Всего"	"1"	"1 095 960 000 000"
"Объем выполненных строительных работ (услуг)(Тысяч тенге казахских)"	"2021 год"	"202112"	"БАЛХАШСКИЙ РАЙОН"	"3132"	"вторичный вид деятельности"	"3"	"Всего"	"1"	"Всего"	"1"	"288 633 000 000"
"Объем выполненных строительных работ (услуг)(Тысяч тенге казахских)"	"2022 год"	"202212"	"БАЛХАШСКИЙ РАЙОН"	"3132"	"вторичный вид деятельности"	"3"	"Всего"	"1"	"Всего"	"1"	"241 299 000 000"
"Объем выполненных строительных работ (услуг)(Тысяч тенге казахских)"	"2017 год"	"201712"	"ЕНБЕКШИКАЗАХСКИЙ РАЙОН"	"3439"	"Всего"	"1"	"Всего"	"1"	"Всего"	"1"	"21 440 190 000 000"
"Объем выполненных строительных работ (услуг)(Тысяч тенге казахских)"	"2016 год"	"201612"	"ЕНБЕКШИКАЗАХСКИЙ РАЙОН"	"3439"	"Всего"	"1"	"Всего"	"1"	"Всего"	"1"	"37 375 202 000 000"
"Объем выполненных строительных работ (услуг)(Тысяч тенге казахских)"	"2018 год"	"201812"	"ЕНБЕКШИКАЗАХСКИЙ РАЙОН"	"3439"	"Всего"	"1"	"Всего"	"1"	"Всего"	"1"	"16 039 731 000 000"
"Объем выполненных строительных работ (услуг)(Тысяч тенге казахских)"	"2019 год"	"201912"	"ЕНБЕКШИКАЗАХСКИЙ РАЙОН"	"3439"	"Всего"	"1"	"Всего"	"1"	"Всего"	"1"	"14 902 223 000 000"
"Объем выполненных строительных работ (услуг)(Тысяч тенге казахских)"	"2020 год"	"202012"	"ЕНБЕКШИКАЗАХСКИЙ РАЙОН"	"3439"	"Всего"	"1"	"Всего"	"1"	"Всего"	"1"	"16 065 997 000 000"
"Объем выполненных строительных работ (услуг)(Тысяч тенге казахских)"	"2021 год"	"202112"	"ЕНБЕКШИКАЗАХСКИЙ РАЙОН"	"3439"	"Всего"	"1"	"Всего"	"1"	"Всего"	"1"	"17 762 438 000 000"
"Объем выполненных строительных работ (услуг)(Тысяч тенге казахских)"	"2022 год"	"202212"	"ЕНБЕКШИКАЗАХСКИЙ РАЙОН"	"3439"	"Всего"	"1"	"Всего"	"1"	"Всего"	"1"	"32 567 660 000 000"
"Объем выполненных строительных работ (услуг)(Тысяч тенге казахских)"	"2017 год"	"201712"	"ЕНБЕКШИКАЗАХСКИЙ РАЙОН"	"3439"	"основной вид деятельности"	"2"	"Всего"	"1"	"Всего"	"1"	"21 011 291 000 000"
"Объем выполненных строительных работ (услуг)(Тысяч тенге казахских)"	"2016 год"	"201612"	"ЕНБЕКШИКАЗАХСКИЙ РАЙОН"	"3439"	"основной вид деятельности"	"2"	"Всего"	"1"	"Всего"	"1"	"37 270 737 000 000"
"Объем выполненных строительных работ (услуг)(Тысяч тенге казахских)"	"2018 год"	"201812"	"ЕНБЕКШИКАЗАХСКИЙ РАЙОН"	"3439"	"основной вид деятельности"	"2"	"Всего"	"1"	"Всего"	"1"	"15 409 441 000 000"
"Объем выполненных строительных работ (услуг)(Тысяч тенге казахских)"	"2019 год"	"201912"	"ЕНБЕКШИКАЗАХСКИЙ РАЙОН"	"3439"	"основной вид деятельности"	"2"	"Всего"	"1"	"Всего"	"1"	"14 359 550 000 000"
"Объем выполненных строительных работ (услуг)(Тысяч тенге казахских)"	"2020 год"	"202012"	"ЕНБЕКШИКАЗАХСКИЙ РАЙОН"	"3439"	"основной вид деятельности"	"2"	"Всего"	"1"	"Всего"	"1"	"13 584 785 000 000"
"Объем выполненных строительных работ (услуг)(Тысяч тенге казахских)"	"2021 год"	"202112"	"ЕНБЕКШИКАЗАХСКИЙ РАЙОН"	"3439"	"основной вид деятельности"	"2"	"Всего"	"1"	"Всего"	"1"	"16 510 300 000 000"
"Объем выполненных строительных работ (услуг)(Тысяч тенге казахских)"	"2022 год"	"202212"	"ЕНБЕКШИКАЗАХСКИЙ РАЙОН"	"3439"	"основной вид деятельности"	"2"	"Всего"	"1"	"Всего"	"1"	"31 408 678 000 000"
"Объем выполненных строительных работ (услуг)(Тысяч тенге казахских)"	"2017 год"	"201712"	"ЕНБЕКШИКАЗАХСКИЙ РАЙОН"	"3439"	"вторичный вид деятельности"	"3"	"Всего"	"1"	"Всего"	"1"	"428 899 000 000"
"Объем выполненных строительных работ (услуг)(Тысяч тенге казахских)"	"2016 год"	"201612"	"ЕНБЕКШИКАЗАХСКИЙ РАЙОН"	"3439"	"вторичный вид деятельности"	"3"	"Всего"	"1"	"Всего"	"1"	"104 465 000 000"
"Объем выполненных строительных работ (услуг)(Тысяч тенге казахских)"	"2018 год"	"201812"	"ЕНБЕКШИКАЗАХСКИЙ РАЙОН"	"3439"	"вторичный вид деятельности"	"3"	"Всего"	"1"	"Всего"	"1"	"630 290 000 000"
"Объем выполненных строительных работ (услуг)(Тысяч тенге казахских)"	"2019 год"	"201912"	"ЕНБЕКШИКАЗАХСКИЙ РАЙОН"	"3439"	"вторичный вид деятельности"	"3"	"Всего"	"1"	"Всего"	"1"	"542 673 000 000"
"Объем выполненных строительных работ (услуг)(Тысяч тенге казахских)"	"2020 год"	"202012"	"ЕНБЕКШИКАЗАХСКИЙ РАЙОН"	"3439"	"вторичный вид деятельности"	"3"	"Всего"	"1"	"Всего"	"1"	"2 481 212 000 000"
"Объем выполненных строительных работ (услуг)(Тысяч тенге казахских)"	"2021 год"	"202112"	"ЕНБЕКШИКАЗАХСКИЙ РАЙОН"	"3439"	"вторичный вид деятельности"	"3"	"Всего"	"1"	"Всего"	"1"	"1 252 138 000 000"
"Объем выполненных строительных работ (услуг)(Тысяч тенге казахских)"	"2022 год"	"202212"	"ЕНБЕКШИКАЗАХСКИЙ РАЙОН"	"3439"	"вторичный вид деятельности"	"3"	"Всего"	"1"	"Всего"	"1"	"1 158 982 000 000"
"Объем выполненных строительных работ (услуг)(Тысяч тенге казахских)"	"2017 год"	"201712"	"ЖАМБЫЛСКИЙ РАЙОН"	"3574"	"Всего"	"1"	"Всего"	"1"	"Всего"	"1"	"23 026 099 000 000"
"Объем выполненных строительных работ (услуг)(Тысяч тенге казахских)"	"2016 год"	"201612"	"ЖАМБЫЛСКИЙ РАЙОН"	"3574"	"Всего"	"1"	"Всего"	"1"	"Всего"	"1"	"22 238 800 000 000"
"Объем выполненных строительных работ (услуг)(Тысяч тенге казахских)"	"2018 год"	"201812"	"ЖАМБЫЛСКИЙ РАЙОН"	"3574"	"Всего"	"1"	"Всего"	"1"	"Всего"	"1"	"22 692 886 000 000"
"Объем выполненных строительных работ (услуг)(Тысяч тенге казахских)"	"2019 год"	"201912"	"ЖАМБЫЛСКИЙ РАЙОН"	"3574"	"Всего"	"1"	"Всего"	"1"	"Всего"	"1"	"25 882 301 000 000"
"Объем выполненных строительных работ (услуг)(Тысяч тенге казахских)"	"2020 год"	"202012"	"ЖАМБЫЛСКИЙ РАЙОН"	"3574"	"Всего"	"1"	"Всего"	"1"	"Всего"	"1"	"18 146 262 000 000"
"Объем выполненных строительных работ (услуг)(Тысяч тенге казахских)"	"2021 год"	"202112"	"ЖАМБЫЛСКИЙ РАЙОН"	"3574"	"Всего"	"1"	"Всего"	"1"	"Всего"	"1"	"18 977 380 000 000"
"Объем выполненных строительных работ (услуг)(Тысяч тенге казахских)"	"2022 год"	"202212"	"ЖАМБЫЛСКИЙ РАЙОН"	"3574"	"Всего"	"1"	"Всего"	"1"	"Всего"	"1"	"18 391 315 000 000"
"Объем выполненных строительных работ (услуг)(Тысяч тенге казахских)"	"2017 год"	"201712"	"ЖАМБЫЛСКИЙ РАЙОН"	"3574"	"основной вид деятельности"	"2"	"Всего"	"1"	"Всего"	"1"	"21 916 904 000 000"
"Объем выполненных строительных работ (услуг)(Тысяч тенге казахских)"	"2016 год"	"201612"	"ЖАМБЫЛСКИЙ РАЙОН"	"3574"	"основной вид деятельности"	"2"	"Всего"	"1"	"Всего"	"1"	"21 075 649 000 000"
"Объем выполненных строительных работ (услуг)(Тысяч тенге казахских)"	"2018 год"	"201812"	"ЖАМБЫЛСКИЙ РАЙОН"	"3574"	"основной вид деятельности"	"2"	"Всего"	"1"	"Всего"	"1"	"22 470 111 000 000"
"Объем выполненных строительных работ (услуг)(Тысяч тенге казахских)"	"2019 год"	"201912"	"ЖАМБЫЛСКИЙ РАЙОН"	"3574"	"основной вид деятельности"	"2"	"Всего"	"1"	"Всего"	"1"	"25 437 019 000 000"
"Объем выполненных строительных работ (услуг)(Тысяч тенге казахских)"	"2020 год"	"202012"	"ЖАМБЫЛСКИЙ РАЙОН"	"3574"	"основной вид деятельности"	"2"	"Всего"	"1"	"Всего"	"1"	"17 407 152 000 000"
"Объем выполненных строительных работ (услуг)(Тысяч тенге казахских)"	"2021 год"	"202112"	"ЖАМБЫЛСКИЙ РАЙОН"	"3574"	"основной вид деятельности"	"2"	"Всего"	"1"	"Всего"	"1"	"18 614 053 000 000"
"Объем выполненных строительных работ (услуг)(Тысяч тенге казахских)"	"2022 год"	"202212"	"ЖАМБЫЛСКИЙ РАЙОН"	"3574"	"основной вид деятельности"	"2"	"Всего"	"1"	"Всего"	"1"	"18 272 258 000 000"
"Объем выполненных строительных работ (услуг)(Тысяч тенге казахских)"	"2017 год"	"201712"	"ЖАМБЫЛСКИЙ РАЙОН"	"3574"	"вторичный вид деятельности"	"3"	"Всего"	"1"	"Всего"	"1"	"1 109 195 000 000"
"Объем выполненных строительных работ (услуг)(Тысяч тенге казахских)"	"2016 год"	"201612"	"ЖАМБЫЛСКИЙ РАЙОН"	"3574"	"вторичный вид деятельности"	"3"	"Всего"	"1"	"Всего"	"1"	"1 163 151 000 000"
"Объем выполненных строительных работ (услуг)(Тысяч тенге казахских)"	"2018 год"	"201812"	"ЖАМБЫЛСКИЙ РАЙОН"	"3574"	"вторичный вид деятельности"	"3"	"Всего"	"1"	"Всего"	"1"	"222 775 000 000"
"Объем выполненных строительных работ (услуг)(Тысяч тенге казахских)"	"2019 год"	"201912"	"ЖАМБЫЛСКИЙ РАЙОН"	"3574"	"вторичный вид деятельности"	"3"	"Всего"	"1"	"Всего"	"1"	"445 282 000 000"
"Объем выполненных строительных работ (услуг)(Тысяч тенге казахских)"	"2020 год"	"202012"	"ЖАМБЫЛСКИЙ РАЙОН"	"3574"	"вторичный вид деятельности"	"3"	"Всего"	"1"	"Всего"	"1"	"739 110 000 000"
"Объем выполненных строительных работ (услуг)(Тысяч тенге казахских)"	"2021 год"	"202112"	"ЖАМБЫЛСКИЙ РАЙОН"	"3574"	"вторичный вид деятельности"	"3"	"Всего"	"1"	"Всего"	"1"	"363 327 000 000"
"Объем выполненных строительных работ (услуг)(Тысяч тенге казахских)"	"2022 год"	"202212"	"ЖАМБЫЛСКИЙ РАЙОН"	"3574"	"вторичный вид деятельности"	"3"	"Всего"	"1"	"Всего"	"1"	"119 057 000 000"
"Объем выполненных строительных работ (услуг)(Тысяч тенге казахских)"	"2018 год"	"201812"	"КЕГЕНСКИЙ РАЙОН"	"3721"	"Всего"	"1"	"Всего"	"1"	"Всего"	"1"	"2 976 914 000 000"
"Объем выполненных строительных работ (услуг)(Тысяч тенге казахских)"	"2019 год"	"201912"	"КЕГЕНСКИЙ РАЙОН"	"3721"	"Всего"	"1"	"Всего"	"1"	"Всего"	"1"	"3 849 593 000 000"
"Объем выполненных строительных работ (услуг)(Тысяч тенге казахских)"	"2020 год"	"202012"	"КЕГЕНСКИЙ РАЙОН"	"3721"	"Всего"	"1"	"Всего"	"1"	"Всего"	"1"	"5 004 735 000 000"
"Объем выполненных строительных работ (услуг)(Тысяч тенге казахских)"	"2021 год"	"202112"	"КЕГЕНСКИЙ РАЙОН"	"3721"	"Всего"	"1"	"Всего"	"1"	"Всего"	"1"	"5 196 095 000 000"
"Объем выполненных строительных работ (услуг)(Тысяч тенге казахских)"	"2022 год"	"202212"	"КЕГЕНСКИЙ РАЙОН"	"3721"	"Всего"	"1"	"Всего"	"1"	"Всего"	"1"	"6 487 644 000 000"
"Объем выполненных строительных работ (услуг)(Тысяч тенге казахских)"	"2018 год"	"201812"	"КЕГЕНСКИЙ РАЙОН"	"3721"	"основной вид деятельности"	"2"	"Всего"	"1"	"Всего"	"1"	"2 920 727 000 000"
"Объем выполненных строительных работ (услуг)(Тысяч тенге казахских)"	"2019 год"	"201912"	"КЕГЕНСКИЙ РАЙОН"	"3721"	"основной вид деятельности"	"2"	"Всего"	"1"	"Всего"	"1"	"3 673 676 000 000"
"Объем выполненных строительных работ (услуг)(Тысяч тенге казахских)"	"2020 год"	"202012"	"КЕГЕНСКИЙ РАЙОН"	"3721"	"основной вид деятельности"	"2"	"Всего"	"1"	"Всего"	"1"	"4 497 812 000 000"
"Объем выполненных строительных работ (услуг)(Тысяч тенге казахских)"	"2021 год"	"202112"	"КЕГЕНСКИЙ РАЙОН"	"3721"	"основной вид деятельности"	"2"	"Всего"	"1"	"Всего"	"1"	"5 196 095 000 000"
"Объем выполненных строительных работ (услуг)(Тысяч тенге казахских)"	"2022 год"	"202212"	"КЕГЕНСКИЙ РАЙОН"	"3721"	"основной вид деятельности"	"2"	"Всего"	"1"	"Всего"	"1"	"6 487 644 000 000"
"Объем выполненных строительных работ (услуг)(Тысяч тенге казахских)"	"2018 год"	"201812"	"КЕГЕНСКИЙ РАЙОН"	"3721"	"вторичный вид деятельности"	"3"	"Всего"	"1"	"Всего"	"1"	"56 187 000 000"
"Объем выполненных строительных работ (услуг)(Тысяч тенге казахских)"	"2019 год"	"201912"	"КЕГЕНСКИЙ РАЙОН"	"3721"	"вторичный вид деятельности"	"3"	"Всего"	"1"	"Всего"	"1"	"175 917 000 000"
"Объем выполненных строительных работ (услуг)(Тысяч тенге казахских)"	"2020 год"	"202012"	"КЕГЕНСКИЙ РАЙОН"	"3721"	"вторичный вид деятельности"	"3"	"Всего"	"1"	"Всего"	"1"	"506 923 000 000"
"Объем выполненных строительных работ (услуг)(Тысяч тенге казахских)"	"2017 год"	"201712"	"КЕРБУЛАКСКИЙ РАЙОН"	"3803"	"Всего"	"1"	"Всего"	"1"	"Всего"	"1"	"2 724 924 000 000"
"Объем выполненных строительных работ (услуг)(Тысяч тенге казахских)"	"2016 год"	"201612"	"КЕРБУЛАКСКИЙ РАЙОН"	"3803"	"Всего"	"1"	"Всего"	"1"	"Всего"	"1"	"3 225 316 000 000"
"Объем выполненных строительных работ (услуг)(Тысяч тенге казахских)"	"2018 год"	"201812"	"КЕРБУЛАКСКИЙ РАЙОН"	"3803"	"Всего"	"1"	"Всего"	"1"	"Всего"	"1"	"8 636 134 000 000"
"Объем выполненных строительных работ (услуг)(Тысяч тенге казахских)"	"2019 год"	"201912"	"КЕРБУЛАКСКИЙ РАЙОН"	"3803"	"Всего"	"1"	"Всего"	"1"	"Всего"	"1"	"7 286 803 000 000"
"Объем выполненных строительных работ (услуг)(Тысяч тенге казахских)"	"2020 год"	"202012"	"КЕРБУЛАКСКИЙ РАЙОН"	"3803"	"Всего"	"1"	"Всего"	"1"	"Всего"	"1"	"6 450 182 000 000"
"Объем выполненных строительных работ (услуг)(Тысяч тенге казахских)"	"2021 год"	"202112"	"КЕРБУЛАКСКИЙ РАЙОН"	"3803"	"Всего"	"1"	"Всего"	"1"	"Всего"	"1"	"6 167 235 000 000"
"Объем выполненных строительных работ (услуг)(Тысяч тенге казахских)"	"2022 год"	"202212"	"КЕРБУЛАКСКИЙ РАЙОН"	"3803"	"Всего"	"1"	"Всего"	"1"	"Всего"	"1"	"6 580 470 000 000"
"Объем выполненных строительных работ (услуг)(Тысяч тенге казахских)"	"2017 год"	"201712"	"КЕРБУЛАКСКИЙ РАЙОН"	"3803"	"основной вид деятельности"	"2"	"Всего"	"1"	"Всего"	"1"	"2 705 440 000 000"
"Объем выполненных строительных работ (услуг)(Тысяч тенге казахских)"	"2016 год"	"201612"	"КЕРБУЛАКСКИЙ РАЙОН"	"3803"	"основной вид деятельности"	"2"	"Всего"	"1"	"Всего"	"1"	"3 225 316 000 000"
"Объем выполненных строительных работ (услуг)(Тысяч тенге казахских)"	"2018 год"	"201812"	"КЕРБУЛАКСКИЙ РАЙОН"	"3803"	"основной вид деятельности"	"2"	"Всего"	"1"	"Всего"	"1"	"8 611 854 000 000"
"Объем выполненных строительных работ (услуг)(Тысяч тенге казахских)"	"2019 год"	"201912"	"КЕРБУЛАКСКИЙ РАЙОН"	"3803"	"основной вид деятельности"	"2"	"Всего"	"1"	"Всего"	"1"	"7 058 218 000 000"
"Объем выполненных строительных работ (услуг)(Тысяч тенге казахских)"	"2020 год"	"202012"	"КЕРБУЛАКСКИЙ РАЙОН"	"3803"	"основной вид деятельности"	"2"	"Всего"	"1"	"Всего"	"1"	"6 380 700 000 000"
"Объем выполненных строительных работ (услуг)(Тысяч тенге казахских)"	"2021 год"	"202112"	"КЕРБУЛАКСКИЙ РАЙОН"	"3803"	"основной вид деятельности"	"2"	"Всего"	"1"	"Всего"	"1"	"6 135 753 000 000"
"Объем выполненных строительных работ (услуг)(Тысяч тенге казахских)"	"2022 год"	"202212"	"КЕРБУЛАКСКИЙ РАЙОН"	"3803"	"основной вид деятельности"	"2"	"Всего"	"1"	"Всего"	"1"	"6 513 739 000 000"
"Объем выполненных строительных работ (услуг)(Тысяч тенге казахских)"	"2017 год"	"201712"	"КЕРБУЛАКСКИЙ РАЙОН"	"3803"	"вторичный вид деятельности"	"3"	"Всего"	"1"	"Всего"	"1"	"19 484 000 000"
"Объем выполненных строительных работ (услуг)(Тысяч тенге казахских)"	"2018 год"	"201812"	"КЕРБУЛАКСКИЙ РАЙОН"	"3803"	"вторичный вид деятельности"	"3"	"Всего"	"1"	"Всего"	"1"	"24 280 000 000"
"Объем выполненных строительных работ (услуг)(Тысяч тенге казахских)"	"2019 год"	"201912"	"КЕРБУЛАКСКИЙ РАЙОН"	"3803"	"вторичный вид деятельности"	"3"	"Всего"	"1"	"Всего"	"1"	"228 585 000 000"
"Объем выполненных строительных работ (услуг)(Тысяч тенге казахских)"	"2020 год"	"202012"	"КЕРБУЛАКСКИЙ РАЙОН"	"3803"	"вторичный вид деятельности"	"3"	"Всего"	"1"	"Всего"	"1"	"69 482 000 000"
"Объем выполненных строительных работ (услуг)(Тысяч тенге казахских)"	"2021 год"	"202112"	"КЕРБУЛАКСКИЙ РАЙОН"	"3803"	"вторичный вид деятельности"	"3"	"Всего"	"1"	"Всего"	"1"	"31 482 000 000"
"Объем выполненных строительных работ (услуг)(Тысяч тенге казахских)"	"2022 год"	"202212"	"КЕРБУЛАКСКИЙ РАЙОН"	"3803"	"вторичный вид деятельности"	"3"	"Всего"	"1"	"Всего"	"1"	"66 731 000 000"
"Объем выполненных строительных работ (услуг)(Тысяч тенге казахских)"	"2017 год"	"201712"	"КОКСУСКИЙ РАЙОН"	"3913"	"Всего"	"1"	"Всего"	"1"	"Всего"	"1"	"18 590 380 000 000"
"Объем выполненных строительных работ (услуг)(Тысяч тенге казахских)"	"2016 год"	"201612"	"КОКСУСКИЙ РАЙОН"	"3913"	"Всего"	"1"	"Всего"	"1"	"Всего"	"1"	"9 384 970 000 000"
"Объем выполненных строительных работ (услуг)(Тысяч тенге казахских)"	"2018 год"	"201812"	"КОКСУСКИЙ РАЙОН"	"3913"	"Всего"	"1"	"Всего"	"1"	"Всего"	"1"	"11 820 279 000 000"
"Объем выполненных строительных работ (услуг)(Тысяч тенге казахских)"	"2019 год"	"201912"	"КОКСУСКИЙ РАЙОН"	"3913"	"Всего"	"1"	"Всего"	"1"	"Всего"	"1"	"5 990 929 000 000"
"Объем выполненных строительных работ (услуг)(Тысяч тенге казахских)"	"2020 год"	"202012"	"КОКСУСКИЙ РАЙОН"	"3913"	"Всего"	"1"	"Всего"	"1"	"Всего"	"1"	"8 216 173 000 000"
"Объем выполненных строительных работ (услуг)(Тысяч тенге казахских)"	"2021 год"	"202112"	"КОКСУСКИЙ РАЙОН"	"3913"	"Всего"	"1"	"Всего"	"1"	"Всего"	"1"	"3 638 084 000 000"
"Объем выполненных строительных работ (услуг)(Тысяч тенге казахских)"	"2022 год"	"202212"	"КОКСУСКИЙ РАЙОН"	"3913"	"Всего"	"1"	"Всего"	"1"	"Всего"	"1"	"5 340 930 000 000"
"Объем выполненных строительных работ (услуг)(Тысяч тенге казахских)"	"2017 год"	"201712"	"КОКСУСКИЙ РАЙОН"	"3913"	"основной вид деятельности"	"2"	"Всего"	"1"	"Всего"	"1"	"18 243 762 000 000"
"Объем выполненных строительных работ (услуг)(Тысяч тенге казахских)"	"2016 год"	"201612"	"КОКСУСКИЙ РАЙОН"	"3913"	"основной вид деятельности"	"2"	"Всего"	"1"	"Всего"	"1"	"9 384 970 000 000"
"Объем выполненных строительных работ (услуг)(Тысяч тенге казахских)"	"2018 год"	"201812"	"КОКСУСКИЙ РАЙОН"	"3913"	"основной вид деятельности"	"2"	"Всего"	"1"	"Всего"	"1"	"11 682 731 000 000"
"Объем выполненных строительных работ (услуг)(Тысяч тенге казахских)"	"2019 год"	"201912"	"КОКСУСКИЙ РАЙОН"	"3913"	"основной вид деятельности"	"2"	"Всего"	"1"	"Всего"	"1"	"5 731 180 000 000"
"Объем выполненных строительных работ (услуг)(Тысяч тенге казахских)"	"2020 год"	"202012"	"КОКСУСКИЙ РАЙОН"	"3913"	"основной вид деятельности"	"2"	"Всего"	"1"	"Всего"	"1"	"7 460 723 000 000"
"Объем выполненных строительных работ (услуг)(Тысяч тенге казахских)"	"2021 год"	"202112"	"КОКСУСКИЙ РАЙОН"	"3913"	"основной вид деятельности"	"2"	"Всего"	"1"	"Всего"	"1"	"3 429 928 000 000"
"Объем выполненных строительных работ (услуг)(Тысяч тенге казахских)"	"2022 год"	"202212"	"КОКСУСКИЙ РАЙОН"	"3913"	"основной вид деятельности"	"2"	"Всего"	"1"	"Всего"	"1"	"5 034 622 000 000"
"Объем выполненных строительных работ (услуг)(Тысяч тенге казахских)"	"2017 год"	"201712"	"КОКСУСКИЙ РАЙОН"	"3913"	"вторичный вид деятельности"	"3"	"Всего"	"1"	"Всего"	"1"	"346 618 000 000"
"Объем выполненных строительных работ (услуг)(Тысяч тенге казахских)"	"2018 год"	"201812"	"КОКСУСКИЙ РАЙОН"	"3913"	"вторичный вид деятельности"	"3"	"Всего"	"1"	"Всего"	"1"	"137 548 000 000"
"Объем выполненных строительных работ (услуг)(Тысяч тенге казахских)"	"2019 год"	"201912"	"КОКСУСКИЙ РАЙОН"	"3913"	"вторичный вид деятельности"	"3"	"Всего"	"1"	"Всего"	"1"	"259 749 000 000"
"Объем выполненных строительных работ (услуг)(Тысяч тенге казахских)"	"2020 год"	"202012"	"КОКСУСКИЙ РАЙОН"	"3913"	"вторичный вид деятельности"	"3"	"Всего"	"1"	"Всего"	"1"	"755 450 000 000"
"Объем выполненных строительных работ (услуг)(Тысяч тенге казахских)"	"2021 год"	"202112"	"КОКСУСКИЙ РАЙОН"	"3913"	"вторичный вид деятельности"	"3"	"Всего"	"1"	"Всего"	"1"	"208 156 000 000"
"Объем выполненных строительных работ (услуг)(Тысяч тенге казахских)"	"2022 год"	"202212"	"КОКСУСКИЙ РАЙОН"	"3913"	"вторичный вид деятельности"	"3"	"Всего"	"1"	"Всего"	"1"	"306 308 000 000"
"Объем выполненных строительных работ (услуг)(Тысяч тенге казахских)"	"2017 год"	"201712"	"КАРАТАЛЬСКИЙ РАЙОН"	"3966"	"Всего"	"1"	"Всего"	"1"	"Всего"	"1"	"5 209 417 000 000"
"Объем выполненных строительных работ (услуг)(Тысяч тенге казахских)"	"2016 год"	"201612"	"КАРАТАЛЬСКИЙ РАЙОН"	"3966"	"Всего"	"1"	"Всего"	"1"	"Всего"	"1"	"5 702 291 000 000"
"Объем выполненных строительных работ (услуг)(Тысяч тенге казахских)"	"2018 год"	"201812"	"КАРАТАЛЬСКИЙ РАЙОН"	"3966"	"Всего"	"1"	"Всего"	"1"	"Всего"	"1"	"4 611 088 000 000"
"Объем выполненных строительных работ (услуг)(Тысяч тенге казахских)"	"2019 год"	"201912"	"КАРАТАЛЬСКИЙ РАЙОН"	"3966"	"Всего"	"1"	"Всего"	"1"	"Всего"	"1"	"2 250 555 000 000"
"Объем выполненных строительных работ (услуг)(Тысяч тенге казахских)"	"2020 год"	"202012"	"КАРАТАЛЬСКИЙ РАЙОН"	"3966"	"Всего"	"1"	"Всего"	"1"	"Всего"	"1"	"5 236 112 000 000"
"Объем выполненных строительных работ (услуг)(Тысяч тенге казахских)"	"2021 год"	"202112"	"КАРАТАЛЬСКИЙ РАЙОН"	"3966"	"Всего"	"1"	"Всего"	"1"	"Всего"	"1"	"4 233 186 000 000"
"Объем выполненных строительных работ (услуг)(Тысяч тенге казахских)"	"2022 год"	"202212"	"КАРАТАЛЬСКИЙ РАЙОН"	"3966"	"Всего"	"1"	"Всего"	"1"	"Всего"	"1"	"7 891 699 000 000"
"Объем выполненных строительных работ (услуг)(Тысяч тенге казахских)"	"2017 год"	"201712"	"КАРАТАЛЬСКИЙ РАЙОН"	"3966"	"основной вид деятельности"	"2"	"Всего"	"1"	"Всего"	"1"	"5 144 665 000 000"
"Объем выполненных строительных работ (услуг)(Тысяч тенге казахских)"	"2016 год"	"201612"	"КАРАТАЛЬСКИЙ РАЙОН"	"3966"	"основной вид деятельности"	"2"	"Всего"	"1"	"Всего"	"1"	"5 695 096 000 000"
"Объем выполненных строительных работ (услуг)(Тысяч тенге казахских)"	"2018 год"	"201812"	"КАРАТАЛЬСКИЙ РАЙОН"	"3966"	"основной вид деятельности"	"2"	"Всего"	"1"	"Всего"	"1"	"4 211 921 000 000"
"Объем выполненных строительных работ (услуг)(Тысяч тенге казахских)"	"2019 год"	"201912"	"КАРАТАЛЬСКИЙ РАЙОН"	"3966"	"основной вид деятельности"	"2"	"Всего"	"1"	"Всего"	"1"	"2 043 595 000 000"
"Объем выполненных строительных работ (услуг)(Тысяч тенге казахских)"	"2020 год"	"202012"	"КАРАТАЛЬСКИЙ РАЙОН"	"3966"	"основной вид деятельности"	"2"	"Всего"	"1"	"Всего"	"1"	"4 239 473 000 000"
"Объем выполненных строительных работ (услуг)(Тысяч тенге казахских)"	"2021 год"	"202112"	"КАРАТАЛЬСКИЙ РАЙОН"	"3966"	"основной вид деятельности"	"2"	"Всего"	"1"	"Всего"	"1"	"3 617 280 000 000"
"Объем выполненных строительных работ (услуг)(Тысяч тенге казахских)"	"2022 год"	"202212"	"КАРАТАЛЬСКИЙ РАЙОН"	"3966"	"основной вид деятельности"	"2"	"Всего"	"1"	"Всего"	"1"	"7 579 781 000 000"
"Объем выполненных строительных работ (услуг)(Тысяч тенге казахских)"	"2017 год"	"201712"	"КАРАТАЛЬСКИЙ РАЙОН"	"3966"	"вторичный вид деятельности"	"3"	"Всего"	"1"	"Всего"	"1"	"64 752 000 000"
"Объем выполненных строительных работ (услуг)(Тысяч тенге казахских)"	"2016 год"	"201612"	"КАРАТАЛЬСКИЙ РАЙОН"	"3966"	"вторичный вид деятельности"	"3"	"Всего"	"1"	"Всего"	"1"	"7 195 000 000"
"Объем выполненных строительных работ (услуг)(Тысяч тенге казахских)"	"2018 год"	"201812"	"КАРАТАЛЬСКИЙ РАЙОН"	"3966"	"вторичный вид деятельности"	"3"	"Всего"	"1"	"Всего"	"1"	"399 167 000 000"
"Объем выполненных строительных работ (услуг)(Тысяч тенге казахских)"	"2019 год"	"201912"	"КАРАТАЛЬСКИЙ РАЙОН"	"3966"	"вторичный вид деятельности"	"3"	"Всего"	"1"	"Всего"	"1"	"206 960 000 000"
"Объем выполненных строительных работ (услуг)(Тысяч тенге казахских)"	"2020 год"	"202012"	"КАРАТАЛЬСКИЙ РАЙОН"	"3966"	"вторичный вид деятельности"	"3"	"Всего"	"1"	"Всего"	"1"	"996 639 000 000"
"Объем выполненных строительных работ (услуг)(Тысяч тенге казахских)"	"2021 год"	"202112"	"КАРАТАЛЬСКИЙ РАЙОН"	"3966"	"вторичный вид деятельности"	"3"	"Всего"	"1"	"Всего"	"1"	"615 906 000 000"
"Объем выполненных строительных работ (услуг)(Тысяч тенге казахских)"	"2022 год"	"202212"	"КАРАТАЛЬСКИЙ РАЙОН"	"3966"	"вторичный вид деятельности"	"3"	"Всего"	"1"	"Всего"	"1"	"311 918 000 000"
"Объем выполненных строительных работ (услуг)(Тысяч тенге казахских)"	"2017 год"	"201712"	"КАРАСАЙСКИЙ РАЙОН"	"4034"	"Всего"	"1"	"Всего"	"1"	"Всего"	"1"	"32 307 668 000 000"
"Объем выполненных строительных работ (услуг)(Тысяч тенге казахских)"	"2016 год"	"201612"	"КАРАСАЙСКИЙ РАЙОН"	"4034"	"Всего"	"1"	"Всего"	"1"	"Всего"	"1"	"23 587 015 000 000"
"Объем выполненных строительных работ (услуг)(Тысяч тенге казахских)"	"2018 год"	"201812"	"КАРАСАЙСКИЙ РАЙОН"	"4034"	"Всего"	"1"	"Всего"	"1"	"Всего"	"1"	"32 385 223 000 000"
"Объем выполненных строительных работ (услуг)(Тысяч тенге казахских)"	"2019 год"	"201912"	"КАРАСАЙСКИЙ РАЙОН"	"4034"	"Всего"	"1"	"Всего"	"1"	"Всего"	"1"	"38 005 390 000 000"
"Объем выполненных строительных работ (услуг)(Тысяч тенге казахских)"	"2020 год"	"202012"	"КАРАСАЙСКИЙ РАЙОН"	"4034"	"Всего"	"1"	"Всего"	"1"	"Всего"	"1"	"39 853 579 000 000"
"Объем выполненных строительных работ (услуг)(Тысяч тенге казахских)"	"2021 год"	"202112"	"КАРАСАЙСКИЙ РАЙОН"	"4034"	"Всего"	"1"	"Всего"	"1"	"Всего"	"1"	"64 571 228 000 000"
"Объем выполненных строительных работ (услуг)(Тысяч тенге казахских)"	"2022 год"	"202212"	"КАРАСАЙСКИЙ РАЙОН"	"4034"	"Всего"	"1"	"Всего"	"1"	"Всего"	"1"	"81 086 810 000 000"
"Объем выполненных строительных работ (услуг)(Тысяч тенге казахских)"	"2017 год"	"201712"	"КАРАСАЙСКИЙ РАЙОН"	"4034"	"основной вид деятельности"	"2"	"Всего"	"1"	"Всего"	"1"	"32 269 628 000 000"
"Объем выполненных строительных работ (услуг)(Тысяч тенге казахских)"	"2016 год"	"201612"	"КАРАСАЙСКИЙ РАЙОН"	"4034"	"основной вид деятельности"	"2"	"Всего"	"1"	"Всего"	"1"	"23 497 386 000 000"
"Объем выполненных строительных работ (услуг)(Тысяч тенге казахских)"	"2018 год"	"201812"	"КАРАСАЙСКИЙ РАЙОН"	"4034"	"основной вид деятельности"	"2"	"Всего"	"1"	"Всего"	"1"	"31 659 929 000 000"
"Объем выполненных строительных работ (услуг)(Тысяч тенге казахских)"	"2019 год"	"201912"	"КАРАСАЙСКИЙ РАЙОН"	"4034"	"основной вид деятельности"	"2"	"Всего"	"1"	"Всего"	"1"	"36 789 798 000 000"
"Объем выполненных строительных работ (услуг)(Тысяч тенге казахских)"	"2020 год"	"202012"	"КАРАСАЙСКИЙ РАЙОН"	"4034"	"основной вид деятельности"	"2"	"Всего"	"1"	"Всего"	"1"	"38 641 359 000 000"
"Объем выполненных строительных работ (услуг)(Тысяч тенге казахских)"	"2021 год"	"202112"	"КАРАСАЙСКИЙ РАЙОН"	"4034"	"основной вид деятельности"	"2"	"Всего"	"1"	"Всего"	"1"	"64 056 188 000 000"
"Объем выполненных строительных работ (услуг)(Тысяч тенге казахских)"	"2022 год"	"202212"	"КАРАСАЙСКИЙ РАЙОН"	"4034"	"основной вид деятельности"	"2"	"Всего"	"1"	"Всего"	"1"	"81 010 111 000 000"
"Объем выполненных строительных работ (услуг)(Тысяч тенге казахских)"	"2017 год"	"201712"	"КАРАСАЙСКИЙ РАЙОН"	"4034"	"вторичный вид деятельности"	"3"	"Всего"	"1"	"Всего"	"1"	"38 040 000 000"
"Объем выполненных строительных работ (услуг)(Тысяч тенге казахских)"	"2016 год"	"201612"	"КАРАСАЙСКИЙ РАЙОН"	"4034"	"вторичный вид деятельности"	"3"	"Всего"	"1"	"Всего"	"1"	"89 629 000 000"
"Объем выполненных строительных работ (услуг)(Тысяч тенге казахских)"	"2018 год"	"201812"	"КАРАСАЙСКИЙ РАЙОН"	"4034"	"вторичный вид деятельности"	"3"	"Всего"	"1"	"Всего"	"1"	"725 294 000 000"
"Объем выполненных строительных работ (услуг)(Тысяч тенге казахских)"	"2019 год"	"201912"	"КАРАСАЙСКИЙ РАЙОН"	"4034"	"вторичный вид деятельности"	"3"	"Всего"	"1"	"Всего"	"1"	"1 215 592 000 000"
"Объем выполненных строительных работ (услуг)(Тысяч тенге казахских)"	"2020 год"	"202012"	"КАРАСАЙСКИЙ РАЙОН"	"4034"	"вторичный вид деятельности"	"3"	"Всего"	"1"	"Всего"	"1"	"1 212 220 000 000"
"Объем выполненных строительных работ (услуг)(Тысяч тенге казахских)"	"2021 год"	"202112"	"КАРАСАЙСКИЙ РАЙОН"	"4034"	"вторичный вид деятельности"	"3"	"Всего"	"1"	"Всего"	"1"	"515 040 000 000"
"Объем выполненных строительных работ (услуг)(Тысяч тенге казахских)"	"2022 год"	"202212"	"КАРАСАЙСКИЙ РАЙОН"	"4034"	"вторичный вид деятельности"	"3"	"Всего"	"1"	"Всего"	"1"	"76 699 000 000"
"Объем выполненных строительных работ (услуг)(Тысяч тенге казахских)"	"2017 год"	"201712"	"ПАНФИЛОВСКИЙ РАЙОН"	"4149"	"Всего"	"1"	"Всего"	"1"	"Всего"	"1"	"23 234 015 000 000"
"Объем выполненных строительных работ (услуг)(Тысяч тенге казахских)"	"2016 год"	"201612"	"ПАНФИЛОВСКИЙ РАЙОН"	"4149"	"Всего"	"1"	"Всего"	"1"	"Всего"	"1"	"19 121 329 000 000"
"Объем выполненных строительных работ (услуг)(Тысяч тенге казахских)"	"2018 год"	"201812"	"ПАНФИЛОВСКИЙ РАЙОН"	"4149"	"Всего"	"1"	"Всего"	"1"	"Всего"	"1"	"31 355 213 000 000"
"Объем выполненных строительных работ (услуг)(Тысяч тенге казахских)"	"2019 год"	"201912"	"ПАНФИЛОВСКИЙ РАЙОН"	"4149"	"Всего"	"1"	"Всего"	"1"	"Всего"	"1"	"13 590 198 000 000"
"Объем выполненных строительных работ (услуг)(Тысяч тенге казахских)"	"2020 год"	"202012"	"ПАНФИЛОВСКИЙ РАЙОН"	"4149"	"Всего"	"1"	"Всего"	"1"	"Всего"	"1"	"11 638 170 000 000"
"Объем выполненных строительных работ (услуг)(Тысяч тенге казахских)"	"2021 год"	"202112"	"ПАНФИЛОВСКИЙ РАЙОН"	"4149"	"Всего"	"1"	"Всего"	"1"	"Всего"	"1"	"15 561 331 000 000"
"Объем выполненных строительных работ (услуг)(Тысяч тенге казахских)"	"2022 год"	"202212"	"ПАНФИЛОВСКИЙ РАЙОН"	"4149"	"Всего"	"1"	"Всего"	"1"	"Всего"	"1"	"26 730 256 000 000"
"Объем выполненных строительных работ (услуг)(Тысяч тенге казахских)"	"2017 год"	"201712"	"ПАНФИЛОВСКИЙ РАЙОН"	"4149"	"основной вид деятельности"	"2"	"Всего"	"1"	"Всего"	"1"	"23 061 541 000 000"
"Объем выполненных строительных работ (услуг)(Тысяч тенге казахских)"	"2016 год"	"201612"	"ПАНФИЛОВСКИЙ РАЙОН"	"4149"	"основной вид деятельности"	"2"	"Всего"	"1"	"Всего"	"1"	"19 115 116 000 000"
"Объем выполненных строительных работ (услуг)(Тысяч тенге казахских)"	"2018 год"	"201812"	"ПАНФИЛОВСКИЙ РАЙОН"	"4149"	"основной вид деятельности"	"2"	"Всего"	"1"	"Всего"	"1"	"31 031 999 000 000"
"Объем выполненных строительных работ (услуг)(Тысяч тенге казахских)"	"2019 год"	"201912"	"ПАНФИЛОВСКИЙ РАЙОН"	"4149"	"основной вид деятельности"	"2"	"Всего"	"1"	"Всего"	"1"	"10 959 579 000 000"
"Объем выполненных строительных работ (услуг)(Тысяч тенге казахских)"	"2020 год"	"202012"	"ПАНФИЛОВСКИЙ РАЙОН"	"4149"	"основной вид деятельности"	"2"	"Всего"	"1"	"Всего"	"1"	"10 449 981 000 000"
"Объем выполненных строительных работ (услуг)(Тысяч тенге казахских)"	"2021 год"	"202112"	"ПАНФИЛОВСКИЙ РАЙОН"	"4149"	"основной вид деятельности"	"2"	"Всего"	"1"	"Всего"	"1"	"15 312 289 000 000"
"Объем выполненных строительных работ (услуг)(Тысяч тенге казахских)"	"2022 год"	"202212"	"ПАНФИЛОВСКИЙ РАЙОН"	"4149"	"основной вид деятельности"	"2"	"Всего"	"1"	"Всего"	"1"	"25 911 348 000 000"
"Объем выполненных строительных работ (услуг)(Тысяч тенге казахских)"	"2017 год"	"201712"	"ПАНФИЛОВСКИЙ РАЙОН"	"4149"	"вторичный вид деятельности"	"3"	"Всего"	"1"	"Всего"	"1"	"172 474 000 000"
"Объем выполненных строительных работ (услуг)(Тысяч тенге казахских)"	"2016 год"	"201612"	"ПАНФИЛОВСКИЙ РАЙОН"	"4149"	"вторичный вид деятельности"	"3"	"Всего"	"1"	"Всего"	"1"	"6 213 000 000"
"Объем выполненных строительных работ (услуг)(Тысяч тенге казахских)"	"2018 год"	"201812"	"ПАНФИЛОВСКИЙ РАЙОН"	"4149"	"вторичный вид деятельности"	"3"	"Всего"	"1"	"Всего"	"1"	"323 214 000 000"
"Объем выполненных строительных работ (услуг)(Тысяч тенге казахских)"	"2019 год"	"201912"	"ПАНФИЛОВСКИЙ РАЙОН"	"4149"	"вторичный вид деятельности"	"3"	"Всего"	"1"	"Всего"	"1"	"2 630 619 000 000"
"Объем выполненных строительных работ (услуг)(Тысяч тенге казахских)"	"2020 год"	"202012"	"ПАНФИЛОВСКИЙ РАЙОН"	"4149"	"вторичный вид деятельности"	"3"	"Всего"	"1"	"Всего"	"1"	"1 188 189 000 000"
"Объем выполненных строительных работ (услуг)(Тысяч тенге казахских)"	"2021 год"	"202112"	"ПАНФИЛОВСКИЙ РАЙОН"	"4149"	"вторичный вид деятельности"	"3"	"Всего"	"1"	"Всего"	"1"	"249 042 000 000"
"Объем выполненных строительных работ (услуг)(Тысяч тенге казахских)"	"2022 год"	"202212"	"ПАНФИЛОВСКИЙ РАЙОН"	"4149"	"вторичный вид деятельности"	"3"	"Всего"	"1"	"Всего"	"1"	"818 908 000 000"
"Объем выполненных строительных работ (услуг)(Тысяч тенге казахских)"	"2017 год"	"201712"	"РАЙЫМБЕКСКИЙ РАЙОН"	"4234"	"Всего"	"1"	"Всего"	"1"	"Всего"	"1"	"3 083 313 000 000"
"Объем выполненных строительных работ (услуг)(Тысяч тенге казахских)"	"2016 год"	"201612"	"РАЙЫМБЕКСКИЙ РАЙОН"	"4234"	"Всего"	"1"	"Всего"	"1"	"Всего"	"1"	"3 692 531 000 000"
"Объем выполненных строительных работ (услуг)(Тысяч тенге казахских)"	"2018 год"	"201812"	"РАЙЫМБЕКСКИЙ РАЙОН"	"4234"	"Всего"	"1"	"Всего"	"1"	"Всего"	"1"	"2 435 956 000 000"
"Объем выполненных строительных работ (услуг)(Тысяч тенге казахских)"	"2019 год"	"201912"	"РАЙЫМБЕКСКИЙ РАЙОН"	"4234"	"Всего"	"1"	"Всего"	"1"	"Всего"	"1"	"4 980 163 000 000"
"Объем выполненных строительных работ (услуг)(Тысяч тенге казахских)"	"2020 год"	"202012"	"РАЙЫМБЕКСКИЙ РАЙОН"	"4234"	"Всего"	"1"	"Всего"	"1"	"Всего"	"1"	"8 027 634 000 000"
"Объем выполненных строительных работ (услуг)(Тысяч тенге казахских)"	"2021 год"	"202112"	"РАЙЫМБЕКСКИЙ РАЙОН"	"4234"	"Всего"	"1"	"Всего"	"1"	"Всего"	"1"	"4 751 835 000 000"
"Объем выполненных строительных работ (услуг)(Тысяч тенге казахских)"	"2022 год"	"202212"	"РАЙЫМБЕКСКИЙ РАЙОН"	"4234"	"Всего"	"1"	"Всего"	"1"	"Всего"	"1"	"6 822 277 000 000"
"Объем выполненных строительных работ (услуг)(Тысяч тенге казахских)"	"2017 год"	"201712"	"РАЙЫМБЕКСКИЙ РАЙОН"	"4234"	"основной вид деятельности"	"2"	"Всего"	"1"	"Всего"	"1"	"3 083 313 000 000"
"Объем выполненных строительных работ (услуг)(Тысяч тенге казахских)"	"2016 год"	"201612"	"РАЙЫМБЕКСКИЙ РАЙОН"	"4234"	"основной вид деятельности"	"2"	"Всего"	"1"	"Всего"	"1"	"3 369 166 000 000"
"Объем выполненных строительных работ (услуг)(Тысяч тенге казахских)"	"2018 год"	"201812"	"РАЙЫМБЕКСКИЙ РАЙОН"	"4234"	"основной вид деятельности"	"2"	"Всего"	"1"	"Всего"	"1"	"2 405 957 000 000"
"Объем выполненных строительных работ (услуг)(Тысяч тенге казахских)"	"2019 год"	"201912"	"РАЙЫМБЕКСКИЙ РАЙОН"	"4234"	"основной вид деятельности"	"2"	"Всего"	"1"	"Всего"	"1"	"4 941 919 000 000"
"Объем выполненных строительных работ (услуг)(Тысяч тенге казахских)"	"2020 год"	"202012"	"РАЙЫМБЕКСКИЙ РАЙОН"	"4234"	"основной вид деятельности"	"2"	"Всего"	"1"	"Всего"	"1"	"7 697 199 000 000"
"Объем выполненных строительных работ (услуг)(Тысяч тенге казахских)"	"2021 год"	"202112"	"РАЙЫМБЕКСКИЙ РАЙОН"	"4234"	"основной вид деятельности"	"2"	"Всего"	"1"	"Всего"	"1"	"4 719 900 000 000"
"Объем выполненных строительных работ (услуг)(Тысяч тенге казахских)"	"2022 год"	"202212"	"РАЙЫМБЕКСКИЙ РАЙОН"	"4234"	"основной вид деятельности"	"2"	"Всего"	"1"	"Всего"	"1"	"6 746 208 000 000"
"Объем выполненных строительных работ (услуг)(Тысяч тенге казахских)"	"2016 год"	"201612"	"РАЙЫМБЕКСКИЙ РАЙОН"	"4234"	"вторичный вид деятельности"	"3"	"Всего"	"1"	"Всего"	"1"	"323 365 000 000"
"Объем выполненных строительных работ (услуг)(Тысяч тенге казахских)"	"2018 год"	"201812"	"РАЙЫМБЕКСКИЙ РАЙОН"	"4234"	"вторичный вид деятельности"	"3"	"Всего"	"1"	"Всего"	"1"	"29 999 000 000"
"Объем выполненных строительных работ (услуг)(Тысяч тенге казахских)"	"2019 год"	"201912"	"РАЙЫМБЕКСКИЙ РАЙОН"	"4234"	"вторичный вид деятельности"	"3"	"Всего"	"1"	"Всего"	"1"	"38 244 000 000"
"Объем выполненных строительных работ (услуг)(Тысяч тенге казахских)"	"2020 год"	"202012"	"РАЙЫМБЕКСКИЙ РАЙОН"	"4234"	"вторичный вид деятельности"	"3"	"Всего"	"1"	"Всего"	"1"	"330 435 000 000"
"Объем выполненных строительных работ (услуг)(Тысяч тенге казахских)"	"2021 год"	"202112"	"РАЙЫМБЕКСКИЙ РАЙОН"	"4234"	"вторичный вид деятельности"	"3"	"Всего"	"1"	"Всего"	"1"	"31 935 000 000"
"Объем выполненных строительных работ (услуг)(Тысяч тенге казахских)"	"2022 год"	"202212"	"РАЙЫМБЕКСКИЙ РАЙОН"	"4234"	"вторичный вид деятельности"	"3"	"Всего"	"1"	"Всего"	"1"	"76 069 000 000"
"Объем выполненных строительных работ (услуг)(Тысяч тенге казахских)"	"2017 год"	"201712"	"САРКАНДСКИЙ РАЙОН"	"4282"	"Всего"	"1"	"Всего"	"1"	"Всего"	"1"	"4 042 432 000 000"
"Объем выполненных строительных работ (услуг)(Тысяч тенге казахских)"	"2016 год"	"201612"	"САРКАНДСКИЙ РАЙОН"	"4282"	"Всего"	"1"	"Всего"	"1"	"Всего"	"1"	"4 116 474 000 000"
"Объем выполненных строительных работ (услуг)(Тысяч тенге казахских)"	"2018 год"	"201812"	"САРКАНДСКИЙ РАЙОН"	"4282"	"Всего"	"1"	"Всего"	"1"	"Всего"	"1"	"4 506 550 000 000"
"Объем выполненных строительных работ (услуг)(Тысяч тенге казахских)"	"2019 год"	"201912"	"САРКАНДСКИЙ РАЙОН"	"4282"	"Всего"	"1"	"Всего"	"1"	"Всего"	"1"	"8 103 818 000 000"
"Объем выполненных строительных работ (услуг)(Тысяч тенге казахских)"	"2020 год"	"202012"	"САРКАНДСКИЙ РАЙОН"	"4282"	"Всего"	"1"	"Всего"	"1"	"Всего"	"1"	"8 045 516 000 000"
"Объем выполненных строительных работ (услуг)(Тысяч тенге казахских)"	"2021 год"	"202112"	"САРКАНДСКИЙ РАЙОН"	"4282"	"Всего"	"1"	"Всего"	"1"	"Всего"	"1"	"7 590 298 000 000"
"Объем выполненных строительных работ (услуг)(Тысяч тенге казахских)"	"2022 год"	"202212"	"САРКАНДСКИЙ РАЙОН"	"4282"	"Всего"	"1"	"Всего"	"1"	"Всего"	"1"	"7 879 859 000 000"
"Объем выполненных строительных работ (услуг)(Тысяч тенге казахских)"	"2017 год"	"201712"	"САРКАНДСКИЙ РАЙОН"	"4282"	"основной вид деятельности"	"2"	"Всего"	"1"	"Всего"	"1"	"4 042 432 000 000"
"Объем выполненных строительных работ (услуг)(Тысяч тенге казахских)"	"2016 год"	"201612"	"САРКАНДСКИЙ РАЙОН"	"4282"	"основной вид деятельности"	"2"	"Всего"	"1"	"Всего"	"1"	"4 116 474 000 000"
"Объем выполненных строительных работ (услуг)(Тысяч тенге казахских)"	"2018 год"	"201812"	"САРКАНДСКИЙ РАЙОН"	"4282"	"основной вид деятельности"	"2"	"Всего"	"1"	"Всего"	"1"	"4 086 284 000 000"
"Объем выполненных строительных работ (услуг)(Тысяч тенге казахских)"	"2019 год"	"201912"	"САРКАНДСКИЙ РАЙОН"	"4282"	"основной вид деятельности"	"2"	"Всего"	"1"	"Всего"	"1"	"7 542 375 000 000"
"Объем выполненных строительных работ (услуг)(Тысяч тенге казахских)"	"2020 год"	"202012"	"САРКАНДСКИЙ РАЙОН"	"4282"	"основной вид деятельности"	"2"	"Всего"	"1"	"Всего"	"1"	"7 783 419 000 000"
"Объем выполненных строительных работ (услуг)(Тысяч тенге казахских)"	"2021 год"	"202112"	"САРКАНДСКИЙ РАЙОН"	"4282"	"основной вид деятельности"	"2"	"Всего"	"1"	"Всего"	"1"	"7 590 298 000 000"
"Объем выполненных строительных работ (услуг)(Тысяч тенге казахских)"	"2022 год"	"202212"	"САРКАНДСКИЙ РАЙОН"	"4282"	"основной вид деятельности"	"2"	"Всего"	"1"	"Всего"	"1"	"7 215 189 000 000"
"Объем выполненных строительных работ (услуг)(Тысяч тенге казахских)"	"2018 год"	"201812"	"САРКАНДСКИЙ РАЙОН"	"4282"	"вторичный вид деятельности"	"3"	"Всего"	"1"	"Всего"	"1"	"420 266 000 000"
"Объем выполненных строительных работ (услуг)(Тысяч тенге казахских)"	"2019 год"	"201912"	"САРКАНДСКИЙ РАЙОН"	"4282"	"вторичный вид деятельности"	"3"	"Всего"	"1"	"Всего"	"1"	"561 443 000 000"
"Объем выполненных строительных работ (услуг)(Тысяч тенге казахских)"	"2020 год"	"202012"	"САРКАНДСКИЙ РАЙОН"	"4282"	"вторичный вид деятельности"	"3"	"Всего"	"1"	"Всего"	"1"	"262 097 000 000"
"Объем выполненных строительных работ (услуг)(Тысяч тенге казахских)"	"2022 год"	"202212"	"САРКАНДСКИЙ РАЙОН"	"4282"	"вторичный вид деятельности"	"3"	"Всего"	"1"	"Всего"	"1"	"664 670 000 000"
"Объем выполненных строительных работ (услуг)(Тысяч тенге казахских)"	"2017 год"	"201712"	"ТАЛГАРСКИЙ РАЙОН"	"4378"	"Всего"	"1"	"Всего"	"1"	"Всего"	"1"	"18 456 925 000 000"
"Объем выполненных строительных работ (услуг)(Тысяч тенге казахских)"	"2016 год"	"201612"	"ТАЛГАРСКИЙ РАЙОН"	"4378"	"Всего"	"1"	"Всего"	"1"	"Всего"	"1"	"14 460 281 000 000"
"Объем выполненных строительных работ (услуг)(Тысяч тенге казахских)"	"2018 год"	"201812"	"ТАЛГАРСКИЙ РАЙОН"	"4378"	"Всего"	"1"	"Всего"	"1"	"Всего"	"1"	"26 418 190 000 000"
"Объем выполненных строительных работ (услуг)(Тысяч тенге казахских)"	"2019 год"	"201912"	"ТАЛГАРСКИЙ РАЙОН"	"4378"	"Всего"	"1"	"Всего"	"1"	"Всего"	"1"	"29 645 164 000 000"
"Объем выполненных строительных работ (услуг)(Тысяч тенге казахских)"	"2020 год"	"202012"	"ТАЛГАРСКИЙ РАЙОН"	"4378"	"Всего"	"1"	"Всего"	"1"	"Всего"	"1"	"30 700 885 000 000"
"Объем выполненных строительных работ (услуг)(Тысяч тенге казахских)"	"2021 год"	"202112"	"ТАЛГАРСКИЙ РАЙОН"	"4378"	"Всего"	"1"	"Всего"	"1"	"Всего"	"1"	"37 079 247 000 000"
"Объем выполненных строительных работ (услуг)(Тысяч тенге казахских)"	"2022 год"	"202212"	"ТАЛГАРСКИЙ РАЙОН"	"4378"	"Всего"	"1"	"Всего"	"1"	"Всего"	"1"	"40 434 207 000 000"
"Объем выполненных строительных работ (услуг)(Тысяч тенге казахских)"	"2017 год"	"201712"	"ТАЛГАРСКИЙ РАЙОН"	"4378"	"основной вид деятельности"	"2"	"Всего"	"1"	"Всего"	"1"	"18 394 610 000 000"
"Объем выполненных строительных работ (услуг)(Тысяч тенге казахских)"	"2016 год"	"201612"	"ТАЛГАРСКИЙ РАЙОН"	"4378"	"основной вид деятельности"	"2"	"Всего"	"1"	"Всего"	"1"	"14 334 423 000 000"
"Объем выполненных строительных работ (услуг)(Тысяч тенге казахских)"	"2018 год"	"201812"	"ТАЛГАРСКИЙ РАЙОН"	"4378"	"основной вид деятельности"	"2"	"Всего"	"1"	"Всего"	"1"	"25 763 533 000 000"
"Объем выполненных строительных работ (услуг)(Тысяч тенге казахских)"	"2019 год"	"201912"	"ТАЛГАРСКИЙ РАЙОН"	"4378"	"основной вид деятельности"	"2"	"Всего"	"1"	"Всего"	"1"	"28 269 922 000 000"
"Объем выполненных строительных работ (услуг)(Тысяч тенге казахских)"	"2020 год"	"202012"	"ТАЛГАРСКИЙ РАЙОН"	"4378"	"основной вид деятельности"	"2"	"Всего"	"1"	"Всего"	"1"	"29 645 660 000 000"
"Объем выполненных строительных работ (услуг)(Тысяч тенге казахских)"	"2021 год"	"202112"	"ТАЛГАРСКИЙ РАЙОН"	"4378"	"основной вид деятельности"	"2"	"Всего"	"1"	"Всего"	"1"	"36 983 957 000 000"
"Объем выполненных строительных работ (услуг)(Тысяч тенге казахских)"	"2022 год"	"202212"	"ТАЛГАРСКИЙ РАЙОН"	"4378"	"основной вид деятельности"	"2"	"Всего"	"1"	"Всего"	"1"	"39 908 956 000 000"
"Объем выполненных строительных работ (услуг)(Тысяч тенге казахских)"	"2017 год"	"201712"	"ТАЛГАРСКИЙ РАЙОН"	"4378"	"вторичный вид деятельности"	"3"	"Всего"	"1"	"Всего"	"1"	"62 315 000 000"
"Объем выполненных строительных работ (услуг)(Тысяч тенге казахских)"	"2016 год"	"201612"	"ТАЛГАРСКИЙ РАЙОН"	"4378"	"вторичный вид деятельности"	"3"	"Всего"	"1"	"Всего"	"1"	"125 858 000 000"
"Объем выполненных строительных работ (услуг)(Тысяч тенге казахских)"	"2018 год"	"201812"	"ТАЛГАРСКИЙ РАЙОН"	"4378"	"вторичный вид деятельности"	"3"	"Всего"	"1"	"Всего"	"1"	"654 657 000 000"
"Объем выполненных строительных работ (услуг)(Тысяч тенге казахских)"	"2019 год"	"201912"	"ТАЛГАРСКИЙ РАЙОН"	"4378"	"вторичный вид деятельности"	"3"	"Всего"	"1"	"Всего"	"1"	"1 375 242 000 000"
"Объем выполненных строительных работ (услуг)(Тысяч тенге казахских)"	"2020 год"	"202012"	"ТАЛГАРСКИЙ РАЙОН"	"4378"	"вторичный вид деятельности"	"3"	"Всего"	"1"	"Всего"	"1"	"1 055 225 000 000"
"Объем выполненных строительных работ (услуг)(Тысяч тенге казахских)"	"2021 год"	"202112"	"ТАЛГАРСКИЙ РАЙОН"	"4378"	"вторичный вид деятельности"	"3"	"Всего"	"1"	"Всего"	"1"	"95 290 000 000"
"Объем выполненных строительных работ (услуг)(Тысяч тенге казахских)"	"2022 год"	"202212"	"ТАЛГАРСКИЙ РАЙОН"	"4378"	"вторичный вид деятельности"	"3"	"Всего"	"1"	"Всего"	"1"	"525 251 000 000"
"Объем выполненных строительных работ (услуг)(Тысяч тенге казахских)"	"2017 год"	"201712"	"ЕСКЕЛЬДИНСКИЙ РАЙОН"	"4491"	"Всего"	"1"	"Всего"	"1"	"Всего"	"1"	"1 526 324 000 000"
"Объем выполненных строительных работ (услуг)(Тысяч тенге казахских)"	"2016 год"	"201612"	"ЕСКЕЛЬДИНСКИЙ РАЙОН"	"4491"	"Всего"	"1"	"Всего"	"1"	"Всего"	"1"	"1 351 805 000 000"
"Объем выполненных строительных работ (услуг)(Тысяч тенге казахских)"	"2018 год"	"201812"	"ЕСКЕЛЬДИНСКИЙ РАЙОН"	"4491"	"Всего"	"1"	"Всего"	"1"	"Всего"	"1"	"3 664 906 000 000"
"Объем выполненных строительных работ (услуг)(Тысяч тенге казахских)"	"2019 год"	"201912"	"ЕСКЕЛЬДИНСКИЙ РАЙОН"	"4491"	"Всего"	"1"	"Всего"	"1"	"Всего"	"1"	"14 947 254 000 000"
"Объем выполненных строительных работ (услуг)(Тысяч тенге казахских)"	"2020 год"	"202012"	"ЕСКЕЛЬДИНСКИЙ РАЙОН"	"4491"	"Всего"	"1"	"Всего"	"1"	"Всего"	"1"	"15 714 837 000 000"
"Объем выполненных строительных работ (услуг)(Тысяч тенге казахских)"	"2021 год"	"202112"	"ЕСКЕЛЬДИНСКИЙ РАЙОН"	"4491"	"Всего"	"1"	"Всего"	"1"	"Всего"	"1"	"7 922 645 000 000"
"Объем выполненных строительных работ (услуг)(Тысяч тенге казахских)"	"2022 год"	"202212"	"ЕСКЕЛЬДИНСКИЙ РАЙОН"	"4491"	"Всего"	"1"	"Всего"	"1"	"Всего"	"1"	"7 729 240 000 000"
"Объем выполненных строительных работ (услуг)(Тысяч тенге казахских)"	"2017 год"	"201712"	"ЕСКЕЛЬДИНСКИЙ РАЙОН"	"4491"	"основной вид деятельности"	"2"	"Всего"	"1"	"Всего"	"1"	"1 394 827 000 000"
"Объем выполненных строительных работ (услуг)(Тысяч тенге казахских)"	"2016 год"	"201612"	"ЕСКЕЛЬДИНСКИЙ РАЙОН"	"4491"	"основной вид деятельности"	"2"	"Всего"	"1"	"Всего"	"1"	"1 330 618 000 000"
"Объем выполненных строительных работ (услуг)(Тысяч тенге казахских)"	"2018 год"	"201812"	"ЕСКЕЛЬДИНСКИЙ РАЙОН"	"4491"	"основной вид деятельности"	"2"	"Всего"	"1"	"Всего"	"1"	"2 939 608 000 000"
"Объем выполненных строительных работ (услуг)(Тысяч тенге казахских)"	"2019 год"	"201912"	"ЕСКЕЛЬДИНСКИЙ РАЙОН"	"4491"	"основной вид деятельности"	"2"	"Всего"	"1"	"Всего"	"1"	"10 984 619 000 000"
"Объем выполненных строительных работ (услуг)(Тысяч тенге казахских)"	"2020 год"	"202012"	"ЕСКЕЛЬДИНСКИЙ РАЙОН"	"4491"	"основной вид деятельности"	"2"	"Всего"	"1"	"Всего"	"1"	"10 441 744 000 000"
"Объем выполненных строительных работ (услуг)(Тысяч тенге казахских)"	"2021 год"	"202112"	"ЕСКЕЛЬДИНСКИЙ РАЙОН"	"4491"	"основной вид деятельности"	"2"	"Всего"	"1"	"Всего"	"1"	"7 121 187 000 000"
"Объем выполненных строительных работ (услуг)(Тысяч тенге казахских)"	"2022 год"	"202212"	"ЕСКЕЛЬДИНСКИЙ РАЙОН"	"4491"	"основной вид деятельности"	"2"	"Всего"	"1"	"Всего"	"1"	"5 558 714 000 000"
"Объем выполненных строительных работ (услуг)(Тысяч тенге казахских)"	"2017 год"	"201712"	"ЕСКЕЛЬДИНСКИЙ РАЙОН"	"4491"	"вторичный вид деятельности"	"3"	"Всего"	"1"	"Всего"	"1"	"131 497 000 000"
"Объем выполненных строительных работ (услуг)(Тысяч тенге казахских)"	"2016 год"	"201612"	"ЕСКЕЛЬДИНСКИЙ РАЙОН"	"4491"	"вторичный вид деятельности"	"3"	"Всего"	"1"	"Всего"	"1"	"21 187 000 000"
"Объем выполненных строительных работ (услуг)(Тысяч тенге казахских)"	"2018 год"	"201812"	"ЕСКЕЛЬДИНСКИЙ РАЙОН"	"4491"	"вторичный вид деятельности"	"3"	"Всего"	"1"	"Всего"	"1"	"725 298 000 000"
"Объем выполненных строительных работ (услуг)(Тысяч тенге казахских)"	"2019 год"	"201912"	"ЕСКЕЛЬДИНСКИЙ РАЙОН"	"4491"	"вторичный вид деятельности"	"3"	"Всего"	"1"	"Всего"	"1"	"3 962 635 000 000"
"Объем выполненных строительных работ (услуг)(Тысяч тенге казахских)"	"2020 год"	"202012"	"ЕСКЕЛЬДИНСКИЙ РАЙОН"	"4491"	"вторичный вид деятельности"	"3"	"Всего"	"1"	"Всего"	"1"	"5 273 093 000 000"
"Объем выполненных строительных работ (услуг)(Тысяч тенге казахских)"	"2021 год"	"202112"	"ЕСКЕЛЬДИНСКИЙ РАЙОН"	"4491"	"вторичный вид деятельности"	"3"	"Всего"	"1"	"Всего"	"1"	"801 458 000 000"
"Объем выполненных строительных работ (услуг)(Тысяч тенге казахских)"	"2022 год"	"202212"	"ЕСКЕЛЬДИНСКИЙ РАЙОН"	"4491"	"вторичный вид деятельности"	"3"	"Всего"	"1"	"Всего"	"1"	"2 170 526 000 000"
"Объем выполненных строительных работ (услуг)(Тысяч тенге казахских)"	"2017 год"	"201712"	"УЙГУРСКИЙ РАЙОН"	"4559"	"Всего"	"1"	"Всего"	"1"	"Всего"	"1"	"15 748 095 000 000"
"Объем выполненных строительных работ (услуг)(Тысяч тенге казахских)"	"2016 год"	"201612"	"УЙГУРСКИЙ РАЙОН"	"4559"	"Всего"	"1"	"Всего"	"1"	"Всего"	"1"	"24 842 343 000 000"
"Объем выполненных строительных работ (услуг)(Тысяч тенге казахских)"	"2018 год"	"201812"	"УЙГУРСКИЙ РАЙОН"	"4559"	"Всего"	"1"	"Всего"	"1"	"Всего"	"1"	"9 120 167 000 000"
"Объем выполненных строительных работ (услуг)(Тысяч тенге казахских)"	"2019 год"	"201912"	"УЙГУРСКИЙ РАЙОН"	"4559"	"Всего"	"1"	"Всего"	"1"	"Всего"	"1"	"9 848 992 000 000"
"Объем выполненных строительных работ (услуг)(Тысяч тенге казахских)"	"2020 год"	"202012"	"УЙГУРСКИЙ РАЙОН"	"4559"	"Всего"	"1"	"Всего"	"1"	"Всего"	"1"	"4 924 620 000 000"
"Объем выполненных строительных работ (услуг)(Тысяч тенге казахских)"	"2021 год"	"202112"	"УЙГУРСКИЙ РАЙОН"	"4559"	"Всего"	"1"	"Всего"	"1"	"Всего"	"1"	"3 457 704 000 000"
"Объем выполненных строительных работ (услуг)(Тысяч тенге казахских)"	"2022 год"	"202212"	"УЙГУРСКИЙ РАЙОН"	"4559"	"Всего"	"1"	"Всего"	"1"	"Всего"	"1"	"13 046 118 000 000"
"Объем выполненных строительных работ (услуг)(Тысяч тенге казахских)"	"2017 год"	"201712"	"УЙГУРСКИЙ РАЙОН"	"4559"	"основной вид деятельности"	"2"	"Всего"	"1"	"Всего"	"1"	"15 748 095 000 000"
"Объем выполненных строительных работ (услуг)(Тысяч тенге казахских)"	"2016 год"	"201612"	"УЙГУРСКИЙ РАЙОН"	"4559"	"основной вид деятельности"	"2"	"Всего"	"1"	"Всего"	"1"	"24 842 343 000 000"
"Объем выполненных строительных работ (услуг)(Тысяч тенге казахских)"	"2018 год"	"201812"	"УЙГУРСКИЙ РАЙОН"	"4559"	"основной вид деятельности"	"2"	"Всего"	"1"	"Всего"	"1"	"9 057 879 000 000"
"Объем выполненных строительных работ (услуг)(Тысяч тенге казахских)"	"2019 год"	"201912"	"УЙГУРСКИЙ РАЙОН"	"4559"	"основной вид деятельности"	"2"	"Всего"	"1"	"Всего"	"1"	"5 648 513 000 000"
"Объем выполненных строительных работ (услуг)(Тысяч тенге казахских)"	"2020 год"	"202012"	"УЙГУРСКИЙ РАЙОН"	"4559"	"основной вид деятельности"	"2"	"Всего"	"1"	"Всего"	"1"	"4 418 079 000 000"
"Объем выполненных строительных работ (услуг)(Тысяч тенге казахских)"	"2021 год"	"202112"	"УЙГУРСКИЙ РАЙОН"	"4559"	"основной вид деятельности"	"2"	"Всего"	"1"	"Всего"	"1"	"3 376 836 000 000"
"Объем выполненных строительных работ (услуг)(Тысяч тенге казахских)"	"2022 год"	"202212"	"УЙГУРСКИЙ РАЙОН"	"4559"	"основной вид деятельности"	"2"	"Всего"	"1"	"Всего"	"1"	"12 896 398 000 000"
"Объем выполненных строительных работ (услуг)(Тысяч тенге казахских)"	"2018 год"	"201812"	"УЙГУРСКИЙ РАЙОН"	"4559"	"вторичный вид деятельности"	"3"	"Всего"	"1"	"Всего"	"1"	"62 288 000 000"
"Объем выполненных строительных работ (услуг)(Тысяч тенге казахских)"	"2019 год"	"201912"	"УЙГУРСКИЙ РАЙОН"	"4559"	"вторичный вид деятельности"	"3"	"Всего"	"1"	"Всего"	"1"	"4 200 479 000 000"
"Объем выполненных строительных работ (услуг)(Тысяч тенге казахских)"	"2020 год"	"202012"	"УЙГУРСКИЙ РАЙОН"	"4559"	"вторичный вид деятельности"	"3"	"Всего"	"1"	"Всего"	"1"	"506 541 000 000"
"Объем выполненных строительных работ (услуг)(Тысяч тенге казахских)"	"2021 год"	"202112"	"УЙГУРСКИЙ РАЙОН"	"4559"	"вторичный вид деятельности"	"3"	"Всего"	"1"	"Всего"	"1"	"80 868 000 000"
"Объем выполненных строительных работ (услуг)(Тысяч тенге казахских)"	"2022 год"	"202212"	"УЙГУРСКИЙ РАЙОН"	"4559"	"вторичный вид деятельности"	"3"	"Всего"	"1"	"Всего"	"1"	"149 720 000 000"
"Объем выполненных строительных работ (услуг)(Тысяч тенге казахских)"	"2017 год"	"201712"	"ИЛИЙСКИЙ РАЙОН"	"4616"	"Всего"	"1"	"Всего"	"1"	"Всего"	"1"	"23 050 053 000 000"
"Объем выполненных строительных работ (услуг)(Тысяч тенге казахских)"	"2016 год"	"201612"	"ИЛИЙСКИЙ РАЙОН"	"4616"	"Всего"	"1"	"Всего"	"1"	"Всего"	"1"	"17 611 985 000 000"
"Объем выполненных строительных работ (услуг)(Тысяч тенге казахских)"	"2018 год"	"201812"	"ИЛИЙСКИЙ РАЙОН"	"4616"	"Всего"	"1"	"Всего"	"1"	"Всего"	"1"	"27 459 908 000 000"
"Объем выполненных строительных работ (услуг)(Тысяч тенге казахских)"	"2019 год"	"201912"	"ИЛИЙСКИЙ РАЙОН"	"4616"	"Всего"	"1"	"Всего"	"1"	"Всего"	"1"	"20 885 191 000 000"
"Объем выполненных строительных работ (услуг)(Тысяч тенге казахских)"	"2020 год"	"202012"	"ИЛИЙСКИЙ РАЙОН"	"4616"	"Всего"	"1"	"Всего"	"1"	"Всего"	"1"	"23 581 303 000 000"
"Объем выполненных строительных работ (услуг)(Тысяч тенге казахских)"	"2021 год"	"202112"	"ИЛИЙСКИЙ РАЙОН"	"4616"	"Всего"	"1"	"Всего"	"1"	"Всего"	"1"	"62 602 001 000 000"
"Объем выполненных строительных работ (услуг)(Тысяч тенге казахских)"	"2022 год"	"202212"	"ИЛИЙСКИЙ РАЙОН"	"4616"	"Всего"	"1"	"Всего"	"1"	"Всего"	"1"	"88 565 953 000 000"
"Объем выполненных строительных работ (услуг)(Тысяч тенге казахских)"	"2017 год"	"201712"	"ИЛИЙСКИЙ РАЙОН"	"4616"	"основной вид деятельности"	"2"	"Всего"	"1"	"Всего"	"1"	"23 035 624 000 000"
"Объем выполненных строительных работ (услуг)(Тысяч тенге казахских)"	"2016 год"	"201612"	"ИЛИЙСКИЙ РАЙОН"	"4616"	"основной вид деятельности"	"2"	"Всего"	"1"	"Всего"	"1"	"17 421 262 000 000"
"Объем выполненных строительных работ (услуг)(Тысяч тенге казахских)"	"2018 год"	"201812"	"ИЛИЙСКИЙ РАЙОН"	"4616"	"основной вид деятельности"	"2"	"Всего"	"1"	"Всего"	"1"	"27 387 520 000 000"
"Объем выполненных строительных работ (услуг)(Тысяч тенге казахских)"	"2019 год"	"201912"	"ИЛИЙСКИЙ РАЙОН"	"4616"	"основной вид деятельности"	"2"	"Всего"	"1"	"Всего"	"1"	"20 177 479 000 000"
"Объем выполненных строительных работ (услуг)(Тысяч тенге казахских)"	"2020 год"	"202012"	"ИЛИЙСКИЙ РАЙОН"	"4616"	"основной вид деятельности"	"2"	"Всего"	"1"	"Всего"	"1"	"22 756 368 000 000"
"Объем выполненных строительных работ (услуг)(Тысяч тенге казахских)"	"2021 год"	"202112"	"ИЛИЙСКИЙ РАЙОН"	"4616"	"основной вид деятельности"	"2"	"Всего"	"1"	"Всего"	"1"	"62 210 026 000 000"
"Объем выполненных строительных работ (услуг)(Тысяч тенге казахских)"	"2022 год"	"202212"	"ИЛИЙСКИЙ РАЙОН"	"4616"	"основной вид деятельности"	"2"	"Всего"	"1"	"Всего"	"1"	"88 010 395 000 000"
"Объем выполненных строительных работ (услуг)(Тысяч тенге казахских)"	"2017 год"	"201712"	"ИЛИЙСКИЙ РАЙОН"	"4616"	"вторичный вид деятельности"	"3"	"Всего"	"1"	"Всего"	"1"	"14 429 000 000"
"Объем выполненных строительных работ (услуг)(Тысяч тенге казахских)"	"2016 год"	"201612"	"ИЛИЙСКИЙ РАЙОН"	"4616"	"вторичный вид деятельности"	"3"	"Всего"	"1"	"Всего"	"1"	"190 723 000 000"
"Объем выполненных строительных работ (услуг)(Тысяч тенге казахских)"	"2018 год"	"201812"	"ИЛИЙСКИЙ РАЙОН"	"4616"	"вторичный вид деятельности"	"3"	"Всего"	"1"	"Всего"	"1"	"72 388 000 000"
"Объем выполненных строительных работ (услуг)(Тысяч тенге казахских)"	"2019 год"	"201912"	"ИЛИЙСКИЙ РАЙОН"	"4616"	"вторичный вид деятельности"	"3"	"Всего"	"1"	"Всего"	"1"	"707 712 000 000"
"Объем выполненных строительных работ (услуг)(Тысяч тенге казахских)"	"2020 год"	"202012"	"ИЛИЙСКИЙ РАЙОН"	"4616"	"вторичный вид деятельности"	"3"	"Всего"	"1"	"Всего"	"1"	"824 935 000 000"
"Объем выполненных строительных работ (услуг)(Тысяч тенге казахских)"	"2021 год"	"202112"	"ИЛИЙСКИЙ РАЙОН"	"4616"	"вторичный вид деятельности"	"3"	"Всего"	"1"	"Всего"	"1"	"391 975 000 000"
"Объем выполненных строительных работ (услуг)(Тысяч тенге казахских)"	"2022 год"	"202212"	"ИЛИЙСКИЙ РАЙОН"	"4616"	"вторичный вид деятельности"	"3"	"Всего"	"1"	"Всего"	"1"	"555 558 000 000"
"Объем выполненных строительных работ (услуг)(Тысяч тенге казахских)"	"2017 год"	"201712"	"АТЫРАУСКАЯ ОБЛАСТЬ"	"4711"	"Всего"	"1"	"Всего"	"1"	"Всего"	"1"	"566 960 729 000 000"
"Объем выполненных строительных работ (услуг)(Тысяч тенге казахских)"	"2016 год"	"201612"	"АТЫРАУСКАЯ ОБЛАСТЬ"	"4711"	"Всего"	"1"	"Всего"	"1"	"Всего"	"1"	"575 172 463 000 000"
"Объем выполненных строительных работ (услуг)(Тысяч тенге казахских)"	"2018 год"	"201812"	"АТЫРАУСКАЯ ОБЛАСТЬ"	"4711"	"Всего"	"1"	"Всего"	"1"	"Всего"	"1"	"638 234 680 000 000"
"Объем выполненных строительных работ (услуг)(Тысяч тенге казахских)"	"2019 год"	"201912"	"АТЫРАУСКАЯ ОБЛАСТЬ"	"4711"	"Всего"	"1"	"Всего"	"1"	"Всего"	"1"	"867 851 151 000 000"
"Объем выполненных строительных работ (услуг)(Тысяч тенге казахских)"	"2020 год"	"202012"	"АТЫРАУСКАЯ ОБЛАСТЬ"	"4711"	"Всего"	"1"	"Всего"	"1"	"Всего"	"1"	"872 593 833 000 000"
"Объем выполненных строительных работ (услуг)(Тысяч тенге казахских)"	"2021 год"	"202112"	"АТЫРАУСКАЯ ОБЛАСТЬ"	"4711"	"Всего"	"1"	"Всего"	"1"	"Всего"	"1"	"960 368 623 000 000"
"Объем выполненных строительных работ (услуг)(Тысяч тенге казахских)"	"2022 год"	"202212"	"АТЫРАУСКАЯ ОБЛАСТЬ"	"4711"	"Всего"	"1"	"Всего"	"1"	"Всего"	"1"	"1 168 202 459 000 000"
"Объем выполненных строительных работ (услуг)(Тысяч тенге казахских)"	"2017 год"	"201712"	"АТЫРАУСКАЯ ОБЛАСТЬ"	"4711"	"основной вид деятельности"	"2"	"Всего"	"1"	"Всего"	"1"	"565 172 383 000 000"
"Объем выполненных строительных работ (услуг)(Тысяч тенге казахских)"	"2016 год"	"201612"	"АТЫРАУСКАЯ ОБЛАСТЬ"	"4711"	"основной вид деятельности"	"2"	"Всего"	"1"	"Всего"	"1"	"571 373 054 000 000"
"Объем выполненных строительных работ (услуг)(Тысяч тенге казахских)"	"2018 год"	"201812"	"АТЫРАУСКАЯ ОБЛАСТЬ"	"4711"	"основной вид деятельности"	"2"	"Всего"	"1"	"Всего"	"1"	"612 766 480 000 000"
"Объем выполненных строительных работ (услуг)(Тысяч тенге казахских)"	"2019 год"	"201912"	"АТЫРАУСКАЯ ОБЛАСТЬ"	"4711"	"основной вид деятельности"	"2"	"Всего"	"1"	"Всего"	"1"	"846 408 249 000 000"
"Объем выполненных строительных работ (услуг)(Тысяч тенге казахских)"	"2020 год"	"202012"	"АТЫРАУСКАЯ ОБЛАСТЬ"	"4711"	"основной вид деятельности"	"2"	"Всего"	"1"	"Всего"	"1"	"858 382 392 000 000"
"Объем выполненных строительных работ (услуг)(Тысяч тенге казахских)"	"2021 год"	"202112"	"АТЫРАУСКАЯ ОБЛАСТЬ"	"4711"	"основной вид деятельности"	"2"	"Всего"	"1"	"Всего"	"1"	"945 675 047 000 000"
"Объем выполненных строительных работ (услуг)(Тысяч тенге казахских)"	"2022 год"	"202212"	"АТЫРАУСКАЯ ОБЛАСТЬ"	"4711"	"основной вид деятельности"	"2"	"Всего"	"1"	"Всего"	"1"	"1 146 954 362 000 000"
"Объем выполненных строительных работ (услуг)(Тысяч тенге казахских)"	"2017 год"	"201712"	"АТЫРАУСКАЯ ОБЛАСТЬ"	"4711"	"вторичный вид деятельности"	"3"	"Всего"	"1"	"Всего"	"1"	"1 788 346 000 000"
"Объем выполненных строительных работ (услуг)(Тысяч тенге казахских)"	"2016 год"	"201612"	"АТЫРАУСКАЯ ОБЛАСТЬ"	"4711"	"вторичный вид деятельности"	"3"	"Всего"	"1"	"Всего"	"1"	"3 799 409 000 000"
"Объем выполненных строительных работ (услуг)(Тысяч тенге казахских)"	"2018 год"	"201812"	"АТЫРАУСКАЯ ОБЛАСТЬ"	"4711"	"вторичный вид деятельности"	"3"	"Всего"	"1"	"Всего"	"1"	"25 468 200 000 000"
"Объем выполненных строительных работ (услуг)(Тысяч тенге казахских)"	"2019 год"	"201912"	"АТЫРАУСКАЯ ОБЛАСТЬ"	"4711"	"вторичный вид деятельности"	"3"	"Всего"	"1"	"Всего"	"1"	"21 442 902 000 000"
"Объем выполненных строительных работ (услуг)(Тысяч тенге казахских)"	"2020 год"	"202012"	"АТЫРАУСКАЯ ОБЛАСТЬ"	"4711"	"вторичный вид деятельности"	"3"	"Всего"	"1"	"Всего"	"1"	"14 211 441 000 000"
"Объем выполненных строительных работ (услуг)(Тысяч тенге казахских)"	"2021 год"	"202112"	"АТЫРАУСКАЯ ОБЛАСТЬ"	"4711"	"вторичный вид деятельности"	"3"	"Всего"	"1"	"Всего"	"1"	"14 693 576 000 000"
"Объем выполненных строительных работ (услуг)(Тысяч тенге казахских)"	"2022 год"	"202212"	"АТЫРАУСКАЯ ОБЛАСТЬ"	"4711"	"вторичный вид деятельности"	"3"	"Всего"	"1"	"Всего"	"1"	"21 248 097 000 000"
"Объем выполненных строительных работ (услуг)(Тысяч тенге казахских)"	"2017 год"	"201712"	"АТЫРАУ Г.А."	"4712"	"Всего"	"1"	"Всего"	"1"	"Всего"	"1"	"127 311 043 000 000"
"Объем выполненных строительных работ (услуг)(Тысяч тенге казахских)"	"2016 год"	"201612"	"АТЫРАУ Г.А."	"4712"	"Всего"	"1"	"Всего"	"1"	"Всего"	"1"	"377 445 870 000 000"
"Объем выполненных строительных работ (услуг)(Тысяч тенге казахских)"	"2018 год"	"201812"	"АТЫРАУ Г.А."	"4712"	"Всего"	"1"	"Всего"	"1"	"Всего"	"1"	"113 267 679 000 000"
"Объем выполненных строительных работ (услуг)(Тысяч тенге казахских)"	"2019 год"	"201912"	"АТЫРАУ Г.А."	"4712"	"Всего"	"1"	"Всего"	"1"	"Всего"	"1"	"260 324 128 000 000"
"Объем выполненных строительных работ (услуг)(Тысяч тенге казахских)"	"2020 год"	"202012"	"АТЫРАУ Г.А."	"4712"	"Всего"	"1"	"Всего"	"1"	"Всего"	"1"	"182 491 792 000 000"
"Объем выполненных строительных работ (услуг)(Тысяч тенге казахских)"	"2021 год"	"202112"	"АТЫРАУ Г.А."	"4712"	"Всего"	"1"	"Всего"	"1"	"Всего"	"1"	"278 855 111 000 000"
"Объем выполненных строительных работ (услуг)(Тысяч тенге казахских)"	"2022 год"	"202212"	"АТЫРАУ Г.А."	"4712"	"Всего"	"1"	"Всего"	"1"	"Всего"	"1"	"322 448 969 000 000"
"Объем выполненных строительных работ (услуг)(Тысяч тенге казахских)"	"2017 год"	"201712"	"АТЫРАУ Г.А."	"4712"	"основной вид деятельности"	"2"	"Всего"	"1"	"Всего"	"1"	"126 746 754 000 000"
"Объем выполненных строительных работ (услуг)(Тысяч тенге казахских)"	"2016 год"	"201612"	"АТЫРАУ Г.А."	"4712"	"основной вид деятельности"	"2"	"Всего"	"1"	"Всего"	"1"	"373 762 125 000 000"
"Объем выполненных строительных работ (услуг)(Тысяч тенге казахских)"	"2018 год"	"201812"	"АТЫРАУ Г.А."	"4712"	"основной вид деятельности"	"2"	"Всего"	"1"	"Всего"	"1"	"108 184 458 000 000"
"Объем выполненных строительных работ (услуг)(Тысяч тенге казахских)"	"2019 год"	"201912"	"АТЫРАУ Г.А."	"4712"	"основной вид деятельности"	"2"	"Всего"	"1"	"Всего"	"1"	"248 608 153 000 000"
"Объем выполненных строительных работ (услуг)(Тысяч тенге казахских)"	"2020 год"	"202012"	"АТЫРАУ Г.А."	"4712"	"основной вид деятельности"	"2"	"Всего"	"1"	"Всего"	"1"	"173 171 074 000 000"
"Объем выполненных строительных работ (услуг)(Тысяч тенге казахских)"	"2021 год"	"202112"	"АТЫРАУ Г.А."	"4712"	"основной вид деятельности"	"2"	"Всего"	"1"	"Всего"	"1"	"267 119 428 000 000"
"Объем выполненных строительных работ (услуг)(Тысяч тенге казахских)"	"2022 год"	"202212"	"АТЫРАУ Г.А."	"4712"	"основной вид деятельности"	"2"	"Всего"	"1"	"Всего"	"1"	"306 272 969 000 000"
"Объем выполненных строительных работ (услуг)(Тысяч тенге казахских)"	"2017 год"	"201712"	"АТЫРАУ Г.А."	"4712"	"вторичный вид деятельности"	"3"	"Всего"	"1"	"Всего"	"1"	"564 289 000 000"
"Объем выполненных строительных работ (услуг)(Тысяч тенге казахских)"	"2016 год"	"201612"	"АТЫРАУ Г.А."	"4712"	"вторичный вид деятельности"	"3"	"Всего"	"1"	"Всего"	"1"	"3 683 745 000 000"
"Объем выполненных строительных работ (услуг)(Тысяч тенге казахских)"	"2018 год"	"201812"	"АТЫРАУ Г.А."	"4712"	"вторичный вид деятельности"	"3"	"Всего"	"1"	"Всего"	"1"	"5 083 221 000 000"
"Объем выполненных строительных работ (услуг)(Тысяч тенге казахских)"	"2019 год"	"201912"	"АТЫРАУ Г.А."	"4712"	"вторичный вид деятельности"	"3"	"Всего"	"1"	"Всего"	"1"	"11 715 975 000 000"
"Объем выполненных строительных работ (услуг)(Тысяч тенге казахских)"	"2020 год"	"202012"	"АТЫРАУ Г.А."	"4712"	"вторичный вид деятельности"	"3"	"Всего"	"1"	"Всего"	"1"	"9 320 718 000 000"
"Объем выполненных строительных работ (услуг)(Тысяч тенге казахских)"	"2021 год"	"202112"	"АТЫРАУ Г.А."	"4712"	"вторичный вид деятельности"	"3"	"Всего"	"1"	"Всего"	"1"	"11 735 683 000 000"
"Объем выполненных строительных работ (услуг)(Тысяч тенге казахских)"	"2022 год"	"202212"	"АТЫРАУ Г.А."	"4712"	"вторичный вид деятельности"	"3"	"Всего"	"1"	"Всего"	"1"	"16 176 000 000 000"
"Объем выполненных строительных работ (услуг)(Тысяч тенге казахских)"	"2017 год"	"201712"	"ЖЫЛЫОЙСКИЙ РАЙОН"	"4774"	"Всего"	"1"	"Всего"	"1"	"Всего"	"1"	"412 553 311 000 000"
"Объем выполненных строительных работ (услуг)(Тысяч тенге казахских)"	"2016 год"	"201612"	"ЖЫЛЫОЙСКИЙ РАЙОН"	"4774"	"Всего"	"1"	"Всего"	"1"	"Всего"	"1"	"181 176 791 000 000"
"Объем выполненных строительных работ (услуг)(Тысяч тенге казахских)"	"2018 год"	"201812"	"ЖЫЛЫОЙСКИЙ РАЙОН"	"4774"	"Всего"	"1"	"Всего"	"1"	"Всего"	"1"	"483 550 716 000 000"
"Объем выполненных строительных работ (услуг)(Тысяч тенге казахских)"	"2019 год"	"201912"	"ЖЫЛЫОЙСКИЙ РАЙОН"	"4774"	"Всего"	"1"	"Всего"	"1"	"Всего"	"1"	"551 741 713 000 000"
"Объем выполненных строительных работ (услуг)(Тысяч тенге казахских)"	"2020 год"	"202012"	"ЖЫЛЫОЙСКИЙ РАЙОН"	"4774"	"Всего"	"1"	"Всего"	"1"	"Всего"	"1"	"618 412 775 000 000"
"Объем выполненных строительных работ (услуг)(Тысяч тенге казахских)"	"2021 год"	"202112"	"ЖЫЛЫОЙСКИЙ РАЙОН"	"4774"	"Всего"	"1"	"Всего"	"1"	"Всего"	"1"	"619 466 885 000 000"
"Объем выполненных строительных работ (услуг)(Тысяч тенге казахских)"	"2022 год"	"202212"	"ЖЫЛЫОЙСКИЙ РАЙОН"	"4774"	"Всего"	"1"	"Всего"	"1"	"Всего"	"1"	"778 914 416 000 000"
"Объем выполненных строительных работ (услуг)(Тысяч тенге казахских)"	"2017 год"	"201712"	"ЖЫЛЫОЙСКИЙ РАЙОН"	"4774"	"основной вид деятельности"	"2"	"Всего"	"1"	"Всего"	"1"	"412 436 719 000 000"
"Объем выполненных строительных работ (услуг)(Тысяч тенге казахских)"	"2016 год"	"201612"	"ЖЫЛЫОЙСКИЙ РАЙОН"	"4774"	"основной вид деятельности"	"2"	"Всего"	"1"	"Всего"	"1"	"181 064 627 000 000"
"Объем выполненных строительных работ (услуг)(Тысяч тенге казахских)"	"2018 год"	"201812"	"ЖЫЛЫОЙСКИЙ РАЙОН"	"4774"	"основной вид деятельности"	"2"	"Всего"	"1"	"Всего"	"1"	"466 467 814 000 000"
"Объем выполненных строительных работ (услуг)(Тысяч тенге казахских)"	"2019 год"	"201912"	"ЖЫЛЫОЙСКИЙ РАЙОН"	"4774"	"основной вид деятельности"	"2"	"Всего"	"1"	"Всего"	"1"	"547 304 434 000 000"
"Объем выполненных строительных работ (услуг)(Тысяч тенге казахских)"	"2020 год"	"202012"	"ЖЫЛЫОЙСКИЙ РАЙОН"	"4774"	"основной вид деятельности"	"2"	"Всего"	"1"	"Всего"	"1"	"616 891 297 000 000"
"Объем выполненных строительных работ (услуг)(Тысяч тенге казахских)"	"2021 год"	"202112"	"ЖЫЛЫОЙСКИЙ РАЙОН"	"4774"	"основной вид деятельности"	"2"	"Всего"	"1"	"Всего"	"1"	"618 520 020 000 000"
"Объем выполненных строительных работ (услуг)(Тысяч тенге казахских)"	"2022 год"	"202212"	"ЖЫЛЫОЙСКИЙ РАЙОН"	"4774"	"основной вид деятельности"	"2"	"Всего"	"1"	"Всего"	"1"	"778 648 293 000 000"
"Объем выполненных строительных работ (услуг)(Тысяч тенге казахских)"	"2017 год"	"201712"	"ЖЫЛЫОЙСКИЙ РАЙОН"	"4774"	"вторичный вид деятельности"	"3"	"Всего"	"1"	"Всего"	"1"	"116 592 000 000"
"Объем выполненных строительных работ (услуг)(Тысяч тенге казахских)"	"2016 год"	"201612"	"ЖЫЛЫОЙСКИЙ РАЙОН"	"4774"	"вторичный вид деятельности"	"3"	"Всего"	"1"	"Всего"	"1"	"112 164 000 000"
"Объем выполненных строительных работ (услуг)(Тысяч тенге казахских)"	"2018 год"	"201812"	"ЖЫЛЫОЙСКИЙ РАЙОН"	"4774"	"вторичный вид деятельности"	"3"	"Всего"	"1"	"Всего"	"1"	"17 082 902 000 000"
"Объем выполненных строительных работ (услуг)(Тысяч тенге казахских)"	"2019 год"	"201912"	"ЖЫЛЫОЙСКИЙ РАЙОН"	"4774"	"вторичный вид деятельности"	"3"	"Всего"	"1"	"Всего"	"1"	"4 437 279 000 000"
"Объем выполненных строительных работ (услуг)(Тысяч тенге казахских)"	"2020 год"	"202012"	"ЖЫЛЫОЙСКИЙ РАЙОН"	"4774"	"вторичный вид деятельности"	"3"	"Всего"	"1"	"Всего"	"1"	"1 521 478 000 000"
"Объем выполненных строительных работ (услуг)(Тысяч тенге казахских)"	"2021 год"	"202112"	"ЖЫЛЫОЙСКИЙ РАЙОН"	"4774"	"вторичный вид деятельности"	"3"	"Всего"	"1"	"Всего"	"1"	"946 865 000 000"
"Объем выполненных строительных работ (услуг)(Тысяч тенге казахских)"	"2022 год"	"202212"	"ЖЫЛЫОЙСКИЙ РАЙОН"	"4774"	"вторичный вид деятельности"	"3"	"Всего"	"1"	"Всего"	"1"	"266 123 000 000"
"Объем выполненных строительных работ (услуг)(Тысяч тенге казахских)"	"2017 год"	"201712"	"ИНДЕРСКИЙ РАЙОН"	"4848"	"Всего"	"1"	"Всего"	"1"	"Всего"	"1"	"4 937 706 000 000"
"Объем выполненных строительных работ (услуг)(Тысяч тенге казахских)"	"2016 год"	"201612"	"ИНДЕРСКИЙ РАЙОН"	"4848"	"Всего"	"1"	"Всего"	"1"	"Всего"	"1"	"2 092 570 000 000"
"Объем выполненных строительных работ (услуг)(Тысяч тенге казахских)"	"2018 год"	"201812"	"ИНДЕРСКИЙ РАЙОН"	"4848"	"Всего"	"1"	"Всего"	"1"	"Всего"	"1"	"445 786 000 000"
"Объем выполненных строительных работ (услуг)(Тысяч тенге казахских)"	"2019 год"	"201912"	"ИНДЕРСКИЙ РАЙОН"	"4848"	"Всего"	"1"	"Всего"	"1"	"Всего"	"1"	"9 632 207 000 000"
"Объем выполненных строительных работ (услуг)(Тысяч тенге казахских)"	"2020 год"	"202012"	"ИНДЕРСКИЙ РАЙОН"	"4848"	"Всего"	"1"	"Всего"	"1"	"Всего"	"1"	"17 569 546 000 000"
"Объем выполненных строительных работ (услуг)(Тысяч тенге казахских)"	"2021 год"	"202112"	"ИНДЕРСКИЙ РАЙОН"	"4848"	"Всего"	"1"	"Всего"	"1"	"Всего"	"1"	"6 701 266 000 000"
"Объем выполненных строительных работ (услуг)(Тысяч тенге казахских)"	"2022 год"	"202212"	"ИНДЕРСКИЙ РАЙОН"	"4848"	"Всего"	"1"	"Всего"	"1"	"Всего"	"1"	"5 038 842 000 000"
"Объем выполненных строительных работ (услуг)(Тысяч тенге казахских)"	"2017 год"	"201712"	"ИНДЕРСКИЙ РАЙОН"	"4848"	"основной вид деятельности"	"2"	"Всего"	"1"	"Всего"	"1"	"4 311 435 000 000"
"Объем выполненных строительных работ (услуг)(Тысяч тенге казахских)"	"2016 год"	"201612"	"ИНДЕРСКИЙ РАЙОН"	"4848"	"основной вид деятельности"	"2"	"Всего"	"1"	"Всего"	"1"	"2 089 070 000 000"
"Объем выполненных строительных работ (услуг)(Тысяч тенге казахских)"	"2018 год"	"201812"	"ИНДЕРСКИЙ РАЙОН"	"4848"	"основной вид деятельности"	"2"	"Всего"	"1"	"Всего"	"1"	"445 786 000 000"
"Объем выполненных строительных работ (услуг)(Тысяч тенге казахских)"	"2019 год"	"201912"	"ИНДЕРСКИЙ РАЙОН"	"4848"	"основной вид деятельности"	"2"	"Всего"	"1"	"Всего"	"1"	"9 597 174 000 000"
"Объем выполненных строительных работ (услуг)(Тысяч тенге казахских)"	"2020 год"	"202012"	"ИНДЕРСКИЙ РАЙОН"	"4848"	"основной вид деятельности"	"2"	"Всего"	"1"	"Всего"	"1"	"17 532 063 000 000"
"Объем выполненных строительных работ (услуг)(Тысяч тенге казахских)"	"2021 год"	"202112"	"ИНДЕРСКИЙ РАЙОН"	"4848"	"основной вид деятельности"	"2"	"Всего"	"1"	"Всего"	"1"	"6 701 266 000 000"
"Объем выполненных строительных работ (услуг)(Тысяч тенге казахских)"	"2022 год"	"202212"	"ИНДЕРСКИЙ РАЙОН"	"4848"	"основной вид деятельности"	"2"	"Всего"	"1"	"Всего"	"1"	"5 038 842 000 000"
"Объем выполненных строительных работ (услуг)(Тысяч тенге казахских)"	"2017 год"	"201712"	"ИНДЕРСКИЙ РАЙОН"	"4848"	"вторичный вид деятельности"	"3"	"Всего"	"1"	"Всего"	"1"	"626 271 000 000"
"Объем выполненных строительных работ (услуг)(Тысяч тенге казахских)"	"2016 год"	"201612"	"ИНДЕРСКИЙ РАЙОН"	"4848"	"вторичный вид деятельности"	"3"	"Всего"	"1"	"Всего"	"1"	"3 500 000 000"
"Объем выполненных строительных работ (услуг)(Тысяч тенге казахских)"	"2019 год"	"201912"	"ИНДЕРСКИЙ РАЙОН"	"4848"	"вторичный вид деятельности"	"3"	"Всего"	"1"	"Всего"	"1"	"35 033 000 000"
"Объем выполненных строительных работ (услуг)(Тысяч тенге казахских)"	"2020 год"	"202012"	"ИНДЕРСКИЙ РАЙОН"	"4848"	"вторичный вид деятельности"	"3"	"Всего"	"1"	"Всего"	"1"	"37 483 000 000"
"Объем выполненных строительных работ (услуг)(Тысяч тенге казахских)"	"2017 год"	"201712"	"ИСАТАЙСКИЙ РАЙОН"	"5087"	"Всего"	"1"	"Всего"	"1"	"Всего"	"1"	"4 269 333 000 000"
"Объем выполненных строительных работ (услуг)(Тысяч тенге казахских)"	"2016 год"	"201612"	"ИСАТАЙСКИЙ РАЙОН"	"5087"	"Всего"	"1"	"Всего"	"1"	"Всего"	"1"	"1 970 279 000 000"
"Объем выполненных строительных работ (услуг)(Тысяч тенге казахских)"	"2018 год"	"201812"	"ИСАТАЙСКИЙ РАЙОН"	"5087"	"Всего"	"1"	"Всего"	"1"	"Всего"	"1"	"5 938 821 000 000"
"Объем выполненных строительных работ (услуг)(Тысяч тенге казахских)"	"2019 год"	"201912"	"ИСАТАЙСКИЙ РАЙОН"	"5087"	"Всего"	"1"	"Всего"	"1"	"Всего"	"1"	"4 932 075 000 000"
"Объем выполненных строительных работ (услуг)(Тысяч тенге казахских)"	"2020 год"	"202012"	"ИСАТАЙСКИЙ РАЙОН"	"5087"	"Всего"	"1"	"Всего"	"1"	"Всего"	"1"	"10 739 479 000 000"
"Объем выполненных строительных работ (услуг)(Тысяч тенге казахских)"	"2021 год"	"202112"	"ИСАТАЙСКИЙ РАЙОН"	"5087"	"Всего"	"1"	"Всего"	"1"	"Всего"	"1"	"8 217 280 000 000"
"Объем выполненных строительных работ (услуг)(Тысяч тенге казахских)"	"2022 год"	"202212"	"ИСАТАЙСКИЙ РАЙОН"	"5087"	"Всего"	"1"	"Всего"	"1"	"Всего"	"1"	"10 608 060 000 000"
"Объем выполненных строительных работ (услуг)(Тысяч тенге казахских)"	"2017 год"	"201712"	"ИСАТАЙСКИЙ РАЙОН"	"5087"	"основной вид деятельности"	"2"	"Всего"	"1"	"Всего"	"1"	"4 220 592 000 000"
"Объем выполненных строительных работ (услуг)(Тысяч тенге казахских)"	"2016 год"	"201612"	"ИСАТАЙСКИЙ РАЙОН"	"5087"	"основной вид деятельности"	"2"	"Всего"	"1"	"Всего"	"1"	"1 970 279 000 000"
"Объем выполненных строительных работ (услуг)(Тысяч тенге казахских)"	"2018 год"	"201812"	"ИСАТАЙСКИЙ РАЙОН"	"5087"	"основной вид деятельности"	"2"	"Всего"	"1"	"Всего"	"1"	"5 122 831 000 000"
"Объем выполненных строительных работ (услуг)(Тысяч тенге казахских)"	"2019 год"	"201912"	"ИСАТАЙСКИЙ РАЙОН"	"5087"	"основной вид деятельности"	"2"	"Всего"	"1"	"Всего"	"1"	"3 404 135 000 000"
"Объем выполненных строительных работ (услуг)(Тысяч тенге казахских)"	"2020 год"	"202012"	"ИСАТАЙСКИЙ РАЙОН"	"5087"	"основной вид деятельности"	"2"	"Всего"	"1"	"Всего"	"1"	"9 157 189 000 000"
"Объем выполненных строительных работ (услуг)(Тысяч тенге казахских)"	"2021 год"	"202112"	"ИСАТАЙСКИЙ РАЙОН"	"5087"	"основной вид деятельности"	"2"	"Всего"	"1"	"Всего"	"1"	"8 035 742 000 000"
"Объем выполненных строительных работ (услуг)(Тысяч тенге казахских)"	"2022 год"	"202212"	"ИСАТАЙСКИЙ РАЙОН"	"5087"	"основной вид деятельности"	"2"	"Всего"	"1"	"Всего"	"1"	"10 502 471 000 000"
"Объем выполненных строительных работ (услуг)(Тысяч тенге казахских)"	"2017 год"	"201712"	"ИСАТАЙСКИЙ РАЙОН"	"5087"	"вторичный вид деятельности"	"3"	"Всего"	"1"	"Всего"	"1"	"48 741 000 000"
"Объем выполненных строительных работ (услуг)(Тысяч тенге казахских)"	"2018 год"	"201812"	"ИСАТАЙСКИЙ РАЙОН"	"5087"	"вторичный вид деятельности"	"3"	"Всего"	"1"	"Всего"	"1"	"815 990 000 000"
"Объем выполненных строительных работ (услуг)(Тысяч тенге казахских)"	"2019 год"	"201912"	"ИСАТАЙСКИЙ РАЙОН"	"5087"	"вторичный вид деятельности"	"3"	"Всего"	"1"	"Всего"	"1"	"1 527 940 000 000"
"Объем выполненных строительных работ (услуг)(Тысяч тенге казахских)"	"2020 год"	"202012"	"ИСАТАЙСКИЙ РАЙОН"	"5087"	"вторичный вид деятельности"	"3"	"Всего"	"1"	"Всего"	"1"	"1 582 290 000 000"
"Объем выполненных строительных работ (услуг)(Тысяч тенге казахских)"	"2021 год"	"202112"	"ИСАТАЙСКИЙ РАЙОН"	"5087"	"вторичный вид деятельности"	"3"	"Всего"	"1"	"Всего"	"1"	"181 538 000 000"
"Объем выполненных строительных работ (услуг)(Тысяч тенге казахских)"	"2022 год"	"202212"	"ИСАТАЙСКИЙ РАЙОН"	"5087"	"вторичный вид деятельности"	"3"	"Всего"	"1"	"Всего"	"1"	"105 589 000 000"
"Объем выполненных строительных работ (услуг)(Тысяч тенге казахских)"	"2017 год"	"201712"	"КУРМАНГАЗИНСКИЙ РАЙОН"	"5150"	"Всего"	"1"	"Всего"	"1"	"Всего"	"1"	"5 110 306 000 000"
"Объем выполненных строительных работ (услуг)(Тысяч тенге казахских)"	"2016 год"	"201612"	"КУРМАНГАЗИНСКИЙ РАЙОН"	"5150"	"Всего"	"1"	"Всего"	"1"	"Всего"	"1"	"1 561 498 000 000"
"Объем выполненных строительных работ (услуг)(Тысяч тенге казахских)"	"2018 год"	"201812"	"КУРМАНГАЗИНСКИЙ РАЙОН"	"5150"	"Всего"	"1"	"Всего"	"1"	"Всего"	"1"	"25 579 784 000 000"
"Объем выполненных строительных работ (услуг)(Тысяч тенге казахских)"	"2019 год"	"201912"	"КУРМАНГАЗИНСКИЙ РАЙОН"	"5150"	"Всего"	"1"	"Всего"	"1"	"Всего"	"1"	"15 509 105 000 000"
"Объем выполненных строительных работ (услуг)(Тысяч тенге казахских)"	"2020 год"	"202012"	"КУРМАНГАЗИНСКИЙ РАЙОН"	"5150"	"Всего"	"1"	"Всего"	"1"	"Всего"	"1"	"3 920 228 000 000"
"Объем выполненных строительных работ (услуг)(Тысяч тенге казахских)"	"2021 год"	"202112"	"КУРМАНГАЗИНСКИЙ РАЙОН"	"5150"	"Всего"	"1"	"Всего"	"1"	"Всего"	"1"	"2 808 539 000 000"
"Объем выполненных строительных работ (услуг)(Тысяч тенге казахских)"	"2022 год"	"202212"	"КУРМАНГАЗИНСКИЙ РАЙОН"	"5150"	"Всего"	"1"	"Всего"	"1"	"Всего"	"1"	"3 653 351 000 000"
"Объем выполненных строительных работ (услуг)(Тысяч тенге казахских)"	"2017 год"	"201712"	"КУРМАНГАЗИНСКИЙ РАЙОН"	"5150"	"основной вид деятельности"	"2"	"Всего"	"1"	"Всего"	"1"	"4 998 074 000 000"
"Объем выполненных строительных работ (услуг)(Тысяч тенге казахских)"	"2016 год"	"201612"	"КУРМАНГАЗИНСКИЙ РАЙОН"	"5150"	"основной вид деятельности"	"2"	"Всего"	"1"	"Всего"	"1"	"1 561 498 000 000"
"Объем выполненных строительных работ (услуг)(Тысяч тенге казахских)"	"2018 год"	"201812"	"КУРМАНГАЗИНСКИЙ РАЙОН"	"5150"	"основной вид деятельности"	"2"	"Всего"	"1"	"Всего"	"1"	"23 980 426 000 000"
"Объем выполненных строительных работ (услуг)(Тысяч тенге казахских)"	"2019 год"	"201912"	"КУРМАНГАЗИНСКИЙ РАЙОН"	"5150"	"основной вид деятельности"	"2"	"Всего"	"1"	"Всего"	"1"	"14 219 832 000 000"
"Объем выполненных строительных работ (услуг)(Тысяч тенге казахских)"	"2020 год"	"202012"	"КУРМАНГАЗИНСКИЙ РАЙОН"	"5150"	"основной вид деятельности"	"2"	"Всего"	"1"	"Всего"	"1"	"3 697 822 000 000"
"Объем выполненных строительных работ (услуг)(Тысяч тенге казахских)"	"2021 год"	"202112"	"КУРМАНГАЗИНСКИЙ РАЙОН"	"5150"	"основной вид деятельности"	"2"	"Всего"	"1"	"Всего"	"1"	"2 802 372 000 000"
"Объем выполненных строительных работ (услуг)(Тысяч тенге казахских)"	"2022 год"	"202212"	"КУРМАНГАЗИНСКИЙ РАЙОН"	"5150"	"основной вид деятельности"	"2"	"Всего"	"1"	"Всего"	"1"	"3 636 222 000 000"
"Объем выполненных строительных работ (услуг)(Тысяч тенге казахских)"	"2017 год"	"201712"	"КУРМАНГАЗИНСКИЙ РАЙОН"	"5150"	"вторичный вид деятельности"	"3"	"Всего"	"1"	"Всего"	"1"	"112 232 000 000"
"Объем выполненных строительных работ (услуг)(Тысяч тенге казахских)"	"2018 год"	"201812"	"КУРМАНГАЗИНСКИЙ РАЙОН"	"5150"	"вторичный вид деятельности"	"3"	"Всего"	"1"	"Всего"	"1"	"1 599 358 000 000"
"Объем выполненных строительных работ (услуг)(Тысяч тенге казахских)"	"2019 год"	"201912"	"КУРМАНГАЗИНСКИЙ РАЙОН"	"5150"	"вторичный вид деятельности"	"3"	"Всего"	"1"	"Всего"	"1"	"1 289 273 000 000"
"Объем выполненных строительных работ (услуг)(Тысяч тенге казахских)"	"2020 год"	"202012"	"КУРМАНГАЗИНСКИЙ РАЙОН"	"5150"	"вторичный вид деятельности"	"3"	"Всего"	"1"	"Всего"	"1"	"222 406 000 000"
"Объем выполненных строительных работ (услуг)(Тысяч тенге казахских)"	"2021 год"	"202112"	"КУРМАНГАЗИНСКИЙ РАЙОН"	"5150"	"вторичный вид деятельности"	"3"	"Всего"	"1"	"Всего"	"1"	"6 167 000 000"
"Объем выполненных строительных работ (услуг)(Тысяч тенге казахских)"	"2022 год"	"202212"	"КУРМАНГАЗИНСКИЙ РАЙОН"	"5150"	"вторичный вид деятельности"	"3"	"Всего"	"1"	"Всего"	"1"	"17 129 000 000"
"Объем выполненных строительных работ (услуг)(Тысяч тенге казахских)"	"2017 год"	"201712"	"КЗЫЛКОГИНСКИЙ РАЙОН"	"5228"	"Всего"	"1"	"Всего"	"1"	"Всего"	"1"	"2 706 447 000 000"
"Объем выполненных строительных работ (услуг)(Тысяч тенге казахских)"	"2016 год"	"201612"	"КЗЫЛКОГИНСКИЙ РАЙОН"	"5228"	"Всего"	"1"	"Всего"	"1"	"Всего"	"1"	"1 863 287 000 000"
"Объем выполненных строительных работ (услуг)(Тысяч тенге казахских)"	"2018 год"	"201812"	"КЗЫЛКОГИНСКИЙ РАЙОН"	"5228"	"Всего"	"1"	"Всего"	"1"	"Всего"	"1"	"2 812 211 000 000"
"Объем выполненных строительных работ (услуг)(Тысяч тенге казахских)"	"2019 год"	"201912"	"КЗЫЛКОГИНСКИЙ РАЙОН"	"5228"	"Всего"	"1"	"Всего"	"1"	"Всего"	"1"	"8 953 602 000 000"
"Объем выполненных строительных работ (услуг)(Тысяч тенге казахских)"	"2020 год"	"202012"	"КЗЫЛКОГИНСКИЙ РАЙОН"	"5228"	"Всего"	"1"	"Всего"	"1"	"Всего"	"1"	"19 760 910 000 000"
"Объем выполненных строительных работ (услуг)(Тысяч тенге казахских)"	"2021 год"	"202112"	"КЗЫЛКОГИНСКИЙ РАЙОН"	"5228"	"Всего"	"1"	"Всего"	"1"	"Всего"	"1"	"15 332 290 000 000"
"Объем выполненных строительных работ (услуг)(Тысяч тенге казахских)"	"2022 год"	"202212"	"КЗЫЛКОГИНСКИЙ РАЙОН"	"5228"	"Всего"	"1"	"Всего"	"1"	"Всего"	"1"	"16 039 850 000 000"
"Объем выполненных строительных работ (услуг)(Тысяч тенге казахских)"	"2017 год"	"201712"	"КЗЫЛКОГИНСКИЙ РАЙОН"	"5228"	"основной вид деятельности"	"2"	"Всего"	"1"	"Всего"	"1"	"2 697 747 000 000"
"Объем выполненных строительных работ (услуг)(Тысяч тенге казахских)"	"2016 год"	"201612"	"КЗЫЛКОГИНСКИЙ РАЙОН"	"5228"	"основной вид деятельности"	"2"	"Всего"	"1"	"Всего"	"1"	"1 863 287 000 000"
"Объем выполненных строительных работ (услуг)(Тысяч тенге казахских)"	"2018 год"	"201812"	"КЗЫЛКОГИНСКИЙ РАЙОН"	"5228"	"основной вид деятельности"	"2"	"Всего"	"1"	"Всего"	"1"	"2 790 959 000 000"
"Объем выполненных строительных работ (услуг)(Тысяч тенге казахских)"	"2019 год"	"201912"	"КЗЫЛКОГИНСКИЙ РАЙОН"	"5228"	"основной вид деятельности"	"2"	"Всего"	"1"	"Всего"	"1"	"8 846 188 000 000"
"Объем выполненных строительных работ (услуг)(Тысяч тенге казахских)"	"2020 год"	"202012"	"КЗЫЛКОГИНСКИЙ РАЙОН"	"5228"	"основной вид деятельности"	"2"	"Всего"	"1"	"Всего"	"1"	"19 757 219 000 000"
"Объем выполненных строительных работ (услуг)(Тысяч тенге казахских)"	"2021 год"	"202112"	"КЗЫЛКОГИНСКИЙ РАЙОН"	"5228"	"основной вид деятельности"	"2"	"Всего"	"1"	"Всего"	"1"	"15 224 775 000 000"
"Объем выполненных строительных работ (услуг)(Тысяч тенге казахских)"	"2022 год"	"202212"	"КЗЫЛКОГИНСКИЙ РАЙОН"	"5228"	"основной вид деятельности"	"2"	"Всего"	"1"	"Всего"	"1"	"16 009 050 000 000"
"Объем выполненных строительных работ (услуг)(Тысяч тенге казахских)"	"2017 год"	"201712"	"КЗЫЛКОГИНСКИЙ РАЙОН"	"5228"	"вторичный вид деятельности"	"3"	"Всего"	"1"	"Всего"	"1"	"8 700 000 000"
"Объем выполненных строительных работ (услуг)(Тысяч тенге казахских)"	"2018 год"	"201812"	"КЗЫЛКОГИНСКИЙ РАЙОН"	"5228"	"вторичный вид деятельности"	"3"	"Всего"	"1"	"Всего"	"1"	"21 252 000 000"
"Объем выполненных строительных работ (услуг)(Тысяч тенге казахских)"	"2019 год"	"201912"	"КЗЫЛКОГИНСКИЙ РАЙОН"	"5228"	"вторичный вид деятельности"	"3"	"Всего"	"1"	"Всего"	"1"	"107 414 000 000"
"Объем выполненных строительных работ (услуг)(Тысяч тенге казахских)"	"2020 год"	"202012"	"КЗЫЛКОГИНСКИЙ РАЙОН"	"5228"	"вторичный вид деятельности"	"3"	"Всего"	"1"	"Всего"	"1"	"3 691 000 000"
"Объем выполненных строительных работ (услуг)(Тысяч тенге казахских)"	"2021 год"	"202112"	"КЗЫЛКОГИНСКИЙ РАЙОН"	"5228"	"вторичный вид деятельности"	"3"	"Всего"	"1"	"Всего"	"1"	"107 515 000 000"
"Объем выполненных строительных работ (услуг)(Тысяч тенге казахских)"	"2022 год"	"202212"	"КЗЫЛКОГИНСКИЙ РАЙОН"	"5228"	"вторичный вид деятельности"	"3"	"Всего"	"1"	"Всего"	"1"	"30 800 000 000"
"Объем выполненных строительных работ (услуг)(Тысяч тенге казахских)"	"2017 год"	"201712"	"МАКАТСКИЙ РАЙОН"	"5485"	"Всего"	"1"	"Всего"	"1"	"Всего"	"1"	"4 105 599 000 000"
"Объем выполненных строительных работ (услуг)(Тысяч тенге казахских)"	"2016 год"	"201612"	"МАКАТСКИЙ РАЙОН"	"5485"	"Всего"	"1"	"Всего"	"1"	"Всего"	"1"	"2 489 376 000 000"
"Объем выполненных строительных работ (услуг)(Тысяч тенге казахских)"	"2018 год"	"201812"	"МАКАТСКИЙ РАЙОН"	"5485"	"Всего"	"1"	"Всего"	"1"	"Всего"	"1"	"3 357 083 000 000"
"Объем выполненных строительных работ (услуг)(Тысяч тенге казахских)"	"2019 год"	"201912"	"МАКАТСКИЙ РАЙОН"	"5485"	"Всего"	"1"	"Всего"	"1"	"Всего"	"1"	"11 173 991 000 000"
"Объем выполненных строительных работ (услуг)(Тысяч тенге казахских)"	"2020 год"	"202012"	"МАКАТСКИЙ РАЙОН"	"5485"	"Всего"	"1"	"Всего"	"1"	"Всего"	"1"	"11 747 012 000 000"
"Объем выполненных строительных работ (услуг)(Тысяч тенге казахских)"	"2021 год"	"202112"	"МАКАТСКИЙ РАЙОН"	"5485"	"Всего"	"1"	"Всего"	"1"	"Всего"	"1"	"20 788 364 000 000"
"Объем выполненных строительных работ (услуг)(Тысяч тенге казахских)"	"2022 год"	"202212"	"МАКАТСКИЙ РАЙОН"	"5485"	"Всего"	"1"	"Всего"	"1"	"Всего"	"1"	"18 732 850 000 000"
"Объем выполненных строительных работ (услуг)(Тысяч тенге казахских)"	"2017 год"	"201712"	"МАКАТСКИЙ РАЙОН"	"5485"	"основной вид деятельности"	"2"	"Всего"	"1"	"Всего"	"1"	"4 102 527 000 000"
"Объем выполненных строительных работ (услуг)(Тысяч тенге казахских)"	"2016 год"	"201612"	"МАКАТСКИЙ РАЙОН"	"5485"	"основной вид деятельности"	"2"	"Всего"	"1"	"Всего"	"1"	"2 489 376 000 000"
"Объем выполненных строительных работ (услуг)(Тысяч тенге казахских)"	"2018 год"	"201812"	"МАКАТСКИЙ РАЙОН"	"5485"	"основной вид деятельности"	"2"	"Всего"	"1"	"Всего"	"1"	"2 655 679 000 000"
"Объем выполненных строительных работ (услуг)(Тысяч тенге казахских)"	"2019 год"	"201912"	"МАКАТСКИЙ РАЙОН"	"5485"	"основной вид деятельности"	"2"	"Всего"	"1"	"Всего"	"1"	"9 515 263 000 000"
"Объем выполненных строительных работ (услуг)(Тысяч тенге казахских)"	"2020 год"	"202012"	"МАКАТСКИЙ РАЙОН"	"5485"	"основной вид деятельности"	"2"	"Всего"	"1"	"Всего"	"1"	"10 486 274 000 000"
"Объем выполненных строительных работ (услуг)(Тысяч тенге казахских)"	"2021 год"	"202112"	"МАКАТСКИЙ РАЙОН"	"5485"	"основной вид деятельности"	"2"	"Всего"	"1"	"Всего"	"1"	"20 568 272 000 000"
"Объем выполненных строительных работ (услуг)(Тысяч тенге казахских)"	"2022 год"	"202212"	"МАКАТСКИЙ РАЙОН"	"5485"	"основной вид деятельности"	"2"	"Всего"	"1"	"Всего"	"1"	"18 732 850 000 000"
"Объем выполненных строительных работ (услуг)(Тысяч тенге казахских)"	"2017 год"	"201712"	"МАКАТСКИЙ РАЙОН"	"5485"	"вторичный вид деятельности"	"3"	"Всего"	"1"	"Всего"	"1"	"3 072 000 000"
"Объем выполненных строительных работ (услуг)(Тысяч тенге казахских)"	"2018 год"	"201812"	"МАКАТСКИЙ РАЙОН"	"5485"	"вторичный вид деятельности"	"3"	"Всего"	"1"	"Всего"	"1"	"701 404 000 000"
"Объем выполненных строительных работ (услуг)(Тысяч тенге казахских)"	"2019 год"	"201912"	"МАКАТСКИЙ РАЙОН"	"5485"	"вторичный вид деятельности"	"3"	"Всего"	"1"	"Всего"	"1"	"1 658 728 000 000"
"Объем выполненных строительных работ (услуг)(Тысяч тенге казахских)"	"2020 год"	"202012"	"МАКАТСКИЙ РАЙОН"	"5485"	"вторичный вид деятельности"	"3"	"Всего"	"1"	"Всего"	"1"	"1 260 738 000 000"
"Объем выполненных строительных работ (услуг)(Тысяч тенге казахских)"	"2021 год"	"202112"	"МАКАТСКИЙ РАЙОН"	"5485"	"вторичный вид деятельности"	"3"	"Всего"	"1"	"Всего"	"1"	"220 092 000 000"
"Объем выполненных строительных работ (услуг)(Тысяч тенге казахских)"	"2017 год"	"201712"	"МАХАМБЕТСКИЙ РАЙОН"	"5501"	"Всего"	"1"	"Всего"	"1"	"Всего"	"1"	"5 966 984 000 000"
"Объем выполненных строительных работ (услуг)(Тысяч тенге казахских)"	"2016 год"	"201612"	"МАХАМБЕТСКИЙ РАЙОН"	"5501"	"Всего"	"1"	"Всего"	"1"	"Всего"	"1"	"6 572 792 000 000"
"Объем выполненных строительных работ (услуг)(Тысяч тенге казахских)"	"2018 год"	"201812"	"МАХАМБЕТСКИЙ РАЙОН"	"5501"	"Всего"	"1"	"Всего"	"1"	"Всего"	"1"	"3 282 600 000 000"
"Объем выполненных строительных работ (услуг)(Тысяч тенге казахских)"	"2019 год"	"201912"	"МАХАМБЕТСКИЙ РАЙОН"	"5501"	"Всего"	"1"	"Всего"	"1"	"Всего"	"1"	"5 584 330 000 000"
"Объем выполненных строительных работ (услуг)(Тысяч тенге казахских)"	"2020 год"	"202012"	"МАХАМБЕТСКИЙ РАЙОН"	"5501"	"Всего"	"1"	"Всего"	"1"	"Всего"	"1"	"7 952 091 000 000"
"Объем выполненных строительных работ (услуг)(Тысяч тенге казахских)"	"2021 год"	"202112"	"МАХАМБЕТСКИЙ РАЙОН"	"5501"	"Всего"	"1"	"Всего"	"1"	"Всего"	"1"	"8 198 888 000 000"
"Объем выполненных строительных работ (услуг)(Тысяч тенге казахских)"	"2022 год"	"202212"	"МАХАМБЕТСКИЙ РАЙОН"	"5501"	"Всего"	"1"	"Всего"	"1"	"Всего"	"1"	"12 766 121 000 000"
"Объем выполненных строительных работ (услуг)(Тысяч тенге казахских)"	"2017 год"	"201712"	"МАХАМБЕТСКИЙ РАЙОН"	"5501"	"основной вид деятельности"	"2"	"Всего"	"1"	"Всего"	"1"	"5 658 535 000 000"
"Объем выполненных строительных работ (услуг)(Тысяч тенге казахских)"	"2016 год"	"201612"	"МАХАМБЕТСКИЙ РАЙОН"	"5501"	"основной вид деятельности"	"2"	"Всего"	"1"	"Всего"	"1"	"6 572 792 000 000"
"Объем выполненных строительных работ (услуг)(Тысяч тенге казахских)"	"2018 год"	"201812"	"МАХАМБЕТСКИЙ РАЙОН"	"5501"	"основной вид деятельности"	"2"	"Всего"	"1"	"Всего"	"1"	"3 118 527 000 000"
"Объем выполненных строительных работ (услуг)(Тысяч тенге казахских)"	"2019 год"	"201912"	"МАХАМБЕТСКИЙ РАЙОН"	"5501"	"основной вид деятельности"	"2"	"Всего"	"1"	"Всего"	"1"	"4 913 070 000 000"
"Объем выполненных строительных работ (услуг)(Тысяч тенге казахских)"	"2020 год"	"202012"	"МАХАМБЕТСКИЙ РАЙОН"	"5501"	"основной вид деятельности"	"2"	"Всего"	"1"	"Всего"	"1"	"7 689 454 000 000"
"Объем выполненных строительных работ (услуг)(Тысяч тенге казахских)"	"2021 год"	"202112"	"МАХАМБЕТСКИЙ РАЙОН"	"5501"	"основной вид деятельности"	"2"	"Всего"	"1"	"Всего"	"1"	"6 703 172 000 000"
"Объем выполненных строительных работ (услуг)(Тысяч тенге казахских)"	"2022 год"	"202212"	"МАХАМБЕТСКИЙ РАЙОН"	"5501"	"основной вид деятельности"	"2"	"Всего"	"1"	"Всего"	"1"	"8 113 665 000 000"
"Объем выполненных строительных работ (услуг)(Тысяч тенге казахских)"	"2017 год"	"201712"	"МАХАМБЕТСКИЙ РАЙОН"	"5501"	"вторичный вид деятельности"	"3"	"Всего"	"1"	"Всего"	"1"	"308 449 000 000"
"Объем выполненных строительных работ (услуг)(Тысяч тенге казахских)"	"2018 год"	"201812"	"МАХАМБЕТСКИЙ РАЙОН"	"5501"	"вторичный вид деятельности"	"3"	"Всего"	"1"	"Всего"	"1"	"164 073 000 000"
"Объем выполненных строительных работ (услуг)(Тысяч тенге казахских)"	"2019 год"	"201912"	"МАХАМБЕТСКИЙ РАЙОН"	"5501"	"вторичный вид деятельности"	"3"	"Всего"	"1"	"Всего"	"1"	"671 260 000 000"
"Объем выполненных строительных работ (услуг)(Тысяч тенге казахских)"	"2020 год"	"202012"	"МАХАМБЕТСКИЙ РАЙОН"	"5501"	"вторичный вид деятельности"	"3"	"Всего"	"1"	"Всего"	"1"	"262 637 000 000"
"Объем выполненных строительных работ (услуг)(Тысяч тенге казахских)"	"2021 год"	"202112"	"МАХАМБЕТСКИЙ РАЙОН"	"5501"	"вторичный вид деятельности"	"3"	"Всего"	"1"	"Всего"	"1"	"1 495 716 000 000"
"Объем выполненных строительных работ (услуг)(Тысяч тенге казахских)"	"2022 год"	"202212"	"МАХАМБЕТСКИЙ РАЙОН"	"5501"	"вторичный вид деятельности"	"3"	"Всего"	"1"	"Всего"	"1"	"4 652 456 000 000"
"Объем выполненных строительных работ (услуг)(Тысяч тенге казахских)"	"2017 год"	"201712"	"ЗАПАДНО-КАЗАХСТАНСКАЯ ОБЛАСТЬ"	"5596"	"Всего"	"1"	"Всего"	"1"	"Всего"	"1"	"111 878 752 000 000"
"Объем выполненных строительных работ (услуг)(Тысяч тенге казахских)"	"2016 год"	"201612"	"ЗАПАДНО-КАЗАХСТАНСКАЯ ОБЛАСТЬ"	"5596"	"Всего"	"1"	"Всего"	"1"	"Всего"	"1"	"97 993 616 000 000"
"Объем выполненных строительных работ (услуг)(Тысяч тенге казахских)"	"2018 год"	"201812"	"ЗАПАДНО-КАЗАХСТАНСКАЯ ОБЛАСТЬ"	"5596"	"Всего"	"1"	"Всего"	"1"	"Всего"	"1"	"135 293 083 000 000"
"Объем выполненных строительных работ (услуг)(Тысяч тенге казахских)"	"2019 год"	"201912"	"ЗАПАДНО-КАЗАХСТАНСКАЯ ОБЛАСТЬ"	"5596"	"Всего"	"1"	"Всего"	"1"	"Всего"	"1"	"174 713 172 000 000"
"Объем выполненных строительных работ (услуг)(Тысяч тенге казахских)"	"2020 год"	"202012"	"ЗАПАДНО-КАЗАХСТАНСКАЯ ОБЛАСТЬ"	"5596"	"Всего"	"1"	"Всего"	"1"	"Всего"	"1"	"177 818 294 000 000"
"Объем выполненных строительных работ (услуг)(Тысяч тенге казахских)"	"2021 год"	"202112"	"ЗАПАДНО-КАЗАХСТАНСКАЯ ОБЛАСТЬ"	"5596"	"Всего"	"1"	"Всего"	"1"	"Всего"	"1"	"198 409 474 000 000"
"Объем выполненных строительных работ (услуг)(Тысяч тенге казахских)"	"2022 год"	"202212"	"ЗАПАДНО-КАЗАХСТАНСКАЯ ОБЛАСТЬ"	"5596"	"Всего"	"1"	"Всего"	"1"	"Всего"	"1"	"220 286 879 000 000"
"Объем выполненных строительных работ (услуг)(Тысяч тенге казахских)"	"2017 год"	"201712"	"ЗАПАДНО-КАЗАХСТАНСКАЯ ОБЛАСТЬ"	"5596"	"основной вид деятельности"	"2"	"Всего"	"1"	"Всего"	"1"	"102 429 618 000 000"
"Объем выполненных строительных работ (услуг)(Тысяч тенге казахских)"	"2016 год"	"201612"	"ЗАПАДНО-КАЗАХСТАНСКАЯ ОБЛАСТЬ"	"5596"	"основной вид деятельности"	"2"	"Всего"	"1"	"Всего"	"1"	"92 927 440 000 000"
"Объем выполненных строительных работ (услуг)(Тысяч тенге казахских)"	"2018 год"	"201812"	"ЗАПАДНО-КАЗАХСТАНСКАЯ ОБЛАСТЬ"	"5596"	"основной вид деятельности"	"2"	"Всего"	"1"	"Всего"	"1"	"115 297 330 000 000"
"Объем выполненных строительных работ (услуг)(Тысяч тенге казахских)"	"2019 год"	"201912"	"ЗАПАДНО-КАЗАХСТАНСКАЯ ОБЛАСТЬ"	"5596"	"основной вид деятельности"	"2"	"Всего"	"1"	"Всего"	"1"	"165 600 151 000 000"
"Объем выполненных строительных работ (услуг)(Тысяч тенге казахских)"	"2020 год"	"202012"	"ЗАПАДНО-КАЗАХСТАНСКАЯ ОБЛАСТЬ"	"5596"	"основной вид деятельности"	"2"	"Всего"	"1"	"Всего"	"1"	"162 810 350 000 000"
"Объем выполненных строительных работ (услуг)(Тысяч тенге казахских)"	"2021 год"	"202112"	"ЗАПАДНО-КАЗАХСТАНСКАЯ ОБЛАСТЬ"	"5596"	"основной вид деятельности"	"2"	"Всего"	"1"	"Всего"	"1"	"177 775 800 000 000"
"Объем выполненных строительных работ (услуг)(Тысяч тенге казахских)"	"2022 год"	"202212"	"ЗАПАДНО-КАЗАХСТАНСКАЯ ОБЛАСТЬ"	"5596"	"основной вид деятельности"	"2"	"Всего"	"1"	"Всего"	"1"	"208 868 859 000 000"
"Объем выполненных строительных работ (услуг)(Тысяч тенге казахских)"	"2017 год"	"201712"	"ЗАПАДНО-КАЗАХСТАНСКАЯ ОБЛАСТЬ"	"5596"	"вторичный вид деятельности"	"3"	"Всего"	"1"	"Всего"	"1"	"9 449 134 000 000"
"Объем выполненных строительных работ (услуг)(Тысяч тенге казахских)"	"2016 год"	"201612"	"ЗАПАДНО-КАЗАХСТАНСКАЯ ОБЛАСТЬ"	"5596"	"вторичный вид деятельности"	"3"	"Всего"	"1"	"Всего"	"1"	"5 066 176 000 000"
"Объем выполненных строительных работ (услуг)(Тысяч тенге казахских)"	"2018 год"	"201812"	"ЗАПАДНО-КАЗАХСТАНСКАЯ ОБЛАСТЬ"	"5596"	"вторичный вид деятельности"	"3"	"Всего"	"1"	"Всего"	"1"	"19 995 753 000 000"
"Объем выполненных строительных работ (услуг)(Тысяч тенге казахских)"	"2019 год"	"201912"	"ЗАПАДНО-КАЗАХСТАНСКАЯ ОБЛАСТЬ"	"5596"	"вторичный вид деятельности"	"3"	"Всего"	"1"	"Всего"	"1"	"9 113 021 000 000"
"Объем выполненных строительных работ (услуг)(Тысяч тенге казахских)"	"2020 год"	"202012"	"ЗАПАДНО-КАЗАХСТАНСКАЯ ОБЛАСТЬ"	"5596"	"вторичный вид деятельности"	"3"	"Всего"	"1"	"Всего"	"1"	"15 007 944 000 000"
"Объем выполненных строительных работ (услуг)(Тысяч тенге казахских)"	"2021 год"	"202112"	"ЗАПАДНО-КАЗАХСТАНСКАЯ ОБЛАСТЬ"	"5596"	"вторичный вид деятельности"	"3"	"Всего"	"1"	"Всего"	"1"	"20 633 674 000 000"
"Объем выполненных строительных работ (услуг)(Тысяч тенге казахских)"	"2022 год"	"202212"	"ЗАПАДНО-КАЗАХСТАНСКАЯ ОБЛАСТЬ"	"5596"	"вторичный вид деятельности"	"3"	"Всего"	"1"	"Всего"	"1"	"11 418 020 000 000"
"Объем выполненных строительных работ (услуг)(Тысяч тенге казахских)"	"2017 год"	"201712"	"УРАЛЬСК Г.А."	"5597"	"Всего"	"1"	"Всего"	"1"	"Всего"	"1"	"28 330 244 000 000"
"Объем выполненных строительных работ (услуг)(Тысяч тенге казахских)"	"2016 год"	"201612"	"УРАЛЬСК Г.А."	"5597"	"Всего"	"1"	"Всего"	"1"	"Всего"	"1"	"26 636 291 000 000"
"Объем выполненных строительных работ (услуг)(Тысяч тенге казахских)"	"2018 год"	"201812"	"УРАЛЬСК Г.А."	"5597"	"Всего"	"1"	"Всего"	"1"	"Всего"	"1"	"35 101 481 000 000"
"Объем выполненных строительных работ (услуг)(Тысяч тенге казахских)"	"2019 год"	"201912"	"УРАЛЬСК Г.А."	"5597"	"Всего"	"1"	"Всего"	"1"	"Всего"	"1"	"33 677 279 000 000"
"Объем выполненных строительных работ (услуг)(Тысяч тенге казахских)"	"2020 год"	"202012"	"УРАЛЬСК Г.А."	"5597"	"Всего"	"1"	"Всего"	"1"	"Всего"	"1"	"57 317 599 000 000"
"Объем выполненных строительных работ (услуг)(Тысяч тенге казахских)"	"2021 год"	"202112"	"УРАЛЬСК Г.А."	"5597"	"Всего"	"1"	"Всего"	"1"	"Всего"	"1"	"69 061 708 000 000"
"Объем выполненных строительных работ (услуг)(Тысяч тенге казахских)"	"2022 год"	"202212"	"УРАЛЬСК Г.А."	"5597"	"Всего"	"1"	"Всего"	"1"	"Всего"	"1"	"81 067 039 000 000"
"Объем выполненных строительных работ (услуг)(Тысяч тенге казахских)"	"2017 год"	"201712"	"УРАЛЬСК Г.А."	"5597"	"основной вид деятельности"	"2"	"Всего"	"1"	"Всего"	"1"	"25 628 033 000 000"
"Объем выполненных строительных работ (услуг)(Тысяч тенге казахских)"	"2016 год"	"201612"	"УРАЛЬСК Г.А."	"5597"	"основной вид деятельности"	"2"	"Всего"	"1"	"Всего"	"1"	"23 381 086 000 000"
"Объем выполненных строительных работ (услуг)(Тысяч тенге казахских)"	"2018 год"	"201812"	"УРАЛЬСК Г.А."	"5597"	"основной вид деятельности"	"2"	"Всего"	"1"	"Всего"	"1"	"28 505 767 000 000"
"Объем выполненных строительных работ (услуг)(Тысяч тенге казахских)"	"2019 год"	"201912"	"УРАЛЬСК Г.А."	"5597"	"основной вид деятельности"	"2"	"Всего"	"1"	"Всего"	"1"	"30 821 258 000 000"
"Объем выполненных строительных работ (услуг)(Тысяч тенге казахских)"	"2020 год"	"202012"	"УРАЛЬСК Г.А."	"5597"	"основной вид деятельности"	"2"	"Всего"	"1"	"Всего"	"1"	"49 170 537 000 000"
"Объем выполненных строительных работ (услуг)(Тысяч тенге казахских)"	"2021 год"	"202112"	"УРАЛЬСК Г.А."	"5597"	"основной вид деятельности"	"2"	"Всего"	"1"	"Всего"	"1"	"51 936 680 000 000"
"Объем выполненных строительных работ (услуг)(Тысяч тенге казахских)"	"2022 год"	"202212"	"УРАЛЬСК Г.А."	"5597"	"основной вид деятельности"	"2"	"Всего"	"1"	"Всего"	"1"	"71 780 850 000 000"
"Объем выполненных строительных работ (услуг)(Тысяч тенге казахских)"	"2017 год"	"201712"	"УРАЛЬСК Г.А."	"5597"	"вторичный вид деятельности"	"3"	"Всего"	"1"	"Всего"	"1"	"2 702 211 000 000"
"Объем выполненных строительных работ (услуг)(Тысяч тенге казахских)"	"2016 год"	"201612"	"УРАЛЬСК Г.А."	"5597"	"вторичный вид деятельности"	"3"	"Всего"	"1"	"Всего"	"1"	"3 255 205 000 000"
"Объем выполненных строительных работ (услуг)(Тысяч тенге казахских)"	"2018 год"	"201812"	"УРАЛЬСК Г.А."	"5597"	"вторичный вид деятельности"	"3"	"Всего"	"1"	"Всего"	"1"	"6 595 714 000 000"
"Объем выполненных строительных работ (услуг)(Тысяч тенге казахских)"	"2019 год"	"201912"	"УРАЛЬСК Г.А."	"5597"	"вторичный вид деятельности"	"3"	"Всего"	"1"	"Всего"	"1"	"2 856 021 000 000"
"Объем выполненных строительных работ (услуг)(Тысяч тенге казахских)"	"2020 год"	"202012"	"УРАЛЬСК Г.А."	"5597"	"вторичный вид деятельности"	"3"	"Всего"	"1"	"Всего"	"1"	"8 147 062 000 000"
"Объем выполненных строительных работ (услуг)(Тысяч тенге казахских)"	"2021 год"	"202112"	"УРАЛЬСК Г.А."	"5597"	"вторичный вид деятельности"	"3"	"Всего"	"1"	"Всего"	"1"	"17 125 028 000 000"
"Объем выполненных строительных работ (услуг)(Тысяч тенге казахских)"	"2022 год"	"202212"	"УРАЛЬСК Г.А."	"5597"	"вторичный вид деятельности"	"3"	"Всего"	"1"	"Всего"	"1"	"9 286 189 000 000"
"Объем выполненных строительных работ (услуг)(Тысяч тенге казахских)"	"2017 год"	"201712"	"АКЖАИКСКИЙ РАЙОН"	"5612"	"Всего"	"1"	"Всего"	"1"	"Всего"	"1"	"4 036 680 000 000"
"Объем выполненных строительных работ (услуг)(Тысяч тенге казахских)"	"2016 год"	"201612"	"АКЖАИКСКИЙ РАЙОН"	"5612"	"Всего"	"1"	"Всего"	"1"	"Всего"	"1"	"695 238 000 000"
"Объем выполненных строительных работ (услуг)(Тысяч тенге казахских)"	"2018 год"	"201812"	"АКЖАИКСКИЙ РАЙОН"	"5612"	"Всего"	"1"	"Всего"	"1"	"Всего"	"1"	"4 377 794 000 000"
"Объем выполненных строительных работ (услуг)(Тысяч тенге казахских)"	"2019 год"	"201912"	"АКЖАИКСКИЙ РАЙОН"	"5612"	"Всего"	"1"	"Всего"	"1"	"Всего"	"1"	"2 321 286 000 000"
"Объем выполненных строительных работ (услуг)(Тысяч тенге казахских)"	"2020 год"	"202012"	"АКЖАИКСКИЙ РАЙОН"	"5612"	"Всего"	"1"	"Всего"	"1"	"Всего"	"1"	"5 066 856 000 000"
"Объем выполненных строительных работ (услуг)(Тысяч тенге казахских)"	"2021 год"	"202112"	"АКЖАИКСКИЙ РАЙОН"	"5612"	"Всего"	"1"	"Всего"	"1"	"Всего"	"1"	"2 408 741 000 000"
"Объем выполненных строительных работ (услуг)(Тысяч тенге казахских)"	"2022 год"	"202212"	"АКЖАИКСКИЙ РАЙОН"	"5612"	"Всего"	"1"	"Всего"	"1"	"Всего"	"1"	"3 862 165 000 000"
"Объем выполненных строительных работ (услуг)(Тысяч тенге казахских)"	"2017 год"	"201712"	"АКЖАИКСКИЙ РАЙОН"	"5612"	"основной вид деятельности"	"2"	"Всего"	"1"	"Всего"	"1"	"4 029 948 000 000"
"Объем выполненных строительных работ (услуг)(Тысяч тенге казахских)"	"2016 год"	"201612"	"АКЖАИКСКИЙ РАЙОН"	"5612"	"основной вид деятельности"	"2"	"Всего"	"1"	"Всего"	"1"	"695 238 000 000"
"Объем выполненных строительных работ (услуг)(Тысяч тенге казахских)"	"2018 год"	"201812"	"АКЖАИКСКИЙ РАЙОН"	"5612"	"основной вид деятельности"	"2"	"Всего"	"1"	"Всего"	"1"	"4 364 694 000 000"
"Объем выполненных строительных работ (услуг)(Тысяч тенге казахских)"	"2019 год"	"201912"	"АКЖАИКСКИЙ РАЙОН"	"5612"	"основной вид деятельности"	"2"	"Всего"	"1"	"Всего"	"1"	"2 321 286 000 000"
"Объем выполненных строительных работ (услуг)(Тысяч тенге казахских)"	"2020 год"	"202012"	"АКЖАИКСКИЙ РАЙОН"	"5612"	"основной вид деятельности"	"2"	"Всего"	"1"	"Всего"	"1"	"4 829 194 000 000"
"Объем выполненных строительных работ (услуг)(Тысяч тенге казахских)"	"2021 год"	"202112"	"АКЖАИКСКИЙ РАЙОН"	"5612"	"основной вид деятельности"	"2"	"Всего"	"1"	"Всего"	"1"	"2 207 705 000 000"
"Объем выполненных строительных работ (услуг)(Тысяч тенге казахских)"	"2022 год"	"202212"	"АКЖАИКСКИЙ РАЙОН"	"5612"	"основной вид деятельности"	"2"	"Всего"	"1"	"Всего"	"1"	"3 490 799 000 000"
"Объем выполненных строительных работ (услуг)(Тысяч тенге казахских)"	"2017 год"	"201712"	"АКЖАИКСКИЙ РАЙОН"	"5612"	"вторичный вид деятельности"	"3"	"Всего"	"1"	"Всего"	"1"	"6 732 000 000"
"Объем выполненных строительных работ (услуг)(Тысяч тенге казахских)"	"2018 год"	"201812"	"АКЖАИКСКИЙ РАЙОН"	"5612"	"вторичный вид деятельности"	"3"	"Всего"	"1"	"Всего"	"1"	"13 100 000 000"
"Объем выполненных строительных работ (услуг)(Тысяч тенге казахских)"	"2020 год"	"202012"	"АКЖАИКСКИЙ РАЙОН"	"5612"	"вторичный вид деятельности"	"3"	"Всего"	"1"	"Всего"	"1"	"237 662 000 000"
"Объем выполненных строительных работ (услуг)(Тысяч тенге казахских)"	"2021 год"	"202112"	"АКЖАИКСКИЙ РАЙОН"	"5612"	"вторичный вид деятельности"	"3"	"Всего"	"1"	"Всего"	"1"	"201 036 000 000"
"Объем выполненных строительных работ (услуг)(Тысяч тенге казахских)"	"2022 год"	"202212"	"АКЖАИКСКИЙ РАЙОН"	"5612"	"вторичный вид деятельности"	"3"	"Всего"	"1"	"Всего"	"1"	"371 366 000 000"
"Объем выполненных строительных работ (услуг)(Тысяч тенге казахских)"	"2017 год"	"201712"	"БУРЛИНСКИЙ РАЙОН"	"5940"	"Всего"	"1"	"Всего"	"1"	"Всего"	"1"	"37 040 472 000 000"
"Объем выполненных строительных работ (услуг)(Тысяч тенге казахских)"	"2016 год"	"201612"	"БУРЛИНСКИЙ РАЙОН"	"5940"	"Всего"	"1"	"Всего"	"1"	"Всего"	"1"	"38 880 371 000 000"
"Объем выполненных строительных работ (услуг)(Тысяч тенге казахских)"	"2018 год"	"201812"	"БУРЛИНСКИЙ РАЙОН"	"5940"	"Всего"	"1"	"Всего"	"1"	"Всего"	"1"	"55 254 173 000 000"
"Объем выполненных строительных работ (услуг)(Тысяч тенге казахских)"	"2019 год"	"201912"	"БУРЛИНСКИЙ РАЙОН"	"5940"	"Всего"	"1"	"Всего"	"1"	"Всего"	"1"	"102 259 767 000 000"
"Объем выполненных строительных работ (услуг)(Тысяч тенге казахских)"	"2020 год"	"202012"	"БУРЛИНСКИЙ РАЙОН"	"5940"	"Всего"	"1"	"Всего"	"1"	"Всего"	"1"	"74 348 355 000 000"
"Объем выполненных строительных работ (услуг)(Тысяч тенге казахских)"	"2021 год"	"202112"	"БУРЛИНСКИЙ РАЙОН"	"5940"	"Всего"	"1"	"Всего"	"1"	"Всего"	"1"	"89 932 455 000 000"
"Объем выполненных строительных работ (услуг)(Тысяч тенге казахских)"	"2022 год"	"202212"	"БУРЛИНСКИЙ РАЙОН"	"5940"	"Всего"	"1"	"Всего"	"1"	"Всего"	"1"	"85 771 154 000 000"
"Объем выполненных строительных работ (услуг)(Тысяч тенге казахских)"	"2017 год"	"201712"	"БУРЛИНСКИЙ РАЙОН"	"5940"	"основной вид деятельности"	"2"	"Всего"	"1"	"Всего"	"1"	"32 053 046 000 000"
"Объем выполненных строительных работ (услуг)(Тысяч тенге казахских)"	"2016 год"	"201612"	"БУРЛИНСКИЙ РАЙОН"	"5940"	"основной вид деятельности"	"2"	"Всего"	"1"	"Всего"	"1"	"38 356 980 000 000"
"Объем выполненных строительных работ (услуг)(Тысяч тенге казахских)"	"2018 год"	"201812"	"БУРЛИНСКИЙ РАЙОН"	"5940"	"основной вид деятельности"	"2"	"Всего"	"1"	"Всего"	"1"	"43 730 113 000 000"
"Объем выполненных строительных работ (услуг)(Тысяч тенге казахских)"	"2019 год"	"201912"	"БУРЛИНСКИЙ РАЙОН"	"5940"	"основной вид деятельности"	"2"	"Всего"	"1"	"Всего"	"1"	"97 603 991 000 000"
"Объем выполненных строительных работ (услуг)(Тысяч тенге казахских)"	"2020 год"	"202012"	"БУРЛИНСКИЙ РАЙОН"	"5940"	"основной вид деятельности"	"2"	"Всего"	"1"	"Всего"	"1"	"70 018 709 000 000"
"Объем выполненных строительных работ (услуг)(Тысяч тенге казахских)"	"2021 год"	"202112"	"БУРЛИНСКИЙ РАЙОН"	"5940"	"основной вид деятельности"	"2"	"Всего"	"1"	"Всего"	"1"	"87 338 916 000 000"
"Объем выполненных строительных работ (услуг)(Тысяч тенге казахских)"	"2022 год"	"202212"	"БУРЛИНСКИЙ РАЙОН"	"5940"	"основной вид деятельности"	"2"	"Всего"	"1"	"Всего"	"1"	"84 880 112 000 000"
"Объем выполненных строительных работ (услуг)(Тысяч тенге казахских)"	"2017 год"	"201712"	"БУРЛИНСКИЙ РАЙОН"	"5940"	"вторичный вид деятельности"	"3"	"Всего"	"1"	"Всего"	"1"	"4 987 426 000 000"
"Объем выполненных строительных работ (услуг)(Тысяч тенге казахских)"	"2016 год"	"201612"	"БУРЛИНСКИЙ РАЙОН"	"5940"	"вторичный вид деятельности"	"3"	"Всего"	"1"	"Всего"	"1"	"523 391 000 000"
"Объем выполненных строительных работ (услуг)(Тысяч тенге казахских)"	"2018 год"	"201812"	"БУРЛИНСКИЙ РАЙОН"	"5940"	"вторичный вид деятельности"	"3"	"Всего"	"1"	"Всего"	"1"	"11 524 060 000 000"
"Объем выполненных строительных работ (услуг)(Тысяч тенге казахских)"	"2019 год"	"201912"	"БУРЛИНСКИЙ РАЙОН"	"5940"	"вторичный вид деятельности"	"3"	"Всего"	"1"	"Всего"	"1"	"4 655 776 000 000"
"Объем выполненных строительных работ (услуг)(Тысяч тенге казахских)"	"2020 год"	"202012"	"БУРЛИНСКИЙ РАЙОН"	"5940"	"вторичный вид деятельности"	"3"	"Всего"	"1"	"Всего"	"1"	"4 329 646 000 000"
"Объем выполненных строительных работ (услуг)(Тысяч тенге казахских)"	"2021 год"	"202112"	"БУРЛИНСКИЙ РАЙОН"	"5940"	"вторичный вид деятельности"	"3"	"Всего"	"1"	"Всего"	"1"	"2 593 539 000 000"
"Объем выполненных строительных работ (услуг)(Тысяч тенге казахских)"	"2022 год"	"202212"	"БУРЛИНСКИЙ РАЙОН"	"5940"	"вторичный вид деятельности"	"3"	"Всего"	"1"	"Всего"	"1"	"891 042 000 000"
"Объем выполненных строительных работ (услуг)(Тысяч тенге казахских)"	"2017 год"	"201712"	"ЖАНГАЛИНСКИЙ РАЙОН"	"5991"	"Всего"	"1"	"Всего"	"1"	"Всего"	"1"	"2 387 844 000 000"
"Объем выполненных строительных работ (услуг)(Тысяч тенге казахских)"	"2016 год"	"201612"	"ЖАНГАЛИНСКИЙ РАЙОН"	"5991"	"Всего"	"1"	"Всего"	"1"	"Всего"	"1"	"1 519 100 000 000"
"Объем выполненных строительных работ (услуг)(Тысяч тенге казахских)"	"2018 год"	"201812"	"ЖАНГАЛИНСКИЙ РАЙОН"	"5991"	"Всего"	"1"	"Всего"	"1"	"Всего"	"1"	"2 072 154 000 000"
"Объем выполненных строительных работ (услуг)(Тысяч тенге казахских)"	"2019 год"	"201912"	"ЖАНГАЛИНСКИЙ РАЙОН"	"5991"	"Всего"	"1"	"Всего"	"1"	"Всего"	"1"	"1 701 842 000 000"
"Объем выполненных строительных работ (услуг)(Тысяч тенге казахских)"	"2020 год"	"202012"	"ЖАНГАЛИНСКИЙ РАЙОН"	"5991"	"Всего"	"1"	"Всего"	"1"	"Всего"	"1"	"1 613 886 000 000"
"Объем выполненных строительных работ (услуг)(Тысяч тенге казахских)"	"2021 год"	"202112"	"ЖАНГАЛИНСКИЙ РАЙОН"	"5991"	"Всего"	"1"	"Всего"	"1"	"Всего"	"1"	"2 079 814 000 000"
"Объем выполненных строительных работ (услуг)(Тысяч тенге казахских)"	"2022 год"	"202212"	"ЖАНГАЛИНСКИЙ РАЙОН"	"5991"	"Всего"	"1"	"Всего"	"1"	"Всего"	"1"	"2 417 521 000 000"
"Объем выполненных строительных работ (услуг)(Тысяч тенге казахских)"	"2017 год"	"201712"	"ЖАНГАЛИНСКИЙ РАЙОН"	"5991"	"основной вид деятельности"	"2"	"Всего"	"1"	"Всего"	"1"	"2 035 646 000 000"
"Объем выполненных строительных работ (услуг)(Тысяч тенге казахских)"	"2016 год"	"201612"	"ЖАНГАЛИНСКИЙ РАЙОН"	"5991"	"основной вид деятельности"	"2"	"Всего"	"1"	"Всего"	"1"	"1 519 100 000 000"
"Объем выполненных строительных работ (услуг)(Тысяч тенге казахских)"	"2018 год"	"201812"	"ЖАНГАЛИНСКИЙ РАЙОН"	"5991"	"основной вид деятельности"	"2"	"Всего"	"1"	"Всего"	"1"	"1 252 082 000 000"
"Объем выполненных строительных работ (услуг)(Тысяч тенге казахских)"	"2019 год"	"201912"	"ЖАНГАЛИНСКИЙ РАЙОН"	"5991"	"основной вид деятельности"	"2"	"Всего"	"1"	"Всего"	"1"	"1 682 634 000 000"
"Объем выполненных строительных работ (услуг)(Тысяч тенге казахских)"	"2020 год"	"202012"	"ЖАНГАЛИНСКИЙ РАЙОН"	"5991"	"основной вид деятельности"	"2"	"Всего"	"1"	"Всего"	"1"	"1 501 843 000 000"
"Объем выполненных строительных работ (услуг)(Тысяч тенге казахских)"	"2021 год"	"202112"	"ЖАНГАЛИНСКИЙ РАЙОН"	"5991"	"основной вид деятельности"	"2"	"Всего"	"1"	"Всего"	"1"	"1 719 335 000 000"
"Объем выполненных строительных работ (услуг)(Тысяч тенге казахских)"	"2022 год"	"202212"	"ЖАНГАЛИНСКИЙ РАЙОН"	"5991"	"основной вид деятельности"	"2"	"Всего"	"1"	"Всего"	"1"	"2 215 339 000 000"
"Объем выполненных строительных работ (услуг)(Тысяч тенге казахских)"	"2017 год"	"201712"	"ЖАНГАЛИНСКИЙ РАЙОН"	"5991"	"вторичный вид деятельности"	"3"	"Всего"	"1"	"Всего"	"1"	"352 198 000 000"
"Объем выполненных строительных работ (услуг)(Тысяч тенге казахских)"	"2018 год"	"201812"	"ЖАНГАЛИНСКИЙ РАЙОН"	"5991"	"вторичный вид деятельности"	"3"	"Всего"	"1"	"Всего"	"1"	"820 072 000 000"
"Объем выполненных строительных работ (услуг)(Тысяч тенге казахских)"	"2019 год"	"201912"	"ЖАНГАЛИНСКИЙ РАЙОН"	"5991"	"вторичный вид деятельности"	"3"	"Всего"	"1"	"Всего"	"1"	"19 208 000 000"
"Объем выполненных строительных работ (услуг)(Тысяч тенге казахских)"	"2020 год"	"202012"	"ЖАНГАЛИНСКИЙ РАЙОН"	"5991"	"вторичный вид деятельности"	"3"	"Всего"	"1"	"Всего"	"1"	"112 043 000 000"
"Объем выполненных строительных работ (услуг)(Тысяч тенге казахских)"	"2021 год"	"202112"	"ЖАНГАЛИНСКИЙ РАЙОН"	"5991"	"вторичный вид деятельности"	"3"	"Всего"	"1"	"Всего"	"1"	"360 479 000 000"
"Объем выполненных строительных работ (услуг)(Тысяч тенге казахских)"	"2022 год"	"202212"	"ЖАНГАЛИНСКИЙ РАЙОН"	"5991"	"вторичный вид деятельности"	"3"	"Всего"	"1"	"Всего"	"1"	"202 182 000 000"
"Объем выполненных строительных работ (услуг)(Тысяч тенге казахских)"	"2017 год"	"201712"	"ЖАНИБЕКСКИЙ РАЙОН"	"6298"	"Всего"	"1"	"Всего"	"1"	"Всего"	"1"	"2 014 207 000 000"
"Объем выполненных строительных работ (услуг)(Тысяч тенге казахских)"	"2016 год"	"201612"	"ЖАНИБЕКСКИЙ РАЙОН"	"6298"	"Всего"	"1"	"Всего"	"1"	"Всего"	"1"	"1 191 024 000 000"
"Объем выполненных строительных работ (услуг)(Тысяч тенге казахских)"	"2018 год"	"201812"	"ЖАНИБЕКСКИЙ РАЙОН"	"6298"	"Всего"	"1"	"Всего"	"1"	"Всего"	"1"	"1 345 127 000 000"
"Объем выполненных строительных работ (услуг)(Тысяч тенге казахских)"	"2019 год"	"201912"	"ЖАНИБЕКСКИЙ РАЙОН"	"6298"	"Всего"	"1"	"Всего"	"1"	"Всего"	"1"	"688 013 000 000"
"Объем выполненных строительных работ (услуг)(Тысяч тенге казахских)"	"2020 год"	"202012"	"ЖАНИБЕКСКИЙ РАЙОН"	"6298"	"Всего"	"1"	"Всего"	"1"	"Всего"	"1"	"1 831 117 000 000"
"Объем выполненных строительных работ (услуг)(Тысяч тенге казахских)"	"2021 год"	"202112"	"ЖАНИБЕКСКИЙ РАЙОН"	"6298"	"Всего"	"1"	"Всего"	"1"	"Всего"	"1"	"3 480 583 000 000"
"Объем выполненных строительных работ (услуг)(Тысяч тенге казахских)"	"2022 год"	"202212"	"ЖАНИБЕКСКИЙ РАЙОН"	"6298"	"Всего"	"1"	"Всего"	"1"	"Всего"	"1"	"7 314 298 000 000"
"Объем выполненных строительных работ (услуг)(Тысяч тенге казахских)"	"2017 год"	"201712"	"ЖАНИБЕКСКИЙ РАЙОН"	"6298"	"основной вид деятельности"	"2"	"Всего"	"1"	"Всего"	"1"	"1 958 933 000 000"
"Объем выполненных строительных работ (услуг)(Тысяч тенге казахских)"	"2016 год"	"201612"	"ЖАНИБЕКСКИЙ РАЙОН"	"6298"	"основной вид деятельности"	"2"	"Всего"	"1"	"Всего"	"1"	"1 044 632 000 000"
"Объем выполненных строительных работ (услуг)(Тысяч тенге казахских)"	"2018 год"	"201812"	"ЖАНИБЕКСКИЙ РАЙОН"	"6298"	"основной вид деятельности"	"2"	"Всего"	"1"	"Всего"	"1"	"1 320 427 000 000"
"Объем выполненных строительных работ (услуг)(Тысяч тенге казахских)"	"2019 год"	"201912"	"ЖАНИБЕКСКИЙ РАЙОН"	"6298"	"основной вид деятельности"	"2"	"Всего"	"1"	"Всего"	"1"	"523 155 000 000"
"Объем выполненных строительных работ (услуг)(Тысяч тенге казахских)"	"2020 год"	"202012"	"ЖАНИБЕКСКИЙ РАЙОН"	"6298"	"основной вид деятельности"	"2"	"Всего"	"1"	"Всего"	"1"	"1 719 867 000 000"
"Объем выполненных строительных работ (услуг)(Тысяч тенге казахских)"	"2021 год"	"202112"	"ЖАНИБЕКСКИЙ РАЙОН"	"6298"	"основной вид деятельности"	"2"	"Всего"	"1"	"Всего"	"1"	"3 480 583 000 000"
"Объем выполненных строительных работ (услуг)(Тысяч тенге казахских)"	"2022 год"	"202212"	"ЖАНИБЕКСКИЙ РАЙОН"	"6298"	"основной вид деятельности"	"2"	"Всего"	"1"	"Всего"	"1"	"7 310 398 000 000"
"Объем выполненных строительных работ (услуг)(Тысяч тенге казахских)"	"2017 год"	"201712"	"ЖАНИБЕКСКИЙ РАЙОН"	"6298"	"вторичный вид деятельности"	"3"	"Всего"	"1"	"Всего"	"1"	"55 274 000 000"
"Объем выполненных строительных работ (услуг)(Тысяч тенге казахских)"	"2016 год"	"201612"	"ЖАНИБЕКСКИЙ РАЙОН"	"6298"	"вторичный вид деятельности"	"3"	"Всего"	"1"	"Всего"	"1"	"146 392 000 000"
"Объем выполненных строительных работ (услуг)(Тысяч тенге казахских)"	"2018 год"	"201812"	"ЖАНИБЕКСКИЙ РАЙОН"	"6298"	"вторичный вид деятельности"	"3"	"Всего"	"1"	"Всего"	"1"	"24 700 000 000"
"Объем выполненных строительных работ (услуг)(Тысяч тенге казахских)"	"2019 год"	"201912"	"ЖАНИБЕКСКИЙ РАЙОН"	"6298"	"вторичный вид деятельности"	"3"	"Всего"	"1"	"Всего"	"1"	"164 858 000 000"
"Объем выполненных строительных работ (услуг)(Тысяч тенге казахских)"	"2020 год"	"202012"	"ЖАНИБЕКСКИЙ РАЙОН"	"6298"	"вторичный вид деятельности"	"3"	"Всего"	"1"	"Всего"	"1"	"111 250 000 000"
"Объем выполненных строительных работ (услуг)(Тысяч тенге казахских)"	"2022 год"	"202212"	"ЖАНИБЕКСКИЙ РАЙОН"	"6298"	"вторичный вид деятельности"	"3"	"Всего"	"1"	"Всего"	"1"	"3 900 000 000"
"Объем выполненных строительных работ (услуг)(Тысяч тенге казахских)"	"2017 год"	"201712"	"РАЙОН БӘЙТЕРЕК"	"6497"	"Всего"	"1"	"Всего"	"1"	"Всего"	"1"	"18 400 407 000 000"
"Объем выполненных строительных работ (услуг)(Тысяч тенге казахских)"	"2016 год"	"201612"	"РАЙОН БӘЙТЕРЕК"	"6497"	"Всего"	"1"	"Всего"	"1"	"Всего"	"1"	"18 328 279 000 000"
"Объем выполненных строительных работ (услуг)(Тысяч тенге казахских)"	"2018 год"	"201812"	"РАЙОН БӘЙТЕРЕК"	"6497"	"Всего"	"1"	"Всего"	"1"	"Всего"	"1"	"13 687 730 000 000"
"Объем выполненных строительных работ (услуг)(Тысяч тенге казахских)"	"2019 год"	"201912"	"РАЙОН БӘЙТЕРЕК"	"6497"	"Всего"	"1"	"Всего"	"1"	"Всего"	"1"	"13 270 137 000 000"
"Объем выполненных строительных работ (услуг)(Тысяч тенге казахских)"	"2020 год"	"202012"	"РАЙОН БӘЙТЕРЕК"	"6497"	"Всего"	"1"	"Всего"	"1"	"Всего"	"1"	"9 611 304 000 000"
"Объем выполненных строительных работ (услуг)(Тысяч тенге казахских)"	"2021 год"	"202112"	"РАЙОН БӘЙТЕРЕК"	"6497"	"Всего"	"1"	"Всего"	"1"	"Всего"	"1"	"8 110 620 000 000"
"Объем выполненных строительных работ (услуг)(Тысяч тенге казахских)"	"2022 год"	"202212"	"РАЙОН БӘЙТЕРЕК"	"6497"	"Всего"	"1"	"Всего"	"1"	"Всего"	"1"	"9 583 487 000 000"
"Объем выполненных строительных работ (услуг)(Тысяч тенге казахских)"	"2017 год"	"201712"	"РАЙОН БӘЙТЕРЕК"	"6497"	"основной вид деятельности"	"2"	"Всего"	"1"	"Всего"	"1"	"18 387 787 000 000"
"Объем выполненных строительных работ (услуг)(Тысяч тенге казахских)"	"2016 год"	"201612"	"РАЙОН БӘЙТЕРЕК"	"6497"	"основной вид деятельности"	"2"	"Всего"	"1"	"Всего"	"1"	"18 326 225 000 000"
"Объем выполненных строительных работ (услуг)(Тысяч тенге казахских)"	"2018 год"	"201812"	"РАЙОН БӘЙТЕРЕК"	"6497"	"основной вид деятельности"	"2"	"Всего"	"1"	"Всего"	"1"	"13 281 710 000 000"
"Объем выполненных строительных работ (услуг)(Тысяч тенге казахских)"	"2019 год"	"201912"	"РАЙОН БӘЙТЕРЕК"	"6497"	"основной вид деятельности"	"2"	"Всего"	"1"	"Всего"	"1"	"13 259 496 000 000"
"Объем выполненных строительных работ (услуг)(Тысяч тенге казахских)"	"2020 год"	"202012"	"РАЙОН БӘЙТЕРЕК"	"6497"	"основной вид деятельности"	"2"	"Всего"	"1"	"Всего"	"1"	"8 353 721 000 000"
"Объем выполненных строительных работ (услуг)(Тысяч тенге казахских)"	"2021 год"	"202112"	"РАЙОН БӘЙТЕРЕК"	"6497"	"основной вид деятельности"	"2"	"Всего"	"1"	"Всего"	"1"	"8 107 077 000 000"
"Объем выполненных строительных работ (услуг)(Тысяч тенге казахских)"	"2022 год"	"202212"	"РАЙОН БӘЙТЕРЕК"	"6497"	"основной вид деятельности"	"2"	"Всего"	"1"	"Всего"	"1"	"9 550 777 000 000"
"Объем выполненных строительных работ (услуг)(Тысяч тенге казахских)"	"2017 год"	"201712"	"РАЙОН БӘЙТЕРЕК"	"6497"	"вторичный вид деятельности"	"3"	"Всего"	"1"	"Всего"	"1"	"12 620 000 000"
"Объем выполненных строительных работ (услуг)(Тысяч тенге казахских)"	"2016 год"	"201612"	"РАЙОН БӘЙТЕРЕК"	"6497"	"вторичный вид деятельности"	"3"	"Всего"	"1"	"Всего"	"1"	"2 054 000 000"
"Объем выполненных строительных работ (услуг)(Тысяч тенге казахских)"	"2018 год"	"201812"	"РАЙОН БӘЙТЕРЕК"	"6497"	"вторичный вид деятельности"	"3"	"Всего"	"1"	"Всего"	"1"	"406 020 000 000"
"Объем выполненных строительных работ (услуг)(Тысяч тенге казахских)"	"2019 год"	"201912"	"РАЙОН БӘЙТЕРЕК"	"6497"	"вторичный вид деятельности"	"3"	"Всего"	"1"	"Всего"	"1"	"10 641 000 000"
"Объем выполненных строительных работ (услуг)(Тысяч тенге казахских)"	"2020 год"	"202012"	"РАЙОН БӘЙТЕРЕК"	"6497"	"вторичный вид деятельности"	"3"	"Всего"	"1"	"Всего"	"1"	"1 257 583 000 000"
"Объем выполненных строительных работ (услуг)(Тысяч тенге казахских)"	"2021 год"	"202112"	"РАЙОН БӘЙТЕРЕК"	"6497"	"вторичный вид деятельности"	"3"	"Всего"	"1"	"Всего"	"1"	"3 543 000 000"
"Объем выполненных строительных работ (услуг)(Тысяч тенге казахских)"	"2022 год"	"202212"	"РАЙОН БӘЙТЕРЕК"	"6497"	"вторичный вид деятельности"	"3"	"Всего"	"1"	"Всего"	"1"	"32 710 000 000"
"Объем выполненных строительных работ (услуг)(Тысяч тенге казахских)"	"2017 год"	"201712"	"КАЗТАЛОВСКИЙ РАЙОН"	"6618"	"Всего"	"1"	"Всего"	"1"	"Всего"	"1"	"4 079 826 000 000"
"Объем выполненных строительных работ (услуг)(Тысяч тенге казахских)"	"2016 год"	"201612"	"КАЗТАЛОВСКИЙ РАЙОН"	"6618"	"Всего"	"1"	"Всего"	"1"	"Всего"	"1"	"4 482 296 000 000"
"Объем выполненных строительных работ (услуг)(Тысяч тенге казахских)"	"2018 год"	"201812"	"КАЗТАЛОВСКИЙ РАЙОН"	"6618"	"Всего"	"1"	"Всего"	"1"	"Всего"	"1"	"3 665 050 000 000"
"Объем выполненных строительных работ (услуг)(Тысяч тенге казахских)"	"2019 год"	"201912"	"КАЗТАЛОВСКИЙ РАЙОН"	"6618"	"Всего"	"1"	"Всего"	"1"	"Всего"	"1"	"5 908 594 000 000"
"Объем выполненных строительных работ (услуг)(Тысяч тенге казахских)"	"2020 год"	"202012"	"КАЗТАЛОВСКИЙ РАЙОН"	"6618"	"Всего"	"1"	"Всего"	"1"	"Всего"	"1"	"7 077 477 000 000"
"Объем выполненных строительных работ (услуг)(Тысяч тенге казахских)"	"2021 год"	"202112"	"КАЗТАЛОВСКИЙ РАЙОН"	"6618"	"Всего"	"1"	"Всего"	"1"	"Всего"	"1"	"7 347 535 000 000"
"Объем выполненных строительных работ (услуг)(Тысяч тенге казахских)"	"2022 год"	"202212"	"КАЗТАЛОВСКИЙ РАЙОН"	"6618"	"Всего"	"1"	"Всего"	"1"	"Всего"	"1"	"12 945 150 000 000"
"Объем выполненных строительных работ (услуг)(Тысяч тенге казахских)"	"2017 год"	"201712"	"КАЗТАЛОВСКИЙ РАЙОН"	"6618"	"основной вид деятельности"	"2"	"Всего"	"1"	"Всего"	"1"	"3 141 147 000 000"
"Объем выполненных строительных работ (услуг)(Тысяч тенге казахских)"	"2016 год"	"201612"	"КАЗТАЛОВСКИЙ РАЙОН"	"6618"	"основной вид деятельности"	"2"	"Всего"	"1"	"Всего"	"1"	"3 989 397 000 000"
"Объем выполненных строительных работ (услуг)(Тысяч тенге казахских)"	"2018 год"	"201812"	"КАЗТАЛОВСКИЙ РАЙОН"	"6618"	"основной вид деятельности"	"2"	"Всего"	"1"	"Всего"	"1"	"3 637 666 000 000"
"Объем выполненных строительных работ (услуг)(Тысяч тенге казахских)"	"2019 год"	"201912"	"КАЗТАЛОВСКИЙ РАЙОН"	"6618"	"основной вид деятельности"	"2"	"Всего"	"1"	"Всего"	"1"	"5 670 592 000 000"
"Объем выполненных строительных работ (услуг)(Тысяч тенге казахских)"	"2020 год"	"202012"	"КАЗТАЛОВСКИЙ РАЙОН"	"6618"	"основной вид деятельности"	"2"	"Всего"	"1"	"Всего"	"1"	"6 502 129 000 000"
"Объем выполненных строительных работ (услуг)(Тысяч тенге казахских)"	"2021 год"	"202112"	"КАЗТАЛОВСКИЙ РАЙОН"	"6618"	"основной вид деятельности"	"2"	"Всего"	"1"	"Всего"	"1"	"7 325 298 000 000"
"Объем выполненных строительных работ (услуг)(Тысяч тенге казахских)"	"2022 год"	"202212"	"КАЗТАЛОВСКИЙ РАЙОН"	"6618"	"основной вид деятельности"	"2"	"Всего"	"1"	"Всего"	"1"	"12 945 150 000 000"
"Объем выполненных строительных работ (услуг)(Тысяч тенге казахских)"	"2017 год"	"201712"	"КАЗТАЛОВСКИЙ РАЙОН"	"6618"	"вторичный вид деятельности"	"3"	"Всего"	"1"	"Всего"	"1"	"938 679 000 000"
"Объем выполненных строительных работ (услуг)(Тысяч тенге казахских)"	"2016 год"	"201612"	"КАЗТАЛОВСКИЙ РАЙОН"	"6618"	"вторичный вид деятельности"	"3"	"Всего"	"1"	"Всего"	"1"	"492 899 000 000"
"Объем выполненных строительных работ (услуг)(Тысяч тенге казахских)"	"2018 год"	"201812"	"КАЗТАЛОВСКИЙ РАЙОН"	"6618"	"вторичный вид деятельности"	"3"	"Всего"	"1"	"Всего"	"1"	"27 384 000 000"
"Объем выполненных строительных работ (услуг)(Тысяч тенге казахских)"	"2019 год"	"201912"	"КАЗТАЛОВСКИЙ РАЙОН"	"6618"	"вторичный вид деятельности"	"3"	"Всего"	"1"	"Всего"	"1"	"238 002 000 000"
"Объем выполненных строительных работ (услуг)(Тысяч тенге казахских)"	"2020 год"	"202012"	"КАЗТАЛОВСКИЙ РАЙОН"	"6618"	"вторичный вид деятельности"	"3"	"Всего"	"1"	"Всего"	"1"	"575 348 000 000"
"Объем выполненных строительных работ (услуг)(Тысяч тенге казахских)"	"2021 год"	"202112"	"КАЗТАЛОВСКИЙ РАЙОН"	"6618"	"вторичный вид деятельности"	"3"	"Всего"	"1"	"Всего"	"1"	"22 237 000 000"
"Объем выполненных строительных работ (услуг)(Тысяч тенге казахских)"	"2017 год"	"201712"	"КАРАТОБИНСКИЙ РАЙОН"	"7075"	"Всего"	"1"	"Всего"	"1"	"Всего"	"1"	"879 768 000 000"
"Объем выполненных строительных работ (услуг)(Тысяч тенге казахских)"	"2016 год"	"201612"	"КАРАТОБИНСКИЙ РАЙОН"	"7075"	"Всего"	"1"	"Всего"	"1"	"Всего"	"1"	"470 193 000 000"
"Объем выполненных строительных работ (услуг)(Тысяч тенге казахских)"	"2018 год"	"201812"	"КАРАТОБИНСКИЙ РАЙОН"	"7075"	"Всего"	"1"	"Всего"	"1"	"Всего"	"1"	"230 496 000 000"
"Объем выполненных строительных работ (услуг)(Тысяч тенге казахских)"	"2019 год"	"201912"	"КАРАТОБИНСКИЙ РАЙОН"	"7075"	"Всего"	"1"	"Всего"	"1"	"Всего"	"1"	"876 505 000 000"
"Объем выполненных строительных работ (услуг)(Тысяч тенге казахских)"	"2020 год"	"202012"	"КАРАТОБИНСКИЙ РАЙОН"	"7075"	"Всего"	"1"	"Всего"	"1"	"Всего"	"1"	"1 321 386 000 000"
"Объем выполненных строительных работ (услуг)(Тысяч тенге казахских)"	"2021 год"	"202112"	"КАРАТОБИНСКИЙ РАЙОН"	"7075"	"Всего"	"1"	"Всего"	"1"	"Всего"	"1"	"1 346 831 000 000"
"Объем выполненных строительных работ (услуг)(Тысяч тенге казахских)"	"2022 год"	"202212"	"КАРАТОБИНСКИЙ РАЙОН"	"7075"	"Всего"	"1"	"Всего"	"1"	"Всего"	"1"	"1 070 051 000 000"
"Объем выполненных строительных работ (услуг)(Тысяч тенге казахских)"	"2017 год"	"201712"	"КАРАТОБИНСКИЙ РАЙОН"	"7075"	"основной вид деятельности"	"2"	"Всего"	"1"	"Всего"	"1"	"879 768 000 000"
"Объем выполненных строительных работ (услуг)(Тысяч тенге казахских)"	"2016 год"	"201612"	"КАРАТОБИНСКИЙ РАЙОН"	"7075"	"основной вид деятельности"	"2"	"Всего"	"1"	"Всего"	"1"	"470 193 000 000"
"Объем выполненных строительных работ (услуг)(Тысяч тенге казахских)"	"2018 год"	"201812"	"КАРАТОБИНСКИЙ РАЙОН"	"7075"	"основной вид деятельности"	"2"	"Всего"	"1"	"Всего"	"1"	"230 496 000 000"
"Объем выполненных строительных работ (услуг)(Тысяч тенге казахских)"	"2019 год"	"201912"	"КАРАТОБИНСКИЙ РАЙОН"	"7075"	"основной вид деятельности"	"2"	"Всего"	"1"	"Всего"	"1"	"589 861 000 000"
"Объем выполненных строительных работ (услуг)(Тысяч тенге казахских)"	"2020 год"	"202012"	"КАРАТОБИНСКИЙ РАЙОН"	"7075"	"основной вид деятельности"	"2"	"Всего"	"1"	"Всего"	"1"	"1 261 863 000 000"
"Объем выполненных строительных работ (услуг)(Тысяч тенге казахских)"	"2021 год"	"202112"	"КАРАТОБИНСКИЙ РАЙОН"	"7075"	"основной вид деятельности"	"2"	"Всего"	"1"	"Всего"	"1"	"1 344 137 000 000"
"Объем выполненных строительных работ (услуг)(Тысяч тенге казахских)"	"2022 год"	"202212"	"КАРАТОБИНСКИЙ РАЙОН"	"7075"	"основной вид деятельности"	"2"	"Всего"	"1"	"Всего"	"1"	"1 070 051 000 000"
"Объем выполненных строительных работ (услуг)(Тысяч тенге казахских)"	"2019 год"	"201912"	"КАРАТОБИНСКИЙ РАЙОН"	"7075"	"вторичный вид деятельности"	"3"	"Всего"	"1"	"Всего"	"1"	"286 644 000 000"
"Объем выполненных строительных работ (услуг)(Тысяч тенге казахских)"	"2020 год"	"202012"	"КАРАТОБИНСКИЙ РАЙОН"	"7075"	"вторичный вид деятельности"	"3"	"Всего"	"1"	"Всего"	"1"	"59 523 000 000"
"Объем выполненных строительных работ (услуг)(Тысяч тенге казахских)"	"2021 год"	"202112"	"КАРАТОБИНСКИЙ РАЙОН"	"7075"	"вторичный вид деятельности"	"3"	"Всего"	"1"	"Всего"	"1"	"2 694 000 000"
"Объем выполненных строительных работ (услуг)(Тысяч тенге казахских)"	"2017 год"	"201712"	"БОКЕЙОРДИНСКИЙ РАЙОН"	"7222"	"Всего"	"1"	"Всего"	"1"	"Всего"	"1"	"1 548 629 000 000"
"Объем выполненных строительных работ (услуг)(Тысяч тенге казахских)"	"2016 год"	"201612"	"БОКЕЙОРДИНСКИЙ РАЙОН"	"7222"	"Всего"	"1"	"Всего"	"1"	"Всего"	"1"	"227 851 000 000"
"Объем выполненных строительных работ (услуг)(Тысяч тенге казахских)"	"2018 год"	"201812"	"БОКЕЙОРДИНСКИЙ РАЙОН"	"7222"	"Всего"	"1"	"Всего"	"1"	"Всего"	"1"	"1 466 058 000 000"
"Объем выполненных строительных работ (услуг)(Тысяч тенге казахских)"	"2019 год"	"201912"	"БОКЕЙОРДИНСКИЙ РАЙОН"	"7222"	"Всего"	"1"	"Всего"	"1"	"Всего"	"1"	"1 373 390 000 000"
"Объем выполненных строительных работ (услуг)(Тысяч тенге казахских)"	"2020 год"	"202012"	"БОКЕЙОРДИНСКИЙ РАЙОН"	"7222"	"Всего"	"1"	"Всего"	"1"	"Всего"	"1"	"1 919 895 000 000"
"Объем выполненных строительных работ (услуг)(Тысяч тенге казахских)"	"2021 год"	"202112"	"БОКЕЙОРДИНСКИЙ РАЙОН"	"7222"	"Всего"	"1"	"Всего"	"1"	"Всего"	"1"	"3 797 428 000 000"
"Объем выполненных строительных работ (услуг)(Тысяч тенге казахских)"	"2022 год"	"202212"	"БОКЕЙОРДИНСКИЙ РАЙОН"	"7222"	"Всего"	"1"	"Всего"	"1"	"Всего"	"1"	"4 782 172 000 000"
"Объем выполненных строительных работ (услуг)(Тысяч тенге казахских)"	"2017 год"	"201712"	"БОКЕЙОРДИНСКИЙ РАЙОН"	"7222"	"основной вид деятельности"	"2"	"Всего"	"1"	"Всего"	"1"	"1 548 629 000 000"
"Объем выполненных строительных работ (услуг)(Тысяч тенге казахских)"	"2016 год"	"201612"	"БОКЕЙОРДИНСКИЙ РАЙОН"	"7222"	"основной вид деятельности"	"2"	"Всего"	"1"	"Всего"	"1"	"222 017 000 000"
"Объем выполненных строительных работ (услуг)(Тысяч тенге казахских)"	"2018 год"	"201812"	"БОКЕЙОРДИНСКИЙ РАЙОН"	"7222"	"основной вид деятельности"	"2"	"Всего"	"1"	"Всего"	"1"	"1 442 808 000 000"
"Объем выполненных строительных работ (услуг)(Тысяч тенге казахских)"	"2019 год"	"201912"	"БОКЕЙОРДИНСКИЙ РАЙОН"	"7222"	"основной вид деятельности"	"2"	"Всего"	"1"	"Всего"	"1"	"1 159 829 000 000"
"Объем выполненных строительных работ (услуг)(Тысяч тенге казахских)"	"2020 год"	"202012"	"БОКЕЙОРДИНСКИЙ РАЙОН"	"7222"	"основной вид деятельности"	"2"	"Всего"	"1"	"Всего"	"1"	"1 919 895 000 000"
"Объем выполненных строительных работ (услуг)(Тысяч тенге казахских)"	"2021 год"	"202112"	"БОКЕЙОРДИНСКИЙ РАЙОН"	"7222"	"основной вид деятельности"	"2"	"Всего"	"1"	"Всего"	"1"	"3 797 428 000 000"
"Объем выполненных строительных работ (услуг)(Тысяч тенге казахских)"	"2022 год"	"202212"	"БОКЕЙОРДИНСКИЙ РАЙОН"	"7222"	"основной вид деятельности"	"2"	"Всего"	"1"	"Всего"	"1"	"4 782 172 000 000"
"Объем выполненных строительных работ (услуг)(Тысяч тенге казахских)"	"2016 год"	"201612"	"БОКЕЙОРДИНСКИЙ РАЙОН"	"7222"	"вторичный вид деятельности"	"3"	"Всего"	"1"	"Всего"	"1"	"5 834 000 000"
"Объем выполненных строительных работ (услуг)(Тысяч тенге казахских)"	"2018 год"	"201812"	"БОКЕЙОРДИНСКИЙ РАЙОН"	"7222"	"вторичный вид деятельности"	"3"	"Всего"	"1"	"Всего"	"1"	"23 250 000 000"
"Объем выполненных строительных работ (услуг)(Тысяч тенге казахских)"	"2019 год"	"201912"	"БОКЕЙОРДИНСКИЙ РАЙОН"	"7222"	"вторичный вид деятельности"	"3"	"Всего"	"1"	"Всего"	"1"	"213 561 000 000"
"Объем выполненных строительных работ (услуг)(Тысяч тенге казахских)"	"2017 год"	"201712"	"СЫРЫМСКИЙ РАЙОН"	"7726"	"Всего"	"1"	"Всего"	"1"	"Всего"	"1"	"1 732 215 000 000"
"Объем выполненных строительных работ (услуг)(Тысяч тенге казахских)"	"2016 год"	"201612"	"СЫРЫМСКИЙ РАЙОН"	"7726"	"Всего"	"1"	"Всего"	"1"	"Всего"	"1"	"2 313 348 000 000"
"Объем выполненных строительных работ (услуг)(Тысяч тенге казахских)"	"2018 год"	"201812"	"СЫРЫМСКИЙ РАЙОН"	"7726"	"Всего"	"1"	"Всего"	"1"	"Всего"	"1"	"841 010 000 000"
"Объем выполненных строительных работ (услуг)(Тысяч тенге казахских)"	"2019 год"	"201912"	"СЫРЫМСКИЙ РАЙОН"	"7726"	"Всего"	"1"	"Всего"	"1"	"Всего"	"1"	"2 559 837 000 000"
"Объем выполненных строительных работ (услуг)(Тысяч тенге казахских)"	"2020 год"	"202012"	"СЫРЫМСКИЙ РАЙОН"	"7726"	"Всего"	"1"	"Всего"	"1"	"Всего"	"1"	"5 514 169 000 000"
"Объем выполненных строительных работ (услуг)(Тысяч тенге казахских)"	"2021 год"	"202112"	"СЫРЫМСКИЙ РАЙОН"	"7726"	"Всего"	"1"	"Всего"	"1"	"Всего"	"1"	"1 384 169 000 000"
"Объем выполненных строительных работ (услуг)(Тысяч тенге казахских)"	"2022 год"	"202212"	"СЫРЫМСКИЙ РАЙОН"	"7726"	"Всего"	"1"	"Всего"	"1"	"Всего"	"1"	"1 832 521 000 000"
"Объем выполненных строительных работ (услуг)(Тысяч тенге казахских)"	"2017 год"	"201712"	"СЫРЫМСКИЙ РАЙОН"	"7726"	"основной вид деятельности"	"2"	"Всего"	"1"	"Всего"	"1"	"1 601 974 000 000"
"Объем выполненных строительных работ (услуг)(Тысяч тенге казахских)"	"2016 год"	"201612"	"СЫРЫМСКИЙ РАЙОН"	"7726"	"основной вид деятельности"	"2"	"Всего"	"1"	"Всего"	"1"	"2 304 627 000 000"
"Объем выполненных строительных работ (услуг)(Тысяч тенге казахских)"	"2018 год"	"201812"	"СЫРЫМСКИЙ РАЙОН"	"7726"	"основной вид деятельности"	"2"	"Всего"	"1"	"Всего"	"1"	"752 849 000 000"
"Объем выполненных строительных работ (услуг)(Тысяч тенге казахских)"	"2019 год"	"201912"	"СЫРЫМСКИЙ РАЙОН"	"7726"	"основной вид деятельности"	"2"	"Всего"	"1"	"Всего"	"1"	"2 013 382 000 000"
"Объем выполненных строительных работ (услуг)(Тысяч тенге казахских)"	"2020 год"	"202012"	"СЫРЫМСКИЙ РАЙОН"	"7726"	"основной вид деятельности"	"2"	"Всего"	"1"	"Всего"	"1"	"5 514 169 000 000"
"Объем выполненных строительных работ (услуг)(Тысяч тенге казахских)"	"2021 год"	"202112"	"СЫРЫМСКИЙ РАЙОН"	"7726"	"основной вид деятельности"	"2"	"Всего"	"1"	"Всего"	"1"	"1 384 169 000 000"
"Объем выполненных строительных работ (услуг)(Тысяч тенге казахских)"	"2022 год"	"202212"	"СЫРЫМСКИЙ РАЙОН"	"7726"	"основной вид деятельности"	"2"	"Всего"	"1"	"Всего"	"1"	"1 832 521 000 000"
"Объем выполненных строительных работ (услуг)(Тысяч тенге казахских)"	"2017 год"	"201712"	"СЫРЫМСКИЙ РАЙОН"	"7726"	"вторичный вид деятельности"	"3"	"Всего"	"1"	"Всего"	"1"	"130 241 000 000"
"Объем выполненных строительных работ (услуг)(Тысяч тенге казахских)"	"2016 год"	"201612"	"СЫРЫМСКИЙ РАЙОН"	"7726"	"вторичный вид деятельности"	"3"	"Всего"	"1"	"Всего"	"1"	"8 721 000 000"
"Объем выполненных строительных работ (услуг)(Тысяч тенге казахских)"	"2018 год"	"201812"	"СЫРЫМСКИЙ РАЙОН"	"7726"	"вторичный вид деятельности"	"3"	"Всего"	"1"	"Всего"	"1"	"88 161 000 000"
"Объем выполненных строительных работ (услуг)(Тысяч тенге казахских)"	"2019 год"	"201912"	"СЫРЫМСКИЙ РАЙОН"	"7726"	"вторичный вид деятельности"	"3"	"Всего"	"1"	"Всего"	"1"	"546 455 000 000"
"Объем выполненных строительных работ (услуг)(Тысяч тенге казахских)"	"2017 год"	"201712"	"ТАСКАЛИНСКИЙ РАЙОН"	"7882"	"Всего"	"1"	"Всего"	"1"	"Всего"	"1"	"8 158 826 000 000"
"Объем выполненных строительных работ (услуг)(Тысяч тенге казахских)"	"2016 год"	"201612"	"ТАСКАЛИНСКИЙ РАЙОН"	"7882"	"Всего"	"1"	"Всего"	"1"	"Всего"	"1"	"1 255 444 000 000"
"Объем выполненных строительных работ (услуг)(Тысяч тенге казахских)"	"2018 год"	"201812"	"ТАСКАЛИНСКИЙ РАЙОН"	"7882"	"Всего"	"1"	"Всего"	"1"	"Всего"	"1"	"12 841 425 000 000"
"Объем выполненных строительных работ (услуг)(Тысяч тенге казахских)"	"2019 год"	"201912"	"ТАСКАЛИНСКИЙ РАЙОН"	"7882"	"Всего"	"1"	"Всего"	"1"	"Всего"	"1"	"3 047 648 000 000"
"Объем выполненных строительных работ (услуг)(Тысяч тенге казахских)"	"2020 год"	"202012"	"ТАСКАЛИНСКИЙ РАЙОН"	"7882"	"Всего"	"1"	"Всего"	"1"	"Всего"	"1"	"4 962 382 000 000"
"Объем выполненных строительных работ (услуг)(Тысяч тенге казахских)"	"2021 год"	"202112"	"ТАСКАЛИНСКИЙ РАЙОН"	"7882"	"Всего"	"1"	"Всего"	"1"	"Всего"	"1"	"1 204 972 000 000"
"Объем выполненных строительных работ (услуг)(Тысяч тенге казахских)"	"2022 год"	"202212"	"ТАСКАЛИНСКИЙ РАЙОН"	"7882"	"Всего"	"1"	"Всего"	"1"	"Всего"	"1"	"1 424 723 000 000"
"Объем выполненных строительных работ (услуг)(Тысяч тенге казахских)"	"2017 год"	"201712"	"ТАСКАЛИНСКИЙ РАЙОН"	"7882"	"основной вид деятельности"	"2"	"Всего"	"1"	"Всего"	"1"	"7 895 073 000 000"
"Объем выполненных строительных работ (услуг)(Тысяч тенге казахских)"	"2016 год"	"201612"	"ТАСКАЛИНСКИЙ РАЙОН"	"7882"	"основной вид деятельности"	"2"	"Всего"	"1"	"Всего"	"1"	"1 252 165 000 000"
"Объем выполненных строительных работ (услуг)(Тысяч тенге казахских)"	"2018 год"	"201812"	"ТАСКАЛИНСКИЙ РАЙОН"	"7882"	"основной вид деятельности"	"2"	"Всего"	"1"	"Всего"	"1"	"12 368 933 000 000"
"Объем выполненных строительных работ (услуг)(Тысяч тенге казахских)"	"2019 год"	"201912"	"ТАСКАЛИНСКИЙ РАЙОН"	"7882"	"основной вид деятельности"	"2"	"Всего"	"1"	"Всего"	"1"	"3 034 786 000 000"
"Объем выполненных строительных работ (услуг)(Тысяч тенге казахских)"	"2020 год"	"202012"	"ТАСКАЛИНСКИЙ РАЙОН"	"7882"	"основной вид деятельности"	"2"	"Всего"	"1"	"Всего"	"1"	"4 958 225 000 000"
"Объем выполненных строительных работ (услуг)(Тысяч тенге казахских)"	"2021 год"	"202112"	"ТАСКАЛИНСКИЙ РАЙОН"	"7882"	"основной вид деятельности"	"2"	"Всего"	"1"	"Всего"	"1"	"1 204 972 000 000"
"Объем выполненных строительных работ (услуг)(Тысяч тенге казахских)"	"2022 год"	"202212"	"ТАСКАЛИНСКИЙ РАЙОН"	"7882"	"основной вид деятельности"	"2"	"Всего"	"1"	"Всего"	"1"	"1 331 123 000 000"
"Объем выполненных строительных работ (услуг)(Тысяч тенге казахских)"	"2017 год"	"201712"	"ТАСКАЛИНСКИЙ РАЙОН"	"7882"	"вторичный вид деятельности"	"3"	"Всего"	"1"	"Всего"	"1"	"263 753 000 000"
"Объем выполненных строительных работ (услуг)(Тысяч тенге казахских)"	"2016 год"	"201612"	"ТАСКАЛИНСКИЙ РАЙОН"	"7882"	"вторичный вид деятельности"	"3"	"Всего"	"1"	"Всего"	"1"	"3 279 000 000"
"Объем выполненных строительных работ (услуг)(Тысяч тенге казахских)"	"2018 год"	"201812"	"ТАСКАЛИНСКИЙ РАЙОН"	"7882"	"вторичный вид деятельности"	"3"	"Всего"	"1"	"Всего"	"1"	"472 492 000 000"
"Объем выполненных строительных работ (услуг)(Тысяч тенге казахских)"	"2019 год"	"201912"	"ТАСКАЛИНСКИЙ РАЙОН"	"7882"	"вторичный вид деятельности"	"3"	"Всего"	"1"	"Всего"	"1"	"12 862 000 000"
"Объем выполненных строительных работ (услуг)(Тысяч тенге казахских)"	"2020 год"	"202012"	"ТАСКАЛИНСКИЙ РАЙОН"	"7882"	"вторичный вид деятельности"	"3"	"Всего"	"1"	"Всего"	"1"	"4 157 000 000"
"Объем выполненных строительных работ (услуг)(Тысяч тенге казахских)"	"2022 год"	"202212"	"ТАСКАЛИНСКИЙ РАЙОН"	"7882"	"вторичный вид деятельности"	"3"	"Всего"	"1"	"Всего"	"1"	"93 600 000 000"
"Объем выполненных строительных работ (услуг)(Тысяч тенге казахских)"	"2017 год"	"201712"	"ТЕРЕКТИНСКИЙ РАЙОН"	"8001"	"Всего"	"1"	"Всего"	"1"	"Всего"	"1"	"2 355 135 000 000"
"Объем выполненных строительных работ (услуг)(Тысяч тенге казахских)"	"2016 год"	"201612"	"ТЕРЕКТИНСКИЙ РАЙОН"	"8001"	"Всего"	"1"	"Всего"	"1"	"Всего"	"1"	"1 339 951 000 000"
"Объем выполненных строительных работ (услуг)(Тысяч тенге казахских)"	"2018 год"	"201812"	"ТЕРЕКТИНСКИЙ РАЙОН"	"8001"	"Всего"	"1"	"Всего"	"1"	"Всего"	"1"	"2 972 725 000 000"
"Объем выполненных строительных работ (услуг)(Тысяч тенге казахских)"	"2019 год"	"201912"	"ТЕРЕКТИНСКИЙ РАЙОН"	"8001"	"Всего"	"1"	"Всего"	"1"	"Всего"	"1"	"4 519 014 000 000"
"Объем выполненных строительных работ (услуг)(Тысяч тенге казахских)"	"2020 год"	"202012"	"ТЕРЕКТИНСКИЙ РАЙОН"	"8001"	"Всего"	"1"	"Всего"	"1"	"Всего"	"1"	"5 677 135 000 000"
"Объем выполненных строительных работ (услуг)(Тысяч тенге казахских)"	"2021 год"	"202112"	"ТЕРЕКТИНСКИЙ РАЙОН"	"8001"	"Всего"	"1"	"Всего"	"1"	"Всего"	"1"	"6 658 271 000 000"
"Объем выполненных строительных работ (услуг)(Тысяч тенге казахских)"	"2022 год"	"202212"	"ТЕРЕКТИНСКИЙ РАЙОН"	"8001"	"Всего"	"1"	"Всего"	"1"	"Всего"	"1"	"6 165 748 000 000"
"Объем выполненных строительных работ (услуг)(Тысяч тенге казахских)"	"2017 год"	"201712"	"ТЕРЕКТИНСКИЙ РАЙОН"	"8001"	"основной вид деятельности"	"2"	"Всего"	"1"	"Всего"	"1"	"2 355 135 000 000"
"Объем выполненных строительных работ (услуг)(Тысяч тенге казахских)"	"2016 год"	"201612"	"ТЕРЕКТИНСКИЙ РАЙОН"	"8001"	"основной вид деятельности"	"2"	"Всего"	"1"	"Всего"	"1"	"716 718 000 000"
"Объем выполненных строительных работ (услуг)(Тысяч тенге казахских)"	"2018 год"	"201812"	"ТЕРЕКТИНСКИЙ РАЙОН"	"8001"	"основной вид деятельности"	"2"	"Всего"	"1"	"Всего"	"1"	"2 971 925 000 000"
"Объем выполненных строительных работ (услуг)(Тысяч тенге казахских)"	"2019 год"	"201912"	"ТЕРЕКТИНСКИЙ РАЙОН"	"8001"	"основной вид деятельности"	"2"	"Всего"	"1"	"Всего"	"1"	"4 428 163 000 000"
"Объем выполненных строительных работ (услуг)(Тысяч тенге казахских)"	"2020 год"	"202012"	"ТЕРЕКТИНСКИЙ РАЙОН"	"8001"	"основной вид деятельности"	"2"	"Всего"	"1"	"Всего"	"1"	"5 596 378 000 000"
"Объем выполненных строительных работ (услуг)(Тысяч тенге казахских)"	"2021 год"	"202112"	"ТЕРЕКТИНСКИЙ РАЙОН"	"8001"	"основной вид деятельности"	"2"	"Всего"	"1"	"Всего"	"1"	"6 611 990 000 000"
"Объем выполненных строительных работ (услуг)(Тысяч тенге казахских)"	"2022 год"	"202212"	"ТЕРЕКТИНСКИЙ РАЙОН"	"8001"	"основной вид деятельности"	"2"	"Всего"	"1"	"Всего"	"1"	"5 628 717 000 000"
"Объем выполненных строительных работ (услуг)(Тысяч тенге казахских)"	"2016 год"	"201612"	"ТЕРЕКТИНСКИЙ РАЙОН"	"8001"	"вторичный вид деятельности"	"3"	"Всего"	"1"	"Всего"	"1"	"623 233 000 000"
"Объем выполненных строительных работ (услуг)(Тысяч тенге казахских)"	"2018 год"	"201812"	"ТЕРЕКТИНСКИЙ РАЙОН"	"8001"	"вторичный вид деятельности"	"3"	"Всего"	"1"	"Всего"	"1"	"800 000 000"
"Объем выполненных строительных работ (услуг)(Тысяч тенге казахских)"	"2019 год"	"201912"	"ТЕРЕКТИНСКИЙ РАЙОН"	"8001"	"вторичный вид деятельности"	"3"	"Всего"	"1"	"Всего"	"1"	"90 851 000 000"
"Объем выполненных строительных работ (услуг)(Тысяч тенге казахских)"	"2020 год"	"202012"	"ТЕРЕКТИНСКИЙ РАЙОН"	"8001"	"вторичный вид деятельности"	"3"	"Всего"	"1"	"Всего"	"1"	"80 757 000 000"
"Объем выполненных строительных работ (услуг)(Тысяч тенге казахских)"	"2021 год"	"202112"	"ТЕРЕКТИНСКИЙ РАЙОН"	"8001"	"вторичный вид деятельности"	"3"	"Всего"	"1"	"Всего"	"1"	"46 281 000 000"
"Объем выполненных строительных работ (услуг)(Тысяч тенге казахских)"	"2022 год"	"202212"	"ТЕРЕКТИНСКИЙ РАЙОН"	"8001"	"вторичный вид деятельности"	"3"	"Всего"	"1"	"Всего"	"1"	"537 031 000 000"
"Объем выполненных строительных работ (услуг)(Тысяч тенге казахских)"	"2017 год"	"201712"	"ЧИНГИРЛАУСКИЙ РАЙОН"	"8090"	"Всего"	"1"	"Всего"	"1"	"Всего"	"1"	"914 499 000 000"
"Объем выполненных строительных работ (услуг)(Тысяч тенге казахских)"	"2016 год"	"201612"	"ЧИНГИРЛАУСКИЙ РАЙОН"	"8090"	"Всего"	"1"	"Всего"	"1"	"Всего"	"1"	"654 230 000 000"
"Объем выполненных строительных работ (услуг)(Тысяч тенге казахских)"	"2018 год"	"201812"	"ЧИНГИРЛАУСКИЙ РАЙОН"	"8090"	"Всего"	"1"	"Всего"	"1"	"Всего"	"1"	"1 437 860 000 000"
"Объем выполненных строительных работ (услуг)(Тысяч тенге казахских)"	"2019 год"	"201912"	"ЧИНГИРЛАУСКИЙ РАЙОН"	"8090"	"Всего"	"1"	"Всего"	"1"	"Всего"	"1"	"2 509 860 000 000"
"Объем выполненных строительных работ (услуг)(Тысяч тенге казахских)"	"2020 год"	"202012"	"ЧИНГИРЛАУСКИЙ РАЙОН"	"8090"	"Всего"	"1"	"Всего"	"1"	"Всего"	"1"	"1 556 733 000 000"
"Объем выполненных строительных работ (услуг)(Тысяч тенге казахских)"	"2021 год"	"202112"	"ЧИНГИРЛАУСКИЙ РАЙОН"	"8090"	"Всего"	"1"	"Всего"	"1"	"Всего"	"1"	"1 596 347 000 000"
"Объем выполненных строительных работ (услуг)(Тысяч тенге казахских)"	"2022 год"	"202212"	"ЧИНГИРЛАУСКИЙ РАЙОН"	"8090"	"Всего"	"1"	"Всего"	"1"	"Всего"	"1"	"2 050 850 000 000"
"Объем выполненных строительных работ (услуг)(Тысяч тенге казахских)"	"2017 год"	"201712"	"ЧИНГИРЛАУСКИЙ РАЙОН"	"8090"	"основной вид деятельности"	"2"	"Всего"	"1"	"Всего"	"1"	"914 499 000 000"
"Объем выполненных строительных работ (услуг)(Тысяч тенге казахских)"	"2016 год"	"201612"	"ЧИНГИРЛАУСКИЙ РАЙОН"	"8090"	"основной вид деятельности"	"2"	"Всего"	"1"	"Всего"	"1"	"649 062 000 000"
"Объем выполненных строительных работ (услуг)(Тысяч тенге казахских)"	"2018 год"	"201812"	"ЧИНГИРЛАУСКИЙ РАЙОН"	"8090"	"основной вид деятельности"	"2"	"Всего"	"1"	"Всего"	"1"	"1 437 860 000 000"
"Объем выполненных строительных работ (услуг)(Тысяч тенге казахских)"	"2019 год"	"201912"	"ЧИНГИРЛАУСКИЙ РАЙОН"	"8090"	"основной вид деятельности"	"2"	"Всего"	"1"	"Всего"	"1"	"2 491 718 000 000"
"Объем выполненных строительных работ (услуг)(Тысяч тенге казахских)"	"2020 год"	"202012"	"ЧИНГИРЛАУСКИЙ РАЙОН"	"8090"	"основной вид деятельности"	"2"	"Всего"	"1"	"Всего"	"1"	"1 463 820 000 000"
"Объем выполненных строительных работ (услуг)(Тысяч тенге казахских)"	"2021 год"	"202112"	"ЧИНГИРЛАУСКИЙ РАЙОН"	"8090"	"основной вид деятельности"	"2"	"Всего"	"1"	"Всего"	"1"	"1 317 510 000 000"
"Объем выполненных строительных работ (услуг)(Тысяч тенге казахских)"	"2022 год"	"202212"	"ЧИНГИРЛАУСКИЙ РАЙОН"	"8090"	"основной вид деятельности"	"2"	"Всего"	"1"	"Всего"	"1"	"2 050 850 000 000"
"Объем выполненных строительных работ (услуг)(Тысяч тенге казахских)"	"2016 год"	"201612"	"ЧИНГИРЛАУСКИЙ РАЙОН"	"8090"	"вторичный вид деятельности"	"3"	"Всего"	"1"	"Всего"	"1"	"5 168 000 000"
"Объем выполненных строительных работ (услуг)(Тысяч тенге казахских)"	"2019 год"	"201912"	"ЧИНГИРЛАУСКИЙ РАЙОН"	"8090"	"вторичный вид деятельности"	"3"	"Всего"	"1"	"Всего"	"1"	"18 142 000 000"
"Объем выполненных строительных работ (услуг)(Тысяч тенге казахских)"	"2020 год"	"202012"	"ЧИНГИРЛАУСКИЙ РАЙОН"	"8090"	"вторичный вид деятельности"	"3"	"Всего"	"1"	"Всего"	"1"	"92 913 000 000"
"Объем выполненных строительных работ (услуг)(Тысяч тенге казахских)"	"2021 год"	"202112"	"ЧИНГИРЛАУСКИЙ РАЙОН"	"8090"	"вторичный вид деятельности"	"3"	"Всего"	"1"	"Всего"	"1"	"278 837 000 000"
"Объем выполненных строительных работ (услуг)(Тысяч тенге казахских)"	"2017 год"	"201712"	"ЖАМБЫЛСКАЯ ОБЛАСТЬ"	"8162"	"Всего"	"1"	"Всего"	"1"	"Всего"	"1"	"112 527 208 000 000"
"Объем выполненных строительных работ (услуг)(Тысяч тенге казахских)"	"2016 год"	"201612"	"ЖАМБЫЛСКАЯ ОБЛАСТЬ"	"8162"	"Всего"	"1"	"Всего"	"1"	"Всего"	"1"	"104 803 145 000 000"
"Объем выполненных строительных работ (услуг)(Тысяч тенге казахских)"	"2018 год"	"201812"	"ЖАМБЫЛСКАЯ ОБЛАСТЬ"	"8162"	"Всего"	"1"	"Всего"	"1"	"Всего"	"1"	"126 236 344 000 000"
"Объем выполненных строительных работ (услуг)(Тысяч тенге казахских)"	"2019 год"	"201912"	"ЖАМБЫЛСКАЯ ОБЛАСТЬ"	"8162"	"Всего"	"1"	"Всего"	"1"	"Всего"	"1"	"141 830 889 000 000"
"Объем выполненных строительных работ (услуг)(Тысяч тенге казахских)"	"2020 год"	"202012"	"ЖАМБЫЛСКАЯ ОБЛАСТЬ"	"8162"	"Всего"	"1"	"Всего"	"1"	"Всего"	"1"	"186 849 383 000 000"
"Объем выполненных строительных работ (услуг)(Тысяч тенге казахских)"	"2021 год"	"202112"	"ЖАМБЫЛСКАЯ ОБЛАСТЬ"	"8162"	"Всего"	"1"	"Всего"	"1"	"Всего"	"1"	"217 885 970 000 000"
"Объем выполненных строительных работ (услуг)(Тысяч тенге казахских)"	"2022 год"	"202212"	"ЖАМБЫЛСКАЯ ОБЛАСТЬ"	"8162"	"Всего"	"1"	"Всего"	"1"	"Всего"	"1"	"229 936 724 000 000"
"Объем выполненных строительных работ (услуг)(Тысяч тенге казахских)"	"2017 год"	"201712"	"ЖАМБЫЛСКАЯ ОБЛАСТЬ"	"8162"	"основной вид деятельности"	"2"	"Всего"	"1"	"Всего"	"1"	"107 484 763 000 000"
"Объем выполненных строительных работ (услуг)(Тысяч тенге казахских)"	"2016 год"	"201612"	"ЖАМБЫЛСКАЯ ОБЛАСТЬ"	"8162"	"основной вид деятельности"	"2"	"Всего"	"1"	"Всего"	"1"	"103 524 993 000 000"
"Объем выполненных строительных работ (услуг)(Тысяч тенге казахских)"	"2018 год"	"201812"	"ЖАМБЫЛСКАЯ ОБЛАСТЬ"	"8162"	"основной вид деятельности"	"2"	"Всего"	"1"	"Всего"	"1"	"112 221 304 000 000"
"Объем выполненных строительных работ (услуг)(Тысяч тенге казахских)"	"2019 год"	"201912"	"ЖАМБЫЛСКАЯ ОБЛАСТЬ"	"8162"	"основной вид деятельности"	"2"	"Всего"	"1"	"Всего"	"1"	"130 133 298 000 000"
"Объем выполненных строительных работ (услуг)(Тысяч тенге казахских)"	"2020 год"	"202012"	"ЖАМБЫЛСКАЯ ОБЛАСТЬ"	"8162"	"основной вид деятельности"	"2"	"Всего"	"1"	"Всего"	"1"	"173 720 938 000 000"
"Объем выполненных строительных работ (услуг)(Тысяч тенге казахских)"	"2021 год"	"202112"	"ЖАМБЫЛСКАЯ ОБЛАСТЬ"	"8162"	"основной вид деятельности"	"2"	"Всего"	"1"	"Всего"	"1"	"197 548 375 000 000"
"Объем выполненных строительных работ (услуг)(Тысяч тенге казахских)"	"2022 год"	"202212"	"ЖАМБЫЛСКАЯ ОБЛАСТЬ"	"8162"	"основной вид деятельности"	"2"	"Всего"	"1"	"Всего"	"1"	"221 255 907 000 000"
"Объем выполненных строительных работ (услуг)(Тысяч тенге казахских)"	"2017 год"	"201712"	"ЖАМБЫЛСКАЯ ОБЛАСТЬ"	"8162"	"вторичный вид деятельности"	"3"	"Всего"	"1"	"Всего"	"1"	"5 042 445 000 000"
"Объем выполненных строительных работ (услуг)(Тысяч тенге казахских)"	"2016 год"	"201612"	"ЖАМБЫЛСКАЯ ОБЛАСТЬ"	"8162"	"вторичный вид деятельности"	"3"	"Всего"	"1"	"Всего"	"1"	"1 278 152 000 000"
"Объем выполненных строительных работ (услуг)(Тысяч тенге казахских)"	"2018 год"	"201812"	"ЖАМБЫЛСКАЯ ОБЛАСТЬ"	"8162"	"вторичный вид деятельности"	"3"	"Всего"	"1"	"Всего"	"1"	"14 015 040 000 000"
"Объем выполненных строительных работ (услуг)(Тысяч тенге казахских)"	"2019 год"	"201912"	"ЖАМБЫЛСКАЯ ОБЛАСТЬ"	"8162"	"вторичный вид деятельности"	"3"	"Всего"	"1"	"Всего"	"1"	"11 697 591 000 000"
"Объем выполненных строительных работ (услуг)(Тысяч тенге казахских)"	"2020 год"	"202012"	"ЖАМБЫЛСКАЯ ОБЛАСТЬ"	"8162"	"вторичный вид деятельности"	"3"	"Всего"	"1"	"Всего"	"1"	"13 128 445 000 000"
"Объем выполненных строительных работ (услуг)(Тысяч тенге казахских)"	"2021 год"	"202112"	"ЖАМБЫЛСКАЯ ОБЛАСТЬ"	"8162"	"вторичный вид деятельности"	"3"	"Всего"	"1"	"Всего"	"1"	"20 337 595 000 000"
"Объем выполненных строительных работ (услуг)(Тысяч тенге казахских)"	"2022 год"	"202212"	"ЖАМБЫЛСКАЯ ОБЛАСТЬ"	"8162"	"вторичный вид деятельности"	"3"	"Всего"	"1"	"Всего"	"1"	"8 680 817 000 000"
"Объем выполненных строительных работ (услуг)(Тысяч тенге казахских)"	"2017 год"	"201712"	"ТАРАЗ Г.А."	"8163"	"Всего"	"1"	"Всего"	"1"	"Всего"	"1"	"36 641 032 000 000"
"Объем выполненных строительных работ (услуг)(Тысяч тенге казахских)"	"2016 год"	"201612"	"ТАРАЗ Г.А."	"8163"	"Всего"	"1"	"Всего"	"1"	"Всего"	"1"	"29 921 439 000 000"
"Объем выполненных строительных работ (услуг)(Тысяч тенге казахских)"	"2018 год"	"201812"	"ТАРАЗ Г.А."	"8163"	"Всего"	"1"	"Всего"	"1"	"Всего"	"1"	"44 934 940 000 000"
"Объем выполненных строительных работ (услуг)(Тысяч тенге казахских)"	"2019 год"	"201912"	"ТАРАЗ Г.А."	"8163"	"Всего"	"1"	"Всего"	"1"	"Всего"	"1"	"49 010 230 000 000"
"Объем выполненных строительных работ (услуг)(Тысяч тенге казахских)"	"2020 год"	"202012"	"ТАРАЗ Г.А."	"8163"	"Всего"	"1"	"Всего"	"1"	"Всего"	"1"	"56 065 451 000 000"
"Объем выполненных строительных работ (услуг)(Тысяч тенге казахских)"	"2021 год"	"202112"	"ТАРАЗ Г.А."	"8163"	"Всего"	"1"	"Всего"	"1"	"Всего"	"1"	"67 880 944 000 000"
"Объем выполненных строительных работ (услуг)(Тысяч тенге казахских)"	"2022 год"	"202212"	"ТАРАЗ Г.А."	"8163"	"Всего"	"1"	"Всего"	"1"	"Всего"	"1"	"66 979 169 000 000"
"Объем выполненных строительных работ (услуг)(Тысяч тенге казахских)"	"2017 год"	"201712"	"ТАРАЗ Г.А."	"8163"	"основной вид деятельности"	"2"	"Всего"	"1"	"Всего"	"1"	"35 391 179 000 000"
"Объем выполненных строительных работ (услуг)(Тысяч тенге казахских)"	"2016 год"	"201612"	"ТАРАЗ Г.А."	"8163"	"основной вид деятельности"	"2"	"Всего"	"1"	"Всего"	"1"	"29 601 552 000 000"
"Объем выполненных строительных работ (услуг)(Тысяч тенге казахских)"	"2018 год"	"201812"	"ТАРАЗ Г.А."	"8163"	"основной вид деятельности"	"2"	"Всего"	"1"	"Всего"	"1"	"43 005 212 000 000"
"Объем выполненных строительных работ (услуг)(Тысяч тенге казахских)"	"2019 год"	"201912"	"ТАРАЗ Г.А."	"8163"	"основной вид деятельности"	"2"	"Всего"	"1"	"Всего"	"1"	"47 140 585 000 000"
"Объем выполненных строительных работ (услуг)(Тысяч тенге казахских)"	"2020 год"	"202012"	"ТАРАЗ Г.А."	"8163"	"основной вид деятельности"	"2"	"Всего"	"1"	"Всего"	"1"	"50 465 945 000 000"
"Объем выполненных строительных работ (услуг)(Тысяч тенге казахских)"	"2021 год"	"202112"	"ТАРАЗ Г.А."	"8163"	"основной вид деятельности"	"2"	"Всего"	"1"	"Всего"	"1"	"60 358 571 000 000"
"Объем выполненных строительных работ (услуг)(Тысяч тенге казахских)"	"2022 год"	"202212"	"ТАРАЗ Г.А."	"8163"	"основной вид деятельности"	"2"	"Всего"	"1"	"Всего"	"1"	"63 923 267 000 000"
"Объем выполненных строительных работ (услуг)(Тысяч тенге казахских)"	"2017 год"	"201712"	"ТАРАЗ Г.А."	"8163"	"вторичный вид деятельности"	"3"	"Всего"	"1"	"Всего"	"1"	"1 249 853 000 000"
"Объем выполненных строительных работ (услуг)(Тысяч тенге казахских)"	"2016 год"	"201612"	"ТАРАЗ Г.А."	"8163"	"вторичный вид деятельности"	"3"	"Всего"	"1"	"Всего"	"1"	"319 887 000 000"
"Объем выполненных строительных работ (услуг)(Тысяч тенге казахских)"	"2018 год"	"201812"	"ТАРАЗ Г.А."	"8163"	"вторичный вид деятельности"	"3"	"Всего"	"1"	"Всего"	"1"	"1 929 728 000 000"
"Объем выполненных строительных работ (услуг)(Тысяч тенге казахских)"	"2019 год"	"201912"	"ТАРАЗ Г.А."	"8163"	"вторичный вид деятельности"	"3"	"Всего"	"1"	"Всего"	"1"	"1 869 645 000 000"
"Объем выполненных строительных работ (услуг)(Тысяч тенге казахских)"	"2020 год"	"202012"	"ТАРАЗ Г.А."	"8163"	"вторичный вид деятельности"	"3"	"Всего"	"1"	"Всего"	"1"	"5 599 506 000 000"
"Объем выполненных строительных работ (услуг)(Тысяч тенге казахских)"	"2021 год"	"202112"	"ТАРАЗ Г.А."	"8163"	"вторичный вид деятельности"	"3"	"Всего"	"1"	"Всего"	"1"	"7 522 373 000 000"
"Объем выполненных строительных работ (услуг)(Тысяч тенге казахских)"	"2022 год"	"202212"	"ТАРАЗ Г.А."	"8163"	"вторичный вид деятельности"	"3"	"Всего"	"1"	"Всего"	"1"	"3 055 902 000 000"
"Объем выполненных строительных работ (услуг)(Тысяч тенге казахских)"	"2017 год"	"201712"	"БАЙЗАКСКИЙ РАЙОН"	"8165"	"Всего"	"1"	"Всего"	"1"	"Всего"	"1"	"4 495 689 000 000"
"Объем выполненных строительных работ (услуг)(Тысяч тенге казахских)"	"2016 год"	"201612"	"БАЙЗАКСКИЙ РАЙОН"	"8165"	"Всего"	"1"	"Всего"	"1"	"Всего"	"1"	"2 231 425 000 000"
"Объем выполненных строительных работ (услуг)(Тысяч тенге казахских)"	"2018 год"	"201812"	"БАЙЗАКСКИЙ РАЙОН"	"8165"	"Всего"	"1"	"Всего"	"1"	"Всего"	"1"	"5 213 458 000 000"
"Объем выполненных строительных работ (услуг)(Тысяч тенге казахских)"	"2019 год"	"201912"	"БАЙЗАКСКИЙ РАЙОН"	"8165"	"Всего"	"1"	"Всего"	"1"	"Всего"	"1"	"5 490 297 000 000"
"Объем выполненных строительных работ (услуг)(Тысяч тенге казахских)"	"2020 год"	"202012"	"БАЙЗАКСКИЙ РАЙОН"	"8165"	"Всего"	"1"	"Всего"	"1"	"Всего"	"1"	"12 544 111 000 000"
"Объем выполненных строительных работ (услуг)(Тысяч тенге казахских)"	"2021 год"	"202112"	"БАЙЗАКСКИЙ РАЙОН"	"8165"	"Всего"	"1"	"Всего"	"1"	"Всего"	"1"	"12 380 520 000 000"
"Объем выполненных строительных работ (услуг)(Тысяч тенге казахских)"	"2022 год"	"202212"	"БАЙЗАКСКИЙ РАЙОН"	"8165"	"Всего"	"1"	"Всего"	"1"	"Всего"	"1"	"15 830 783 000 000"
"Объем выполненных строительных работ (услуг)(Тысяч тенге казахских)"	"2017 год"	"201712"	"БАЙЗАКСКИЙ РАЙОН"	"8165"	"основной вид деятельности"	"2"	"Всего"	"1"	"Всего"	"1"	"4 481 955 000 000"
"Объем выполненных строительных работ (услуг)(Тысяч тенге казахских)"	"2016 год"	"201612"	"БАЙЗАКСКИЙ РАЙОН"	"8165"	"основной вид деятельности"	"2"	"Всего"	"1"	"Всего"	"1"	"2 230 905 000 000"
"Объем выполненных строительных работ (услуг)(Тысяч тенге казахских)"	"2018 год"	"201812"	"БАЙЗАКСКИЙ РАЙОН"	"8165"	"основной вид деятельности"	"2"	"Всего"	"1"	"Всего"	"1"	"5 169 407 000 000"
"Объем выполненных строительных работ (услуг)(Тысяч тенге казахских)"	"2019 год"	"201912"	"БАЙЗАКСКИЙ РАЙОН"	"8165"	"основной вид деятельности"	"2"	"Всего"	"1"	"Всего"	"1"	"4 906 645 000 000"
"Объем выполненных строительных работ (услуг)(Тысяч тенге казахских)"	"2020 год"	"202012"	"БАЙЗАКСКИЙ РАЙОН"	"8165"	"основной вид деятельности"	"2"	"Всего"	"1"	"Всего"	"1"	"11 801 050 000 000"
"Объем выполненных строительных работ (услуг)(Тысяч тенге казахских)"	"2021 год"	"202112"	"БАЙЗАКСКИЙ РАЙОН"	"8165"	"основной вид деятельности"	"2"	"Всего"	"1"	"Всего"	"1"	"11 683 762 000 000"
"Объем выполненных строительных работ (услуг)(Тысяч тенге казахских)"	"2022 год"	"202212"	"БАЙЗАКСКИЙ РАЙОН"	"8165"	"основной вид деятельности"	"2"	"Всего"	"1"	"Всего"	"1"	"15 443 797 000 000"
"Объем выполненных строительных работ (услуг)(Тысяч тенге казахских)"	"2017 год"	"201712"	"БАЙЗАКСКИЙ РАЙОН"	"8165"	"вторичный вид деятельности"	"3"	"Всего"	"1"	"Всего"	"1"	"13 734 000 000"
"Объем выполненных строительных работ (услуг)(Тысяч тенге казахских)"	"2016 год"	"201612"	"БАЙЗАКСКИЙ РАЙОН"	"8165"	"вторичный вид деятельности"	"3"	"Всего"	"1"	"Всего"	"1"	"520 000 000"
"Объем выполненных строительных работ (услуг)(Тысяч тенге казахских)"	"2018 год"	"201812"	"БАЙЗАКСКИЙ РАЙОН"	"8165"	"вторичный вид деятельности"	"3"	"Всего"	"1"	"Всего"	"1"	"44 051 000 000"
"Объем выполненных строительных работ (услуг)(Тысяч тенге казахских)"	"2019 год"	"201912"	"БАЙЗАКСКИЙ РАЙОН"	"8165"	"вторичный вид деятельности"	"3"	"Всего"	"1"	"Всего"	"1"	"583 652 000 000"
"Объем выполненных строительных работ (услуг)(Тысяч тенге казахских)"	"2020 год"	"202012"	"БАЙЗАКСКИЙ РАЙОН"	"8165"	"вторичный вид деятельности"	"3"	"Всего"	"1"	"Всего"	"1"	"743 061 000 000"
"Объем выполненных строительных работ (услуг)(Тысяч тенге казахских)"	"2021 год"	"202112"	"БАЙЗАКСКИЙ РАЙОН"	"8165"	"вторичный вид деятельности"	"3"	"Всего"	"1"	"Всего"	"1"	"696 758 000 000"
"Объем выполненных строительных работ (услуг)(Тысяч тенге казахских)"	"2022 год"	"202212"	"БАЙЗАКСКИЙ РАЙОН"	"8165"	"вторичный вид деятельности"	"3"	"Всего"	"1"	"Всего"	"1"	"386 986 000 000"
"Объем выполненных строительных работ (услуг)(Тысяч тенге казахских)"	"2017 год"	"201712"	"ЖАМБЫЛСКИЙ РАЙОН"	"8255"	"Всего"	"1"	"Всего"	"1"	"Всего"	"1"	"5 023 206 000 000"
"Объем выполненных строительных работ (услуг)(Тысяч тенге казахских)"	"2016 год"	"201612"	"ЖАМБЫЛСКИЙ РАЙОН"	"8255"	"Всего"	"1"	"Всего"	"1"	"Всего"	"1"	"4 402 302 000 000"
"Объем выполненных строительных работ (услуг)(Тысяч тенге казахских)"	"2018 год"	"201812"	"ЖАМБЫЛСКИЙ РАЙОН"	"8255"	"Всего"	"1"	"Всего"	"1"	"Всего"	"1"	"8 520 344 000 000"
"Объем выполненных строительных работ (услуг)(Тысяч тенге казахских)"	"2019 год"	"201912"	"ЖАМБЫЛСКИЙ РАЙОН"	"8255"	"Всего"	"1"	"Всего"	"1"	"Всего"	"1"	"8 904 079 000 000"
"Объем выполненных строительных работ (услуг)(Тысяч тенге казахских)"	"2020 год"	"202012"	"ЖАМБЫЛСКИЙ РАЙОН"	"8255"	"Всего"	"1"	"Всего"	"1"	"Всего"	"1"	"11 368 113 000 000"
"Объем выполненных строительных работ (услуг)(Тысяч тенге казахских)"	"2021 год"	"202112"	"ЖАМБЫЛСКИЙ РАЙОН"	"8255"	"Всего"	"1"	"Всего"	"1"	"Всего"	"1"	"15 546 073 000 000"
"Объем выполненных строительных работ (услуг)(Тысяч тенге казахских)"	"2022 год"	"202212"	"ЖАМБЫЛСКИЙ РАЙОН"	"8255"	"Всего"	"1"	"Всего"	"1"	"Всего"	"1"	"10 234 532 000 000"
"Объем выполненных строительных работ (услуг)(Тысяч тенге казахских)"	"2017 год"	"201712"	"ЖАМБЫЛСКИЙ РАЙОН"	"8255"	"основной вид деятельности"	"2"	"Всего"	"1"	"Всего"	"1"	"4 970 164 000 000"
"Объем выполненных строительных работ (услуг)(Тысяч тенге казахских)"	"2016 год"	"201612"	"ЖАМБЫЛСКИЙ РАЙОН"	"8255"	"основной вид деятельности"	"2"	"Всего"	"1"	"Всего"	"1"	"4 392 707 000 000"
"Объем выполненных строительных работ (услуг)(Тысяч тенге казахских)"	"2018 год"	"201812"	"ЖАМБЫЛСКИЙ РАЙОН"	"8255"	"основной вид деятельности"	"2"	"Всего"	"1"	"Всего"	"1"	"8 064 671 000 000"
"Объем выполненных строительных работ (услуг)(Тысяч тенге казахских)"	"2019 год"	"201912"	"ЖАМБЫЛСКИЙ РАЙОН"	"8255"	"основной вид деятельности"	"2"	"Всего"	"1"	"Всего"	"1"	"7 428 005 000 000"
"Объем выполненных строительных работ (услуг)(Тысяч тенге казахских)"	"2020 год"	"202012"	"ЖАМБЫЛСКИЙ РАЙОН"	"8255"	"основной вид деятельности"	"2"	"Всего"	"1"	"Всего"	"1"	"9 455 880 000 000"
"Объем выполненных строительных работ (услуг)(Тысяч тенге казахских)"	"2021 год"	"202112"	"ЖАМБЫЛСКИЙ РАЙОН"	"8255"	"основной вид деятельности"	"2"	"Всего"	"1"	"Всего"	"1"	"14 609 882 000 000"
"Объем выполненных строительных работ (услуг)(Тысяч тенге казахских)"	"2022 год"	"202212"	"ЖАМБЫЛСКИЙ РАЙОН"	"8255"	"основной вид деятельности"	"2"	"Всего"	"1"	"Всего"	"1"	"8 122 200 000 000"
"Объем выполненных строительных работ (услуг)(Тысяч тенге казахских)"	"2017 год"	"201712"	"ЖАМБЫЛСКИЙ РАЙОН"	"8255"	"вторичный вид деятельности"	"3"	"Всего"	"1"	"Всего"	"1"	"53 042 000 000"
"Объем выполненных строительных работ (услуг)(Тысяч тенге казахских)"	"2016 год"	"201612"	"ЖАМБЫЛСКИЙ РАЙОН"	"8255"	"вторичный вид деятельности"	"3"	"Всего"	"1"	"Всего"	"1"	"9 595 000 000"
"Объем выполненных строительных работ (услуг)(Тысяч тенге казахских)"	"2018 год"	"201812"	"ЖАМБЫЛСКИЙ РАЙОН"	"8255"	"вторичный вид деятельности"	"3"	"Всего"	"1"	"Всего"	"1"	"455 673 000 000"
"Объем выполненных строительных работ (услуг)(Тысяч тенге казахских)"	"2019 год"	"201912"	"ЖАМБЫЛСКИЙ РАЙОН"	"8255"	"вторичный вид деятельности"	"3"	"Всего"	"1"	"Всего"	"1"	"1 476 074 000 000"
"Объем выполненных строительных работ (услуг)(Тысяч тенге казахских)"	"2020 год"	"202012"	"ЖАМБЫЛСКИЙ РАЙОН"	"8255"	"вторичный вид деятельности"	"3"	"Всего"	"1"	"Всего"	"1"	"1 912 233 000 000"
"Объем выполненных строительных работ (услуг)(Тысяч тенге казахских)"	"2021 год"	"202112"	"ЖАМБЫЛСКИЙ РАЙОН"	"8255"	"вторичный вид деятельности"	"3"	"Всего"	"1"	"Всего"	"1"	"936 191 000 000"
"Объем выполненных строительных работ (услуг)(Тысяч тенге казахских)"	"2022 год"	"202212"	"ЖАМБЫЛСКИЙ РАЙОН"	"8255"	"вторичный вид деятельности"	"3"	"Всего"	"1"	"Всего"	"1"	"2 112 332 000 000"
"Объем выполненных строительных работ (услуг)(Тысяч тенге казахских)"	"2017 год"	"201712"	"ЖУАЛЫНСКИЙ РАЙОН"	"8372"	"Всего"	"1"	"Всего"	"1"	"Всего"	"1"	"1 724 738 000 000"
"Объем выполненных строительных работ (услуг)(Тысяч тенге казахских)"	"2016 год"	"201612"	"ЖУАЛЫНСКИЙ РАЙОН"	"8372"	"Всего"	"1"	"Всего"	"1"	"Всего"	"1"	"1 844 797 000 000"
"Объем выполненных строительных работ (услуг)(Тысяч тенге казахских)"	"2018 год"	"201812"	"ЖУАЛЫНСКИЙ РАЙОН"	"8372"	"Всего"	"1"	"Всего"	"1"	"Всего"	"1"	"6 402 644 000 000"
"Объем выполненных строительных работ (услуг)(Тысяч тенге казахских)"	"2019 год"	"201912"	"ЖУАЛЫНСКИЙ РАЙОН"	"8372"	"Всего"	"1"	"Всего"	"1"	"Всего"	"1"	"5 346 740 000 000"
"Объем выполненных строительных работ (услуг)(Тысяч тенге казахских)"	"2020 год"	"202012"	"ЖУАЛЫНСКИЙ РАЙОН"	"8372"	"Всего"	"1"	"Всего"	"1"	"Всего"	"1"	"5 460 670 000 000"
"Объем выполненных строительных работ (услуг)(Тысяч тенге казахских)"	"2021 год"	"202112"	"ЖУАЛЫНСКИЙ РАЙОН"	"8372"	"Всего"	"1"	"Всего"	"1"	"Всего"	"1"	"4 617 180 000 000"
"Объем выполненных строительных работ (услуг)(Тысяч тенге казахских)"	"2022 год"	"202212"	"ЖУАЛЫНСКИЙ РАЙОН"	"8372"	"Всего"	"1"	"Всего"	"1"	"Всего"	"1"	"5 756 563 000 000"
"Объем выполненных строительных работ (услуг)(Тысяч тенге казахских)"	"2017 год"	"201712"	"ЖУАЛЫНСКИЙ РАЙОН"	"8372"	"основной вид деятельности"	"2"	"Всего"	"1"	"Всего"	"1"	"1 484 767 000 000"
"Объем выполненных строительных работ (услуг)(Тысяч тенге казахских)"	"2016 год"	"201612"	"ЖУАЛЫНСКИЙ РАЙОН"	"8372"	"основной вид деятельности"	"2"	"Всего"	"1"	"Всего"	"1"	"1 802 178 000 000"
"Объем выполненных строительных работ (услуг)(Тысяч тенге казахских)"	"2018 год"	"201812"	"ЖУАЛЫНСКИЙ РАЙОН"	"8372"	"основной вид деятельности"	"2"	"Всего"	"1"	"Всего"	"1"	"5 974 372 000 000"
"Объем выполненных строительных работ (услуг)(Тысяч тенге казахских)"	"2019 год"	"201912"	"ЖУАЛЫНСКИЙ РАЙОН"	"8372"	"основной вид деятельности"	"2"	"Всего"	"1"	"Всего"	"1"	"4 021 553 000 000"
"Объем выполненных строительных работ (услуг)(Тысяч тенге казахских)"	"2020 год"	"202012"	"ЖУАЛЫНСКИЙ РАЙОН"	"8372"	"основной вид деятельности"	"2"	"Всего"	"1"	"Всего"	"1"	"5 429 890 000 000"
"Объем выполненных строительных работ (услуг)(Тысяч тенге казахских)"	"2021 год"	"202112"	"ЖУАЛЫНСКИЙ РАЙОН"	"8372"	"основной вид деятельности"	"2"	"Всего"	"1"	"Всего"	"1"	"4 311 700 000 000"
"Объем выполненных строительных работ (услуг)(Тысяч тенге казахских)"	"2022 год"	"202212"	"ЖУАЛЫНСКИЙ РАЙОН"	"8372"	"основной вид деятельности"	"2"	"Всего"	"1"	"Всего"	"1"	"5 208 943 000 000"
"Объем выполненных строительных работ (услуг)(Тысяч тенге казахских)"	"2017 год"	"201712"	"ЖУАЛЫНСКИЙ РАЙОН"	"8372"	"вторичный вид деятельности"	"3"	"Всего"	"1"	"Всего"	"1"	"239 971 000 000"
"Объем выполненных строительных работ (услуг)(Тысяч тенге казахских)"	"2016 год"	"201612"	"ЖУАЛЫНСКИЙ РАЙОН"	"8372"	"вторичный вид деятельности"	"3"	"Всего"	"1"	"Всего"	"1"	"42 619 000 000"
"Объем выполненных строительных работ (услуг)(Тысяч тенге казахских)"	"2018 год"	"201812"	"ЖУАЛЫНСКИЙ РАЙОН"	"8372"	"вторичный вид деятельности"	"3"	"Всего"	"1"	"Всего"	"1"	"428 272 000 000"
"Объем выполненных строительных работ (услуг)(Тысяч тенге казахских)"	"2019 год"	"201912"	"ЖУАЛЫНСКИЙ РАЙОН"	"8372"	"вторичный вид деятельности"	"3"	"Всего"	"1"	"Всего"	"1"	"1 325 187 000 000"
"Объем выполненных строительных работ (услуг)(Тысяч тенге казахских)"	"2020 год"	"202012"	"ЖУАЛЫНСКИЙ РАЙОН"	"8372"	"вторичный вид деятельности"	"3"	"Всего"	"1"	"Всего"	"1"	"30 780 000 000"
"Объем выполненных строительных работ (услуг)(Тысяч тенге казахских)"	"2021 год"	"202112"	"ЖУАЛЫНСКИЙ РАЙОН"	"8372"	"вторичный вид деятельности"	"3"	"Всего"	"1"	"Всего"	"1"	"305 480 000 000"
"Объем выполненных строительных работ (услуг)(Тысяч тенге казахских)"	"2022 год"	"202212"	"ЖУАЛЫНСКИЙ РАЙОН"	"8372"	"вторичный вид деятельности"	"3"	"Всего"	"1"	"Всего"	"1"	"547 620 000 000"
"Объем выполненных строительных работ (услуг)(Тысяч тенге казахских)"	"2017 год"	"201712"	"КОРДАЙСКИЙ РАЙОН"	"8465"	"Всего"	"1"	"Всего"	"1"	"Всего"	"1"	"22 980 313 000 000"
"Объем выполненных строительных работ (услуг)(Тысяч тенге казахских)"	"2016 год"	"201612"	"КОРДАЙСКИЙ РАЙОН"	"8465"	"Всего"	"1"	"Всего"	"1"	"Всего"	"1"	"11 905 144 000 000"
"Объем выполненных строительных работ (услуг)(Тысяч тенге казахских)"	"2018 год"	"201812"	"КОРДАЙСКИЙ РАЙОН"	"8465"	"Всего"	"1"	"Всего"	"1"	"Всего"	"1"	"17 659 941 000 000"
"Объем выполненных строительных работ (услуг)(Тысяч тенге казахских)"	"2019 год"	"201912"	"КОРДАЙСКИЙ РАЙОН"	"8465"	"Всего"	"1"	"Всего"	"1"	"Всего"	"1"	"12 084 582 000 000"
"Объем выполненных строительных работ (услуг)(Тысяч тенге казахских)"	"2020 год"	"202012"	"КОРДАЙСКИЙ РАЙОН"	"8465"	"Всего"	"1"	"Всего"	"1"	"Всего"	"1"	"24 579 338 000 000"
"Объем выполненных строительных работ (услуг)(Тысяч тенге казахских)"	"2021 год"	"202112"	"КОРДАЙСКИЙ РАЙОН"	"8465"	"Всего"	"1"	"Всего"	"1"	"Всего"	"1"	"30 105 291 000 000"
"Объем выполненных строительных работ (услуг)(Тысяч тенге казахских)"	"2022 год"	"202212"	"КОРДАЙСКИЙ РАЙОН"	"8465"	"Всего"	"1"	"Всего"	"1"	"Всего"	"1"	"39 028 991 000 000"
"Объем выполненных строительных работ (услуг)(Тысяч тенге казахских)"	"2017 год"	"201712"	"КОРДАЙСКИЙ РАЙОН"	"8465"	"основной вид деятельности"	"2"	"Всего"	"1"	"Всего"	"1"	"22 483 205 000 000"
"Объем выполненных строительных работ (услуг)(Тысяч тенге казахских)"	"2016 год"	"201612"	"КОРДАЙСКИЙ РАЙОН"	"8465"	"основной вид деятельности"	"2"	"Всего"	"1"	"Всего"	"1"	"11 532 687 000 000"
"Объем выполненных строительных работ (услуг)(Тысяч тенге казахских)"	"2018 год"	"201812"	"КОРДАЙСКИЙ РАЙОН"	"8465"	"основной вид деятельности"	"2"	"Всего"	"1"	"Всего"	"1"	"15 013 293 000 000"
"Объем выполненных строительных работ (услуг)(Тысяч тенге казахских)"	"2019 год"	"201912"	"КОРДАЙСКИЙ РАЙОН"	"8465"	"основной вид деятельности"	"2"	"Всего"	"1"	"Всего"	"1"	"11 552 990 000 000"
"Объем выполненных строительных работ (услуг)(Тысяч тенге казахских)"	"2020 год"	"202012"	"КОРДАЙСКИЙ РАЙОН"	"8465"	"основной вид деятельности"	"2"	"Всего"	"1"	"Всего"	"1"	"23 865 988 000 000"
"Объем выполненных строительных работ (услуг)(Тысяч тенге казахских)"	"2021 год"	"202112"	"КОРДАЙСКИЙ РАЙОН"	"8465"	"основной вид деятельности"	"2"	"Всего"	"1"	"Всего"	"1"	"27 011 973 000 000"
"Объем выполненных строительных работ (услуг)(Тысяч тенге казахских)"	"2022 год"	"202212"	"КОРДАЙСКИЙ РАЙОН"	"8465"	"основной вид деятельности"	"2"	"Всего"	"1"	"Всего"	"1"	"38 866 353 000 000"
"Объем выполненных строительных работ (услуг)(Тысяч тенге казахских)"	"2017 год"	"201712"	"КОРДАЙСКИЙ РАЙОН"	"8465"	"вторичный вид деятельности"	"3"	"Всего"	"1"	"Всего"	"1"	"497 108 000 000"
"Объем выполненных строительных работ (услуг)(Тысяч тенге казахских)"	"2016 год"	"201612"	"КОРДАЙСКИЙ РАЙОН"	"8465"	"вторичный вид деятельности"	"3"	"Всего"	"1"	"Всего"	"1"	"372 457 000 000"
"Объем выполненных строительных работ (услуг)(Тысяч тенге казахских)"	"2018 год"	"201812"	"КОРДАЙСКИЙ РАЙОН"	"8465"	"вторичный вид деятельности"	"3"	"Всего"	"1"	"Всего"	"1"	"2 646 648 000 000"
"Объем выполненных строительных работ (услуг)(Тысяч тенге казахских)"	"2019 год"	"201912"	"КОРДАЙСКИЙ РАЙОН"	"8465"	"вторичный вид деятельности"	"3"	"Всего"	"1"	"Всего"	"1"	"531 592 000 000"
"Объем выполненных строительных работ (услуг)(Тысяч тенге казахских)"	"2020 год"	"202012"	"КОРДАЙСКИЙ РАЙОН"	"8465"	"вторичный вид деятельности"	"3"	"Всего"	"1"	"Всего"	"1"	"713 350 000 000"
"Объем выполненных строительных работ (услуг)(Тысяч тенге казахских)"	"2021 год"	"202112"	"КОРДАЙСКИЙ РАЙОН"	"8465"	"вторичный вид деятельности"	"3"	"Всего"	"1"	"Всего"	"1"	"3 093 318 000 000"
"Объем выполненных строительных работ (услуг)(Тысяч тенге казахских)"	"2022 год"	"202212"	"КОРДАЙСКИЙ РАЙОН"	"8465"	"вторичный вид деятельности"	"3"	"Всего"	"1"	"Всего"	"1"	"162 638 000 000"
"Объем выполненных строительных работ (услуг)(Тысяч тенге казахских)"	"2017 год"	"201712"	"РАЙОН ТУРАРА РЫСКУЛОВА"	"8564"	"Всего"	"1"	"Всего"	"1"	"Всего"	"1"	"4 046 834 000 000"
"Объем выполненных строительных работ (услуг)(Тысяч тенге казахских)"	"2016 год"	"201612"	"РАЙОН ТУРАРА РЫСКУЛОВА"	"8564"	"Всего"	"1"	"Всего"	"1"	"Всего"	"1"	"24 370 820 000 000"
"Объем выполненных строительных работ (услуг)(Тысяч тенге казахских)"	"2018 год"	"201812"	"РАЙОН ТУРАРА РЫСКУЛОВА"	"8564"	"Всего"	"1"	"Всего"	"1"	"Всего"	"1"	"5 392 078 000 000"
"Объем выполненных строительных работ (услуг)(Тысяч тенге казахских)"	"2019 год"	"201912"	"РАЙОН ТУРАРА РЫСКУЛОВА"	"8564"	"Всего"	"1"	"Всего"	"1"	"Всего"	"1"	"9 609 539 000 000"
"Объем выполненных строительных работ (услуг)(Тысяч тенге казахских)"	"2020 год"	"202012"	"РАЙОН ТУРАРА РЫСКУЛОВА"	"8564"	"Всего"	"1"	"Всего"	"1"	"Всего"	"1"	"9 901 234 000 000"
"Объем выполненных строительных работ (услуг)(Тысяч тенге казахских)"	"2021 год"	"202112"	"РАЙОН ТУРАРА РЫСКУЛОВА"	"8564"	"Всего"	"1"	"Всего"	"1"	"Всего"	"1"	"12 525 601 000 000"
"Объем выполненных строительных работ (услуг)(Тысяч тенге казахских)"	"2022 год"	"202212"	"РАЙОН ТУРАРА РЫСКУЛОВА"	"8564"	"Всего"	"1"	"Всего"	"1"	"Всего"	"1"	"12 107 900 000 000"
"Объем выполненных строительных работ (услуг)(Тысяч тенге казахских)"	"2017 год"	"201712"	"РАЙОН ТУРАРА РЫСКУЛОВА"	"8564"	"основной вид деятельности"	"2"	"Всего"	"1"	"Всего"	"1"	"4 030 953 000 000"
"Объем выполненных строительных работ (услуг)(Тысяч тенге казахских)"	"2016 год"	"201612"	"РАЙОН ТУРАРА РЫСКУЛОВА"	"8564"	"основной вид деятельности"	"2"	"Всего"	"1"	"Всего"	"1"	"24 370 820 000 000"
"Объем выполненных строительных работ (услуг)(Тысяч тенге казахских)"	"2018 год"	"201812"	"РАЙОН ТУРАРА РЫСКУЛОВА"	"8564"	"основной вид деятельности"	"2"	"Всего"	"1"	"Всего"	"1"	"4 492 513 000 000"
"Объем выполненных строительных работ (услуг)(Тысяч тенге казахских)"	"2019 год"	"201912"	"РАЙОН ТУРАРА РЫСКУЛОВА"	"8564"	"основной вид деятельности"	"2"	"Всего"	"1"	"Всего"	"1"	"9 380 626 000 000"
"Объем выполненных строительных работ (услуг)(Тысяч тенге казахских)"	"2020 год"	"202012"	"РАЙОН ТУРАРА РЫСКУЛОВА"	"8564"	"основной вид деятельности"	"2"	"Всего"	"1"	"Всего"	"1"	"8 737 720 000 000"
"Объем выполненных строительных работ (услуг)(Тысяч тенге казахских)"	"2021 год"	"202112"	"РАЙОН ТУРАРА РЫСКУЛОВА"	"8564"	"основной вид деятельности"	"2"	"Всего"	"1"	"Всего"	"1"	"10 075 752 000 000"
"Объем выполненных строительных работ (услуг)(Тысяч тенге казахских)"	"2022 год"	"202212"	"РАЙОН ТУРАРА РЫСКУЛОВА"	"8564"	"основной вид деятельности"	"2"	"Всего"	"1"	"Всего"	"1"	"12 106 456 000 000"
"Объем выполненных строительных работ (услуг)(Тысяч тенге казахских)"	"2017 год"	"201712"	"РАЙОН ТУРАРА РЫСКУЛОВА"	"8564"	"вторичный вид деятельности"	"3"	"Всего"	"1"	"Всего"	"1"	"15 881 000 000"
"Объем выполненных строительных работ (услуг)(Тысяч тенге казахских)"	"2018 год"	"201812"	"РАЙОН ТУРАРА РЫСКУЛОВА"	"8564"	"вторичный вид деятельности"	"3"	"Всего"	"1"	"Всего"	"1"	"899 565 000 000"
"Объем выполненных строительных работ (услуг)(Тысяч тенге казахских)"	"2019 год"	"201912"	"РАЙОН ТУРАРА РЫСКУЛОВА"	"8564"	"вторичный вид деятельности"	"3"	"Всего"	"1"	"Всего"	"1"	"228 913 000 000"
"Объем выполненных строительных работ (услуг)(Тысяч тенге казахских)"	"2020 год"	"202012"	"РАЙОН ТУРАРА РЫСКУЛОВА"	"8564"	"вторичный вид деятельности"	"3"	"Всего"	"1"	"Всего"	"1"	"1 163 514 000 000"
"Объем выполненных строительных работ (услуг)(Тысяч тенге казахских)"	"2021 год"	"202112"	"РАЙОН ТУРАРА РЫСКУЛОВА"	"8564"	"вторичный вид деятельности"	"3"	"Всего"	"1"	"Всего"	"1"	"2 449 849 000 000"
"Объем выполненных строительных работ (услуг)(Тысяч тенге казахских)"	"2022 год"	"202212"	"РАЙОН ТУРАРА РЫСКУЛОВА"	"8564"	"вторичный вид деятельности"	"3"	"Всего"	"1"	"Всего"	"1"	"1 444 000 000"
"Объем выполненных строительных работ (услуг)(Тысяч тенге казахских)"	"2017 год"	"201712"	"МЕРКЕНСКИЙ РАЙОН"	"8742"	"Всего"	"1"	"Всего"	"1"	"Всего"	"1"	"6 671 602 000 000"
"Объем выполненных строительных работ (услуг)(Тысяч тенге казахских)"	"2016 год"	"201612"	"МЕРКЕНСКИЙ РАЙОН"	"8742"	"Всего"	"1"	"Всего"	"1"	"Всего"	"1"	"3 094 915 000 000"
"Объем выполненных строительных работ (услуг)(Тысяч тенге казахских)"	"2018 год"	"201812"	"МЕРКЕНСКИЙ РАЙОН"	"8742"	"Всего"	"1"	"Всего"	"1"	"Всего"	"1"	"4 943 101 000 000"
"Объем выполненных строительных работ (услуг)(Тысяч тенге казахских)"	"2019 год"	"201912"	"МЕРКЕНСКИЙ РАЙОН"	"8742"	"Всего"	"1"	"Всего"	"1"	"Всего"	"1"	"4 765 924 000 000"
"Объем выполненных строительных работ (услуг)(Тысяч тенге казахских)"	"2020 год"	"202012"	"МЕРКЕНСКИЙ РАЙОН"	"8742"	"Всего"	"1"	"Всего"	"1"	"Всего"	"1"	"12 241 694 000 000"
"Объем выполненных строительных работ (услуг)(Тысяч тенге казахских)"	"2021 год"	"202112"	"МЕРКЕНСКИЙ РАЙОН"	"8742"	"Всего"	"1"	"Всего"	"1"	"Всего"	"1"	"8 694 773 000 000"
"Объем выполненных строительных работ (услуг)(Тысяч тенге казахских)"	"2022 год"	"202212"	"МЕРКЕНСКИЙ РАЙОН"	"8742"	"Всего"	"1"	"Всего"	"1"	"Всего"	"1"	"12 547 827 000 000"
"Объем выполненных строительных работ (услуг)(Тысяч тенге казахских)"	"2017 год"	"201712"	"МЕРКЕНСКИЙ РАЙОН"	"8742"	"основной вид деятельности"	"2"	"Всего"	"1"	"Всего"	"1"	"6 364 265 000 000"
"Объем выполненных строительных работ (услуг)(Тысяч тенге казахских)"	"2016 год"	"201612"	"МЕРКЕНСКИЙ РАЙОН"	"8742"	"основной вид деятельности"	"2"	"Всего"	"1"	"Всего"	"1"	"3 036 149 000 000"
"Объем выполненных строительных работ (услуг)(Тысяч тенге казахских)"	"2018 год"	"201812"	"МЕРКЕНСКИЙ РАЙОН"	"8742"	"основной вид деятельности"	"2"	"Всего"	"1"	"Всего"	"1"	"4 541 491 000 000"
"Объем выполненных строительных работ (услуг)(Тысяч тенге казахских)"	"2019 год"	"201912"	"МЕРКЕНСКИЙ РАЙОН"	"8742"	"основной вид деятельности"	"2"	"Всего"	"1"	"Всего"	"1"	"4 422 505 000 000"
"Объем выполненных строительных работ (услуг)(Тысяч тенге казахских)"	"2020 год"	"202012"	"МЕРКЕНСКИЙ РАЙОН"	"8742"	"основной вид деятельности"	"2"	"Всего"	"1"	"Всего"	"1"	"11 103 814 000 000"
"Объем выполненных строительных работ (услуг)(Тысяч тенге казахских)"	"2021 год"	"202112"	"МЕРКЕНСКИЙ РАЙОН"	"8742"	"основной вид деятельности"	"2"	"Всего"	"1"	"Всего"	"1"	"8 060 731 000 000"
"Объем выполненных строительных работ (услуг)(Тысяч тенге казахских)"	"2022 год"	"202212"	"МЕРКЕНСКИЙ РАЙОН"	"8742"	"основной вид деятельности"	"2"	"Всего"	"1"	"Всего"	"1"	"11 509 093 000 000"
"Объем выполненных строительных работ (услуг)(Тысяч тенге казахских)"	"2017 год"	"201712"	"МЕРКЕНСКИЙ РАЙОН"	"8742"	"вторичный вид деятельности"	"3"	"Всего"	"1"	"Всего"	"1"	"307 337 000 000"
"Объем выполненных строительных работ (услуг)(Тысяч тенге казахских)"	"2016 год"	"201612"	"МЕРКЕНСКИЙ РАЙОН"	"8742"	"вторичный вид деятельности"	"3"	"Всего"	"1"	"Всего"	"1"	"58 766 000 000"
"Объем выполненных строительных работ (услуг)(Тысяч тенге казахских)"	"2018 год"	"201812"	"МЕРКЕНСКИЙ РАЙОН"	"8742"	"вторичный вид деятельности"	"3"	"Всего"	"1"	"Всего"	"1"	"401 610 000 000"
"Объем выполненных строительных работ (услуг)(Тысяч тенге казахских)"	"2019 год"	"201912"	"МЕРКЕНСКИЙ РАЙОН"	"8742"	"вторичный вид деятельности"	"3"	"Всего"	"1"	"Всего"	"1"	"343 419 000 000"
"Объем выполненных строительных работ (услуг)(Тысяч тенге казахских)"	"2020 год"	"202012"	"МЕРКЕНСКИЙ РАЙОН"	"8742"	"вторичный вид деятельности"	"3"	"Всего"	"1"	"Всего"	"1"	"1 137 880 000 000"
"Объем выполненных строительных работ (услуг)(Тысяч тенге казахских)"	"2021 год"	"202112"	"МЕРКЕНСКИЙ РАЙОН"	"8742"	"вторичный вид деятельности"	"3"	"Всего"	"1"	"Всего"	"1"	"634 042 000 000"
"Объем выполненных строительных работ (услуг)(Тысяч тенге казахских)"	"2022 год"	"202212"	"МЕРКЕНСКИЙ РАЙОН"	"8742"	"вторичный вид деятельности"	"3"	"Всего"	"1"	"Всего"	"1"	"1 038 734 000 000"
"Объем выполненных строительных работ (услуг)(Тысяч тенге казахских)"	"2017 год"	"201712"	"МОЙЫНКУМСКИЙ РАЙОН"	"8842"	"Всего"	"1"	"Всего"	"1"	"Всего"	"1"	"1 893 834 000 000"
"Объем выполненных строительных работ (услуг)(Тысяч тенге казахских)"	"2016 год"	"201612"	"МОЙЫНКУМСКИЙ РАЙОН"	"8842"	"Всего"	"1"	"Всего"	"1"	"Всего"	"1"	"1 059 069 000 000"
"Объем выполненных строительных работ (услуг)(Тысяч тенге казахских)"	"2018 год"	"201812"	"МОЙЫНКУМСКИЙ РАЙОН"	"8842"	"Всего"	"1"	"Всего"	"1"	"Всего"	"1"	"2 692 124 000 000"
"Объем выполненных строительных работ (услуг)(Тысяч тенге казахских)"	"2019 год"	"201912"	"МОЙЫНКУМСКИЙ РАЙОН"	"8842"	"Всего"	"1"	"Всего"	"1"	"Всего"	"1"	"5 852 312 000 000"
"Объем выполненных строительных работ (услуг)(Тысяч тенге казахских)"	"2020 год"	"202012"	"МОЙЫНКУМСКИЙ РАЙОН"	"8842"	"Всего"	"1"	"Всего"	"1"	"Всего"	"1"	"21 740 617 000 000"
"Объем выполненных строительных работ (услуг)(Тысяч тенге казахских)"	"2021 год"	"202112"	"МОЙЫНКУМСКИЙ РАЙОН"	"8842"	"Всего"	"1"	"Всего"	"1"	"Всего"	"1"	"29 807 584 000 000"
"Объем выполненных строительных работ (услуг)(Тысяч тенге казахских)"	"2022 год"	"202212"	"МОЙЫНКУМСКИЙ РАЙОН"	"8842"	"Всего"	"1"	"Всего"	"1"	"Всего"	"1"	"11 850 433 000 000"
"Объем выполненных строительных работ (услуг)(Тысяч тенге казахских)"	"2017 год"	"201712"	"МОЙЫНКУМСКИЙ РАЙОН"	"8842"	"основной вид деятельности"	"2"	"Всего"	"1"	"Всего"	"1"	"1 877 971 000 000"
"Объем выполненных строительных работ (услуг)(Тысяч тенге казахских)"	"2016 год"	"201612"	"МОЙЫНКУМСКИЙ РАЙОН"	"8842"	"основной вид деятельности"	"2"	"Всего"	"1"	"Всего"	"1"	"1 058 587 000 000"
"Объем выполненных строительных работ (услуг)(Тысяч тенге казахских)"	"2018 год"	"201812"	"МОЙЫНКУМСКИЙ РАЙОН"	"8842"	"основной вид деятельности"	"2"	"Всего"	"1"	"Всего"	"1"	"2 657 812 000 000"
"Объем выполненных строительных работ (услуг)(Тысяч тенге казахских)"	"2019 год"	"201912"	"МОЙЫНКУМСКИЙ РАЙОН"	"8842"	"основной вид деятельности"	"2"	"Всего"	"1"	"Всего"	"1"	"5 777 366 000 000"
"Объем выполненных строительных работ (услуг)(Тысяч тенге казахских)"	"2020 год"	"202012"	"МОЙЫНКУМСКИЙ РАЙОН"	"8842"	"основной вид деятельности"	"2"	"Всего"	"1"	"Всего"	"1"	"21 732 804 000 000"
"Объем выполненных строительных работ (услуг)(Тысяч тенге казахских)"	"2021 год"	"202112"	"МОЙЫНКУМСКИЙ РАЙОН"	"8842"	"основной вид деятельности"	"2"	"Всего"	"1"	"Всего"	"1"	"27 361 549 000 000"
"Объем выполненных строительных работ (услуг)(Тысяч тенге казахских)"	"2022 год"	"202212"	"МОЙЫНКУМСКИЙ РАЙОН"	"8842"	"основной вид деятельности"	"2"	"Всего"	"1"	"Всего"	"1"	"11 671 871 000 000"
"Объем выполненных строительных работ (услуг)(Тысяч тенге казахских)"	"2017 год"	"201712"	"МОЙЫНКУМСКИЙ РАЙОН"	"8842"	"вторичный вид деятельности"	"3"	"Всего"	"1"	"Всего"	"1"	"15 863 000 000"
"Объем выполненных строительных работ (услуг)(Тысяч тенге казахских)"	"2016 год"	"201612"	"МОЙЫНКУМСКИЙ РАЙОН"	"8842"	"вторичный вид деятельности"	"3"	"Всего"	"1"	"Всего"	"1"	"482 000 000"
"Объем выполненных строительных работ (услуг)(Тысяч тенге казахских)"	"2018 год"	"201812"	"МОЙЫНКУМСКИЙ РАЙОН"	"8842"	"вторичный вид деятельности"	"3"	"Всего"	"1"	"Всего"	"1"	"34 312 000 000"
"Объем выполненных строительных работ (услуг)(Тысяч тенге казахских)"	"2019 год"	"201912"	"МОЙЫНКУМСКИЙ РАЙОН"	"8842"	"вторичный вид деятельности"	"3"	"Всего"	"1"	"Всего"	"1"	"74 946 000 000"
"Объем выполненных строительных работ (услуг)(Тысяч тенге казахских)"	"2020 год"	"202012"	"МОЙЫНКУМСКИЙ РАЙОН"	"8842"	"вторичный вид деятельности"	"3"	"Всего"	"1"	"Всего"	"1"	"7 813 000 000"
"Объем выполненных строительных работ (услуг)(Тысяч тенге казахских)"	"2021 год"	"202112"	"МОЙЫНКУМСКИЙ РАЙОН"	"8842"	"вторичный вид деятельности"	"3"	"Всего"	"1"	"Всего"	"1"	"2 446 035 000 000"
"Объем выполненных строительных работ (услуг)(Тысяч тенге казахских)"	"2022 год"	"202212"	"МОЙЫНКУМСКИЙ РАЙОН"	"8842"	"вторичный вид деятельности"	"3"	"Всего"	"1"	"Всего"	"1"	"178 562 000 000"
"Объем выполненных строительных работ (услуг)(Тысяч тенге казахских)"	"2017 год"	"201712"	"САРЫСУСКИЙ РАЙОН"	"8951"	"Всего"	"1"	"Всего"	"1"	"Всего"	"1"	"4 606 907 000 000"
"Объем выполненных строительных работ (услуг)(Тысяч тенге казахских)"	"2016 год"	"201612"	"САРЫСУСКИЙ РАЙОН"	"8951"	"Всего"	"1"	"Всего"	"1"	"Всего"	"1"	"8 614 108 000 000"
"Объем выполненных строительных работ (услуг)(Тысяч тенге казахских)"	"2018 год"	"201812"	"САРЫСУСКИЙ РАЙОН"	"8951"	"Всего"	"1"	"Всего"	"1"	"Всего"	"1"	"4 589 445 000 000"
"Объем выполненных строительных работ (услуг)(Тысяч тенге казахских)"	"2019 год"	"201912"	"САРЫСУСКИЙ РАЙОН"	"8951"	"Всего"	"1"	"Всего"	"1"	"Всего"	"1"	"10 819 616 000 000"
"Объем выполненных строительных работ (услуг)(Тысяч тенге казахских)"	"2020 год"	"202012"	"САРЫСУСКИЙ РАЙОН"	"8951"	"Всего"	"1"	"Всего"	"1"	"Всего"	"1"	"11 402 346 000 000"
"Объем выполненных строительных работ (услуг)(Тысяч тенге казахских)"	"2021 год"	"202112"	"САРЫСУСКИЙ РАЙОН"	"8951"	"Всего"	"1"	"Всего"	"1"	"Всего"	"1"	"10 370 303 000 000"
"Объем выполненных строительных работ (услуг)(Тысяч тенге казахских)"	"2022 год"	"202212"	"САРЫСУСКИЙ РАЙОН"	"8951"	"Всего"	"1"	"Всего"	"1"	"Всего"	"1"	"10 872 683 000 000"
"Объем выполненных строительных работ (услуг)(Тысяч тенге казахских)"	"2017 год"	"201712"	"САРЫСУСКИЙ РАЙОН"	"8951"	"основной вид деятельности"	"2"	"Всего"	"1"	"Всего"	"1"	"4 445 273 000 000"
"Объем выполненных строительных работ (услуг)(Тысяч тенге казахских)"	"2016 год"	"201612"	"САРЫСУСКИЙ РАЙОН"	"8951"	"основной вид деятельности"	"2"	"Всего"	"1"	"Всего"	"1"	"8 563 493 000 000"
"Объем выполненных строительных работ (услуг)(Тысяч тенге казахских)"	"2018 год"	"201812"	"САРЫСУСКИЙ РАЙОН"	"8951"	"основной вид деятельности"	"2"	"Всего"	"1"	"Всего"	"1"	"4 575 476 000 000"
"Объем выполненных строительных работ (услуг)(Тысяч тенге казахских)"	"2019 год"	"201912"	"САРЫСУСКИЙ РАЙОН"	"8951"	"основной вид деятельности"	"2"	"Всего"	"1"	"Всего"	"1"	"10 704 153 000 000"
"Объем выполненных строительных работ (услуг)(Тысяч тенге казахских)"	"2020 год"	"202012"	"САРЫСУСКИЙ РАЙОН"	"8951"	"основной вид деятельности"	"2"	"Всего"	"1"	"Всего"	"1"	"11 216 500 000 000"
"Объем выполненных строительных работ (услуг)(Тысяч тенге казахских)"	"2021 год"	"202112"	"САРЫСУСКИЙ РАЙОН"	"8951"	"основной вид деятельности"	"2"	"Всего"	"1"	"Всего"	"1"	"9 305 156 000 000"
"Объем выполненных строительных работ (услуг)(Тысяч тенге казахских)"	"2022 год"	"202212"	"САРЫСУСКИЙ РАЙОН"	"8951"	"основной вид деятельности"	"2"	"Всего"	"1"	"Всего"	"1"	"10 559 981 000 000"
"Объем выполненных строительных работ (услуг)(Тысяч тенге казахских)"	"2017 год"	"201712"	"САРЫСУСКИЙ РАЙОН"	"8951"	"вторичный вид деятельности"	"3"	"Всего"	"1"	"Всего"	"1"	"161 634 000 000"
"Объем выполненных строительных работ (услуг)(Тысяч тенге казахских)"	"2016 год"	"201612"	"САРЫСУСКИЙ РАЙОН"	"8951"	"вторичный вид деятельности"	"3"	"Всего"	"1"	"Всего"	"1"	"50 615 000 000"
"Объем выполненных строительных работ (услуг)(Тысяч тенге казахских)"	"2018 год"	"201812"	"САРЫСУСКИЙ РАЙОН"	"8951"	"вторичный вид деятельности"	"3"	"Всего"	"1"	"Всего"	"1"	"13 969 000 000"
"Объем выполненных строительных работ (услуг)(Тысяч тенге казахских)"	"2019 год"	"201912"	"САРЫСУСКИЙ РАЙОН"	"8951"	"вторичный вид деятельности"	"3"	"Всего"	"1"	"Всего"	"1"	"115 463 000 000"
"Объем выполненных строительных работ (услуг)(Тысяч тенге казахских)"	"2020 год"	"202012"	"САРЫСУСКИЙ РАЙОН"	"8951"	"вторичный вид деятельности"	"3"	"Всего"	"1"	"Всего"	"1"	"185 846 000 000"
"Объем выполненных строительных работ (услуг)(Тысяч тенге казахских)"	"2021 год"	"202112"	"САРЫСУСКИЙ РАЙОН"	"8951"	"вторичный вид деятельности"	"3"	"Всего"	"1"	"Всего"	"1"	"1 065 147 000 000"
"Объем выполненных строительных работ (услуг)(Тысяч тенге казахских)"	"2022 год"	"202212"	"САРЫСУСКИЙ РАЙОН"	"8951"	"вторичный вид деятельности"	"3"	"Всего"	"1"	"Всего"	"1"	"312 702 000 000"
"Объем выполненных строительных работ (услуг)(Тысяч тенге казахских)"	"2017 год"	"201712"	"ТАЛАССКИЙ РАЙОН"	"9029"	"Всего"	"1"	"Всего"	"1"	"Всего"	"1"	"7 726 442 000 000"
"Объем выполненных строительных работ (услуг)(Тысяч тенге казахских)"	"2016 год"	"201612"	"ТАЛАССКИЙ РАЙОН"	"9029"	"Всего"	"1"	"Всего"	"1"	"Всего"	"1"	"4 177 315 000 000"
"Объем выполненных строительных работ (услуг)(Тысяч тенге казахских)"	"2018 год"	"201812"	"ТАЛАССКИЙ РАЙОН"	"9029"	"Всего"	"1"	"Всего"	"1"	"Всего"	"1"	"5 985 078 000 000"
"Объем выполненных строительных работ (услуг)(Тысяч тенге казахских)"	"2019 год"	"201912"	"ТАЛАССКИЙ РАЙОН"	"9029"	"Всего"	"1"	"Всего"	"1"	"Всего"	"1"	"7 336 619 000 000"
"Объем выполненных строительных работ (услуг)(Тысяч тенге казахских)"	"2020 год"	"202012"	"ТАЛАССКИЙ РАЙОН"	"9029"	"Всего"	"1"	"Всего"	"1"	"Всего"	"1"	"4 956 821 000 000"
"Объем выполненных строительных работ (услуг)(Тысяч тенге казахских)"	"2021 год"	"202112"	"ТАЛАССКИЙ РАЙОН"	"9029"	"Всего"	"1"	"Всего"	"1"	"Всего"	"1"	"8 406 572 000 000"
"Объем выполненных строительных работ (услуг)(Тысяч тенге казахских)"	"2022 год"	"202212"	"ТАЛАССКИЙ РАЙОН"	"9029"	"Всего"	"1"	"Всего"	"1"	"Всего"	"1"	"7 387 261 000 000"
"Объем выполненных строительных работ (услуг)(Тысяч тенге казахских)"	"2017 год"	"201712"	"ТАЛАССКИЙ РАЙОН"	"9029"	"основной вид деятельности"	"2"	"Всего"	"1"	"Всего"	"1"	"7 685 585 000 000"
"Объем выполненных строительных работ (услуг)(Тысяч тенге казахских)"	"2016 год"	"201612"	"ТАЛАССКИЙ РАЙОН"	"9029"	"основной вид деятельности"	"2"	"Всего"	"1"	"Всего"	"1"	"4 161 515 000 000"
"Объем выполненных строительных работ (услуг)(Тысяч тенге казахских)"	"2018 год"	"201812"	"ТАЛАССКИЙ РАЙОН"	"9029"	"основной вид деятельности"	"2"	"Всего"	"1"	"Всего"	"1"	"5 058 175 000 000"
"Объем выполненных строительных работ (услуг)(Тысяч тенге казахских)"	"2019 год"	"201912"	"ТАЛАССКИЙ РАЙОН"	"9029"	"основной вид деятельности"	"2"	"Всего"	"1"	"Всего"	"1"	"7 325 959 000 000"
"Объем выполненных строительных работ (услуг)(Тысяч тенге казахских)"	"2020 год"	"202012"	"ТАЛАССКИЙ РАЙОН"	"9029"	"основной вид деятельности"	"2"	"Всего"	"1"	"Всего"	"1"	"4 687 404 000 000"
"Объем выполненных строительных работ (услуг)(Тысяч тенге казахских)"	"2021 год"	"202112"	"ТАЛАССКИЙ РАЙОН"	"9029"	"основной вид деятельности"	"2"	"Всего"	"1"	"Всего"	"1"	"8 257 588 000 000"
"Объем выполненных строительных работ (услуг)(Тысяч тенге казахских)"	"2022 год"	"202212"	"ТАЛАССКИЙ РАЙОН"	"9029"	"основной вид деятельности"	"2"	"Всего"	"1"	"Всего"	"1"	"7 383 833 000 000"
"Объем выполненных строительных работ (услуг)(Тысяч тенге казахских)"	"2017 год"	"201712"	"ТАЛАССКИЙ РАЙОН"	"9029"	"вторичный вид деятельности"	"3"	"Всего"	"1"	"Всего"	"1"	"40 857 000 000"
"Объем выполненных строительных работ (услуг)(Тысяч тенге казахских)"	"2016 год"	"201612"	"ТАЛАССКИЙ РАЙОН"	"9029"	"вторичный вид деятельности"	"3"	"Всего"	"1"	"Всего"	"1"	"15 800 000 000"
"Объем выполненных строительных работ (услуг)(Тысяч тенге казахских)"	"2018 год"	"201812"	"ТАЛАССКИЙ РАЙОН"	"9029"	"вторичный вид деятельности"	"3"	"Всего"	"1"	"Всего"	"1"	"926 903 000 000"
"Объем выполненных строительных работ (услуг)(Тысяч тенге казахских)"	"2019 год"	"201912"	"ТАЛАССКИЙ РАЙОН"	"9029"	"вторичный вид деятельности"	"3"	"Всего"	"1"	"Всего"	"1"	"10 660 000 000"
"Объем выполненных строительных работ (услуг)(Тысяч тенге казахских)"	"2020 год"	"202012"	"ТАЛАССКИЙ РАЙОН"	"9029"	"вторичный вид деятельности"	"3"	"Всего"	"1"	"Всего"	"1"	"269 417 000 000"
"Объем выполненных строительных работ (услуг)(Тысяч тенге казахских)"	"2021 год"	"202112"	"ТАЛАССКИЙ РАЙОН"	"9029"	"вторичный вид деятельности"	"3"	"Всего"	"1"	"Всего"	"1"	"148 984 000 000"
"Объем выполненных строительных работ (услуг)(Тысяч тенге казахских)"	"2022 год"	"202212"	"ТАЛАССКИЙ РАЙОН"	"9029"	"вторичный вид деятельности"	"3"	"Всего"	"1"	"Всего"	"1"	"3 428 000 000"
"Объем выполненных строительных работ (услуг)(Тысяч тенге казахских)"	"2017 год"	"201712"	"ШУСКИЙ РАЙОН"	"9092"	"Всего"	"1"	"Всего"	"1"	"Всего"	"1"	"16 716 611 000 000"
"Объем выполненных строительных работ (услуг)(Тысяч тенге казахских)"	"2016 год"	"201612"	"ШУСКИЙ РАЙОН"	"9092"	"Всего"	"1"	"Всего"	"1"	"Всего"	"1"	"13 181 811 000 000"
"Объем выполненных строительных работ (услуг)(Тысяч тенге казахских)"	"2018 год"	"201812"	"ШУСКИЙ РАЙОН"	"9092"	"Всего"	"1"	"Всего"	"1"	"Всего"	"1"	"19 903 191 000 000"
"Объем выполненных строительных работ (услуг)(Тысяч тенге казахских)"	"2019 год"	"201912"	"ШУСКИЙ РАЙОН"	"9092"	"Всего"	"1"	"Всего"	"1"	"Всего"	"1"	"22 610 951 000 000"
"Объем выполненных строительных работ (услуг)(Тысяч тенге казахских)"	"2020 год"	"202012"	"ШУСКИЙ РАЙОН"	"9092"	"Всего"	"1"	"Всего"	"1"	"Всего"	"1"	"16 588 988 000 000"
"Объем выполненных строительных работ (услуг)(Тысяч тенге казахских)"	"2021 год"	"202112"	"ШУСКИЙ РАЙОН"	"9092"	"Всего"	"1"	"Всего"	"1"	"Всего"	"1"	"17 551 129 000 000"
"Объем выполненных строительных работ (услуг)(Тысяч тенге казахских)"	"2022 год"	"202212"	"ШУСКИЙ РАЙОН"	"9092"	"Всего"	"1"	"Всего"	"1"	"Всего"	"1"	"37 340 582 000 000"
"Объем выполненных строительных работ (услуг)(Тысяч тенге казахских)"	"2017 год"	"201712"	"ШУСКИЙ РАЙОН"	"9092"	"основной вид деятельности"	"2"	"Всего"	"1"	"Всего"	"1"	"14 269 446 000 000"
"Объем выполненных строительных работ (услуг)(Тысяч тенге казахских)"	"2016 год"	"201612"	"ШУСКИЙ РАЙОН"	"9092"	"основной вид деятельности"	"2"	"Всего"	"1"	"Всего"	"1"	"12 774 400 000 000"
"Объем выполненных строительных работ (услуг)(Тысяч тенге казахских)"	"2018 год"	"201812"	"ШУСКИЙ РАЙОН"	"9092"	"основной вид деятельности"	"2"	"Всего"	"1"	"Всего"	"1"	"13 668 882 000 000"
"Объем выполненных строительных работ (услуг)(Тысяч тенге казахских)"	"2019 год"	"201912"	"ШУСКИЙ РАЙОН"	"9092"	"основной вид деятельности"	"2"	"Всего"	"1"	"Всего"	"1"	"17 472 911 000 000"
"Объем выполненных строительных работ (услуг)(Тысяч тенге казахских)"	"2020 год"	"202012"	"ШУСКИЙ РАЙОН"	"9092"	"основной вид деятельности"	"2"	"Всего"	"1"	"Всего"	"1"	"15 223 943 000 000"
"Объем выполненных строительных работ (услуг)(Тысяч тенге казахских)"	"2021 год"	"202112"	"ШУСКИЙ РАЙОН"	"9092"	"основной вид деятельности"	"2"	"Всего"	"1"	"Всего"	"1"	"16 511 711 000 000"
"Объем выполненных строительных работ (услуг)(Тысяч тенге казахских)"	"2022 год"	"202212"	"ШУСКИЙ РАЙОН"	"9092"	"основной вид деятельности"	"2"	"Всего"	"1"	"Всего"	"1"	"36 460 113 000 000"
"Объем выполненных строительных работ (услуг)(Тысяч тенге казахских)"	"2017 год"	"201712"	"ШУСКИЙ РАЙОН"	"9092"	"вторичный вид деятельности"	"3"	"Всего"	"1"	"Всего"	"1"	"2 447 165 000 000"
"Объем выполненных строительных работ (услуг)(Тысяч тенге казахских)"	"2016 год"	"201612"	"ШУСКИЙ РАЙОН"	"9092"	"вторичный вид деятельности"	"3"	"Всего"	"1"	"Всего"	"1"	"407 411 000 000"
"Объем выполненных строительных работ (услуг)(Тысяч тенге казахских)"	"2018 год"	"201812"	"ШУСКИЙ РАЙОН"	"9092"	"вторичный вид деятельности"	"3"	"Всего"	"1"	"Всего"	"1"	"6 234 309 000 000"
"Объем выполненных строительных работ (услуг)(Тысяч тенге казахских)"	"2019 год"	"201912"	"ШУСКИЙ РАЙОН"	"9092"	"вторичный вид деятельности"	"3"	"Всего"	"1"	"Всего"	"1"	"5 138 040 000 000"
"Объем выполненных строительных работ (услуг)(Тысяч тенге казахских)"	"2020 год"	"202012"	"ШУСКИЙ РАЙОН"	"9092"	"вторичный вид деятельности"	"3"	"Всего"	"1"	"Всего"	"1"	"1 365 045 000 000"
"Объем выполненных строительных работ (услуг)(Тысяч тенге казахских)"	"2021 год"	"202112"	"ШУСКИЙ РАЙОН"	"9092"	"вторичный вид деятельности"	"3"	"Всего"	"1"	"Всего"	"1"	"1 039 418 000 000"
"Объем выполненных строительных работ (услуг)(Тысяч тенге казахских)"	"2022 год"	"202212"	"ШУСКИЙ РАЙОН"	"9092"	"вторичный вид деятельности"	"3"	"Всего"	"1"	"Всего"	"1"	"880 469 000 000"
"Объем выполненных строительных работ (услуг)(Тысяч тенге казахских)"	"2022 год"	"202212"	"ОБЛАСТЬ ЖЕТІСУ"	"9206"	"Всего"	"1"	"Всего"	"1"	"Всего"	"1"	"141 179 826 000 000"
"Объем выполненных строительных работ (услуг)(Тысяч тенге казахских)"	"2022 год"	"202212"	"ОБЛАСТЬ ЖЕТІСУ"	"9206"	"основной вид деятельности"	"2"	"Всего"	"1"	"Всего"	"1"	"133 924 317 000 000"
"Объем выполненных строительных работ (услуг)(Тысяч тенге казахских)"	"2022 год"	"202212"	"ОБЛАСТЬ ЖЕТІСУ"	"9206"	"вторичный вид деятельности"	"3"	"Всего"	"1"	"Всего"	"1"	"7 255 509 000 000"
"Объем выполненных строительных работ (услуг)(Тысяч тенге казахских)"	"2017 год"	"201712"	"КАРАГАНДИНСКАЯ ОБЛАСТЬ"	"9207"	"Всего"	"1"	"Всего"	"1"	"Всего"	"1"	"170 991 698 000 000"
"Объем выполненных строительных работ (услуг)(Тысяч тенге казахских)"	"2016 год"	"201612"	"КАРАГАНДИНСКАЯ ОБЛАСТЬ"	"9207"	"Всего"	"1"	"Всего"	"1"	"Всего"	"1"	"149 010 940 000 000"
"Объем выполненных строительных работ (услуг)(Тысяч тенге казахских)"	"2018 год"	"201812"	"КАРАГАНДИНСКАЯ ОБЛАСТЬ"	"9207"	"Всего"	"1"	"Всего"	"1"	"Всего"	"1"	"217 672 785 000 000"
"Объем выполненных строительных работ (услуг)(Тысяч тенге казахских)"	"2019 год"	"201912"	"КАРАГАНДИНСКАЯ ОБЛАСТЬ"	"9207"	"Всего"	"1"	"Всего"	"1"	"Всего"	"1"	"433 918 015 000 000"
"Объем выполненных строительных работ (услуг)(Тысяч тенге казахских)"	"2020 год"	"202012"	"КАРАГАНДИНСКАЯ ОБЛАСТЬ"	"9207"	"Всего"	"1"	"Всего"	"1"	"Всего"	"1"	"466 735 204 000 000"
"Объем выполненных строительных работ (услуг)(Тысяч тенге казахских)"	"2021 год"	"202112"	"КАРАГАНДИНСКАЯ ОБЛАСТЬ"	"9207"	"Всего"	"1"	"Всего"	"1"	"Всего"	"1"	"452 474 136 000 000"
"Объем выполненных строительных работ (услуг)(Тысяч тенге казахских)"	"2022 год"	"202212"	"КАРАГАНДИНСКАЯ ОБЛАСТЬ"	"9207"	"Всего"	"1"	"Всего"	"1"	"Всего"	"1"	"351 059 039 000 000"
"Объем выполненных строительных работ (услуг)(Тысяч тенге казахских)"	"2017 год"	"201712"	"КАРАГАНДИНСКАЯ ОБЛАСТЬ"	"9207"	"основной вид деятельности"	"2"	"Всего"	"1"	"Всего"	"1"	"164 094 502 000 000"
"Объем выполненных строительных работ (услуг)(Тысяч тенге казахских)"	"2016 год"	"201612"	"КАРАГАНДИНСКАЯ ОБЛАСТЬ"	"9207"	"основной вид деятельности"	"2"	"Всего"	"1"	"Всего"	"1"	"141 947 721 000 000"
"Объем выполненных строительных работ (услуг)(Тысяч тенге казахских)"	"2018 год"	"201812"	"КАРАГАНДИНСКАЯ ОБЛАСТЬ"	"9207"	"основной вид деятельности"	"2"	"Всего"	"1"	"Всего"	"1"	"190 436 133 000 000"
"Объем выполненных строительных работ (услуг)(Тысяч тенге казахских)"	"2019 год"	"201912"	"КАРАГАНДИНСКАЯ ОБЛАСТЬ"	"9207"	"основной вид деятельности"	"2"	"Всего"	"1"	"Всего"	"1"	"376 141 085 000 000"
"Объем выполненных строительных работ (услуг)(Тысяч тенге казахских)"	"2020 год"	"202012"	"КАРАГАНДИНСКАЯ ОБЛАСТЬ"	"9207"	"основной вид деятельности"	"2"	"Всего"	"1"	"Всего"	"1"	"382 227 171 000 000"
"Объем выполненных строительных работ (услуг)(Тысяч тенге казахских)"	"2021 год"	"202112"	"КАРАГАНДИНСКАЯ ОБЛАСТЬ"	"9207"	"основной вид деятельности"	"2"	"Всего"	"1"	"Всего"	"1"	"416 663 937 000 000"
"Объем выполненных строительных работ (услуг)(Тысяч тенге казахских)"	"2022 год"	"202212"	"КАРАГАНДИНСКАЯ ОБЛАСТЬ"	"9207"	"основной вид деятельности"	"2"	"Всего"	"1"	"Всего"	"1"	"334 645 951 000 000"
"Объем выполненных строительных работ (услуг)(Тысяч тенге казахских)"	"2017 год"	"201712"	"КАРАГАНДИНСКАЯ ОБЛАСТЬ"	"9207"	"вторичный вид деятельности"	"3"	"Всего"	"1"	"Всего"	"1"	"6 897 196 000 000"
"Объем выполненных строительных работ (услуг)(Тысяч тенге казахских)"	"2016 год"	"201612"	"КАРАГАНДИНСКАЯ ОБЛАСТЬ"	"9207"	"вторичный вид деятельности"	"3"	"Всего"	"1"	"Всего"	"1"	"7 063 219 000 000"
"Объем выполненных строительных работ (услуг)(Тысяч тенге казахских)"	"2018 год"	"201812"	"КАРАГАНДИНСКАЯ ОБЛАСТЬ"	"9207"	"вторичный вид деятельности"	"3"	"Всего"	"1"	"Всего"	"1"	"27 236 652 000 000"
"Объем выполненных строительных работ (услуг)(Тысяч тенге казахских)"	"2019 год"	"201912"	"КАРАГАНДИНСКАЯ ОБЛАСТЬ"	"9207"	"вторичный вид деятельности"	"3"	"Всего"	"1"	"Всего"	"1"	"57 776 930 000 000"
"Объем выполненных строительных работ (услуг)(Тысяч тенге казахских)"	"2020 год"	"202012"	"КАРАГАНДИНСКАЯ ОБЛАСТЬ"	"9207"	"вторичный вид деятельности"	"3"	"Всего"	"1"	"Всего"	"1"	"84 508 033 000 000"
"Объем выполненных строительных работ (услуг)(Тысяч тенге казахских)"	"2021 год"	"202112"	"КАРАГАНДИНСКАЯ ОБЛАСТЬ"	"9207"	"вторичный вид деятельности"	"3"	"Всего"	"1"	"Всего"	"1"	"35 810 199 000 000"
"Объем выполненных строительных работ (услуг)(Тысяч тенге казахских)"	"2022 год"	"202212"	"КАРАГАНДИНСКАЯ ОБЛАСТЬ"	"9207"	"вторичный вид деятельности"	"3"	"Всего"	"1"	"Всего"	"1"	"16 413 088 000 000"
"Объем выполненных строительных работ (услуг)(Тысяч тенге казахских)"	"2017 год"	"201712"	"КАРАГАНДА Г.А."	"9208"	"Всего"	"1"	"Всего"	"1"	"Всего"	"1"	"52 104 290 000 000"
"Объем выполненных строительных работ (услуг)(Тысяч тенге казахских)"	"2016 год"	"201612"	"КАРАГАНДА Г.А."	"9208"	"Всего"	"1"	"Всего"	"1"	"Всего"	"1"	"41 533 405 000 000"
"Объем выполненных строительных работ (услуг)(Тысяч тенге казахских)"	"2018 год"	"201812"	"КАРАГАНДА Г.А."	"9208"	"Всего"	"1"	"Всего"	"1"	"Всего"	"1"	"67 934 151 000 000"
"Объем выполненных строительных работ (услуг)(Тысяч тенге казахских)"	"2019 год"	"201912"	"КАРАГАНДА Г.А."	"9208"	"Всего"	"1"	"Всего"	"1"	"Всего"	"1"	"69 836 520 000 000"
"Объем выполненных строительных работ (услуг)(Тысяч тенге казахских)"	"2020 год"	"202012"	"КАРАГАНДА Г.А."	"9208"	"Всего"	"1"	"Всего"	"1"	"Всего"	"1"	"96 430 968 000 000"
"Объем выполненных строительных работ (услуг)(Тысяч тенге казахских)"	"2021 год"	"202112"	"КАРАГАНДА Г.А."	"9208"	"Всего"	"1"	"Всего"	"1"	"Всего"	"1"	"139 841 197 000 000"
"Объем выполненных строительных работ (услуг)(Тысяч тенге казахских)"	"2022 год"	"202212"	"КАРАГАНДА Г.А."	"9208"	"Всего"	"1"	"Всего"	"1"	"Всего"	"1"	"100 208 567 000 000"
"Объем выполненных строительных работ (услуг)(Тысяч тенге казахских)"	"2017 год"	"201712"	"КАРАГАНДА Г.А."	"9208"	"основной вид деятельности"	"2"	"Всего"	"1"	"Всего"	"1"	"49 624 138 000 000"
"Объем выполненных строительных работ (услуг)(Тысяч тенге казахских)"	"2016 год"	"201612"	"КАРАГАНДА Г.А."	"9208"	"основной вид деятельности"	"2"	"Всего"	"1"	"Всего"	"1"	"38 799 774 000 000"
"Объем выполненных строительных работ (услуг)(Тысяч тенге казахских)"	"2018 год"	"201812"	"КАРАГАНДА Г.А."	"9208"	"основной вид деятельности"	"2"	"Всего"	"1"	"Всего"	"1"	"62 888 959 000 000"
"Объем выполненных строительных работ (услуг)(Тысяч тенге казахских)"	"2019 год"	"201912"	"КАРАГАНДА Г.А."	"9208"	"основной вид деятельности"	"2"	"Всего"	"1"	"Всего"	"1"	"61 701 339 000 000"
"Объем выполненных строительных работ (услуг)(Тысяч тенге казахских)"	"2020 год"	"202012"	"КАРАГАНДА Г.А."	"9208"	"основной вид деятельности"	"2"	"Всего"	"1"	"Всего"	"1"	"83 303 314 000 000"
"Объем выполненных строительных работ (услуг)(Тысяч тенге казахских)"	"2021 год"	"202112"	"КАРАГАНДА Г.А."	"9208"	"основной вид деятельности"	"2"	"Всего"	"1"	"Всего"	"1"	"133 090 029 000 000"
"Объем выполненных строительных работ (услуг)(Тысяч тенге казахских)"	"2022 год"	"202212"	"КАРАГАНДА Г.А."	"9208"	"основной вид деятельности"	"2"	"Всего"	"1"	"Всего"	"1"	"94 844 668 000 000"
"Объем выполненных строительных работ (услуг)(Тысяч тенге казахских)"	"2017 год"	"201712"	"КАРАГАНДА Г.А."	"9208"	"вторичный вид деятельности"	"3"	"Всего"	"1"	"Всего"	"1"	"2 480 152 000 000"
"Объем выполненных строительных работ (услуг)(Тысяч тенге казахских)"	"2016 год"	"201612"	"КАРАГАНДА Г.А."	"9208"	"вторичный вид деятельности"	"3"	"Всего"	"1"	"Всего"	"1"	"2 733 631 000 000"
"Объем выполненных строительных работ (услуг)(Тысяч тенге казахских)"	"2018 год"	"201812"	"КАРАГАНДА Г.А."	"9208"	"вторичный вид деятельности"	"3"	"Всего"	"1"	"Всего"	"1"	"5 045 192 000 000"
"Объем выполненных строительных работ (услуг)(Тысяч тенге казахских)"	"2019 год"	"201912"	"КАРАГАНДА Г.А."	"9208"	"вторичный вид деятельности"	"3"	"Всего"	"1"	"Всего"	"1"	"8 135 181 000 000"
"Объем выполненных строительных работ (услуг)(Тысяч тенге казахских)"	"2020 год"	"202012"	"КАРАГАНДА Г.А."	"9208"	"вторичный вид деятельности"	"3"	"Всего"	"1"	"Всего"	"1"	"13 127 654 000 000"
"Объем выполненных строительных работ (услуг)(Тысяч тенге казахских)"	"2021 год"	"202112"	"КАРАГАНДА Г.А."	"9208"	"вторичный вид деятельности"	"3"	"Всего"	"1"	"Всего"	"1"	"6 751 168 000 000"
"Объем выполненных строительных работ (услуг)(Тысяч тенге казахских)"	"2022 год"	"202212"	"КАРАГАНДА Г.А."	"9208"	"вторичный вид деятельности"	"3"	"Всего"	"1"	"Всего"	"1"	"5 363 899 000 000"
"Объем выполненных строительных работ (услуг)(Тысяч тенге казахских)"	"2017 год"	"201712"	"БАЛХАШ Г.А."	"9215"	"Всего"	"1"	"Всего"	"1"	"Всего"	"1"	"6 824 267 000 000"
"Объем выполненных строительных работ (услуг)(Тысяч тенге казахских)"	"2016 год"	"201612"	"БАЛХАШ Г.А."	"9215"	"Всего"	"1"	"Всего"	"1"	"Всего"	"1"	"4 910 636 000 000"
"Объем выполненных строительных работ (услуг)(Тысяч тенге казахских)"	"2018 год"	"201812"	"БАЛХАШ Г.А."	"9215"	"Всего"	"1"	"Всего"	"1"	"Всего"	"1"	"12 653 915 000 000"
"Объем выполненных строительных работ (услуг)(Тысяч тенге казахских)"	"2019 год"	"201912"	"БАЛХАШ Г.А."	"9215"	"Всего"	"1"	"Всего"	"1"	"Всего"	"1"	"17 299 394 000 000"
"Объем выполненных строительных работ (услуг)(Тысяч тенге казахских)"	"2020 год"	"202012"	"БАЛХАШ Г.А."	"9215"	"Всего"	"1"	"Всего"	"1"	"Всего"	"1"	"27 781 402 000 000"
"Объем выполненных строительных работ (услуг)(Тысяч тенге казахских)"	"2021 год"	"202112"	"БАЛХАШ Г.А."	"9215"	"Всего"	"1"	"Всего"	"1"	"Всего"	"1"	"37 098 548 000 000"
"Объем выполненных строительных работ (услуг)(Тысяч тенге казахских)"	"2022 год"	"202212"	"БАЛХАШ Г.А."	"9215"	"Всего"	"1"	"Всего"	"1"	"Всего"	"1"	"25 606 036 000 000"
"Объем выполненных строительных работ (услуг)(Тысяч тенге казахских)"	"2017 год"	"201712"	"БАЛХАШ Г.А."	"9215"	"основной вид деятельности"	"2"	"Всего"	"1"	"Всего"	"1"	"6 812 094 000 000"
"Объем выполненных строительных работ (услуг)(Тысяч тенге казахских)"	"2016 год"	"201612"	"БАЛХАШ Г.А."	"9215"	"основной вид деятельности"	"2"	"Всего"	"1"	"Всего"	"1"	"2 836 107 000 000"
"Объем выполненных строительных работ (услуг)(Тысяч тенге казахских)"	"2018 год"	"201812"	"БАЛХАШ Г.А."	"9215"	"основной вид деятельности"	"2"	"Всего"	"1"	"Всего"	"1"	"11 120 149 000 000"
"Объем выполненных строительных работ (услуг)(Тысяч тенге казахских)"	"2019 год"	"201912"	"БАЛХАШ Г.А."	"9215"	"основной вид деятельности"	"2"	"Всего"	"1"	"Всего"	"1"	"16 543 278 000 000"
"Объем выполненных строительных работ (услуг)(Тысяч тенге казахских)"	"2020 год"	"202012"	"БАЛХАШ Г.А."	"9215"	"основной вид деятельности"	"2"	"Всего"	"1"	"Всего"	"1"	"26 717 679 000 000"
"Объем выполненных строительных работ (услуг)(Тысяч тенге казахских)"	"2021 год"	"202112"	"БАЛХАШ Г.А."	"9215"	"основной вид деятельности"	"2"	"Всего"	"1"	"Всего"	"1"	"29 774 840 000 000"
"Объем выполненных строительных работ (услуг)(Тысяч тенге казахских)"	"2022 год"	"202212"	"БАЛХАШ Г.А."	"9215"	"основной вид деятельности"	"2"	"Всего"	"1"	"Всего"	"1"	"19 203 445 000 000"
"Объем выполненных строительных работ (услуг)(Тысяч тенге казахских)"	"2017 год"	"201712"	"БАЛХАШ Г.А."	"9215"	"вторичный вид деятельности"	"3"	"Всего"	"1"	"Всего"	"1"	"12 173 000 000"
"Объем выполненных строительных работ (услуг)(Тысяч тенге казахских)"	"2016 год"	"201612"	"БАЛХАШ Г.А."	"9215"	"вторичный вид деятельности"	"3"	"Всего"	"1"	"Всего"	"1"	"2 074 529 000 000"
"Объем выполненных строительных работ (услуг)(Тысяч тенге казахских)"	"2018 год"	"201812"	"БАЛХАШ Г.А."	"9215"	"вторичный вид деятельности"	"3"	"Всего"	"1"	"Всего"	"1"	"1 533 766 000 000"
"Объем выполненных строительных работ (услуг)(Тысяч тенге казахских)"	"2019 год"	"201912"	"БАЛХАШ Г.А."	"9215"	"вторичный вид деятельности"	"3"	"Всего"	"1"	"Всего"	"1"	"756 116 000 000"
"Объем выполненных строительных работ (услуг)(Тысяч тенге казахских)"	"2020 год"	"202012"	"БАЛХАШ Г.А."	"9215"	"вторичный вид деятельности"	"3"	"Всего"	"1"	"Всего"	"1"	"1 063 723 000 000"
"Объем выполненных строительных работ (услуг)(Тысяч тенге казахских)"	"2021 год"	"202112"	"БАЛХАШ Г.А."	"9215"	"вторичный вид деятельности"	"3"	"Всего"	"1"	"Всего"	"1"	"7 323 708 000 000"
"Объем выполненных строительных работ (услуг)(Тысяч тенге казахских)"	"2022 год"	"202212"	"БАЛХАШ Г.А."	"9215"	"вторичный вид деятельности"	"3"	"Всего"	"1"	"Всего"	"1"	"6 402 591 000 000"
"Объем выполненных строительных работ (услуг)(Тысяч тенге казахских)"	"2017 год"	"201712"	"ЖЕЗКАЗГАН Г.А."	"9224"	"Всего"	"1"	"Всего"	"1"	"Всего"	"1"	"7 512 667 000 000"
"Объем выполненных строительных работ (услуг)(Тысяч тенге казахских)"	"2016 год"	"201612"	"ЖЕЗКАЗГАН Г.А."	"9224"	"Всего"	"1"	"Всего"	"1"	"Всего"	"1"	"9 204 938 000 000"
"Объем выполненных строительных работ (услуг)(Тысяч тенге казахских)"	"2018 год"	"201812"	"ЖЕЗКАЗГАН Г.А."	"9224"	"Всего"	"1"	"Всего"	"1"	"Всего"	"1"	"9 961 122 000 000"
"Объем выполненных строительных работ (услуг)(Тысяч тенге казахских)"	"2019 год"	"201912"	"ЖЕЗКАЗГАН Г.А."	"9224"	"Всего"	"1"	"Всего"	"1"	"Всего"	"1"	"20 713 278 000 000"
"Объем выполненных строительных работ (услуг)(Тысяч тенге казахских)"	"2020 год"	"202012"	"ЖЕЗКАЗГАН Г.А."	"9224"	"Всего"	"1"	"Всего"	"1"	"Всего"	"1"	"22 203 959 000 000"
"Объем выполненных строительных работ (услуг)(Тысяч тенге казахских)"	"2021 год"	"202112"	"ЖЕЗКАЗГАН Г.А."	"9224"	"Всего"	"1"	"Всего"	"1"	"Всего"	"1"	"22 421 415 000 000"
"Объем выполненных строительных работ (услуг)(Тысяч тенге казахских)"	"2022 год"	"202212"	"ЖЕЗКАЗГАН Г.А."	"9224"	"Всего"	"1"	"Всего"	"1"	"Всего"	"1"	"21 963 125 000 000"
"Объем выполненных строительных работ (услуг)(Тысяч тенге казахских)"	"2017 год"	"201712"	"ЖЕЗКАЗГАН Г.А."	"9224"	"основной вид деятельности"	"2"	"Всего"	"1"	"Всего"	"1"	"7 269 965 000 000"
"Объем выполненных строительных работ (услуг)(Тысяч тенге казахских)"	"2016 год"	"201612"	"ЖЕЗКАЗГАН Г.А."	"9224"	"основной вид деятельности"	"2"	"Всего"	"1"	"Всего"	"1"	"7 798 144 000 000"
"Объем выполненных строительных работ (услуг)(Тысяч тенге казахских)"	"2018 год"	"201812"	"ЖЕЗКАЗГАН Г.А."	"9224"	"основной вид деятельности"	"2"	"Всего"	"1"	"Всего"	"1"	"7 664 944 000 000"
"Объем выполненных строительных работ (услуг)(Тысяч тенге казахских)"	"2019 год"	"201912"	"ЖЕЗКАЗГАН Г.А."	"9224"	"основной вид деятельности"	"2"	"Всего"	"1"	"Всего"	"1"	"19 729 522 000 000"
"Объем выполненных строительных работ (услуг)(Тысяч тенге казахских)"	"2020 год"	"202012"	"ЖЕЗКАЗГАН Г.А."	"9224"	"основной вид деятельности"	"2"	"Всего"	"1"	"Всего"	"1"	"21 980 410 000 000"
"Объем выполненных строительных работ (услуг)(Тысяч тенге казахских)"	"2021 год"	"202112"	"ЖЕЗКАЗГАН Г.А."	"9224"	"основной вид деятельности"	"2"	"Всего"	"1"	"Всего"	"1"	"21 475 713 000 000"
"Объем выполненных строительных работ (услуг)(Тысяч тенге казахских)"	"2022 год"	"202212"	"ЖЕЗКАЗГАН Г.А."	"9224"	"основной вид деятельности"	"2"	"Всего"	"1"	"Всего"	"1"	"21 751 593 000 000"
"Объем выполненных строительных работ (услуг)(Тысяч тенге казахских)"	"2017 год"	"201712"	"ЖЕЗКАЗГАН Г.А."	"9224"	"вторичный вид деятельности"	"3"	"Всего"	"1"	"Всего"	"1"	"242 702 000 000"
"Объем выполненных строительных работ (услуг)(Тысяч тенге казахских)"	"2016 год"	"201612"	"ЖЕЗКАЗГАН Г.А."	"9224"	"вторичный вид деятельности"	"3"	"Всего"	"1"	"Всего"	"1"	"1 406 794 000 000"
"Объем выполненных строительных работ (услуг)(Тысяч тенге казахских)"	"2018 год"	"201812"	"ЖЕЗКАЗГАН Г.А."	"9224"	"вторичный вид деятельности"	"3"	"Всего"	"1"	"Всего"	"1"	"2 296 178 000 000"
"Объем выполненных строительных работ (услуг)(Тысяч тенге казахских)"	"2019 год"	"201912"	"ЖЕЗКАЗГАН Г.А."	"9224"	"вторичный вид деятельности"	"3"	"Всего"	"1"	"Всего"	"1"	"983 756 000 000"
"Объем выполненных строительных работ (услуг)(Тысяч тенге казахских)"	"2020 год"	"202012"	"ЖЕЗКАЗГАН Г.А."	"9224"	"вторичный вид деятельности"	"3"	"Всего"	"1"	"Всего"	"1"	"223 549 000 000"
"Объем выполненных строительных работ (услуг)(Тысяч тенге казахских)"	"2021 год"	"202112"	"ЖЕЗКАЗГАН Г.А."	"9224"	"вторичный вид деятельности"	"3"	"Всего"	"1"	"Всего"	"1"	"945 702 000 000"
"Объем выполненных строительных работ (услуг)(Тысяч тенге казахских)"	"2022 год"	"202212"	"ЖЕЗКАЗГАН Г.А."	"9224"	"вторичный вид деятельности"	"3"	"Всего"	"1"	"Всего"	"1"	"211 532 000 000"
"Объем выполненных строительных работ (услуг)(Тысяч тенге казахских)"	"2017 год"	"201712"	"КАРАЖАЛ Г.А."	"9325"	"Всего"	"1"	"Всего"	"1"	"Всего"	"1"	"6 303 079 000 000"
"Объем выполненных строительных работ (услуг)(Тысяч тенге казахских)"	"2016 год"	"201612"	"КАРАЖАЛ Г.А."	"9325"	"Всего"	"1"	"Всего"	"1"	"Всего"	"1"	"2 329 752 000 000"
"Объем выполненных строительных работ (услуг)(Тысяч тенге казахских)"	"2018 год"	"201812"	"КАРАЖАЛ Г.А."	"9325"	"Всего"	"1"	"Всего"	"1"	"Всего"	"1"	"29 090 946 000 000"
"Объем выполненных строительных работ (услуг)(Тысяч тенге казахских)"	"2019 год"	"201912"	"КАРАЖАЛ Г.А."	"9325"	"Всего"	"1"	"Всего"	"1"	"Всего"	"1"	"67 769 180 000 000"
"Объем выполненных строительных работ (услуг)(Тысяч тенге казахских)"	"2020 год"	"202012"	"КАРАЖАЛ Г.А."	"9325"	"Всего"	"1"	"Всего"	"1"	"Всего"	"1"	"71 312 865 000 000"
"Объем выполненных строительных работ (услуг)(Тысяч тенге казахских)"	"2021 год"	"202112"	"КАРАЖАЛ Г.А."	"9325"	"Всего"	"1"	"Всего"	"1"	"Всего"	"1"	"22 031 839 000 000"
"Объем выполненных строительных работ (услуг)(Тысяч тенге казахских)"	"2022 год"	"202212"	"КАРАЖАЛ Г.А."	"9325"	"Всего"	"1"	"Всего"	"1"	"Всего"	"1"	"27 497 566 000 000"
"Объем выполненных строительных работ (услуг)(Тысяч тенге казахских)"	"2017 год"	"201712"	"КАРАЖАЛ Г.А."	"9325"	"основной вид деятельности"	"2"	"Всего"	"1"	"Всего"	"1"	"3 449 117 000 000"
"Объем выполненных строительных работ (услуг)(Тысяч тенге казахских)"	"2016 год"	"201612"	"КАРАЖАЛ Г.А."	"9325"	"основной вид деятельности"	"2"	"Всего"	"1"	"Всего"	"1"	"2 308 480 000 000"
"Объем выполненных строительных работ (услуг)(Тысяч тенге казахских)"	"2018 год"	"201812"	"КАРАЖАЛ Г.А."	"9325"	"основной вид деятельности"	"2"	"Всего"	"1"	"Всего"	"1"	"13 554 813 000 000"
"Объем выполненных строительных работ (услуг)(Тысяч тенге казахских)"	"2019 год"	"201912"	"КАРАЖАЛ Г.А."	"9325"	"основной вид деятельности"	"2"	"Всего"	"1"	"Всего"	"1"	"28 496 661 000 000"
"Объем выполненных строительных работ (услуг)(Тысяч тенге казахских)"	"2020 год"	"202012"	"КАРАЖАЛ Г.А."	"9325"	"основной вид деятельности"	"2"	"Всего"	"1"	"Всего"	"1"	"29 676 376 000 000"
"Объем выполненных строительных работ (услуг)(Тысяч тенге казахских)"	"2021 год"	"202112"	"КАРАЖАЛ Г.А."	"9325"	"основной вид деятельности"	"2"	"Всего"	"1"	"Всего"	"1"	"10 811 931 000 000"
"Объем выполненных строительных работ (услуг)(Тысяч тенге казахских)"	"2022 год"	"202212"	"КАРАЖАЛ Г.А."	"9325"	"основной вид деятельности"	"2"	"Всего"	"1"	"Всего"	"1"	"14 828 554 000 000"
"Объем выполненных строительных работ (услуг)(Тысяч тенге казахских)"	"2017 год"	"201712"	"КАРАЖАЛ Г.А."	"9325"	"вторичный вид деятельности"	"3"	"Всего"	"1"	"Всего"	"1"	"2 853 962 000 000"
"Объем выполненных строительных работ (услуг)(Тысяч тенге казахских)"	"2016 год"	"201612"	"КАРАЖАЛ Г.А."	"9325"	"вторичный вид деятельности"	"3"	"Всего"	"1"	"Всего"	"1"	"21 272 000 000"
"Объем выполненных строительных работ (услуг)(Тысяч тенге казахских)"	"2018 год"	"201812"	"КАРАЖАЛ Г.А."	"9325"	"вторичный вид деятельности"	"3"	"Всего"	"1"	"Всего"	"1"	"15 536 133 000 000"
"Объем выполненных строительных работ (услуг)(Тысяч тенге казахских)"	"2019 год"	"201912"	"КАРАЖАЛ Г.А."	"9325"	"вторичный вид деятельности"	"3"	"Всего"	"1"	"Всего"	"1"	"39 272 519 000 000"
"Объем выполненных строительных работ (услуг)(Тысяч тенге казахских)"	"2020 год"	"202012"	"КАРАЖАЛ Г.А."	"9325"	"вторичный вид деятельности"	"3"	"Всего"	"1"	"Всего"	"1"	"41 636 489 000 000"
"Объем выполненных строительных работ (услуг)(Тысяч тенге казахских)"	"2021 год"	"202112"	"КАРАЖАЛ Г.А."	"9325"	"вторичный вид деятельности"	"3"	"Всего"	"1"	"Всего"	"1"	"11 219 908 000 000"
"Объем выполненных строительных работ (услуг)(Тысяч тенге казахских)"	"2022 год"	"202212"	"КАРАЖАЛ Г.А."	"9325"	"вторичный вид деятельности"	"3"	"Всего"	"1"	"Всего"	"1"	"12 669 012 000 000"
"Объем выполненных строительных работ (услуг)(Тысяч тенге казахских)"	"2017 год"	"201712"	"ПРИОЗЕРСК Г.А."	"9329"	"Всего"	"1"	"Всего"	"1"	"Всего"	"1"	"956 010 000 000"
"Объем выполненных строительных работ (услуг)(Тысяч тенге казахских)"	"2016 год"	"201612"	"ПРИОЗЕРСК Г.А."	"9329"	"Всего"	"1"	"Всего"	"1"	"Всего"	"1"	"827 902 000 000"
"Объем выполненных строительных работ (услуг)(Тысяч тенге казахских)"	"2018 год"	"201812"	"ПРИОЗЕРСК Г.А."	"9329"	"Всего"	"1"	"Всего"	"1"	"Всего"	"1"	"832 935 000 000"
"Объем выполненных строительных работ (услуг)(Тысяч тенге казахских)"	"2019 год"	"201912"	"ПРИОЗЕРСК Г.А."	"9329"	"Всего"	"1"	"Всего"	"1"	"Всего"	"1"	"377 693 000 000"
"Объем выполненных строительных работ (услуг)(Тысяч тенге казахских)"	"2020 год"	"202012"	"ПРИОЗЕРСК Г.А."	"9329"	"Всего"	"1"	"Всего"	"1"	"Всего"	"1"	"891 080 000 000"
"Объем выполненных строительных работ (услуг)(Тысяч тенге казахских)"	"2021 год"	"202112"	"ПРИОЗЕРСК Г.А."	"9329"	"Всего"	"1"	"Всего"	"1"	"Всего"	"1"	"1 263 500 000 000"
"Объем выполненных строительных работ (услуг)(Тысяч тенге казахских)"	"2022 год"	"202212"	"ПРИОЗЕРСК Г.А."	"9329"	"Всего"	"1"	"Всего"	"1"	"Всего"	"1"	"4 523 243 000 000"
"Объем выполненных строительных работ (услуг)(Тысяч тенге казахских)"	"2017 год"	"201712"	"ПРИОЗЕРСК Г.А."	"9329"	"основной вид деятельности"	"2"	"Всего"	"1"	"Всего"	"1"	"954 560 000 000"
"Объем выполненных строительных работ (услуг)(Тысяч тенге казахских)"	"2016 год"	"201612"	"ПРИОЗЕРСК Г.А."	"9329"	"основной вид деятельности"	"2"	"Всего"	"1"	"Всего"	"1"	"827 253 000 000"
"Объем выполненных строительных работ (услуг)(Тысяч тенге казахских)"	"2018 год"	"201812"	"ПРИОЗЕРСК Г.А."	"9329"	"основной вид деятельности"	"2"	"Всего"	"1"	"Всего"	"1"	"832 935 000 000"
"Объем выполненных строительных работ (услуг)(Тысяч тенге казахских)"	"2019 год"	"201912"	"ПРИОЗЕРСК Г.А."	"9329"	"основной вид деятельности"	"2"	"Всего"	"1"	"Всего"	"1"	"377 370 000 000"
"Объем выполненных строительных работ (услуг)(Тысяч тенге казахских)"	"2020 год"	"202012"	"ПРИОЗЕРСК Г.А."	"9329"	"основной вид деятельности"	"2"	"Всего"	"1"	"Всего"	"1"	"782 783 000 000"
"Объем выполненных строительных работ (услуг)(Тысяч тенге казахских)"	"2021 год"	"202112"	"ПРИОЗЕРСК Г.А."	"9329"	"основной вид деятельности"	"2"	"Всего"	"1"	"Всего"	"1"	"1 263 500 000 000"
"Объем выполненных строительных работ (услуг)(Тысяч тенге казахских)"	"2022 год"	"202212"	"ПРИОЗЕРСК Г.А."	"9329"	"основной вид деятельности"	"2"	"Всего"	"1"	"Всего"	"1"	"4 523 243 000 000"
"Объем выполненных строительных работ (услуг)(Тысяч тенге казахских)"	"2017 год"	"201712"	"ПРИОЗЕРСК Г.А."	"9329"	"вторичный вид деятельности"	"3"	"Всего"	"1"	"Всего"	"1"	"1 450 000 000"
"Объем выполненных строительных работ (услуг)(Тысяч тенге казахских)"	"2016 год"	"201612"	"ПРИОЗЕРСК Г.А."	"9329"	"вторичный вид деятельности"	"3"	"Всего"	"1"	"Всего"	"1"	"649 000 000"
"Объем выполненных строительных работ (услуг)(Тысяч тенге казахских)"	"2019 год"	"201912"	"ПРИОЗЕРСК Г.А."	"9329"	"вторичный вид деятельности"	"3"	"Всего"	"1"	"Всего"	"1"	"323 000 000"
"Объем выполненных строительных работ (услуг)(Тысяч тенге казахских)"	"2020 год"	"202012"	"ПРИОЗЕРСК Г.А."	"9329"	"вторичный вид деятельности"	"3"	"Всего"	"1"	"Всего"	"1"	"108 297 000 000"
"Объем выполненных строительных работ (услуг)(Тысяч тенге казахских)"	"2017 год"	"201712"	"САРАНЬ Г.А."	"9331"	"Всего"	"1"	"Всего"	"1"	"Всего"	"1"	"2 216 668 000 000"
"Объем выполненных строительных работ (услуг)(Тысяч тенге казахских)"	"2016 год"	"201612"	"САРАНЬ Г.А."	"9331"	"Всего"	"1"	"Всего"	"1"	"Всего"	"1"	"867 741 000 000"
"Объем выполненных строительных работ (услуг)(Тысяч тенге казахских)"	"2018 год"	"201812"	"САРАНЬ Г.А."	"9331"	"Всего"	"1"	"Всего"	"1"	"Всего"	"1"	"4 632 488 000 000"
"Объем выполненных строительных работ (услуг)(Тысяч тенге казахских)"	"2019 год"	"201912"	"САРАНЬ Г.А."	"9331"	"Всего"	"1"	"Всего"	"1"	"Всего"	"1"	"3 045 799 000 000"
"Объем выполненных строительных работ (услуг)(Тысяч тенге казахских)"	"2020 год"	"202012"	"САРАНЬ Г.А."	"9331"	"Всего"	"1"	"Всего"	"1"	"Всего"	"1"	"5 730 230 000 000"
"Объем выполненных строительных работ (услуг)(Тысяч тенге казахских)"	"2021 год"	"202112"	"САРАНЬ Г.А."	"9331"	"Всего"	"1"	"Всего"	"1"	"Всего"	"1"	"15 513 594 000 000"
"Объем выполненных строительных работ (услуг)(Тысяч тенге казахских)"	"2022 год"	"202212"	"САРАНЬ Г.А."	"9331"	"Всего"	"1"	"Всего"	"1"	"Всего"	"1"	"48 618 941 000 000"
"Объем выполненных строительных работ (услуг)(Тысяч тенге казахских)"	"2017 год"	"201712"	"САРАНЬ Г.А."	"9331"	"основной вид деятельности"	"2"	"Всего"	"1"	"Всего"	"1"	"2 184 390 000 000"
"Объем выполненных строительных работ (услуг)(Тысяч тенге казахских)"	"2016 год"	"201612"	"САРАНЬ Г.А."	"9331"	"основной вид деятельности"	"2"	"Всего"	"1"	"Всего"	"1"	"775 040 000 000"
"Объем выполненных строительных работ (услуг)(Тысяч тенге казахских)"	"2018 год"	"201812"	"САРАНЬ Г.А."	"9331"	"основной вид деятельности"	"2"	"Всего"	"1"	"Всего"	"1"	"4 590 179 000 000"
"Объем выполненных строительных работ (услуг)(Тысяч тенге казахских)"	"2019 год"	"201912"	"САРАНЬ Г.А."	"9331"	"основной вид деятельности"	"2"	"Всего"	"1"	"Всего"	"1"	"2 559 678 000 000"
"Объем выполненных строительных работ (услуг)(Тысяч тенге казахских)"	"2020 год"	"202012"	"САРАНЬ Г.А."	"9331"	"основной вид деятельности"	"2"	"Всего"	"1"	"Всего"	"1"	"4 991 041 000 000"
"Объем выполненных строительных работ (услуг)(Тысяч тенге казахских)"	"2021 год"	"202112"	"САРАНЬ Г.А."	"9331"	"основной вид деятельности"	"2"	"Всего"	"1"	"Всего"	"1"	"15 414 288 000 000"
"Объем выполненных строительных работ (услуг)(Тысяч тенге казахских)"	"2022 год"	"202212"	"САРАНЬ Г.А."	"9331"	"основной вид деятельности"	"2"	"Всего"	"1"	"Всего"	"1"	"48 199 911 000 000"
"Объем выполненных строительных работ (услуг)(Тысяч тенге казахских)"	"2017 год"	"201712"	"САРАНЬ Г.А."	"9331"	"вторичный вид деятельности"	"3"	"Всего"	"1"	"Всего"	"1"	"32 278 000 000"
"Объем выполненных строительных работ (услуг)(Тысяч тенге казахских)"	"2016 год"	"201612"	"САРАНЬ Г.А."	"9331"	"вторичный вид деятельности"	"3"	"Всего"	"1"	"Всего"	"1"	"92 701 000 000"
"Объем выполненных строительных работ (услуг)(Тысяч тенге казахских)"	"2018 год"	"201812"	"САРАНЬ Г.А."	"9331"	"вторичный вид деятельности"	"3"	"Всего"	"1"	"Всего"	"1"	"42 309 000 000"
"Объем выполненных строительных работ (услуг)(Тысяч тенге казахских)"	"2019 год"	"201912"	"САРАНЬ Г.А."	"9331"	"вторичный вид деятельности"	"3"	"Всего"	"1"	"Всего"	"1"	"486 121 000 000"
"Объем выполненных строительных работ (услуг)(Тысяч тенге казахских)"	"2020 год"	"202012"	"САРАНЬ Г.А."	"9331"	"вторичный вид деятельности"	"3"	"Всего"	"1"	"Всего"	"1"	"739 189 000 000"
"Объем выполненных строительных работ (услуг)(Тысяч тенге казахских)"	"2021 год"	"202112"	"САРАНЬ Г.А."	"9331"	"вторичный вид деятельности"	"3"	"Всего"	"1"	"Всего"	"1"	"99 306 000 000"
"Объем выполненных строительных работ (услуг)(Тысяч тенге казахских)"	"2022 год"	"202212"	"САРАНЬ Г.А."	"9331"	"вторичный вид деятельности"	"3"	"Всего"	"1"	"Всего"	"1"	"419 030 000 000"
"Объем выполненных строительных работ (услуг)(Тысяч тенге казахских)"	"2017 год"	"201712"	"САТПАЕВ Г.А."	"9335"	"Всего"	"1"	"Всего"	"1"	"Всего"	"1"	"18 446 912 000 000"
"Объем выполненных строительных работ (услуг)(Тысяч тенге казахских)"	"2016 год"	"201612"	"САТПАЕВ Г.А."	"9335"	"Всего"	"1"	"Всего"	"1"	"Всего"	"1"	"13 441 619 000 000"
"Объем выполненных строительных работ (услуг)(Тысяч тенге казахских)"	"2018 год"	"201812"	"САТПАЕВ Г.А."	"9335"	"Всего"	"1"	"Всего"	"1"	"Всего"	"1"	"13 230 767 000 000"
"Объем выполненных строительных работ (услуг)(Тысяч тенге казахских)"	"2019 год"	"201912"	"САТПАЕВ Г.А."	"9335"	"Всего"	"1"	"Всего"	"1"	"Всего"	"1"	"12 463 636 000 000"
"Объем выполненных строительных работ (услуг)(Тысяч тенге казахских)"	"2020 год"	"202012"	"САТПАЕВ Г.А."	"9335"	"Всего"	"1"	"Всего"	"1"	"Всего"	"1"	"24 777 134 000 000"
"Объем выполненных строительных работ (услуг)(Тысяч тенге казахских)"	"2021 год"	"202112"	"САТПАЕВ Г.А."	"9335"	"Всего"	"1"	"Всего"	"1"	"Всего"	"1"	"26 203 573 000 000"
"Объем выполненных строительных работ (услуг)(Тысяч тенге казахских)"	"2022 год"	"202212"	"САТПАЕВ Г.А."	"9335"	"Всего"	"1"	"Всего"	"1"	"Всего"	"1"	"33 134 925 000 000"
"Объем выполненных строительных работ (услуг)(Тысяч тенге казахских)"	"2017 год"	"201712"	"САТПАЕВ Г.А."	"9335"	"основной вид деятельности"	"2"	"Всего"	"1"	"Всего"	"1"	"18 401 072 000 000"
"Объем выполненных строительных работ (услуг)(Тысяч тенге казахских)"	"2016 год"	"201612"	"САТПАЕВ Г.А."	"9335"	"основной вид деятельности"	"2"	"Всего"	"1"	"Всего"	"1"	"13 105 271 000 000"
"Объем выполненных строительных работ (услуг)(Тысяч тенге казахских)"	"2018 год"	"201812"	"САТПАЕВ Г.А."	"9335"	"основной вид деятельности"	"2"	"Всего"	"1"	"Всего"	"1"	"13 063 285 000 000"
"Объем выполненных строительных работ (услуг)(Тысяч тенге казахских)"	"2019 год"	"201912"	"САТПАЕВ Г.А."	"9335"	"основной вид деятельности"	"2"	"Всего"	"1"	"Всего"	"1"	"12 036 870 000 000"
"Объем выполненных строительных работ (услуг)(Тысяч тенге казахских)"	"2020 год"	"202012"	"САТПАЕВ Г.А."	"9335"	"основной вид деятельности"	"2"	"Всего"	"1"	"Всего"	"1"	"23 987 717 000 000"
"Объем выполненных строительных работ (услуг)(Тысяч тенге казахских)"	"2021 год"	"202112"	"САТПАЕВ Г.А."	"9335"	"основной вид деятельности"	"2"	"Всего"	"1"	"Всего"	"1"	"25 898 518 000 000"
"Объем выполненных строительных работ (услуг)(Тысяч тенге казахских)"	"2022 год"	"202212"	"САТПАЕВ Г.А."	"9335"	"основной вид деятельности"	"2"	"Всего"	"1"	"Всего"	"1"	"32 998 377 000 000"
"Объем выполненных строительных работ (услуг)(Тысяч тенге казахских)"	"2017 год"	"201712"	"САТПАЕВ Г.А."	"9335"	"вторичный вид деятельности"	"3"	"Всего"	"1"	"Всего"	"1"	"45 840 000 000"
"Объем выполненных строительных работ (услуг)(Тысяч тенге казахских)"	"2016 год"	"201612"	"САТПАЕВ Г.А."	"9335"	"вторичный вид деятельности"	"3"	"Всего"	"1"	"Всего"	"1"	"336 348 000 000"
"Объем выполненных строительных работ (услуг)(Тысяч тенге казахских)"	"2018 год"	"201812"	"САТПАЕВ Г.А."	"9335"	"вторичный вид деятельности"	"3"	"Всего"	"1"	"Всего"	"1"	"167 482 000 000"
"Объем выполненных строительных работ (услуг)(Тысяч тенге казахских)"	"2019 год"	"201912"	"САТПАЕВ Г.А."	"9335"	"вторичный вид деятельности"	"3"	"Всего"	"1"	"Всего"	"1"	"426 766 000 000"
"Объем выполненных строительных работ (услуг)(Тысяч тенге казахских)"	"2020 год"	"202012"	"САТПАЕВ Г.А."	"9335"	"вторичный вид деятельности"	"3"	"Всего"	"1"	"Всего"	"1"	"789 417 000 000"
"Объем выполненных строительных работ (услуг)(Тысяч тенге казахских)"	"2021 год"	"202112"	"САТПАЕВ Г.А."	"9335"	"вторичный вид деятельности"	"3"	"Всего"	"1"	"Всего"	"1"	"305 055 000 000"
"Объем выполненных строительных работ (услуг)(Тысяч тенге казахских)"	"2022 год"	"202212"	"САТПАЕВ Г.А."	"9335"	"вторичный вид деятельности"	"3"	"Всего"	"1"	"Всего"	"1"	"136 548 000 000"
"Объем выполненных строительных работ (услуг)(Тысяч тенге казахских)"	"2017 год"	"201712"	"ТЕМИРТАУ Г.А."	"9340"	"Всего"	"1"	"Всего"	"1"	"Всего"	"1"	"25 328 572 000 000"
"Объем выполненных строительных работ (услуг)(Тысяч тенге казахских)"	"2016 год"	"201612"	"ТЕМИРТАУ Г.А."	"9340"	"Всего"	"1"	"Всего"	"1"	"Всего"	"1"	"24 951 025 000 000"
"Объем выполненных строительных работ (услуг)(Тысяч тенге казахских)"	"2018 год"	"201812"	"ТЕМИРТАУ Г.А."	"9340"	"Всего"	"1"	"Всего"	"1"	"Всего"	"1"	"26 935 986 000 000"
"Объем выполненных строительных работ (услуг)(Тысяч тенге казахских)"	"2019 год"	"201912"	"ТЕМИРТАУ Г.А."	"9340"	"Всего"	"1"	"Всего"	"1"	"Всего"	"1"	"36 083 447 000 000"
"Объем выполненных строительных работ (услуг)(Тысяч тенге казахских)"	"2020 год"	"202012"	"ТЕМИРТАУ Г.А."	"9340"	"Всего"	"1"	"Всего"	"1"	"Всего"	"1"	"37 087 244 000 000"
"Объем выполненных строительных работ (услуг)(Тысяч тенге казахских)"	"2021 год"	"202112"	"ТЕМИРТАУ Г.А."	"9340"	"Всего"	"1"	"Всего"	"1"	"Всего"	"1"	"47 124 467 000 000"
"Объем выполненных строительных работ (услуг)(Тысяч тенге казахских)"	"2022 год"	"202212"	"ТЕМИРТАУ Г.А."	"9340"	"Всего"	"1"	"Всего"	"1"	"Всего"	"1"	"65 745 101 000 000"
"Объем выполненных строительных работ (услуг)(Тысяч тенге казахских)"	"2017 год"	"201712"	"ТЕМИРТАУ Г.А."	"9340"	"основной вид деятельности"	"2"	"Всего"	"1"	"Всего"	"1"	"24 906 647 000 000"
"Объем выполненных строительных работ (услуг)(Тысяч тенге казахских)"	"2016 год"	"201612"	"ТЕМИРТАУ Г.А."	"9340"	"основной вид деятельности"	"2"	"Всего"	"1"	"Всего"	"1"	"24 893 182 000 000"
"Объем выполненных строительных работ (услуг)(Тысяч тенге казахских)"	"2018 год"	"201812"	"ТЕМИРТАУ Г.А."	"9340"	"основной вид деятельности"	"2"	"Всего"	"1"	"Всего"	"1"	"25 877 526 000 000"
"Объем выполненных строительных работ (услуг)(Тысяч тенге казахских)"	"2019 год"	"201912"	"ТЕМИРТАУ Г.А."	"9340"	"основной вид деятельности"	"2"	"Всего"	"1"	"Всего"	"1"	"35 526 209 000 000"
"Объем выполненных строительных работ (услуг)(Тысяч тенге казахских)"	"2020 год"	"202012"	"ТЕМИРТАУ Г.А."	"9340"	"основной вид деятельности"	"2"	"Всего"	"1"	"Всего"	"1"	"36 513 332 000 000"
"Объем выполненных строительных работ (услуг)(Тысяч тенге казахских)"	"2021 год"	"202112"	"ТЕМИРТАУ Г.А."	"9340"	"основной вид деятельности"	"2"	"Всего"	"1"	"Всего"	"1"	"46 447 229 000 000"
"Объем выполненных строительных работ (услуг)(Тысяч тенге казахских)"	"2022 год"	"202212"	"ТЕМИРТАУ Г.А."	"9340"	"основной вид деятельности"	"2"	"Всего"	"1"	"Всего"	"1"	"65 169 827 000 000"
"Объем выполненных строительных работ (услуг)(Тысяч тенге казахских)"	"2017 год"	"201712"	"ТЕМИРТАУ Г.А."	"9340"	"вторичный вид деятельности"	"3"	"Всего"	"1"	"Всего"	"1"	"421 925 000 000"
"Объем выполненных строительных работ (услуг)(Тысяч тенге казахских)"	"2016 год"	"201612"	"ТЕМИРТАУ Г.А."	"9340"	"вторичный вид деятельности"	"3"	"Всего"	"1"	"Всего"	"1"	"57 843 000 000"
"Объем выполненных строительных работ (услуг)(Тысяч тенге казахских)"	"2018 год"	"201812"	"ТЕМИРТАУ Г.А."	"9340"	"вторичный вид деятельности"	"3"	"Всего"	"1"	"Всего"	"1"	"1 058 460 000 000"
"Объем выполненных строительных работ (услуг)(Тысяч тенге казахских)"	"2019 год"	"201912"	"ТЕМИРТАУ Г.А."	"9340"	"вторичный вид деятельности"	"3"	"Всего"	"1"	"Всего"	"1"	"557 238 000 000"
"Объем выполненных строительных работ (услуг)(Тысяч тенге казахских)"	"2020 год"	"202012"	"ТЕМИРТАУ Г.А."	"9340"	"вторичный вид деятельности"	"3"	"Всего"	"1"	"Всего"	"1"	"573 912 000 000"
"Объем выполненных строительных работ (услуг)(Тысяч тенге казахских)"	"2021 год"	"202112"	"ТЕМИРТАУ Г.А."	"9340"	"вторичный вид деятельности"	"3"	"Всего"	"1"	"Всего"	"1"	"677 238 000 000"
"Объем выполненных строительных работ (услуг)(Тысяч тенге казахских)"	"2022 год"	"202212"	"ТЕМИРТАУ Г.А."	"9340"	"вторичный вид деятельности"	"3"	"Всего"	"1"	"Всего"	"1"	"575 274 000 000"
"Объем выполненных строительных работ (услуг)(Тысяч тенге казахских)"	"2017 год"	"201712"	"ШАХТИНСК Г.А."	"9344"	"Всего"	"1"	"Всего"	"1"	"Всего"	"1"	"1 456 915 000 000"
"Объем выполненных строительных работ (услуг)(Тысяч тенге казахских)"	"2016 год"	"201612"	"ШАХТИНСК Г.А."	"9344"	"Всего"	"1"	"Всего"	"1"	"Всего"	"1"	"458 512 000 000"
"Объем выполненных строительных работ (услуг)(Тысяч тенге казахских)"	"2018 год"	"201812"	"ШАХТИНСК Г.А."	"9344"	"Всего"	"1"	"Всего"	"1"	"Всего"	"1"	"2 222 056 000 000"
"Объем выполненных строительных работ (услуг)(Тысяч тенге казахских)"	"2019 год"	"201912"	"ШАХТИНСК Г.А."	"9344"	"Всего"	"1"	"Всего"	"1"	"Всего"	"1"	"4 784 709 000 000"
"Объем выполненных строительных работ (услуг)(Тысяч тенге казахских)"	"2020 год"	"202012"	"ШАХТИНСК Г.А."	"9344"	"Всего"	"1"	"Всего"	"1"	"Всего"	"1"	"6 971 982 000 000"
"Объем выполненных строительных работ (услуг)(Тысяч тенге казахских)"	"2021 год"	"202112"	"ШАХТИНСК Г.А."	"9344"	"Всего"	"1"	"Всего"	"1"	"Всего"	"1"	"8 392 610 000 000"
"Объем выполненных строительных работ (услуг)(Тысяч тенге казахских)"	"2022 год"	"202212"	"ШАХТИНСК Г.А."	"9344"	"Всего"	"1"	"Всего"	"1"	"Всего"	"1"	"7 460 264 000 000"
"Объем выполненных строительных работ (услуг)(Тысяч тенге казахских)"	"2017 год"	"201712"	"ШАХТИНСК Г.А."	"9344"	"основной вид деятельности"	"2"	"Всего"	"1"	"Всего"	"1"	"1 329 730 000 000"
"Объем выполненных строительных работ (услуг)(Тысяч тенге казахских)"	"2016 год"	"201612"	"ШАХТИНСК Г.А."	"9344"	"основной вид деятельности"	"2"	"Всего"	"1"	"Всего"	"1"	"406 928 000 000"
"Объем выполненных строительных работ (услуг)(Тысяч тенге казахских)"	"2018 год"	"201812"	"ШАХТИНСК Г.А."	"9344"	"основной вид деятельности"	"2"	"Всего"	"1"	"Всего"	"1"	"2 150 339 000 000"
"Объем выполненных строительных работ (услуг)(Тысяч тенге казахских)"	"2019 год"	"201912"	"ШАХТИНСК Г.А."	"9344"	"основной вид деятельности"	"2"	"Всего"	"1"	"Всего"	"1"	"4 630 781 000 000"
"Объем выполненных строительных работ (услуг)(Тысяч тенге казахских)"	"2020 год"	"202012"	"ШАХТИНСК Г.А."	"9344"	"основной вид деятельности"	"2"	"Всего"	"1"	"Всего"	"1"	"6 404 381 000 000"
"Объем выполненных строительных работ (услуг)(Тысяч тенге казахских)"	"2021 год"	"202112"	"ШАХТИНСК Г.А."	"9344"	"основной вид деятельности"	"2"	"Всего"	"1"	"Всего"	"1"	"7 256 965 000 000"
"Объем выполненных строительных работ (услуг)(Тысяч тенге казахских)"	"2022 год"	"202212"	"ШАХТИНСК Г.А."	"9344"	"основной вид деятельности"	"2"	"Всего"	"1"	"Всего"	"1"	"7 192 742 000 000"
"Объем выполненных строительных работ (услуг)(Тысяч тенге казахских)"	"2017 год"	"201712"	"ШАХТИНСК Г.А."	"9344"	"вторичный вид деятельности"	"3"	"Всего"	"1"	"Всего"	"1"	"127 185 000 000"
"Объем выполненных строительных работ (услуг)(Тысяч тенге казахских)"	"2016 год"	"201612"	"ШАХТИНСК Г.А."	"9344"	"вторичный вид деятельности"	"3"	"Всего"	"1"	"Всего"	"1"	"51 584 000 000"
"Объем выполненных строительных работ (услуг)(Тысяч тенге казахских)"	"2018 год"	"201812"	"ШАХТИНСК Г.А."	"9344"	"вторичный вид деятельности"	"3"	"Всего"	"1"	"Всего"	"1"	"71 717 000 000"
"Объем выполненных строительных работ (услуг)(Тысяч тенге казахских)"	"2019 год"	"201912"	"ШАХТИНСК Г.А."	"9344"	"вторичный вид деятельности"	"3"	"Всего"	"1"	"Всего"	"1"	"153 928 000 000"
"Объем выполненных строительных работ (услуг)(Тысяч тенге казахских)"	"2020 год"	"202012"	"ШАХТИНСК Г.А."	"9344"	"вторичный вид деятельности"	"3"	"Всего"	"1"	"Всего"	"1"	"567 601 000 000"
"Объем выполненных строительных работ (услуг)(Тысяч тенге казахских)"	"2021 год"	"202112"	"ШАХТИНСК Г.А."	"9344"	"вторичный вид деятельности"	"3"	"Всего"	"1"	"Всего"	"1"	"1 135 645 000 000"
"Объем выполненных строительных работ (услуг)(Тысяч тенге казахских)"	"2022 год"	"202212"	"ШАХТИНСК Г.А."	"9344"	"вторичный вид деятельности"	"3"	"Всего"	"1"	"Всего"	"1"	"267 522 000 000"
"Объем выполненных строительных работ (услуг)(Тысяч тенге казахских)"	"2017 год"	"201712"	"АБАЙСКИЙ РАЙОН"	"9352"	"Всего"	"1"	"Всего"	"1"	"Всего"	"1"	"4 370 283 000 000"
"Объем выполненных строительных работ (услуг)(Тысяч тенге казахских)"	"2016 год"	"201612"	"АБАЙСКИЙ РАЙОН"	"9352"	"Всего"	"1"	"Всего"	"1"	"Всего"	"1"	"3 064 587 000 000"
"Объем выполненных строительных работ (услуг)(Тысяч тенге казахских)"	"2018 год"	"201812"	"АБАЙСКИЙ РАЙОН"	"9352"	"Всего"	"1"	"Всего"	"1"	"Всего"	"1"	"6 007 369 000 000"
"Объем выполненных строительных работ (услуг)(Тысяч тенге казахских)"	"2019 год"	"201912"	"АБАЙСКИЙ РАЙОН"	"9352"	"Всего"	"1"	"Всего"	"1"	"Всего"	"1"	"19 740 429 000 000"
"Объем выполненных строительных работ (услуг)(Тысяч тенге казахских)"	"2020 год"	"202012"	"АБАЙСКИЙ РАЙОН"	"9352"	"Всего"	"1"	"Всего"	"1"	"Всего"	"1"	"28 580 742 000 000"
"Объем выполненных строительных работ (услуг)(Тысяч тенге казахских)"	"2021 год"	"202112"	"АБАЙСКИЙ РАЙОН"	"9352"	"Всего"	"1"	"Всего"	"1"	"Всего"	"1"	"11 644 876 000 000"
"Объем выполненных строительных работ (услуг)(Тысяч тенге казахских)"	"2022 год"	"202212"	"АБАЙСКИЙ РАЙОН"	"9352"	"Всего"	"1"	"Всего"	"1"	"Всего"	"1"	"7 011 876 000 000"
"Объем выполненных строительных работ (услуг)(Тысяч тенге казахских)"	"2017 год"	"201712"	"АБАЙСКИЙ РАЙОН"	"9352"	"основной вид деятельности"	"2"	"Всего"	"1"	"Всего"	"1"	"4 318 143 000 000"
"Объем выполненных строительных работ (услуг)(Тысяч тенге казахских)"	"2016 год"	"201612"	"АБАЙСКИЙ РАЙОН"	"9352"	"основной вид деятельности"	"2"	"Всего"	"1"	"Всего"	"1"	"2 971 563 000 000"
"Объем выполненных строительных работ (услуг)(Тысяч тенге казахских)"	"2018 год"	"201812"	"АБАЙСКИЙ РАЙОН"	"9352"	"основной вид деятельности"	"2"	"Всего"	"1"	"Всего"	"1"	"5 836 610 000 000"
"Объем выполненных строительных работ (услуг)(Тысяч тенге казахских)"	"2019 год"	"201912"	"АБАЙСКИЙ РАЙОН"	"9352"	"основной вид деятельности"	"2"	"Всего"	"1"	"Всего"	"1"	"19 702 526 000 000"
"Объем выполненных строительных работ (услуг)(Тысяч тенге казахских)"	"2020 год"	"202012"	"АБАЙСКИЙ РАЙОН"	"9352"	"основной вид деятельности"	"2"	"Всего"	"1"	"Всего"	"1"	"28 497 514 000 000"
"Объем выполненных строительных работ (услуг)(Тысяч тенге казахских)"	"2021 год"	"202112"	"АБАЙСКИЙ РАЙОН"	"9352"	"основной вид деятельности"	"2"	"Всего"	"1"	"Всего"	"1"	"11 592 820 000 000"
"Объем выполненных строительных работ (услуг)(Тысяч тенге казахских)"	"2022 год"	"202212"	"АБАЙСКИЙ РАЙОН"	"9352"	"основной вид деятельности"	"2"	"Всего"	"1"	"Всего"	"1"	"6 843 306 000 000"
"Объем выполненных строительных работ (услуг)(Тысяч тенге казахских)"	"2017 год"	"201712"	"АБАЙСКИЙ РАЙОН"	"9352"	"вторичный вид деятельности"	"3"	"Всего"	"1"	"Всего"	"1"	"52 140 000 000"
"Объем выполненных строительных работ (услуг)(Тысяч тенге казахских)"	"2016 год"	"201612"	"АБАЙСКИЙ РАЙОН"	"9352"	"вторичный вид деятельности"	"3"	"Всего"	"1"	"Всего"	"1"	"93 024 000 000"
"Объем выполненных строительных работ (услуг)(Тысяч тенге казахских)"	"2018 год"	"201812"	"АБАЙСКИЙ РАЙОН"	"9352"	"вторичный вид деятельности"	"3"	"Всего"	"1"	"Всего"	"1"	"170 759 000 000"
"Объем выполненных строительных работ (услуг)(Тысяч тенге казахских)"	"2019 год"	"201912"	"АБАЙСКИЙ РАЙОН"	"9352"	"вторичный вид деятельности"	"3"	"Всего"	"1"	"Всего"	"1"	"37 903 000 000"
"Объем выполненных строительных работ (услуг)(Тысяч тенге казахских)"	"2020 год"	"202012"	"АБАЙСКИЙ РАЙОН"	"9352"	"вторичный вид деятельности"	"3"	"Всего"	"1"	"Всего"	"1"	"83 228 000 000"
"Объем выполненных строительных работ (услуг)(Тысяч тенге казахских)"	"2021 год"	"202112"	"АБАЙСКИЙ РАЙОН"	"9352"	"вторичный вид деятельности"	"3"	"Всего"	"1"	"Всего"	"1"	"52 056 000 000"
"Объем выполненных строительных работ (услуг)(Тысяч тенге казахских)"	"2022 год"	"202212"	"АБАЙСКИЙ РАЙОН"	"9352"	"вторичный вид деятельности"	"3"	"Всего"	"1"	"Всего"	"1"	"168 570 000 000"
"Объем выполненных строительных работ (услуг)(Тысяч тенге казахских)"	"2017 год"	"201712"	"АКТОГАЙСКИЙ РАЙОН"	"9413"	"Всего"	"1"	"Всего"	"1"	"Всего"	"1"	"6 629 478 000 000"
"Объем выполненных строительных работ (услуг)(Тысяч тенге казахских)"	"2016 год"	"201612"	"АКТОГАЙСКИЙ РАЙОН"	"9413"	"Всего"	"1"	"Всего"	"1"	"Всего"	"1"	"2 062 478 000 000"
"Объем выполненных строительных работ (услуг)(Тысяч тенге казахских)"	"2018 год"	"201812"	"АКТОГАЙСКИЙ РАЙОН"	"9413"	"Всего"	"1"	"Всего"	"1"	"Всего"	"1"	"4 029 362 000 000"
"Объем выполненных строительных работ (услуг)(Тысяч тенге казахских)"	"2019 год"	"201912"	"АКТОГАЙСКИЙ РАЙОН"	"9413"	"Всего"	"1"	"Всего"	"1"	"Всего"	"1"	"11 749 039 000 000"
"Объем выполненных строительных работ (услуг)(Тысяч тенге казахских)"	"2020 год"	"202012"	"АКТОГАЙСКИЙ РАЙОН"	"9413"	"Всего"	"1"	"Всего"	"1"	"Всего"	"1"	"31 084 265 000 000"
"Объем выполненных строительных работ (услуг)(Тысяч тенге казахских)"	"2021 год"	"202112"	"АКТОГАЙСКИЙ РАЙОН"	"9413"	"Всего"	"1"	"Всего"	"1"	"Всего"	"1"	"23 029 438 000 000"
"Объем выполненных строительных работ (услуг)(Тысяч тенге казахских)"	"2022 год"	"202212"	"АКТОГАЙСКИЙ РАЙОН"	"9413"	"Всего"	"1"	"Всего"	"1"	"Всего"	"1"	"15 023 078 000 000"
"Объем выполненных строительных работ (услуг)(Тысяч тенге казахских)"	"2017 год"	"201712"	"АКТОГАЙСКИЙ РАЙОН"	"9413"	"основной вид деятельности"	"2"	"Всего"	"1"	"Всего"	"1"	"6 629 478 000 000"
"Объем выполненных строительных работ (услуг)(Тысяч тенге казахских)"	"2016 год"	"201612"	"АКТОГАЙСКИЙ РАЙОН"	"9413"	"основной вид деятельности"	"2"	"Всего"	"1"	"Всего"	"1"	"2 062 478 000 000"
"Объем выполненных строительных работ (услуг)(Тысяч тенге казахских)"	"2018 год"	"201812"	"АКТОГАЙСКИЙ РАЙОН"	"9413"	"основной вид деятельности"	"2"	"Всего"	"1"	"Всего"	"1"	"4 027 487 000 000"
"Объем выполненных строительных работ (услуг)(Тысяч тенге казахских)"	"2019 год"	"201912"	"АКТОГАЙСКИЙ РАЙОН"	"9413"	"основной вид деятельности"	"2"	"Всего"	"1"	"Всего"	"1"	"8 379 864 000 000"
"Объем выполненных строительных работ (услуг)(Тысяч тенге казахских)"	"2020 год"	"202012"	"АКТОГАЙСКИЙ РАЙОН"	"9413"	"основной вид деятельности"	"2"	"Всего"	"1"	"Всего"	"1"	"8 821 889 000 000"
"Объем выполненных строительных работ (услуг)(Тысяч тенге казахских)"	"2021 год"	"202112"	"АКТОГАЙСКИЙ РАЙОН"	"9413"	"основной вид деятельности"	"2"	"Всего"	"1"	"Всего"	"1"	"20 632 271 000 000"
"Объем выполненных строительных работ (услуг)(Тысяч тенге казахских)"	"2022 год"	"202212"	"АКТОГАЙСКИЙ РАЙОН"	"9413"	"основной вид деятельности"	"2"	"Всего"	"1"	"Всего"	"1"	"14 953 839 000 000"
"Объем выполненных строительных работ (услуг)(Тысяч тенге казахских)"	"2018 год"	"201812"	"АКТОГАЙСКИЙ РАЙОН"	"9413"	"вторичный вид деятельности"	"3"	"Всего"	"1"	"Всего"	"1"	"1 875 000 000"
"Объем выполненных строительных работ (услуг)(Тысяч тенге казахских)"	"2019 год"	"201912"	"АКТОГАЙСКИЙ РАЙОН"	"9413"	"вторичный вид деятельности"	"3"	"Всего"	"1"	"Всего"	"1"	"3 369 175 000 000"
"Объем выполненных строительных работ (услуг)(Тысяч тенге казахских)"	"2020 год"	"202012"	"АКТОГАЙСКИЙ РАЙОН"	"9413"	"вторичный вид деятельности"	"3"	"Всего"	"1"	"Всего"	"1"	"22 262 376 000 000"
"Объем выполненных строительных работ (услуг)(Тысяч тенге казахских)"	"2021 год"	"202112"	"АКТОГАЙСКИЙ РАЙОН"	"9413"	"вторичный вид деятельности"	"3"	"Всего"	"1"	"Всего"	"1"	"2 397 167 000 000"
"Объем выполненных строительных работ (услуг)(Тысяч тенге казахских)"	"2022 год"	"202212"	"АКТОГАЙСКИЙ РАЙОН"	"9413"	"вторичный вид деятельности"	"3"	"Всего"	"1"	"Всего"	"1"	"69 239 000 000"
"Объем выполненных строительных работ (услуг)(Тысяч тенге казахских)"	"2017 год"	"201712"	"БУХАР-ЖЫРАУСКИЙ РАЙОН"	"9846"	"Всего"	"1"	"Всего"	"1"	"Всего"	"1"	"10 100 166 000 000"
"Объем выполненных строительных работ (услуг)(Тысяч тенге казахских)"	"2016 год"	"201612"	"БУХАР-ЖЫРАУСКИЙ РАЙОН"	"9846"	"Всего"	"1"	"Всего"	"1"	"Всего"	"1"	"3 115 240 000 000"
"Объем выполненных строительных работ (услуг)(Тысяч тенге казахских)"	"2018 год"	"201812"	"БУХАР-ЖЫРАУСКИЙ РАЙОН"	"9846"	"Всего"	"1"	"Всего"	"1"	"Всего"	"1"	"11 333 976 000 000"
"Объем выполненных строительных работ (услуг)(Тысяч тенге казахских)"	"2019 год"	"201912"	"БУХАР-ЖЫРАУСКИЙ РАЙОН"	"9846"	"Всего"	"1"	"Всего"	"1"	"Всего"	"1"	"18 030 899 000 000"
"Объем выполненных строительных работ (услуг)(Тысяч тенге казахских)"	"2020 год"	"202012"	"БУХАР-ЖЫРАУСКИЙ РАЙОН"	"9846"	"Всего"	"1"	"Всего"	"1"	"Всего"	"1"	"15 239 152 000 000"
"Объем выполненных строительных работ (услуг)(Тысяч тенге казахских)"	"2021 год"	"202112"	"БУХАР-ЖЫРАУСКИЙ РАЙОН"	"9846"	"Всего"	"1"	"Всего"	"1"	"Всего"	"1"	"10 278 902 000 000"
"Объем выполненных строительных работ (услуг)(Тысяч тенге казахских)"	"2022 год"	"202212"	"БУХАР-ЖЫРАУСКИЙ РАЙОН"	"9846"	"Всего"	"1"	"Всего"	"1"	"Всего"	"1"	"16 825 499 000 000"
"Объем выполненных строительных работ (услуг)(Тысяч тенге казахских)"	"2017 год"	"201712"	"БУХАР-ЖЫРАУСКИЙ РАЙОН"	"9846"	"основной вид деятельности"	"2"	"Всего"	"1"	"Всего"	"1"	"10 081 040 000 000"
"Объем выполненных строительных работ (услуг)(Тысяч тенге казахских)"	"2016 год"	"201612"	"БУХАР-ЖЫРАУСКИЙ РАЙОН"	"9846"	"основной вид деятельности"	"2"	"Всего"	"1"	"Всего"	"1"	"3 109 826 000 000"
"Объем выполненных строительных работ (услуг)(Тысяч тенге казахских)"	"2018 год"	"201812"	"БУХАР-ЖЫРАУСКИЙ РАЙОН"	"9846"	"основной вид деятельности"	"2"	"Всего"	"1"	"Всего"	"1"	"11 314 179 000 000"
"Объем выполненных строительных работ (услуг)(Тысяч тенге казахских)"	"2019 год"	"201912"	"БУХАР-ЖЫРАУСКИЙ РАЙОН"	"9846"	"основной вид деятельности"	"2"	"Всего"	"1"	"Всего"	"1"	"18 029 564 000 000"
"Объем выполненных строительных работ (услуг)(Тысяч тенге казахских)"	"2020 год"	"202012"	"БУХАР-ЖЫРАУСКИЙ РАЙОН"	"9846"	"основной вид деятельности"	"2"	"Всего"	"1"	"Всего"	"1"	"14 972 310 000 000"
"Объем выполненных строительных работ (услуг)(Тысяч тенге казахских)"	"2021 год"	"202112"	"БУХАР-ЖЫРАУСКИЙ РАЙОН"	"9846"	"основной вид деятельности"	"2"	"Всего"	"1"	"Всего"	"1"	"9 988 174 000 000"
"Объем выполненных строительных работ (услуг)(Тысяч тенге казахских)"	"2022 год"	"202212"	"БУХАР-ЖЫРАУСКИЙ РАЙОН"	"9846"	"основной вид деятельности"	"2"	"Всего"	"1"	"Всего"	"1"	"16 604 567 000 000"
"Объем выполненных строительных работ (услуг)(Тысяч тенге казахских)"	"2017 год"	"201712"	"БУХАР-ЖЫРАУСКИЙ РАЙОН"	"9846"	"вторичный вид деятельности"	"3"	"Всего"	"1"	"Всего"	"1"	"19 126 000 000"
"Объем выполненных строительных работ (услуг)(Тысяч тенге казахских)"	"2016 год"	"201612"	"БУХАР-ЖЫРАУСКИЙ РАЙОН"	"9846"	"вторичный вид деятельности"	"3"	"Всего"	"1"	"Всего"	"1"	"5 414 000 000"
"Объем выполненных строительных работ (услуг)(Тысяч тенге казахских)"	"2018 год"	"201812"	"БУХАР-ЖЫРАУСКИЙ РАЙОН"	"9846"	"вторичный вид деятельности"	"3"	"Всего"	"1"	"Всего"	"1"	"19 797 000 000"
"Объем выполненных строительных работ (услуг)(Тысяч тенге казахских)"	"2019 год"	"201912"	"БУХАР-ЖЫРАУСКИЙ РАЙОН"	"9846"	"вторичный вид деятельности"	"3"	"Всего"	"1"	"Всего"	"1"	"1 335 000 000"
"Объем выполненных строительных работ (услуг)(Тысяч тенге казахских)"	"2020 год"	"202012"	"БУХАР-ЖЫРАУСКИЙ РАЙОН"	"9846"	"вторичный вид деятельности"	"3"	"Всего"	"1"	"Всего"	"1"	"266 842 000 000"
"Объем выполненных строительных работ (услуг)(Тысяч тенге казахских)"	"2021 год"	"202112"	"БУХАР-ЖЫРАУСКИЙ РАЙОН"	"9846"	"вторичный вид деятельности"	"3"	"Всего"	"1"	"Всего"	"1"	"290 728 000 000"
"Объем выполненных строительных работ (услуг)(Тысяч тенге казахских)"	"2022 год"	"202212"	"БУХАР-ЖЫРАУСКИЙ РАЙОН"	"9846"	"вторичный вид деятельности"	"3"	"Всего"	"1"	"Всего"	"1"	"220 932 000 000"
"Объем выполненных строительных работ (услуг)(Тысяч тенге казахских)"	"2017 год"	"201712"	"ЖАНААРКИНСКИЙ РАЙОН"	"9954"	"Всего"	"1"	"Всего"	"1"	"Всего"	"1"	"7 868 014 000 000"
"Объем выполненных строительных работ (услуг)(Тысяч тенге казахских)"	"2016 год"	"201612"	"ЖАНААРКИНСКИЙ РАЙОН"	"9954"	"Всего"	"1"	"Всего"	"1"	"Всего"	"1"	"4 741 753 000 000"
"Объем выполненных строительных работ (услуг)(Тысяч тенге казахских)"	"2018 год"	"201812"	"ЖАНААРКИНСКИЙ РАЙОН"	"9954"	"Всего"	"1"	"Всего"	"1"	"Всего"	"1"	"5 746 608 000 000"
"Объем выполненных строительных работ (услуг)(Тысяч тенге казахских)"	"2019 год"	"201912"	"ЖАНААРКИНСКИЙ РАЙОН"	"9954"	"Всего"	"1"	"Всего"	"1"	"Всего"	"1"	"50 979 680 000 000"
"Объем выполненных строительных работ (услуг)(Тысяч тенге казахских)"	"2020 год"	"202012"	"ЖАНААРКИНСКИЙ РАЙОН"	"9954"	"Всего"	"1"	"Всего"	"1"	"Всего"	"1"	"14 141 937 000 000"
"Объем выполненных строительных работ (услуг)(Тысяч тенге казахских)"	"2021 год"	"202112"	"ЖАНААРКИНСКИЙ РАЙОН"	"9954"	"Всего"	"1"	"Всего"	"1"	"Всего"	"1"	"21 567 645 000 000"
"Объем выполненных строительных работ (услуг)(Тысяч тенге казахских)"	"2022 год"	"202212"	"ЖАНААРКИНСКИЙ РАЙОН"	"9954"	"Всего"	"1"	"Всего"	"1"	"Всего"	"1"	"21 879 859 000 000"
"Объем выполненных строительных работ (услуг)(Тысяч тенге казахских)"	"2017 год"	"201712"	"ЖАНААРКИНСКИЙ РАЙОН"	"9954"	"основной вид деятельности"	"2"	"Всего"	"1"	"Всего"	"1"	"7 850 357 000 000"
"Объем выполненных строительных работ (услуг)(Тысяч тенге казахских)"	"2016 год"	"201612"	"ЖАНААРКИНСКИЙ РАЙОН"	"9954"	"основной вид деятельности"	"2"	"Всего"	"1"	"Всего"	"1"	"4 731 527 000 000"
"Объем выполненных строительных работ (услуг)(Тысяч тенге казахских)"	"2018 год"	"201812"	"ЖАНААРКИНСКИЙ РАЙОН"	"9954"	"основной вид деятельности"	"2"	"Всего"	"1"	"Всего"	"1"	"5 723 700 000 000"
"Объем выполненных строительных работ (услуг)(Тысяч тенге казахских)"	"2019 год"	"201912"	"ЖАНААРКИНСКИЙ РАЙОН"	"9954"	"основной вид деятельности"	"2"	"Всего"	"1"	"Всего"	"1"	"50 938 594 000 000"
"Объем выполненных строительных работ (услуг)(Тысяч тенге казахских)"	"2020 год"	"202012"	"ЖАНААРКИНСКИЙ РАЙОН"	"9954"	"основной вид деятельности"	"2"	"Всего"	"1"	"Всего"	"1"	"13 814 008 000 000"
"Объем выполненных строительных работ (услуг)(Тысяч тенге казахских)"	"2021 год"	"202112"	"ЖАНААРКИНСКИЙ РАЙОН"	"9954"	"основной вид деятельности"	"2"	"Всего"	"1"	"Всего"	"1"	"20 632 465 000 000"
"Объем выполненных строительных работ (услуг)(Тысяч тенге казахских)"	"2022 год"	"202212"	"ЖАНААРКИНСКИЙ РАЙОН"	"9954"	"основной вид деятельности"	"2"	"Всего"	"1"	"Всего"	"1"	"21 575 573 000 000"
"Объем выполненных строительных работ (услуг)(Тысяч тенге казахских)"	"2017 год"	"201712"	"ЖАНААРКИНСКИЙ РАЙОН"	"9954"	"вторичный вид деятельности"	"3"	"Всего"	"1"	"Всего"	"1"	"17 657 000 000"
"Объем выполненных строительных работ (услуг)(Тысяч тенге казахских)"	"2016 год"	"201612"	"ЖАНААРКИНСКИЙ РАЙОН"	"9954"	"вторичный вид деятельности"	"3"	"Всего"	"1"	"Всего"	"1"	"10 226 000 000"
"Объем выполненных строительных работ (услуг)(Тысяч тенге казахских)"	"2018 год"	"201812"	"ЖАНААРКИНСКИЙ РАЙОН"	"9954"	"вторичный вид деятельности"	"3"	"Всего"	"1"	"Всего"	"1"	"22 908 000 000"
"Объем выполненных строительных работ (услуг)(Тысяч тенге казахских)"	"2019 год"	"201912"	"ЖАНААРКИНСКИЙ РАЙОН"	"9954"	"вторичный вид деятельности"	"3"	"Всего"	"1"	"Всего"	"1"	"41 086 000 000"
"Объем выполненных строительных работ (услуг)(Тысяч тенге казахских)"	"2020 год"	"202012"	"ЖАНААРКИНСКИЙ РАЙОН"	"9954"	"вторичный вид деятельности"	"3"	"Всего"	"1"	"Всего"	"1"	"327 929 000 000"
"Объем выполненных строительных работ (услуг)(Тысяч тенге казахских)"	"2021 год"	"202112"	"ЖАНААРКИНСКИЙ РАЙОН"	"9954"	"вторичный вид деятельности"	"3"	"Всего"	"1"	"Всего"	"1"	"935 180 000 000"
"Объем выполненных строительных работ (услуг)(Тысяч тенге казахских)"	"2022 год"	"202212"	"ЖАНААРКИНСКИЙ РАЙОН"	"9954"	"вторичный вид деятельности"	"3"	"Всего"	"1"	"Всего"	"1"	"304 286 000 000"
"Объем выполненных строительных работ (услуг)(Тысяч тенге казахских)"	"2017 год"	"201712"	"КАРКАРАЛИНСКИЙ РАЙОН"	"10074"	"Всего"	"1"	"Всего"	"1"	"Всего"	"1"	"3 443 876 000 000"
"Объем выполненных строительных работ (услуг)(Тысяч тенге казахских)"	"2016 год"	"201612"	"КАРКАРАЛИНСКИЙ РАЙОН"	"10074"	"Всего"	"1"	"Всего"	"1"	"Всего"	"1"	"3 117 472 000 000"
"Объем выполненных строительных работ (услуг)(Тысяч тенге казахских)"	"2018 год"	"201812"	"КАРКАРАЛИНСКИЙ РАЙОН"	"10074"	"Всего"	"1"	"Всего"	"1"	"Всего"	"1"	"5 267 376 000 000"
"Объем выполненных строительных работ (услуг)(Тысяч тенге казахских)"	"2019 год"	"201912"	"КАРКАРАЛИНСКИЙ РАЙОН"	"10074"	"Всего"	"1"	"Всего"	"1"	"Всего"	"1"	"4 526 499 000 000"
"Объем выполненных строительных работ (услуг)(Тысяч тенге казахских)"	"2020 год"	"202012"	"КАРКАРАЛИНСКИЙ РАЙОН"	"10074"	"Всего"	"1"	"Всего"	"1"	"Всего"	"1"	"8 485 427 000 000"
"Объем выполненных строительных работ (услуг)(Тысяч тенге казахских)"	"2021 год"	"202112"	"КАРКАРАЛИНСКИЙ РАЙОН"	"10074"	"Всего"	"1"	"Всего"	"1"	"Всего"	"1"	"6 559 664 000 000"
"Объем выполненных строительных работ (услуг)(Тысяч тенге казахских)"	"2022 год"	"202212"	"КАРКАРАЛИНСКИЙ РАЙОН"	"10074"	"Всего"	"1"	"Всего"	"1"	"Всего"	"1"	"16 340 753 000 000"
"Объем выполненных строительных работ (услуг)(Тысяч тенге казахских)"	"2017 год"	"201712"	"КАРКАРАЛИНСКИЙ РАЙОН"	"10074"	"основной вид деятельности"	"2"	"Всего"	"1"	"Всего"	"1"	"3 443 876 000 000"
"Объем выполненных строительных работ (услуг)(Тысяч тенге казахских)"	"2016 год"	"201612"	"КАРКАРАЛИНСКИЙ РАЙОН"	"10074"	"основной вид деятельности"	"2"	"Всего"	"1"	"Всего"	"1"	"3 034 155 000 000"
"Объем выполненных строительных работ (услуг)(Тысяч тенге казахских)"	"2018 год"	"201812"	"КАРКАРАЛИНСКИЙ РАЙОН"	"10074"	"основной вид деятельности"	"2"	"Всего"	"1"	"Всего"	"1"	"5 235 064 000 000"
"Объем выполненных строительных работ (услуг)(Тысяч тенге казахских)"	"2019 год"	"201912"	"КАРКАРАЛИНСКИЙ РАЙОН"	"10074"	"основной вид деятельности"	"2"	"Всего"	"1"	"Всего"	"1"	"4 514 391 000 000"
"Объем выполненных строительных работ (услуг)(Тысяч тенге казахских)"	"2020 год"	"202012"	"КАРКАРАЛИНСКИЙ РАЙОН"	"10074"	"основной вид деятельности"	"2"	"Всего"	"1"	"Всего"	"1"	"8 334 684 000 000"
"Объем выполненных строительных работ (услуг)(Тысяч тенге казахских)"	"2021 год"	"202112"	"КАРКАРАЛИНСКИЙ РАЙОН"	"10074"	"основной вид деятельности"	"2"	"Всего"	"1"	"Всего"	"1"	"6 163 482 000 000"
"Объем выполненных строительных работ (услуг)(Тысяч тенге казахских)"	"2022 год"	"202212"	"КАРКАРАЛИНСКИЙ РАЙОН"	"10074"	"основной вид деятельности"	"2"	"Всего"	"1"	"Всего"	"1"	"15 795 075 000 000"
"Объем выполненных строительных работ (услуг)(Тысяч тенге казахских)"	"2016 год"	"201612"	"КАРКАРАЛИНСКИЙ РАЙОН"	"10074"	"вторичный вид деятельности"	"3"	"Всего"	"1"	"Всего"	"1"	"83 317 000 000"
"Объем выполненных строительных работ (услуг)(Тысяч тенге казахских)"	"2018 год"	"201812"	"КАРКАРАЛИНСКИЙ РАЙОН"	"10074"	"вторичный вид деятельности"	"3"	"Всего"	"1"	"Всего"	"1"	"32 312 000 000"
"Объем выполненных строительных работ (услуг)(Тысяч тенге казахских)"	"2019 год"	"201912"	"КАРКАРАЛИНСКИЙ РАЙОН"	"10074"	"вторичный вид деятельности"	"3"	"Всего"	"1"	"Всего"	"1"	"12 108 000 000"
"Объем выполненных строительных работ (услуг)(Тысяч тенге казахских)"	"2020 год"	"202012"	"КАРКАРАЛИНСКИЙ РАЙОН"	"10074"	"вторичный вид деятельности"	"3"	"Всего"	"1"	"Всего"	"1"	"150 743 000 000"
"Объем выполненных строительных работ (услуг)(Тысяч тенге казахских)"	"2021 год"	"202112"	"КАРКАРАЛИНСКИЙ РАЙОН"	"10074"	"вторичный вид деятельности"	"3"	"Всего"	"1"	"Всего"	"1"	"396 182 000 000"
"Объем выполненных строительных работ (услуг)(Тысяч тенге казахских)"	"2022 год"	"202212"	"КАРКАРАЛИНСКИЙ РАЙОН"	"10074"	"вторичный вид деятельности"	"3"	"Всего"	"1"	"Всего"	"1"	"545 678 000 000"
"Объем выполненных строительных работ (услуг)(Тысяч тенге казахских)"	"2017 год"	"201712"	"НУРИНСКИЙ РАЙОН"	"10582"	"Всего"	"1"	"Всего"	"1"	"Всего"	"1"	"6 145 044 000 000"
"Объем выполненных строительных работ (услуг)(Тысяч тенге казахских)"	"2016 год"	"201612"	"НУРИНСКИЙ РАЙОН"	"10582"	"Всего"	"1"	"Всего"	"1"	"Всего"	"1"	"6 296 981 000 000"
"Объем выполненных строительных работ (услуг)(Тысяч тенге казахских)"	"2018 год"	"201812"	"НУРИНСКИЙ РАЙОН"	"10582"	"Всего"	"1"	"Всего"	"1"	"Всего"	"1"	"3 436 298 000 000"
"Объем выполненных строительных работ (услуг)(Тысяч тенге казахских)"	"2019 год"	"201912"	"НУРИНСКИЙ РАЙОН"	"10582"	"Всего"	"1"	"Всего"	"1"	"Всего"	"1"	"4 705 479 000 000"
"Объем выполненных строительных работ (услуг)(Тысяч тенге казахских)"	"2020 год"	"202012"	"НУРИНСКИЙ РАЙОН"	"10582"	"Всего"	"1"	"Всего"	"1"	"Всего"	"1"	"4 982 438 000 000"
"Объем выполненных строительных работ (услуг)(Тысяч тенге казахских)"	"2021 год"	"202112"	"НУРИНСКИЙ РАЙОН"	"10582"	"Всего"	"1"	"Всего"	"1"	"Всего"	"1"	"6 375 795 000 000"
"Объем выполненных строительных работ (услуг)(Тысяч тенге казахских)"	"2022 год"	"202212"	"НУРИНСКИЙ РАЙОН"	"10582"	"Всего"	"1"	"Всего"	"1"	"Всего"	"1"	"14 850 859 000 000"
"Объем выполненных строительных работ (услуг)(Тысяч тенге казахских)"	"2017 год"	"201712"	"НУРИНСКИЙ РАЙОН"	"10582"	"основной вид деятельности"	"2"	"Всего"	"1"	"Всего"	"1"	"6 108 720 000 000"
"Объем выполненных строительных работ (услуг)(Тысяч тенге казахских)"	"2016 год"	"201612"	"НУРИНСКИЙ РАЙОН"	"10582"	"основной вид деятельности"	"2"	"Всего"	"1"	"Всего"	"1"	"6 259 094 000 000"
"Объем выполненных строительных работ (услуг)(Тысяч тенге казахских)"	"2018 год"	"201812"	"НУРИНСКИЙ РАЙОН"	"10582"	"основной вид деятельности"	"2"	"Всего"	"1"	"Всего"	"1"	"3 424 110 000 000"
"Объем выполненных строительных работ (услуг)(Тысяч тенге казахских)"	"2019 год"	"201912"	"НУРИНСКИЙ РАЙОН"	"10582"	"основной вид деятельности"	"2"	"Всего"	"1"	"Всего"	"1"	"4 592 664 000 000"
"Объем выполненных строительных работ (услуг)(Тысяч тенге казахских)"	"2020 год"	"202012"	"НУРИНСКИЙ РАЙОН"	"10582"	"основной вид деятельности"	"2"	"Всего"	"1"	"Всего"	"1"	"4 692 298 000 000"
"Объем выполненных строительных работ (услуг)(Тысяч тенге казахских)"	"2021 год"	"202112"	"НУРИНСКИЙ РАЙОН"	"10582"	"основной вид деятельности"	"2"	"Всего"	"1"	"Всего"	"1"	"5 025 527 000 000"
"Объем выполненных строительных работ (услуг)(Тысяч тенге казахских)"	"2022 год"	"202212"	"НУРИНСКИЙ РАЙОН"	"10582"	"основной вид деятельности"	"2"	"Всего"	"1"	"Всего"	"1"	"13 430 697 000 000"
"Объем выполненных строительных работ (услуг)(Тысяч тенге казахских)"	"2017 год"	"201712"	"НУРИНСКИЙ РАЙОН"	"10582"	"вторичный вид деятельности"	"3"	"Всего"	"1"	"Всего"	"1"	"36 324 000 000"
"Объем выполненных строительных работ (услуг)(Тысяч тенге казахских)"	"2016 год"	"201612"	"НУРИНСКИЙ РАЙОН"	"10582"	"вторичный вид деятельности"	"3"	"Всего"	"1"	"Всего"	"1"	"37 887 000 000"
"Объем выполненных строительных работ (услуг)(Тысяч тенге казахских)"	"2018 год"	"201812"	"НУРИНСКИЙ РАЙОН"	"10582"	"вторичный вид деятельности"	"3"	"Всего"	"1"	"Всего"	"1"	"12 188 000 000"
"Объем выполненных строительных работ (услуг)(Тысяч тенге казахских)"	"2019 год"	"201912"	"НУРИНСКИЙ РАЙОН"	"10582"	"вторичный вид деятельности"	"3"	"Всего"	"1"	"Всего"	"1"	"112 815 000 000"
"Объем выполненных строительных работ (услуг)(Тысяч тенге казахских)"	"2020 год"	"202012"	"НУРИНСКИЙ РАЙОН"	"10582"	"вторичный вид деятельности"	"3"	"Всего"	"1"	"Всего"	"1"	"290 140 000 000"
"Объем выполненных строительных работ (услуг)(Тысяч тенге казахских)"	"2021 год"	"202112"	"НУРИНСКИЙ РАЙОН"	"10582"	"вторичный вид деятельности"	"3"	"Всего"	"1"	"Всего"	"1"	"1 350 268 000 000"
"Объем выполненных строительных работ (услуг)(Тысяч тенге казахских)"	"2022 год"	"202212"	"НУРИНСКИЙ РАЙОН"	"10582"	"вторичный вид деятельности"	"3"	"Всего"	"1"	"Всего"	"1"	"1 420 162 000 000"
"Объем выполненных строительных работ (услуг)(Тысяч тенге казахских)"	"2017 год"	"201712"	"ОСАКАРОВСКИЙ РАЙОН"	"10700"	"Всего"	"1"	"Всего"	"1"	"Всего"	"1"	"3 330 331 000 000"
"Объем выполненных строительных работ (услуг)(Тысяч тенге казахских)"	"2016 год"	"201612"	"ОСАКАРОВСКИЙ РАЙОН"	"10700"	"Всего"	"1"	"Всего"	"1"	"Всего"	"1"	"22 086 460 000 000"
"Объем выполненных строительных работ (услуг)(Тысяч тенге казахских)"	"2018 год"	"201812"	"ОСАКАРОВСКИЙ РАЙОН"	"10700"	"Всего"	"1"	"Всего"	"1"	"Всего"	"1"	"2 647 497 000 000"
"Объем выполненных строительных работ (услуг)(Тысяч тенге казахских)"	"2019 год"	"201912"	"ОСАКАРОВСКИЙ РАЙОН"	"10700"	"Всего"	"1"	"Всего"	"1"	"Всего"	"1"	"6 376 422 000 000"
"Объем выполненных строительных работ (услуг)(Тысяч тенге казахских)"	"2020 год"	"202012"	"ОСАКАРОВСКИЙ РАЙОН"	"10700"	"Всего"	"1"	"Всего"	"1"	"Всего"	"1"	"10 586 304 000 000"
"Объем выполненных строительных работ (услуг)(Тысяч тенге казахских)"	"2021 год"	"202112"	"ОСАКАРОВСКИЙ РАЙОН"	"10700"	"Всего"	"1"	"Всего"	"1"	"Всего"	"1"	"11 439 576 000 000"
"Объем выполненных строительных работ (услуг)(Тысяч тенге казахских)"	"2022 год"	"202212"	"ОСАКАРОВСКИЙ РАЙОН"	"10700"	"Всего"	"1"	"Всего"	"1"	"Всего"	"1"	"12 563 807 000 000"
"Объем выполненных строительных работ (услуг)(Тысяч тенге казахских)"	"2017 год"	"201712"	"ОСАКАРОВСКИЙ РАЙОН"	"10700"	"основной вид деятельности"	"2"	"Всего"	"1"	"Всего"	"1"	"3 185 367 000 000"
"Объем выполненных строительных работ (услуг)(Тысяч тенге казахских)"	"2016 год"	"201612"	"ОСАКАРОВСКИЙ РАЙОН"	"10700"	"основной вид деятельности"	"2"	"Всего"	"1"	"Всего"	"1"	"22 068 136 000 000"
"Объем выполненных строительных работ (услуг)(Тысяч тенге казахских)"	"2018 год"	"201812"	"ОСАКАРОВСКИЙ РАЙОН"	"10700"	"основной вид деятельности"	"2"	"Всего"	"1"	"Всего"	"1"	"2 122 966 000 000"
"Объем выполненных строительных работ (услуг)(Тысяч тенге казахских)"	"2019 год"	"201912"	"ОСАКАРОВСКИЙ РАЙОН"	"10700"	"основной вид деятельности"	"2"	"Всего"	"1"	"Всего"	"1"	"6 207 073 000 000"
"Объем выполненных строительных работ (услуг)(Тысяч тенге казахских)"	"2020 год"	"202012"	"ОСАКАРОВСКИЙ РАЙОН"	"10700"	"основной вид деятельности"	"2"	"Всего"	"1"	"Всего"	"1"	"9 980 916 000 000"
"Объем выполненных строительных работ (услуг)(Тысяч тенге казахских)"	"2021 год"	"202112"	"ОСАКАРОВСКИЙ РАЙОН"	"10700"	"основной вид деятельности"	"2"	"Всего"	"1"	"Всего"	"1"	"10 331 798 000 000"
"Объем выполненных строительных работ (услуг)(Тысяч тенге казахских)"	"2022 год"	"202212"	"ОСАКАРОВСКИЙ РАЙОН"	"10700"	"основной вид деятельности"	"2"	"Всего"	"1"	"Всего"	"1"	"11 889 606 000 000"
"Объем выполненных строительных работ (услуг)(Тысяч тенге казахских)"	"2017 год"	"201712"	"ОСАКАРОВСКИЙ РАЙОН"	"10700"	"вторичный вид деятельности"	"3"	"Всего"	"1"	"Всего"	"1"	"144 964 000 000"
"Объем выполненных строительных работ (услуг)(Тысяч тенге казахских)"	"2016 год"	"201612"	"ОСАКАРОВСКИЙ РАЙОН"	"10700"	"вторичный вид деятельности"	"3"	"Всего"	"1"	"Всего"	"1"	"18 324 000 000"
"Объем выполненных строительных работ (услуг)(Тысяч тенге казахских)"	"2018 год"	"201812"	"ОСАКАРОВСКИЙ РАЙОН"	"10700"	"вторичный вид деятельности"	"3"	"Всего"	"1"	"Всего"	"1"	"524 531 000 000"
"Объем выполненных строительных работ (услуг)(Тысяч тенге казахских)"	"2019 год"	"201912"	"ОСАКАРОВСКИЙ РАЙОН"	"10700"	"вторичный вид деятельности"	"3"	"Всего"	"1"	"Всего"	"1"	"169 349 000 000"
"Объем выполненных строительных работ (услуг)(Тысяч тенге казахских)"	"2020 год"	"202012"	"ОСАКАРОВСКИЙ РАЙОН"	"10700"	"вторичный вид деятельности"	"3"	"Всего"	"1"	"Всего"	"1"	"605 388 000 000"
"Объем выполненных строительных работ (услуг)(Тысяч тенге казахских)"	"2021 год"	"202112"	"ОСАКАРОВСКИЙ РАЙОН"	"10700"	"вторичный вид деятельности"	"3"	"Всего"	"1"	"Всего"	"1"	"1 107 778 000 000"
"Объем выполненных строительных работ (услуг)(Тысяч тенге казахских)"	"2022 год"	"202212"	"ОСАКАРОВСКИЙ РАЙОН"	"10700"	"вторичный вид деятельности"	"3"	"Всего"	"1"	"Всего"	"1"	"674 201 000 000"
"Объем выполненных строительных работ (услуг)(Тысяч тенге казахских)"	"2017 год"	"201712"	"УЛЫТАУСКИЙ РАЙОН"	"10781"	"Всего"	"1"	"Всего"	"1"	"Всего"	"1"	"2 691 960 000 000"
"Объем выполненных строительных работ (услуг)(Тысяч тенге казахских)"	"2016 год"	"201612"	"УЛЫТАУСКИЙ РАЙОН"	"10781"	"Всего"	"1"	"Всего"	"1"	"Всего"	"1"	"3 530 508 000 000"
"Объем выполненных строительных работ (услуг)(Тысяч тенге казахских)"	"2018 год"	"201812"	"УЛЫТАУСКИЙ РАЙОН"	"10781"	"Всего"	"1"	"Всего"	"1"	"Всего"	"1"	"2 469 500 000 000"
"Объем выполненных строительных работ (услуг)(Тысяч тенге казахских)"	"2019 год"	"201912"	"УЛЫТАУСКИЙ РАЙОН"	"10781"	"Всего"	"1"	"Всего"	"1"	"Всего"	"1"	"64 163 253 000 000"
"Объем выполненных строительных работ (услуг)(Тысяч тенге казахских)"	"2020 год"	"202012"	"УЛЫТАУСКИЙ РАЙОН"	"10781"	"Всего"	"1"	"Всего"	"1"	"Всего"	"1"	"3 499 932 000 000"
"Объем выполненных строительных работ (услуг)(Тысяч тенге казахских)"	"2021 год"	"202112"	"УЛЫТАУСКИЙ РАЙОН"	"10781"	"Всего"	"1"	"Всего"	"1"	"Всего"	"1"	"1 467 892 000 000"
"Объем выполненных строительных работ (услуг)(Тысяч тенге казахских)"	"2022 год"	"202212"	"УЛЫТАУСКИЙ РАЙОН"	"10781"	"Всего"	"1"	"Всего"	"1"	"Всего"	"1"	"4 608 584 000 000"
"Объем выполненных строительных работ (услуг)(Тысяч тенге казахских)"	"2017 год"	"201712"	"УЛЫТАУСКИЙ РАЙОН"	"10781"	"основной вид деятельности"	"2"	"Всего"	"1"	"Всего"	"1"	"2 388 254 000 000"
"Объем выполненных строительных работ (услуг)(Тысяч тенге казахских)"	"2016 год"	"201612"	"УЛЫТАУСКИЙ РАЙОН"	"10781"	"основной вид деятельности"	"2"	"Всего"	"1"	"Всего"	"1"	"3 524 751 000 000"
"Объем выполненных строительных работ (услуг)(Тысяч тенге казахских)"	"2018 год"	"201812"	"УЛЫТАУСКИЙ РАЙОН"	"10781"	"основной вид деятельности"	"2"	"Всего"	"1"	"Всего"	"1"	"2 073 672 000 000"
"Объем выполненных строительных работ (услуг)(Тысяч тенге казахских)"	"2019 год"	"201912"	"УЛЫТАУСКИЙ РАЙОН"	"10781"	"основной вид деятельности"	"2"	"Всего"	"1"	"Всего"	"1"	"63 581 749 000 000"
"Объем выполненных строительных работ (услуг)(Тысяч тенге казахских)"	"2020 год"	"202012"	"УЛЫТАУСКИЙ РАЙОН"	"10781"	"основной вид деятельности"	"2"	"Всего"	"1"	"Всего"	"1"	"3 237 020 000 000"
"Объем выполненных строительных работ (услуг)(Тысяч тенге казахских)"	"2021 год"	"202112"	"УЛЫТАУСКИЙ РАЙОН"	"10781"	"основной вид деятельности"	"2"	"Всего"	"1"	"Всего"	"1"	"1 285 253 000 000"
"Объем выполненных строительных работ (услуг)(Тысяч тенге казахских)"	"2022 год"	"202212"	"УЛЫТАУСКИЙ РАЙОН"	"10781"	"основной вид деятельности"	"2"	"Всего"	"1"	"Всего"	"1"	"4 588 940 000 000"
"Объем выполненных строительных работ (услуг)(Тысяч тенге казахских)"	"2017 год"	"201712"	"УЛЫТАУСКИЙ РАЙОН"	"10781"	"вторичный вид деятельности"	"3"	"Всего"	"1"	"Всего"	"1"	"303 706 000 000"
"Объем выполненных строительных работ (услуг)(Тысяч тенге казахских)"	"2016 год"	"201612"	"УЛЫТАУСКИЙ РАЙОН"	"10781"	"вторичный вид деятельности"	"3"	"Всего"	"1"	"Всего"	"1"	"5 757 000 000"
"Объем выполненных строительных работ (услуг)(Тысяч тенге казахских)"	"2018 год"	"201812"	"УЛЫТАУСКИЙ РАЙОН"	"10781"	"вторичный вид деятельности"	"3"	"Всего"	"1"	"Всего"	"1"	"395 828 000 000"
"Объем выполненных строительных работ (услуг)(Тысяч тенге казахских)"	"2019 год"	"201912"	"УЛЫТАУСКИЙ РАЙОН"	"10781"	"вторичный вид деятельности"	"3"	"Всего"	"1"	"Всего"	"1"	"581 504 000 000"
"Объем выполненных строительных работ (услуг)(Тысяч тенге казахских)"	"2020 год"	"202012"	"УЛЫТАУСКИЙ РАЙОН"	"10781"	"вторичный вид деятельности"	"3"	"Всего"	"1"	"Всего"	"1"	"262 912 000 000"
"Объем выполненных строительных работ (услуг)(Тысяч тенге казахских)"	"2021 год"	"202112"	"УЛЫТАУСКИЙ РАЙОН"	"10781"	"вторичный вид деятельности"	"3"	"Всего"	"1"	"Всего"	"1"	"182 639 000 000"
"Объем выполненных строительных работ (услуг)(Тысяч тенге казахских)"	"2022 год"	"202212"	"УЛЫТАУСКИЙ РАЙОН"	"10781"	"вторичный вид деятельности"	"3"	"Всего"	"1"	"Всего"	"1"	"19 644 000 000"
"Объем выполненных строительных работ (услуг)(Тысяч тенге казахских)"	"2017 год"	"201712"	"ШЕТСКИЙ РАЙОН"	"11164"	"Всего"	"1"	"Всего"	"1"	"Всего"	"1"	"5 263 166 000 000"
"Объем выполненных строительных работ (услуг)(Тысяч тенге казахских)"	"2016 год"	"201612"	"ШЕТСКИЙ РАЙОН"	"11164"	"Всего"	"1"	"Всего"	"1"	"Всего"	"1"	"2 469 931 000 000"
"Объем выполненных строительных работ (услуг)(Тысяч тенге казахских)"	"2018 год"	"201812"	"ШЕТСКИЙ РАЙОН"	"11164"	"Всего"	"1"	"Всего"	"1"	"Всего"	"1"	"9 240 433 000 000"
"Объем выполненных строительных работ (услуг)(Тысяч тенге казахских)"	"2019 год"	"201912"	"ШЕТСКИЙ РАЙОН"	"11164"	"Всего"	"1"	"Всего"	"1"	"Всего"	"1"	"21 272 659 000 000"
"Объем выполненных строительных работ (услуг)(Тысяч тенге казахских)"	"2020 год"	"202012"	"ШЕТСКИЙ РАЙОН"	"11164"	"Всего"	"1"	"Всего"	"1"	"Всего"	"1"	"56 948 143 000 000"
"Объем выполненных строительных работ (услуг)(Тысяч тенге казахских)"	"2021 год"	"202112"	"ШЕТСКИЙ РАЙОН"	"11164"	"Всего"	"1"	"Всего"	"1"	"Всего"	"1"	"40 219 605 000 000"
"Объем выполненных строительных работ (услуг)(Тысяч тенге казахских)"	"2022 год"	"202212"	"ШЕТСКИЙ РАЙОН"	"11164"	"Всего"	"1"	"Всего"	"1"	"Всего"	"1"	"16 281 015 000 000"
"Объем выполненных строительных работ (услуг)(Тысяч тенге казахских)"	"2017 год"	"201712"	"ШЕТСКИЙ РАЙОН"	"11164"	"основной вид деятельности"	"2"	"Всего"	"1"	"Всего"	"1"	"5 157 554 000 000"
"Объем выполненных строительных работ (услуг)(Тысяч тенге казахских)"	"2016 год"	"201612"	"ШЕТСКИЙ РАЙОН"	"11164"	"основной вид деятельности"	"2"	"Всего"	"1"	"Всего"	"1"	"2 436 012 000 000"
"Объем выполненных строительных работ (услуг)(Тысяч тенге казахских)"	"2018 год"	"201812"	"ШЕТСКИЙ РАЙОН"	"11164"	"основной вид деятельности"	"2"	"Всего"	"1"	"Всего"	"1"	"8 935 216 000 000"
"Объем выполненных строительных работ (услуг)(Тысяч тенге казахских)"	"2019 год"	"201912"	"ШЕТСКИЙ РАЙОН"	"11164"	"основной вид деятельности"	"2"	"Всего"	"1"	"Всего"	"1"	"18 592 952 000 000"
"Объем выполненных строительных работ (услуг)(Тысяч тенге казахских)"	"2020 год"	"202012"	"ШЕТСКИЙ РАЙОН"	"11164"	"основной вид деятельности"	"2"	"Всего"	"1"	"Всего"	"1"	"55 519 499 000 000"
"Объем выполненных строительных работ (услуг)(Тысяч тенге казахских)"	"2021 год"	"202112"	"ШЕТСКИЙ РАЙОН"	"11164"	"основной вид деятельности"	"2"	"Всего"	"1"	"Всего"	"1"	"39 579 134 000 000"
"Объем выполненных строительных работ (услуг)(Тысяч тенге казахских)"	"2022 год"	"202212"	"ШЕТСКИЙ РАЙОН"	"11164"	"основной вид деятельности"	"2"	"Всего"	"1"	"Всего"	"1"	"15 995 025 000 000"
"Объем выполненных строительных работ (услуг)(Тысяч тенге казахских)"	"2017 год"	"201712"	"ШЕТСКИЙ РАЙОН"	"11164"	"вторичный вид деятельности"	"3"	"Всего"	"1"	"Всего"	"1"	"105 612 000 000"
"Объем выполненных строительных работ (услуг)(Тысяч тенге казахских)"	"2016 год"	"201612"	"ШЕТСКИЙ РАЙОН"	"11164"	"вторичный вид деятельности"	"3"	"Всего"	"1"	"Всего"	"1"	"33 919 000 000"
"Объем выполненных строительных работ (услуг)(Тысяч тенге казахских)"	"2018 год"	"201812"	"ШЕТСКИЙ РАЙОН"	"11164"	"вторичный вид деятельности"	"3"	"Всего"	"1"	"Всего"	"1"	"305 217 000 000"
"Объем выполненных строительных работ (услуг)(Тысяч тенге казахских)"	"2019 год"	"201912"	"ШЕТСКИЙ РАЙОН"	"11164"	"вторичный вид деятельности"	"3"	"Всего"	"1"	"Всего"	"1"	"2 679 707 000 000"
"Объем выполненных строительных работ (услуг)(Тысяч тенге казахских)"	"2020 год"	"202012"	"ШЕТСКИЙ РАЙОН"	"11164"	"вторичный вид деятельности"	"3"	"Всего"	"1"	"Всего"	"1"	"1 428 644 000 000"
"Объем выполненных строительных работ (услуг)(Тысяч тенге казахских)"	"2021 год"	"202112"	"ШЕТСКИЙ РАЙОН"	"11164"	"вторичный вид деятельности"	"3"	"Всего"	"1"	"Всего"	"1"	"640 471 000 000"
"Объем выполненных строительных работ (услуг)(Тысяч тенге казахских)"	"2022 год"	"202212"	"ШЕТСКИЙ РАЙОН"	"11164"	"вторичный вид деятельности"	"3"	"Всего"	"1"	"Всего"	"1"	"285 990 000 000"
"Объем выполненных строительных работ (услуг)(Тысяч тенге казахских)"	"2017 год"	"201712"	"КОСТАНАЙСКАЯ ОБЛАСТЬ"	"11492"	"Всего"	"1"	"Всего"	"1"	"Всего"	"1"	"82 479 726 000 000"
"Объем выполненных строительных работ (услуг)(Тысяч тенге казахских)"	"2016 год"	"201612"	"КОСТАНАЙСКАЯ ОБЛАСТЬ"	"11492"	"Всего"	"1"	"Всего"	"1"	"Всего"	"1"	"61 766 454 000 000"
"Объем выполненных строительных работ (услуг)(Тысяч тенге казахских)"	"2018 год"	"201812"	"КОСТАНАЙСКАЯ ОБЛАСТЬ"	"11492"	"Всего"	"1"	"Всего"	"1"	"Всего"	"1"	"108 598 413 000 000"
"Объем выполненных строительных работ (услуг)(Тысяч тенге казахских)"	"2019 год"	"201912"	"КОСТАНАЙСКАЯ ОБЛАСТЬ"	"11492"	"Всего"	"1"	"Всего"	"1"	"Всего"	"1"	"117 777 388 000 000"
"Объем выполненных строительных работ (услуг)(Тысяч тенге казахских)"	"2020 год"	"202012"	"КОСТАНАЙСКАЯ ОБЛАСТЬ"	"11492"	"Всего"	"1"	"Всего"	"1"	"Всего"	"1"	"151 643 999 000 000"
"Объем выполненных строительных работ (услуг)(Тысяч тенге казахских)"	"2021 год"	"202112"	"КОСТАНАЙСКАЯ ОБЛАСТЬ"	"11492"	"Всего"	"1"	"Всего"	"1"	"Всего"	"1"	"175 297 259 000 000"
"Объем выполненных строительных работ (услуг)(Тысяч тенге казахских)"	"2022 год"	"202212"	"КОСТАНАЙСКАЯ ОБЛАСТЬ"	"11492"	"Всего"	"1"	"Всего"	"1"	"Всего"	"1"	"186 929 854 000 000"
"Объем выполненных строительных работ (услуг)(Тысяч тенге казахских)"	"2017 год"	"201712"	"КОСТАНАЙСКАЯ ОБЛАСТЬ"	"11492"	"основной вид деятельности"	"2"	"Всего"	"1"	"Всего"	"1"	"63 110 674 000 000"
"Объем выполненных строительных работ (услуг)(Тысяч тенге казахских)"	"2016 год"	"201612"	"КОСТАНАЙСКАЯ ОБЛАСТЬ"	"11492"	"основной вид деятельности"	"2"	"Всего"	"1"	"Всего"	"1"	"42 692 045 000 000"
"Объем выполненных строительных работ (услуг)(Тысяч тенге казахских)"	"2018 год"	"201812"	"КОСТАНАЙСКАЯ ОБЛАСТЬ"	"11492"	"основной вид деятельности"	"2"	"Всего"	"1"	"Всего"	"1"	"85 567 287 000 000"
"Объем выполненных строительных работ (услуг)(Тысяч тенге казахских)"	"2019 год"	"201912"	"КОСТАНАЙСКАЯ ОБЛАСТЬ"	"11492"	"основной вид деятельности"	"2"	"Всего"	"1"	"Всего"	"1"	"93 481 675 000 000"
"Объем выполненных строительных работ (услуг)(Тысяч тенге казахских)"	"2020 год"	"202012"	"КОСТАНАЙСКАЯ ОБЛАСТЬ"	"11492"	"основной вид деятельности"	"2"	"Всего"	"1"	"Всего"	"1"	"132 739 403 000 000"
"Объем выполненных строительных работ (услуг)(Тысяч тенге казахских)"	"2021 год"	"202112"	"КОСТАНАЙСКАЯ ОБЛАСТЬ"	"11492"	"основной вид деятельности"	"2"	"Всего"	"1"	"Всего"	"1"	"147 355 973 000 000"
"Объем выполненных строительных работ (услуг)(Тысяч тенге казахских)"	"2022 год"	"202212"	"КОСТАНАЙСКАЯ ОБЛАСТЬ"	"11492"	"основной вид деятельности"	"2"	"Всего"	"1"	"Всего"	"1"	"157 007 372 000 000"
"Объем выполненных строительных работ (услуг)(Тысяч тенге казахских)"	"2017 год"	"201712"	"КОСТАНАЙСКАЯ ОБЛАСТЬ"	"11492"	"вторичный вид деятельности"	"3"	"Всего"	"1"	"Всего"	"1"	"19 369 052 000 000"
"Объем выполненных строительных работ (услуг)(Тысяч тенге казахских)"	"2016 год"	"201612"	"КОСТАНАЙСКАЯ ОБЛАСТЬ"	"11492"	"вторичный вид деятельности"	"3"	"Всего"	"1"	"Всего"	"1"	"19 074 409 000 000"
"Объем выполненных строительных работ (услуг)(Тысяч тенге казахских)"	"2018 год"	"201812"	"КОСТАНАЙСКАЯ ОБЛАСТЬ"	"11492"	"вторичный вид деятельности"	"3"	"Всего"	"1"	"Всего"	"1"	"23 031 126 000 000"
"Объем выполненных строительных работ (услуг)(Тысяч тенге казахских)"	"2019 год"	"201912"	"КОСТАНАЙСКАЯ ОБЛАСТЬ"	"11492"	"вторичный вид деятельности"	"3"	"Всего"	"1"	"Всего"	"1"	"24 295 713 000 000"
"Объем выполненных строительных работ (услуг)(Тысяч тенге казахских)"	"2020 год"	"202012"	"КОСТАНАЙСКАЯ ОБЛАСТЬ"	"11492"	"вторичный вид деятельности"	"3"	"Всего"	"1"	"Всего"	"1"	"18 904 596 000 000"
"Объем выполненных строительных работ (услуг)(Тысяч тенге казахских)"	"2021 год"	"202112"	"КОСТАНАЙСКАЯ ОБЛАСТЬ"	"11492"	"вторичный вид деятельности"	"3"	"Всего"	"1"	"Всего"	"1"	"27 941 286 000 000"
"Объем выполненных строительных работ (услуг)(Тысяч тенге казахских)"	"2022 год"	"202212"	"КОСТАНАЙСКАЯ ОБЛАСТЬ"	"11492"	"вторичный вид деятельности"	"3"	"Всего"	"1"	"Всего"	"1"	"29 922 482 000 000"
"Объем выполненных строительных работ (услуг)(Тысяч тенге казахских)"	"2017 год"	"201712"	"КОСТАНАЙ Г.А."	"11493"	"Всего"	"1"	"Всего"	"1"	"Всего"	"1"	"31 622 788 000 000"
"Объем выполненных строительных работ (услуг)(Тысяч тенге казахских)"	"2016 год"	"201612"	"КОСТАНАЙ Г.А."	"11493"	"Всего"	"1"	"Всего"	"1"	"Всего"	"1"	"23 872 125 000 000"
"Объем выполненных строительных работ (услуг)(Тысяч тенге казахских)"	"2018 год"	"201812"	"КОСТАНАЙ Г.А."	"11493"	"Всего"	"1"	"Всего"	"1"	"Всего"	"1"	"38 540 296 000 000"
"Объем выполненных строительных работ (услуг)(Тысяч тенге казахских)"	"2019 год"	"201912"	"КОСТАНАЙ Г.А."	"11493"	"Всего"	"1"	"Всего"	"1"	"Всего"	"1"	"43 721 358 000 000"
"Объем выполненных строительных работ (услуг)(Тысяч тенге казахских)"	"2020 год"	"202012"	"КОСТАНАЙ Г.А."	"11493"	"Всего"	"1"	"Всего"	"1"	"Всего"	"1"	"59 047 345 000 000"
"Объем выполненных строительных работ (услуг)(Тысяч тенге казахских)"	"2021 год"	"202112"	"КОСТАНАЙ Г.А."	"11493"	"Всего"	"1"	"Всего"	"1"	"Всего"	"1"	"70 126 183 000 000"
"Объем выполненных строительных работ (услуг)(Тысяч тенге казахских)"	"2022 год"	"202212"	"КОСТАНАЙ Г.А."	"11493"	"Всего"	"1"	"Всего"	"1"	"Всего"	"1"	"67 675 466 000 000"
"Объем выполненных строительных работ (услуг)(Тысяч тенге казахских)"	"2017 год"	"201712"	"КОСТАНАЙ Г.А."	"11493"	"основной вид деятельности"	"2"	"Всего"	"1"	"Всего"	"1"	"26 199 168 000 000"
"Объем выполненных строительных работ (услуг)(Тысяч тенге казахских)"	"2016 год"	"201612"	"КОСТАНАЙ Г.А."	"11493"	"основной вид деятельности"	"2"	"Всего"	"1"	"Всего"	"1"	"19 090 231 000 000"
"Объем выполненных строительных работ (услуг)(Тысяч тенге казахских)"	"2018 год"	"201812"	"КОСТАНАЙ Г.А."	"11493"	"основной вид деятельности"	"2"	"Всего"	"1"	"Всего"	"1"	"31 307 778 000 000"
"Объем выполненных строительных работ (услуг)(Тысяч тенге казахских)"	"2019 год"	"201912"	"КОСТАНАЙ Г.А."	"11493"	"основной вид деятельности"	"2"	"Всего"	"1"	"Всего"	"1"	"40 349 287 000 000"
"Объем выполненных строительных работ (услуг)(Тысяч тенге казахских)"	"2020 год"	"202012"	"КОСТАНАЙ Г.А."	"11493"	"основной вид деятельности"	"2"	"Всего"	"1"	"Всего"	"1"	"55 018 467 000 000"
"Объем выполненных строительных работ (услуг)(Тысяч тенге казахских)"	"2021 год"	"202112"	"КОСТАНАЙ Г.А."	"11493"	"основной вид деятельности"	"2"	"Всего"	"1"	"Всего"	"1"	"66 444 940 000 000"
"Объем выполненных строительных работ (услуг)(Тысяч тенге казахских)"	"2022 год"	"202212"	"КОСТАНАЙ Г.А."	"11493"	"основной вид деятельности"	"2"	"Всего"	"1"	"Всего"	"1"	"64 410 264 000 000"
"Объем выполненных строительных работ (услуг)(Тысяч тенге казахских)"	"2017 год"	"201712"	"КОСТАНАЙ Г.А."	"11493"	"вторичный вид деятельности"	"3"	"Всего"	"1"	"Всего"	"1"	"5 423 620 000 000"
"Объем выполненных строительных работ (услуг)(Тысяч тенге казахских)"	"2016 год"	"201612"	"КОСТАНАЙ Г.А."	"11493"	"вторичный вид деятельности"	"3"	"Всего"	"1"	"Всего"	"1"	"4 781 894 000 000"
"Объем выполненных строительных работ (услуг)(Тысяч тенге казахских)"	"2018 год"	"201812"	"КОСТАНАЙ Г.А."	"11493"	"вторичный вид деятельности"	"3"	"Всего"	"1"	"Всего"	"1"	"7 232 518 000 000"
"Объем выполненных строительных работ (услуг)(Тысяч тенге казахских)"	"2019 год"	"201912"	"КОСТАНАЙ Г.А."	"11493"	"вторичный вид деятельности"	"3"	"Всего"	"1"	"Всего"	"1"	"3 372 071 000 000"
"Объем выполненных строительных работ (услуг)(Тысяч тенге казахских)"	"2020 год"	"202012"	"КОСТАНАЙ Г.А."	"11493"	"вторичный вид деятельности"	"3"	"Всего"	"1"	"Всего"	"1"	"4 028 878 000 000"
"Объем выполненных строительных работ (услуг)(Тысяч тенге казахских)"	"2021 год"	"202112"	"КОСТАНАЙ Г.А."	"11493"	"вторичный вид деятельности"	"3"	"Всего"	"1"	"Всего"	"1"	"3 681 243 000 000"
"Объем выполненных строительных работ (услуг)(Тысяч тенге казахских)"	"2022 год"	"202212"	"КОСТАНАЙ Г.А."	"11493"	"вторичный вид деятельности"	"3"	"Всего"	"1"	"Всего"	"1"	"3 265 202 000 000"
"Объем выполненных строительных работ (услуг)(Тысяч тенге казахских)"	"2017 год"	"201712"	"АРКАЛЫК Г.А."	"11495"	"Всего"	"1"	"Всего"	"1"	"Всего"	"1"	"1 234 044 000 000"
"Объем выполненных строительных работ (услуг)(Тысяч тенге казахских)"	"2016 год"	"201612"	"АРКАЛЫК Г.А."	"11495"	"Всего"	"1"	"Всего"	"1"	"Всего"	"1"	"1 415 795 000 000"
"Объем выполненных строительных работ (услуг)(Тысяч тенге казахских)"	"2018 год"	"201812"	"АРКАЛЫК Г.А."	"11495"	"Всего"	"1"	"Всего"	"1"	"Всего"	"1"	"1 532 434 000 000"
"Объем выполненных строительных работ (услуг)(Тысяч тенге казахских)"	"2019 год"	"201912"	"АРКАЛЫК Г.А."	"11495"	"Всего"	"1"	"Всего"	"1"	"Всего"	"1"	"2 002 149 000 000"
"Объем выполненных строительных работ (услуг)(Тысяч тенге казахских)"	"2020 год"	"202012"	"АРКАЛЫК Г.А."	"11495"	"Всего"	"1"	"Всего"	"1"	"Всего"	"1"	"6 323 182 000 000"
"Объем выполненных строительных работ (услуг)(Тысяч тенге казахских)"	"2021 год"	"202112"	"АРКАЛЫК Г.А."	"11495"	"Всего"	"1"	"Всего"	"1"	"Всего"	"1"	"7 121 818 000 000"
"Объем выполненных строительных работ (услуг)(Тысяч тенге казахских)"	"2022 год"	"202212"	"АРКАЛЫК Г.А."	"11495"	"Всего"	"1"	"Всего"	"1"	"Всего"	"1"	"3 019 236 000 000"
"Объем выполненных строительных работ (услуг)(Тысяч тенге казахских)"	"2017 год"	"201712"	"АРКАЛЫК Г.А."	"11495"	"основной вид деятельности"	"2"	"Всего"	"1"	"Всего"	"1"	"819 203 000 000"
"Объем выполненных строительных работ (услуг)(Тысяч тенге казахских)"	"2016 год"	"201612"	"АРКАЛЫК Г.А."	"11495"	"основной вид деятельности"	"2"	"Всего"	"1"	"Всего"	"1"	"1 285 679 000 000"
"Объем выполненных строительных работ (услуг)(Тысяч тенге казахских)"	"2018 год"	"201812"	"АРКАЛЫК Г.А."	"11495"	"основной вид деятельности"	"2"	"Всего"	"1"	"Всего"	"1"	"1 390 849 000 000"
"Объем выполненных строительных работ (услуг)(Тысяч тенге казахских)"	"2019 год"	"201912"	"АРКАЛЫК Г.А."	"11495"	"основной вид деятельности"	"2"	"Всего"	"1"	"Всего"	"1"	"2 002 149 000 000"
"Объем выполненных строительных работ (услуг)(Тысяч тенге казахских)"	"2020 год"	"202012"	"АРКАЛЫК Г.А."	"11495"	"основной вид деятельности"	"2"	"Всего"	"1"	"Всего"	"1"	"6 191 820 000 000"
"Объем выполненных строительных работ (услуг)(Тысяч тенге казахских)"	"2021 год"	"202112"	"АРКАЛЫК Г.А."	"11495"	"основной вид деятельности"	"2"	"Всего"	"1"	"Всего"	"1"	"7 000 617 000 000"
"Объем выполненных строительных работ (услуг)(Тысяч тенге казахских)"	"2022 год"	"202212"	"АРКАЛЫК Г.А."	"11495"	"основной вид деятельности"	"2"	"Всего"	"1"	"Всего"	"1"	"2 865 842 000 000"
"Объем выполненных строительных работ (услуг)(Тысяч тенге казахских)"	"2017 год"	"201712"	"АРКАЛЫК Г.А."	"11495"	"вторичный вид деятельности"	"3"	"Всего"	"1"	"Всего"	"1"	"414 841 000 000"
"Объем выполненных строительных работ (услуг)(Тысяч тенге казахских)"	"2016 год"	"201612"	"АРКАЛЫК Г.А."	"11495"	"вторичный вид деятельности"	"3"	"Всего"	"1"	"Всего"	"1"	"130 116 000 000"
"Объем выполненных строительных работ (услуг)(Тысяч тенге казахских)"	"2018 год"	"201812"	"АРКАЛЫК Г.А."	"11495"	"вторичный вид деятельности"	"3"	"Всего"	"1"	"Всего"	"1"	"141 585 000 000"
"Объем выполненных строительных работ (услуг)(Тысяч тенге казахских)"	"2020 год"	"202012"	"АРКАЛЫК Г.А."	"11495"	"вторичный вид деятельности"	"3"	"Всего"	"1"	"Всего"	"1"	"131 362 000 000"
"Объем выполненных строительных работ (услуг)(Тысяч тенге казахских)"	"2021 год"	"202112"	"АРКАЛЫК Г.А."	"11495"	"вторичный вид деятельности"	"3"	"Всего"	"1"	"Всего"	"1"	"121 201 000 000"
"Объем выполненных строительных работ (услуг)(Тысяч тенге казахских)"	"2022 год"	"202212"	"АРКАЛЫК Г.А."	"11495"	"вторичный вид деятельности"	"3"	"Всего"	"1"	"Всего"	"1"	"153 394 000 000"
"Объем выполненных строительных работ (услуг)(Тысяч тенге казахских)"	"2017 год"	"201712"	"ЛИСАКОВСК Г.А."	"11625"	"Всего"	"1"	"Всего"	"1"	"Всего"	"1"	"5 949 693 000 000"
"Объем выполненных строительных работ (услуг)(Тысяч тенге казахских)"	"2016 год"	"201612"	"ЛИСАКОВСК Г.А."	"11625"	"Всего"	"1"	"Всего"	"1"	"Всего"	"1"	"4 316 042 000 000"
"Объем выполненных строительных работ (услуг)(Тысяч тенге казахских)"	"2018 год"	"201812"	"ЛИСАКОВСК Г.А."	"11625"	"Всего"	"1"	"Всего"	"1"	"Всего"	"1"	"6 678 097 000 000"
"Объем выполненных строительных работ (услуг)(Тысяч тенге казахских)"	"2019 год"	"201912"	"ЛИСАКОВСК Г.А."	"11625"	"Всего"	"1"	"Всего"	"1"	"Всего"	"1"	"8 683 928 000 000"
"Объем выполненных строительных работ (услуг)(Тысяч тенге казахских)"	"2020 год"	"202012"	"ЛИСАКОВСК Г.А."	"11625"	"Всего"	"1"	"Всего"	"1"	"Всего"	"1"	"8 600 079 000 000"
"Объем выполненных строительных работ (услуг)(Тысяч тенге казахских)"	"2021 год"	"202112"	"ЛИСАКОВСК Г.А."	"11625"	"Всего"	"1"	"Всего"	"1"	"Всего"	"1"	"8 021 569 000 000"
"Объем выполненных строительных работ (услуг)(Тысяч тенге казахских)"	"2022 год"	"202212"	"ЛИСАКОВСК Г.А."	"11625"	"Всего"	"1"	"Всего"	"1"	"Всего"	"1"	"5 333 893 000 000"
"Объем выполненных строительных работ (услуг)(Тысяч тенге казахских)"	"2017 год"	"201712"	"ЛИСАКОВСК Г.А."	"11625"	"основной вид деятельности"	"2"	"Всего"	"1"	"Всего"	"1"	"1 692 077 000 000"
"Объем выполненных строительных работ (услуг)(Тысяч тенге казахских)"	"2016 год"	"201612"	"ЛИСАКОВСК Г.А."	"11625"	"основной вид деятельности"	"2"	"Всего"	"1"	"Всего"	"1"	"2 087 225 000 000"
"Объем выполненных строительных работ (услуг)(Тысяч тенге казахских)"	"2018 год"	"201812"	"ЛИСАКОВСК Г.А."	"11625"	"основной вид деятельности"	"2"	"Всего"	"1"	"Всего"	"1"	"3 176 499 000 000"
"Объем выполненных строительных работ (услуг)(Тысяч тенге казахских)"	"2019 год"	"201912"	"ЛИСАКОВСК Г.А."	"11625"	"основной вид деятельности"	"2"	"Всего"	"1"	"Всего"	"1"	"2 162 635 000 000"
"Объем выполненных строительных работ (услуг)(Тысяч тенге казахских)"	"2020 год"	"202012"	"ЛИСАКОВСК Г.А."	"11625"	"основной вид деятельности"	"2"	"Всего"	"1"	"Всего"	"1"	"3 052 902 000 000"
"Объем выполненных строительных работ (услуг)(Тысяч тенге казахских)"	"2021 год"	"202112"	"ЛИСАКОВСК Г.А."	"11625"	"основной вид деятельности"	"2"	"Всего"	"1"	"Всего"	"1"	"7 327 300 000 000"
"Объем выполненных строительных работ (услуг)(Тысяч тенге казахских)"	"2022 год"	"202212"	"ЛИСАКОВСК Г.А."	"11625"	"основной вид деятельности"	"2"	"Всего"	"1"	"Всего"	"1"	"3 094 143 000 000"
"Объем выполненных строительных работ (услуг)(Тысяч тенге казахских)"	"2017 год"	"201712"	"ЛИСАКОВСК Г.А."	"11625"	"вторичный вид деятельности"	"3"	"Всего"	"1"	"Всего"	"1"	"4 257 616 000 000"
"Объем выполненных строительных работ (услуг)(Тысяч тенге казахских)"	"2016 год"	"201612"	"ЛИСАКОВСК Г.А."	"11625"	"вторичный вид деятельности"	"3"	"Всего"	"1"	"Всего"	"1"	"2 228 817 000 000"
"Объем выполненных строительных работ (услуг)(Тысяч тенге казахских)"	"2018 год"	"201812"	"ЛИСАКОВСК Г.А."	"11625"	"вторичный вид деятельности"	"3"	"Всего"	"1"	"Всего"	"1"	"3 501 598 000 000"
"Объем выполненных строительных работ (услуг)(Тысяч тенге казахских)"	"2019 год"	"201912"	"ЛИСАКОВСК Г.А."	"11625"	"вторичный вид деятельности"	"3"	"Всего"	"1"	"Всего"	"1"	"6 521 293 000 000"
"Объем выполненных строительных работ (услуг)(Тысяч тенге казахских)"	"2020 год"	"202012"	"ЛИСАКОВСК Г.А."	"11625"	"вторичный вид деятельности"	"3"	"Всего"	"1"	"Всего"	"1"	"5 547 177 000 000"
"Объем выполненных строительных работ (услуг)(Тысяч тенге казахских)"	"2021 год"	"202112"	"ЛИСАКОВСК Г.А."	"11625"	"вторичный вид деятельности"	"3"	"Всего"	"1"	"Всего"	"1"	"694 269 000 000"
"Объем выполненных строительных работ (услуг)(Тысяч тенге казахских)"	"2022 год"	"202212"	"ЛИСАКОВСК Г.А."	"11625"	"вторичный вид деятельности"	"3"	"Всего"	"1"	"Всего"	"1"	"2 239 750 000 000"
"Объем выполненных строительных работ (услуг)(Тысяч тенге казахских)"	"2017 год"	"201712"	"РУДНЫЙ Г.А."	"11631"	"Всего"	"1"	"Всего"	"1"	"Всего"	"1"	"10 914 516 000 000"
"Объем выполненных строительных работ (услуг)(Тысяч тенге казахских)"	"2016 год"	"201612"	"РУДНЫЙ Г.А."	"11631"	"Всего"	"1"	"Всего"	"1"	"Всего"	"1"	"11 818 992 000 000"
"Объем выполненных строительных работ (услуг)(Тысяч тенге казахских)"	"2018 год"	"201812"	"РУДНЫЙ Г.А."	"11631"	"Всего"	"1"	"Всего"	"1"	"Всего"	"1"	"12 043 523 000 000"
"Объем выполненных строительных работ (услуг)(Тысяч тенге казахских)"	"2019 год"	"201912"	"РУДНЫЙ Г.А."	"11631"	"Всего"	"1"	"Всего"	"1"	"Всего"	"1"	"15 505 150 000 000"
"Объем выполненных строительных работ (услуг)(Тысяч тенге казахских)"	"2020 год"	"202012"	"РУДНЫЙ Г.А."	"11631"	"Всего"	"1"	"Всего"	"1"	"Всего"	"1"	"15 814 854 000 000"
"Объем выполненных строительных работ (услуг)(Тысяч тенге казахских)"	"2021 год"	"202112"	"РУДНЫЙ Г.А."	"11631"	"Всего"	"1"	"Всего"	"1"	"Всего"	"1"	"25 282 595 000 000"
"Объем выполненных строительных работ (услуг)(Тысяч тенге казахских)"	"2022 год"	"202212"	"РУДНЫЙ Г.А."	"11631"	"Всего"	"1"	"Всего"	"1"	"Всего"	"1"	"24 000 143 000 000"
"Объем выполненных строительных работ (услуг)(Тысяч тенге казахских)"	"2017 год"	"201712"	"РУДНЫЙ Г.А."	"11631"	"основной вид деятельности"	"2"	"Всего"	"1"	"Всего"	"1"	"4 982 296 000 000"
"Объем выполненных строительных работ (услуг)(Тысяч тенге казахских)"	"2016 год"	"201612"	"РУДНЫЙ Г.А."	"11631"	"основной вид деятельности"	"2"	"Всего"	"1"	"Всего"	"1"	"3 240 464 000 000"
"Объем выполненных строительных работ (услуг)(Тысяч тенге казахских)"	"2018 год"	"201812"	"РУДНЫЙ Г.А."	"11631"	"основной вид деятельности"	"2"	"Всего"	"1"	"Всего"	"1"	"5 434 708 000 000"
"Объем выполненных строительных работ (услуг)(Тысяч тенге казахских)"	"2019 год"	"201912"	"РУДНЫЙ Г.А."	"11631"	"основной вид деятельности"	"2"	"Всего"	"1"	"Всего"	"1"	"7 374 284 000 000"
"Объем выполненных строительных работ (услуг)(Тысяч тенге казахских)"	"2020 год"	"202012"	"РУДНЫЙ Г.А."	"11631"	"основной вид деятельности"	"2"	"Всего"	"1"	"Всего"	"1"	"10 553 357 000 000"
"Объем выполненных строительных работ (услуг)(Тысяч тенге казахских)"	"2021 год"	"202112"	"РУДНЫЙ Г.А."	"11631"	"основной вид деятельности"	"2"	"Всего"	"1"	"Всего"	"1"	"15 624 738 000 000"
"Объем выполненных строительных работ (услуг)(Тысяч тенге казахских)"	"2022 год"	"202212"	"РУДНЫЙ Г.А."	"11631"	"основной вид деятельности"	"2"	"Всего"	"1"	"Всего"	"1"	"14 383 821 000 000"
"Объем выполненных строительных работ (услуг)(Тысяч тенге казахских)"	"2017 год"	"201712"	"РУДНЫЙ Г.А."	"11631"	"вторичный вид деятельности"	"3"	"Всего"	"1"	"Всего"	"1"	"5 932 220 000 000"
"Объем выполненных строительных работ (услуг)(Тысяч тенге казахских)"	"2016 год"	"201612"	"РУДНЫЙ Г.А."	"11631"	"вторичный вид деятельности"	"3"	"Всего"	"1"	"Всего"	"1"	"8 578 528 000 000"
"Объем выполненных строительных работ (услуг)(Тысяч тенге казахских)"	"2018 год"	"201812"	"РУДНЫЙ Г.А."	"11631"	"вторичный вид деятельности"	"3"	"Всего"	"1"	"Всего"	"1"	"6 608 815 000 000"
"Объем выполненных строительных работ (услуг)(Тысяч тенге казахских)"	"2019 год"	"201912"	"РУДНЫЙ Г.А."	"11631"	"вторичный вид деятельности"	"3"	"Всего"	"1"	"Всего"	"1"	"8 130 866 000 000"
"Объем выполненных строительных работ (услуг)(Тысяч тенге казахских)"	"2020 год"	"202012"	"РУДНЫЙ Г.А."	"11631"	"вторичный вид деятельности"	"3"	"Всего"	"1"	"Всего"	"1"	"5 261 497 000 000"
"Объем выполненных строительных работ (услуг)(Тысяч тенге казахских)"	"2021 год"	"202112"	"РУДНЫЙ Г.А."	"11631"	"вторичный вид деятельности"	"3"	"Всего"	"1"	"Всего"	"1"	"9 657 857 000 000"
"Объем выполненных строительных работ (услуг)(Тысяч тенге казахских)"	"2022 год"	"202212"	"РУДНЫЙ Г.А."	"11631"	"вторичный вид деятельности"	"3"	"Всего"	"1"	"Всего"	"1"	"9 616 322 000 000"
"Объем выполненных строительных работ (услуг)(Тысяч тенге казахских)"	"2017 год"	"201712"	"АЛТЫНСАРИНСКИЙ РАЙОН"	"11638"	"Всего"	"1"	"Всего"	"1"	"Всего"	"1"	"672 673 000 000"
"Объем выполненных строительных работ (услуг)(Тысяч тенге казахских)"	"2016 год"	"201612"	"АЛТЫНСАРИНСКИЙ РАЙОН"	"11638"	"Всего"	"1"	"Всего"	"1"	"Всего"	"1"	"596 013 000 000"
"Объем выполненных строительных работ (услуг)(Тысяч тенге казахских)"	"2018 год"	"201812"	"АЛТЫНСАРИНСКИЙ РАЙОН"	"11638"	"Всего"	"1"	"Всего"	"1"	"Всего"	"1"	"1 987 566 000 000"
"Объем выполненных строительных работ (услуг)(Тысяч тенге казахских)"	"2019 год"	"201912"	"АЛТЫНСАРИНСКИЙ РАЙОН"	"11638"	"Всего"	"1"	"Всего"	"1"	"Всего"	"1"	"2 544 977 000 000"
"Объем выполненных строительных работ (услуг)(Тысяч тенге казахских)"	"2020 год"	"202012"	"АЛТЫНСАРИНСКИЙ РАЙОН"	"11638"	"Всего"	"1"	"Всего"	"1"	"Всего"	"1"	"2 379 518 000 000"
"Объем выполненных строительных работ (услуг)(Тысяч тенге казахских)"	"2021 год"	"202112"	"АЛТЫНСАРИНСКИЙ РАЙОН"	"11638"	"Всего"	"1"	"Всего"	"1"	"Всего"	"1"	"485 122 000 000"
"Объем выполненных строительных работ (услуг)(Тысяч тенге казахских)"	"2022 год"	"202212"	"АЛТЫНСАРИНСКИЙ РАЙОН"	"11638"	"Всего"	"1"	"Всего"	"1"	"Всего"	"1"	"1 289 131 000 000"
"Объем выполненных строительных работ (услуг)(Тысяч тенге казахских)"	"2017 год"	"201712"	"АЛТЫНСАРИНСКИЙ РАЙОН"	"11638"	"основной вид деятельности"	"2"	"Всего"	"1"	"Всего"	"1"	"621 990 000 000"
"Объем выполненных строительных работ (услуг)(Тысяч тенге казахских)"	"2016 год"	"201612"	"АЛТЫНСАРИНСКИЙ РАЙОН"	"11638"	"основной вид деятельности"	"2"	"Всего"	"1"	"Всего"	"1"	"146 657 000 000"
"Объем выполненных строительных работ (услуг)(Тысяч тенге казахских)"	"2018 год"	"201812"	"АЛТЫНСАРИНСКИЙ РАЙОН"	"11638"	"основной вид деятельности"	"2"	"Всего"	"1"	"Всего"	"1"	"1 798 517 000 000"
"Объем выполненных строительных работ (услуг)(Тысяч тенге казахских)"	"2019 год"	"201912"	"АЛТЫНСАРИНСКИЙ РАЙОН"	"11638"	"основной вид деятельности"	"2"	"Всего"	"1"	"Всего"	"1"	"2 510 039 000 000"
"Объем выполненных строительных работ (услуг)(Тысяч тенге казахских)"	"2020 год"	"202012"	"АЛТЫНСАРИНСКИЙ РАЙОН"	"11638"	"основной вид деятельности"	"2"	"Всего"	"1"	"Всего"	"1"	"2 377 627 000 000"
"Объем выполненных строительных работ (услуг)(Тысяч тенге казахских)"	"2021 год"	"202112"	"АЛТЫНСАРИНСКИЙ РАЙОН"	"11638"	"основной вид деятельности"	"2"	"Всего"	"1"	"Всего"	"1"	"485 122 000 000"
"Объем выполненных строительных работ (услуг)(Тысяч тенге казахских)"	"2022 год"	"202212"	"АЛТЫНСАРИНСКИЙ РАЙОН"	"11638"	"основной вид деятельности"	"2"	"Всего"	"1"	"Всего"	"1"	"1 289 131 000 000"
"Объем выполненных строительных работ (услуг)(Тысяч тенге казахских)"	"2017 год"	"201712"	"АЛТЫНСАРИНСКИЙ РАЙОН"	"11638"	"вторичный вид деятельности"	"3"	"Всего"	"1"	"Всего"	"1"	"50 683 000 000"
"Объем выполненных строительных работ (услуг)(Тысяч тенге казахских)"	"2016 год"	"201612"	"АЛТЫНСАРИНСКИЙ РАЙОН"	"11638"	"вторичный вид деятельности"	"3"	"Всего"	"1"	"Всего"	"1"	"449 356 000 000"
"Объем выполненных строительных работ (услуг)(Тысяч тенге казахских)"	"2018 год"	"201812"	"АЛТЫНСАРИНСКИЙ РАЙОН"	"11638"	"вторичный вид деятельности"	"3"	"Всего"	"1"	"Всего"	"1"	"189 049 000 000"
"Объем выполненных строительных работ (услуг)(Тысяч тенге казахских)"	"2019 год"	"201912"	"АЛТЫНСАРИНСКИЙ РАЙОН"	"11638"	"вторичный вид деятельности"	"3"	"Всего"	"1"	"Всего"	"1"	"34 938 000 000"
"Объем выполненных строительных работ (услуг)(Тысяч тенге казахских)"	"2020 год"	"202012"	"АЛТЫНСАРИНСКИЙ РАЙОН"	"11638"	"вторичный вид деятельности"	"3"	"Всего"	"1"	"Всего"	"1"	"1 891 000 000"
"Объем выполненных строительных работ (услуг)(Тысяч тенге казахских)"	"2017 год"	"201712"	"АМАНГЕЛЬДИНСКИЙ РАЙОН"	"11687"	"Всего"	"1"	"Всего"	"1"	"Всего"	"1"	"2 530 105 000 000"
"Объем выполненных строительных работ (услуг)(Тысяч тенге казахских)"	"2016 год"	"201612"	"АМАНГЕЛЬДИНСКИЙ РАЙОН"	"11687"	"Всего"	"1"	"Всего"	"1"	"Всего"	"1"	"217 008 000 000"
"Объем выполненных строительных работ (услуг)(Тысяч тенге казахских)"	"2018 год"	"201812"	"АМАНГЕЛЬДИНСКИЙ РАЙОН"	"11687"	"Всего"	"1"	"Всего"	"1"	"Всего"	"1"	"2 704 002 000 000"
"Объем выполненных строительных работ (услуг)(Тысяч тенге казахских)"	"2019 год"	"201912"	"АМАНГЕЛЬДИНСКИЙ РАЙОН"	"11687"	"Всего"	"1"	"Всего"	"1"	"Всего"	"1"	"1 473 874 000 000"
"Объем выполненных строительных работ (услуг)(Тысяч тенге казахских)"	"2020 год"	"202012"	"АМАНГЕЛЬДИНСКИЙ РАЙОН"	"11687"	"Всего"	"1"	"Всего"	"1"	"Всего"	"1"	"1 940 348 000 000"
"Объем выполненных строительных работ (услуг)(Тысяч тенге казахских)"	"2021 год"	"202112"	"АМАНГЕЛЬДИНСКИЙ РАЙОН"	"11687"	"Всего"	"1"	"Всего"	"1"	"Всего"	"1"	"3 651 452 000 000"
"Объем выполненных строительных работ (услуг)(Тысяч тенге казахских)"	"2022 год"	"202212"	"АМАНГЕЛЬДИНСКИЙ РАЙОН"	"11687"	"Всего"	"1"	"Всего"	"1"	"Всего"	"1"	"2 060 406 000 000"
"Объем выполненных строительных работ (услуг)(Тысяч тенге казахских)"	"2017 год"	"201712"	"АМАНГЕЛЬДИНСКИЙ РАЙОН"	"11687"	"основной вид деятельности"	"2"	"Всего"	"1"	"Всего"	"1"	"2 465 744 000 000"
"Объем выполненных строительных работ (услуг)(Тысяч тенге казахских)"	"2016 год"	"201612"	"АМАНГЕЛЬДИНСКИЙ РАЙОН"	"11687"	"основной вид деятельности"	"2"	"Всего"	"1"	"Всего"	"1"	"193 358 000 000"
"Объем выполненных строительных работ (услуг)(Тысяч тенге казахских)"	"2018 год"	"201812"	"АМАНГЕЛЬДИНСКИЙ РАЙОН"	"11687"	"основной вид деятельности"	"2"	"Всего"	"1"	"Всего"	"1"	"2 600 279 000 000"
"Объем выполненных строительных работ (услуг)(Тысяч тенге казахских)"	"2019 год"	"201912"	"АМАНГЕЛЬДИНСКИЙ РАЙОН"	"11687"	"основной вид деятельности"	"2"	"Всего"	"1"	"Всего"	"1"	"1 473 874 000 000"
"Объем выполненных строительных работ (услуг)(Тысяч тенге казахских)"	"2020 год"	"202012"	"АМАНГЕЛЬДИНСКИЙ РАЙОН"	"11687"	"основной вид деятельности"	"2"	"Всего"	"1"	"Всего"	"1"	"1 916 241 000 000"
"Объем выполненных строительных работ (услуг)(Тысяч тенге казахских)"	"2021 год"	"202112"	"АМАНГЕЛЬДИНСКИЙ РАЙОН"	"11687"	"основной вид деятельности"	"2"	"Всего"	"1"	"Всего"	"1"	"3 651 452 000 000"
"Объем выполненных строительных работ (услуг)(Тысяч тенге казахских)"	"2022 год"	"202212"	"АМАНГЕЛЬДИНСКИЙ РАЙОН"	"11687"	"основной вид деятельности"	"2"	"Всего"	"1"	"Всего"	"1"	"2 060 406 000 000"
"Объем выполненных строительных работ (услуг)(Тысяч тенге казахских)"	"2017 год"	"201712"	"АМАНГЕЛЬДИНСКИЙ РАЙОН"	"11687"	"вторичный вид деятельности"	"3"	"Всего"	"1"	"Всего"	"1"	"64 361 000 000"
"Объем выполненных строительных работ (услуг)(Тысяч тенге казахских)"	"2016 год"	"201612"	"АМАНГЕЛЬДИНСКИЙ РАЙОН"	"11687"	"вторичный вид деятельности"	"3"	"Всего"	"1"	"Всего"	"1"	"23 650 000 000"
"Объем выполненных строительных работ (услуг)(Тысяч тенге казахских)"	"2018 год"	"201812"	"АМАНГЕЛЬДИНСКИЙ РАЙОН"	"11687"	"вторичный вид деятельности"	"3"	"Всего"	"1"	"Всего"	"1"	"103 723 000 000"
"Объем выполненных строительных работ (услуг)(Тысяч тенге казахских)"	"2020 год"	"202012"	"АМАНГЕЛЬДИНСКИЙ РАЙОН"	"11687"	"вторичный вид деятельности"	"3"	"Всего"	"1"	"Всего"	"1"	"24 107 000 000"
"Объем выполненных строительных работ (услуг)(Тысяч тенге казахских)"	"2017 год"	"201712"	"АУЛИЕКОЛЬСКИЙ РАЙОН"	"11806"	"Всего"	"1"	"Всего"	"1"	"Всего"	"1"	"3 722 334 000 000"
"Объем выполненных строительных работ (услуг)(Тысяч тенге казахских)"	"2016 год"	"201612"	"АУЛИЕКОЛЬСКИЙ РАЙОН"	"11806"	"Всего"	"1"	"Всего"	"1"	"Всего"	"1"	"1 879 576 000 000"
"Объем выполненных строительных работ (услуг)(Тысяч тенге казахских)"	"2018 год"	"201812"	"АУЛИЕКОЛЬСКИЙ РАЙОН"	"11806"	"Всего"	"1"	"Всего"	"1"	"Всего"	"1"	"7 162 415 000 000"
"Объем выполненных строительных работ (услуг)(Тысяч тенге казахских)"	"2019 год"	"201912"	"АУЛИЕКОЛЬСКИЙ РАЙОН"	"11806"	"Всего"	"1"	"Всего"	"1"	"Всего"	"1"	"6 623 516 000 000"
"Объем выполненных строительных работ (услуг)(Тысяч тенге казахских)"	"2020 год"	"202012"	"АУЛИЕКОЛЬСКИЙ РАЙОН"	"11806"	"Всего"	"1"	"Всего"	"1"	"Всего"	"1"	"4 115 014 000 000"
"Объем выполненных строительных работ (услуг)(Тысяч тенге казахских)"	"2021 год"	"202112"	"АУЛИЕКОЛЬСКИЙ РАЙОН"	"11806"	"Всего"	"1"	"Всего"	"1"	"Всего"	"1"	"9 114 511 000 000"
"Объем выполненных строительных работ (услуг)(Тысяч тенге казахских)"	"2022 год"	"202212"	"АУЛИЕКОЛЬСКИЙ РАЙОН"	"11806"	"Всего"	"1"	"Всего"	"1"	"Всего"	"1"	"17 245 273 000 000"
"Объем выполненных строительных работ (услуг)(Тысяч тенге казахских)"	"2017 год"	"201712"	"АУЛИЕКОЛЬСКИЙ РАЙОН"	"11806"	"основной вид деятельности"	"2"	"Всего"	"1"	"Всего"	"1"	"3 348 753 000 000"
"Объем выполненных строительных работ (услуг)(Тысяч тенге казахских)"	"2016 год"	"201612"	"АУЛИЕКОЛЬСКИЙ РАЙОН"	"11806"	"основной вид деятельности"	"2"	"Всего"	"1"	"Всего"	"1"	"1 498 529 000 000"
"Объем выполненных строительных работ (услуг)(Тысяч тенге казахских)"	"2018 год"	"201812"	"АУЛИЕКОЛЬСКИЙ РАЙОН"	"11806"	"основной вид деятельности"	"2"	"Всего"	"1"	"Всего"	"1"	"6 634 320 000 000"
"Объем выполненных строительных работ (услуг)(Тысяч тенге казахских)"	"2019 год"	"201912"	"АУЛИЕКОЛЬСКИЙ РАЙОН"	"11806"	"основной вид деятельности"	"2"	"Всего"	"1"	"Всего"	"1"	"3 769 020 000 000"
"Объем выполненных строительных работ (услуг)(Тысяч тенге казахских)"	"2020 год"	"202012"	"АУЛИЕКОЛЬСКИЙ РАЙОН"	"11806"	"основной вид деятельности"	"2"	"Всего"	"1"	"Всего"	"1"	"4 050 306 000 000"
"Объем выполненных строительных работ (услуг)(Тысяч тенге казахских)"	"2021 год"	"202112"	"АУЛИЕКОЛЬСКИЙ РАЙОН"	"11806"	"основной вид деятельности"	"2"	"Всего"	"1"	"Всего"	"1"	"3 121 417 000 000"
"Объем выполненных строительных работ (услуг)(Тысяч тенге казахских)"	"2022 год"	"202212"	"АУЛИЕКОЛЬСКИЙ РАЙОН"	"11806"	"основной вид деятельности"	"2"	"Всего"	"1"	"Всего"	"1"	"13 574 021 000 000"
"Объем выполненных строительных работ (услуг)(Тысяч тенге казахских)"	"2017 год"	"201712"	"АУЛИЕКОЛЬСКИЙ РАЙОН"	"11806"	"вторичный вид деятельности"	"3"	"Всего"	"1"	"Всего"	"1"	"373 581 000 000"
"Объем выполненных строительных работ (услуг)(Тысяч тенге казахских)"	"2016 год"	"201612"	"АУЛИЕКОЛЬСКИЙ РАЙОН"	"11806"	"вторичный вид деятельности"	"3"	"Всего"	"1"	"Всего"	"1"	"381 047 000 000"
"Объем выполненных строительных работ (услуг)(Тысяч тенге казахских)"	"2018 год"	"201812"	"АУЛИЕКОЛЬСКИЙ РАЙОН"	"11806"	"вторичный вид деятельности"	"3"	"Всего"	"1"	"Всего"	"1"	"528 095 000 000"
"Объем выполненных строительных работ (услуг)(Тысяч тенге казахских)"	"2019 год"	"201912"	"АУЛИЕКОЛЬСКИЙ РАЙОН"	"11806"	"вторичный вид деятельности"	"3"	"Всего"	"1"	"Всего"	"1"	"2 854 496 000 000"
"Объем выполненных строительных работ (услуг)(Тысяч тенге казахских)"	"2020 год"	"202012"	"АУЛИЕКОЛЬСКИЙ РАЙОН"	"11806"	"вторичный вид деятельности"	"3"	"Всего"	"1"	"Всего"	"1"	"64 708 000 000"
"Объем выполненных строительных работ (услуг)(Тысяч тенге казахских)"	"2021 год"	"202112"	"АУЛИЕКОЛЬСКИЙ РАЙОН"	"11806"	"вторичный вид деятельности"	"3"	"Всего"	"1"	"Всего"	"1"	"5 993 094 000 000"
"Объем выполненных строительных работ (услуг)(Тысяч тенге казахских)"	"2022 год"	"202212"	"АУЛИЕКОЛЬСКИЙ РАЙОН"	"11806"	"вторичный вид деятельности"	"3"	"Всего"	"1"	"Всего"	"1"	"3 671 252 000 000"
"Объем выполненных строительных работ (услуг)(Тысяч тенге казахских)"	"2017 год"	"201712"	"ДЕНИСОВСКИЙ РАЙОН"	"11872"	"Всего"	"1"	"Всего"	"1"	"Всего"	"1"	"4 279 152 000 000"
"Объем выполненных строительных работ (услуг)(Тысяч тенге казахских)"	"2016 год"	"201612"	"ДЕНИСОВСКИЙ РАЙОН"	"11872"	"Всего"	"1"	"Всего"	"1"	"Всего"	"1"	"1 231 696 000 000"
"Объем выполненных строительных работ (услуг)(Тысяч тенге казахских)"	"2018 год"	"201812"	"ДЕНИСОВСКИЙ РАЙОН"	"11872"	"Всего"	"1"	"Всего"	"1"	"Всего"	"1"	"4 295 218 000 000"
"Объем выполненных строительных работ (услуг)(Тысяч тенге казахских)"	"2019 год"	"201912"	"ДЕНИСОВСКИЙ РАЙОН"	"11872"	"Всего"	"1"	"Всего"	"1"	"Всего"	"1"	"4 550 739 000 000"
"Объем выполненных строительных работ (услуг)(Тысяч тенге казахских)"	"2020 год"	"202012"	"ДЕНИСОВСКИЙ РАЙОН"	"11872"	"Всего"	"1"	"Всего"	"1"	"Всего"	"1"	"7 030 826 000 000"
"Объем выполненных строительных работ (услуг)(Тысяч тенге казахских)"	"2021 год"	"202112"	"ДЕНИСОВСКИЙ РАЙОН"	"11872"	"Всего"	"1"	"Всего"	"1"	"Всего"	"1"	"1 320 306 000 000"
"Объем выполненных строительных работ (услуг)(Тысяч тенге казахских)"	"2022 год"	"202212"	"ДЕНИСОВСКИЙ РАЙОН"	"11872"	"Всего"	"1"	"Всего"	"1"	"Всего"	"1"	"4 416 651 000 000"
"Объем выполненных строительных работ (услуг)(Тысяч тенге казахских)"	"2017 год"	"201712"	"ДЕНИСОВСКИЙ РАЙОН"	"11872"	"основной вид деятельности"	"2"	"Всего"	"1"	"Всего"	"1"	"4 275 971 000 000"
"Объем выполненных строительных работ (услуг)(Тысяч тенге казахских)"	"2016 год"	"201612"	"ДЕНИСОВСКИЙ РАЙОН"	"11872"	"основной вид деятельности"	"2"	"Всего"	"1"	"Всего"	"1"	"1 126 831 000 000"
"Объем выполненных строительных работ (услуг)(Тысяч тенге казахских)"	"2018 год"	"201812"	"ДЕНИСОВСКИЙ РАЙОН"	"11872"	"основной вид деятельности"	"2"	"Всего"	"1"	"Всего"	"1"	"3 931 938 000 000"
"Объем выполненных строительных работ (услуг)(Тысяч тенге казахских)"	"2019 год"	"201912"	"ДЕНИСОВСКИЙ РАЙОН"	"11872"	"основной вид деятельности"	"2"	"Всего"	"1"	"Всего"	"1"	"4 389 223 000 000"
"Объем выполненных строительных работ (услуг)(Тысяч тенге казахских)"	"2020 год"	"202012"	"ДЕНИСОВСКИЙ РАЙОН"	"11872"	"основной вид деятельности"	"2"	"Всего"	"1"	"Всего"	"1"	"6 719 815 000 000"
"Объем выполненных строительных работ (услуг)(Тысяч тенге казахских)"	"2021 год"	"202112"	"ДЕНИСОВСКИЙ РАЙОН"	"11872"	"основной вид деятельности"	"2"	"Всего"	"1"	"Всего"	"1"	"1 320 306 000 000"
"Объем выполненных строительных работ (услуг)(Тысяч тенге казахских)"	"2022 год"	"202212"	"ДЕНИСОВСКИЙ РАЙОН"	"11872"	"основной вид деятельности"	"2"	"Всего"	"1"	"Всего"	"1"	"1 702 645 000 000"
"Объем выполненных строительных работ (услуг)(Тысяч тенге казахских)"	"2017 год"	"201712"	"ДЕНИСОВСКИЙ РАЙОН"	"11872"	"вторичный вид деятельности"	"3"	"Всего"	"1"	"Всего"	"1"	"3 181 000 000"
"Объем выполненных строительных работ (услуг)(Тысяч тенге казахских)"	"2016 год"	"201612"	"ДЕНИСОВСКИЙ РАЙОН"	"11872"	"вторичный вид деятельности"	"3"	"Всего"	"1"	"Всего"	"1"	"104 865 000 000"
"Объем выполненных строительных работ (услуг)(Тысяч тенге казахских)"	"2018 год"	"201812"	"ДЕНИСОВСКИЙ РАЙОН"	"11872"	"вторичный вид деятельности"	"3"	"Всего"	"1"	"Всего"	"1"	"363 280 000 000"
"Объем выполненных строительных работ (услуг)(Тысяч тенге казахских)"	"2019 год"	"201912"	"ДЕНИСОВСКИЙ РАЙОН"	"11872"	"вторичный вид деятельности"	"3"	"Всего"	"1"	"Всего"	"1"	"161 516 000 000"
"Объем выполненных строительных работ (услуг)(Тысяч тенге казахских)"	"2020 год"	"202012"	"ДЕНИСОВСКИЙ РАЙОН"	"11872"	"вторичный вид деятельности"	"3"	"Всего"	"1"	"Всего"	"1"	"311 011 000 000"
"Объем выполненных строительных работ (услуг)(Тысяч тенге казахских)"	"2022 год"	"202212"	"ДЕНИСОВСКИЙ РАЙОН"	"11872"	"вторичный вид деятельности"	"3"	"Всего"	"1"	"Всего"	"1"	"2 714 006 000 000"
"Объем выполненных строительных работ (услуг)(Тысяч тенге казахских)"	"2017 год"	"201712"	"ЖАНГЕЛЬДИНСКИЙ РАЙОН"	"11934"	"Всего"	"1"	"Всего"	"1"	"Всего"	"1"	"325 695 000 000"
"Объем выполненных строительных работ (услуг)(Тысяч тенге казахских)"	"2016 год"	"201612"	"ЖАНГЕЛЬДИНСКИЙ РАЙОН"	"11934"	"Всего"	"1"	"Всего"	"1"	"Всего"	"1"	"54 827 000 000"
"Объем выполненных строительных работ (услуг)(Тысяч тенге казахских)"	"2018 год"	"201812"	"ЖАНГЕЛЬДИНСКИЙ РАЙОН"	"11934"	"Всего"	"1"	"Всего"	"1"	"Всего"	"1"	"2 012 562 000 000"
"Объем выполненных строительных работ (услуг)(Тысяч тенге казахских)"	"2019 год"	"201912"	"ЖАНГЕЛЬДИНСКИЙ РАЙОН"	"11934"	"Всего"	"1"	"Всего"	"1"	"Всего"	"1"	"2 089 064 000 000"
"Объем выполненных строительных работ (услуг)(Тысяч тенге казахских)"	"2020 год"	"202012"	"ЖАНГЕЛЬДИНСКИЙ РАЙОН"	"11934"	"Всего"	"1"	"Всего"	"1"	"Всего"	"1"	"3 056 356 000 000"
"Объем выполненных строительных работ (услуг)(Тысяч тенге казахских)"	"2021 год"	"202112"	"ЖАНГЕЛЬДИНСКИЙ РАЙОН"	"11934"	"Всего"	"1"	"Всего"	"1"	"Всего"	"1"	"1 518 395 000 000"
"Объем выполненных строительных работ (услуг)(Тысяч тенге казахских)"	"2022 год"	"202212"	"ЖАНГЕЛЬДИНСКИЙ РАЙОН"	"11934"	"Всего"	"1"	"Всего"	"1"	"Всего"	"1"	"2 706 236 000 000"
"Объем выполненных строительных работ (услуг)(Тысяч тенге казахских)"	"2017 год"	"201712"	"ЖАНГЕЛЬДИНСКИЙ РАЙОН"	"11934"	"основной вид деятельности"	"2"	"Всего"	"1"	"Всего"	"1"	"283 595 000 000"
"Объем выполненных строительных работ (услуг)(Тысяч тенге казахских)"	"2016 год"	"201612"	"ЖАНГЕЛЬДИНСКИЙ РАЙОН"	"11934"	"основной вид деятельности"	"2"	"Всего"	"1"	"Всего"	"1"	"54 827 000 000"
"Объем выполненных строительных работ (услуг)(Тысяч тенге казахских)"	"2018 год"	"201812"	"ЖАНГЕЛЬДИНСКИЙ РАЙОН"	"11934"	"основной вид деятельности"	"2"	"Всего"	"1"	"Всего"	"1"	"1 696 269 000 000"
"Объем выполненных строительных работ (услуг)(Тысяч тенге казахских)"	"2019 год"	"201912"	"ЖАНГЕЛЬДИНСКИЙ РАЙОН"	"11934"	"основной вид деятельности"	"2"	"Всего"	"1"	"Всего"	"1"	"2 089 064 000 000"
"Объем выполненных строительных работ (услуг)(Тысяч тенге казахских)"	"2020 год"	"202012"	"ЖАНГЕЛЬДИНСКИЙ РАЙОН"	"11934"	"основной вид деятельности"	"2"	"Всего"	"1"	"Всего"	"1"	"3 022 956 000 000"
"Объем выполненных строительных работ (услуг)(Тысяч тенге казахских)"	"2021 год"	"202112"	"ЖАНГЕЛЬДИНСКИЙ РАЙОН"	"11934"	"основной вид деятельности"	"2"	"Всего"	"1"	"Всего"	"1"	"1 518 395 000 000"
"Объем выполненных строительных работ (услуг)(Тысяч тенге казахских)"	"2022 год"	"202212"	"ЖАНГЕЛЬДИНСКИЙ РАЙОН"	"11934"	"основной вид деятельности"	"2"	"Всего"	"1"	"Всего"	"1"	"2 706 236 000 000"
"Объем выполненных строительных работ (услуг)(Тысяч тенге казахских)"	"2017 год"	"201712"	"ЖАНГЕЛЬДИНСКИЙ РАЙОН"	"11934"	"вторичный вид деятельности"	"3"	"Всего"	"1"	"Всего"	"1"	"42 100 000 000"
"Объем выполненных строительных работ (услуг)(Тысяч тенге казахских)"	"2018 год"	"201812"	"ЖАНГЕЛЬДИНСКИЙ РАЙОН"	"11934"	"вторичный вид деятельности"	"3"	"Всего"	"1"	"Всего"	"1"	"316 293 000 000"
"Объем выполненных строительных работ (услуг)(Тысяч тенге казахских)"	"2020 год"	"202012"	"ЖАНГЕЛЬДИНСКИЙ РАЙОН"	"11934"	"вторичный вид деятельности"	"3"	"Всего"	"1"	"Всего"	"1"	"33 400 000 000"
"Объем выполненных строительных работ (услуг)(Тысяч тенге казахских)"	"2017 год"	"201712"	"ЖИТИКАРИНСКИЙ РАЙОН"	"12053"	"Всего"	"1"	"Всего"	"1"	"Всего"	"1"	"3 132 857 000 000"
"Объем выполненных строительных работ (услуг)(Тысяч тенге казахских)"	"2016 год"	"201612"	"ЖИТИКАРИНСКИЙ РАЙОН"	"12053"	"Всего"	"1"	"Всего"	"1"	"Всего"	"1"	"1 081 865 000 000"
"Объем выполненных строительных работ (услуг)(Тысяч тенге казахских)"	"2018 год"	"201812"	"ЖИТИКАРИНСКИЙ РАЙОН"	"12053"	"Всего"	"1"	"Всего"	"1"	"Всего"	"1"	"3 119 517 000 000"
"Объем выполненных строительных работ (услуг)(Тысяч тенге казахских)"	"2019 год"	"201912"	"ЖИТИКАРИНСКИЙ РАЙОН"	"12053"	"Всего"	"1"	"Всего"	"1"	"Всего"	"1"	"3 041 096 000 000"
"Объем выполненных строительных работ (услуг)(Тысяч тенге казахских)"	"2020 год"	"202012"	"ЖИТИКАРИНСКИЙ РАЙОН"	"12053"	"Всего"	"1"	"Всего"	"1"	"Всего"	"1"	"3 557 472 000 000"
"Объем выполненных строительных работ (услуг)(Тысяч тенге казахских)"	"2021 год"	"202112"	"ЖИТИКАРИНСКИЙ РАЙОН"	"12053"	"Всего"	"1"	"Всего"	"1"	"Всего"	"1"	"4 210 049 000 000"
"Объем выполненных строительных работ (услуг)(Тысяч тенге казахских)"	"2022 год"	"202212"	"ЖИТИКАРИНСКИЙ РАЙОН"	"12053"	"Всего"	"1"	"Всего"	"1"	"Всего"	"1"	"5 406 443 000 000"
"Объем выполненных строительных работ (услуг)(Тысяч тенге казахских)"	"2017 год"	"201712"	"ЖИТИКАРИНСКИЙ РАЙОН"	"12053"	"основной вид деятельности"	"2"	"Всего"	"1"	"Всего"	"1"	"2 984 827 000 000"
"Объем выполненных строительных работ (услуг)(Тысяч тенге казахских)"	"2016 год"	"201612"	"ЖИТИКАРИНСКИЙ РАЙОН"	"12053"	"основной вид деятельности"	"2"	"Всего"	"1"	"Всего"	"1"	"1 015 390 000 000"
"Объем выполненных строительных работ (услуг)(Тысяч тенге казахских)"	"2018 год"	"201812"	"ЖИТИКАРИНСКИЙ РАЙОН"	"12053"	"основной вид деятельности"	"2"	"Всего"	"1"	"Всего"	"1"	"2 529 267 000 000"
"Объем выполненных строительных работ (услуг)(Тысяч тенге казахских)"	"2019 год"	"201912"	"ЖИТИКАРИНСКИЙ РАЙОН"	"12053"	"основной вид деятельности"	"2"	"Всего"	"1"	"Всего"	"1"	"2 973 154 000 000"
"Объем выполненных строительных работ (услуг)(Тысяч тенге казахских)"	"2020 год"	"202012"	"ЖИТИКАРИНСКИЙ РАЙОН"	"12053"	"основной вид деятельности"	"2"	"Всего"	"1"	"Всего"	"1"	"3 262 744 000 000"
"Объем выполненных строительных работ (услуг)(Тысяч тенге казахских)"	"2021 год"	"202112"	"ЖИТИКАРИНСКИЙ РАЙОН"	"12053"	"основной вид деятельности"	"2"	"Всего"	"1"	"Всего"	"1"	"2 746 207 000 000"
"Объем выполненных строительных работ (услуг)(Тысяч тенге казахских)"	"2022 год"	"202212"	"ЖИТИКАРИНСКИЙ РАЙОН"	"12053"	"основной вид деятельности"	"2"	"Всего"	"1"	"Всего"	"1"	"5 303 874 000 000"
"Объем выполненных строительных работ (услуг)(Тысяч тенге казахских)"	"2017 год"	"201712"	"ЖИТИКАРИНСКИЙ РАЙОН"	"12053"	"вторичный вид деятельности"	"3"	"Всего"	"1"	"Всего"	"1"	"148 030 000 000"
"Объем выполненных строительных работ (услуг)(Тысяч тенге казахских)"	"2016 год"	"201612"	"ЖИТИКАРИНСКИЙ РАЙОН"	"12053"	"вторичный вид деятельности"	"3"	"Всего"	"1"	"Всего"	"1"	"66 475 000 000"
"Объем выполненных строительных работ (услуг)(Тысяч тенге казахских)"	"2018 год"	"201812"	"ЖИТИКАРИНСКИЙ РАЙОН"	"12053"	"вторичный вид деятельности"	"3"	"Всего"	"1"	"Всего"	"1"	"590 250 000 000"
"Объем выполненных строительных работ (услуг)(Тысяч тенге казахских)"	"2019 год"	"201912"	"ЖИТИКАРИНСКИЙ РАЙОН"	"12053"	"вторичный вид деятельности"	"3"	"Всего"	"1"	"Всего"	"1"	"67 942 000 000"
"Объем выполненных строительных работ (услуг)(Тысяч тенге казахских)"	"2020 год"	"202012"	"ЖИТИКАРИНСКИЙ РАЙОН"	"12053"	"вторичный вид деятельности"	"3"	"Всего"	"1"	"Всего"	"1"	"294 728 000 000"
"Объем выполненных строительных работ (услуг)(Тысяч тенге казахских)"	"2021 год"	"202112"	"ЖИТИКАРИНСКИЙ РАЙОН"	"12053"	"вторичный вид деятельности"	"3"	"Всего"	"1"	"Всего"	"1"	"1 463 842 000 000"
"Объем выполненных строительных работ (услуг)(Тысяч тенге казахских)"	"2022 год"	"202212"	"ЖИТИКАРИНСКИЙ РАЙОН"	"12053"	"вторичный вид деятельности"	"3"	"Всего"	"1"	"Всего"	"1"	"102 569 000 000"
"Объем выполненных строительных работ (услуг)(Тысяч тенге казахских)"	"2017 год"	"201712"	"КАМЫСТИНСКИЙ РАЙОН"	"12101"	"Всего"	"1"	"Всего"	"1"	"Всего"	"1"	"1 739 127 000 000"
"Объем выполненных строительных работ (услуг)(Тысяч тенге казахских)"	"2016 год"	"201612"	"КАМЫСТИНСКИЙ РАЙОН"	"12101"	"Всего"	"1"	"Всего"	"1"	"Всего"	"1"	"167 321 000 000"
"Объем выполненных строительных работ (услуг)(Тысяч тенге казахских)"	"2018 год"	"201812"	"КАМЫСТИНСКИЙ РАЙОН"	"12101"	"Всего"	"1"	"Всего"	"1"	"Всего"	"1"	"1 864 282 000 000"
"Объем выполненных строительных работ (услуг)(Тысяч тенге казахских)"	"2019 год"	"201912"	"КАМЫСТИНСКИЙ РАЙОН"	"12101"	"Всего"	"1"	"Всего"	"1"	"Всего"	"1"	"2 056 933 000 000"
"Объем выполненных строительных работ (услуг)(Тысяч тенге казахских)"	"2020 год"	"202012"	"КАМЫСТИНСКИЙ РАЙОН"	"12101"	"Всего"	"1"	"Всего"	"1"	"Всего"	"1"	"2 894 803 000 000"
"Объем выполненных строительных работ (услуг)(Тысяч тенге казахских)"	"2021 год"	"202112"	"КАМЫСТИНСКИЙ РАЙОН"	"12101"	"Всего"	"1"	"Всего"	"1"	"Всего"	"1"	"2 281 549 000 000"
"Объем выполненных строительных работ (услуг)(Тысяч тенге казахских)"	"2022 год"	"202212"	"КАМЫСТИНСКИЙ РАЙОН"	"12101"	"Всего"	"1"	"Всего"	"1"	"Всего"	"1"	"1 965 103 000 000"
"Объем выполненных строительных работ (услуг)(Тысяч тенге казахских)"	"2017 год"	"201712"	"КАМЫСТИНСКИЙ РАЙОН"	"12101"	"основной вид деятельности"	"2"	"Всего"	"1"	"Всего"	"1"	"1 677 575 000 000"
"Объем выполненных строительных работ (услуг)(Тысяч тенге казахских)"	"2016 год"	"201612"	"КАМЫСТИНСКИЙ РАЙОН"	"12101"	"основной вид деятельности"	"2"	"Всего"	"1"	"Всего"	"1"	"167 321 000 000"
"Объем выполненных строительных работ (услуг)(Тысяч тенге казахских)"	"2018 год"	"201812"	"КАМЫСТИНСКИЙ РАЙОН"	"12101"	"основной вид деятельности"	"2"	"Всего"	"1"	"Всего"	"1"	"1 434 220 000 000"
"Объем выполненных строительных работ (услуг)(Тысяч тенге казахских)"	"2019 год"	"201912"	"КАМЫСТИНСКИЙ РАЙОН"	"12101"	"основной вид деятельности"	"2"	"Всего"	"1"	"Всего"	"1"	"2 043 472 000 000"
"Объем выполненных строительных работ (услуг)(Тысяч тенге казахских)"	"2020 год"	"202012"	"КАМЫСТИНСКИЙ РАЙОН"	"12101"	"основной вид деятельности"	"2"	"Всего"	"1"	"Всего"	"1"	"2 889 207 000 000"
"Объем выполненных строительных работ (услуг)(Тысяч тенге казахских)"	"2021 год"	"202112"	"КАМЫСТИНСКИЙ РАЙОН"	"12101"	"основной вид деятельности"	"2"	"Всего"	"1"	"Всего"	"1"	"2 048 089 000 000"
"Объем выполненных строительных работ (услуг)(Тысяч тенге казахских)"	"2022 год"	"202212"	"КАМЫСТИНСКИЙ РАЙОН"	"12101"	"основной вид деятельности"	"2"	"Всего"	"1"	"Всего"	"1"	"1 773 287 000 000"
"Объем выполненных строительных работ (услуг)(Тысяч тенге казахских)"	"2017 год"	"201712"	"КАМЫСТИНСКИЙ РАЙОН"	"12101"	"вторичный вид деятельности"	"3"	"Всего"	"1"	"Всего"	"1"	"61 552 000 000"
"Объем выполненных строительных работ (услуг)(Тысяч тенге казахских)"	"2018 год"	"201812"	"КАМЫСТИНСКИЙ РАЙОН"	"12101"	"вторичный вид деятельности"	"3"	"Всего"	"1"	"Всего"	"1"	"430 062 000 000"
"Объем выполненных строительных работ (услуг)(Тысяч тенге казахских)"	"2019 год"	"201912"	"КАМЫСТИНСКИЙ РАЙОН"	"12101"	"вторичный вид деятельности"	"3"	"Всего"	"1"	"Всего"	"1"	"13 461 000 000"
"Объем выполненных строительных работ (услуг)(Тысяч тенге казахских)"	"2020 год"	"202012"	"КАМЫСТИНСКИЙ РАЙОН"	"12101"	"вторичный вид деятельности"	"3"	"Всего"	"1"	"Всего"	"1"	"5 596 000 000"
"Объем выполненных строительных работ (услуг)(Тысяч тенге казахских)"	"2021 год"	"202112"	"КАМЫСТИНСКИЙ РАЙОН"	"12101"	"вторичный вид деятельности"	"3"	"Всего"	"1"	"Всего"	"1"	"233 460 000 000"
"Объем выполненных строительных работ (услуг)(Тысяч тенге казахских)"	"2022 год"	"202212"	"КАМЫСТИНСКИЙ РАЙОН"	"12101"	"вторичный вид деятельности"	"3"	"Всего"	"1"	"Всего"	"1"	"191 816 000 000"
"Объем выполненных строительных работ (услуг)(Тысяч тенге казахских)"	"2017 год"	"201712"	"КАРАБАЛЫКСКИЙ РАЙОН"	"12145"	"Всего"	"1"	"Всего"	"1"	"Всего"	"1"	"2 082 504 000 000"
"Объем выполненных строительных работ (услуг)(Тысяч тенге казахских)"	"2016 год"	"201612"	"КАРАБАЛЫКСКИЙ РАЙОН"	"12145"	"Всего"	"1"	"Всего"	"1"	"Всего"	"1"	"2 430 863 000 000"
"Объем выполненных строительных работ (услуг)(Тысяч тенге казахских)"	"2018 год"	"201812"	"КАРАБАЛЫКСКИЙ РАЙОН"	"12145"	"Всего"	"1"	"Всего"	"1"	"Всего"	"1"	"1 517 987 000 000"
"Объем выполненных строительных работ (услуг)(Тысяч тенге казахских)"	"2019 год"	"201912"	"КАРАБАЛЫКСКИЙ РАЙОН"	"12145"	"Всего"	"1"	"Всего"	"1"	"Всего"	"1"	"1 775 124 000 000"
"Объем выполненных строительных работ (услуг)(Тысяч тенге казахских)"	"2020 год"	"202012"	"КАРАБАЛЫКСКИЙ РАЙОН"	"12145"	"Всего"	"1"	"Всего"	"1"	"Всего"	"1"	"2 054 419 000 000"
"Объем выполненных строительных работ (услуг)(Тысяч тенге казахских)"	"2021 год"	"202112"	"КАРАБАЛЫКСКИЙ РАЙОН"	"12145"	"Всего"	"1"	"Всего"	"1"	"Всего"	"1"	"2 355 342 000 000"
"Объем выполненных строительных работ (услуг)(Тысяч тенге казахских)"	"2022 год"	"202212"	"КАРАБАЛЫКСКИЙ РАЙОН"	"12145"	"Всего"	"1"	"Всего"	"1"	"Всего"	"1"	"5 609 848 000 000"
"Объем выполненных строительных работ (услуг)(Тысяч тенге казахских)"	"2017 год"	"201712"	"КАРАБАЛЫКСКИЙ РАЙОН"	"12145"	"основной вид деятельности"	"2"	"Всего"	"1"	"Всего"	"1"	"2 042 263 000 000"
"Объем выполненных строительных работ (услуг)(Тысяч тенге казахских)"	"2016 год"	"201612"	"КАРАБАЛЫКСКИЙ РАЙОН"	"12145"	"основной вид деятельности"	"2"	"Всего"	"1"	"Всего"	"1"	"2 020 863 000 000"
"Объем выполненных строительных работ (услуг)(Тысяч тенге казахских)"	"2018 год"	"201812"	"КАРАБАЛЫКСКИЙ РАЙОН"	"12145"	"основной вид деятельности"	"2"	"Всего"	"1"	"Всего"	"1"	"1 260 987 000 000"
"Объем выполненных строительных работ (услуг)(Тысяч тенге казахских)"	"2019 год"	"201912"	"КАРАБАЛЫКСКИЙ РАЙОН"	"12145"	"основной вид деятельности"	"2"	"Всего"	"1"	"Всего"	"1"	"1 775 124 000 000"
"Объем выполненных строительных работ (услуг)(Тысяч тенге казахских)"	"2020 год"	"202012"	"КАРАБАЛЫКСКИЙ РАЙОН"	"12145"	"основной вид деятельности"	"2"	"Всего"	"1"	"Всего"	"1"	"1 647 143 000 000"
"Объем выполненных строительных работ (услуг)(Тысяч тенге казахских)"	"2021 год"	"202112"	"КАРАБАЛЫКСКИЙ РАЙОН"	"12145"	"основной вид деятельности"	"2"	"Всего"	"1"	"Всего"	"1"	"2 333 011 000 000"
"Объем выполненных строительных работ (услуг)(Тысяч тенге казахских)"	"2022 год"	"202212"	"КАРАБАЛЫКСКИЙ РАЙОН"	"12145"	"основной вид деятельности"	"2"	"Всего"	"1"	"Всего"	"1"	"5 609 848 000 000"
"Объем выполненных строительных работ (услуг)(Тысяч тенге казахских)"	"2017 год"	"201712"	"КАРАБАЛЫКСКИЙ РАЙОН"	"12145"	"вторичный вид деятельности"	"3"	"Всего"	"1"	"Всего"	"1"	"40 241 000 000"
"Объем выполненных строительных работ (услуг)(Тысяч тенге казахских)"	"2016 год"	"201612"	"КАРАБАЛЫКСКИЙ РАЙОН"	"12145"	"вторичный вид деятельности"	"3"	"Всего"	"1"	"Всего"	"1"	"410 000 000 000"
"Объем выполненных строительных работ (услуг)(Тысяч тенге казахских)"	"2018 год"	"201812"	"КАРАБАЛЫКСКИЙ РАЙОН"	"12145"	"вторичный вид деятельности"	"3"	"Всего"	"1"	"Всего"	"1"	"257 000 000 000"
"Объем выполненных строительных работ (услуг)(Тысяч тенге казахских)"	"2020 год"	"202012"	"КАРАБАЛЫКСКИЙ РАЙОН"	"12145"	"вторичный вид деятельности"	"3"	"Всего"	"1"	"Всего"	"1"	"407 276 000 000"
"Объем выполненных строительных работ (услуг)(Тысяч тенге казахских)"	"2021 год"	"202112"	"КАРАБАЛЫКСКИЙ РАЙОН"	"12145"	"вторичный вид деятельности"	"3"	"Всего"	"1"	"Всего"	"1"	"22 331 000 000"
"Объем выполненных строительных работ (услуг)(Тысяч тенге казахских)"	"2017 год"	"201712"	"КАРАСУСКИЙ РАЙОН"	"12227"	"Всего"	"1"	"Всего"	"1"	"Всего"	"1"	"1 089 409 000 000"
"Объем выполненных строительных работ (услуг)(Тысяч тенге казахских)"	"2016 год"	"201612"	"КАРАСУСКИЙ РАЙОН"	"12227"	"Всего"	"1"	"Всего"	"1"	"Всего"	"1"	"1 182 222 000 000"
"Объем выполненных строительных работ (услуг)(Тысяч тенге казахских)"	"2018 год"	"201812"	"КАРАСУСКИЙ РАЙОН"	"12227"	"Всего"	"1"	"Всего"	"1"	"Всего"	"1"	"1 577 369 000 000"
"Объем выполненных строительных работ (услуг)(Тысяч тенге казахских)"	"2019 год"	"201912"	"КАРАСУСКИЙ РАЙОН"	"12227"	"Всего"	"1"	"Всего"	"1"	"Всего"	"1"	"1 982 496 000 000"
"Объем выполненных строительных работ (услуг)(Тысяч тенге казахских)"	"2020 год"	"202012"	"КАРАСУСКИЙ РАЙОН"	"12227"	"Всего"	"1"	"Всего"	"1"	"Всего"	"1"	"3 621 254 000 000"
"Объем выполненных строительных работ (услуг)(Тысяч тенге казахских)"	"2021 год"	"202112"	"КАРАСУСКИЙ РАЙОН"	"12227"	"Всего"	"1"	"Всего"	"1"	"Всего"	"1"	"1 745 058 000 000"
"Объем выполненных строительных работ (услуг)(Тысяч тенге казахских)"	"2022 год"	"202212"	"КАРАСУСКИЙ РАЙОН"	"12227"	"Всего"	"1"	"Всего"	"1"	"Всего"	"1"	"1 909 490 000 000"
"Объем выполненных строительных работ (услуг)(Тысяч тенге казахских)"	"2017 год"	"201712"	"КАРАСУСКИЙ РАЙОН"	"12227"	"основной вид деятельности"	"2"	"Всего"	"1"	"Всего"	"1"	"1 089 409 000 000"
"Объем выполненных строительных работ (услуг)(Тысяч тенге казахских)"	"2016 год"	"201612"	"КАРАСУСКИЙ РАЙОН"	"12227"	"основной вид деятельности"	"2"	"Всего"	"1"	"Всего"	"1"	"1 165 909 000 000"
"Объем выполненных строительных работ (услуг)(Тысяч тенге казахских)"	"2018 год"	"201812"	"КАРАСУСКИЙ РАЙОН"	"12227"	"основной вид деятельности"	"2"	"Всего"	"1"	"Всего"	"1"	"1 294 711 000 000"
"Объем выполненных строительных работ (услуг)(Тысяч тенге казахских)"	"2019 год"	"201912"	"КАРАСУСКИЙ РАЙОН"	"12227"	"основной вид деятельности"	"2"	"Всего"	"1"	"Всего"	"1"	"1 142 481 000 000"
"Объем выполненных строительных работ (услуг)(Тысяч тенге казахских)"	"2020 год"	"202012"	"КАРАСУСКИЙ РАЙОН"	"12227"	"основной вид деятельности"	"2"	"Всего"	"1"	"Всего"	"1"	"3 621 254 000 000"
"Объем выполненных строительных работ (услуг)(Тысяч тенге казахских)"	"2021 год"	"202112"	"КАРАСУСКИЙ РАЙОН"	"12227"	"основной вид деятельности"	"2"	"Всего"	"1"	"Всего"	"1"	"1 682 072 000 000"
"Объем выполненных строительных работ (услуг)(Тысяч тенге казахских)"	"2022 год"	"202212"	"КАРАСУСКИЙ РАЙОН"	"12227"	"основной вид деятельности"	"2"	"Всего"	"1"	"Всего"	"1"	"1 842 099 000 000"
"Объем выполненных строительных работ (услуг)(Тысяч тенге казахских)"	"2016 год"	"201612"	"КАРАСУСКИЙ РАЙОН"	"12227"	"вторичный вид деятельности"	"3"	"Всего"	"1"	"Всего"	"1"	"16 313 000 000"
"Объем выполненных строительных работ (услуг)(Тысяч тенге казахских)"	"2018 год"	"201812"	"КАРАСУСКИЙ РАЙОН"	"12227"	"вторичный вид деятельности"	"3"	"Всего"	"1"	"Всего"	"1"	"282 658 000 000"
"Объем выполненных строительных работ (услуг)(Тысяч тенге казахских)"	"2019 год"	"201912"	"КАРАСУСКИЙ РАЙОН"	"12227"	"вторичный вид деятельности"	"3"	"Всего"	"1"	"Всего"	"1"	"840 015 000 000"
"Объем выполненных строительных работ (услуг)(Тысяч тенге казахских)"	"2021 год"	"202112"	"КАРАСУСКИЙ РАЙОН"	"12227"	"вторичный вид деятельности"	"3"	"Всего"	"1"	"Всего"	"1"	"62 986 000 000"
"Объем выполненных строительных работ (услуг)(Тысяч тенге казахских)"	"2022 год"	"202212"	"КАРАСУСКИЙ РАЙОН"	"12227"	"вторичный вид деятельности"	"3"	"Всего"	"1"	"Всего"	"1"	"67 391 000 000"
"Объем выполненных строительных работ (услуг)(Тысяч тенге казахских)"	"2017 год"	"201712"	"КОСТАНАЙСКИЙ РАЙОН"	"12305"	"Всего"	"1"	"Всего"	"1"	"Всего"	"1"	"5 355 213 000 000"
"Объем выполненных строительных работ (услуг)(Тысяч тенге казахских)"	"2016 год"	"201612"	"КОСТАНАЙСКИЙ РАЙОН"	"12305"	"Всего"	"1"	"Всего"	"1"	"Всего"	"1"	"3 854 937 000 000"
"Объем выполненных строительных работ (услуг)(Тысяч тенге казахских)"	"2018 год"	"201812"	"КОСТАНАЙСКИЙ РАЙОН"	"12305"	"Всего"	"1"	"Всего"	"1"	"Всего"	"1"	"8 167 519 000 000"
"Объем выполненных строительных работ (услуг)(Тысяч тенге казахских)"	"2019 год"	"201912"	"КОСТАНАЙСКИЙ РАЙОН"	"12305"	"Всего"	"1"	"Всего"	"1"	"Всего"	"1"	"6 180 875 000 000"
"Объем выполненных строительных работ (услуг)(Тысяч тенге казахских)"	"2020 год"	"202012"	"КОСТАНАЙСКИЙ РАЙОН"	"12305"	"Всего"	"1"	"Всего"	"1"	"Всего"	"1"	"6 840 896 000 000"
"Объем выполненных строительных работ (услуг)(Тысяч тенге казахских)"	"2021 год"	"202112"	"КОСТАНАЙСКИЙ РАЙОН"	"12305"	"Всего"	"1"	"Всего"	"1"	"Всего"	"1"	"8 378 546 000 000"
"Объем выполненных строительных работ (услуг)(Тысяч тенге казахских)"	"2022 год"	"202212"	"КОСТАНАЙСКИЙ РАЙОН"	"12305"	"Всего"	"1"	"Всего"	"1"	"Всего"	"1"	"9 462 600 000 000"
"Объем выполненных строительных работ (услуг)(Тысяч тенге казахских)"	"2017 год"	"201712"	"КОСТАНАЙСКИЙ РАЙОН"	"12305"	"основной вид деятельности"	"2"	"Всего"	"1"	"Всего"	"1"	"3 878 274 000 000"
"Объем выполненных строительных работ (услуг)(Тысяч тенге казахских)"	"2016 год"	"201612"	"КОСТАНАЙСКИЙ РАЙОН"	"12305"	"основной вид деятельности"	"2"	"Всего"	"1"	"Всего"	"1"	"3 233 367 000 000"
"Объем выполненных строительных работ (услуг)(Тысяч тенге казахских)"	"2018 год"	"201812"	"КОСТАНАЙСКИЙ РАЙОН"	"12305"	"основной вид деятельности"	"2"	"Всего"	"1"	"Всего"	"1"	"7 812 303 000 000"
"Объем выполненных строительных работ (услуг)(Тысяч тенге казахских)"	"2019 год"	"201912"	"КОСТАНАЙСКИЙ РАЙОН"	"12305"	"основной вид деятельности"	"2"	"Всего"	"1"	"Всего"	"1"	"6 180 875 000 000"
"Объем выполненных строительных работ (услуг)(Тысяч тенге казахских)"	"2020 год"	"202012"	"КОСТАНАЙСКИЙ РАЙОН"	"12305"	"основной вид деятельности"	"2"	"Всего"	"1"	"Всего"	"1"	"5 575 545 000 000"
"Объем выполненных строительных работ (услуг)(Тысяч тенге казахских)"	"2021 год"	"202112"	"КОСТАНАЙСКИЙ РАЙОН"	"12305"	"основной вид деятельности"	"2"	"Всего"	"1"	"Всего"	"1"	"8 127 554 000 000"
"Объем выполненных строительных работ (услуг)(Тысяч тенге казахских)"	"2022 год"	"202212"	"КОСТАНАЙСКИЙ РАЙОН"	"12305"	"основной вид деятельности"	"2"	"Всего"	"1"	"Всего"	"1"	"9 163 603 000 000"
"Объем выполненных строительных работ (услуг)(Тысяч тенге казахских)"	"2017 год"	"201712"	"КОСТАНАЙСКИЙ РАЙОН"	"12305"	"вторичный вид деятельности"	"3"	"Всего"	"1"	"Всего"	"1"	"1 476 939 000 000"
"Объем выполненных строительных работ (услуг)(Тысяч тенге казахских)"	"2016 год"	"201612"	"КОСТАНАЙСКИЙ РАЙОН"	"12305"	"вторичный вид деятельности"	"3"	"Всего"	"1"	"Всего"	"1"	"621 570 000 000"
"Объем выполненных строительных работ (услуг)(Тысяч тенге казахских)"	"2018 год"	"201812"	"КОСТАНАЙСКИЙ РАЙОН"	"12305"	"вторичный вид деятельности"	"3"	"Всего"	"1"	"Всего"	"1"	"355 216 000 000"
"Объем выполненных строительных работ (услуг)(Тысяч тенге казахских)"	"2020 год"	"202012"	"КОСТАНАЙСКИЙ РАЙОН"	"12305"	"вторичный вид деятельности"	"3"	"Всего"	"1"	"Всего"	"1"	"1 265 351 000 000"
"Объем выполненных строительных работ (услуг)(Тысяч тенге казахских)"	"2021 год"	"202112"	"КОСТАНАЙСКИЙ РАЙОН"	"12305"	"вторичный вид деятельности"	"3"	"Всего"	"1"	"Всего"	"1"	"250 992 000 000"
"Объем выполненных строительных работ (услуг)(Тысяч тенге казахских)"	"2022 год"	"202212"	"КОСТАНАЙСКИЙ РАЙОН"	"12305"	"вторичный вид деятельности"	"3"	"Всего"	"1"	"Всего"	"1"	"298 997 000 000"
"Объем выполненных строительных работ (услуг)(Тысяч тенге казахских)"	"2017 год"	"201712"	"МЕНДЫКАРИНСКИЙ РАЙОН"	"12397"	"Всего"	"1"	"Всего"	"1"	"Всего"	"1"	"996 008 000 000"
"Объем выполненных строительных работ (услуг)(Тысяч тенге казахских)"	"2016 год"	"201612"	"МЕНДЫКАРИНСКИЙ РАЙОН"	"12397"	"Всего"	"1"	"Всего"	"1"	"Всего"	"1"	"255 964 000 000"
"Объем выполненных строительных работ (услуг)(Тысяч тенге казахских)"	"2018 год"	"201812"	"МЕНДЫКАРИНСКИЙ РАЙОН"	"12397"	"Всего"	"1"	"Всего"	"1"	"Всего"	"1"	"2 657 620 000 000"
"Объем выполненных строительных работ (услуг)(Тысяч тенге казахских)"	"2019 год"	"201912"	"МЕНДЫКАРИНСКИЙ РАЙОН"	"12397"	"Всего"	"1"	"Всего"	"1"	"Всего"	"1"	"2 472 558 000 000"
"Объем выполненных строительных работ (услуг)(Тысяч тенге казахских)"	"2020 год"	"202012"	"МЕНДЫКАРИНСКИЙ РАЙОН"	"12397"	"Всего"	"1"	"Всего"	"1"	"Всего"	"1"	"2 993 149 000 000"
"Объем выполненных строительных работ (услуг)(Тысяч тенге казахских)"	"2021 год"	"202112"	"МЕНДЫКАРИНСКИЙ РАЙОН"	"12397"	"Всего"	"1"	"Всего"	"1"	"Всего"	"1"	"1 291 604 000 000"
"Объем выполненных строительных работ (услуг)(Тысяч тенге казахских)"	"2022 год"	"202212"	"МЕНДЫКАРИНСКИЙ РАЙОН"	"12397"	"Всего"	"1"	"Всего"	"1"	"Всего"	"1"	"2 275 653 000 000"
"Объем выполненных строительных работ (услуг)(Тысяч тенге казахских)"	"2017 год"	"201712"	"МЕНДЫКАРИНСКИЙ РАЙОН"	"12397"	"основной вид деятельности"	"2"	"Всего"	"1"	"Всего"	"1"	"977 681 000 000"
"Объем выполненных строительных работ (услуг)(Тысяч тенге казахских)"	"2016 год"	"201612"	"МЕНДЫКАРИНСКИЙ РАЙОН"	"12397"	"основной вид деятельности"	"2"	"Всего"	"1"	"Всего"	"1"	"177 292 000 000"
"Объем выполненных строительных работ (услуг)(Тысяч тенге казахских)"	"2018 год"	"201812"	"МЕНДЫКАРИНСКИЙ РАЙОН"	"12397"	"основной вид деятельности"	"2"	"Всего"	"1"	"Всего"	"1"	"2 345 507 000 000"
"Объем выполненных строительных работ (услуг)(Тысяч тенге казахских)"	"2019 год"	"201912"	"МЕНДЫКАРИНСКИЙ РАЙОН"	"12397"	"основной вид деятельности"	"2"	"Всего"	"1"	"Всего"	"1"	"1 670 975 000 000"
"Объем выполненных строительных работ (услуг)(Тысяч тенге казахских)"	"2020 год"	"202012"	"МЕНДЫКАРИНСКИЙ РАЙОН"	"12397"	"основной вид деятельности"	"2"	"Всего"	"1"	"Всего"	"1"	"2 922 346 000 000"
"Объем выполненных строительных работ (услуг)(Тысяч тенге казахских)"	"2021 год"	"202112"	"МЕНДЫКАРИНСКИЙ РАЙОН"	"12397"	"основной вид деятельности"	"2"	"Всего"	"1"	"Всего"	"1"	"1 291 604 000 000"
"Объем выполненных строительных работ (услуг)(Тысяч тенге казахских)"	"2022 год"	"202212"	"МЕНДЫКАРИНСКИЙ РАЙОН"	"12397"	"основной вид деятельности"	"2"	"Всего"	"1"	"Всего"	"1"	"2 265 832 000 000"
"Объем выполненных строительных работ (услуг)(Тысяч тенге казахских)"	"2017 год"	"201712"	"МЕНДЫКАРИНСКИЙ РАЙОН"	"12397"	"вторичный вид деятельности"	"3"	"Всего"	"1"	"Всего"	"1"	"18 327 000 000"
"Объем выполненных строительных работ (услуг)(Тысяч тенге казахских)"	"2016 год"	"201612"	"МЕНДЫКАРИНСКИЙ РАЙОН"	"12397"	"вторичный вид деятельности"	"3"	"Всего"	"1"	"Всего"	"1"	"78 672 000 000"
"Объем выполненных строительных работ (услуг)(Тысяч тенге казахских)"	"2018 год"	"201812"	"МЕНДЫКАРИНСКИЙ РАЙОН"	"12397"	"вторичный вид деятельности"	"3"	"Всего"	"1"	"Всего"	"1"	"312 113 000 000"
"Объем выполненных строительных работ (услуг)(Тысяч тенге казахских)"	"2019 год"	"201912"	"МЕНДЫКАРИНСКИЙ РАЙОН"	"12397"	"вторичный вид деятельности"	"3"	"Всего"	"1"	"Всего"	"1"	"801 583 000 000"
"Объем выполненных строительных работ (услуг)(Тысяч тенге казахских)"	"2020 год"	"202012"	"МЕНДЫКАРИНСКИЙ РАЙОН"	"12397"	"вторичный вид деятельности"	"3"	"Всего"	"1"	"Всего"	"1"	"70 803 000 000"
"Объем выполненных строительных работ (услуг)(Тысяч тенге казахских)"	"2022 год"	"202212"	"МЕНДЫКАРИНСКИЙ РАЙОН"	"12397"	"вторичный вид деятельности"	"3"	"Всего"	"1"	"Всего"	"1"	"9 821 000 000"
"Объем выполненных строительных работ (услуг)(Тысяч тенге казахских)"	"2017 год"	"201712"	"НАУРЗУМСКИЙ РАЙОН"	"12481"	"Всего"	"1"	"Всего"	"1"	"Всего"	"1"	"282 023 000 000"
"Объем выполненных строительных работ (услуг)(Тысяч тенге казахских)"	"2016 год"	"201612"	"НАУРЗУМСКИЙ РАЙОН"	"12481"	"Всего"	"1"	"Всего"	"1"	"Всего"	"1"	"583 889 000 000"
"Объем выполненных строительных работ (услуг)(Тысяч тенге казахских)"	"2018 год"	"201812"	"НАУРЗУМСКИЙ РАЙОН"	"12481"	"Всего"	"1"	"Всего"	"1"	"Всего"	"1"	"1 246 666 000 000"
"Объем выполненных строительных работ (услуг)(Тысяч тенге казахских)"	"2019 год"	"201912"	"НАУРЗУМСКИЙ РАЙОН"	"12481"	"Всего"	"1"	"Всего"	"1"	"Всего"	"1"	"998 174 000 000"
"Объем выполненных строительных работ (услуг)(Тысяч тенге казахских)"	"2020 год"	"202012"	"НАУРЗУМСКИЙ РАЙОН"	"12481"	"Всего"	"1"	"Всего"	"1"	"Всего"	"1"	"3 925 957 000 000"
"Объем выполненных строительных работ (услуг)(Тысяч тенге казахских)"	"2021 год"	"202112"	"НАУРЗУМСКИЙ РАЙОН"	"12481"	"Всего"	"1"	"Всего"	"1"	"Всего"	"1"	"1 495 291 000 000"
"Объем выполненных строительных работ (услуг)(Тысяч тенге казахских)"	"2022 год"	"202212"	"НАУРЗУМСКИЙ РАЙОН"	"12481"	"Всего"	"1"	"Всего"	"1"	"Всего"	"1"	"376 298 000 000"
"Объем выполненных строительных работ (услуг)(Тысяч тенге казахских)"	"2017 год"	"201712"	"НАУРЗУМСКИЙ РАЙОН"	"12481"	"основной вид деятельности"	"2"	"Всего"	"1"	"Всего"	"1"	"71 362 000 000"
"Объем выполненных строительных работ (услуг)(Тысяч тенге казахских)"	"2016 год"	"201612"	"НАУРЗУМСКИЙ РАЙОН"	"12481"	"основной вид деятельности"	"2"	"Всего"	"1"	"Всего"	"1"	"583 889 000 000"
"Объем выполненных строительных работ (услуг)(Тысяч тенге казахских)"	"2018 год"	"201812"	"НАУРЗУМСКИЙ РАЙОН"	"12481"	"основной вид деятельности"	"2"	"Всего"	"1"	"Всего"	"1"	"896 396 000 000"
"Объем выполненных строительных работ (услуг)(Тысяч тенге казахских)"	"2019 год"	"201912"	"НАУРЗУМСКИЙ РАЙОН"	"12481"	"основной вид деятельности"	"2"	"Всего"	"1"	"Всего"	"1"	"993 196 000 000"
"Объем выполненных строительных работ (услуг)(Тысяч тенге казахских)"	"2020 год"	"202012"	"НАУРЗУМСКИЙ РАЙОН"	"12481"	"основной вид деятельности"	"2"	"Всего"	"1"	"Всего"	"1"	"3 912 978 000 000"
"Объем выполненных строительных работ (услуг)(Тысяч тенге казахских)"	"2021 год"	"202112"	"НАУРЗУМСКИЙ РАЙОН"	"12481"	"основной вид деятельности"	"2"	"Всего"	"1"	"Всего"	"1"	"1 495 291 000 000"
"Объем выполненных строительных работ (услуг)(Тысяч тенге казахских)"	"2022 год"	"202212"	"НАУРЗУМСКИЙ РАЙОН"	"12481"	"основной вид деятельности"	"2"	"Всего"	"1"	"Всего"	"1"	"306 630 000 000"
"Объем выполненных строительных работ (услуг)(Тысяч тенге казахских)"	"2017 год"	"201712"	"НАУРЗУМСКИЙ РАЙОН"	"12481"	"вторичный вид деятельности"	"3"	"Всего"	"1"	"Всего"	"1"	"210 661 000 000"
"Объем выполненных строительных работ (услуг)(Тысяч тенге казахских)"	"2018 год"	"201812"	"НАУРЗУМСКИЙ РАЙОН"	"12481"	"вторичный вид деятельности"	"3"	"Всего"	"1"	"Всего"	"1"	"350 270 000 000"
"Объем выполненных строительных работ (услуг)(Тысяч тенге казахских)"	"2019 год"	"201912"	"НАУРЗУМСКИЙ РАЙОН"	"12481"	"вторичный вид деятельности"	"3"	"Всего"	"1"	"Всего"	"1"	"4 978 000 000"
"Объем выполненных строительных работ (услуг)(Тысяч тенге казахских)"	"2020 год"	"202012"	"НАУРЗУМСКИЙ РАЙОН"	"12481"	"вторичный вид деятельности"	"3"	"Всего"	"1"	"Всего"	"1"	"12 979 000 000"
"Объем выполненных строительных работ (услуг)(Тысяч тенге казахских)"	"2022 год"	"202212"	"НАУРЗУМСКИЙ РАЙОН"	"12481"	"вторичный вид деятельности"	"3"	"Всего"	"1"	"Всего"	"1"	"69 668 000 000"
"Объем выполненных строительных работ (услуг)(Тысяч тенге казахских)"	"2017 год"	"201712"	"САРЫКОЛЬСКИЙ РАЙОН"	"12568"	"Всего"	"1"	"Всего"	"1"	"Всего"	"1"	"992 517 000 000"
"Объем выполненных строительных работ (услуг)(Тысяч тенге казахских)"	"2016 год"	"201612"	"САРЫКОЛЬСКИЙ РАЙОН"	"12568"	"Всего"	"1"	"Всего"	"1"	"Всего"	"1"	"1 734 980 000 000"
"Объем выполненных строительных работ (услуг)(Тысяч тенге казахских)"	"2018 год"	"201812"	"САРЫКОЛЬСКИЙ РАЙОН"	"12568"	"Всего"	"1"	"Всего"	"1"	"Всего"	"1"	"3 155 133 000 000"
"Объем выполненных строительных работ (услуг)(Тысяч тенге казахских)"	"2019 год"	"201912"	"САРЫКОЛЬСКИЙ РАЙОН"	"12568"	"Всего"	"1"	"Всего"	"1"	"Всего"	"1"	"3 283 651 000 000"
"Объем выполненных строительных работ (услуг)(Тысяч тенге казахских)"	"2020 год"	"202012"	"САРЫКОЛЬСКИЙ РАЙОН"	"12568"	"Всего"	"1"	"Всего"	"1"	"Всего"	"1"	"2 984 873 000 000"
"Объем выполненных строительных работ (услуг)(Тысяч тенге казахских)"	"2021 год"	"202112"	"САРЫКОЛЬСКИЙ РАЙОН"	"12568"	"Всего"	"1"	"Всего"	"1"	"Всего"	"1"	"3 835 704 000 000"
"Объем выполненных строительных работ (услуг)(Тысяч тенге казахских)"	"2022 год"	"202212"	"САРЫКОЛЬСКИЙ РАЙОН"	"12568"	"Всего"	"1"	"Всего"	"1"	"Всего"	"1"	"2 198 866 000 000"
"Объем выполненных строительных работ (услуг)(Тысяч тенге казахских)"	"2017 год"	"201712"	"САРЫКОЛЬСКИЙ РАЙОН"	"12568"	"основной вид деятельности"	"2"	"Всего"	"1"	"Всего"	"1"	"719 426 000 000"
"Объем выполненных строительных работ (услуг)(Тысяч тенге казахских)"	"2016 год"	"201612"	"САРЫКОЛЬСКИЙ РАЙОН"	"12568"	"основной вид деятельности"	"2"	"Всего"	"1"	"Всего"	"1"	"937 672 000 000"
"Объем выполненных строительных работ (услуг)(Тысяч тенге казахских)"	"2018 год"	"201812"	"САРЫКОЛЬСКИЙ РАЙОН"	"12568"	"основной вид деятельности"	"2"	"Всего"	"1"	"Всего"	"1"	"2 943 278 000 000"
"Объем выполненных строительных работ (услуг)(Тысяч тенге казахских)"	"2019 год"	"201912"	"САРЫКОЛЬСКИЙ РАЙОН"	"12568"	"основной вид деятельности"	"2"	"Всего"	"1"	"Всего"	"1"	"3 240 857 000 000"
"Объем выполненных строительных работ (услуг)(Тысяч тенге казахских)"	"2020 год"	"202012"	"САРЫКОЛЬСКИЙ РАЙОН"	"12568"	"основной вид деятельности"	"2"	"Всего"	"1"	"Всего"	"1"	"2 758 337 000 000"
"Объем выполненных строительных работ (услуг)(Тысяч тенге казахских)"	"2021 год"	"202112"	"САРЫКОЛЬСКИЙ РАЙОН"	"12568"	"основной вид деятельности"	"2"	"Всего"	"1"	"Всего"	"1"	"3 571 421 000 000"
"Объем выполненных строительных работ (услуг)(Тысяч тенге казахских)"	"2022 год"	"202212"	"САРЫКОЛЬСКИЙ РАЙОН"	"12568"	"основной вид деятельности"	"2"	"Всего"	"1"	"Всего"	"1"	"1 992 958 000 000"
"Объем выполненных строительных работ (услуг)(Тысяч тенге казахских)"	"2017 год"	"201712"	"САРЫКОЛЬСКИЙ РАЙОН"	"12568"	"вторичный вид деятельности"	"3"	"Всего"	"1"	"Всего"	"1"	"273 091 000 000"
"Объем выполненных строительных работ (услуг)(Тысяч тенге казахских)"	"2016 год"	"201612"	"САРЫКОЛЬСКИЙ РАЙОН"	"12568"	"вторичный вид деятельности"	"3"	"Всего"	"1"	"Всего"	"1"	"797 308 000 000"
"Объем выполненных строительных работ (услуг)(Тысяч тенге казахских)"	"2018 год"	"201812"	"САРЫКОЛЬСКИЙ РАЙОН"	"12568"	"вторичный вид деятельности"	"3"	"Всего"	"1"	"Всего"	"1"	"211 855 000 000"
"Объем выполненных строительных работ (услуг)(Тысяч тенге казахских)"	"2019 год"	"201912"	"САРЫКОЛЬСКИЙ РАЙОН"	"12568"	"вторичный вид деятельности"	"3"	"Всего"	"1"	"Всего"	"1"	"42 794 000 000"
"Объем выполненных строительных работ (услуг)(Тысяч тенге казахских)"	"2020 год"	"202012"	"САРЫКОЛЬСКИЙ РАЙОН"	"12568"	"вторичный вид деятельности"	"3"	"Всего"	"1"	"Всего"	"1"	"226 536 000 000"
"Объем выполненных строительных работ (услуг)(Тысяч тенге казахских)"	"2021 год"	"202112"	"САРЫКОЛЬСКИЙ РАЙОН"	"12568"	"вторичный вид деятельности"	"3"	"Всего"	"1"	"Всего"	"1"	"264 283 000 000"
"Объем выполненных строительных работ (услуг)(Тысяч тенге казахских)"	"2022 год"	"202212"	"САРЫКОЛЬСКИЙ РАЙОН"	"12568"	"вторичный вид деятельности"	"3"	"Всего"	"1"	"Всего"	"1"	"205 908 000 000"
"Объем выполненных строительных работ (услуг)(Тысяч тенге казахских)"	"2017 год"	"201712"	"РАЙОН БЕИМБЕТА МАЙЛИНА"	"12628"	"Всего"	"1"	"Всего"	"1"	"Всего"	"1"	"3 701 993 000 000"
"Объем выполненных строительных работ (услуг)(Тысяч тенге казахских)"	"2016 год"	"201612"	"РАЙОН БЕИМБЕТА МАЙЛИНА"	"12628"	"Всего"	"1"	"Всего"	"1"	"Всего"	"1"	"3 362 848 000 000"
"Объем выполненных строительных работ (услуг)(Тысяч тенге казахских)"	"2018 год"	"201812"	"РАЙОН БЕИМБЕТА МАЙЛИНА"	"12628"	"Всего"	"1"	"Всего"	"1"	"Всего"	"1"	"4 964 608 000 000"
"Объем выполненных строительных работ (услуг)(Тысяч тенге казахских)"	"2019 год"	"201912"	"РАЙОН БЕИМБЕТА МАЙЛИНА"	"12628"	"Всего"	"1"	"Всего"	"1"	"Всего"	"1"	"4 398 833 000 000"
"Объем выполненных строительных работ (услуг)(Тысяч тенге казахских)"	"2020 год"	"202012"	"РАЙОН БЕИМБЕТА МАЙЛИНА"	"12628"	"Всего"	"1"	"Всего"	"1"	"Всего"	"1"	"9 469 148 000 000"
"Объем выполненных строительных работ (услуг)(Тысяч тенге казахских)"	"2021 год"	"202112"	"РАЙОН БЕИМБЕТА МАЙЛИНА"	"12628"	"Всего"	"1"	"Всего"	"1"	"Всего"	"1"	"16 991 063 000 000"
"Объем выполненных строительных работ (услуг)(Тысяч тенге казахских)"	"2022 год"	"202212"	"РАЙОН БЕИМБЕТА МАЙЛИНА"	"12628"	"Всего"	"1"	"Всего"	"1"	"Всего"	"1"	"22 580 796 000 000"
"Объем выполненных строительных работ (услуг)(Тысяч тенге казахских)"	"2017 год"	"201712"	"РАЙОН БЕИМБЕТА МАЙЛИНА"	"12628"	"основной вид деятельности"	"2"	"Всего"	"1"	"Всего"	"1"	"3 373 081 000 000"
"Объем выполненных строительных работ (услуг)(Тысяч тенге казахских)"	"2016 год"	"201612"	"РАЙОН БЕИМБЕТА МАЙЛИНА"	"12628"	"основной вид деятельности"	"2"	"Всего"	"1"	"Всего"	"1"	"3 221 297 000 000"
"Объем выполненных строительных работ (услуг)(Тысяч тенге казахских)"	"2018 год"	"201812"	"РАЙОН БЕИМБЕТА МАЙЛИНА"	"12628"	"основной вид деятельности"	"2"	"Всего"	"1"	"Всего"	"1"	"4 320 393 000 000"
"Объем выполненных строительных работ (услуг)(Тысяч тенге казахских)"	"2019 год"	"201912"	"РАЙОН БЕИМБЕТА МАЙЛИНА"	"12628"	"основной вид деятельности"	"2"	"Всего"	"1"	"Всего"	"1"	"3 800 322 000 000"
"Объем выполненных строительных работ (услуг)(Тысяч тенге казахских)"	"2020 год"	"202012"	"РАЙОН БЕИМБЕТА МАЙЛИНА"	"12628"	"основной вид деятельности"	"2"	"Всего"	"1"	"Всего"	"1"	"8 448 505 000 000"
"Объем выполненных строительных работ (услуг)(Тысяч тенге казахских)"	"2021 год"	"202112"	"РАЙОН БЕИМБЕТА МАЙЛИНА"	"12628"	"основной вид деятельности"	"2"	"Всего"	"1"	"Всего"	"1"	"11 866 426 000 000"
"Объем выполненных строительных работ (услуг)(Тысяч тенге казахских)"	"2022 год"	"202212"	"РАЙОН БЕИМБЕТА МАЙЛИНА"	"12628"	"основной вид деятельности"	"2"	"Всего"	"1"	"Всего"	"1"	"16 700 333 000 000"
"Объем выполненных строительных работ (услуг)(Тысяч тенге казахских)"	"2017 год"	"201712"	"РАЙОН БЕИМБЕТА МАЙЛИНА"	"12628"	"вторичный вид деятельности"	"3"	"Всего"	"1"	"Всего"	"1"	"328 912 000 000"
"Объем выполненных строительных работ (услуг)(Тысяч тенге казахских)"	"2016 год"	"201612"	"РАЙОН БЕИМБЕТА МАЙЛИНА"	"12628"	"вторичный вид деятельности"	"3"	"Всего"	"1"	"Всего"	"1"	"141 551 000 000"
"Объем выполненных строительных работ (услуг)(Тысяч тенге казахских)"	"2018 год"	"201812"	"РАЙОН БЕИМБЕТА МАЙЛИНА"	"12628"	"вторичный вид деятельности"	"3"	"Всего"	"1"	"Всего"	"1"	"644 215 000 000"
"Объем выполненных строительных работ (услуг)(Тысяч тенге казахских)"	"2019 год"	"201912"	"РАЙОН БЕИМБЕТА МАЙЛИНА"	"12628"	"вторичный вид деятельности"	"3"	"Всего"	"1"	"Всего"	"1"	"598 511 000 000"
"Объем выполненных строительных работ (услуг)(Тысяч тенге казахских)"	"2020 год"	"202012"	"РАЙОН БЕИМБЕТА МАЙЛИНА"	"12628"	"вторичный вид деятельности"	"3"	"Всего"	"1"	"Всего"	"1"	"1 020 643 000 000"
"Объем выполненных строительных работ (услуг)(Тысяч тенге казахских)"	"2021 год"	"202112"	"РАЙОН БЕИМБЕТА МАЙЛИНА"	"12628"	"вторичный вид деятельности"	"3"	"Всего"	"1"	"Всего"	"1"	"5 124 637 000 000"
"Объем выполненных строительных работ (услуг)(Тысяч тенге казахских)"	"2022 год"	"202212"	"РАЙОН БЕИМБЕТА МАЙЛИНА"	"12628"	"вторичный вид деятельности"	"3"	"Всего"	"1"	"Всего"	"1"	"5 880 463 000 000"
"Объем выполненных строительных работ (услуг)(Тысяч тенге казахских)"	"2017 год"	"201712"	"УЗУНКОЛЬСКИЙ РАЙОН"	"12694"	"Всего"	"1"	"Всего"	"1"	"Всего"	"1"	"456 489 000 000"
"Объем выполненных строительных работ (услуг)(Тысяч тенге казахских)"	"2016 год"	"201612"	"УЗУНКОЛЬСКИЙ РАЙОН"	"12694"	"Всего"	"1"	"Всего"	"1"	"Всего"	"1"	"260 271 000 000"
"Объем выполненных строительных работ (услуг)(Тысяч тенге казахских)"	"2018 год"	"201812"	"УЗУНКОЛЬСКИЙ РАЙОН"	"12694"	"Всего"	"1"	"Всего"	"1"	"Всего"	"1"	"777 423 000 000"
"Объем выполненных строительных работ (услуг)(Тысяч тенге казахских)"	"2019 год"	"201912"	"УЗУНКОЛЬСКИЙ РАЙОН"	"12694"	"Всего"	"1"	"Всего"	"1"	"Всего"	"1"	"1 614 691 000 000"
"Объем выполненных строительных работ (услуг)(Тысяч тенге казахских)"	"2020 год"	"202012"	"УЗУНКОЛЬСКИЙ РАЙОН"	"12694"	"Всего"	"1"	"Всего"	"1"	"Всего"	"1"	"1 711 714 000 000"
"Объем выполненных строительных работ (услуг)(Тысяч тенге казахских)"	"2021 год"	"202112"	"УЗУНКОЛЬСКИЙ РАЙОН"	"12694"	"Всего"	"1"	"Всего"	"1"	"Всего"	"1"	"2 247 142 000 000"
"Объем выполненных строительных работ (услуг)(Тысяч тенге казахских)"	"2022 год"	"202212"	"УЗУНКОЛЬСКИЙ РАЙОН"	"12694"	"Всего"	"1"	"Всего"	"1"	"Всего"	"1"	"3 292 925 000 000"
"Объем выполненных строительных работ (услуг)(Тысяч тенге казахских)"	"2017 год"	"201712"	"УЗУНКОЛЬСКИЙ РАЙОН"	"12694"	"основной вид деятельности"	"2"	"Всего"	"1"	"Всего"	"1"	"425 775 000 000"
"Объем выполненных строительных работ (услуг)(Тысяч тенге казахских)"	"2016 год"	"201612"	"УЗУНКОЛЬСКИЙ РАЙОН"	"12694"	"основной вид деятельности"	"2"	"Всего"	"1"	"Всего"	"1"	"150 806 000 000"
"Объем выполненных строительных работ (услуг)(Тысяч тенге казахских)"	"2018 год"	"201812"	"УЗУНКОЛЬСКИЙ РАЙОН"	"12694"	"основной вид деятельности"	"2"	"Всего"	"1"	"Всего"	"1"	"530 244 000 000"
"Объем выполненных строительных работ (услуг)(Тысяч тенге казахских)"	"2019 год"	"201912"	"УЗУНКОЛЬСКИЙ РАЙОН"	"12694"	"основной вид деятельности"	"2"	"Всего"	"1"	"Всего"	"1"	"1 206 616 000 000"
"Объем выполненных строительных работ (услуг)(Тысяч тенге казахских)"	"2020 год"	"202012"	"УЗУНКОЛЬСКИЙ РАЙОН"	"12694"	"основной вид деятельности"	"2"	"Всего"	"1"	"Всего"	"1"	"1 653 064 000 000"
"Объем выполненных строительных работ (услуг)(Тысяч тенге казахских)"	"2021 год"	"202112"	"УЗУНКОЛЬСКИЙ РАЙОН"	"12694"	"основной вид деятельности"	"2"	"Всего"	"1"	"Всего"	"1"	"2 012 170 000 000"
"Объем выполненных строительных работ (услуг)(Тысяч тенге казахских)"	"2022 год"	"202212"	"УЗУНКОЛЬСКИЙ РАЙОН"	"12694"	"основной вид деятельности"	"2"	"Всего"	"1"	"Всего"	"1"	"3 192 925 000 000"
"Объем выполненных строительных работ (услуг)(Тысяч тенге казахских)"	"2017 год"	"201712"	"УЗУНКОЛЬСКИЙ РАЙОН"	"12694"	"вторичный вид деятельности"	"3"	"Всего"	"1"	"Всего"	"1"	"30 714 000 000"
"Объем выполненных строительных работ (услуг)(Тысяч тенге казахских)"	"2016 год"	"201612"	"УЗУНКОЛЬСКИЙ РАЙОН"	"12694"	"вторичный вид деятельности"	"3"	"Всего"	"1"	"Всего"	"1"	"109 465 000 000"
"Объем выполненных строительных работ (услуг)(Тысяч тенге казахских)"	"2018 год"	"201812"	"УЗУНКОЛЬСКИЙ РАЙОН"	"12694"	"вторичный вид деятельности"	"3"	"Всего"	"1"	"Всего"	"1"	"247 179 000 000"
"Объем выполненных строительных работ (услуг)(Тысяч тенге казахских)"	"2019 год"	"201912"	"УЗУНКОЛЬСКИЙ РАЙОН"	"12694"	"вторичный вид деятельности"	"3"	"Всего"	"1"	"Всего"	"1"	"408 075 000 000"
"Объем выполненных строительных работ (услуг)(Тысяч тенге казахских)"	"2020 год"	"202012"	"УЗУНКОЛЬСКИЙ РАЙОН"	"12694"	"вторичный вид деятельности"	"3"	"Всего"	"1"	"Всего"	"1"	"58 650 000 000"
"Объем выполненных строительных работ (услуг)(Тысяч тенге казахских)"	"2021 год"	"202112"	"УЗУНКОЛЬСКИЙ РАЙОН"	"12694"	"вторичный вид деятельности"	"3"	"Всего"	"1"	"Всего"	"1"	"234 972 000 000"
"Объем выполненных строительных работ (услуг)(Тысяч тенге казахских)"	"2022 год"	"202212"	"УЗУНКОЛЬСКИЙ РАЙОН"	"12694"	"вторичный вид деятельности"	"3"	"Всего"	"1"	"Всего"	"1"	"100 000 000 000"
"Объем выполненных строительных работ (услуг)(Тысяч тенге казахских)"	"2017 год"	"201712"	"ФЕДОРОВСКИЙ РАЙОН"	"12770"	"Всего"	"1"	"Всего"	"1"	"Всего"	"1"	"1 400 586 000 000"
"Объем выполненных строительных работ (услуг)(Тысяч тенге казахских)"	"2016 год"	"201612"	"ФЕДОРОВСКИЙ РАЙОН"	"12770"	"Всего"	"1"	"Всего"	"1"	"Всего"	"1"	"1 449 220 000 000"
"Объем выполненных строительных работ (услуг)(Тысяч тенге казахских)"	"2018 год"	"201812"	"ФЕДОРОВСКИЙ РАЙОН"	"12770"	"Всего"	"1"	"Всего"	"1"	"Всего"	"1"	"2 594 176 000 000"
"Объем выполненных строительных работ (услуг)(Тысяч тенге казахских)"	"2019 год"	"201912"	"ФЕДОРОВСКИЙ РАЙОН"	"12770"	"Всего"	"1"	"Всего"	"1"	"Всего"	"1"	"2 778 202 000 000"
"Объем выполненных строительных работ (услуг)(Тысяч тенге казахских)"	"2020 год"	"202012"	"ФЕДОРОВСКИЙ РАЙОН"	"12770"	"Всего"	"1"	"Всего"	"1"	"Всего"	"1"	"3 282 792 000 000"
"Объем выполненных строительных работ (услуг)(Тысяч тенге казахских)"	"2021 год"	"202112"	"ФЕДОРОВСКИЙ РАЙОН"	"12770"	"Всего"	"1"	"Всего"	"1"	"Всего"	"1"	"3 823 960 000 000"
"Объем выполненных строительных работ (услуг)(Тысяч тенге казахских)"	"2022 год"	"202212"	"ФЕДОРОВСКИЙ РАЙОН"	"12770"	"Всего"	"1"	"Всего"	"1"	"Всего"	"1"	"4 105 397 000 000"
"Объем выполненных строительных работ (услуг)(Тысяч тенге казахских)"	"2017 год"	"201712"	"ФЕДОРОВСКИЙ РАЙОН"	"12770"	"основной вид деятельности"	"2"	"Всего"	"1"	"Всего"	"1"	"1 182 204 000 000"
"Объем выполненных строительных работ (услуг)(Тысяч тенге казахских)"	"2016 год"	"201612"	"ФЕДОРОВСКИЙ РАЙОН"	"12770"	"основной вид деятельности"	"2"	"Всего"	"1"	"Всего"	"1"	"1 294 438 000 000"
"Объем выполненных строительных работ (услуг)(Тысяч тенге казахских)"	"2018 год"	"201812"	"ФЕДОРОВСКИЙ РАЙОН"	"12770"	"основной вид деятельности"	"2"	"Всего"	"1"	"Всего"	"1"	"2 228 824 000 000"
"Объем выполненных строительных работ (услуг)(Тысяч тенге казахских)"	"2019 год"	"201912"	"ФЕДОРОВСКИЙ РАЙОН"	"12770"	"основной вид деятельности"	"2"	"Всего"	"1"	"Всего"	"1"	"2 335 028 000 000"
"Объем выполненных строительных работ (услуг)(Тысяч тенге казахских)"	"2020 год"	"202012"	"ФЕДОРОВСКИЙ РАЙОН"	"12770"	"основной вид деятельности"	"2"	"Всего"	"1"	"Всего"	"1"	"3 144 789 000 000"
"Объем выполненных строительных работ (услуг)(Тысяч тенге казахских)"	"2021 год"	"202112"	"ФЕДОРОВСКИЙ РАЙОН"	"12770"	"основной вид деятельности"	"2"	"Всего"	"1"	"Всего"	"1"	"3 687 841 000 000"
"Объем выполненных строительных работ (услуг)(Тысяч тенге казахских)"	"2022 год"	"202212"	"ФЕДОРОВСКИЙ РАЙОН"	"12770"	"основной вид деятельности"	"2"	"Всего"	"1"	"Всего"	"1"	"2 769 474 000 000"
"Объем выполненных строительных работ (услуг)(Тысяч тенге казахских)"	"2017 год"	"201712"	"ФЕДОРОВСКИЙ РАЙОН"	"12770"	"вторичный вид деятельности"	"3"	"Всего"	"1"	"Всего"	"1"	"218 382 000 000"
"Объем выполненных строительных работ (услуг)(Тысяч тенге казахских)"	"2016 год"	"201612"	"ФЕДОРОВСКИЙ РАЙОН"	"12770"	"вторичный вид деятельности"	"3"	"Всего"	"1"	"Всего"	"1"	"154 782 000 000"
"Объем выполненных строительных работ (услуг)(Тысяч тенге казахских)"	"2018 год"	"201812"	"ФЕДОРОВСКИЙ РАЙОН"	"12770"	"вторичный вид деятельности"	"3"	"Всего"	"1"	"Всего"	"1"	"365 352 000 000"
"Объем выполненных строительных работ (услуг)(Тысяч тенге казахских)"	"2019 год"	"201912"	"ФЕДОРОВСКИЙ РАЙОН"	"12770"	"вторичный вид деятельности"	"3"	"Всего"	"1"	"Всего"	"1"	"443 174 000 000"
"Объем выполненных строительных работ (услуг)(Тысяч тенге казахских)"	"2020 год"	"202012"	"ФЕДОРОВСКИЙ РАЙОН"	"12770"	"вторичный вид деятельности"	"3"	"Всего"	"1"	"Всего"	"1"	"138 003 000 000"
"Объем выполненных строительных работ (услуг)(Тысяч тенге казахских)"	"2021 год"	"202112"	"ФЕДОРОВСКИЙ РАЙОН"	"12770"	"вторичный вид деятельности"	"3"	"Всего"	"1"	"Всего"	"1"	"136 119 000 000"
"Объем выполненных строительных работ (услуг)(Тысяч тенге казахских)"	"2022 год"	"202212"	"ФЕДОРОВСКИЙ РАЙОН"	"12770"	"вторичный вид деятельности"	"3"	"Всего"	"1"	"Всего"	"1"	"1 335 923 000 000"
"Объем выполненных строительных работ (услуг)(Тысяч тенге казахских)"	"2017 год"	"201712"	"КЫЗЫЛОРДИНСКАЯ ОБЛАСТЬ"	"12853"	"Всего"	"1"	"Всего"	"1"	"Всего"	"1"	"73 466 986 000 000"
"Объем выполненных строительных работ (услуг)(Тысяч тенге казахских)"	"2016 год"	"201612"	"КЫЗЫЛОРДИНСКАЯ ОБЛАСТЬ"	"12853"	"Всего"	"1"	"Всего"	"1"	"Всего"	"1"	"63 030 773 000 000"
"Объем выполненных строительных работ (услуг)(Тысяч тенге казахских)"	"2018 год"	"201812"	"КЫЗЫЛОРДИНСКАЯ ОБЛАСТЬ"	"12853"	"Всего"	"1"	"Всего"	"1"	"Всего"	"1"	"93 938 781 000 000"
"Объем выполненных строительных работ (услуг)(Тысяч тенге казахских)"	"2019 год"	"201912"	"КЫЗЫЛОРДИНСКАЯ ОБЛАСТЬ"	"12853"	"Всего"	"1"	"Всего"	"1"	"Всего"	"1"	"146 352 071 000 000"
"Объем выполненных строительных работ (услуг)(Тысяч тенге казахских)"	"2020 год"	"202012"	"КЫЗЫЛОРДИНСКАЯ ОБЛАСТЬ"	"12853"	"Всего"	"1"	"Всего"	"1"	"Всего"	"1"	"107 538 972 000 000"
"Объем выполненных строительных работ (услуг)(Тысяч тенге казахских)"	"2021 год"	"202112"	"КЫЗЫЛОРДИНСКАЯ ОБЛАСТЬ"	"12853"	"Всего"	"1"	"Всего"	"1"	"Всего"	"1"	"103 713 357 000 000"
"Объем выполненных строительных работ (услуг)(Тысяч тенге казахских)"	"2022 год"	"202212"	"КЫЗЫЛОРДИНСКАЯ ОБЛАСТЬ"	"12853"	"Всего"	"1"	"Всего"	"1"	"Всего"	"1"	"126 012 638 000 000"
"Объем выполненных строительных работ (услуг)(Тысяч тенге казахских)"	"2017 год"	"201712"	"КЫЗЫЛОРДИНСКАЯ ОБЛАСТЬ"	"12853"	"основной вид деятельности"	"2"	"Всего"	"1"	"Всего"	"1"	"66 991 775 000 000"
"Объем выполненных строительных работ (услуг)(Тысяч тенге казахских)"	"2016 год"	"201612"	"КЫЗЫЛОРДИНСКАЯ ОБЛАСТЬ"	"12853"	"основной вид деятельности"	"2"	"Всего"	"1"	"Всего"	"1"	"57 100 137 000 000"
"Объем выполненных строительных работ (услуг)(Тысяч тенге казахских)"	"2018 год"	"201812"	"КЫЗЫЛОРДИНСКАЯ ОБЛАСТЬ"	"12853"	"основной вид деятельности"	"2"	"Всего"	"1"	"Всего"	"1"	"88 301 849 000 000"
"Объем выполненных строительных работ (услуг)(Тысяч тенге казахских)"	"2019 год"	"201912"	"КЫЗЫЛОРДИНСКАЯ ОБЛАСТЬ"	"12853"	"основной вид деятельности"	"2"	"Всего"	"1"	"Всего"	"1"	"142 783 576 000 000"
"Объем выполненных строительных работ (услуг)(Тысяч тенге казахских)"	"2020 год"	"202012"	"КЫЗЫЛОРДИНСКАЯ ОБЛАСТЬ"	"12853"	"основной вид деятельности"	"2"	"Всего"	"1"	"Всего"	"1"	"97 266 162 000 000"
"Объем выполненных строительных работ (услуг)(Тысяч тенге казахских)"	"2021 год"	"202112"	"КЫЗЫЛОРДИНСКАЯ ОБЛАСТЬ"	"12853"	"основной вид деятельности"	"2"	"Всего"	"1"	"Всего"	"1"	"94 163 875 000 000"
"Объем выполненных строительных работ (услуг)(Тысяч тенге казахских)"	"2022 год"	"202212"	"КЫЗЫЛОРДИНСКАЯ ОБЛАСТЬ"	"12853"	"основной вид деятельности"	"2"	"Всего"	"1"	"Всего"	"1"	"121 031 989 000 000"
"Объем выполненных строительных работ (услуг)(Тысяч тенге казахских)"	"2017 год"	"201712"	"КЫЗЫЛОРДИНСКАЯ ОБЛАСТЬ"	"12853"	"вторичный вид деятельности"	"3"	"Всего"	"1"	"Всего"	"1"	"6 475 211 000 000"
"Объем выполненных строительных работ (услуг)(Тысяч тенге казахских)"	"2016 год"	"201612"	"КЫЗЫЛОРДИНСКАЯ ОБЛАСТЬ"	"12853"	"вторичный вид деятельности"	"3"	"Всего"	"1"	"Всего"	"1"	"5 930 636 000 000"
"Объем выполненных строительных работ (услуг)(Тысяч тенге казахских)"	"2018 год"	"201812"	"КЫЗЫЛОРДИНСКАЯ ОБЛАСТЬ"	"12853"	"вторичный вид деятельности"	"3"	"Всего"	"1"	"Всего"	"1"	"5 636 932 000 000"
"Объем выполненных строительных работ (услуг)(Тысяч тенге казахских)"	"2019 год"	"201912"	"КЫЗЫЛОРДИНСКАЯ ОБЛАСТЬ"	"12853"	"вторичный вид деятельности"	"3"	"Всего"	"1"	"Всего"	"1"	"3 568 495 000 000"
"Объем выполненных строительных работ (услуг)(Тысяч тенге казахских)"	"2020 год"	"202012"	"КЫЗЫЛОРДИНСКАЯ ОБЛАСТЬ"	"12853"	"вторичный вид деятельности"	"3"	"Всего"	"1"	"Всего"	"1"	"10 272 810 000 000"
"Объем выполненных строительных работ (услуг)(Тысяч тенге казахских)"	"2021 год"	"202112"	"КЫЗЫЛОРДИНСКАЯ ОБЛАСТЬ"	"12853"	"вторичный вид деятельности"	"3"	"Всего"	"1"	"Всего"	"1"	"9 549 482 000 000"
"Объем выполненных строительных работ (услуг)(Тысяч тенге казахских)"	"2022 год"	"202212"	"КЫЗЫЛОРДИНСКАЯ ОБЛАСТЬ"	"12853"	"вторичный вид деятельности"	"3"	"Всего"	"1"	"Всего"	"1"	"4 980 649 000 000"
"Объем выполненных строительных работ (услуг)(Тысяч тенге казахских)"	"2017 год"	"201712"	"КЫЗЫЛОРДА Г.А."	"12854"	"Всего"	"1"	"Всего"	"1"	"Всего"	"1"	"32 361 111 000 000"
"Объем выполненных строительных работ (услуг)(Тысяч тенге казахских)"	"2016 год"	"201612"	"КЫЗЫЛОРДА Г.А."	"12854"	"Всего"	"1"	"Всего"	"1"	"Всего"	"1"	"45 967 503 000 000"
"Объем выполненных строительных работ (услуг)(Тысяч тенге казахских)"	"2018 год"	"201812"	"КЫЗЫЛОРДА Г.А."	"12854"	"Всего"	"1"	"Всего"	"1"	"Всего"	"1"	"37 184 649 000 000"
"Объем выполненных строительных работ (услуг)(Тысяч тенге казахских)"	"2019 год"	"201912"	"КЫЗЫЛОРДА Г.А."	"12854"	"Всего"	"1"	"Всего"	"1"	"Всего"	"1"	"46 748 202 000 000"
"Объем выполненных строительных работ (услуг)(Тысяч тенге казахских)"	"2020 год"	"202012"	"КЫЗЫЛОРДА Г.А."	"12854"	"Всего"	"1"	"Всего"	"1"	"Всего"	"1"	"59 094 045 000 000"
"Объем выполненных строительных работ (услуг)(Тысяч тенге казахских)"	"2021 год"	"202112"	"КЫЗЫЛОРДА Г.А."	"12854"	"Всего"	"1"	"Всего"	"1"	"Всего"	"1"	"61 095 690 000 000"
"Объем выполненных строительных работ (услуг)(Тысяч тенге казахских)"	"2022 год"	"202212"	"КЫЗЫЛОРДА Г.А."	"12854"	"Всего"	"1"	"Всего"	"1"	"Всего"	"1"	"74 206 974 000 000"
"Объем выполненных строительных работ (услуг)(Тысяч тенге казахских)"	"2017 год"	"201712"	"КЫЗЫЛОРДА Г.А."	"12854"	"основной вид деятельности"	"2"	"Всего"	"1"	"Всего"	"1"	"30 462 198 000 000"
"Объем выполненных строительных работ (услуг)(Тысяч тенге казахских)"	"2016 год"	"201612"	"КЫЗЫЛОРДА Г.А."	"12854"	"основной вид деятельности"	"2"	"Всего"	"1"	"Всего"	"1"	"42 704 058 000 000"
"Объем выполненных строительных работ (услуг)(Тысяч тенге казахских)"	"2018 год"	"201812"	"КЫЗЫЛОРДА Г.А."	"12854"	"основной вид деятельности"	"2"	"Всего"	"1"	"Всего"	"1"	"35 140 375 000 000"
"Объем выполненных строительных работ (услуг)(Тысяч тенге казахских)"	"2019 год"	"201912"	"КЫЗЫЛОРДА Г.А."	"12854"	"основной вид деятельности"	"2"	"Всего"	"1"	"Всего"	"1"	"43 901 355 000 000"
"Объем выполненных строительных работ (услуг)(Тысяч тенге казахских)"	"2020 год"	"202012"	"КЫЗЫЛОРДА Г.А."	"12854"	"основной вид деятельности"	"2"	"Всего"	"1"	"Всего"	"1"	"51 629 148 000 000"
"Объем выполненных строительных работ (услуг)(Тысяч тенге казахских)"	"2021 год"	"202112"	"КЫЗЫЛОРДА Г.А."	"12854"	"основной вид деятельности"	"2"	"Всего"	"1"	"Всего"	"1"	"54 784 467 000 000"
"Объем выполненных строительных работ (услуг)(Тысяч тенге казахских)"	"2022 год"	"202212"	"КЫЗЫЛОРДА Г.А."	"12854"	"основной вид деятельности"	"2"	"Всего"	"1"	"Всего"	"1"	"70 467 452 000 000"
"Объем выполненных строительных работ (услуг)(Тысяч тенге казахских)"	"2017 год"	"201712"	"КЫЗЫЛОРДА Г.А."	"12854"	"вторичный вид деятельности"	"3"	"Всего"	"1"	"Всего"	"1"	"1 898 913 000 000"
"Объем выполненных строительных работ (услуг)(Тысяч тенге казахских)"	"2016 год"	"201612"	"КЫЗЫЛОРДА Г.А."	"12854"	"вторичный вид деятельности"	"3"	"Всего"	"1"	"Всего"	"1"	"3 263 445 000 000"
"Объем выполненных строительных работ (услуг)(Тысяч тенге казахских)"	"2018 год"	"201812"	"КЫЗЫЛОРДА Г.А."	"12854"	"вторичный вид деятельности"	"3"	"Всего"	"1"	"Всего"	"1"	"2 044 274 000 000"
"Объем выполненных строительных работ (услуг)(Тысяч тенге казахских)"	"2019 год"	"201912"	"КЫЗЫЛОРДА Г.А."	"12854"	"вторичный вид деятельности"	"3"	"Всего"	"1"	"Всего"	"1"	"2 846 847 000 000"
"Объем выполненных строительных работ (услуг)(Тысяч тенге казахских)"	"2020 год"	"202012"	"КЫЗЫЛОРДА Г.А."	"12854"	"вторичный вид деятельности"	"3"	"Всего"	"1"	"Всего"	"1"	"7 464 897 000 000"
"Объем выполненных строительных работ (услуг)(Тысяч тенге казахских)"	"2021 год"	"202112"	"КЫЗЫЛОРДА Г.А."	"12854"	"вторичный вид деятельности"	"3"	"Всего"	"1"	"Всего"	"1"	"6 311 223 000 000"
"Объем выполненных строительных работ (услуг)(Тысяч тенге казахских)"	"2022 год"	"202212"	"КЫЗЫЛОРДА Г.А."	"12854"	"вторичный вид деятельности"	"3"	"Всего"	"1"	"Всего"	"1"	"3 739 522 000 000"
"Объем выполненных строительных работ (услуг)(Тысяч тенге казахских)"	"2017 год"	"201712"	"БАЙКОНЫР Г.А."	"12886"	"Всего"	"1"	"Всего"	"1"	"Всего"	"1"	"41 266 000 000"
"Объем выполненных строительных работ (услуг)(Тысяч тенге казахских)"	"2018 год"	"201812"	"БАЙКОНЫР Г.А."	"12886"	"Всего"	"1"	"Всего"	"1"	"Всего"	"1"	"977 728 000 000"
"Объем выполненных строительных работ (услуг)(Тысяч тенге казахских)"	"2019 год"	"201912"	"БАЙКОНЫР Г.А."	"12886"	"Всего"	"1"	"Всего"	"1"	"Всего"	"1"	"477 288 000 000"
"Объем выполненных строительных работ (услуг)(Тысяч тенге казахских)"	"2021 год"	"202112"	"БАЙКОНЫР Г.А."	"12886"	"Всего"	"1"	"Всего"	"1"	"Всего"	"1"	"681 923 000 000"
"Объем выполненных строительных работ (услуг)(Тысяч тенге казахских)"	"2022 год"	"202212"	"БАЙКОНЫР Г.А."	"12886"	"Всего"	"1"	"Всего"	"1"	"Всего"	"1"	"105 315 000 000"
"Объем выполненных строительных работ (услуг)(Тысяч тенге казахских)"	"2017 год"	"201712"	"БАЙКОНЫР Г.А."	"12886"	"основной вид деятельности"	"2"	"Всего"	"1"	"Всего"	"1"	"41 266 000 000"
"Объем выполненных строительных работ (услуг)(Тысяч тенге казахских)"	"2018 год"	"201812"	"БАЙКОНЫР Г.А."	"12886"	"основной вид деятельности"	"2"	"Всего"	"1"	"Всего"	"1"	"977 728 000 000"
"Объем выполненных строительных работ (услуг)(Тысяч тенге казахских)"	"2019 год"	"201912"	"БАЙКОНЫР Г.А."	"12886"	"основной вид деятельности"	"2"	"Всего"	"1"	"Всего"	"1"	"477 288 000 000"
"Объем выполненных строительных работ (услуг)(Тысяч тенге казахских)"	"2021 год"	"202112"	"БАЙКОНЫР Г.А."	"12886"	"основной вид деятельности"	"2"	"Всего"	"1"	"Всего"	"1"	"681 923 000 000"
"Объем выполненных строительных работ (услуг)(Тысяч тенге казахских)"	"2022 год"	"202212"	"БАЙКОНЫР Г.А."	"12886"	"основной вид деятельности"	"2"	"Всего"	"1"	"Всего"	"1"	"103 679 000 000"
"Объем выполненных строительных работ (услуг)(Тысяч тенге казахских)"	"2022 год"	"202212"	"БАЙКОНЫР Г.А."	"12886"	"вторичный вид деятельности"	"3"	"Всего"	"1"	"Всего"	"1"	"1 636 000 000"
"Объем выполненных строительных работ (услуг)(Тысяч тенге казахских)"	"2017 год"	"201712"	"АРАЛЬСКИЙ РАЙОН"	"12888"	"Всего"	"1"	"Всего"	"1"	"Всего"	"1"	"9 322 354 000 000"
"Объем выполненных строительных работ (услуг)(Тысяч тенге казахских)"	"2016 год"	"201612"	"АРАЛЬСКИЙ РАЙОН"	"12888"	"Всего"	"1"	"Всего"	"1"	"Всего"	"1"	"3 216 093 000 000"
"Объем выполненных строительных работ (услуг)(Тысяч тенге казахских)"	"2018 год"	"201812"	"АРАЛЬСКИЙ РАЙОН"	"12888"	"Всего"	"1"	"Всего"	"1"	"Всего"	"1"	"10 178 929 000 000"
"Объем выполненных строительных работ (услуг)(Тысяч тенге казахских)"	"2019 год"	"201912"	"АРАЛЬСКИЙ РАЙОН"	"12888"	"Всего"	"1"	"Всего"	"1"	"Всего"	"1"	"9 507 782 000 000"
"Объем выполненных строительных работ (услуг)(Тысяч тенге казахских)"	"2020 год"	"202012"	"АРАЛЬСКИЙ РАЙОН"	"12888"	"Всего"	"1"	"Всего"	"1"	"Всего"	"1"	"5 277 701 000 000"
"Объем выполненных строительных работ (услуг)(Тысяч тенге казахских)"	"2021 год"	"202112"	"АРАЛЬСКИЙ РАЙОН"	"12888"	"Всего"	"1"	"Всего"	"1"	"Всего"	"1"	"5 567 178 000 000"
"Объем выполненных строительных работ (услуг)(Тысяч тенге казахских)"	"2022 год"	"202212"	"АРАЛЬСКИЙ РАЙОН"	"12888"	"Всего"	"1"	"Всего"	"1"	"Всего"	"1"	"6 782 059 000 000"
"Объем выполненных строительных работ (услуг)(Тысяч тенге казахских)"	"2017 год"	"201712"	"АРАЛЬСКИЙ РАЙОН"	"12888"	"основной вид деятельности"	"2"	"Всего"	"1"	"Всего"	"1"	"7 818 123 000 000"
"Объем выполненных строительных работ (услуг)(Тысяч тенге казахских)"	"2016 год"	"201612"	"АРАЛЬСКИЙ РАЙОН"	"12888"	"основной вид деятельности"	"2"	"Всего"	"1"	"Всего"	"1"	"2 254 630 000 000"
"Объем выполненных строительных работ (услуг)(Тысяч тенге казахских)"	"2018 год"	"201812"	"АРАЛЬСКИЙ РАЙОН"	"12888"	"основной вид деятельности"	"2"	"Всего"	"1"	"Всего"	"1"	"9 866 516 000 000"
"Объем выполненных строительных работ (услуг)(Тысяч тенге казахских)"	"2019 год"	"201912"	"АРАЛЬСКИЙ РАЙОН"	"12888"	"основной вид деятельности"	"2"	"Всего"	"1"	"Всего"	"1"	"9 507 782 000 000"
"Объем выполненных строительных работ (услуг)(Тысяч тенге казахских)"	"2020 год"	"202012"	"АРАЛЬСКИЙ РАЙОН"	"12888"	"основной вид деятельности"	"2"	"Всего"	"1"	"Всего"	"1"	"4 556 924 000 000"
"Объем выполненных строительных работ (услуг)(Тысяч тенге казахских)"	"2021 год"	"202112"	"АРАЛЬСКИЙ РАЙОН"	"12888"	"основной вид деятельности"	"2"	"Всего"	"1"	"Всего"	"1"	"5 528 354 000 000"
"Объем выполненных строительных работ (услуг)(Тысяч тенге казахских)"	"2022 год"	"202212"	"АРАЛЬСКИЙ РАЙОН"	"12888"	"основной вид деятельности"	"2"	"Всего"	"1"	"Всего"	"1"	"6 782 059 000 000"
"Объем выполненных строительных работ (услуг)(Тысяч тенге казахских)"	"2017 год"	"201712"	"АРАЛЬСКИЙ РАЙОН"	"12888"	"вторичный вид деятельности"	"3"	"Всего"	"1"	"Всего"	"1"	"1 504 231 000 000"
"Объем выполненных строительных работ (услуг)(Тысяч тенге казахских)"	"2016 год"	"201612"	"АРАЛЬСКИЙ РАЙОН"	"12888"	"вторичный вид деятельности"	"3"	"Всего"	"1"	"Всего"	"1"	"961 463 000 000"
"Объем выполненных строительных работ (услуг)(Тысяч тенге казахских)"	"2018 год"	"201812"	"АРАЛЬСКИЙ РАЙОН"	"12888"	"вторичный вид деятельности"	"3"	"Всего"	"1"	"Всего"	"1"	"312 413 000 000"
"Объем выполненных строительных работ (услуг)(Тысяч тенге казахских)"	"2020 год"	"202012"	"АРАЛЬСКИЙ РАЙОН"	"12888"	"вторичный вид деятельности"	"3"	"Всего"	"1"	"Всего"	"1"	"720 777 000 000"
"Объем выполненных строительных работ (услуг)(Тысяч тенге казахских)"	"2021 год"	"202112"	"АРАЛЬСКИЙ РАЙОН"	"12888"	"вторичный вид деятельности"	"3"	"Всего"	"1"	"Всего"	"1"	"38 824 000 000"
"Объем выполненных строительных работ (услуг)(Тысяч тенге казахских)"	"2017 год"	"201712"	"ЖАЛАГАШСКИЙ РАЙОН"	"13177"	"Всего"	"1"	"Всего"	"1"	"Всего"	"1"	"2 717 362 000 000"
"Объем выполненных строительных работ (услуг)(Тысяч тенге казахских)"	"2016 год"	"201612"	"ЖАЛАГАШСКИЙ РАЙОН"	"13177"	"Всего"	"1"	"Всего"	"1"	"Всего"	"1"	"1 146 011 000 000"
"Объем выполненных строительных работ (услуг)(Тысяч тенге казахских)"	"2018 год"	"201812"	"ЖАЛАГАШСКИЙ РАЙОН"	"13177"	"Всего"	"1"	"Всего"	"1"	"Всего"	"1"	"1 578 889 000 000"
"Объем выполненных строительных работ (услуг)(Тысяч тенге казахских)"	"2019 год"	"201912"	"ЖАЛАГАШСКИЙ РАЙОН"	"13177"	"Всего"	"1"	"Всего"	"1"	"Всего"	"1"	"3 837 331 000 000"
"Объем выполненных строительных работ (услуг)(Тысяч тенге казахских)"	"2020 год"	"202012"	"ЖАЛАГАШСКИЙ РАЙОН"	"13177"	"Всего"	"1"	"Всего"	"1"	"Всего"	"1"	"8 893 924 000 000"
"Объем выполненных строительных работ (услуг)(Тысяч тенге казахских)"	"2021 год"	"202112"	"ЖАЛАГАШСКИЙ РАЙОН"	"13177"	"Всего"	"1"	"Всего"	"1"	"Всего"	"1"	"4 893 021 000 000"
"Объем выполненных строительных работ (услуг)(Тысяч тенге казахских)"	"2022 год"	"202212"	"ЖАЛАГАШСКИЙ РАЙОН"	"13177"	"Всего"	"1"	"Всего"	"1"	"Всего"	"1"	"4 581 009 000 000"
"Объем выполненных строительных работ (услуг)(Тысяч тенге казахских)"	"2017 год"	"201712"	"ЖАЛАГАШСКИЙ РАЙОН"	"13177"	"основной вид деятельности"	"2"	"Всего"	"1"	"Всего"	"1"	"2 455 109 000 000"
"Объем выполненных строительных работ (услуг)(Тысяч тенге казахских)"	"2016 год"	"201612"	"ЖАЛАГАШСКИЙ РАЙОН"	"13177"	"основной вид деятельности"	"2"	"Всего"	"1"	"Всего"	"1"	"1 044 293 000 000"
"Объем выполненных строительных работ (услуг)(Тысяч тенге казахских)"	"2018 год"	"201812"	"ЖАЛАГАШСКИЙ РАЙОН"	"13177"	"основной вид деятельности"	"2"	"Всего"	"1"	"Всего"	"1"	"1 578 889 000 000"
"Объем выполненных строительных работ (услуг)(Тысяч тенге казахских)"	"2019 год"	"201912"	"ЖАЛАГАШСКИЙ РАЙОН"	"13177"	"основной вид деятельности"	"2"	"Всего"	"1"	"Всего"	"1"	"3 837 331 000 000"
"Объем выполненных строительных работ (услуг)(Тысяч тенге казахских)"	"2020 год"	"202012"	"ЖАЛАГАШСКИЙ РАЙОН"	"13177"	"основной вид деятельности"	"2"	"Всего"	"1"	"Всего"	"1"	"8 893 924 000 000"
"Объем выполненных строительных работ (услуг)(Тысяч тенге казахских)"	"2021 год"	"202112"	"ЖАЛАГАШСКИЙ РАЙОН"	"13177"	"основной вид деятельности"	"2"	"Всего"	"1"	"Всего"	"1"	"4 874 358 000 000"
"Объем выполненных строительных работ (услуг)(Тысяч тенге казахских)"	"2022 год"	"202212"	"ЖАЛАГАШСКИЙ РАЙОН"	"13177"	"основной вид деятельности"	"2"	"Всего"	"1"	"Всего"	"1"	"4 337 993 000 000"
"Объем выполненных строительных работ (услуг)(Тысяч тенге казахских)"	"2017 год"	"201712"	"ЖАЛАГАШСКИЙ РАЙОН"	"13177"	"вторичный вид деятельности"	"3"	"Всего"	"1"	"Всего"	"1"	"262 253 000 000"
"Объем выполненных строительных работ (услуг)(Тысяч тенге казахских)"	"2016 год"	"201612"	"ЖАЛАГАШСКИЙ РАЙОН"	"13177"	"вторичный вид деятельности"	"3"	"Всего"	"1"	"Всего"	"1"	"101 718 000 000"
"Объем выполненных строительных работ (услуг)(Тысяч тенге казахских)"	"2021 год"	"202112"	"ЖАЛАГАШСКИЙ РАЙОН"	"13177"	"вторичный вид деятельности"	"3"	"Всего"	"1"	"Всего"	"1"	"18 663 000 000"
"Объем выполненных строительных работ (услуг)(Тысяч тенге казахских)"	"2022 год"	"202212"	"ЖАЛАГАШСКИЙ РАЙОН"	"13177"	"вторичный вид деятельности"	"3"	"Всего"	"1"	"Всего"	"1"	"243 016 000 000"
"Объем выполненных строительных работ (услуг)(Тысяч тенге казахских)"	"2017 год"	"201712"	"ЖАНАКОРГАНСКИЙ РАЙОН"	"13229"	"Всего"	"1"	"Всего"	"1"	"Всего"	"1"	"8 880 460 000 000"
"Объем выполненных строительных работ (услуг)(Тысяч тенге казахских)"	"2016 год"	"201612"	"ЖАНАКОРГАНСКИЙ РАЙОН"	"13229"	"Всего"	"1"	"Всего"	"1"	"Всего"	"1"	"4 834 505 000 000"
"Объем выполненных строительных работ (услуг)(Тысяч тенге казахских)"	"2018 год"	"201812"	"ЖАНАКОРГАНСКИЙ РАЙОН"	"13229"	"Всего"	"1"	"Всего"	"1"	"Всего"	"1"	"9 307 937 000 000"
"Объем выполненных строительных работ (услуг)(Тысяч тенге казахских)"	"2019 год"	"201912"	"ЖАНАКОРГАНСКИЙ РАЙОН"	"13229"	"Всего"	"1"	"Всего"	"1"	"Всего"	"1"	"5 498 315 000 000"
"Объем выполненных строительных работ (услуг)(Тысяч тенге казахских)"	"2020 год"	"202012"	"ЖАНАКОРГАНСКИЙ РАЙОН"	"13229"	"Всего"	"1"	"Всего"	"1"	"Всего"	"1"	"7 070 810 000 000"
"Объем выполненных строительных работ (услуг)(Тысяч тенге казахских)"	"2021 год"	"202112"	"ЖАНАКОРГАНСКИЙ РАЙОН"	"13229"	"Всего"	"1"	"Всего"	"1"	"Всего"	"1"	"6 628 572 000 000"
"Объем выполненных строительных работ (услуг)(Тысяч тенге казахских)"	"2022 год"	"202212"	"ЖАНАКОРГАНСКИЙ РАЙОН"	"13229"	"Всего"	"1"	"Всего"	"1"	"Всего"	"1"	"10 708 673 000 000"
"Объем выполненных строительных работ (услуг)(Тысяч тенге казахских)"	"2017 год"	"201712"	"ЖАНАКОРГАНСКИЙ РАЙОН"	"13229"	"основной вид деятельности"	"2"	"Всего"	"1"	"Всего"	"1"	"6 824 293 000 000"
"Объем выполненных строительных работ (услуг)(Тысяч тенге казахских)"	"2016 год"	"201612"	"ЖАНАКОРГАНСКИЙ РАЙОН"	"13229"	"основной вид деятельности"	"2"	"Всего"	"1"	"Всего"	"1"	"4 284 164 000 000"
"Объем выполненных строительных работ (услуг)(Тысяч тенге казахских)"	"2018 год"	"201812"	"ЖАНАКОРГАНСКИЙ РАЙОН"	"13229"	"основной вид деятельности"	"2"	"Всего"	"1"	"Всего"	"1"	"6 971 535 000 000"
"Объем выполненных строительных работ (услуг)(Тысяч тенге казахских)"	"2019 год"	"201912"	"ЖАНАКОРГАНСКИЙ РАЙОН"	"13229"	"основной вид деятельности"	"2"	"Всего"	"1"	"Всего"	"1"	"5 093 180 000 000"
"Объем выполненных строительных работ (услуг)(Тысяч тенге казахских)"	"2020 год"	"202012"	"ЖАНАКОРГАНСКИЙ РАЙОН"	"13229"	"основной вид деятельности"	"2"	"Всего"	"1"	"Всего"	"1"	"6 360 487 000 000"
"Объем выполненных строительных работ (услуг)(Тысяч тенге казахских)"	"2021 год"	"202112"	"ЖАНАКОРГАНСКИЙ РАЙОН"	"13229"	"основной вид деятельности"	"2"	"Всего"	"1"	"Всего"	"1"	"6 261 315 000 000"
"Объем выполненных строительных работ (услуг)(Тысяч тенге казахских)"	"2022 год"	"202212"	"ЖАНАКОРГАНСКИЙ РАЙОН"	"13229"	"основной вид деятельности"	"2"	"Всего"	"1"	"Всего"	"1"	"10 664 323 000 000"
"Объем выполненных строительных работ (услуг)(Тысяч тенге казахских)"	"2017 год"	"201712"	"ЖАНАКОРГАНСКИЙ РАЙОН"	"13229"	"вторичный вид деятельности"	"3"	"Всего"	"1"	"Всего"	"1"	"2 056 167 000 000"
"Объем выполненных строительных работ (услуг)(Тысяч тенге казахских)"	"2016 год"	"201612"	"ЖАНАКОРГАНСКИЙ РАЙОН"	"13229"	"вторичный вид деятельности"	"3"	"Всего"	"1"	"Всего"	"1"	"550 341 000 000"
"Объем выполненных строительных работ (услуг)(Тысяч тенге казахских)"	"2018 год"	"201812"	"ЖАНАКОРГАНСКИЙ РАЙОН"	"13229"	"вторичный вид деятельности"	"3"	"Всего"	"1"	"Всего"	"1"	"2 336 402 000 000"
"Объем выполненных строительных работ (услуг)(Тысяч тенге казахских)"	"2019 год"	"201912"	"ЖАНАКОРГАНСКИЙ РАЙОН"	"13229"	"вторичный вид деятельности"	"3"	"Всего"	"1"	"Всего"	"1"	"405 135 000 000"
"Объем выполненных строительных работ (услуг)(Тысяч тенге казахских)"	"2020 год"	"202012"	"ЖАНАКОРГАНСКИЙ РАЙОН"	"13229"	"вторичный вид деятельности"	"3"	"Всего"	"1"	"Всего"	"1"	"710 323 000 000"
"Объем выполненных строительных работ (услуг)(Тысяч тенге казахских)"	"2021 год"	"202112"	"ЖАНАКОРГАНСКИЙ РАЙОН"	"13229"	"вторичный вид деятельности"	"3"	"Всего"	"1"	"Всего"	"1"	"367 257 000 000"
"Объем выполненных строительных работ (услуг)(Тысяч тенге казахских)"	"2022 год"	"202212"	"ЖАНАКОРГАНСКИЙ РАЙОН"	"13229"	"вторичный вид деятельности"	"3"	"Всего"	"1"	"Всего"	"1"	"44 350 000 000"
"Объем выполненных строительных работ (услуг)(Тысяч тенге казахских)"	"2017 год"	"201712"	"КАЗАЛИНСКИЙ РАЙОН"	"13301"	"Всего"	"1"	"Всего"	"1"	"Всего"	"1"	"7 221 174 000 000"
"Объем выполненных строительных работ (услуг)(Тысяч тенге казахских)"	"2016 год"	"201612"	"КАЗАЛИНСКИЙ РАЙОН"	"13301"	"Всего"	"1"	"Всего"	"1"	"Всего"	"1"	"2 116 303 000 000"
"Объем выполненных строительных работ (услуг)(Тысяч тенге казахских)"	"2018 год"	"201812"	"КАЗАЛИНСКИЙ РАЙОН"	"13301"	"Всего"	"1"	"Всего"	"1"	"Всего"	"1"	"11 496 774 000 000"
"Объем выполненных строительных работ (услуг)(Тысяч тенге казахских)"	"2019 год"	"201912"	"КАЗАЛИНСКИЙ РАЙОН"	"13301"	"Всего"	"1"	"Всего"	"1"	"Всего"	"1"	"13 801 351 000 000"
"Объем выполненных строительных работ (услуг)(Тысяч тенге казахских)"	"2020 год"	"202012"	"КАЗАЛИНСКИЙ РАЙОН"	"13301"	"Всего"	"1"	"Всего"	"1"	"Всего"	"1"	"7 039 997 000 000"
"Объем выполненных строительных работ (услуг)(Тысяч тенге казахских)"	"2021 год"	"202112"	"КАЗАЛИНСКИЙ РАЙОН"	"13301"	"Всего"	"1"	"Всего"	"1"	"Всего"	"1"	"7 115 110 000 000"
"Объем выполненных строительных работ (услуг)(Тысяч тенге казахских)"	"2022 год"	"202212"	"КАЗАЛИНСКИЙ РАЙОН"	"13301"	"Всего"	"1"	"Всего"	"1"	"Всего"	"1"	"7 442 205 000 000"
"Объем выполненных строительных работ (услуг)(Тысяч тенге казахских)"	"2017 год"	"201712"	"КАЗАЛИНСКИЙ РАЙОН"	"13301"	"основной вид деятельности"	"2"	"Всего"	"1"	"Всего"	"1"	"6 945 282 000 000"
"Объем выполненных строительных работ (услуг)(Тысяч тенге казахских)"	"2016 год"	"201612"	"КАЗАЛИНСКИЙ РАЙОН"	"13301"	"основной вид деятельности"	"2"	"Всего"	"1"	"Всего"	"1"	"1 273 237 000 000"
"Объем выполненных строительных работ (услуг)(Тысяч тенге казахских)"	"2018 год"	"201812"	"КАЗАЛИНСКИЙ РАЙОН"	"13301"	"основной вид деятельности"	"2"	"Всего"	"1"	"Всего"	"1"	"11 003 909 000 000"
"Объем выполненных строительных работ (услуг)(Тысяч тенге казахских)"	"2019 год"	"201912"	"КАЗАЛИНСКИЙ РАЙОН"	"13301"	"основной вид деятельности"	"2"	"Всего"	"1"	"Всего"	"1"	"13 730 017 000 000"
"Объем выполненных строительных работ (услуг)(Тысяч тенге казахских)"	"2020 год"	"202012"	"КАЗАЛИНСКИЙ РАЙОН"	"13301"	"основной вид деятельности"	"2"	"Всего"	"1"	"Всего"	"1"	"6 565 516 000 000"
"Объем выполненных строительных работ (услуг)(Тысяч тенге казахских)"	"2021 год"	"202112"	"КАЗАЛИНСКИЙ РАЙОН"	"13301"	"основной вид деятельности"	"2"	"Всего"	"1"	"Всего"	"1"	"6 913 733 000 000"
"Объем выполненных строительных работ (услуг)(Тысяч тенге казахских)"	"2022 год"	"202212"	"КАЗАЛИНСКИЙ РАЙОН"	"13301"	"основной вид деятельности"	"2"	"Всего"	"1"	"Всего"	"1"	"7 357 748 000 000"
"Объем выполненных строительных работ (услуг)(Тысяч тенге казахских)"	"2017 год"	"201712"	"КАЗАЛИНСКИЙ РАЙОН"	"13301"	"вторичный вид деятельности"	"3"	"Всего"	"1"	"Всего"	"1"	"275 892 000 000"
"Объем выполненных строительных работ (услуг)(Тысяч тенге казахских)"	"2016 год"	"201612"	"КАЗАЛИНСКИЙ РАЙОН"	"13301"	"вторичный вид деятельности"	"3"	"Всего"	"1"	"Всего"	"1"	"843 066 000 000"
"Объем выполненных строительных работ (услуг)(Тысяч тенге казахских)"	"2018 год"	"201812"	"КАЗАЛИНСКИЙ РАЙОН"	"13301"	"вторичный вид деятельности"	"3"	"Всего"	"1"	"Всего"	"1"	"492 865 000 000"
"Объем выполненных строительных работ (услуг)(Тысяч тенге казахских)"	"2019 год"	"201912"	"КАЗАЛИНСКИЙ РАЙОН"	"13301"	"вторичный вид деятельности"	"3"	"Всего"	"1"	"Всего"	"1"	"71 334 000 000"
"Объем выполненных строительных работ (услуг)(Тысяч тенге казахских)"	"2020 год"	"202012"	"КАЗАЛИНСКИЙ РАЙОН"	"13301"	"вторичный вид деятельности"	"3"	"Всего"	"1"	"Всего"	"1"	"474 481 000 000"
"Объем выполненных строительных работ (услуг)(Тысяч тенге казахских)"	"2021 год"	"202112"	"КАЗАЛИНСКИЙ РАЙОН"	"13301"	"вторичный вид деятельности"	"3"	"Всего"	"1"	"Всего"	"1"	"201 377 000 000"
"Объем выполненных строительных работ (услуг)(Тысяч тенге казахских)"	"2022 год"	"202212"	"КАЗАЛИНСКИЙ РАЙОН"	"13301"	"вторичный вид деятельности"	"3"	"Всего"	"1"	"Всего"	"1"	"84 457 000 000"
"Объем выполненных строительных работ (услуг)(Тысяч тенге казахских)"	"2017 год"	"201712"	"КАРМАКШИНСКИЙ РАЙОН"	"13385"	"Всего"	"1"	"Всего"	"1"	"Всего"	"1"	"3 100 549 000 000"
"Объем выполненных строительных работ (услуг)(Тысяч тенге казахских)"	"2016 год"	"201612"	"КАРМАКШИНСКИЙ РАЙОН"	"13385"	"Всего"	"1"	"Всего"	"1"	"Всего"	"1"	"554 867 000 000"
"Объем выполненных строительных работ (услуг)(Тысяч тенге казахских)"	"2018 год"	"201812"	"КАРМАКШИНСКИЙ РАЙОН"	"13385"	"Всего"	"1"	"Всего"	"1"	"Всего"	"1"	"2 671 146 000 000"
"Объем выполненных строительных работ (услуг)(Тысяч тенге казахских)"	"2019 год"	"201912"	"КАРМАКШИНСКИЙ РАЙОН"	"13385"	"Всего"	"1"	"Всего"	"1"	"Всего"	"1"	"1 772 338 000 000"
"Объем выполненных строительных работ (услуг)(Тысяч тенге казахских)"	"2020 год"	"202012"	"КАРМАКШИНСКИЙ РАЙОН"	"13385"	"Всего"	"1"	"Всего"	"1"	"Всего"	"1"	"6 951 805 000 000"
"Объем выполненных строительных работ (услуг)(Тысяч тенге казахских)"	"2021 год"	"202112"	"КАРМАКШИНСКИЙ РАЙОН"	"13385"	"Всего"	"1"	"Всего"	"1"	"Всего"	"1"	"3 768 403 000 000"
"Объем выполненных строительных работ (услуг)(Тысяч тенге казахских)"	"2022 год"	"202212"	"КАРМАКШИНСКИЙ РАЙОН"	"13385"	"Всего"	"1"	"Всего"	"1"	"Всего"	"1"	"5 903 049 000 000"
"Объем выполненных строительных работ (услуг)(Тысяч тенге казахских)"	"2017 год"	"201712"	"КАРМАКШИНСКИЙ РАЙОН"	"13385"	"основной вид деятельности"	"2"	"Всего"	"1"	"Всего"	"1"	"2 841 188 000 000"
"Объем выполненных строительных работ (услуг)(Тысяч тенге казахских)"	"2016 год"	"201612"	"КАРМАКШИНСКИЙ РАЙОН"	"13385"	"основной вид деятельности"	"2"	"Всего"	"1"	"Всего"	"1"	"524 546 000 000"
"Объем выполненных строительных работ (услуг)(Тысяч тенге казахских)"	"2018 год"	"201812"	"КАРМАКШИНСКИЙ РАЙОН"	"13385"	"основной вид деятельности"	"2"	"Всего"	"1"	"Всего"	"1"	"2 667 802 000 000"
"Объем выполненных строительных работ (услуг)(Тысяч тенге казахских)"	"2019 год"	"201912"	"КАРМАКШИНСКИЙ РАЙОН"	"13385"	"основной вид деятельности"	"2"	"Всего"	"1"	"Всего"	"1"	"1 756 032 000 000"
"Объем выполненных строительных работ (услуг)(Тысяч тенге казахских)"	"2020 год"	"202012"	"КАРМАКШИНСКИЙ РАЙОН"	"13385"	"основной вид деятельности"	"2"	"Всего"	"1"	"Всего"	"1"	"6 174 206 000 000"
"Объем выполненных строительных работ (услуг)(Тысяч тенге казахских)"	"2021 год"	"202112"	"КАРМАКШИНСКИЙ РАЙОН"	"13385"	"основной вид деятельности"	"2"	"Всего"	"1"	"Всего"	"1"	"3 746 557 000 000"
"Объем выполненных строительных работ (услуг)(Тысяч тенге казахских)"	"2022 год"	"202212"	"КАРМАКШИНСКИЙ РАЙОН"	"13385"	"основной вид деятельности"	"2"	"Всего"	"1"	"Всего"	"1"	"5 903 049 000 000"
"Объем выполненных строительных работ (услуг)(Тысяч тенге казахских)"	"2017 год"	"201712"	"КАРМАКШИНСКИЙ РАЙОН"	"13385"	"вторичный вид деятельности"	"3"	"Всего"	"1"	"Всего"	"1"	"259 361 000 000"
"Объем выполненных строительных работ (услуг)(Тысяч тенге казахских)"	"2016 год"	"201612"	"КАРМАКШИНСКИЙ РАЙОН"	"13385"	"вторичный вид деятельности"	"3"	"Всего"	"1"	"Всего"	"1"	"30 321 000 000"
"Объем выполненных строительных работ (услуг)(Тысяч тенге казахских)"	"2018 год"	"201812"	"КАРМАКШИНСКИЙ РАЙОН"	"13385"	"вторичный вид деятельности"	"3"	"Всего"	"1"	"Всего"	"1"	"3 344 000 000"
"Объем выполненных строительных работ (услуг)(Тысяч тенге казахских)"	"2019 год"	"201912"	"КАРМАКШИНСКИЙ РАЙОН"	"13385"	"вторичный вид деятельности"	"3"	"Всего"	"1"	"Всего"	"1"	"16 306 000 000"
"Объем выполненных строительных работ (услуг)(Тысяч тенге казахских)"	"2020 год"	"202012"	"КАРМАКШИНСКИЙ РАЙОН"	"13385"	"вторичный вид деятельности"	"3"	"Всего"	"1"	"Всего"	"1"	"777 599 000 000"
"Объем выполненных строительных работ (услуг)(Тысяч тенге казахских)"	"2021 год"	"202112"	"КАРМАКШИНСКИЙ РАЙОН"	"13385"	"вторичный вид деятельности"	"3"	"Всего"	"1"	"Всего"	"1"	"21 846 000 000"
"Объем выполненных строительных работ (услуг)(Тысяч тенге казахских)"	"2017 год"	"201712"	"СЫРДАРЬИНСКИЙ РАЙОН"	"13456"	"Всего"	"1"	"Всего"	"1"	"Всего"	"1"	"7 447 182 000 000"
"Объем выполненных строительных работ (услуг)(Тысяч тенге казахских)"	"2016 год"	"201612"	"СЫРДАРЬИНСКИЙ РАЙОН"	"13456"	"Всего"	"1"	"Всего"	"1"	"Всего"	"1"	"2 337 404 000 000"
"Объем выполненных строительных работ (услуг)(Тысяч тенге казахских)"	"2018 год"	"201812"	"СЫРДАРЬИНСКИЙ РАЙОН"	"13456"	"Всего"	"1"	"Всего"	"1"	"Всего"	"1"	"7 510 691 000 000"
"Объем выполненных строительных работ (услуг)(Тысяч тенге казахских)"	"2019 год"	"201912"	"СЫРДАРЬИНСКИЙ РАЙОН"	"13456"	"Всего"	"1"	"Всего"	"1"	"Всего"	"1"	"34 505 328 000 000"
"Объем выполненных строительных работ (услуг)(Тысяч тенге казахских)"	"2020 год"	"202012"	"СЫРДАРЬИНСКИЙ РАЙОН"	"13456"	"Всего"	"1"	"Всего"	"1"	"Всего"	"1"	"5 188 968 000 000"
"Объем выполненных строительных работ (услуг)(Тысяч тенге казахских)"	"2021 год"	"202112"	"СЫРДАРЬИНСКИЙ РАЙОН"	"13456"	"Всего"	"1"	"Всего"	"1"	"Всего"	"1"	"7 226 486 000 000"
"Объем выполненных строительных работ (услуг)(Тысяч тенге казахских)"	"2022 год"	"202212"	"СЫРДАРЬИНСКИЙ РАЙОН"	"13456"	"Всего"	"1"	"Всего"	"1"	"Всего"	"1"	"8 482 196 000 000"
"Объем выполненных строительных работ (услуг)(Тысяч тенге казахских)"	"2017 год"	"201712"	"СЫРДАРЬИНСКИЙ РАЙОН"	"13456"	"основной вид деятельности"	"2"	"Всего"	"1"	"Всего"	"1"	"7 252 216 000 000"
"Объем выполненных строительных работ (услуг)(Тысяч тенге казахских)"	"2016 год"	"201612"	"СЫРДАРЬИНСКИЙ РАЙОН"	"13456"	"основной вид деятельности"	"2"	"Всего"	"1"	"Всего"	"1"	"2 336 537 000 000"
"Объем выполненных строительных работ (услуг)(Тысяч тенге казахских)"	"2018 год"	"201812"	"СЫРДАРЬИНСКИЙ РАЙОН"	"13456"	"основной вид деятельности"	"2"	"Всего"	"1"	"Всего"	"1"	"7 510 691 000 000"
"Объем выполненных строительных работ (услуг)(Тысяч тенге казахских)"	"2019 год"	"201912"	"СЫРДАРЬИНСКИЙ РАЙОН"	"13456"	"основной вид деятельности"	"2"	"Всего"	"1"	"Всего"	"1"	"34 505 328 000 000"
"Объем выполненных строительных работ (услуг)(Тысяч тенге казахских)"	"2020 год"	"202012"	"СЫРДАРЬИНСКИЙ РАЙОН"	"13456"	"основной вид деятельности"	"2"	"Всего"	"1"	"Всего"	"1"	"5 103 872 000 000"
"Объем выполненных строительных работ (услуг)(Тысяч тенге казахских)"	"2021 год"	"202112"	"СЫРДАРЬИНСКИЙ РАЙОН"	"13456"	"основной вид деятельности"	"2"	"Всего"	"1"	"Всего"	"1"	"4 636 194 000 000"
"Объем выполненных строительных работ (услуг)(Тысяч тенге казахских)"	"2022 год"	"202212"	"СЫРДАРЬИНСКИЙ РАЙОН"	"13456"	"основной вид деятельности"	"2"	"Всего"	"1"	"Всего"	"1"	"8 264 257 000 000"
"Объем выполненных строительных работ (услуг)(Тысяч тенге казахских)"	"2017 год"	"201712"	"СЫРДАРЬИНСКИЙ РАЙОН"	"13456"	"вторичный вид деятельности"	"3"	"Всего"	"1"	"Всего"	"1"	"194 966 000 000"
"Объем выполненных строительных работ (услуг)(Тысяч тенге казахских)"	"2016 год"	"201612"	"СЫРДАРЬИНСКИЙ РАЙОН"	"13456"	"вторичный вид деятельности"	"3"	"Всего"	"1"	"Всего"	"1"	"867 000 000"
"Объем выполненных строительных работ (услуг)(Тысяч тенге казахских)"	"2020 год"	"202012"	"СЫРДАРЬИНСКИЙ РАЙОН"	"13456"	"вторичный вид деятельности"	"3"	"Всего"	"1"	"Всего"	"1"	"85 096 000 000"
"Объем выполненных строительных работ (услуг)(Тысяч тенге казахских)"	"2021 год"	"202112"	"СЫРДАРЬИНСКИЙ РАЙОН"	"13456"	"вторичный вид деятельности"	"3"	"Всего"	"1"	"Всего"	"1"	"2 590 292 000 000"
"Объем выполненных строительных работ (услуг)(Тысяч тенге казахских)"	"2022 год"	"202212"	"СЫРДАРЬИНСКИЙ РАЙОН"	"13456"	"вторичный вид деятельности"	"3"	"Всего"	"1"	"Всего"	"1"	"217 939 000 000"
"Объем выполненных строительных работ (услуг)(Тысяч тенге казахских)"	"2017 год"	"201712"	"ЧИИЛИЙСКИЙ РАЙОН"	"13524"	"Всего"	"1"	"Всего"	"1"	"Всего"	"1"	"2 375 528 000 000"
"Объем выполненных строительных работ (услуг)(Тысяч тенге казахских)"	"2016 год"	"201612"	"ЧИИЛИЙСКИЙ РАЙОН"	"13524"	"Всего"	"1"	"Всего"	"1"	"Всего"	"1"	"2 858 087 000 000"
"Объем выполненных строительных работ (услуг)(Тысяч тенге казахских)"	"2018 год"	"201812"	"ЧИИЛИЙСКИЙ РАЙОН"	"13524"	"Всего"	"1"	"Всего"	"1"	"Всего"	"1"	"13 032 038 000 000"
"Объем выполненных строительных работ (услуг)(Тысяч тенге казахских)"	"2019 год"	"201912"	"ЧИИЛИЙСКИЙ РАЙОН"	"13524"	"Всего"	"1"	"Всего"	"1"	"Всего"	"1"	"30 204 136 000 000"
"Объем выполненных строительных работ (услуг)(Тысяч тенге казахских)"	"2020 год"	"202012"	"ЧИИЛИЙСКИЙ РАЙОН"	"13524"	"Всего"	"1"	"Всего"	"1"	"Всего"	"1"	"8 021 722 000 000"
"Объем выполненных строительных работ (услуг)(Тысяч тенге казахских)"	"2021 год"	"202112"	"ЧИИЛИЙСКИЙ РАЙОН"	"13524"	"Всего"	"1"	"Всего"	"1"	"Всего"	"1"	"6 736 974 000 000"
"Объем выполненных строительных работ (услуг)(Тысяч тенге казахских)"	"2022 год"	"202212"	"ЧИИЛИЙСКИЙ РАЙОН"	"13524"	"Всего"	"1"	"Всего"	"1"	"Всего"	"1"	"7 801 158 000 000"
"Объем выполненных строительных работ (услуг)(Тысяч тенге казахских)"	"2017 год"	"201712"	"ЧИИЛИЙСКИЙ РАЙОН"	"13524"	"основной вид деятельности"	"2"	"Всего"	"1"	"Всего"	"1"	"2 352 100 000 000"
"Объем выполненных строительных работ (услуг)(Тысяч тенге казахских)"	"2016 год"	"201612"	"ЧИИЛИЙСКИЙ РАЙОН"	"13524"	"основной вид деятельности"	"2"	"Всего"	"1"	"Всего"	"1"	"2 678 672 000 000"
"Объем выполненных строительных работ (услуг)(Тысяч тенге казахских)"	"2018 год"	"201812"	"ЧИИЛИЙСКИЙ РАЙОН"	"13524"	"основной вид деятельности"	"2"	"Всего"	"1"	"Всего"	"1"	"12 584 404 000 000"
"Объем выполненных строительных работ (услуг)(Тысяч тенге казахских)"	"2019 год"	"201912"	"ЧИИЛИЙСКИЙ РАЙОН"	"13524"	"основной вид деятельности"	"2"	"Всего"	"1"	"Всего"	"1"	"29 975 263 000 000"
"Объем выполненных строительных работ (услуг)(Тысяч тенге казахских)"	"2020 год"	"202012"	"ЧИИЛИЙСКИЙ РАЙОН"	"13524"	"основной вид деятельности"	"2"	"Всего"	"1"	"Всего"	"1"	"7 982 085 000 000"
"Объем выполненных строительных работ (услуг)(Тысяч тенге казахских)"	"2021 год"	"202112"	"ЧИИЛИЙСКИЙ РАЙОН"	"13524"	"основной вид деятельности"	"2"	"Всего"	"1"	"Всего"	"1"	"6 736 974 000 000"
"Объем выполненных строительных работ (услуг)(Тысяч тенге казахских)"	"2022 год"	"202212"	"ЧИИЛИЙСКИЙ РАЙОН"	"13524"	"основной вид деятельности"	"2"	"Всего"	"1"	"Всего"	"1"	"7 151 429 000 000"
"Объем выполненных строительных работ (услуг)(Тысяч тенге казахских)"	"2017 год"	"201712"	"ЧИИЛИЙСКИЙ РАЙОН"	"13524"	"вторичный вид деятельности"	"3"	"Всего"	"1"	"Всего"	"1"	"23 428 000 000"
"Объем выполненных строительных работ (услуг)(Тысяч тенге казахских)"	"2016 год"	"201612"	"ЧИИЛИЙСКИЙ РАЙОН"	"13524"	"вторичный вид деятельности"	"3"	"Всего"	"1"	"Всего"	"1"	"179 415 000 000"
"Объем выполненных строительных работ (услуг)(Тысяч тенге казахских)"	"2018 год"	"201812"	"ЧИИЛИЙСКИЙ РАЙОН"	"13524"	"вторичный вид деятельности"	"3"	"Всего"	"1"	"Всего"	"1"	"447 634 000 000"
"Объем выполненных строительных работ (услуг)(Тысяч тенге казахских)"	"2019 год"	"201912"	"ЧИИЛИЙСКИЙ РАЙОН"	"13524"	"вторичный вид деятельности"	"3"	"Всего"	"1"	"Всего"	"1"	"228 873 000 000"
"Объем выполненных строительных работ (услуг)(Тысяч тенге казахских)"	"2020 год"	"202012"	"ЧИИЛИЙСКИЙ РАЙОН"	"13524"	"вторичный вид деятельности"	"3"	"Всего"	"1"	"Всего"	"1"	"39 637 000 000"
"Объем выполненных строительных работ (услуг)(Тысяч тенге казахских)"	"2022 год"	"202212"	"ЧИИЛИЙСКИЙ РАЙОН"	"13524"	"вторичный вид деятельности"	"3"	"Всего"	"1"	"Всего"	"1"	"649 729 000 000"
"Объем выполненных строительных работ (услуг)(Тысяч тенге казахских)"	"2017 год"	"201712"	"МАНГИСТАУСКАЯ ОБЛАСТЬ"	"13661"	"Всего"	"1"	"Всего"	"1"	"Всего"	"1"	"199 416 834 000 000"
"Объем выполненных строительных работ (услуг)(Тысяч тенге казахских)"	"2016 год"	"201612"	"МАНГИСТАУСКАЯ ОБЛАСТЬ"	"13661"	"Всего"	"1"	"Всего"	"1"	"Всего"	"1"	"188 588 522 000 000"
"Объем выполненных строительных работ (услуг)(Тысяч тенге казахских)"	"2018 год"	"201812"	"МАНГИСТАУСКАЯ ОБЛАСТЬ"	"13661"	"Всего"	"1"	"Всего"	"1"	"Всего"	"1"	"212 901 727 000 000"
"Объем выполненных строительных работ (услуг)(Тысяч тенге казахских)"	"2019 год"	"201912"	"МАНГИСТАУСКАЯ ОБЛАСТЬ"	"13661"	"Всего"	"1"	"Всего"	"1"	"Всего"	"1"	"185 054 707 000 000"
"Объем выполненных строительных работ (услуг)(Тысяч тенге казахских)"	"2020 год"	"202012"	"МАНГИСТАУСКАЯ ОБЛАСТЬ"	"13661"	"Всего"	"1"	"Всего"	"1"	"Всего"	"1"	"207 414 020 000 000"
"Объем выполненных строительных работ (услуг)(Тысяч тенге казахских)"	"2021 год"	"202112"	"МАНГИСТАУСКАЯ ОБЛАСТЬ"	"13661"	"Всего"	"1"	"Всего"	"1"	"Всего"	"1"	"253 416 511 000 000"
"Объем выполненных строительных работ (услуг)(Тысяч тенге казахских)"	"2022 год"	"202212"	"МАНГИСТАУСКАЯ ОБЛАСТЬ"	"13661"	"Всего"	"1"	"Всего"	"1"	"Всего"	"1"	"212 850 599 000 000"
"Объем выполненных строительных работ (услуг)(Тысяч тенге казахских)"	"2017 год"	"201712"	"МАНГИСТАУСКАЯ ОБЛАСТЬ"	"13661"	"основной вид деятельности"	"2"	"Всего"	"1"	"Всего"	"1"	"187 353 273 000 000"
"Объем выполненных строительных работ (услуг)(Тысяч тенге казахских)"	"2016 год"	"201612"	"МАНГИСТАУСКАЯ ОБЛАСТЬ"	"13661"	"основной вид деятельности"	"2"	"Всего"	"1"	"Всего"	"1"	"187 180 597 000 000"
"Объем выполненных строительных работ (услуг)(Тысяч тенге казахских)"	"2018 год"	"201812"	"МАНГИСТАУСКАЯ ОБЛАСТЬ"	"13661"	"основной вид деятельности"	"2"	"Всего"	"1"	"Всего"	"1"	"202 398 444 000 000"
"Объем выполненных строительных работ (услуг)(Тысяч тенге казахских)"	"2019 год"	"201912"	"МАНГИСТАУСКАЯ ОБЛАСТЬ"	"13661"	"основной вид деятельности"	"2"	"Всего"	"1"	"Всего"	"1"	"174 229 403 000 000"
"Объем выполненных строительных работ (услуг)(Тысяч тенге казахских)"	"2020 год"	"202012"	"МАНГИСТАУСКАЯ ОБЛАСТЬ"	"13661"	"основной вид деятельности"	"2"	"Всего"	"1"	"Всего"	"1"	"199 285 562 000 000"
"Объем выполненных строительных работ (услуг)(Тысяч тенге казахских)"	"2021 год"	"202112"	"МАНГИСТАУСКАЯ ОБЛАСТЬ"	"13661"	"основной вид деятельности"	"2"	"Всего"	"1"	"Всего"	"1"	"243 590 486 000 000"
"Объем выполненных строительных работ (услуг)(Тысяч тенге казахских)"	"2022 год"	"202212"	"МАНГИСТАУСКАЯ ОБЛАСТЬ"	"13661"	"основной вид деятельности"	"2"	"Всего"	"1"	"Всего"	"1"	"207 500 588 000 000"
"Объем выполненных строительных работ (услуг)(Тысяч тенге казахских)"	"2017 год"	"201712"	"МАНГИСТАУСКАЯ ОБЛАСТЬ"	"13661"	"вторичный вид деятельности"	"3"	"Всего"	"1"	"Всего"	"1"	"12 063 561 000 000"
"Объем выполненных строительных работ (услуг)(Тысяч тенге казахских)"	"2016 год"	"201612"	"МАНГИСТАУСКАЯ ОБЛАСТЬ"	"13661"	"вторичный вид деятельности"	"3"	"Всего"	"1"	"Всего"	"1"	"1 407 925 000 000"
"Объем выполненных строительных работ (услуг)(Тысяч тенге казахских)"	"2018 год"	"201812"	"МАНГИСТАУСКАЯ ОБЛАСТЬ"	"13661"	"вторичный вид деятельности"	"3"	"Всего"	"1"	"Всего"	"1"	"10 503 283 000 000"
"Объем выполненных строительных работ (услуг)(Тысяч тенге казахских)"	"2019 год"	"201912"	"МАНГИСТАУСКАЯ ОБЛАСТЬ"	"13661"	"вторичный вид деятельности"	"3"	"Всего"	"1"	"Всего"	"1"	"10 825 304 000 000"
"Объем выполненных строительных работ (услуг)(Тысяч тенге казахских)"	"2020 год"	"202012"	"МАНГИСТАУСКАЯ ОБЛАСТЬ"	"13661"	"вторичный вид деятельности"	"3"	"Всего"	"1"	"Всего"	"1"	"8 128 458 000 000"
"Объем выполненных строительных работ (услуг)(Тысяч тенге казахских)"	"2021 год"	"202112"	"МАНГИСТАУСКАЯ ОБЛАСТЬ"	"13661"	"вторичный вид деятельности"	"3"	"Всего"	"1"	"Всего"	"1"	"9 826 025 000 000"
"Объем выполненных строительных работ (услуг)(Тысяч тенге казахских)"	"2022 год"	"202212"	"МАНГИСТАУСКАЯ ОБЛАСТЬ"	"13661"	"вторичный вид деятельности"	"3"	"Всего"	"1"	"Всего"	"1"	"5 350 011 000 000"
"Объем выполненных строительных работ (услуг)(Тысяч тенге казахских)"	"2017 год"	"201712"	"АКТАУ Г.А."	"13662"	"Всего"	"1"	"Всего"	"1"	"Всего"	"1"	"61 134 875 000 000"
"Объем выполненных строительных работ (услуг)(Тысяч тенге казахских)"	"2016 год"	"201612"	"АКТАУ Г.А."	"13662"	"Всего"	"1"	"Всего"	"1"	"Всего"	"1"	"58 434 073 000 000"
"Объем выполненных строительных работ (услуг)(Тысяч тенге казахских)"	"2018 год"	"201812"	"АКТАУ Г.А."	"13662"	"Всего"	"1"	"Всего"	"1"	"Всего"	"1"	"63 923 890 000 000"
"Объем выполненных строительных работ (услуг)(Тысяч тенге казахских)"	"2019 год"	"201912"	"АКТАУ Г.А."	"13662"	"Всего"	"1"	"Всего"	"1"	"Всего"	"1"	"66 135 941 000 000"
"Объем выполненных строительных работ (услуг)(Тысяч тенге казахских)"	"2020 год"	"202012"	"АКТАУ Г.А."	"13662"	"Всего"	"1"	"Всего"	"1"	"Всего"	"1"	"116 704 295 000 000"
"Объем выполненных строительных работ (услуг)(Тысяч тенге казахских)"	"2021 год"	"202112"	"АКТАУ Г.А."	"13662"	"Всего"	"1"	"Всего"	"1"	"Всего"	"1"	"136 170 945 000 000"
"Объем выполненных строительных работ (услуг)(Тысяч тенге казахских)"	"2022 год"	"202212"	"АКТАУ Г.А."	"13662"	"Всего"	"1"	"Всего"	"1"	"Всего"	"1"	"82 444 320 000 000"
"Объем выполненных строительных работ (услуг)(Тысяч тенге казахских)"	"2017 год"	"201712"	"АКТАУ Г.А."	"13662"	"основной вид деятельности"	"2"	"Всего"	"1"	"Всего"	"1"	"60 066 529 000 000"
"Объем выполненных строительных работ (услуг)(Тысяч тенге казахских)"	"2016 год"	"201612"	"АКТАУ Г.А."	"13662"	"основной вид деятельности"	"2"	"Всего"	"1"	"Всего"	"1"	"57 906 984 000 000"
"Объем выполненных строительных работ (услуг)(Тысяч тенге казахских)"	"2018 год"	"201812"	"АКТАУ Г.А."	"13662"	"основной вид деятельности"	"2"	"Всего"	"1"	"Всего"	"1"	"61 326 960 000 000"
"Объем выполненных строительных работ (услуг)(Тысяч тенге казахских)"	"2019 год"	"201912"	"АКТАУ Г.А."	"13662"	"основной вид деятельности"	"2"	"Всего"	"1"	"Всего"	"1"	"63 585 537 000 000"
"Объем выполненных строительных работ (услуг)(Тысяч тенге казахских)"	"2020 год"	"202012"	"АКТАУ Г.А."	"13662"	"основной вид деятельности"	"2"	"Всего"	"1"	"Всего"	"1"	"113 448 420 000 000"
"Объем выполненных строительных работ (услуг)(Тысяч тенге казахских)"	"2021 год"	"202112"	"АКТАУ Г.А."	"13662"	"основной вид деятельности"	"2"	"Всего"	"1"	"Всего"	"1"	"134 354 896 000 000"
"Объем выполненных строительных работ (услуг)(Тысяч тенге казахских)"	"2022 год"	"202212"	"АКТАУ Г.А."	"13662"	"основной вид деятельности"	"2"	"Всего"	"1"	"Всего"	"1"	"80 899 256 000 000"
"Объем выполненных строительных работ (услуг)(Тысяч тенге казахских)"	"2017 год"	"201712"	"АКТАУ Г.А."	"13662"	"вторичный вид деятельности"	"3"	"Всего"	"1"	"Всего"	"1"	"1 068 346 000 000"
"Объем выполненных строительных работ (услуг)(Тысяч тенге казахских)"	"2016 год"	"201612"	"АКТАУ Г.А."	"13662"	"вторичный вид деятельности"	"3"	"Всего"	"1"	"Всего"	"1"	"527 089 000 000"
"Объем выполненных строительных работ (услуг)(Тысяч тенге казахских)"	"2018 год"	"201812"	"АКТАУ Г.А."	"13662"	"вторичный вид деятельности"	"3"	"Всего"	"1"	"Всего"	"1"	"2 596 930 000 000"
"Объем выполненных строительных работ (услуг)(Тысяч тенге казахских)"	"2019 год"	"201912"	"АКТАУ Г.А."	"13662"	"вторичный вид деятельности"	"3"	"Всего"	"1"	"Всего"	"1"	"2 550 404 000 000"
"Объем выполненных строительных работ (услуг)(Тысяч тенге казахских)"	"2020 год"	"202012"	"АКТАУ Г.А."	"13662"	"вторичный вид деятельности"	"3"	"Всего"	"1"	"Всего"	"1"	"3 255 875 000 000"
"Объем выполненных строительных работ (услуг)(Тысяч тенге казахских)"	"2021 год"	"202112"	"АКТАУ Г.А."	"13662"	"вторичный вид деятельности"	"3"	"Всего"	"1"	"Всего"	"1"	"1 816 049 000 000"
"Объем выполненных строительных работ (услуг)(Тысяч тенге казахских)"	"2022 год"	"202212"	"АКТАУ Г.А."	"13662"	"вторичный вид деятельности"	"3"	"Всего"	"1"	"Всего"	"1"	"1 545 064 000 000"
"Объем выполненных строительных работ (услуг)(Тысяч тенге казахских)"	"2017 год"	"201712"	"ЖАНАОЗЕН Г.А."	"13666"	"Всего"	"1"	"Всего"	"1"	"Всего"	"1"	"18 981 710 000 000"
"Объем выполненных строительных работ (услуг)(Тысяч тенге казахских)"	"2016 год"	"201612"	"ЖАНАОЗЕН Г.А."	"13666"	"Всего"	"1"	"Всего"	"1"	"Всего"	"1"	"20 792 416 000 000"
"Объем выполненных строительных работ (услуг)(Тысяч тенге казахских)"	"2018 год"	"201812"	"ЖАНАОЗЕН Г.А."	"13666"	"Всего"	"1"	"Всего"	"1"	"Всего"	"1"	"21 780 187 000 000"
"Объем выполненных строительных работ (услуг)(Тысяч тенге казахских)"	"2019 год"	"201912"	"ЖАНАОЗЕН Г.А."	"13666"	"Всего"	"1"	"Всего"	"1"	"Всего"	"1"	"21 861 005 000 000"
"Объем выполненных строительных работ (услуг)(Тысяч тенге казахских)"	"2020 год"	"202012"	"ЖАНАОЗЕН Г.А."	"13666"	"Всего"	"1"	"Всего"	"1"	"Всего"	"1"	"14 693 523 000 000"
"Объем выполненных строительных работ (услуг)(Тысяч тенге казахских)"	"2021 год"	"202112"	"ЖАНАОЗЕН Г.А."	"13666"	"Всего"	"1"	"Всего"	"1"	"Всего"	"1"	"21 405 796 000 000"
"Объем выполненных строительных работ (услуг)(Тысяч тенге казахских)"	"2022 год"	"202212"	"ЖАНАОЗЕН Г.А."	"13666"	"Всего"	"1"	"Всего"	"1"	"Всего"	"1"	"26 303 954 000 000"
"Объем выполненных строительных работ (услуг)(Тысяч тенге казахских)"	"2017 год"	"201712"	"ЖАНАОЗЕН Г.А."	"13666"	"основной вид деятельности"	"2"	"Всего"	"1"	"Всего"	"1"	"18 089 693 000 000"
"Объем выполненных строительных работ (услуг)(Тысяч тенге казахских)"	"2016 год"	"201612"	"ЖАНАОЗЕН Г.А."	"13666"	"основной вид деятельности"	"2"	"Всего"	"1"	"Всего"	"1"	"20 726 025 000 000"
"Объем выполненных строительных работ (услуг)(Тысяч тенге казахских)"	"2018 год"	"201812"	"ЖАНАОЗЕН Г.А."	"13666"	"основной вид деятельности"	"2"	"Всего"	"1"	"Всего"	"1"	"17 781 562 000 000"
"Объем выполненных строительных работ (услуг)(Тысяч тенге казахских)"	"2019 год"	"201912"	"ЖАНАОЗЕН Г.А."	"13666"	"основной вид деятельности"	"2"	"Всего"	"1"	"Всего"	"1"	"21 637 516 000 000"
"Объем выполненных строительных работ (услуг)(Тысяч тенге казахских)"	"2020 год"	"202012"	"ЖАНАОЗЕН Г.А."	"13666"	"основной вид деятельности"	"2"	"Всего"	"1"	"Всего"	"1"	"13 853 251 000 000"
"Объем выполненных строительных работ (услуг)(Тысяч тенге казахских)"	"2021 год"	"202112"	"ЖАНАОЗЕН Г.А."	"13666"	"основной вид деятельности"	"2"	"Всего"	"1"	"Всего"	"1"	"18 810 489 000 000"
"Объем выполненных строительных работ (услуг)(Тысяч тенге казахских)"	"2022 год"	"202212"	"ЖАНАОЗЕН Г.А."	"13666"	"основной вид деятельности"	"2"	"Всего"	"1"	"Всего"	"1"	"24 742 511 000 000"
"Объем выполненных строительных работ (услуг)(Тысяч тенге казахских)"	"2017 год"	"201712"	"ЖАНАОЗЕН Г.А."	"13666"	"вторичный вид деятельности"	"3"	"Всего"	"1"	"Всего"	"1"	"892 017 000 000"
"Объем выполненных строительных работ (услуг)(Тысяч тенге казахских)"	"2016 год"	"201612"	"ЖАНАОЗЕН Г.А."	"13666"	"вторичный вид деятельности"	"3"	"Всего"	"1"	"Всего"	"1"	"66 391 000 000"
"Объем выполненных строительных работ (услуг)(Тысяч тенге казахских)"	"2018 год"	"201812"	"ЖАНАОЗЕН Г.А."	"13666"	"вторичный вид деятельности"	"3"	"Всего"	"1"	"Всего"	"1"	"3 998 625 000 000"
"Объем выполненных строительных работ (услуг)(Тысяч тенге казахских)"	"2019 год"	"201912"	"ЖАНАОЗЕН Г.А."	"13666"	"вторичный вид деятельности"	"3"	"Всего"	"1"	"Всего"	"1"	"223 489 000 000"
"Объем выполненных строительных работ (услуг)(Тысяч тенге казахских)"	"2020 год"	"202012"	"ЖАНАОЗЕН Г.А."	"13666"	"вторичный вид деятельности"	"3"	"Всего"	"1"	"Всего"	"1"	"840 272 000 000"
"Объем выполненных строительных работ (услуг)(Тысяч тенге казахских)"	"2021 год"	"202112"	"ЖАНАОЗЕН Г.А."	"13666"	"вторичный вид деятельности"	"3"	"Всего"	"1"	"Всего"	"1"	"2 595 307 000 000"
"Объем выполненных строительных работ (услуг)(Тысяч тенге казахских)"	"2022 год"	"202212"	"ЖАНАОЗЕН Г.А."	"13666"	"вторичный вид деятельности"	"3"	"Всего"	"1"	"Всего"	"1"	"1 561 443 000 000"
"Объем выполненных строительных работ (услуг)(Тысяч тенге казахских)"	"2017 год"	"201712"	"БЕЙНЕУСКИЙ РАЙОН"	"13674"	"Всего"	"1"	"Всего"	"1"	"Всего"	"1"	"10 907 913 000 000"
"Объем выполненных строительных работ (услуг)(Тысяч тенге казахских)"	"2016 год"	"201612"	"БЕЙНЕУСКИЙ РАЙОН"	"13674"	"Всего"	"1"	"Всего"	"1"	"Всего"	"1"	"23 439 419 000 000"
"Объем выполненных строительных работ (услуг)(Тысяч тенге казахских)"	"2018 год"	"201812"	"БЕЙНЕУСКИЙ РАЙОН"	"13674"	"Всего"	"1"	"Всего"	"1"	"Всего"	"1"	"20 025 831 000 000"
"Объем выполненных строительных работ (услуг)(Тысяч тенге казахских)"	"2019 год"	"201912"	"БЕЙНЕУСКИЙ РАЙОН"	"13674"	"Всего"	"1"	"Всего"	"1"	"Всего"	"1"	"12 909 058 000 000"
"Объем выполненных строительных работ (услуг)(Тысяч тенге казахских)"	"2020 год"	"202012"	"БЕЙНЕУСКИЙ РАЙОН"	"13674"	"Всего"	"1"	"Всего"	"1"	"Всего"	"1"	"16 661 237 000 000"
"Объем выполненных строительных работ (услуг)(Тысяч тенге казахских)"	"2021 год"	"202112"	"БЕЙНЕУСКИЙ РАЙОН"	"13674"	"Всего"	"1"	"Всего"	"1"	"Всего"	"1"	"25 781 582 000 000"
"Объем выполненных строительных работ (услуг)(Тысяч тенге казахских)"	"2022 год"	"202212"	"БЕЙНЕУСКИЙ РАЙОН"	"13674"	"Всего"	"1"	"Всего"	"1"	"Всего"	"1"	"5 925 028 000 000"
"Объем выполненных строительных работ (услуг)(Тысяч тенге казахских)"	"2017 год"	"201712"	"БЕЙНЕУСКИЙ РАЙОН"	"13674"	"основной вид деятельности"	"2"	"Всего"	"1"	"Всего"	"1"	"10 347 630 000 000"
"Объем выполненных строительных работ (услуг)(Тысяч тенге казахских)"	"2016 год"	"201612"	"БЕЙНЕУСКИЙ РАЙОН"	"13674"	"основной вид деятельности"	"2"	"Всего"	"1"	"Всего"	"1"	"22 955 998 000 000"
"Объем выполненных строительных работ (услуг)(Тысяч тенге казахских)"	"2018 год"	"201812"	"БЕЙНЕУСКИЙ РАЙОН"	"13674"	"основной вид деятельности"	"2"	"Всего"	"1"	"Всего"	"1"	"19 601 983 000 000"
"Объем выполненных строительных работ (услуг)(Тысяч тенге казахских)"	"2019 год"	"201912"	"БЕЙНЕУСКИЙ РАЙОН"	"13674"	"основной вид деятельности"	"2"	"Всего"	"1"	"Всего"	"1"	"12 398 156 000 000"
"Объем выполненных строительных работ (услуг)(Тысяч тенге казахских)"	"2020 год"	"202012"	"БЕЙНЕУСКИЙ РАЙОН"	"13674"	"основной вид деятельности"	"2"	"Всего"	"1"	"Всего"	"1"	"15 624 523 000 000"
"Объем выполненных строительных работ (услуг)(Тысяч тенге казахских)"	"2021 год"	"202112"	"БЕЙНЕУСКИЙ РАЙОН"	"13674"	"основной вид деятельности"	"2"	"Всего"	"1"	"Всего"	"1"	"25 256 483 000 000"
"Объем выполненных строительных работ (услуг)(Тысяч тенге казахских)"	"2022 год"	"202212"	"БЕЙНЕУСКИЙ РАЙОН"	"13674"	"основной вид деятельности"	"2"	"Всего"	"1"	"Всего"	"1"	"5 810 697 000 000"
"Объем выполненных строительных работ (услуг)(Тысяч тенге казахских)"	"2017 год"	"201712"	"БЕЙНЕУСКИЙ РАЙОН"	"13674"	"вторичный вид деятельности"	"3"	"Всего"	"1"	"Всего"	"1"	"560 283 000 000"
"Объем выполненных строительных работ (услуг)(Тысяч тенге казахских)"	"2016 год"	"201612"	"БЕЙНЕУСКИЙ РАЙОН"	"13674"	"вторичный вид деятельности"	"3"	"Всего"	"1"	"Всего"	"1"	"483 421 000 000"
"Объем выполненных строительных работ (услуг)(Тысяч тенге казахских)"	"2018 год"	"201812"	"БЕЙНЕУСКИЙ РАЙОН"	"13674"	"вторичный вид деятельности"	"3"	"Всего"	"1"	"Всего"	"1"	"423 848 000 000"
"Объем выполненных строительных работ (услуг)(Тысяч тенге казахских)"	"2019 год"	"201912"	"БЕЙНЕУСКИЙ РАЙОН"	"13674"	"вторичный вид деятельности"	"3"	"Всего"	"1"	"Всего"	"1"	"510 902 000 000"
"Объем выполненных строительных работ (услуг)(Тысяч тенге казахских)"	"2020 год"	"202012"	"БЕЙНЕУСКИЙ РАЙОН"	"13674"	"вторичный вид деятельности"	"3"	"Всего"	"1"	"Всего"	"1"	"1 036 714 000 000"
"Объем выполненных строительных работ (услуг)(Тысяч тенге казахских)"	"2021 год"	"202112"	"БЕЙНЕУСКИЙ РАЙОН"	"13674"	"вторичный вид деятельности"	"3"	"Всего"	"1"	"Всего"	"1"	"525 099 000 000"
"Объем выполненных строительных работ (услуг)(Тысяч тенге казахских)"	"2022 год"	"202212"	"БЕЙНЕУСКИЙ РАЙОН"	"13674"	"вторичный вид деятельности"	"3"	"Всего"	"1"	"Всего"	"1"	"114 331 000 000"
"Объем выполненных строительных работ (услуг)(Тысяч тенге казахских)"	"2017 год"	"201712"	"КАРАКИЯНСКИЙ РАЙОН"	"13788"	"Всего"	"1"	"Всего"	"1"	"Всего"	"1"	"49 265 350 000 000"
"Объем выполненных строительных работ (услуг)(Тысяч тенге казахских)"	"2016 год"	"201612"	"КАРАКИЯНСКИЙ РАЙОН"	"13788"	"Всего"	"1"	"Всего"	"1"	"Всего"	"1"	"25 530 232 000 000"
"Объем выполненных строительных работ (услуг)(Тысяч тенге казахских)"	"2018 год"	"201812"	"КАРАКИЯНСКИЙ РАЙОН"	"13788"	"Всего"	"1"	"Всего"	"1"	"Всего"	"1"	"62 811 388 000 000"
"Объем выполненных строительных работ (услуг)(Тысяч тенге казахских)"	"2019 год"	"201912"	"КАРАКИЯНСКИЙ РАЙОН"	"13788"	"Всего"	"1"	"Всего"	"1"	"Всего"	"1"	"37 644 862 000 000"
"Объем выполненных строительных работ (услуг)(Тысяч тенге казахских)"	"2020 год"	"202012"	"КАРАКИЯНСКИЙ РАЙОН"	"13788"	"Всего"	"1"	"Всего"	"1"	"Всего"	"1"	"20 435 431 000 000"
"Объем выполненных строительных работ (услуг)(Тысяч тенге казахских)"	"2021 год"	"202112"	"КАРАКИЯНСКИЙ РАЙОН"	"13788"	"Всего"	"1"	"Всего"	"1"	"Всего"	"1"	"27 123 746 000 000"
"Объем выполненных строительных работ (услуг)(Тысяч тенге казахских)"	"2022 год"	"202212"	"КАРАКИЯНСКИЙ РАЙОН"	"13788"	"Всего"	"1"	"Всего"	"1"	"Всего"	"1"	"59 869 968 000 000"
"Объем выполненных строительных работ (услуг)(Тысяч тенге казахских)"	"2017 год"	"201712"	"КАРАКИЯНСКИЙ РАЙОН"	"13788"	"основной вид деятельности"	"2"	"Всего"	"1"	"Всего"	"1"	"47 173 206 000 000"
"Объем выполненных строительных работ (услуг)(Тысяч тенге казахских)"	"2016 год"	"201612"	"КАРАКИЯНСКИЙ РАЙОН"	"13788"	"основной вид деятельности"	"2"	"Всего"	"1"	"Всего"	"1"	"25 437 798 000 000"
"Объем выполненных строительных работ (услуг)(Тысяч тенге казахских)"	"2018 год"	"201812"	"КАРАКИЯНСКИЙ РАЙОН"	"13788"	"основной вид деятельности"	"2"	"Всего"	"1"	"Всего"	"1"	"62 788 308 000 000"
"Объем выполненных строительных работ (услуг)(Тысяч тенге казахских)"	"2019 год"	"201912"	"КАРАКИЯНСКИЙ РАЙОН"	"13788"	"основной вид деятельности"	"2"	"Всего"	"1"	"Всего"	"1"	"37 634 904 000 000"
"Объем выполненных строительных работ (услуг)(Тысяч тенге казахских)"	"2020 год"	"202012"	"КАРАКИЯНСКИЙ РАЙОН"	"13788"	"основной вид деятельности"	"2"	"Всего"	"1"	"Всего"	"1"	"20 432 308 000 000"
"Объем выполненных строительных работ (услуг)(Тысяч тенге казахских)"	"2021 год"	"202112"	"КАРАКИЯНСКИЙ РАЙОН"	"13788"	"основной вид деятельности"	"2"	"Всего"	"1"	"Всего"	"1"	"27 118 018 000 000"
"Объем выполненных строительных работ (услуг)(Тысяч тенге казахских)"	"2022 год"	"202212"	"КАРАКИЯНСКИЙ РАЙОН"	"13788"	"основной вид деятельности"	"2"	"Всего"	"1"	"Всего"	"1"	"59 697 307 000 000"
"Объем выполненных строительных работ (услуг)(Тысяч тенге казахских)"	"2017 год"	"201712"	"КАРАКИЯНСКИЙ РАЙОН"	"13788"	"вторичный вид деятельности"	"3"	"Всего"	"1"	"Всего"	"1"	"2 092 144 000 000"
"Объем выполненных строительных работ (услуг)(Тысяч тенге казахских)"	"2016 год"	"201612"	"КАРАКИЯНСКИЙ РАЙОН"	"13788"	"вторичный вид деятельности"	"3"	"Всего"	"1"	"Всего"	"1"	"92 434 000 000"
"Объем выполненных строительных работ (услуг)(Тысяч тенге казахских)"	"2018 год"	"201812"	"КАРАКИЯНСКИЙ РАЙОН"	"13788"	"вторичный вид деятельности"	"3"	"Всего"	"1"	"Всего"	"1"	"23 080 000 000"
"Объем выполненных строительных работ (услуг)(Тысяч тенге казахских)"	"2019 год"	"201912"	"КАРАКИЯНСКИЙ РАЙОН"	"13788"	"вторичный вид деятельности"	"3"	"Всего"	"1"	"Всего"	"1"	"9 958 000 000"
"Объем выполненных строительных работ (услуг)(Тысяч тенге казахских)"	"2020 год"	"202012"	"КАРАКИЯНСКИЙ РАЙОН"	"13788"	"вторичный вид деятельности"	"3"	"Всего"	"1"	"Всего"	"1"	"3 123 000 000"
"Объем выполненных строительных работ (услуг)(Тысяч тенге казахских)"	"2021 год"	"202112"	"КАРАКИЯНСКИЙ РАЙОН"	"13788"	"вторичный вид деятельности"	"3"	"Всего"	"1"	"Всего"	"1"	"5 728 000 000"
"Объем выполненных строительных работ (услуг)(Тысяч тенге казахских)"	"2022 год"	"202212"	"КАРАКИЯНСКИЙ РАЙОН"	"13788"	"вторичный вид деятельности"	"3"	"Всего"	"1"	"Всего"	"1"	"172 661 000 000"
"Объем выполненных строительных работ (услуг)(Тысяч тенге казахских)"	"2017 год"	"201712"	"МАНГИСТАУСКИЙ РАЙОН"	"13888"	"Всего"	"1"	"Всего"	"1"	"Всего"	"1"	"28 843 299 000 000"
"Объем выполненных строительных работ (услуг)(Тысяч тенге казахских)"	"2016 год"	"201612"	"МАНГИСТАУСКИЙ РАЙОН"	"13888"	"Всего"	"1"	"Всего"	"1"	"Всего"	"1"	"24 474 047 000 000"
"Объем выполненных строительных работ (услуг)(Тысяч тенге казахских)"	"2018 год"	"201812"	"МАНГИСТАУСКИЙ РАЙОН"	"13888"	"Всего"	"1"	"Всего"	"1"	"Всего"	"1"	"24 382 208 000 000"
"Объем выполненных строительных работ (услуг)(Тысяч тенге казахских)"	"2019 год"	"201912"	"МАНГИСТАУСКИЙ РАЙОН"	"13888"	"Всего"	"1"	"Всего"	"1"	"Всего"	"1"	"21 858 037 000 000"
"Объем выполненных строительных работ (услуг)(Тысяч тенге казахских)"	"2020 год"	"202012"	"МАНГИСТАУСКИЙ РАЙОН"	"13888"	"Всего"	"1"	"Всего"	"1"	"Всего"	"1"	"16 337 923 000 000"
"Объем выполненных строительных работ (услуг)(Тысяч тенге казахских)"	"2021 год"	"202112"	"МАНГИСТАУСКИЙ РАЙОН"	"13888"	"Всего"	"1"	"Всего"	"1"	"Всего"	"1"	"14 982 735 000 000"
"Объем выполненных строительных работ (услуг)(Тысяч тенге казахских)"	"2022 год"	"202212"	"МАНГИСТАУСКИЙ РАЙОН"	"13888"	"Всего"	"1"	"Всего"	"1"	"Всего"	"1"	"17 699 249 000 000"
"Объем выполненных строительных работ (услуг)(Тысяч тенге казахских)"	"2017 год"	"201712"	"МАНГИСТАУСКИЙ РАЙОН"	"13888"	"основной вид деятельности"	"2"	"Всего"	"1"	"Всего"	"1"	"28 717 299 000 000"
"Объем выполненных строительных работ (услуг)(Тысяч тенге казахских)"	"2016 год"	"201612"	"МАНГИСТАУСКИЙ РАЙОН"	"13888"	"основной вид деятельности"	"2"	"Всего"	"1"	"Всего"	"1"	"24 384 761 000 000"
"Объем выполненных строительных работ (услуг)(Тысяч тенге казахских)"	"2018 год"	"201812"	"МАНГИСТАУСКИЙ РАЙОН"	"13888"	"основной вид деятельности"	"2"	"Всего"	"1"	"Всего"	"1"	"24 381 208 000 000"
"Объем выполненных строительных работ (услуг)(Тысяч тенге казахских)"	"2019 год"	"201912"	"МАНГИСТАУСКИЙ РАЙОН"	"13888"	"основной вид деятельности"	"2"	"Всего"	"1"	"Всего"	"1"	"20 695 717 000 000"
"Объем выполненных строительных работ (услуг)(Тысяч тенге казахских)"	"2020 год"	"202012"	"МАНГИСТАУСКИЙ РАЙОН"	"13888"	"основной вид деятельности"	"2"	"Всего"	"1"	"Всего"	"1"	"15 546 474 000 000"
"Объем выполненных строительных работ (услуг)(Тысяч тенге казахских)"	"2021 год"	"202112"	"МАНГИСТАУСКИЙ РАЙОН"	"13888"	"основной вид деятельности"	"2"	"Всего"	"1"	"Всего"	"1"	"14 568 775 000 000"
"Объем выполненных строительных работ (услуг)(Тысяч тенге казахских)"	"2022 год"	"202212"	"МАНГИСТАУСКИЙ РАЙОН"	"13888"	"основной вид деятельности"	"2"	"Всего"	"1"	"Всего"	"1"	"17 645 407 000 000"
"Объем выполненных строительных работ (услуг)(Тысяч тенге казахских)"	"2017 год"	"201712"	"МАНГИСТАУСКИЙ РАЙОН"	"13888"	"вторичный вид деятельности"	"3"	"Всего"	"1"	"Всего"	"1"	"126 000 000 000"
"Объем выполненных строительных работ (услуг)(Тысяч тенге казахских)"	"2016 год"	"201612"	"МАНГИСТАУСКИЙ РАЙОН"	"13888"	"вторичный вид деятельности"	"3"	"Всего"	"1"	"Всего"	"1"	"89 286 000 000"
"Объем выполненных строительных работ (услуг)(Тысяч тенге казахских)"	"2018 год"	"201812"	"МАНГИСТАУСКИЙ РАЙОН"	"13888"	"вторичный вид деятельности"	"3"	"Всего"	"1"	"Всего"	"1"	"1 000 000 000"
"Объем выполненных строительных работ (услуг)(Тысяч тенге казахских)"	"2019 год"	"201912"	"МАНГИСТАУСКИЙ РАЙОН"	"13888"	"вторичный вид деятельности"	"3"	"Всего"	"1"	"Всего"	"1"	"1 162 320 000 000"
"Объем выполненных строительных работ (услуг)(Тысяч тенге казахских)"	"2020 год"	"202012"	"МАНГИСТАУСКИЙ РАЙОН"	"13888"	"вторичный вид деятельности"	"3"	"Всего"	"1"	"Всего"	"1"	"791 449 000 000"
"Объем выполненных строительных работ (услуг)(Тысяч тенге казахских)"	"2021 год"	"202112"	"МАНГИСТАУСКИЙ РАЙОН"	"13888"	"вторичный вид деятельности"	"3"	"Всего"	"1"	"Всего"	"1"	"413 960 000 000"
"Объем выполненных строительных работ (услуг)(Тысяч тенге казахских)"	"2022 год"	"202212"	"МАНГИСТАУСКИЙ РАЙОН"	"13888"	"вторичный вид деятельности"	"3"	"Всего"	"1"	"Всего"	"1"	"53 842 000 000"
"Объем выполненных строительных работ (услуг)(Тысяч тенге казахских)"	"2017 год"	"201712"	"МУНАЙЛИНСКИЙ РАЙОН"	"14116"	"Всего"	"1"	"Всего"	"1"	"Всего"	"1"	"20 558 293 000 000"
"Объем выполненных строительных работ (услуг)(Тысяч тенге казахских)"	"2016 год"	"201612"	"МУНАЙЛИНСКИЙ РАЙОН"	"14116"	"Всего"	"1"	"Всего"	"1"	"Всего"	"1"	"18 967 847 000 000"
"Объем выполненных строительных работ (услуг)(Тысяч тенге казахских)"	"2018 год"	"201812"	"МУНАЙЛИНСКИЙ РАЙОН"	"14116"	"Всего"	"1"	"Всего"	"1"	"Всего"	"1"	"8 727 083 000 000"
"Объем выполненных строительных работ (услуг)(Тысяч тенге казахских)"	"2019 год"	"201912"	"МУНАЙЛИНСКИЙ РАЙОН"	"14116"	"Всего"	"1"	"Всего"	"1"	"Всего"	"1"	"5 845 933 000 000"
"Объем выполненных строительных работ (услуг)(Тысяч тенге казахских)"	"2020 год"	"202012"	"МУНАЙЛИНСКИЙ РАЙОН"	"14116"	"Всего"	"1"	"Всего"	"1"	"Всего"	"1"	"5 311 189 000 000"
"Объем выполненных строительных работ (услуг)(Тысяч тенге казахских)"	"2021 год"	"202112"	"МУНАЙЛИНСКИЙ РАЙОН"	"14116"	"Всего"	"1"	"Всего"	"1"	"Всего"	"1"	"7 334 042 000 000"
"Объем выполненных строительных работ (услуг)(Тысяч тенге казахских)"	"2022 год"	"202212"	"МУНАЙЛИНСКИЙ РАЙОН"	"14116"	"Всего"	"1"	"Всего"	"1"	"Всего"	"1"	"8 476 819 000 000"
"Объем выполненных строительных работ (услуг)(Тысяч тенге казахских)"	"2017 год"	"201712"	"МУНАЙЛИНСКИЙ РАЙОН"	"14116"	"основной вид деятельности"	"2"	"Всего"	"1"	"Всего"	"1"	"14 468 082 000 000"
"Объем выполненных строительных работ (услуг)(Тысяч тенге казахских)"	"2016 год"	"201612"	"МУНАЙЛИНСКИЙ РАЙОН"	"14116"	"основной вид деятельности"	"2"	"Всего"	"1"	"Всего"	"1"	"18 962 393 000 000"
"Объем выполненных строительных работ (услуг)(Тысяч тенге казахских)"	"2018 год"	"201812"	"МУНАЙЛИНСКИЙ РАЙОН"	"14116"	"основной вид деятельности"	"2"	"Всего"	"1"	"Всего"	"1"	"7 983 560 000 000"
"Объем выполненных строительных работ (услуг)(Тысяч тенге казахских)"	"2019 год"	"201912"	"МУНАЙЛИНСКИЙ РАЙОН"	"14116"	"основной вид деятельности"	"2"	"Всего"	"1"	"Всего"	"1"	"5 845 933 000 000"
"Объем выполненных строительных работ (услуг)(Тысяч тенге казахских)"	"2020 год"	"202012"	"МУНАЙЛИНСКИЙ РАЙОН"	"14116"	"основной вид деятельности"	"2"	"Всего"	"1"	"Всего"	"1"	"5 285 700 000 000"
"Объем выполненных строительных работ (услуг)(Тысяч тенге казахских)"	"2021 год"	"202112"	"МУНАЙЛИНСКИЙ РАЙОН"	"14116"	"основной вид деятельности"	"2"	"Всего"	"1"	"Всего"	"1"	"7 075 505 000 000"
"Объем выполненных строительных работ (услуг)(Тысяч тенге казахских)"	"2022 год"	"202212"	"МУНАЙЛИНСКИЙ РАЙОН"	"14116"	"основной вид деятельности"	"2"	"Всего"	"1"	"Всего"	"1"	"8 468 123 000 000"
"Объем выполненных строительных работ (услуг)(Тысяч тенге казахских)"	"2017 год"	"201712"	"МУНАЙЛИНСКИЙ РАЙОН"	"14116"	"вторичный вид деятельности"	"3"	"Всего"	"1"	"Всего"	"1"	"6 090 211 000 000"
"Объем выполненных строительных работ (услуг)(Тысяч тенге казахских)"	"2016 год"	"201612"	"МУНАЙЛИНСКИЙ РАЙОН"	"14116"	"вторичный вид деятельности"	"3"	"Всего"	"1"	"Всего"	"1"	"5 454 000 000"
"Объем выполненных строительных работ (услуг)(Тысяч тенге казахских)"	"2018 год"	"201812"	"МУНАЙЛИНСКИЙ РАЙОН"	"14116"	"вторичный вид деятельности"	"3"	"Всего"	"1"	"Всего"	"1"	"743 523 000 000"
"Объем выполненных строительных работ (услуг)(Тысяч тенге казахских)"	"2020 год"	"202012"	"МУНАЙЛИНСКИЙ РАЙОН"	"14116"	"вторичный вид деятельности"	"3"	"Всего"	"1"	"Всего"	"1"	"25 489 000 000"
"Объем выполненных строительных работ (услуг)(Тысяч тенге казахских)"	"2021 год"	"202112"	"МУНАЙЛИНСКИЙ РАЙОН"	"14116"	"вторичный вид деятельности"	"3"	"Всего"	"1"	"Всего"	"1"	"258 537 000 000"
"Объем выполненных строительных работ (услуг)(Тысяч тенге казахских)"	"2022 год"	"202212"	"МУНАЙЛИНСКИЙ РАЙОН"	"14116"	"вторичный вид деятельности"	"3"	"Всего"	"1"	"Всего"	"1"	"8 696 000 000"
"Объем выполненных строительных работ (услуг)(Тысяч тенге казахских)"	"2017 год"	"201712"	"ТУПКАРАГАНСКИЙ РАЙОН"	"14135"	"Всего"	"1"	"Всего"	"1"	"Всего"	"1"	"9 725 394 000 000"
"Объем выполненных строительных работ (услуг)(Тысяч тенге казахских)"	"2016 год"	"201612"	"ТУПКАРАГАНСКИЙ РАЙОН"	"14135"	"Всего"	"1"	"Всего"	"1"	"Всего"	"1"	"16 950 488 000 000"
"Объем выполненных строительных работ (услуг)(Тысяч тенге казахских)"	"2018 год"	"201812"	"ТУПКАРАГАНСКИЙ РАЙОН"	"14135"	"Всего"	"1"	"Всего"	"1"	"Всего"	"1"	"11 251 140 000 000"
"Объем выполненных строительных работ (услуг)(Тысяч тенге казахских)"	"2019 год"	"201912"	"ТУПКАРАГАНСКИЙ РАЙОН"	"14135"	"Всего"	"1"	"Всего"	"1"	"Всего"	"1"	"18 799 871 000 000"
"Объем выполненных строительных работ (услуг)(Тысяч тенге казахских)"	"2020 год"	"202012"	"ТУПКАРАГАНСКИЙ РАЙОН"	"14135"	"Всего"	"1"	"Всего"	"1"	"Всего"	"1"	"17 270 422 000 000"
"Объем выполненных строительных работ (услуг)(Тысяч тенге казахских)"	"2021 год"	"202112"	"ТУПКАРАГАНСКИЙ РАЙОН"	"14135"	"Всего"	"1"	"Всего"	"1"	"Всего"	"1"	"20 617 665 000 000"
"Объем выполненных строительных работ (услуг)(Тысяч тенге казахских)"	"2022 год"	"202212"	"ТУПКАРАГАНСКИЙ РАЙОН"	"14135"	"Всего"	"1"	"Всего"	"1"	"Всего"	"1"	"12 131 261 000 000"
"Объем выполненных строительных работ (услуг)(Тысяч тенге казахских)"	"2017 год"	"201712"	"ТУПКАРАГАНСКИЙ РАЙОН"	"14135"	"основной вид деятельности"	"2"	"Всего"	"1"	"Всего"	"1"	"8 490 834 000 000"
"Объем выполненных строительных работ (услуг)(Тысяч тенге казахских)"	"2016 год"	"201612"	"ТУПКАРАГАНСКИЙ РАЙОН"	"14135"	"основной вид деятельности"	"2"	"Всего"	"1"	"Всего"	"1"	"16 806 638 000 000"
"Объем выполненных строительных работ (услуг)(Тысяч тенге казахских)"	"2018 год"	"201812"	"ТУПКАРАГАНСКИЙ РАЙОН"	"14135"	"основной вид деятельности"	"2"	"Всего"	"1"	"Всего"	"1"	"8 534 863 000 000"
"Объем выполненных строительных работ (услуг)(Тысяч тенге казахских)"	"2019 год"	"201912"	"ТУПКАРАГАНСКИЙ РАЙОН"	"14135"	"основной вид деятельности"	"2"	"Всего"	"1"	"Всего"	"1"	"12 431 640 000 000"
"Объем выполненных строительных работ (услуг)(Тысяч тенге казахских)"	"2020 год"	"202012"	"ТУПКАРАГАНСКИЙ РАЙОН"	"14135"	"основной вид деятельности"	"2"	"Всего"	"1"	"Всего"	"1"	"15 094 886 000 000"
"Объем выполненных строительных работ (услуг)(Тысяч тенге казахских)"	"2021 год"	"202112"	"ТУПКАРАГАНСКИЙ РАЙОН"	"14135"	"основной вид деятельности"	"2"	"Всего"	"1"	"Всего"	"1"	"16 406 320 000 000"
"Объем выполненных строительных работ (услуг)(Тысяч тенге казахских)"	"2022 год"	"202212"	"ТУПКАРАГАНСКИЙ РАЙОН"	"14135"	"основной вид деятельности"	"2"	"Всего"	"1"	"Всего"	"1"	"10 237 287 000 000"
"Объем выполненных строительных работ (услуг)(Тысяч тенге казахских)"	"2017 год"	"201712"	"ТУПКАРАГАНСКИЙ РАЙОН"	"14135"	"вторичный вид деятельности"	"3"	"Всего"	"1"	"Всего"	"1"	"1 234 560 000 000"
"Объем выполненных строительных работ (услуг)(Тысяч тенге казахских)"	"2016 год"	"201612"	"ТУПКАРАГАНСКИЙ РАЙОН"	"14135"	"вторичный вид деятельности"	"3"	"Всего"	"1"	"Всего"	"1"	"143 850 000 000"
"Объем выполненных строительных работ (услуг)(Тысяч тенге казахских)"	"2018 год"	"201812"	"ТУПКАРАГАНСКИЙ РАЙОН"	"14135"	"вторичный вид деятельности"	"3"	"Всего"	"1"	"Всего"	"1"	"2 716 277 000 000"
"Объем выполненных строительных работ (услуг)(Тысяч тенге казахских)"	"2019 год"	"201912"	"ТУПКАРАГАНСКИЙ РАЙОН"	"14135"	"вторичный вид деятельности"	"3"	"Всего"	"1"	"Всего"	"1"	"6 368 231 000 000"
"Объем выполненных строительных работ (услуг)(Тысяч тенге казахских)"	"2020 год"	"202012"	"ТУПКАРАГАНСКИЙ РАЙОН"	"14135"	"вторичный вид деятельности"	"3"	"Всего"	"1"	"Всего"	"1"	"2 175 536 000 000"
"Объем выполненных строительных работ (услуг)(Тысяч тенге казахских)"	"2021 год"	"202112"	"ТУПКАРАГАНСКИЙ РАЙОН"	"14135"	"вторичный вид деятельности"	"3"	"Всего"	"1"	"Всего"	"1"	"4 211 345 000 000"
"Объем выполненных строительных работ (услуг)(Тысяч тенге казахских)"	"2022 год"	"202212"	"ТУПКАРАГАНСКИЙ РАЙОН"	"14135"	"вторичный вид деятельности"	"3"	"Всего"	"1"	"Всего"	"1"	"1 893 974 000 000"
"Объем выполненных строительных работ (услуг)(Тысяч тенге казахских)"	"2017 год"	"201712"	"ЮЖНО-КАЗАХСТАНСКАЯ ОБЛАСТЬ"	"14242"	"Всего"	"1"	"Всего"	"1"	"Всего"	"1"	"237 960 344 000 000"
"Объем выполненных строительных работ (услуг)(Тысяч тенге казахских)"	"2016 год"	"201612"	"ЮЖНО-КАЗАХСТАНСКАЯ ОБЛАСТЬ"	"14242"	"Всего"	"1"	"Всего"	"1"	"Всего"	"1"	"215 055 677 000 000"
"Объем выполненных строительных работ (услуг)(Тысяч тенге казахских)"	"2017 год"	"201712"	"ЮЖНО-КАЗАХСТАНСКАЯ ОБЛАСТЬ"	"14242"	"основной вид деятельности"	"2"	"Всего"	"1"	"Всего"	"1"	"219 300 278 000 000"
"Объем выполненных строительных работ (услуг)(Тысяч тенге казахских)"	"2016 год"	"201612"	"ЮЖНО-КАЗАХСТАНСКАЯ ОБЛАСТЬ"	"14242"	"основной вид деятельности"	"2"	"Всего"	"1"	"Всего"	"1"	"198 025 943 000 000"
"Объем выполненных строительных работ (услуг)(Тысяч тенге казахских)"	"2017 год"	"201712"	"ЮЖНО-КАЗАХСТАНСКАЯ ОБЛАСТЬ"	"14242"	"вторичный вид деятельности"	"3"	"Всего"	"1"	"Всего"	"1"	"18 660 066 000 000"
"Объем выполненных строительных работ (услуг)(Тысяч тенге казахских)"	"2016 год"	"201612"	"ЮЖНО-КАЗАХСТАНСКАЯ ОБЛАСТЬ"	"14242"	"вторичный вид деятельности"	"3"	"Всего"	"1"	"Всего"	"1"	"17 029 734 000 000"
"Объем выполненных строительных работ (услуг)(Тысяч тенге казахских)"	"2017 год"	"201712"	"ШЫМКЕНТ Г.А."	"14243"	"Всего"	"1"	"Всего"	"1"	"Всего"	"1"	"107 201 459 000 000"
"Объем выполненных строительных работ (услуг)(Тысяч тенге казахских)"	"2016 год"	"201612"	"ШЫМКЕНТ Г.А."	"14243"	"Всего"	"1"	"Всего"	"1"	"Всего"	"1"	"95 937 233 000 000"
"Объем выполненных строительных работ (услуг)(Тысяч тенге казахских)"	"2017 год"	"201712"	"ШЫМКЕНТ Г.А."	"14243"	"основной вид деятельности"	"2"	"Всего"	"1"	"Всего"	"1"	"98 744 128 000 000"
"Объем выполненных строительных работ (услуг)(Тысяч тенге казахских)"	"2016 год"	"201612"	"ШЫМКЕНТ Г.А."	"14243"	"основной вид деятельности"	"2"	"Всего"	"1"	"Всего"	"1"	"93 066 173 000 000"
"Объем выполненных строительных работ (услуг)(Тысяч тенге казахских)"	"2017 год"	"201712"	"ШЫМКЕНТ Г.А."	"14243"	"вторичный вид деятельности"	"3"	"Всего"	"1"	"Всего"	"1"	"8 457 331 000 000"
"Объем выполненных строительных работ (услуг)(Тысяч тенге казахских)"	"2016 год"	"201612"	"ШЫМКЕНТ Г.А."	"14243"	"вторичный вид деятельности"	"3"	"Всего"	"1"	"Всего"	"1"	"2 871 060 000 000"
"Объем выполненных строительных работ (услуг)(Тысяч тенге казахских)"	"2017 год"	"201712"	"АРЫСЬ Г.А."	"14252"	"Всего"	"1"	"Всего"	"1"	"Всего"	"1"	"5 827 344 000 000"
"Объем выполненных строительных работ (услуг)(Тысяч тенге казахских)"	"2016 год"	"201612"	"АРЫСЬ Г.А."	"14252"	"Всего"	"1"	"Всего"	"1"	"Всего"	"1"	"5 586 819 000 000"
"Объем выполненных строительных работ (услуг)(Тысяч тенге казахских)"	"2017 год"	"201712"	"АРЫСЬ Г.А."	"14252"	"основной вид деятельности"	"2"	"Всего"	"1"	"Всего"	"1"	"5 761 824 000 000"
"Объем выполненных строительных работ (услуг)(Тысяч тенге казахских)"	"2016 год"	"201612"	"АРЫСЬ Г.А."	"14252"	"основной вид деятельности"	"2"	"Всего"	"1"	"Всего"	"1"	"3 816 795 000 000"
"Объем выполненных строительных работ (услуг)(Тысяч тенге казахских)"	"2017 год"	"201712"	"АРЫСЬ Г.А."	"14252"	"вторичный вид деятельности"	"3"	"Всего"	"1"	"Всего"	"1"	"65 520 000 000"
"Объем выполненных строительных работ (услуг)(Тысяч тенге казахских)"	"2016 год"	"201612"	"АРЫСЬ Г.А."	"14252"	"вторичный вид деятельности"	"3"	"Всего"	"1"	"Всего"	"1"	"1 770 024 000 000"
"Объем выполненных строительных работ (услуг)(Тысяч тенге казахских)"	"2017 год"	"201712"	"КЕНТАУ Г.А."	"14294"	"Всего"	"1"	"Всего"	"1"	"Всего"	"1"	"3 640 441 000 000"
"Объем выполненных строительных работ (услуг)(Тысяч тенге казахских)"	"2016 год"	"201612"	"КЕНТАУ Г.А."	"14294"	"Всего"	"1"	"Всего"	"1"	"Всего"	"1"	"3 491 515 000 000"
"Объем выполненных строительных работ (услуг)(Тысяч тенге казахских)"	"2017 год"	"201712"	"КЕНТАУ Г.А."	"14294"	"основной вид деятельности"	"2"	"Всего"	"1"	"Всего"	"1"	"3 553 363 000 000"
"Объем выполненных строительных работ (услуг)(Тысяч тенге казахских)"	"2016 год"	"201612"	"КЕНТАУ Г.А."	"14294"	"основной вид деятельности"	"2"	"Всего"	"1"	"Всего"	"1"	"3 277 269 000 000"
"Объем выполненных строительных работ (услуг)(Тысяч тенге казахских)"	"2017 год"	"201712"	"КЕНТАУ Г.А."	"14294"	"вторичный вид деятельности"	"3"	"Всего"	"1"	"Всего"	"1"	"87 078 000 000"
"Объем выполненных строительных работ (услуг)(Тысяч тенге казахских)"	"2016 год"	"201612"	"КЕНТАУ Г.А."	"14294"	"вторичный вид деятельности"	"3"	"Всего"	"1"	"Всего"	"1"	"214 246 000 000"
"Объем выполненных строительных работ (услуг)(Тысяч тенге казахских)"	"2017 год"	"201712"	"ТУРКЕСТАН Г.А."	"14307"	"Всего"	"1"	"Всего"	"1"	"Всего"	"1"	"13 294 362 000 000"
"Объем выполненных строительных работ (услуг)(Тысяч тенге казахских)"	"2016 год"	"201612"	"ТУРКЕСТАН Г.А."	"14307"	"Всего"	"1"	"Всего"	"1"	"Всего"	"1"	"11 873 509 000 000"
"Объем выполненных строительных работ (услуг)(Тысяч тенге казахских)"	"2017 год"	"201712"	"ТУРКЕСТАН Г.А."	"14307"	"основной вид деятельности"	"2"	"Всего"	"1"	"Всего"	"1"	"10 042 372 000 000"
"Объем выполненных строительных работ (услуг)(Тысяч тенге казахских)"	"2016 год"	"201612"	"ТУРКЕСТАН Г.А."	"14307"	"основной вид деятельности"	"2"	"Всего"	"1"	"Всего"	"1"	"10 306 120 000 000"
"Объем выполненных строительных работ (услуг)(Тысяч тенге казахских)"	"2017 год"	"201712"	"ТУРКЕСТАН Г.А."	"14307"	"вторичный вид деятельности"	"3"	"Всего"	"1"	"Всего"	"1"	"3 251 990 000 000"
"Объем выполненных строительных работ (услуг)(Тысяч тенге казахских)"	"2016 год"	"201612"	"ТУРКЕСТАН Г.А."	"14307"	"вторичный вид деятельности"	"3"	"Всего"	"1"	"Всего"	"1"	"1 567 389 000 000"
"Объем выполненных строительных работ (услуг)(Тысяч тенге казахских)"	"2017 год"	"201712"	"РАЙОН БАЙДИБЕКА"	"14412"	"Всего"	"1"	"Всего"	"1"	"Всего"	"1"	"12 419 448 000 000"
"Объем выполненных строительных работ (услуг)(Тысяч тенге казахских)"	"2016 год"	"201612"	"РАЙОН БАЙДИБЕКА"	"14412"	"Всего"	"1"	"Всего"	"1"	"Всего"	"1"	"5 868 461 000 000"
"Объем выполненных строительных работ (услуг)(Тысяч тенге казахских)"	"2017 год"	"201712"	"РАЙОН БАЙДИБЕКА"	"14412"	"основной вид деятельности"	"2"	"Всего"	"1"	"Всего"	"1"	"12 413 520 000 000"
"Объем выполненных строительных работ (услуг)(Тысяч тенге казахских)"	"2016 год"	"201612"	"РАЙОН БАЙДИБЕКА"	"14412"	"основной вид деятельности"	"2"	"Всего"	"1"	"Всего"	"1"	"5 868 461 000 000"
"Объем выполненных строительных работ (услуг)(Тысяч тенге казахских)"	"2017 год"	"201712"	"РАЙОН БАЙДИБЕКА"	"14412"	"вторичный вид деятельности"	"3"	"Всего"	"1"	"Всего"	"1"	"5 928 000 000"
"Объем выполненных строительных работ (услуг)(Тысяч тенге казахских)"	"2017 год"	"201712"	"КАЗЫГУРТСКИЙ РАЙОН"	"14503"	"Всего"	"1"	"Всего"	"1"	"Всего"	"1"	"13 128 412 000 000"
"Объем выполненных строительных работ (услуг)(Тысяч тенге казахских)"	"2016 год"	"201612"	"КАЗЫГУРТСКИЙ РАЙОН"	"14503"	"Всего"	"1"	"Всего"	"1"	"Всего"	"1"	"12 316 220 000 000"
"Объем выполненных строительных работ (услуг)(Тысяч тенге казахских)"	"2017 год"	"201712"	"КАЗЫГУРТСКИЙ РАЙОН"	"14503"	"основной вид деятельности"	"2"	"Всего"	"1"	"Всего"	"1"	"12 205 700 000 000"
"Объем выполненных строительных работ (услуг)(Тысяч тенге казахских)"	"2016 год"	"201612"	"КАЗЫГУРТСКИЙ РАЙОН"	"14503"	"основной вид деятельности"	"2"	"Всего"	"1"	"Всего"	"1"	"11 762 270 000 000"
"Объем выполненных строительных работ (услуг)(Тысяч тенге казахских)"	"2017 год"	"201712"	"КАЗЫГУРТСКИЙ РАЙОН"	"14503"	"вторичный вид деятельности"	"3"	"Всего"	"1"	"Всего"	"1"	"922 712 000 000"
"Объем выполненных строительных работ (услуг)(Тысяч тенге казахских)"	"2016 год"	"201612"	"КАЗЫГУРТСКИЙ РАЙОН"	"14503"	"вторичный вид деятельности"	"3"	"Всего"	"1"	"Всего"	"1"	"553 950 000 000"
"Объем выполненных строительных работ (услуг)(Тысяч тенге казахских)"	"2017 год"	"201712"	"МАКТААРАЛЬСКИЙ РАЙОН"	"14847"	"Всего"	"1"	"Всего"	"1"	"Всего"	"1"	"8 958 950 000 000"
"Объем выполненных строительных работ (услуг)(Тысяч тенге казахских)"	"2016 год"	"201612"	"МАКТААРАЛЬСКИЙ РАЙОН"	"14847"	"Всего"	"1"	"Всего"	"1"	"Всего"	"1"	"8 572 917 000 000"
"Объем выполненных строительных работ (услуг)(Тысяч тенге казахских)"	"2017 год"	"201712"	"МАКТААРАЛЬСКИЙ РАЙОН"	"14847"	"основной вид деятельности"	"2"	"Всего"	"1"	"Всего"	"1"	"8 165 031 000 000"
"Объем выполненных строительных работ (услуг)(Тысяч тенге казахских)"	"2016 год"	"201612"	"МАКТААРАЛЬСКИЙ РАЙОН"	"14847"	"основной вид деятельности"	"2"	"Всего"	"1"	"Всего"	"1"	"7 339 512 000 000"
"Объем выполненных строительных работ (услуг)(Тысяч тенге казахских)"	"2017 год"	"201712"	"МАКТААРАЛЬСКИЙ РАЙОН"	"14847"	"вторичный вид деятельности"	"3"	"Всего"	"1"	"Всего"	"1"	"793 919 000 000"
"Объем выполненных строительных работ (услуг)(Тысяч тенге казахских)"	"2016 год"	"201612"	"МАКТААРАЛЬСКИЙ РАЙОН"	"14847"	"вторичный вид деятельности"	"3"	"Всего"	"1"	"Всего"	"1"	"1 233 405 000 000"
"Объем выполненных строительных работ (услуг)(Тысяч тенге казахских)"	"2017 год"	"201712"	"ОРДАБАСЫНСКИЙ РАЙОН"	"15056"	"Всего"	"1"	"Всего"	"1"	"Всего"	"1"	"7 054 543 000 000"
"Объем выполненных строительных работ (услуг)(Тысяч тенге казахских)"	"2016 год"	"201612"	"ОРДАБАСЫНСКИЙ РАЙОН"	"15056"	"Всего"	"1"	"Всего"	"1"	"Всего"	"1"	"5 882 872 000 000"
"Объем выполненных строительных работ (услуг)(Тысяч тенге казахских)"	"2017 год"	"201712"	"ОРДАБАСЫНСКИЙ РАЙОН"	"15056"	"основной вид деятельности"	"2"	"Всего"	"1"	"Всего"	"1"	"6 420 425 000 000"
"Объем выполненных строительных работ (услуг)(Тысяч тенге казахских)"	"2016 год"	"201612"	"ОРДАБАСЫНСКИЙ РАЙОН"	"15056"	"основной вид деятельности"	"2"	"Всего"	"1"	"Всего"	"1"	"5 879 490 000 000"
"Объем выполненных строительных работ (услуг)(Тысяч тенге казахских)"	"2017 год"	"201712"	"ОРДАБАСЫНСКИЙ РАЙОН"	"15056"	"вторичный вид деятельности"	"3"	"Всего"	"1"	"Всего"	"1"	"634 118 000 000"
"Объем выполненных строительных работ (услуг)(Тысяч тенге казахских)"	"2016 год"	"201612"	"ОРДАБАСЫНСКИЙ РАЙОН"	"15056"	"вторичный вид деятельности"	"3"	"Всего"	"1"	"Всего"	"1"	"3 382 000 000"
"Объем выполненных строительных работ (услуг)(Тысяч тенге казахских)"	"2017 год"	"201712"	"ОТРАРСКИЙ РАЙОН"	"15126"	"Всего"	"1"	"Всего"	"1"	"Всего"	"1"	"4 896 547 000 000"
"Объем выполненных строительных работ (услуг)(Тысяч тенге казахских)"	"2016 год"	"201612"	"ОТРАРСКИЙ РАЙОН"	"15126"	"Всего"	"1"	"Всего"	"1"	"Всего"	"1"	"4 772 409 000 000"
"Объем выполненных строительных работ (услуг)(Тысяч тенге казахских)"	"2017 год"	"201712"	"ОТРАРСКИЙ РАЙОН"	"15126"	"основной вид деятельности"	"2"	"Всего"	"1"	"Всего"	"1"	"4 639 420 000 000"
"Объем выполненных строительных работ (услуг)(Тысяч тенге казахских)"	"2016 год"	"201612"	"ОТРАРСКИЙ РАЙОН"	"15126"	"основной вид деятельности"	"2"	"Всего"	"1"	"Всего"	"1"	"4 765 792 000 000"
"Объем выполненных строительных работ (услуг)(Тысяч тенге казахских)"	"2017 год"	"201712"	"ОТРАРСКИЙ РАЙОН"	"15126"	"вторичный вид деятельности"	"3"	"Всего"	"1"	"Всего"	"1"	"257 127 000 000"
"Объем выполненных строительных работ (услуг)(Тысяч тенге казахских)"	"2016 год"	"201612"	"ОТРАРСКИЙ РАЙОН"	"15126"	"вторичный вид деятельности"	"3"	"Всего"	"1"	"Всего"	"1"	"6 617 000 000"
"Объем выполненных строительных работ (услуг)(Тысяч тенге казахских)"	"2017 год"	"201712"	"САЙРАМСКИЙ РАЙОН"	"15212"	"Всего"	"1"	"Всего"	"1"	"Всего"	"1"	"10 838 581 000 000"
"Объем выполненных строительных работ (услуг)(Тысяч тенге казахских)"	"2016 год"	"201612"	"САЙРАМСКИЙ РАЙОН"	"15212"	"Всего"	"1"	"Всего"	"1"	"Всего"	"1"	"9 682 599 000 000"
"Объем выполненных строительных работ (услуг)(Тысяч тенге казахских)"	"2017 год"	"201712"	"САЙРАМСКИЙ РАЙОН"	"15212"	"основной вид деятельности"	"2"	"Всего"	"1"	"Всего"	"1"	"10 820 580 000 000"
"Объем выполненных строительных работ (услуг)(Тысяч тенге казахских)"	"2016 год"	"201612"	"САЙРАМСКИЙ РАЙОН"	"15212"	"основной вид деятельности"	"2"	"Всего"	"1"	"Всего"	"1"	"9 682 599 000 000"
"Объем выполненных строительных работ (услуг)(Тысяч тенге казахских)"	"2017 год"	"201712"	"САЙРАМСКИЙ РАЙОН"	"15212"	"вторичный вид деятельности"	"3"	"Всего"	"1"	"Всего"	"1"	"18 001 000 000"
"Объем выполненных строительных работ (услуг)(Тысяч тенге казахских)"	"2017 год"	"201712"	"САРЫАГАШСКИЙ РАЙОН"	"15331"	"Всего"	"1"	"Всего"	"1"	"Всего"	"1"	"18 950 430 000 000"
"Объем выполненных строительных работ (услуг)(Тысяч тенге казахских)"	"2016 год"	"201612"	"САРЫАГАШСКИЙ РАЙОН"	"15331"	"Всего"	"1"	"Всего"	"1"	"Всего"	"1"	"17 846 823 000 000"
"Объем выполненных строительных работ (услуг)(Тысяч тенге казахских)"	"2017 год"	"201712"	"САРЫАГАШСКИЙ РАЙОН"	"15331"	"основной вид деятельности"	"2"	"Всего"	"1"	"Всего"	"1"	"18 372 932 000 000"
"Объем выполненных строительных работ (услуг)(Тысяч тенге казахских)"	"2016 год"	"201612"	"САРЫАГАШСКИЙ РАЙОН"	"15331"	"основной вид деятельности"	"2"	"Всего"	"1"	"Всего"	"1"	"16 033 002 000 000"
"Объем выполненных строительных работ (услуг)(Тысяч тенге казахских)"	"2017 год"	"201712"	"САРЫАГАШСКИЙ РАЙОН"	"15331"	"вторичный вид деятельности"	"3"	"Всего"	"1"	"Всего"	"1"	"577 498 000 000"
"Объем выполненных строительных работ (услуг)(Тысяч тенге казахских)"	"2016 год"	"201612"	"САРЫАГАШСКИЙ РАЙОН"	"15331"	"вторичный вид деятельности"	"3"	"Всего"	"1"	"Всего"	"1"	"1 813 821 000 000"
"Объем выполненных строительных работ (услуг)(Тысяч тенге казахских)"	"2017 год"	"201712"	"СУЗАКСКИЙ РАЙОН"	"15511"	"Всего"	"1"	"Всего"	"1"	"Всего"	"1"	"11 374 709 000 000"
"Объем выполненных строительных работ (услуг)(Тысяч тенге казахских)"	"2016 год"	"201612"	"СУЗАКСКИЙ РАЙОН"	"15511"	"Всего"	"1"	"Всего"	"1"	"Всего"	"1"	"10 771 477 000 000"
"Объем выполненных строительных работ (услуг)(Тысяч тенге казахских)"	"2017 год"	"201712"	"СУЗАКСКИЙ РАЙОН"	"15511"	"основной вид деятельности"	"2"	"Всего"	"1"	"Всего"	"1"	"10 651 436 000 000"
"Объем выполненных строительных работ (услуг)(Тысяч тенге казахских)"	"2016 год"	"201612"	"СУЗАКСКИЙ РАЙОН"	"15511"	"основной вид деятельности"	"2"	"Всего"	"1"	"Всего"	"1"	"9 733 382 000 000"
"Объем выполненных строительных работ (услуг)(Тысяч тенге казахских)"	"2017 год"	"201712"	"СУЗАКСКИЙ РАЙОН"	"15511"	"вторичный вид деятельности"	"3"	"Всего"	"1"	"Всего"	"1"	"723 273 000 000"
"Объем выполненных строительных работ (услуг)(Тысяч тенге казахских)"	"2016 год"	"201612"	"СУЗАКСКИЙ РАЙОН"	"15511"	"вторичный вид деятельности"	"3"	"Всего"	"1"	"Всего"	"1"	"1 038 095 000 000"
"Объем выполненных строительных работ (услуг)(Тысяч тенге казахских)"	"2017 год"	"201712"	"ТОЛЕБИЙСКИЙ РАЙОН"	"15562"	"Всего"	"1"	"Всего"	"1"	"Всего"	"1"	"4 512 773 000 000"
"Объем выполненных строительных работ (услуг)(Тысяч тенге казахских)"	"2016 год"	"201612"	"ТОЛЕБИЙСКИЙ РАЙОН"	"15562"	"Всего"	"1"	"Всего"	"1"	"Всего"	"1"	"3 546 812 000 000"
"Объем выполненных строительных работ (услуг)(Тысяч тенге казахских)"	"2017 год"	"201712"	"ТОЛЕБИЙСКИЙ РАЙОН"	"15562"	"основной вид деятельности"	"2"	"Всего"	"1"	"Всего"	"1"	"4 469 968 000 000"
"Объем выполненных строительных работ (услуг)(Тысяч тенге казахских)"	"2016 год"	"201612"	"ТОЛЕБИЙСКИЙ РАЙОН"	"15562"	"основной вид деятельности"	"2"	"Всего"	"1"	"Всего"	"1"	"3 546 812 000 000"
"Объем выполненных строительных работ (услуг)(Тысяч тенге казахских)"	"2017 год"	"201712"	"ТОЛЕБИЙСКИЙ РАЙОН"	"15562"	"вторичный вид деятельности"	"3"	"Всего"	"1"	"Всего"	"1"	"42 805 000 000"
"Объем выполненных строительных работ (услуг)(Тысяч тенге казахских)"	"2017 год"	"201712"	"ТЮЛЬКУБАССКИЙ РАЙОН"	"15639"	"Всего"	"1"	"Всего"	"1"	"Всего"	"1"	"10 851 775 000 000"
"Объем выполненных строительных работ (услуг)(Тысяч тенге казахских)"	"2016 год"	"201612"	"ТЮЛЬКУБАССКИЙ РАЙОН"	"15639"	"Всего"	"1"	"Всего"	"1"	"Всего"	"1"	"12 167 776 000 000"
"Объем выполненных строительных работ (услуг)(Тысяч тенге казахских)"	"2017 год"	"201712"	"ТЮЛЬКУБАССКИЙ РАЙОН"	"15639"	"основной вид деятельности"	"2"	"Всего"	"1"	"Всего"	"1"	"9 008 613 000 000"
"Объем выполненных строительных работ (услуг)(Тысяч тенге казахских)"	"2016 год"	"201612"	"ТЮЛЬКУБАССКИЙ РАЙОН"	"15639"	"основной вид деятельности"	"2"	"Всего"	"1"	"Всего"	"1"	"6 210 031 000 000"
"Объем выполненных строительных работ (услуг)(Тысяч тенге казахских)"	"2017 год"	"201712"	"ТЮЛЬКУБАССКИЙ РАЙОН"	"15639"	"вторичный вид деятельности"	"3"	"Всего"	"1"	"Всего"	"1"	"1 843 162 000 000"
"Объем выполненных строительных работ (услуг)(Тысяч тенге казахских)"	"2016 год"	"201612"	"ТЮЛЬКУБАССКИЙ РАЙОН"	"15639"	"вторичный вид деятельности"	"3"	"Всего"	"1"	"Всего"	"1"	"5 957 745 000 000"
"Объем выполненных строительных работ (услуг)(Тысяч тенге казахских)"	"2017 год"	"201712"	"ШАРДАРИНСКИЙ РАЙОН"	"15723"	"Всего"	"1"	"Всего"	"1"	"Всего"	"1"	"5 010 570 000 000"
"Объем выполненных строительных работ (услуг)(Тысяч тенге казахских)"	"2016 год"	"201612"	"ШАРДАРИНСКИЙ РАЙОН"	"15723"	"Всего"	"1"	"Всего"	"1"	"Всего"	"1"	"6 738 235 000 000"
"Объем выполненных строительных работ (услуг)(Тысяч тенге казахских)"	"2017 год"	"201712"	"ШАРДАРИНСКИЙ РАЙОН"	"15723"	"основной вид деятельности"	"2"	"Всего"	"1"	"Всего"	"1"	"4 030 966 000 000"
"Объем выполненных строительных работ (услуг)(Тысяч тенге казахских)"	"2016 год"	"201612"	"ШАРДАРИНСКИЙ РАЙОН"	"15723"	"основной вид деятельности"	"2"	"Всего"	"1"	"Всего"	"1"	"6 738 235 000 000"
"Объем выполненных строительных работ (услуг)(Тысяч тенге казахских)"	"2017 год"	"201712"	"ШАРДАРИНСКИЙ РАЙОН"	"15723"	"вторичный вид деятельности"	"3"	"Всего"	"1"	"Всего"	"1"	"979 604 000 000"
"Объем выполненных строительных работ (услуг)(Тысяч тенге казахских)"	"2017 год"	"201712"	"ПАВЛОДАРСКАЯ ОБЛАСТЬ"	"15784"	"Всего"	"1"	"Всего"	"1"	"Всего"	"1"	"182 252 043 000 000"
"Объем выполненных строительных работ (услуг)(Тысяч тенге казахских)"	"2016 год"	"201612"	"ПАВЛОДАРСКАЯ ОБЛАСТЬ"	"15784"	"Всего"	"1"	"Всего"	"1"	"Всего"	"1"	"169 427 767 000 000"
"Объем выполненных строительных работ (услуг)(Тысяч тенге казахских)"	"2018 год"	"201812"	"ПАВЛОДАРСКАЯ ОБЛАСТЬ"	"15784"	"Всего"	"1"	"Всего"	"1"	"Всего"	"1"	"198 025 244 000 000"
"Объем выполненных строительных работ (услуг)(Тысяч тенге казахских)"	"2019 год"	"201912"	"ПАВЛОДАРСКАЯ ОБЛАСТЬ"	"15784"	"Всего"	"1"	"Всего"	"1"	"Всего"	"1"	"208 055 024 000 000"
"Объем выполненных строительных работ (услуг)(Тысяч тенге казахских)"	"2020 год"	"202012"	"ПАВЛОДАРСКАЯ ОБЛАСТЬ"	"15784"	"Всего"	"1"	"Всего"	"1"	"Всего"	"1"	"219 481 911 000 000"
"Объем выполненных строительных работ (услуг)(Тысяч тенге казахских)"	"2021 год"	"202112"	"ПАВЛОДАРСКАЯ ОБЛАСТЬ"	"15784"	"Всего"	"1"	"Всего"	"1"	"Всего"	"1"	"256 681 241 000 000"
"Объем выполненных строительных работ (услуг)(Тысяч тенге казахских)"	"2022 год"	"202212"	"ПАВЛОДАРСКАЯ ОБЛАСТЬ"	"15784"	"Всего"	"1"	"Всего"	"1"	"Всего"	"1"	"289 154 245 000 000"
"Объем выполненных строительных работ (услуг)(Тысяч тенге казахских)"	"2017 год"	"201712"	"ПАВЛОДАРСКАЯ ОБЛАСТЬ"	"15784"	"основной вид деятельности"	"2"	"Всего"	"1"	"Всего"	"1"	"149 711 192 000 000"
"Объем выполненных строительных работ (услуг)(Тысяч тенге казахских)"	"2016 год"	"201612"	"ПАВЛОДАРСКАЯ ОБЛАСТЬ"	"15784"	"основной вид деятельности"	"2"	"Всего"	"1"	"Всего"	"1"	"147 124 680 000 000"
"Объем выполненных строительных работ (услуг)(Тысяч тенге казахских)"	"2018 год"	"201812"	"ПАВЛОДАРСКАЯ ОБЛАСТЬ"	"15784"	"основной вид деятельности"	"2"	"Всего"	"1"	"Всего"	"1"	"154 187 292 000 000"
"Объем выполненных строительных работ (услуг)(Тысяч тенге казахских)"	"2019 год"	"201912"	"ПАВЛОДАРСКАЯ ОБЛАСТЬ"	"15784"	"основной вид деятельности"	"2"	"Всего"	"1"	"Всего"	"1"	"164 496 718 000 000"
"Объем выполненных строительных работ (услуг)(Тысяч тенге казахских)"	"2020 год"	"202012"	"ПАВЛОДАРСКАЯ ОБЛАСТЬ"	"15784"	"основной вид деятельности"	"2"	"Всего"	"1"	"Всего"	"1"	"186 016 069 000 000"
"Объем выполненных строительных работ (услуг)(Тысяч тенге казахских)"	"2021 год"	"202112"	"ПАВЛОДАРСКАЯ ОБЛАСТЬ"	"15784"	"основной вид деятельности"	"2"	"Всего"	"1"	"Всего"	"1"	"193 401 103 000 000"
"Объем выполненных строительных работ (услуг)(Тысяч тенге казахских)"	"2022 год"	"202212"	"ПАВЛОДАРСКАЯ ОБЛАСТЬ"	"15784"	"основной вид деятельности"	"2"	"Всего"	"1"	"Всего"	"1"	"246 356 856 000 000"
"Объем выполненных строительных работ (услуг)(Тысяч тенге казахских)"	"2017 год"	"201712"	"ПАВЛОДАРСКАЯ ОБЛАСТЬ"	"15784"	"вторичный вид деятельности"	"3"	"Всего"	"1"	"Всего"	"1"	"32 540 851 000 000"
"Объем выполненных строительных работ (услуг)(Тысяч тенге казахских)"	"2016 год"	"201612"	"ПАВЛОДАРСКАЯ ОБЛАСТЬ"	"15784"	"вторичный вид деятельности"	"3"	"Всего"	"1"	"Всего"	"1"	"22 303 087 000 000"
"Объем выполненных строительных работ (услуг)(Тысяч тенге казахских)"	"2018 год"	"201812"	"ПАВЛОДАРСКАЯ ОБЛАСТЬ"	"15784"	"вторичный вид деятельности"	"3"	"Всего"	"1"	"Всего"	"1"	"43 837 952 000 000"
"Объем выполненных строительных работ (услуг)(Тысяч тенге казахских)"	"2019 год"	"201912"	"ПАВЛОДАРСКАЯ ОБЛАСТЬ"	"15784"	"вторичный вид деятельности"	"3"	"Всего"	"1"	"Всего"	"1"	"43 558 306 000 000"
"Объем выполненных строительных работ (услуг)(Тысяч тенге казахских)"	"2020 год"	"202012"	"ПАВЛОДАРСКАЯ ОБЛАСТЬ"	"15784"	"вторичный вид деятельности"	"3"	"Всего"	"1"	"Всего"	"1"	"33 465 842 000 000"
"Объем выполненных строительных работ (услуг)(Тысяч тенге казахских)"	"2021 год"	"202112"	"ПАВЛОДАРСКАЯ ОБЛАСТЬ"	"15784"	"вторичный вид деятельности"	"3"	"Всего"	"1"	"Всего"	"1"	"63 280 138 000 000"
"Объем выполненных строительных работ (услуг)(Тысяч тенге казахских)"	"2022 год"	"202212"	"ПАВЛОДАРСКАЯ ОБЛАСТЬ"	"15784"	"вторичный вид деятельности"	"3"	"Всего"	"1"	"Всего"	"1"	"42 797 389 000 000"
"Объем выполненных строительных работ (услуг)(Тысяч тенге казахских)"	"2017 год"	"201712"	"ПАВЛОДАР Г.А."	"15785"	"Всего"	"1"	"Всего"	"1"	"Всего"	"1"	"106 697 953 000 000"
"Объем выполненных строительных работ (услуг)(Тысяч тенге казахских)"	"2016 год"	"201612"	"ПАВЛОДАР Г.А."	"15785"	"Всего"	"1"	"Всего"	"1"	"Всего"	"1"	"90 770 538 000 000"
"Объем выполненных строительных работ (услуг)(Тысяч тенге казахских)"	"2018 год"	"201812"	"ПАВЛОДАР Г.А."	"15785"	"Всего"	"1"	"Всего"	"1"	"Всего"	"1"	"65 679 295 000 000"
"Объем выполненных строительных работ (услуг)(Тысяч тенге казахских)"	"2019 год"	"201912"	"ПАВЛОДАР Г.А."	"15785"	"Всего"	"1"	"Всего"	"1"	"Всего"	"1"	"67 830 500 000 000"
"Объем выполненных строительных работ (услуг)(Тысяч тенге казахских)"	"2020 год"	"202012"	"ПАВЛОДАР Г.А."	"15785"	"Всего"	"1"	"Всего"	"1"	"Всего"	"1"	"68 104 532 000 000"
"Объем выполненных строительных работ (услуг)(Тысяч тенге казахских)"	"2021 год"	"202112"	"ПАВЛОДАР Г.А."	"15785"	"Всего"	"1"	"Всего"	"1"	"Всего"	"1"	"103 458 492 000 000"
"Объем выполненных строительных работ (услуг)(Тысяч тенге казахских)"	"2022 год"	"202212"	"ПАВЛОДАР Г.А."	"15785"	"Всего"	"1"	"Всего"	"1"	"Всего"	"1"	"116 051 585 000 000"
"Объем выполненных строительных работ (услуг)(Тысяч тенге казахских)"	"2017 год"	"201712"	"ПАВЛОДАР Г.А."	"15785"	"основной вид деятельности"	"2"	"Всего"	"1"	"Всего"	"1"	"96 624 332 000 000"
"Объем выполненных строительных работ (услуг)(Тысяч тенге казахских)"	"2016 год"	"201612"	"ПАВЛОДАР Г.А."	"15785"	"основной вид деятельности"	"2"	"Всего"	"1"	"Всего"	"1"	"82 149 176 000 000"
"Объем выполненных строительных работ (услуг)(Тысяч тенге казахских)"	"2018 год"	"201812"	"ПАВЛОДАР Г.А."	"15785"	"основной вид деятельности"	"2"	"Всего"	"1"	"Всего"	"1"	"56 105 765 000 000"
"Объем выполненных строительных работ (услуг)(Тысяч тенге казахских)"	"2019 год"	"201912"	"ПАВЛОДАР Г.А."	"15785"	"основной вид деятельности"	"2"	"Всего"	"1"	"Всего"	"1"	"58 364 431 000 000"
"Объем выполненных строительных работ (услуг)(Тысяч тенге казахских)"	"2020 год"	"202012"	"ПАВЛОДАР Г.А."	"15785"	"основной вид деятельности"	"2"	"Всего"	"1"	"Всего"	"1"	"60 534 856 000 000"
"Объем выполненных строительных работ (услуг)(Тысяч тенге казахских)"	"2021 год"	"202112"	"ПАВЛОДАР Г.А."	"15785"	"основной вид деятельности"	"2"	"Всего"	"1"	"Всего"	"1"	"78 793 692 000 000"
"Объем выполненных строительных работ (услуг)(Тысяч тенге казахских)"	"2022 год"	"202212"	"ПАВЛОДАР Г.А."	"15785"	"основной вид деятельности"	"2"	"Всего"	"1"	"Всего"	"1"	"108 741 706 000 000"
"Объем выполненных строительных работ (услуг)(Тысяч тенге казахских)"	"2017 год"	"201712"	"ПАВЛОДАР Г.А."	"15785"	"вторичный вид деятельности"	"3"	"Всего"	"1"	"Всего"	"1"	"10 073 621 000 000"
"Объем выполненных строительных работ (услуг)(Тысяч тенге казахских)"	"2016 год"	"201612"	"ПАВЛОДАР Г.А."	"15785"	"вторичный вид деятельности"	"3"	"Всего"	"1"	"Всего"	"1"	"8 621 362 000 000"
"Объем выполненных строительных работ (услуг)(Тысяч тенге казахских)"	"2018 год"	"201812"	"ПАВЛОДАР Г.А."	"15785"	"вторичный вид деятельности"	"3"	"Всего"	"1"	"Всего"	"1"	"9 573 530 000 000"
"Объем выполненных строительных работ (услуг)(Тысяч тенге казахских)"	"2019 год"	"201912"	"ПАВЛОДАР Г.А."	"15785"	"вторичный вид деятельности"	"3"	"Всего"	"1"	"Всего"	"1"	"9 466 069 000 000"
"Объем выполненных строительных работ (услуг)(Тысяч тенге казахских)"	"2020 год"	"202012"	"ПАВЛОДАР Г.А."	"15785"	"вторичный вид деятельности"	"3"	"Всего"	"1"	"Всего"	"1"	"7 569 676 000 000"
"Объем выполненных строительных работ (услуг)(Тысяч тенге казахских)"	"2021 год"	"202112"	"ПАВЛОДАР Г.А."	"15785"	"вторичный вид деятельности"	"3"	"Всего"	"1"	"Всего"	"1"	"24 664 800 000 000"
"Объем выполненных строительных работ (услуг)(Тысяч тенге казахских)"	"2022 год"	"202212"	"ПАВЛОДАР Г.А."	"15785"	"вторичный вид деятельности"	"3"	"Всего"	"1"	"Всего"	"1"	"7 309 879 000 000"
"Объем выполненных строительных работ (услуг)(Тысяч тенге казахских)"	"2017 год"	"201712"	"АКСУ Г.А."	"15801"	"Всего"	"1"	"Всего"	"1"	"Всего"	"1"	"10 823 570 000 000"
"Объем выполненных строительных работ (услуг)(Тысяч тенге казахских)"	"2016 год"	"201612"	"АКСУ Г.А."	"15801"	"Всего"	"1"	"Всего"	"1"	"Всего"	"1"	"6 278 765 000 000"
"Объем выполненных строительных работ (услуг)(Тысяч тенге казахских)"	"2018 год"	"201812"	"АКСУ Г.А."	"15801"	"Всего"	"1"	"Всего"	"1"	"Всего"	"1"	"25 247 813 000 000"
"Объем выполненных строительных работ (услуг)(Тысяч тенге казахских)"	"2019 год"	"201912"	"АКСУ Г.А."	"15801"	"Всего"	"1"	"Всего"	"1"	"Всего"	"1"	"36 542 444 000 000"
"Объем выполненных строительных работ (услуг)(Тысяч тенге казахских)"	"2020 год"	"202012"	"АКСУ Г.А."	"15801"	"Всего"	"1"	"Всего"	"1"	"Всего"	"1"	"38 004 835 000 000"
"Объем выполненных строительных работ (услуг)(Тысяч тенге казахских)"	"2021 год"	"202112"	"АКСУ Г.А."	"15801"	"Всего"	"1"	"Всего"	"1"	"Всего"	"1"	"30 511 399 000 000"
"Объем выполненных строительных работ (услуг)(Тысяч тенге казахских)"	"2022 год"	"202212"	"АКСУ Г.А."	"15801"	"Всего"	"1"	"Всего"	"1"	"Всего"	"1"	"35 245 890 000 000"
"Объем выполненных строительных работ (услуг)(Тысяч тенге казахских)"	"2017 год"	"201712"	"АКСУ Г.А."	"15801"	"основной вид деятельности"	"2"	"Всего"	"1"	"Всего"	"1"	"5 202 228 000 000"
"Объем выполненных строительных работ (услуг)(Тысяч тенге казахских)"	"2016 год"	"201612"	"АКСУ Г.А."	"15801"	"основной вид деятельности"	"2"	"Всего"	"1"	"Всего"	"1"	"4 649 726 000 000"
"Объем выполненных строительных работ (услуг)(Тысяч тенге казахских)"	"2018 год"	"201812"	"АКСУ Г.А."	"15801"	"основной вид деятельности"	"2"	"Всего"	"1"	"Всего"	"1"	"11 947 782 000 000"
"Объем выполненных строительных работ (услуг)(Тысяч тенге казахских)"	"2019 год"	"201912"	"АКСУ Г.А."	"15801"	"основной вид деятельности"	"2"	"Всего"	"1"	"Всего"	"1"	"30 938 956 000 000"
"Объем выполненных строительных работ (услуг)(Тысяч тенге казахских)"	"2020 год"	"202012"	"АКСУ Г.А."	"15801"	"основной вид деятельности"	"2"	"Всего"	"1"	"Всего"	"1"	"31 684 223 000 000"
"Объем выполненных строительных работ (услуг)(Тысяч тенге казахских)"	"2021 год"	"202112"	"АКСУ Г.А."	"15801"	"основной вид деятельности"	"2"	"Всего"	"1"	"Всего"	"1"	"23 442 636 000 000"
"Объем выполненных строительных работ (услуг)(Тысяч тенге казахских)"	"2022 год"	"202212"	"АКСУ Г.А."	"15801"	"основной вид деятельности"	"2"	"Всего"	"1"	"Всего"	"1"	"24 839 896 000 000"
"Объем выполненных строительных работ (услуг)(Тысяч тенге казахских)"	"2017 год"	"201712"	"АКСУ Г.А."	"15801"	"вторичный вид деятельности"	"3"	"Всего"	"1"	"Всего"	"1"	"5 621 342 000 000"
"Объем выполненных строительных работ (услуг)(Тысяч тенге казахских)"	"2016 год"	"201612"	"АКСУ Г.А."	"15801"	"вторичный вид деятельности"	"3"	"Всего"	"1"	"Всего"	"1"	"1 629 039 000 000"
"Объем выполненных строительных работ (услуг)(Тысяч тенге казахских)"	"2018 год"	"201812"	"АКСУ Г.А."	"15801"	"вторичный вид деятельности"	"3"	"Всего"	"1"	"Всего"	"1"	"13 300 031 000 000"
"Объем выполненных строительных работ (услуг)(Тысяч тенге казахских)"	"2019 год"	"201912"	"АКСУ Г.А."	"15801"	"вторичный вид деятельности"	"3"	"Всего"	"1"	"Всего"	"1"	"5 603 488 000 000"
"Объем выполненных строительных работ (услуг)(Тысяч тенге казахских)"	"2020 год"	"202012"	"АКСУ Г.А."	"15801"	"вторичный вид деятельности"	"3"	"Всего"	"1"	"Всего"	"1"	"6 320 612 000 000"
"Объем выполненных строительных работ (услуг)(Тысяч тенге казахских)"	"2021 год"	"202112"	"АКСУ Г.А."	"15801"	"вторичный вид деятельности"	"3"	"Всего"	"1"	"Всего"	"1"	"7 068 763 000 000"
"Объем выполненных строительных работ (услуг)(Тысяч тенге казахских)"	"2022 год"	"202212"	"АКСУ Г.А."	"15801"	"вторичный вид деятельности"	"3"	"Всего"	"1"	"Всего"	"1"	"10 405 994 000 000"
"Объем выполненных строительных работ (услуг)(Тысяч тенге казахских)"	"2017 год"	"201712"	"ЭКИБАСТУЗ Г.А."	"15865"	"Всего"	"1"	"Всего"	"1"	"Всего"	"1"	"29 546 098 000 000"
"Объем выполненных строительных работ (услуг)(Тысяч тенге казахских)"	"2016 год"	"201612"	"ЭКИБАСТУЗ Г.А."	"15865"	"Всего"	"1"	"Всего"	"1"	"Всего"	"1"	"49 169 930 000 000"
"Объем выполненных строительных работ (услуг)(Тысяч тенге казахских)"	"2018 год"	"201812"	"ЭКИБАСТУЗ Г.А."	"15865"	"Всего"	"1"	"Всего"	"1"	"Всего"	"1"	"42 934 272 000 000"
"Объем выполненных строительных работ (услуг)(Тысяч тенге казахских)"	"2019 год"	"201912"	"ЭКИБАСТУЗ Г.А."	"15865"	"Всего"	"1"	"Всего"	"1"	"Всего"	"1"	"62 478 614 000 000"
"Объем выполненных строительных работ (услуг)(Тысяч тенге казахских)"	"2020 год"	"202012"	"ЭКИБАСТУЗ Г.А."	"15865"	"Всего"	"1"	"Всего"	"1"	"Всего"	"1"	"60 090 460 000 000"
"Объем выполненных строительных работ (услуг)(Тысяч тенге казахских)"	"2021 год"	"202112"	"ЭКИБАСТУЗ Г.А."	"15865"	"Всего"	"1"	"Всего"	"1"	"Всего"	"1"	"65 869 852 000 000"
"Объем выполненных строительных работ (услуг)(Тысяч тенге казахских)"	"2022 год"	"202212"	"ЭКИБАСТУЗ Г.А."	"15865"	"Всего"	"1"	"Всего"	"1"	"Всего"	"1"	"74 933 438 000 000"
"Объем выполненных строительных работ (услуг)(Тысяч тенге казахских)"	"2017 год"	"201712"	"ЭКИБАСТУЗ Г.А."	"15865"	"основной вид деятельности"	"2"	"Всего"	"1"	"Всего"	"1"	"17 206 470 000 000"
"Объем выполненных строительных работ (услуг)(Тысяч тенге казахских)"	"2016 год"	"201612"	"ЭКИБАСТУЗ Г.А."	"15865"	"основной вид деятельности"	"2"	"Всего"	"1"	"Всего"	"1"	"40 413 198 000 000"
"Объем выполненных строительных работ (услуг)(Тысяч тенге казахских)"	"2018 год"	"201812"	"ЭКИБАСТУЗ Г.А."	"15865"	"основной вид деятельности"	"2"	"Всего"	"1"	"Всего"	"1"	"28 082 372 000 000"
"Объем выполненных строительных работ (услуг)(Тысяч тенге казахских)"	"2019 год"	"201912"	"ЭКИБАСТУЗ Г.А."	"15865"	"основной вид деятельности"	"2"	"Всего"	"1"	"Всего"	"1"	"43 303 270 000 000"
"Объем выполненных строительных работ (услуг)(Тысяч тенге казахских)"	"2020 год"	"202012"	"ЭКИБАСТУЗ Г.А."	"15865"	"основной вид деятельности"	"2"	"Всего"	"1"	"Всего"	"1"	"52 726 887 000 000"
"Объем выполненных строительных работ (услуг)(Тысяч тенге казахских)"	"2021 год"	"202112"	"ЭКИБАСТУЗ Г.А."	"15865"	"основной вид деятельности"	"2"	"Всего"	"1"	"Всего"	"1"	"49 867 865 000 000"
"Объем выполненных строительных работ (услуг)(Тысяч тенге казахских)"	"2022 год"	"202212"	"ЭКИБАСТУЗ Г.А."	"15865"	"основной вид деятельности"	"2"	"Всего"	"1"	"Всего"	"1"	"57 911 959 000 000"
"Объем выполненных строительных работ (услуг)(Тысяч тенге казахских)"	"2017 год"	"201712"	"ЭКИБАСТУЗ Г.А."	"15865"	"вторичный вид деятельности"	"3"	"Всего"	"1"	"Всего"	"1"	"12 339 628 000 000"
"Объем выполненных строительных работ (услуг)(Тысяч тенге казахских)"	"2016 год"	"201612"	"ЭКИБАСТУЗ Г.А."	"15865"	"вторичный вид деятельности"	"3"	"Всего"	"1"	"Всего"	"1"	"8 756 732 000 000"
"Объем выполненных строительных работ (услуг)(Тысяч тенге казахских)"	"2018 год"	"201812"	"ЭКИБАСТУЗ Г.А."	"15865"	"вторичный вид деятельности"	"3"	"Всего"	"1"	"Всего"	"1"	"14 851 900 000 000"
"Объем выполненных строительных работ (услуг)(Тысяч тенге казахских)"	"2019 год"	"201912"	"ЭКИБАСТУЗ Г.А."	"15865"	"вторичный вид деятельности"	"3"	"Всего"	"1"	"Всего"	"1"	"19 175 344 000 000"
"Объем выполненных строительных работ (услуг)(Тысяч тенге казахских)"	"2020 год"	"202012"	"ЭКИБАСТУЗ Г.А."	"15865"	"вторичный вид деятельности"	"3"	"Всего"	"1"	"Всего"	"1"	"7 363 573 000 000"
"Объем выполненных строительных работ (услуг)(Тысяч тенге казахских)"	"2021 год"	"202112"	"ЭКИБАСТУЗ Г.А."	"15865"	"вторичный вид деятельности"	"3"	"Всего"	"1"	"Всего"	"1"	"16 001 987 000 000"
"Объем выполненных строительных работ (услуг)(Тысяч тенге казахских)"	"2022 год"	"202212"	"ЭКИБАСТУЗ Г.А."	"15865"	"вторичный вид деятельности"	"3"	"Всего"	"1"	"Всего"	"1"	"17 021 479 000 000"
"Объем выполненных строительных работ (услуг)(Тысяч тенге казахских)"	"2017 год"	"201712"	"АКТОГАЙСКИЙ РАЙОН"	"15945"	"Всего"	"1"	"Всего"	"1"	"Всего"	"1"	"3 167 264 000 000"
"Объем выполненных строительных работ (услуг)(Тысяч тенге казахских)"	"2016 год"	"201612"	"АКТОГАЙСКИЙ РАЙОН"	"15945"	"Всего"	"1"	"Всего"	"1"	"Всего"	"1"	"1 135 589 000 000"
"Объем выполненных строительных работ (услуг)(Тысяч тенге казахских)"	"2018 год"	"201812"	"АКТОГАЙСКИЙ РАЙОН"	"15945"	"Всего"	"1"	"Всего"	"1"	"Всего"	"1"	"3 298 681 000 000"
"Объем выполненных строительных работ (услуг)(Тысяч тенге казахских)"	"2019 год"	"201912"	"АКТОГАЙСКИЙ РАЙОН"	"15945"	"Всего"	"1"	"Всего"	"1"	"Всего"	"1"	"2 825 331 000 000"
"Объем выполненных строительных работ (услуг)(Тысяч тенге казахских)"	"2020 год"	"202012"	"АКТОГАЙСКИЙ РАЙОН"	"15945"	"Всего"	"1"	"Всего"	"1"	"Всего"	"1"	"4 638 461 000 000"
"Объем выполненных строительных работ (услуг)(Тысяч тенге казахских)"	"2021 год"	"202112"	"АКТОГАЙСКИЙ РАЙОН"	"15945"	"Всего"	"1"	"Всего"	"1"	"Всего"	"1"	"6 049 889 000 000"
"Объем выполненных строительных работ (услуг)(Тысяч тенге казахских)"	"2022 год"	"202212"	"АКТОГАЙСКИЙ РАЙОН"	"15945"	"Всего"	"1"	"Всего"	"1"	"Всего"	"1"	"6 314 854 000 000"
"Объем выполненных строительных работ (услуг)(Тысяч тенге казахских)"	"2017 год"	"201712"	"АКТОГАЙСКИЙ РАЙОН"	"15945"	"основной вид деятельности"	"2"	"Всего"	"1"	"Всего"	"1"	"1 787 134 000 000"
"Объем выполненных строительных работ (услуг)(Тысяч тенге казахских)"	"2016 год"	"201612"	"АКТОГАЙСКИЙ РАЙОН"	"15945"	"основной вид деятельности"	"2"	"Всего"	"1"	"Всего"	"1"	"320 580 000 000"
"Объем выполненных строительных работ (услуг)(Тысяч тенге казахских)"	"2018 год"	"201812"	"АКТОГАЙСКИЙ РАЙОН"	"15945"	"основной вид деятельности"	"2"	"Всего"	"1"	"Всего"	"1"	"2 719 476 000 000"
"Объем выполненных строительных работ (услуг)(Тысяч тенге казахских)"	"2019 год"	"201912"	"АКТОГАЙСКИЙ РАЙОН"	"15945"	"основной вид деятельности"	"2"	"Всего"	"1"	"Всего"	"1"	"1 470 020 000 000"
"Объем выполненных строительных работ (услуг)(Тысяч тенге казахских)"	"2020 год"	"202012"	"АКТОГАЙСКИЙ РАЙОН"	"15945"	"основной вид деятельности"	"2"	"Всего"	"1"	"Всего"	"1"	"3 591 803 000 000"
"Объем выполненных строительных работ (услуг)(Тысяч тенге казахских)"	"2021 год"	"202112"	"АКТОГАЙСКИЙ РАЙОН"	"15945"	"основной вид деятельности"	"2"	"Всего"	"1"	"Всего"	"1"	"5 053 341 000 000"
"Объем выполненных строительных работ (услуг)(Тысяч тенге казахских)"	"2022 год"	"202212"	"АКТОГАЙСКИЙ РАЙОН"	"15945"	"основной вид деятельности"	"2"	"Всего"	"1"	"Всего"	"1"	"3 561 443 000 000"
"Объем выполненных строительных работ (услуг)(Тысяч тенге казахских)"	"2017 год"	"201712"	"АКТОГАЙСКИЙ РАЙОН"	"15945"	"вторичный вид деятельности"	"3"	"Всего"	"1"	"Всего"	"1"	"1 380 130 000 000"
"Объем выполненных строительных работ (услуг)(Тысяч тенге казахских)"	"2016 год"	"201612"	"АКТОГАЙСКИЙ РАЙОН"	"15945"	"вторичный вид деятельности"	"3"	"Всего"	"1"	"Всего"	"1"	"815 009 000 000"
"Объем выполненных строительных работ (услуг)(Тысяч тенге казахских)"	"2018 год"	"201812"	"АКТОГАЙСКИЙ РАЙОН"	"15945"	"вторичный вид деятельности"	"3"	"Всего"	"1"	"Всего"	"1"	"579 205 000 000"
"Объем выполненных строительных работ (услуг)(Тысяч тенге казахских)"	"2019 год"	"201912"	"АКТОГАЙСКИЙ РАЙОН"	"15945"	"вторичный вид деятельности"	"3"	"Всего"	"1"	"Всего"	"1"	"1 355 311 000 000"
"Объем выполненных строительных работ (услуг)(Тысяч тенге казахских)"	"2020 год"	"202012"	"АКТОГАЙСКИЙ РАЙОН"	"15945"	"вторичный вид деятельности"	"3"	"Всего"	"1"	"Всего"	"1"	"1 046 658 000 000"
"Объем выполненных строительных работ (услуг)(Тысяч тенге казахских)"	"2021 год"	"202112"	"АКТОГАЙСКИЙ РАЙОН"	"15945"	"вторичный вид деятельности"	"3"	"Всего"	"1"	"Всего"	"1"	"996 548 000 000"
"Объем выполненных строительных работ (услуг)(Тысяч тенге казахских)"	"2022 год"	"202212"	"АКТОГАЙСКИЙ РАЙОН"	"15945"	"вторичный вид деятельности"	"3"	"Всего"	"1"	"Всего"	"1"	"2 753 411 000 000"
"Объем выполненных строительных работ (услуг)(Тысяч тенге казахских)"	"2017 год"	"201712"	"БАЯНАУЛЬСКИЙ РАЙОН"	"15998"	"Всего"	"1"	"Всего"	"1"	"Всего"	"1"	"3 171 846 000 000"
"Объем выполненных строительных работ (услуг)(Тысяч тенге казахских)"	"2016 год"	"201612"	"БАЯНАУЛЬСКИЙ РАЙОН"	"15998"	"Всего"	"1"	"Всего"	"1"	"Всего"	"1"	"1 873 210 000 000"
"Объем выполненных строительных работ (услуг)(Тысяч тенге казахских)"	"2018 год"	"201812"	"БАЯНАУЛЬСКИЙ РАЙОН"	"15998"	"Всего"	"1"	"Всего"	"1"	"Всего"	"1"	"12 849 798 000 000"
"Объем выполненных строительных работ (услуг)(Тысяч тенге казахских)"	"2019 год"	"201912"	"БАЯНАУЛЬСКИЙ РАЙОН"	"15998"	"Всего"	"1"	"Всего"	"1"	"Всего"	"1"	"7 609 730 000 000"
"Объем выполненных строительных работ (услуг)(Тысяч тенге казахских)"	"2020 год"	"202012"	"БАЯНАУЛЬСКИЙ РАЙОН"	"15998"	"Всего"	"1"	"Всего"	"1"	"Всего"	"1"	"6 390 503 000 000"
"Объем выполненных строительных работ (услуг)(Тысяч тенге казахских)"	"2021 год"	"202112"	"БАЯНАУЛЬСКИЙ РАЙОН"	"15998"	"Всего"	"1"	"Всего"	"1"	"Всего"	"1"	"4 545 378 000 000"
"Объем выполненных строительных работ (услуг)(Тысяч тенге казахских)"	"2022 год"	"202212"	"БАЯНАУЛЬСКИЙ РАЙОН"	"15998"	"Всего"	"1"	"Всего"	"1"	"Всего"	"1"	"7 243 774 000 000"
"Объем выполненных строительных работ (услуг)(Тысяч тенге казахских)"	"2017 год"	"201712"	"БАЯНАУЛЬСКИЙ РАЙОН"	"15998"	"основной вид деятельности"	"2"	"Всего"	"1"	"Всего"	"1"	"2 815 315 000 000"
"Объем выполненных строительных работ (услуг)(Тысяч тенге казахских)"	"2016 год"	"201612"	"БАЯНАУЛЬСКИЙ РАЙОН"	"15998"	"основной вид деятельности"	"2"	"Всего"	"1"	"Всего"	"1"	"1 295 483 000 000"
"Объем выполненных строительных работ (услуг)(Тысяч тенге казахских)"	"2018 год"	"201812"	"БАЯНАУЛЬСКИЙ РАЙОН"	"15998"	"основной вид деятельности"	"2"	"Всего"	"1"	"Всего"	"1"	"11 703 353 000 000"
"Объем выполненных строительных работ (услуг)(Тысяч тенге казахских)"	"2019 год"	"201912"	"БАЯНАУЛЬСКИЙ РАЙОН"	"15998"	"основной вид деятельности"	"2"	"Всего"	"1"	"Всего"	"1"	"5 831 707 000 000"
"Объем выполненных строительных работ (услуг)(Тысяч тенге казахских)"	"2020 год"	"202012"	"БАЯНАУЛЬСКИЙ РАЙОН"	"15998"	"основной вид деятельности"	"2"	"Всего"	"1"	"Всего"	"1"	"5 637 706 000 000"
"Объем выполненных строительных работ (услуг)(Тысяч тенге казахских)"	"2021 год"	"202112"	"БАЯНАУЛЬСКИЙ РАЙОН"	"15998"	"основной вид деятельности"	"2"	"Всего"	"1"	"Всего"	"1"	"2 548 061 000 000"
"Объем выполненных строительных работ (услуг)(Тысяч тенге казахских)"	"2022 год"	"202212"	"БАЯНАУЛЬСКИЙ РАЙОН"	"15998"	"основной вид деятельности"	"2"	"Всего"	"1"	"Всего"	"1"	"5 921 316 000 000"
"Объем выполненных строительных работ (услуг)(Тысяч тенге казахских)"	"2017 год"	"201712"	"БАЯНАУЛЬСКИЙ РАЙОН"	"15998"	"вторичный вид деятельности"	"3"	"Всего"	"1"	"Всего"	"1"	"356 531 000 000"
"Объем выполненных строительных работ (услуг)(Тысяч тенге казахских)"	"2016 год"	"201612"	"БАЯНАУЛЬСКИЙ РАЙОН"	"15998"	"вторичный вид деятельности"	"3"	"Всего"	"1"	"Всего"	"1"	"577 727 000 000"
"Объем выполненных строительных работ (услуг)(Тысяч тенге казахских)"	"2018 год"	"201812"	"БАЯНАУЛЬСКИЙ РАЙОН"	"15998"	"вторичный вид деятельности"	"3"	"Всего"	"1"	"Всего"	"1"	"1 146 445 000 000"
"Объем выполненных строительных работ (услуг)(Тысяч тенге казахских)"	"2019 год"	"201912"	"БАЯНАУЛЬСКИЙ РАЙОН"	"15998"	"вторичный вид деятельности"	"3"	"Всего"	"1"	"Всего"	"1"	"1 778 023 000 000"
"Объем выполненных строительных работ (услуг)(Тысяч тенге казахских)"	"2020 год"	"202012"	"БАЯНАУЛЬСКИЙ РАЙОН"	"15998"	"вторичный вид деятельности"	"3"	"Всего"	"1"	"Всего"	"1"	"752 797 000 000"
"Объем выполненных строительных работ (услуг)(Тысяч тенге казахских)"	"2021 год"	"202112"	"БАЯНАУЛЬСКИЙ РАЙОН"	"15998"	"вторичный вид деятельности"	"3"	"Всего"	"1"	"Всего"	"1"	"1 997 317 000 000"
"Объем выполненных строительных работ (услуг)(Тысяч тенге казахских)"	"2022 год"	"202212"	"БАЯНАУЛЬСКИЙ РАЙОН"	"15998"	"вторичный вид деятельности"	"3"	"Всего"	"1"	"Всего"	"1"	"1 322 458 000 000"
"Объем выполненных строительных работ (услуг)(Тысяч тенге казахских)"	"2017 год"	"201712"	"ЖЕЛЕЗИНСКИЙ РАЙОН"	"16245"	"Всего"	"1"	"Всего"	"1"	"Всего"	"1"	"1 471 464 000 000"
"Объем выполненных строительных работ (услуг)(Тысяч тенге казахских)"	"2016 год"	"201612"	"ЖЕЛЕЗИНСКИЙ РАЙОН"	"16245"	"Всего"	"1"	"Всего"	"1"	"Всего"	"1"	"567 742 000 000"
"Объем выполненных строительных работ (услуг)(Тысяч тенге казахских)"	"2018 год"	"201812"	"ЖЕЛЕЗИНСКИЙ РАЙОН"	"16245"	"Всего"	"1"	"Всего"	"1"	"Всего"	"1"	"2 595 634 000 000"
"Объем выполненных строительных работ (услуг)(Тысяч тенге казахских)"	"2019 год"	"201912"	"ЖЕЛЕЗИНСКИЙ РАЙОН"	"16245"	"Всего"	"1"	"Всего"	"1"	"Всего"	"1"	"3 226 232 000 000"
"Объем выполненных строительных работ (услуг)(Тысяч тенге казахских)"	"2020 год"	"202012"	"ЖЕЛЕЗИНСКИЙ РАЙОН"	"16245"	"Всего"	"1"	"Всего"	"1"	"Всего"	"1"	"5 469 433 000 000"
"Объем выполненных строительных работ (услуг)(Тысяч тенге казахских)"	"2021 год"	"202112"	"ЖЕЛЕЗИНСКИЙ РАЙОН"	"16245"	"Всего"	"1"	"Всего"	"1"	"Всего"	"1"	"5 178 815 000 000"
"Объем выполненных строительных работ (услуг)(Тысяч тенге казахских)"	"2022 год"	"202212"	"ЖЕЛЕЗИНСКИЙ РАЙОН"	"16245"	"Всего"	"1"	"Всего"	"1"	"Всего"	"1"	"6 090 518 000 000"
"Объем выполненных строительных работ (услуг)(Тысяч тенге казахских)"	"2017 год"	"201712"	"ЖЕЛЕЗИНСКИЙ РАЙОН"	"16245"	"основной вид деятельности"	"2"	"Всего"	"1"	"Всего"	"1"	"300 317 000 000"
"Объем выполненных строительных работ (услуг)(Тысяч тенге казахских)"	"2016 год"	"201612"	"ЖЕЛЕЗИНСКИЙ РАЙОН"	"16245"	"основной вид деятельности"	"2"	"Всего"	"1"	"Всего"	"1"	"158 205 000 000"
"Объем выполненных строительных работ (услуг)(Тысяч тенге казахских)"	"2018 год"	"201812"	"ЖЕЛЕЗИНСКИЙ РАЙОН"	"16245"	"основной вид деятельности"	"2"	"Всего"	"1"	"Всего"	"1"	"1 032 877 000 000"
"Объем выполненных строительных работ (услуг)(Тысяч тенге казахских)"	"2019 год"	"201912"	"ЖЕЛЕЗИНСКИЙ РАЙОН"	"16245"	"основной вид деятельности"	"2"	"Всего"	"1"	"Всего"	"1"	"1 345 380 000 000"
"Объем выполненных строительных работ (услуг)(Тысяч тенге казахских)"	"2020 год"	"202012"	"ЖЕЛЕЗИНСКИЙ РАЙОН"	"16245"	"основной вид деятельности"	"2"	"Всего"	"1"	"Всего"	"1"	"2 543 762 000 000"
"Объем выполненных строительных работ (услуг)(Тысяч тенге казахских)"	"2021 год"	"202112"	"ЖЕЛЕЗИНСКИЙ РАЙОН"	"16245"	"основной вид деятельности"	"2"	"Всего"	"1"	"Всего"	"1"	"3 775 663 000 000"
"Объем выполненных строительных работ (услуг)(Тысяч тенге казахских)"	"2022 год"	"202212"	"ЖЕЛЕЗИНСКИЙ РАЙОН"	"16245"	"основной вид деятельности"	"2"	"Всего"	"1"	"Всего"	"1"	"4 921 802 000 000"
"Объем выполненных строительных работ (услуг)(Тысяч тенге казахских)"	"2017 год"	"201712"	"ЖЕЛЕЗИНСКИЙ РАЙОН"	"16245"	"вторичный вид деятельности"	"3"	"Всего"	"1"	"Всего"	"1"	"1 171 147 000 000"
"Объем выполненных строительных работ (услуг)(Тысяч тенге казахских)"	"2016 год"	"201612"	"ЖЕЛЕЗИНСКИЙ РАЙОН"	"16245"	"вторичный вид деятельности"	"3"	"Всего"	"1"	"Всего"	"1"	"409 537 000 000"
"Объем выполненных строительных работ (услуг)(Тысяч тенге казахских)"	"2018 год"	"201812"	"ЖЕЛЕЗИНСКИЙ РАЙОН"	"16245"	"вторичный вид деятельности"	"3"	"Всего"	"1"	"Всего"	"1"	"1 562 757 000 000"
"Объем выполненных строительных работ (услуг)(Тысяч тенге казахских)"	"2019 год"	"201912"	"ЖЕЛЕЗИНСКИЙ РАЙОН"	"16245"	"вторичный вид деятельности"	"3"	"Всего"	"1"	"Всего"	"1"	"1 880 852 000 000"
"Объем выполненных строительных работ (услуг)(Тысяч тенге казахских)"	"2020 год"	"202012"	"ЖЕЛЕЗИНСКИЙ РАЙОН"	"16245"	"вторичный вид деятельности"	"3"	"Всего"	"1"	"Всего"	"1"	"2 925 671 000 000"
"Объем выполненных строительных работ (услуг)(Тысяч тенге казахских)"	"2021 год"	"202112"	"ЖЕЛЕЗИНСКИЙ РАЙОН"	"16245"	"вторичный вид деятельности"	"3"	"Всего"	"1"	"Всего"	"1"	"1 403 152 000 000"
"Объем выполненных строительных работ (услуг)(Тысяч тенге казахских)"	"2022 год"	"202212"	"ЖЕЛЕЗИНСКИЙ РАЙОН"	"16245"	"вторичный вид деятельности"	"3"	"Всего"	"1"	"Всего"	"1"	"1 168 716 000 000"
"Объем выполненных строительных работ (услуг)(Тысяч тенге казахских)"	"2017 год"	"201712"	"ИРТЫШСКИЙ РАЙОН"	"16311"	"Всего"	"1"	"Всего"	"1"	"Всего"	"1"	"1 914 831 000 000"
"Объем выполненных строительных работ (услуг)(Тысяч тенге казахских)"	"2016 год"	"201612"	"ИРТЫШСКИЙ РАЙОН"	"16311"	"Всего"	"1"	"Всего"	"1"	"Всего"	"1"	"1 253 748 000 000"
"Объем выполненных строительных работ (услуг)(Тысяч тенге казахских)"	"2018 год"	"201812"	"ИРТЫШСКИЙ РАЙОН"	"16311"	"Всего"	"1"	"Всего"	"1"	"Всего"	"1"	"2 539 254 000 000"
"Объем выполненных строительных работ (услуг)(Тысяч тенге казахских)"	"2019 год"	"201912"	"ИРТЫШСКИЙ РАЙОН"	"16311"	"Всего"	"1"	"Всего"	"1"	"Всего"	"1"	"2 308 797 000 000"
"Объем выполненных строительных работ (услуг)(Тысяч тенге казахских)"	"2020 год"	"202012"	"ИРТЫШСКИЙ РАЙОН"	"16311"	"Всего"	"1"	"Всего"	"1"	"Всего"	"1"	"3 500 749 000 000"
"Объем выполненных строительных работ (услуг)(Тысяч тенге казахских)"	"2021 год"	"202112"	"ИРТЫШСКИЙ РАЙОН"	"16311"	"Всего"	"1"	"Всего"	"1"	"Всего"	"1"	"3 942 520 000 000"
"Объем выполненных строительных работ (услуг)(Тысяч тенге казахских)"	"2022 год"	"202212"	"ИРТЫШСКИЙ РАЙОН"	"16311"	"Всего"	"1"	"Всего"	"1"	"Всего"	"1"	"4 925 553 000 000"
"Объем выполненных строительных работ (услуг)(Тысяч тенге казахских)"	"2017 год"	"201712"	"ИРТЫШСКИЙ РАЙОН"	"16311"	"основной вид деятельности"	"2"	"Всего"	"1"	"Всего"	"1"	"1 880 390 000 000"
"Объем выполненных строительных работ (услуг)(Тысяч тенге казахских)"	"2016 год"	"201612"	"ИРТЫШСКИЙ РАЙОН"	"16311"	"основной вид деятельности"	"2"	"Всего"	"1"	"Всего"	"1"	"955 830 000 000"
"Объем выполненных строительных работ (услуг)(Тысяч тенге казахских)"	"2018 год"	"201812"	"ИРТЫШСКИЙ РАЙОН"	"16311"	"основной вид деятельности"	"2"	"Всего"	"1"	"Всего"	"1"	"2 431 716 000 000"
"Объем выполненных строительных работ (услуг)(Тысяч тенге казахских)"	"2019 год"	"201912"	"ИРТЫШСКИЙ РАЙОН"	"16311"	"основной вид деятельности"	"2"	"Всего"	"1"	"Всего"	"1"	"1 257 272 000 000"
"Объем выполненных строительных работ (услуг)(Тысяч тенге казахских)"	"2020 год"	"202012"	"ИРТЫШСКИЙ РАЙОН"	"16311"	"основной вид деятельности"	"2"	"Всего"	"1"	"Всего"	"1"	"3 440 150 000 000"
"Объем выполненных строительных работ (услуг)(Тысяч тенге казахских)"	"2021 год"	"202112"	"ИРТЫШСКИЙ РАЙОН"	"16311"	"основной вид деятельности"	"2"	"Всего"	"1"	"Всего"	"1"	"3 925 330 000 000"
"Объем выполненных строительных работ (услуг)(Тысяч тенге казахских)"	"2022 год"	"202212"	"ИРТЫШСКИЙ РАЙОН"	"16311"	"основной вид деятельности"	"2"	"Всего"	"1"	"Всего"	"1"	"4 888 058 000 000"
"Объем выполненных строительных работ (услуг)(Тысяч тенге казахских)"	"2017 год"	"201712"	"ИРТЫШСКИЙ РАЙОН"	"16311"	"вторичный вид деятельности"	"3"	"Всего"	"1"	"Всего"	"1"	"34 441 000 000"
"Объем выполненных строительных работ (услуг)(Тысяч тенге казахских)"	"2016 год"	"201612"	"ИРТЫШСКИЙ РАЙОН"	"16311"	"вторичный вид деятельности"	"3"	"Всего"	"1"	"Всего"	"1"	"297 918 000 000"
"Объем выполненных строительных работ (услуг)(Тысяч тенге казахских)"	"2018 год"	"201812"	"ИРТЫШСКИЙ РАЙОН"	"16311"	"вторичный вид деятельности"	"3"	"Всего"	"1"	"Всего"	"1"	"107 538 000 000"
"Объем выполненных строительных работ (услуг)(Тысяч тенге казахских)"	"2019 год"	"201912"	"ИРТЫШСКИЙ РАЙОН"	"16311"	"вторичный вид деятельности"	"3"	"Всего"	"1"	"Всего"	"1"	"1 051 525 000 000"
"Объем выполненных строительных работ (услуг)(Тысяч тенге казахских)"	"2020 год"	"202012"	"ИРТЫШСКИЙ РАЙОН"	"16311"	"вторичный вид деятельности"	"3"	"Всего"	"1"	"Всего"	"1"	"60 599 000 000"
"Объем выполненных строительных работ (услуг)(Тысяч тенге казахских)"	"2021 год"	"202112"	"ИРТЫШСКИЙ РАЙОН"	"16311"	"вторичный вид деятельности"	"3"	"Всего"	"1"	"Всего"	"1"	"17 190 000 000"
"Объем выполненных строительных работ (услуг)(Тысяч тенге казахских)"	"2022 год"	"202212"	"ИРТЫШСКИЙ РАЙОН"	"16311"	"вторичный вид деятельности"	"3"	"Всего"	"1"	"Всего"	"1"	"37 495 000 000"
"Объем выполненных строительных работ (услуг)(Тысяч тенге казахских)"	"2017 год"	"201712"	"РАЙОН ТЕРЕҢКӨЛ"	"16374"	"Всего"	"1"	"Всего"	"1"	"Всего"	"1"	"1 331 623 000 000"
"Объем выполненных строительных работ (услуг)(Тысяч тенге казахских)"	"2016 год"	"201612"	"РАЙОН ТЕРЕҢКӨЛ"	"16374"	"Всего"	"1"	"Всего"	"1"	"Всего"	"1"	"800 386 000 000"
"Объем выполненных строительных работ (услуг)(Тысяч тенге казахских)"	"2018 год"	"201812"	"РАЙОН ТЕРЕҢКӨЛ"	"16374"	"Всего"	"1"	"Всего"	"1"	"Всего"	"1"	"3 592 443 000 000"
"Объем выполненных строительных работ (услуг)(Тысяч тенге казахских)"	"2019 год"	"201912"	"РАЙОН ТЕРЕҢКӨЛ"	"16374"	"Всего"	"1"	"Всего"	"1"	"Всего"	"1"	"2 799 634 000 000"
"Объем выполненных строительных работ (услуг)(Тысяч тенге казахских)"	"2020 год"	"202012"	"РАЙОН ТЕРЕҢКӨЛ"	"16374"	"Всего"	"1"	"Всего"	"1"	"Всего"	"1"	"4 932 513 000 000"
"Объем выполненных строительных работ (услуг)(Тысяч тенге казахских)"	"2021 год"	"202112"	"РАЙОН ТЕРЕҢКӨЛ"	"16374"	"Всего"	"1"	"Всего"	"1"	"Всего"	"1"	"5 426 171 000 000"
"Объем выполненных строительных работ (услуг)(Тысяч тенге казахских)"	"2022 год"	"202212"	"РАЙОН ТЕРЕҢКӨЛ"	"16374"	"Всего"	"1"	"Всего"	"1"	"Всего"	"1"	"5 976 552 000 000"
"Объем выполненных строительных работ (услуг)(Тысяч тенге казахских)"	"2017 год"	"201712"	"РАЙОН ТЕРЕҢКӨЛ"	"16374"	"основной вид деятельности"	"2"	"Всего"	"1"	"Всего"	"1"	"1 281 969 000 000"
"Объем выполненных строительных работ (услуг)(Тысяч тенге казахских)"	"2016 год"	"201612"	"РАЙОН ТЕРЕҢКӨЛ"	"16374"	"основной вид деятельности"	"2"	"Всего"	"1"	"Всего"	"1"	"619 112 000 000"
"Объем выполненных строительных работ (услуг)(Тысяч тенге казахских)"	"2018 год"	"201812"	"РАЙОН ТЕРЕҢКӨЛ"	"16374"	"основной вид деятельности"	"2"	"Всего"	"1"	"Всего"	"1"	"3 071 355 000 000"
"Объем выполненных строительных работ (услуг)(Тысяч тенге казахских)"	"2019 год"	"201912"	"РАЙОН ТЕРЕҢКӨЛ"	"16374"	"основной вид деятельности"	"2"	"Всего"	"1"	"Всего"	"1"	"2 607 474 000 000"
"Объем выполненных строительных работ (услуг)(Тысяч тенге казахских)"	"2020 год"	"202012"	"РАЙОН ТЕРЕҢКӨЛ"	"16374"	"основной вид деятельности"	"2"	"Всего"	"1"	"Всего"	"1"	"4 396 277 000 000"
"Объем выполненных строительных работ (услуг)(Тысяч тенге казахских)"	"2021 год"	"202112"	"РАЙОН ТЕРЕҢКӨЛ"	"16374"	"основной вид деятельности"	"2"	"Всего"	"1"	"Всего"	"1"	"4 354 338 000 000"
"Объем выполненных строительных работ (услуг)(Тысяч тенге казахских)"	"2022 год"	"202212"	"РАЙОН ТЕРЕҢКӨЛ"	"16374"	"основной вид деятельности"	"2"	"Всего"	"1"	"Всего"	"1"	"5 531 999 000 000"
"Объем выполненных строительных работ (услуг)(Тысяч тенге казахских)"	"2017 год"	"201712"	"РАЙОН ТЕРЕҢКӨЛ"	"16374"	"вторичный вид деятельности"	"3"	"Всего"	"1"	"Всего"	"1"	"49 654 000 000"
"Объем выполненных строительных работ (услуг)(Тысяч тенге казахских)"	"2016 год"	"201612"	"РАЙОН ТЕРЕҢКӨЛ"	"16374"	"вторичный вид деятельности"	"3"	"Всего"	"1"	"Всего"	"1"	"181 274 000 000"
"Объем выполненных строительных работ (услуг)(Тысяч тенге казахских)"	"2018 год"	"201812"	"РАЙОН ТЕРЕҢКӨЛ"	"16374"	"вторичный вид деятельности"	"3"	"Всего"	"1"	"Всего"	"1"	"521 088 000 000"
"Объем выполненных строительных работ (услуг)(Тысяч тенге казахских)"	"2019 год"	"201912"	"РАЙОН ТЕРЕҢКӨЛ"	"16374"	"вторичный вид деятельности"	"3"	"Всего"	"1"	"Всего"	"1"	"192 160 000 000"
"Объем выполненных строительных работ (услуг)(Тысяч тенге казахских)"	"2020 год"	"202012"	"РАЙОН ТЕРЕҢКӨЛ"	"16374"	"вторичный вид деятельности"	"3"	"Всего"	"1"	"Всего"	"1"	"536 236 000 000"
"Объем выполненных строительных работ (услуг)(Тысяч тенге казахских)"	"2021 год"	"202112"	"РАЙОН ТЕРЕҢКӨЛ"	"16374"	"вторичный вид деятельности"	"3"	"Всего"	"1"	"Всего"	"1"	"1 071 833 000 000"
"Объем выполненных строительных работ (услуг)(Тысяч тенге казахских)"	"2022 год"	"202212"	"РАЙОН ТЕРЕҢКӨЛ"	"16374"	"вторичный вид деятельности"	"3"	"Всего"	"1"	"Всего"	"1"	"444 553 000 000"
"Объем выполненных строительных работ (услуг)(Тысяч тенге казахских)"	"2017 год"	"201712"	"РАЙОН АҚҚУЛЫ"	"16445"	"Всего"	"1"	"Всего"	"1"	"Всего"	"1"	"6 401 374 000 000"
"Объем выполненных строительных работ (услуг)(Тысяч тенге казахских)"	"2016 год"	"201612"	"РАЙОН АҚҚУЛЫ"	"16445"	"Всего"	"1"	"Всего"	"1"	"Всего"	"1"	"865 088 000 000"
"Объем выполненных строительных работ (услуг)(Тысяч тенге казахских)"	"2018 год"	"201812"	"РАЙОН АҚҚУЛЫ"	"16445"	"Всего"	"1"	"Всего"	"1"	"Всего"	"1"	"20 212 353 000 000"
"Объем выполненных строительных работ (услуг)(Тысяч тенге казахских)"	"2019 год"	"201912"	"РАЙОН АҚҚУЛЫ"	"16445"	"Всего"	"1"	"Всего"	"1"	"Всего"	"1"	"3 081 865 000 000"
"Объем выполненных строительных работ (услуг)(Тысяч тенге казахских)"	"2020 год"	"202012"	"РАЙОН АҚҚУЛЫ"	"16445"	"Всего"	"1"	"Всего"	"1"	"Всего"	"1"	"2 655 931 000 000"
"Объем выполненных строительных работ (услуг)(Тысяч тенге казахских)"	"2021 год"	"202112"	"РАЙОН АҚҚУЛЫ"	"16445"	"Всего"	"1"	"Всего"	"1"	"Всего"	"1"	"2 918 303 000 000"
"Объем выполненных строительных работ (услуг)(Тысяч тенге казахских)"	"2022 год"	"202212"	"РАЙОН АҚҚУЛЫ"	"16445"	"Всего"	"1"	"Всего"	"1"	"Всего"	"1"	"4 105 111 000 000"
"Объем выполненных строительных работ (услуг)(Тысяч тенге казахских)"	"2017 год"	"201712"	"РАЙОН АҚҚУЛЫ"	"16445"	"основной вид деятельности"	"2"	"Всего"	"1"	"Всего"	"1"	"6 355 216 000 000"
"Объем выполненных строительных работ (услуг)(Тысяч тенге казахских)"	"2016 год"	"201612"	"РАЙОН АҚҚУЛЫ"	"16445"	"основной вид деятельности"	"2"	"Всего"	"1"	"Всего"	"1"	"851 376 000 000"
"Объем выполненных строительных работ (услуг)(Тысяч тенге казахских)"	"2018 год"	"201812"	"РАЙОН АҚҚУЛЫ"	"16445"	"основной вид деятельности"	"2"	"Всего"	"1"	"Всего"	"1"	"20 009 248 000 000"
"Объем выполненных строительных работ (услуг)(Тысяч тенге казахских)"	"2019 год"	"201912"	"РАЙОН АҚҚУЛЫ"	"16445"	"основной вид деятельности"	"2"	"Всего"	"1"	"Всего"	"1"	"2 995 426 000 000"
"Объем выполненных строительных работ (услуг)(Тысяч тенге казахских)"	"2020 год"	"202012"	"РАЙОН АҚҚУЛЫ"	"16445"	"основной вид деятельности"	"2"	"Всего"	"1"	"Всего"	"1"	"1 887 092 000 000"
"Объем выполненных строительных работ (услуг)(Тысяч тенге казахских)"	"2021 год"	"202112"	"РАЙОН АҚҚУЛЫ"	"16445"	"основной вид деятельности"	"2"	"Всего"	"1"	"Всего"	"1"	"1 851 215 000 000"
"Объем выполненных строительных работ (услуг)(Тысяч тенге казахских)"	"2022 год"	"202212"	"РАЙОН АҚҚУЛЫ"	"16445"	"основной вид деятельности"	"2"	"Всего"	"1"	"Всего"	"1"	"2 854 388 000 000"
"Объем выполненных строительных работ (услуг)(Тысяч тенге казахских)"	"2017 год"	"201712"	"РАЙОН АҚҚУЛЫ"	"16445"	"вторичный вид деятельности"	"3"	"Всего"	"1"	"Всего"	"1"	"46 158 000 000"
"Объем выполненных строительных работ (услуг)(Тысяч тенге казахских)"	"2016 год"	"201612"	"РАЙОН АҚҚУЛЫ"	"16445"	"вторичный вид деятельности"	"3"	"Всего"	"1"	"Всего"	"1"	"13 712 000 000"
"Объем выполненных строительных работ (услуг)(Тысяч тенге казахских)"	"2018 год"	"201812"	"РАЙОН АҚҚУЛЫ"	"16445"	"вторичный вид деятельности"	"3"	"Всего"	"1"	"Всего"	"1"	"203 105 000 000"
"Объем выполненных строительных работ (услуг)(Тысяч тенге казахских)"	"2019 год"	"201912"	"РАЙОН АҚҚУЛЫ"	"16445"	"вторичный вид деятельности"	"3"	"Всего"	"1"	"Всего"	"1"	"86 439 000 000"
"Объем выполненных строительных работ (услуг)(Тысяч тенге казахских)"	"2020 год"	"202012"	"РАЙОН АҚҚУЛЫ"	"16445"	"вторичный вид деятельности"	"3"	"Всего"	"1"	"Всего"	"1"	"768 839 000 000"
"Объем выполненных строительных работ (услуг)(Тысяч тенге казахских)"	"2021 год"	"202112"	"РАЙОН АҚҚУЛЫ"	"16445"	"вторичный вид деятельности"	"3"	"Всего"	"1"	"Всего"	"1"	"1 067 088 000 000"
"Объем выполненных строительных работ (услуг)(Тысяч тенге казахских)"	"2022 год"	"202212"	"РАЙОН АҚҚУЛЫ"	"16445"	"вторичный вид деятельности"	"3"	"Всего"	"1"	"Всего"	"1"	"1 250 723 000 000"
"Объем выполненных строительных работ (услуг)(Тысяч тенге казахских)"	"2017 год"	"201712"	"МАЙСКИЙ РАЙОН"	"16512"	"Всего"	"1"	"Всего"	"1"	"Всего"	"1"	"2 251 486 000 000"
"Объем выполненных строительных работ (услуг)(Тысяч тенге казахских)"	"2016 год"	"201612"	"МАЙСКИЙ РАЙОН"	"16512"	"Всего"	"1"	"Всего"	"1"	"Всего"	"1"	"3 603 316 000 000"
"Объем выполненных строительных работ (услуг)(Тысяч тенге казахских)"	"2018 год"	"201812"	"МАЙСКИЙ РАЙОН"	"16512"	"Всего"	"1"	"Всего"	"1"	"Всего"	"1"	"3 836 505 000 000"
"Объем выполненных строительных работ (услуг)(Тысяч тенге казахских)"	"2019 год"	"201912"	"МАЙСКИЙ РАЙОН"	"16512"	"Всего"	"1"	"Всего"	"1"	"Всего"	"1"	"7 223 735 000 000"
"Объем выполненных строительных работ (услуг)(Тысяч тенге казахских)"	"2020 год"	"202012"	"МАЙСКИЙ РАЙОН"	"16512"	"Всего"	"1"	"Всего"	"1"	"Всего"	"1"	"6 630 229 000 000"
"Объем выполненных строительных работ (услуг)(Тысяч тенге казахских)"	"2021 год"	"202112"	"МАЙСКИЙ РАЙОН"	"16512"	"Всего"	"1"	"Всего"	"1"	"Всего"	"1"	"9 275 644 000 000"
"Объем выполненных строительных работ (услуг)(Тысяч тенге казахских)"	"2022 год"	"202212"	"МАЙСКИЙ РАЙОН"	"16512"	"Всего"	"1"	"Всего"	"1"	"Всего"	"1"	"7 367 256 000 000"
"Объем выполненных строительных работ (услуг)(Тысяч тенге казахских)"	"2017 год"	"201712"	"МАЙСКИЙ РАЙОН"	"16512"	"основной вид деятельности"	"2"	"Всего"	"1"	"Всего"	"1"	"1 966 199 000 000"
"Объем выполненных строительных работ (услуг)(Тысяч тенге казахских)"	"2016 год"	"201612"	"МАЙСКИЙ РАЙОН"	"16512"	"основной вид деятельности"	"2"	"Всего"	"1"	"Всего"	"1"	"3 308 669 000 000"
"Объем выполненных строительных работ (услуг)(Тысяч тенге казахских)"	"2018 год"	"201812"	"МАЙСКИЙ РАЙОН"	"16512"	"основной вид деятельности"	"2"	"Всего"	"1"	"Всего"	"1"	"3 818 841 000 000"
"Объем выполненных строительных работ (услуг)(Тысяч тенге казахских)"	"2019 год"	"201912"	"МАЙСКИЙ РАЙОН"	"16512"	"основной вид деятельности"	"2"	"Всего"	"1"	"Всего"	"1"	"7 207 174 000 000"
"Объем выполненных строительных работ (услуг)(Тысяч тенге казахских)"	"2020 год"	"202012"	"МАЙСКИЙ РАЙОН"	"16512"	"основной вид деятельности"	"2"	"Всего"	"1"	"Всего"	"1"	"4 168 089 000 000"
"Объем выполненных строительных работ (услуг)(Тысяч тенге казахских)"	"2021 год"	"202112"	"МАЙСКИЙ РАЙОН"	"16512"	"основной вид деятельности"	"2"	"Всего"	"1"	"Всего"	"1"	"5 420 944 000 000"
"Объем выполненных строительных работ (услуг)(Тысяч тенге казахских)"	"2022 год"	"202212"	"МАЙСКИЙ РАЙОН"	"16512"	"основной вид деятельности"	"2"	"Всего"	"1"	"Всего"	"1"	"7 271 125 000 000"
"Объем выполненных строительных работ (услуг)(Тысяч тенге казахских)"	"2017 год"	"201712"	"МАЙСКИЙ РАЙОН"	"16512"	"вторичный вид деятельности"	"3"	"Всего"	"1"	"Всего"	"1"	"285 287 000 000"
"Объем выполненных строительных работ (услуг)(Тысяч тенге казахских)"	"2016 год"	"201612"	"МАЙСКИЙ РАЙОН"	"16512"	"вторичный вид деятельности"	"3"	"Всего"	"1"	"Всего"	"1"	"294 647 000 000"
"Объем выполненных строительных работ (услуг)(Тысяч тенге казахских)"	"2018 год"	"201812"	"МАЙСКИЙ РАЙОН"	"16512"	"вторичный вид деятельности"	"3"	"Всего"	"1"	"Всего"	"1"	"17 664 000 000"
"Объем выполненных строительных работ (услуг)(Тысяч тенге казахских)"	"2019 год"	"201912"	"МАЙСКИЙ РАЙОН"	"16512"	"вторичный вид деятельности"	"3"	"Всего"	"1"	"Всего"	"1"	"16 561 000 000"
"Объем выполненных строительных работ (услуг)(Тысяч тенге казахских)"	"2020 год"	"202012"	"МАЙСКИЙ РАЙОН"	"16512"	"вторичный вид деятельности"	"3"	"Всего"	"1"	"Всего"	"1"	"2 462 140 000 000"
"Объем выполненных строительных работ (услуг)(Тысяч тенге казахских)"	"2021 год"	"202112"	"МАЙСКИЙ РАЙОН"	"16512"	"вторичный вид деятельности"	"3"	"Всего"	"1"	"Всего"	"1"	"3 854 700 000 000"
"Объем выполненных строительных работ (услуг)(Тысяч тенге казахских)"	"2022 год"	"202212"	"МАЙСКИЙ РАЙОН"	"16512"	"вторичный вид деятельности"	"3"	"Всего"	"1"	"Всего"	"1"	"96 131 000 000"
"Объем выполненных строительных работ (услуг)(Тысяч тенге казахских)"	"2017 год"	"201712"	"ПАВЛОДАРСКИЙ РАЙОН"	"16628"	"Всего"	"1"	"Всего"	"1"	"Всего"	"1"	"9 417 935 000 000"
"Объем выполненных строительных работ (услуг)(Тысяч тенге казахских)"	"2016 год"	"201612"	"ПАВЛОДАРСКИЙ РАЙОН"	"16628"	"Всего"	"1"	"Всего"	"1"	"Всего"	"1"	"10 600 191 000 000"
"Объем выполненных строительных работ (услуг)(Тысяч тенге казахских)"	"2018 год"	"201812"	"ПАВЛОДАРСКИЙ РАЙОН"	"16628"	"Всего"	"1"	"Всего"	"1"	"Всего"	"1"	"3 042 501 000 000"
"Объем выполненных строительных работ (услуг)(Тысяч тенге казахских)"	"2019 год"	"201912"	"ПАВЛОДАРСКИЙ РАЙОН"	"16628"	"Всего"	"1"	"Всего"	"1"	"Всего"	"1"	"4 035 754 000 000"
"Объем выполненных строительных работ (услуг)(Тысяч тенге казахских)"	"2020 год"	"202012"	"ПАВЛОДАРСКИЙ РАЙОН"	"16628"	"Всего"	"1"	"Всего"	"1"	"Всего"	"1"	"10 361 223 000 000"
"Объем выполненных строительных работ (услуг)(Тысяч тенге казахских)"	"2021 год"	"202112"	"ПАВЛОДАРСКИЙ РАЙОН"	"16628"	"Всего"	"1"	"Всего"	"1"	"Всего"	"1"	"12 026 609 000 000"
"Объем выполненных строительных работ (услуг)(Тысяч тенге казахских)"	"2022 год"	"202212"	"ПАВЛОДАРСКИЙ РАЙОН"	"16628"	"Всего"	"1"	"Всего"	"1"	"Всего"	"1"	"14 930 073 000 000"
"Объем выполненных строительных работ (услуг)(Тысяч тенге казахских)"	"2017 год"	"201712"	"ПАВЛОДАРСКИЙ РАЙОН"	"16628"	"основной вид деятельности"	"2"	"Всего"	"1"	"Всего"	"1"	"9 224 203 000 000"
"Объем выполненных строительных работ (услуг)(Тысяч тенге казахских)"	"2016 год"	"201612"	"ПАВЛОДАРСКИЙ РАЙОН"	"16628"	"основной вид деятельности"	"2"	"Всего"	"1"	"Всего"	"1"	"10 468 138 000 000"
"Объем выполненных строительных работ (услуг)(Тысяч тенге казахских)"	"2018 год"	"201812"	"ПАВЛОДАРСКИЙ РАЙОН"	"16628"	"основной вид деятельности"	"2"	"Всего"	"1"	"Всего"	"1"	"2 418 454 000 000"
"Объем выполненных строительных работ (услуг)(Тысяч тенге казахских)"	"2019 год"	"201912"	"ПАВЛОДАРСКИЙ РАЙОН"	"16628"	"основной вид деятельности"	"2"	"Всего"	"1"	"Всего"	"1"	"3 574 755 000 000"
"Объем выполненных строительных работ (услуг)(Тысяч тенге казахских)"	"2020 год"	"202012"	"ПАВЛОДАРСКИЙ РАЙОН"	"16628"	"основной вид деятельности"	"2"	"Всего"	"1"	"Всего"	"1"	"8 096 602 000 000"
"Объем выполненных строительных работ (услуг)(Тысяч тенге казахских)"	"2021 год"	"202112"	"ПАВЛОДАРСКИЙ РАЙОН"	"16628"	"основной вид деятельности"	"2"	"Всего"	"1"	"Всего"	"1"	"8 180 888 000 000"
"Объем выполненных строительных работ (услуг)(Тысяч тенге казахских)"	"2022 год"	"202212"	"ПАВЛОДАРСКИЙ РАЙОН"	"16628"	"основной вид деятельности"	"2"	"Всего"	"1"	"Всего"	"1"	"14 718 969 000 000"
"Объем выполненных строительных работ (услуг)(Тысяч тенге казахских)"	"2017 год"	"201712"	"ПАВЛОДАРСКИЙ РАЙОН"	"16628"	"вторичный вид деятельности"	"3"	"Всего"	"1"	"Всего"	"1"	"193 732 000 000"
"Объем выполненных строительных работ (услуг)(Тысяч тенге казахских)"	"2016 год"	"201612"	"ПАВЛОДАРСКИЙ РАЙОН"	"16628"	"вторичный вид деятельности"	"3"	"Всего"	"1"	"Всего"	"1"	"132 053 000 000"
"Объем выполненных строительных работ (услуг)(Тысяч тенге казахских)"	"2018 год"	"201812"	"ПАВЛОДАРСКИЙ РАЙОН"	"16628"	"вторичный вид деятельности"	"3"	"Всего"	"1"	"Всего"	"1"	"624 047 000 000"
"Объем выполненных строительных работ (услуг)(Тысяч тенге казахских)"	"2019 год"	"201912"	"ПАВЛОДАРСКИЙ РАЙОН"	"16628"	"вторичный вид деятельности"	"3"	"Всего"	"1"	"Всего"	"1"	"460 999 000 000"
"Объем выполненных строительных работ (услуг)(Тысяч тенге казахских)"	"2020 год"	"202012"	"ПАВЛОДАРСКИЙ РАЙОН"	"16628"	"вторичный вид деятельности"	"3"	"Всего"	"1"	"Всего"	"1"	"2 264 621 000 000"
"Объем выполненных строительных работ (услуг)(Тысяч тенге казахских)"	"2021 год"	"202112"	"ПАВЛОДАРСКИЙ РАЙОН"	"16628"	"вторичный вид деятельности"	"3"	"Всего"	"1"	"Всего"	"1"	"3 845 721 000 000"
"Объем выполненных строительных работ (услуг)(Тысяч тенге казахских)"	"2022 год"	"202212"	"ПАВЛОДАРСКИЙ РАЙОН"	"16628"	"вторичный вид деятельности"	"3"	"Всего"	"1"	"Всего"	"1"	"211 104 000 000"
"Объем выполненных строительных работ (услуг)(Тысяч тенге казахских)"	"2017 год"	"201712"	"УСПЕНСКИЙ РАЙОН"	"16709"	"Всего"	"1"	"Всего"	"1"	"Всего"	"1"	"4 009 900 000 000"
"Объем выполненных строительных работ (услуг)(Тысяч тенге казахских)"	"2016 год"	"201612"	"УСПЕНСКИЙ РАЙОН"	"16709"	"Всего"	"1"	"Всего"	"1"	"Всего"	"1"	"1 515 022 000 000"
"Объем выполненных строительных работ (услуг)(Тысяч тенге казахских)"	"2018 год"	"201812"	"УСПЕНСКИЙ РАЙОН"	"16709"	"Всего"	"1"	"Всего"	"1"	"Всего"	"1"	"7 718 569 000 000"
"Объем выполненных строительных работ (услуг)(Тысяч тенге казахских)"	"2019 год"	"201912"	"УСПЕНСКИЙ РАЙОН"	"16709"	"Всего"	"1"	"Всего"	"1"	"Всего"	"1"	"4 279 000 000 000"
"Объем выполненных строительных работ (услуг)(Тысяч тенге казахских)"	"2020 год"	"202012"	"УСПЕНСКИЙ РАЙОН"	"16709"	"Всего"	"1"	"Всего"	"1"	"Всего"	"1"	"4 938 741 000 000"
"Объем выполненных строительных работ (услуг)(Тысяч тенге казахских)"	"2021 год"	"202112"	"УСПЕНСКИЙ РАЙОН"	"16709"	"Всего"	"1"	"Всего"	"1"	"Всего"	"1"	"4 652 712 000 000"
"Объем выполненных строительных работ (услуг)(Тысяч тенге казахских)"	"2022 год"	"202212"	"УСПЕНСКИЙ РАЙОН"	"16709"	"Всего"	"1"	"Всего"	"1"	"Всего"	"1"	"1 863 288 000 000"
"Объем выполненных строительных работ (услуг)(Тысяч тенге казахских)"	"2017 год"	"201712"	"УСПЕНСКИЙ РАЙОН"	"16709"	"основной вид деятельности"	"2"	"Всего"	"1"	"Всего"	"1"	"3 794 229 000 000"
"Объем выполненных строительных работ (услуг)(Тысяч тенге казахских)"	"2016 год"	"201612"	"УСПЕНСКИЙ РАЙОН"	"16709"	"основной вид деятельности"	"2"	"Всего"	"1"	"Всего"	"1"	"1 222 119 000 000"
"Объем выполненных строительных работ (услуг)(Тысяч тенге казахских)"	"2018 год"	"201812"	"УСПЕНСКИЙ РАЙОН"	"16709"	"основной вид деятельности"	"2"	"Всего"	"1"	"Всего"	"1"	"7 183 851 000 000"
"Объем выполненных строительных работ (услуг)(Тысяч тенге казахских)"	"2019 год"	"201912"	"УСПЕНСКИЙ РАЙОН"	"16709"	"основной вид деятельности"	"2"	"Всего"	"1"	"Всего"	"1"	"2 612 370 000 000"
"Объем выполненных строительных работ (услуг)(Тысяч тенге казахских)"	"2020 год"	"202012"	"УСПЕНСКИЙ РАЙОН"	"16709"	"основной вид деятельности"	"2"	"Всего"	"1"	"Всего"	"1"	"4 094 159 000 000"
"Объем выполненных строительных работ (услуг)(Тысяч тенге казахских)"	"2021 год"	"202112"	"УСПЕНСКИЙ РАЙОН"	"16709"	"основной вид деятельности"	"2"	"Всего"	"1"	"Всего"	"1"	"4 088 258 000 000"
"Объем выполненных строительных работ (услуг)(Тысяч тенге казахских)"	"2022 год"	"202212"	"УСПЕНСКИЙ РАЙОН"	"16709"	"основной вид деятельности"	"2"	"Всего"	"1"	"Всего"	"1"	"1 250 603 000 000"
"Объем выполненных строительных работ (услуг)(Тысяч тенге казахских)"	"2017 год"	"201712"	"УСПЕНСКИЙ РАЙОН"	"16709"	"вторичный вид деятельности"	"3"	"Всего"	"1"	"Всего"	"1"	"215 671 000 000"
"Объем выполненных строительных работ (услуг)(Тысяч тенге казахских)"	"2016 год"	"201612"	"УСПЕНСКИЙ РАЙОН"	"16709"	"вторичный вид деятельности"	"3"	"Всего"	"1"	"Всего"	"1"	"292 903 000 000"
"Объем выполненных строительных работ (услуг)(Тысяч тенге казахских)"	"2018 год"	"201812"	"УСПЕНСКИЙ РАЙОН"	"16709"	"вторичный вид деятельности"	"3"	"Всего"	"1"	"Всего"	"1"	"534 718 000 000"
"Объем выполненных строительных работ (услуг)(Тысяч тенге казахских)"	"2019 год"	"201912"	"УСПЕНСКИЙ РАЙОН"	"16709"	"вторичный вид деятельности"	"3"	"Всего"	"1"	"Всего"	"1"	"1 666 630 000 000"
"Объем выполненных строительных работ (услуг)(Тысяч тенге казахских)"	"2020 год"	"202012"	"УСПЕНСКИЙ РАЙОН"	"16709"	"вторичный вид деятельности"	"3"	"Всего"	"1"	"Всего"	"1"	"844 582 000 000"
"Объем выполненных строительных работ (услуг)(Тысяч тенге казахских)"	"2021 год"	"202112"	"УСПЕНСКИЙ РАЙОН"	"16709"	"вторичный вид деятельности"	"3"	"Всего"	"1"	"Всего"	"1"	"564 454 000 000"
"Объем выполненных строительных работ (услуг)(Тысяч тенге казахских)"	"2022 год"	"202212"	"УСПЕНСКИЙ РАЙОН"	"16709"	"вторичный вид деятельности"	"3"	"Всего"	"1"	"Всего"	"1"	"612 685 000 000"
"Объем выполненных строительных работ (услуг)(Тысяч тенге казахских)"	"2017 год"	"201712"	"ЩЕРБАКТИНСКИЙ РАЙОН"	"16750"	"Всего"	"1"	"Всего"	"1"	"Всего"	"1"	"2 046 699 000 000"
"Объем выполненных строительных работ (услуг)(Тысяч тенге казахских)"	"2016 год"	"201612"	"ЩЕРБАКТИНСКИЙ РАЙОН"	"16750"	"Всего"	"1"	"Всего"	"1"	"Всего"	"1"	"994 242 000 000"
"Объем выполненных строительных работ (услуг)(Тысяч тенге казахских)"	"2018 год"	"201812"	"ЩЕРБАКТИНСКИЙ РАЙОН"	"16750"	"Всего"	"1"	"Всего"	"1"	"Всего"	"1"	"4 478 126 000 000"
"Объем выполненных строительных работ (услуг)(Тысяч тенге казахских)"	"2019 год"	"201912"	"ЩЕРБАКТИНСКИЙ РАЙОН"	"16750"	"Всего"	"1"	"Всего"	"1"	"Всего"	"1"	"3 813 388 000 000"
"Объем выполненных строительных работ (услуг)(Тысяч тенге казахских)"	"2020 год"	"202012"	"ЩЕРБАКТИНСКИЙ РАЙОН"	"16750"	"Всего"	"1"	"Всего"	"1"	"Всего"	"1"	"3 764 301 000 000"
"Объем выполненных строительных работ (услуг)(Тысяч тенге казахских)"	"2021 год"	"202112"	"ЩЕРБАКТИНСКИЙ РАЙОН"	"16750"	"Всего"	"1"	"Всего"	"1"	"Всего"	"1"	"2 825 457 000 000"
"Объем выполненных строительных работ (услуг)(Тысяч тенге казахских)"	"2022 год"	"202212"	"ЩЕРБАКТИНСКИЙ РАЙОН"	"16750"	"Всего"	"1"	"Всего"	"1"	"Всего"	"1"	"4 106 353 000 000"
"Объем выполненных строительных работ (услуг)(Тысяч тенге казахских)"	"2017 год"	"201712"	"ЩЕРБАКТИНСКИЙ РАЙОН"	"16750"	"основной вид деятельности"	"2"	"Всего"	"1"	"Всего"	"1"	"1 273 190 000 000"
"Объем выполненных строительных работ (услуг)(Тысяч тенге казахских)"	"2016 год"	"201612"	"ЩЕРБАКТИНСКИЙ РАЙОН"	"16750"	"основной вид деятельности"	"2"	"Всего"	"1"	"Всего"	"1"	"713 068 000 000"
"Объем выполненных строительных работ (услуг)(Тысяч тенге казахских)"	"2018 год"	"201812"	"ЩЕРБАКТИНСКИЙ РАЙОН"	"16750"	"основной вид деятельности"	"2"	"Всего"	"1"	"Всего"	"1"	"3 662 202 000 000"
"Объем выполненных строительных работ (услуг)(Тысяч тенге казахских)"	"2019 год"	"201912"	"ЩЕРБАКТИНСКИЙ РАЙОН"	"16750"	"основной вид деятельности"	"2"	"Всего"	"1"	"Всего"	"1"	"2 988 483 000 000"
"Объем выполненных строительных работ (услуг)(Тысяч тенге казахских)"	"2020 год"	"202012"	"ЩЕРБАКТИНСКИЙ РАЙОН"	"16750"	"основной вид деятельности"	"2"	"Всего"	"1"	"Всего"	"1"	"3 214 463 000 000"
"Объем выполненных строительных работ (услуг)(Тысяч тенге казахских)"	"2021 год"	"202112"	"ЩЕРБАКТИНСКИЙ РАЙОН"	"16750"	"основной вид деятельности"	"2"	"Всего"	"1"	"Всего"	"1"	"2 098 872 000 000"
"Объем выполненных строительных работ (услуг)(Тысяч тенге казахских)"	"2022 год"	"202212"	"ЩЕРБАКТИНСКИЙ РАЙОН"	"16750"	"основной вид деятельности"	"2"	"Всего"	"1"	"Всего"	"1"	"3 943 592 000 000"
"Объем выполненных строительных работ (услуг)(Тысяч тенге казахских)"	"2017 год"	"201712"	"ЩЕРБАКТИНСКИЙ РАЙОН"	"16750"	"вторичный вид деятельности"	"3"	"Всего"	"1"	"Всего"	"1"	"773 509 000 000"
"Объем выполненных строительных работ (услуг)(Тысяч тенге казахских)"	"2016 год"	"201612"	"ЩЕРБАКТИНСКИЙ РАЙОН"	"16750"	"вторичный вид деятельности"	"3"	"Всего"	"1"	"Всего"	"1"	"281 174 000 000"
"Объем выполненных строительных работ (услуг)(Тысяч тенге казахских)"	"2018 год"	"201812"	"ЩЕРБАКТИНСКИЙ РАЙОН"	"16750"	"вторичный вид деятельности"	"3"	"Всего"	"1"	"Всего"	"1"	"815 924 000 000"
"Объем выполненных строительных работ (услуг)(Тысяч тенге казахских)"	"2019 год"	"201912"	"ЩЕРБАКТИНСКИЙ РАЙОН"	"16750"	"вторичный вид деятельности"	"3"	"Всего"	"1"	"Всего"	"1"	"824 905 000 000"
"Объем выполненных строительных работ (услуг)(Тысяч тенге казахских)"	"2020 год"	"202012"	"ЩЕРБАКТИНСКИЙ РАЙОН"	"16750"	"вторичный вид деятельности"	"3"	"Всего"	"1"	"Всего"	"1"	"549 838 000 000"
"Объем выполненных строительных работ (услуг)(Тысяч тенге казахских)"	"2021 год"	"202112"	"ЩЕРБАКТИНСКИЙ РАЙОН"	"16750"	"вторичный вид деятельности"	"3"	"Всего"	"1"	"Всего"	"1"	"726 585 000 000"
"Объем выполненных строительных работ (услуг)(Тысяч тенге казахских)"	"2022 год"	"202212"	"ЩЕРБАКТИНСКИЙ РАЙОН"	"16750"	"вторичный вид деятельности"	"3"	"Всего"	"1"	"Всего"	"1"	"162 761 000 000"
"Объем выполненных строительных работ (услуг)(Тысяч тенге казахских)"	"2017 год"	"201712"	"СЕВЕРО-КАЗАХСТАНСКАЯ ОБЛАСТЬ"	"16809"	"Всего"	"1"	"Всего"	"1"	"Всего"	"1"	"65 476 752 000 000"
"Объем выполненных строительных работ (услуг)(Тысяч тенге казахских)"	"2016 год"	"201612"	"СЕВЕРО-КАЗАХСТАНСКАЯ ОБЛАСТЬ"	"16809"	"Всего"	"1"	"Всего"	"1"	"Всего"	"1"	"58 635 876 000 000"
"Объем выполненных строительных работ (услуг)(Тысяч тенге казахских)"	"2018 год"	"201812"	"СЕВЕРО-КАЗАХСТАНСКАЯ ОБЛАСТЬ"	"16809"	"Всего"	"1"	"Всего"	"1"	"Всего"	"1"	"79 406 247 000 000"
"Объем выполненных строительных работ (услуг)(Тысяч тенге казахских)"	"2019 год"	"201912"	"СЕВЕРО-КАЗАХСТАНСКАЯ ОБЛАСТЬ"	"16809"	"Всего"	"1"	"Всего"	"1"	"Всего"	"1"	"88 069 820 000 000"
"Объем выполненных строительных работ (услуг)(Тысяч тенге казахских)"	"2020 год"	"202012"	"СЕВЕРО-КАЗАХСТАНСКАЯ ОБЛАСТЬ"	"16809"	"Всего"	"1"	"Всего"	"1"	"Всего"	"1"	"97 255 096 000 000"
"Объем выполненных строительных работ (услуг)(Тысяч тенге казахских)"	"2021 год"	"202112"	"СЕВЕРО-КАЗАХСТАНСКАЯ ОБЛАСТЬ"	"16809"	"Всего"	"1"	"Всего"	"1"	"Всего"	"1"	"108 764 107 000 000"
"Объем выполненных строительных работ (услуг)(Тысяч тенге казахских)"	"2022 год"	"202212"	"СЕВЕРО-КАЗАХСТАНСКАЯ ОБЛАСТЬ"	"16809"	"Всего"	"1"	"Всего"	"1"	"Всего"	"1"	"124 396 331 000 000"
"Объем выполненных строительных работ (услуг)(Тысяч тенге казахских)"	"2017 год"	"201712"	"СЕВЕРО-КАЗАХСТАНСКАЯ ОБЛАСТЬ"	"16809"	"основной вид деятельности"	"2"	"Всего"	"1"	"Всего"	"1"	"60 413 206 000 000"
"Объем выполненных строительных работ (услуг)(Тысяч тенге казахских)"	"2016 год"	"201612"	"СЕВЕРО-КАЗАХСТАНСКАЯ ОБЛАСТЬ"	"16809"	"основной вид деятельности"	"2"	"Всего"	"1"	"Всего"	"1"	"56 797 037 000 000"
"Объем выполненных строительных работ (услуг)(Тысяч тенге казахских)"	"2018 год"	"201812"	"СЕВЕРО-КАЗАХСТАНСКАЯ ОБЛАСТЬ"	"16809"	"основной вид деятельности"	"2"	"Всего"	"1"	"Всего"	"1"	"74 344 753 000 000"
"Объем выполненных строительных работ (услуг)(Тысяч тенге казахских)"	"2019 год"	"201912"	"СЕВЕРО-КАЗАХСТАНСКАЯ ОБЛАСТЬ"	"16809"	"основной вид деятельности"	"2"	"Всего"	"1"	"Всего"	"1"	"70 144 741 000 000"
"Объем выполненных строительных работ (услуг)(Тысяч тенге казахских)"	"2020 год"	"202012"	"СЕВЕРО-КАЗАХСТАНСКАЯ ОБЛАСТЬ"	"16809"	"основной вид деятельности"	"2"	"Всего"	"1"	"Всего"	"1"	"84 605 125 000 000"
"Объем выполненных строительных работ (услуг)(Тысяч тенге казахских)"	"2021 год"	"202112"	"СЕВЕРО-КАЗАХСТАНСКАЯ ОБЛАСТЬ"	"16809"	"основной вид деятельности"	"2"	"Всего"	"1"	"Всего"	"1"	"93 190 624 000 000"
"Объем выполненных строительных работ (услуг)(Тысяч тенге казахских)"	"2022 год"	"202212"	"СЕВЕРО-КАЗАХСТАНСКАЯ ОБЛАСТЬ"	"16809"	"основной вид деятельности"	"2"	"Всего"	"1"	"Всего"	"1"	"104 454 247 000 000"
"Объем выполненных строительных работ (услуг)(Тысяч тенге казахских)"	"2017 год"	"201712"	"СЕВЕРО-КАЗАХСТАНСКАЯ ОБЛАСТЬ"	"16809"	"вторичный вид деятельности"	"3"	"Всего"	"1"	"Всего"	"1"	"5 063 546 000 000"
"Объем выполненных строительных работ (услуг)(Тысяч тенге казахских)"	"2016 год"	"201612"	"СЕВЕРО-КАЗАХСТАНСКАЯ ОБЛАСТЬ"	"16809"	"вторичный вид деятельности"	"3"	"Всего"	"1"	"Всего"	"1"	"1 838 839 000 000"
"Объем выполненных строительных работ (услуг)(Тысяч тенге казахских)"	"2018 год"	"201812"	"СЕВЕРО-КАЗАХСТАНСКАЯ ОБЛАСТЬ"	"16809"	"вторичный вид деятельности"	"3"	"Всего"	"1"	"Всего"	"1"	"5 061 494 000 000"
"Объем выполненных строительных работ (услуг)(Тысяч тенге казахских)"	"2019 год"	"201912"	"СЕВЕРО-КАЗАХСТАНСКАЯ ОБЛАСТЬ"	"16809"	"вторичный вид деятельности"	"3"	"Всего"	"1"	"Всего"	"1"	"17 925 079 000 000"
"Объем выполненных строительных работ (услуг)(Тысяч тенге казахских)"	"2020 год"	"202012"	"СЕВЕРО-КАЗАХСТАНСКАЯ ОБЛАСТЬ"	"16809"	"вторичный вид деятельности"	"3"	"Всего"	"1"	"Всего"	"1"	"12 649 971 000 000"
"Объем выполненных строительных работ (услуг)(Тысяч тенге казахских)"	"2021 год"	"202112"	"СЕВЕРО-КАЗАХСТАНСКАЯ ОБЛАСТЬ"	"16809"	"вторичный вид деятельности"	"3"	"Всего"	"1"	"Всего"	"1"	"15 573 483 000 000"
"Объем выполненных строительных работ (услуг)(Тысяч тенге казахских)"	"2022 год"	"202212"	"СЕВЕРО-КАЗАХСТАНСКАЯ ОБЛАСТЬ"	"16809"	"вторичный вид деятельности"	"3"	"Всего"	"1"	"Всего"	"1"	"19 942 084 000 000"
"Объем выполненных строительных работ (услуг)(Тысяч тенге казахских)"	"2017 год"	"201712"	"ПЕТРОПАВЛОВСК Г.А."	"16810"	"Всего"	"1"	"Всего"	"1"	"Всего"	"1"	"35 497 573 000 000"
"Объем выполненных строительных работ (услуг)(Тысяч тенге казахских)"	"2016 год"	"201612"	"ПЕТРОПАВЛОВСК Г.А."	"16810"	"Всего"	"1"	"Всего"	"1"	"Всего"	"1"	"33 486 137 000 000"
"Объем выполненных строительных работ (услуг)(Тысяч тенге казахских)"	"2018 год"	"201812"	"ПЕТРОПАВЛОВСК Г.А."	"16810"	"Всего"	"1"	"Всего"	"1"	"Всего"	"1"	"37 481 929 000 000"
"Объем выполненных строительных работ (услуг)(Тысяч тенге казахских)"	"2019 год"	"201912"	"ПЕТРОПАВЛОВСК Г.А."	"16810"	"Всего"	"1"	"Всего"	"1"	"Всего"	"1"	"40 801 304 000 000"
"Объем выполненных строительных работ (услуг)(Тысяч тенге казахских)"	"2020 год"	"202012"	"ПЕТРОПАВЛОВСК Г.А."	"16810"	"Всего"	"1"	"Всего"	"1"	"Всего"	"1"	"45 576 696 000 000"
"Объем выполненных строительных работ (услуг)(Тысяч тенге казахских)"	"2021 год"	"202112"	"ПЕТРОПАВЛОВСК Г.А."	"16810"	"Всего"	"1"	"Всего"	"1"	"Всего"	"1"	"54 426 256 000 000"
"Объем выполненных строительных работ (услуг)(Тысяч тенге казахских)"	"2022 год"	"202212"	"ПЕТРОПАВЛОВСК Г.А."	"16810"	"Всего"	"1"	"Всего"	"1"	"Всего"	"1"	"63 479 256 000 000"
"Объем выполненных строительных работ (услуг)(Тысяч тенге казахских)"	"2017 год"	"201712"	"ПЕТРОПАВЛОВСК Г.А."	"16810"	"основной вид деятельности"	"2"	"Всего"	"1"	"Всего"	"1"	"34 387 557 000 000"
"Объем выполненных строительных работ (услуг)(Тысяч тенге казахских)"	"2016 год"	"201612"	"ПЕТРОПАВЛОВСК Г.А."	"16810"	"основной вид деятельности"	"2"	"Всего"	"1"	"Всего"	"1"	"31 989 462 000 000"
"Объем выполненных строительных работ (услуг)(Тысяч тенге казахских)"	"2018 год"	"201812"	"ПЕТРОПАВЛОВСК Г.А."	"16810"	"основной вид деятельности"	"2"	"Всего"	"1"	"Всего"	"1"	"36 609 923 000 000"
"Объем выполненных строительных работ (услуг)(Тысяч тенге казахских)"	"2019 год"	"201912"	"ПЕТРОПАВЛОВСК Г.А."	"16810"	"основной вид деятельности"	"2"	"Всего"	"1"	"Всего"	"1"	"29 870 767 000 000"
"Объем выполненных строительных работ (услуг)(Тысяч тенге казахских)"	"2020 год"	"202012"	"ПЕТРОПАВЛОВСК Г.А."	"16810"	"основной вид деятельности"	"2"	"Всего"	"1"	"Всего"	"1"	"40 991 525 000 000"
"Объем выполненных строительных работ (услуг)(Тысяч тенге казахских)"	"2021 год"	"202112"	"ПЕТРОПАВЛОВСК Г.А."	"16810"	"основной вид деятельности"	"2"	"Всего"	"1"	"Всего"	"1"	"48 100 235 000 000"
"Объем выполненных строительных работ (услуг)(Тысяч тенге казахских)"	"2022 год"	"202212"	"ПЕТРОПАВЛОВСК Г.А."	"16810"	"основной вид деятельности"	"2"	"Всего"	"1"	"Всего"	"1"	"51 994 179 000 000"
"Объем выполненных строительных работ (услуг)(Тысяч тенге казахских)"	"2017 год"	"201712"	"ПЕТРОПАВЛОВСК Г.А."	"16810"	"вторичный вид деятельности"	"3"	"Всего"	"1"	"Всего"	"1"	"1 110 016 000 000"
"Объем выполненных строительных работ (услуг)(Тысяч тенге казахских)"	"2016 год"	"201612"	"ПЕТРОПАВЛОВСК Г.А."	"16810"	"вторичный вид деятельности"	"3"	"Всего"	"1"	"Всего"	"1"	"1 496 675 000 000"
"Объем выполненных строительных работ (услуг)(Тысяч тенге казахских)"	"2018 год"	"201812"	"ПЕТРОПАВЛОВСК Г.А."	"16810"	"вторичный вид деятельности"	"3"	"Всего"	"1"	"Всего"	"1"	"872 006 000 000"
"Объем выполненных строительных работ (услуг)(Тысяч тенге казахских)"	"2019 год"	"201912"	"ПЕТРОПАВЛОВСК Г.А."	"16810"	"вторичный вид деятельности"	"3"	"Всего"	"1"	"Всего"	"1"	"10 930 537 000 000"
"Объем выполненных строительных работ (услуг)(Тысяч тенге казахских)"	"2020 год"	"202012"	"ПЕТРОПАВЛОВСК Г.А."	"16810"	"вторичный вид деятельности"	"3"	"Всего"	"1"	"Всего"	"1"	"4 585 171 000 000"
"Объем выполненных строительных работ (услуг)(Тысяч тенге казахских)"	"2021 год"	"202112"	"ПЕТРОПАВЛОВСК Г.А."	"16810"	"вторичный вид деятельности"	"3"	"Всего"	"1"	"Всего"	"1"	"6 326 021 000 000"
"Объем выполненных строительных работ (услуг)(Тысяч тенге казахских)"	"2022 год"	"202212"	"ПЕТРОПАВЛОВСК Г.А."	"16810"	"вторичный вид деятельности"	"3"	"Всего"	"1"	"Всего"	"1"	"11 485 077 000 000"
"Объем выполненных строительных работ (услуг)(Тысяч тенге казахских)"	"2017 год"	"201712"	"АЙЫРТАУСКИЙ РАЙОН"	"16817"	"Всего"	"1"	"Всего"	"1"	"Всего"	"1"	"1 284 529 000 000"
"Объем выполненных строительных работ (услуг)(Тысяч тенге казахских)"	"2016 год"	"201612"	"АЙЫРТАУСКИЙ РАЙОН"	"16817"	"Всего"	"1"	"Всего"	"1"	"Всего"	"1"	"1 184 230 000 000"
"Объем выполненных строительных работ (услуг)(Тысяч тенге казахских)"	"2018 год"	"201812"	"АЙЫРТАУСКИЙ РАЙОН"	"16817"	"Всего"	"1"	"Всего"	"1"	"Всего"	"1"	"3 612 832 000 000"
"Объем выполненных строительных работ (услуг)(Тысяч тенге казахских)"	"2019 год"	"201912"	"АЙЫРТАУСКИЙ РАЙОН"	"16817"	"Всего"	"1"	"Всего"	"1"	"Всего"	"1"	"5 466 047 000 000"
"Объем выполненных строительных работ (услуг)(Тысяч тенге казахских)"	"2020 год"	"202012"	"АЙЫРТАУСКИЙ РАЙОН"	"16817"	"Всего"	"1"	"Всего"	"1"	"Всего"	"1"	"3 668 265 000 000"
"Объем выполненных строительных работ (услуг)(Тысяч тенге казахских)"	"2021 год"	"202112"	"АЙЫРТАУСКИЙ РАЙОН"	"16817"	"Всего"	"1"	"Всего"	"1"	"Всего"	"1"	"4 067 200 000 000"
"Объем выполненных строительных работ (услуг)(Тысяч тенге казахских)"	"2022 год"	"202212"	"АЙЫРТАУСКИЙ РАЙОН"	"16817"	"Всего"	"1"	"Всего"	"1"	"Всего"	"1"	"5 317 676 000 000"
"Объем выполненных строительных работ (услуг)(Тысяч тенге казахских)"	"2017 год"	"201712"	"АЙЫРТАУСКИЙ РАЙОН"	"16817"	"основной вид деятельности"	"2"	"Всего"	"1"	"Всего"	"1"	"1 283 127 000 000"
"Объем выполненных строительных работ (услуг)(Тысяч тенге казахских)"	"2016 год"	"201612"	"АЙЫРТАУСКИЙ РАЙОН"	"16817"	"основной вид деятельности"	"2"	"Всего"	"1"	"Всего"	"1"	"1 180 761 000 000"
"Объем выполненных строительных работ (услуг)(Тысяч тенге казахских)"	"2018 год"	"201812"	"АЙЫРТАУСКИЙ РАЙОН"	"16817"	"основной вид деятельности"	"2"	"Всего"	"1"	"Всего"	"1"	"3 612 832 000 000"
"Объем выполненных строительных работ (услуг)(Тысяч тенге казахских)"	"2019 год"	"201912"	"АЙЫРТАУСКИЙ РАЙОН"	"16817"	"основной вид деятельности"	"2"	"Всего"	"1"	"Всего"	"1"	"4 173 104 000 000"
"Объем выполненных строительных работ (услуг)(Тысяч тенге казахских)"	"2020 год"	"202012"	"АЙЫРТАУСКИЙ РАЙОН"	"16817"	"основной вид деятельности"	"2"	"Всего"	"1"	"Всего"	"1"	"2 904 619 000 000"
"Объем выполненных строительных работ (услуг)(Тысяч тенге казахских)"	"2021 год"	"202112"	"АЙЫРТАУСКИЙ РАЙОН"	"16817"	"основной вид деятельности"	"2"	"Всего"	"1"	"Всего"	"1"	"3 340 377 000 000"
"Объем выполненных строительных работ (услуг)(Тысяч тенге казахских)"	"2022 год"	"202212"	"АЙЫРТАУСКИЙ РАЙОН"	"16817"	"основной вид деятельности"	"2"	"Всего"	"1"	"Всего"	"1"	"4 782 081 000 000"
"Объем выполненных строительных работ (услуг)(Тысяч тенге казахских)"	"2017 год"	"201712"	"АЙЫРТАУСКИЙ РАЙОН"	"16817"	"вторичный вид деятельности"	"3"	"Всего"	"1"	"Всего"	"1"	"1 402 000 000"
"Объем выполненных строительных работ (услуг)(Тысяч тенге казахских)"	"2016 год"	"201612"	"АЙЫРТАУСКИЙ РАЙОН"	"16817"	"вторичный вид деятельности"	"3"	"Всего"	"1"	"Всего"	"1"	"3 469 000 000"
"Объем выполненных строительных работ (услуг)(Тысяч тенге казахских)"	"2019 год"	"201912"	"АЙЫРТАУСКИЙ РАЙОН"	"16817"	"вторичный вид деятельности"	"3"	"Всего"	"1"	"Всего"	"1"	"1 292 943 000 000"
"Объем выполненных строительных работ (услуг)(Тысяч тенге казахских)"	"2020 год"	"202012"	"АЙЫРТАУСКИЙ РАЙОН"	"16817"	"вторичный вид деятельности"	"3"	"Всего"	"1"	"Всего"	"1"	"763 646 000 000"
"Объем выполненных строительных работ (услуг)(Тысяч тенге казахских)"	"2021 год"	"202112"	"АЙЫРТАУСКИЙ РАЙОН"	"16817"	"вторичный вид деятельности"	"3"	"Всего"	"1"	"Всего"	"1"	"726 823 000 000"
"Объем выполненных строительных работ (услуг)(Тысяч тенге казахских)"	"2022 год"	"202212"	"АЙЫРТАУСКИЙ РАЙОН"	"16817"	"вторичный вид деятельности"	"3"	"Всего"	"1"	"Всего"	"1"	"535 595 000 000"
"Объем выполненных строительных работ (услуг)(Тысяч тенге казахских)"	"2017 год"	"201712"	"АКЖАРСКИЙ РАЙОН"	"16926"	"Всего"	"1"	"Всего"	"1"	"Всего"	"1"	"864 372 000 000"
"Объем выполненных строительных работ (услуг)(Тысяч тенге казахских)"	"2016 год"	"201612"	"АКЖАРСКИЙ РАЙОН"	"16926"	"Всего"	"1"	"Всего"	"1"	"Всего"	"1"	"297 599 000 000"
"Объем выполненных строительных работ (услуг)(Тысяч тенге казахских)"	"2018 год"	"201812"	"АКЖАРСКИЙ РАЙОН"	"16926"	"Всего"	"1"	"Всего"	"1"	"Всего"	"1"	"1 071 996 000 000"
"Объем выполненных строительных работ (услуг)(Тысяч тенге казахских)"	"2019 год"	"201912"	"АКЖАРСКИЙ РАЙОН"	"16926"	"Всего"	"1"	"Всего"	"1"	"Всего"	"1"	"2 259 652 000 000"
"Объем выполненных строительных работ (услуг)(Тысяч тенге казахских)"	"2020 год"	"202012"	"АКЖАРСКИЙ РАЙОН"	"16926"	"Всего"	"1"	"Всего"	"1"	"Всего"	"1"	"1 532 800 000 000"
"Объем выполненных строительных работ (услуг)(Тысяч тенге казахских)"	"2021 год"	"202112"	"АКЖАРСКИЙ РАЙОН"	"16926"	"Всего"	"1"	"Всего"	"1"	"Всего"	"1"	"2 278 208 000 000"
"Объем выполненных строительных работ (услуг)(Тысяч тенге казахских)"	"2022 год"	"202212"	"АКЖАРСКИЙ РАЙОН"	"16926"	"Всего"	"1"	"Всего"	"1"	"Всего"	"1"	"2 628 473 000 000"
"Объем выполненных строительных работ (услуг)(Тысяч тенге казахских)"	"2017 год"	"201712"	"АКЖАРСКИЙ РАЙОН"	"16926"	"основной вид деятельности"	"2"	"Всего"	"1"	"Всего"	"1"	"567 748 000 000"
"Объем выполненных строительных работ (услуг)(Тысяч тенге казахских)"	"2016 год"	"201612"	"АКЖАРСКИЙ РАЙОН"	"16926"	"основной вид деятельности"	"2"	"Всего"	"1"	"Всего"	"1"	"267 015 000 000"
"Объем выполненных строительных работ (услуг)(Тысяч тенге казахских)"	"2018 год"	"201812"	"АКЖАРСКИЙ РАЙОН"	"16926"	"основной вид деятельности"	"2"	"Всего"	"1"	"Всего"	"1"	"914 853 000 000"
"Объем выполненных строительных работ (услуг)(Тысяч тенге казахских)"	"2019 год"	"201912"	"АКЖАРСКИЙ РАЙОН"	"16926"	"основной вид деятельности"	"2"	"Всего"	"1"	"Всего"	"1"	"1 927 622 000 000"
"Объем выполненных строительных работ (услуг)(Тысяч тенге казахских)"	"2020 год"	"202012"	"АКЖАРСКИЙ РАЙОН"	"16926"	"основной вид деятельности"	"2"	"Всего"	"1"	"Всего"	"1"	"1 365 801 000 000"
"Объем выполненных строительных работ (услуг)(Тысяч тенге казахских)"	"2021 год"	"202112"	"АКЖАРСКИЙ РАЙОН"	"16926"	"основной вид деятельности"	"2"	"Всего"	"1"	"Всего"	"1"	"1 188 671 000 000"
"Объем выполненных строительных работ (услуг)(Тысяч тенге казахских)"	"2022 год"	"202212"	"АКЖАРСКИЙ РАЙОН"	"16926"	"основной вид деятельности"	"2"	"Всего"	"1"	"Всего"	"1"	"2 581 463 000 000"
"Объем выполненных строительных работ (услуг)(Тысяч тенге казахских)"	"2017 год"	"201712"	"АКЖАРСКИЙ РАЙОН"	"16926"	"вторичный вид деятельности"	"3"	"Всего"	"1"	"Всего"	"1"	"296 624 000 000"
"Объем выполненных строительных работ (услуг)(Тысяч тенге казахских)"	"2016 год"	"201612"	"АКЖАРСКИЙ РАЙОН"	"16926"	"вторичный вид деятельности"	"3"	"Всего"	"1"	"Всего"	"1"	"30 584 000 000"
"Объем выполненных строительных работ (услуг)(Тысяч тенге казахских)"	"2018 год"	"201812"	"АКЖАРСКИЙ РАЙОН"	"16926"	"вторичный вид деятельности"	"3"	"Всего"	"1"	"Всего"	"1"	"157 143 000 000"
"Объем выполненных строительных работ (услуг)(Тысяч тенге казахских)"	"2019 год"	"201912"	"АКЖАРСКИЙ РАЙОН"	"16926"	"вторичный вид деятельности"	"3"	"Всего"	"1"	"Всего"	"1"	"332 030 000 000"
"Объем выполненных строительных работ (услуг)(Тысяч тенге казахских)"	"2020 год"	"202012"	"АКЖАРСКИЙ РАЙОН"	"16926"	"вторичный вид деятельности"	"3"	"Всего"	"1"	"Всего"	"1"	"166 999 000 000"
"Объем выполненных строительных работ (услуг)(Тысяч тенге казахских)"	"2021 год"	"202112"	"АКЖАРСКИЙ РАЙОН"	"16926"	"вторичный вид деятельности"	"3"	"Всего"	"1"	"Всего"	"1"	"1 089 537 000 000"
"Объем выполненных строительных работ (услуг)(Тысяч тенге казахских)"	"2022 год"	"202212"	"АКЖАРСКИЙ РАЙОН"	"16926"	"вторичный вид деятельности"	"3"	"Всего"	"1"	"Всего"	"1"	"47 010 000 000"
"Объем выполненных строительных работ (услуг)(Тысяч тенге казахских)"	"2017 год"	"201712"	"РАЙОН МАГЖАНА ЖУМАБАЕВА"	"16964"	"Всего"	"1"	"Всего"	"1"	"Всего"	"1"	"4 302 781 000 000"
"Объем выполненных строительных работ (услуг)(Тысяч тенге казахских)"	"2016 год"	"201612"	"РАЙОН МАГЖАНА ЖУМАБАЕВА"	"16964"	"Всего"	"1"	"Всего"	"1"	"Всего"	"1"	"2 703 541 000 000"
"Объем выполненных строительных работ (услуг)(Тысяч тенге казахских)"	"2018 год"	"201812"	"РАЙОН МАГЖАНА ЖУМАБАЕВА"	"16964"	"Всего"	"1"	"Всего"	"1"	"Всего"	"1"	"4 831 959 000 000"
"Объем выполненных строительных работ (услуг)(Тысяч тенге казахских)"	"2019 год"	"201912"	"РАЙОН МАГЖАНА ЖУМАБАЕВА"	"16964"	"Всего"	"1"	"Всего"	"1"	"Всего"	"1"	"5 220 406 000 000"
"Объем выполненных строительных работ (услуг)(Тысяч тенге казахских)"	"2020 год"	"202012"	"РАЙОН МАГЖАНА ЖУМАБАЕВА"	"16964"	"Всего"	"1"	"Всего"	"1"	"Всего"	"1"	"3 709 713 000 000"
"Объем выполненных строительных работ (услуг)(Тысяч тенге казахских)"	"2021 год"	"202112"	"РАЙОН МАГЖАНА ЖУМАБАЕВА"	"16964"	"Всего"	"1"	"Всего"	"1"	"Всего"	"1"	"3 876 902 000 000"
"Объем выполненных строительных работ (услуг)(Тысяч тенге казахских)"	"2022 год"	"202212"	"РАЙОН МАГЖАНА ЖУМАБАЕВА"	"16964"	"Всего"	"1"	"Всего"	"1"	"Всего"	"1"	"5 618 855 000 000"
"Объем выполненных строительных работ (услуг)(Тысяч тенге казахских)"	"2017 год"	"201712"	"РАЙОН МАГЖАНА ЖУМАБАЕВА"	"16964"	"основной вид деятельности"	"2"	"Всего"	"1"	"Всего"	"1"	"4 261 649 000 000"
"Объем выполненных строительных работ (услуг)(Тысяч тенге казахских)"	"2016 год"	"201612"	"РАЙОН МАГЖАНА ЖУМАБАЕВА"	"16964"	"основной вид деятельности"	"2"	"Всего"	"1"	"Всего"	"1"	"2 671 124 000 000"
"Объем выполненных строительных работ (услуг)(Тысяч тенге казахских)"	"2018 год"	"201812"	"РАЙОН МАГЖАНА ЖУМАБАЕВА"	"16964"	"основной вид деятельности"	"2"	"Всего"	"1"	"Всего"	"1"	"4 694 533 000 000"
"Объем выполненных строительных работ (услуг)(Тысяч тенге казахских)"	"2019 год"	"201912"	"РАЙОН МАГЖАНА ЖУМАБАЕВА"	"16964"	"основной вид деятельности"	"2"	"Всего"	"1"	"Всего"	"1"	"5 157 656 000 000"
"Объем выполненных строительных работ (услуг)(Тысяч тенге казахских)"	"2020 год"	"202012"	"РАЙОН МАГЖАНА ЖУМАБАЕВА"	"16964"	"основной вид деятельности"	"2"	"Всего"	"1"	"Всего"	"1"	"3 364 949 000 000"
"Объем выполненных строительных работ (услуг)(Тысяч тенге казахских)"	"2021 год"	"202112"	"РАЙОН МАГЖАНА ЖУМАБАЕВА"	"16964"	"основной вид деятельности"	"2"	"Всего"	"1"	"Всего"	"1"	"3 547 352 000 000"
"Объем выполненных строительных работ (услуг)(Тысяч тенге казахских)"	"2022 год"	"202212"	"РАЙОН МАГЖАНА ЖУМАБАЕВА"	"16964"	"основной вид деятельности"	"2"	"Всего"	"1"	"Всего"	"1"	"5 456 314 000 000"
"Объем выполненных строительных работ (услуг)(Тысяч тенге казахских)"	"2017 год"	"201712"	"РАЙОН МАГЖАНА ЖУМАБАЕВА"	"16964"	"вторичный вид деятельности"	"3"	"Всего"	"1"	"Всего"	"1"	"41 132 000 000"
"Объем выполненных строительных работ (услуг)(Тысяч тенге казахских)"	"2016 год"	"201612"	"РАЙОН МАГЖАНА ЖУМАБАЕВА"	"16964"	"вторичный вид деятельности"	"3"	"Всего"	"1"	"Всего"	"1"	"32 417 000 000"
"Объем выполненных строительных работ (услуг)(Тысяч тенге казахских)"	"2018 год"	"201812"	"РАЙОН МАГЖАНА ЖУМАБАЕВА"	"16964"	"вторичный вид деятельности"	"3"	"Всего"	"1"	"Всего"	"1"	"137 426 000 000"
"Объем выполненных строительных работ (услуг)(Тысяч тенге казахских)"	"2019 год"	"201912"	"РАЙОН МАГЖАНА ЖУМАБАЕВА"	"16964"	"вторичный вид деятельности"	"3"	"Всего"	"1"	"Всего"	"1"	"62 750 000 000"
"Объем выполненных строительных работ (услуг)(Тысяч тенге казахских)"	"2020 год"	"202012"	"РАЙОН МАГЖАНА ЖУМАБАЕВА"	"16964"	"вторичный вид деятельности"	"3"	"Всего"	"1"	"Всего"	"1"	"344 764 000 000"
"Объем выполненных строительных работ (услуг)(Тысяч тенге казахских)"	"2021 год"	"202112"	"РАЙОН МАГЖАНА ЖУМАБАЕВА"	"16964"	"вторичный вид деятельности"	"3"	"Всего"	"1"	"Всего"	"1"	"329 550 000 000"
"Объем выполненных строительных работ (услуг)(Тысяч тенге казахских)"	"2022 год"	"202212"	"РАЙОН МАГЖАНА ЖУМАБАЕВА"	"16964"	"вторичный вид деятельности"	"3"	"Всего"	"1"	"Всего"	"1"	"162 541 000 000"
"Объем выполненных строительных работ (услуг)(Тысяч тенге казахских)"	"2017 год"	"201712"	"ЕСИЛЬСКИЙ РАЙОН"	"17060"	"Всего"	"1"	"Всего"	"1"	"Всего"	"1"	"859 266 000 000"
"Объем выполненных строительных работ (услуг)(Тысяч тенге казахских)"	"2016 год"	"201612"	"ЕСИЛЬСКИЙ РАЙОН"	"17060"	"Всего"	"1"	"Всего"	"1"	"Всего"	"1"	"754 407 000 000"
"Объем выполненных строительных работ (услуг)(Тысяч тенге казахских)"	"2018 год"	"201812"	"ЕСИЛЬСКИЙ РАЙОН"	"17060"	"Всего"	"1"	"Всего"	"1"	"Всего"	"1"	"1 403 394 000 000"
"Объем выполненных строительных работ (услуг)(Тысяч тенге казахских)"	"2019 год"	"201912"	"ЕСИЛЬСКИЙ РАЙОН"	"17060"	"Всего"	"1"	"Всего"	"1"	"Всего"	"1"	"1 953 759 000 000"
"Объем выполненных строительных работ (услуг)(Тысяч тенге казахских)"	"2020 год"	"202012"	"ЕСИЛЬСКИЙ РАЙОН"	"17060"	"Всего"	"1"	"Всего"	"1"	"Всего"	"1"	"2 905 173 000 000"
"Объем выполненных строительных работ (услуг)(Тысяч тенге казахских)"	"2021 год"	"202112"	"ЕСИЛЬСКИЙ РАЙОН"	"17060"	"Всего"	"1"	"Всего"	"1"	"Всего"	"1"	"3 303 122 000 000"
"Объем выполненных строительных работ (услуг)(Тысяч тенге казахских)"	"2022 год"	"202212"	"ЕСИЛЬСКИЙ РАЙОН"	"17060"	"Всего"	"1"	"Всего"	"1"	"Всего"	"1"	"4 629 594 000 000"
"Объем выполненных строительных работ (услуг)(Тысяч тенге казахских)"	"2017 год"	"201712"	"ЕСИЛЬСКИЙ РАЙОН"	"17060"	"основной вид деятельности"	"2"	"Всего"	"1"	"Всего"	"1"	"832 115 000 000"
"Объем выполненных строительных работ (услуг)(Тысяч тенге казахских)"	"2016 год"	"201612"	"ЕСИЛЬСКИЙ РАЙОН"	"17060"	"основной вид деятельности"	"2"	"Всего"	"1"	"Всего"	"1"	"686 004 000 000"
"Объем выполненных строительных работ (услуг)(Тысяч тенге казахских)"	"2018 год"	"201812"	"ЕСИЛЬСКИЙ РАЙОН"	"17060"	"основной вид деятельности"	"2"	"Всего"	"1"	"Всего"	"1"	"734 543 000 000"
"Объем выполненных строительных работ (услуг)(Тысяч тенге казахских)"	"2019 год"	"201912"	"ЕСИЛЬСКИЙ РАЙОН"	"17060"	"основной вид деятельности"	"2"	"Всего"	"1"	"Всего"	"1"	"1 765 909 000 000"
"Объем выполненных строительных работ (услуг)(Тысяч тенге казахских)"	"2020 год"	"202012"	"ЕСИЛЬСКИЙ РАЙОН"	"17060"	"основной вид деятельности"	"2"	"Всего"	"1"	"Всего"	"1"	"2 436 309 000 000"
"Объем выполненных строительных работ (услуг)(Тысяч тенге казахских)"	"2021 год"	"202112"	"ЕСИЛЬСКИЙ РАЙОН"	"17060"	"основной вид деятельности"	"2"	"Всего"	"1"	"Всего"	"1"	"2 091 427 000 000"
"Объем выполненных строительных работ (услуг)(Тысяч тенге казахских)"	"2022 год"	"202212"	"ЕСИЛЬСКИЙ РАЙОН"	"17060"	"основной вид деятельности"	"2"	"Всего"	"1"	"Всего"	"1"	"3 724 142 000 000"
"Объем выполненных строительных работ (услуг)(Тысяч тенге казахских)"	"2017 год"	"201712"	"ЕСИЛЬСКИЙ РАЙОН"	"17060"	"вторичный вид деятельности"	"3"	"Всего"	"1"	"Всего"	"1"	"27 151 000 000"
"Объем выполненных строительных работ (услуг)(Тысяч тенге казахских)"	"2016 год"	"201612"	"ЕСИЛЬСКИЙ РАЙОН"	"17060"	"вторичный вид деятельности"	"3"	"Всего"	"1"	"Всего"	"1"	"68 403 000 000"
"Объем выполненных строительных работ (услуг)(Тысяч тенге казахских)"	"2018 год"	"201812"	"ЕСИЛЬСКИЙ РАЙОН"	"17060"	"вторичный вид деятельности"	"3"	"Всего"	"1"	"Всего"	"1"	"668 851 000 000"
"Объем выполненных строительных работ (услуг)(Тысяч тенге казахских)"	"2019 год"	"201912"	"ЕСИЛЬСКИЙ РАЙОН"	"17060"	"вторичный вид деятельности"	"3"	"Всего"	"1"	"Всего"	"1"	"187 850 000 000"
"Объем выполненных строительных работ (услуг)(Тысяч тенге казахских)"	"2020 год"	"202012"	"ЕСИЛЬСКИЙ РАЙОН"	"17060"	"вторичный вид деятельности"	"3"	"Всего"	"1"	"Всего"	"1"	"468 864 000 000"
"Объем выполненных строительных работ (услуг)(Тысяч тенге казахских)"	"2021 год"	"202112"	"ЕСИЛЬСКИЙ РАЙОН"	"17060"	"вторичный вид деятельности"	"3"	"Всего"	"1"	"Всего"	"1"	"1 211 695 000 000"
"Объем выполненных строительных работ (услуг)(Тысяч тенге казахских)"	"2022 год"	"202212"	"ЕСИЛЬСКИЙ РАЙОН"	"17060"	"вторичный вид деятельности"	"3"	"Всего"	"1"	"Всего"	"1"	"905 452 000 000"
"Объем выполненных строительных работ (услуг)(Тысяч тенге казахских)"	"2017 год"	"201712"	"ЖАМБЫЛСКИЙ РАЙОН"	"17137"	"Всего"	"1"	"Всего"	"1"	"Всего"	"1"	"1 755 620 000 000"
"Объем выполненных строительных работ (услуг)(Тысяч тенге казахских)"	"2016 год"	"201612"	"ЖАМБЫЛСКИЙ РАЙОН"	"17137"	"Всего"	"1"	"Всего"	"1"	"Всего"	"1"	"402 705 000 000"
"Объем выполненных строительных работ (услуг)(Тысяч тенге казахских)"	"2018 год"	"201812"	"ЖАМБЫЛСКИЙ РАЙОН"	"17137"	"Всего"	"1"	"Всего"	"1"	"Всего"	"1"	"2 056 813 000 000"
"Объем выполненных строительных работ (услуг)(Тысяч тенге казахских)"	"2019 год"	"201912"	"ЖАМБЫЛСКИЙ РАЙОН"	"17137"	"Всего"	"1"	"Всего"	"1"	"Всего"	"1"	"2 169 086 000 000"
"Объем выполненных строительных работ (услуг)(Тысяч тенге казахских)"	"2020 год"	"202012"	"ЖАМБЫЛСКИЙ РАЙОН"	"17137"	"Всего"	"1"	"Всего"	"1"	"Всего"	"1"	"3 511 245 000 000"
"Объем выполненных строительных работ (услуг)(Тысяч тенге казахских)"	"2021 год"	"202112"	"ЖАМБЫЛСКИЙ РАЙОН"	"17137"	"Всего"	"1"	"Всего"	"1"	"Всего"	"1"	"1 517 212 000 000"
"Объем выполненных строительных работ (услуг)(Тысяч тенге казахских)"	"2022 год"	"202212"	"ЖАМБЫЛСКИЙ РАЙОН"	"17137"	"Всего"	"1"	"Всего"	"1"	"Всего"	"1"	"3 365 104 000 000"
"Объем выполненных строительных работ (услуг)(Тысяч тенге казахских)"	"2017 год"	"201712"	"ЖАМБЫЛСКИЙ РАЙОН"	"17137"	"основной вид деятельности"	"2"	"Всего"	"1"	"Всего"	"1"	"1 695 251 000 000"
"Объем выполненных строительных работ (услуг)(Тысяч тенге казахских)"	"2016 год"	"201612"	"ЖАМБЫЛСКИЙ РАЙОН"	"17137"	"основной вид деятельности"	"2"	"Всего"	"1"	"Всего"	"1"	"379 125 000 000"
"Объем выполненных строительных работ (услуг)(Тысяч тенге казахских)"	"2018 год"	"201812"	"ЖАМБЫЛСКИЙ РАЙОН"	"17137"	"основной вид деятельности"	"2"	"Всего"	"1"	"Всего"	"1"	"1 854 408 000 000"
"Объем выполненных строительных работ (услуг)(Тысяч тенге казахских)"	"2019 год"	"201912"	"ЖАМБЫЛСКИЙ РАЙОН"	"17137"	"основной вид деятельности"	"2"	"Всего"	"1"	"Всего"	"1"	"2 105 076 000 000"
"Объем выполненных строительных работ (услуг)(Тысяч тенге казахских)"	"2020 год"	"202012"	"ЖАМБЫЛСКИЙ РАЙОН"	"17137"	"основной вид деятельности"	"2"	"Всего"	"1"	"Всего"	"1"	"3 306 864 000 000"
"Объем выполненных строительных работ (услуг)(Тысяч тенге казахских)"	"2021 год"	"202112"	"ЖАМБЫЛСКИЙ РАЙОН"	"17137"	"основной вид деятельности"	"2"	"Всего"	"1"	"Всего"	"1"	"910 606 000 000"
"Объем выполненных строительных работ (услуг)(Тысяч тенге казахских)"	"2022 год"	"202212"	"ЖАМБЫЛСКИЙ РАЙОН"	"17137"	"основной вид деятельности"	"2"	"Всего"	"1"	"Всего"	"1"	"2 155 057 000 000"
"Объем выполненных строительных работ (услуг)(Тысяч тенге казахских)"	"2017 год"	"201712"	"ЖАМБЫЛСКИЙ РАЙОН"	"17137"	"вторичный вид деятельности"	"3"	"Всего"	"1"	"Всего"	"1"	"60 369 000 000"
"Объем выполненных строительных работ (услуг)(Тысяч тенге казахских)"	"2016 год"	"201612"	"ЖАМБЫЛСКИЙ РАЙОН"	"17137"	"вторичный вид деятельности"	"3"	"Всего"	"1"	"Всего"	"1"	"23 580 000 000"
"Объем выполненных строительных работ (услуг)(Тысяч тенге казахских)"	"2018 год"	"201812"	"ЖАМБЫЛСКИЙ РАЙОН"	"17137"	"вторичный вид деятельности"	"3"	"Всего"	"1"	"Всего"	"1"	"202 405 000 000"
"Объем выполненных строительных работ (услуг)(Тысяч тенге казахских)"	"2019 год"	"201912"	"ЖАМБЫЛСКИЙ РАЙОН"	"17137"	"вторичный вид деятельности"	"3"	"Всего"	"1"	"Всего"	"1"	"64 010 000 000"
"Объем выполненных строительных работ (услуг)(Тысяч тенге казахских)"	"2020 год"	"202012"	"ЖАМБЫЛСКИЙ РАЙОН"	"17137"	"вторичный вид деятельности"	"3"	"Всего"	"1"	"Всего"	"1"	"204 381 000 000"
"Объем выполненных строительных работ (услуг)(Тысяч тенге казахских)"	"2021 год"	"202112"	"ЖАМБЫЛСКИЙ РАЙОН"	"17137"	"вторичный вид деятельности"	"3"	"Всего"	"1"	"Всего"	"1"	"606 606 000 000"
"Объем выполненных строительных работ (услуг)(Тысяч тенге казахских)"	"2022 год"	"202212"	"ЖАМБЫЛСКИЙ РАЙОН"	"17137"	"вторичный вид деятельности"	"3"	"Всего"	"1"	"Всего"	"1"	"1 210 047 000 000"
"Объем выполненных строительных работ (услуг)(Тысяч тенге казахских)"	"2017 год"	"201712"	"КЫЗЫЛЖАРСКИЙ РАЙОН"	"17216"	"Всего"	"1"	"Всего"	"1"	"Всего"	"1"	"3 745 042 000 000"
"Объем выполненных строительных работ (услуг)(Тысяч тенге казахских)"	"2016 год"	"201612"	"КЫЗЫЛЖАРСКИЙ РАЙОН"	"17216"	"Всего"	"1"	"Всего"	"1"	"Всего"	"1"	"2 134 598 000 000"
"Объем выполненных строительных работ (услуг)(Тысяч тенге казахских)"	"2018 год"	"201812"	"КЫЗЫЛЖАРСКИЙ РАЙОН"	"17216"	"Всего"	"1"	"Всего"	"1"	"Всего"	"1"	"9 171 747 000 000"
"Объем выполненных строительных работ (услуг)(Тысяч тенге казахских)"	"2019 год"	"201912"	"КЫЗЫЛЖАРСКИЙ РАЙОН"	"17216"	"Всего"	"1"	"Всего"	"1"	"Всего"	"1"	"8 531 545 000 000"
"Объем выполненных строительных работ (услуг)(Тысяч тенге казахских)"	"2020 год"	"202012"	"КЫЗЫЛЖАРСКИЙ РАЙОН"	"17216"	"Всего"	"1"	"Всего"	"1"	"Всего"	"1"	"8 774 277 000 000"
"Объем выполненных строительных работ (услуг)(Тысяч тенге казахских)"	"2021 год"	"202112"	"КЫЗЫЛЖАРСКИЙ РАЙОН"	"17216"	"Всего"	"1"	"Всего"	"1"	"Всего"	"1"	"5 508 332 000 000"
"Объем выполненных строительных работ (услуг)(Тысяч тенге казахских)"	"2022 год"	"202212"	"КЫЗЫЛЖАРСКИЙ РАЙОН"	"17216"	"Всего"	"1"	"Всего"	"1"	"Всего"	"1"	"4 327 680 000 000"
"Объем выполненных строительных работ (услуг)(Тысяч тенге казахских)"	"2017 год"	"201712"	"КЫЗЫЛЖАРСКИЙ РАЙОН"	"17216"	"основной вид деятельности"	"2"	"Всего"	"1"	"Всего"	"1"	"3 550 908 000 000"
"Объем выполненных строительных работ (услуг)(Тысяч тенге казахских)"	"2016 год"	"201612"	"КЫЗЫЛЖАРСКИЙ РАЙОН"	"17216"	"основной вид деятельности"	"2"	"Всего"	"1"	"Всего"	"1"	"2 085 330 000 000"
"Объем выполненных строительных работ (услуг)(Тысяч тенге казахских)"	"2018 год"	"201812"	"КЫЗЫЛЖАРСКИЙ РАЙОН"	"17216"	"основной вид деятельности"	"2"	"Всего"	"1"	"Всего"	"1"	"8 428 985 000 000"
"Объем выполненных строительных работ (услуг)(Тысяч тенге казахских)"	"2019 год"	"201912"	"КЫЗЫЛЖАРСКИЙ РАЙОН"	"17216"	"основной вид деятельности"	"2"	"Всего"	"1"	"Всего"	"1"	"5 094 557 000 000"
"Объем выполненных строительных работ (услуг)(Тысяч тенге казахских)"	"2020 год"	"202012"	"КЫЗЫЛЖАРСКИЙ РАЙОН"	"17216"	"основной вид деятельности"	"2"	"Всего"	"1"	"Всего"	"1"	"6 636 519 000 000"
"Объем выполненных строительных работ (услуг)(Тысяч тенге казахских)"	"2021 год"	"202112"	"КЫЗЫЛЖАРСКИЙ РАЙОН"	"17216"	"основной вид деятельности"	"2"	"Всего"	"1"	"Всего"	"1"	"3 781 354 000 000"
"Объем выполненных строительных работ (услуг)(Тысяч тенге казахских)"	"2022 год"	"202212"	"КЫЗЫЛЖАРСКИЙ РАЙОН"	"17216"	"основной вид деятельности"	"2"	"Всего"	"1"	"Всего"	"1"	"3 018 204 000 000"
"Объем выполненных строительных работ (услуг)(Тысяч тенге казахских)"	"2017 год"	"201712"	"КЫЗЫЛЖАРСКИЙ РАЙОН"	"17216"	"вторичный вид деятельности"	"3"	"Всего"	"1"	"Всего"	"1"	"194 134 000 000"
"Объем выполненных строительных работ (услуг)(Тысяч тенге казахских)"	"2016 год"	"201612"	"КЫЗЫЛЖАРСКИЙ РАЙОН"	"17216"	"вторичный вид деятельности"	"3"	"Всего"	"1"	"Всего"	"1"	"49 268 000 000"
"Объем выполненных строительных работ (услуг)(Тысяч тенге казахских)"	"2018 год"	"201812"	"КЫЗЫЛЖАРСКИЙ РАЙОН"	"17216"	"вторичный вид деятельности"	"3"	"Всего"	"1"	"Всего"	"1"	"742 762 000 000"
"Объем выполненных строительных работ (услуг)(Тысяч тенге казахских)"	"2019 год"	"201912"	"КЫЗЫЛЖАРСКИЙ РАЙОН"	"17216"	"вторичный вид деятельности"	"3"	"Всего"	"1"	"Всего"	"1"	"3 436 988 000 000"
"Объем выполненных строительных работ (услуг)(Тысяч тенге казахских)"	"2020 год"	"202012"	"КЫЗЫЛЖАРСКИЙ РАЙОН"	"17216"	"вторичный вид деятельности"	"3"	"Всего"	"1"	"Всего"	"1"	"2 137 758 000 000"
"Объем выполненных строительных работ (услуг)(Тысяч тенге казахских)"	"2021 год"	"202112"	"КЫЗЫЛЖАРСКИЙ РАЙОН"	"17216"	"вторичный вид деятельности"	"3"	"Всего"	"1"	"Всего"	"1"	"1 726 978 000 000"
"Объем выполненных строительных работ (услуг)(Тысяч тенге казахских)"	"2022 год"	"202212"	"КЫЗЫЛЖАРСКИЙ РАЙОН"	"17216"	"вторичный вид деятельности"	"3"	"Всего"	"1"	"Всего"	"1"	"1 309 476 000 000"
"Объем выполненных строительных работ (услуг)(Тысяч тенге казахских)"	"2017 год"	"201712"	"МАМЛЮТСКИЙ РАЙОН"	"17315"	"Всего"	"1"	"Всего"	"1"	"Всего"	"1"	"1 807 495 000 000"
"Объем выполненных строительных работ (услуг)(Тысяч тенге казахских)"	"2016 год"	"201612"	"МАМЛЮТСКИЙ РАЙОН"	"17315"	"Всего"	"1"	"Всего"	"1"	"Всего"	"1"	"189 111 000 000"
"Объем выполненных строительных работ (услуг)(Тысяч тенге казахских)"	"2018 год"	"201812"	"МАМЛЮТСКИЙ РАЙОН"	"17315"	"Всего"	"1"	"Всего"	"1"	"Всего"	"1"	"7 470 233 000 000"
"Объем выполненных строительных работ (услуг)(Тысяч тенге казахских)"	"2019 год"	"201912"	"МАМЛЮТСКИЙ РАЙОН"	"17315"	"Всего"	"1"	"Всего"	"1"	"Всего"	"1"	"5 075 336 000 000"
"Объем выполненных строительных работ (услуг)(Тысяч тенге казахских)"	"2020 год"	"202012"	"МАМЛЮТСКИЙ РАЙОН"	"17315"	"Всего"	"1"	"Всего"	"1"	"Всего"	"1"	"3 846 290 000 000"
"Объем выполненных строительных работ (услуг)(Тысяч тенге казахских)"	"2021 год"	"202112"	"МАМЛЮТСКИЙ РАЙОН"	"17315"	"Всего"	"1"	"Всего"	"1"	"Всего"	"1"	"3 108 289 000 000"
"Объем выполненных строительных работ (услуг)(Тысяч тенге казахских)"	"2022 год"	"202212"	"МАМЛЮТСКИЙ РАЙОН"	"17315"	"Всего"	"1"	"Всего"	"1"	"Всего"	"1"	"3 958 341 000 000"
"Объем выполненных строительных работ (услуг)(Тысяч тенге казахских)"	"2017 год"	"201712"	"МАМЛЮТСКИЙ РАЙОН"	"17315"	"основной вид деятельности"	"2"	"Всего"	"1"	"Всего"	"1"	"1 795 681 000 000"
"Объем выполненных строительных работ (услуг)(Тысяч тенге казахских)"	"2016 год"	"201612"	"МАМЛЮТСКИЙ РАЙОН"	"17315"	"основной вид деятельности"	"2"	"Всего"	"1"	"Всего"	"1"	"180 318 000 000"
"Объем выполненных строительных работ (услуг)(Тысяч тенге казахских)"	"2018 год"	"201812"	"МАМЛЮТСКИЙ РАЙОН"	"17315"	"основной вид деятельности"	"2"	"Всего"	"1"	"Всего"	"1"	"7 338 066 000 000"
"Объем выполненных строительных работ (услуг)(Тысяч тенге казахских)"	"2019 год"	"201912"	"МАМЛЮТСКИЙ РАЙОН"	"17315"	"основной вид деятельности"	"2"	"Всего"	"1"	"Всего"	"1"	"4 780 030 000 000"
"Объем выполненных строительных работ (услуг)(Тысяч тенге казахских)"	"2020 год"	"202012"	"МАМЛЮТСКИЙ РАЙОН"	"17315"	"основной вид деятельности"	"2"	"Всего"	"1"	"Всего"	"1"	"3 798 536 000 000"
"Объем выполненных строительных работ (услуг)(Тысяч тенге казахских)"	"2021 год"	"202112"	"МАМЛЮТСКИЙ РАЙОН"	"17315"	"основной вид деятельности"	"2"	"Всего"	"1"	"Всего"	"1"	"3 046 341 000 000"
"Объем выполненных строительных работ (услуг)(Тысяч тенге казахских)"	"2022 год"	"202212"	"МАМЛЮТСКИЙ РАЙОН"	"17315"	"основной вид деятельности"	"2"	"Всего"	"1"	"Всего"	"1"	"3 806 680 000 000"
"Объем выполненных строительных работ (услуг)(Тысяч тенге казахских)"	"2017 год"	"201712"	"МАМЛЮТСКИЙ РАЙОН"	"17315"	"вторичный вид деятельности"	"3"	"Всего"	"1"	"Всего"	"1"	"11 814 000 000"
"Объем выполненных строительных работ (услуг)(Тысяч тенге казахских)"	"2016 год"	"201612"	"МАМЛЮТСКИЙ РАЙОН"	"17315"	"вторичный вид деятельности"	"3"	"Всего"	"1"	"Всего"	"1"	"8 793 000 000"
"Объем выполненных строительных работ (услуг)(Тысяч тенге казахских)"	"2018 год"	"201812"	"МАМЛЮТСКИЙ РАЙОН"	"17315"	"вторичный вид деятельности"	"3"	"Всего"	"1"	"Всего"	"1"	"132 167 000 000"
"Объем выполненных строительных работ (услуг)(Тысяч тенге казахских)"	"2019 год"	"201912"	"МАМЛЮТСКИЙ РАЙОН"	"17315"	"вторичный вид деятельности"	"3"	"Всего"	"1"	"Всего"	"1"	"295 306 000 000"
"Объем выполненных строительных работ (услуг)(Тысяч тенге казахских)"	"2020 год"	"202012"	"МАМЛЮТСКИЙ РАЙОН"	"17315"	"вторичный вид деятельности"	"3"	"Всего"	"1"	"Всего"	"1"	"47 754 000 000"
"Объем выполненных строительных работ (услуг)(Тысяч тенге казахских)"	"2021 год"	"202112"	"МАМЛЮТСКИЙ РАЙОН"	"17315"	"вторичный вид деятельности"	"3"	"Всего"	"1"	"Всего"	"1"	"61 948 000 000"
"Объем выполненных строительных работ (услуг)(Тысяч тенге казахских)"	"2022 год"	"202212"	"МАМЛЮТСКИЙ РАЙОН"	"17315"	"вторичный вид деятельности"	"3"	"Всего"	"1"	"Всего"	"1"	"151 661 000 000"
"Объем выполненных строительных работ (услуг)(Тысяч тенге казахских)"	"2017 год"	"201712"	"РАЙОН ШАЛ АКЫНА"	"17373"	"Всего"	"1"	"Всего"	"1"	"Всего"	"1"	"2 656 231 000 000"
"Объем выполненных строительных работ (услуг)(Тысяч тенге казахских)"	"2016 год"	"201612"	"РАЙОН ШАЛ АКЫНА"	"17373"	"Всего"	"1"	"Всего"	"1"	"Всего"	"1"	"464 243 000 000"
"Объем выполненных строительных работ (услуг)(Тысяч тенге казахских)"	"2018 год"	"201812"	"РАЙОН ШАЛ АКЫНА"	"17373"	"Всего"	"1"	"Всего"	"1"	"Всего"	"1"	"293 775 000 000"
"Объем выполненных строительных работ (услуг)(Тысяч тенге казахских)"	"2019 год"	"201912"	"РАЙОН ШАЛ АКЫНА"	"17373"	"Всего"	"1"	"Всего"	"1"	"Всего"	"1"	"433 732 000 000"
"Объем выполненных строительных работ (услуг)(Тысяч тенге казахских)"	"2020 год"	"202012"	"РАЙОН ШАЛ АКЫНА"	"17373"	"Всего"	"1"	"Всего"	"1"	"Всего"	"1"	"1 465 684 000 000"
"Объем выполненных строительных работ (услуг)(Тысяч тенге казахских)"	"2021 год"	"202112"	"РАЙОН ШАЛ АКЫНА"	"17373"	"Всего"	"1"	"Всего"	"1"	"Всего"	"1"	"4 822 200 000 000"
"Объем выполненных строительных работ (услуг)(Тысяч тенге казахских)"	"2022 год"	"202212"	"РАЙОН ШАЛ АКЫНА"	"17373"	"Всего"	"1"	"Всего"	"1"	"Всего"	"1"	"4 154 579 000 000"
"Объем выполненных строительных работ (услуг)(Тысяч тенге казахских)"	"2017 год"	"201712"	"РАЙОН ШАЛ АКЫНА"	"17373"	"основной вид деятельности"	"2"	"Всего"	"1"	"Всего"	"1"	"897 132 000 000"
"Объем выполненных строительных работ (услуг)(Тысяч тенге казахских)"	"2016 год"	"201612"	"РАЙОН ШАЛ АКЫНА"	"17373"	"основной вид деятельности"	"2"	"Всего"	"1"	"Всего"	"1"	"448 543 000 000"
"Объем выполненных строительных работ (услуг)(Тысяч тенге казахских)"	"2018 год"	"201812"	"РАЙОН ШАЛ АКЫНА"	"17373"	"основной вид деятельности"	"2"	"Всего"	"1"	"Всего"	"1"	"237 599 000 000"
"Объем выполненных строительных работ (услуг)(Тысяч тенге казахских)"	"2019 год"	"201912"	"РАЙОН ШАЛ АКЫНА"	"17373"	"основной вид деятельности"	"2"	"Всего"	"1"	"Всего"	"1"	"403 232 000 000"
"Объем выполненных строительных работ (услуг)(Тысяч тенге казахских)"	"2020 год"	"202012"	"РАЙОН ШАЛ АКЫНА"	"17373"	"основной вид деятельности"	"2"	"Всего"	"1"	"Всего"	"1"	"1 308 989 000 000"
"Объем выполненных строительных работ (услуг)(Тысяч тенге казахских)"	"2021 год"	"202112"	"РАЙОН ШАЛ АКЫНА"	"17373"	"основной вид деятельности"	"2"	"Всего"	"1"	"Всего"	"1"	"4 329 118 000 000"
"Объем выполненных строительных работ (услуг)(Тысяч тенге казахских)"	"2022 год"	"202212"	"РАЙОН ШАЛ АКЫНА"	"17373"	"основной вид деятельности"	"2"	"Всего"	"1"	"Всего"	"1"	"3 939 504 000 000"
"Объем выполненных строительных работ (услуг)(Тысяч тенге казахских)"	"2017 год"	"201712"	"РАЙОН ШАЛ АКЫНА"	"17373"	"вторичный вид деятельности"	"3"	"Всего"	"1"	"Всего"	"1"	"1 759 099 000 000"
"Объем выполненных строительных работ (услуг)(Тысяч тенге казахских)"	"2016 год"	"201612"	"РАЙОН ШАЛ АКЫНА"	"17373"	"вторичный вид деятельности"	"3"	"Всего"	"1"	"Всего"	"1"	"15 700 000 000"
"Объем выполненных строительных работ (услуг)(Тысяч тенге казахских)"	"2018 год"	"201812"	"РАЙОН ШАЛ АКЫНА"	"17373"	"вторичный вид деятельности"	"3"	"Всего"	"1"	"Всего"	"1"	"56 176 000 000"
"Объем выполненных строительных работ (услуг)(Тысяч тенге казахских)"	"2019 год"	"201912"	"РАЙОН ШАЛ АКЫНА"	"17373"	"вторичный вид деятельности"	"3"	"Всего"	"1"	"Всего"	"1"	"30 500 000 000"
"Объем выполненных строительных работ (услуг)(Тысяч тенге казахских)"	"2020 год"	"202012"	"РАЙОН ШАЛ АКЫНА"	"17373"	"вторичный вид деятельности"	"3"	"Всего"	"1"	"Всего"	"1"	"156 695 000 000"
"Объем выполненных строительных работ (услуг)(Тысяч тенге казахских)"	"2021 год"	"202112"	"РАЙОН ШАЛ АКЫНА"	"17373"	"вторичный вид деятельности"	"3"	"Всего"	"1"	"Всего"	"1"	"493 082 000 000"
"Объем выполненных строительных работ (услуг)(Тысяч тенге казахских)"	"2022 год"	"202212"	"РАЙОН ШАЛ АКЫНА"	"17373"	"вторичный вид деятельности"	"3"	"Всего"	"1"	"Всего"	"1"	"215 075 000 000"
"Объем выполненных строительных работ (услуг)(Тысяч тенге казахских)"	"2017 год"	"201712"	"АККАЙЫНСКИЙ РАЙОН"	"17432"	"Всего"	"1"	"Всего"	"1"	"Всего"	"1"	"2 442 175 000 000"
"Объем выполненных строительных работ (услуг)(Тысяч тенге казахских)"	"2016 год"	"201612"	"АККАЙЫНСКИЙ РАЙОН"	"17432"	"Всего"	"1"	"Всего"	"1"	"Всего"	"1"	"6 059 724 000 000"
"Объем выполненных строительных работ (услуг)(Тысяч тенге казахских)"	"2018 год"	"201812"	"АККАЙЫНСКИЙ РАЙОН"	"17432"	"Всего"	"1"	"Всего"	"1"	"Всего"	"1"	"1 484 612 000 000"
"Объем выполненных строительных работ (услуг)(Тысяч тенге казахских)"	"2019 год"	"201912"	"АККАЙЫНСКИЙ РАЙОН"	"17432"	"Всего"	"1"	"Всего"	"1"	"Всего"	"1"	"3 094 966 000 000"
"Объем выполненных строительных работ (услуг)(Тысяч тенге казахских)"	"2020 год"	"202012"	"АККАЙЫНСКИЙ РАЙОН"	"17432"	"Всего"	"1"	"Всего"	"1"	"Всего"	"1"	"3 947 992 000 000"
"Объем выполненных строительных работ (услуг)(Тысяч тенге казахских)"	"2021 год"	"202112"	"АККАЙЫНСКИЙ РАЙОН"	"17432"	"Всего"	"1"	"Всего"	"1"	"Всего"	"1"	"5 213 214 000 000"
"Объем выполненных строительных работ (услуг)(Тысяч тенге казахских)"	"2022 год"	"202212"	"АККАЙЫНСКИЙ РАЙОН"	"17432"	"Всего"	"1"	"Всего"	"1"	"Всего"	"1"	"5 000 162 000 000"
"Объем выполненных строительных работ (услуг)(Тысяч тенге казахских)"	"2017 год"	"201712"	"АККАЙЫНСКИЙ РАЙОН"	"17432"	"основной вид деятельности"	"2"	"Всего"	"1"	"Всего"	"1"	"1 206 108 000 000"
"Объем выполненных строительных работ (услуг)(Тысяч тенге казахских)"	"2016 год"	"201612"	"АККАЙЫНСКИЙ РАЙОН"	"17432"	"основной вид деятельности"	"2"	"Всего"	"1"	"Всего"	"1"	"5 988 887 000 000"
"Объем выполненных строительных работ (услуг)(Тысяч тенге казахских)"	"2018 год"	"201812"	"АККАЙЫНСКИЙ РАЙОН"	"17432"	"основной вид деятельности"	"2"	"Всего"	"1"	"Всего"	"1"	"1 453 216 000 000"
"Объем выполненных строительных работ (услуг)(Тысяч тенге казахских)"	"2019 год"	"201912"	"АККАЙЫНСКИЙ РАЙОН"	"17432"	"основной вид деятельности"	"2"	"Всего"	"1"	"Всего"	"1"	"2 903 740 000 000"
"Объем выполненных строительных работ (услуг)(Тысяч тенге казахских)"	"2020 год"	"202012"	"АККАЙЫНСКИЙ РАЙОН"	"17432"	"основной вид деятельности"	"2"	"Всего"	"1"	"Всего"	"1"	"3 666 130 000 000"
"Объем выполненных строительных работ (услуг)(Тысяч тенге казахских)"	"2021 год"	"202112"	"АККАЙЫНСКИЙ РАЙОН"	"17432"	"основной вид деятельности"	"2"	"Всего"	"1"	"Всего"	"1"	"4 324 345 000 000"
"Объем выполненных строительных работ (услуг)(Тысяч тенге казахских)"	"2022 год"	"202212"	"АККАЙЫНСКИЙ РАЙОН"	"17432"	"основной вид деятельности"	"2"	"Всего"	"1"	"Всего"	"1"	"4 886 037 000 000"
"Объем выполненных строительных работ (услуг)(Тысяч тенге казахских)"	"2017 год"	"201712"	"АККАЙЫНСКИЙ РАЙОН"	"17432"	"вторичный вид деятельности"	"3"	"Всего"	"1"	"Всего"	"1"	"1 236 067 000 000"
"Объем выполненных строительных работ (услуг)(Тысяч тенге казахских)"	"2016 год"	"201612"	"АККАЙЫНСКИЙ РАЙОН"	"17432"	"вторичный вид деятельности"	"3"	"Всего"	"1"	"Всего"	"1"	"70 837 000 000"
"Объем выполненных строительных работ (услуг)(Тысяч тенге казахских)"	"2018 год"	"201812"	"АККАЙЫНСКИЙ РАЙОН"	"17432"	"вторичный вид деятельности"	"3"	"Всего"	"1"	"Всего"	"1"	"31 396 000 000"
"Объем выполненных строительных работ (услуг)(Тысяч тенге казахских)"	"2019 год"	"201912"	"АККАЙЫНСКИЙ РАЙОН"	"17432"	"вторичный вид деятельности"	"3"	"Всего"	"1"	"Всего"	"1"	"191 226 000 000"
"Объем выполненных строительных работ (услуг)(Тысяч тенге казахских)"	"2020 год"	"202012"	"АККАЙЫНСКИЙ РАЙОН"	"17432"	"вторичный вид деятельности"	"3"	"Всего"	"1"	"Всего"	"1"	"281 862 000 000"
"Объем выполненных строительных работ (услуг)(Тысяч тенге казахских)"	"2021 год"	"202112"	"АККАЙЫНСКИЙ РАЙОН"	"17432"	"вторичный вид деятельности"	"3"	"Всего"	"1"	"Всего"	"1"	"888 869 000 000"
"Объем выполненных строительных работ (услуг)(Тысяч тенге казахских)"	"2022 год"	"202212"	"АККАЙЫНСКИЙ РАЙОН"	"17432"	"вторичный вид деятельности"	"3"	"Всего"	"1"	"Всего"	"1"	"114 125 000 000"
"Объем выполненных строительных работ (услуг)(Тысяч тенге казахских)"	"2017 год"	"201712"	"ТАЙЫНШИНСКИЙ РАЙОН"	"17479"	"Всего"	"1"	"Всего"	"1"	"Всего"	"1"	"3 965 219 000 000"
"Объем выполненных строительных работ (услуг)(Тысяч тенге казахских)"	"2016 год"	"201612"	"ТАЙЫНШИНСКИЙ РАЙОН"	"17479"	"Всего"	"1"	"Всего"	"1"	"Всего"	"1"	"7 517 292 000 000"
"Объем выполненных строительных работ (услуг)(Тысяч тенге казахских)"	"2018 год"	"201812"	"ТАЙЫНШИНСКИЙ РАЙОН"	"17479"	"Всего"	"1"	"Всего"	"1"	"Всего"	"1"	"4 440 402 000 000"
"Объем выполненных строительных работ (услуг)(Тысяч тенге казахских)"	"2019 год"	"201912"	"ТАЙЫНШИНСКИЙ РАЙОН"	"17479"	"Всего"	"1"	"Всего"	"1"	"Всего"	"1"	"4 867 750 000 000"
"Объем выполненных строительных работ (услуг)(Тысяч тенге казахских)"	"2020 год"	"202012"	"ТАЙЫНШИНСКИЙ РАЙОН"	"17479"	"Всего"	"1"	"Всего"	"1"	"Всего"	"1"	"6 377 948 000 000"
"Объем выполненных строительных работ (услуг)(Тысяч тенге казахских)"	"2021 год"	"202112"	"ТАЙЫНШИНСКИЙ РАЙОН"	"17479"	"Всего"	"1"	"Всего"	"1"	"Всего"	"1"	"7 348 095 000 000"
"Объем выполненных строительных работ (услуг)(Тысяч тенге казахских)"	"2022 год"	"202212"	"ТАЙЫНШИНСКИЙ РАЙОН"	"17479"	"Всего"	"1"	"Всего"	"1"	"Всего"	"1"	"10 509 990 000 000"
"Объем выполненных строительных работ (услуг)(Тысяч тенге казахских)"	"2017 год"	"201712"	"ТАЙЫНШИНСКИЙ РАЙОН"	"17479"	"основной вид деятельности"	"2"	"Всего"	"1"	"Всего"	"1"	"3 924 349 000 000"
"Объем выполненных строительных работ (услуг)(Тысяч тенге казахских)"	"2016 год"	"201612"	"ТАЙЫНШИНСКИЙ РАЙОН"	"17479"	"основной вид деятельности"	"2"	"Всего"	"1"	"Всего"	"1"	"7 487 538 000 000"
"Объем выполненных строительных работ (услуг)(Тысяч тенге казахских)"	"2018 год"	"201812"	"ТАЙЫНШИНСКИЙ РАЙОН"	"17479"	"основной вид деятельности"	"2"	"Всего"	"1"	"Всего"	"1"	"4 367 960 000 000"
"Объем выполненных строительных работ (услуг)(Тысяч тенге казахских)"	"2019 год"	"201912"	"ТАЙЫНШИНСКИЙ РАЙОН"	"17479"	"основной вид деятельности"	"2"	"Всего"	"1"	"Всего"	"1"	"4 114 599 000 000"
"Объем выполненных строительных работ (услуг)(Тысяч тенге казахских)"	"2020 год"	"202012"	"ТАЙЫНШИНСКИЙ РАЙОН"	"17479"	"основной вид деятельности"	"2"	"Всего"	"1"	"Всего"	"1"	"4 106 699 000 000"
"Объем выполненных строительных работ (услуг)(Тысяч тенге казахских)"	"2021 год"	"202112"	"ТАЙЫНШИНСКИЙ РАЙОН"	"17479"	"основной вид деятельности"	"2"	"Всего"	"1"	"Всего"	"1"	"6 600 281 000 000"
"Объем выполненных строительных работ (услуг)(Тысяч тенге казахских)"	"2022 год"	"202212"	"ТАЙЫНШИНСКИЙ РАЙОН"	"17479"	"основной вид деятельности"	"2"	"Всего"	"1"	"Всего"	"1"	"9 115 070 000 000"
"Объем выполненных строительных работ (услуг)(Тысяч тенге казахских)"	"2017 год"	"201712"	"ТАЙЫНШИНСКИЙ РАЙОН"	"17479"	"вторичный вид деятельности"	"3"	"Всего"	"1"	"Всего"	"1"	"40 870 000 000"
"Объем выполненных строительных работ (услуг)(Тысяч тенге казахских)"	"2016 год"	"201612"	"ТАЙЫНШИНСКИЙ РАЙОН"	"17479"	"вторичный вид деятельности"	"3"	"Всего"	"1"	"Всего"	"1"	"29 754 000 000"
"Объем выполненных строительных работ (услуг)(Тысяч тенге казахских)"	"2018 год"	"201812"	"ТАЙЫНШИНСКИЙ РАЙОН"	"17479"	"вторичный вид деятельности"	"3"	"Всего"	"1"	"Всего"	"1"	"72 442 000 000"
"Объем выполненных строительных работ (услуг)(Тысяч тенге казахских)"	"2019 год"	"201912"	"ТАЙЫНШИНСКИЙ РАЙОН"	"17479"	"вторичный вид деятельности"	"3"	"Всего"	"1"	"Всего"	"1"	"753 151 000 000"
"Объем выполненных строительных работ (услуг)(Тысяч тенге казахских)"	"2020 год"	"202012"	"ТАЙЫНШИНСКИЙ РАЙОН"	"17479"	"вторичный вид деятельности"	"3"	"Всего"	"1"	"Всего"	"1"	"2 271 249 000 000"
"Объем выполненных строительных работ (услуг)(Тысяч тенге казахских)"	"2021 год"	"202112"	"ТАЙЫНШИНСКИЙ РАЙОН"	"17479"	"вторичный вид деятельности"	"3"	"Всего"	"1"	"Всего"	"1"	"747 814 000 000"
"Объем выполненных строительных работ (услуг)(Тысяч тенге казахских)"	"2022 год"	"202212"	"ТАЙЫНШИНСКИЙ РАЙОН"	"17479"	"вторичный вид деятельности"	"3"	"Всего"	"1"	"Всего"	"1"	"1 394 920 000 000"
"Объем выполненных строительных работ (услуг)(Тысяч тенге казахских)"	"2017 год"	"201712"	"ТИМИРЯЗЕВСКИЙ РАЙОН"	"17597"	"Всего"	"1"	"Всего"	"1"	"Всего"	"1"	"1 044 008 000 000"
"Объем выполненных строительных работ (услуг)(Тысяч тенге казахских)"	"2016 год"	"201612"	"ТИМИРЯЗЕВСКИЙ РАЙОН"	"17597"	"Всего"	"1"	"Всего"	"1"	"Всего"	"1"	"316 399 000 000"
"Объем выполненных строительных работ (услуг)(Тысяч тенге казахских)"	"2018 год"	"201812"	"ТИМИРЯЗЕВСКИЙ РАЙОН"	"17597"	"Всего"	"1"	"Всего"	"1"	"Всего"	"1"	"1 028 495 000 000"
"Объем выполненных строительных работ (услуг)(Тысяч тенге казахских)"	"2019 год"	"201912"	"ТИМИРЯЗЕВСКИЙ РАЙОН"	"17597"	"Всего"	"1"	"Всего"	"1"	"Всего"	"1"	"1 189 418 000 000"
"Объем выполненных строительных работ (услуг)(Тысяч тенге казахских)"	"2020 год"	"202012"	"ТИМИРЯЗЕВСКИЙ РАЙОН"	"17597"	"Всего"	"1"	"Всего"	"1"	"Всего"	"1"	"2 104 469 000 000"
"Объем выполненных строительных работ (услуг)(Тысяч тенге казахских)"	"2021 год"	"202112"	"ТИМИРЯЗЕВСКИЙ РАЙОН"	"17597"	"Всего"	"1"	"Всего"	"1"	"Всего"	"1"	"2 998 927 000 000"
"Объем выполненных строительных работ (услуг)(Тысяч тенге казахских)"	"2022 год"	"202212"	"ТИМИРЯЗЕВСКИЙ РАЙОН"	"17597"	"Всего"	"1"	"Всего"	"1"	"Всего"	"1"	"1 305 601 000 000"
"Объем выполненных строительных работ (услуг)(Тысяч тенге казахских)"	"2017 год"	"201712"	"ТИМИРЯЗЕВСКИЙ РАЙОН"	"17597"	"основной вид деятельности"	"2"	"Всего"	"1"	"Всего"	"1"	"921 124 000 000"
"Объем выполненных строительных работ (услуг)(Тысяч тенге казахских)"	"2016 год"	"201612"	"ТИМИРЯЗЕВСКИЙ РАЙОН"	"17597"	"основной вид деятельности"	"2"	"Всего"	"1"	"Всего"	"1"	"308 232 000 000"
"Объем выполненных строительных работ (услуг)(Тысяч тенге казахских)"	"2018 год"	"201812"	"ТИМИРЯЗЕВСКИЙ РАЙОН"	"17597"	"основной вид деятельности"	"2"	"Всего"	"1"	"Всего"	"1"	"1 011 272 000 000"
"Объем выполненных строительных работ (услуг)(Тысяч тенге казахских)"	"2019 год"	"201912"	"ТИМИРЯЗЕВСКИЙ РАЙОН"	"17597"	"основной вид деятельности"	"2"	"Всего"	"1"	"Всего"	"1"	"853 650 000 000"
"Объем выполненных строительных работ (услуг)(Тысяч тенге казахских)"	"2020 год"	"202012"	"ТИМИРЯЗЕВСКИЙ РАЙОН"	"17597"	"основной вид деятельности"	"2"	"Всего"	"1"	"Всего"	"1"	"2 076 070 000 000"
"Объем выполненных строительных работ (услуг)(Тысяч тенге казахских)"	"2021 год"	"202112"	"ТИМИРЯЗЕВСКИЙ РАЙОН"	"17597"	"основной вид деятельности"	"2"	"Всего"	"1"	"Всего"	"1"	"2 908 525 000 000"
"Объем выполненных строительных работ (услуг)(Тысяч тенге казахских)"	"2022 год"	"202212"	"ТИМИРЯЗЕВСКИЙ РАЙОН"	"17597"	"основной вид деятельности"	"2"	"Всего"	"1"	"Всего"	"1"	"1 050 142 000 000"
"Объем выполненных строительных работ (услуг)(Тысяч тенге казахских)"	"2017 год"	"201712"	"ТИМИРЯЗЕВСКИЙ РАЙОН"	"17597"	"вторичный вид деятельности"	"3"	"Всего"	"1"	"Всего"	"1"	"122 884 000 000"
"Объем выполненных строительных работ (услуг)(Тысяч тенге казахских)"	"2016 год"	"201612"	"ТИМИРЯЗЕВСКИЙ РАЙОН"	"17597"	"вторичный вид деятельности"	"3"	"Всего"	"1"	"Всего"	"1"	"8 167 000 000"
"Объем выполненных строительных работ (услуг)(Тысяч тенге казахских)"	"2018 год"	"201812"	"ТИМИРЯЗЕВСКИЙ РАЙОН"	"17597"	"вторичный вид деятельности"	"3"	"Всего"	"1"	"Всего"	"1"	"17 223 000 000"
"Объем выполненных строительных работ (услуг)(Тысяч тенге казахских)"	"2019 год"	"201912"	"ТИМИРЯЗЕВСКИЙ РАЙОН"	"17597"	"вторичный вид деятельности"	"3"	"Всего"	"1"	"Всего"	"1"	"335 768 000 000"
"Объем выполненных строительных работ (услуг)(Тысяч тенге казахских)"	"2020 год"	"202012"	"ТИМИРЯЗЕВСКИЙ РАЙОН"	"17597"	"вторичный вид деятельности"	"3"	"Всего"	"1"	"Всего"	"1"	"28 399 000 000"
"Объем выполненных строительных работ (услуг)(Тысяч тенге казахских)"	"2021 год"	"202112"	"ТИМИРЯЗЕВСКИЙ РАЙОН"	"17597"	"вторичный вид деятельности"	"3"	"Всего"	"1"	"Всего"	"1"	"90 402 000 000"
"Объем выполненных строительных работ (услуг)(Тысяч тенге казахских)"	"2022 год"	"202212"	"ТИМИРЯЗЕВСКИЙ РАЙОН"	"17597"	"вторичный вид деятельности"	"3"	"Всего"	"1"	"Всего"	"1"	"255 459 000 000"
"Объем выполненных строительных работ (услуг)(Тысяч тенге казахских)"	"2017 год"	"201712"	"УАЛИХАНОВСКИЙ РАЙОН"	"17640"	"Всего"	"1"	"Всего"	"1"	"Всего"	"1"	"553 771 000 000"
"Объем выполненных строительных работ (услуг)(Тысяч тенге казахских)"	"2016 год"	"201612"	"УАЛИХАНОВСКИЙ РАЙОН"	"17640"	"Всего"	"1"	"Всего"	"1"	"Всего"	"1"	"539 916 000 000"
"Объем выполненных строительных работ (услуг)(Тысяч тенге казахских)"	"2018 год"	"201812"	"УАЛИХАНОВСКИЙ РАЙОН"	"17640"	"Всего"	"1"	"Всего"	"1"	"Всего"	"1"	"279 037 000 000"
"Объем выполненных строительных работ (услуг)(Тысяч тенге казахских)"	"2019 год"	"201912"	"УАЛИХАНОВСКИЙ РАЙОН"	"17640"	"Всего"	"1"	"Всего"	"1"	"Всего"	"1"	"308 364 000 000"
"Объем выполненных строительных работ (услуг)(Тысяч тенге казахских)"	"2020 год"	"202012"	"УАЛИХАНОВСКИЙ РАЙОН"	"17640"	"Всего"	"1"	"Всего"	"1"	"Всего"	"1"	"2 053 500 000 000"
"Объем выполненных строительных работ (услуг)(Тысяч тенге казахских)"	"2021 год"	"202112"	"УАЛИХАНОВСКИЙ РАЙОН"	"17640"	"Всего"	"1"	"Всего"	"1"	"Всего"	"1"	"1 561 771 000 000"
"Объем выполненных строительных работ (услуг)(Тысяч тенге казахских)"	"2022 год"	"202212"	"УАЛИХАНОВСКИЙ РАЙОН"	"17640"	"Всего"	"1"	"Всего"	"1"	"Всего"	"1"	"2 567 246 000 000"
"Объем выполненных строительных работ (услуг)(Тысяч тенге казахских)"	"2017 год"	"201712"	"УАЛИХАНОВСКИЙ РАЙОН"	"17640"	"основной вид деятельности"	"2"	"Всего"	"1"	"Всего"	"1"	"392 307 000 000"
"Объем выполненных строительных работ (услуг)(Тысяч тенге казахских)"	"2016 год"	"201612"	"УАЛИХАНОВСКИЙ РАЙОН"	"17640"	"основной вид деятельности"	"2"	"Всего"	"1"	"Всего"	"1"	"538 987 000 000"
"Объем выполненных строительных работ (услуг)(Тысяч тенге казахских)"	"2018 год"	"201812"	"УАЛИХАНОВСКИЙ РАЙОН"	"17640"	"основной вид деятельности"	"2"	"Всего"	"1"	"Всего"	"1"	"118 681 000 000"
"Объем выполненных строительных работ (услуг)(Тысяч тенге казахских)"	"2019 год"	"201912"	"УАЛИХАНОВСКИЙ РАЙОН"	"17640"	"основной вид деятельности"	"2"	"Всего"	"1"	"Всего"	"1"	"308 140 000 000"
"Объем выполненных строительных работ (услуг)(Тысяч тенге казахских)"	"2020 год"	"202012"	"УАЛИХАНОВСКИЙ РАЙОН"	"17640"	"основной вид деятельности"	"2"	"Всего"	"1"	"Всего"	"1"	"1 952 757 000 000"
"Объем выполненных строительных работ (услуг)(Тысяч тенге казахских)"	"2021 год"	"202112"	"УАЛИХАНОВСКИЙ РАЙОН"	"17640"	"основной вид деятельности"	"2"	"Всего"	"1"	"Всего"	"1"	"1 463 804 000 000"
"Объем выполненных строительных работ (услуг)(Тысяч тенге казахских)"	"2022 год"	"202212"	"УАЛИХАНОВСКИЙ РАЙОН"	"17640"	"основной вид деятельности"	"2"	"Всего"	"1"	"Всего"	"1"	"1 315 594 000 000"
"Объем выполненных строительных работ (услуг)(Тысяч тенге казахских)"	"2017 год"	"201712"	"УАЛИХАНОВСКИЙ РАЙОН"	"17640"	"вторичный вид деятельности"	"3"	"Всего"	"1"	"Всего"	"1"	"161 464 000 000"
"Объем выполненных строительных работ (услуг)(Тысяч тенге казахских)"	"2016 год"	"201612"	"УАЛИХАНОВСКИЙ РАЙОН"	"17640"	"вторичный вид деятельности"	"3"	"Всего"	"1"	"Всего"	"1"	"929 000 000"
"Объем выполненных строительных работ (услуг)(Тысяч тенге казахских)"	"2018 год"	"201812"	"УАЛИХАНОВСКИЙ РАЙОН"	"17640"	"вторичный вид деятельности"	"3"	"Всего"	"1"	"Всего"	"1"	"160 356 000 000"
"Объем выполненных строительных работ (услуг)(Тысяч тенге казахских)"	"2019 год"	"201912"	"УАЛИХАНОВСКИЙ РАЙОН"	"17640"	"вторичный вид деятельности"	"3"	"Всего"	"1"	"Всего"	"1"	"224 000 000"
"Объем выполненных строительных работ (услуг)(Тысяч тенге казахских)"	"2020 год"	"202012"	"УАЛИХАНОВСКИЙ РАЙОН"	"17640"	"вторичный вид деятельности"	"3"	"Всего"	"1"	"Всего"	"1"	"100 743 000 000"
"Объем выполненных строительных работ (услуг)(Тысяч тенге казахских)"	"2021 год"	"202112"	"УАЛИХАНОВСКИЙ РАЙОН"	"17640"	"вторичный вид деятельности"	"3"	"Всего"	"1"	"Всего"	"1"	"97 967 000 000"
"Объем выполненных строительных работ (услуг)(Тысяч тенге казахских)"	"2022 год"	"202212"	"УАЛИХАНОВСКИЙ РАЙОН"	"17640"	"вторичный вид деятельности"	"3"	"Всего"	"1"	"Всего"	"1"	"1 251 652 000 000"
"Объем выполненных строительных работ (услуг)(Тысяч тенге казахских)"	"2017 год"	"201712"	"РАЙОН ИМ.ГАБИТА МУСРЕПОВА"	"17687"	"Всего"	"1"	"Всего"	"1"	"Всего"	"1"	"4 698 670 000 000"
"Объем выполненных строительных работ (услуг)(Тысяч тенге казахских)"	"2016 год"	"201612"	"РАЙОН ИМ.ГАБИТА МУСРЕПОВА"	"17687"	"Всего"	"1"	"Всего"	"1"	"Всего"	"1"	"2 585 974 000 000"
"Объем выполненных строительных работ (услуг)(Тысяч тенге казахских)"	"2018 год"	"201812"	"РАЙОН ИМ.ГАБИТА МУСРЕПОВА"	"17687"	"Всего"	"1"	"Всего"	"1"	"Всего"	"1"	"4 779 023 000 000"
"Объем выполненных строительных работ (услуг)(Тысяч тенге казахских)"	"2019 год"	"201912"	"РАЙОН ИМ.ГАБИТА МУСРЕПОВА"	"17687"	"Всего"	"1"	"Всего"	"1"	"Всего"	"1"	"6 698 455 000 000"
"Объем выполненных строительных работ (услуг)(Тысяч тенге казахских)"	"2020 год"	"202012"	"РАЙОН ИМ.ГАБИТА МУСРЕПОВА"	"17687"	"Всего"	"1"	"Всего"	"1"	"Всего"	"1"	"7 781 044 000 000"
"Объем выполненных строительных работ (услуг)(Тысяч тенге казахских)"	"2021 год"	"202112"	"РАЙОН ИМ.ГАБИТА МУСРЕПОВА"	"17687"	"Всего"	"1"	"Всего"	"1"	"Всего"	"1"	"8 734 379 000 000"
"Объем выполненных строительных работ (услуг)(Тысяч тенге казахских)"	"2022 год"	"202212"	"РАЙОН ИМ.ГАБИТА МУСРЕПОВА"	"17687"	"Всего"	"1"	"Всего"	"1"	"Всего"	"1"	"7 533 774 000 000"
"Объем выполненных строительных работ (услуг)(Тысяч тенге казахских)"	"2017 год"	"201712"	"РАЙОН ИМ.ГАБИТА МУСРЕПОВА"	"17687"	"основной вид деятельности"	"2"	"Всего"	"1"	"Всего"	"1"	"4 698 150 000 000"
"Объем выполненных строительных работ (услуг)(Тысяч тенге казахских)"	"2016 год"	"201612"	"РАЙОН ИМ.ГАБИТА МУСРЕПОВА"	"17687"	"основной вид деятельности"	"2"	"Всего"	"1"	"Всего"	"1"	"2 585 711 000 000"
"Объем выполненных строительных работ (услуг)(Тысяч тенге казахских)"	"2018 год"	"201812"	"РАЙОН ИМ.ГАБИТА МУСРЕПОВА"	"17687"	"основной вид деятельности"	"2"	"Всего"	"1"	"Всего"	"1"	"2 967 882 000 000"
"Объем выполненных строительных работ (услуг)(Тысяч тенге казахских)"	"2019 год"	"201912"	"РАЙОН ИМ.ГАБИТА МУСРЕПОВА"	"17687"	"основной вид деятельности"	"2"	"Всего"	"1"	"Всего"	"1"	"6 686 659 000 000"
"Объем выполненных строительных работ (услуг)(Тысяч тенге казахских)"	"2020 год"	"202012"	"РАЙОН ИМ.ГАБИТА МУСРЕПОВА"	"17687"	"основной вид деятельности"	"2"	"Всего"	"1"	"Всего"	"1"	"6 689 358 000 000"
"Объем выполненных строительных работ (услуг)(Тысяч тенге казахских)"	"2021 год"	"202112"	"РАЙОН ИМ.ГАБИТА МУСРЕПОВА"	"17687"	"основной вид деятельности"	"2"	"Всего"	"1"	"Всего"	"1"	"7 558 188 000 000"
"Объем выполненных строительных работ (услуг)(Тысяч тенге казахских)"	"2022 год"	"202212"	"РАЙОН ИМ.ГАБИТА МУСРЕПОВА"	"17687"	"основной вид деятельности"	"2"	"Всего"	"1"	"Всего"	"1"	"6 629 780 000 000"
"Объем выполненных строительных работ (услуг)(Тысяч тенге казахских)"	"2017 год"	"201712"	"РАЙОН ИМ.ГАБИТА МУСРЕПОВА"	"17687"	"вторичный вид деятельности"	"3"	"Всего"	"1"	"Всего"	"1"	"520 000 000"
"Объем выполненных строительных работ (услуг)(Тысяч тенге казахских)"	"2016 год"	"201612"	"РАЙОН ИМ.ГАБИТА МУСРЕПОВА"	"17687"	"вторичный вид деятельности"	"3"	"Всего"	"1"	"Всего"	"1"	"263 000 000"
"Объем выполненных строительных работ (услуг)(Тысяч тенге казахских)"	"2018 год"	"201812"	"РАЙОН ИМ.ГАБИТА МУСРЕПОВА"	"17687"	"вторичный вид деятельности"	"3"	"Всего"	"1"	"Всего"	"1"	"1 811 141 000 000"
"Объем выполненных строительных работ (услуг)(Тысяч тенге казахских)"	"2019 год"	"201912"	"РАЙОН ИМ.ГАБИТА МУСРЕПОВА"	"17687"	"вторичный вид деятельности"	"3"	"Всего"	"1"	"Всего"	"1"	"11 796 000 000"
"Объем выполненных строительных работ (услуг)(Тысяч тенге казахских)"	"2020 год"	"202012"	"РАЙОН ИМ.ГАБИТА МУСРЕПОВА"	"17687"	"вторичный вид деятельности"	"3"	"Всего"	"1"	"Всего"	"1"	"1 091 686 000 000"
"Объем выполненных строительных работ (услуг)(Тысяч тенге казахских)"	"2021 год"	"202112"	"РАЙОН ИМ.ГАБИТА МУСРЕПОВА"	"17687"	"вторичный вид деятельности"	"3"	"Всего"	"1"	"Всего"	"1"	"1 176 191 000 000"
"Объем выполненных строительных работ (услуг)(Тысяч тенге казахских)"	"2022 год"	"202212"	"РАЙОН ИМ.ГАБИТА МУСРЕПОВА"	"17687"	"вторичный вид деятельности"	"3"	"Всего"	"1"	"Всего"	"1"	"903 994 000 000"
"Объем выполненных строительных работ (услуг)(Тысяч тенге казахских)"	"2018 год"	"201812"	"ТУРКЕСТАНСКАЯ ОБЛАСТЬ"	"17776"	"Всего"	"1"	"Всего"	"1"	"Всего"	"1"	"139 960 870 000 000"
"Объем выполненных строительных работ (услуг)(Тысяч тенге казахских)"	"2019 год"	"201912"	"ТУРКЕСТАНСКАЯ ОБЛАСТЬ"	"17776"	"Всего"	"1"	"Всего"	"1"	"Всего"	"1"	"183 146 349 000 000"
"Объем выполненных строительных работ (услуг)(Тысяч тенге казахских)"	"2020 год"	"202012"	"ТУРКЕСТАНСКАЯ ОБЛАСТЬ"	"17776"	"Всего"	"1"	"Всего"	"1"	"Всего"	"1"	"301 030 155 000 000"
"Объем выполненных строительных работ (услуг)(Тысяч тенге казахских)"	"2021 год"	"202112"	"ТУРКЕСТАНСКАЯ ОБЛАСТЬ"	"17776"	"Всего"	"1"	"Всего"	"1"	"Всего"	"1"	"328 127 730 000 000"
"Объем выполненных строительных работ (услуг)(Тысяч тенге казахских)"	"2022 год"	"202212"	"ТУРКЕСТАНСКАЯ ОБЛАСТЬ"	"17776"	"Всего"	"1"	"Всего"	"1"	"Всего"	"1"	"352 712 095 000 000"
"Объем выполненных строительных работ (услуг)(Тысяч тенге казахских)"	"2018 год"	"201812"	"ТУРКЕСТАНСКАЯ ОБЛАСТЬ"	"17776"	"основной вид деятельности"	"2"	"Всего"	"1"	"Всего"	"1"	"128 982 679 000 000"
"Объем выполненных строительных работ (услуг)(Тысяч тенге казахских)"	"2019 год"	"201912"	"ТУРКЕСТАНСКАЯ ОБЛАСТЬ"	"17776"	"основной вид деятельности"	"2"	"Всего"	"1"	"Всего"	"1"	"172 797 180 000 000"
"Объем выполненных строительных работ (услуг)(Тысяч тенге казахских)"	"2020 год"	"202012"	"ТУРКЕСТАНСКАЯ ОБЛАСТЬ"	"17776"	"основной вид деятельности"	"2"	"Всего"	"1"	"Всего"	"1"	"284 116 883 000 000"
"Объем выполненных строительных работ (услуг)(Тысяч тенге казахских)"	"2021 год"	"202112"	"ТУРКЕСТАНСКАЯ ОБЛАСТЬ"	"17776"	"основной вид деятельности"	"2"	"Всего"	"1"	"Всего"	"1"	"306 801 218 000 000"
"Объем выполненных строительных работ (услуг)(Тысяч тенге казахских)"	"2022 год"	"202212"	"ТУРКЕСТАНСКАЯ ОБЛАСТЬ"	"17776"	"основной вид деятельности"	"2"	"Всего"	"1"	"Всего"	"1"	"325 730 071 000 000"
"Объем выполненных строительных работ (услуг)(Тысяч тенге казахских)"	"2018 год"	"201812"	"ТУРКЕСТАНСКАЯ ОБЛАСТЬ"	"17776"	"вторичный вид деятельности"	"3"	"Всего"	"1"	"Всего"	"1"	"10 978 191 000 000"
"Объем выполненных строительных работ (услуг)(Тысяч тенге казахских)"	"2019 год"	"201912"	"ТУРКЕСТАНСКАЯ ОБЛАСТЬ"	"17776"	"вторичный вид деятельности"	"3"	"Всего"	"1"	"Всего"	"1"	"10 349 169 000 000"
"Объем выполненных строительных работ (услуг)(Тысяч тенге казахских)"	"2020 год"	"202012"	"ТУРКЕСТАНСКАЯ ОБЛАСТЬ"	"17776"	"вторичный вид деятельности"	"3"	"Всего"	"1"	"Всего"	"1"	"16 913 272 000 000"
"Объем выполненных строительных работ (услуг)(Тысяч тенге казахских)"	"2021 год"	"202112"	"ТУРКЕСТАНСКАЯ ОБЛАСТЬ"	"17776"	"вторичный вид деятельности"	"3"	"Всего"	"1"	"Всего"	"1"	"21 326 512 000 000"
"Объем выполненных строительных работ (услуг)(Тысяч тенге казахских)"	"2022 год"	"202212"	"ТУРКЕСТАНСКАЯ ОБЛАСТЬ"	"17776"	"вторичный вид деятельности"	"3"	"Всего"	"1"	"Всего"	"1"	"26 982 024 000 000"
"Объем выполненных строительных работ (услуг)(Тысяч тенге казахских)"	"2018 год"	"201812"	"ТУРКЕСТАН Г.А."	"17777"	"Всего"	"1"	"Всего"	"1"	"Всего"	"1"	"12 557 892 000 000"
"Объем выполненных строительных работ (услуг)(Тысяч тенге казахских)"	"2019 год"	"201912"	"ТУРКЕСТАН Г.А."	"17777"	"Всего"	"1"	"Всего"	"1"	"Всего"	"1"	"37 216 319 000 000"
"Объем выполненных строительных работ (услуг)(Тысяч тенге казахских)"	"2020 год"	"202012"	"ТУРКЕСТАН Г.А."	"17777"	"Всего"	"1"	"Всего"	"1"	"Всего"	"1"	"150 020 678 000 000"
"Объем выполненных строительных работ (услуг)(Тысяч тенге казахских)"	"2021 год"	"202112"	"ТУРКЕСТАН Г.А."	"17777"	"Всего"	"1"	"Всего"	"1"	"Всего"	"1"	"192 495 755 000 000"
"Объем выполненных строительных работ (услуг)(Тысяч тенге казахских)"	"2022 год"	"202212"	"ТУРКЕСТАН Г.А."	"17777"	"Всего"	"1"	"Всего"	"1"	"Всего"	"1"	"204 333 095 000 000"
"Объем выполненных строительных работ (услуг)(Тысяч тенге казахских)"	"2018 год"	"201812"	"ТУРКЕСТАН Г.А."	"17777"	"основной вид деятельности"	"2"	"Всего"	"1"	"Всего"	"1"	"11 053 846 000 000"
"Объем выполненных строительных работ (услуг)(Тысяч тенге казахских)"	"2019 год"	"201912"	"ТУРКЕСТАН Г.А."	"17777"	"основной вид деятельности"	"2"	"Всего"	"1"	"Всего"	"1"	"36 579 917 000 000"
"Объем выполненных строительных работ (услуг)(Тысяч тенге казахских)"	"2020 год"	"202012"	"ТУРКЕСТАН Г.А."	"17777"	"основной вид деятельности"	"2"	"Всего"	"1"	"Всего"	"1"	"138 014 723 000 000"
"Объем выполненных строительных работ (услуг)(Тысяч тенге казахских)"	"2021 год"	"202112"	"ТУРКЕСТАН Г.А."	"17777"	"основной вид деятельности"	"2"	"Всего"	"1"	"Всего"	"1"	"184 867 700 000 000"
"Объем выполненных строительных работ (услуг)(Тысяч тенге казахских)"	"2022 год"	"202212"	"ТУРКЕСТАН Г.А."	"17777"	"основной вид деятельности"	"2"	"Всего"	"1"	"Всего"	"1"	"195 086 766 000 000"
"Объем выполненных строительных работ (услуг)(Тысяч тенге казахских)"	"2018 год"	"201812"	"ТУРКЕСТАН Г.А."	"17777"	"вторичный вид деятельности"	"3"	"Всего"	"1"	"Всего"	"1"	"1 504 046 000 000"
"Объем выполненных строительных работ (услуг)(Тысяч тенге казахских)"	"2019 год"	"201912"	"ТУРКЕСТАН Г.А."	"17777"	"вторичный вид деятельности"	"3"	"Всего"	"1"	"Всего"	"1"	"636 402 000 000"
"Объем выполненных строительных работ (услуг)(Тысяч тенге казахских)"	"2020 год"	"202012"	"ТУРКЕСТАН Г.А."	"17777"	"вторичный вид деятельности"	"3"	"Всего"	"1"	"Всего"	"1"	"12 005 955 000 000"
"Объем выполненных строительных работ (услуг)(Тысяч тенге казахских)"	"2021 год"	"202112"	"ТУРКЕСТАН Г.А."	"17777"	"вторичный вид деятельности"	"3"	"Всего"	"1"	"Всего"	"1"	"7 628 055 000 000"
"Объем выполненных строительных работ (услуг)(Тысяч тенге казахских)"	"2022 год"	"202212"	"ТУРКЕСТАН Г.А."	"17777"	"вторичный вид деятельности"	"3"	"Всего"	"1"	"Всего"	"1"	"9 246 329 000 000"
"Объем выполненных строительных работ (услуг)(Тысяч тенге казахских)"	"2018 год"	"201812"	"АРЫСЬ Г.А."	"17779"	"Всего"	"1"	"Всего"	"1"	"Всего"	"1"	"6 340 234 000 000"
"Объем выполненных строительных работ (услуг)(Тысяч тенге казахских)"	"2019 год"	"201912"	"АРЫСЬ Г.А."	"17779"	"Всего"	"1"	"Всего"	"1"	"Всего"	"1"	"18 081 016 000 000"
"Объем выполненных строительных работ (услуг)(Тысяч тенге казахских)"	"2020 год"	"202012"	"АРЫСЬ Г.А."	"17779"	"Всего"	"1"	"Всего"	"1"	"Всего"	"1"	"4 924 606 000 000"
"Объем выполненных строительных работ (услуг)(Тысяч тенге казахских)"	"2021 год"	"202112"	"АРЫСЬ Г.А."	"17779"	"Всего"	"1"	"Всего"	"1"	"Всего"	"1"	"5 187 732 000 000"
"Объем выполненных строительных работ (услуг)(Тысяч тенге казахских)"	"2022 год"	"202212"	"АРЫСЬ Г.А."	"17779"	"Всего"	"1"	"Всего"	"1"	"Всего"	"1"	"5 485 678 000 000"
"Объем выполненных строительных работ (услуг)(Тысяч тенге казахских)"	"2018 год"	"201812"	"АРЫСЬ Г.А."	"17779"	"основной вид деятельности"	"2"	"Всего"	"1"	"Всего"	"1"	"5 449 139 000 000"
"Объем выполненных строительных работ (услуг)(Тысяч тенге казахских)"	"2019 год"	"201912"	"АРЫСЬ Г.А."	"17779"	"основной вид деятельности"	"2"	"Всего"	"1"	"Всего"	"1"	"17 015 884 000 000"
"Объем выполненных строительных работ (услуг)(Тысяч тенге казахских)"	"2020 год"	"202012"	"АРЫСЬ Г.А."	"17779"	"основной вид деятельности"	"2"	"Всего"	"1"	"Всего"	"1"	"4 920 473 000 000"
"Объем выполненных строительных работ (услуг)(Тысяч тенге казахских)"	"2021 год"	"202112"	"АРЫСЬ Г.А."	"17779"	"основной вид деятельности"	"2"	"Всего"	"1"	"Всего"	"1"	"5 187 732 000 000"
"Объем выполненных строительных работ (услуг)(Тысяч тенге казахских)"	"2022 год"	"202212"	"АРЫСЬ Г.А."	"17779"	"основной вид деятельности"	"2"	"Всего"	"1"	"Всего"	"1"	"5 291 783 000 000"
"Объем выполненных строительных работ (услуг)(Тысяч тенге казахских)"	"2018 год"	"201812"	"АРЫСЬ Г.А."	"17779"	"вторичный вид деятельности"	"3"	"Всего"	"1"	"Всего"	"1"	"891 095 000 000"
"Объем выполненных строительных работ (услуг)(Тысяч тенге казахских)"	"2019 год"	"201912"	"АРЫСЬ Г.А."	"17779"	"вторичный вид деятельности"	"3"	"Всего"	"1"	"Всего"	"1"	"1 065 132 000 000"
"Объем выполненных строительных работ (услуг)(Тысяч тенге казахских)"	"2020 год"	"202012"	"АРЫСЬ Г.А."	"17779"	"вторичный вид деятельности"	"3"	"Всего"	"1"	"Всего"	"1"	"4 133 000 000"
"Объем выполненных строительных работ (услуг)(Тысяч тенге казахских)"	"2022 год"	"202212"	"АРЫСЬ Г.А."	"17779"	"вторичный вид деятельности"	"3"	"Всего"	"1"	"Всего"	"1"	"193 895 000 000"
"Объем выполненных строительных работ (услуг)(Тысяч тенге казахских)"	"2018 год"	"201812"	"КЕНТАУ Г.А."	"17819"	"Всего"	"1"	"Всего"	"1"	"Всего"	"1"	"6 571 784 000 000"
"Объем выполненных строительных работ (услуг)(Тысяч тенге казахских)"	"2019 год"	"201912"	"КЕНТАУ Г.А."	"17819"	"Всего"	"1"	"Всего"	"1"	"Всего"	"1"	"9 882 748 000 000"
"Объем выполненных строительных работ (услуг)(Тысяч тенге казахских)"	"2020 год"	"202012"	"КЕНТАУ Г.А."	"17819"	"Всего"	"1"	"Всего"	"1"	"Всего"	"1"	"9 687 404 000 000"
"Объем выполненных строительных работ (услуг)(Тысяч тенге казахских)"	"2021 год"	"202112"	"КЕНТАУ Г.А."	"17819"	"Всего"	"1"	"Всего"	"1"	"Всего"	"1"	"6 355 274 000 000"
"Объем выполненных строительных работ (услуг)(Тысяч тенге казахских)"	"2022 год"	"202212"	"КЕНТАУ Г.А."	"17819"	"Всего"	"1"	"Всего"	"1"	"Всего"	"1"	"7 309 923 000 000"
"Объем выполненных строительных работ (услуг)(Тысяч тенге казахских)"	"2018 год"	"201812"	"КЕНТАУ Г.А."	"17819"	"основной вид деятельности"	"2"	"Всего"	"1"	"Всего"	"1"	"4 563 292 000 000"
"Объем выполненных строительных работ (услуг)(Тысяч тенге казахских)"	"2019 год"	"201912"	"КЕНТАУ Г.А."	"17819"	"основной вид деятельности"	"2"	"Всего"	"1"	"Всего"	"1"	"8 494 838 000 000"
"Объем выполненных строительных работ (услуг)(Тысяч тенге казахских)"	"2020 год"	"202012"	"КЕНТАУ Г.А."	"17819"	"основной вид деятельности"	"2"	"Всего"	"1"	"Всего"	"1"	"8 890 848 000 000"
"Объем выполненных строительных работ (услуг)(Тысяч тенге казахских)"	"2021 год"	"202112"	"КЕНТАУ Г.А."	"17819"	"основной вид деятельности"	"2"	"Всего"	"1"	"Всего"	"1"	"3 663 588 000 000"
"Объем выполненных строительных работ (услуг)(Тысяч тенге казахских)"	"2022 год"	"202212"	"КЕНТАУ Г.А."	"17819"	"основной вид деятельности"	"2"	"Всего"	"1"	"Всего"	"1"	"4 235 854 000 000"
"Объем выполненных строительных работ (услуг)(Тысяч тенге казахских)"	"2018 год"	"201812"	"КЕНТАУ Г.А."	"17819"	"вторичный вид деятельности"	"3"	"Всего"	"1"	"Всего"	"1"	"2 008 492 000 000"
"Объем выполненных строительных работ (услуг)(Тысяч тенге казахских)"	"2019 год"	"201912"	"КЕНТАУ Г.А."	"17819"	"вторичный вид деятельности"	"3"	"Всего"	"1"	"Всего"	"1"	"1 387 910 000 000"
"Объем выполненных строительных работ (услуг)(Тысяч тенге казахских)"	"2020 год"	"202012"	"КЕНТАУ Г.А."	"17819"	"вторичный вид деятельности"	"3"	"Всего"	"1"	"Всего"	"1"	"796 556 000 000"
"Объем выполненных строительных работ (услуг)(Тысяч тенге казахских)"	"2021 год"	"202112"	"КЕНТАУ Г.А."	"17819"	"вторичный вид деятельности"	"3"	"Всего"	"1"	"Всего"	"1"	"2 691 686 000 000"
"Объем выполненных строительных работ (услуг)(Тысяч тенге казахских)"	"2022 год"	"202212"	"КЕНТАУ Г.А."	"17819"	"вторичный вид деятельности"	"3"	"Всего"	"1"	"Всего"	"1"	"3 074 069 000 000"
"Объем выполненных строительных работ (услуг)(Тысяч тенге казахских)"	"2018 год"	"201812"	"РАЙОН БАЙДИБЕКА"	"17902"	"Всего"	"1"	"Всего"	"1"	"Всего"	"1"	"18 919 034 000 000"
"Объем выполненных строительных работ (услуг)(Тысяч тенге казахских)"	"2019 год"	"201912"	"РАЙОН БАЙДИБЕКА"	"17902"	"Всего"	"1"	"Всего"	"1"	"Всего"	"1"	"12 103 745 000 000"
"Объем выполненных строительных работ (услуг)(Тысяч тенге казахских)"	"2020 год"	"202012"	"РАЙОН БАЙДИБЕКА"	"17902"	"Всего"	"1"	"Всего"	"1"	"Всего"	"1"	"13 392 355 000 000"
"Объем выполненных строительных работ (услуг)(Тысяч тенге казахских)"	"2021 год"	"202112"	"РАЙОН БАЙДИБЕКА"	"17902"	"Всего"	"1"	"Всего"	"1"	"Всего"	"1"	"14 016 064 000 000"
"Объем выполненных строительных работ (услуг)(Тысяч тенге казахских)"	"2022 год"	"202212"	"РАЙОН БАЙДИБЕКА"	"17902"	"Всего"	"1"	"Всего"	"1"	"Всего"	"1"	"14 722 058 000 000"
"Объем выполненных строительных работ (услуг)(Тысяч тенге казахских)"	"2018 год"	"201812"	"РАЙОН БАЙДИБЕКА"	"17902"	"основной вид деятельности"	"2"	"Всего"	"1"	"Всего"	"1"	"18 897 206 000 000"
"Объем выполненных строительных работ (услуг)(Тысяч тенге казахских)"	"2019 год"	"201912"	"РАЙОН БАЙДИБЕКА"	"17902"	"основной вид деятельности"	"2"	"Всего"	"1"	"Всего"	"1"	"10 510 466 000 000"
"Объем выполненных строительных работ (услуг)(Тысяч тенге казахских)"	"2020 год"	"202012"	"РАЙОН БАЙДИБЕКА"	"17902"	"основной вид деятельности"	"2"	"Всего"	"1"	"Всего"	"1"	"11 820 541 000 000"
"Объем выполненных строительных работ (услуг)(Тысяч тенге казахских)"	"2021 год"	"202112"	"РАЙОН БАЙДИБЕКА"	"17902"	"основной вид деятельности"	"2"	"Всего"	"1"	"Всего"	"1"	"14 006 965 000 000"
"Объем выполненных строительных работ (услуг)(Тысяч тенге казахских)"	"2022 год"	"202212"	"РАЙОН БАЙДИБЕКА"	"17902"	"основной вид деятельности"	"2"	"Всего"	"1"	"Всего"	"1"	"14 286 844 000 000"
"Объем выполненных строительных работ (услуг)(Тысяч тенге казахских)"	"2018 год"	"201812"	"РАЙОН БАЙДИБЕКА"	"17902"	"вторичный вид деятельности"	"3"	"Всего"	"1"	"Всего"	"1"	"21 828 000 000"
"Объем выполненных строительных работ (услуг)(Тысяч тенге казахских)"	"2019 год"	"201912"	"РАЙОН БАЙДИБЕКА"	"17902"	"вторичный вид деятельности"	"3"	"Всего"	"1"	"Всего"	"1"	"1 593 279 000 000"
"Объем выполненных строительных работ (услуг)(Тысяч тенге казахских)"	"2020 год"	"202012"	"РАЙОН БАЙДИБЕКА"	"17902"	"вторичный вид деятельности"	"3"	"Всего"	"1"	"Всего"	"1"	"1 571 814 000 000"
"Объем выполненных строительных работ (услуг)(Тысяч тенге казахских)"	"2021 год"	"202112"	"РАЙОН БАЙДИБЕКА"	"17902"	"вторичный вид деятельности"	"3"	"Всего"	"1"	"Всего"	"1"	"9 099 000 000"
"Объем выполненных строительных работ (услуг)(Тысяч тенге казахских)"	"2022 год"	"202212"	"РАЙОН БАЙДИБЕКА"	"17902"	"вторичный вид деятельности"	"3"	"Всего"	"1"	"Всего"	"1"	"435 214 000 000"
"Объем выполненных строительных работ (услуг)(Тысяч тенге казахских)"	"2018 год"	"201812"	"ЖЕТЫСАЙСКИЙ РАЙОН"	"17993"	"Всего"	"1"	"Всего"	"1"	"Всего"	"1"	"4 733 518 000 000"
"Объем выполненных строительных работ (услуг)(Тысяч тенге казахских)"	"2019 год"	"201912"	"ЖЕТЫСАЙСКИЙ РАЙОН"	"17993"	"Всего"	"1"	"Всего"	"1"	"Всего"	"1"	"6 196 212 000 000"
"Объем выполненных строительных работ (услуг)(Тысяч тенге казахских)"	"2020 год"	"202012"	"ЖЕТЫСАЙСКИЙ РАЙОН"	"17993"	"Всего"	"1"	"Всего"	"1"	"Всего"	"1"	"9 385 398 000 000"
"Объем выполненных строительных работ (услуг)(Тысяч тенге казахских)"	"2021 год"	"202112"	"ЖЕТЫСАЙСКИЙ РАЙОН"	"17993"	"Всего"	"1"	"Всего"	"1"	"Всего"	"1"	"8 608 472 000 000"
"Объем выполненных строительных работ (услуг)(Тысяч тенге казахских)"	"2022 год"	"202212"	"ЖЕТЫСАЙСКИЙ РАЙОН"	"17993"	"Всего"	"1"	"Всего"	"1"	"Всего"	"1"	"9 144 632 000 000"
"Объем выполненных строительных работ (услуг)(Тысяч тенге казахских)"	"2018 год"	"201812"	"ЖЕТЫСАЙСКИЙ РАЙОН"	"17993"	"основной вид деятельности"	"2"	"Всего"	"1"	"Всего"	"1"	"4 700 077 000 000"
"Объем выполненных строительных работ (услуг)(Тысяч тенге казахских)"	"2019 год"	"201912"	"ЖЕТЫСАЙСКИЙ РАЙОН"	"17993"	"основной вид деятельности"	"2"	"Всего"	"1"	"Всего"	"1"	"6 190 252 000 000"
"Объем выполненных строительных работ (услуг)(Тысяч тенге казахских)"	"2020 год"	"202012"	"ЖЕТЫСАЙСКИЙ РАЙОН"	"17993"	"основной вид деятельности"	"2"	"Всего"	"1"	"Всего"	"1"	"8 983 676 000 000"
"Объем выполненных строительных работ (услуг)(Тысяч тенге казахских)"	"2021 год"	"202112"	"ЖЕТЫСАЙСКИЙ РАЙОН"	"17993"	"основной вид деятельности"	"2"	"Всего"	"1"	"Всего"	"1"	"7 887 762 000 000"
"Объем выполненных строительных работ (услуг)(Тысяч тенге казахских)"	"2022 год"	"202212"	"ЖЕТЫСАЙСКИЙ РАЙОН"	"17993"	"основной вид деятельности"	"2"	"Всего"	"1"	"Всего"	"1"	"6 765 772 000 000"
"Объем выполненных строительных работ (услуг)(Тысяч тенге казахских)"	"2018 год"	"201812"	"ЖЕТЫСАЙСКИЙ РАЙОН"	"17993"	"вторичный вид деятельности"	"3"	"Всего"	"1"	"Всего"	"1"	"33 441 000 000"
"Объем выполненных строительных работ (услуг)(Тысяч тенге казахских)"	"2019 год"	"201912"	"ЖЕТЫСАЙСКИЙ РАЙОН"	"17993"	"вторичный вид деятельности"	"3"	"Всего"	"1"	"Всего"	"1"	"5 960 000 000"
"Объем выполненных строительных работ (услуг)(Тысяч тенге казахских)"	"2020 год"	"202012"	"ЖЕТЫСАЙСКИЙ РАЙОН"	"17993"	"вторичный вид деятельности"	"3"	"Всего"	"1"	"Всего"	"1"	"401 722 000 000"
"Объем выполненных строительных работ (услуг)(Тысяч тенге казахских)"	"2021 год"	"202112"	"ЖЕТЫСАЙСКИЙ РАЙОН"	"17993"	"вторичный вид деятельности"	"3"	"Всего"	"1"	"Всего"	"1"	"720 710 000 000"
"Объем выполненных строительных работ (услуг)(Тысяч тенге казахских)"	"2022 год"	"202212"	"ЖЕТЫСАЙСКИЙ РАЙОН"	"17993"	"вторичный вид деятельности"	"3"	"Всего"	"1"	"Всего"	"1"	"2 378 860 000 000"
"Объем выполненных строительных работ (услуг)(Тысяч тенге казахских)"	"2018 год"	"201812"	"КЕЛЕССКИЙ РАЙОН"	"18119"	"Всего"	"1"	"Всего"	"1"	"Всего"	"1"	"7 811 744 000 000"
"Объем выполненных строительных работ (услуг)(Тысяч тенге казахских)"	"2019 год"	"201912"	"КЕЛЕССКИЙ РАЙОН"	"18119"	"Всего"	"1"	"Всего"	"1"	"Всего"	"1"	"7 476 079 000 000"
"Объем выполненных строительных работ (услуг)(Тысяч тенге казахских)"	"2020 год"	"202012"	"КЕЛЕССКИЙ РАЙОН"	"18119"	"Всего"	"1"	"Всего"	"1"	"Всего"	"1"	"9 266 623 000 000"
"Объем выполненных строительных работ (услуг)(Тысяч тенге казахских)"	"2021 год"	"202112"	"КЕЛЕССКИЙ РАЙОН"	"18119"	"Всего"	"1"	"Всего"	"1"	"Всего"	"1"	"9 786 179 000 000"
"Объем выполненных строительных работ (услуг)(Тысяч тенге казахских)"	"2022 год"	"202212"	"КЕЛЕССКИЙ РАЙОН"	"18119"	"Всего"	"1"	"Всего"	"1"	"Всего"	"1"	"10 092 453 000 000"
"Объем выполненных строительных работ (услуг)(Тысяч тенге казахских)"	"2018 год"	"201812"	"КЕЛЕССКИЙ РАЙОН"	"18119"	"основной вид деятельности"	"2"	"Всего"	"1"	"Всего"	"1"	"7 196 541 000 000"
"Объем выполненных строительных работ (услуг)(Тысяч тенге казахских)"	"2019 год"	"201912"	"КЕЛЕССКИЙ РАЙОН"	"18119"	"основной вид деятельности"	"2"	"Всего"	"1"	"Всего"	"1"	"7 387 679 000 000"
"Объем выполненных строительных работ (услуг)(Тысяч тенге казахских)"	"2020 год"	"202012"	"КЕЛЕССКИЙ РАЙОН"	"18119"	"основной вид деятельности"	"2"	"Всего"	"1"	"Всего"	"1"	"9 066 097 000 000"
"Объем выполненных строительных работ (услуг)(Тысяч тенге казахских)"	"2021 год"	"202112"	"КЕЛЕССКИЙ РАЙОН"	"18119"	"основной вид деятельности"	"2"	"Всего"	"1"	"Всего"	"1"	"7 587 050 000 000"
"Объем выполненных строительных работ (услуг)(Тысяч тенге казахских)"	"2022 год"	"202212"	"КЕЛЕССКИЙ РАЙОН"	"18119"	"основной вид деятельности"	"2"	"Всего"	"1"	"Всего"	"1"	"10 065 479 000 000"
"Объем выполненных строительных работ (услуг)(Тысяч тенге казахских)"	"2018 год"	"201812"	"КЕЛЕССКИЙ РАЙОН"	"18119"	"вторичный вид деятельности"	"3"	"Всего"	"1"	"Всего"	"1"	"615 203 000 000"
"Объем выполненных строительных работ (услуг)(Тысяч тенге казахских)"	"2019 год"	"201912"	"КЕЛЕССКИЙ РАЙОН"	"18119"	"вторичный вид деятельности"	"3"	"Всего"	"1"	"Всего"	"1"	"88 400 000 000"
"Объем выполненных строительных работ (услуг)(Тысяч тенге казахских)"	"2020 год"	"202012"	"КЕЛЕССКИЙ РАЙОН"	"18119"	"вторичный вид деятельности"	"3"	"Всего"	"1"	"Всего"	"1"	"200 526 000 000"
"Объем выполненных строительных работ (услуг)(Тысяч тенге казахских)"	"2021 год"	"202112"	"КЕЛЕССКИЙ РАЙОН"	"18119"	"вторичный вид деятельности"	"3"	"Всего"	"1"	"Всего"	"1"	"2 199 129 000 000"
"Объем выполненных строительных работ (услуг)(Тысяч тенге казахских)"	"2022 год"	"202212"	"КЕЛЕССКИЙ РАЙОН"	"18119"	"вторичный вид деятельности"	"3"	"Всего"	"1"	"Всего"	"1"	"26 974 000 000"
"Объем выполненных строительных работ (услуг)(Тысяч тенге казахских)"	"2018 год"	"201812"	"КАЗЫГУРТСКИЙ РАЙОН"	"18215"	"Всего"	"1"	"Всего"	"1"	"Всего"	"1"	"13 936 147 000 000"
"Объем выполненных строительных работ (услуг)(Тысяч тенге казахских)"	"2019 год"	"201912"	"КАЗЫГУРТСКИЙ РАЙОН"	"18215"	"Всего"	"1"	"Всего"	"1"	"Всего"	"1"	"14 365 118 000 000"
"Объем выполненных строительных работ (услуг)(Тысяч тенге казахских)"	"2020 год"	"202012"	"КАЗЫГУРТСКИЙ РАЙОН"	"18215"	"Всего"	"1"	"Всего"	"1"	"Всего"	"1"	"5 001 000 000 000"
"Объем выполненных строительных работ (услуг)(Тысяч тенге казахских)"	"2021 год"	"202112"	"КАЗЫГУРТСКИЙ РАЙОН"	"18215"	"Всего"	"1"	"Всего"	"1"	"Всего"	"1"	"6 873 817 000 000"
"Объем выполненных строительных работ (услуг)(Тысяч тенге казахских)"	"2022 год"	"202212"	"КАЗЫГУРТСКИЙ РАЙОН"	"18215"	"Всего"	"1"	"Всего"	"1"	"Всего"	"1"	"7 363 505 000 000"
"Объем выполненных строительных работ (услуг)(Тысяч тенге казахских)"	"2018 год"	"201812"	"КАЗЫГУРТСКИЙ РАЙОН"	"18215"	"основной вид деятельности"	"2"	"Всего"	"1"	"Всего"	"1"	"13 197 162 000 000"
"Объем выполненных строительных работ (услуг)(Тысяч тенге казахских)"	"2019 год"	"201912"	"КАЗЫГУРТСКИЙ РАЙОН"	"18215"	"основной вид деятельности"	"2"	"Всего"	"1"	"Всего"	"1"	"10 800 039 000 000"
"Объем выполненных строительных работ (услуг)(Тысяч тенге казахских)"	"2020 год"	"202012"	"КАЗЫГУРТСКИЙ РАЙОН"	"18215"	"основной вид деятельности"	"2"	"Всего"	"1"	"Всего"	"1"	"4 905 711 000 000"
"Объем выполненных строительных работ (услуг)(Тысяч тенге казахских)"	"2021 год"	"202112"	"КАЗЫГУРТСКИЙ РАЙОН"	"18215"	"основной вид деятельности"	"2"	"Всего"	"1"	"Всего"	"1"	"6 115 401 000 000"
"Объем выполненных строительных работ (услуг)(Тысяч тенге казахских)"	"2022 год"	"202212"	"КАЗЫГУРТСКИЙ РАЙОН"	"18215"	"основной вид деятельности"	"2"	"Всего"	"1"	"Всего"	"1"	"6 283 223 000 000"
"Объем выполненных строительных работ (услуг)(Тысяч тенге казахских)"	"2018 год"	"201812"	"КАЗЫГУРТСКИЙ РАЙОН"	"18215"	"вторичный вид деятельности"	"3"	"Всего"	"1"	"Всего"	"1"	"738 985 000 000"
"Объем выполненных строительных работ (услуг)(Тысяч тенге казахских)"	"2019 год"	"201912"	"КАЗЫГУРТСКИЙ РАЙОН"	"18215"	"вторичный вид деятельности"	"3"	"Всего"	"1"	"Всего"	"1"	"3 565 079 000 000"
"Объем выполненных строительных работ (услуг)(Тысяч тенге казахских)"	"2020 год"	"202012"	"КАЗЫГУРТСКИЙ РАЙОН"	"18215"	"вторичный вид деятельности"	"3"	"Всего"	"1"	"Всего"	"1"	"95 289 000 000"
"Объем выполненных строительных работ (услуг)(Тысяч тенге казахских)"	"2021 год"	"202112"	"КАЗЫГУРТСКИЙ РАЙОН"	"18215"	"вторичный вид деятельности"	"3"	"Всего"	"1"	"Всего"	"1"	"758 416 000 000"
"Объем выполненных строительных работ (услуг)(Тысяч тенге казахских)"	"2022 год"	"202212"	"КАЗЫГУРТСКИЙ РАЙОН"	"18215"	"вторичный вид деятельности"	"3"	"Всего"	"1"	"Всего"	"1"	"1 080 282 000 000"
"Объем выполненных строительных работ (услуг)(Тысяч тенге казахских)"	"2018 год"	"201812"	"МАКТААРАЛЬСКИЙ РАЙОН"	"18423"	"Всего"	"1"	"Всего"	"1"	"Всего"	"1"	"3 153 971 000 000"
"Объем выполненных строительных работ (услуг)(Тысяч тенге казахских)"	"2019 год"	"201912"	"МАКТААРАЛЬСКИЙ РАЙОН"	"18423"	"Всего"	"1"	"Всего"	"1"	"Всего"	"1"	"6 092 750 000 000"
"Объем выполненных строительных работ (услуг)(Тысяч тенге казахских)"	"2020 год"	"202012"	"МАКТААРАЛЬСКИЙ РАЙОН"	"18423"	"Всего"	"1"	"Всего"	"1"	"Всего"	"1"	"15 683 079 000 000"
"Объем выполненных строительных работ (услуг)(Тысяч тенге казахских)"	"2021 год"	"202112"	"МАКТААРАЛЬСКИЙ РАЙОН"	"18423"	"Всего"	"1"	"Всего"	"1"	"Всего"	"1"	"8 781 835 000 000"
"Объем выполненных строительных работ (услуг)(Тысяч тенге казахских)"	"2022 год"	"202212"	"МАКТААРАЛЬСКИЙ РАЙОН"	"18423"	"Всего"	"1"	"Всего"	"1"	"Всего"	"1"	"9 112 902 000 000"
"Объем выполненных строительных работ (услуг)(Тысяч тенге казахских)"	"2018 год"	"201812"	"МАКТААРАЛЬСКИЙ РАЙОН"	"18423"	"основной вид деятельности"	"2"	"Всего"	"1"	"Всего"	"1"	"3 153 971 000 000"
"Объем выполненных строительных работ (услуг)(Тысяч тенге казахских)"	"2019 год"	"201912"	"МАКТААРАЛЬСКИЙ РАЙОН"	"18423"	"основной вид деятельности"	"2"	"Всего"	"1"	"Всего"	"1"	"6 092 203 000 000"
"Объем выполненных строительных работ (услуг)(Тысяч тенге казахских)"	"2020 год"	"202012"	"МАКТААРАЛЬСКИЙ РАЙОН"	"18423"	"основной вид деятельности"	"2"	"Всего"	"1"	"Всего"	"1"	"15 526 840 000 000"
"Объем выполненных строительных работ (услуг)(Тысяч тенге казахских)"	"2021 год"	"202112"	"МАКТААРАЛЬСКИЙ РАЙОН"	"18423"	"основной вид деятельности"	"2"	"Всего"	"1"	"Всего"	"1"	"8 231 493 000 000"
"Объем выполненных строительных работ (услуг)(Тысяч тенге казахских)"	"2022 год"	"202212"	"МАКТААРАЛЬСКИЙ РАЙОН"	"18423"	"основной вид деятельности"	"2"	"Всего"	"1"	"Всего"	"1"	"8 839 031 000 000"
"Объем выполненных строительных работ (услуг)(Тысяч тенге казахских)"	"2019 год"	"201912"	"МАКТААРАЛЬСКИЙ РАЙОН"	"18423"	"вторичный вид деятельности"	"3"	"Всего"	"1"	"Всего"	"1"	"547 000 000"
"Объем выполненных строительных работ (услуг)(Тысяч тенге казахских)"	"2020 год"	"202012"	"МАКТААРАЛЬСКИЙ РАЙОН"	"18423"	"вторичный вид деятельности"	"3"	"Всего"	"1"	"Всего"	"1"	"156 239 000 000"
"Объем выполненных строительных работ (услуг)(Тысяч тенге казахских)"	"2021 год"	"202112"	"МАКТААРАЛЬСКИЙ РАЙОН"	"18423"	"вторичный вид деятельности"	"3"	"Всего"	"1"	"Всего"	"1"	"550 342 000 000"
"Объем выполненных строительных работ (услуг)(Тысяч тенге казахских)"	"2022 год"	"202212"	"МАКТААРАЛЬСКИЙ РАЙОН"	"18423"	"вторичный вид деятельности"	"3"	"Всего"	"1"	"Всего"	"1"	"273 871 000 000"
"Объем выполненных строительных работ (услуг)(Тысяч тенге казахских)"	"2018 год"	"201812"	"ОРДАБАСЫНСКИЙ РАЙОН"	"18506"	"Всего"	"1"	"Всего"	"1"	"Всего"	"1"	"7 612 327 000 000"
"Объем выполненных строительных работ (услуг)(Тысяч тенге казахских)"	"2019 год"	"201912"	"ОРДАБАСЫНСКИЙ РАЙОН"	"18506"	"Всего"	"1"	"Всего"	"1"	"Всего"	"1"	"7 927 322 000 000"
"Объем выполненных строительных работ (услуг)(Тысяч тенге казахских)"	"2020 год"	"202012"	"ОРДАБАСЫНСКИЙ РАЙОН"	"18506"	"Всего"	"1"	"Всего"	"1"	"Всего"	"1"	"7 890 981 000 000"
"Объем выполненных строительных работ (услуг)(Тысяч тенге казахских)"	"2021 год"	"202112"	"ОРДАБАСЫНСКИЙ РАЙОН"	"18506"	"Всего"	"1"	"Всего"	"1"	"Всего"	"1"	"9 389 038 000 000"
"Объем выполненных строительных работ (услуг)(Тысяч тенге казахских)"	"2022 год"	"202212"	"ОРДАБАСЫНСКИЙ РАЙОН"	"18506"	"Всего"	"1"	"Всего"	"1"	"Всего"	"1"	"12 552 064 000 000"
"Объем выполненных строительных работ (услуг)(Тысяч тенге казахских)"	"2018 год"	"201812"	"ОРДАБАСЫНСКИЙ РАЙОН"	"18506"	"основной вид деятельности"	"2"	"Всего"	"1"	"Всего"	"1"	"6 008 159 000 000"
"Объем выполненных строительных работ (услуг)(Тысяч тенге казахских)"	"2019 год"	"201912"	"ОРДАБАСЫНСКИЙ РАЙОН"	"18506"	"основной вид деятельности"	"2"	"Всего"	"1"	"Всего"	"1"	"7 927 322 000 000"
"Объем выполненных строительных работ (услуг)(Тысяч тенге казахских)"	"2020 год"	"202012"	"ОРДАБАСЫНСКИЙ РАЙОН"	"18506"	"основной вид деятельности"	"2"	"Всего"	"1"	"Всего"	"1"	"7 496 249 000 000"
"Объем выполненных строительных работ (услуг)(Тысяч тенге казахских)"	"2021 год"	"202112"	"ОРДАБАСЫНСКИЙ РАЙОН"	"18506"	"основной вид деятельности"	"2"	"Всего"	"1"	"Всего"	"1"	"9 163 183 000 000"
"Объем выполненных строительных работ (услуг)(Тысяч тенге казахских)"	"2022 год"	"202212"	"ОРДАБАСЫНСКИЙ РАЙОН"	"18506"	"основной вид деятельности"	"2"	"Всего"	"1"	"Всего"	"1"	"11 572 769 000 000"
"Объем выполненных строительных работ (услуг)(Тысяч тенге казахских)"	"2018 год"	"201812"	"ОРДАБАСЫНСКИЙ РАЙОН"	"18506"	"вторичный вид деятельности"	"3"	"Всего"	"1"	"Всего"	"1"	"1 604 168 000 000"
"Объем выполненных строительных работ (услуг)(Тысяч тенге казахских)"	"2020 год"	"202012"	"ОРДАБАСЫНСКИЙ РАЙОН"	"18506"	"вторичный вид деятельности"	"3"	"Всего"	"1"	"Всего"	"1"	"394 732 000 000"
"Объем выполненных строительных работ (услуг)(Тысяч тенге казахских)"	"2021 год"	"202112"	"ОРДАБАСЫНСКИЙ РАЙОН"	"18506"	"вторичный вид деятельности"	"3"	"Всего"	"1"	"Всего"	"1"	"225 855 000 000"
"Объем выполненных строительных работ (услуг)(Тысяч тенге казахских)"	"2022 год"	"202212"	"ОРДАБАСЫНСКИЙ РАЙОН"	"18506"	"вторичный вид деятельности"	"3"	"Всего"	"1"	"Всего"	"1"	"979 295 000 000"
"Объем выполненных строительных работ (услуг)(Тысяч тенге казахских)"	"2018 год"	"201812"	"ОТРАРСКИЙ РАЙОН"	"18574"	"Всего"	"1"	"Всего"	"1"	"Всего"	"1"	"5 355 353 000 000"
"Объем выполненных строительных работ (услуг)(Тысяч тенге казахских)"	"2019 год"	"201912"	"ОТРАРСКИЙ РАЙОН"	"18574"	"Всего"	"1"	"Всего"	"1"	"Всего"	"1"	"5 596 919 000 000"
"Объем выполненных строительных работ (услуг)(Тысяч тенге казахских)"	"2020 год"	"202012"	"ОТРАРСКИЙ РАЙОН"	"18574"	"Всего"	"1"	"Всего"	"1"	"Всего"	"1"	"5 557 498 000 000"
"Объем выполненных строительных работ (услуг)(Тысяч тенге казахских)"	"2021 год"	"202112"	"ОТРАРСКИЙ РАЙОН"	"18574"	"Всего"	"1"	"Всего"	"1"	"Всего"	"1"	"3 384 531 000 000"
"Объем выполненных строительных работ (услуг)(Тысяч тенге казахских)"	"2022 год"	"202212"	"ОТРАРСКИЙ РАЙОН"	"18574"	"Всего"	"1"	"Всего"	"1"	"Всего"	"1"	"8 159 285 000 000"
"Объем выполненных строительных работ (услуг)(Тысяч тенге казахских)"	"2018 год"	"201812"	"ОТРАРСКИЙ РАЙОН"	"18574"	"основной вид деятельности"	"2"	"Всего"	"1"	"Всего"	"1"	"4 636 568 000 000"
"Объем выполненных строительных работ (услуг)(Тысяч тенге казахских)"	"2019 год"	"201912"	"ОТРАРСКИЙ РАЙОН"	"18574"	"основной вид деятельности"	"2"	"Всего"	"1"	"Всего"	"1"	"5 589 231 000 000"
"Объем выполненных строительных работ (услуг)(Тысяч тенге казахских)"	"2020 год"	"202012"	"ОТРАРСКИЙ РАЙОН"	"18574"	"основной вид деятельности"	"2"	"Всего"	"1"	"Всего"	"1"	"5 550 718 000 000"
"Объем выполненных строительных работ (услуг)(Тысяч тенге казахских)"	"2021 год"	"202112"	"ОТРАРСКИЙ РАЙОН"	"18574"	"основной вид деятельности"	"2"	"Всего"	"1"	"Всего"	"1"	"3 228 159 000 000"
"Объем выполненных строительных работ (услуг)(Тысяч тенге казахских)"	"2022 год"	"202212"	"ОТРАРСКИЙ РАЙОН"	"18574"	"основной вид деятельности"	"2"	"Всего"	"1"	"Всего"	"1"	"7 976 846 000 000"
"Объем выполненных строительных работ (услуг)(Тысяч тенге казахских)"	"2018 год"	"201812"	"ОТРАРСКИЙ РАЙОН"	"18574"	"вторичный вид деятельности"	"3"	"Всего"	"1"	"Всего"	"1"	"718 785 000 000"
"Объем выполненных строительных работ (услуг)(Тысяч тенге казахских)"	"2019 год"	"201912"	"ОТРАРСКИЙ РАЙОН"	"18574"	"вторичный вид деятельности"	"3"	"Всего"	"1"	"Всего"	"1"	"7 688 000 000"
"Объем выполненных строительных работ (услуг)(Тысяч тенге казахских)"	"2020 год"	"202012"	"ОТРАРСКИЙ РАЙОН"	"18574"	"вторичный вид деятельности"	"3"	"Всего"	"1"	"Всего"	"1"	"6 780 000 000"
"Объем выполненных строительных работ (услуг)(Тысяч тенге казахских)"	"2021 год"	"202112"	"ОТРАРСКИЙ РАЙОН"	"18574"	"вторичный вид деятельности"	"3"	"Всего"	"1"	"Всего"	"1"	"156 372 000 000"
"Объем выполненных строительных работ (услуг)(Тысяч тенге казахских)"	"2022 год"	"202212"	"ОТРАРСКИЙ РАЙОН"	"18574"	"вторичный вид деятельности"	"3"	"Всего"	"1"	"Всего"	"1"	"182 439 000 000"
"Объем выполненных строительных работ (услуг)(Тысяч тенге казахских)"	"2018 год"	"201812"	"САЙРАМСКИЙ РАЙОН"	"18632"	"Всего"	"1"	"Всего"	"1"	"Всего"	"1"	"9 966 227 000 000"
"Объем выполненных строительных работ (услуг)(Тысяч тенге казахских)"	"2019 год"	"201912"	"САЙРАМСКИЙ РАЙОН"	"18632"	"Всего"	"1"	"Всего"	"1"	"Всего"	"1"	"10 856 021 000 000"
"Объем выполненных строительных работ (услуг)(Тысяч тенге казахских)"	"2020 год"	"202012"	"САЙРАМСКИЙ РАЙОН"	"18632"	"Всего"	"1"	"Всего"	"1"	"Всего"	"1"	"12 181 580 000 000"
"Объем выполненных строительных работ (услуг)(Тысяч тенге казахских)"	"2021 год"	"202112"	"САЙРАМСКИЙ РАЙОН"	"18632"	"Всего"	"1"	"Всего"	"1"	"Всего"	"1"	"8 430 655 000 000"
"Объем выполненных строительных работ (услуг)(Тысяч тенге казахских)"	"2022 год"	"202212"	"САЙРАМСКИЙ РАЙОН"	"18632"	"Всего"	"1"	"Всего"	"1"	"Всего"	"1"	"14 851 401 000 000"
"Объем выполненных строительных работ (услуг)(Тысяч тенге казахских)"	"2018 год"	"201812"	"САЙРАМСКИЙ РАЙОН"	"18632"	"основной вид деятельности"	"2"	"Всего"	"1"	"Всего"	"1"	"7 991 739 000 000"
"Объем выполненных строительных работ (услуг)(Тысяч тенге казахских)"	"2019 год"	"201912"	"САЙРАМСКИЙ РАЙОН"	"18632"	"основной вид деятельности"	"2"	"Всего"	"1"	"Всего"	"1"	"10 343 541 000 000"
"Объем выполненных строительных работ (услуг)(Тысяч тенге казахских)"	"2020 год"	"202012"	"САЙРАМСКИЙ РАЙОН"	"18632"	"основной вид деятельности"	"2"	"Всего"	"1"	"Всего"	"1"	"11 866 421 000 000"
"Объем выполненных строительных работ (услуг)(Тысяч тенге казахских)"	"2021 год"	"202112"	"САЙРАМСКИЙ РАЙОН"	"18632"	"основной вид деятельности"	"2"	"Всего"	"1"	"Всего"	"1"	"5 226 567 000 000"
"Объем выполненных строительных работ (услуг)(Тысяч тенге казахских)"	"2022 год"	"202212"	"САЙРАМСКИЙ РАЙОН"	"18632"	"основной вид деятельности"	"2"	"Всего"	"1"	"Всего"	"1"	"11 479 333 000 000"
"Объем выполненных строительных работ (услуг)(Тысяч тенге казахских)"	"2018 год"	"201812"	"САЙРАМСКИЙ РАЙОН"	"18632"	"вторичный вид деятельности"	"3"	"Всего"	"1"	"Всего"	"1"	"1 974 488 000 000"
"Объем выполненных строительных работ (услуг)(Тысяч тенге казахских)"	"2019 год"	"201912"	"САЙРАМСКИЙ РАЙОН"	"18632"	"вторичный вид деятельности"	"3"	"Всего"	"1"	"Всего"	"1"	"512 480 000 000"
"Объем выполненных строительных работ (услуг)(Тысяч тенге казахских)"	"2020 год"	"202012"	"САЙРАМСКИЙ РАЙОН"	"18632"	"вторичный вид деятельности"	"3"	"Всего"	"1"	"Всего"	"1"	"315 159 000 000"
"Объем выполненных строительных работ (услуг)(Тысяч тенге казахских)"	"2021 год"	"202112"	"САЙРАМСКИЙ РАЙОН"	"18632"	"вторичный вид деятельности"	"3"	"Всего"	"1"	"Всего"	"1"	"3 204 088 000 000"
"Объем выполненных строительных работ (услуг)(Тысяч тенге казахских)"	"2022 год"	"202212"	"САЙРАМСКИЙ РАЙОН"	"18632"	"вторичный вид деятельности"	"3"	"Всего"	"1"	"Всего"	"1"	"3 372 068 000 000"
"Объем выполненных строительных работ (услуг)(Тысяч тенге казахских)"	"2018 год"	"201812"	"САРЫАГАШСКИЙ РАЙОН"	"18702"	"Всего"	"1"	"Всего"	"1"	"Всего"	"1"	"9 839 659 000 000"
"Объем выполненных строительных работ (услуг)(Тысяч тенге казахских)"	"2019 год"	"201912"	"САРЫАГАШСКИЙ РАЙОН"	"18702"	"Всего"	"1"	"Всего"	"1"	"Всего"	"1"	"12 890 779 000 000"
"Объем выполненных строительных работ (услуг)(Тысяч тенге казахских)"	"2020 год"	"202012"	"САРЫАГАШСКИЙ РАЙОН"	"18702"	"Всего"	"1"	"Всего"	"1"	"Всего"	"1"	"14 152 187 000 000"
"Объем выполненных строительных работ (услуг)(Тысяч тенге казахских)"	"2021 год"	"202112"	"САРЫАГАШСКИЙ РАЙОН"	"18702"	"Всего"	"1"	"Всего"	"1"	"Всего"	"1"	"14 789 308 000 000"
"Объем выполненных строительных работ (услуг)(Тысяч тенге казахских)"	"2022 год"	"202212"	"САРЫАГАШСКИЙ РАЙОН"	"18702"	"Всего"	"1"	"Всего"	"1"	"Всего"	"1"	"8 299 518 000 000"
"Объем выполненных строительных работ (услуг)(Тысяч тенге казахских)"	"2018 год"	"201812"	"САРЫАГАШСКИЙ РАЙОН"	"18702"	"основной вид деятельности"	"2"	"Всего"	"1"	"Всего"	"1"	"9 792 125 000 000"
"Объем выполненных строительных работ (услуг)(Тысяч тенге казахских)"	"2019 год"	"201912"	"САРЫАГАШСКИЙ РАЙОН"	"18702"	"основной вид деятельности"	"2"	"Всего"	"1"	"Всего"	"1"	"12 735 530 000 000"
"Объем выполненных строительных работ (услуг)(Тысяч тенге казахских)"	"2020 год"	"202012"	"САРЫАГАШСКИЙ РАЙОН"	"18702"	"основной вид деятельности"	"2"	"Всего"	"1"	"Всего"	"1"	"13 880 320 000 000"
"Объем выполненных строительных работ (услуг)(Тысяч тенге казахских)"	"2021 год"	"202112"	"САРЫАГАШСКИЙ РАЙОН"	"18702"	"основной вид деятельности"	"2"	"Всего"	"1"	"Всего"	"1"	"13 489 603 000 000"
"Объем выполненных строительных работ (услуг)(Тысяч тенге казахских)"	"2022 год"	"202212"	"САРЫАГАШСКИЙ РАЙОН"	"18702"	"основной вид деятельности"	"2"	"Всего"	"1"	"Всего"	"1"	"8 111 835 000 000"
"Объем выполненных строительных работ (услуг)(Тысяч тенге казахских)"	"2018 год"	"201812"	"САРЫАГАШСКИЙ РАЙОН"	"18702"	"вторичный вид деятельности"	"3"	"Всего"	"1"	"Всего"	"1"	"47 534 000 000"
"Объем выполненных строительных работ (услуг)(Тысяч тенге казахских)"	"2019 год"	"201912"	"САРЫАГАШСКИЙ РАЙОН"	"18702"	"вторичный вид деятельности"	"3"	"Всего"	"1"	"Всего"	"1"	"155 249 000 000"
"Объем выполненных строительных работ (услуг)(Тысяч тенге казахских)"	"2020 год"	"202012"	"САРЫАГАШСКИЙ РАЙОН"	"18702"	"вторичный вид деятельности"	"3"	"Всего"	"1"	"Всего"	"1"	"271 867 000 000"
"Объем выполненных строительных работ (услуг)(Тысяч тенге казахских)"	"2021 год"	"202112"	"САРЫАГАШСКИЙ РАЙОН"	"18702"	"вторичный вид деятельности"	"3"	"Всего"	"1"	"Всего"	"1"	"1 299 705 000 000"
"Объем выполненных строительных работ (услуг)(Тысяч тенге казахских)"	"2022 год"	"202212"	"САРЫАГАШСКИЙ РАЙОН"	"18702"	"вторичный вид деятельности"	"3"	"Всего"	"1"	"Всего"	"1"	"187 683 000 000"
"Объем выполненных строительных работ (услуг)(Тысяч тенге казахских)"	"2018 год"	"201812"	"СУЗАКСКИЙ РАЙОН"	"18788"	"Всего"	"1"	"Всего"	"1"	"Всего"	"1"	"11 081 923 000 000"
"Объем выполненных строительных работ (услуг)(Тысяч тенге казахских)"	"2019 год"	"201912"	"СУЗАКСКИЙ РАЙОН"	"18788"	"Всего"	"1"	"Всего"	"1"	"Всего"	"1"	"11 993 133 000 000"
"Объем выполненных строительных работ (услуг)(Тысяч тенге казахских)"	"2020 год"	"202012"	"СУЗАКСКИЙ РАЙОН"	"18788"	"Всего"	"1"	"Всего"	"1"	"Всего"	"1"	"13 519 367 000 000"
"Объем выполненных строительных работ (услуг)(Тысяч тенге казахских)"	"2021 год"	"202112"	"СУЗАКСКИЙ РАЙОН"	"18788"	"Всего"	"1"	"Всего"	"1"	"Всего"	"1"	"9 147 152 000 000"
"Объем выполненных строительных работ (услуг)(Тысяч тенге казахских)"	"2022 год"	"202212"	"СУЗАКСКИЙ РАЙОН"	"18788"	"Всего"	"1"	"Всего"	"1"	"Всего"	"1"	"10 097 193 000 000"
"Объем выполненных строительных работ (услуг)(Тысяч тенге казахских)"	"2018 год"	"201812"	"СУЗАКСКИЙ РАЙОН"	"18788"	"основной вид деятельности"	"2"	"Всего"	"1"	"Всего"	"1"	"11 079 384 000 000"
"Объем выполненных строительных работ (услуг)(Тысяч тенге казахских)"	"2019 год"	"201912"	"СУЗАКСКИЙ РАЙОН"	"18788"	"основной вид деятельности"	"2"	"Всего"	"1"	"Всего"	"1"	"10 692 989 000 000"
"Объем выполненных строительных работ (услуг)(Тысяч тенге казахских)"	"2020 год"	"202012"	"СУЗАКСКИЙ РАЙОН"	"18788"	"основной вид деятельности"	"2"	"Всего"	"1"	"Всего"	"1"	"13 197 761 000 000"
"Объем выполненных строительных работ (услуг)(Тысяч тенге казахских)"	"2021 год"	"202112"	"СУЗАКСКИЙ РАЙОН"	"18788"	"основной вид деятельности"	"2"	"Всего"	"1"	"Всего"	"1"	"7 935 841 000 000"
"Объем выполненных строительных работ (услуг)(Тысяч тенге казахских)"	"2022 год"	"202212"	"СУЗАКСКИЙ РАЙОН"	"18788"	"основной вид деятельности"	"2"	"Всего"	"1"	"Всего"	"1"	"9 119 931 000 000"
"Объем выполненных строительных работ (услуг)(Тысяч тенге казахских)"	"2018 год"	"201812"	"СУЗАКСКИЙ РАЙОН"	"18788"	"вторичный вид деятельности"	"3"	"Всего"	"1"	"Всего"	"1"	"2 539 000 000"
"Объем выполненных строительных работ (услуг)(Тысяч тенге казахских)"	"2019 год"	"201912"	"СУЗАКСКИЙ РАЙОН"	"18788"	"вторичный вид деятельности"	"3"	"Всего"	"1"	"Всего"	"1"	"1 300 144 000 000"
"Объем выполненных строительных работ (услуг)(Тысяч тенге казахских)"	"2020 год"	"202012"	"СУЗАКСКИЙ РАЙОН"	"18788"	"вторичный вид деятельности"	"3"	"Всего"	"1"	"Всего"	"1"	"321 606 000 000"
"Объем выполненных строительных работ (услуг)(Тысяч тенге казахских)"	"2021 год"	"202112"	"СУЗАКСКИЙ РАЙОН"	"18788"	"вторичный вид деятельности"	"3"	"Всего"	"1"	"Всего"	"1"	"1 211 311 000 000"
"Объем выполненных строительных работ (услуг)(Тысяч тенге казахских)"	"2022 год"	"202212"	"СУЗАКСКИЙ РАЙОН"	"18788"	"вторичный вид деятельности"	"3"	"Всего"	"1"	"Всего"	"1"	"977 262 000 000"
"Объем выполненных строительных работ (услуг)(Тысяч тенге казахских)"	"2018 год"	"201812"	"ТОЛЕБИЙСКИЙ РАЙОН"	"18839"	"Всего"	"1"	"Всего"	"1"	"Всего"	"1"	"4 924 222 000 000"
"Объем выполненных строительных работ (услуг)(Тысяч тенге казахских)"	"2019 год"	"201912"	"ТОЛЕБИЙСКИЙ РАЙОН"	"18839"	"Всего"	"1"	"Всего"	"1"	"Всего"	"1"	"5 071 925 000 000"
"Объем выполненных строительных работ (услуг)(Тысяч тенге казахских)"	"2020 год"	"202012"	"ТОЛЕБИЙСКИЙ РАЙОН"	"18839"	"Всего"	"1"	"Всего"	"1"	"Всего"	"1"	"4 604 389 000 000"
"Объем выполненных строительных работ (услуг)(Тысяч тенге казахских)"	"2021 год"	"202112"	"ТОЛЕБИЙСКИЙ РАЙОН"	"18839"	"Всего"	"1"	"Всего"	"1"	"Всего"	"1"	"6 363 901 000 000"
"Объем выполненных строительных работ (услуг)(Тысяч тенге казахских)"	"2022 год"	"202212"	"ТОЛЕБИЙСКИЙ РАЙОН"	"18839"	"Всего"	"1"	"Всего"	"1"	"Всего"	"1"	"6 655 238 000 000"
"Объем выполненных строительных работ (услуг)(Тысяч тенге казахских)"	"2018 год"	"201812"	"ТОЛЕБИЙСКИЙ РАЙОН"	"18839"	"основной вид деятельности"	"2"	"Всего"	"1"	"Всего"	"1"	"4 905 242 000 000"
"Объем выполненных строительных работ (услуг)(Тысяч тенге казахских)"	"2019 год"	"201912"	"ТОЛЕБИЙСКИЙ РАЙОН"	"18839"	"основной вид деятельности"	"2"	"Всего"	"1"	"Всего"	"1"	"5 065 731 000 000"
"Объем выполненных строительных работ (услуг)(Тысяч тенге казахских)"	"2020 год"	"202012"	"ТОЛЕБИЙСКИЙ РАЙОН"	"18839"	"основной вид деятельности"	"2"	"Всего"	"1"	"Всего"	"1"	"4 520 188 000 000"
"Объем выполненных строительных работ (услуг)(Тысяч тенге казахских)"	"2021 год"	"202112"	"ТОЛЕБИЙСКИЙ РАЙОН"	"18839"	"основной вид деятельности"	"2"	"Всего"	"1"	"Всего"	"1"	"6 254 032 000 000"
"Объем выполненных строительных работ (услуг)(Тысяч тенге казахских)"	"2022 год"	"202212"	"ТОЛЕБИЙСКИЙ РАЙОН"	"18839"	"основной вид деятельности"	"2"	"Всего"	"1"	"Всего"	"1"	"6 649 812 000 000"
"Объем выполненных строительных работ (услуг)(Тысяч тенге казахских)"	"2018 год"	"201812"	"ТОЛЕБИЙСКИЙ РАЙОН"	"18839"	"вторичный вид деятельности"	"3"	"Всего"	"1"	"Всего"	"1"	"18 980 000 000"
"Объем выполненных строительных работ (услуг)(Тысяч тенге казахских)"	"2019 год"	"201912"	"ТОЛЕБИЙСКИЙ РАЙОН"	"18839"	"вторичный вид деятельности"	"3"	"Всего"	"1"	"Всего"	"1"	"6 194 000 000"
"Объем выполненных строительных работ (услуг)(Тысяч тенге казахских)"	"2020 год"	"202012"	"ТОЛЕБИЙСКИЙ РАЙОН"	"18839"	"вторичный вид деятельности"	"3"	"Всего"	"1"	"Всего"	"1"	"84 201 000 000"
"Объем выполненных строительных работ (услуг)(Тысяч тенге казахских)"	"2021 год"	"202112"	"ТОЛЕБИЙСКИЙ РАЙОН"	"18839"	"вторичный вид деятельности"	"3"	"Всего"	"1"	"Всего"	"1"	"109 869 000 000"
"Объем выполненных строительных работ (услуг)(Тысяч тенге казахских)"	"2022 год"	"202212"	"ТОЛЕБИЙСКИЙ РАЙОН"	"18839"	"вторичный вид деятельности"	"3"	"Всего"	"1"	"Всего"	"1"	"5 426 000 000"
"Объем выполненных строительных работ (услуг)(Тысяч тенге казахских)"	"2018 год"	"201812"	"ТЮЛЬКУБАССКИЙ РАЙОН"	"18907"	"Всего"	"1"	"Всего"	"1"	"Всего"	"1"	"11 804 047 000 000"
"Объем выполненных строительных работ (услуг)(Тысяч тенге казахских)"	"2019 год"	"201912"	"ТЮЛЬКУБАССКИЙ РАЙОН"	"18907"	"Всего"	"1"	"Всего"	"1"	"Всего"	"1"	"11 943 666 000 000"
"Объем выполненных строительных работ (услуг)(Тысяч тенге казахских)"	"2020 год"	"202012"	"ТЮЛЬКУБАССКИЙ РАЙОН"	"18907"	"Всего"	"1"	"Всего"	"1"	"Всего"	"1"	"12 099 404 000 000"
"Объем выполненных строительных работ (услуг)(Тысяч тенге казахских)"	"2021 год"	"202112"	"ТЮЛЬКУБАССКИЙ РАЙОН"	"18907"	"Всего"	"1"	"Всего"	"1"	"Всего"	"1"	"5 994 602 000 000"
"Объем выполненных строительных работ (услуг)(Тысяч тенге казахских)"	"2022 год"	"202212"	"ТЮЛЬКУБАССКИЙ РАЙОН"	"18907"	"Всего"	"1"	"Всего"	"1"	"Всего"	"1"	"5 218 505 000 000"
"Объем выполненных строительных работ (услуг)(Тысяч тенге казахских)"	"2018 год"	"201812"	"ТЮЛЬКУБАССКИЙ РАЙОН"	"18907"	"основной вид деятельности"	"2"	"Всего"	"1"	"Всего"	"1"	"11 441 724 000 000"
"Объем выполненных строительных работ (услуг)(Тысяч тенге казахских)"	"2019 год"	"201912"	"ТЮЛЬКУБАССКИЙ РАЙОН"	"18907"	"основной вид деятельности"	"2"	"Всего"	"1"	"Всего"	"1"	"11 922 721 000 000"
"Объем выполненных строительных работ (услуг)(Тысяч тенге казахских)"	"2020 год"	"202012"	"ТЮЛЬКУБАССКИЙ РАЙОН"	"18907"	"основной вид деятельности"	"2"	"Всего"	"1"	"Всего"	"1"	"11 859 064 000 000"
"Объем выполненных строительных работ (услуг)(Тысяч тенге казахских)"	"2021 год"	"202112"	"ТЮЛЬКУБАССКИЙ РАЙОН"	"18907"	"основной вид деятельности"	"2"	"Всего"	"1"	"Всего"	"1"	"5 994 245 000 000"
"Объем выполненных строительных работ (услуг)(Тысяч тенге казахских)"	"2022 год"	"202212"	"ТЮЛЬКУБАССКИЙ РАЙОН"	"18907"	"основной вид деятельности"	"2"	"Всего"	"1"	"Всего"	"1"	"5 054 490 000 000"
"Объем выполненных строительных работ (услуг)(Тысяч тенге казахских)"	"2018 год"	"201812"	"ТЮЛЬКУБАССКИЙ РАЙОН"	"18907"	"вторичный вид деятельности"	"3"	"Всего"	"1"	"Всего"	"1"	"362 323 000 000"
"Объем выполненных строительных работ (услуг)(Тысяч тенге казахских)"	"2019 год"	"201912"	"ТЮЛЬКУБАССКИЙ РАЙОН"	"18907"	"вторичный вид деятельности"	"3"	"Всего"	"1"	"Всего"	"1"	"20 945 000 000"
"Объем выполненных строительных работ (услуг)(Тысяч тенге казахских)"	"2020 год"	"202012"	"ТЮЛЬКУБАССКИЙ РАЙОН"	"18907"	"вторичный вид деятельности"	"3"	"Всего"	"1"	"Всего"	"1"	"240 340 000 000"
"Объем выполненных строительных работ (услуг)(Тысяч тенге казахских)"	"2021 год"	"202112"	"ТЮЛЬКУБАССКИЙ РАЙОН"	"18907"	"вторичный вид деятельности"	"3"	"Всего"	"1"	"Всего"	"1"	"357 000 000"
"Объем выполненных строительных работ (услуг)(Тысяч тенге казахских)"	"2022 год"	"202212"	"ТЮЛЬКУБАССКИЙ РАЙОН"	"18907"	"вторичный вид деятельности"	"3"	"Всего"	"1"	"Всего"	"1"	"164 015 000 000"
"Объем выполненных строительных работ (услуг)(Тысяч тенге казахских)"	"2018 год"	"201812"	"ШАРДАРИНСКИЙ РАЙОН"	"18991"	"Всего"	"1"	"Всего"	"1"	"Всего"	"1"	"5 352 788 000 000"
"Объем выполненных строительных работ (услуг)(Тысяч тенге казахских)"	"2019 год"	"201912"	"ШАРДАРИНСКИЙ РАЙОН"	"18991"	"Всего"	"1"	"Всего"	"1"	"Всего"	"1"	"5 452 597 000 000"
"Объем выполненных строительных работ (услуг)(Тысяч тенге казахских)"	"2020 год"	"202012"	"ШАРДАРИНСКИЙ РАЙОН"	"18991"	"Всего"	"1"	"Всего"	"1"	"Всего"	"1"	"13 663 606 000 000"
"Объем выполненных строительных работ (услуг)(Тысяч тенге казахских)"	"2021 год"	"202112"	"ШАРДАРИНСКИЙ РАЙОН"	"18991"	"Всего"	"1"	"Всего"	"1"	"Всего"	"1"	"15 162 408 000 000"
"Объем выполненных строительных работ (услуг)(Тысяч тенге казахских)"	"2022 год"	"202212"	"ШАРДАРИНСКИЙ РАЙОН"	"18991"	"Всего"	"1"	"Всего"	"1"	"Всего"	"1"	"16 118 255 000 000"
"Объем выполненных строительных работ (услуг)(Тысяч тенге казахских)"	"2018 год"	"201812"	"ШАРДАРИНСКИЙ РАЙОН"	"18991"	"основной вид деятельности"	"2"	"Всего"	"1"	"Всего"	"1"	"4 916 504 000 000"
"Объем выполненных строительных работ (услуг)(Тысяч тенге казахских)"	"2019 год"	"201912"	"ШАРДАРИНСКИЙ РАЙОН"	"18991"	"основной вид деятельности"	"2"	"Всего"	"1"	"Всего"	"1"	"5 448 837 000 000"
"Объем выполненных строительных работ (услуг)(Тысяч тенге казахских)"	"2020 год"	"202012"	"ШАРДАРИНСКИЙ РАЙОН"	"18991"	"основной вид деятельности"	"2"	"Всего"	"1"	"Всего"	"1"	"13 617 253 000 000"
"Объем выполненных строительных работ (услуг)(Тысяч тенге казахских)"	"2021 год"	"202112"	"ШАРДАРИНСКИЙ РАЙОН"	"18991"	"основной вид деятельности"	"2"	"Всего"	"1"	"Всего"	"1"	"15 041 411 000 000"
"Объем выполненных строительных работ (услуг)(Тысяч тенге казахских)"	"2022 год"	"202212"	"ШАРДАРИНСКИЙ РАЙОН"	"18991"	"основной вид деятельности"	"2"	"Всего"	"1"	"Всего"	"1"	"12 643 537 000 000"
"Объем выполненных строительных работ (услуг)(Тысяч тенге казахских)"	"2018 год"	"201812"	"ШАРДАРИНСКИЙ РАЙОН"	"18991"	"вторичный вид деятельности"	"3"	"Всего"	"1"	"Всего"	"1"	"436 284 000 000"
"Объем выполненных строительных работ (услуг)(Тысяч тенге казахских)"	"2019 год"	"201912"	"ШАРДАРИНСКИЙ РАЙОН"	"18991"	"вторичный вид деятельности"	"3"	"Всего"	"1"	"Всего"	"1"	"3 760 000 000"
"Объем выполненных строительных работ (услуг)(Тысяч тенге казахских)"	"2020 год"	"202012"	"ШАРДАРИНСКИЙ РАЙОН"	"18991"	"вторичный вид деятельности"	"3"	"Всего"	"1"	"Всего"	"1"	"46 353 000 000"
"Объем выполненных строительных работ (услуг)(Тысяч тенге казахских)"	"2021 год"	"202112"	"ШАРДАРИНСКИЙ РАЙОН"	"18991"	"вторичный вид деятельности"	"3"	"Всего"	"1"	"Всего"	"1"	"120 997 000 000"
"Объем выполненных строительных работ (услуг)(Тысяч тенге казахских)"	"2022 год"	"202212"	"ШАРДАРИНСКИЙ РАЙОН"	"18991"	"вторичный вид деятельности"	"3"	"Всего"	"1"	"Всего"	"1"	"3 474 718 000 000"
"Объем выполненных строительных работ (услуг)(Тысяч тенге казахских)"	"2022 год"	"202212"	"ОБЛАСТЬ ҰЛЫТАУ"	"19048"	"Всего"	"1"	"Всего"	"1"	"Всего"	"1"	"109 084 059 000 000"
"Объем выполненных строительных работ (услуг)(Тысяч тенге казахских)"	"2022 год"	"202212"	"ОБЛАСТЬ ҰЛЫТАУ"	"19048"	"основной вид деятельности"	"2"	"Всего"	"1"	"Всего"	"1"	"95 743 037 000 000"
"Объем выполненных строительных работ (услуг)(Тысяч тенге казахских)"	"2022 год"	"202212"	"ОБЛАСТЬ ҰЛЫТАУ"	"19048"	"вторичный вид деятельности"	"3"	"Всего"	"1"	"Всего"	"1"	"13 341 022 000 000"
"Объем выполненных строительных работ (услуг)(Тысяч тенге казахских)"	"2017 год"	"201712"	"ВОСТОЧНО-КАЗАХСТАНСКАЯ ОБЛАСТЬ"	"19049"	"Всего"	"1"	"Всего"	"1"	"Всего"	"1"	"240 821 301 000 000"
"Объем выполненных строительных работ (услуг)(Тысяч тенге казахских)"	"2016 год"	"201612"	"ВОСТОЧНО-КАЗАХСТАНСКАЯ ОБЛАСТЬ"	"19049"	"Всего"	"1"	"Всего"	"1"	"Всего"	"1"	"230 340 713 000 000"
"Объем выполненных строительных работ (услуг)(Тысяч тенге казахских)"	"2018 год"	"201812"	"ВОСТОЧНО-КАЗАХСТАНСКАЯ ОБЛАСТЬ"	"19049"	"Всего"	"1"	"Всего"	"1"	"Всего"	"1"	"262 188 397 000 000"
"Объем выполненных строительных работ (услуг)(Тысяч тенге казахских)"	"2019 год"	"201912"	"ВОСТОЧНО-КАЗАХСТАНСКАЯ ОБЛАСТЬ"	"19049"	"Всего"	"1"	"Всего"	"1"	"Всего"	"1"	"284 060 485 000 000"
"Объем выполненных строительных работ (услуг)(Тысяч тенге казахских)"	"2020 год"	"202012"	"ВОСТОЧНО-КАЗАХСТАНСКАЯ ОБЛАСТЬ"	"19049"	"Всего"	"1"	"Всего"	"1"	"Всего"	"1"	"359 271 853 000 000"
"Объем выполненных строительных работ (услуг)(Тысяч тенге казахских)"	"2021 год"	"202112"	"ВОСТОЧНО-КАЗАХСТАНСКАЯ ОБЛАСТЬ"	"19049"	"Всего"	"1"	"Всего"	"1"	"Всего"	"1"	"402 350 261 000 000"
"Объем выполненных строительных работ (услуг)(Тысяч тенге казахских)"	"2022 год"	"202212"	"ВОСТОЧНО-КАЗАХСТАНСКАЯ ОБЛАСТЬ"	"19049"	"Всего"	"1"	"Всего"	"1"	"Всего"	"1"	"272 646 492 000 000"
"Объем выполненных строительных работ (услуг)(Тысяч тенге казахских)"	"2017 год"	"201712"	"ВОСТОЧНО-КАЗАХСТАНСКАЯ ОБЛАСТЬ"	"19049"	"основной вид деятельности"	"2"	"Всего"	"1"	"Всего"	"1"	"193 479 447 000 000"
"Объем выполненных строительных работ (услуг)(Тысяч тенге казахских)"	"2016 год"	"201612"	"ВОСТОЧНО-КАЗАХСТАНСКАЯ ОБЛАСТЬ"	"19049"	"основной вид деятельности"	"2"	"Всего"	"1"	"Всего"	"1"	"214 846 005 000 000"
"Объем выполненных строительных работ (услуг)(Тысяч тенге казахских)"	"2018 год"	"201812"	"ВОСТОЧНО-КАЗАХСТАНСКАЯ ОБЛАСТЬ"	"19049"	"основной вид деятельности"	"2"	"Всего"	"1"	"Всего"	"1"	"216 676 545 000 000"
"Объем выполненных строительных работ (услуг)(Тысяч тенге казахских)"	"2019 год"	"201912"	"ВОСТОЧНО-КАЗАХСТАНСКАЯ ОБЛАСТЬ"	"19049"	"основной вид деятельности"	"2"	"Всего"	"1"	"Всего"	"1"	"247 829 765 000 000"
"Объем выполненных строительных работ (услуг)(Тысяч тенге казахских)"	"2020 год"	"202012"	"ВОСТОЧНО-КАЗАХСТАНСКАЯ ОБЛАСТЬ"	"19049"	"основной вид деятельности"	"2"	"Всего"	"1"	"Всего"	"1"	"312 890 687 000 000"
"Объем выполненных строительных работ (услуг)(Тысяч тенге казахских)"	"2021 год"	"202112"	"ВОСТОЧНО-КАЗАХСТАНСКАЯ ОБЛАСТЬ"	"19049"	"основной вид деятельности"	"2"	"Всего"	"1"	"Всего"	"1"	"360 075 961 000 000"
"Объем выполненных строительных работ (услуг)(Тысяч тенге казахских)"	"2022 год"	"202212"	"ВОСТОЧНО-КАЗАХСТАНСКАЯ ОБЛАСТЬ"	"19049"	"основной вид деятельности"	"2"	"Всего"	"1"	"Всего"	"1"	"244 916 329 000 000"
"Объем выполненных строительных работ (услуг)(Тысяч тенге казахских)"	"2017 год"	"201712"	"ВОСТОЧНО-КАЗАХСТАНСКАЯ ОБЛАСТЬ"	"19049"	"вторичный вид деятельности"	"3"	"Всего"	"1"	"Всего"	"1"	"47 341 854 000 000"
"Объем выполненных строительных работ (услуг)(Тысяч тенге казахских)"	"2016 год"	"201612"	"ВОСТОЧНО-КАЗАХСТАНСКАЯ ОБЛАСТЬ"	"19049"	"вторичный вид деятельности"	"3"	"Всего"	"1"	"Всего"	"1"	"15 494 708 000 000"
"Объем выполненных строительных работ (услуг)(Тысяч тенге казахских)"	"2018 год"	"201812"	"ВОСТОЧНО-КАЗАХСТАНСКАЯ ОБЛАСТЬ"	"19049"	"вторичный вид деятельности"	"3"	"Всего"	"1"	"Всего"	"1"	"45 511 852 000 000"
"Объем выполненных строительных работ (услуг)(Тысяч тенге казахских)"	"2019 год"	"201912"	"ВОСТОЧНО-КАЗАХСТАНСКАЯ ОБЛАСТЬ"	"19049"	"вторичный вид деятельности"	"3"	"Всего"	"1"	"Всего"	"1"	"36 230 720 000 000"
"Объем выполненных строительных работ (услуг)(Тысяч тенге казахских)"	"2020 год"	"202012"	"ВОСТОЧНО-КАЗАХСТАНСКАЯ ОБЛАСТЬ"	"19049"	"вторичный вид деятельности"	"3"	"Всего"	"1"	"Всего"	"1"	"46 381 166 000 000"
"Объем выполненных строительных работ (услуг)(Тысяч тенге казахских)"	"2021 год"	"202112"	"ВОСТОЧНО-КАЗАХСТАНСКАЯ ОБЛАСТЬ"	"19049"	"вторичный вид деятельности"	"3"	"Всего"	"1"	"Всего"	"1"	"42 274 300 000 000"
"Объем выполненных строительных работ (услуг)(Тысяч тенге казахских)"	"2022 год"	"202212"	"ВОСТОЧНО-КАЗАХСТАНСКАЯ ОБЛАСТЬ"	"19049"	"вторичный вид деятельности"	"3"	"Всего"	"1"	"Всего"	"1"	"27 730 163 000 000"
"Объем выполненных строительных работ (услуг)(Тысяч тенге казахских)"	"2017 год"	"201712"	"УСТЬ-КАМЕНОГОРСК Г.А."	"19050"	"Всего"	"1"	"Всего"	"1"	"Всего"	"1"	"74 256 841 000 000"
"Объем выполненных строительных работ (услуг)(Тысяч тенге казахских)"	"2016 год"	"201612"	"УСТЬ-КАМЕНОГОРСК Г.А."	"19050"	"Всего"	"1"	"Всего"	"1"	"Всего"	"1"	"35 911 055 000 000"
"Объем выполненных строительных работ (услуг)(Тысяч тенге казахских)"	"2018 год"	"201812"	"УСТЬ-КАМЕНОГОРСК Г.А."	"19050"	"Всего"	"1"	"Всего"	"1"	"Всего"	"1"	"79 633 050 000 000"
"Объем выполненных строительных работ (услуг)(Тысяч тенге казахских)"	"2019 год"	"201912"	"УСТЬ-КАМЕНОГОРСК Г.А."	"19050"	"Всего"	"1"	"Всего"	"1"	"Всего"	"1"	"76 911 163 000 000"
"Объем выполненных строительных работ (услуг)(Тысяч тенге казахских)"	"2020 год"	"202012"	"УСТЬ-КАМЕНОГОРСК Г.А."	"19050"	"Всего"	"1"	"Всего"	"1"	"Всего"	"1"	"84 998 023 000 000"
"Объем выполненных строительных работ (услуг)(Тысяч тенге казахских)"	"2021 год"	"202112"	"УСТЬ-КАМЕНОГОРСК Г.А."	"19050"	"Всего"	"1"	"Всего"	"1"	"Всего"	"1"	"103 238 476 000 000"
"Объем выполненных строительных работ (услуг)(Тысяч тенге казахских)"	"2022 год"	"202212"	"УСТЬ-КАМЕНОГОРСК Г.А."	"19050"	"Всего"	"1"	"Всего"	"1"	"Всего"	"1"	"120 382 039 000 000"
"Объем выполненных строительных работ (услуг)(Тысяч тенге казахских)"	"2017 год"	"201712"	"УСТЬ-КАМЕНОГОРСК Г.А."	"19050"	"основной вид деятельности"	"2"	"Всего"	"1"	"Всего"	"1"	"68 650 087 000 000"
"Объем выполненных строительных работ (услуг)(Тысяч тенге казахских)"	"2016 год"	"201612"	"УСТЬ-КАМЕНОГОРСК Г.А."	"19050"	"основной вид деятельности"	"2"	"Всего"	"1"	"Всего"	"1"	"34 755 483 000 000"
"Объем выполненных строительных работ (услуг)(Тысяч тенге казахских)"	"2018 год"	"201812"	"УСТЬ-КАМЕНОГОРСК Г.А."	"19050"	"основной вид деятельности"	"2"	"Всего"	"1"	"Всего"	"1"	"65 406 935 000 000"
"Объем выполненных строительных работ (услуг)(Тысяч тенге казахских)"	"2019 год"	"201912"	"УСТЬ-КАМЕНОГОРСК Г.А."	"19050"	"основной вид деятельности"	"2"	"Всего"	"1"	"Всего"	"1"	"62 693 840 000 000"
"Объем выполненных строительных работ (услуг)(Тысяч тенге казахских)"	"2020 год"	"202012"	"УСТЬ-КАМЕНОГОРСК Г.А."	"19050"	"основной вид деятельности"	"2"	"Всего"	"1"	"Всего"	"1"	"75 478 367 000 000"
"Объем выполненных строительных работ (услуг)(Тысяч тенге казахских)"	"2021 год"	"202112"	"УСТЬ-КАМЕНОГОРСК Г.А."	"19050"	"основной вид деятельности"	"2"	"Всего"	"1"	"Всего"	"1"	"90 954 087 000 000"
"Объем выполненных строительных работ (услуг)(Тысяч тенге казахских)"	"2022 год"	"202212"	"УСТЬ-КАМЕНОГОРСК Г.А."	"19050"	"основной вид деятельности"	"2"	"Всего"	"1"	"Всего"	"1"	"111 698 910 000 000"
"Объем выполненных строительных работ (услуг)(Тысяч тенге казахских)"	"2017 год"	"201712"	"УСТЬ-КАМЕНОГОРСК Г.А."	"19050"	"вторичный вид деятельности"	"3"	"Всего"	"1"	"Всего"	"1"	"5 606 754 000 000"
"Объем выполненных строительных работ (услуг)(Тысяч тенге казахских)"	"2016 год"	"201612"	"УСТЬ-КАМЕНОГОРСК Г.А."	"19050"	"вторичный вид деятельности"	"3"	"Всего"	"1"	"Всего"	"1"	"1 155 572 000 000"
"Объем выполненных строительных работ (услуг)(Тысяч тенге казахских)"	"2018 год"	"201812"	"УСТЬ-КАМЕНОГОРСК Г.А."	"19050"	"вторичный вид деятельности"	"3"	"Всего"	"1"	"Всего"	"1"	"14 226 115 000 000"
"Объем выполненных строительных работ (услуг)(Тысяч тенге казахских)"	"2019 год"	"201912"	"УСТЬ-КАМЕНОГОРСК Г.А."	"19050"	"вторичный вид деятельности"	"3"	"Всего"	"1"	"Всего"	"1"	"14 217 323 000 000"
"Объем выполненных строительных работ (услуг)(Тысяч тенге казахских)"	"2020 год"	"202012"	"УСТЬ-КАМЕНОГОРСК Г.А."	"19050"	"вторичный вид деятельности"	"3"	"Всего"	"1"	"Всего"	"1"	"9 519 656 000 000"
"Объем выполненных строительных работ (услуг)(Тысяч тенге казахских)"	"2021 год"	"202112"	"УСТЬ-КАМЕНОГОРСК Г.А."	"19050"	"вторичный вид деятельности"	"3"	"Всего"	"1"	"Всего"	"1"	"12 284 389 000 000"
"Объем выполненных строительных работ (услуг)(Тысяч тенге казахских)"	"2022 год"	"202212"	"УСТЬ-КАМЕНОГОРСК Г.А."	"19050"	"вторичный вид деятельности"	"3"	"Всего"	"1"	"Всего"	"1"	"8 683 129 000 000"
"Объем выполненных строительных работ (услуг)(Тысяч тенге казахских)"	"2017 год"	"201712"	"КУРЧАТОВ Г.А."	"19060"	"Всего"	"1"	"Всего"	"1"	"Всего"	"1"	"1 725 257 000 000"
"Объем выполненных строительных работ (услуг)(Тысяч тенге казахских)"	"2016 год"	"201612"	"КУРЧАТОВ Г.А."	"19060"	"Всего"	"1"	"Всего"	"1"	"Всего"	"1"	"1 890 847 000 000"
"Объем выполненных строительных работ (услуг)(Тысяч тенге казахских)"	"2018 год"	"201812"	"КУРЧАТОВ Г.А."	"19060"	"Всего"	"1"	"Всего"	"1"	"Всего"	"1"	"4 271 975 000 000"
"Объем выполненных строительных работ (услуг)(Тысяч тенге казахских)"	"2019 год"	"201912"	"КУРЧАТОВ Г.А."	"19060"	"Всего"	"1"	"Всего"	"1"	"Всего"	"1"	"2 095 592 000 000"
"Объем выполненных строительных работ (услуг)(Тысяч тенге казахских)"	"2020 год"	"202012"	"КУРЧАТОВ Г.А."	"19060"	"Всего"	"1"	"Всего"	"1"	"Всего"	"1"	"1 453 736 000 000"
"Объем выполненных строительных работ (услуг)(Тысяч тенге казахских)"	"2021 год"	"202112"	"КУРЧАТОВ Г.А."	"19060"	"Всего"	"1"	"Всего"	"1"	"Всего"	"1"	"1 031 388 000 000"
"Объем выполненных строительных работ (услуг)(Тысяч тенге казахских)"	"2022 год"	"202212"	"КУРЧАТОВ Г.А."	"19060"	"Всего"	"1"	"Всего"	"1"	"Всего"	"1"	"2 232 397 000 000"
"Объем выполненных строительных работ (услуг)(Тысяч тенге казахских)"	"2017 год"	"201712"	"КУРЧАТОВ Г.А."	"19060"	"основной вид деятельности"	"2"	"Всего"	"1"	"Всего"	"1"	"1 077 862 000 000"
"Объем выполненных строительных работ (услуг)(Тысяч тенге казахских)"	"2016 год"	"201612"	"КУРЧАТОВ Г.А."	"19060"	"основной вид деятельности"	"2"	"Всего"	"1"	"Всего"	"1"	"1 817 265 000 000"
"Объем выполненных строительных работ (услуг)(Тысяч тенге казахских)"	"2018 год"	"201812"	"КУРЧАТОВ Г.А."	"19060"	"основной вид деятельности"	"2"	"Всего"	"1"	"Всего"	"1"	"4 249 729 000 000"
"Объем выполненных строительных работ (услуг)(Тысяч тенге казахских)"	"2019 год"	"201912"	"КУРЧАТОВ Г.А."	"19060"	"основной вид деятельности"	"2"	"Всего"	"1"	"Всего"	"1"	"1 908 687 000 000"
"Объем выполненных строительных работ (услуг)(Тысяч тенге казахских)"	"2020 год"	"202012"	"КУРЧАТОВ Г.А."	"19060"	"основной вид деятельности"	"2"	"Всего"	"1"	"Всего"	"1"	"1 124 294 000 000"
"Объем выполненных строительных работ (услуг)(Тысяч тенге казахских)"	"2021 год"	"202112"	"КУРЧАТОВ Г.А."	"19060"	"основной вид деятельности"	"2"	"Всего"	"1"	"Всего"	"1"	"724 085 000 000"
"Объем выполненных строительных работ (услуг)(Тысяч тенге казахских)"	"2022 год"	"202212"	"КУРЧАТОВ Г.А."	"19060"	"основной вид деятельности"	"2"	"Всего"	"1"	"Всего"	"1"	"1 067 680 000 000"
"Объем выполненных строительных работ (услуг)(Тысяч тенге казахских)"	"2017 год"	"201712"	"КУРЧАТОВ Г.А."	"19060"	"вторичный вид деятельности"	"3"	"Всего"	"1"	"Всего"	"1"	"647 395 000 000"
"Объем выполненных строительных работ (услуг)(Тысяч тенге казахских)"	"2016 год"	"201612"	"КУРЧАТОВ Г.А."	"19060"	"вторичный вид деятельности"	"3"	"Всего"	"1"	"Всего"	"1"	"73 582 000 000"
"Объем выполненных строительных работ (услуг)(Тысяч тенге казахских)"	"2018 год"	"201812"	"КУРЧАТОВ Г.А."	"19060"	"вторичный вид деятельности"	"3"	"Всего"	"1"	"Всего"	"1"	"22 246 000 000"
"Объем выполненных строительных работ (услуг)(Тысяч тенге казахских)"	"2019 год"	"201912"	"КУРЧАТОВ Г.А."	"19060"	"вторичный вид деятельности"	"3"	"Всего"	"1"	"Всего"	"1"	"186 905 000 000"
"Объем выполненных строительных работ (услуг)(Тысяч тенге казахских)"	"2020 год"	"202012"	"КУРЧАТОВ Г.А."	"19060"	"вторичный вид деятельности"	"3"	"Всего"	"1"	"Всего"	"1"	"329 442 000 000"
"Объем выполненных строительных работ (услуг)(Тысяч тенге казахских)"	"2021 год"	"202112"	"КУРЧАТОВ Г.А."	"19060"	"вторичный вид деятельности"	"3"	"Всего"	"1"	"Всего"	"1"	"307 303 000 000"
"Объем выполненных строительных работ (услуг)(Тысяч тенге казахских)"	"2022 год"	"202212"	"КУРЧАТОВ Г.А."	"19060"	"вторичный вид деятельности"	"3"	"Всего"	"1"	"Всего"	"1"	"1 164 717 000 000"
"Объем выполненных строительных работ (услуг)(Тысяч тенге казахских)"	"2017 год"	"201712"	"РИДДЕР Г.А."	"19063"	"Всего"	"1"	"Всего"	"1"	"Всего"	"1"	"11 773 259 000 000"
"Объем выполненных строительных работ (услуг)(Тысяч тенге казахских)"	"2016 год"	"201612"	"РИДДЕР Г.А."	"19063"	"Всего"	"1"	"Всего"	"1"	"Всего"	"1"	"10 393 161 000 000"
"Объем выполненных строительных работ (услуг)(Тысяч тенге казахских)"	"2018 год"	"201812"	"РИДДЕР Г.А."	"19063"	"Всего"	"1"	"Всего"	"1"	"Всего"	"1"	"12 694 206 000 000"
"Объем выполненных строительных работ (услуг)(Тысяч тенге казахских)"	"2019 год"	"201912"	"РИДДЕР Г.А."	"19063"	"Всего"	"1"	"Всего"	"1"	"Всего"	"1"	"14 615 619 000 000"
"Объем выполненных строительных работ (услуг)(Тысяч тенге казахских)"	"2020 год"	"202012"	"РИДДЕР Г.А."	"19063"	"Всего"	"1"	"Всего"	"1"	"Всего"	"1"	"23 830 038 000 000"
"Объем выполненных строительных работ (услуг)(Тысяч тенге казахских)"	"2021 год"	"202112"	"РИДДЕР Г.А."	"19063"	"Всего"	"1"	"Всего"	"1"	"Всего"	"1"	"33 780 245 000 000"
"Объем выполненных строительных работ (услуг)(Тысяч тенге казахских)"	"2022 год"	"202212"	"РИДДЕР Г.А."	"19063"	"Всего"	"1"	"Всего"	"1"	"Всего"	"1"	"46 900 561 000 000"
"Объем выполненных строительных работ (услуг)(Тысяч тенге казахских)"	"2017 год"	"201712"	"РИДДЕР Г.А."	"19063"	"основной вид деятельности"	"2"	"Всего"	"1"	"Всего"	"1"	"6 054 960 000 000"
"Объем выполненных строительных работ (услуг)(Тысяч тенге казахских)"	"2016 год"	"201612"	"РИДДЕР Г.А."	"19063"	"основной вид деятельности"	"2"	"Всего"	"1"	"Всего"	"1"	"4 367 356 000 000"
"Объем выполненных строительных работ (услуг)(Тысяч тенге казахских)"	"2018 год"	"201812"	"РИДДЕР Г.А."	"19063"	"основной вид деятельности"	"2"	"Всего"	"1"	"Всего"	"1"	"7 418 310 000 000"
"Объем выполненных строительных работ (услуг)(Тысяч тенге казахских)"	"2019 год"	"201912"	"РИДДЕР Г.А."	"19063"	"основной вид деятельности"	"2"	"Всего"	"1"	"Всего"	"1"	"8 362 886 000 000"
"Объем выполненных строительных работ (услуг)(Тысяч тенге казахских)"	"2020 год"	"202012"	"РИДДЕР Г.А."	"19063"	"основной вид деятельности"	"2"	"Всего"	"1"	"Всего"	"1"	"15 760 721 000 000"
"Объем выполненных строительных работ (услуг)(Тысяч тенге казахских)"	"2021 год"	"202112"	"РИДДЕР Г.А."	"19063"	"основной вид деятельности"	"2"	"Всего"	"1"	"Всего"	"1"	"23 763 920 000 000"
"Объем выполненных строительных работ (услуг)(Тысяч тенге казахских)"	"2022 год"	"202212"	"РИДДЕР Г.А."	"19063"	"основной вид деятельности"	"2"	"Всего"	"1"	"Всего"	"1"	"33 356 989 000 000"
"Объем выполненных строительных работ (услуг)(Тысяч тенге казахских)"	"2017 год"	"201712"	"РИДДЕР Г.А."	"19063"	"вторичный вид деятельности"	"3"	"Всего"	"1"	"Всего"	"1"	"5 718 299 000 000"
"Объем выполненных строительных работ (услуг)(Тысяч тенге казахских)"	"2016 год"	"201612"	"РИДДЕР Г.А."	"19063"	"вторичный вид деятельности"	"3"	"Всего"	"1"	"Всего"	"1"	"6 025 805 000 000"
"Объем выполненных строительных работ (услуг)(Тысяч тенге казахских)"	"2018 год"	"201812"	"РИДДЕР Г.А."	"19063"	"вторичный вид деятельности"	"3"	"Всего"	"1"	"Всего"	"1"	"5 275 896 000 000"
"Объем выполненных строительных работ (услуг)(Тысяч тенге казахских)"	"2019 год"	"201912"	"РИДДЕР Г.А."	"19063"	"вторичный вид деятельности"	"3"	"Всего"	"1"	"Всего"	"1"	"6 252 733 000 000"
"Объем выполненных строительных работ (услуг)(Тысяч тенге казахских)"	"2020 год"	"202012"	"РИДДЕР Г.А."	"19063"	"вторичный вид деятельности"	"3"	"Всего"	"1"	"Всего"	"1"	"8 069 317 000 000"
"Объем выполненных строительных работ (услуг)(Тысяч тенге казахских)"	"2021 год"	"202112"	"РИДДЕР Г.А."	"19063"	"вторичный вид деятельности"	"3"	"Всего"	"1"	"Всего"	"1"	"10 016 325 000 000"
"Объем выполненных строительных работ (услуг)(Тысяч тенге казахских)"	"2022 год"	"202212"	"РИДДЕР Г.А."	"19063"	"вторичный вид деятельности"	"3"	"Всего"	"1"	"Всего"	"1"	"13 543 572 000 000"
"Объем выполненных строительных работ (услуг)(Тысяч тенге казахских)"	"2017 год"	"201712"	"СЕМЕЙ Г.А."	"19122"	"Всего"	"1"	"Всего"	"1"	"Всего"	"1"	"29 953 503 000 000"
"Объем выполненных строительных работ (услуг)(Тысяч тенге казахских)"	"2016 год"	"201612"	"СЕМЕЙ Г.А."	"19122"	"Всего"	"1"	"Всего"	"1"	"Всего"	"1"	"22 793 028 000 000"
"Объем выполненных строительных работ (услуг)(Тысяч тенге казахских)"	"2018 год"	"201812"	"СЕМЕЙ Г.А."	"19122"	"Всего"	"1"	"Всего"	"1"	"Всего"	"1"	"41 940 681 000 000"
"Объем выполненных строительных работ (услуг)(Тысяч тенге казахских)"	"2019 год"	"201912"	"СЕМЕЙ Г.А."	"19122"	"Всего"	"1"	"Всего"	"1"	"Всего"	"1"	"44 808 475 000 000"
"Объем выполненных строительных работ (услуг)(Тысяч тенге казахских)"	"2020 год"	"202012"	"СЕМЕЙ Г.А."	"19122"	"Всего"	"1"	"Всего"	"1"	"Всего"	"1"	"50 726 667 000 000"
"Объем выполненных строительных работ (услуг)(Тысяч тенге казахских)"	"2021 год"	"202112"	"СЕМЕЙ Г.А."	"19122"	"Всего"	"1"	"Всего"	"1"	"Всего"	"1"	"57 084 501 000 000"
"Объем выполненных строительных работ (услуг)(Тысяч тенге казахских)"	"2022 год"	"202212"	"СЕМЕЙ Г.А."	"19122"	"Всего"	"1"	"Всего"	"1"	"Всего"	"1"	"79 564 565 000 000"
"Объем выполненных строительных работ (услуг)(Тысяч тенге казахских)"	"2017 год"	"201712"	"СЕМЕЙ Г.А."	"19122"	"основной вид деятельности"	"2"	"Всего"	"1"	"Всего"	"1"	"24 520 119 000 000"
"Объем выполненных строительных работ (услуг)(Тысяч тенге казахских)"	"2016 год"	"201612"	"СЕМЕЙ Г.А."	"19122"	"основной вид деятельности"	"2"	"Всего"	"1"	"Всего"	"1"	"21 732 316 000 000"
"Объем выполненных строительных работ (услуг)(Тысяч тенге казахских)"	"2018 год"	"201812"	"СЕМЕЙ Г.А."	"19122"	"основной вид деятельности"	"2"	"Всего"	"1"	"Всего"	"1"	"39 607 037 000 000"
"Объем выполненных строительных работ (услуг)(Тысяч тенге казахских)"	"2019 год"	"201912"	"СЕМЕЙ Г.А."	"19122"	"основной вид деятельности"	"2"	"Всего"	"1"	"Всего"	"1"	"40 059 849 000 000"
"Объем выполненных строительных работ (услуг)(Тысяч тенге казахских)"	"2020 год"	"202012"	"СЕМЕЙ Г.А."	"19122"	"основной вид деятельности"	"2"	"Всего"	"1"	"Всего"	"1"	"42 291 998 000 000"
"Объем выполненных строительных работ (услуг)(Тысяч тенге казахских)"	"2021 год"	"202112"	"СЕМЕЙ Г.А."	"19122"	"основной вид деятельности"	"2"	"Всего"	"1"	"Всего"	"1"	"51 841 836 000 000"
"Объем выполненных строительных работ (услуг)(Тысяч тенге казахских)"	"2022 год"	"202212"	"СЕМЕЙ Г.А."	"19122"	"основной вид деятельности"	"2"	"Всего"	"1"	"Всего"	"1"	"69 654 129 000 000"
"Объем выполненных строительных работ (услуг)(Тысяч тенге казахских)"	"2017 год"	"201712"	"СЕМЕЙ Г.А."	"19122"	"вторичный вид деятельности"	"3"	"Всего"	"1"	"Всего"	"1"	"5 433 384 000 000"
"Объем выполненных строительных работ (услуг)(Тысяч тенге казахских)"	"2016 год"	"201612"	"СЕМЕЙ Г.А."	"19122"	"вторичный вид деятельности"	"3"	"Всего"	"1"	"Всего"	"1"	"1 060 712 000 000"
"Объем выполненных строительных работ (услуг)(Тысяч тенге казахских)"	"2018 год"	"201812"	"СЕМЕЙ Г.А."	"19122"	"вторичный вид деятельности"	"3"	"Всего"	"1"	"Всего"	"1"	"2 333 644 000 000"
"Объем выполненных строительных работ (услуг)(Тысяч тенге казахских)"	"2019 год"	"201912"	"СЕМЕЙ Г.А."	"19122"	"вторичный вид деятельности"	"3"	"Всего"	"1"	"Всего"	"1"	"4 748 626 000 000"
"Объем выполненных строительных работ (услуг)(Тысяч тенге казахских)"	"2020 год"	"202012"	"СЕМЕЙ Г.А."	"19122"	"вторичный вид деятельности"	"3"	"Всего"	"1"	"Всего"	"1"	"8 434 669 000 000"
"Объем выполненных строительных работ (услуг)(Тысяч тенге казахских)"	"2021 год"	"202112"	"СЕМЕЙ Г.А."	"19122"	"вторичный вид деятельности"	"3"	"Всего"	"1"	"Всего"	"1"	"5 242 665 000 000"
"Объем выполненных строительных работ (услуг)(Тысяч тенге казахских)"	"2022 год"	"202212"	"СЕМЕЙ Г.А."	"19122"	"вторичный вид деятельности"	"3"	"Всего"	"1"	"Всего"	"1"	"9 910 436 000 000"
"Объем выполненных строительных работ (услуг)(Тысяч тенге казахских)"	"2017 год"	"201712"	"АБАЙСКИЙ РАЙОН"	"19421"	"Всего"	"1"	"Всего"	"1"	"Всего"	"1"	"3 538 704 000 000"
"Объем выполненных строительных работ (услуг)(Тысяч тенге казахских)"	"2016 год"	"201612"	"АБАЙСКИЙ РАЙОН"	"19421"	"Всего"	"1"	"Всего"	"1"	"Всего"	"1"	"4 408 616 000 000"
"Объем выполненных строительных работ (услуг)(Тысяч тенге казахских)"	"2018 год"	"201812"	"АБАЙСКИЙ РАЙОН"	"19421"	"Всего"	"1"	"Всего"	"1"	"Всего"	"1"	"1 936 946 000 000"
"Объем выполненных строительных работ (услуг)(Тысяч тенге казахских)"	"2019 год"	"201912"	"АБАЙСКИЙ РАЙОН"	"19421"	"Всего"	"1"	"Всего"	"1"	"Всего"	"1"	"1 071 854 000 000"
"Объем выполненных строительных работ (услуг)(Тысяч тенге казахских)"	"2020 год"	"202012"	"АБАЙСКИЙ РАЙОН"	"19421"	"Всего"	"1"	"Всего"	"1"	"Всего"	"1"	"8 135 564 000 000"
"Объем выполненных строительных работ (услуг)(Тысяч тенге казахских)"	"2021 год"	"202112"	"АБАЙСКИЙ РАЙОН"	"19421"	"Всего"	"1"	"Всего"	"1"	"Всего"	"1"	"4 107 042 000 000"
"Объем выполненных строительных работ (услуг)(Тысяч тенге казахских)"	"2022 год"	"202212"	"АБАЙСКИЙ РАЙОН"	"19421"	"Всего"	"1"	"Всего"	"1"	"Всего"	"1"	"4 353 690 000 000"
"Объем выполненных строительных работ (услуг)(Тысяч тенге казахских)"	"2017 год"	"201712"	"АБАЙСКИЙ РАЙОН"	"19421"	"основной вид деятельности"	"2"	"Всего"	"1"	"Всего"	"1"	"3 365 323 000 000"
"Объем выполненных строительных работ (услуг)(Тысяч тенге казахских)"	"2016 год"	"201612"	"АБАЙСКИЙ РАЙОН"	"19421"	"основной вид деятельности"	"2"	"Всего"	"1"	"Всего"	"1"	"4 217 784 000 000"
"Объем выполненных строительных работ (услуг)(Тысяч тенге казахских)"	"2018 год"	"201812"	"АБАЙСКИЙ РАЙОН"	"19421"	"основной вид деятельности"	"2"	"Всего"	"1"	"Всего"	"1"	"1 890 043 000 000"
"Объем выполненных строительных работ (услуг)(Тысяч тенге казахских)"	"2019 год"	"201912"	"АБАЙСКИЙ РАЙОН"	"19421"	"основной вид деятельности"	"2"	"Всего"	"1"	"Всего"	"1"	"554 365 000 000"
"Объем выполненных строительных работ (услуг)(Тысяч тенге казахских)"	"2020 год"	"202012"	"АБАЙСКИЙ РАЙОН"	"19421"	"основной вид деятельности"	"2"	"Всего"	"1"	"Всего"	"1"	"5 114 123 000 000"
"Объем выполненных строительных работ (услуг)(Тысяч тенге казахских)"	"2021 год"	"202112"	"АБАЙСКИЙ РАЙОН"	"19421"	"основной вид деятельности"	"2"	"Всего"	"1"	"Всего"	"1"	"3 877 437 000 000"
"Объем выполненных строительных работ (услуг)(Тысяч тенге казахских)"	"2022 год"	"202212"	"АБАЙСКИЙ РАЙОН"	"19421"	"основной вид деятельности"	"2"	"Всего"	"1"	"Всего"	"1"	"4 184 339 000 000"
"Объем выполненных строительных работ (услуг)(Тысяч тенге казахских)"	"2017 год"	"201712"	"АБАЙСКИЙ РАЙОН"	"19421"	"вторичный вид деятельности"	"3"	"Всего"	"1"	"Всего"	"1"	"173 381 000 000"
"Объем выполненных строительных работ (услуг)(Тысяч тенге казахских)"	"2016 год"	"201612"	"АБАЙСКИЙ РАЙОН"	"19421"	"вторичный вид деятельности"	"3"	"Всего"	"1"	"Всего"	"1"	"190 832 000 000"
"Объем выполненных строительных работ (услуг)(Тысяч тенге казахских)"	"2018 год"	"201812"	"АБАЙСКИЙ РАЙОН"	"19421"	"вторичный вид деятельности"	"3"	"Всего"	"1"	"Всего"	"1"	"46 903 000 000"
"Объем выполненных строительных работ (услуг)(Тысяч тенге казахских)"	"2019 год"	"201912"	"АБАЙСКИЙ РАЙОН"	"19421"	"вторичный вид деятельности"	"3"	"Всего"	"1"	"Всего"	"1"	"517 489 000 000"
"Объем выполненных строительных работ (услуг)(Тысяч тенге казахских)"	"2020 год"	"202012"	"АБАЙСКИЙ РАЙОН"	"19421"	"вторичный вид деятельности"	"3"	"Всего"	"1"	"Всего"	"1"	"3 021 441 000 000"
"Объем выполненных строительных работ (услуг)(Тысяч тенге казахских)"	"2021 год"	"202112"	"АБАЙСКИЙ РАЙОН"	"19421"	"вторичный вид деятельности"	"3"	"Всего"	"1"	"Всего"	"1"	"229 605 000 000"
"Объем выполненных строительных работ (услуг)(Тысяч тенге казахских)"	"2022 год"	"202212"	"АБАЙСКИЙ РАЙОН"	"19421"	"вторичный вид деятельности"	"3"	"Всего"	"1"	"Всего"	"1"	"169 351 000 000"
"Объем выполненных строительных работ (услуг)(Тысяч тенге казахских)"	"2017 год"	"201712"	"АЯГОЗСКИЙ РАЙОН"	"19786"	"Всего"	"1"	"Всего"	"1"	"Всего"	"1"	"25 692 070 000 000"
"Объем выполненных строительных работ (услуг)(Тысяч тенге казахских)"	"2016 год"	"201612"	"АЯГОЗСКИЙ РАЙОН"	"19786"	"Всего"	"1"	"Всего"	"1"	"Всего"	"1"	"117 807 880 000 000"
"Объем выполненных строительных работ (услуг)(Тысяч тенге казахских)"	"2018 год"	"201812"	"АЯГОЗСКИЙ РАЙОН"	"19786"	"Всего"	"1"	"Всего"	"1"	"Всего"	"1"	"28 892 026 000 000"
"Объем выполненных строительных работ (услуг)(Тысяч тенге казахских)"	"2019 год"	"201912"	"АЯГОЗСКИЙ РАЙОН"	"19786"	"Всего"	"1"	"Всего"	"1"	"Всего"	"1"	"49 631 850 000 000"
"Объем выполненных строительных работ (услуг)(Тысяч тенге казахских)"	"2020 год"	"202012"	"АЯГОЗСКИЙ РАЙОН"	"19786"	"Всего"	"1"	"Всего"	"1"	"Всего"	"1"	"50 584 798 000 000"
"Объем выполненных строительных работ (услуг)(Тысяч тенге казахских)"	"2021 год"	"202112"	"АЯГОЗСКИЙ РАЙОН"	"19786"	"Всего"	"1"	"Всего"	"1"	"Всего"	"1"	"61 275 182 000 000"
"Объем выполненных строительных работ (услуг)(Тысяч тенге казахских)"	"2022 год"	"202212"	"АЯГОЗСКИЙ РАЙОН"	"19786"	"Всего"	"1"	"Всего"	"1"	"Всего"	"1"	"46 197 814 000 000"
"Объем выполненных строительных работ (услуг)(Тысяч тенге казахских)"	"2017 год"	"201712"	"АЯГОЗСКИЙ РАЙОН"	"19786"	"основной вид деятельности"	"2"	"Всего"	"1"	"Всего"	"1"	"25 692 070 000 000"
"Объем выполненных строительных работ (услуг)(Тысяч тенге казахских)"	"2016 год"	"201612"	"АЯГОЗСКИЙ РАЙОН"	"19786"	"основной вид деятельности"	"2"	"Всего"	"1"	"Всего"	"1"	"116 602 779 000 000"
"Объем выполненных строительных работ (услуг)(Тысяч тенге казахских)"	"2018 год"	"201812"	"АЯГОЗСКИЙ РАЙОН"	"19786"	"основной вид деятельности"	"2"	"Всего"	"1"	"Всего"	"1"	"28 613 590 000 000"
"Объем выполненных строительных работ (услуг)(Тысяч тенге казахских)"	"2019 год"	"201912"	"АЯГОЗСКИЙ РАЙОН"	"19786"	"основной вид деятельности"	"2"	"Всего"	"1"	"Всего"	"1"	"48 979 863 000 000"
"Объем выполненных строительных работ (услуг)(Тысяч тенге казахских)"	"2020 год"	"202012"	"АЯГОЗСКИЙ РАЙОН"	"19786"	"основной вид деятельности"	"2"	"Всего"	"1"	"Всего"	"1"	"47 466 592 000 000"
"Объем выполненных строительных работ (услуг)(Тысяч тенге казахских)"	"2021 год"	"202112"	"АЯГОЗСКИЙ РАЙОН"	"19786"	"основной вид деятельности"	"2"	"Всего"	"1"	"Всего"	"1"	"59 810 697 000 000"
"Объем выполненных строительных работ (услуг)(Тысяч тенге казахских)"	"2022 год"	"202212"	"АЯГОЗСКИЙ РАЙОН"	"19786"	"основной вид деятельности"	"2"	"Всего"	"1"	"Всего"	"1"	"43 180 814 000 000"
"Объем выполненных строительных работ (услуг)(Тысяч тенге казахских)"	"2016 год"	"201612"	"АЯГОЗСКИЙ РАЙОН"	"19786"	"вторичный вид деятельности"	"3"	"Всего"	"1"	"Всего"	"1"	"1 205 101 000 000"
"Объем выполненных строительных работ (услуг)(Тысяч тенге казахских)"	"2018 год"	"201812"	"АЯГОЗСКИЙ РАЙОН"	"19786"	"вторичный вид деятельности"	"3"	"Всего"	"1"	"Всего"	"1"	"278 436 000 000"
"Объем выполненных строительных работ (услуг)(Тысяч тенге казахских)"	"2019 год"	"201912"	"АЯГОЗСКИЙ РАЙОН"	"19786"	"вторичный вид деятельности"	"3"	"Всего"	"1"	"Всего"	"1"	"651 987 000 000"
"Объем выполненных строительных работ (услуг)(Тысяч тенге казахских)"	"2020 год"	"202012"	"АЯГОЗСКИЙ РАЙОН"	"19786"	"вторичный вид деятельности"	"3"	"Всего"	"1"	"Всего"	"1"	"3 118 206 000 000"
"Объем выполненных строительных работ (услуг)(Тысяч тенге казахских)"	"2021 год"	"202112"	"АЯГОЗСКИЙ РАЙОН"	"19786"	"вторичный вид деятельности"	"3"	"Всего"	"1"	"Всего"	"1"	"1 464 485 000 000"
"Объем выполненных строительных работ (услуг)(Тысяч тенге казахских)"	"2022 год"	"202212"	"АЯГОЗСКИЙ РАЙОН"	"19786"	"вторичный вид деятельности"	"3"	"Всего"	"1"	"Всего"	"1"	"3 017 000 000 000"
"Объем выполненных строительных работ (услуг)(Тысяч тенге казахских)"	"2017 год"	"201712"	"БЕСКАРАГАЙСКИЙ РАЙОН"	"20259"	"Всего"	"1"	"Всего"	"1"	"Всего"	"1"	"10 109 020 000 000"
"Объем выполненных строительных работ (услуг)(Тысяч тенге казахских)"	"2016 год"	"201612"	"БЕСКАРАГАЙСКИЙ РАЙОН"	"20259"	"Всего"	"1"	"Всего"	"1"	"Всего"	"1"	"637 679 000 000"
"Объем выполненных строительных работ (услуг)(Тысяч тенге казахских)"	"2018 год"	"201812"	"БЕСКАРАГАЙСКИЙ РАЙОН"	"20259"	"Всего"	"1"	"Всего"	"1"	"Всего"	"1"	"8 506 566 000 000"
"Объем выполненных строительных работ (услуг)(Тысяч тенге казахских)"	"2019 год"	"201912"	"БЕСКАРАГАЙСКИЙ РАЙОН"	"20259"	"Всего"	"1"	"Всего"	"1"	"Всего"	"1"	"1 303 581 000 000"
"Объем выполненных строительных работ (услуг)(Тысяч тенге казахских)"	"2020 год"	"202012"	"БЕСКАРАГАЙСКИЙ РАЙОН"	"20259"	"Всего"	"1"	"Всего"	"1"	"Всего"	"1"	"2 077 390 000 000"
"Объем выполненных строительных работ (услуг)(Тысяч тенге казахских)"	"2021 год"	"202112"	"БЕСКАРАГАЙСКИЙ РАЙОН"	"20259"	"Всего"	"1"	"Всего"	"1"	"Всего"	"1"	"1 676 387 000 000"
"Объем выполненных строительных работ (услуг)(Тысяч тенге казахских)"	"2022 год"	"202212"	"БЕСКАРАГАЙСКИЙ РАЙОН"	"20259"	"Всего"	"1"	"Всего"	"1"	"Всего"	"1"	"2 975 789 000 000"
"Объем выполненных строительных работ (услуг)(Тысяч тенге казахских)"	"2017 год"	"201712"	"БЕСКАРАГАЙСКИЙ РАЙОН"	"20259"	"основной вид деятельности"	"2"	"Всего"	"1"	"Всего"	"1"	"10 105 291 000 000"
"Объем выполненных строительных работ (услуг)(Тысяч тенге казахских)"	"2016 год"	"201612"	"БЕСКАРАГАЙСКИЙ РАЙОН"	"20259"	"основной вид деятельности"	"2"	"Всего"	"1"	"Всего"	"1"	"620 919 000 000"
"Объем выполненных строительных работ (услуг)(Тысяч тенге казахских)"	"2018 год"	"201812"	"БЕСКАРАГАЙСКИЙ РАЙОН"	"20259"	"основной вид деятельности"	"2"	"Всего"	"1"	"Всего"	"1"	"8 463 041 000 000"
"Объем выполненных строительных работ (услуг)(Тысяч тенге казахских)"	"2019 год"	"201912"	"БЕСКАРАГАЙСКИЙ РАЙОН"	"20259"	"основной вид деятельности"	"2"	"Всего"	"1"	"Всего"	"1"	"1 231 711 000 000"
"Объем выполненных строительных работ (услуг)(Тысяч тенге казахских)"	"2020 год"	"202012"	"БЕСКАРАГАЙСКИЙ РАЙОН"	"20259"	"основной вид деятельности"	"2"	"Всего"	"1"	"Всего"	"1"	"1 946 944 000 000"
"Объем выполненных строительных работ (услуг)(Тысяч тенге казахских)"	"2021 год"	"202112"	"БЕСКАРАГАЙСКИЙ РАЙОН"	"20259"	"основной вид деятельности"	"2"	"Всего"	"1"	"Всего"	"1"	"1 620 943 000 000"
"Объем выполненных строительных работ (услуг)(Тысяч тенге казахских)"	"2022 год"	"202212"	"БЕСКАРАГАЙСКИЙ РАЙОН"	"20259"	"основной вид деятельности"	"2"	"Всего"	"1"	"Всего"	"1"	"1 144 878 000 000"
"Объем выполненных строительных работ (услуг)(Тысяч тенге казахских)"	"2017 год"	"201712"	"БЕСКАРАГАЙСКИЙ РАЙОН"	"20259"	"вторичный вид деятельности"	"3"	"Всего"	"1"	"Всего"	"1"	"3 729 000 000"
"Объем выполненных строительных работ (услуг)(Тысяч тенге казахских)"	"2016 год"	"201612"	"БЕСКАРАГАЙСКИЙ РАЙОН"	"20259"	"вторичный вид деятельности"	"3"	"Всего"	"1"	"Всего"	"1"	"16 760 000 000"
"Объем выполненных строительных работ (услуг)(Тысяч тенге казахских)"	"2018 год"	"201812"	"БЕСКАРАГАЙСКИЙ РАЙОН"	"20259"	"вторичный вид деятельности"	"3"	"Всего"	"1"	"Всего"	"1"	"43 525 000 000"
"Объем выполненных строительных работ (услуг)(Тысяч тенге казахских)"	"2019 год"	"201912"	"БЕСКАРАГАЙСКИЙ РАЙОН"	"20259"	"вторичный вид деятельности"	"3"	"Всего"	"1"	"Всего"	"1"	"71 870 000 000"
"Объем выполненных строительных работ (услуг)(Тысяч тенге казахских)"	"2020 год"	"202012"	"БЕСКАРАГАЙСКИЙ РАЙОН"	"20259"	"вторичный вид деятельности"	"3"	"Всего"	"1"	"Всего"	"1"	"130 446 000 000"
"Объем выполненных строительных работ (услуг)(Тысяч тенге казахских)"	"2021 год"	"202112"	"БЕСКАРАГАЙСКИЙ РАЙОН"	"20259"	"вторичный вид деятельности"	"3"	"Всего"	"1"	"Всего"	"1"	"55 444 000 000"
"Объем выполненных строительных работ (услуг)(Тысяч тенге казахских)"	"2022 год"	"202212"	"БЕСКАРАГАЙСКИЙ РАЙОН"	"20259"	"вторичный вид деятельности"	"3"	"Всего"	"1"	"Всего"	"1"	"1 830 911 000 000"
"Объем выполненных строительных работ (услуг)(Тысяч тенге казахских)"	"2017 год"	"201712"	"БОРОДУЛИХИНСКИЙ РАЙОН"	"20338"	"Всего"	"1"	"Всего"	"1"	"Всего"	"1"	"2 737 753 000 000"
"Объем выполненных строительных работ (услуг)(Тысяч тенге казахских)"	"2016 год"	"201612"	"БОРОДУЛИХИНСКИЙ РАЙОН"	"20338"	"Всего"	"1"	"Всего"	"1"	"Всего"	"1"	"1 244 871 000 000"
"Объем выполненных строительных работ (услуг)(Тысяч тенге казахских)"	"2018 год"	"201812"	"БОРОДУЛИХИНСКИЙ РАЙОН"	"20338"	"Всего"	"1"	"Всего"	"1"	"Всего"	"1"	"2 961 950 000 000"
"Объем выполненных строительных работ (услуг)(Тысяч тенге казахских)"	"2019 год"	"201912"	"БОРОДУЛИХИНСКИЙ РАЙОН"	"20338"	"Всего"	"1"	"Всего"	"1"	"Всего"	"1"	"3 867 103 000 000"
"Объем выполненных строительных работ (услуг)(Тысяч тенге казахских)"	"2020 год"	"202012"	"БОРОДУЛИХИНСКИЙ РАЙОН"	"20338"	"Всего"	"1"	"Всего"	"1"	"Всего"	"1"	"4 063 609 000 000"
"Объем выполненных строительных работ (услуг)(Тысяч тенге казахских)"	"2021 год"	"202112"	"БОРОДУЛИХИНСКИЙ РАЙОН"	"20338"	"Всего"	"1"	"Всего"	"1"	"Всего"	"1"	"4 831 559 000 000"
"Объем выполненных строительных работ (услуг)(Тысяч тенге казахских)"	"2022 год"	"202212"	"БОРОДУЛИХИНСКИЙ РАЙОН"	"20338"	"Всего"	"1"	"Всего"	"1"	"Всего"	"1"	"8 304 947 000 000"
"Объем выполненных строительных работ (услуг)(Тысяч тенге казахских)"	"2017 год"	"201712"	"БОРОДУЛИХИНСКИЙ РАЙОН"	"20338"	"основной вид деятельности"	"2"	"Всего"	"1"	"Всего"	"1"	"2 682 821 000 000"
"Объем выполненных строительных работ (услуг)(Тысяч тенге казахских)"	"2016 год"	"201612"	"БОРОДУЛИХИНСКИЙ РАЙОН"	"20338"	"основной вид деятельности"	"2"	"Всего"	"1"	"Всего"	"1"	"1 185 922 000 000"
"Объем выполненных строительных работ (услуг)(Тысяч тенге казахских)"	"2018 год"	"201812"	"БОРОДУЛИХИНСКИЙ РАЙОН"	"20338"	"основной вид деятельности"	"2"	"Всего"	"1"	"Всего"	"1"	"2 593 508 000 000"
"Объем выполненных строительных работ (услуг)(Тысяч тенге казахских)"	"2019 год"	"201912"	"БОРОДУЛИХИНСКИЙ РАЙОН"	"20338"	"основной вид деятельности"	"2"	"Всего"	"1"	"Всего"	"1"	"3 470 693 000 000"
"Объем выполненных строительных работ (услуг)(Тысяч тенге казахских)"	"2020 год"	"202012"	"БОРОДУЛИХИНСКИЙ РАЙОН"	"20338"	"основной вид деятельности"	"2"	"Всего"	"1"	"Всего"	"1"	"3 921 366 000 000"
"Объем выполненных строительных работ (услуг)(Тысяч тенге казахских)"	"2021 год"	"202112"	"БОРОДУЛИХИНСКИЙ РАЙОН"	"20338"	"основной вид деятельности"	"2"	"Всего"	"1"	"Всего"	"1"	"2 740 683 000 000"
"Объем выполненных строительных работ (услуг)(Тысяч тенге казахских)"	"2022 год"	"202212"	"БОРОДУЛИХИНСКИЙ РАЙОН"	"20338"	"основной вид деятельности"	"2"	"Всего"	"1"	"Всего"	"1"	"4 871 852 000 000"
"Объем выполненных строительных работ (услуг)(Тысяч тенге казахских)"	"2017 год"	"201712"	"БОРОДУЛИХИНСКИЙ РАЙОН"	"20338"	"вторичный вид деятельности"	"3"	"Всего"	"1"	"Всего"	"1"	"54 932 000 000"
"Объем выполненных строительных работ (услуг)(Тысяч тенге казахских)"	"2016 год"	"201612"	"БОРОДУЛИХИНСКИЙ РАЙОН"	"20338"	"вторичный вид деятельности"	"3"	"Всего"	"1"	"Всего"	"1"	"58 949 000 000"
"Объем выполненных строительных работ (услуг)(Тысяч тенге казахских)"	"2018 год"	"201812"	"БОРОДУЛИХИНСКИЙ РАЙОН"	"20338"	"вторичный вид деятельности"	"3"	"Всего"	"1"	"Всего"	"1"	"368 442 000 000"
"Объем выполненных строительных работ (услуг)(Тысяч тенге казахских)"	"2019 год"	"201912"	"БОРОДУЛИХИНСКИЙ РАЙОН"	"20338"	"вторичный вид деятельности"	"3"	"Всего"	"1"	"Всего"	"1"	"396 410 000 000"
"Объем выполненных строительных работ (услуг)(Тысяч тенге казахских)"	"2020 год"	"202012"	"БОРОДУЛИХИНСКИЙ РАЙОН"	"20338"	"вторичный вид деятельности"	"3"	"Всего"	"1"	"Всего"	"1"	"142 243 000 000"
"Объем выполненных строительных работ (услуг)(Тысяч тенге казахских)"	"2021 год"	"202112"	"БОРОДУЛИХИНСКИЙ РАЙОН"	"20338"	"вторичный вид деятельности"	"3"	"Всего"	"1"	"Всего"	"1"	"2 090 876 000 000"
"Объем выполненных строительных работ (услуг)(Тысяч тенге казахских)"	"2022 год"	"202212"	"БОРОДУЛИХИНСКИЙ РАЙОН"	"20338"	"вторичный вид деятельности"	"3"	"Всего"	"1"	"Всего"	"1"	"3 433 095 000 000"
"Объем выполненных строительных работ (услуг)(Тысяч тенге казахских)"	"2017 год"	"201712"	"ГЛУБОКОВСКИЙ РАЙОН"	"20429"	"Всего"	"1"	"Всего"	"1"	"Всего"	"1"	"4 965 257 000 000"
"Объем выполненных строительных работ (услуг)(Тысяч тенге казахских)"	"2016 год"	"201612"	"ГЛУБОКОВСКИЙ РАЙОН"	"20429"	"Всего"	"1"	"Всего"	"1"	"Всего"	"1"	"3 805 307 000 000"
"Объем выполненных строительных работ (услуг)(Тысяч тенге казахских)"	"2018 год"	"201812"	"ГЛУБОКОВСКИЙ РАЙОН"	"20429"	"Всего"	"1"	"Всего"	"1"	"Всего"	"1"	"5 254 372 000 000"
"Объем выполненных строительных работ (услуг)(Тысяч тенге казахских)"	"2019 год"	"201912"	"ГЛУБОКОВСКИЙ РАЙОН"	"20429"	"Всего"	"1"	"Всего"	"1"	"Всего"	"1"	"5 550 096 000 000"
"Объем выполненных строительных работ (услуг)(Тысяч тенге казахских)"	"2020 год"	"202012"	"ГЛУБОКОВСКИЙ РАЙОН"	"20429"	"Всего"	"1"	"Всего"	"1"	"Всего"	"1"	"6 400 551 000 000"
"Объем выполненных строительных работ (услуг)(Тысяч тенге казахских)"	"2021 год"	"202112"	"ГЛУБОКОВСКИЙ РАЙОН"	"20429"	"Всего"	"1"	"Всего"	"1"	"Всего"	"1"	"12 733 232 000 000"
"Объем выполненных строительных работ (услуг)(Тысяч тенге казахских)"	"2022 год"	"202212"	"ГЛУБОКОВСКИЙ РАЙОН"	"20429"	"Всего"	"1"	"Всего"	"1"	"Всего"	"1"	"12 383 595 000 000"
"Объем выполненных строительных работ (услуг)(Тысяч тенге казахских)"	"2017 год"	"201712"	"ГЛУБОКОВСКИЙ РАЙОН"	"20429"	"основной вид деятельности"	"2"	"Всего"	"1"	"Всего"	"1"	"4 311 869 000 000"
"Объем выполненных строительных работ (услуг)(Тысяч тенге казахских)"	"2016 год"	"201612"	"ГЛУБОКОВСКИЙ РАЙОН"	"20429"	"основной вид деятельности"	"2"	"Всего"	"1"	"Всего"	"1"	"2 645 465 000 000"
"Объем выполненных строительных работ (услуг)(Тысяч тенге казахских)"	"2018 год"	"201812"	"ГЛУБОКОВСКИЙ РАЙОН"	"20429"	"основной вид деятельности"	"2"	"Всего"	"1"	"Всего"	"1"	"3 975 419 000 000"
"Объем выполненных строительных работ (услуг)(Тысяч тенге казахских)"	"2019 год"	"201912"	"ГЛУБОКОВСКИЙ РАЙОН"	"20429"	"основной вид деятельности"	"2"	"Всего"	"1"	"Всего"	"1"	"4 013 680 000 000"
"Объем выполненных строительных работ (услуг)(Тысяч тенге казахских)"	"2020 год"	"202012"	"ГЛУБОКОВСКИЙ РАЙОН"	"20429"	"основной вид деятельности"	"2"	"Всего"	"1"	"Всего"	"1"	"4 213 777 000 000"
"Объем выполненных строительных работ (услуг)(Тысяч тенге казахских)"	"2021 год"	"202112"	"ГЛУБОКОВСКИЙ РАЙОН"	"20429"	"основной вид деятельности"	"2"	"Всего"	"1"	"Всего"	"1"	"12 057 380 000 000"
"Объем выполненных строительных работ (услуг)(Тысяч тенге казахских)"	"2022 год"	"202212"	"ГЛУБОКОВСКИЙ РАЙОН"	"20429"	"основной вид деятельности"	"2"	"Всего"	"1"	"Всего"	"1"	"11 523 494 000 000"
"Объем выполненных строительных работ (услуг)(Тысяч тенге казахских)"	"2017 год"	"201712"	"ГЛУБОКОВСКИЙ РАЙОН"	"20429"	"вторичный вид деятельности"	"3"	"Всего"	"1"	"Всего"	"1"	"653 388 000 000"
"Объем выполненных строительных работ (услуг)(Тысяч тенге казахских)"	"2016 год"	"201612"	"ГЛУБОКОВСКИЙ РАЙОН"	"20429"	"вторичный вид деятельности"	"3"	"Всего"	"1"	"Всего"	"1"	"1 159 842 000 000"
"Объем выполненных строительных работ (услуг)(Тысяч тенге казахских)"	"2018 год"	"201812"	"ГЛУБОКОВСКИЙ РАЙОН"	"20429"	"вторичный вид деятельности"	"3"	"Всего"	"1"	"Всего"	"1"	"1 278 953 000 000"
"Объем выполненных строительных работ (услуг)(Тысяч тенге казахских)"	"2019 год"	"201912"	"ГЛУБОКОВСКИЙ РАЙОН"	"20429"	"вторичный вид деятельности"	"3"	"Всего"	"1"	"Всего"	"1"	"1 536 416 000 000"
"Объем выполненных строительных работ (услуг)(Тысяч тенге казахских)"	"2020 год"	"202012"	"ГЛУБОКОВСКИЙ РАЙОН"	"20429"	"вторичный вид деятельности"	"3"	"Всего"	"1"	"Всего"	"1"	"2 186 774 000 000"
"Объем выполненных строительных работ (услуг)(Тысяч тенге казахских)"	"2021 год"	"202112"	"ГЛУБОКОВСКИЙ РАЙОН"	"20429"	"вторичный вид деятельности"	"3"	"Всего"	"1"	"Всего"	"1"	"675 852 000 000"
"Объем выполненных строительных работ (услуг)(Тысяч тенге казахских)"	"2022 год"	"202212"	"ГЛУБОКОВСКИЙ РАЙОН"	"20429"	"вторичный вид деятельности"	"3"	"Всего"	"1"	"Всего"	"1"	"860 101 000 000"
"Объем выполненных строительных работ (услуг)(Тысяч тенге казахских)"	"2017 год"	"201712"	"ЖАРМИНСКИЙ РАЙОН"	"20519"	"Всего"	"1"	"Всего"	"1"	"Всего"	"1"	"34 974 520 000 000"
"Объем выполненных строительных работ (услуг)(Тысяч тенге казахских)"	"2016 год"	"201612"	"ЖАРМИНСКИЙ РАЙОН"	"20519"	"Всего"	"1"	"Всего"	"1"	"Всего"	"1"	"2 843 819 000 000"
"Объем выполненных строительных работ (услуг)(Тысяч тенге казахских)"	"2018 год"	"201812"	"ЖАРМИНСКИЙ РАЙОН"	"20519"	"Всего"	"1"	"Всего"	"1"	"Всего"	"1"	"27 220 877 000 000"
"Объем выполненных строительных работ (услуг)(Тысяч тенге казахских)"	"2019 год"	"201912"	"ЖАРМИНСКИЙ РАЙОН"	"20519"	"Всего"	"1"	"Всего"	"1"	"Всего"	"1"	"21 294 812 000 000"
"Объем выполненных строительных работ (услуг)(Тысяч тенге казахских)"	"2020 год"	"202012"	"ЖАРМИНСКИЙ РАЙОН"	"20519"	"Всего"	"1"	"Всего"	"1"	"Всего"	"1"	"23 314 034 000 000"
"Объем выполненных строительных работ (услуг)(Тысяч тенге казахских)"	"2021 год"	"202112"	"ЖАРМИНСКИЙ РАЙОН"	"20519"	"Всего"	"1"	"Всего"	"1"	"Всего"	"1"	"9 540 026 000 000"
"Объем выполненных строительных работ (услуг)(Тысяч тенге казахских)"	"2022 год"	"202212"	"ЖАРМИНСКИЙ РАЙОН"	"20519"	"Всего"	"1"	"Всего"	"1"	"Всего"	"1"	"10 101 550 000 000"
"Объем выполненных строительных работ (услуг)(Тысяч тенге казахских)"	"2017 год"	"201712"	"ЖАРМИНСКИЙ РАЙОН"	"20519"	"основной вид деятельности"	"2"	"Всего"	"1"	"Всего"	"1"	"12 022 087 000 000"
"Объем выполненных строительных работ (услуг)(Тысяч тенге казахских)"	"2016 год"	"201612"	"ЖАРМИНСКИЙ РАЙОН"	"20519"	"основной вид деятельности"	"2"	"Всего"	"1"	"Всего"	"1"	"2 812 306 000 000"
"Объем выполненных строительных работ (услуг)(Тысяч тенге казахских)"	"2018 год"	"201812"	"ЖАРМИНСКИЙ РАЙОН"	"20519"	"основной вид деятельности"	"2"	"Всего"	"1"	"Всего"	"1"	"11 361 520 000 000"
"Объем выполненных строительных работ (услуг)(Тысяч тенге казахских)"	"2019 год"	"201912"	"ЖАРМИНСКИЙ РАЙОН"	"20519"	"основной вид деятельности"	"2"	"Всего"	"1"	"Всего"	"1"	"19 802 684 000 000"
"Объем выполненных строительных работ (услуг)(Тысяч тенге казахских)"	"2020 год"	"202012"	"ЖАРМИНСКИЙ РАЙОН"	"20519"	"основной вид деятельности"	"2"	"Всего"	"1"	"Всего"	"1"	"21 730 618 000 000"
"Объем выполненных строительных работ (услуг)(Тысяч тенге казахских)"	"2021 год"	"202112"	"ЖАРМИНСКИЙ РАЙОН"	"20519"	"основной вид деятельности"	"2"	"Всего"	"1"	"Всего"	"1"	"7 563 129 000 000"
"Объем выполненных строительных работ (услуг)(Тысяч тенге казахских)"	"2022 год"	"202212"	"ЖАРМИНСКИЙ РАЙОН"	"20519"	"основной вид деятельности"	"2"	"Всего"	"1"	"Всего"	"1"	"9 173 875 000 000"
"Объем выполненных строительных работ (услуг)(Тысяч тенге казахских)"	"2017 год"	"201712"	"ЖАРМИНСКИЙ РАЙОН"	"20519"	"вторичный вид деятельности"	"3"	"Всего"	"1"	"Всего"	"1"	"22 952 433 000 000"
"Объем выполненных строительных работ (услуг)(Тысяч тенге казахских)"	"2016 год"	"201612"	"ЖАРМИНСКИЙ РАЙОН"	"20519"	"вторичный вид деятельности"	"3"	"Всего"	"1"	"Всего"	"1"	"31 513 000 000"
"Объем выполненных строительных работ (услуг)(Тысяч тенге казахских)"	"2018 год"	"201812"	"ЖАРМИНСКИЙ РАЙОН"	"20519"	"вторичный вид деятельности"	"3"	"Всего"	"1"	"Всего"	"1"	"15 859 357 000 000"
"Объем выполненных строительных работ (услуг)(Тысяч тенге казахских)"	"2019 год"	"201912"	"ЖАРМИНСКИЙ РАЙОН"	"20519"	"вторичный вид деятельности"	"3"	"Всего"	"1"	"Всего"	"1"	"1 492 128 000 000"
"Объем выполненных строительных работ (услуг)(Тысяч тенге казахских)"	"2020 год"	"202012"	"ЖАРМИНСКИЙ РАЙОН"	"20519"	"вторичный вид деятельности"	"3"	"Всего"	"1"	"Всего"	"1"	"1 583 416 000 000"
"Объем выполненных строительных работ (услуг)(Тысяч тенге казахских)"	"2021 год"	"202112"	"ЖАРМИНСКИЙ РАЙОН"	"20519"	"вторичный вид деятельности"	"3"	"Всего"	"1"	"Всего"	"1"	"1 976 897 000 000"
"Объем выполненных строительных работ (услуг)(Тысяч тенге казахских)"	"2022 год"	"202212"	"ЖАРМИНСКИЙ РАЙОН"	"20519"	"вторичный вид деятельности"	"3"	"Всего"	"1"	"Всего"	"1"	"927 675 000 000"
"Объем выполненных строительных работ (услуг)(Тысяч тенге казахских)"	"2017 год"	"201712"	"ЗАЙСАНСКИЙ РАЙОН"	"20821"	"Всего"	"1"	"Всего"	"1"	"Всего"	"1"	"6 391 554 000 000"
"Объем выполненных строительных работ (услуг)(Тысяч тенге казахских)"	"2016 год"	"201612"	"ЗАЙСАНСКИЙ РАЙОН"	"20821"	"Всего"	"1"	"Всего"	"1"	"Всего"	"1"	"2 634 257 000 000"
"Объем выполненных строительных работ (услуг)(Тысяч тенге казахских)"	"2018 год"	"201812"	"ЗАЙСАНСКИЙ РАЙОН"	"20821"	"Всего"	"1"	"Всего"	"1"	"Всего"	"1"	"3 623 569 000 000"
"Объем выполненных строительных работ (услуг)(Тысяч тенге казахских)"	"2019 год"	"201912"	"ЗАЙСАНСКИЙ РАЙОН"	"20821"	"Всего"	"1"	"Всего"	"1"	"Всего"	"1"	"3 281 562 000 000"
"Объем выполненных строительных работ (услуг)(Тысяч тенге казахских)"	"2020 год"	"202012"	"ЗАЙСАНСКИЙ РАЙОН"	"20821"	"Всего"	"1"	"Всего"	"1"	"Всего"	"1"	"11 561 947 000 000"
"Объем выполненных строительных работ (услуг)(Тысяч тенге казахских)"	"2021 год"	"202112"	"ЗАЙСАНСКИЙ РАЙОН"	"20821"	"Всего"	"1"	"Всего"	"1"	"Всего"	"1"	"12 423 410 000 000"
"Объем выполненных строительных работ (услуг)(Тысяч тенге казахских)"	"2022 год"	"202212"	"ЗАЙСАНСКИЙ РАЙОН"	"20821"	"Всего"	"1"	"Всего"	"1"	"Всего"	"1"	"3 712 308 000 000"
"Объем выполненных строительных работ (услуг)(Тысяч тенге казахских)"	"2017 год"	"201712"	"ЗАЙСАНСКИЙ РАЙОН"	"20821"	"основной вид деятельности"	"2"	"Всего"	"1"	"Всего"	"1"	"6 292 006 000 000"
"Объем выполненных строительных работ (услуг)(Тысяч тенге казахских)"	"2016 год"	"201612"	"ЗАЙСАНСКИЙ РАЙОН"	"20821"	"основной вид деятельности"	"2"	"Всего"	"1"	"Всего"	"1"	"2 391 813 000 000"
"Объем выполненных строительных работ (услуг)(Тысяч тенге казахских)"	"2018 год"	"201812"	"ЗАЙСАНСКИЙ РАЙОН"	"20821"	"основной вид деятельности"	"2"	"Всего"	"1"	"Всего"	"1"	"3 569 139 000 000"
"Объем выполненных строительных работ (услуг)(Тысяч тенге казахских)"	"2019 год"	"201912"	"ЗАЙСАНСКИЙ РАЙОН"	"20821"	"основной вид деятельности"	"2"	"Всего"	"1"	"Всего"	"1"	"3 273 222 000 000"
"Объем выполненных строительных работ (услуг)(Тысяч тенге казахских)"	"2020 год"	"202012"	"ЗАЙСАНСКИЙ РАЙОН"	"20821"	"основной вид деятельности"	"2"	"Всего"	"1"	"Всего"	"1"	"11 304 867 000 000"
"Объем выполненных строительных работ (услуг)(Тысяч тенге казахских)"	"2021 год"	"202112"	"ЗАЙСАНСКИЙ РАЙОН"	"20821"	"основной вид деятельности"	"2"	"Всего"	"1"	"Всего"	"1"	"12 404 176 000 000"
"Объем выполненных строительных работ (услуг)(Тысяч тенге казахских)"	"2022 год"	"202212"	"ЗАЙСАНСКИЙ РАЙОН"	"20821"	"основной вид деятельности"	"2"	"Всего"	"1"	"Всего"	"1"	"3 680 868 000 000"
"Объем выполненных строительных работ (услуг)(Тысяч тенге казахских)"	"2017 год"	"201712"	"ЗАЙСАНСКИЙ РАЙОН"	"20821"	"вторичный вид деятельности"	"3"	"Всего"	"1"	"Всего"	"1"	"99 548 000 000"
"Объем выполненных строительных работ (услуг)(Тысяч тенге казахских)"	"2016 год"	"201612"	"ЗАЙСАНСКИЙ РАЙОН"	"20821"	"вторичный вид деятельности"	"3"	"Всего"	"1"	"Всего"	"1"	"242 444 000 000"
"Объем выполненных строительных работ (услуг)(Тысяч тенге казахских)"	"2018 год"	"201812"	"ЗАЙСАНСКИЙ РАЙОН"	"20821"	"вторичный вид деятельности"	"3"	"Всего"	"1"	"Всего"	"1"	"54 430 000 000"
"Объем выполненных строительных работ (услуг)(Тысяч тенге казахских)"	"2019 год"	"201912"	"ЗАЙСАНСКИЙ РАЙОН"	"20821"	"вторичный вид деятельности"	"3"	"Всего"	"1"	"Всего"	"1"	"8 340 000 000"
"Объем выполненных строительных работ (услуг)(Тысяч тенге казахских)"	"2020 год"	"202012"	"ЗАЙСАНСКИЙ РАЙОН"	"20821"	"вторичный вид деятельности"	"3"	"Всего"	"1"	"Всего"	"1"	"257 080 000 000"
"Объем выполненных строительных работ (услуг)(Тысяч тенге казахских)"	"2021 год"	"202112"	"ЗАЙСАНСКИЙ РАЙОН"	"20821"	"вторичный вид деятельности"	"3"	"Всего"	"1"	"Всего"	"1"	"19 234 000 000"
"Объем выполненных строительных работ (услуг)(Тысяч тенге казахских)"	"2022 год"	"202212"	"ЗАЙСАНСКИЙ РАЙОН"	"20821"	"вторичный вид деятельности"	"3"	"Всего"	"1"	"Всего"	"1"	"31 440 000 000"
"Объем выполненных строительных работ (услуг)(Тысяч тенге казахских)"	"2017 год"	"201712"	"РАЙОН АЛТАЙ"	"21120"	"Всего"	"1"	"Всего"	"1"	"Всего"	"1"	"9 849 258 000 000"
"Объем выполненных строительных работ (услуг)(Тысяч тенге казахских)"	"2016 год"	"201612"	"РАЙОН АЛТАЙ"	"21120"	"Всего"	"1"	"Всего"	"1"	"Всего"	"1"	"5 527 796 000 000"
"Объем выполненных строительных работ (услуг)(Тысяч тенге казахских)"	"2018 год"	"201812"	"РАЙОН АЛТАЙ"	"21120"	"Всего"	"1"	"Всего"	"1"	"Всего"	"1"	"12 370 935 000 000"
"Объем выполненных строительных работ (услуг)(Тысяч тенге казахских)"	"2019 год"	"201912"	"РАЙОН АЛТАЙ"	"21120"	"Всего"	"1"	"Всего"	"1"	"Всего"	"1"	"14 541 291 000 000"
"Объем выполненных строительных работ (услуг)(Тысяч тенге казахских)"	"2020 год"	"202012"	"РАЙОН АЛТАЙ"	"21120"	"Всего"	"1"	"Всего"	"1"	"Всего"	"1"	"14 533 152 000 000"
"Объем выполненных строительных работ (услуг)(Тысяч тенге казахских)"	"2021 год"	"202112"	"РАЙОН АЛТАЙ"	"21120"	"Всего"	"1"	"Всего"	"1"	"Всего"	"1"	"19 396 568 000 000"
"Объем выполненных строительных работ (услуг)(Тысяч тенге казахских)"	"2022 год"	"202212"	"РАЙОН АЛТАЙ"	"21120"	"Всего"	"1"	"Всего"	"1"	"Всего"	"1"	"20 580 597 000 000"
"Объем выполненных строительных работ (услуг)(Тысяч тенге казахских)"	"2017 год"	"201712"	"РАЙОН АЛТАЙ"	"21120"	"основной вид деятельности"	"2"	"Всего"	"1"	"Всего"	"1"	"7 473 948 000 000"
"Объем выполненных строительных работ (услуг)(Тысяч тенге казахских)"	"2016 год"	"201612"	"РАЙОН АЛТАЙ"	"21120"	"основной вид деятельности"	"2"	"Всего"	"1"	"Всего"	"1"	"2 497 279 000 000"
"Объем выполненных строительных работ (услуг)(Тысяч тенге казахских)"	"2018 год"	"201812"	"РАЙОН АЛТАЙ"	"21120"	"основной вид деятельности"	"2"	"Всего"	"1"	"Всего"	"1"	"10 296 388 000 000"
"Объем выполненных строительных работ (услуг)(Тысяч тенге казахских)"	"2019 год"	"201912"	"РАЙОН АЛТАЙ"	"21120"	"основной вид деятельности"	"2"	"Всего"	"1"	"Всего"	"1"	"11 266 717 000 000"
"Объем выполненных строительных работ (услуг)(Тысяч тенге казахских)"	"2020 год"	"202012"	"РАЙОН АЛТАЙ"	"21120"	"основной вид деятельности"	"2"	"Всего"	"1"	"Всего"	"1"	"11 605 272 000 000"
"Объем выполненных строительных работ (услуг)(Тысяч тенге казахских)"	"2021 год"	"202112"	"РАЙОН АЛТАЙ"	"21120"	"основной вид деятельности"	"2"	"Всего"	"1"	"Всего"	"1"	"15 454 786 000 000"
"Объем выполненных строительных работ (услуг)(Тысяч тенге казахских)"	"2022 год"	"202212"	"РАЙОН АЛТАЙ"	"21120"	"основной вид деятельности"	"2"	"Всего"	"1"	"Всего"	"1"	"17 667 171 000 000"
"Объем выполненных строительных работ (услуг)(Тысяч тенге казахских)"	"2017 год"	"201712"	"РАЙОН АЛТАЙ"	"21120"	"вторичный вид деятельности"	"3"	"Всего"	"1"	"Всего"	"1"	"2 375 310 000 000"
"Объем выполненных строительных работ (услуг)(Тысяч тенге казахских)"	"2016 год"	"201612"	"РАЙОН АЛТАЙ"	"21120"	"вторичный вид деятельности"	"3"	"Всего"	"1"	"Всего"	"1"	"3 030 517 000 000"
"Объем выполненных строительных работ (услуг)(Тысяч тенге казахских)"	"2018 год"	"201812"	"РАЙОН АЛТАЙ"	"21120"	"вторичный вид деятельности"	"3"	"Всего"	"1"	"Всего"	"1"	"2 074 547 000 000"
"Объем выполненных строительных работ (услуг)(Тысяч тенге казахских)"	"2019 год"	"201912"	"РАЙОН АЛТАЙ"	"21120"	"вторичный вид деятельности"	"3"	"Всего"	"1"	"Всего"	"1"	"3 274 574 000 000"
"Объем выполненных строительных работ (услуг)(Тысяч тенге казахских)"	"2020 год"	"202012"	"РАЙОН АЛТАЙ"	"21120"	"вторичный вид деятельности"	"3"	"Всего"	"1"	"Всего"	"1"	"2 927 880 000 000"
"Объем выполненных строительных работ (услуг)(Тысяч тенге казахских)"	"2021 год"	"202112"	"РАЙОН АЛТАЙ"	"21120"	"вторичный вид деятельности"	"3"	"Всего"	"1"	"Всего"	"1"	"3 941 782 000 000"
"Объем выполненных строительных работ (услуг)(Тысяч тенге казахских)"	"2022 год"	"202212"	"РАЙОН АЛТАЙ"	"21120"	"вторичный вид деятельности"	"3"	"Всего"	"1"	"Всего"	"1"	"2 913 426 000 000"
"Объем выполненных строительных работ (услуг)(Тысяч тенге казахских)"	"2017 год"	"201712"	"КОКПЕКТИНСКИЙ РАЙОН"	"21200"	"Всего"	"1"	"Всего"	"1"	"Всего"	"1"	"2 165 723 000 000"
"Объем выполненных строительных работ (услуг)(Тысяч тенге казахских)"	"2016 год"	"201612"	"КОКПЕКТИНСКИЙ РАЙОН"	"21200"	"Всего"	"1"	"Всего"	"1"	"Всего"	"1"	"529 951 000 000"
"Объем выполненных строительных работ (услуг)(Тысяч тенге казахских)"	"2018 год"	"201812"	"КОКПЕКТИНСКИЙ РАЙОН"	"21200"	"Всего"	"1"	"Всего"	"1"	"Всего"	"1"	"2 918 593 000 000"
"Объем выполненных строительных работ (услуг)(Тысяч тенге казахских)"	"2019 год"	"201912"	"КОКПЕКТИНСКИЙ РАЙОН"	"21200"	"Всего"	"1"	"Всего"	"1"	"Всего"	"1"	"4 685 071 000 000"
"Объем выполненных строительных работ (услуг)(Тысяч тенге казахских)"	"2020 год"	"202012"	"КОКПЕКТИНСКИЙ РАЙОН"	"21200"	"Всего"	"1"	"Всего"	"1"	"Всего"	"1"	"11 377 012 000 000"
"Объем выполненных строительных работ (услуг)(Тысяч тенге казахских)"	"2021 год"	"202112"	"КОКПЕКТИНСКИЙ РАЙОН"	"21200"	"Всего"	"1"	"Всего"	"1"	"Всего"	"1"	"13 975 081 000 000"
"Объем выполненных строительных работ (услуг)(Тысяч тенге казахских)"	"2022 год"	"202212"	"КОКПЕКТИНСКИЙ РАЙОН"	"21200"	"Всего"	"1"	"Всего"	"1"	"Всего"	"1"	"9 336 982 000 000"
"Объем выполненных строительных работ (услуг)(Тысяч тенге казахских)"	"2017 год"	"201712"	"КОКПЕКТИНСКИЙ РАЙОН"	"21200"	"основной вид деятельности"	"2"	"Всего"	"1"	"Всего"	"1"	"1 901 429 000 000"
"Объем выполненных строительных работ (услуг)(Тысяч тенге казахских)"	"2016 год"	"201612"	"КОКПЕКТИНСКИЙ РАЙОН"	"21200"	"основной вид деятельности"	"2"	"Всего"	"1"	"Всего"	"1"	"489 416 000 000"
"Объем выполненных строительных работ (услуг)(Тысяч тенге казахских)"	"2018 год"	"201812"	"КОКПЕКТИНСКИЙ РАЙОН"	"21200"	"основной вид деятельности"	"2"	"Всего"	"1"	"Всего"	"1"	"2 674 711 000 000"
"Объем выполненных строительных работ (услуг)(Тысяч тенге казахских)"	"2019 год"	"201912"	"КОКПЕКТИНСКИЙ РАЙОН"	"21200"	"основной вид деятельности"	"2"	"Всего"	"1"	"Всего"	"1"	"4 458 006 000 000"
"Объем выполненных строительных работ (услуг)(Тысяч тенге казахских)"	"2020 год"	"202012"	"КОКПЕКТИНСКИЙ РАЙОН"	"21200"	"основной вид деятельности"	"2"	"Всего"	"1"	"Всего"	"1"	"11 205 800 000 000"
"Объем выполненных строительных работ (услуг)(Тысяч тенге казахских)"	"2021 год"	"202112"	"КОКПЕКТИНСКИЙ РАЙОН"	"21200"	"основной вид деятельности"	"2"	"Всего"	"1"	"Всего"	"1"	"12 829 061 000 000"
"Объем выполненных строительных работ (услуг)(Тысяч тенге казахских)"	"2022 год"	"202212"	"КОКПЕКТИНСКИЙ РАЙОН"	"21200"	"основной вид деятельности"	"2"	"Всего"	"1"	"Всего"	"1"	"8 156 073 000 000"
"Объем выполненных строительных работ (услуг)(Тысяч тенге казахских)"	"2017 год"	"201712"	"КОКПЕКТИНСКИЙ РАЙОН"	"21200"	"вторичный вид деятельности"	"3"	"Всего"	"1"	"Всего"	"1"	"264 294 000 000"
"Объем выполненных строительных работ (услуг)(Тысяч тенге казахских)"	"2016 год"	"201612"	"КОКПЕКТИНСКИЙ РАЙОН"	"21200"	"вторичный вид деятельности"	"3"	"Всего"	"1"	"Всего"	"1"	"40 535 000 000"
"Объем выполненных строительных работ (услуг)(Тысяч тенге казахских)"	"2018 год"	"201812"	"КОКПЕКТИНСКИЙ РАЙОН"	"21200"	"вторичный вид деятельности"	"3"	"Всего"	"1"	"Всего"	"1"	"243 882 000 000"
"Объем выполненных строительных работ (услуг)(Тысяч тенге казахских)"	"2019 год"	"201912"	"КОКПЕКТИНСКИЙ РАЙОН"	"21200"	"вторичный вид деятельности"	"3"	"Всего"	"1"	"Всего"	"1"	"227 065 000 000"
"Объем выполненных строительных работ (услуг)(Тысяч тенге казахских)"	"2020 год"	"202012"	"КОКПЕКТИНСКИЙ РАЙОН"	"21200"	"вторичный вид деятельности"	"3"	"Всего"	"1"	"Всего"	"1"	"171 212 000 000"
"Объем выполненных строительных работ (услуг)(Тысяч тенге казахских)"	"2021 год"	"202112"	"КОКПЕКТИНСКИЙ РАЙОН"	"21200"	"вторичный вид деятельности"	"3"	"Всего"	"1"	"Всего"	"1"	"1 146 020 000 000"
"Объем выполненных строительных работ (услуг)(Тысяч тенге казахских)"	"2022 год"	"202212"	"КОКПЕКТИНСКИЙ РАЙОН"	"21200"	"вторичный вид деятельности"	"3"	"Всего"	"1"	"Всего"	"1"	"1 180 909 000 000"
"Объем выполненных строительных работ (услуг)(Тысяч тенге казахских)"	"2017 год"	"201712"	"КУРЧУМСКИЙ РАЙОН"	"21284"	"Всего"	"1"	"Всего"	"1"	"Всего"	"1"	"1 159 038 000 000"
"Объем выполненных строительных работ (услуг)(Тысяч тенге казахских)"	"2016 год"	"201612"	"КУРЧУМСКИЙ РАЙОН"	"21284"	"Всего"	"1"	"Всего"	"1"	"Всего"	"1"	"824 048 000 000"
"Объем выполненных строительных работ (услуг)(Тысяч тенге казахских)"	"2018 год"	"201812"	"КУРЧУМСКИЙ РАЙОН"	"21284"	"Всего"	"1"	"Всего"	"1"	"Всего"	"1"	"2 099 461 000 000"
"Объем выполненных строительных работ (услуг)(Тысяч тенге казахских)"	"2019 год"	"201912"	"КУРЧУМСКИЙ РАЙОН"	"21284"	"Всего"	"1"	"Всего"	"1"	"Всего"	"1"	"2 468 832 000 000"
"Объем выполненных строительных работ (услуг)(Тысяч тенге казахских)"	"2020 год"	"202012"	"КУРЧУМСКИЙ РАЙОН"	"21284"	"Всего"	"1"	"Всего"	"1"	"Всего"	"1"	"5 881 421 000 000"
"Объем выполненных строительных работ (услуг)(Тысяч тенге казахских)"	"2021 год"	"202112"	"КУРЧУМСКИЙ РАЙОН"	"21284"	"Всего"	"1"	"Всего"	"1"	"Всего"	"1"	"9 559 684 000 000"
"Объем выполненных строительных работ (услуг)(Тысяч тенге казахских)"	"2022 год"	"202212"	"КУРЧУМСКИЙ РАЙОН"	"21284"	"Всего"	"1"	"Всего"	"1"	"Всего"	"1"	"15 663 089 000 000"
"Объем выполненных строительных работ (услуг)(Тысяч тенге казахских)"	"2017 год"	"201712"	"КУРЧУМСКИЙ РАЙОН"	"21284"	"основной вид деятельности"	"2"	"Всего"	"1"	"Всего"	"1"	"967 573 000 000"
"Объем выполненных строительных работ (услуг)(Тысяч тенге казахских)"	"2016 год"	"201612"	"КУРЧУМСКИЙ РАЙОН"	"21284"	"основной вид деятельности"	"2"	"Всего"	"1"	"Всего"	"1"	"805 116 000 000"
"Объем выполненных строительных работ (услуг)(Тысяч тенге казахских)"	"2018 год"	"201812"	"КУРЧУМСКИЙ РАЙОН"	"21284"	"основной вид деятельности"	"2"	"Всего"	"1"	"Всего"	"1"	"1 970 863 000 000"
"Объем выполненных строительных работ (услуг)(Тысяч тенге казахских)"	"2019 год"	"201912"	"КУРЧУМСКИЙ РАЙОН"	"21284"	"основной вид деятельности"	"2"	"Всего"	"1"	"Всего"	"1"	"1 937 285 000 000"
"Объем выполненных строительных работ (услуг)(Тысяч тенге казахских)"	"2020 год"	"202012"	"КУРЧУМСКИЙ РАЙОН"	"21284"	"основной вид деятельности"	"2"	"Всего"	"1"	"Всего"	"1"	"3 704 658 000 000"
"Объем выполненных строительных работ (услуг)(Тысяч тенге казахских)"	"2021 год"	"202112"	"КУРЧУМСКИЙ РАЙОН"	"21284"	"основной вид деятельности"	"2"	"Всего"	"1"	"Всего"	"1"	"8 270 551 000 000"
"Объем выполненных строительных работ (услуг)(Тысяч тенге казахских)"	"2022 год"	"202212"	"КУРЧУМСКИЙ РАЙОН"	"21284"	"основной вид деятельности"	"2"	"Всего"	"1"	"Всего"	"1"	"15 557 347 000 000"
"Объем выполненных строительных работ (услуг)(Тысяч тенге казахских)"	"2017 год"	"201712"	"КУРЧУМСКИЙ РАЙОН"	"21284"	"вторичный вид деятельности"	"3"	"Всего"	"1"	"Всего"	"1"	"191 465 000 000"
"Объем выполненных строительных работ (услуг)(Тысяч тенге казахских)"	"2016 год"	"201612"	"КУРЧУМСКИЙ РАЙОН"	"21284"	"вторичный вид деятельности"	"3"	"Всего"	"1"	"Всего"	"1"	"18 932 000 000"
"Объем выполненных строительных работ (услуг)(Тысяч тенге казахских)"	"2018 год"	"201812"	"КУРЧУМСКИЙ РАЙОН"	"21284"	"вторичный вид деятельности"	"3"	"Всего"	"1"	"Всего"	"1"	"128 598 000 000"
"Объем выполненных строительных работ (услуг)(Тысяч тенге казахских)"	"2019 год"	"201912"	"КУРЧУМСКИЙ РАЙОН"	"21284"	"вторичный вид деятельности"	"3"	"Всего"	"1"	"Всего"	"1"	"531 547 000 000"
"Объем выполненных строительных работ (услуг)(Тысяч тенге казахских)"	"2020 год"	"202012"	"КУРЧУМСКИЙ РАЙОН"	"21284"	"вторичный вид деятельности"	"3"	"Всего"	"1"	"Всего"	"1"	"2 176 763 000 000"
"Объем выполненных строительных работ (услуг)(Тысяч тенге казахских)"	"2021 год"	"202112"	"КУРЧУМСКИЙ РАЙОН"	"21284"	"вторичный вид деятельности"	"3"	"Всего"	"1"	"Всего"	"1"	"1 289 133 000 000"
"Объем выполненных строительных работ (услуг)(Тысяч тенге казахских)"	"2022 год"	"202212"	"КУРЧУМСКИЙ РАЙОН"	"21284"	"вторичный вид деятельности"	"3"	"Всего"	"1"	"Всего"	"1"	"105 742 000 000"
"Объем выполненных строительных работ (услуг)(Тысяч тенге казахских)"	"2017 год"	"201712"	"КАТОН-КАРАГАЙСКИЙ РАЙОН"	"21598"	"Всего"	"1"	"Всего"	"1"	"Всего"	"1"	"1 887 184 000 000"
"Объем выполненных строительных работ (услуг)(Тысяч тенге казахских)"	"2016 год"	"201612"	"КАТОН-КАРАГАЙСКИЙ РАЙОН"	"21598"	"Всего"	"1"	"Всего"	"1"	"Всего"	"1"	"1 721 697 000 000"
"Объем выполненных строительных работ (услуг)(Тысяч тенге казахских)"	"2018 год"	"201812"	"КАТОН-КАРАГАЙСКИЙ РАЙОН"	"21598"	"Всего"	"1"	"Всего"	"1"	"Всего"	"1"	"2 620 741 000 000"
"Объем выполненных строительных работ (услуг)(Тысяч тенге казахских)"	"2019 год"	"201912"	"КАТОН-КАРАГАЙСКИЙ РАЙОН"	"21598"	"Всего"	"1"	"Всего"	"1"	"Всего"	"1"	"2 584 982 000 000"
"Объем выполненных строительных работ (услуг)(Тысяч тенге казахских)"	"2020 год"	"202012"	"КАТОН-КАРАГАЙСКИЙ РАЙОН"	"21598"	"Всего"	"1"	"Всего"	"1"	"Всего"	"1"	"4 179 832 000 000"
"Объем выполненных строительных работ (услуг)(Тысяч тенге казахских)"	"2021 год"	"202112"	"КАТОН-КАРАГАЙСКИЙ РАЙОН"	"21598"	"Всего"	"1"	"Всего"	"1"	"Всего"	"1"	"5 411 685 000 000"
"Объем выполненных строительных работ (услуг)(Тысяч тенге казахских)"	"2022 год"	"202212"	"КАТОН-КАРАГАЙСКИЙ РАЙОН"	"21598"	"Всего"	"1"	"Всего"	"1"	"Всего"	"1"	"6 430 208 000 000"
"Объем выполненных строительных работ (услуг)(Тысяч тенге казахских)"	"2017 год"	"201712"	"КАТОН-КАРАГАЙСКИЙ РАЙОН"	"21598"	"основной вид деятельности"	"2"	"Всего"	"1"	"Всего"	"1"	"1 711 993 000 000"
"Объем выполненных строительных работ (услуг)(Тысяч тенге казахских)"	"2016 год"	"201612"	"КАТОН-КАРАГАЙСКИЙ РАЙОН"	"21598"	"основной вид деятельности"	"2"	"Всего"	"1"	"Всего"	"1"	"1 410 178 000 000"
"Объем выполненных строительных работ (услуг)(Тысяч тенге казахских)"	"2018 год"	"201812"	"КАТОН-КАРАГАЙСКИЙ РАЙОН"	"21598"	"основной вид деятельности"	"2"	"Всего"	"1"	"Всего"	"1"	"2 440 094 000 000"
"Объем выполненных строительных работ (услуг)(Тысяч тенге казахских)"	"2019 год"	"201912"	"КАТОН-КАРАГАЙСКИЙ РАЙОН"	"21598"	"основной вид деятельности"	"2"	"Всего"	"1"	"Всего"	"1"	"2 449 975 000 000"
"Объем выполненных строительных работ (услуг)(Тысяч тенге казахских)"	"2020 год"	"202012"	"КАТОН-КАРАГАЙСКИЙ РАЙОН"	"21598"	"основной вид деятельности"	"2"	"Всего"	"1"	"Всего"	"1"	"4 133 390 000 000"
"Объем выполненных строительных работ (услуг)(Тысяч тенге казахских)"	"2021 год"	"202112"	"КАТОН-КАРАГАЙСКИЙ РАЙОН"	"21598"	"основной вид деятельности"	"2"	"Всего"	"1"	"Всего"	"1"	"5 411 543 000 000"
"Объем выполненных строительных работ (услуг)(Тысяч тенге казахских)"	"2022 год"	"202212"	"КАТОН-КАРАГАЙСКИЙ РАЙОН"	"21598"	"основной вид деятельности"	"2"	"Всего"	"1"	"Всего"	"1"	"5 999 031 000 000"
"Объем выполненных строительных работ (услуг)(Тысяч тенге казахских)"	"2017 год"	"201712"	"КАТОН-КАРАГАЙСКИЙ РАЙОН"	"21598"	"вторичный вид деятельности"	"3"	"Всего"	"1"	"Всего"	"1"	"175 191 000 000"
"Объем выполненных строительных работ (услуг)(Тысяч тенге казахских)"	"2016 год"	"201612"	"КАТОН-КАРАГАЙСКИЙ РАЙОН"	"21598"	"вторичный вид деятельности"	"3"	"Всего"	"1"	"Всего"	"1"	"311 519 000 000"
"Объем выполненных строительных работ (услуг)(Тысяч тенге казахских)"	"2018 год"	"201812"	"КАТОН-КАРАГАЙСКИЙ РАЙОН"	"21598"	"вторичный вид деятельности"	"3"	"Всего"	"1"	"Всего"	"1"	"180 647 000 000"
"Объем выполненных строительных работ (услуг)(Тысяч тенге казахских)"	"2019 год"	"201912"	"КАТОН-КАРАГАЙСКИЙ РАЙОН"	"21598"	"вторичный вид деятельности"	"3"	"Всего"	"1"	"Всего"	"1"	"135 007 000 000"
"Объем выполненных строительных работ (услуг)(Тысяч тенге казахских)"	"2020 год"	"202012"	"КАТОН-КАРАГАЙСКИЙ РАЙОН"	"21598"	"вторичный вид деятельности"	"3"	"Всего"	"1"	"Всего"	"1"	"46 442 000 000"
"Объем выполненных строительных работ (услуг)(Тысяч тенге казахских)"	"2021 год"	"202112"	"КАТОН-КАРАГАЙСКИЙ РАЙОН"	"21598"	"вторичный вид деятельности"	"3"	"Всего"	"1"	"Всего"	"1"	"142 000 000"
"Объем выполненных строительных работ (услуг)(Тысяч тенге казахских)"	"2022 год"	"202212"	"КАТОН-КАРАГАЙСКИЙ РАЙОН"	"21598"	"вторичный вид деятельности"	"3"	"Всего"	"1"	"Всего"	"1"	"431 177 000 000"
"Объем выполненных строительных работ (услуг)(Тысяч тенге казахских)"	"2017 год"	"201712"	"ТАРБАГАТАЙСКИЙ РАЙОН"	"21666"	"Всего"	"1"	"Всего"	"1"	"Всего"	"1"	"2 967 440 000 000"
"Объем выполненных строительных работ (услуг)(Тысяч тенге казахских)"	"2016 год"	"201612"	"ТАРБАГАТАЙСКИЙ РАЙОН"	"21666"	"Всего"	"1"	"Всего"	"1"	"Всего"	"1"	"1 306 638 000 000"
"Объем выполненных строительных работ (услуг)(Тысяч тенге казахских)"	"2018 год"	"201812"	"ТАРБАГАТАЙСКИЙ РАЙОН"	"21666"	"Всего"	"1"	"Всего"	"1"	"Всего"	"1"	"4 272 144 000 000"
"Объем выполненных строительных работ (услуг)(Тысяч тенге казахских)"	"2019 год"	"201912"	"ТАРБАГАТАЙСКИЙ РАЙОН"	"21666"	"Всего"	"1"	"Всего"	"1"	"Всего"	"1"	"4 613 950 000 000"
"Объем выполненных строительных работ (услуг)(Тысяч тенге казахских)"	"2020 год"	"202012"	"ТАРБАГАТАЙСКИЙ РАЙОН"	"21666"	"Всего"	"1"	"Всего"	"1"	"Всего"	"1"	"6 796 535 000 000"
"Объем выполненных строительных работ (услуг)(Тысяч тенге казахских)"	"2021 год"	"202112"	"ТАРБАГАТАЙСКИЙ РАЙОН"	"21666"	"Всего"	"1"	"Всего"	"1"	"Всего"	"1"	"9 939 040 000 000"
"Объем выполненных строительных работ (услуг)(Тысяч тенге казахских)"	"2022 год"	"202212"	"ТАРБАГАТАЙСКИЙ РАЙОН"	"21666"	"Всего"	"1"	"Всего"	"1"	"Всего"	"1"	"2 792 185 000 000"
"Объем выполненных строительных работ (услуг)(Тысяч тенге казахских)"	"2017 год"	"201712"	"ТАРБАГАТАЙСКИЙ РАЙОН"	"21666"	"основной вид деятельности"	"2"	"Всего"	"1"	"Всего"	"1"	"2 596 281 000 000"
"Объем выполненных строительных работ (услуг)(Тысяч тенге казахских)"	"2016 год"	"201612"	"ТАРБАГАТАЙСКИЙ РАЙОН"	"21666"	"основной вид деятельности"	"2"	"Всего"	"1"	"Всего"	"1"	"1 273 474 000 000"
"Объем выполненных строительных работ (услуг)(Тысяч тенге казахских)"	"2018 год"	"201812"	"ТАРБАГАТАЙСКИЙ РАЙОН"	"21666"	"основной вид деятельности"	"2"	"Всего"	"1"	"Всего"	"1"	"3 968 004 000 000"
"Объем выполненных строительных работ (услуг)(Тысяч тенге казахских)"	"2019 год"	"201912"	"ТАРБАГАТАЙСКИЙ РАЙОН"	"21666"	"основной вид деятельности"	"2"	"Всего"	"1"	"Всего"	"1"	"4 404 018 000 000"
"Объем выполненных строительных работ (услуг)(Тысяч тенге казахских)"	"2020 год"	"202012"	"ТАРБАГАТАЙСКИЙ РАЙОН"	"21666"	"основной вид деятельности"	"2"	"Всего"	"1"	"Всего"	"1"	"6 571 321 000 000"
"Объем выполненных строительных работ (услуг)(Тысяч тенге казахских)"	"2021 год"	"202112"	"ТАРБАГАТАЙСКИЙ РАЙОН"	"21666"	"основной вид деятельности"	"2"	"Всего"	"1"	"Всего"	"1"	"9 718 408 000 000"
"Объем выполненных строительных работ (услуг)(Тысяч тенге казахских)"	"2022 год"	"202212"	"ТАРБАГАТАЙСКИЙ РАЙОН"	"21666"	"основной вид деятельности"	"2"	"Всего"	"1"	"Всего"	"1"	"2 792 185 000 000"
"Объем выполненных строительных работ (услуг)(Тысяч тенге казахских)"	"2017 год"	"201712"	"ТАРБАГАТАЙСКИЙ РАЙОН"	"21666"	"вторичный вид деятельности"	"3"	"Всего"	"1"	"Всего"	"1"	"371 159 000 000"
"Объем выполненных строительных работ (услуг)(Тысяч тенге казахских)"	"2016 год"	"201612"	"ТАРБАГАТАЙСКИЙ РАЙОН"	"21666"	"вторичный вид деятельности"	"3"	"Всего"	"1"	"Всего"	"1"	"33 164 000 000"
"Объем выполненных строительных работ (услуг)(Тысяч тенге казахских)"	"2018 год"	"201812"	"ТАРБАГАТАЙСКИЙ РАЙОН"	"21666"	"вторичный вид деятельности"	"3"	"Всего"	"1"	"Всего"	"1"	"304 140 000 000"
"Объем выполненных строительных работ (услуг)(Тысяч тенге казахских)"	"2019 год"	"201912"	"ТАРБАГАТАЙСКИЙ РАЙОН"	"21666"	"вторичный вид деятельности"	"3"	"Всего"	"1"	"Всего"	"1"	"209 932 000 000"
"Объем выполненных строительных работ (услуг)(Тысяч тенге казахских)"	"2020 год"	"202012"	"ТАРБАГАТАЙСКИЙ РАЙОН"	"21666"	"вторичный вид деятельности"	"3"	"Всего"	"1"	"Всего"	"1"	"225 214 000 000"
"Объем выполненных строительных работ (услуг)(Тысяч тенге казахских)"	"2021 год"	"202112"	"ТАРБАГАТАЙСКИЙ РАЙОН"	"21666"	"вторичный вид деятельности"	"3"	"Всего"	"1"	"Всего"	"1"	"220 632 000 000"
"Объем выполненных строительных работ (услуг)(Тысяч тенге казахских)"	"2017 год"	"201712"	"УЛАНСКИЙ РАЙОН"	"22410"	"Всего"	"1"	"Всего"	"1"	"Всего"	"1"	"2 577 518 000 000"
"Объем выполненных строительных работ (услуг)(Тысяч тенге казахских)"	"2016 год"	"201612"	"УЛАНСКИЙ РАЙОН"	"22410"	"Всего"	"1"	"Всего"	"1"	"Всего"	"1"	"4 571 152 000 000"
"Объем выполненных строительных работ (услуг)(Тысяч тенге казахских)"	"2018 год"	"201812"	"УЛАНСКИЙ РАЙОН"	"22410"	"Всего"	"1"	"Всего"	"1"	"Всего"	"1"	"4 706 822 000 000"
"Объем выполненных строительных работ (услуг)(Тысяч тенге казахских)"	"2019 год"	"201912"	"УЛАНСКИЙ РАЙОН"	"22410"	"Всего"	"1"	"Всего"	"1"	"Всего"	"1"	"7 404 893 000 000"
"Объем выполненных строительных работ (услуг)(Тысяч тенге казахских)"	"2020 год"	"202012"	"УЛАНСКИЙ РАЙОН"	"22410"	"Всего"	"1"	"Всего"	"1"	"Всего"	"1"	"14 168 419 000 000"
"Объем выполненных строительных работ (услуг)(Тысяч тенге казахских)"	"2021 год"	"202112"	"УЛАНСКИЙ РАЙОН"	"22410"	"Всего"	"1"	"Всего"	"1"	"Всего"	"1"	"8 260 897 000 000"
"Объем выполненных строительных работ (услуг)(Тысяч тенге казахских)"	"2022 год"	"202212"	"УЛАНСКИЙ РАЙОН"	"22410"	"Всего"	"1"	"Всего"	"1"	"Всего"	"1"	"16 401 382 000 000"
"Объем выполненных строительных работ (услуг)(Тысяч тенге казахских)"	"2017 год"	"201712"	"УЛАНСКИЙ РАЙОН"	"22410"	"основной вид деятельности"	"2"	"Всего"	"1"	"Всего"	"1"	"2 400 147 000 000"
"Объем выполненных строительных работ (услуг)(Тысяч тенге казахских)"	"2016 год"	"201612"	"УЛАНСКИЙ РАЙОН"	"22410"	"основной вид деятельности"	"2"	"Всего"	"1"	"Всего"	"1"	"4 491 227 000 000"
"Объем выполненных строительных работ (услуг)(Тысяч тенге казахских)"	"2018 год"	"201812"	"УЛАНСКИЙ РАЙОН"	"22410"	"основной вид деятельности"	"2"	"Всего"	"1"	"Всего"	"1"	"4 302 886 000 000"
"Объем выполненных строительных работ (услуг)(Тысяч тенге казахских)"	"2019 год"	"201912"	"УЛАНСКИЙ РАЙОН"	"22410"	"основной вид деятельности"	"2"	"Всего"	"1"	"Всего"	"1"	"7 397 326 000 000"
"Объем выполненных строительных работ (услуг)(Тысяч тенге казахских)"	"2020 год"	"202012"	"УЛАНСКИЙ РАЙОН"	"22410"	"основной вид деятельности"	"2"	"Всего"	"1"	"Всего"	"1"	"13 504 526 000 000"
"Объем выполненных строительных работ (услуг)(Тысяч тенге казахских)"	"2021 год"	"202112"	"УЛАНСКИЙ РАЙОН"	"22410"	"основной вид деятельности"	"2"	"Всего"	"1"	"Всего"	"1"	"8 201 541 000 000"
"Объем выполненных строительных работ (услуг)(Тысяч тенге казахских)"	"2022 год"	"202212"	"УЛАНСКИЙ РАЙОН"	"22410"	"основной вид деятельности"	"2"	"Всего"	"1"	"Всего"	"1"	"16 359 665 000 000"
"Объем выполненных строительных работ (услуг)(Тысяч тенге казахских)"	"2017 год"	"201712"	"УЛАНСКИЙ РАЙОН"	"22410"	"вторичный вид деятельности"	"3"	"Всего"	"1"	"Всего"	"1"	"177 371 000 000"
"Объем выполненных строительных работ (услуг)(Тысяч тенге казахских)"	"2016 год"	"201612"	"УЛАНСКИЙ РАЙОН"	"22410"	"вторичный вид деятельности"	"3"	"Всего"	"1"	"Всего"	"1"	"79 925 000 000"
"Объем выполненных строительных работ (услуг)(Тысяч тенге казахских)"	"2018 год"	"201812"	"УЛАНСКИЙ РАЙОН"	"22410"	"вторичный вид деятельности"	"3"	"Всего"	"1"	"Всего"	"1"	"403 936 000 000"
"Объем выполненных строительных работ (услуг)(Тысяч тенге казахских)"	"2019 год"	"201912"	"УЛАНСКИЙ РАЙОН"	"22410"	"вторичный вид деятельности"	"3"	"Всего"	"1"	"Всего"	"1"	"7 567 000 000"
"Объем выполненных строительных работ (услуг)(Тысяч тенге казахских)"	"2020 год"	"202012"	"УЛАНСКИЙ РАЙОН"	"22410"	"вторичный вид деятельности"	"3"	"Всего"	"1"	"Всего"	"1"	"663 893 000 000"
"Объем выполненных строительных работ (услуг)(Тысяч тенге казахских)"	"2021 год"	"202112"	"УЛАНСКИЙ РАЙОН"	"22410"	"вторичный вид деятельности"	"3"	"Всего"	"1"	"Всего"	"1"	"59 356 000 000"
"Объем выполненных строительных работ (услуг)(Тысяч тенге казахских)"	"2022 год"	"202212"	"УЛАНСКИЙ РАЙОН"	"22410"	"вторичный вид деятельности"	"3"	"Всего"	"1"	"Всего"	"1"	"41 717 000 000"
"Объем выполненных строительных работ (услуг)(Тысяч тенге казахских)"	"2017 год"	"201712"	"УРДЖАРСКИЙ РАЙОН"	"22536"	"Всего"	"1"	"Всего"	"1"	"Всего"	"1"	"4 810 816 000 000"
"Объем выполненных строительных работ (услуг)(Тысяч тенге казахских)"	"2016 год"	"201612"	"УРДЖАРСКИЙ РАЙОН"	"22536"	"Всего"	"1"	"Всего"	"1"	"Всего"	"1"	"4 379 452 000 000"
"Объем выполненных строительных работ (услуг)(Тысяч тенге казахских)"	"2018 год"	"201812"	"УРДЖАРСКИЙ РАЙОН"	"22536"	"Всего"	"1"	"Всего"	"1"	"Всего"	"1"	"8 685 567 000 000"
"Объем выполненных строительных работ (услуг)(Тысяч тенге казахских)"	"2019 год"	"201912"	"УРДЖАРСКИЙ РАЙОН"	"22536"	"Всего"	"1"	"Всего"	"1"	"Всего"	"1"	"7 367 214 000 000"
"Объем выполненных строительных работ (услуг)(Тысяч тенге казахских)"	"2020 год"	"202012"	"УРДЖАРСКИЙ РАЙОН"	"22536"	"Всего"	"1"	"Всего"	"1"	"Всего"	"1"	"12 546 230 000 000"
"Объем выполненных строительных работ (услуг)(Тысяч тенге казахских)"	"2021 год"	"202112"	"УРДЖАРСКИЙ РАЙОН"	"22536"	"Всего"	"1"	"Всего"	"1"	"Всего"	"1"	"13 382 626 000 000"
"Объем выполненных строительных работ (услуг)(Тысяч тенге казахских)"	"2022 год"	"202212"	"УРДЖАРСКИЙ РАЙОН"	"22536"	"Всего"	"1"	"Всего"	"1"	"Всего"	"1"	"15 919 903 000 000"
"Объем выполненных строительных работ (услуг)(Тысяч тенге казахских)"	"2017 год"	"201712"	"УРДЖАРСКИЙ РАЙОН"	"22536"	"основной вид деятельности"	"2"	"Всего"	"1"	"Всего"	"1"	"2 860 573 000 000"
"Объем выполненных строительных работ (услуг)(Тысяч тенге казахских)"	"2016 год"	"201612"	"УРДЖАРСКИЙ РАЙОН"	"22536"	"основной вид деятельности"	"2"	"Всего"	"1"	"Всего"	"1"	"3 720 629 000 000"
"Объем выполненных строительных работ (услуг)(Тысяч тенге казахских)"	"2018 год"	"201812"	"УРДЖАРСКИЙ РАЙОН"	"22536"	"основной вид деятельности"	"2"	"Всего"	"1"	"Всего"	"1"	"6 790 064 000 000"
"Объем выполненных строительных работ (услуг)(Тысяч тенге казахских)"	"2019 год"	"201912"	"УРДЖАРСКИЙ РАЙОН"	"22536"	"основной вид деятельности"	"2"	"Всего"	"1"	"Всего"	"1"	"6 986 683 000 000"
"Объем выполненных строительных работ (услуг)(Тысяч тенге казахских)"	"2020 год"	"202012"	"УРДЖАРСКИЙ РАЙОН"	"22536"	"основной вид деятельности"	"2"	"Всего"	"1"	"Всего"	"1"	"9 784 081 000 000"
"Объем выполненных строительных работ (услуг)(Тысяч тенге казахских)"	"2021 год"	"202112"	"УРДЖАРСКИЙ РАЙОН"	"22536"	"основной вид деятельности"	"2"	"Всего"	"1"	"Всего"	"1"	"12 900 242 000 000"
"Объем выполненных строительных работ (услуг)(Тысяч тенге казахских)"	"2022 год"	"202212"	"УРДЖАРСКИЙ РАЙОН"	"22536"	"основной вид деятельности"	"2"	"Всего"	"1"	"Всего"	"1"	"15 663 253 000 000"
"Объем выполненных строительных работ (услуг)(Тысяч тенге казахских)"	"2017 год"	"201712"	"УРДЖАРСКИЙ РАЙОН"	"22536"	"вторичный вид деятельности"	"3"	"Всего"	"1"	"Всего"	"1"	"1 950 243 000 000"
"Объем выполненных строительных работ (услуг)(Тысяч тенге казахских)"	"2016 год"	"201612"	"УРДЖАРСКИЙ РАЙОН"	"22536"	"вторичный вид деятельности"	"3"	"Всего"	"1"	"Всего"	"1"	"658 823 000 000"
"Объем выполненных строительных работ (услуг)(Тысяч тенге казахских)"	"2018 год"	"201812"	"УРДЖАРСКИЙ РАЙОН"	"22536"	"вторичный вид деятельности"	"3"	"Всего"	"1"	"Всего"	"1"	"1 895 503 000 000"
"Объем выполненных строительных работ (услуг)(Тысяч тенге казахских)"	"2019 год"	"201912"	"УРДЖАРСКИЙ РАЙОН"	"22536"	"вторичный вид деятельности"	"3"	"Всего"	"1"	"Всего"	"1"	"380 531 000 000"
"Объем выполненных строительных работ (услуг)(Тысяч тенге казахских)"	"2020 год"	"202012"	"УРДЖАРСКИЙ РАЙОН"	"22536"	"вторичный вид деятельности"	"3"	"Всего"	"1"	"Всего"	"1"	"2 762 149 000 000"
"Объем выполненных строительных работ (услуг)(Тысяч тенге казахских)"	"2021 год"	"202112"	"УРДЖАРСКИЙ РАЙОН"	"22536"	"вторичный вид деятельности"	"3"	"Всего"	"1"	"Всего"	"1"	"482 384 000 000"
"Объем выполненных строительных работ (услуг)(Тысяч тенге казахских)"	"2022 год"	"202212"	"УРДЖАРСКИЙ РАЙОН"	"22536"	"вторичный вид деятельности"	"3"	"Всего"	"1"	"Всего"	"1"	"256 650 000 000"
"Объем выполненных строительных работ (услуг)(Тысяч тенге казахских)"	"2017 год"	"201712"	"ШЕМОНАИХИНСКИЙ РАЙОН"	"22635"	"Всего"	"1"	"Всего"	"1"	"Всего"	"1"	"9 286 586 000 000"
"Объем выполненных строительных работ (услуг)(Тысяч тенге казахских)"	"2016 год"	"201612"	"ШЕМОНАИХИНСКИЙ РАЙОН"	"22635"	"Всего"	"1"	"Всего"	"1"	"Всего"	"1"	"7 109 459 000 000"
"Объем выполненных строительных работ (услуг)(Тысяч тенге казахских)"	"2018 год"	"201812"	"ШЕМОНАИХИНСКИЙ РАЙОН"	"22635"	"Всего"	"1"	"Всего"	"1"	"Всего"	"1"	"7 577 916 000 000"
"Объем выполненных строительных работ (услуг)(Тысяч тенге казахских)"	"2019 год"	"201912"	"ШЕМОНАИХИНСКИЙ РАЙОН"	"22635"	"Всего"	"1"	"Всего"	"1"	"Всего"	"1"	"15 962 545 000 000"
"Объем выполненных строительных работ (услуг)(Тысяч тенге казахских)"	"2020 год"	"202012"	"ШЕМОНАИХИНСКИЙ РАЙОН"	"22635"	"Всего"	"1"	"Всего"	"1"	"Всего"	"1"	"22 642 895 000 000"
"Объем выполненных строительных работ (услуг)(Тысяч тенге казахских)"	"2021 год"	"202112"	"ШЕМОНАИХИНСКИЙ РАЙОН"	"22635"	"Всего"	"1"	"Всего"	"1"	"Всего"	"1"	"20 703 232 000 000"
"Объем выполненных строительных работ (услуг)(Тысяч тенге казахских)"	"2022 год"	"202212"	"ШЕМОНАИХИНСКИЙ РАЙОН"	"22635"	"Всего"	"1"	"Всего"	"1"	"Всего"	"1"	"25 124 350 000 000"
"Объем выполненных строительных работ (услуг)(Тысяч тенге казахских)"	"2017 год"	"201712"	"ШЕМОНАИХИНСКИЙ РАЙОН"	"22635"	"основной вид деятельности"	"2"	"Всего"	"1"	"Всего"	"1"	"8 793 008 000 000"
"Объем выполненных строительных работ (услуг)(Тысяч тенге казахских)"	"2016 год"	"201612"	"ШЕМОНАИХИНСКИЙ РАЙОН"	"22635"	"основной вид деятельности"	"2"	"Всего"	"1"	"Всего"	"1"	"7 009 278 000 000"
"Объем выполненных строительных работ (услуг)(Тысяч тенге казахских)"	"2018 год"	"201812"	"ШЕМОНАИХИНСКИЙ РАЙОН"	"22635"	"основной вид деятельности"	"2"	"Всего"	"1"	"Всего"	"1"	"7 085 264 000 000"
"Объем выполненных строительных работ (услуг)(Тысяч тенге казахских)"	"2019 год"	"201912"	"ШЕМОНАИХИНСКИЙ РАЙОН"	"22635"	"основной вид деятельности"	"2"	"Всего"	"1"	"Всего"	"1"	"14 578 275 000 000"
"Объем выполненных строительных работ (услуг)(Тысяч тенге казахских)"	"2020 год"	"202012"	"ШЕМОНАИХИНСКИЙ РАЙОН"	"22635"	"основной вид деятельности"	"2"	"Всего"	"1"	"Всего"	"1"	"22 027 972 000 000"
"Объем выполненных строительных работ (услуг)(Тысяч тенге казахских)"	"2021 год"	"202112"	"ШЕМОНАИХИНСКИЙ РАЙОН"	"22635"	"основной вид деятельности"	"2"	"Всего"	"1"	"Всего"	"1"	"19 931 456 000 000"
"Объем выполненных строительных работ (услуг)(Тысяч тенге казахских)"	"2022 год"	"202212"	"ШЕМОНАИХИНСКИЙ РАЙОН"	"22635"	"основной вид деятельности"	"2"	"Всего"	"1"	"Всего"	"1"	"24 202 210 000 000"
"Объем выполненных строительных работ (услуг)(Тысяч тенге казахских)"	"2017 год"	"201712"	"ШЕМОНАИХИНСКИЙ РАЙОН"	"22635"	"вторичный вид деятельности"	"3"	"Всего"	"1"	"Всего"	"1"	"493 578 000 000"
"Объем выполненных строительных работ (услуг)(Тысяч тенге казахских)"	"2016 год"	"201612"	"ШЕМОНАИХИНСКИЙ РАЙОН"	"22635"	"вторичный вид деятельности"	"3"	"Всего"	"1"	"Всего"	"1"	"100 181 000 000"
"Объем выполненных строительных работ (услуг)(Тысяч тенге казахских)"	"2018 год"	"201812"	"ШЕМОНАИХИНСКИЙ РАЙОН"	"22635"	"вторичный вид деятельности"	"3"	"Всего"	"1"	"Всего"	"1"	"492 652 000 000"
"Объем выполненных строительных работ (услуг)(Тысяч тенге казахских)"	"2019 год"	"201912"	"ШЕМОНАИХИНСКИЙ РАЙОН"	"22635"	"вторичный вид деятельности"	"3"	"Всего"	"1"	"Всего"	"1"	"1 384 270 000 000"
"Объем выполненных строительных работ (услуг)(Тысяч тенге казахских)"	"2020 год"	"202012"	"ШЕМОНАИХИНСКИЙ РАЙОН"	"22635"	"вторичный вид деятельности"	"3"	"Всего"	"1"	"Всего"	"1"	"614 923 000 000"
"Объем выполненных строительных работ (услуг)(Тысяч тенге казахских)"	"2021 год"	"202112"	"ШЕМОНАИХИНСКИЙ РАЙОН"	"22635"	"вторичный вид деятельности"	"3"	"Всего"	"1"	"Всего"	"1"	"771 776 000 000"
"Объем выполненных строительных работ (услуг)(Тысяч тенге казахских)"	"2022 год"	"202212"	"ШЕМОНАИХИНСКИЙ РАЙОН"	"22635"	"вторичный вид деятельности"	"3"	"Всего"	"1"	"Всего"	"1"	"922 140 000 000"
"Объем выполненных строительных работ (услуг)(Тысяч тенге казахских)"	"2017 год"	"201712"	"Г.АСТАНА"	"22691"	"Всего"	"1"	"Всего"	"1"	"Всего"	"1"	"610 970 183 000 000"
"Объем выполненных строительных работ (услуг)(Тысяч тенге казахских)"	"2016 год"	"201612"	"Г.АСТАНА"	"22691"	"Всего"	"1"	"Всего"	"1"	"Всего"	"1"	"572 989 955 000 000"
"Объем выполненных строительных работ (услуг)(Тысяч тенге казахских)"	"2018 год"	"201812"	"Г.АСТАНА"	"22691"	"Всего"	"1"	"Всего"	"1"	"Всего"	"1"	"508 515 109 000 000"
"Объем выполненных строительных работ (услуг)(Тысяч тенге казахских)"	"2019 год"	"201912"	"Г.АСТАНА"	"22691"	"Всего"	"1"	"Всего"	"1"	"Всего"	"1"	"525 474 847 000 000"
"Объем выполненных строительных работ (услуг)(Тысяч тенге казахских)"	"2020 год"	"202012"	"Г.АСТАНА"	"22691"	"Всего"	"1"	"Всего"	"1"	"Всего"	"1"	"575 565 910 000 000"
"Объем выполненных строительных работ (услуг)(Тысяч тенге казахских)"	"2021 год"	"202112"	"Г.АСТАНА"	"22691"	"Всего"	"1"	"Всего"	"1"	"Всего"	"1"	"636 613 631 000 000"
"Объем выполненных строительных работ (услуг)(Тысяч тенге казахских)"	"2022 год"	"202212"	"Г.АСТАНА"	"22691"	"Всего"	"1"	"Всего"	"1"	"Всего"	"1"	"717 883 179 000 000"
"Объем выполненных строительных работ (услуг)(Тысяч тенге казахских)"	"2017 год"	"201712"	"Г.АСТАНА"	"22691"	"основной вид деятельности"	"2"	"Всего"	"1"	"Всего"	"1"	"606 340 298 000 000"
"Объем выполненных строительных работ (услуг)(Тысяч тенге казахских)"	"2016 год"	"201612"	"Г.АСТАНА"	"22691"	"основной вид деятельности"	"2"	"Всего"	"1"	"Всего"	"1"	"568 077 963 000 000"
"Объем выполненных строительных работ (услуг)(Тысяч тенге казахских)"	"2018 год"	"201812"	"Г.АСТАНА"	"22691"	"основной вид деятельности"	"2"	"Всего"	"1"	"Всего"	"1"	"498 198 502 000 000"
"Объем выполненных строительных работ (услуг)(Тысяч тенге казахских)"	"2019 год"	"201912"	"Г.АСТАНА"	"22691"	"основной вид деятельности"	"2"	"Всего"	"1"	"Всего"	"1"	"508 824 620 000 000"
"Объем выполненных строительных работ (услуг)(Тысяч тенге казахских)"	"2020 год"	"202012"	"Г.АСТАНА"	"22691"	"основной вид деятельности"	"2"	"Всего"	"1"	"Всего"	"1"	"544 373 155 000 000"
"Объем выполненных строительных работ (услуг)(Тысяч тенге казахских)"	"2021 год"	"202112"	"Г.АСТАНА"	"22691"	"основной вид деятельности"	"2"	"Всего"	"1"	"Всего"	"1"	"618 361 003 000 000"
"Объем выполненных строительных работ (услуг)(Тысяч тенге казахских)"	"2022 год"	"202212"	"Г.АСТАНА"	"22691"	"основной вид деятельности"	"2"	"Всего"	"1"	"Всего"	"1"	"703 509 191 000 000"
"Объем выполненных строительных работ (услуг)(Тысяч тенге казахских)"	"2017 год"	"201712"	"Г.АСТАНА"	"22691"	"вторичный вид деятельности"	"3"	"Всего"	"1"	"Всего"	"1"	"4 629 885 000 000"
"Объем выполненных строительных работ (услуг)(Тысяч тенге казахских)"	"2016 год"	"201612"	"Г.АСТАНА"	"22691"	"вторичный вид деятельности"	"3"	"Всего"	"1"	"Всего"	"1"	"4 911 992 000 000"
"Объем выполненных строительных работ (услуг)(Тысяч тенге казахских)"	"2018 год"	"201812"	"Г.АСТАНА"	"22691"	"вторичный вид деятельности"	"3"	"Всего"	"1"	"Всего"	"1"	"10 316 607 000 000"
"Объем выполненных строительных работ (услуг)(Тысяч тенге казахских)"	"2019 год"	"201912"	"Г.АСТАНА"	"22691"	"вторичный вид деятельности"	"3"	"Всего"	"1"	"Всего"	"1"	"16 650 227 000 000"
"Объем выполненных строительных работ (услуг)(Тысяч тенге казахских)"	"2020 год"	"202012"	"Г.АСТАНА"	"22691"	"вторичный вид деятельности"	"3"	"Всего"	"1"	"Всего"	"1"	"31 192 755 000 000"
"Объем выполненных строительных работ (услуг)(Тысяч тенге казахских)"	"2021 год"	"202112"	"Г.АСТАНА"	"22691"	"вторичный вид деятельности"	"3"	"Всего"	"1"	"Всего"	"1"	"18 252 628 000 000"
"Объем выполненных строительных работ (услуг)(Тысяч тенге казахских)"	"2022 год"	"202212"	"Г.АСТАНА"	"22691"	"вторичный вид деятельности"	"3"	"Всего"	"1"	"Всего"	"1"	"14 373 988 000 000"
"Объем выполненных строительных работ (услуг)(Тысяч тенге казахских)"	"2017 год"	"201712"	"РАЙОН АЛМАТЫ"	"22694"	"Всего"	"1"	"Всего"	"1"	"Всего"	"1"	"176 439 924 000 000"
"Объем выполненных строительных работ (услуг)(Тысяч тенге казахских)"	"2016 год"	"201612"	"РАЙОН АЛМАТЫ"	"22694"	"Всего"	"1"	"Всего"	"1"	"Всего"	"1"	"152 815 303 000 000"
"Объем выполненных строительных работ (услуг)(Тысяч тенге казахских)"	"2018 год"	"201812"	"РАЙОН АЛМАТЫ"	"22694"	"Всего"	"1"	"Всего"	"1"	"Всего"	"1"	"114 770 457 000 000"
"Объем выполненных строительных работ (услуг)(Тысяч тенге казахских)"	"2019 год"	"201912"	"РАЙОН АЛМАТЫ"	"22694"	"Всего"	"1"	"Всего"	"1"	"Всего"	"1"	"92 775 513 000 000"
"Объем выполненных строительных работ (услуг)(Тысяч тенге казахских)"	"2020 год"	"202012"	"РАЙОН АЛМАТЫ"	"22694"	"Всего"	"1"	"Всего"	"1"	"Всего"	"1"	"125 452 955 000 000"
"Объем выполненных строительных работ (услуг)(Тысяч тенге казахских)"	"2021 год"	"202112"	"РАЙОН АЛМАТЫ"	"22694"	"Всего"	"1"	"Всего"	"1"	"Всего"	"1"	"131 864 099 000 000"
"Объем выполненных строительных работ (услуг)(Тысяч тенге казахских)"	"2022 год"	"202212"	"РАЙОН АЛМАТЫ"	"22694"	"Всего"	"1"	"Всего"	"1"	"Всего"	"1"	"153 566 933 000 000"
"Объем выполненных строительных работ (услуг)(Тысяч тенге казахских)"	"2017 год"	"201712"	"РАЙОН АЛМАТЫ"	"22694"	"основной вид деятельности"	"2"	"Всего"	"1"	"Всего"	"1"	"174 874 525 000 000"
"Объем выполненных строительных работ (услуг)(Тысяч тенге казахских)"	"2016 год"	"201612"	"РАЙОН АЛМАТЫ"	"22694"	"основной вид деятельности"	"2"	"Всего"	"1"	"Всего"	"1"	"150 931 982 000 000"
"Объем выполненных строительных работ (услуг)(Тысяч тенге казахских)"	"2018 год"	"201812"	"РАЙОН АЛМАТЫ"	"22694"	"основной вид деятельности"	"2"	"Всего"	"1"	"Всего"	"1"	"110 878 347 000 000"
"Объем выполненных строительных работ (услуг)(Тысяч тенге казахских)"	"2019 год"	"201912"	"РАЙОН АЛМАТЫ"	"22694"	"основной вид деятельности"	"2"	"Всего"	"1"	"Всего"	"1"	"88 423 762 000 000"
"Объем выполненных строительных работ (услуг)(Тысяч тенге казахских)"	"2020 год"	"202012"	"РАЙОН АЛМАТЫ"	"22694"	"основной вид деятельности"	"2"	"Всего"	"1"	"Всего"	"1"	"123 145 112 000 000"
"Объем выполненных строительных работ (услуг)(Тысяч тенге казахских)"	"2021 год"	"202112"	"РАЙОН АЛМАТЫ"	"22694"	"основной вид деятельности"	"2"	"Всего"	"1"	"Всего"	"1"	"126 907 088 000 000"
"Объем выполненных строительных работ (услуг)(Тысяч тенге казахских)"	"2022 год"	"202212"	"РАЙОН АЛМАТЫ"	"22694"	"основной вид деятельности"	"2"	"Всего"	"1"	"Всего"	"1"	"149 447 753 000 000"
"Объем выполненных строительных работ (услуг)(Тысяч тенге казахских)"	"2017 год"	"201712"	"РАЙОН АЛМАТЫ"	"22694"	"вторичный вид деятельности"	"3"	"Всего"	"1"	"Всего"	"1"	"1 565 399 000 000"
"Объем выполненных строительных работ (услуг)(Тысяч тенге казахских)"	"2016 год"	"201612"	"РАЙОН АЛМАТЫ"	"22694"	"вторичный вид деятельности"	"3"	"Всего"	"1"	"Всего"	"1"	"1 883 321 000 000"
"Объем выполненных строительных работ (услуг)(Тысяч тенге казахских)"	"2018 год"	"201812"	"РАЙОН АЛМАТЫ"	"22694"	"вторичный вид деятельности"	"3"	"Всего"	"1"	"Всего"	"1"	"3 892 110 000 000"
"Объем выполненных строительных работ (услуг)(Тысяч тенге казахских)"	"2019 год"	"201912"	"РАЙОН АЛМАТЫ"	"22694"	"вторичный вид деятельности"	"3"	"Всего"	"1"	"Всего"	"1"	"4 351 751 000 000"
"Объем выполненных строительных работ (услуг)(Тысяч тенге казахских)"	"2020 год"	"202012"	"РАЙОН АЛМАТЫ"	"22694"	"вторичный вид деятельности"	"3"	"Всего"	"1"	"Всего"	"1"	"2 307 843 000 000"
"Объем выполненных строительных работ (услуг)(Тысяч тенге казахских)"	"2021 год"	"202112"	"РАЙОН АЛМАТЫ"	"22694"	"вторичный вид деятельности"	"3"	"Всего"	"1"	"Всего"	"1"	"4 957 011 000 000"
"Объем выполненных строительных работ (услуг)(Тысяч тенге казахских)"	"2022 год"	"202212"	"РАЙОН АЛМАТЫ"	"22694"	"вторичный вид деятельности"	"3"	"Всего"	"1"	"Всего"	"1"	"4 119 180 000 000"
"Объем выполненных строительных работ (услуг)(Тысяч тенге казахских)"	"2017 год"	"201712"	"РАЙОН ЕСИЛЬ"	"22696"	"Всего"	"1"	"Всего"	"1"	"Всего"	"1"	"378 979 197 000 000"
"Объем выполненных строительных работ (услуг)(Тысяч тенге казахских)"	"2016 год"	"201612"	"РАЙОН ЕСИЛЬ"	"22696"	"Всего"	"1"	"Всего"	"1"	"Всего"	"1"	"376 620 423 000 000"
"Объем выполненных строительных работ (услуг)(Тысяч тенге казахских)"	"2018 год"	"201812"	"РАЙОН ЕСИЛЬ"	"22696"	"Всего"	"1"	"Всего"	"1"	"Всего"	"1"	"329 370 881 000 000"
"Объем выполненных строительных работ (услуг)(Тысяч тенге казахских)"	"2019 год"	"201912"	"РАЙОН ЕСИЛЬ"	"22696"	"Всего"	"1"	"Всего"	"1"	"Всего"	"1"	"342 417 214 000 000"
"Объем выполненных строительных работ (услуг)(Тысяч тенге казахских)"	"2020 год"	"202012"	"РАЙОН ЕСИЛЬ"	"22696"	"Всего"	"1"	"Всего"	"1"	"Всего"	"1"	"336 129 449 000 000"
"Объем выполненных строительных работ (услуг)(Тысяч тенге казахских)"	"2021 год"	"202112"	"РАЙОН ЕСИЛЬ"	"22696"	"Всего"	"1"	"Всего"	"1"	"Всего"	"1"	"385 253 937 000 000"
"Объем выполненных строительных работ (услуг)(Тысяч тенге казахских)"	"2022 год"	"202212"	"РАЙОН ЕСИЛЬ"	"22696"	"Всего"	"1"	"Всего"	"1"	"Всего"	"1"	"430 537 877 000 000"
"Объем выполненных строительных работ (услуг)(Тысяч тенге казахских)"	"2017 год"	"201712"	"РАЙОН ЕСИЛЬ"	"22696"	"основной вид деятельности"	"2"	"Всего"	"1"	"Всего"	"1"	"376 625 986 000 000"
"Объем выполненных строительных работ (услуг)(Тысяч тенге казахских)"	"2016 год"	"201612"	"РАЙОН ЕСИЛЬ"	"22696"	"основной вид деятельности"	"2"	"Всего"	"1"	"Всего"	"1"	"374 124 421 000 000"
"Объем выполненных строительных работ (услуг)(Тысяч тенге казахских)"	"2018 год"	"201812"	"РАЙОН ЕСИЛЬ"	"22696"	"основной вид деятельности"	"2"	"Всего"	"1"	"Всего"	"1"	"326 921 549 000 000"
"Объем выполненных строительных работ (услуг)(Тысяч тенге казахских)"	"2019 год"	"201912"	"РАЙОН ЕСИЛЬ"	"22696"	"основной вид деятельности"	"2"	"Всего"	"1"	"Всего"	"1"	"334 340 444 000 000"
"Объем выполненных строительных работ (услуг)(Тысяч тенге казахских)"	"2020 год"	"202012"	"РАЙОН ЕСИЛЬ"	"22696"	"основной вид деятельности"	"2"	"Всего"	"1"	"Всего"	"1"	"313 764 558 000 000"
"Объем выполненных строительных работ (услуг)(Тысяч тенге казахских)"	"2021 год"	"202112"	"РАЙОН ЕСИЛЬ"	"22696"	"основной вид деятельности"	"2"	"Всего"	"1"	"Всего"	"1"	"375 032 985 000 000"
"Объем выполненных строительных работ (услуг)(Тысяч тенге казахских)"	"2022 год"	"202212"	"РАЙОН ЕСИЛЬ"	"22696"	"основной вид деятельности"	"2"	"Всего"	"1"	"Всего"	"1"	"423 849 475 000 000"
"Объем выполненных строительных работ (услуг)(Тысяч тенге казахских)"	"2017 год"	"201712"	"РАЙОН ЕСИЛЬ"	"22696"	"вторичный вид деятельности"	"3"	"Всего"	"1"	"Всего"	"1"	"2 353 211 000 000"
"Объем выполненных строительных работ (услуг)(Тысяч тенге казахских)"	"2016 год"	"201612"	"РАЙОН ЕСИЛЬ"	"22696"	"вторичный вид деятельности"	"3"	"Всего"	"1"	"Всего"	"1"	"2 496 002 000 000"
"Объем выполненных строительных работ (услуг)(Тысяч тенге казахских)"	"2018 год"	"201812"	"РАЙОН ЕСИЛЬ"	"22696"	"вторичный вид деятельности"	"3"	"Всего"	"1"	"Всего"	"1"	"2 449 332 000 000"
"Объем выполненных строительных работ (услуг)(Тысяч тенге казахских)"	"2019 год"	"201912"	"РАЙОН ЕСИЛЬ"	"22696"	"вторичный вид деятельности"	"3"	"Всего"	"1"	"Всего"	"1"	"8 076 770 000 000"
"Объем выполненных строительных работ (услуг)(Тысяч тенге казахских)"	"2020 год"	"202012"	"РАЙОН ЕСИЛЬ"	"22696"	"вторичный вид деятельности"	"3"	"Всего"	"1"	"Всего"	"1"	"22 364 891 000 000"
"Объем выполненных строительных работ (услуг)(Тысяч тенге казахских)"	"2021 год"	"202112"	"РАЙОН ЕСИЛЬ"	"22696"	"вторичный вид деятельности"	"3"	"Всего"	"1"	"Всего"	"1"	"10 220 952 000 000"
"Объем выполненных строительных работ (услуг)(Тысяч тенге казахских)"	"2022 год"	"202212"	"РАЙОН ЕСИЛЬ"	"22696"	"вторичный вид деятельности"	"3"	"Всего"	"1"	"Всего"	"1"	"6 688 402 000 000"
"Объем выполненных строительных работ (услуг)(Тысяч тенге казахских)"	"2017 год"	"201712"	"РАЙОН САРЫАРКА"	"22698"	"Всего"	"1"	"Всего"	"1"	"Всего"	"1"	"55 551 062 000 000"
"Объем выполненных строительных работ (услуг)(Тысяч тенге казахских)"	"2016 год"	"201612"	"РАЙОН САРЫАРКА"	"22698"	"Всего"	"1"	"Всего"	"1"	"Всего"	"1"	"43 554 229 000 000"
"Объем выполненных строительных работ (услуг)(Тысяч тенге казахских)"	"2018 год"	"201812"	"РАЙОН САРЫАРКА"	"22698"	"Всего"	"1"	"Всего"	"1"	"Всего"	"1"	"43 302 292 000 000"
"Объем выполненных строительных работ (услуг)(Тысяч тенге казахских)"	"2019 год"	"201912"	"РАЙОН САРЫАРКА"	"22698"	"Всего"	"1"	"Всего"	"1"	"Всего"	"1"	"38 181 969 000 000"
"Объем выполненных строительных работ (услуг)(Тысяч тенге казахских)"	"2020 год"	"202012"	"РАЙОН САРЫАРКА"	"22698"	"Всего"	"1"	"Всего"	"1"	"Всего"	"1"	"44 223 991 000 000"
"Объем выполненных строительных работ (услуг)(Тысяч тенге казахских)"	"2021 год"	"202112"	"РАЙОН САРЫАРКА"	"22698"	"Всего"	"1"	"Всего"	"1"	"Всего"	"1"	"46 169 775 000 000"
"Объем выполненных строительных работ (услуг)(Тысяч тенге казахских)"	"2022 год"	"202212"	"РАЙОН САРЫАРКА"	"22698"	"Всего"	"1"	"Всего"	"1"	"Всего"	"1"	"54 483 068 000 000"
"Объем выполненных строительных работ (услуг)(Тысяч тенге казахских)"	"2017 год"	"201712"	"РАЙОН САРЫАРКА"	"22698"	"основной вид деятельности"	"2"	"Всего"	"1"	"Всего"	"1"	"54 839 787 000 000"
"Объем выполненных строительных работ (услуг)(Тысяч тенге казахских)"	"2016 год"	"201612"	"РАЙОН САРЫАРКА"	"22698"	"основной вид деятельности"	"2"	"Всего"	"1"	"Всего"	"1"	"43 021 560 000 000"
"Объем выполненных строительных работ (услуг)(Тысяч тенге казахских)"	"2018 год"	"201812"	"РАЙОН САРЫАРКА"	"22698"	"основной вид деятельности"	"2"	"Всего"	"1"	"Всего"	"1"	"40 549 896 000 000"
"Объем выполненных строительных работ (услуг)(Тысяч тенге казахских)"	"2019 год"	"201912"	"РАЙОН САРЫАРКА"	"22698"	"основной вид деятельности"	"2"	"Всего"	"1"	"Всего"	"1"	"37 075 388 000 000"
"Объем выполненных строительных работ (услуг)(Тысяч тенге казахских)"	"2020 год"	"202012"	"РАЙОН САРЫАРКА"	"22698"	"основной вид деятельности"	"2"	"Всего"	"1"	"Всего"	"1"	"40 674 494 000 000"
"Объем выполненных строительных работ (услуг)(Тысяч тенге казахских)"	"2021 год"	"202112"	"РАЙОН САРЫАРКА"	"22698"	"основной вид деятельности"	"2"	"Всего"	"1"	"Всего"	"1"	"44 489 348 000 000"
"Объем выполненных строительных работ (услуг)(Тысяч тенге казахских)"	"2022 год"	"202212"	"РАЙОН САРЫАРКА"	"22698"	"основной вид деятельности"	"2"	"Всего"	"1"	"Всего"	"1"	"53 065 801 000 000"
"Объем выполненных строительных работ (услуг)(Тысяч тенге казахских)"	"2017 год"	"201712"	"РАЙОН САРЫАРКА"	"22698"	"вторичный вид деятельности"	"3"	"Всего"	"1"	"Всего"	"1"	"711 275 000 000"
"Объем выполненных строительных работ (услуг)(Тысяч тенге казахских)"	"2016 год"	"201612"	"РАЙОН САРЫАРКА"	"22698"	"вторичный вид деятельности"	"3"	"Всего"	"1"	"Всего"	"1"	"532 669 000 000"
"Объем выполненных строительных работ (услуг)(Тысяч тенге казахских)"	"2018 год"	"201812"	"РАЙОН САРЫАРКА"	"22698"	"вторичный вид деятельности"	"3"	"Всего"	"1"	"Всего"	"1"	"2 752 396 000 000"
"Объем выполненных строительных работ (услуг)(Тысяч тенге казахских)"	"2019 год"	"201912"	"РАЙОН САРЫАРКА"	"22698"	"вторичный вид деятельности"	"3"	"Всего"	"1"	"Всего"	"1"	"1 106 581 000 000"
"Объем выполненных строительных работ (услуг)(Тысяч тенге казахских)"	"2020 год"	"202012"	"РАЙОН САРЫАРКА"	"22698"	"вторичный вид деятельности"	"3"	"Всего"	"1"	"Всего"	"1"	"3 549 497 000 000"
"Объем выполненных строительных работ (услуг)(Тысяч тенге казахских)"	"2021 год"	"202112"	"РАЙОН САРЫАРКА"	"22698"	"вторичный вид деятельности"	"3"	"Всего"	"1"	"Всего"	"1"	"1 680 427 000 000"
"Объем выполненных строительных работ (услуг)(Тысяч тенге казахских)"	"2022 год"	"202212"	"РАЙОН САРЫАРКА"	"22698"	"вторичный вид деятельности"	"3"	"Всего"	"1"	"Всего"	"1"	"1 417 267 000 000"
"Объем выполненных строительных работ (услуг)(Тысяч тенге казахских)"	"2018 год"	"201812"	"РАЙОН БАЙҚОҢЫР"	"22699"	"Всего"	"1"	"Всего"	"1"	"Всего"	"1"	"21 071 479 000 000"
"Объем выполненных строительных работ (услуг)(Тысяч тенге казахских)"	"2019 год"	"201912"	"РАЙОН БАЙҚОҢЫР"	"22699"	"Всего"	"1"	"Всего"	"1"	"Всего"	"1"	"52 100 151 000 000"
"Объем выполненных строительных работ (услуг)(Тысяч тенге казахских)"	"2020 год"	"202012"	"РАЙОН БАЙҚОҢЫР"	"22699"	"Всего"	"1"	"Всего"	"1"	"Всего"	"1"	"69 759 515 000 000"
"Объем выполненных строительных работ (услуг)(Тысяч тенге казахских)"	"2021 год"	"202112"	"РАЙОН БАЙҚОҢЫР"	"22699"	"Всего"	"1"	"Всего"	"1"	"Всего"	"1"	"73 325 820 000 000"
"Объем выполненных строительных работ (услуг)(Тысяч тенге казахских)"	"2022 год"	"202212"	"РАЙОН БАЙҚОҢЫР"	"22699"	"Всего"	"1"	"Всего"	"1"	"Всего"	"1"	"79 295 301 000 000"
"Объем выполненных строительных работ (услуг)(Тысяч тенге казахских)"	"2018 год"	"201812"	"РАЙОН БАЙҚОҢЫР"	"22699"	"основной вид деятельности"	"2"	"Всего"	"1"	"Всего"	"1"	"19 848 710 000 000"
"Объем выполненных строительных работ (услуг)(Тысяч тенге казахских)"	"2019 год"	"201912"	"РАЙОН БАЙҚОҢЫР"	"22699"	"основной вид деятельности"	"2"	"Всего"	"1"	"Всего"	"1"	"48 985 026 000 000"
"Объем выполненных строительных работ (услуг)(Тысяч тенге казахских)"	"2020 год"	"202012"	"РАЙОН БАЙҚОҢЫР"	"22699"	"основной вид деятельности"	"2"	"Всего"	"1"	"Всего"	"1"	"66 788 991 000 000"
"Объем выполненных строительных работ (услуг)(Тысяч тенге казахских)"	"2021 год"	"202112"	"РАЙОН БАЙҚОҢЫР"	"22699"	"основной вид деятельности"	"2"	"Всего"	"1"	"Всего"	"1"	"71 931 582 000 000"
"Объем выполненных строительных работ (услуг)(Тысяч тенге казахских)"	"2022 год"	"202212"	"РАЙОН БАЙҚОҢЫР"	"22699"	"основной вид деятельности"	"2"	"Всего"	"1"	"Всего"	"1"	"77 146 162 000 000"
"Объем выполненных строительных работ (услуг)(Тысяч тенге казахских)"	"2018 год"	"201812"	"РАЙОН БАЙҚОҢЫР"	"22699"	"вторичный вид деятельности"	"3"	"Всего"	"1"	"Всего"	"1"	"1 222 769 000 000"
"Объем выполненных строительных работ (услуг)(Тысяч тенге казахских)"	"2019 год"	"201912"	"РАЙОН БАЙҚОҢЫР"	"22699"	"вторичный вид деятельности"	"3"	"Всего"	"1"	"Всего"	"1"	"3 115 125 000 000"
"Объем выполненных строительных работ (услуг)(Тысяч тенге казахских)"	"2020 год"	"202012"	"РАЙОН БАЙҚОҢЫР"	"22699"	"вторичный вид деятельности"	"3"	"Всего"	"1"	"Всего"	"1"	"2 970 524 000 000"
"Объем выполненных строительных работ (услуг)(Тысяч тенге казахских)"	"2021 год"	"202112"	"РАЙОН БАЙҚОҢЫР"	"22699"	"вторичный вид деятельности"	"3"	"Всего"	"1"	"Всего"	"1"	"1 394 238 000 000"
"Объем выполненных строительных работ (услуг)(Тысяч тенге казахских)"	"2022 год"	"202212"	"РАЙОН БАЙҚОҢЫР"	"22699"	"вторичный вид деятельности"	"3"	"Всего"	"1"	"Всего"	"1"	"2 149 139 000 000"
"Объем выполненных строительных работ (услуг)(Тысяч тенге казахских)"	"2017 год"	"201712"	"Г.АЛМАТЫ"	"22700"	"Всего"	"1"	"Всего"	"1"	"Всего"	"1"	"315 795 892 000 000"
"Объем выполненных строительных работ (услуг)(Тысяч тенге казахских)"	"2016 год"	"201612"	"Г.АЛМАТЫ"	"22700"	"Всего"	"1"	"Всего"	"1"	"Всего"	"1"	"291 074 234 000 000"
"Объем выполненных строительных работ (услуг)(Тысяч тенге казахских)"	"2018 год"	"201812"	"Г.АЛМАТЫ"	"22700"	"Всего"	"1"	"Всего"	"1"	"Всего"	"1"	"346 131 346 000 000"
"Объем выполненных строительных работ (услуг)(Тысяч тенге казахских)"	"2019 год"	"201912"	"Г.АЛМАТЫ"	"22700"	"Всего"	"1"	"Всего"	"1"	"Всего"	"1"	"364 594 443 000 000"
"Объем выполненных строительных работ (услуг)(Тысяч тенге казахских)"	"2020 год"	"202012"	"Г.АЛМАТЫ"	"22700"	"Всего"	"1"	"Всего"	"1"	"Всего"	"1"	"403 039 416 000 000"
"Объем выполненных строительных работ (услуг)(Тысяч тенге казахских)"	"2021 год"	"202112"	"Г.АЛМАТЫ"	"22700"	"Всего"	"1"	"Всего"	"1"	"Всего"	"1"	"509 109 894 000 000"
"Объем выполненных строительных работ (услуг)(Тысяч тенге казахских)"	"2022 год"	"202212"	"Г.АЛМАТЫ"	"22700"	"Всего"	"1"	"Всего"	"1"	"Всего"	"1"	"567 878 883 000 000"
"Объем выполненных строительных работ (услуг)(Тысяч тенге казахских)"	"2017 год"	"201712"	"Г.АЛМАТЫ"	"22700"	"основной вид деятельности"	"2"	"Всего"	"1"	"Всего"	"1"	"293 070 201 000 000"
"Объем выполненных строительных работ (услуг)(Тысяч тенге казахских)"	"2016 год"	"201612"	"Г.АЛМАТЫ"	"22700"	"основной вид деятельности"	"2"	"Всего"	"1"	"Всего"	"1"	"278 393 196 000 000"
"Объем выполненных строительных работ (услуг)(Тысяч тенге казахских)"	"2018 год"	"201812"	"Г.АЛМАТЫ"	"22700"	"основной вид деятельности"	"2"	"Всего"	"1"	"Всего"	"1"	"326 844 445 000 000"
"Объем выполненных строительных работ (услуг)(Тысяч тенге казахских)"	"2019 год"	"201912"	"Г.АЛМАТЫ"	"22700"	"основной вид деятельности"	"2"	"Всего"	"1"	"Всего"	"1"	"346 493 684 000 000"
"Объем выполненных строительных работ (услуг)(Тысяч тенге казахских)"	"2020 год"	"202012"	"Г.АЛМАТЫ"	"22700"	"основной вид деятельности"	"2"	"Всего"	"1"	"Всего"	"1"	"373 280 869 000 000"
"Объем выполненных строительных работ (услуг)(Тысяч тенге казахских)"	"2021 год"	"202112"	"Г.АЛМАТЫ"	"22700"	"основной вид деятельности"	"2"	"Всего"	"1"	"Всего"	"1"	"461 282 523 000 000"
"Объем выполненных строительных работ (услуг)(Тысяч тенге казахских)"	"2022 год"	"202212"	"Г.АЛМАТЫ"	"22700"	"основной вид деятельности"	"2"	"Всего"	"1"	"Всего"	"1"	"546 648 688 000 000"
"Объем выполненных строительных работ (услуг)(Тысяч тенге казахских)"	"2017 год"	"201712"	"Г.АЛМАТЫ"	"22700"	"вторичный вид деятельности"	"3"	"Всего"	"1"	"Всего"	"1"	"22 725 691 000 000"
"Объем выполненных строительных работ (услуг)(Тысяч тенге казахских)"	"2016 год"	"201612"	"Г.АЛМАТЫ"	"22700"	"вторичный вид деятельности"	"3"	"Всего"	"1"	"Всего"	"1"	"12 681 038 000 000"
"Объем выполненных строительных работ (услуг)(Тысяч тенге казахских)"	"2018 год"	"201812"	"Г.АЛМАТЫ"	"22700"	"вторичный вид деятельности"	"3"	"Всего"	"1"	"Всего"	"1"	"19 286 901 000 000"
"Объем выполненных строительных работ (услуг)(Тысяч тенге казахских)"	"2019 год"	"201912"	"Г.АЛМАТЫ"	"22700"	"вторичный вид деятельности"	"3"	"Всего"	"1"	"Всего"	"1"	"18 100 759 000 000"
"Объем выполненных строительных работ (услуг)(Тысяч тенге казахских)"	"2020 год"	"202012"	"Г.АЛМАТЫ"	"22700"	"вторичный вид деятельности"	"3"	"Всего"	"1"	"Всего"	"1"	"29 758 547 000 000"
"Объем выполненных строительных работ (услуг)(Тысяч тенге казахских)"	"2021 год"	"202112"	"Г.АЛМАТЫ"	"22700"	"вторичный вид деятельности"	"3"	"Всего"	"1"	"Всего"	"1"	"47 827 371 000 000"
"Объем выполненных строительных работ (услуг)(Тысяч тенге казахских)"	"2022 год"	"202212"	"Г.АЛМАТЫ"	"22700"	"вторичный вид деятельности"	"3"	"Всего"	"1"	"Всего"	"1"	"21 230 195 000 000"
"Объем выполненных строительных работ (услуг)(Тысяч тенге казахских)"	"2017 год"	"201712"	"АЛМАЛИНСКИЙ РАЙОН"	"22703"	"Всего"	"1"	"Всего"	"1"	"Всего"	"1"	"37 886 396 000 000"
"Объем выполненных строительных работ (услуг)(Тысяч тенге казахских)"	"2016 год"	"201612"	"АЛМАЛИНСКИЙ РАЙОН"	"22703"	"Всего"	"1"	"Всего"	"1"	"Всего"	"1"	"33 057 720 000 000"
"Объем выполненных строительных работ (услуг)(Тысяч тенге казахских)"	"2018 год"	"201812"	"АЛМАЛИНСКИЙ РАЙОН"	"22703"	"Всего"	"1"	"Всего"	"1"	"Всего"	"1"	"42 393 920 000 000"
"Объем выполненных строительных работ (услуг)(Тысяч тенге казахских)"	"2019 год"	"201912"	"АЛМАЛИНСКИЙ РАЙОН"	"22703"	"Всего"	"1"	"Всего"	"1"	"Всего"	"1"	"46 026 909 000 000"
"Объем выполненных строительных работ (услуг)(Тысяч тенге казахских)"	"2020 год"	"202012"	"АЛМАЛИНСКИЙ РАЙОН"	"22703"	"Всего"	"1"	"Всего"	"1"	"Всего"	"1"	"50 245 735 000 000"
"Объем выполненных строительных работ (услуг)(Тысяч тенге казахских)"	"2021 год"	"202112"	"АЛМАЛИНСКИЙ РАЙОН"	"22703"	"Всего"	"1"	"Всего"	"1"	"Всего"	"1"	"64 985 380 000 000"
"Объем выполненных строительных работ (услуг)(Тысяч тенге казахских)"	"2022 год"	"202212"	"АЛМАЛИНСКИЙ РАЙОН"	"22703"	"Всего"	"1"	"Всего"	"1"	"Всего"	"1"	"70 194 623 000 000"
"Объем выполненных строительных работ (услуг)(Тысяч тенге казахских)"	"2017 год"	"201712"	"АЛМАЛИНСКИЙ РАЙОН"	"22703"	"основной вид деятельности"	"2"	"Всего"	"1"	"Всего"	"1"	"35 824 782 000 000"
"Объем выполненных строительных работ (услуг)(Тысяч тенге казахских)"	"2016 год"	"201612"	"АЛМАЛИНСКИЙ РАЙОН"	"22703"	"основной вид деятельности"	"2"	"Всего"	"1"	"Всего"	"1"	"27 953 823 000 000"
"Объем выполненных строительных работ (услуг)(Тысяч тенге казахских)"	"2018 год"	"201812"	"АЛМАЛИНСКИЙ РАЙОН"	"22703"	"основной вид деятельности"	"2"	"Всего"	"1"	"Всего"	"1"	"40 727 447 000 000"
"Объем выполненных строительных работ (услуг)(Тысяч тенге казахских)"	"2019 год"	"201912"	"АЛМАЛИНСКИЙ РАЙОН"	"22703"	"основной вид деятельности"	"2"	"Всего"	"1"	"Всего"	"1"	"44 268 215 000 000"
"Объем выполненных строительных работ (услуг)(Тысяч тенге казахских)"	"2020 год"	"202012"	"АЛМАЛИНСКИЙ РАЙОН"	"22703"	"основной вид деятельности"	"2"	"Всего"	"1"	"Всего"	"1"	"46 748 405 000 000"
"Объем выполненных строительных работ (услуг)(Тысяч тенге казахских)"	"2021 год"	"202112"	"АЛМАЛИНСКИЙ РАЙОН"	"22703"	"основной вид деятельности"	"2"	"Всего"	"1"	"Всего"	"1"	"62 123 338 000 000"
"Объем выполненных строительных работ (услуг)(Тысяч тенге казахских)"	"2022 год"	"202212"	"АЛМАЛИНСКИЙ РАЙОН"	"22703"	"основной вид деятельности"	"2"	"Всего"	"1"	"Всего"	"1"	"67 482 861 000 000"
"Объем выполненных строительных работ (услуг)(Тысяч тенге казахских)"	"2017 год"	"201712"	"АЛМАЛИНСКИЙ РАЙОН"	"22703"	"вторичный вид деятельности"	"3"	"Всего"	"1"	"Всего"	"1"	"2 061 614 000 000"
"Объем выполненных строительных работ (услуг)(Тысяч тенге казахских)"	"2016 год"	"201612"	"АЛМАЛИНСКИЙ РАЙОН"	"22703"	"вторичный вид деятельности"	"3"	"Всего"	"1"	"Всего"	"1"	"5 103 897 000 000"
"Объем выполненных строительных работ (услуг)(Тысяч тенге казахских)"	"2018 год"	"201812"	"АЛМАЛИНСКИЙ РАЙОН"	"22703"	"вторичный вид деятельности"	"3"	"Всего"	"1"	"Всего"	"1"	"1 666 473 000 000"
"Объем выполненных строительных работ (услуг)(Тысяч тенге казахских)"	"2019 год"	"201912"	"АЛМАЛИНСКИЙ РАЙОН"	"22703"	"вторичный вид деятельности"	"3"	"Всего"	"1"	"Всего"	"1"	"1 758 694 000 000"
"Объем выполненных строительных работ (услуг)(Тысяч тенге казахских)"	"2020 год"	"202012"	"АЛМАЛИНСКИЙ РАЙОН"	"22703"	"вторичный вид деятельности"	"3"	"Всего"	"1"	"Всего"	"1"	"3 497 330 000 000"
"Объем выполненных строительных работ (услуг)(Тысяч тенге казахских)"	"2021 год"	"202112"	"АЛМАЛИНСКИЙ РАЙОН"	"22703"	"вторичный вид деятельности"	"3"	"Всего"	"1"	"Всего"	"1"	"2 862 042 000 000"
"Объем выполненных строительных работ (услуг)(Тысяч тенге казахских)"	"2022 год"	"202212"	"АЛМАЛИНСКИЙ РАЙОН"	"22703"	"вторичный вид деятельности"	"3"	"Всего"	"1"	"Всего"	"1"	"2 711 762 000 000"
"Объем выполненных строительных работ (услуг)(Тысяч тенге казахских)"	"2017 год"	"201712"	"АЛАТАУСКИЙ РАЙОН"	"22705"	"Всего"	"1"	"Всего"	"1"	"Всего"	"1"	"50 986 816 000 000"
"Объем выполненных строительных работ (услуг)(Тысяч тенге казахских)"	"2016 год"	"201612"	"АЛАТАУСКИЙ РАЙОН"	"22705"	"Всего"	"1"	"Всего"	"1"	"Всего"	"1"	"41 519 310 000 000"
"Объем выполненных строительных работ (услуг)(Тысяч тенге казахских)"	"2018 год"	"201812"	"АЛАТАУСКИЙ РАЙОН"	"22705"	"Всего"	"1"	"Всего"	"1"	"Всего"	"1"	"55 527 917 000 000"
"Объем выполненных строительных работ (услуг)(Тысяч тенге казахских)"	"2019 год"	"201912"	"АЛАТАУСКИЙ РАЙОН"	"22705"	"Всего"	"1"	"Всего"	"1"	"Всего"	"1"	"58 858 600 000 000"
"Объем выполненных строительных работ (услуг)(Тысяч тенге казахских)"	"2020 год"	"202012"	"АЛАТАУСКИЙ РАЙОН"	"22705"	"Всего"	"1"	"Всего"	"1"	"Всего"	"1"	"66 432 458 000 000"
"Объем выполненных строительных работ (услуг)(Тысяч тенге казахских)"	"2021 год"	"202112"	"АЛАТАУСКИЙ РАЙОН"	"22705"	"Всего"	"1"	"Всего"	"1"	"Всего"	"1"	"40 819 198 000 000"
"Объем выполненных строительных работ (услуг)(Тысяч тенге казахских)"	"2022 год"	"202212"	"АЛАТАУСКИЙ РАЙОН"	"22705"	"Всего"	"1"	"Всего"	"1"	"Всего"	"1"	"75 630 159 000 000"
"Объем выполненных строительных работ (услуг)(Тысяч тенге казахских)"	"2017 год"	"201712"	"АЛАТАУСКИЙ РАЙОН"	"22705"	"основной вид деятельности"	"2"	"Всего"	"1"	"Всего"	"1"	"48 149 751 000 000"
"Объем выполненных строительных работ (услуг)(Тысяч тенге казахских)"	"2016 год"	"201612"	"АЛАТАУСКИЙ РАЙОН"	"22705"	"основной вид деятельности"	"2"	"Всего"	"1"	"Всего"	"1"	"36 722 746 000 000"
"Объем выполненных строительных работ (услуг)(Тысяч тенге казахских)"	"2018 год"	"201812"	"АЛАТАУСКИЙ РАЙОН"	"22705"	"основной вид деятельности"	"2"	"Всего"	"1"	"Всего"	"1"	"50 769 704 000 000"
"Объем выполненных строительных работ (услуг)(Тысяч тенге казахских)"	"2019 год"	"201912"	"АЛАТАУСКИЙ РАЙОН"	"22705"	"основной вид деятельности"	"2"	"Всего"	"1"	"Всего"	"1"	"55 345 075 000 000"
"Объем выполненных строительных работ (услуг)(Тысяч тенге казахских)"	"2020 год"	"202012"	"АЛАТАУСКИЙ РАЙОН"	"22705"	"основной вид деятельности"	"2"	"Всего"	"1"	"Всего"	"1"	"62 592 194 000 000"
"Объем выполненных строительных работ (услуг)(Тысяч тенге казахских)"	"2021 год"	"202112"	"АЛАТАУСКИЙ РАЙОН"	"22705"	"основной вид деятельности"	"2"	"Всего"	"1"	"Всего"	"1"	"37 544 773 000 000"
"Объем выполненных строительных работ (услуг)(Тысяч тенге казахских)"	"2022 год"	"202212"	"АЛАТАУСКИЙ РАЙОН"	"22705"	"основной вид деятельности"	"2"	"Всего"	"1"	"Всего"	"1"	"72 689 882 000 000"
"Объем выполненных строительных работ (услуг)(Тысяч тенге казахских)"	"2017 год"	"201712"	"АЛАТАУСКИЙ РАЙОН"	"22705"	"вторичный вид деятельности"	"3"	"Всего"	"1"	"Всего"	"1"	"2 837 065 000 000"
"Объем выполненных строительных работ (услуг)(Тысяч тенге казахских)"	"2016 год"	"201612"	"АЛАТАУСКИЙ РАЙОН"	"22705"	"вторичный вид деятельности"	"3"	"Всего"	"1"	"Всего"	"1"	"4 796 564 000 000"
"Объем выполненных строительных работ (услуг)(Тысяч тенге казахских)"	"2018 год"	"201812"	"АЛАТАУСКИЙ РАЙОН"	"22705"	"вторичный вид деятельности"	"3"	"Всего"	"1"	"Всего"	"1"	"4 758 213 000 000"
"Объем выполненных строительных работ (услуг)(Тысяч тенге казахских)"	"2019 год"	"201912"	"АЛАТАУСКИЙ РАЙОН"	"22705"	"вторичный вид деятельности"	"3"	"Всего"	"1"	"Всего"	"1"	"3 513 525 000 000"
"Объем выполненных строительных работ (услуг)(Тысяч тенге казахских)"	"2020 год"	"202012"	"АЛАТАУСКИЙ РАЙОН"	"22705"	"вторичный вид деятельности"	"3"	"Всего"	"1"	"Всего"	"1"	"3 840 264 000 000"
"Объем выполненных строительных работ (услуг)(Тысяч тенге казахских)"	"2021 год"	"202112"	"АЛАТАУСКИЙ РАЙОН"	"22705"	"вторичный вид деятельности"	"3"	"Всего"	"1"	"Всего"	"1"	"3 274 425 000 000"
"Объем выполненных строительных работ (услуг)(Тысяч тенге казахских)"	"2022 год"	"202212"	"АЛАТАУСКИЙ РАЙОН"	"22705"	"вторичный вид деятельности"	"3"	"Всего"	"1"	"Всего"	"1"	"2 940 277 000 000"
"Объем выполненных строительных работ (услуг)(Тысяч тенге казахских)"	"2017 год"	"201712"	"АУЭЗОВСКИЙ РАЙОН"	"22707"	"Всего"	"1"	"Всего"	"1"	"Всего"	"1"	"34 854 067 000 000"
"Объем выполненных строительных работ (услуг)(Тысяч тенге казахских)"	"2016 год"	"201612"	"АУЭЗОВСКИЙ РАЙОН"	"22707"	"Всего"	"1"	"Всего"	"1"	"Всего"	"1"	"38 351 904 000 000"
"Объем выполненных строительных работ (услуг)(Тысяч тенге казахских)"	"2018 год"	"201812"	"АУЭЗОВСКИЙ РАЙОН"	"22707"	"Всего"	"1"	"Всего"	"1"	"Всего"	"1"	"44 787 446 000 000"
"Объем выполненных строительных работ (услуг)(Тысяч тенге казахских)"	"2019 год"	"201912"	"АУЭЗОВСКИЙ РАЙОН"	"22707"	"Всего"	"1"	"Всего"	"1"	"Всего"	"1"	"46 658 951 000 000"
"Объем выполненных строительных работ (услуг)(Тысяч тенге казахских)"	"2020 год"	"202012"	"АУЭЗОВСКИЙ РАЙОН"	"22707"	"Всего"	"1"	"Всего"	"1"	"Всего"	"1"	"46 835 584 000 000"
"Объем выполненных строительных работ (услуг)(Тысяч тенге казахских)"	"2021 год"	"202112"	"АУЭЗОВСКИЙ РАЙОН"	"22707"	"Всего"	"1"	"Всего"	"1"	"Всего"	"1"	"63 264 740 000 000"
"Объем выполненных строительных работ (услуг)(Тысяч тенге казахских)"	"2022 год"	"202212"	"АУЭЗОВСКИЙ РАЙОН"	"22707"	"Всего"	"1"	"Всего"	"1"	"Всего"	"1"	"55 585 694 000 000"
"Объем выполненных строительных работ (услуг)(Тысяч тенге казахских)"	"2017 год"	"201712"	"АУЭЗОВСКИЙ РАЙОН"	"22707"	"основной вид деятельности"	"2"	"Всего"	"1"	"Всего"	"1"	"34 052 613 000 000"
"Объем выполненных строительных работ (услуг)(Тысяч тенге казахских)"	"2016 год"	"201612"	"АУЭЗОВСКИЙ РАЙОН"	"22707"	"основной вид деятельности"	"2"	"Всего"	"1"	"Всего"	"1"	"38 069 555 000 000"
"Объем выполненных строительных работ (услуг)(Тысяч тенге казахских)"	"2018 год"	"201812"	"АУЭЗОВСКИЙ РАЙОН"	"22707"	"основной вид деятельности"	"2"	"Всего"	"1"	"Всего"	"1"	"42 480 387 000 000"
"Объем выполненных строительных работ (услуг)(Тысяч тенге казахских)"	"2019 год"	"201912"	"АУЭЗОВСКИЙ РАЙОН"	"22707"	"основной вид деятельности"	"2"	"Всего"	"1"	"Всего"	"1"	"42 999 809 000 000"
"Объем выполненных строительных работ (услуг)(Тысяч тенге казахских)"	"2020 год"	"202012"	"АУЭЗОВСКИЙ РАЙОН"	"22707"	"основной вид деятельности"	"2"	"Всего"	"1"	"Всего"	"1"	"43 321 557 000 000"
"Объем выполненных строительных работ (услуг)(Тысяч тенге казахских)"	"2021 год"	"202112"	"АУЭЗОВСКИЙ РАЙОН"	"22707"	"основной вид деятельности"	"2"	"Всего"	"1"	"Всего"	"1"	"58 193 868 000 000"
"Объем выполненных строительных работ (услуг)(Тысяч тенге казахских)"	"2022 год"	"202212"	"АУЭЗОВСКИЙ РАЙОН"	"22707"	"основной вид деятельности"	"2"	"Всего"	"1"	"Всего"	"1"	"51 220 309 000 000"
"Объем выполненных строительных работ (услуг)(Тысяч тенге казахских)"	"2017 год"	"201712"	"АУЭЗОВСКИЙ РАЙОН"	"22707"	"вторичный вид деятельности"	"3"	"Всего"	"1"	"Всего"	"1"	"801 454 000 000"
"Объем выполненных строительных работ (услуг)(Тысяч тенге казахских)"	"2016 год"	"201612"	"АУЭЗОВСКИЙ РАЙОН"	"22707"	"вторичный вид деятельности"	"3"	"Всего"	"1"	"Всего"	"1"	"282 349 000 000"
"Объем выполненных строительных работ (услуг)(Тысяч тенге казахских)"	"2018 год"	"201812"	"АУЭЗОВСКИЙ РАЙОН"	"22707"	"вторичный вид деятельности"	"3"	"Всего"	"1"	"Всего"	"1"	"2 307 059 000 000"
"Объем выполненных строительных работ (услуг)(Тысяч тенге казахских)"	"2019 год"	"201912"	"АУЭЗОВСКИЙ РАЙОН"	"22707"	"вторичный вид деятельности"	"3"	"Всего"	"1"	"Всего"	"1"	"3 659 142 000 000"
"Объем выполненных строительных работ (услуг)(Тысяч тенге казахских)"	"2020 год"	"202012"	"АУЭЗОВСКИЙ РАЙОН"	"22707"	"вторичный вид деятельности"	"3"	"Всего"	"1"	"Всего"	"1"	"3 514 027 000 000"
"Объем выполненных строительных работ (услуг)(Тысяч тенге казахских)"	"2021 год"	"202112"	"АУЭЗОВСКИЙ РАЙОН"	"22707"	"вторичный вид деятельности"	"3"	"Всего"	"1"	"Всего"	"1"	"5 070 872 000 000"
"Объем выполненных строительных работ (услуг)(Тысяч тенге казахских)"	"2022 год"	"202212"	"АУЭЗОВСКИЙ РАЙОН"	"22707"	"вторичный вид деятельности"	"3"	"Всего"	"1"	"Всего"	"1"	"4 365 385 000 000"
"Объем выполненных строительных работ (услуг)(Тысяч тенге казахских)"	"2017 год"	"201712"	"БОСТАНДЫКСКИЙ РАЙОН"	"22709"	"Всего"	"1"	"Всего"	"1"	"Всего"	"1"	"66 802 978 000 000"
"Объем выполненных строительных работ (услуг)(Тысяч тенге казахских)"	"2016 год"	"201612"	"БОСТАНДЫКСКИЙ РАЙОН"	"22709"	"Всего"	"1"	"Всего"	"1"	"Всего"	"1"	"78 455 070 000 000"
"Объем выполненных строительных работ (услуг)(Тысяч тенге казахских)"	"2018 год"	"201812"	"БОСТАНДЫКСКИЙ РАЙОН"	"22709"	"Всего"	"1"	"Всего"	"1"	"Всего"	"1"	"78 089 914 000 000"
"Объем выполненных строительных работ (услуг)(Тысяч тенге казахских)"	"2019 год"	"201912"	"БОСТАНДЫКСКИЙ РАЙОН"	"22709"	"Всего"	"1"	"Всего"	"1"	"Всего"	"1"	"91 028 750 000 000"
"Объем выполненных строительных работ (услуг)(Тысяч тенге казахских)"	"2020 год"	"202012"	"БОСТАНДЫКСКИЙ РАЙОН"	"22709"	"Всего"	"1"	"Всего"	"1"	"Всего"	"1"	"75 732 394 000 000"
"Объем выполненных строительных работ (услуг)(Тысяч тенге казахских)"	"2021 год"	"202112"	"БОСТАНДЫКСКИЙ РАЙОН"	"22709"	"Всего"	"1"	"Всего"	"1"	"Всего"	"1"	"108 732 156 000 000"
"Объем выполненных строительных работ (услуг)(Тысяч тенге казахских)"	"2022 год"	"202212"	"БОСТАНДЫКСКИЙ РАЙОН"	"22709"	"Всего"	"1"	"Всего"	"1"	"Всего"	"1"	"117 681 670 000 000"
"Объем выполненных строительных работ (услуг)(Тысяч тенге казахских)"	"2017 год"	"201712"	"БОСТАНДЫКСКИЙ РАЙОН"	"22709"	"основной вид деятельности"	"2"	"Всего"	"1"	"Всего"	"1"	"63 084 770 000 000"
"Объем выполненных строительных работ (услуг)(Тысяч тенге казахских)"	"2016 год"	"201612"	"БОСТАНДЫКСКИЙ РАЙОН"	"22709"	"основной вид деятельности"	"2"	"Всего"	"1"	"Всего"	"1"	"78 222 049 000 000"
"Объем выполненных строительных работ (услуг)(Тысяч тенге казахских)"	"2018 год"	"201812"	"БОСТАНДЫКСКИЙ РАЙОН"	"22709"	"основной вид деятельности"	"2"	"Всего"	"1"	"Всего"	"1"	"73 993 643 000 000"
"Объем выполненных строительных работ (услуг)(Тысяч тенге казахских)"	"2019 год"	"201912"	"БОСТАНДЫКСКИЙ РАЙОН"	"22709"	"основной вид деятельности"	"2"	"Всего"	"1"	"Всего"	"1"	"86 282 871 000 000"
"Объем выполненных строительных работ (услуг)(Тысяч тенге казахских)"	"2020 год"	"202012"	"БОСТАНДЫКСКИЙ РАЙОН"	"22709"	"основной вид деятельности"	"2"	"Всего"	"1"	"Всего"	"1"	"67 149 709 000 000"
"Объем выполненных строительных работ (услуг)(Тысяч тенге казахских)"	"2021 год"	"202112"	"БОСТАНДЫКСКИЙ РАЙОН"	"22709"	"основной вид деятельности"	"2"	"Всего"	"1"	"Всего"	"1"	"94 116 097 000 000"
"Объем выполненных строительных работ (услуг)(Тысяч тенге казахских)"	"2022 год"	"202212"	"БОСТАНДЫКСКИЙ РАЙОН"	"22709"	"основной вид деятельности"	"2"	"Всего"	"1"	"Всего"	"1"	"112 366 702 000 000"
"Объем выполненных строительных работ (услуг)(Тысяч тенге казахских)"	"2017 год"	"201712"	"БОСТАНДЫКСКИЙ РАЙОН"	"22709"	"вторичный вид деятельности"	"3"	"Всего"	"1"	"Всего"	"1"	"3 718 208 000 000"
"Объем выполненных строительных работ (услуг)(Тысяч тенге казахских)"	"2016 год"	"201612"	"БОСТАНДЫКСКИЙ РАЙОН"	"22709"	"вторичный вид деятельности"	"3"	"Всего"	"1"	"Всего"	"1"	"233 021 000 000"
"Объем выполненных строительных работ (услуг)(Тысяч тенге казахских)"	"2018 год"	"201812"	"БОСТАНДЫКСКИЙ РАЙОН"	"22709"	"вторичный вид деятельности"	"3"	"Всего"	"1"	"Всего"	"1"	"4 096 271 000 000"
"Объем выполненных строительных работ (услуг)(Тысяч тенге казахских)"	"2019 год"	"201912"	"БОСТАНДЫКСКИЙ РАЙОН"	"22709"	"вторичный вид деятельности"	"3"	"Всего"	"1"	"Всего"	"1"	"4 745 879 000 000"
"Объем выполненных строительных работ (услуг)(Тысяч тенге казахских)"	"2020 год"	"202012"	"БОСТАНДЫКСКИЙ РАЙОН"	"22709"	"вторичный вид деятельности"	"3"	"Всего"	"1"	"Всего"	"1"	"8 582 685 000 000"
"Объем выполненных строительных работ (услуг)(Тысяч тенге казахских)"	"2021 год"	"202112"	"БОСТАНДЫКСКИЙ РАЙОН"	"22709"	"вторичный вид деятельности"	"3"	"Всего"	"1"	"Всего"	"1"	"14 616 059 000 000"
"Объем выполненных строительных работ (услуг)(Тысяч тенге казахских)"	"2022 год"	"202212"	"БОСТАНДЫКСКИЙ РАЙОН"	"22709"	"вторичный вид деятельности"	"3"	"Всего"	"1"	"Всего"	"1"	"5 314 968 000 000"
"Объем выполненных строительных работ (услуг)(Тысяч тенге казахских)"	"2017 год"	"201712"	"ЖЕТЫСУСКИЙ РАЙОН"	"22711"	"Всего"	"1"	"Всего"	"1"	"Всего"	"1"	"19 664 818 000 000"
"Объем выполненных строительных работ (услуг)(Тысяч тенге казахских)"	"2016 год"	"201612"	"ЖЕТЫСУСКИЙ РАЙОН"	"22711"	"Всего"	"1"	"Всего"	"1"	"Всего"	"1"	"27 451 375 000 000"
"Объем выполненных строительных работ (услуг)(Тысяч тенге казахских)"	"2018 год"	"201812"	"ЖЕТЫСУСКИЙ РАЙОН"	"22711"	"Всего"	"1"	"Всего"	"1"	"Всего"	"1"	"16 349 104 000 000"
"Объем выполненных строительных работ (услуг)(Тысяч тенге казахских)"	"2019 год"	"201912"	"ЖЕТЫСУСКИЙ РАЙОН"	"22711"	"Всего"	"1"	"Всего"	"1"	"Всего"	"1"	"17 794 324 000 000"
"Объем выполненных строительных работ (услуг)(Тысяч тенге казахских)"	"2020 год"	"202012"	"ЖЕТЫСУСКИЙ РАЙОН"	"22711"	"Всего"	"1"	"Всего"	"1"	"Всего"	"1"	"19 427 864 000 000"
"Объем выполненных строительных работ (услуг)(Тысяч тенге казахских)"	"2021 год"	"202112"	"ЖЕТЫСУСКИЙ РАЙОН"	"22711"	"Всего"	"1"	"Всего"	"1"	"Всего"	"1"	"35 397 123 000 000"
"Объем выполненных строительных работ (услуг)(Тысяч тенге казахских)"	"2022 год"	"202212"	"ЖЕТЫСУСКИЙ РАЙОН"	"22711"	"Всего"	"1"	"Всего"	"1"	"Всего"	"1"	"38 005 531 000 000"
"Объем выполненных строительных работ (услуг)(Тысяч тенге казахских)"	"2017 год"	"201712"	"ЖЕТЫСУСКИЙ РАЙОН"	"22711"	"основной вид деятельности"	"2"	"Всего"	"1"	"Всего"	"1"	"18 512 945 000 000"
"Объем выполненных строительных работ (услуг)(Тысяч тенге казахских)"	"2016 год"	"201612"	"ЖЕТЫСУСКИЙ РАЙОН"	"22711"	"основной вид деятельности"	"2"	"Всего"	"1"	"Всего"	"1"	"26 797 671 000 000"
"Объем выполненных строительных работ (услуг)(Тысяч тенге казахских)"	"2018 год"	"201812"	"ЖЕТЫСУСКИЙ РАЙОН"	"22711"	"основной вид деятельности"	"2"	"Всего"	"1"	"Всего"	"1"	"15 545 319 000 000"
"Объем выполненных строительных работ (услуг)(Тысяч тенге казахских)"	"2019 год"	"201912"	"ЖЕТЫСУСКИЙ РАЙОН"	"22711"	"основной вид деятельности"	"2"	"Всего"	"1"	"Всего"	"1"	"17 092 363 000 000"
"Объем выполненных строительных работ (услуг)(Тысяч тенге казахских)"	"2020 год"	"202012"	"ЖЕТЫСУСКИЙ РАЙОН"	"22711"	"основной вид деятельности"	"2"	"Всего"	"1"	"Всего"	"1"	"15 576 362 000 000"
"Объем выполненных строительных работ (услуг)(Тысяч тенге казахских)"	"2021 год"	"202112"	"ЖЕТЫСУСКИЙ РАЙОН"	"22711"	"основной вид деятельности"	"2"	"Всего"	"1"	"Всего"	"1"	"27 855 542 000 000"
"Объем выполненных строительных работ (услуг)(Тысяч тенге казахских)"	"2022 год"	"202212"	"ЖЕТЫСУСКИЙ РАЙОН"	"22711"	"основной вид деятельности"	"2"	"Всего"	"1"	"Всего"	"1"	"36 943 983 000 000"
"Объем выполненных строительных работ (услуг)(Тысяч тенге казахских)"	"2017 год"	"201712"	"ЖЕТЫСУСКИЙ РАЙОН"	"22711"	"вторичный вид деятельности"	"3"	"Всего"	"1"	"Всего"	"1"	"1 151 873 000 000"
"Объем выполненных строительных работ (услуг)(Тысяч тенге казахских)"	"2016 год"	"201612"	"ЖЕТЫСУСКИЙ РАЙОН"	"22711"	"вторичный вид деятельности"	"3"	"Всего"	"1"	"Всего"	"1"	"653 704 000 000"
"Объем выполненных строительных работ (услуг)(Тысяч тенге казахских)"	"2018 год"	"201812"	"ЖЕТЫСУСКИЙ РАЙОН"	"22711"	"вторичный вид деятельности"	"3"	"Всего"	"1"	"Всего"	"1"	"803 785 000 000"
"Объем выполненных строительных работ (услуг)(Тысяч тенге казахских)"	"2019 год"	"201912"	"ЖЕТЫСУСКИЙ РАЙОН"	"22711"	"вторичный вид деятельности"	"3"	"Всего"	"1"	"Всего"	"1"	"701 961 000 000"
"Объем выполненных строительных работ (услуг)(Тысяч тенге казахских)"	"2020 год"	"202012"	"ЖЕТЫСУСКИЙ РАЙОН"	"22711"	"вторичный вид деятельности"	"3"	"Всего"	"1"	"Всего"	"1"	"3 851 502 000 000"
"Объем выполненных строительных работ (услуг)(Тысяч тенге казахских)"	"2021 год"	"202112"	"ЖЕТЫСУСКИЙ РАЙОН"	"22711"	"вторичный вид деятельности"	"3"	"Всего"	"1"	"Всего"	"1"	"7 541 581 000 000"
"Объем выполненных строительных работ (услуг)(Тысяч тенге казахских)"	"2022 год"	"202212"	"ЖЕТЫСУСКИЙ РАЙОН"	"22711"	"вторичный вид деятельности"	"3"	"Всего"	"1"	"Всего"	"1"	"1 061 548 000 000"
"Объем выполненных строительных работ (услуг)(Тысяч тенге казахских)"	"2017 год"	"201712"	"МЕДЕУСКИЙ РАЙОН"	"22713"	"Всего"	"1"	"Всего"	"1"	"Всего"	"1"	"42 864 143 000 000"
"Объем выполненных строительных работ (услуг)(Тысяч тенге казахских)"	"2016 год"	"201612"	"МЕДЕУСКИЙ РАЙОН"	"22713"	"Всего"	"1"	"Всего"	"1"	"Всего"	"1"	"44 878 248 000 000"
"Объем выполненных строительных работ (услуг)(Тысяч тенге казахских)"	"2018 год"	"201812"	"МЕДЕУСКИЙ РАЙОН"	"22713"	"Всего"	"1"	"Всего"	"1"	"Всего"	"1"	"58 039 098 000 000"
"Объем выполненных строительных работ (услуг)(Тысяч тенге казахских)"	"2019 год"	"201912"	"МЕДЕУСКИЙ РАЙОН"	"22713"	"Всего"	"1"	"Всего"	"1"	"Всего"	"1"	"56 597 473 000 000"
"Объем выполненных строительных работ (услуг)(Тысяч тенге казахских)"	"2020 год"	"202012"	"МЕДЕУСКИЙ РАЙОН"	"22713"	"Всего"	"1"	"Всего"	"1"	"Всего"	"1"	"57 098 522 000 000"
"Объем выполненных строительных работ (услуг)(Тысяч тенге казахских)"	"2021 год"	"202112"	"МЕДЕУСКИЙ РАЙОН"	"22713"	"Всего"	"1"	"Всего"	"1"	"Всего"	"1"	"65 752 748 000 000"
"Объем выполненных строительных работ (услуг)(Тысяч тенге казахских)"	"2022 год"	"202212"	"МЕДЕУСКИЙ РАЙОН"	"22713"	"Всего"	"1"	"Всего"	"1"	"Всего"	"1"	"66 332 765 000 000"
"Объем выполненных строительных работ (услуг)(Тысяч тенге казахских)"	"2017 год"	"201712"	"МЕДЕУСКИЙ РАЙОН"	"22713"	"основной вид деятельности"	"2"	"Всего"	"1"	"Всего"	"1"	"39 668 505 000 000"
"Объем выполненных строительных работ (услуг)(Тысяч тенге казахских)"	"2016 год"	"201612"	"МЕДЕУСКИЙ РАЙОН"	"22713"	"основной вид деятельности"	"2"	"Всего"	"1"	"Всего"	"1"	"43 873 888 000 000"
"Объем выполненных строительных работ (услуг)(Тысяч тенге казахских)"	"2018 год"	"201812"	"МЕДЕУСКИЙ РАЙОН"	"22713"	"основной вид деятельности"	"2"	"Всего"	"1"	"Всего"	"1"	"55 631 689 000 000"
"Объем выполненных строительных работ (услуг)(Тысяч тенге казахских)"	"2019 год"	"201912"	"МЕДЕУСКИЙ РАЙОН"	"22713"	"основной вид деятельности"	"2"	"Всего"	"1"	"Всего"	"1"	"54 866 677 000 000"
"Объем выполненных строительных работ (услуг)(Тысяч тенге казахских)"	"2020 год"	"202012"	"МЕДЕУСКИЙ РАЙОН"	"22713"	"основной вид деятельности"	"2"	"Всего"	"1"	"Всего"	"1"	"54 415 192 000 000"
"Объем выполненных строительных работ (услуг)(Тысяч тенге казахских)"	"2021 год"	"202112"	"МЕДЕУСКИЙ РАЙОН"	"22713"	"основной вид деятельности"	"2"	"Всего"	"1"	"Всего"	"1"	"62 376 768 000 000"
"Объем выполненных строительных работ (услуг)(Тысяч тенге казахских)"	"2022 год"	"202212"	"МЕДЕУСКИЙ РАЙОН"	"22713"	"основной вид деятельности"	"2"	"Всего"	"1"	"Всего"	"1"	"63 891 229 000 000"
"Объем выполненных строительных работ (услуг)(Тысяч тенге казахских)"	"2017 год"	"201712"	"МЕДЕУСКИЙ РАЙОН"	"22713"	"вторичный вид деятельности"	"3"	"Всего"	"1"	"Всего"	"1"	"3 195 638 000 000"
"Объем выполненных строительных работ (услуг)(Тысяч тенге казахских)"	"2016 год"	"201612"	"МЕДЕУСКИЙ РАЙОН"	"22713"	"вторичный вид деятельности"	"3"	"Всего"	"1"	"Всего"	"1"	"1 004 360 000 000"
"Объем выполненных строительных работ (услуг)(Тысяч тенге казахских)"	"2018 год"	"201812"	"МЕДЕУСКИЙ РАЙОН"	"22713"	"вторичный вид деятельности"	"3"	"Всего"	"1"	"Всего"	"1"	"2 407 409 000 000"
"Объем выполненных строительных работ (услуг)(Тысяч тенге казахских)"	"2019 год"	"201912"	"МЕДЕУСКИЙ РАЙОН"	"22713"	"вторичный вид деятельности"	"3"	"Всего"	"1"	"Всего"	"1"	"1 730 796 000 000"
"Объем выполненных строительных работ (услуг)(Тысяч тенге казахских)"	"2020 год"	"202012"	"МЕДЕУСКИЙ РАЙОН"	"22713"	"вторичный вид деятельности"	"3"	"Всего"	"1"	"Всего"	"1"	"2 683 330 000 000"
"Объем выполненных строительных работ (услуг)(Тысяч тенге казахских)"	"2021 год"	"202112"	"МЕДЕУСКИЙ РАЙОН"	"22713"	"вторичный вид деятельности"	"3"	"Всего"	"1"	"Всего"	"1"	"3 375 980 000 000"
"Объем выполненных строительных работ (услуг)(Тысяч тенге казахских)"	"2022 год"	"202212"	"МЕДЕУСКИЙ РАЙОН"	"22713"	"вторичный вид деятельности"	"3"	"Всего"	"1"	"Всего"	"1"	"2 441 536 000 000"
"Объем выполненных строительных работ (услуг)(Тысяч тенге казахских)"	"2017 год"	"201712"	"НАУРЫЗБАЙСКИЙ РАЙОН"	"22714"	"Всего"	"1"	"Всего"	"1"	"Всего"	"1"	"26 373 153 000 000"
"Объем выполненных строительных работ (услуг)(Тысяч тенге казахских)"	"2016 год"	"201612"	"НАУРЫЗБАЙСКИЙ РАЙОН"	"22714"	"Всего"	"1"	"Всего"	"1"	"Всего"	"1"	"5 630 287 000 000"
"Объем выполненных строительных работ (услуг)(Тысяч тенге казахских)"	"2018 год"	"201812"	"НАУРЫЗБАЙСКИЙ РАЙОН"	"22714"	"Всего"	"1"	"Всего"	"1"	"Всего"	"1"	"27 899 084 000 000"
"Объем выполненных строительных работ (услуг)(Тысяч тенге казахских)"	"2019 год"	"201912"	"НАУРЫЗБАЙСКИЙ РАЙОН"	"22714"	"Всего"	"1"	"Всего"	"1"	"Всего"	"1"	"28 435 278 000 000"
"Объем выполненных строительных работ (услуг)(Тысяч тенге казахских)"	"2020 год"	"202012"	"НАУРЫЗБАЙСКИЙ РАЙОН"	"22714"	"Всего"	"1"	"Всего"	"1"	"Всего"	"1"	"60 386 492 000 000"
"Объем выполненных строительных работ (услуг)(Тысяч тенге казахских)"	"2021 год"	"202112"	"НАУРЫЗБАЙСКИЙ РАЙОН"	"22714"	"Всего"	"1"	"Всего"	"1"	"Всего"	"1"	"74 452 145 000 000"
"Объем выполненных строительных работ (услуг)(Тысяч тенге казахских)"	"2022 год"	"202212"	"НАУРЫЗБАЙСКИЙ РАЙОН"	"22714"	"Всего"	"1"	"Всего"	"1"	"Всего"	"1"	"76 098 699 000 000"
"Объем выполненных строительных работ (услуг)(Тысяч тенге казахских)"	"2017 год"	"201712"	"НАУРЫЗБАЙСКИЙ РАЙОН"	"22714"	"основной вид деятельности"	"2"	"Всего"	"1"	"Всего"	"1"	"18 005 598 000 000"
"Объем выполненных строительных работ (услуг)(Тысяч тенге казахских)"	"2016 год"	"201612"	"НАУРЫЗБАЙСКИЙ РАЙОН"	"22714"	"основной вид деятельности"	"2"	"Всего"	"1"	"Всего"	"1"	"5 465 243 000 000"
"Объем выполненных строительных работ (услуг)(Тысяч тенге казахских)"	"2018 год"	"201812"	"НАУРЫЗБАЙСКИЙ РАЙОН"	"22714"	"основной вид деятельности"	"2"	"Всего"	"1"	"Всего"	"1"	"27 004 542 000 000"
"Объем выполненных строительных работ (услуг)(Тысяч тенге казахских)"	"2019 год"	"201912"	"НАУРЫЗБАЙСКИЙ РАЙОН"	"22714"	"основной вид деятельности"	"2"	"Всего"	"1"	"Всего"	"1"	"27 987 444 000 000"
"Объем выполненных строительных работ (услуг)(Тысяч тенге казахских)"	"2020 год"	"202012"	"НАУРЫЗБАЙСКИЙ РАЙОН"	"22714"	"основной вид деятельности"	"2"	"Всего"	"1"	"Всего"	"1"	"58 983 014 000 000"
"Объем выполненных строительных работ (услуг)(Тысяч тенге казахских)"	"2021 год"	"202112"	"НАУРЫЗБАЙСКИЙ РАЙОН"	"22714"	"основной вид деятельности"	"2"	"Всего"	"1"	"Всего"	"1"	"71 190 424 000 000"
"Объем выполненных строительных работ (услуг)(Тысяч тенге казахских)"	"2022 год"	"202212"	"НАУРЫЗБАЙСКИЙ РАЙОН"	"22714"	"основной вид деятельности"	"2"	"Всего"	"1"	"Всего"	"1"	"74 619 844 000 000"
"Объем выполненных строительных работ (услуг)(Тысяч тенге казахских)"	"2017 год"	"201712"	"НАУРЫЗБАЙСКИЙ РАЙОН"	"22714"	"вторичный вид деятельности"	"3"	"Всего"	"1"	"Всего"	"1"	"8 367 555 000 000"
"Объем выполненных строительных работ (услуг)(Тысяч тенге казахских)"	"2016 год"	"201612"	"НАУРЫЗБАЙСКИЙ РАЙОН"	"22714"	"вторичный вид деятельности"	"3"	"Всего"	"1"	"Всего"	"1"	"165 044 000 000"
"Объем выполненных строительных работ (услуг)(Тысяч тенге казахских)"	"2018 год"	"201812"	"НАУРЫЗБАЙСКИЙ РАЙОН"	"22714"	"вторичный вид деятельности"	"3"	"Всего"	"1"	"Всего"	"1"	"894 542 000 000"
"Объем выполненных строительных работ (услуг)(Тысяч тенге казахских)"	"2019 год"	"201912"	"НАУРЫЗБАЙСКИЙ РАЙОН"	"22714"	"вторичный вид деятельности"	"3"	"Всего"	"1"	"Всего"	"1"	"447 834 000 000"
"Объем выполненных строительных работ (услуг)(Тысяч тенге казахских)"	"2020 год"	"202012"	"НАУРЫЗБАЙСКИЙ РАЙОН"	"22714"	"вторичный вид деятельности"	"3"	"Всего"	"1"	"Всего"	"1"	"1 403 478 000 000"
"Объем выполненных строительных работ (услуг)(Тысяч тенге казахских)"	"2021 год"	"202112"	"НАУРЫЗБАЙСКИЙ РАЙОН"	"22714"	"вторичный вид деятельности"	"3"	"Всего"	"1"	"Всего"	"1"	"3 261 721 000 000"
"Объем выполненных строительных работ (услуг)(Тысяч тенге казахских)"	"2022 год"	"202212"	"НАУРЫЗБАЙСКИЙ РАЙОН"	"22714"	"вторичный вид деятельности"	"3"	"Всего"	"1"	"Всего"	"1"	"1 478 855 000 000"
"Объем выполненных строительных работ (услуг)(Тысяч тенге казахских)"	"2017 год"	"201712"	"ТУРКСИБСКИЙ РАЙОН"	"22716"	"Всего"	"1"	"Всего"	"1"	"Всего"	"1"	"36 363 521 000 000"
"Объем выполненных строительных работ (услуг)(Тысяч тенге казахских)"	"2016 год"	"201612"	"ТУРКСИБСКИЙ РАЙОН"	"22716"	"Всего"	"1"	"Всего"	"1"	"Всего"	"1"	"21 730 320 000 000"
"Объем выполненных строительных работ (услуг)(Тысяч тенге казахских)"	"2018 год"	"201812"	"ТУРКСИБСКИЙ РАЙОН"	"22716"	"Всего"	"1"	"Всего"	"1"	"Всего"	"1"	"23 044 863 000 000"
"Объем выполненных строительных работ (услуг)(Тысяч тенге казахских)"	"2019 год"	"201912"	"ТУРКСИБСКИЙ РАЙОН"	"22716"	"Всего"	"1"	"Всего"	"1"	"Всего"	"1"	"19 194 158 000 000"
"Объем выполненных строительных работ (услуг)(Тысяч тенге казахских)"	"2020 год"	"202012"	"ТУРКСИБСКИЙ РАЙОН"	"22716"	"Всего"	"1"	"Всего"	"1"	"Всего"	"1"	"26 880 367 000 000"
"Объем выполненных строительных работ (услуг)(Тысяч тенге казахских)"	"2021 год"	"202112"	"ТУРКСИБСКИЙ РАЙОН"	"22716"	"Всего"	"1"	"Всего"	"1"	"Всего"	"1"	"55 706 404 000 000"
"Объем выполненных строительных работ (услуг)(Тысяч тенге казахских)"	"2022 год"	"202212"	"ТУРКСИБСКИЙ РАЙОН"	"22716"	"Всего"	"1"	"Всего"	"1"	"Всего"	"1"	"68 349 742 000 000"
"Объем выполненных строительных работ (услуг)(Тысяч тенге казахских)"	"2017 год"	"201712"	"ТУРКСИБСКИЙ РАЙОН"	"22716"	"основной вид деятельности"	"2"	"Всего"	"1"	"Всего"	"1"	"35 771 237 000 000"
"Объем выполненных строительных работ (услуг)(Тысяч тенге казахских)"	"2016 год"	"201612"	"ТУРКСИБСКИЙ РАЙОН"	"22716"	"основной вид деятельности"	"2"	"Всего"	"1"	"Всего"	"1"	"21 288 221 000 000"
"Объем выполненных строительных работ (услуг)(Тысяч тенге казахских)"	"2018 год"	"201812"	"ТУРКСИБСКИЙ РАЙОН"	"22716"	"основной вид деятельности"	"2"	"Всего"	"1"	"Всего"	"1"	"20 691 714 000 000"
"Объем выполненных строительных работ (услуг)(Тысяч тенге казахских)"	"2019 год"	"201912"	"ТУРКСИБСКИЙ РАЙОН"	"22716"	"основной вид деятельности"	"2"	"Всего"	"1"	"Всего"	"1"	"17 651 230 000 000"
"Объем выполненных строительных работ (услуг)(Тысяч тенге казахских)"	"2020 год"	"202012"	"ТУРКСИБСКИЙ РАЙОН"	"22716"	"основной вид деятельности"	"2"	"Всего"	"1"	"Всего"	"1"	"24 494 436 000 000"
"Объем выполненных строительных работ (услуг)(Тысяч тенге казахских)"	"2021 год"	"202112"	"ТУРКСИБСКИЙ РАЙОН"	"22716"	"основной вид деятельности"	"2"	"Всего"	"1"	"Всего"	"1"	"47 881 713 000 000"
"Объем выполненных строительных работ (услуг)(Тысяч тенге казахских)"	"2022 год"	"202212"	"ТУРКСИБСКИЙ РАЙОН"	"22716"	"основной вид деятельности"	"2"	"Всего"	"1"	"Всего"	"1"	"67 433 878 000 000"
"Объем выполненных строительных работ (услуг)(Тысяч тенге казахских)"	"2017 год"	"201712"	"ТУРКСИБСКИЙ РАЙОН"	"22716"	"вторичный вид деятельности"	"3"	"Всего"	"1"	"Всего"	"1"	"592 284 000 000"
"Объем выполненных строительных работ (услуг)(Тысяч тенге казахских)"	"2016 год"	"201612"	"ТУРКСИБСКИЙ РАЙОН"	"22716"	"вторичный вид деятельности"	"3"	"Всего"	"1"	"Всего"	"1"	"442 099 000 000"
"Объем выполненных строительных работ (услуг)(Тысяч тенге казахских)"	"2018 год"	"201812"	"ТУРКСИБСКИЙ РАЙОН"	"22716"	"вторичный вид деятельности"	"3"	"Всего"	"1"	"Всего"	"1"	"2 353 149 000 000"
"Объем выполненных строительных работ (услуг)(Тысяч тенге казахских)"	"2019 год"	"201912"	"ТУРКСИБСКИЙ РАЙОН"	"22716"	"вторичный вид деятельности"	"3"	"Всего"	"1"	"Всего"	"1"	"1 542 928 000 000"
"Объем выполненных строительных работ (услуг)(Тысяч тенге казахских)"	"2020 год"	"202012"	"ТУРКСИБСКИЙ РАЙОН"	"22716"	"вторичный вид деятельности"	"3"	"Всего"	"1"	"Всего"	"1"	"2 385 931 000 000"
"Объем выполненных строительных работ (услуг)(Тысяч тенге казахских)"	"2021 год"	"202112"	"ТУРКСИБСКИЙ РАЙОН"	"22716"	"вторичный вид деятельности"	"3"	"Всего"	"1"	"Всего"	"1"	"7 824 691 000 000"
"Объем выполненных строительных работ (услуг)(Тысяч тенге казахских)"	"2022 год"	"202212"	"ТУРКСИБСКИЙ РАЙОН"	"22716"	"вторичный вид деятельности"	"3"	"Всего"	"1"	"Всего"	"1"	"915 864 000 000"
"Объем выполненных строительных работ (услуг)(Тысяч тенге казахских)"	"2018 год"	"201812"	"Г.ШЫМКЕНТ"	"22717"	"Всего"	"1"	"Всего"	"1"	"Всего"	"1"	"227 269 029 000 000"
"Объем выполненных строительных работ (услуг)(Тысяч тенге казахских)"	"2019 год"	"201912"	"Г.ШЫМКЕНТ"	"22717"	"Всего"	"1"	"Всего"	"1"	"Всего"	"1"	"87 632 990 000 000"
"Объем выполненных строительных работ (услуг)(Тысяч тенге казахских)"	"2020 год"	"202012"	"Г.ШЫМКЕНТ"	"22717"	"Всего"	"1"	"Всего"	"1"	"Всего"	"1"	"125 854 098 000 000"
"Объем выполненных строительных работ (услуг)(Тысяч тенге казахских)"	"2021 год"	"202112"	"Г.ШЫМКЕНТ"	"22717"	"Всего"	"1"	"Всего"	"1"	"Всего"	"1"	"155 955 280 000 000"
"Объем выполненных строительных работ (услуг)(Тысяч тенге казахских)"	"2022 год"	"202212"	"Г.ШЫМКЕНТ"	"22717"	"Всего"	"1"	"Всего"	"1"	"Всего"	"1"	"219 433 148 000 000"
"Объем выполненных строительных работ (услуг)(Тысяч тенге казахских)"	"2018 год"	"201812"	"Г.ШЫМКЕНТ"	"22717"	"основной вид деятельности"	"2"	"Всего"	"1"	"Всего"	"1"	"224 349 192 000 000"
"Объем выполненных строительных работ (услуг)(Тысяч тенге казахских)"	"2019 год"	"201912"	"Г.ШЫМКЕНТ"	"22717"	"основной вид деятельности"	"2"	"Всего"	"1"	"Всего"	"1"	"77 548 688 000 000"
"Объем выполненных строительных работ (услуг)(Тысяч тенге казахских)"	"2020 год"	"202012"	"Г.ШЫМКЕНТ"	"22717"	"основной вид деятельности"	"2"	"Всего"	"1"	"Всего"	"1"	"113 782 405 000 000"
"Объем выполненных строительных работ (услуг)(Тысяч тенге казахских)"	"2021 год"	"202112"	"Г.ШЫМКЕНТ"	"22717"	"основной вид деятельности"	"2"	"Всего"	"1"	"Всего"	"1"	"140 124 559 000 000"
"Объем выполненных строительных работ (услуг)(Тысяч тенге казахских)"	"2022 год"	"202212"	"Г.ШЫМКЕНТ"	"22717"	"основной вид деятельности"	"2"	"Всего"	"1"	"Всего"	"1"	"200 873 621 000 000"
"Объем выполненных строительных работ (услуг)(Тысяч тенге казахских)"	"2018 год"	"201812"	"Г.ШЫМКЕНТ"	"22717"	"вторичный вид деятельности"	"3"	"Всего"	"1"	"Всего"	"1"	"2 919 837 000 000"
"Объем выполненных строительных работ (услуг)(Тысяч тенге казахских)"	"2019 год"	"201912"	"Г.ШЫМКЕНТ"	"22717"	"вторичный вид деятельности"	"3"	"Всего"	"1"	"Всего"	"1"	"10 084 302 000 000"
"Объем выполненных строительных работ (услуг)(Тысяч тенге казахских)"	"2020 год"	"202012"	"Г.ШЫМКЕНТ"	"22717"	"вторичный вид деятельности"	"3"	"Всего"	"1"	"Всего"	"1"	"12 071 693 000 000"
"Объем выполненных строительных работ (услуг)(Тысяч тенге казахских)"	"2021 год"	"202112"	"Г.ШЫМКЕНТ"	"22717"	"вторичный вид деятельности"	"3"	"Всего"	"1"	"Всего"	"1"	"15 830 721 000 000"
"Объем выполненных строительных работ (услуг)(Тысяч тенге казахских)"	"2022 год"	"202212"	"Г.ШЫМКЕНТ"	"22717"	"вторичный вид деятельности"	"3"	"Всего"	"1"	"Всего"	"1"	"18 559 527 000 000"
"Объем выполненных строительных работ (услуг)(Тысяч тенге казахских)"	"2018 год"	"201812"	"АБАЙСКИЙ РАЙОН"	"22718"	"Всего"	"1"	"Всего"	"1"	"Всего"	"1"	"8 070 006 000 000"
"Объем выполненных строительных работ (услуг)(Тысяч тенге казахских)"	"2019 год"	"201912"	"АБАЙСКИЙ РАЙОН"	"22718"	"Всего"	"1"	"Всего"	"1"	"Всего"	"1"	"12 476 390 000 000"
"Объем выполненных строительных работ (услуг)(Тысяч тенге казахских)"	"2020 год"	"202012"	"АБАЙСКИЙ РАЙОН"	"22718"	"Всего"	"1"	"Всего"	"1"	"Всего"	"1"	"25 426 272 000 000"
"Объем выполненных строительных работ (услуг)(Тысяч тенге казахских)"	"2021 год"	"202112"	"АБАЙСКИЙ РАЙОН"	"22718"	"Всего"	"1"	"Всего"	"1"	"Всего"	"1"	"48 893 050 000 000"
"Объем выполненных строительных работ (услуг)(Тысяч тенге казахских)"	"2022 год"	"202212"	"АБАЙСКИЙ РАЙОН"	"22718"	"Всего"	"1"	"Всего"	"1"	"Всего"	"1"	"47 583 413 000 000"
"Объем выполненных строительных работ (услуг)(Тысяч тенге казахских)"	"2018 год"	"201812"	"АБАЙСКИЙ РАЙОН"	"22718"	"основной вид деятельности"	"2"	"Всего"	"1"	"Всего"	"1"	"7 763 942 000 000"
"Объем выполненных строительных работ (услуг)(Тысяч тенге казахских)"	"2019 год"	"201912"	"АБАЙСКИЙ РАЙОН"	"22718"	"основной вид деятельности"	"2"	"Всего"	"1"	"Всего"	"1"	"11 818 422 000 000"
"Объем выполненных строительных работ (услуг)(Тысяч тенге казахских)"	"2020 год"	"202012"	"АБАЙСКИЙ РАЙОН"	"22718"	"основной вид деятельности"	"2"	"Всего"	"1"	"Всего"	"1"	"21 226 272 000 000"
"Объем выполненных строительных работ (услуг)(Тысяч тенге казахских)"	"2021 год"	"202112"	"АБАЙСКИЙ РАЙОН"	"22718"	"основной вид деятельности"	"2"	"Всего"	"1"	"Всего"	"1"	"44 107 025 000 000"
"Объем выполненных строительных работ (услуг)(Тысяч тенге казахских)"	"2022 год"	"202212"	"АБАЙСКИЙ РАЙОН"	"22718"	"основной вид деятельности"	"2"	"Всего"	"1"	"Всего"	"1"	"45 095 117 000 000"
"Объем выполненных строительных работ (услуг)(Тысяч тенге казахских)"	"2018 год"	"201812"	"АБАЙСКИЙ РАЙОН"	"22718"	"вторичный вид деятельности"	"3"	"Всего"	"1"	"Всего"	"1"	"306 064 000 000"
"Объем выполненных строительных работ (услуг)(Тысяч тенге казахских)"	"2019 год"	"201912"	"АБАЙСКИЙ РАЙОН"	"22718"	"вторичный вид деятельности"	"3"	"Всего"	"1"	"Всего"	"1"	"657 968 000 000"
"Объем выполненных строительных работ (услуг)(Тысяч тенге казахских)"	"2020 год"	"202012"	"АБАЙСКИЙ РАЙОН"	"22718"	"вторичный вид деятельности"	"3"	"Всего"	"1"	"Всего"	"1"	"4 200 000 000 000"
"Объем выполненных строительных работ (услуг)(Тысяч тенге казахских)"	"2021 год"	"202112"	"АБАЙСКИЙ РАЙОН"	"22718"	"вторичный вид деятельности"	"3"	"Всего"	"1"	"Всего"	"1"	"4 786 025 000 000"
"Объем выполненных строительных работ (услуг)(Тысяч тенге казахских)"	"2022 год"	"202212"	"АБАЙСКИЙ РАЙОН"	"22718"	"вторичный вид деятельности"	"3"	"Всего"	"1"	"Всего"	"1"	"2 488 296 000 000"
"Объем выполненных строительных работ (услуг)(Тысяч тенге казахских)"	"2018 год"	"201812"	"АЛЬ-ФАРАБИЙСКИЙ РАЙОН"	"22719"	"Всего"	"1"	"Всего"	"1"	"Всего"	"1"	"9 863 395 000 000"
"Объем выполненных строительных работ (услуг)(Тысяч тенге казахских)"	"2019 год"	"201912"	"АЛЬ-ФАРАБИЙСКИЙ РАЙОН"	"22719"	"Всего"	"1"	"Всего"	"1"	"Всего"	"1"	"7 409 383 000 000"
"Объем выполненных строительных работ (услуг)(Тысяч тенге казахских)"	"2020 год"	"202012"	"АЛЬ-ФАРАБИЙСКИЙ РАЙОН"	"22719"	"Всего"	"1"	"Всего"	"1"	"Всего"	"1"	"14 832 880 000 000"
"Объем выполненных строительных работ (услуг)(Тысяч тенге казахских)"	"2021 год"	"202112"	"АЛЬ-ФАРАБИЙСКИЙ РАЙОН"	"22719"	"Всего"	"1"	"Всего"	"1"	"Всего"	"1"	"15 411 581 000 000"
"Объем выполненных строительных работ (услуг)(Тысяч тенге казахских)"	"2022 год"	"202212"	"АЛЬ-ФАРАБИЙСКИЙ РАЙОН"	"22719"	"Всего"	"1"	"Всего"	"1"	"Всего"	"1"	"23 261 030 000 000"
"Объем выполненных строительных работ (услуг)(Тысяч тенге казахских)"	"2018 год"	"201812"	"АЛЬ-ФАРАБИЙСКИЙ РАЙОН"	"22719"	"основной вид деятельности"	"2"	"Всего"	"1"	"Всего"	"1"	"9 385 813 000 000"
"Объем выполненных строительных работ (услуг)(Тысяч тенге казахских)"	"2019 год"	"201912"	"АЛЬ-ФАРАБИЙСКИЙ РАЙОН"	"22719"	"основной вид деятельности"	"2"	"Всего"	"1"	"Всего"	"1"	"6 228 513 000 000"
"Объем выполненных строительных работ (услуг)(Тысяч тенге казахских)"	"2020 год"	"202012"	"АЛЬ-ФАРАБИЙСКИЙ РАЙОН"	"22719"	"основной вид деятельности"	"2"	"Всего"	"1"	"Всего"	"1"	"14 351 954 000 000"
"Объем выполненных строительных работ (услуг)(Тысяч тенге казахских)"	"2021 год"	"202112"	"АЛЬ-ФАРАБИЙСКИЙ РАЙОН"	"22719"	"основной вид деятельности"	"2"	"Всего"	"1"	"Всего"	"1"	"13 538 160 000 000"
"Объем выполненных строительных работ (услуг)(Тысяч тенге казахских)"	"2022 год"	"202212"	"АЛЬ-ФАРАБИЙСКИЙ РАЙОН"	"22719"	"основной вид деятельности"	"2"	"Всего"	"1"	"Всего"	"1"	"22 614 455 000 000"
"Объем выполненных строительных работ (услуг)(Тысяч тенге казахских)"	"2018 год"	"201812"	"АЛЬ-ФАРАБИЙСКИЙ РАЙОН"	"22719"	"вторичный вид деятельности"	"3"	"Всего"	"1"	"Всего"	"1"	"477 582 000 000"
"Объем выполненных строительных работ (услуг)(Тысяч тенге казахских)"	"2019 год"	"201912"	"АЛЬ-ФАРАБИЙСКИЙ РАЙОН"	"22719"	"вторичный вид деятельности"	"3"	"Всего"	"1"	"Всего"	"1"	"1 180 870 000 000"
"Объем выполненных строительных работ (услуг)(Тысяч тенге казахских)"	"2020 год"	"202012"	"АЛЬ-ФАРАБИЙСКИЙ РАЙОН"	"22719"	"вторичный вид деятельности"	"3"	"Всего"	"1"	"Всего"	"1"	"480 926 000 000"
"Объем выполненных строительных работ (услуг)(Тысяч тенге казахских)"	"2021 год"	"202112"	"АЛЬ-ФАРАБИЙСКИЙ РАЙОН"	"22719"	"вторичный вид деятельности"	"3"	"Всего"	"1"	"Всего"	"1"	"1 873 421 000 000"
"Объем выполненных строительных работ (услуг)(Тысяч тенге казахских)"	"2022 год"	"202212"	"АЛЬ-ФАРАБИЙСКИЙ РАЙОН"	"22719"	"вторичный вид деятельности"	"3"	"Всего"	"1"	"Всего"	"1"	"646 575 000 000"
"Объем выполненных строительных работ (услуг)(Тысяч тенге казахских)"	"2018 год"	"201812"	"ЕНБЕКШИНСКИЙ РАЙОН"	"22720"	"Всего"	"1"	"Всего"	"1"	"Всего"	"1"	"194 090 040 000 000"
"Объем выполненных строительных работ (услуг)(Тысяч тенге казахских)"	"2019 год"	"201912"	"ЕНБЕКШИНСКИЙ РАЙОН"	"22720"	"Всего"	"1"	"Всего"	"1"	"Всего"	"1"	"21 460 585 000 000"
"Объем выполненных строительных работ (услуг)(Тысяч тенге казахских)"	"2020 год"	"202012"	"ЕНБЕКШИНСКИЙ РАЙОН"	"22720"	"Всего"	"1"	"Всего"	"1"	"Всего"	"1"	"20 308 200 000 000"
"Объем выполненных строительных работ (услуг)(Тысяч тенге казахских)"	"2021 год"	"202112"	"ЕНБЕКШИНСКИЙ РАЙОН"	"22720"	"Всего"	"1"	"Всего"	"1"	"Всего"	"1"	"33 014 333 000 000"
"Объем выполненных строительных работ (услуг)(Тысяч тенге казахских)"	"2022 год"	"202212"	"ЕНБЕКШИНСКИЙ РАЙОН"	"22720"	"Всего"	"1"	"Всего"	"1"	"Всего"	"1"	"48 907 986 000 000"
"Объем выполненных строительных работ (услуг)(Тысяч тенге казахских)"	"2018 год"	"201812"	"ЕНБЕКШИНСКИЙ РАЙОН"	"22720"	"основной вид деятельности"	"2"	"Всего"	"1"	"Всего"	"1"	"193 288 686 000 000"
"Объем выполненных строительных работ (услуг)(Тысяч тенге казахских)"	"2019 год"	"201912"	"ЕНБЕКШИНСКИЙ РАЙОН"	"22720"	"основной вид деятельности"	"2"	"Всего"	"1"	"Всего"	"1"	"18 285 361 000 000"
"Объем выполненных строительных работ (услуг)(Тысяч тенге казахских)"	"2020 год"	"202012"	"ЕНБЕКШИНСКИЙ РАЙОН"	"22720"	"основной вид деятельности"	"2"	"Всего"	"1"	"Всего"	"1"	"18 205 633 000 000"
"Объем выполненных строительных работ (услуг)(Тысяч тенге казахских)"	"2021 год"	"202112"	"ЕНБЕКШИНСКИЙ РАЙОН"	"22720"	"основной вид деятельности"	"2"	"Всего"	"1"	"Всего"	"1"	"29 275 634 000 000"
"Объем выполненных строительных работ (услуг)(Тысяч тенге казахских)"	"2022 год"	"202212"	"ЕНБЕКШИНСКИЙ РАЙОН"	"22720"	"основной вид деятельности"	"2"	"Всего"	"1"	"Всего"	"1"	"41 763 613 000 000"
"Объем выполненных строительных работ (услуг)(Тысяч тенге казахских)"	"2018 год"	"201812"	"ЕНБЕКШИНСКИЙ РАЙОН"	"22720"	"вторичный вид деятельности"	"3"	"Всего"	"1"	"Всего"	"1"	"801 354 000 000"
"Объем выполненных строительных работ (услуг)(Тысяч тенге казахских)"	"2019 год"	"201912"	"ЕНБЕКШИНСКИЙ РАЙОН"	"22720"	"вторичный вид деятельности"	"3"	"Всего"	"1"	"Всего"	"1"	"3 175 224 000 000"
"Объем выполненных строительных работ (услуг)(Тысяч тенге казахских)"	"2020 год"	"202012"	"ЕНБЕКШИНСКИЙ РАЙОН"	"22720"	"вторичный вид деятельности"	"3"	"Всего"	"1"	"Всего"	"1"	"2 102 567 000 000"
"Объем выполненных строительных работ (услуг)(Тысяч тенге казахских)"	"2021 год"	"202112"	"ЕНБЕКШИНСКИЙ РАЙОН"	"22720"	"вторичный вид деятельности"	"3"	"Всего"	"1"	"Всего"	"1"	"3 738 699 000 000"
"Объем выполненных строительных работ (услуг)(Тысяч тенге казахских)"	"2022 год"	"202212"	"ЕНБЕКШИНСКИЙ РАЙОН"	"22720"	"вторичный вид деятельности"	"3"	"Всего"	"1"	"Всего"	"1"	"7 144 373 000 000"
"Объем выполненных строительных работ (услуг)(Тысяч тенге казахских)"	"2018 год"	"201812"	"КАРАТАУСКИЙ РАЙОН"	"22721"	"Всего"	"1"	"Всего"	"1"	"Всего"	"1"	"15 245 588 000 000"
"Объем выполненных строительных работ (услуг)(Тысяч тенге казахских)"	"2019 год"	"201912"	"КАРАТАУСКИЙ РАЙОН"	"22721"	"Всего"	"1"	"Всего"	"1"	"Всего"	"1"	"46 286 632 000 000"
"Объем выполненных строительных работ (услуг)(Тысяч тенге казахских)"	"2020 год"	"202012"	"КАРАТАУСКИЙ РАЙОН"	"22721"	"Всего"	"1"	"Всего"	"1"	"Всего"	"1"	"65 286 746 000 000"
"Объем выполненных строительных работ (услуг)(Тысяч тенге казахских)"	"2021 год"	"202112"	"КАРАТАУСКИЙ РАЙОН"	"22721"	"Всего"	"1"	"Всего"	"1"	"Всего"	"1"	"58 636 316 000 000"
"Объем выполненных строительных работ (услуг)(Тысяч тенге казахских)"	"2022 год"	"202212"	"КАРАТАУСКИЙ РАЙОН"	"22721"	"Всего"	"1"	"Всего"	"1"	"Всего"	"1"	"99 680 719 000 000"
"Объем выполненных строительных работ (услуг)(Тысяч тенге казахских)"	"2018 год"	"201812"	"КАРАТАУСКИЙ РАЙОН"	"22721"	"основной вид деятельности"	"2"	"Всего"	"1"	"Всего"	"1"	"13 910 751 000 000"
"Объем выполненных строительных работ (услуг)(Тысяч тенге казахских)"	"2019 год"	"201912"	"КАРАТАУСКИЙ РАЙОН"	"22721"	"основной вид деятельности"	"2"	"Всего"	"1"	"Всего"	"1"	"41 216 392 000 000"
"Объем выполненных строительных работ (услуг)(Тысяч тенге казахских)"	"2020 год"	"202012"	"КАРАТАУСКИЙ РАЙОН"	"22721"	"основной вид деятельности"	"2"	"Всего"	"1"	"Всего"	"1"	"59 998 546 000 000"
"Объем выполненных строительных работ (услуг)(Тысяч тенге казахских)"	"2021 год"	"202112"	"КАРАТАУСКИЙ РАЙОН"	"22721"	"основной вид деятельности"	"2"	"Всего"	"1"	"Всего"	"1"	"53 203 740 000 000"
"Объем выполненных строительных работ (услуг)(Тысяч тенге казахских)"	"2022 год"	"202212"	"КАРАТАУСКИЙ РАЙОН"	"22721"	"основной вид деятельности"	"2"	"Всего"	"1"	"Всего"	"1"	"91 400 436 000 000"
"Объем выполненных строительных работ (услуг)(Тысяч тенге казахских)"	"2018 год"	"201812"	"КАРАТАУСКИЙ РАЙОН"	"22721"	"вторичный вид деятельности"	"3"	"Всего"	"1"	"Всего"	"1"	"1 334 837 000 000"
"Объем выполненных строительных работ (услуг)(Тысяч тенге казахских)"	"2019 год"	"201912"	"КАРАТАУСКИЙ РАЙОН"	"22721"	"вторичный вид деятельности"	"3"	"Всего"	"1"	"Всего"	"1"	"5 070 240 000 000"
"Объем выполненных строительных работ (услуг)(Тысяч тенге казахских)"	"2020 год"	"202012"	"КАРАТАУСКИЙ РАЙОН"	"22721"	"вторичный вид деятельности"	"3"	"Всего"	"1"	"Всего"	"1"	"5 288 200 000 000"
"Объем выполненных строительных работ (услуг)(Тысяч тенге казахских)"	"2021 год"	"202112"	"КАРАТАУСКИЙ РАЙОН"	"22721"	"вторичный вид деятельности"	"3"	"Всего"	"1"	"Всего"	"1"	"5 432 576 000 000"
"Объем выполненных строительных работ (услуг)(Тысяч тенге казахских)"	"2022 год"	"202212"	"КАРАТАУСКИЙ РАЙОН"	"22721"	"вторичный вид деятельности"	"3"	"Всего"	"1"	"Всего"	"1"	"8 280 283 000 000"
