"NAM"	"DAT"	"PERIOD"	"КАТО(по отчету)"	"LКАТО(по отчету)"	"СПТМ (по отчету)"	"LСПТМ (по отчету)"	"КФС(по каталогу)"	"LКФС(по каталогу)"	"ГСГТПЕ"	"LГСГТПЕ"	"ГКОФ"	"LГКОФ"	"VAL"
"Общая площадь введенных в эксплуатацию жилых зданий(Метр квадратный)"	"2021 год"	"202112"	""	""	""	""	""	""	""	""	""	""	"20 976"
"Общая площадь введенных в эксплуатацию жилых зданий(Метр квадратный)"	"2022 год"	"202212"	""	""	""	""	""	""	""	""	""	""	"30 124"
"Общая площадь введенных в эксплуатацию жилых зданий(Метр квадратный)"	"2022 год"	"202212"	""	""	""	""	""	""	""	""	""	""	"3 200"
"Общая площадь введенных в эксплуатацию жилых зданий(Метр квадратный)"	"2022 год"	"202212"	""	""	""	""	""	""	""	""	""	""	"7 934"
"Общая площадь введенных в эксплуатацию жилых зданий(Метр квадратный)"	"2021 год"	"202112"	""	""	""	""	""	""	""	""	""	""	"20 976"
"Общая площадь введенных в эксплуатацию жилых зданий(Метр квадратный)"	"2022 год"	"202212"	""	""	""	""	""	""	""	""	""	""	"30 124"
"Общая площадь введенных в эксплуатацию жилых зданий(Метр квадратный)"	"2022 год"	"202212"	""	""	""	""	""	""	""	""	""	""	"3 200"
"Общая площадь введенных в эксплуатацию жилых зданий(Метр квадратный)"	"2022 год"	"202212"	""	""	""	""	""	""	""	""	""	""	"7 934"
"Общая площадь введенных в эксплуатацию жилых зданий(Метр квадратный)"	"2016 год"	"201612"	"РЕСПУБЛИКА КАЗАХСТАН"	"1"	"Всего"	"1"	"Всего"	"1"	"Всего"	"1"	"Всего"	"1"	"10 512 659"
"Общая площадь введенных в эксплуатацию жилых зданий(Метр квадратный)"	"2020 год"	"202012"	"РЕСПУБЛИКА КАЗАХСТАН"	"1"	"Всего"	"1"	"Всего"	"1"	"Всего"	"1"	"Всего"	"1"	"15 331 905"
"Общая площадь введенных в эксплуатацию жилых зданий(Метр квадратный)"	"2014 год"	"201412"	"РЕСПУБЛИКА КАЗАХСТАН"	"1"	"Всего"	"1"	"Всего"	"1"	"Всего"	"1"	"Всего"	"1"	"7 516 480"
"Общая площадь введенных в эксплуатацию жилых зданий(Метр квадратный)"	"2019 год"	"201912"	"РЕСПУБЛИКА КАЗАХСТАН"	"1"	"Всего"	"1"	"Всего"	"1"	"Всего"	"1"	"Всего"	"1"	"13 125 782"
"Общая площадь введенных в эксплуатацию жилых зданий(Метр квадратный)"	"2015 год"	"201512"	"РЕСПУБЛИКА КАЗАХСТАН"	"1"	"Всего"	"1"	"Всего"	"1"	"Всего"	"1"	"Всего"	"1"	"8 939 883"
"Общая площадь введенных в эксплуатацию жилых зданий(Метр квадратный)"	"2017 год"	"201712"	"РЕСПУБЛИКА КАЗАХСТАН"	"1"	"Всего"	"1"	"Всего"	"1"	"Всего"	"1"	"Всего"	"1"	"11 167 967"
"Общая площадь введенных в эксплуатацию жилых зданий(Метр квадратный)"	"2018 год"	"201812"	"РЕСПУБЛИКА КАЗАХСТАН"	"1"	"Всего"	"1"	"Всего"	"1"	"Всего"	"1"	"Всего"	"1"	"12 520 794"
"Общая площадь введенных в эксплуатацию жилых зданий(Метр квадратный)"	"2021 год"	"202112"	"РЕСПУБЛИКА КАЗАХСТАН"	"1"	"Всего"	"1"	"Всего"	"1"	"Всего"	"1"	"Всего"	"1"	"16 909 981"
"Общая площадь введенных в эксплуатацию жилых зданий(Метр квадратный)"	"2022 год"	"202212"	"РЕСПУБЛИКА КАЗАХСТАН"	"1"	"Всего"	"1"	"Всего"	"1"	"Всего"	"1"	"Всего"	"1"	"15 666 527"
"Общая площадь введенных в эксплуатацию жилых зданий(Метр квадратный)"	"2016 год"	"201612"	"РЕСПУБЛИКА КАЗАХСТАН"	"1"	"городская местность"	"2"	"Всего"	"1"	"Всего"	"1"	"Всего"	"1"	"7 680 424"
"Общая площадь введенных в эксплуатацию жилых зданий(Метр квадратный)"	"2020 год"	"202012"	"РЕСПУБЛИКА КАЗАХСТАН"	"1"	"городская местность"	"2"	"Всего"	"1"	"Всего"	"1"	"Всего"	"1"	"11 837 656"
"Общая площадь введенных в эксплуатацию жилых зданий(Метр квадратный)"	"2014 год"	"201412"	"РЕСПУБЛИКА КАЗАХСТАН"	"1"	"городская местность"	"2"	"Всего"	"1"	"Всего"	"1"	"Всего"	"1"	"5 472 025"
"Общая площадь введенных в эксплуатацию жилых зданий(Метр квадратный)"	"2019 год"	"201912"	"РЕСПУБЛИКА КАЗАХСТАН"	"1"	"городская местность"	"2"	"Всего"	"1"	"Всего"	"1"	"Всего"	"1"	"9 923 554"
"Общая площадь введенных в эксплуатацию жилых зданий(Метр квадратный)"	"2015 год"	"201512"	"РЕСПУБЛИКА КАЗАХСТАН"	"1"	"городская местность"	"2"	"Всего"	"1"	"Всего"	"1"	"Всего"	"1"	"6 500 316"
"Общая площадь введенных в эксплуатацию жилых зданий(Метр квадратный)"	"2017 год"	"201712"	"РЕСПУБЛИКА КАЗАХСТАН"	"1"	"городская местность"	"2"	"Всего"	"1"	"Всего"	"1"	"Всего"	"1"	"8 751 655"
"Общая площадь введенных в эксплуатацию жилых зданий(Метр квадратный)"	"2018 год"	"201812"	"РЕСПУБЛИКА КАЗАХСТАН"	"1"	"городская местность"	"2"	"Всего"	"1"	"Всего"	"1"	"Всего"	"1"	"9 640 562"
"Общая площадь введенных в эксплуатацию жилых зданий(Метр квадратный)"	"2021 год"	"202112"	"РЕСПУБЛИКА КАЗАХСТАН"	"1"	"городская местность"	"2"	"Всего"	"1"	"Всего"	"1"	"Всего"	"1"	"13 194 591"
"Общая площадь введенных в эксплуатацию жилых зданий(Метр квадратный)"	"2022 год"	"202212"	"РЕСПУБЛИКА КАЗАХСТАН"	"1"	"городская местность"	"2"	"Всего"	"1"	"Всего"	"1"	"Всего"	"1"	"12 335 045"
"Общая площадь введенных в эксплуатацию жилых зданий(Метр квадратный)"	"2016 год"	"201612"	"РЕСПУБЛИКА КАЗАХСТАН"	"1"	"сельская местность"	"3"	"Всего"	"1"	"Всего"	"1"	"Всего"	"1"	"2 832 235"
"Общая площадь введенных в эксплуатацию жилых зданий(Метр квадратный)"	"2020 год"	"202012"	"РЕСПУБЛИКА КАЗАХСТАН"	"1"	"сельская местность"	"3"	"Всего"	"1"	"Всего"	"1"	"Всего"	"1"	"3 494 249"
"Общая площадь введенных в эксплуатацию жилых зданий(Метр квадратный)"	"2014 год"	"201412"	"РЕСПУБЛИКА КАЗАХСТАН"	"1"	"сельская местность"	"3"	"Всего"	"1"	"Всего"	"1"	"Всего"	"1"	"2 044 455"
"Общая площадь введенных в эксплуатацию жилых зданий(Метр квадратный)"	"2019 год"	"201912"	"РЕСПУБЛИКА КАЗАХСТАН"	"1"	"сельская местность"	"3"	"Всего"	"1"	"Всего"	"1"	"Всего"	"1"	"3 202 228"
"Общая площадь введенных в эксплуатацию жилых зданий(Метр квадратный)"	"2015 год"	"201512"	"РЕСПУБЛИКА КАЗАХСТАН"	"1"	"сельская местность"	"3"	"Всего"	"1"	"Всего"	"1"	"Всего"	"1"	"2 439 567"
"Общая площадь введенных в эксплуатацию жилых зданий(Метр квадратный)"	"2017 год"	"201712"	"РЕСПУБЛИКА КАЗАХСТАН"	"1"	"сельская местность"	"3"	"Всего"	"1"	"Всего"	"1"	"Всего"	"1"	"2 416 312"
"Общая площадь введенных в эксплуатацию жилых зданий(Метр квадратный)"	"2018 год"	"201812"	"РЕСПУБЛИКА КАЗАХСТАН"	"1"	"сельская местность"	"3"	"Всего"	"1"	"Всего"	"1"	"Всего"	"1"	"2 880 232"
"Общая площадь введенных в эксплуатацию жилых зданий(Метр квадратный)"	"2021 год"	"202112"	"РЕСПУБЛИКА КАЗАХСТАН"	"1"	"сельская местность"	"3"	"Всего"	"1"	"Всего"	"1"	"Всего"	"1"	"3 715 390"
"Общая площадь введенных в эксплуатацию жилых зданий(Метр квадратный)"	"2022 год"	"202212"	"РЕСПУБЛИКА КАЗАХСТАН"	"1"	"сельская местность"	"3"	"Всего"	"1"	"Всего"	"1"	"Всего"	"1"	"3 331 482"
"Общая площадь введенных в эксплуатацию жилых зданий(Метр квадратный)"	"2022 год"	"202212"	"ОБЛАСТЬ АБАЙ"	"2"	"Всего"	"1"	"Всего"	"1"	"Всего"	"1"	"Всего"	"1"	"340 531"
"Общая площадь введенных в эксплуатацию жилых зданий(Метр квадратный)"	"2022 год"	"202212"	"ОБЛАСТЬ АБАЙ"	"2"	"городская местность"	"2"	"Всего"	"1"	"Всего"	"1"	"Всего"	"1"	"288 889"
"Общая площадь введенных в эксплуатацию жилых зданий(Метр квадратный)"	"2022 год"	"202212"	"ОБЛАСТЬ АБАЙ"	"2"	"сельская местность"	"3"	"Всего"	"1"	"Всего"	"1"	"Всего"	"1"	"51 642"
"Общая площадь введенных в эксплуатацию жилых зданий(Метр квадратный)"	"2016 год"	"201612"	"АКМОЛИНСКАЯ ОБЛАСТЬ"	"3"	"Всего"	"1"	"Всего"	"1"	"Всего"	"1"	"Всего"	"1"	"364 815"
"Общая площадь введенных в эксплуатацию жилых зданий(Метр квадратный)"	"2020 год"	"202012"	"АКМОЛИНСКАЯ ОБЛАСТЬ"	"3"	"Всего"	"1"	"Всего"	"1"	"Всего"	"1"	"Всего"	"1"	"575 065"
"Общая площадь введенных в эксплуатацию жилых зданий(Метр квадратный)"	"2014 год"	"201412"	"АКМОЛИНСКАЯ ОБЛАСТЬ"	"3"	"Всего"	"1"	"Всего"	"1"	"Всего"	"1"	"Всего"	"1"	"267 944"
"Общая площадь введенных в эксплуатацию жилых зданий(Метр квадратный)"	"2019 год"	"201912"	"АКМОЛИНСКАЯ ОБЛАСТЬ"	"3"	"Всего"	"1"	"Всего"	"1"	"Всего"	"1"	"Всего"	"1"	"534 062"
"Общая площадь введенных в эксплуатацию жилых зданий(Метр квадратный)"	"2015 год"	"201512"	"АКМОЛИНСКАЯ ОБЛАСТЬ"	"3"	"Всего"	"1"	"Всего"	"1"	"Всего"	"1"	"Всего"	"1"	"282 059"
"Общая площадь введенных в эксплуатацию жилых зданий(Метр квадратный)"	"2017 год"	"201712"	"АКМОЛИНСКАЯ ОБЛАСТЬ"	"3"	"Всего"	"1"	"Всего"	"1"	"Всего"	"1"	"Всего"	"1"	"426 357"
"Общая площадь введенных в эксплуатацию жилых зданий(Метр квадратный)"	"2018 год"	"201812"	"АКМОЛИНСКАЯ ОБЛАСТЬ"	"3"	"Всего"	"1"	"Всего"	"1"	"Всего"	"1"	"Всего"	"1"	"477 986"
"Общая площадь введенных в эксплуатацию жилых зданий(Метр квадратный)"	"2021 год"	"202112"	"АКМОЛИНСКАЯ ОБЛАСТЬ"	"3"	"Всего"	"1"	"Всего"	"1"	"Всего"	"1"	"Всего"	"1"	"596 303"
"Общая площадь введенных в эксплуатацию жилых зданий(Метр квадратный)"	"2022 год"	"202212"	"АКМОЛИНСКАЯ ОБЛАСТЬ"	"3"	"Всего"	"1"	"Всего"	"1"	"Всего"	"1"	"Всего"	"1"	"625 875"
"Общая площадь введенных в эксплуатацию жилых зданий(Метр квадратный)"	"2016 год"	"201612"	"АКМОЛИНСКАЯ ОБЛАСТЬ"	"3"	"городская местность"	"2"	"Всего"	"1"	"Всего"	"1"	"Всего"	"1"	"168 303"
"Общая площадь введенных в эксплуатацию жилых зданий(Метр квадратный)"	"2020 год"	"202012"	"АКМОЛИНСКАЯ ОБЛАСТЬ"	"3"	"городская местность"	"2"	"Всего"	"1"	"Всего"	"1"	"Всего"	"1"	"285 036"
"Общая площадь введенных в эксплуатацию жилых зданий(Метр квадратный)"	"2014 год"	"201412"	"АКМОЛИНСКАЯ ОБЛАСТЬ"	"3"	"городская местность"	"2"	"Всего"	"1"	"Всего"	"1"	"Всего"	"1"	"149 513"
"Общая площадь введенных в эксплуатацию жилых зданий(Метр квадратный)"	"2019 год"	"201912"	"АКМОЛИНСКАЯ ОБЛАСТЬ"	"3"	"городская местность"	"2"	"Всего"	"1"	"Всего"	"1"	"Всего"	"1"	"250 247"
"Общая площадь введенных в эксплуатацию жилых зданий(Метр квадратный)"	"2015 год"	"201512"	"АКМОЛИНСКАЯ ОБЛАСТЬ"	"3"	"городская местность"	"2"	"Всего"	"1"	"Всего"	"1"	"Всего"	"1"	"156 837"
"Общая площадь введенных в эксплуатацию жилых зданий(Метр квадратный)"	"2017 год"	"201712"	"АКМОЛИНСКАЯ ОБЛАСТЬ"	"3"	"городская местность"	"2"	"Всего"	"1"	"Всего"	"1"	"Всего"	"1"	"210 518"
"Общая площадь введенных в эксплуатацию жилых зданий(Метр квадратный)"	"2018 год"	"201812"	"АКМОЛИНСКАЯ ОБЛАСТЬ"	"3"	"городская местность"	"2"	"Всего"	"1"	"Всего"	"1"	"Всего"	"1"	"233 273"
"Общая площадь введенных в эксплуатацию жилых зданий(Метр квадратный)"	"2021 год"	"202112"	"АКМОЛИНСКАЯ ОБЛАСТЬ"	"3"	"городская местность"	"2"	"Всего"	"1"	"Всего"	"1"	"Всего"	"1"	"356 526"
"Общая площадь введенных в эксплуатацию жилых зданий(Метр квадратный)"	"2022 год"	"202212"	"АКМОЛИНСКАЯ ОБЛАСТЬ"	"3"	"городская местность"	"2"	"Всего"	"1"	"Всего"	"1"	"Всего"	"1"	"394 350"
"Общая площадь введенных в эксплуатацию жилых зданий(Метр квадратный)"	"2016 год"	"201612"	"АКМОЛИНСКАЯ ОБЛАСТЬ"	"3"	"сельская местность"	"3"	"Всего"	"1"	"Всего"	"1"	"Всего"	"1"	"196 512"
"Общая площадь введенных в эксплуатацию жилых зданий(Метр квадратный)"	"2020 год"	"202012"	"АКМОЛИНСКАЯ ОБЛАСТЬ"	"3"	"сельская местность"	"3"	"Всего"	"1"	"Всего"	"1"	"Всего"	"1"	"290 029"
"Общая площадь введенных в эксплуатацию жилых зданий(Метр квадратный)"	"2014 год"	"201412"	"АКМОЛИНСКАЯ ОБЛАСТЬ"	"3"	"сельская местность"	"3"	"Всего"	"1"	"Всего"	"1"	"Всего"	"1"	"118 431"
"Общая площадь введенных в эксплуатацию жилых зданий(Метр квадратный)"	"2019 год"	"201912"	"АКМОЛИНСКАЯ ОБЛАСТЬ"	"3"	"сельская местность"	"3"	"Всего"	"1"	"Всего"	"1"	"Всего"	"1"	"283 815"
"Общая площадь введенных в эксплуатацию жилых зданий(Метр квадратный)"	"2015 год"	"201512"	"АКМОЛИНСКАЯ ОБЛАСТЬ"	"3"	"сельская местность"	"3"	"Всего"	"1"	"Всего"	"1"	"Всего"	"1"	"125 222"
"Общая площадь введенных в эксплуатацию жилых зданий(Метр квадратный)"	"2017 год"	"201712"	"АКМОЛИНСКАЯ ОБЛАСТЬ"	"3"	"сельская местность"	"3"	"Всего"	"1"	"Всего"	"1"	"Всего"	"1"	"215 839"
"Общая площадь введенных в эксплуатацию жилых зданий(Метр квадратный)"	"2018 год"	"201812"	"АКМОЛИНСКАЯ ОБЛАСТЬ"	"3"	"сельская местность"	"3"	"Всего"	"1"	"Всего"	"1"	"Всего"	"1"	"244 713"
"Общая площадь введенных в эксплуатацию жилых зданий(Метр квадратный)"	"2021 год"	"202112"	"АКМОЛИНСКАЯ ОБЛАСТЬ"	"3"	"сельская местность"	"3"	"Всего"	"1"	"Всего"	"1"	"Всего"	"1"	"239 777"
"Общая площадь введенных в эксплуатацию жилых зданий(Метр квадратный)"	"2022 год"	"202212"	"АКМОЛИНСКАЯ ОБЛАСТЬ"	"3"	"сельская местность"	"3"	"Всего"	"1"	"Всего"	"1"	"Всего"	"1"	"231 525"
"Общая площадь введенных в эксплуатацию жилых зданий(Метр квадратный)"	"2016 год"	"201612"	"КОКШЕТАУ Г.А."	"4"	"Всего"	"1"	"Всего"	"1"	"Всего"	"1"	"Всего"	"1"	"127 455"
"Общая площадь введенных в эксплуатацию жилых зданий(Метр квадратный)"	"2020 год"	"202012"	"КОКШЕТАУ Г.А."	"4"	"Всего"	"1"	"Всего"	"1"	"Всего"	"1"	"Всего"	"1"	"220 999"
"Общая площадь введенных в эксплуатацию жилых зданий(Метр квадратный)"	"2014 год"	"201412"	"КОКШЕТАУ Г.А."	"4"	"Всего"	"1"	"Всего"	"1"	"Всего"	"1"	"Всего"	"1"	"105 908"
"Общая площадь введенных в эксплуатацию жилых зданий(Метр квадратный)"	"2019 год"	"201912"	"КОКШЕТАУ Г.А."	"4"	"Всего"	"1"	"Всего"	"1"	"Всего"	"1"	"Всего"	"1"	"186 466"
"Общая площадь введенных в эксплуатацию жилых зданий(Метр квадратный)"	"2015 год"	"201512"	"КОКШЕТАУ Г.А."	"4"	"Всего"	"1"	"Всего"	"1"	"Всего"	"1"	"Всего"	"1"	"124 352"
"Общая площадь введенных в эксплуатацию жилых зданий(Метр квадратный)"	"2017 год"	"201712"	"КОКШЕТАУ Г.А."	"4"	"Всего"	"1"	"Всего"	"1"	"Всего"	"1"	"Всего"	"1"	"158 835"
"Общая площадь введенных в эксплуатацию жилых зданий(Метр квадратный)"	"2018 год"	"201812"	"КОКШЕТАУ Г.А."	"4"	"Всего"	"1"	"Всего"	"1"	"Всего"	"1"	"Всего"	"1"	"164 477"
"Общая площадь введенных в эксплуатацию жилых зданий(Метр квадратный)"	"2021 год"	"202112"	"КОКШЕТАУ Г.А."	"4"	"Всего"	"1"	"Всего"	"1"	"Всего"	"1"	"Всего"	"1"	"227 008"
"Общая площадь введенных в эксплуатацию жилых зданий(Метр квадратный)"	"2022 год"	"202212"	"КОКШЕТАУ Г.А."	"4"	"Всего"	"1"	"Всего"	"1"	"Всего"	"1"	"Всего"	"1"	"267 076"
"Общая площадь введенных в эксплуатацию жилых зданий(Метр квадратный)"	"2016 год"	"201612"	"КОКШЕТАУ Г.А."	"4"	"городская местность"	"2"	"Всего"	"1"	"Всего"	"1"	"Всего"	"1"	"124 180"
"Общая площадь введенных в эксплуатацию жилых зданий(Метр квадратный)"	"2020 год"	"202012"	"КОКШЕТАУ Г.А."	"4"	"городская местность"	"2"	"Всего"	"1"	"Всего"	"1"	"Всего"	"1"	"218 526"
"Общая площадь введенных в эксплуатацию жилых зданий(Метр квадратный)"	"2014 год"	"201412"	"КОКШЕТАУ Г.А."	"4"	"городская местность"	"2"	"Всего"	"1"	"Всего"	"1"	"Всего"	"1"	"105 536"
"Общая площадь введенных в эксплуатацию жилых зданий(Метр квадратный)"	"2019 год"	"201912"	"КОКШЕТАУ Г.А."	"4"	"городская местность"	"2"	"Всего"	"1"	"Всего"	"1"	"Всего"	"1"	"181 354"
"Общая площадь введенных в эксплуатацию жилых зданий(Метр квадратный)"	"2015 год"	"201512"	"КОКШЕТАУ Г.А."	"4"	"городская местность"	"2"	"Всего"	"1"	"Всего"	"1"	"Всего"	"1"	"117 844"
"Общая площадь введенных в эксплуатацию жилых зданий(Метр квадратный)"	"2017 год"	"201712"	"КОКШЕТАУ Г.А."	"4"	"городская местность"	"2"	"Всего"	"1"	"Всего"	"1"	"Всего"	"1"	"154 223"
"Общая площадь введенных в эксплуатацию жилых зданий(Метр квадратный)"	"2018 год"	"201812"	"КОКШЕТАУ Г.А."	"4"	"городская местность"	"2"	"Всего"	"1"	"Всего"	"1"	"Всего"	"1"	"160 510"
"Общая площадь введенных в эксплуатацию жилых зданий(Метр квадратный)"	"2021 год"	"202112"	"КОКШЕТАУ Г.А."	"4"	"городская местность"	"2"	"Всего"	"1"	"Всего"	"1"	"Всего"	"1"	"220 948"
"Общая площадь введенных в эксплуатацию жилых зданий(Метр квадратный)"	"2022 год"	"202212"	"КОКШЕТАУ Г.А."	"4"	"городская местность"	"2"	"Всего"	"1"	"Всего"	"1"	"Всего"	"1"	"262 246"
"Общая площадь введенных в эксплуатацию жилых зданий(Метр квадратный)"	"2016 год"	"201612"	"КОКШЕТАУ Г.А."	"4"	"сельская местность"	"3"	"Всего"	"1"	"Всего"	"1"	"Всего"	"1"	"3 275"
"Общая площадь введенных в эксплуатацию жилых зданий(Метр квадратный)"	"2020 год"	"202012"	"КОКШЕТАУ Г.А."	"4"	"сельская местность"	"3"	"Всего"	"1"	"Всего"	"1"	"Всего"	"1"	"2 473"
"Общая площадь введенных в эксплуатацию жилых зданий(Метр квадратный)"	"2014 год"	"201412"	"КОКШЕТАУ Г.А."	"4"	"сельская местность"	"3"	"Всего"	"1"	"Всего"	"1"	"Всего"	"1"	"372"
"Общая площадь введенных в эксплуатацию жилых зданий(Метр квадратный)"	"2019 год"	"201912"	"КОКШЕТАУ Г.А."	"4"	"сельская местность"	"3"	"Всего"	"1"	"Всего"	"1"	"Всего"	"1"	"5 112"
"Общая площадь введенных в эксплуатацию жилых зданий(Метр квадратный)"	"2015 год"	"201512"	"КОКШЕТАУ Г.А."	"4"	"сельская местность"	"3"	"Всего"	"1"	"Всего"	"1"	"Всего"	"1"	"6 508"
"Общая площадь введенных в эксплуатацию жилых зданий(Метр квадратный)"	"2017 год"	"201712"	"КОКШЕТАУ Г.А."	"4"	"сельская местность"	"3"	"Всего"	"1"	"Всего"	"1"	"Всего"	"1"	"4 612"
"Общая площадь введенных в эксплуатацию жилых зданий(Метр квадратный)"	"2018 год"	"201812"	"КОКШЕТАУ Г.А."	"4"	"сельская местность"	"3"	"Всего"	"1"	"Всего"	"1"	"Всего"	"1"	"3 967"
"Общая площадь введенных в эксплуатацию жилых зданий(Метр квадратный)"	"2021 год"	"202112"	"КОКШЕТАУ Г.А."	"4"	"сельская местность"	"3"	"Всего"	"1"	"Всего"	"1"	"Всего"	"1"	"6 060"
"Общая площадь введенных в эксплуатацию жилых зданий(Метр квадратный)"	"2022 год"	"202212"	"КОКШЕТАУ Г.А."	"4"	"сельская местность"	"3"	"Всего"	"1"	"Всего"	"1"	"Всего"	"1"	"4 830"
"Общая площадь введенных в эксплуатацию жилых зданий(Метр квадратный)"	"2021 год"	"202112"	"КОСШЫ Г.А."	"11"	"Всего"	"1"	"Всего"	"1"	"Всего"	"1"	"Всего"	"1"	"71 090"
"Общая площадь введенных в эксплуатацию жилых зданий(Метр квадратный)"	"2022 год"	"202212"	"КОСШЫ Г.А."	"11"	"Всего"	"1"	"Всего"	"1"	"Всего"	"1"	"Всего"	"1"	"88 656"
"Общая площадь введенных в эксплуатацию жилых зданий(Метр квадратный)"	"2021 год"	"202112"	"КОСШЫ Г.А."	"11"	"городская местность"	"2"	"Всего"	"1"	"Всего"	"1"	"Всего"	"1"	"71 090"
"Общая площадь введенных в эксплуатацию жилых зданий(Метр квадратный)"	"2022 год"	"202212"	"КОСШЫ Г.А."	"11"	"городская местность"	"2"	"Всего"	"1"	"Всего"	"1"	"Всего"	"1"	"82 468"
"Общая площадь введенных в эксплуатацию жилых зданий(Метр квадратный)"	"2022 год"	"202212"	"КОСШЫ Г.А."	"11"	"сельская местность"	"3"	"Всего"	"1"	"Всего"	"1"	"Всего"	"1"	"6 188"
"Общая площадь введенных в эксплуатацию жилых зданий(Метр квадратный)"	"2016 год"	"201612"	"СТЕПНОГОРСК Г.А."	"12"	"Всего"	"1"	"Всего"	"1"	"Всего"	"1"	"Всего"	"1"	"2 184"
"Общая площадь введенных в эксплуатацию жилых зданий(Метр квадратный)"	"2020 год"	"202012"	"СТЕПНОГОРСК Г.А."	"12"	"Всего"	"1"	"Всего"	"1"	"Всего"	"1"	"Всего"	"1"	"9 479"
"Общая площадь введенных в эксплуатацию жилых зданий(Метр квадратный)"	"2014 год"	"201412"	"СТЕПНОГОРСК Г.А."	"12"	"Всего"	"1"	"Всего"	"1"	"Всего"	"1"	"Всего"	"1"	"2 012"
"Общая площадь введенных в эксплуатацию жилых зданий(Метр квадратный)"	"2019 год"	"201912"	"СТЕПНОГОРСК Г.А."	"12"	"Всего"	"1"	"Всего"	"1"	"Всего"	"1"	"Всего"	"1"	"13 051"
"Общая площадь введенных в эксплуатацию жилых зданий(Метр квадратный)"	"2015 год"	"201512"	"СТЕПНОГОРСК Г.А."	"12"	"Всего"	"1"	"Всего"	"1"	"Всего"	"1"	"Всего"	"1"	"2 134"
"Общая площадь введенных в эксплуатацию жилых зданий(Метр квадратный)"	"2017 год"	"201712"	"СТЕПНОГОРСК Г.А."	"12"	"Всего"	"1"	"Всего"	"1"	"Всего"	"1"	"Всего"	"1"	"5 449"
"Общая площадь введенных в эксплуатацию жилых зданий(Метр квадратный)"	"2018 год"	"201812"	"СТЕПНОГОРСК Г.А."	"12"	"Всего"	"1"	"Всего"	"1"	"Всего"	"1"	"Всего"	"1"	"9 802"
"Общая площадь введенных в эксплуатацию жилых зданий(Метр квадратный)"	"2021 год"	"202112"	"СТЕПНОГОРСК Г.А."	"12"	"Всего"	"1"	"Всего"	"1"	"Всего"	"1"	"Всего"	"1"	"8 663"
"Общая площадь введенных в эксплуатацию жилых зданий(Метр квадратный)"	"2022 год"	"202212"	"СТЕПНОГОРСК Г.А."	"12"	"Всего"	"1"	"Всего"	"1"	"Всего"	"1"	"Всего"	"1"	"3 473"
"Общая площадь введенных в эксплуатацию жилых зданий(Метр квадратный)"	"2016 год"	"201612"	"СТЕПНОГОРСК Г.А."	"12"	"городская местность"	"2"	"Всего"	"1"	"Всего"	"1"	"Всего"	"1"	"1 805"
"Общая площадь введенных в эксплуатацию жилых зданий(Метр квадратный)"	"2020 год"	"202012"	"СТЕПНОГОРСК Г.А."	"12"	"городская местность"	"2"	"Всего"	"1"	"Всего"	"1"	"Всего"	"1"	"8 237"
"Общая площадь введенных в эксплуатацию жилых зданий(Метр квадратный)"	"2014 год"	"201412"	"СТЕПНОГОРСК Г.А."	"12"	"городская местность"	"2"	"Всего"	"1"	"Всего"	"1"	"Всего"	"1"	"1 914"
"Общая площадь введенных в эксплуатацию жилых зданий(Метр квадратный)"	"2019 год"	"201912"	"СТЕПНОГОРСК Г.А."	"12"	"городская местность"	"2"	"Всего"	"1"	"Всего"	"1"	"Всего"	"1"	"13 051"
"Общая площадь введенных в эксплуатацию жилых зданий(Метр квадратный)"	"2015 год"	"201512"	"СТЕПНОГОРСК Г.А."	"12"	"городская местность"	"2"	"Всего"	"1"	"Всего"	"1"	"Всего"	"1"	"2 134"
"Общая площадь введенных в эксплуатацию жилых зданий(Метр квадратный)"	"2017 год"	"201712"	"СТЕПНОГОРСК Г.А."	"12"	"городская местность"	"2"	"Всего"	"1"	"Всего"	"1"	"Всего"	"1"	"4 626"
"Общая площадь введенных в эксплуатацию жилых зданий(Метр квадратный)"	"2018 год"	"201812"	"СТЕПНОГОРСК Г.А."	"12"	"городская местность"	"2"	"Всего"	"1"	"Всего"	"1"	"Всего"	"1"	"9 507"
"Общая площадь введенных в эксплуатацию жилых зданий(Метр квадратный)"	"2021 год"	"202112"	"СТЕПНОГОРСК Г.А."	"12"	"городская местность"	"2"	"Всего"	"1"	"Всего"	"1"	"Всего"	"1"	"7 522"
"Общая площадь введенных в эксплуатацию жилых зданий(Метр квадратный)"	"2022 год"	"202212"	"СТЕПНОГОРСК Г.А."	"12"	"городская местность"	"2"	"Всего"	"1"	"Всего"	"1"	"Всего"	"1"	"3 171"
"Общая площадь введенных в эксплуатацию жилых зданий(Метр квадратный)"	"2016 год"	"201612"	"СТЕПНОГОРСК Г.А."	"12"	"сельская местность"	"3"	"Всего"	"1"	"Всего"	"1"	"Всего"	"1"	"379"
"Общая площадь введенных в эксплуатацию жилых зданий(Метр квадратный)"	"2020 год"	"202012"	"СТЕПНОГОРСК Г.А."	"12"	"сельская местность"	"3"	"Всего"	"1"	"Всего"	"1"	"Всего"	"1"	"1 242"
"Общая площадь введенных в эксплуатацию жилых зданий(Метр квадратный)"	"2014 год"	"201412"	"СТЕПНОГОРСК Г.А."	"12"	"сельская местность"	"3"	"Всего"	"1"	"Всего"	"1"	"Всего"	"1"	"98"
"Общая площадь введенных в эксплуатацию жилых зданий(Метр квадратный)"	"2017 год"	"201712"	"СТЕПНОГОРСК Г.А."	"12"	"сельская местность"	"3"	"Всего"	"1"	"Всего"	"1"	"Всего"	"1"	"823"
"Общая площадь введенных в эксплуатацию жилых зданий(Метр квадратный)"	"2018 год"	"201812"	"СТЕПНОГОРСК Г.А."	"12"	"сельская местность"	"3"	"Всего"	"1"	"Всего"	"1"	"Всего"	"1"	"295"
"Общая площадь введенных в эксплуатацию жилых зданий(Метр квадратный)"	"2021 год"	"202112"	"СТЕПНОГОРСК Г.А."	"12"	"сельская местность"	"3"	"Всего"	"1"	"Всего"	"1"	"Всего"	"1"	"1 141"
"Общая площадь введенных в эксплуатацию жилых зданий(Метр квадратный)"	"2022 год"	"202212"	"СТЕПНОГОРСК Г.А."	"12"	"сельская местность"	"3"	"Всего"	"1"	"Всего"	"1"	"Всего"	"1"	"302"
"Общая площадь введенных в эксплуатацию жилых зданий(Метр квадратный)"	"2016 год"	"201612"	"АККОЛЬСКИЙ РАЙОН"	"35"	"Всего"	"1"	"Всего"	"1"	"Всего"	"1"	"Всего"	"1"	"8 631"
"Общая площадь введенных в эксплуатацию жилых зданий(Метр квадратный)"	"2020 год"	"202012"	"АККОЛЬСКИЙ РАЙОН"	"35"	"Всего"	"1"	"Всего"	"1"	"Всего"	"1"	"Всего"	"1"	"8 310"
"Общая площадь введенных в эксплуатацию жилых зданий(Метр квадратный)"	"2014 год"	"201412"	"АККОЛЬСКИЙ РАЙОН"	"35"	"Всего"	"1"	"Всего"	"1"	"Всего"	"1"	"Всего"	"1"	"7 484"
"Общая площадь введенных в эксплуатацию жилых зданий(Метр квадратный)"	"2019 год"	"201912"	"АККОЛЬСКИЙ РАЙОН"	"35"	"Всего"	"1"	"Всего"	"1"	"Всего"	"1"	"Всего"	"1"	"8 237"
"Общая площадь введенных в эксплуатацию жилых зданий(Метр квадратный)"	"2015 год"	"201512"	"АККОЛЬСКИЙ РАЙОН"	"35"	"Всего"	"1"	"Всего"	"1"	"Всего"	"1"	"Всего"	"1"	"7 622"
"Общая площадь введенных в эксплуатацию жилых зданий(Метр квадратный)"	"2017 год"	"201712"	"АККОЛЬСКИЙ РАЙОН"	"35"	"Всего"	"1"	"Всего"	"1"	"Всего"	"1"	"Всего"	"1"	"22 323"
"Общая площадь введенных в эксплуатацию жилых зданий(Метр квадратный)"	"2018 год"	"201812"	"АККОЛЬСКИЙ РАЙОН"	"35"	"Всего"	"1"	"Всего"	"1"	"Всего"	"1"	"Всего"	"1"	"7 855"
"Общая площадь введенных в эксплуатацию жилых зданий(Метр квадратный)"	"2021 год"	"202112"	"АККОЛЬСКИЙ РАЙОН"	"35"	"Всего"	"1"	"Всего"	"1"	"Всего"	"1"	"Всего"	"1"	"14 791"
"Общая площадь введенных в эксплуатацию жилых зданий(Метр квадратный)"	"2022 год"	"202212"	"АККОЛЬСКИЙ РАЙОН"	"35"	"Всего"	"1"	"Всего"	"1"	"Всего"	"1"	"Всего"	"1"	"5 098"
"Общая площадь введенных в эксплуатацию жилых зданий(Метр квадратный)"	"2016 год"	"201612"	"АККОЛЬСКИЙ РАЙОН"	"35"	"городская местность"	"2"	"Всего"	"1"	"Всего"	"1"	"Всего"	"1"	"6 598"
"Общая площадь введенных в эксплуатацию жилых зданий(Метр квадратный)"	"2020 год"	"202012"	"АККОЛЬСКИЙ РАЙОН"	"35"	"городская местность"	"2"	"Всего"	"1"	"Всего"	"1"	"Всего"	"1"	"6 867"
"Общая площадь введенных в эксплуатацию жилых зданий(Метр квадратный)"	"2014 год"	"201412"	"АККОЛЬСКИЙ РАЙОН"	"35"	"городская местность"	"2"	"Всего"	"1"	"Всего"	"1"	"Всего"	"1"	"6 453"
"Общая площадь введенных в эксплуатацию жилых зданий(Метр квадратный)"	"2019 год"	"201912"	"АККОЛЬСКИЙ РАЙОН"	"35"	"городская местность"	"2"	"Всего"	"1"	"Всего"	"1"	"Всего"	"1"	"6 965"
"Общая площадь введенных в эксплуатацию жилых зданий(Метр квадратный)"	"2015 год"	"201512"	"АККОЛЬСКИЙ РАЙОН"	"35"	"городская местность"	"2"	"Всего"	"1"	"Всего"	"1"	"Всего"	"1"	"5 613"
"Общая площадь введенных в эксплуатацию жилых зданий(Метр квадратный)"	"2017 год"	"201712"	"АККОЛЬСКИЙ РАЙОН"	"35"	"городская местность"	"2"	"Всего"	"1"	"Всего"	"1"	"Всего"	"1"	"19 859"
"Общая площадь введенных в эксплуатацию жилых зданий(Метр квадратный)"	"2018 год"	"201812"	"АККОЛЬСКИЙ РАЙОН"	"35"	"городская местность"	"2"	"Всего"	"1"	"Всего"	"1"	"Всего"	"1"	"6 371"
"Общая площадь введенных в эксплуатацию жилых зданий(Метр квадратный)"	"2021 год"	"202112"	"АККОЛЬСКИЙ РАЙОН"	"35"	"городская местность"	"2"	"Всего"	"1"	"Всего"	"1"	"Всего"	"1"	"9 957"
"Общая площадь введенных в эксплуатацию жилых зданий(Метр квадратный)"	"2022 год"	"202212"	"АККОЛЬСКИЙ РАЙОН"	"35"	"городская местность"	"2"	"Всего"	"1"	"Всего"	"1"	"Всего"	"1"	"3 808"
"Общая площадь введенных в эксплуатацию жилых зданий(Метр квадратный)"	"2016 год"	"201612"	"АККОЛЬСКИЙ РАЙОН"	"35"	"сельская местность"	"3"	"Всего"	"1"	"Всего"	"1"	"Всего"	"1"	"2 033"
"Общая площадь введенных в эксплуатацию жилых зданий(Метр квадратный)"	"2020 год"	"202012"	"АККОЛЬСКИЙ РАЙОН"	"35"	"сельская местность"	"3"	"Всего"	"1"	"Всего"	"1"	"Всего"	"1"	"1 443"
"Общая площадь введенных в эксплуатацию жилых зданий(Метр квадратный)"	"2014 год"	"201412"	"АККОЛЬСКИЙ РАЙОН"	"35"	"сельская местность"	"3"	"Всего"	"1"	"Всего"	"1"	"Всего"	"1"	"1 031"
"Общая площадь введенных в эксплуатацию жилых зданий(Метр квадратный)"	"2019 год"	"201912"	"АККОЛЬСКИЙ РАЙОН"	"35"	"сельская местность"	"3"	"Всего"	"1"	"Всего"	"1"	"Всего"	"1"	"1 272"
"Общая площадь введенных в эксплуатацию жилых зданий(Метр квадратный)"	"2015 год"	"201512"	"АККОЛЬСКИЙ РАЙОН"	"35"	"сельская местность"	"3"	"Всего"	"1"	"Всего"	"1"	"Всего"	"1"	"2 009"
"Общая площадь введенных в эксплуатацию жилых зданий(Метр квадратный)"	"2017 год"	"201712"	"АККОЛЬСКИЙ РАЙОН"	"35"	"сельская местность"	"3"	"Всего"	"1"	"Всего"	"1"	"Всего"	"1"	"2 464"
"Общая площадь введенных в эксплуатацию жилых зданий(Метр квадратный)"	"2018 год"	"201812"	"АККОЛЬСКИЙ РАЙОН"	"35"	"сельская местность"	"3"	"Всего"	"1"	"Всего"	"1"	"Всего"	"1"	"1 484"
"Общая площадь введенных в эксплуатацию жилых зданий(Метр квадратный)"	"2021 год"	"202112"	"АККОЛЬСКИЙ РАЙОН"	"35"	"сельская местность"	"3"	"Всего"	"1"	"Всего"	"1"	"Всего"	"1"	"4 834"
"Общая площадь введенных в эксплуатацию жилых зданий(Метр квадратный)"	"2022 год"	"202212"	"АККОЛЬСКИЙ РАЙОН"	"35"	"сельская местность"	"3"	"Всего"	"1"	"Всего"	"1"	"Всего"	"1"	"1 290"
"Общая площадь введенных в эксплуатацию жилых зданий(Метр квадратный)"	"2016 год"	"201612"	"АРШАЛЫНСКИЙ РАЙОН"	"78"	"Всего"	"1"	"Всего"	"1"	"Всего"	"1"	"Всего"	"1"	"26 371"
"Общая площадь введенных в эксплуатацию жилых зданий(Метр квадратный)"	"2020 год"	"202012"	"АРШАЛЫНСКИЙ РАЙОН"	"78"	"Всего"	"1"	"Всего"	"1"	"Всего"	"1"	"Всего"	"1"	"22 270"
"Общая площадь введенных в эксплуатацию жилых зданий(Метр квадратный)"	"2014 год"	"201412"	"АРШАЛЫНСКИЙ РАЙОН"	"78"	"Всего"	"1"	"Всего"	"1"	"Всего"	"1"	"Всего"	"1"	"15 305"
"Общая площадь введенных в эксплуатацию жилых зданий(Метр квадратный)"	"2019 год"	"201912"	"АРШАЛЫНСКИЙ РАЙОН"	"78"	"Всего"	"1"	"Всего"	"1"	"Всего"	"1"	"Всего"	"1"	"21 205"
"Общая площадь введенных в эксплуатацию жилых зданий(Метр квадратный)"	"2015 год"	"201512"	"АРШАЛЫНСКИЙ РАЙОН"	"78"	"Всего"	"1"	"Всего"	"1"	"Всего"	"1"	"Всего"	"1"	"17 214"
"Общая площадь введенных в эксплуатацию жилых зданий(Метр квадратный)"	"2017 год"	"201712"	"АРШАЛЫНСКИЙ РАЙОН"	"78"	"Всего"	"1"	"Всего"	"1"	"Всего"	"1"	"Всего"	"1"	"28 581"
"Общая площадь введенных в эксплуатацию жилых зданий(Метр квадратный)"	"2018 год"	"201812"	"АРШАЛЫНСКИЙ РАЙОН"	"78"	"Всего"	"1"	"Всего"	"1"	"Всего"	"1"	"Всего"	"1"	"18 624"
"Общая площадь введенных в эксплуатацию жилых зданий(Метр квадратный)"	"2021 год"	"202112"	"АРШАЛЫНСКИЙ РАЙОН"	"78"	"Всего"	"1"	"Всего"	"1"	"Всего"	"1"	"Всего"	"1"	"28 233"
"Общая площадь введенных в эксплуатацию жилых зданий(Метр квадратный)"	"2022 год"	"202212"	"АРШАЛЫНСКИЙ РАЙОН"	"78"	"Всего"	"1"	"Всего"	"1"	"Всего"	"1"	"Всего"	"1"	"28 342"
"Общая площадь введенных в эксплуатацию жилых зданий(Метр квадратный)"	"2016 год"	"201612"	"АРШАЛЫНСКИЙ РАЙОН"	"78"	"сельская местность"	"3"	"Всего"	"1"	"Всего"	"1"	"Всего"	"1"	"26 371"
"Общая площадь введенных в эксплуатацию жилых зданий(Метр квадратный)"	"2020 год"	"202012"	"АРШАЛЫНСКИЙ РАЙОН"	"78"	"сельская местность"	"3"	"Всего"	"1"	"Всего"	"1"	"Всего"	"1"	"22 270"
"Общая площадь введенных в эксплуатацию жилых зданий(Метр квадратный)"	"2014 год"	"201412"	"АРШАЛЫНСКИЙ РАЙОН"	"78"	"сельская местность"	"3"	"Всего"	"1"	"Всего"	"1"	"Всего"	"1"	"15 305"
"Общая площадь введенных в эксплуатацию жилых зданий(Метр квадратный)"	"2019 год"	"201912"	"АРШАЛЫНСКИЙ РАЙОН"	"78"	"сельская местность"	"3"	"Всего"	"1"	"Всего"	"1"	"Всего"	"1"	"21 205"
"Общая площадь введенных в эксплуатацию жилых зданий(Метр квадратный)"	"2015 год"	"201512"	"АРШАЛЫНСКИЙ РАЙОН"	"78"	"сельская местность"	"3"	"Всего"	"1"	"Всего"	"1"	"Всего"	"1"	"17 214"
"Общая площадь введенных в эксплуатацию жилых зданий(Метр квадратный)"	"2017 год"	"201712"	"АРШАЛЫНСКИЙ РАЙОН"	"78"	"сельская местность"	"3"	"Всего"	"1"	"Всего"	"1"	"Всего"	"1"	"28 581"
"Общая площадь введенных в эксплуатацию жилых зданий(Метр квадратный)"	"2018 год"	"201812"	"АРШАЛЫНСКИЙ РАЙОН"	"78"	"сельская местность"	"3"	"Всего"	"1"	"Всего"	"1"	"Всего"	"1"	"18 624"
"Общая площадь введенных в эксплуатацию жилых зданий(Метр квадратный)"	"2021 год"	"202112"	"АРШАЛЫНСКИЙ РАЙОН"	"78"	"сельская местность"	"3"	"Всего"	"1"	"Всего"	"1"	"Всего"	"1"	"28 233"
"Общая площадь введенных в эксплуатацию жилых зданий(Метр квадратный)"	"2022 год"	"202212"	"АРШАЛЫНСКИЙ РАЙОН"	"78"	"сельская местность"	"3"	"Всего"	"1"	"Всего"	"1"	"Всего"	"1"	"28 342"
"Общая площадь введенных в эксплуатацию жилых зданий(Метр квадратный)"	"2016 год"	"201612"	"АСТРАХАНСКИЙ РАЙОН"	"127"	"Всего"	"1"	"Всего"	"1"	"Всего"	"1"	"Всего"	"1"	"1 098"
"Общая площадь введенных в эксплуатацию жилых зданий(Метр квадратный)"	"2020 год"	"202012"	"АСТРАХАНСКИЙ РАЙОН"	"127"	"Всего"	"1"	"Всего"	"1"	"Всего"	"1"	"Всего"	"1"	"1 663"
"Общая площадь введенных в эксплуатацию жилых зданий(Метр квадратный)"	"2014 год"	"201412"	"АСТРАХАНСКИЙ РАЙОН"	"127"	"Всего"	"1"	"Всего"	"1"	"Всего"	"1"	"Всего"	"1"	"949"
"Общая площадь введенных в эксплуатацию жилых зданий(Метр квадратный)"	"2019 год"	"201912"	"АСТРАХАНСКИЙ РАЙОН"	"127"	"Всего"	"1"	"Всего"	"1"	"Всего"	"1"	"Всего"	"1"	"1 502"
"Общая площадь введенных в эксплуатацию жилых зданий(Метр квадратный)"	"2015 год"	"201512"	"АСТРАХАНСКИЙ РАЙОН"	"127"	"Всего"	"1"	"Всего"	"1"	"Всего"	"1"	"Всего"	"1"	"1 033"
"Общая площадь введенных в эксплуатацию жилых зданий(Метр квадратный)"	"2017 год"	"201712"	"АСТРАХАНСКИЙ РАЙОН"	"127"	"Всего"	"1"	"Всего"	"1"	"Всего"	"1"	"Всего"	"1"	"1 115"
"Общая площадь введенных в эксплуатацию жилых зданий(Метр квадратный)"	"2018 год"	"201812"	"АСТРАХАНСКИЙ РАЙОН"	"127"	"Всего"	"1"	"Всего"	"1"	"Всего"	"1"	"Всего"	"1"	"3 201"
"Общая площадь введенных в эксплуатацию жилых зданий(Метр квадратный)"	"2021 год"	"202112"	"АСТРАХАНСКИЙ РАЙОН"	"127"	"Всего"	"1"	"Всего"	"1"	"Всего"	"1"	"Всего"	"1"	"1 871"
"Общая площадь введенных в эксплуатацию жилых зданий(Метр квадратный)"	"2022 год"	"202212"	"АСТРАХАНСКИЙ РАЙОН"	"127"	"Всего"	"1"	"Всего"	"1"	"Всего"	"1"	"Всего"	"1"	"2 049"
"Общая площадь введенных в эксплуатацию жилых зданий(Метр квадратный)"	"2016 год"	"201612"	"АСТРАХАНСКИЙ РАЙОН"	"127"	"сельская местность"	"3"	"Всего"	"1"	"Всего"	"1"	"Всего"	"1"	"1 098"
"Общая площадь введенных в эксплуатацию жилых зданий(Метр квадратный)"	"2020 год"	"202012"	"АСТРАХАНСКИЙ РАЙОН"	"127"	"сельская местность"	"3"	"Всего"	"1"	"Всего"	"1"	"Всего"	"1"	"1 663"
"Общая площадь введенных в эксплуатацию жилых зданий(Метр квадратный)"	"2014 год"	"201412"	"АСТРАХАНСКИЙ РАЙОН"	"127"	"сельская местность"	"3"	"Всего"	"1"	"Всего"	"1"	"Всего"	"1"	"949"
"Общая площадь введенных в эксплуатацию жилых зданий(Метр квадратный)"	"2019 год"	"201912"	"АСТРАХАНСКИЙ РАЙОН"	"127"	"сельская местность"	"3"	"Всего"	"1"	"Всего"	"1"	"Всего"	"1"	"1 502"
"Общая площадь введенных в эксплуатацию жилых зданий(Метр квадратный)"	"2015 год"	"201512"	"АСТРАХАНСКИЙ РАЙОН"	"127"	"сельская местность"	"3"	"Всего"	"1"	"Всего"	"1"	"Всего"	"1"	"1 033"
"Общая площадь введенных в эксплуатацию жилых зданий(Метр квадратный)"	"2017 год"	"201712"	"АСТРАХАНСКИЙ РАЙОН"	"127"	"сельская местность"	"3"	"Всего"	"1"	"Всего"	"1"	"Всего"	"1"	"1 115"
"Общая площадь введенных в эксплуатацию жилых зданий(Метр квадратный)"	"2018 год"	"201812"	"АСТРАХАНСКИЙ РАЙОН"	"127"	"сельская местность"	"3"	"Всего"	"1"	"Всего"	"1"	"Всего"	"1"	"3 201"
"Общая площадь введенных в эксплуатацию жилых зданий(Метр квадратный)"	"2021 год"	"202112"	"АСТРАХАНСКИЙ РАЙОН"	"127"	"сельская местность"	"3"	"Всего"	"1"	"Всего"	"1"	"Всего"	"1"	"1 871"
"Общая площадь введенных в эксплуатацию жилых зданий(Метр квадратный)"	"2022 год"	"202212"	"АСТРАХАНСКИЙ РАЙОН"	"127"	"сельская местность"	"3"	"Всего"	"1"	"Всего"	"1"	"Всего"	"1"	"2 049"
"Общая площадь введенных в эксплуатацию жилых зданий(Метр квадратный)"	"2016 год"	"201612"	"АТБАСАРСКИЙ РАЙОН"	"186"	"Всего"	"1"	"Всего"	"1"	"Всего"	"1"	"Всего"	"1"	"4 152"
"Общая площадь введенных в эксплуатацию жилых зданий(Метр квадратный)"	"2020 год"	"202012"	"АТБАСАРСКИЙ РАЙОН"	"186"	"Всего"	"1"	"Всего"	"1"	"Всего"	"1"	"Всего"	"1"	"10 112"
"Общая площадь введенных в эксплуатацию жилых зданий(Метр квадратный)"	"2014 год"	"201412"	"АТБАСАРСКИЙ РАЙОН"	"186"	"Всего"	"1"	"Всего"	"1"	"Всего"	"1"	"Всего"	"1"	"19 240"
"Общая площадь введенных в эксплуатацию жилых зданий(Метр квадратный)"	"2019 год"	"201912"	"АТБАСАРСКИЙ РАЙОН"	"186"	"Всего"	"1"	"Всего"	"1"	"Всего"	"1"	"Всего"	"1"	"12 586"
"Общая площадь введенных в эксплуатацию жилых зданий(Метр квадратный)"	"2015 год"	"201512"	"АТБАСАРСКИЙ РАЙОН"	"186"	"Всего"	"1"	"Всего"	"1"	"Всего"	"1"	"Всего"	"1"	"4 000"
"Общая площадь введенных в эксплуатацию жилых зданий(Метр квадратный)"	"2017 год"	"201712"	"АТБАСАРСКИЙ РАЙОН"	"186"	"Всего"	"1"	"Всего"	"1"	"Всего"	"1"	"Всего"	"1"	"3 698"
"Общая площадь введенных в эксплуатацию жилых зданий(Метр квадратный)"	"2018 год"	"201812"	"АТБАСАРСКИЙ РАЙОН"	"186"	"Всего"	"1"	"Всего"	"1"	"Всего"	"1"	"Всего"	"1"	"29 690"
"Общая площадь введенных в эксплуатацию жилых зданий(Метр квадратный)"	"2021 год"	"202112"	"АТБАСАРСКИЙ РАЙОН"	"186"	"Всего"	"1"	"Всего"	"1"	"Всего"	"1"	"Всего"	"1"	"8 976"
"Общая площадь введенных в эксплуатацию жилых зданий(Метр квадратный)"	"2022 год"	"202212"	"АТБАСАРСКИЙ РАЙОН"	"186"	"Всего"	"1"	"Всего"	"1"	"Всего"	"1"	"Всего"	"1"	"7 567"
"Общая площадь введенных в эксплуатацию жилых зданий(Метр квадратный)"	"2016 год"	"201612"	"АТБАСАРСКИЙ РАЙОН"	"186"	"городская местность"	"2"	"Всего"	"1"	"Всего"	"1"	"Всего"	"1"	"3 825"
"Общая площадь введенных в эксплуатацию жилых зданий(Метр квадратный)"	"2020 год"	"202012"	"АТБАСАРСКИЙ РАЙОН"	"186"	"городская местность"	"2"	"Всего"	"1"	"Всего"	"1"	"Всего"	"1"	"8 771"
"Общая площадь введенных в эксплуатацию жилых зданий(Метр квадратный)"	"2014 год"	"201412"	"АТБАСАРСКИЙ РАЙОН"	"186"	"городская местность"	"2"	"Всего"	"1"	"Всего"	"1"	"Всего"	"1"	"18 863"
"Общая площадь введенных в эксплуатацию жилых зданий(Метр квадратный)"	"2019 год"	"201912"	"АТБАСАРСКИЙ РАЙОН"	"186"	"городская местность"	"2"	"Всего"	"1"	"Всего"	"1"	"Всего"	"1"	"12 446"
"Общая площадь введенных в эксплуатацию жилых зданий(Метр квадратный)"	"2015 год"	"201512"	"АТБАСАРСКИЙ РАЙОН"	"186"	"городская местность"	"2"	"Всего"	"1"	"Всего"	"1"	"Всего"	"1"	"3 965"
"Общая площадь введенных в эксплуатацию жилых зданий(Метр квадратный)"	"2017 год"	"201712"	"АТБАСАРСКИЙ РАЙОН"	"186"	"городская местность"	"2"	"Всего"	"1"	"Всего"	"1"	"Всего"	"1"	"3 015"
"Общая площадь введенных в эксплуатацию жилых зданий(Метр квадратный)"	"2018 год"	"201812"	"АТБАСАРСКИЙ РАЙОН"	"186"	"городская местность"	"2"	"Всего"	"1"	"Всего"	"1"	"Всего"	"1"	"29 550"
"Общая площадь введенных в эксплуатацию жилых зданий(Метр квадратный)"	"2021 год"	"202112"	"АТБАСАРСКИЙ РАЙОН"	"186"	"городская местность"	"2"	"Всего"	"1"	"Всего"	"1"	"Всего"	"1"	"8 155"
"Общая площадь введенных в эксплуатацию жилых зданий(Метр квадратный)"	"2022 год"	"202212"	"АТБАСАРСКИЙ РАЙОН"	"186"	"городская местность"	"2"	"Всего"	"1"	"Всего"	"1"	"Всего"	"1"	"7 418"
"Общая площадь введенных в эксплуатацию жилых зданий(Метр квадратный)"	"2016 год"	"201612"	"АТБАСАРСКИЙ РАЙОН"	"186"	"сельская местность"	"3"	"Всего"	"1"	"Всего"	"1"	"Всего"	"1"	"327"
"Общая площадь введенных в эксплуатацию жилых зданий(Метр квадратный)"	"2020 год"	"202012"	"АТБАСАРСКИЙ РАЙОН"	"186"	"сельская местность"	"3"	"Всего"	"1"	"Всего"	"1"	"Всего"	"1"	"1 341"
"Общая площадь введенных в эксплуатацию жилых зданий(Метр квадратный)"	"2014 год"	"201412"	"АТБАСАРСКИЙ РАЙОН"	"186"	"сельская местность"	"3"	"Всего"	"1"	"Всего"	"1"	"Всего"	"1"	"377"
"Общая площадь введенных в эксплуатацию жилых зданий(Метр квадратный)"	"2019 год"	"201912"	"АТБАСАРСКИЙ РАЙОН"	"186"	"сельская местность"	"3"	"Всего"	"1"	"Всего"	"1"	"Всего"	"1"	"140"
"Общая площадь введенных в эксплуатацию жилых зданий(Метр квадратный)"	"2015 год"	"201512"	"АТБАСАРСКИЙ РАЙОН"	"186"	"сельская местность"	"3"	"Всего"	"1"	"Всего"	"1"	"Всего"	"1"	"35"
"Общая площадь введенных в эксплуатацию жилых зданий(Метр квадратный)"	"2017 год"	"201712"	"АТБАСАРСКИЙ РАЙОН"	"186"	"сельская местность"	"3"	"Всего"	"1"	"Всего"	"1"	"Всего"	"1"	"683"
"Общая площадь введенных в эксплуатацию жилых зданий(Метр квадратный)"	"2018 год"	"201812"	"АТБАСАРСКИЙ РАЙОН"	"186"	"сельская местность"	"3"	"Всего"	"1"	"Всего"	"1"	"Всего"	"1"	"140"
"Общая площадь введенных в эксплуатацию жилых зданий(Метр квадратный)"	"2021 год"	"202112"	"АТБАСАРСКИЙ РАЙОН"	"186"	"сельская местность"	"3"	"Всего"	"1"	"Всего"	"1"	"Всего"	"1"	"821"
"Общая площадь введенных в эксплуатацию жилых зданий(Метр квадратный)"	"2022 год"	"202212"	"АТБАСАРСКИЙ РАЙОН"	"186"	"сельская местность"	"3"	"Всего"	"1"	"Всего"	"1"	"Всего"	"1"	"149"
"Общая площадь введенных в эксплуатацию жилых зданий(Метр квадратный)"	"2016 год"	"201612"	"БУЛАНДЫНСКИЙ РАЙОН"	"253"	"Всего"	"1"	"Всего"	"1"	"Всего"	"1"	"Всего"	"1"	"4 869"
"Общая площадь введенных в эксплуатацию жилых зданий(Метр квадратный)"	"2020 год"	"202012"	"БУЛАНДЫНСКИЙ РАЙОН"	"253"	"Всего"	"1"	"Всего"	"1"	"Всего"	"1"	"Всего"	"1"	"14 522"
"Общая площадь введенных в эксплуатацию жилых зданий(Метр квадратный)"	"2014 год"	"201412"	"БУЛАНДЫНСКИЙ РАЙОН"	"253"	"Всего"	"1"	"Всего"	"1"	"Всего"	"1"	"Всего"	"1"	"4 728"
"Общая площадь введенных в эксплуатацию жилых зданий(Метр квадратный)"	"2019 год"	"201912"	"БУЛАНДЫНСКИЙ РАЙОН"	"253"	"Всего"	"1"	"Всего"	"1"	"Всего"	"1"	"Всего"	"1"	"8 376"
"Общая площадь введенных в эксплуатацию жилых зданий(Метр квадратный)"	"2015 год"	"201512"	"БУЛАНДЫНСКИЙ РАЙОН"	"253"	"Всего"	"1"	"Всего"	"1"	"Всего"	"1"	"Всего"	"1"	"4 751"
"Общая площадь введенных в эксплуатацию жилых зданий(Метр квадратный)"	"2017 год"	"201712"	"БУЛАНДЫНСКИЙ РАЙОН"	"253"	"Всего"	"1"	"Всего"	"1"	"Всего"	"1"	"Всего"	"1"	"4 941"
"Общая площадь введенных в эксплуатацию жилых зданий(Метр квадратный)"	"2018 год"	"201812"	"БУЛАНДЫНСКИЙ РАЙОН"	"253"	"Всего"	"1"	"Всего"	"1"	"Всего"	"1"	"Всего"	"1"	"4 065"
"Общая площадь введенных в эксплуатацию жилых зданий(Метр квадратный)"	"2021 год"	"202112"	"БУЛАНДЫНСКИЙ РАЙОН"	"253"	"Всего"	"1"	"Всего"	"1"	"Всего"	"1"	"Всего"	"1"	"10 397"
"Общая площадь введенных в эксплуатацию жилых зданий(Метр квадратный)"	"2022 год"	"202212"	"БУЛАНДЫНСКИЙ РАЙОН"	"253"	"Всего"	"1"	"Всего"	"1"	"Всего"	"1"	"Всего"	"1"	"7 092"
"Общая площадь введенных в эксплуатацию жилых зданий(Метр квадратный)"	"2016 год"	"201612"	"БУЛАНДЫНСКИЙ РАЙОН"	"253"	"городская местность"	"2"	"Всего"	"1"	"Всего"	"1"	"Всего"	"1"	"4 387"
"Общая площадь введенных в эксплуатацию жилых зданий(Метр квадратный)"	"2020 год"	"202012"	"БУЛАНДЫНСКИЙ РАЙОН"	"253"	"городская местность"	"2"	"Всего"	"1"	"Всего"	"1"	"Всего"	"1"	"13 907"
"Общая площадь введенных в эксплуатацию жилых зданий(Метр квадратный)"	"2014 год"	"201412"	"БУЛАНДЫНСКИЙ РАЙОН"	"253"	"городская местность"	"2"	"Всего"	"1"	"Всего"	"1"	"Всего"	"1"	"4 179"
"Общая площадь введенных в эксплуатацию жилых зданий(Метр квадратный)"	"2019 год"	"201912"	"БУЛАНДЫНСКИЙ РАЙОН"	"253"	"городская местность"	"2"	"Всего"	"1"	"Всего"	"1"	"Всего"	"1"	"7 627"
"Общая площадь введенных в эксплуатацию жилых зданий(Метр квадратный)"	"2015 год"	"201512"	"БУЛАНДЫНСКИЙ РАЙОН"	"253"	"городская местность"	"2"	"Всего"	"1"	"Всего"	"1"	"Всего"	"1"	"4 015"
"Общая площадь введенных в эксплуатацию жилых зданий(Метр квадратный)"	"2017 год"	"201712"	"БУЛАНДЫНСКИЙ РАЙОН"	"253"	"городская местность"	"2"	"Всего"	"1"	"Всего"	"1"	"Всего"	"1"	"4 128"
"Общая площадь введенных в эксплуатацию жилых зданий(Метр квадратный)"	"2018 год"	"201812"	"БУЛАНДЫНСКИЙ РАЙОН"	"253"	"городская местность"	"2"	"Всего"	"1"	"Всего"	"1"	"Всего"	"1"	"3 733"
"Общая площадь введенных в эксплуатацию жилых зданий(Метр квадратный)"	"2021 год"	"202112"	"БУЛАНДЫНСКИЙ РАЙОН"	"253"	"городская местность"	"2"	"Всего"	"1"	"Всего"	"1"	"Всего"	"1"	"9 610"
"Общая площадь введенных в эксплуатацию жилых зданий(Метр квадратный)"	"2022 год"	"202212"	"БУЛАНДЫНСКИЙ РАЙОН"	"253"	"городская местность"	"2"	"Всего"	"1"	"Всего"	"1"	"Всего"	"1"	"5 877"
"Общая площадь введенных в эксплуатацию жилых зданий(Метр квадратный)"	"2016 год"	"201612"	"БУЛАНДЫНСКИЙ РАЙОН"	"253"	"сельская местность"	"3"	"Всего"	"1"	"Всего"	"1"	"Всего"	"1"	"482"
"Общая площадь введенных в эксплуатацию жилых зданий(Метр квадратный)"	"2020 год"	"202012"	"БУЛАНДЫНСКИЙ РАЙОН"	"253"	"сельская местность"	"3"	"Всего"	"1"	"Всего"	"1"	"Всего"	"1"	"615"
"Общая площадь введенных в эксплуатацию жилых зданий(Метр квадратный)"	"2014 год"	"201412"	"БУЛАНДЫНСКИЙ РАЙОН"	"253"	"сельская местность"	"3"	"Всего"	"1"	"Всего"	"1"	"Всего"	"1"	"549"
"Общая площадь введенных в эксплуатацию жилых зданий(Метр квадратный)"	"2019 год"	"201912"	"БУЛАНДЫНСКИЙ РАЙОН"	"253"	"сельская местность"	"3"	"Всего"	"1"	"Всего"	"1"	"Всего"	"1"	"749"
"Общая площадь введенных в эксплуатацию жилых зданий(Метр квадратный)"	"2015 год"	"201512"	"БУЛАНДЫНСКИЙ РАЙОН"	"253"	"сельская местность"	"3"	"Всего"	"1"	"Всего"	"1"	"Всего"	"1"	"736"
"Общая площадь введенных в эксплуатацию жилых зданий(Метр квадратный)"	"2017 год"	"201712"	"БУЛАНДЫНСКИЙ РАЙОН"	"253"	"сельская местность"	"3"	"Всего"	"1"	"Всего"	"1"	"Всего"	"1"	"813"
"Общая площадь введенных в эксплуатацию жилых зданий(Метр квадратный)"	"2018 год"	"201812"	"БУЛАНДЫНСКИЙ РАЙОН"	"253"	"сельская местность"	"3"	"Всего"	"1"	"Всего"	"1"	"Всего"	"1"	"332"
"Общая площадь введенных в эксплуатацию жилых зданий(Метр квадратный)"	"2021 год"	"202112"	"БУЛАНДЫНСКИЙ РАЙОН"	"253"	"сельская местность"	"3"	"Всего"	"1"	"Всего"	"1"	"Всего"	"1"	"787"
"Общая площадь введенных в эксплуатацию жилых зданий(Метр квадратный)"	"2022 год"	"202212"	"БУЛАНДЫНСКИЙ РАЙОН"	"253"	"сельская местность"	"3"	"Всего"	"1"	"Всего"	"1"	"Всего"	"1"	"1 215"
"Общая площадь введенных в эксплуатацию жилых зданий(Метр квадратный)"	"2016 год"	"201612"	"ЕГИНДЫКОЛЬСКИЙ РАЙОН"	"304"	"Всего"	"1"	"Всего"	"1"	"Всего"	"1"	"Всего"	"1"	"544"
"Общая площадь введенных в эксплуатацию жилых зданий(Метр квадратный)"	"2020 год"	"202012"	"ЕГИНДЫКОЛЬСКИЙ РАЙОН"	"304"	"Всего"	"1"	"Всего"	"1"	"Всего"	"1"	"Всего"	"1"	"1 213"
"Общая площадь введенных в эксплуатацию жилых зданий(Метр квадратный)"	"2014 год"	"201412"	"ЕГИНДЫКОЛЬСКИЙ РАЙОН"	"304"	"Всего"	"1"	"Всего"	"1"	"Всего"	"1"	"Всего"	"1"	"455"
"Общая площадь введенных в эксплуатацию жилых зданий(Метр квадратный)"	"2019 год"	"201912"	"ЕГИНДЫКОЛЬСКИЙ РАЙОН"	"304"	"Всего"	"1"	"Всего"	"1"	"Всего"	"1"	"Всего"	"1"	"828"
"Общая площадь введенных в эксплуатацию жилых зданий(Метр квадратный)"	"2015 год"	"201512"	"ЕГИНДЫКОЛЬСКИЙ РАЙОН"	"304"	"Всего"	"1"	"Всего"	"1"	"Всего"	"1"	"Всего"	"1"	"178"
"Общая площадь введенных в эксплуатацию жилых зданий(Метр квадратный)"	"2017 год"	"201712"	"ЕГИНДЫКОЛЬСКИЙ РАЙОН"	"304"	"Всего"	"1"	"Всего"	"1"	"Всего"	"1"	"Всего"	"1"	"1 399"
"Общая площадь введенных в эксплуатацию жилых зданий(Метр квадратный)"	"2018 год"	"201812"	"ЕГИНДЫКОЛЬСКИЙ РАЙОН"	"304"	"Всего"	"1"	"Всего"	"1"	"Всего"	"1"	"Всего"	"1"	"598"
"Общая площадь введенных в эксплуатацию жилых зданий(Метр квадратный)"	"2021 год"	"202112"	"ЕГИНДЫКОЛЬСКИЙ РАЙОН"	"304"	"Всего"	"1"	"Всего"	"1"	"Всего"	"1"	"Всего"	"1"	"1 026"
"Общая площадь введенных в эксплуатацию жилых зданий(Метр квадратный)"	"2022 год"	"202212"	"ЕГИНДЫКОЛЬСКИЙ РАЙОН"	"304"	"Всего"	"1"	"Всего"	"1"	"Всего"	"1"	"Всего"	"1"	"1 087"
"Общая площадь введенных в эксплуатацию жилых зданий(Метр квадратный)"	"2016 год"	"201612"	"ЕГИНДЫКОЛЬСКИЙ РАЙОН"	"304"	"сельская местность"	"3"	"Всего"	"1"	"Всего"	"1"	"Всего"	"1"	"544"
"Общая площадь введенных в эксплуатацию жилых зданий(Метр квадратный)"	"2020 год"	"202012"	"ЕГИНДЫКОЛЬСКИЙ РАЙОН"	"304"	"сельская местность"	"3"	"Всего"	"1"	"Всего"	"1"	"Всего"	"1"	"1 213"
"Общая площадь введенных в эксплуатацию жилых зданий(Метр квадратный)"	"2014 год"	"201412"	"ЕГИНДЫКОЛЬСКИЙ РАЙОН"	"304"	"сельская местность"	"3"	"Всего"	"1"	"Всего"	"1"	"Всего"	"1"	"455"
"Общая площадь введенных в эксплуатацию жилых зданий(Метр квадратный)"	"2019 год"	"201912"	"ЕГИНДЫКОЛЬСКИЙ РАЙОН"	"304"	"сельская местность"	"3"	"Всего"	"1"	"Всего"	"1"	"Всего"	"1"	"828"
"Общая площадь введенных в эксплуатацию жилых зданий(Метр квадратный)"	"2015 год"	"201512"	"ЕГИНДЫКОЛЬСКИЙ РАЙОН"	"304"	"сельская местность"	"3"	"Всего"	"1"	"Всего"	"1"	"Всего"	"1"	"178"
"Общая площадь введенных в эксплуатацию жилых зданий(Метр квадратный)"	"2017 год"	"201712"	"ЕГИНДЫКОЛЬСКИЙ РАЙОН"	"304"	"сельская местность"	"3"	"Всего"	"1"	"Всего"	"1"	"Всего"	"1"	"1 399"
"Общая площадь введенных в эксплуатацию жилых зданий(Метр квадратный)"	"2018 год"	"201812"	"ЕГИНДЫКОЛЬСКИЙ РАЙОН"	"304"	"сельская местность"	"3"	"Всего"	"1"	"Всего"	"1"	"Всего"	"1"	"598"
"Общая площадь введенных в эксплуатацию жилых зданий(Метр квадратный)"	"2021 год"	"202112"	"ЕГИНДЫКОЛЬСКИЙ РАЙОН"	"304"	"сельская местность"	"3"	"Всего"	"1"	"Всего"	"1"	"Всего"	"1"	"1 026"
"Общая площадь введенных в эксплуатацию жилых зданий(Метр квадратный)"	"2022 год"	"202212"	"ЕГИНДЫКОЛЬСКИЙ РАЙОН"	"304"	"сельская местность"	"3"	"Всего"	"1"	"Всего"	"1"	"Всего"	"1"	"1 087"
"Общая площадь введенных в эксплуатацию жилых зданий(Метр квадратный)"	"2016 год"	"201612"	"РАЙОН БИРЖАН САЛ"	"328"	"Всего"	"1"	"Всего"	"1"	"Всего"	"1"	"Всего"	"1"	"1 204"
"Общая площадь введенных в эксплуатацию жилых зданий(Метр квадратный)"	"2020 год"	"202012"	"РАЙОН БИРЖАН САЛ"	"328"	"Всего"	"1"	"Всего"	"1"	"Всего"	"1"	"Всего"	"1"	"3 324"
"Общая площадь введенных в эксплуатацию жилых зданий(Метр квадратный)"	"2014 год"	"201412"	"РАЙОН БИРЖАН САЛ"	"328"	"Всего"	"1"	"Всего"	"1"	"Всего"	"1"	"Всего"	"1"	"1 347"
"Общая площадь введенных в эксплуатацию жилых зданий(Метр квадратный)"	"2019 год"	"201912"	"РАЙОН БИРЖАН САЛ"	"328"	"Всего"	"1"	"Всего"	"1"	"Всего"	"1"	"Всего"	"1"	"1 300"
"Общая площадь введенных в эксплуатацию жилых зданий(Метр квадратный)"	"2015 год"	"201512"	"РАЙОН БИРЖАН САЛ"	"328"	"Всего"	"1"	"Всего"	"1"	"Всего"	"1"	"Всего"	"1"	"1 203"
"Общая площадь введенных в эксплуатацию жилых зданий(Метр квадратный)"	"2017 год"	"201712"	"РАЙОН БИРЖАН САЛ"	"328"	"Всего"	"1"	"Всего"	"1"	"Всего"	"1"	"Всего"	"1"	"5 917"
"Общая площадь введенных в эксплуатацию жилых зданий(Метр квадратный)"	"2018 год"	"201812"	"РАЙОН БИРЖАН САЛ"	"328"	"Всего"	"1"	"Всего"	"1"	"Всего"	"1"	"Всего"	"1"	"948"
"Общая площадь введенных в эксплуатацию жилых зданий(Метр квадратный)"	"2021 год"	"202112"	"РАЙОН БИРЖАН САЛ"	"328"	"Всего"	"1"	"Всего"	"1"	"Всего"	"1"	"Всего"	"1"	"3 419"
"Общая площадь введенных в эксплуатацию жилых зданий(Метр квадратный)"	"2022 год"	"202212"	"РАЙОН БИРЖАН САЛ"	"328"	"Всего"	"1"	"Всего"	"1"	"Всего"	"1"	"Всего"	"1"	"4 320"
"Общая площадь введенных в эксплуатацию жилых зданий(Метр квадратный)"	"2016 год"	"201612"	"РАЙОН БИРЖАН САЛ"	"328"	"городская местность"	"2"	"Всего"	"1"	"Всего"	"1"	"Всего"	"1"	"240"
"Общая площадь введенных в эксплуатацию жилых зданий(Метр квадратный)"	"2020 год"	"202012"	"РАЙОН БИРЖАН САЛ"	"328"	"городская местность"	"2"	"Всего"	"1"	"Всего"	"1"	"Всего"	"1"	"1 980"
"Общая площадь введенных в эксплуатацию жилых зданий(Метр квадратный)"	"2014 год"	"201412"	"РАЙОН БИРЖАН САЛ"	"328"	"городская местность"	"2"	"Всего"	"1"	"Всего"	"1"	"Всего"	"1"	"230"
"Общая площадь введенных в эксплуатацию жилых зданий(Метр квадратный)"	"2019 год"	"201912"	"РАЙОН БИРЖАН САЛ"	"328"	"городская местность"	"2"	"Всего"	"1"	"Всего"	"1"	"Всего"	"1"	"82"
"Общая площадь введенных в эксплуатацию жилых зданий(Метр квадратный)"	"2015 год"	"201512"	"РАЙОН БИРЖАН САЛ"	"328"	"городская местность"	"2"	"Всего"	"1"	"Всего"	"1"	"Всего"	"1"	"90"
"Общая площадь введенных в эксплуатацию жилых зданий(Метр квадратный)"	"2017 год"	"201712"	"РАЙОН БИРЖАН САЛ"	"328"	"городская местность"	"2"	"Всего"	"1"	"Всего"	"1"	"Всего"	"1"	"2 058"
"Общая площадь введенных в эксплуатацию жилых зданий(Метр квадратный)"	"2018 год"	"201812"	"РАЙОН БИРЖАН САЛ"	"328"	"городская местность"	"2"	"Всего"	"1"	"Всего"	"1"	"Всего"	"1"	"118"
"Общая площадь введенных в эксплуатацию жилых зданий(Метр квадратный)"	"2021 год"	"202112"	"РАЙОН БИРЖАН САЛ"	"328"	"городская местность"	"2"	"Всего"	"1"	"Всего"	"1"	"Всего"	"1"	"629"
"Общая площадь введенных в эксплуатацию жилых зданий(Метр квадратный)"	"2022 год"	"202212"	"РАЙОН БИРЖАН САЛ"	"328"	"городская местность"	"2"	"Всего"	"1"	"Всего"	"1"	"Всего"	"1"	"2 380"
"Общая площадь введенных в эксплуатацию жилых зданий(Метр квадратный)"	"2016 год"	"201612"	"РАЙОН БИРЖАН САЛ"	"328"	"сельская местность"	"3"	"Всего"	"1"	"Всего"	"1"	"Всего"	"1"	"964"
"Общая площадь введенных в эксплуатацию жилых зданий(Метр квадратный)"	"2020 год"	"202012"	"РАЙОН БИРЖАН САЛ"	"328"	"сельская местность"	"3"	"Всего"	"1"	"Всего"	"1"	"Всего"	"1"	"1 344"
"Общая площадь введенных в эксплуатацию жилых зданий(Метр квадратный)"	"2014 год"	"201412"	"РАЙОН БИРЖАН САЛ"	"328"	"сельская местность"	"3"	"Всего"	"1"	"Всего"	"1"	"Всего"	"1"	"1 117"
"Общая площадь введенных в эксплуатацию жилых зданий(Метр квадратный)"	"2019 год"	"201912"	"РАЙОН БИРЖАН САЛ"	"328"	"сельская местность"	"3"	"Всего"	"1"	"Всего"	"1"	"Всего"	"1"	"1 218"
"Общая площадь введенных в эксплуатацию жилых зданий(Метр квадратный)"	"2015 год"	"201512"	"РАЙОН БИРЖАН САЛ"	"328"	"сельская местность"	"3"	"Всего"	"1"	"Всего"	"1"	"Всего"	"1"	"1 113"
"Общая площадь введенных в эксплуатацию жилых зданий(Метр квадратный)"	"2017 год"	"201712"	"РАЙОН БИРЖАН САЛ"	"328"	"сельская местность"	"3"	"Всего"	"1"	"Всего"	"1"	"Всего"	"1"	"3 859"
"Общая площадь введенных в эксплуатацию жилых зданий(Метр квадратный)"	"2018 год"	"201812"	"РАЙОН БИРЖАН САЛ"	"328"	"сельская местность"	"3"	"Всего"	"1"	"Всего"	"1"	"Всего"	"1"	"830"
"Общая площадь введенных в эксплуатацию жилых зданий(Метр квадратный)"	"2021 год"	"202112"	"РАЙОН БИРЖАН САЛ"	"328"	"сельская местность"	"3"	"Всего"	"1"	"Всего"	"1"	"Всего"	"1"	"2 790"
"Общая площадь введенных в эксплуатацию жилых зданий(Метр квадратный)"	"2022 год"	"202212"	"РАЙОН БИРЖАН САЛ"	"328"	"сельская местность"	"3"	"Всего"	"1"	"Всего"	"1"	"Всего"	"1"	"1 940"
"Общая площадь введенных в эксплуатацию жилых зданий(Метр квадратный)"	"2016 год"	"201612"	"ЕРЕЙМЕНТАУСКИЙ РАЙОН"	"393"	"Всего"	"1"	"Всего"	"1"	"Всего"	"1"	"Всего"	"1"	"3 701"
"Общая площадь введенных в эксплуатацию жилых зданий(Метр квадратный)"	"2020 год"	"202012"	"ЕРЕЙМЕНТАУСКИЙ РАЙОН"	"393"	"Всего"	"1"	"Всего"	"1"	"Всего"	"1"	"Всего"	"1"	"4 150"
"Общая площадь введенных в эксплуатацию жилых зданий(Метр квадратный)"	"2014 год"	"201412"	"ЕРЕЙМЕНТАУСКИЙ РАЙОН"	"393"	"Всего"	"1"	"Всего"	"1"	"Всего"	"1"	"Всего"	"1"	"3 300"
"Общая площадь введенных в эксплуатацию жилых зданий(Метр квадратный)"	"2019 год"	"201912"	"ЕРЕЙМЕНТАУСКИЙ РАЙОН"	"393"	"Всего"	"1"	"Всего"	"1"	"Всего"	"1"	"Всего"	"1"	"4 010"
"Общая площадь введенных в эксплуатацию жилых зданий(Метр квадратный)"	"2015 год"	"201512"	"ЕРЕЙМЕНТАУСКИЙ РАЙОН"	"393"	"Всего"	"1"	"Всего"	"1"	"Всего"	"1"	"Всего"	"1"	"3 399"
"Общая площадь введенных в эксплуатацию жилых зданий(Метр квадратный)"	"2017 год"	"201712"	"ЕРЕЙМЕНТАУСКИЙ РАЙОН"	"393"	"Всего"	"1"	"Всего"	"1"	"Всего"	"1"	"Всего"	"1"	"8 241"
"Общая площадь введенных в эксплуатацию жилых зданий(Метр квадратный)"	"2018 год"	"201812"	"ЕРЕЙМЕНТАУСКИЙ РАЙОН"	"393"	"Всего"	"1"	"Всего"	"1"	"Всего"	"1"	"Всего"	"1"	"3 901"
"Общая площадь введенных в эксплуатацию жилых зданий(Метр квадратный)"	"2021 год"	"202112"	"ЕРЕЙМЕНТАУСКИЙ РАЙОН"	"393"	"Всего"	"1"	"Всего"	"1"	"Всего"	"1"	"Всего"	"1"	"11 165"
"Общая площадь введенных в эксплуатацию жилых зданий(Метр квадратный)"	"2022 год"	"202212"	"ЕРЕЙМЕНТАУСКИЙ РАЙОН"	"393"	"Всего"	"1"	"Всего"	"1"	"Всего"	"1"	"Всего"	"1"	"4 826"
"Общая площадь введенных в эксплуатацию жилых зданий(Метр квадратный)"	"2016 год"	"201612"	"ЕРЕЙМЕНТАУСКИЙ РАЙОН"	"393"	"городская местность"	"2"	"Всего"	"1"	"Всего"	"1"	"Всего"	"1"	"288"
"Общая площадь введенных в эксплуатацию жилых зданий(Метр квадратный)"	"2020 год"	"202012"	"ЕРЕЙМЕНТАУСКИЙ РАЙОН"	"393"	"городская местность"	"2"	"Всего"	"1"	"Всего"	"1"	"Всего"	"1"	"1 712"
"Общая площадь введенных в эксплуатацию жилых зданий(Метр квадратный)"	"2014 год"	"201412"	"ЕРЕЙМЕНТАУСКИЙ РАЙОН"	"393"	"городская местность"	"2"	"Всего"	"1"	"Всего"	"1"	"Всего"	"1"	"1 181"
"Общая площадь введенных в эксплуатацию жилых зданий(Метр квадратный)"	"2019 год"	"201912"	"ЕРЕЙМЕНТАУСКИЙ РАЙОН"	"393"	"городская местность"	"2"	"Всего"	"1"	"Всего"	"1"	"Всего"	"1"	"2 740"
"Общая площадь введенных в эксплуатацию жилых зданий(Метр квадратный)"	"2015 год"	"201512"	"ЕРЕЙМЕНТАУСКИЙ РАЙОН"	"393"	"городская местность"	"2"	"Всего"	"1"	"Всего"	"1"	"Всего"	"1"	"972"
"Общая площадь введенных в эксплуатацию жилых зданий(Метр квадратный)"	"2017 год"	"201712"	"ЕРЕЙМЕНТАУСКИЙ РАЙОН"	"393"	"городская местность"	"2"	"Всего"	"1"	"Всего"	"1"	"Всего"	"1"	"5 656"
"Общая площадь введенных в эксплуатацию жилых зданий(Метр квадратный)"	"2018 год"	"201812"	"ЕРЕЙМЕНТАУСКИЙ РАЙОН"	"393"	"городская местность"	"2"	"Всего"	"1"	"Всего"	"1"	"Всего"	"1"	"2 591"
"Общая площадь введенных в эксплуатацию жилых зданий(Метр квадратный)"	"2021 год"	"202112"	"ЕРЕЙМЕНТАУСКИЙ РАЙОН"	"393"	"городская местность"	"2"	"Всего"	"1"	"Всего"	"1"	"Всего"	"1"	"7 501"
"Общая площадь введенных в эксплуатацию жилых зданий(Метр квадратный)"	"2022 год"	"202212"	"ЕРЕЙМЕНТАУСКИЙ РАЙОН"	"393"	"городская местность"	"2"	"Всего"	"1"	"Всего"	"1"	"Всего"	"1"	"1 754"
"Общая площадь введенных в эксплуатацию жилых зданий(Метр квадратный)"	"2016 год"	"201612"	"ЕРЕЙМЕНТАУСКИЙ РАЙОН"	"393"	"сельская местность"	"3"	"Всего"	"1"	"Всего"	"1"	"Всего"	"1"	"3 413"
"Общая площадь введенных в эксплуатацию жилых зданий(Метр квадратный)"	"2020 год"	"202012"	"ЕРЕЙМЕНТАУСКИЙ РАЙОН"	"393"	"сельская местность"	"3"	"Всего"	"1"	"Всего"	"1"	"Всего"	"1"	"2 438"
"Общая площадь введенных в эксплуатацию жилых зданий(Метр квадратный)"	"2014 год"	"201412"	"ЕРЕЙМЕНТАУСКИЙ РАЙОН"	"393"	"сельская местность"	"3"	"Всего"	"1"	"Всего"	"1"	"Всего"	"1"	"2 119"
"Общая площадь введенных в эксплуатацию жилых зданий(Метр квадратный)"	"2019 год"	"201912"	"ЕРЕЙМЕНТАУСКИЙ РАЙОН"	"393"	"сельская местность"	"3"	"Всего"	"1"	"Всего"	"1"	"Всего"	"1"	"1 270"
"Общая площадь введенных в эксплуатацию жилых зданий(Метр квадратный)"	"2015 год"	"201512"	"ЕРЕЙМЕНТАУСКИЙ РАЙОН"	"393"	"сельская местность"	"3"	"Всего"	"1"	"Всего"	"1"	"Всего"	"1"	"2 427"
"Общая площадь введенных в эксплуатацию жилых зданий(Метр квадратный)"	"2017 год"	"201712"	"ЕРЕЙМЕНТАУСКИЙ РАЙОН"	"393"	"сельская местность"	"3"	"Всего"	"1"	"Всего"	"1"	"Всего"	"1"	"2 585"
"Общая площадь введенных в эксплуатацию жилых зданий(Метр квадратный)"	"2018 год"	"201812"	"ЕРЕЙМЕНТАУСКИЙ РАЙОН"	"393"	"сельская местность"	"3"	"Всего"	"1"	"Всего"	"1"	"Всего"	"1"	"1 310"
"Общая площадь введенных в эксплуатацию жилых зданий(Метр квадратный)"	"2021 год"	"202112"	"ЕРЕЙМЕНТАУСКИЙ РАЙОН"	"393"	"сельская местность"	"3"	"Всего"	"1"	"Всего"	"1"	"Всего"	"1"	"3 664"
"Общая площадь введенных в эксплуатацию жилых зданий(Метр квадратный)"	"2022 год"	"202212"	"ЕРЕЙМЕНТАУСКИЙ РАЙОН"	"393"	"сельская местность"	"3"	"Всего"	"1"	"Всего"	"1"	"Всего"	"1"	"3 072"
"Общая площадь введенных в эксплуатацию жилых зданий(Метр квадратный)"	"2016 год"	"201612"	"ЕСИЛЬСКИЙ РАЙОН"	"488"	"Всего"	"1"	"Всего"	"1"	"Всего"	"1"	"Всего"	"1"	"8 366"
"Общая площадь введенных в эксплуатацию жилых зданий(Метр квадратный)"	"2020 год"	"202012"	"ЕСИЛЬСКИЙ РАЙОН"	"488"	"Всего"	"1"	"Всего"	"1"	"Всего"	"1"	"Всего"	"1"	"6 596"
"Общая площадь введенных в эксплуатацию жилых зданий(Метр квадратный)"	"2014 год"	"201412"	"ЕСИЛЬСКИЙ РАЙОН"	"488"	"Всего"	"1"	"Всего"	"1"	"Всего"	"1"	"Всего"	"1"	"1 016"
"Общая площадь введенных в эксплуатацию жилых зданий(Метр квадратный)"	"2019 год"	"201912"	"ЕСИЛЬСКИЙ РАЙОН"	"488"	"Всего"	"1"	"Всего"	"1"	"Всего"	"1"	"Всего"	"1"	"2 578"
"Общая площадь введенных в эксплуатацию жилых зданий(Метр квадратный)"	"2015 год"	"201512"	"ЕСИЛЬСКИЙ РАЙОН"	"488"	"Всего"	"1"	"Всего"	"1"	"Всего"	"1"	"Всего"	"1"	"3 959"
"Общая площадь введенных в эксплуатацию жилых зданий(Метр квадратный)"	"2017 год"	"201712"	"ЕСИЛЬСКИЙ РАЙОН"	"488"	"Всего"	"1"	"Всего"	"1"	"Всего"	"1"	"Всего"	"1"	"1 355"
"Общая площадь введенных в эксплуатацию жилых зданий(Метр квадратный)"	"2018 год"	"201812"	"ЕСИЛЬСКИЙ РАЙОН"	"488"	"Всего"	"1"	"Всего"	"1"	"Всего"	"1"	"Всего"	"1"	"2 386"
"Общая площадь введенных в эксплуатацию жилых зданий(Метр квадратный)"	"2021 год"	"202112"	"ЕСИЛЬСКИЙ РАЙОН"	"488"	"Всего"	"1"	"Всего"	"1"	"Всего"	"1"	"Всего"	"1"	"3 535"
"Общая площадь введенных в эксплуатацию жилых зданий(Метр квадратный)"	"2022 год"	"202212"	"ЕСИЛЬСКИЙ РАЙОН"	"488"	"Всего"	"1"	"Всего"	"1"	"Всего"	"1"	"Всего"	"1"	"1 549"
"Общая площадь введенных в эксплуатацию жилых зданий(Метр квадратный)"	"2016 год"	"201612"	"ЕСИЛЬСКИЙ РАЙОН"	"488"	"городская местность"	"2"	"Всего"	"1"	"Всего"	"1"	"Всего"	"1"	"8 366"
"Общая площадь введенных в эксплуатацию жилых зданий(Метр квадратный)"	"2020 год"	"202012"	"ЕСИЛЬСКИЙ РАЙОН"	"488"	"городская местность"	"2"	"Всего"	"1"	"Всего"	"1"	"Всего"	"1"	"6 404"
"Общая площадь введенных в эксплуатацию жилых зданий(Метр квадратный)"	"2014 год"	"201412"	"ЕСИЛЬСКИЙ РАЙОН"	"488"	"городская местность"	"2"	"Всего"	"1"	"Всего"	"1"	"Всего"	"1"	"1 016"
"Общая площадь введенных в эксплуатацию жилых зданий(Метр квадратный)"	"2019 год"	"201912"	"ЕСИЛЬСКИЙ РАЙОН"	"488"	"городская местность"	"2"	"Всего"	"1"	"Всего"	"1"	"Всего"	"1"	"2 413"
"Общая площадь введенных в эксплуатацию жилых зданий(Метр квадратный)"	"2015 год"	"201512"	"ЕСИЛЬСКИЙ РАЙОН"	"488"	"городская местность"	"2"	"Всего"	"1"	"Всего"	"1"	"Всего"	"1"	"3 336"
"Общая площадь введенных в эксплуатацию жилых зданий(Метр квадратный)"	"2017 год"	"201712"	"ЕСИЛЬСКИЙ РАЙОН"	"488"	"городская местность"	"2"	"Всего"	"1"	"Всего"	"1"	"Всего"	"1"	"561"
"Общая площадь введенных в эксплуатацию жилых зданий(Метр квадратный)"	"2018 год"	"201812"	"ЕСИЛЬСКИЙ РАЙОН"	"488"	"городская местность"	"2"	"Всего"	"1"	"Всего"	"1"	"Всего"	"1"	"1 386"
"Общая площадь введенных в эксплуатацию жилых зданий(Метр квадратный)"	"2021 год"	"202112"	"ЕСИЛЬСКИЙ РАЙОН"	"488"	"городская местность"	"2"	"Всего"	"1"	"Всего"	"1"	"Всего"	"1"	"2 523"
"Общая площадь введенных в эксплуатацию жилых зданий(Метр квадратный)"	"2022 год"	"202212"	"ЕСИЛЬСКИЙ РАЙОН"	"488"	"городская местность"	"2"	"Всего"	"1"	"Всего"	"1"	"Всего"	"1"	"1 549"
"Общая площадь введенных в эксплуатацию жилых зданий(Метр квадратный)"	"2020 год"	"202012"	"ЕСИЛЬСКИЙ РАЙОН"	"488"	"сельская местность"	"3"	"Всего"	"1"	"Всего"	"1"	"Всего"	"1"	"192"
"Общая площадь введенных в эксплуатацию жилых зданий(Метр квадратный)"	"2019 год"	"201912"	"ЕСИЛЬСКИЙ РАЙОН"	"488"	"сельская местность"	"3"	"Всего"	"1"	"Всего"	"1"	"Всего"	"1"	"165"
"Общая площадь введенных в эксплуатацию жилых зданий(Метр квадратный)"	"2015 год"	"201512"	"ЕСИЛЬСКИЙ РАЙОН"	"488"	"сельская местность"	"3"	"Всего"	"1"	"Всего"	"1"	"Всего"	"1"	"623"
"Общая площадь введенных в эксплуатацию жилых зданий(Метр квадратный)"	"2017 год"	"201712"	"ЕСИЛЬСКИЙ РАЙОН"	"488"	"сельская местность"	"3"	"Всего"	"1"	"Всего"	"1"	"Всего"	"1"	"794"
"Общая площадь введенных в эксплуатацию жилых зданий(Метр квадратный)"	"2018 год"	"201812"	"ЕСИЛЬСКИЙ РАЙОН"	"488"	"сельская местность"	"3"	"Всего"	"1"	"Всего"	"1"	"Всего"	"1"	"1 000"
"Общая площадь введенных в эксплуатацию жилых зданий(Метр квадратный)"	"2021 год"	"202112"	"ЕСИЛЬСКИЙ РАЙОН"	"488"	"сельская местность"	"3"	"Всего"	"1"	"Всего"	"1"	"Всего"	"1"	"1 012"
"Общая площадь введенных в эксплуатацию жилых зданий(Метр квадратный)"	"2016 год"	"201612"	"ЖАКСЫНСКИЙ РАЙОН"	"551"	"Всего"	"1"	"Всего"	"1"	"Всего"	"1"	"Всего"	"1"	"2 304"
"Общая площадь введенных в эксплуатацию жилых зданий(Метр квадратный)"	"2020 год"	"202012"	"ЖАКСЫНСКИЙ РАЙОН"	"551"	"Всего"	"1"	"Всего"	"1"	"Всего"	"1"	"Всего"	"1"	"3 867"
"Общая площадь введенных в эксплуатацию жилых зданий(Метр квадратный)"	"2014 год"	"201412"	"ЖАКСЫНСКИЙ РАЙОН"	"551"	"Всего"	"1"	"Всего"	"1"	"Всего"	"1"	"Всего"	"1"	"2 043"
"Общая площадь введенных в эксплуатацию жилых зданий(Метр квадратный)"	"2019 год"	"201912"	"ЖАКСЫНСКИЙ РАЙОН"	"551"	"Всего"	"1"	"Всего"	"1"	"Всего"	"1"	"Всего"	"1"	"3 386"
"Общая площадь введенных в эксплуатацию жилых зданий(Метр квадратный)"	"2015 год"	"201512"	"ЖАКСЫНСКИЙ РАЙОН"	"551"	"Всего"	"1"	"Всего"	"1"	"Всего"	"1"	"Всего"	"1"	"1 225"
"Общая площадь введенных в эксплуатацию жилых зданий(Метр квадратный)"	"2017 год"	"201712"	"ЖАКСЫНСКИЙ РАЙОН"	"551"	"Всего"	"1"	"Всего"	"1"	"Всего"	"1"	"Всего"	"1"	"1 812"
"Общая площадь введенных в эксплуатацию жилых зданий(Метр квадратный)"	"2018 год"	"201812"	"ЖАКСЫНСКИЙ РАЙОН"	"551"	"Всего"	"1"	"Всего"	"1"	"Всего"	"1"	"Всего"	"1"	"1 207"
"Общая площадь введенных в эксплуатацию жилых зданий(Метр квадратный)"	"2021 год"	"202112"	"ЖАКСЫНСКИЙ РАЙОН"	"551"	"Всего"	"1"	"Всего"	"1"	"Всего"	"1"	"Всего"	"1"	"2 685"
"Общая площадь введенных в эксплуатацию жилых зданий(Метр квадратный)"	"2022 год"	"202212"	"ЖАКСЫНСКИЙ РАЙОН"	"551"	"Всего"	"1"	"Всего"	"1"	"Всего"	"1"	"Всего"	"1"	"2 321"
"Общая площадь введенных в эксплуатацию жилых зданий(Метр квадратный)"	"2016 год"	"201612"	"ЖАКСЫНСКИЙ РАЙОН"	"551"	"сельская местность"	"3"	"Всего"	"1"	"Всего"	"1"	"Всего"	"1"	"2 304"
"Общая площадь введенных в эксплуатацию жилых зданий(Метр квадратный)"	"2020 год"	"202012"	"ЖАКСЫНСКИЙ РАЙОН"	"551"	"сельская местность"	"3"	"Всего"	"1"	"Всего"	"1"	"Всего"	"1"	"3 867"
"Общая площадь введенных в эксплуатацию жилых зданий(Метр квадратный)"	"2014 год"	"201412"	"ЖАКСЫНСКИЙ РАЙОН"	"551"	"сельская местность"	"3"	"Всего"	"1"	"Всего"	"1"	"Всего"	"1"	"2 043"
"Общая площадь введенных в эксплуатацию жилых зданий(Метр квадратный)"	"2019 год"	"201912"	"ЖАКСЫНСКИЙ РАЙОН"	"551"	"сельская местность"	"3"	"Всего"	"1"	"Всего"	"1"	"Всего"	"1"	"3 386"
"Общая площадь введенных в эксплуатацию жилых зданий(Метр квадратный)"	"2015 год"	"201512"	"ЖАКСЫНСКИЙ РАЙОН"	"551"	"сельская местность"	"3"	"Всего"	"1"	"Всего"	"1"	"Всего"	"1"	"1 225"
"Общая площадь введенных в эксплуатацию жилых зданий(Метр квадратный)"	"2017 год"	"201712"	"ЖАКСЫНСКИЙ РАЙОН"	"551"	"сельская местность"	"3"	"Всего"	"1"	"Всего"	"1"	"Всего"	"1"	"1 812"
"Общая площадь введенных в эксплуатацию жилых зданий(Метр квадратный)"	"2018 год"	"201812"	"ЖАКСЫНСКИЙ РАЙОН"	"551"	"сельская местность"	"3"	"Всего"	"1"	"Всего"	"1"	"Всего"	"1"	"1 207"
"Общая площадь введенных в эксплуатацию жилых зданий(Метр квадратный)"	"2021 год"	"202112"	"ЖАКСЫНСКИЙ РАЙОН"	"551"	"сельская местность"	"3"	"Всего"	"1"	"Всего"	"1"	"Всего"	"1"	"2 685"
"Общая площадь введенных в эксплуатацию жилых зданий(Метр квадратный)"	"2022 год"	"202212"	"ЖАКСЫНСКИЙ РАЙОН"	"551"	"сельская местность"	"3"	"Всего"	"1"	"Всего"	"1"	"Всего"	"1"	"2 321"
"Общая площадь введенных в эксплуатацию жилых зданий(Метр квадратный)"	"2016 год"	"201612"	"ЖАРКАИНСКИЙ РАЙОН"	"608"	"Всего"	"1"	"Всего"	"1"	"Всего"	"1"	"Всего"	"1"	"1 617"
"Общая площадь введенных в эксплуатацию жилых зданий(Метр квадратный)"	"2020 год"	"202012"	"ЖАРКАИНСКИЙ РАЙОН"	"608"	"Всего"	"1"	"Всего"	"1"	"Всего"	"1"	"Всего"	"1"	"6 701"
"Общая площадь введенных в эксплуатацию жилых зданий(Метр квадратный)"	"2014 год"	"201412"	"ЖАРКАИНСКИЙ РАЙОН"	"608"	"Всего"	"1"	"Всего"	"1"	"Всего"	"1"	"Всего"	"1"	"1 575"
"Общая площадь введенных в эксплуатацию жилых зданий(Метр квадратный)"	"2019 год"	"201912"	"ЖАРКАИНСКИЙ РАЙОН"	"608"	"Всего"	"1"	"Всего"	"1"	"Всего"	"1"	"Всего"	"1"	"6 601"
"Общая площадь введенных в эксплуатацию жилых зданий(Метр квадратный)"	"2015 год"	"201512"	"ЖАРКАИНСКИЙ РАЙОН"	"608"	"Всего"	"1"	"Всего"	"1"	"Всего"	"1"	"Всего"	"1"	"7 196"
"Общая площадь введенных в эксплуатацию жилых зданий(Метр квадратный)"	"2017 год"	"201712"	"ЖАРКАИНСКИЙ РАЙОН"	"608"	"Всего"	"1"	"Всего"	"1"	"Всего"	"1"	"Всего"	"1"	"1 684"
"Общая площадь введенных в эксплуатацию жилых зданий(Метр квадратный)"	"2018 год"	"201812"	"ЖАРКАИНСКИЙ РАЙОН"	"608"	"Всего"	"1"	"Всего"	"1"	"Всего"	"1"	"Всего"	"1"	"2 045"
"Общая площадь введенных в эксплуатацию жилых зданий(Метр квадратный)"	"2021 год"	"202112"	"ЖАРКАИНСКИЙ РАЙОН"	"608"	"Всего"	"1"	"Всего"	"1"	"Всего"	"1"	"Всего"	"1"	"4 351"
"Общая площадь введенных в эксплуатацию жилых зданий(Метр квадратный)"	"2022 год"	"202212"	"ЖАРКАИНСКИЙ РАЙОН"	"608"	"Всего"	"1"	"Всего"	"1"	"Всего"	"1"	"Всего"	"1"	"3 580"
"Общая площадь введенных в эксплуатацию жилых зданий(Метр квадратный)"	"2016 год"	"201612"	"ЖАРКАИНСКИЙ РАЙОН"	"608"	"городская местность"	"2"	"Всего"	"1"	"Всего"	"1"	"Всего"	"1"	"1 367"
"Общая площадь введенных в эксплуатацию жилых зданий(Метр квадратный)"	"2020 год"	"202012"	"ЖАРКАИНСКИЙ РАЙОН"	"608"	"городская местность"	"2"	"Всего"	"1"	"Всего"	"1"	"Всего"	"1"	"4 733"
"Общая площадь введенных в эксплуатацию жилых зданий(Метр квадратный)"	"2014 год"	"201412"	"ЖАРКАИНСКИЙ РАЙОН"	"608"	"городская местность"	"2"	"Всего"	"1"	"Всего"	"1"	"Всего"	"1"	"823"
"Общая площадь введенных в эксплуатацию жилых зданий(Метр квадратный)"	"2019 год"	"201912"	"ЖАРКАИНСКИЙ РАЙОН"	"608"	"городская местность"	"2"	"Всего"	"1"	"Всего"	"1"	"Всего"	"1"	"5 598"
"Общая площадь введенных в эксплуатацию жилых зданий(Метр квадратный)"	"2015 год"	"201512"	"ЖАРКАИНСКИЙ РАЙОН"	"608"	"городская местность"	"2"	"Всего"	"1"	"Всего"	"1"	"Всего"	"1"	"6 663"
"Общая площадь введенных в эксплуатацию жилых зданий(Метр квадратный)"	"2017 год"	"201712"	"ЖАРКАИНСКИЙ РАЙОН"	"608"	"городская местность"	"2"	"Всего"	"1"	"Всего"	"1"	"Всего"	"1"	"666"
"Общая площадь введенных в эксплуатацию жилых зданий(Метр квадратный)"	"2018 год"	"201812"	"ЖАРКАИНСКИЙ РАЙОН"	"608"	"городская местность"	"2"	"Всего"	"1"	"Всего"	"1"	"Всего"	"1"	"1 095"
"Общая площадь введенных в эксплуатацию жилых зданий(Метр квадратный)"	"2021 год"	"202112"	"ЖАРКАИНСКИЙ РАЙОН"	"608"	"городская местность"	"2"	"Всего"	"1"	"Всего"	"1"	"Всего"	"1"	"2 988"
"Общая площадь введенных в эксплуатацию жилых зданий(Метр квадратный)"	"2022 год"	"202212"	"ЖАРКАИНСКИЙ РАЙОН"	"608"	"городская местность"	"2"	"Всего"	"1"	"Всего"	"1"	"Всего"	"1"	"3 345"
"Общая площадь введенных в эксплуатацию жилых зданий(Метр квадратный)"	"2016 год"	"201612"	"ЖАРКАИНСКИЙ РАЙОН"	"608"	"сельская местность"	"3"	"Всего"	"1"	"Всего"	"1"	"Всего"	"1"	"250"
"Общая площадь введенных в эксплуатацию жилых зданий(Метр квадратный)"	"2020 год"	"202012"	"ЖАРКАИНСКИЙ РАЙОН"	"608"	"сельская местность"	"3"	"Всего"	"1"	"Всего"	"1"	"Всего"	"1"	"1 968"
"Общая площадь введенных в эксплуатацию жилых зданий(Метр квадратный)"	"2014 год"	"201412"	"ЖАРКАИНСКИЙ РАЙОН"	"608"	"сельская местность"	"3"	"Всего"	"1"	"Всего"	"1"	"Всего"	"1"	"752"
"Общая площадь введенных в эксплуатацию жилых зданий(Метр квадратный)"	"2019 год"	"201912"	"ЖАРКАИНСКИЙ РАЙОН"	"608"	"сельская местность"	"3"	"Всего"	"1"	"Всего"	"1"	"Всего"	"1"	"1 003"
"Общая площадь введенных в эксплуатацию жилых зданий(Метр квадратный)"	"2015 год"	"201512"	"ЖАРКАИНСКИЙ РАЙОН"	"608"	"сельская местность"	"3"	"Всего"	"1"	"Всего"	"1"	"Всего"	"1"	"533"
"Общая площадь введенных в эксплуатацию жилых зданий(Метр квадратный)"	"2017 год"	"201712"	"ЖАРКАИНСКИЙ РАЙОН"	"608"	"сельская местность"	"3"	"Всего"	"1"	"Всего"	"1"	"Всего"	"1"	"1 018"
"Общая площадь введенных в эксплуатацию жилых зданий(Метр квадратный)"	"2018 год"	"201812"	"ЖАРКАИНСКИЙ РАЙОН"	"608"	"сельская местность"	"3"	"Всего"	"1"	"Всего"	"1"	"Всего"	"1"	"950"
"Общая площадь введенных в эксплуатацию жилых зданий(Метр квадратный)"	"2021 год"	"202112"	"ЖАРКАИНСКИЙ РАЙОН"	"608"	"сельская местность"	"3"	"Всего"	"1"	"Всего"	"1"	"Всего"	"1"	"1 363"
"Общая площадь введенных в эксплуатацию жилых зданий(Метр квадратный)"	"2022 год"	"202212"	"ЖАРКАИНСКИЙ РАЙОН"	"608"	"сельская местность"	"3"	"Всего"	"1"	"Всего"	"1"	"Всего"	"1"	"235"
"Общая площадь введенных в эксплуатацию жилых зданий(Метр квадратный)"	"2016 год"	"201612"	"ЗЕРЕНДИНСКИЙ РАЙОН"	"664"	"Всего"	"1"	"Всего"	"1"	"Всего"	"1"	"Всего"	"1"	"3 718"
"Общая площадь введенных в эксплуатацию жилых зданий(Метр квадратный)"	"2020 год"	"202012"	"ЗЕРЕНДИНСКИЙ РАЙОН"	"664"	"Всего"	"1"	"Всего"	"1"	"Всего"	"1"	"Всего"	"1"	"8 463"
"Общая площадь введенных в эксплуатацию жилых зданий(Метр квадратный)"	"2014 год"	"201412"	"ЗЕРЕНДИНСКИЙ РАЙОН"	"664"	"Всего"	"1"	"Всего"	"1"	"Всего"	"1"	"Всего"	"1"	"3 626"
"Общая площадь введенных в эксплуатацию жилых зданий(Метр квадратный)"	"2019 год"	"201912"	"ЗЕРЕНДИНСКИЙ РАЙОН"	"664"	"Всего"	"1"	"Всего"	"1"	"Всего"	"1"	"Всего"	"1"	"8 090"
"Общая площадь введенных в эксплуатацию жилых зданий(Метр квадратный)"	"2015 год"	"201512"	"ЗЕРЕНДИНСКИЙ РАЙОН"	"664"	"Всего"	"1"	"Всего"	"1"	"Всего"	"1"	"Всего"	"1"	"3 695"
"Общая площадь введенных в эксплуатацию жилых зданий(Метр квадратный)"	"2017 год"	"201712"	"ЗЕРЕНДИНСКИЙ РАЙОН"	"664"	"Всего"	"1"	"Всего"	"1"	"Всего"	"1"	"Всего"	"1"	"3 852"
"Общая площадь введенных в эксплуатацию жилых зданий(Метр квадратный)"	"2018 год"	"201812"	"ЗЕРЕНДИНСКИЙ РАЙОН"	"664"	"Всего"	"1"	"Всего"	"1"	"Всего"	"1"	"Всего"	"1"	"5 804"
"Общая площадь введенных в эксплуатацию жилых зданий(Метр квадратный)"	"2021 год"	"202112"	"ЗЕРЕНДИНСКИЙ РАЙОН"	"664"	"Всего"	"1"	"Всего"	"1"	"Всего"	"1"	"Всего"	"1"	"8 105"
"Общая площадь введенных в эксплуатацию жилых зданий(Метр квадратный)"	"2022 год"	"202212"	"ЗЕРЕНДИНСКИЙ РАЙОН"	"664"	"Всего"	"1"	"Всего"	"1"	"Всего"	"1"	"Всего"	"1"	"4 726"
"Общая площадь введенных в эксплуатацию жилых зданий(Метр квадратный)"	"2016 год"	"201612"	"ЗЕРЕНДИНСКИЙ РАЙОН"	"664"	"сельская местность"	"3"	"Всего"	"1"	"Всего"	"1"	"Всего"	"1"	"3 718"
"Общая площадь введенных в эксплуатацию жилых зданий(Метр квадратный)"	"2020 год"	"202012"	"ЗЕРЕНДИНСКИЙ РАЙОН"	"664"	"сельская местность"	"3"	"Всего"	"1"	"Всего"	"1"	"Всего"	"1"	"8 463"
"Общая площадь введенных в эксплуатацию жилых зданий(Метр квадратный)"	"2014 год"	"201412"	"ЗЕРЕНДИНСКИЙ РАЙОН"	"664"	"сельская местность"	"3"	"Всего"	"1"	"Всего"	"1"	"Всего"	"1"	"3 626"
"Общая площадь введенных в эксплуатацию жилых зданий(Метр квадратный)"	"2019 год"	"201912"	"ЗЕРЕНДИНСКИЙ РАЙОН"	"664"	"сельская местность"	"3"	"Всего"	"1"	"Всего"	"1"	"Всего"	"1"	"8 090"
"Общая площадь введенных в эксплуатацию жилых зданий(Метр квадратный)"	"2015 год"	"201512"	"ЗЕРЕНДИНСКИЙ РАЙОН"	"664"	"сельская местность"	"3"	"Всего"	"1"	"Всего"	"1"	"Всего"	"1"	"3 695"
"Общая площадь введенных в эксплуатацию жилых зданий(Метр квадратный)"	"2017 год"	"201712"	"ЗЕРЕНДИНСКИЙ РАЙОН"	"664"	"сельская местность"	"3"	"Всего"	"1"	"Всего"	"1"	"Всего"	"1"	"3 852"
"Общая площадь введенных в эксплуатацию жилых зданий(Метр квадратный)"	"2018 год"	"201812"	"ЗЕРЕНДИНСКИЙ РАЙОН"	"664"	"сельская местность"	"3"	"Всего"	"1"	"Всего"	"1"	"Всего"	"1"	"5 804"
"Общая площадь введенных в эксплуатацию жилых зданий(Метр квадратный)"	"2021 год"	"202112"	"ЗЕРЕНДИНСКИЙ РАЙОН"	"664"	"сельская местность"	"3"	"Всего"	"1"	"Всего"	"1"	"Всего"	"1"	"8 105"
"Общая площадь введенных в эксплуатацию жилых зданий(Метр квадратный)"	"2022 год"	"202212"	"ЗЕРЕНДИНСКИЙ РАЙОН"	"664"	"сельская местность"	"3"	"Всего"	"1"	"Всего"	"1"	"Всего"	"1"	"4 726"
"Общая площадь введенных в эксплуатацию жилых зданий(Метр квадратный)"	"2016 год"	"201612"	"КОРГАЛЖЫНСКИЙ РАЙОН"	"790"	"Всего"	"1"	"Всего"	"1"	"Всего"	"1"	"Всего"	"1"	"3 882"
"Общая площадь введенных в эксплуатацию жилых зданий(Метр квадратный)"	"2020 год"	"202012"	"КОРГАЛЖЫНСКИЙ РАЙОН"	"790"	"Всего"	"1"	"Всего"	"1"	"Всего"	"1"	"Всего"	"1"	"3 569"
"Общая площадь введенных в эксплуатацию жилых зданий(Метр квадратный)"	"2014 год"	"201412"	"КОРГАЛЖЫНСКИЙ РАЙОН"	"790"	"Всего"	"1"	"Всего"	"1"	"Всего"	"1"	"Всего"	"1"	"3 679"
"Общая площадь введенных в эксплуатацию жилых зданий(Метр квадратный)"	"2019 год"	"201912"	"КОРГАЛЖЫНСКИЙ РАЙОН"	"790"	"Всего"	"1"	"Всего"	"1"	"Всего"	"1"	"Всего"	"1"	"3 499"
"Общая площадь введенных в эксплуатацию жилых зданий(Метр квадратный)"	"2015 год"	"201512"	"КОРГАЛЖЫНСКИЙ РАЙОН"	"790"	"Всего"	"1"	"Всего"	"1"	"Всего"	"1"	"Всего"	"1"	"3 312"
"Общая площадь введенных в эксплуатацию жилых зданий(Метр квадратный)"	"2017 год"	"201712"	"КОРГАЛЖЫНСКИЙ РАЙОН"	"790"	"Всего"	"1"	"Всего"	"1"	"Всего"	"1"	"Всего"	"1"	"3 783"
"Общая площадь введенных в эксплуатацию жилых зданий(Метр квадратный)"	"2018 год"	"201812"	"КОРГАЛЖЫНСКИЙ РАЙОН"	"790"	"Всего"	"1"	"Всего"	"1"	"Всего"	"1"	"Всего"	"1"	"3 498"
"Общая площадь введенных в эксплуатацию жилых зданий(Метр квадратный)"	"2021 год"	"202112"	"КОРГАЛЖЫНСКИЙ РАЙОН"	"790"	"Всего"	"1"	"Всего"	"1"	"Всего"	"1"	"Всего"	"1"	"5 526"
"Общая площадь введенных в эксплуатацию жилых зданий(Метр квадратный)"	"2022 год"	"202212"	"КОРГАЛЖЫНСКИЙ РАЙОН"	"790"	"Всего"	"1"	"Всего"	"1"	"Всего"	"1"	"Всего"	"1"	"5 630"
"Общая площадь введенных в эксплуатацию жилых зданий(Метр квадратный)"	"2016 год"	"201612"	"КОРГАЛЖЫНСКИЙ РАЙОН"	"790"	"сельская местность"	"3"	"Всего"	"1"	"Всего"	"1"	"Всего"	"1"	"3 882"
"Общая площадь введенных в эксплуатацию жилых зданий(Метр квадратный)"	"2020 год"	"202012"	"КОРГАЛЖЫНСКИЙ РАЙОН"	"790"	"сельская местность"	"3"	"Всего"	"1"	"Всего"	"1"	"Всего"	"1"	"3 569"
"Общая площадь введенных в эксплуатацию жилых зданий(Метр квадратный)"	"2014 год"	"201412"	"КОРГАЛЖЫНСКИЙ РАЙОН"	"790"	"сельская местность"	"3"	"Всего"	"1"	"Всего"	"1"	"Всего"	"1"	"3 679"
"Общая площадь введенных в эксплуатацию жилых зданий(Метр квадратный)"	"2019 год"	"201912"	"КОРГАЛЖЫНСКИЙ РАЙОН"	"790"	"сельская местность"	"3"	"Всего"	"1"	"Всего"	"1"	"Всего"	"1"	"3 499"
"Общая площадь введенных в эксплуатацию жилых зданий(Метр квадратный)"	"2015 год"	"201512"	"КОРГАЛЖЫНСКИЙ РАЙОН"	"790"	"сельская местность"	"3"	"Всего"	"1"	"Всего"	"1"	"Всего"	"1"	"3 312"
"Общая площадь введенных в эксплуатацию жилых зданий(Метр квадратный)"	"2017 год"	"201712"	"КОРГАЛЖЫНСКИЙ РАЙОН"	"790"	"сельская местность"	"3"	"Всего"	"1"	"Всего"	"1"	"Всего"	"1"	"3 783"
"Общая площадь введенных в эксплуатацию жилых зданий(Метр квадратный)"	"2018 год"	"201812"	"КОРГАЛЖЫНСКИЙ РАЙОН"	"790"	"сельская местность"	"3"	"Всего"	"1"	"Всего"	"1"	"Всего"	"1"	"3 498"
"Общая площадь введенных в эксплуатацию жилых зданий(Метр квадратный)"	"2021 год"	"202112"	"КОРГАЛЖЫНСКИЙ РАЙОН"	"790"	"сельская местность"	"3"	"Всего"	"1"	"Всего"	"1"	"Всего"	"1"	"5 526"
"Общая площадь введенных в эксплуатацию жилых зданий(Метр квадратный)"	"2022 год"	"202212"	"КОРГАЛЖЫНСКИЙ РАЙОН"	"790"	"сельская местность"	"3"	"Всего"	"1"	"Всего"	"1"	"Всего"	"1"	"5 630"
"Общая площадь введенных в эксплуатацию жилых зданий(Метр квадратный)"	"2016 год"	"201612"	"САНДЫКТАУСКИЙ РАЙОН"	"824"	"Всего"	"1"	"Всего"	"1"	"Всего"	"1"	"Всего"	"1"	"1 633"
"Общая площадь введенных в эксплуатацию жилых зданий(Метр квадратный)"	"2020 год"	"202012"	"САНДЫКТАУСКИЙ РАЙОН"	"824"	"Всего"	"1"	"Всего"	"1"	"Всего"	"1"	"Всего"	"1"	"1 504"
"Общая площадь введенных в эксплуатацию жилых зданий(Метр квадратный)"	"2014 год"	"201412"	"САНДЫКТАУСКИЙ РАЙОН"	"824"	"Всего"	"1"	"Всего"	"1"	"Всего"	"1"	"Всего"	"1"	"1 426"
"Общая площадь введенных в эксплуатацию жилых зданий(Метр квадратный)"	"2019 год"	"201912"	"САНДЫКТАУСКИЙ РАЙОН"	"824"	"Всего"	"1"	"Всего"	"1"	"Всего"	"1"	"Всего"	"1"	"1 432"
"Общая площадь введенных в эксплуатацию жилых зданий(Метр квадратный)"	"2015 год"	"201512"	"САНДЫКТАУСКИЙ РАЙОН"	"824"	"Всего"	"1"	"Всего"	"1"	"Всего"	"1"	"Всего"	"1"	"1 454"
"Общая площадь введенных в эксплуатацию жилых зданий(Метр квадратный)"	"2017 год"	"201712"	"САНДЫКТАУСКИЙ РАЙОН"	"824"	"Всего"	"1"	"Всего"	"1"	"Всего"	"1"	"Всего"	"1"	"2 066"
"Общая площадь введенных в эксплуатацию жилых зданий(Метр квадратный)"	"2018 год"	"201812"	"САНДЫКТАУСКИЙ РАЙОН"	"824"	"Всего"	"1"	"Всего"	"1"	"Всего"	"1"	"Всего"	"1"	"5 211"
"Общая площадь введенных в эксплуатацию жилых зданий(Метр квадратный)"	"2021 год"	"202112"	"САНДЫКТАУСКИЙ РАЙОН"	"824"	"Всего"	"1"	"Всего"	"1"	"Всего"	"1"	"Всего"	"1"	"5 090"
"Общая площадь введенных в эксплуатацию жилых зданий(Метр квадратный)"	"2022 год"	"202212"	"САНДЫКТАУСКИЙ РАЙОН"	"824"	"Всего"	"1"	"Всего"	"1"	"Всего"	"1"	"Всего"	"1"	"10 580"
"Общая площадь введенных в эксплуатацию жилых зданий(Метр квадратный)"	"2016 год"	"201612"	"САНДЫКТАУСКИЙ РАЙОН"	"824"	"сельская местность"	"3"	"Всего"	"1"	"Всего"	"1"	"Всего"	"1"	"1 633"
"Общая площадь введенных в эксплуатацию жилых зданий(Метр квадратный)"	"2020 год"	"202012"	"САНДЫКТАУСКИЙ РАЙОН"	"824"	"сельская местность"	"3"	"Всего"	"1"	"Всего"	"1"	"Всего"	"1"	"1 504"
"Общая площадь введенных в эксплуатацию жилых зданий(Метр квадратный)"	"2014 год"	"201412"	"САНДЫКТАУСКИЙ РАЙОН"	"824"	"сельская местность"	"3"	"Всего"	"1"	"Всего"	"1"	"Всего"	"1"	"1 426"
"Общая площадь введенных в эксплуатацию жилых зданий(Метр квадратный)"	"2019 год"	"201912"	"САНДЫКТАУСКИЙ РАЙОН"	"824"	"сельская местность"	"3"	"Всего"	"1"	"Всего"	"1"	"Всего"	"1"	"1 432"
"Общая площадь введенных в эксплуатацию жилых зданий(Метр квадратный)"	"2015 год"	"201512"	"САНДЫКТАУСКИЙ РАЙОН"	"824"	"сельская местность"	"3"	"Всего"	"1"	"Всего"	"1"	"Всего"	"1"	"1 454"
"Общая площадь введенных в эксплуатацию жилых зданий(Метр квадратный)"	"2017 год"	"201712"	"САНДЫКТАУСКИЙ РАЙОН"	"824"	"сельская местность"	"3"	"Всего"	"1"	"Всего"	"1"	"Всего"	"1"	"2 066"
"Общая площадь введенных в эксплуатацию жилых зданий(Метр квадратный)"	"2018 год"	"201812"	"САНДЫКТАУСКИЙ РАЙОН"	"824"	"сельская местность"	"3"	"Всего"	"1"	"Всего"	"1"	"Всего"	"1"	"5 211"
"Общая площадь введенных в эксплуатацию жилых зданий(Метр квадратный)"	"2021 год"	"202112"	"САНДЫКТАУСКИЙ РАЙОН"	"824"	"сельская местность"	"3"	"Всего"	"1"	"Всего"	"1"	"Всего"	"1"	"5 090"
"Общая площадь введенных в эксплуатацию жилых зданий(Метр квадратный)"	"2022 год"	"202212"	"САНДЫКТАУСКИЙ РАЙОН"	"824"	"сельская местность"	"3"	"Всего"	"1"	"Всего"	"1"	"Всего"	"1"	"10 580"
"Общая площадь введенных в эксплуатацию жилых зданий(Метр квадратный)"	"2016 год"	"201612"	"ЦЕЛИНОГРАДСКИЙ РАЙОН"	"889"	"Всего"	"1"	"Всего"	"1"	"Всего"	"1"	"Всего"	"1"	"130 583"
"Общая площадь введенных в эксплуатацию жилых зданий(Метр квадратный)"	"2020 год"	"202012"	"ЦЕЛИНОГРАДСКИЙ РАЙОН"	"889"	"Всего"	"1"	"Всего"	"1"	"Всего"	"1"	"Всего"	"1"	"218 115"
"Общая площадь введенных в эксплуатацию жилых зданий(Метр квадратный)"	"2014 год"	"201412"	"ЦЕЛИНОГРАДСКИЙ РАЙОН"	"889"	"Всего"	"1"	"Всего"	"1"	"Всего"	"1"	"Всего"	"1"	"74 204"
"Общая площадь введенных в эксплуатацию жилых зданий(Метр квадратный)"	"2019 год"	"201912"	"ЦЕЛИНОГРАДСКИЙ РАЙОН"	"889"	"Всего"	"1"	"Всего"	"1"	"Всего"	"1"	"Всего"	"1"	"214 925"
"Общая площадь введенных в эксплуатацию жилых зданий(Метр квадратный)"	"2015 год"	"201512"	"ЦЕЛИНОГРАДСКИЙ РАЙОН"	"889"	"Всего"	"1"	"Всего"	"1"	"Всего"	"1"	"Всего"	"1"	"73 460"
"Общая площадь введенных в эксплуатацию жилых зданий(Метр квадратный)"	"2017 год"	"201712"	"ЦЕЛИНОГРАДСКИЙ РАЙОН"	"889"	"Всего"	"1"	"Всего"	"1"	"Всего"	"1"	"Всего"	"1"	"146 129"
"Общая площадь введенных в эксплуатацию жилых зданий(Метр квадратный)"	"2018 год"	"201812"	"ЦЕЛИНОГРАДСКИЙ РАЙОН"	"889"	"Всего"	"1"	"Всего"	"1"	"Всего"	"1"	"Всего"	"1"	"183 822"
"Общая площадь введенных в эксплуатацию жилых зданий(Метр квадратный)"	"2021 год"	"202112"	"ЦЕЛИНОГРАДСКИЙ РАЙОН"	"889"	"Всего"	"1"	"Всего"	"1"	"Всего"	"1"	"Всего"	"1"	"144 417"
"Общая площадь введенных в эксплуатацию жилых зданий(Метр квадратный)"	"2022 год"	"202212"	"ЦЕЛИНОГРАДСКИЙ РАЙОН"	"889"	"Всего"	"1"	"Всего"	"1"	"Всего"	"1"	"Всего"	"1"	"140 651"
"Общая площадь введенных в эксплуатацию жилых зданий(Метр квадратный)"	"2016 год"	"201612"	"ЦЕЛИНОГРАДСКИЙ РАЙОН"	"889"	"сельская местность"	"3"	"Всего"	"1"	"Всего"	"1"	"Всего"	"1"	"130 583"
"Общая площадь введенных в эксплуатацию жилых зданий(Метр квадратный)"	"2020 год"	"202012"	"ЦЕЛИНОГРАДСКИЙ РАЙОН"	"889"	"сельская местность"	"3"	"Всего"	"1"	"Всего"	"1"	"Всего"	"1"	"218 115"
"Общая площадь введенных в эксплуатацию жилых зданий(Метр квадратный)"	"2014 год"	"201412"	"ЦЕЛИНОГРАДСКИЙ РАЙОН"	"889"	"сельская местность"	"3"	"Всего"	"1"	"Всего"	"1"	"Всего"	"1"	"74 204"
"Общая площадь введенных в эксплуатацию жилых зданий(Метр квадратный)"	"2019 год"	"201912"	"ЦЕЛИНОГРАДСКИЙ РАЙОН"	"889"	"сельская местность"	"3"	"Всего"	"1"	"Всего"	"1"	"Всего"	"1"	"214 925"
"Общая площадь введенных в эксплуатацию жилых зданий(Метр квадратный)"	"2015 год"	"201512"	"ЦЕЛИНОГРАДСКИЙ РАЙОН"	"889"	"сельская местность"	"3"	"Всего"	"1"	"Всего"	"1"	"Всего"	"1"	"73 460"
"Общая площадь введенных в эксплуатацию жилых зданий(Метр квадратный)"	"2017 год"	"201712"	"ЦЕЛИНОГРАДСКИЙ РАЙОН"	"889"	"сельская местность"	"3"	"Всего"	"1"	"Всего"	"1"	"Всего"	"1"	"146 129"
"Общая площадь введенных в эксплуатацию жилых зданий(Метр квадратный)"	"2018 год"	"201812"	"ЦЕЛИНОГРАДСКИЙ РАЙОН"	"889"	"сельская местность"	"3"	"Всего"	"1"	"Всего"	"1"	"Всего"	"1"	"183 822"
"Общая площадь введенных в эксплуатацию жилых зданий(Метр квадратный)"	"2021 год"	"202112"	"ЦЕЛИНОГРАДСКИЙ РАЙОН"	"889"	"сельская местность"	"3"	"Всего"	"1"	"Всего"	"1"	"Всего"	"1"	"144 417"
"Общая площадь введенных в эксплуатацию жилых зданий(Метр квадратный)"	"2022 год"	"202212"	"ЦЕЛИНОГРАДСКИЙ РАЙОН"	"889"	"сельская местность"	"3"	"Всего"	"1"	"Всего"	"1"	"Всего"	"1"	"140 651"
"Общая площадь введенных в эксплуатацию жилых зданий(Метр квадратный)"	"2016 год"	"201612"	"ШОРТАНДИНСКИЙ РАЙОН"	"965"	"Всего"	"1"	"Всего"	"1"	"Всего"	"1"	"Всего"	"1"	"7 026"
"Общая площадь введенных в эксплуатацию жилых зданий(Метр квадратный)"	"2020 год"	"202012"	"ШОРТАНДИНСКИЙ РАЙОН"	"965"	"Всего"	"1"	"Всего"	"1"	"Всего"	"1"	"Всего"	"1"	"8 251"
"Общая площадь введенных в эксплуатацию жилых зданий(Метр квадратный)"	"2014 год"	"201412"	"ШОРТАНДИНСКИЙ РАЙОН"	"965"	"Всего"	"1"	"Всего"	"1"	"Всего"	"1"	"Всего"	"1"	"5 553"
"Общая площадь введенных в эксплуатацию жилых зданий(Метр квадратный)"	"2019 год"	"201912"	"ШОРТАНДИНСКИЙ РАЙОН"	"965"	"Всего"	"1"	"Всего"	"1"	"Всего"	"1"	"Всего"	"1"	"8 722"
"Общая площадь введенных в эксплуатацию жилых зданий(Метр квадратный)"	"2015 год"	"201512"	"ШОРТАНДИНСКИЙ РАЙОН"	"965"	"Всего"	"1"	"Всего"	"1"	"Всего"	"1"	"Всего"	"1"	"5 580"
"Общая площадь введенных в эксплуатацию жилых зданий(Метр квадратный)"	"2017 год"	"201712"	"ШОРТАНДИНСКИЙ РАЙОН"	"965"	"Всего"	"1"	"Всего"	"1"	"Всего"	"1"	"Всего"	"1"	"5 128"
"Общая площадь введенных в эксплуатацию жилых зданий(Метр квадратный)"	"2018 год"	"201812"	"ШОРТАНДИНСКИЙ РАЙОН"	"965"	"Всего"	"1"	"Всего"	"1"	"Всего"	"1"	"Всего"	"1"	"5 678"
"Общая площадь введенных в эксплуатацию жилых зданий(Метр квадратный)"	"2021 год"	"202112"	"ШОРТАНДИНСКИЙ РАЙОН"	"965"	"Всего"	"1"	"Всего"	"1"	"Всего"	"1"	"Всего"	"1"	"13 907"
"Общая площадь введенных в эксплуатацию жилых зданий(Метр квадратный)"	"2022 год"	"202212"	"ШОРТАНДИНСКИЙ РАЙОН"	"965"	"Всего"	"1"	"Всего"	"1"	"Всего"	"1"	"Всего"	"1"	"11 137"
"Общая площадь введенных в эксплуатацию жилых зданий(Метр квадратный)"	"2016 год"	"201612"	"ШОРТАНДИНСКИЙ РАЙОН"	"965"	"сельская местность"	"3"	"Всего"	"1"	"Всего"	"1"	"Всего"	"1"	"7 026"
"Общая площадь введенных в эксплуатацию жилых зданий(Метр квадратный)"	"2020 год"	"202012"	"ШОРТАНДИНСКИЙ РАЙОН"	"965"	"сельская местность"	"3"	"Всего"	"1"	"Всего"	"1"	"Всего"	"1"	"8 251"
"Общая площадь введенных в эксплуатацию жилых зданий(Метр квадратный)"	"2014 год"	"201412"	"ШОРТАНДИНСКИЙ РАЙОН"	"965"	"сельская местность"	"3"	"Всего"	"1"	"Всего"	"1"	"Всего"	"1"	"5 553"
"Общая площадь введенных в эксплуатацию жилых зданий(Метр квадратный)"	"2019 год"	"201912"	"ШОРТАНДИНСКИЙ РАЙОН"	"965"	"сельская местность"	"3"	"Всего"	"1"	"Всего"	"1"	"Всего"	"1"	"8 722"
"Общая площадь введенных в эксплуатацию жилых зданий(Метр квадратный)"	"2015 год"	"201512"	"ШОРТАНДИНСКИЙ РАЙОН"	"965"	"сельская местность"	"3"	"Всего"	"1"	"Всего"	"1"	"Всего"	"1"	"5 580"
"Общая площадь введенных в эксплуатацию жилых зданий(Метр квадратный)"	"2017 год"	"201712"	"ШОРТАНДИНСКИЙ РАЙОН"	"965"	"сельская местность"	"3"	"Всего"	"1"	"Всего"	"1"	"Всего"	"1"	"5 128"
"Общая площадь введенных в эксплуатацию жилых зданий(Метр квадратный)"	"2018 год"	"201812"	"ШОРТАНДИНСКИЙ РАЙОН"	"965"	"сельская местность"	"3"	"Всего"	"1"	"Всего"	"1"	"Всего"	"1"	"5 678"
"Общая площадь введенных в эксплуатацию жилых зданий(Метр квадратный)"	"2021 год"	"202112"	"ШОРТАНДИНСКИЙ РАЙОН"	"965"	"сельская местность"	"3"	"Всего"	"1"	"Всего"	"1"	"Всего"	"1"	"13 907"
"Общая площадь введенных в эксплуатацию жилых зданий(Метр квадратный)"	"2022 год"	"202212"	"ШОРТАНДИНСКИЙ РАЙОН"	"965"	"сельская местность"	"3"	"Всего"	"1"	"Всего"	"1"	"Всего"	"1"	"11 137"
"Общая площадь введенных в эксплуатацию жилых зданий(Метр квадратный)"	"2016 год"	"201612"	"БУРАБАЙСКИЙ РАЙОН"	"1011"	"Всего"	"1"	"Всего"	"1"	"Всего"	"1"	"Всего"	"1"	"25 477"
"Общая площадь введенных в эксплуатацию жилых зданий(Метр квадратный)"	"2020 год"	"202012"	"БУРАБАЙСКИЙ РАЙОН"	"1011"	"Всего"	"1"	"Всего"	"1"	"Всего"	"1"	"Всего"	"1"	"21 957"
"Общая площадь введенных в эксплуатацию жилых зданий(Метр квадратный)"	"2014 год"	"201412"	"БУРАБАЙСКИЙ РАЙОН"	"1011"	"Всего"	"1"	"Всего"	"1"	"Всего"	"1"	"Всего"	"1"	"14 094"
"Общая площадь введенных в эксплуатацию жилых зданий(Метр квадратный)"	"2019 год"	"201912"	"БУРАБАЙСКИЙ РАЙОН"	"1011"	"Всего"	"1"	"Всего"	"1"	"Всего"	"1"	"Всего"	"1"	"27 268"
"Общая площадь введенных в эксплуатацию жилых зданий(Метр квадратный)"	"2015 год"	"201512"	"БУРАБАЙСКИЙ РАЙОН"	"1011"	"Всего"	"1"	"Всего"	"1"	"Всего"	"1"	"Всего"	"1"	"16 292"
"Общая площадь введенных в эксплуатацию жилых зданий(Метр квадратный)"	"2017 год"	"201712"	"БУРАБАЙСКИЙ РАЙОН"	"1011"	"Всего"	"1"	"Всего"	"1"	"Всего"	"1"	"Всего"	"1"	"20 049"
"Общая площадь введенных в эксплуатацию жилых зданий(Метр квадратный)"	"2018 год"	"201812"	"БУРАБАЙСКИЙ РАЙОН"	"1011"	"Всего"	"1"	"Всего"	"1"	"Всего"	"1"	"Всего"	"1"	"25 174"
"Общая площадь введенных в эксплуатацию жилых зданий(Метр квадратный)"	"2021 год"	"202112"	"БУРАБАЙСКИЙ РАЙОН"	"1011"	"Всего"	"1"	"Всего"	"1"	"Всего"	"1"	"Всего"	"1"	"22 048"
"Общая площадь введенных в эксплуатацию жилых зданий(Метр квадратный)"	"2022 год"	"202212"	"БУРАБАЙСКИЙ РАЙОН"	"1011"	"Всего"	"1"	"Всего"	"1"	"Всего"	"1"	"Всего"	"1"	"26 115"
"Общая площадь введенных в эксплуатацию жилых зданий(Метр квадратный)"	"2016 год"	"201612"	"БУРАБАЙСКИЙ РАЙОН"	"1011"	"городская местность"	"2"	"Всего"	"1"	"Всего"	"1"	"Всего"	"1"	"17 247"
"Общая площадь введенных в эксплуатацию жилых зданий(Метр квадратный)"	"2020 год"	"202012"	"БУРАБАЙСКИЙ РАЙОН"	"1011"	"городская местность"	"2"	"Всего"	"1"	"Всего"	"1"	"Всего"	"1"	"13 899"
"Общая площадь введенных в эксплуатацию жилых зданий(Метр квадратный)"	"2014 год"	"201412"	"БУРАБАЙСКИЙ РАЙОН"	"1011"	"городская местность"	"2"	"Всего"	"1"	"Всего"	"1"	"Всего"	"1"	"9 318"
"Общая площадь введенных в эксплуатацию жилых зданий(Метр квадратный)"	"2019 год"	"201912"	"БУРАБАЙСКИЙ РАЙОН"	"1011"	"городская местность"	"2"	"Всего"	"1"	"Всего"	"1"	"Всего"	"1"	"17 971"
"Общая площадь введенных в эксплуатацию жилых зданий(Метр квадратный)"	"2015 год"	"201512"	"БУРАБАЙСКИЙ РАЙОН"	"1011"	"городская местность"	"2"	"Всего"	"1"	"Всего"	"1"	"Всего"	"1"	"12 205"
"Общая площадь введенных в эксплуатацию жилых зданий(Метр квадратный)"	"2017 год"	"201712"	"БУРАБАЙСКИЙ РАЙОН"	"1011"	"городская местность"	"2"	"Всего"	"1"	"Всего"	"1"	"Всего"	"1"	"15 726"
"Общая площадь введенных в эксплуатацию жилых зданий(Метр квадратный)"	"2018 год"	"201812"	"БУРАБАЙСКИЙ РАЙОН"	"1011"	"городская местность"	"2"	"Всего"	"1"	"Всего"	"1"	"Всего"	"1"	"18 412"
"Общая площадь введенных в эксплуатацию жилых зданий(Метр квадратный)"	"2021 год"	"202112"	"БУРАБАЙСКИЙ РАЙОН"	"1011"	"городская местность"	"2"	"Всего"	"1"	"Всего"	"1"	"Всего"	"1"	"15 603"
"Общая площадь введенных в эксплуатацию жилых зданий(Метр квадратный)"	"2022 год"	"202212"	"БУРАБАЙСКИЙ РАЙОН"	"1011"	"городская местность"	"2"	"Всего"	"1"	"Всего"	"1"	"Всего"	"1"	"20 334"
"Общая площадь введенных в эксплуатацию жилых зданий(Метр квадратный)"	"2016 год"	"201612"	"БУРАБАЙСКИЙ РАЙОН"	"1011"	"сельская местность"	"3"	"Всего"	"1"	"Всего"	"1"	"Всего"	"1"	"8 230"
"Общая площадь введенных в эксплуатацию жилых зданий(Метр квадратный)"	"2020 год"	"202012"	"БУРАБАЙСКИЙ РАЙОН"	"1011"	"сельская местность"	"3"	"Всего"	"1"	"Всего"	"1"	"Всего"	"1"	"8 058"
"Общая площадь введенных в эксплуатацию жилых зданий(Метр квадратный)"	"2014 год"	"201412"	"БУРАБАЙСКИЙ РАЙОН"	"1011"	"сельская местность"	"3"	"Всего"	"1"	"Всего"	"1"	"Всего"	"1"	"4 776"
"Общая площадь введенных в эксплуатацию жилых зданий(Метр квадратный)"	"2019 год"	"201912"	"БУРАБАЙСКИЙ РАЙОН"	"1011"	"сельская местность"	"3"	"Всего"	"1"	"Всего"	"1"	"Всего"	"1"	"9 297"
"Общая площадь введенных в эксплуатацию жилых зданий(Метр квадратный)"	"2015 год"	"201512"	"БУРАБАЙСКИЙ РАЙОН"	"1011"	"сельская местность"	"3"	"Всего"	"1"	"Всего"	"1"	"Всего"	"1"	"4 087"
"Общая площадь введенных в эксплуатацию жилых зданий(Метр квадратный)"	"2017 год"	"201712"	"БУРАБАЙСКИЙ РАЙОН"	"1011"	"сельская местность"	"3"	"Всего"	"1"	"Всего"	"1"	"Всего"	"1"	"4 323"
"Общая площадь введенных в эксплуатацию жилых зданий(Метр квадратный)"	"2018 год"	"201812"	"БУРАБАЙСКИЙ РАЙОН"	"1011"	"сельская местность"	"3"	"Всего"	"1"	"Всего"	"1"	"Всего"	"1"	"6 762"
"Общая площадь введенных в эксплуатацию жилых зданий(Метр квадратный)"	"2021 год"	"202112"	"БУРАБАЙСКИЙ РАЙОН"	"1011"	"сельская местность"	"3"	"Всего"	"1"	"Всего"	"1"	"Всего"	"1"	"6 445"
"Общая площадь введенных в эксплуатацию жилых зданий(Метр квадратный)"	"2022 год"	"202212"	"БУРАБАЙСКИЙ РАЙОН"	"1011"	"сельская местность"	"3"	"Всего"	"1"	"Всего"	"1"	"Всего"	"1"	"5 781"
"Общая площадь введенных в эксплуатацию жилых зданий(Метр квадратный)"	"2016 год"	"201612"	"АКТЮБИНСКАЯ ОБЛАСТЬ"	"1111"	"Всего"	"1"	"Всего"	"1"	"Всего"	"1"	"Всего"	"1"	"616 644"
"Общая площадь введенных в эксплуатацию жилых зданий(Метр квадратный)"	"2020 год"	"202012"	"АКТЮБИНСКАЯ ОБЛАСТЬ"	"1111"	"Всего"	"1"	"Всего"	"1"	"Всего"	"1"	"Всего"	"1"	"1 040 077"
"Общая площадь введенных в эксплуатацию жилых зданий(Метр квадратный)"	"2014 год"	"201412"	"АКТЮБИНСКАЯ ОБЛАСТЬ"	"1111"	"Всего"	"1"	"Всего"	"1"	"Всего"	"1"	"Всего"	"1"	"476 125"
"Общая площадь введенных в эксплуатацию жилых зданий(Метр квадратный)"	"2019 год"	"201912"	"АКТЮБИНСКАЯ ОБЛАСТЬ"	"1111"	"Всего"	"1"	"Всего"	"1"	"Всего"	"1"	"Всего"	"1"	"1 021 225"
"Общая площадь введенных в эксплуатацию жилых зданий(Метр квадратный)"	"2015 год"	"201512"	"АКТЮБИНСКАЯ ОБЛАСТЬ"	"1111"	"Всего"	"1"	"Всего"	"1"	"Всего"	"1"	"Всего"	"1"	"536 234"
"Общая площадь введенных в эксплуатацию жилых зданий(Метр квадратный)"	"2017 год"	"201712"	"АКТЮБИНСКАЯ ОБЛАСТЬ"	"1111"	"Всего"	"1"	"Всего"	"1"	"Всего"	"1"	"Всего"	"1"	"792 297"
"Общая площадь введенных в эксплуатацию жилых зданий(Метр квадратный)"	"2018 год"	"201812"	"АКТЮБИНСКАЯ ОБЛАСТЬ"	"1111"	"Всего"	"1"	"Всего"	"1"	"Всего"	"1"	"Всего"	"1"	"908 635"
"Общая площадь введенных в эксплуатацию жилых зданий(Метр квадратный)"	"2021 год"	"202112"	"АКТЮБИНСКАЯ ОБЛАСТЬ"	"1111"	"Всего"	"1"	"Всего"	"1"	"Всего"	"1"	"Всего"	"1"	"1 181 869"
"Общая площадь введенных в эксплуатацию жилых зданий(Метр квадратный)"	"2022 год"	"202212"	"АКТЮБИНСКАЯ ОБЛАСТЬ"	"1111"	"Всего"	"1"	"Всего"	"1"	"Всего"	"1"	"Всего"	"1"	"1 252 272"
"Общая площадь введенных в эксплуатацию жилых зданий(Метр квадратный)"	"2016 год"	"201612"	"АКТЮБИНСКАЯ ОБЛАСТЬ"	"1111"	"городская местность"	"2"	"Всего"	"1"	"Всего"	"1"	"Всего"	"1"	"468 794"
"Общая площадь введенных в эксплуатацию жилых зданий(Метр квадратный)"	"2020 год"	"202012"	"АКТЮБИНСКАЯ ОБЛАСТЬ"	"1111"	"городская местность"	"2"	"Всего"	"1"	"Всего"	"1"	"Всего"	"1"	"894 337"
"Общая площадь введенных в эксплуатацию жилых зданий(Метр квадратный)"	"2014 год"	"201412"	"АКТЮБИНСКАЯ ОБЛАСТЬ"	"1111"	"городская местность"	"2"	"Всего"	"1"	"Всего"	"1"	"Всего"	"1"	"375 856"
"Общая площадь введенных в эксплуатацию жилых зданий(Метр квадратный)"	"2019 год"	"201912"	"АКТЮБИНСКАЯ ОБЛАСТЬ"	"1111"	"городская местность"	"2"	"Всего"	"1"	"Всего"	"1"	"Всего"	"1"	"886 621"
"Общая площадь введенных в эксплуатацию жилых зданий(Метр квадратный)"	"2015 год"	"201512"	"АКТЮБИНСКАЯ ОБЛАСТЬ"	"1111"	"городская местность"	"2"	"Всего"	"1"	"Всего"	"1"	"Всего"	"1"	"429 289"
"Общая площадь введенных в эксплуатацию жилых зданий(Метр квадратный)"	"2018 год"	"201812"	"АКТЮБИНСКАЯ ОБЛАСТЬ"	"1111"	"городская местность"	"2"	"Всего"	"1"	"Всего"	"1"	"Всего"	"1"	"788 613"
"Общая площадь введенных в эксплуатацию жилых зданий(Метр квадратный)"	"2017 год"	"201712"	"АКТЮБИНСКАЯ ОБЛАСТЬ"	"1111"	"городская местность"	"2"	"Всего"	"1"	"Всего"	"1"	"Всего"	"1"	"624 528"
"Общая площадь введенных в эксплуатацию жилых зданий(Метр квадратный)"	"2021 год"	"202112"	"АКТЮБИНСКАЯ ОБЛАСТЬ"	"1111"	"городская местность"	"2"	"Всего"	"1"	"Всего"	"1"	"Всего"	"1"	"1 009 117"
"Общая площадь введенных в эксплуатацию жилых зданий(Метр квадратный)"	"2022 год"	"202212"	"АКТЮБИНСКАЯ ОБЛАСТЬ"	"1111"	"городская местность"	"2"	"Всего"	"1"	"Всего"	"1"	"Всего"	"1"	"1 073 186"
"Общая площадь введенных в эксплуатацию жилых зданий(Метр квадратный)"	"2016 год"	"201612"	"АКТЮБИНСКАЯ ОБЛАСТЬ"	"1111"	"сельская местность"	"3"	"Всего"	"1"	"Всего"	"1"	"Всего"	"1"	"147 850"
"Общая площадь введенных в эксплуатацию жилых зданий(Метр квадратный)"	"2020 год"	"202012"	"АКТЮБИНСКАЯ ОБЛАСТЬ"	"1111"	"сельская местность"	"3"	"Всего"	"1"	"Всего"	"1"	"Всего"	"1"	"145 740"
"Общая площадь введенных в эксплуатацию жилых зданий(Метр квадратный)"	"2014 год"	"201412"	"АКТЮБИНСКАЯ ОБЛАСТЬ"	"1111"	"сельская местность"	"3"	"Всего"	"1"	"Всего"	"1"	"Всего"	"1"	"100 269"
"Общая площадь введенных в эксплуатацию жилых зданий(Метр квадратный)"	"2019 год"	"201912"	"АКТЮБИНСКАЯ ОБЛАСТЬ"	"1111"	"сельская местность"	"3"	"Всего"	"1"	"Всего"	"1"	"Всего"	"1"	"134 604"
"Общая площадь введенных в эксплуатацию жилых зданий(Метр квадратный)"	"2015 год"	"201512"	"АКТЮБИНСКАЯ ОБЛАСТЬ"	"1111"	"сельская местность"	"3"	"Всего"	"1"	"Всего"	"1"	"Всего"	"1"	"106 945"
"Общая площадь введенных в эксплуатацию жилых зданий(Метр квадратный)"	"2017 год"	"201712"	"АКТЮБИНСКАЯ ОБЛАСТЬ"	"1111"	"сельская местность"	"3"	"Всего"	"1"	"Всего"	"1"	"Всего"	"1"	"167 769"
"Общая площадь введенных в эксплуатацию жилых зданий(Метр квадратный)"	"2018 год"	"201812"	"АКТЮБИНСКАЯ ОБЛАСТЬ"	"1111"	"сельская местность"	"3"	"Всего"	"1"	"Всего"	"1"	"Всего"	"1"	"120 022"
"Общая площадь введенных в эксплуатацию жилых зданий(Метр квадратный)"	"2021 год"	"202112"	"АКТЮБИНСКАЯ ОБЛАСТЬ"	"1111"	"сельская местность"	"3"	"Всего"	"1"	"Всего"	"1"	"Всего"	"1"	"172 752"
"Общая площадь введенных в эксплуатацию жилых зданий(Метр квадратный)"	"2022 год"	"202212"	"АКТЮБИНСКАЯ ОБЛАСТЬ"	"1111"	"сельская местность"	"3"	"Всего"	"1"	"Всего"	"1"	"Всего"	"1"	"179 086"
"Общая площадь введенных в эксплуатацию жилых зданий(Метр квадратный)"	"2016 год"	"201612"	"АКТОБЕ Г.А."	"1112"	"Всего"	"1"	"Всего"	"1"	"Всего"	"1"	"Всего"	"1"	"479 279"
"Общая площадь введенных в эксплуатацию жилых зданий(Метр квадратный)"	"2020 год"	"202012"	"АКТОБЕ Г.А."	"1112"	"Всего"	"1"	"Всего"	"1"	"Всего"	"1"	"Всего"	"1"	"792 336"
"Общая площадь введенных в эксплуатацию жилых зданий(Метр квадратный)"	"2014 год"	"201412"	"АКТОБЕ Г.А."	"1112"	"Всего"	"1"	"Всего"	"1"	"Всего"	"1"	"Всего"	"1"	"357 934"
"Общая площадь введенных в эксплуатацию жилых зданий(Метр квадратный)"	"2019 год"	"201912"	"АКТОБЕ Г.А."	"1112"	"Всего"	"1"	"Всего"	"1"	"Всего"	"1"	"Всего"	"1"	"788 445"
"Общая площадь введенных в эксплуатацию жилых зданий(Метр квадратный)"	"2015 год"	"201512"	"АКТОБЕ Г.А."	"1112"	"Всего"	"1"	"Всего"	"1"	"Всего"	"1"	"Всего"	"1"	"409 888"
"Общая площадь введенных в эксплуатацию жилых зданий(Метр квадратный)"	"2017 год"	"201712"	"АКТОБЕ Г.А."	"1112"	"Всего"	"1"	"Всего"	"1"	"Всего"	"1"	"Всего"	"1"	"618 319"
"Общая площадь введенных в эксплуатацию жилых зданий(Метр квадратный)"	"2018 год"	"201812"	"АКТОБЕ Г.А."	"1112"	"Всего"	"1"	"Всего"	"1"	"Всего"	"1"	"Всего"	"1"	"707 121"
"Общая площадь введенных в эксплуатацию жилых зданий(Метр квадратный)"	"2021 год"	"202112"	"АКТОБЕ Г.А."	"1112"	"Всего"	"1"	"Всего"	"1"	"Всего"	"1"	"Всего"	"1"	"906 263"
"Общая площадь введенных в эксплуатацию жилых зданий(Метр квадратный)"	"2022 год"	"202212"	"АКТОБЕ Г.А."	"1112"	"Всего"	"1"	"Всего"	"1"	"Всего"	"1"	"Всего"	"1"	"972 576"
"Общая площадь введенных в эксплуатацию жилых зданий(Метр квадратный)"	"2016 год"	"201612"	"АКТОБЕ Г.А."	"1112"	"городская местность"	"2"	"Всего"	"1"	"Всего"	"1"	"Всего"	"1"	"421 057"
"Общая площадь введенных в эксплуатацию жилых зданий(Метр квадратный)"	"2020 год"	"202012"	"АКТОБЕ Г.А."	"1112"	"городская местность"	"2"	"Всего"	"1"	"Всего"	"1"	"Всего"	"1"	"792 336"
"Общая площадь введенных в эксплуатацию жилых зданий(Метр квадратный)"	"2014 год"	"201412"	"АКТОБЕ Г.А."	"1112"	"городская местность"	"2"	"Всего"	"1"	"Всего"	"1"	"Всего"	"1"	"334 694"
"Общая площадь введенных в эксплуатацию жилых зданий(Метр квадратный)"	"2019 год"	"201912"	"АКТОБЕ Г.А."	"1112"	"городская местность"	"2"	"Всего"	"1"	"Всего"	"1"	"Всего"	"1"	"788 445"
"Общая площадь введенных в эксплуатацию жилых зданий(Метр квадратный)"	"2015 год"	"201512"	"АКТОБЕ Г.А."	"1112"	"городская местность"	"2"	"Всего"	"1"	"Всего"	"1"	"Всего"	"1"	"385 662"
"Общая площадь введенных в эксплуатацию жилых зданий(Метр квадратный)"	"2017 год"	"201712"	"АКТОБЕ Г.А."	"1112"	"городская местность"	"2"	"Всего"	"1"	"Всего"	"1"	"Всего"	"1"	"554 565"
"Общая площадь введенных в эксплуатацию жилых зданий(Метр квадратный)"	"2018 год"	"201812"	"АКТОБЕ Г.А."	"1112"	"городская местность"	"2"	"Всего"	"1"	"Всего"	"1"	"Всего"	"1"	"707 121"
"Общая площадь введенных в эксплуатацию жилых зданий(Метр квадратный)"	"2021 год"	"202112"	"АКТОБЕ Г.А."	"1112"	"городская местность"	"2"	"Всего"	"1"	"Всего"	"1"	"Всего"	"1"	"906 263"
"Общая площадь введенных в эксплуатацию жилых зданий(Метр квадратный)"	"2022 год"	"202212"	"АКТОБЕ Г.А."	"1112"	"городская местность"	"2"	"Всего"	"1"	"Всего"	"1"	"Всего"	"1"	"972 576"
"Общая площадь введенных в эксплуатацию жилых зданий(Метр квадратный)"	"2016 год"	"201612"	"АКТОБЕ Г.А."	"1112"	"сельская местность"	"3"	"Всего"	"1"	"Всего"	"1"	"Всего"	"1"	"58 222"
"Общая площадь введенных в эксплуатацию жилых зданий(Метр квадратный)"	"2014 год"	"201412"	"АКТОБЕ Г.А."	"1112"	"сельская местность"	"3"	"Всего"	"1"	"Всего"	"1"	"Всего"	"1"	"23 240"
"Общая площадь введенных в эксплуатацию жилых зданий(Метр квадратный)"	"2015 год"	"201512"	"АКТОБЕ Г.А."	"1112"	"сельская местность"	"3"	"Всего"	"1"	"Всего"	"1"	"Всего"	"1"	"24 226"
"Общая площадь введенных в эксплуатацию жилых зданий(Метр квадратный)"	"2017 год"	"201712"	"АКТОБЕ Г.А."	"1112"	"сельская местность"	"3"	"Всего"	"1"	"Всего"	"1"	"Всего"	"1"	"63 754"
"Общая площадь введенных в эксплуатацию жилых зданий(Метр квадратный)"	"2016 год"	"201612"	"АЛГИНСКИЙ РАЙОН"	"1166"	"Всего"	"1"	"Всего"	"1"	"Всего"	"1"	"Всего"	"1"	"13 096"
"Общая площадь введенных в эксплуатацию жилых зданий(Метр квадратный)"	"2020 год"	"202012"	"АЛГИНСКИЙ РАЙОН"	"1166"	"Всего"	"1"	"Всего"	"1"	"Всего"	"1"	"Всего"	"1"	"34 073"
"Общая площадь введенных в эксплуатацию жилых зданий(Метр квадратный)"	"2014 год"	"201412"	"АЛГИНСКИЙ РАЙОН"	"1166"	"Всего"	"1"	"Всего"	"1"	"Всего"	"1"	"Всего"	"1"	"12 952"
"Общая площадь введенных в эксплуатацию жилых зданий(Метр квадратный)"	"2019 год"	"201912"	"АЛГИНСКИЙ РАЙОН"	"1166"	"Всего"	"1"	"Всего"	"1"	"Всего"	"1"	"Всего"	"1"	"33 536"
"Общая площадь введенных в эксплуатацию жилых зданий(Метр квадратный)"	"2015 год"	"201512"	"АЛГИНСКИЙ РАЙОН"	"1166"	"Всего"	"1"	"Всего"	"1"	"Всего"	"1"	"Всего"	"1"	"12 970"
"Общая площадь введенных в эксплуатацию жилых зданий(Метр квадратный)"	"2017 год"	"201712"	"АЛГИНСКИЙ РАЙОН"	"1166"	"Всего"	"1"	"Всего"	"1"	"Всего"	"1"	"Всего"	"1"	"21 367"
"Общая площадь введенных в эксплуатацию жилых зданий(Метр квадратный)"	"2018 год"	"201812"	"АЛГИНСКИЙ РАЙОН"	"1166"	"Всего"	"1"	"Всего"	"1"	"Всего"	"1"	"Всего"	"1"	"28 231"
"Общая площадь введенных в эксплуатацию жилых зданий(Метр квадратный)"	"2021 год"	"202112"	"АЛГИНСКИЙ РАЙОН"	"1166"	"Всего"	"1"	"Всего"	"1"	"Всего"	"1"	"Всего"	"1"	"39 717"
"Общая площадь введенных в эксплуатацию жилых зданий(Метр квадратный)"	"2022 год"	"202212"	"АЛГИНСКИЙ РАЙОН"	"1166"	"Всего"	"1"	"Всего"	"1"	"Всего"	"1"	"Всего"	"1"	"39 849"
"Общая площадь введенных в эксплуатацию жилых зданий(Метр квадратный)"	"2016 год"	"201612"	"АЛГИНСКИЙ РАЙОН"	"1166"	"городская местность"	"2"	"Всего"	"1"	"Всего"	"1"	"Всего"	"1"	"5 476"
"Общая площадь введенных в эксплуатацию жилых зданий(Метр квадратный)"	"2020 год"	"202012"	"АЛГИНСКИЙ РАЙОН"	"1166"	"городская местность"	"2"	"Всего"	"1"	"Всего"	"1"	"Всего"	"1"	"16 733"
"Общая площадь введенных в эксплуатацию жилых зданий(Метр квадратный)"	"2014 год"	"201412"	"АЛГИНСКИЙ РАЙОН"	"1166"	"городская местность"	"2"	"Всего"	"1"	"Всего"	"1"	"Всего"	"1"	"7 494"
"Общая площадь введенных в эксплуатацию жилых зданий(Метр квадратный)"	"2019 год"	"201912"	"АЛГИНСКИЙ РАЙОН"	"1166"	"городская местность"	"2"	"Всего"	"1"	"Всего"	"1"	"Всего"	"1"	"13 004"
"Общая площадь введенных в эксплуатацию жилых зданий(Метр квадратный)"	"2015 год"	"201512"	"АЛГИНСКИЙ РАЙОН"	"1166"	"городская местность"	"2"	"Всего"	"1"	"Всего"	"1"	"Всего"	"1"	"6 000"
"Общая площадь введенных в эксплуатацию жилых зданий(Метр квадратный)"	"2017 год"	"201712"	"АЛГИНСКИЙ РАЙОН"	"1166"	"городская местность"	"2"	"Всего"	"1"	"Всего"	"1"	"Всего"	"1"	"12 248"
"Общая площадь введенных в эксплуатацию жилых зданий(Метр квадратный)"	"2018 год"	"201812"	"АЛГИНСКИЙ РАЙОН"	"1166"	"городская местность"	"2"	"Всего"	"1"	"Всего"	"1"	"Всего"	"1"	"13 143"
"Общая площадь введенных в эксплуатацию жилых зданий(Метр квадратный)"	"2021 год"	"202112"	"АЛГИНСКИЙ РАЙОН"	"1166"	"городская местность"	"2"	"Всего"	"1"	"Всего"	"1"	"Всего"	"1"	"14 269"
"Общая площадь введенных в эксплуатацию жилых зданий(Метр квадратный)"	"2022 год"	"202212"	"АЛГИНСКИЙ РАЙОН"	"1166"	"городская местность"	"2"	"Всего"	"1"	"Всего"	"1"	"Всего"	"1"	"11 143"
"Общая площадь введенных в эксплуатацию жилых зданий(Метр квадратный)"	"2016 год"	"201612"	"АЛГИНСКИЙ РАЙОН"	"1166"	"сельская местность"	"3"	"Всего"	"1"	"Всего"	"1"	"Всего"	"1"	"7 620"
"Общая площадь введенных в эксплуатацию жилых зданий(Метр квадратный)"	"2020 год"	"202012"	"АЛГИНСКИЙ РАЙОН"	"1166"	"сельская местность"	"3"	"Всего"	"1"	"Всего"	"1"	"Всего"	"1"	"17 340"
"Общая площадь введенных в эксплуатацию жилых зданий(Метр квадратный)"	"2014 год"	"201412"	"АЛГИНСКИЙ РАЙОН"	"1166"	"сельская местность"	"3"	"Всего"	"1"	"Всего"	"1"	"Всего"	"1"	"5 458"
"Общая площадь введенных в эксплуатацию жилых зданий(Метр квадратный)"	"2019 год"	"201912"	"АЛГИНСКИЙ РАЙОН"	"1166"	"сельская местность"	"3"	"Всего"	"1"	"Всего"	"1"	"Всего"	"1"	"20 532"
"Общая площадь введенных в эксплуатацию жилых зданий(Метр квадратный)"	"2015 год"	"201512"	"АЛГИНСКИЙ РАЙОН"	"1166"	"сельская местность"	"3"	"Всего"	"1"	"Всего"	"1"	"Всего"	"1"	"6 970"
"Общая площадь введенных в эксплуатацию жилых зданий(Метр квадратный)"	"2017 год"	"201712"	"АЛГИНСКИЙ РАЙОН"	"1166"	"сельская местность"	"3"	"Всего"	"1"	"Всего"	"1"	"Всего"	"1"	"9 119"
"Общая площадь введенных в эксплуатацию жилых зданий(Метр квадратный)"	"2018 год"	"201812"	"АЛГИНСКИЙ РАЙОН"	"1166"	"сельская местность"	"3"	"Всего"	"1"	"Всего"	"1"	"Всего"	"1"	"15 088"
"Общая площадь введенных в эксплуатацию жилых зданий(Метр квадратный)"	"2021 год"	"202112"	"АЛГИНСКИЙ РАЙОН"	"1166"	"сельская местность"	"3"	"Всего"	"1"	"Всего"	"1"	"Всего"	"1"	"25 448"
"Общая площадь введенных в эксплуатацию жилых зданий(Метр квадратный)"	"2022 год"	"202212"	"АЛГИНСКИЙ РАЙОН"	"1166"	"сельская местность"	"3"	"Всего"	"1"	"Всего"	"1"	"Всего"	"1"	"28 706"
"Общая площадь введенных в эксплуатацию жилых зданий(Метр квадратный)"	"2016 год"	"201612"	"АЙТЕКЕБИЙСКИЙ РАЙОН"	"1258"	"Всего"	"1"	"Всего"	"1"	"Всего"	"1"	"Всего"	"1"	"7 236"
"Общая площадь введенных в эксплуатацию жилых зданий(Метр квадратный)"	"2020 год"	"202012"	"АЙТЕКЕБИЙСКИЙ РАЙОН"	"1258"	"Всего"	"1"	"Всего"	"1"	"Всего"	"1"	"Всего"	"1"	"11 218"
"Общая площадь введенных в эксплуатацию жилых зданий(Метр квадратный)"	"2014 год"	"201412"	"АЙТЕКЕБИЙСКИЙ РАЙОН"	"1258"	"Всего"	"1"	"Всего"	"1"	"Всего"	"1"	"Всего"	"1"	"6 447"
"Общая площадь введенных в эксплуатацию жилых зданий(Метр квадратный)"	"2019 год"	"201912"	"АЙТЕКЕБИЙСКИЙ РАЙОН"	"1258"	"Всего"	"1"	"Всего"	"1"	"Всего"	"1"	"Всего"	"1"	"10 138"
"Общая площадь введенных в эксплуатацию жилых зданий(Метр квадратный)"	"2015 год"	"201512"	"АЙТЕКЕБИЙСКИЙ РАЙОН"	"1258"	"Всего"	"1"	"Всего"	"1"	"Всего"	"1"	"Всего"	"1"	"7 070"
"Общая площадь введенных в эксплуатацию жилых зданий(Метр квадратный)"	"2017 год"	"201712"	"АЙТЕКЕБИЙСКИЙ РАЙОН"	"1258"	"Всего"	"1"	"Всего"	"1"	"Всего"	"1"	"Всего"	"1"	"8 865"
"Общая площадь введенных в эксплуатацию жилых зданий(Метр квадратный)"	"2018 год"	"201812"	"АЙТЕКЕБИЙСКИЙ РАЙОН"	"1258"	"Всего"	"1"	"Всего"	"1"	"Всего"	"1"	"Всего"	"1"	"9 616"
"Общая площадь введенных в эксплуатацию жилых зданий(Метр квадратный)"	"2021 год"	"202112"	"АЙТЕКЕБИЙСКИЙ РАЙОН"	"1258"	"Всего"	"1"	"Всего"	"1"	"Всего"	"1"	"Всего"	"1"	"11 403"
"Общая площадь введенных в эксплуатацию жилых зданий(Метр квадратный)"	"2022 год"	"202212"	"АЙТЕКЕБИЙСКИЙ РАЙОН"	"1258"	"Всего"	"1"	"Всего"	"1"	"Всего"	"1"	"Всего"	"1"	"11 841"
"Общая площадь введенных в эксплуатацию жилых зданий(Метр квадратный)"	"2016 год"	"201612"	"АЙТЕКЕБИЙСКИЙ РАЙОН"	"1258"	"сельская местность"	"3"	"Всего"	"1"	"Всего"	"1"	"Всего"	"1"	"7 236"
"Общая площадь введенных в эксплуатацию жилых зданий(Метр квадратный)"	"2020 год"	"202012"	"АЙТЕКЕБИЙСКИЙ РАЙОН"	"1258"	"сельская местность"	"3"	"Всего"	"1"	"Всего"	"1"	"Всего"	"1"	"11 218"
"Общая площадь введенных в эксплуатацию жилых зданий(Метр квадратный)"	"2014 год"	"201412"	"АЙТЕКЕБИЙСКИЙ РАЙОН"	"1258"	"сельская местность"	"3"	"Всего"	"1"	"Всего"	"1"	"Всего"	"1"	"6 447"
"Общая площадь введенных в эксплуатацию жилых зданий(Метр квадратный)"	"2019 год"	"201912"	"АЙТЕКЕБИЙСКИЙ РАЙОН"	"1258"	"сельская местность"	"3"	"Всего"	"1"	"Всего"	"1"	"Всего"	"1"	"10 138"
"Общая площадь введенных в эксплуатацию жилых зданий(Метр квадратный)"	"2015 год"	"201512"	"АЙТЕКЕБИЙСКИЙ РАЙОН"	"1258"	"сельская местность"	"3"	"Всего"	"1"	"Всего"	"1"	"Всего"	"1"	"7 070"
"Общая площадь введенных в эксплуатацию жилых зданий(Метр квадратный)"	"2017 год"	"201712"	"АЙТЕКЕБИЙСКИЙ РАЙОН"	"1258"	"сельская местность"	"3"	"Всего"	"1"	"Всего"	"1"	"Всего"	"1"	"8 865"
"Общая площадь введенных в эксплуатацию жилых зданий(Метр квадратный)"	"2018 год"	"201812"	"АЙТЕКЕБИЙСКИЙ РАЙОН"	"1258"	"сельская местность"	"3"	"Всего"	"1"	"Всего"	"1"	"Всего"	"1"	"9 616"
"Общая площадь введенных в эксплуатацию жилых зданий(Метр квадратный)"	"2021 год"	"202112"	"АЙТЕКЕБИЙСКИЙ РАЙОН"	"1258"	"сельская местность"	"3"	"Всего"	"1"	"Всего"	"1"	"Всего"	"1"	"11 403"
"Общая площадь введенных в эксплуатацию жилых зданий(Метр квадратный)"	"2022 год"	"202212"	"АЙТЕКЕБИЙСКИЙ РАЙОН"	"1258"	"сельская местность"	"3"	"Всего"	"1"	"Всего"	"1"	"Всего"	"1"	"11 841"
"Общая площадь введенных в эксплуатацию жилых зданий(Метр квадратный)"	"2016 год"	"201612"	"БАЙГАНИНСКИЙ РАЙОН"	"1406"	"Всего"	"1"	"Всего"	"1"	"Всего"	"1"	"Всего"	"1"	"5 450"
"Общая площадь введенных в эксплуатацию жилых зданий(Метр квадратный)"	"2020 год"	"202012"	"БАЙГАНИНСКИЙ РАЙОН"	"1406"	"Всего"	"1"	"Всего"	"1"	"Всего"	"1"	"Всего"	"1"	"10 602"
"Общая площадь введенных в эксплуатацию жилых зданий(Метр квадратный)"	"2014 год"	"201412"	"БАЙГАНИНСКИЙ РАЙОН"	"1406"	"Всего"	"1"	"Всего"	"1"	"Всего"	"1"	"Всего"	"1"	"5 003"
"Общая площадь введенных в эксплуатацию жилых зданий(Метр квадратный)"	"2019 год"	"201912"	"БАЙГАНИНСКИЙ РАЙОН"	"1406"	"Всего"	"1"	"Всего"	"1"	"Всего"	"1"	"Всего"	"1"	"8 790"
"Общая площадь введенных в эксплуатацию жилых зданий(Метр квадратный)"	"2015 год"	"201512"	"БАЙГАНИНСКИЙ РАЙОН"	"1406"	"Всего"	"1"	"Всего"	"1"	"Всего"	"1"	"Всего"	"1"	"5 422"
"Общая площадь введенных в эксплуатацию жилых зданий(Метр квадратный)"	"2017 год"	"201712"	"БАЙГАНИНСКИЙ РАЙОН"	"1406"	"Всего"	"1"	"Всего"	"1"	"Всего"	"1"	"Всего"	"1"	"6 565"
"Общая площадь введенных в эксплуатацию жилых зданий(Метр квадратный)"	"2018 год"	"201812"	"БАЙГАНИНСКИЙ РАЙОН"	"1406"	"Всего"	"1"	"Всего"	"1"	"Всего"	"1"	"Всего"	"1"	"7 476"
"Общая площадь введенных в эксплуатацию жилых зданий(Метр квадратный)"	"2021 год"	"202112"	"БАЙГАНИНСКИЙ РАЙОН"	"1406"	"Всего"	"1"	"Всего"	"1"	"Всего"	"1"	"Всего"	"1"	"11 086"
"Общая площадь введенных в эксплуатацию жилых зданий(Метр квадратный)"	"2022 год"	"202212"	"БАЙГАНИНСКИЙ РАЙОН"	"1406"	"Всего"	"1"	"Всего"	"1"	"Всего"	"1"	"Всего"	"1"	"11 212"
"Общая площадь введенных в эксплуатацию жилых зданий(Метр квадратный)"	"2016 год"	"201612"	"БАЙГАНИНСКИЙ РАЙОН"	"1406"	"сельская местность"	"3"	"Всего"	"1"	"Всего"	"1"	"Всего"	"1"	"5 450"
"Общая площадь введенных в эксплуатацию жилых зданий(Метр квадратный)"	"2020 год"	"202012"	"БАЙГАНИНСКИЙ РАЙОН"	"1406"	"сельская местность"	"3"	"Всего"	"1"	"Всего"	"1"	"Всего"	"1"	"10 602"
"Общая площадь введенных в эксплуатацию жилых зданий(Метр квадратный)"	"2014 год"	"201412"	"БАЙГАНИНСКИЙ РАЙОН"	"1406"	"сельская местность"	"3"	"Всего"	"1"	"Всего"	"1"	"Всего"	"1"	"5 003"
"Общая площадь введенных в эксплуатацию жилых зданий(Метр квадратный)"	"2019 год"	"201912"	"БАЙГАНИНСКИЙ РАЙОН"	"1406"	"сельская местность"	"3"	"Всего"	"1"	"Всего"	"1"	"Всего"	"1"	"8 790"
"Общая площадь введенных в эксплуатацию жилых зданий(Метр квадратный)"	"2015 год"	"201512"	"БАЙГАНИНСКИЙ РАЙОН"	"1406"	"сельская местность"	"3"	"Всего"	"1"	"Всего"	"1"	"Всего"	"1"	"5 422"
"Общая площадь введенных в эксплуатацию жилых зданий(Метр квадратный)"	"2017 год"	"201712"	"БАЙГАНИНСКИЙ РАЙОН"	"1406"	"сельская местность"	"3"	"Всего"	"1"	"Всего"	"1"	"Всего"	"1"	"6 565"
"Общая площадь введенных в эксплуатацию жилых зданий(Метр квадратный)"	"2018 год"	"201812"	"БАЙГАНИНСКИЙ РАЙОН"	"1406"	"сельская местность"	"3"	"Всего"	"1"	"Всего"	"1"	"Всего"	"1"	"7 476"
"Общая площадь введенных в эксплуатацию жилых зданий(Метр квадратный)"	"2021 год"	"202112"	"БАЙГАНИНСКИЙ РАЙОН"	"1406"	"сельская местность"	"3"	"Всего"	"1"	"Всего"	"1"	"Всего"	"1"	"11 086"
"Общая площадь введенных в эксплуатацию жилых зданий(Метр квадратный)"	"2022 год"	"202212"	"БАЙГАНИНСКИЙ РАЙОН"	"1406"	"сельская местность"	"3"	"Всего"	"1"	"Всего"	"1"	"Всего"	"1"	"11 212"
"Общая площадь введенных в эксплуатацию жилых зданий(Метр квадратный)"	"2016 год"	"201612"	"КАРГАЛИНСКИЙ РАЙОН"	"1673"	"Всего"	"1"	"Всего"	"1"	"Всего"	"1"	"Всего"	"1"	"4 975"
"Общая площадь введенных в эксплуатацию жилых зданий(Метр квадратный)"	"2020 год"	"202012"	"КАРГАЛИНСКИЙ РАЙОН"	"1673"	"Всего"	"1"	"Всего"	"1"	"Всего"	"1"	"Всего"	"1"	"11 531"
"Общая площадь введенных в эксплуатацию жилых зданий(Метр квадратный)"	"2014 год"	"201412"	"КАРГАЛИНСКИЙ РАЙОН"	"1673"	"Всего"	"1"	"Всего"	"1"	"Всего"	"1"	"Всего"	"1"	"3 556"
"Общая площадь введенных в эксплуатацию жилых зданий(Метр квадратный)"	"2019 год"	"201912"	"КАРГАЛИНСКИЙ РАЙОН"	"1673"	"Всего"	"1"	"Всего"	"1"	"Всего"	"1"	"Всего"	"1"	"10 900"
"Общая площадь введенных в эксплуатацию жилых зданий(Метр квадратный)"	"2015 год"	"201512"	"КАРГАЛИНСКИЙ РАЙОН"	"1673"	"Всего"	"1"	"Всего"	"1"	"Всего"	"1"	"Всего"	"1"	"4 112"
"Общая площадь введенных в эксплуатацию жилых зданий(Метр квадратный)"	"2017 год"	"201712"	"КАРГАЛИНСКИЙ РАЙОН"	"1673"	"Всего"	"1"	"Всего"	"1"	"Всего"	"1"	"Всего"	"1"	"6 227"
"Общая площадь введенных в эксплуатацию жилых зданий(Метр квадратный)"	"2018 год"	"201812"	"КАРГАЛИНСКИЙ РАЙОН"	"1673"	"Всего"	"1"	"Всего"	"1"	"Всего"	"1"	"Всего"	"1"	"10 331"
"Общая площадь введенных в эксплуатацию жилых зданий(Метр квадратный)"	"2021 год"	"202112"	"КАРГАЛИНСКИЙ РАЙОН"	"1673"	"Всего"	"1"	"Всего"	"1"	"Всего"	"1"	"Всего"	"1"	"18 109"
"Общая площадь введенных в эксплуатацию жилых зданий(Метр квадратный)"	"2022 год"	"202212"	"КАРГАЛИНСКИЙ РАЙОН"	"1673"	"Всего"	"1"	"Всего"	"1"	"Всего"	"1"	"Всего"	"1"	"18 744"
"Общая площадь введенных в эксплуатацию жилых зданий(Метр квадратный)"	"2016 год"	"201612"	"КАРГАЛИНСКИЙ РАЙОН"	"1673"	"сельская местность"	"3"	"Всего"	"1"	"Всего"	"1"	"Всего"	"1"	"4 975"
"Общая площадь введенных в эксплуатацию жилых зданий(Метр квадратный)"	"2020 год"	"202012"	"КАРГАЛИНСКИЙ РАЙОН"	"1673"	"сельская местность"	"3"	"Всего"	"1"	"Всего"	"1"	"Всего"	"1"	"11 531"
"Общая площадь введенных в эксплуатацию жилых зданий(Метр квадратный)"	"2014 год"	"201412"	"КАРГАЛИНСКИЙ РАЙОН"	"1673"	"сельская местность"	"3"	"Всего"	"1"	"Всего"	"1"	"Всего"	"1"	"3 556"
"Общая площадь введенных в эксплуатацию жилых зданий(Метр квадратный)"	"2019 год"	"201912"	"КАРГАЛИНСКИЙ РАЙОН"	"1673"	"сельская местность"	"3"	"Всего"	"1"	"Всего"	"1"	"Всего"	"1"	"10 900"
"Общая площадь введенных в эксплуатацию жилых зданий(Метр квадратный)"	"2015 год"	"201512"	"КАРГАЛИНСКИЙ РАЙОН"	"1673"	"сельская местность"	"3"	"Всего"	"1"	"Всего"	"1"	"Всего"	"1"	"4 112"
"Общая площадь введенных в эксплуатацию жилых зданий(Метр квадратный)"	"2017 год"	"201712"	"КАРГАЛИНСКИЙ РАЙОН"	"1673"	"сельская местность"	"3"	"Всего"	"1"	"Всего"	"1"	"Всего"	"1"	"6 227"
"Общая площадь введенных в эксплуатацию жилых зданий(Метр квадратный)"	"2018 год"	"201812"	"КАРГАЛИНСКИЙ РАЙОН"	"1673"	"сельская местность"	"3"	"Всего"	"1"	"Всего"	"1"	"Всего"	"1"	"10 331"
"Общая площадь введенных в эксплуатацию жилых зданий(Метр квадратный)"	"2021 год"	"202112"	"КАРГАЛИНСКИЙ РАЙОН"	"1673"	"сельская местность"	"3"	"Всего"	"1"	"Всего"	"1"	"Всего"	"1"	"18 109"
"Общая площадь введенных в эксплуатацию жилых зданий(Метр квадратный)"	"2022 год"	"202212"	"КАРГАЛИНСКИЙ РАЙОН"	"1673"	"сельская местность"	"3"	"Всего"	"1"	"Всего"	"1"	"Всего"	"1"	"18 744"
"Общая площадь введенных в эксплуатацию жилых зданий(Метр квадратный)"	"2016 год"	"201612"	"ХОБДИНСКИЙ РАЙОН"	"1717"	"Всего"	"1"	"Всего"	"1"	"Всего"	"1"	"Всего"	"1"	"6 514"
"Общая площадь введенных в эксплуатацию жилых зданий(Метр квадратный)"	"2020 год"	"202012"	"ХОБДИНСКИЙ РАЙОН"	"1717"	"Всего"	"1"	"Всего"	"1"	"Всего"	"1"	"Всего"	"1"	"9 284"
"Общая площадь введенных в эксплуатацию жилых зданий(Метр квадратный)"	"2014 год"	"201412"	"ХОБДИНСКИЙ РАЙОН"	"1717"	"Всего"	"1"	"Всего"	"1"	"Всего"	"1"	"Всего"	"1"	"4 235"
"Общая площадь введенных в эксплуатацию жилых зданий(Метр квадратный)"	"2019 год"	"201912"	"ХОБДИНСКИЙ РАЙОН"	"1717"	"Всего"	"1"	"Всего"	"1"	"Всего"	"1"	"Всего"	"1"	"8 716"
"Общая площадь введенных в эксплуатацию жилых зданий(Метр квадратный)"	"2015 год"	"201512"	"ХОБДИНСКИЙ РАЙОН"	"1717"	"Всего"	"1"	"Всего"	"1"	"Всего"	"1"	"Всего"	"1"	"4 827"
"Общая площадь введенных в эксплуатацию жилых зданий(Метр квадратный)"	"2017 год"	"201712"	"ХОБДИНСКИЙ РАЙОН"	"1717"	"Всего"	"1"	"Всего"	"1"	"Всего"	"1"	"Всего"	"1"	"7 025"
"Общая площадь введенных в эксплуатацию жилых зданий(Метр квадратный)"	"2018 год"	"201812"	"ХОБДИНСКИЙ РАЙОН"	"1717"	"Всего"	"1"	"Всего"	"1"	"Всего"	"1"	"Всего"	"1"	"7 526"
"Общая площадь введенных в эксплуатацию жилых зданий(Метр квадратный)"	"2021 год"	"202112"	"ХОБДИНСКИЙ РАЙОН"	"1717"	"Всего"	"1"	"Всего"	"1"	"Всего"	"1"	"Всего"	"1"	"9 327"
"Общая площадь введенных в эксплуатацию жилых зданий(Метр квадратный)"	"2022 год"	"202212"	"ХОБДИНСКИЙ РАЙОН"	"1717"	"Всего"	"1"	"Всего"	"1"	"Всего"	"1"	"Всего"	"1"	"9 399"
"Общая площадь введенных в эксплуатацию жилых зданий(Метр квадратный)"	"2016 год"	"201612"	"ХОБДИНСКИЙ РАЙОН"	"1717"	"сельская местность"	"3"	"Всего"	"1"	"Всего"	"1"	"Всего"	"1"	"6 514"
"Общая площадь введенных в эксплуатацию жилых зданий(Метр квадратный)"	"2020 год"	"202012"	"ХОБДИНСКИЙ РАЙОН"	"1717"	"сельская местность"	"3"	"Всего"	"1"	"Всего"	"1"	"Всего"	"1"	"9 284"
"Общая площадь введенных в эксплуатацию жилых зданий(Метр квадратный)"	"2014 год"	"201412"	"ХОБДИНСКИЙ РАЙОН"	"1717"	"сельская местность"	"3"	"Всего"	"1"	"Всего"	"1"	"Всего"	"1"	"4 235"
"Общая площадь введенных в эксплуатацию жилых зданий(Метр квадратный)"	"2019 год"	"201912"	"ХОБДИНСКИЙ РАЙОН"	"1717"	"сельская местность"	"3"	"Всего"	"1"	"Всего"	"1"	"Всего"	"1"	"8 716"
"Общая площадь введенных в эксплуатацию жилых зданий(Метр квадратный)"	"2015 год"	"201512"	"ХОБДИНСКИЙ РАЙОН"	"1717"	"сельская местность"	"3"	"Всего"	"1"	"Всего"	"1"	"Всего"	"1"	"4 827"
"Общая площадь введенных в эксплуатацию жилых зданий(Метр квадратный)"	"2017 год"	"201712"	"ХОБДИНСКИЙ РАЙОН"	"1717"	"сельская местность"	"3"	"Всего"	"1"	"Всего"	"1"	"Всего"	"1"	"7 025"
"Общая площадь введенных в эксплуатацию жилых зданий(Метр квадратный)"	"2018 год"	"201812"	"ХОБДИНСКИЙ РАЙОН"	"1717"	"сельская местность"	"3"	"Всего"	"1"	"Всего"	"1"	"Всего"	"1"	"7 526"
"Общая площадь введенных в эксплуатацию жилых зданий(Метр квадратный)"	"2021 год"	"202112"	"ХОБДИНСКИЙ РАЙОН"	"1717"	"сельская местность"	"3"	"Всего"	"1"	"Всего"	"1"	"Всего"	"1"	"9 327"
"Общая площадь введенных в эксплуатацию жилых зданий(Метр квадратный)"	"2022 год"	"202212"	"ХОБДИНСКИЙ РАЙОН"	"1717"	"сельская местность"	"3"	"Всего"	"1"	"Всего"	"1"	"Всего"	"1"	"9 399"
"Общая площадь введенных в эксплуатацию жилых зданий(Метр квадратный)"	"2016 год"	"201612"	"МАРТУКСКИЙ РАЙОН"	"1851"	"Всего"	"1"	"Всего"	"1"	"Всего"	"1"	"Всего"	"1"	"14 627"
"Общая площадь введенных в эксплуатацию жилых зданий(Метр квадратный)"	"2020 год"	"202012"	"МАРТУКСКИЙ РАЙОН"	"1851"	"Всего"	"1"	"Всего"	"1"	"Всего"	"1"	"Всего"	"1"	"24 563"
"Общая площадь введенных в эксплуатацию жилых зданий(Метр квадратный)"	"2014 год"	"201412"	"МАРТУКСКИЙ РАЙОН"	"1851"	"Всего"	"1"	"Всего"	"1"	"Всего"	"1"	"Всего"	"1"	"12 221"
"Общая площадь введенных в эксплуатацию жилых зданий(Метр квадратный)"	"2019 год"	"201912"	"МАРТУКСКИЙ РАЙОН"	"1851"	"Всего"	"1"	"Всего"	"1"	"Всего"	"1"	"Всего"	"1"	"22 579"
"Общая площадь введенных в эксплуатацию жилых зданий(Метр квадратный)"	"2015 год"	"201512"	"МАРТУКСКИЙ РАЙОН"	"1851"	"Всего"	"1"	"Всего"	"1"	"Всего"	"1"	"Всего"	"1"	"14 568"
"Общая площадь введенных в эксплуатацию жилых зданий(Метр квадратный)"	"2017 год"	"201712"	"МАРТУКСКИЙ РАЙОН"	"1851"	"Всего"	"1"	"Всего"	"1"	"Всего"	"1"	"Всего"	"1"	"16 872"
"Общая площадь введенных в эксплуатацию жилых зданий(Метр квадратный)"	"2018 год"	"201812"	"МАРТУКСКИЙ РАЙОН"	"1851"	"Всего"	"1"	"Всего"	"1"	"Всего"	"1"	"Всего"	"1"	"18 600"
"Общая площадь введенных в эксплуатацию жилых зданий(Метр квадратный)"	"2021 год"	"202112"	"МАРТУКСКИЙ РАЙОН"	"1851"	"Всего"	"1"	"Всего"	"1"	"Всего"	"1"	"Всего"	"1"	"27 001"
"Общая площадь введенных в эксплуатацию жилых зданий(Метр квадратный)"	"2022 год"	"202212"	"МАРТУКСКИЙ РАЙОН"	"1851"	"Всего"	"1"	"Всего"	"1"	"Всего"	"1"	"Всего"	"1"	"27 197"
"Общая площадь введенных в эксплуатацию жилых зданий(Метр квадратный)"	"2016 год"	"201612"	"МАРТУКСКИЙ РАЙОН"	"1851"	"сельская местность"	"3"	"Всего"	"1"	"Всего"	"1"	"Всего"	"1"	"14 627"
"Общая площадь введенных в эксплуатацию жилых зданий(Метр квадратный)"	"2020 год"	"202012"	"МАРТУКСКИЙ РАЙОН"	"1851"	"сельская местность"	"3"	"Всего"	"1"	"Всего"	"1"	"Всего"	"1"	"24 563"
"Общая площадь введенных в эксплуатацию жилых зданий(Метр квадратный)"	"2014 год"	"201412"	"МАРТУКСКИЙ РАЙОН"	"1851"	"сельская местность"	"3"	"Всего"	"1"	"Всего"	"1"	"Всего"	"1"	"12 221"
"Общая площадь введенных в эксплуатацию жилых зданий(Метр квадратный)"	"2019 год"	"201912"	"МАРТУКСКИЙ РАЙОН"	"1851"	"сельская местность"	"3"	"Всего"	"1"	"Всего"	"1"	"Всего"	"1"	"22 579"
"Общая площадь введенных в эксплуатацию жилых зданий(Метр квадратный)"	"2015 год"	"201512"	"МАРТУКСКИЙ РАЙОН"	"1851"	"сельская местность"	"3"	"Всего"	"1"	"Всего"	"1"	"Всего"	"1"	"14 568"
"Общая площадь введенных в эксплуатацию жилых зданий(Метр квадратный)"	"2017 год"	"201712"	"МАРТУКСКИЙ РАЙОН"	"1851"	"сельская местность"	"3"	"Всего"	"1"	"Всего"	"1"	"Всего"	"1"	"16 872"
"Общая площадь введенных в эксплуатацию жилых зданий(Метр квадратный)"	"2018 год"	"201812"	"МАРТУКСКИЙ РАЙОН"	"1851"	"сельская местность"	"3"	"Всего"	"1"	"Всего"	"1"	"Всего"	"1"	"18 600"
"Общая площадь введенных в эксплуатацию жилых зданий(Метр квадратный)"	"2021 год"	"202112"	"МАРТУКСКИЙ РАЙОН"	"1851"	"сельская местность"	"3"	"Всего"	"1"	"Всего"	"1"	"Всего"	"1"	"27 001"
"Общая площадь введенных в эксплуатацию жилых зданий(Метр квадратный)"	"2022 год"	"202212"	"МАРТУКСКИЙ РАЙОН"	"1851"	"сельская местность"	"3"	"Всего"	"1"	"Всего"	"1"	"Всего"	"1"	"27 197"
"Общая площадь введенных в эксплуатацию жилых зданий(Метр квадратный)"	"2016 год"	"201612"	"МУГАЛЖАРСКИЙ РАЙОН"	"1916"	"Всего"	"1"	"Всего"	"1"	"Всего"	"1"	"Всего"	"1"	"20 812"
"Общая площадь введенных в эксплуатацию жилых зданий(Метр квадратный)"	"2020 год"	"202012"	"МУГАЛЖАРСКИЙ РАЙОН"	"1916"	"Всего"	"1"	"Всего"	"1"	"Всего"	"1"	"Всего"	"1"	"30 071"
"Общая площадь введенных в эксплуатацию жилых зданий(Метр квадратный)"	"2014 год"	"201412"	"МУГАЛЖАРСКИЙ РАЙОН"	"1916"	"Всего"	"1"	"Всего"	"1"	"Всего"	"1"	"Всего"	"1"	"20 278"
"Общая площадь введенных в эксплуатацию жилых зданий(Метр квадратный)"	"2019 год"	"201912"	"МУГАЛЖАРСКИЙ РАЙОН"	"1916"	"Всего"	"1"	"Всего"	"1"	"Всего"	"1"	"Всего"	"1"	"29 182"
"Общая площадь введенных в эксплуатацию жилых зданий(Метр квадратный)"	"2015 год"	"201512"	"МУГАЛЖАРСКИЙ РАЙОН"	"1916"	"Всего"	"1"	"Всего"	"1"	"Всего"	"1"	"Всего"	"1"	"20 798"
"Общая площадь введенных в эксплуатацию жилых зданий(Метр квадратный)"	"2017 год"	"201712"	"МУГАЛЖАРСКИЙ РАЙОН"	"1916"	"Всего"	"1"	"Всего"	"1"	"Всего"	"1"	"Всего"	"1"	"23 179"
"Общая площадь введенных в эксплуатацию жилых зданий(Метр квадратный)"	"2018 год"	"201812"	"МУГАЛЖАРСКИЙ РАЙОН"	"1916"	"Всего"	"1"	"Всего"	"1"	"Всего"	"1"	"Всего"	"1"	"23 629"
"Общая площадь введенных в эксплуатацию жилых зданий(Метр квадратный)"	"2021 год"	"202112"	"МУГАЛЖАРСКИЙ РАЙОН"	"1916"	"Всего"	"1"	"Всего"	"1"	"Всего"	"1"	"Всего"	"1"	"31 028"
"Общая площадь введенных в эксплуатацию жилых зданий(Метр квадратный)"	"2022 год"	"202212"	"МУГАЛЖАРСКИЙ РАЙОН"	"1916"	"Всего"	"1"	"Всего"	"1"	"Всего"	"1"	"Всего"	"1"	"31 325"
"Общая площадь введенных в эксплуатацию жилых зданий(Метр квадратный)"	"2016 год"	"201612"	"МУГАЛЖАРСКИЙ РАЙОН"	"1916"	"городская местность"	"2"	"Всего"	"1"	"Всего"	"1"	"Всего"	"1"	"17 602"
"Общая площадь введенных в эксплуатацию жилых зданий(Метр квадратный)"	"2020 год"	"202012"	"МУГАЛЖАРСКИЙ РАЙОН"	"1916"	"городская местность"	"2"	"Всего"	"1"	"Всего"	"1"	"Всего"	"1"	"25 646"
"Общая площадь введенных в эксплуатацию жилых зданий(Метр квадратный)"	"2014 год"	"201412"	"МУГАЛЖАРСКИЙ РАЙОН"	"1916"	"городская местность"	"2"	"Всего"	"1"	"Всего"	"1"	"Всего"	"1"	"15 634"
"Общая площадь введенных в эксплуатацию жилых зданий(Метр квадратный)"	"2019 год"	"201912"	"МУГАЛЖАРСКИЙ РАЙОН"	"1916"	"городская местность"	"2"	"Всего"	"1"	"Всего"	"1"	"Всего"	"1"	"23 505"
"Общая площадь введенных в эксплуатацию жилых зданий(Метр квадратный)"	"2015 год"	"201512"	"МУГАЛЖАРСКИЙ РАЙОН"	"1916"	"городская местность"	"2"	"Всего"	"1"	"Всего"	"1"	"Всего"	"1"	"17 182"
"Общая площадь введенных в эксплуатацию жилых зданий(Метр квадратный)"	"2017 год"	"201712"	"МУГАЛЖАРСКИЙ РАЙОН"	"1916"	"городская местность"	"2"	"Всего"	"1"	"Всего"	"1"	"Всего"	"1"	"21 331"
"Общая площадь введенных в эксплуатацию жилых зданий(Метр квадратный)"	"2018 год"	"201812"	"МУГАЛЖАРСКИЙ РАЙОН"	"1916"	"городская местность"	"2"	"Всего"	"1"	"Всего"	"1"	"Всего"	"1"	"21 215"
"Общая площадь введенных в эксплуатацию жилых зданий(Метр квадратный)"	"2021 год"	"202112"	"МУГАЛЖАРСКИЙ РАЙОН"	"1916"	"городская местность"	"2"	"Всего"	"1"	"Всего"	"1"	"Всего"	"1"	"26 413"
"Общая площадь введенных в эксплуатацию жилых зданий(Метр квадратный)"	"2022 год"	"202212"	"МУГАЛЖАРСКИЙ РАЙОН"	"1916"	"городская местность"	"2"	"Всего"	"1"	"Всего"	"1"	"Всего"	"1"	"25 412"
"Общая площадь введенных в эксплуатацию жилых зданий(Метр квадратный)"	"2016 год"	"201612"	"МУГАЛЖАРСКИЙ РАЙОН"	"1916"	"сельская местность"	"3"	"Всего"	"1"	"Всего"	"1"	"Всего"	"1"	"3 210"
"Общая площадь введенных в эксплуатацию жилых зданий(Метр квадратный)"	"2020 год"	"202012"	"МУГАЛЖАРСКИЙ РАЙОН"	"1916"	"сельская местность"	"3"	"Всего"	"1"	"Всего"	"1"	"Всего"	"1"	"4 425"
"Общая площадь введенных в эксплуатацию жилых зданий(Метр квадратный)"	"2014 год"	"201412"	"МУГАЛЖАРСКИЙ РАЙОН"	"1916"	"сельская местность"	"3"	"Всего"	"1"	"Всего"	"1"	"Всего"	"1"	"4 644"
"Общая площадь введенных в эксплуатацию жилых зданий(Метр квадратный)"	"2019 год"	"201912"	"МУГАЛЖАРСКИЙ РАЙОН"	"1916"	"сельская местность"	"3"	"Всего"	"1"	"Всего"	"1"	"Всего"	"1"	"5 677"
"Общая площадь введенных в эксплуатацию жилых зданий(Метр квадратный)"	"2015 год"	"201512"	"МУГАЛЖАРСКИЙ РАЙОН"	"1916"	"сельская местность"	"3"	"Всего"	"1"	"Всего"	"1"	"Всего"	"1"	"3 616"
"Общая площадь введенных в эксплуатацию жилых зданий(Метр квадратный)"	"2017 год"	"201712"	"МУГАЛЖАРСКИЙ РАЙОН"	"1916"	"сельская местность"	"3"	"Всего"	"1"	"Всего"	"1"	"Всего"	"1"	"1 848"
"Общая площадь введенных в эксплуатацию жилых зданий(Метр квадратный)"	"2018 год"	"201812"	"МУГАЛЖАРСКИЙ РАЙОН"	"1916"	"сельская местность"	"3"	"Всего"	"1"	"Всего"	"1"	"Всего"	"1"	"2 414"
"Общая площадь введенных в эксплуатацию жилых зданий(Метр квадратный)"	"2021 год"	"202112"	"МУГАЛЖАРСКИЙ РАЙОН"	"1916"	"сельская местность"	"3"	"Всего"	"1"	"Всего"	"1"	"Всего"	"1"	"4 615"
"Общая площадь введенных в эксплуатацию жилых зданий(Метр квадратный)"	"2022 год"	"202212"	"МУГАЛЖАРСКИЙ РАЙОН"	"1916"	"сельская местность"	"3"	"Всего"	"1"	"Всего"	"1"	"Всего"	"1"	"5 913"
"Общая площадь введенных в эксплуатацию жилых зданий(Метр квадратный)"	"2016 год"	"201612"	"УИЛСКИЙ РАЙОН"	"2124"	"Всего"	"1"	"Всего"	"1"	"Всего"	"1"	"Всего"	"1"	"5 516"
"Общая площадь введенных в эксплуатацию жилых зданий(Метр квадратный)"	"2020 год"	"202012"	"УИЛСКИЙ РАЙОН"	"2124"	"Всего"	"1"	"Всего"	"1"	"Всего"	"1"	"Всего"	"1"	"9 108"
"Общая площадь введенных в эксплуатацию жилых зданий(Метр квадратный)"	"2014 год"	"201412"	"УИЛСКИЙ РАЙОН"	"2124"	"Всего"	"1"	"Всего"	"1"	"Всего"	"1"	"Всего"	"1"	"4 484"
"Общая площадь введенных в эксплуатацию жилых зданий(Метр квадратный)"	"2019 год"	"201912"	"УИЛСКИЙ РАЙОН"	"2124"	"Всего"	"1"	"Всего"	"1"	"Всего"	"1"	"Всего"	"1"	"8 626"
"Общая площадь введенных в эксплуатацию жилых зданий(Метр квадратный)"	"2015 год"	"201512"	"УИЛСКИЙ РАЙОН"	"2124"	"Всего"	"1"	"Всего"	"1"	"Всего"	"1"	"Всего"	"1"	"4 579"
"Общая площадь введенных в эксплуатацию жилых зданий(Метр квадратный)"	"2017 год"	"201712"	"УИЛСКИЙ РАЙОН"	"2124"	"Всего"	"1"	"Всего"	"1"	"Всего"	"1"	"Всего"	"1"	"7 141"
"Общая площадь введенных в эксплуатацию жилых зданий(Метр квадратный)"	"2018 год"	"201812"	"УИЛСКИЙ РАЙОН"	"2124"	"Всего"	"1"	"Всего"	"1"	"Всего"	"1"	"Всего"	"1"	"7 626"
"Общая площадь введенных в эксплуатацию жилых зданий(Метр квадратный)"	"2021 год"	"202112"	"УИЛСКИЙ РАЙОН"	"2124"	"Всего"	"1"	"Всего"	"1"	"Всего"	"1"	"Всего"	"1"	"10 200"
"Общая площадь введенных в эксплуатацию жилых зданий(Метр квадратный)"	"2022 год"	"202212"	"УИЛСКИЙ РАЙОН"	"2124"	"Всего"	"1"	"Всего"	"1"	"Всего"	"1"	"Всего"	"1"	"10 210"
"Общая площадь введенных в эксплуатацию жилых зданий(Метр квадратный)"	"2016 год"	"201612"	"УИЛСКИЙ РАЙОН"	"2124"	"сельская местность"	"3"	"Всего"	"1"	"Всего"	"1"	"Всего"	"1"	"5 516"
"Общая площадь введенных в эксплуатацию жилых зданий(Метр квадратный)"	"2020 год"	"202012"	"УИЛСКИЙ РАЙОН"	"2124"	"сельская местность"	"3"	"Всего"	"1"	"Всего"	"1"	"Всего"	"1"	"9 108"
"Общая площадь введенных в эксплуатацию жилых зданий(Метр квадратный)"	"2014 год"	"201412"	"УИЛСКИЙ РАЙОН"	"2124"	"сельская местность"	"3"	"Всего"	"1"	"Всего"	"1"	"Всего"	"1"	"4 484"
"Общая площадь введенных в эксплуатацию жилых зданий(Метр квадратный)"	"2019 год"	"201912"	"УИЛСКИЙ РАЙОН"	"2124"	"сельская местность"	"3"	"Всего"	"1"	"Всего"	"1"	"Всего"	"1"	"8 626"
"Общая площадь введенных в эксплуатацию жилых зданий(Метр квадратный)"	"2015 год"	"201512"	"УИЛСКИЙ РАЙОН"	"2124"	"сельская местность"	"3"	"Всего"	"1"	"Всего"	"1"	"Всего"	"1"	"4 579"
"Общая площадь введенных в эксплуатацию жилых зданий(Метр квадратный)"	"2017 год"	"201712"	"УИЛСКИЙ РАЙОН"	"2124"	"сельская местность"	"3"	"Всего"	"1"	"Всего"	"1"	"Всего"	"1"	"7 141"
"Общая площадь введенных в эксплуатацию жилых зданий(Метр квадратный)"	"2018 год"	"201812"	"УИЛСКИЙ РАЙОН"	"2124"	"сельская местность"	"3"	"Всего"	"1"	"Всего"	"1"	"Всего"	"1"	"7 626"
"Общая площадь введенных в эксплуатацию жилых зданий(Метр квадратный)"	"2021 год"	"202112"	"УИЛСКИЙ РАЙОН"	"2124"	"сельская местность"	"3"	"Всего"	"1"	"Всего"	"1"	"Всего"	"1"	"10 200"
"Общая площадь введенных в эксплуатацию жилых зданий(Метр квадратный)"	"2022 год"	"202212"	"УИЛСКИЙ РАЙОН"	"2124"	"сельская местность"	"3"	"Всего"	"1"	"Всего"	"1"	"Всего"	"1"	"10 210"
"Общая площадь введенных в эксплуатацию жилых зданий(Метр квадратный)"	"2016 год"	"201612"	"ТЕМИРСКИЙ РАЙОН"	"2232"	"Всего"	"1"	"Всего"	"1"	"Всего"	"1"	"Всего"	"1"	"16 748"
"Общая площадь введенных в эксплуатацию жилых зданий(Метр квадратный)"	"2020 год"	"202012"	"ТЕМИРСКИЙ РАЙОН"	"2232"	"Всего"	"1"	"Всего"	"1"	"Всего"	"1"	"Всего"	"1"	"23 186"
"Общая площадь введенных в эксплуатацию жилых зданий(Метр квадратный)"	"2014 год"	"201412"	"ТЕМИРСКИЙ РАЙОН"	"2232"	"Всего"	"1"	"Всего"	"1"	"Всего"	"1"	"Всего"	"1"	"15 866"
"Общая площадь введенных в эксплуатацию жилых зданий(Метр квадратный)"	"2019 год"	"201912"	"ТЕМИРСКИЙ РАЙОН"	"2232"	"Всего"	"1"	"Всего"	"1"	"Всего"	"1"	"Всего"	"1"	"19 934"
"Общая площадь введенных в эксплуатацию жилых зданий(Метр квадратный)"	"2015 год"	"201512"	"ТЕМИРСКИЙ РАЙОН"	"2232"	"Всего"	"1"	"Всего"	"1"	"Всего"	"1"	"Всего"	"1"	"16 720"
"Общая площадь введенных в эксплуатацию жилых зданий(Метр квадратный)"	"2017 год"	"201712"	"ТЕМИРСКИЙ РАЙОН"	"2232"	"Всего"	"1"	"Всего"	"1"	"Всего"	"1"	"Всего"	"1"	"17 319"
"Общая площадь введенных в эксплуатацию жилых зданий(Метр квадратный)"	"2018 год"	"201812"	"ТЕМИРСКИЙ РАЙОН"	"2232"	"Всего"	"1"	"Всего"	"1"	"Всего"	"1"	"Всего"	"1"	"18 607"
"Общая площадь введенных в эксплуатацию жилых зданий(Метр квадратный)"	"2021 год"	"202112"	"ТЕМИРСКИЙ РАЙОН"	"2232"	"Всего"	"1"	"Всего"	"1"	"Всего"	"1"	"Всего"	"1"	"24 130"
"Общая площадь введенных в эксплуатацию жилых зданий(Метр квадратный)"	"2022 год"	"202212"	"ТЕМИРСКИЙ РАЙОН"	"2232"	"Всего"	"1"	"Всего"	"1"	"Всего"	"1"	"Всего"	"1"	"24 814"
"Общая площадь введенных в эксплуатацию жилых зданий(Метр квадратный)"	"2016 год"	"201612"	"ТЕМИРСКИЙ РАЙОН"	"2232"	"городская местность"	"2"	"Всего"	"1"	"Всего"	"1"	"Всего"	"1"	"1 539"
"Общая площадь введенных в эксплуатацию жилых зданий(Метр квадратный)"	"2020 год"	"202012"	"ТЕМИРСКИЙ РАЙОН"	"2232"	"городская местность"	"2"	"Всего"	"1"	"Всего"	"1"	"Всего"	"1"	"942"
"Общая площадь введенных в эксплуатацию жилых зданий(Метр квадратный)"	"2014 год"	"201412"	"ТЕМИРСКИЙ РАЙОН"	"2232"	"городская местность"	"2"	"Всего"	"1"	"Всего"	"1"	"Всего"	"1"	"568"
"Общая площадь введенных в эксплуатацию жилых зданий(Метр квадратный)"	"2019 год"	"201912"	"ТЕМИРСКИЙ РАЙОН"	"2232"	"городская местность"	"2"	"Всего"	"1"	"Всего"	"1"	"Всего"	"1"	"658"
"Общая площадь введенных в эксплуатацию жилых зданий(Метр квадратный)"	"2015 год"	"201512"	"ТЕМИРСКИЙ РАЙОН"	"2232"	"городская местность"	"2"	"Всего"	"1"	"Всего"	"1"	"Всего"	"1"	"677"
"Общая площадь введенных в эксплуатацию жилых зданий(Метр квадратный)"	"2017 год"	"201712"	"ТЕМИРСКИЙ РАЙОН"	"2232"	"городская местность"	"2"	"Всего"	"1"	"Всего"	"1"	"Всего"	"1"	"339"
"Общая площадь введенных в эксплуатацию жилых зданий(Метр квадратный)"	"2018 год"	"201812"	"ТЕМИРСКИЙ РАЙОН"	"2232"	"городская местность"	"2"	"Всего"	"1"	"Всего"	"1"	"Всего"	"1"	"970"
"Общая площадь введенных в эксплуатацию жилых зданий(Метр квадратный)"	"2021 год"	"202112"	"ТЕМИРСКИЙ РАЙОН"	"2232"	"городская местность"	"2"	"Всего"	"1"	"Всего"	"1"	"Всего"	"1"	"541"
"Общая площадь введенных в эксплуатацию жилых зданий(Метр квадратный)"	"2022 год"	"202212"	"ТЕМИРСКИЙ РАЙОН"	"2232"	"городская местность"	"2"	"Всего"	"1"	"Всего"	"1"	"Всего"	"1"	"734"
"Общая площадь введенных в эксплуатацию жилых зданий(Метр квадратный)"	"2016 год"	"201612"	"ТЕМИРСКИЙ РАЙОН"	"2232"	"сельская местность"	"3"	"Всего"	"1"	"Всего"	"1"	"Всего"	"1"	"15 209"
"Общая площадь введенных в эксплуатацию жилых зданий(Метр квадратный)"	"2020 год"	"202012"	"ТЕМИРСКИЙ РАЙОН"	"2232"	"сельская местность"	"3"	"Всего"	"1"	"Всего"	"1"	"Всего"	"1"	"22 244"
"Общая площадь введенных в эксплуатацию жилых зданий(Метр квадратный)"	"2014 год"	"201412"	"ТЕМИРСКИЙ РАЙОН"	"2232"	"сельская местность"	"3"	"Всего"	"1"	"Всего"	"1"	"Всего"	"1"	"15 298"
"Общая площадь введенных в эксплуатацию жилых зданий(Метр квадратный)"	"2019 год"	"201912"	"ТЕМИРСКИЙ РАЙОН"	"2232"	"сельская местность"	"3"	"Всего"	"1"	"Всего"	"1"	"Всего"	"1"	"19 276"
"Общая площадь введенных в эксплуатацию жилых зданий(Метр квадратный)"	"2015 год"	"201512"	"ТЕМИРСКИЙ РАЙОН"	"2232"	"сельская местность"	"3"	"Всего"	"1"	"Всего"	"1"	"Всего"	"1"	"16 043"
"Общая площадь введенных в эксплуатацию жилых зданий(Метр квадратный)"	"2017 год"	"201712"	"ТЕМИРСКИЙ РАЙОН"	"2232"	"сельская местность"	"3"	"Всего"	"1"	"Всего"	"1"	"Всего"	"1"	"16 980"
"Общая площадь введенных в эксплуатацию жилых зданий(Метр квадратный)"	"2018 год"	"201812"	"ТЕМИРСКИЙ РАЙОН"	"2232"	"сельская местность"	"3"	"Всего"	"1"	"Всего"	"1"	"Всего"	"1"	"17 637"
"Общая площадь введенных в эксплуатацию жилых зданий(Метр квадратный)"	"2021 год"	"202112"	"ТЕМИРСКИЙ РАЙОН"	"2232"	"сельская местность"	"3"	"Всего"	"1"	"Всего"	"1"	"Всего"	"1"	"23 589"
"Общая площадь введенных в эксплуатацию жилых зданий(Метр квадратный)"	"2022 год"	"202212"	"ТЕМИРСКИЙ РАЙОН"	"2232"	"сельская местность"	"3"	"Всего"	"1"	"Всего"	"1"	"Всего"	"1"	"24 080"
"Общая площадь введенных в эксплуатацию жилых зданий(Метр квадратный)"	"2016 год"	"201612"	"ХРОМТАУСКИЙ РАЙОН"	"2348"	"Всего"	"1"	"Всего"	"1"	"Всего"	"1"	"Всего"	"1"	"15 394"
"Общая площадь введенных в эксплуатацию жилых зданий(Метр квадратный)"	"2020 год"	"202012"	"ХРОМТАУСКИЙ РАЙОН"	"2348"	"Всего"	"1"	"Всего"	"1"	"Всего"	"1"	"Всего"	"1"	"43 356"
"Общая площадь введенных в эксплуатацию жилых зданий(Метр квадратный)"	"2014 год"	"201412"	"ХРОМТАУСКИЙ РАЙОН"	"2348"	"Всего"	"1"	"Всего"	"1"	"Всего"	"1"	"Всего"	"1"	"12 841"
"Общая площадь введенных в эксплуатацию жилых зданий(Метр квадратный)"	"2019 год"	"201912"	"ХРОМТАУСКИЙ РАЙОН"	"2348"	"Всего"	"1"	"Всего"	"1"	"Всего"	"1"	"Всего"	"1"	"42 742"
"Общая площадь введенных в эксплуатацию жилых зданий(Метр квадратный)"	"2015 год"	"201512"	"ХРОМТАУСКИЙ РАЙОН"	"2348"	"Всего"	"1"	"Всего"	"1"	"Всего"	"1"	"Всего"	"1"	"13 738"
"Общая площадь введенных в эксплуатацию жилых зданий(Метр квадратный)"	"2017 год"	"201712"	"ХРОМТАУСКИЙ РАЙОН"	"2348"	"Всего"	"1"	"Всего"	"1"	"Всего"	"1"	"Всего"	"1"	"28 666"
"Общая площадь введенных в эксплуатацию жилых зданий(Метр квадратный)"	"2018 год"	"201812"	"ХРОМТАУСКИЙ РАЙОН"	"2348"	"Всего"	"1"	"Всего"	"1"	"Всего"	"1"	"Всего"	"1"	"36 528"
"Общая площадь введенных в эксплуатацию жилых зданий(Метр квадратный)"	"2021 год"	"202112"	"ХРОМТАУСКИЙ РАЙОН"	"2348"	"Всего"	"1"	"Всего"	"1"	"Всего"	"1"	"Всего"	"1"	"49 283"
"Общая площадь введенных в эксплуатацию жилых зданий(Метр квадратный)"	"2022 год"	"202212"	"ХРОМТАУСКИЙ РАЙОН"	"2348"	"Всего"	"1"	"Всего"	"1"	"Всего"	"1"	"Всего"	"1"	"49 484"
"Общая площадь введенных в эксплуатацию жилых зданий(Метр квадратный)"	"2016 год"	"201612"	"ХРОМТАУСКИЙ РАЙОН"	"2348"	"городская местность"	"2"	"Всего"	"1"	"Всего"	"1"	"Всего"	"1"	"9 795"
"Общая площадь введенных в эксплуатацию жилых зданий(Метр квадратный)"	"2020 год"	"202012"	"ХРОМТАУСКИЙ РАЙОН"	"2348"	"городская местность"	"2"	"Всего"	"1"	"Всего"	"1"	"Всего"	"1"	"34 141"
"Общая площадь введенных в эксплуатацию жилых зданий(Метр квадратный)"	"2014 год"	"201412"	"ХРОМТАУСКИЙ РАЙОН"	"2348"	"городская местность"	"2"	"Всего"	"1"	"Всего"	"1"	"Всего"	"1"	"8 040"
"Общая площадь введенных в эксплуатацию жилых зданий(Метр квадратный)"	"2019 год"	"201912"	"ХРОМТАУСКИЙ РАЙОН"	"2348"	"городская местность"	"2"	"Всего"	"1"	"Всего"	"1"	"Всего"	"1"	"37 165"
"Общая площадь введенных в эксплуатацию жилых зданий(Метр квадратный)"	"2015 год"	"201512"	"ХРОМТАУСКИЙ РАЙОН"	"2348"	"городская местность"	"2"	"Всего"	"1"	"Всего"	"1"	"Всего"	"1"	"9 163"
"Общая площадь введенных в эксплуатацию жилых зданий(Метр квадратный)"	"2017 год"	"201712"	"ХРОМТАУСКИЙ РАЙОН"	"2348"	"городская местность"	"2"	"Всего"	"1"	"Всего"	"1"	"Всего"	"1"	"21 930"
"Общая площадь введенных в эксплуатацию жилых зданий(Метр квадратный)"	"2018 год"	"201812"	"ХРОМТАУСКИЙ РАЙОН"	"2348"	"городская местность"	"2"	"Всего"	"1"	"Всего"	"1"	"Всего"	"1"	"26 757"
"Общая площадь введенных в эксплуатацию жилых зданий(Метр квадратный)"	"2021 год"	"202112"	"ХРОМТАУСКИЙ РАЙОН"	"2348"	"городская местность"	"2"	"Всего"	"1"	"Всего"	"1"	"Всего"	"1"	"36 242"
"Общая площадь введенных в эксплуатацию жилых зданий(Метр квадратный)"	"2022 год"	"202212"	"ХРОМТАУСКИЙ РАЙОН"	"2348"	"городская местность"	"2"	"Всего"	"1"	"Всего"	"1"	"Всего"	"1"	"39 685"
"Общая площадь введенных в эксплуатацию жилых зданий(Метр квадратный)"	"2016 год"	"201612"	"ХРОМТАУСКИЙ РАЙОН"	"2348"	"сельская местность"	"3"	"Всего"	"1"	"Всего"	"1"	"Всего"	"1"	"5 599"
"Общая площадь введенных в эксплуатацию жилых зданий(Метр квадратный)"	"2020 год"	"202012"	"ХРОМТАУСКИЙ РАЙОН"	"2348"	"сельская местность"	"3"	"Всего"	"1"	"Всего"	"1"	"Всего"	"1"	"9 215"
"Общая площадь введенных в эксплуатацию жилых зданий(Метр квадратный)"	"2014 год"	"201412"	"ХРОМТАУСКИЙ РАЙОН"	"2348"	"сельская местность"	"3"	"Всего"	"1"	"Всего"	"1"	"Всего"	"1"	"4 801"
"Общая площадь введенных в эксплуатацию жилых зданий(Метр квадратный)"	"2019 год"	"201912"	"ХРОМТАУСКИЙ РАЙОН"	"2348"	"сельская местность"	"3"	"Всего"	"1"	"Всего"	"1"	"Всего"	"1"	"5 577"
"Общая площадь введенных в эксплуатацию жилых зданий(Метр квадратный)"	"2015 год"	"201512"	"ХРОМТАУСКИЙ РАЙОН"	"2348"	"сельская местность"	"3"	"Всего"	"1"	"Всего"	"1"	"Всего"	"1"	"4 575"
"Общая площадь введенных в эксплуатацию жилых зданий(Метр квадратный)"	"2017 год"	"201712"	"ХРОМТАУСКИЙ РАЙОН"	"2348"	"сельская местность"	"3"	"Всего"	"1"	"Всего"	"1"	"Всего"	"1"	"6 736"
"Общая площадь введенных в эксплуатацию жилых зданий(Метр квадратный)"	"2018 год"	"201812"	"ХРОМТАУСКИЙ РАЙОН"	"2348"	"сельская местность"	"3"	"Всего"	"1"	"Всего"	"1"	"Всего"	"1"	"9 771"
"Общая площадь введенных в эксплуатацию жилых зданий(Метр квадратный)"	"2021 год"	"202112"	"ХРОМТАУСКИЙ РАЙОН"	"2348"	"сельская местность"	"3"	"Всего"	"1"	"Всего"	"1"	"Всего"	"1"	"13 041"
"Общая площадь введенных в эксплуатацию жилых зданий(Метр квадратный)"	"2022 год"	"202212"	"ХРОМТАУСКИЙ РАЙОН"	"2348"	"сельская местность"	"3"	"Всего"	"1"	"Всего"	"1"	"Всего"	"1"	"9 799"
"Общая площадь введенных в эксплуатацию жилых зданий(Метр квадратный)"	"2016 год"	"201612"	"ШАЛКАРСКИЙ РАЙОН"	"2477"	"Всего"	"1"	"Всего"	"1"	"Всего"	"1"	"Всего"	"1"	"19 313"
"Общая площадь введенных в эксплуатацию жилых зданий(Метр квадратный)"	"2020 год"	"202012"	"ШАЛКАРСКИЙ РАЙОН"	"2477"	"Всего"	"1"	"Всего"	"1"	"Всего"	"1"	"Всего"	"1"	"28 837"
"Общая площадь введенных в эксплуатацию жилых зданий(Метр квадратный)"	"2014 год"	"201412"	"ШАЛКАРСКИЙ РАЙОН"	"2477"	"Всего"	"1"	"Всего"	"1"	"Всего"	"1"	"Всего"	"1"	"13 135"
"Общая площадь введенных в эксплуатацию жилых зданий(Метр квадратный)"	"2019 год"	"201912"	"ШАЛКАРСКИЙ РАЙОН"	"2477"	"Всего"	"1"	"Всего"	"1"	"Всего"	"1"	"Всего"	"1"	"27 150"
"Общая площадь введенных в эксплуатацию жилых зданий(Метр квадратный)"	"2015 год"	"201512"	"ШАЛКАРСКИЙ РАЙОН"	"2477"	"Всего"	"1"	"Всего"	"1"	"Всего"	"1"	"Всего"	"1"	"14 361"
"Общая площадь введенных в эксплуатацию жилых зданий(Метр квадратный)"	"2017 год"	"201712"	"ШАЛКАРСКИЙ РАЙОН"	"2477"	"Всего"	"1"	"Всего"	"1"	"Всего"	"1"	"Всего"	"1"	"22 209"
"Общая площадь введенных в эксплуатацию жилых зданий(Метр квадратный)"	"2018 год"	"201812"	"ШАЛКАРСКИЙ РАЙОН"	"2477"	"Всего"	"1"	"Всего"	"1"	"Всего"	"1"	"Всего"	"1"	"24 430"
"Общая площадь введенных в эксплуатацию жилых зданий(Метр квадратный)"	"2021 год"	"202112"	"ШАЛКАРСКИЙ РАЙОН"	"2477"	"Всего"	"1"	"Всего"	"1"	"Всего"	"1"	"Всего"	"1"	"30 862"
"Общая площадь введенных в эксплуатацию жилых зданий(Метр квадратный)"	"2022 год"	"202212"	"ШАЛКАРСКИЙ РАЙОН"	"2477"	"Всего"	"1"	"Всего"	"1"	"Всего"	"1"	"Всего"	"1"	"31 238"
"Общая площадь введенных в эксплуатацию жилых зданий(Метр квадратный)"	"2016 год"	"201612"	"ШАЛКАРСКИЙ РАЙОН"	"2477"	"городская местность"	"2"	"Всего"	"1"	"Всего"	"1"	"Всего"	"1"	"13 325"
"Общая площадь введенных в эксплуатацию жилых зданий(Метр квадратный)"	"2020 год"	"202012"	"ШАЛКАРСКИЙ РАЙОН"	"2477"	"городская местность"	"2"	"Всего"	"1"	"Всего"	"1"	"Всего"	"1"	"24 539"
"Общая площадь введенных в эксплуатацию жилых зданий(Метр квадратный)"	"2014 год"	"201412"	"ШАЛКАРСКИЙ РАЙОН"	"2477"	"городская местность"	"2"	"Всего"	"1"	"Всего"	"1"	"Всего"	"1"	"9 426"
"Общая площадь введенных в эксплуатацию жилых зданий(Метр квадратный)"	"2019 год"	"201912"	"ШАЛКАРСКИЙ РАЙОН"	"2477"	"городская местность"	"2"	"Всего"	"1"	"Всего"	"1"	"Всего"	"1"	"23 844"
"Общая площадь введенных в эксплуатацию жилых зданий(Метр квадратный)"	"2015 год"	"201512"	"ШАЛКАРСКИЙ РАЙОН"	"2477"	"городская местность"	"2"	"Всего"	"1"	"Всего"	"1"	"Всего"	"1"	"10 605"
"Общая площадь введенных в эксплуатацию жилых зданий(Метр квадратный)"	"2017 год"	"201712"	"ШАЛКАРСКИЙ РАЙОН"	"2477"	"городская местность"	"2"	"Всего"	"1"	"Всего"	"1"	"Всего"	"1"	"14 115"
"Общая площадь введенных в эксплуатацию жилых зданий(Метр квадратный)"	"2018 год"	"201812"	"ШАЛКАРСКИЙ РАЙОН"	"2477"	"городская местность"	"2"	"Всего"	"1"	"Всего"	"1"	"Всего"	"1"	"19 407"
"Общая площадь введенных в эксплуатацию жилых зданий(Метр квадратный)"	"2021 год"	"202112"	"ШАЛКАРСКИЙ РАЙОН"	"2477"	"городская местность"	"2"	"Всего"	"1"	"Всего"	"1"	"Всего"	"1"	"25 389"
"Общая площадь введенных в эксплуатацию жилых зданий(Метр квадратный)"	"2022 год"	"202212"	"ШАЛКАРСКИЙ РАЙОН"	"2477"	"городская местность"	"2"	"Всего"	"1"	"Всего"	"1"	"Всего"	"1"	"23 636"
"Общая площадь введенных в эксплуатацию жилых зданий(Метр квадратный)"	"2016 год"	"201612"	"ШАЛКАРСКИЙ РАЙОН"	"2477"	"сельская местность"	"3"	"Всего"	"1"	"Всего"	"1"	"Всего"	"1"	"5 988"
"Общая площадь введенных в эксплуатацию жилых зданий(Метр квадратный)"	"2020 год"	"202012"	"ШАЛКАРСКИЙ РАЙОН"	"2477"	"сельская местность"	"3"	"Всего"	"1"	"Всего"	"1"	"Всего"	"1"	"4 298"
"Общая площадь введенных в эксплуатацию жилых зданий(Метр квадратный)"	"2014 год"	"201412"	"ШАЛКАРСКИЙ РАЙОН"	"2477"	"сельская местность"	"3"	"Всего"	"1"	"Всего"	"1"	"Всего"	"1"	"3 709"
"Общая площадь введенных в эксплуатацию жилых зданий(Метр квадратный)"	"2019 год"	"201912"	"ШАЛКАРСКИЙ РАЙОН"	"2477"	"сельская местность"	"3"	"Всего"	"1"	"Всего"	"1"	"Всего"	"1"	"3 306"
"Общая площадь введенных в эксплуатацию жилых зданий(Метр квадратный)"	"2015 год"	"201512"	"ШАЛКАРСКИЙ РАЙОН"	"2477"	"сельская местность"	"3"	"Всего"	"1"	"Всего"	"1"	"Всего"	"1"	"3 756"
"Общая площадь введенных в эксплуатацию жилых зданий(Метр квадратный)"	"2017 год"	"201712"	"ШАЛКАРСКИЙ РАЙОН"	"2477"	"сельская местность"	"3"	"Всего"	"1"	"Всего"	"1"	"Всего"	"1"	"8 094"
"Общая площадь введенных в эксплуатацию жилых зданий(Метр квадратный)"	"2018 год"	"201812"	"ШАЛКАРСКИЙ РАЙОН"	"2477"	"сельская местность"	"3"	"Всего"	"1"	"Всего"	"1"	"Всего"	"1"	"5 023"
"Общая площадь введенных в эксплуатацию жилых зданий(Метр квадратный)"	"2021 год"	"202112"	"ШАЛКАРСКИЙ РАЙОН"	"2477"	"сельская местность"	"3"	"Всего"	"1"	"Всего"	"1"	"Всего"	"1"	"5 473"
"Общая площадь введенных в эксплуатацию жилых зданий(Метр квадратный)"	"2022 год"	"202212"	"ШАЛКАРСКИЙ РАЙОН"	"2477"	"сельская местность"	"3"	"Всего"	"1"	"Всего"	"1"	"Всего"	"1"	"7 602"
"Общая площадь введенных в эксплуатацию жилых зданий(Метр квадратный)"	"2016 год"	"201612"	"ИРГИЗСКИЙ РАЙОН"	"2730"	"Всего"	"1"	"Всего"	"1"	"Всего"	"1"	"Всего"	"1"	"7 684"
"Общая площадь введенных в эксплуатацию жилых зданий(Метр квадратный)"	"2020 год"	"202012"	"ИРГИЗСКИЙ РАЙОН"	"2730"	"Всего"	"1"	"Всего"	"1"	"Всего"	"1"	"Всего"	"1"	"11 912"
"Общая площадь введенных в эксплуатацию жилых зданий(Метр квадратный)"	"2014 год"	"201412"	"ИРГИЗСКИЙ РАЙОН"	"2730"	"Всего"	"1"	"Всего"	"1"	"Всего"	"1"	"Всего"	"1"	"7 173"
"Общая площадь введенных в эксплуатацию жилых зданий(Метр квадратный)"	"2019 год"	"201912"	"ИРГИЗСКИЙ РАЙОН"	"2730"	"Всего"	"1"	"Всего"	"1"	"Всего"	"1"	"Всего"	"1"	"10 487"
"Общая площадь введенных в эксплуатацию жилых зданий(Метр квадратный)"	"2015 год"	"201512"	"ИРГИЗСКИЙ РАЙОН"	"2730"	"Всего"	"1"	"Всего"	"1"	"Всего"	"1"	"Всего"	"1"	"7 181"
"Общая площадь введенных в эксплуатацию жилых зданий(Метр квадратный)"	"2017 год"	"201712"	"ИРГИЗСКИЙ РАЙОН"	"2730"	"Всего"	"1"	"Всего"	"1"	"Всего"	"1"	"Всего"	"1"	"8 543"
"Общая площадь введенных в эксплуатацию жилых зданий(Метр квадратный)"	"2018 год"	"201812"	"ИРГИЗСКИЙ РАЙОН"	"2730"	"Всего"	"1"	"Всего"	"1"	"Всего"	"1"	"Всего"	"1"	"8 914"
"Общая площадь введенных в эксплуатацию жилых зданий(Метр квадратный)"	"2021 год"	"202112"	"ИРГИЗСКИЙ РАЙОН"	"2730"	"Всего"	"1"	"Всего"	"1"	"Всего"	"1"	"Всего"	"1"	"13 460"
"Общая площадь введенных в эксплуатацию жилых зданий(Метр квадратный)"	"2022 год"	"202212"	"ИРГИЗСКИЙ РАЙОН"	"2730"	"Всего"	"1"	"Всего"	"1"	"Всего"	"1"	"Всего"	"1"	"14 383"
"Общая площадь введенных в эксплуатацию жилых зданий(Метр квадратный)"	"2016 год"	"201612"	"ИРГИЗСКИЙ РАЙОН"	"2730"	"сельская местность"	"3"	"Всего"	"1"	"Всего"	"1"	"Всего"	"1"	"7 684"
"Общая площадь введенных в эксплуатацию жилых зданий(Метр квадратный)"	"2020 год"	"202012"	"ИРГИЗСКИЙ РАЙОН"	"2730"	"сельская местность"	"3"	"Всего"	"1"	"Всего"	"1"	"Всего"	"1"	"11 912"
"Общая площадь введенных в эксплуатацию жилых зданий(Метр квадратный)"	"2014 год"	"201412"	"ИРГИЗСКИЙ РАЙОН"	"2730"	"сельская местность"	"3"	"Всего"	"1"	"Всего"	"1"	"Всего"	"1"	"7 173"
"Общая площадь введенных в эксплуатацию жилых зданий(Метр квадратный)"	"2019 год"	"201912"	"ИРГИЗСКИЙ РАЙОН"	"2730"	"сельская местность"	"3"	"Всего"	"1"	"Всего"	"1"	"Всего"	"1"	"10 487"
"Общая площадь введенных в эксплуатацию жилых зданий(Метр квадратный)"	"2015 год"	"201512"	"ИРГИЗСКИЙ РАЙОН"	"2730"	"сельская местность"	"3"	"Всего"	"1"	"Всего"	"1"	"Всего"	"1"	"7 181"
"Общая площадь введенных в эксплуатацию жилых зданий(Метр квадратный)"	"2017 год"	"201712"	"ИРГИЗСКИЙ РАЙОН"	"2730"	"сельская местность"	"3"	"Всего"	"1"	"Всего"	"1"	"Всего"	"1"	"8 543"
"Общая площадь введенных в эксплуатацию жилых зданий(Метр квадратный)"	"2018 год"	"201812"	"ИРГИЗСКИЙ РАЙОН"	"2730"	"сельская местность"	"3"	"Всего"	"1"	"Всего"	"1"	"Всего"	"1"	"8 914"
"Общая площадь введенных в эксплуатацию жилых зданий(Метр квадратный)"	"2021 год"	"202112"	"ИРГИЗСКИЙ РАЙОН"	"2730"	"сельская местность"	"3"	"Всего"	"1"	"Всего"	"1"	"Всего"	"1"	"13 460"
"Общая площадь введенных в эксплуатацию жилых зданий(Метр квадратный)"	"2022 год"	"202212"	"ИРГИЗСКИЙ РАЙОН"	"2730"	"сельская местность"	"3"	"Всего"	"1"	"Всего"	"1"	"Всего"	"1"	"14 383"
"Общая площадь введенных в эксплуатацию жилых зданий(Метр квадратный)"	"2016 год"	"201612"	"АЛМАТИНСКАЯ ОБЛАСТЬ"	"2898"	"Всего"	"1"	"Всего"	"1"	"Всего"	"1"	"Всего"	"1"	"1 252 917"
"Общая площадь введенных в эксплуатацию жилых зданий(Метр квадратный)"	"2020 год"	"202012"	"АЛМАТИНСКАЯ ОБЛАСТЬ"	"2898"	"Всего"	"1"	"Всего"	"1"	"Всего"	"1"	"Всего"	"1"	"959 340"
"Общая площадь введенных в эксплуатацию жилых зданий(Метр квадратный)"	"2014 год"	"201412"	"АЛМАТИНСКАЯ ОБЛАСТЬ"	"2898"	"Всего"	"1"	"Всего"	"1"	"Всего"	"1"	"Всего"	"1"	"714 376"
"Общая площадь введенных в эксплуатацию жилых зданий(Метр квадратный)"	"2019 год"	"201912"	"АЛМАТИНСКАЯ ОБЛАСТЬ"	"2898"	"Всего"	"1"	"Всего"	"1"	"Всего"	"1"	"Всего"	"1"	"895 350"
"Общая площадь введенных в эксплуатацию жилых зданий(Метр квадратный)"	"2015 год"	"201512"	"АЛМАТИНСКАЯ ОБЛАСТЬ"	"2898"	"Всего"	"1"	"Всего"	"1"	"Всего"	"1"	"Всего"	"1"	"1 136 344"
"Общая площадь введенных в эксплуатацию жилых зданий(Метр квадратный)"	"2017 год"	"201712"	"АЛМАТИНСКАЯ ОБЛАСТЬ"	"2898"	"Всего"	"1"	"Всего"	"1"	"Всего"	"1"	"Всего"	"1"	"646 059"
"Общая площадь введенных в эксплуатацию жилых зданий(Метр квадратный)"	"2018 год"	"201812"	"АЛМАТИНСКАЯ ОБЛАСТЬ"	"2898"	"Всего"	"1"	"Всего"	"1"	"Всего"	"1"	"Всего"	"1"	"713 207"
"Общая площадь введенных в эксплуатацию жилых зданий(Метр квадратный)"	"2021 год"	"202112"	"АЛМАТИНСКАЯ ОБЛАСТЬ"	"2898"	"Всего"	"1"	"Всего"	"1"	"Всего"	"1"	"Всего"	"1"	"1 019 137"
"Общая площадь введенных в эксплуатацию жилых зданий(Метр квадратный)"	"2022 год"	"202212"	"АЛМАТИНСКАЯ ОБЛАСТЬ"	"2898"	"Всего"	"1"	"Всего"	"1"	"Всего"	"1"	"Всего"	"1"	"790 026"
"Общая площадь введенных в эксплуатацию жилых зданий(Метр квадратный)"	"2016 год"	"201612"	"АЛМАТИНСКАЯ ОБЛАСТЬ"	"2898"	"городская местность"	"2"	"Всего"	"1"	"Всего"	"1"	"Всего"	"1"	"263 450"
"Общая площадь введенных в эксплуатацию жилых зданий(Метр квадратный)"	"2020 год"	"202012"	"АЛМАТИНСКАЯ ОБЛАСТЬ"	"2898"	"городская местность"	"2"	"Всего"	"1"	"Всего"	"1"	"Всего"	"1"	"294 263"
"Общая площадь введенных в эксплуатацию жилых зданий(Метр квадратный)"	"2014 год"	"201412"	"АЛМАТИНСКАЯ ОБЛАСТЬ"	"2898"	"городская местность"	"2"	"Всего"	"1"	"Всего"	"1"	"Всего"	"1"	"175 388"
"Общая площадь введенных в эксплуатацию жилых зданий(Метр квадратный)"	"2019 год"	"201912"	"АЛМАТИНСКАЯ ОБЛАСТЬ"	"2898"	"городская местность"	"2"	"Всего"	"1"	"Всего"	"1"	"Всего"	"1"	"256 458"
"Общая площадь введенных в эксплуатацию жилых зданий(Метр квадратный)"	"2015 год"	"201512"	"АЛМАТИНСКАЯ ОБЛАСТЬ"	"2898"	"городская местность"	"2"	"Всего"	"1"	"Всего"	"1"	"Всего"	"1"	"298 089"
"Общая площадь введенных в эксплуатацию жилых зданий(Метр квадратный)"	"2017 год"	"201712"	"АЛМАТИНСКАЯ ОБЛАСТЬ"	"2898"	"городская местность"	"2"	"Всего"	"1"	"Всего"	"1"	"Всего"	"1"	"174 822"
"Общая площадь введенных в эксплуатацию жилых зданий(Метр квадратный)"	"2018 год"	"201812"	"АЛМАТИНСКАЯ ОБЛАСТЬ"	"2898"	"городская местность"	"2"	"Всего"	"1"	"Всего"	"1"	"Всего"	"1"	"196 143"
"Общая площадь введенных в эксплуатацию жилых зданий(Метр квадратный)"	"2021 год"	"202112"	"АЛМАТИНСКАЯ ОБЛАСТЬ"	"2898"	"городская местность"	"2"	"Всего"	"1"	"Всего"	"1"	"Всего"	"1"	"292 661"
"Общая площадь введенных в эксплуатацию жилых зданий(Метр квадратный)"	"2022 год"	"202212"	"АЛМАТИНСКАЯ ОБЛАСТЬ"	"2898"	"городская местность"	"2"	"Всего"	"1"	"Всего"	"1"	"Всего"	"1"	"107 411"
"Общая площадь введенных в эксплуатацию жилых зданий(Метр квадратный)"	"2016 год"	"201612"	"АЛМАТИНСКАЯ ОБЛАСТЬ"	"2898"	"сельская местность"	"3"	"Всего"	"1"	"Всего"	"1"	"Всего"	"1"	"989 467"
"Общая площадь введенных в эксплуатацию жилых зданий(Метр квадратный)"	"2020 год"	"202012"	"АЛМАТИНСКАЯ ОБЛАСТЬ"	"2898"	"сельская местность"	"3"	"Всего"	"1"	"Всего"	"1"	"Всего"	"1"	"665 077"
"Общая площадь введенных в эксплуатацию жилых зданий(Метр квадратный)"	"2014 год"	"201412"	"АЛМАТИНСКАЯ ОБЛАСТЬ"	"2898"	"сельская местность"	"3"	"Всего"	"1"	"Всего"	"1"	"Всего"	"1"	"538 988"
"Общая площадь введенных в эксплуатацию жилых зданий(Метр квадратный)"	"2019 год"	"201912"	"АЛМАТИНСКАЯ ОБЛАСТЬ"	"2898"	"сельская местность"	"3"	"Всего"	"1"	"Всего"	"1"	"Всего"	"1"	"638 892"
"Общая площадь введенных в эксплуатацию жилых зданий(Метр квадратный)"	"2015 год"	"201512"	"АЛМАТИНСКАЯ ОБЛАСТЬ"	"2898"	"сельская местность"	"3"	"Всего"	"1"	"Всего"	"1"	"Всего"	"1"	"838 255"
"Общая площадь введенных в эксплуатацию жилых зданий(Метр квадратный)"	"2017 год"	"201712"	"АЛМАТИНСКАЯ ОБЛАСТЬ"	"2898"	"сельская местность"	"3"	"Всего"	"1"	"Всего"	"1"	"Всего"	"1"	"471 237"
"Общая площадь введенных в эксплуатацию жилых зданий(Метр квадратный)"	"2018 год"	"201812"	"АЛМАТИНСКАЯ ОБЛАСТЬ"	"2898"	"сельская местность"	"3"	"Всего"	"1"	"Всего"	"1"	"Всего"	"1"	"517 064"
"Общая площадь введенных в эксплуатацию жилых зданий(Метр квадратный)"	"2021 год"	"202112"	"АЛМАТИНСКАЯ ОБЛАСТЬ"	"2898"	"сельская местность"	"3"	"Всего"	"1"	"Всего"	"1"	"Всего"	"1"	"726 476"
"Общая площадь введенных в эксплуатацию жилых зданий(Метр квадратный)"	"2022 год"	"202212"	"АЛМАТИНСКАЯ ОБЛАСТЬ"	"2898"	"сельская местность"	"3"	"Всего"	"1"	"Всего"	"1"	"Всего"	"1"	"682 615"
"Общая площадь введенных в эксплуатацию жилых зданий(Метр квадратный)"	"2016 год"	"201612"	"ТАЛДЫКОРГАН Г.А."	"2899"	"Всего"	"1"	"Всего"	"1"	"Всего"	"1"	"Всего"	"1"	"125 207"
"Общая площадь введенных в эксплуатацию жилых зданий(Метр квадратный)"	"2020 год"	"202012"	"ТАЛДЫКОРГАН Г.А."	"2899"	"Всего"	"1"	"Всего"	"1"	"Всего"	"1"	"Всего"	"1"	"137 548"
"Общая площадь введенных в эксплуатацию жилых зданий(Метр квадратный)"	"2014 год"	"201412"	"ТАЛДЫКОРГАН Г.А."	"2899"	"Всего"	"1"	"Всего"	"1"	"Всего"	"1"	"Всего"	"1"	"81 114"
"Общая площадь введенных в эксплуатацию жилых зданий(Метр квадратный)"	"2019 год"	"201912"	"ТАЛДЫКОРГАН Г.А."	"2899"	"Всего"	"1"	"Всего"	"1"	"Всего"	"1"	"Всего"	"1"	"126 060"
"Общая площадь введенных в эксплуатацию жилых зданий(Метр квадратный)"	"2015 год"	"201512"	"ТАЛДЫКОРГАН Г.А."	"2899"	"Всего"	"1"	"Всего"	"1"	"Всего"	"1"	"Всего"	"1"	"122 711"
"Общая площадь введенных в эксплуатацию жилых зданий(Метр квадратный)"	"2017 год"	"201712"	"ТАЛДЫКОРГАН Г.А."	"2899"	"Всего"	"1"	"Всего"	"1"	"Всего"	"1"	"Всего"	"1"	"100 147"
"Общая площадь введенных в эксплуатацию жилых зданий(Метр квадратный)"	"2018 год"	"201812"	"ТАЛДЫКОРГАН Г.А."	"2899"	"Всего"	"1"	"Всего"	"1"	"Всего"	"1"	"Всего"	"1"	"90 199"
"Общая площадь введенных в эксплуатацию жилых зданий(Метр квадратный)"	"2021 год"	"202112"	"ТАЛДЫКОРГАН Г.А."	"2899"	"Всего"	"1"	"Всего"	"1"	"Всего"	"1"	"Всего"	"1"	"141 545"
"Общая площадь введенных в эксплуатацию жилых зданий(Метр квадратный)"	"2022 год"	"202212"	"ТАЛДЫКОРГАН Г.А."	"2899"	"Всего"	"1"	"Всего"	"1"	"Всего"	"1"	"Всего"	"1"	"124 491"
"Общая площадь введенных в эксплуатацию жилых зданий(Метр квадратный)"	"2016 год"	"201612"	"ТАЛДЫКОРГАН Г.А."	"2899"	"городская местность"	"2"	"Всего"	"1"	"Всего"	"1"	"Всего"	"1"	"99 703"
"Общая площадь введенных в эксплуатацию жилых зданий(Метр квадратный)"	"2020 год"	"202012"	"ТАЛДЫКОРГАН Г.А."	"2899"	"городская местность"	"2"	"Всего"	"1"	"Всего"	"1"	"Всего"	"1"	"137 548"
"Общая площадь введенных в эксплуатацию жилых зданий(Метр квадратный)"	"2014 год"	"201412"	"ТАЛДЫКОРГАН Г.А."	"2899"	"городская местность"	"2"	"Всего"	"1"	"Всего"	"1"	"Всего"	"1"	"81 114"
"Общая площадь введенных в эксплуатацию жилых зданий(Метр квадратный)"	"2019 год"	"201912"	"ТАЛДЫКОРГАН Г.А."	"2899"	"городская местность"	"2"	"Всего"	"1"	"Всего"	"1"	"Всего"	"1"	"126 060"
"Общая площадь введенных в эксплуатацию жилых зданий(Метр квадратный)"	"2015 год"	"201512"	"ТАЛДЫКОРГАН Г.А."	"2899"	"городская местность"	"2"	"Всего"	"1"	"Всего"	"1"	"Всего"	"1"	"118 765"
"Общая площадь введенных в эксплуатацию жилых зданий(Метр квадратный)"	"2017 год"	"201712"	"ТАЛДЫКОРГАН Г.А."	"2899"	"городская местность"	"2"	"Всего"	"1"	"Всего"	"1"	"Всего"	"1"	"100 147"
"Общая площадь введенных в эксплуатацию жилых зданий(Метр квадратный)"	"2018 год"	"201812"	"ТАЛДЫКОРГАН Г.А."	"2899"	"городская местность"	"2"	"Всего"	"1"	"Всего"	"1"	"Всего"	"1"	"90 131"
"Общая площадь введенных в эксплуатацию жилых зданий(Метр квадратный)"	"2021 год"	"202112"	"ТАЛДЫКОРГАН Г.А."	"2899"	"городская местность"	"2"	"Всего"	"1"	"Всего"	"1"	"Всего"	"1"	"138 745"
"Общая площадь введенных в эксплуатацию жилых зданий(Метр квадратный)"	"2022 год"	"202212"	"ТАЛДЫКОРГАН Г.А."	"2899"	"городская местность"	"2"	"Всего"	"1"	"Всего"	"1"	"Всего"	"1"	"124 491"
"Общая площадь введенных в эксплуатацию жилых зданий(Метр квадратный)"	"2016 год"	"201612"	"ТАЛДЫКОРГАН Г.А."	"2899"	"сельская местность"	"3"	"Всего"	"1"	"Всего"	"1"	"Всего"	"1"	"25 504"
"Общая площадь введенных в эксплуатацию жилых зданий(Метр квадратный)"	"2015 год"	"201512"	"ТАЛДЫКОРГАН Г.А."	"2899"	"сельская местность"	"3"	"Всего"	"1"	"Всего"	"1"	"Всего"	"1"	"3 946"
"Общая площадь введенных в эксплуатацию жилых зданий(Метр квадратный)"	"2018 год"	"201812"	"ТАЛДЫКОРГАН Г.А."	"2899"	"сельская местность"	"3"	"Всего"	"1"	"Всего"	"1"	"Всего"	"1"	"68"
"Общая площадь введенных в эксплуатацию жилых зданий(Метр квадратный)"	"2021 год"	"202112"	"ТАЛДЫКОРГАН Г.А."	"2899"	"сельская местность"	"3"	"Всего"	"1"	"Всего"	"1"	"Всего"	"1"	"2 800"
"Общая площадь введенных в эксплуатацию жилых зданий(Метр квадратный)"	"2016 год"	"201612"	"КАПЧАГАЙ Г.А."	"2913"	"Всего"	"1"	"Всего"	"1"	"Всего"	"1"	"Всего"	"1"	"8 709"
"Общая площадь введенных в эксплуатацию жилых зданий(Метр квадратный)"	"2020 год"	"202012"	"КАПЧАГАЙ Г.А."	"2913"	"Всего"	"1"	"Всего"	"1"	"Всего"	"1"	"Всего"	"1"	"33 359"
"Общая площадь введенных в эксплуатацию жилых зданий(Метр квадратный)"	"2014 год"	"201412"	"КАПЧАГАЙ Г.А."	"2913"	"Всего"	"1"	"Всего"	"1"	"Всего"	"1"	"Всего"	"1"	"8 400"
"Общая площадь введенных в эксплуатацию жилых зданий(Метр квадратный)"	"2019 год"	"201912"	"КАПЧАГАЙ Г.А."	"2913"	"Всего"	"1"	"Всего"	"1"	"Всего"	"1"	"Всего"	"1"	"18 252"
"Общая площадь введенных в эксплуатацию жилых зданий(Метр квадратный)"	"2015 год"	"201512"	"КАПЧАГАЙ Г.А."	"2913"	"Всего"	"1"	"Всего"	"1"	"Всего"	"1"	"Всего"	"1"	"15 655"
"Общая площадь введенных в эксплуатацию жилых зданий(Метр квадратный)"	"2017 год"	"201712"	"КАПЧАГАЙ Г.А."	"2913"	"Всего"	"1"	"Всего"	"1"	"Всего"	"1"	"Всего"	"1"	"11 978"
"Общая площадь введенных в эксплуатацию жилых зданий(Метр квадратный)"	"2018 год"	"201812"	"КАПЧАГАЙ Г.А."	"2913"	"Всего"	"1"	"Всего"	"1"	"Всего"	"1"	"Всего"	"1"	"15 190"
"Общая площадь введенных в эксплуатацию жилых зданий(Метр квадратный)"	"2021 год"	"202112"	"КАПЧАГАЙ Г.А."	"2913"	"Всего"	"1"	"Всего"	"1"	"Всего"	"1"	"Всего"	"1"	"30 469"
"Общая площадь введенных в эксплуатацию жилых зданий(Метр квадратный)"	"2022 год"	"202212"	"КАПЧАГАЙ Г.А."	"2913"	"Всего"	"1"	"Всего"	"1"	"Всего"	"1"	"Всего"	"1"	"38 095"
"Общая площадь введенных в эксплуатацию жилых зданий(Метр квадратный)"	"2016 год"	"201612"	"КАПЧАГАЙ Г.А."	"2913"	"городская местность"	"2"	"Всего"	"1"	"Всего"	"1"	"Всего"	"1"	"6 704"
"Общая площадь введенных в эксплуатацию жилых зданий(Метр квадратный)"	"2020 год"	"202012"	"КАПЧАГАЙ Г.А."	"2913"	"городская местность"	"2"	"Всего"	"1"	"Всего"	"1"	"Всего"	"1"	"31 289"
"Общая площадь введенных в эксплуатацию жилых зданий(Метр квадратный)"	"2014 год"	"201412"	"КАПЧАГАЙ Г.А."	"2913"	"городская местность"	"2"	"Всего"	"1"	"Всего"	"1"	"Всего"	"1"	"8 266"
"Общая площадь введенных в эксплуатацию жилых зданий(Метр квадратный)"	"2019 год"	"201912"	"КАПЧАГАЙ Г.А."	"2913"	"городская местность"	"2"	"Всего"	"1"	"Всего"	"1"	"Всего"	"1"	"16 493"
"Общая площадь введенных в эксплуатацию жилых зданий(Метр квадратный)"	"2015 год"	"201512"	"КАПЧАГАЙ Г.А."	"2913"	"городская местность"	"2"	"Всего"	"1"	"Всего"	"1"	"Всего"	"1"	"15 162"
"Общая площадь введенных в эксплуатацию жилых зданий(Метр квадратный)"	"2017 год"	"201712"	"КАПЧАГАЙ Г.А."	"2913"	"городская местность"	"2"	"Всего"	"1"	"Всего"	"1"	"Всего"	"1"	"2 017"
"Общая площадь введенных в эксплуатацию жилых зданий(Метр квадратный)"	"2018 год"	"201812"	"КАПЧАГАЙ Г.А."	"2913"	"городская местность"	"2"	"Всего"	"1"	"Всего"	"1"	"Всего"	"1"	"14 294"
"Общая площадь введенных в эксплуатацию жилых зданий(Метр квадратный)"	"2021 год"	"202112"	"КАПЧАГАЙ Г.А."	"2913"	"городская местность"	"2"	"Всего"	"1"	"Всего"	"1"	"Всего"	"1"	"29 035"
"Общая площадь введенных в эксплуатацию жилых зданий(Метр квадратный)"	"2022 год"	"202212"	"КАПЧАГАЙ Г.А."	"2913"	"городская местность"	"2"	"Всего"	"1"	"Всего"	"1"	"Всего"	"1"	"34 716"
"Общая площадь введенных в эксплуатацию жилых зданий(Метр квадратный)"	"2016 год"	"201612"	"КАПЧАГАЙ Г.А."	"2913"	"сельская местность"	"3"	"Всего"	"1"	"Всего"	"1"	"Всего"	"1"	"2 005"
"Общая площадь введенных в эксплуатацию жилых зданий(Метр квадратный)"	"2020 год"	"202012"	"КАПЧАГАЙ Г.А."	"2913"	"сельская местность"	"3"	"Всего"	"1"	"Всего"	"1"	"Всего"	"1"	"2 070"
"Общая площадь введенных в эксплуатацию жилых зданий(Метр квадратный)"	"2014 год"	"201412"	"КАПЧАГАЙ Г.А."	"2913"	"сельская местность"	"3"	"Всего"	"1"	"Всего"	"1"	"Всего"	"1"	"134"
"Общая площадь введенных в эксплуатацию жилых зданий(Метр квадратный)"	"2019 год"	"201912"	"КАПЧАГАЙ Г.А."	"2913"	"сельская местность"	"3"	"Всего"	"1"	"Всего"	"1"	"Всего"	"1"	"1 759"
"Общая площадь введенных в эксплуатацию жилых зданий(Метр квадратный)"	"2015 год"	"201512"	"КАПЧАГАЙ Г.А."	"2913"	"сельская местность"	"3"	"Всего"	"1"	"Всего"	"1"	"Всего"	"1"	"493"
"Общая площадь введенных в эксплуатацию жилых зданий(Метр квадратный)"	"2017 год"	"201712"	"КАПЧАГАЙ Г.А."	"2913"	"сельская местность"	"3"	"Всего"	"1"	"Всего"	"1"	"Всего"	"1"	"9 961"
"Общая площадь введенных в эксплуатацию жилых зданий(Метр квадратный)"	"2018 год"	"201812"	"КАПЧАГАЙ Г.А."	"2913"	"сельская местность"	"3"	"Всего"	"1"	"Всего"	"1"	"Всего"	"1"	"896"
"Общая площадь введенных в эксплуатацию жилых зданий(Метр квадратный)"	"2021 год"	"202112"	"КАПЧАГАЙ Г.А."	"2913"	"сельская местность"	"3"	"Всего"	"1"	"Всего"	"1"	"Всего"	"1"	"1 434"
"Общая площадь введенных в эксплуатацию жилых зданий(Метр квадратный)"	"2022 год"	"202212"	"КАПЧАГАЙ Г.А."	"2913"	"сельская местность"	"3"	"Всего"	"1"	"Всего"	"1"	"Всего"	"1"	"3 379"
"Общая площадь введенных в эксплуатацию жилых зданий(Метр квадратный)"	"2016 год"	"201612"	"ТЕКЕЛИ Г.А."	"2934"	"Всего"	"1"	"Всего"	"1"	"Всего"	"1"	"Всего"	"1"	"1 621"
"Общая площадь введенных в эксплуатацию жилых зданий(Метр квадратный)"	"2020 год"	"202012"	"ТЕКЕЛИ Г.А."	"2934"	"Всего"	"1"	"Всего"	"1"	"Всего"	"1"	"Всего"	"1"	"2 962"
"Общая площадь введенных в эксплуатацию жилых зданий(Метр квадратный)"	"2014 год"	"201412"	"ТЕКЕЛИ Г.А."	"2934"	"Всего"	"1"	"Всего"	"1"	"Всего"	"1"	"Всего"	"1"	"1 401"
"Общая площадь введенных в эксплуатацию жилых зданий(Метр квадратный)"	"2019 год"	"201912"	"ТЕКЕЛИ Г.А."	"2934"	"Всего"	"1"	"Всего"	"1"	"Всего"	"1"	"Всего"	"1"	"5 316"
"Общая площадь введенных в эксплуатацию жилых зданий(Метр квадратный)"	"2015 год"	"201512"	"ТЕКЕЛИ Г.А."	"2934"	"Всего"	"1"	"Всего"	"1"	"Всего"	"1"	"Всего"	"1"	"7 269"
"Общая площадь введенных в эксплуатацию жилых зданий(Метр квадратный)"	"2017 год"	"201712"	"ТЕКЕЛИ Г.А."	"2934"	"Всего"	"1"	"Всего"	"1"	"Всего"	"1"	"Всего"	"1"	"6 773"
"Общая площадь введенных в эксплуатацию жилых зданий(Метр квадратный)"	"2018 год"	"201812"	"ТЕКЕЛИ Г.А."	"2934"	"Всего"	"1"	"Всего"	"1"	"Всего"	"1"	"Всего"	"1"	"2 611"
"Общая площадь введенных в эксплуатацию жилых зданий(Метр квадратный)"	"2021 год"	"202112"	"ТЕКЕЛИ Г.А."	"2934"	"Всего"	"1"	"Всего"	"1"	"Всего"	"1"	"Всего"	"1"	"9 874"
"Общая площадь введенных в эксплуатацию жилых зданий(Метр квадратный)"	"2022 год"	"202212"	"ТЕКЕЛИ Г.А."	"2934"	"Всего"	"1"	"Всего"	"1"	"Всего"	"1"	"Всего"	"1"	"6 711"
"Общая площадь введенных в эксплуатацию жилых зданий(Метр квадратный)"	"2016 год"	"201612"	"ТЕКЕЛИ Г.А."	"2934"	"городская местность"	"2"	"Всего"	"1"	"Всего"	"1"	"Всего"	"1"	"1 621"
"Общая площадь введенных в эксплуатацию жилых зданий(Метр квадратный)"	"2020 год"	"202012"	"ТЕКЕЛИ Г.А."	"2934"	"городская местность"	"2"	"Всего"	"1"	"Всего"	"1"	"Всего"	"1"	"2 962"
"Общая площадь введенных в эксплуатацию жилых зданий(Метр квадратный)"	"2014 год"	"201412"	"ТЕКЕЛИ Г.А."	"2934"	"городская местность"	"2"	"Всего"	"1"	"Всего"	"1"	"Всего"	"1"	"1 401"
"Общая площадь введенных в эксплуатацию жилых зданий(Метр квадратный)"	"2019 год"	"201912"	"ТЕКЕЛИ Г.А."	"2934"	"городская местность"	"2"	"Всего"	"1"	"Всего"	"1"	"Всего"	"1"	"5 316"
"Общая площадь введенных в эксплуатацию жилых зданий(Метр квадратный)"	"2015 год"	"201512"	"ТЕКЕЛИ Г.А."	"2934"	"городская местность"	"2"	"Всего"	"1"	"Всего"	"1"	"Всего"	"1"	"7 269"
"Общая площадь введенных в эксплуатацию жилых зданий(Метр квадратный)"	"2017 год"	"201712"	"ТЕКЕЛИ Г.А."	"2934"	"городская местность"	"2"	"Всего"	"1"	"Всего"	"1"	"Всего"	"1"	"6 773"
"Общая площадь введенных в эксплуатацию жилых зданий(Метр квадратный)"	"2018 год"	"201812"	"ТЕКЕЛИ Г.А."	"2934"	"городская местность"	"2"	"Всего"	"1"	"Всего"	"1"	"Всего"	"1"	"2 611"
"Общая площадь введенных в эксплуатацию жилых зданий(Метр квадратный)"	"2021 год"	"202112"	"ТЕКЕЛИ Г.А."	"2934"	"городская местность"	"2"	"Всего"	"1"	"Всего"	"1"	"Всего"	"1"	"9 874"
"Общая площадь введенных в эксплуатацию жилых зданий(Метр квадратный)"	"2022 год"	"202212"	"ТЕКЕЛИ Г.А."	"2934"	"городская местность"	"2"	"Всего"	"1"	"Всего"	"1"	"Всего"	"1"	"6 711"
"Общая площадь введенных в эксплуатацию жилых зданий(Метр квадратный)"	"2016 год"	"201612"	"АКСУСКИЙ РАЙОН"	"2938"	"Всего"	"1"	"Всего"	"1"	"Всего"	"1"	"Всего"	"1"	"1 976"
"Общая площадь введенных в эксплуатацию жилых зданий(Метр квадратный)"	"2020 год"	"202012"	"АКСУСКИЙ РАЙОН"	"2938"	"Всего"	"1"	"Всего"	"1"	"Всего"	"1"	"Всего"	"1"	"6 443"
"Общая площадь введенных в эксплуатацию жилых зданий(Метр квадратный)"	"2014 год"	"201412"	"АКСУСКИЙ РАЙОН"	"2938"	"Всего"	"1"	"Всего"	"1"	"Всего"	"1"	"Всего"	"1"	"1 637"
"Общая площадь введенных в эксплуатацию жилых зданий(Метр квадратный)"	"2019 год"	"201912"	"АКСУСКИЙ РАЙОН"	"2938"	"Всего"	"1"	"Всего"	"1"	"Всего"	"1"	"Всего"	"1"	"6 406"
"Общая площадь введенных в эксплуатацию жилых зданий(Метр квадратный)"	"2015 год"	"201512"	"АКСУСКИЙ РАЙОН"	"2938"	"Всего"	"1"	"Всего"	"1"	"Всего"	"1"	"Всего"	"1"	"2 659"
"Общая площадь введенных в эксплуатацию жилых зданий(Метр квадратный)"	"2017 год"	"201712"	"АКСУСКИЙ РАЙОН"	"2938"	"Всего"	"1"	"Всего"	"1"	"Всего"	"1"	"Всего"	"1"	"2 024"
"Общая площадь введенных в эксплуатацию жилых зданий(Метр квадратный)"	"2018 год"	"201812"	"АКСУСКИЙ РАЙОН"	"2938"	"Всего"	"1"	"Всего"	"1"	"Всего"	"1"	"Всего"	"1"	"4 790"
"Общая площадь введенных в эксплуатацию жилых зданий(Метр квадратный)"	"2021 год"	"202112"	"АКСУСКИЙ РАЙОН"	"2938"	"Всего"	"1"	"Всего"	"1"	"Всего"	"1"	"Всего"	"1"	"8 624"
"Общая площадь введенных в эксплуатацию жилых зданий(Метр квадратный)"	"2022 год"	"202212"	"АКСУСКИЙ РАЙОН"	"2938"	"Всего"	"1"	"Всего"	"1"	"Всего"	"1"	"Всего"	"1"	"13 594"
"Общая площадь введенных в эксплуатацию жилых зданий(Метр квадратный)"	"2016 год"	"201612"	"АКСУСКИЙ РАЙОН"	"2938"	"сельская местность"	"3"	"Всего"	"1"	"Всего"	"1"	"Всего"	"1"	"1 976"
"Общая площадь введенных в эксплуатацию жилых зданий(Метр квадратный)"	"2020 год"	"202012"	"АКСУСКИЙ РАЙОН"	"2938"	"сельская местность"	"3"	"Всего"	"1"	"Всего"	"1"	"Всего"	"1"	"6 443"
"Общая площадь введенных в эксплуатацию жилых зданий(Метр квадратный)"	"2014 год"	"201412"	"АКСУСКИЙ РАЙОН"	"2938"	"сельская местность"	"3"	"Всего"	"1"	"Всего"	"1"	"Всего"	"1"	"1 637"
"Общая площадь введенных в эксплуатацию жилых зданий(Метр квадратный)"	"2019 год"	"201912"	"АКСУСКИЙ РАЙОН"	"2938"	"сельская местность"	"3"	"Всего"	"1"	"Всего"	"1"	"Всего"	"1"	"6 406"
"Общая площадь введенных в эксплуатацию жилых зданий(Метр квадратный)"	"2015 год"	"201512"	"АКСУСКИЙ РАЙОН"	"2938"	"сельская местность"	"3"	"Всего"	"1"	"Всего"	"1"	"Всего"	"1"	"2 659"
"Общая площадь введенных в эксплуатацию жилых зданий(Метр квадратный)"	"2017 год"	"201712"	"АКСУСКИЙ РАЙОН"	"2938"	"сельская местность"	"3"	"Всего"	"1"	"Всего"	"1"	"Всего"	"1"	"2 024"
"Общая площадь введенных в эксплуатацию жилых зданий(Метр квадратный)"	"2018 год"	"201812"	"АКСУСКИЙ РАЙОН"	"2938"	"сельская местность"	"3"	"Всего"	"1"	"Всего"	"1"	"Всего"	"1"	"4 790"
"Общая площадь введенных в эксплуатацию жилых зданий(Метр квадратный)"	"2021 год"	"202112"	"АКСУСКИЙ РАЙОН"	"2938"	"сельская местность"	"3"	"Всего"	"1"	"Всего"	"1"	"Всего"	"1"	"8 624"
"Общая площадь введенных в эксплуатацию жилых зданий(Метр квадратный)"	"2022 год"	"202212"	"АКСУСКИЙ РАЙОН"	"2938"	"сельская местность"	"3"	"Всего"	"1"	"Всего"	"1"	"Всего"	"1"	"13 594"
"Общая площадь введенных в эксплуатацию жилых зданий(Метр квадратный)"	"2016 год"	"201612"	"АЛАКОЛЬСКИЙ РАЙОН"	"3007"	"Всего"	"1"	"Всего"	"1"	"Всего"	"1"	"Всего"	"1"	"25 105"
"Общая площадь введенных в эксплуатацию жилых зданий(Метр квадратный)"	"2020 год"	"202012"	"АЛАКОЛЬСКИЙ РАЙОН"	"3007"	"Всего"	"1"	"Всего"	"1"	"Всего"	"1"	"Всего"	"1"	"13 497"
"Общая площадь введенных в эксплуатацию жилых зданий(Метр квадратный)"	"2014 год"	"201412"	"АЛАКОЛЬСКИЙ РАЙОН"	"3007"	"Всего"	"1"	"Всего"	"1"	"Всего"	"1"	"Всего"	"1"	"17 906"
"Общая площадь введенных в эксплуатацию жилых зданий(Метр квадратный)"	"2019 год"	"201912"	"АЛАКОЛЬСКИЙ РАЙОН"	"3007"	"Всего"	"1"	"Всего"	"1"	"Всего"	"1"	"Всего"	"1"	"12 481"
"Общая площадь введенных в эксплуатацию жилых зданий(Метр квадратный)"	"2015 год"	"201512"	"АЛАКОЛЬСКИЙ РАЙОН"	"3007"	"Всего"	"1"	"Всего"	"1"	"Всего"	"1"	"Всего"	"1"	"18 439"
"Общая площадь введенных в эксплуатацию жилых зданий(Метр квадратный)"	"2017 год"	"201712"	"АЛАКОЛЬСКИЙ РАЙОН"	"3007"	"Всего"	"1"	"Всего"	"1"	"Всего"	"1"	"Всего"	"1"	"7 561"
"Общая площадь введенных в эксплуатацию жилых зданий(Метр квадратный)"	"2018 год"	"201812"	"АЛАКОЛЬСКИЙ РАЙОН"	"3007"	"Всего"	"1"	"Всего"	"1"	"Всего"	"1"	"Всего"	"1"	"11 127"
"Общая площадь введенных в эксплуатацию жилых зданий(Метр квадратный)"	"2021 год"	"202112"	"АЛАКОЛЬСКИЙ РАЙОН"	"3007"	"Всего"	"1"	"Всего"	"1"	"Всего"	"1"	"Всего"	"1"	"13 413"
"Общая площадь введенных в эксплуатацию жилых зданий(Метр квадратный)"	"2022 год"	"202212"	"АЛАКОЛЬСКИЙ РАЙОН"	"3007"	"Всего"	"1"	"Всего"	"1"	"Всего"	"1"	"Всего"	"1"	"25 069"
"Общая площадь введенных в эксплуатацию жилых зданий(Метр квадратный)"	"2016 год"	"201612"	"АЛАКОЛЬСКИЙ РАЙОН"	"3007"	"городская местность"	"2"	"Всего"	"1"	"Всего"	"1"	"Всего"	"1"	"4 290"
"Общая площадь введенных в эксплуатацию жилых зданий(Метр квадратный)"	"2020 год"	"202012"	"АЛАКОЛЬСКИЙ РАЙОН"	"3007"	"городская местность"	"2"	"Всего"	"1"	"Всего"	"1"	"Всего"	"1"	"7 819"
"Общая площадь введенных в эксплуатацию жилых зданий(Метр квадратный)"	"2014 год"	"201412"	"АЛАКОЛЬСКИЙ РАЙОН"	"3007"	"городская местность"	"2"	"Всего"	"1"	"Всего"	"1"	"Всего"	"1"	"10 133"
"Общая площадь введенных в эксплуатацию жилых зданий(Метр квадратный)"	"2019 год"	"201912"	"АЛАКОЛЬСКИЙ РАЙОН"	"3007"	"городская местность"	"2"	"Всего"	"1"	"Всего"	"1"	"Всего"	"1"	"8 201"
"Общая площадь введенных в эксплуатацию жилых зданий(Метр квадратный)"	"2015 год"	"201512"	"АЛАКОЛЬСКИЙ РАЙОН"	"3007"	"городская местность"	"2"	"Всего"	"1"	"Всего"	"1"	"Всего"	"1"	"10 334"
"Общая площадь введенных в эксплуатацию жилых зданий(Метр квадратный)"	"2017 год"	"201712"	"АЛАКОЛЬСКИЙ РАЙОН"	"3007"	"городская местность"	"2"	"Всего"	"1"	"Всего"	"1"	"Всего"	"1"	"3 432"
"Общая площадь введенных в эксплуатацию жилых зданий(Метр квадратный)"	"2018 год"	"201812"	"АЛАКОЛЬСКИЙ РАЙОН"	"3007"	"городская местность"	"2"	"Всего"	"1"	"Всего"	"1"	"Всего"	"1"	"6 715"
"Общая площадь введенных в эксплуатацию жилых зданий(Метр квадратный)"	"2021 год"	"202112"	"АЛАКОЛЬСКИЙ РАЙОН"	"3007"	"городская местность"	"2"	"Всего"	"1"	"Всего"	"1"	"Всего"	"1"	"8 638"
"Общая площадь введенных в эксплуатацию жилых зданий(Метр квадратный)"	"2022 год"	"202212"	"АЛАКОЛЬСКИЙ РАЙОН"	"3007"	"городская местность"	"2"	"Всего"	"1"	"Всего"	"1"	"Всего"	"1"	"17 178"
"Общая площадь введенных в эксплуатацию жилых зданий(Метр квадратный)"	"2016 год"	"201612"	"АЛАКОЛЬСКИЙ РАЙОН"	"3007"	"сельская местность"	"3"	"Всего"	"1"	"Всего"	"1"	"Всего"	"1"	"20 815"
"Общая площадь введенных в эксплуатацию жилых зданий(Метр квадратный)"	"2020 год"	"202012"	"АЛАКОЛЬСКИЙ РАЙОН"	"3007"	"сельская местность"	"3"	"Всего"	"1"	"Всего"	"1"	"Всего"	"1"	"5 678"
"Общая площадь введенных в эксплуатацию жилых зданий(Метр квадратный)"	"2014 год"	"201412"	"АЛАКОЛЬСКИЙ РАЙОН"	"3007"	"сельская местность"	"3"	"Всего"	"1"	"Всего"	"1"	"Всего"	"1"	"7 773"
"Общая площадь введенных в эксплуатацию жилых зданий(Метр квадратный)"	"2019 год"	"201912"	"АЛАКОЛЬСКИЙ РАЙОН"	"3007"	"сельская местность"	"3"	"Всего"	"1"	"Всего"	"1"	"Всего"	"1"	"4 280"
"Общая площадь введенных в эксплуатацию жилых зданий(Метр квадратный)"	"2015 год"	"201512"	"АЛАКОЛЬСКИЙ РАЙОН"	"3007"	"сельская местность"	"3"	"Всего"	"1"	"Всего"	"1"	"Всего"	"1"	"8 105"
"Общая площадь введенных в эксплуатацию жилых зданий(Метр квадратный)"	"2017 год"	"201712"	"АЛАКОЛЬСКИЙ РАЙОН"	"3007"	"сельская местность"	"3"	"Всего"	"1"	"Всего"	"1"	"Всего"	"1"	"4 129"
"Общая площадь введенных в эксплуатацию жилых зданий(Метр квадратный)"	"2018 год"	"201812"	"АЛАКОЛЬСКИЙ РАЙОН"	"3007"	"сельская местность"	"3"	"Всего"	"1"	"Всего"	"1"	"Всего"	"1"	"4 412"
"Общая площадь введенных в эксплуатацию жилых зданий(Метр квадратный)"	"2021 год"	"202112"	"АЛАКОЛЬСКИЙ РАЙОН"	"3007"	"сельская местность"	"3"	"Всего"	"1"	"Всего"	"1"	"Всего"	"1"	"4 775"
"Общая площадь введенных в эксплуатацию жилых зданий(Метр квадратный)"	"2022 год"	"202212"	"АЛАКОЛЬСКИЙ РАЙОН"	"3007"	"сельская местность"	"3"	"Всего"	"1"	"Всего"	"1"	"Всего"	"1"	"7 891"
"Общая площадь введенных в эксплуатацию жилых зданий(Метр квадратный)"	"2016 год"	"201612"	"БАЛХАШСКИЙ РАЙОН"	"3132"	"Всего"	"1"	"Всего"	"1"	"Всего"	"1"	"Всего"	"1"	"4 254"
"Общая площадь введенных в эксплуатацию жилых зданий(Метр квадратный)"	"2020 год"	"202012"	"БАЛХАШСКИЙ РАЙОН"	"3132"	"Всего"	"1"	"Всего"	"1"	"Всего"	"1"	"Всего"	"1"	"7 774"
"Общая площадь введенных в эксплуатацию жилых зданий(Метр квадратный)"	"2014 год"	"201412"	"БАЛХАШСКИЙ РАЙОН"	"3132"	"Всего"	"1"	"Всего"	"1"	"Всего"	"1"	"Всего"	"1"	"3 929"
"Общая площадь введенных в эксплуатацию жилых зданий(Метр квадратный)"	"2019 год"	"201912"	"БАЛХАШСКИЙ РАЙОН"	"3132"	"Всего"	"1"	"Всего"	"1"	"Всего"	"1"	"Всего"	"1"	"6 960"
"Общая площадь введенных в эксплуатацию жилых зданий(Метр квадратный)"	"2015 год"	"201512"	"БАЛХАШСКИЙ РАЙОН"	"3132"	"Всего"	"1"	"Всего"	"1"	"Всего"	"1"	"Всего"	"1"	"4 068"
"Общая площадь введенных в эксплуатацию жилых зданий(Метр квадратный)"	"2017 год"	"201712"	"БАЛХАШСКИЙ РАЙОН"	"3132"	"Всего"	"1"	"Всего"	"1"	"Всего"	"1"	"Всего"	"1"	"4 703"
"Общая площадь введенных в эксплуатацию жилых зданий(Метр квадратный)"	"2018 год"	"201812"	"БАЛХАШСКИЙ РАЙОН"	"3132"	"Всего"	"1"	"Всего"	"1"	"Всего"	"1"	"Всего"	"1"	"5 957"
"Общая площадь введенных в эксплуатацию жилых зданий(Метр квадратный)"	"2021 год"	"202112"	"БАЛХАШСКИЙ РАЙОН"	"3132"	"Всего"	"1"	"Всего"	"1"	"Всего"	"1"	"Всего"	"1"	"8 799"
"Общая площадь введенных в эксплуатацию жилых зданий(Метр квадратный)"	"2022 год"	"202212"	"БАЛХАШСКИЙ РАЙОН"	"3132"	"Всего"	"1"	"Всего"	"1"	"Всего"	"1"	"Всего"	"1"	"9 920"
"Общая площадь введенных в эксплуатацию жилых зданий(Метр квадратный)"	"2016 год"	"201612"	"БАЛХАШСКИЙ РАЙОН"	"3132"	"сельская местность"	"3"	"Всего"	"1"	"Всего"	"1"	"Всего"	"1"	"4 254"
"Общая площадь введенных в эксплуатацию жилых зданий(Метр квадратный)"	"2020 год"	"202012"	"БАЛХАШСКИЙ РАЙОН"	"3132"	"сельская местность"	"3"	"Всего"	"1"	"Всего"	"1"	"Всего"	"1"	"7 774"
"Общая площадь введенных в эксплуатацию жилых зданий(Метр квадратный)"	"2014 год"	"201412"	"БАЛХАШСКИЙ РАЙОН"	"3132"	"сельская местность"	"3"	"Всего"	"1"	"Всего"	"1"	"Всего"	"1"	"3 929"
"Общая площадь введенных в эксплуатацию жилых зданий(Метр квадратный)"	"2019 год"	"201912"	"БАЛХАШСКИЙ РАЙОН"	"3132"	"сельская местность"	"3"	"Всего"	"1"	"Всего"	"1"	"Всего"	"1"	"6 960"
"Общая площадь введенных в эксплуатацию жилых зданий(Метр квадратный)"	"2015 год"	"201512"	"БАЛХАШСКИЙ РАЙОН"	"3132"	"сельская местность"	"3"	"Всего"	"1"	"Всего"	"1"	"Всего"	"1"	"4 068"
"Общая площадь введенных в эксплуатацию жилых зданий(Метр квадратный)"	"2017 год"	"201712"	"БАЛХАШСКИЙ РАЙОН"	"3132"	"сельская местность"	"3"	"Всего"	"1"	"Всего"	"1"	"Всего"	"1"	"4 703"
"Общая площадь введенных в эксплуатацию жилых зданий(Метр квадратный)"	"2018 год"	"201812"	"БАЛХАШСКИЙ РАЙОН"	"3132"	"сельская местность"	"3"	"Всего"	"1"	"Всего"	"1"	"Всего"	"1"	"5 957"
"Общая площадь введенных в эксплуатацию жилых зданий(Метр квадратный)"	"2021 год"	"202112"	"БАЛХАШСКИЙ РАЙОН"	"3132"	"сельская местность"	"3"	"Всего"	"1"	"Всего"	"1"	"Всего"	"1"	"8 799"
"Общая площадь введенных в эксплуатацию жилых зданий(Метр квадратный)"	"2022 год"	"202212"	"БАЛХАШСКИЙ РАЙОН"	"3132"	"сельская местность"	"3"	"Всего"	"1"	"Всего"	"1"	"Всего"	"1"	"9 920"
"Общая площадь введенных в эксплуатацию жилых зданий(Метр квадратный)"	"2016 год"	"201612"	"ЕНБЕКШИКАЗАХСКИЙ РАЙОН"	"3439"	"Всего"	"1"	"Всего"	"1"	"Всего"	"1"	"Всего"	"1"	"26 239"
"Общая площадь введенных в эксплуатацию жилых зданий(Метр квадратный)"	"2020 год"	"202012"	"ЕНБЕКШИКАЗАХСКИЙ РАЙОН"	"3439"	"Всего"	"1"	"Всего"	"1"	"Всего"	"1"	"Всего"	"1"	"46 888"
"Общая площадь введенных в эксплуатацию жилых зданий(Метр квадратный)"	"2014 год"	"201412"	"ЕНБЕКШИКАЗАХСКИЙ РАЙОН"	"3439"	"Всего"	"1"	"Всего"	"1"	"Всего"	"1"	"Всего"	"1"	"21 486"
"Общая площадь введенных в эксплуатацию жилых зданий(Метр квадратный)"	"2019 год"	"201912"	"ЕНБЕКШИКАЗАХСКИЙ РАЙОН"	"3439"	"Всего"	"1"	"Всего"	"1"	"Всего"	"1"	"Всего"	"1"	"49 578"
"Общая площадь введенных в эксплуатацию жилых зданий(Метр квадратный)"	"2015 год"	"201512"	"ЕНБЕКШИКАЗАХСКИЙ РАЙОН"	"3439"	"Всего"	"1"	"Всего"	"1"	"Всего"	"1"	"Всего"	"1"	"25 852"
"Общая площадь введенных в эксплуатацию жилых зданий(Метр квадратный)"	"2017 год"	"201712"	"ЕНБЕКШИКАЗАХСКИЙ РАЙОН"	"3439"	"Всего"	"1"	"Всего"	"1"	"Всего"	"1"	"Всего"	"1"	"15 435"
"Общая площадь введенных в эксплуатацию жилых зданий(Метр квадратный)"	"2018 год"	"201812"	"ЕНБЕКШИКАЗАХСКИЙ РАЙОН"	"3439"	"Всего"	"1"	"Всего"	"1"	"Всего"	"1"	"Всего"	"1"	"38 140"
"Общая площадь введенных в эксплуатацию жилых зданий(Метр квадратный)"	"2021 год"	"202112"	"ЕНБЕКШИКАЗАХСКИЙ РАЙОН"	"3439"	"Всего"	"1"	"Всего"	"1"	"Всего"	"1"	"Всего"	"1"	"48 552"
"Общая площадь введенных в эксплуатацию жилых зданий(Метр квадратный)"	"2022 год"	"202212"	"ЕНБЕКШИКАЗАХСКИЙ РАЙОН"	"3439"	"Всего"	"1"	"Всего"	"1"	"Всего"	"1"	"Всего"	"1"	"65 424"
"Общая площадь введенных в эксплуатацию жилых зданий(Метр квадратный)"	"2016 год"	"201612"	"ЕНБЕКШИКАЗАХСКИЙ РАЙОН"	"3439"	"городская местность"	"2"	"Всего"	"1"	"Всего"	"1"	"Всего"	"1"	"3 733"
"Общая площадь введенных в эксплуатацию жилых зданий(Метр квадратный)"	"2020 год"	"202012"	"ЕНБЕКШИКАЗАХСКИЙ РАЙОН"	"3439"	"городская местность"	"2"	"Всего"	"1"	"Всего"	"1"	"Всего"	"1"	"7 130"
"Общая площадь введенных в эксплуатацию жилых зданий(Метр квадратный)"	"2014 год"	"201412"	"ЕНБЕКШИКАЗАХСКИЙ РАЙОН"	"3439"	"городская местность"	"2"	"Всего"	"1"	"Всего"	"1"	"Всего"	"1"	"8 377"
"Общая площадь введенных в эксплуатацию жилых зданий(Метр квадратный)"	"2019 год"	"201912"	"ЕНБЕКШИКАЗАХСКИЙ РАЙОН"	"3439"	"городская местность"	"2"	"Всего"	"1"	"Всего"	"1"	"Всего"	"1"	"10 955"
"Общая площадь введенных в эксплуатацию жилых зданий(Метр квадратный)"	"2015 год"	"201512"	"ЕНБЕКШИКАЗАХСКИЙ РАЙОН"	"3439"	"городская местность"	"2"	"Всего"	"1"	"Всего"	"1"	"Всего"	"1"	"5 289"
"Общая площадь введенных в эксплуатацию жилых зданий(Метр квадратный)"	"2017 год"	"201712"	"ЕНБЕКШИКАЗАХСКИЙ РАЙОН"	"3439"	"городская местность"	"2"	"Всего"	"1"	"Всего"	"1"	"Всего"	"1"	"2 151"
"Общая площадь введенных в эксплуатацию жилых зданий(Метр квадратный)"	"2018 год"	"201812"	"ЕНБЕКШИКАЗАХСКИЙ РАЙОН"	"3439"	"городская местность"	"2"	"Всего"	"1"	"Всего"	"1"	"Всего"	"1"	"7 862"
"Общая площадь введенных в эксплуатацию жилых зданий(Метр квадратный)"	"2021 год"	"202112"	"ЕНБЕКШИКАЗАХСКИЙ РАЙОН"	"3439"	"городская местность"	"2"	"Всего"	"1"	"Всего"	"1"	"Всего"	"1"	"6 299"
"Общая площадь введенных в эксплуатацию жилых зданий(Метр квадратный)"	"2022 год"	"202212"	"ЕНБЕКШИКАЗАХСКИЙ РАЙОН"	"3439"	"городская местность"	"2"	"Всего"	"1"	"Всего"	"1"	"Всего"	"1"	"13 102"
"Общая площадь введенных в эксплуатацию жилых зданий(Метр квадратный)"	"2016 год"	"201612"	"ЕНБЕКШИКАЗАХСКИЙ РАЙОН"	"3439"	"сельская местность"	"3"	"Всего"	"1"	"Всего"	"1"	"Всего"	"1"	"22 506"
"Общая площадь введенных в эксплуатацию жилых зданий(Метр квадратный)"	"2020 год"	"202012"	"ЕНБЕКШИКАЗАХСКИЙ РАЙОН"	"3439"	"сельская местность"	"3"	"Всего"	"1"	"Всего"	"1"	"Всего"	"1"	"39 758"
"Общая площадь введенных в эксплуатацию жилых зданий(Метр квадратный)"	"2014 год"	"201412"	"ЕНБЕКШИКАЗАХСКИЙ РАЙОН"	"3439"	"сельская местность"	"3"	"Всего"	"1"	"Всего"	"1"	"Всего"	"1"	"13 109"
"Общая площадь введенных в эксплуатацию жилых зданий(Метр квадратный)"	"2019 год"	"201912"	"ЕНБЕКШИКАЗАХСКИЙ РАЙОН"	"3439"	"сельская местность"	"3"	"Всего"	"1"	"Всего"	"1"	"Всего"	"1"	"38 623"
"Общая площадь введенных в эксплуатацию жилых зданий(Метр квадратный)"	"2015 год"	"201512"	"ЕНБЕКШИКАЗАХСКИЙ РАЙОН"	"3439"	"сельская местность"	"3"	"Всего"	"1"	"Всего"	"1"	"Всего"	"1"	"20 563"
"Общая площадь введенных в эксплуатацию жилых зданий(Метр квадратный)"	"2017 год"	"201712"	"ЕНБЕКШИКАЗАХСКИЙ РАЙОН"	"3439"	"сельская местность"	"3"	"Всего"	"1"	"Всего"	"1"	"Всего"	"1"	"13 284"
"Общая площадь введенных в эксплуатацию жилых зданий(Метр квадратный)"	"2018 год"	"201812"	"ЕНБЕКШИКАЗАХСКИЙ РАЙОН"	"3439"	"сельская местность"	"3"	"Всего"	"1"	"Всего"	"1"	"Всего"	"1"	"30 278"
"Общая площадь введенных в эксплуатацию жилых зданий(Метр квадратный)"	"2021 год"	"202112"	"ЕНБЕКШИКАЗАХСКИЙ РАЙОН"	"3439"	"сельская местность"	"3"	"Всего"	"1"	"Всего"	"1"	"Всего"	"1"	"42 253"
"Общая площадь введенных в эксплуатацию жилых зданий(Метр квадратный)"	"2022 год"	"202212"	"ЕНБЕКШИКАЗАХСКИЙ РАЙОН"	"3439"	"сельская местность"	"3"	"Всего"	"1"	"Всего"	"1"	"Всего"	"1"	"52 322"
"Общая площадь введенных в эксплуатацию жилых зданий(Метр квадратный)"	"2016 год"	"201612"	"ЖАМБЫЛСКИЙ РАЙОН"	"3574"	"Всего"	"1"	"Всего"	"1"	"Всего"	"1"	"Всего"	"1"	"14 459"
"Общая площадь введенных в эксплуатацию жилых зданий(Метр квадратный)"	"2020 год"	"202012"	"ЖАМБЫЛСКИЙ РАЙОН"	"3574"	"Всего"	"1"	"Всего"	"1"	"Всего"	"1"	"Всего"	"1"	"32 176"
"Общая площадь введенных в эксплуатацию жилых зданий(Метр квадратный)"	"2014 год"	"201412"	"ЖАМБЫЛСКИЙ РАЙОН"	"3574"	"Всего"	"1"	"Всего"	"1"	"Всего"	"1"	"Всего"	"1"	"11 281"
"Общая площадь введенных в эксплуатацию жилых зданий(Метр квадратный)"	"2019 год"	"201912"	"ЖАМБЫЛСКИЙ РАЙОН"	"3574"	"Всего"	"1"	"Всего"	"1"	"Всего"	"1"	"Всего"	"1"	"29 616"
"Общая площадь введенных в эксплуатацию жилых зданий(Метр квадратный)"	"2015 год"	"201512"	"ЖАМБЫЛСКИЙ РАЙОН"	"3574"	"Всего"	"1"	"Всего"	"1"	"Всего"	"1"	"Всего"	"1"	"13 007"
"Общая площадь введенных в эксплуатацию жилых зданий(Метр квадратный)"	"2017 год"	"201712"	"ЖАМБЫЛСКИЙ РАЙОН"	"3574"	"Всего"	"1"	"Всего"	"1"	"Всего"	"1"	"Всего"	"1"	"14 951"
"Общая площадь введенных в эксплуатацию жилых зданий(Метр квадратный)"	"2018 год"	"201812"	"ЖАМБЫЛСКИЙ РАЙОН"	"3574"	"Всего"	"1"	"Всего"	"1"	"Всего"	"1"	"Всего"	"1"	"27 728"
"Общая площадь введенных в эксплуатацию жилых зданий(Метр квадратный)"	"2021 год"	"202112"	"ЖАМБЫЛСКИЙ РАЙОН"	"3574"	"Всего"	"1"	"Всего"	"1"	"Всего"	"1"	"Всего"	"1"	"32 429"
"Общая площадь введенных в эксплуатацию жилых зданий(Метр квадратный)"	"2022 год"	"202212"	"ЖАМБЫЛСКИЙ РАЙОН"	"3574"	"Всего"	"1"	"Всего"	"1"	"Всего"	"1"	"Всего"	"1"	"34 531"
"Общая площадь введенных в эксплуатацию жилых зданий(Метр квадратный)"	"2016 год"	"201612"	"ЖАМБЫЛСКИЙ РАЙОН"	"3574"	"сельская местность"	"3"	"Всего"	"1"	"Всего"	"1"	"Всего"	"1"	"14 459"
"Общая площадь введенных в эксплуатацию жилых зданий(Метр квадратный)"	"2020 год"	"202012"	"ЖАМБЫЛСКИЙ РАЙОН"	"3574"	"сельская местность"	"3"	"Всего"	"1"	"Всего"	"1"	"Всего"	"1"	"32 176"
"Общая площадь введенных в эксплуатацию жилых зданий(Метр квадратный)"	"2014 год"	"201412"	"ЖАМБЫЛСКИЙ РАЙОН"	"3574"	"сельская местность"	"3"	"Всего"	"1"	"Всего"	"1"	"Всего"	"1"	"11 281"
"Общая площадь введенных в эксплуатацию жилых зданий(Метр квадратный)"	"2019 год"	"201912"	"ЖАМБЫЛСКИЙ РАЙОН"	"3574"	"сельская местность"	"3"	"Всего"	"1"	"Всего"	"1"	"Всего"	"1"	"29 616"
"Общая площадь введенных в эксплуатацию жилых зданий(Метр квадратный)"	"2015 год"	"201512"	"ЖАМБЫЛСКИЙ РАЙОН"	"3574"	"сельская местность"	"3"	"Всего"	"1"	"Всего"	"1"	"Всего"	"1"	"13 007"
"Общая площадь введенных в эксплуатацию жилых зданий(Метр квадратный)"	"2017 год"	"201712"	"ЖАМБЫЛСКИЙ РАЙОН"	"3574"	"сельская местность"	"3"	"Всего"	"1"	"Всего"	"1"	"Всего"	"1"	"14 951"
"Общая площадь введенных в эксплуатацию жилых зданий(Метр квадратный)"	"2018 год"	"201812"	"ЖАМБЫЛСКИЙ РАЙОН"	"3574"	"сельская местность"	"3"	"Всего"	"1"	"Всего"	"1"	"Всего"	"1"	"27 728"
"Общая площадь введенных в эксплуатацию жилых зданий(Метр квадратный)"	"2021 год"	"202112"	"ЖАМБЫЛСКИЙ РАЙОН"	"3574"	"сельская местность"	"3"	"Всего"	"1"	"Всего"	"1"	"Всего"	"1"	"32 429"
"Общая площадь введенных в эксплуатацию жилых зданий(Метр квадратный)"	"2022 год"	"202212"	"ЖАМБЫЛСКИЙ РАЙОН"	"3574"	"сельская местность"	"3"	"Всего"	"1"	"Всего"	"1"	"Всего"	"1"	"34 531"
"Общая площадь введенных в эксплуатацию жилых зданий(Метр квадратный)"	"2020 год"	"202012"	"КЕГЕНСКИЙ РАЙОН"	"3721"	"Всего"	"1"	"Всего"	"1"	"Всего"	"1"	"Всего"	"1"	"2 469"
"Общая площадь введенных в эксплуатацию жилых зданий(Метр квадратный)"	"2019 год"	"201912"	"КЕГЕНСКИЙ РАЙОН"	"3721"	"Всего"	"1"	"Всего"	"1"	"Всего"	"1"	"Всего"	"1"	"2 976"
"Общая площадь введенных в эксплуатацию жилых зданий(Метр квадратный)"	"2018 год"	"201812"	"КЕГЕНСКИЙ РАЙОН"	"3721"	"Всего"	"1"	"Всего"	"1"	"Всего"	"1"	"Всего"	"1"	"2 564"
"Общая площадь введенных в эксплуатацию жилых зданий(Метр квадратный)"	"2021 год"	"202112"	"КЕГЕНСКИЙ РАЙОН"	"3721"	"Всего"	"1"	"Всего"	"1"	"Всего"	"1"	"Всего"	"1"	"5 105"
"Общая площадь введенных в эксплуатацию жилых зданий(Метр квадратный)"	"2022 год"	"202212"	"КЕГЕНСКИЙ РАЙОН"	"3721"	"Всего"	"1"	"Всего"	"1"	"Всего"	"1"	"Всего"	"1"	"2 595"
"Общая площадь введенных в эксплуатацию жилых зданий(Метр квадратный)"	"2020 год"	"202012"	"КЕГЕНСКИЙ РАЙОН"	"3721"	"сельская местность"	"3"	"Всего"	"1"	"Всего"	"1"	"Всего"	"1"	"2 469"
"Общая площадь введенных в эксплуатацию жилых зданий(Метр квадратный)"	"2019 год"	"201912"	"КЕГЕНСКИЙ РАЙОН"	"3721"	"сельская местность"	"3"	"Всего"	"1"	"Всего"	"1"	"Всего"	"1"	"2 976"
"Общая площадь введенных в эксплуатацию жилых зданий(Метр квадратный)"	"2018 год"	"201812"	"КЕГЕНСКИЙ РАЙОН"	"3721"	"сельская местность"	"3"	"Всего"	"1"	"Всего"	"1"	"Всего"	"1"	"2 564"
"Общая площадь введенных в эксплуатацию жилых зданий(Метр квадратный)"	"2021 год"	"202112"	"КЕГЕНСКИЙ РАЙОН"	"3721"	"сельская местность"	"3"	"Всего"	"1"	"Всего"	"1"	"Всего"	"1"	"5 105"
"Общая площадь введенных в эксплуатацию жилых зданий(Метр квадратный)"	"2022 год"	"202212"	"КЕГЕНСКИЙ РАЙОН"	"3721"	"сельская местность"	"3"	"Всего"	"1"	"Всего"	"1"	"Всего"	"1"	"2 595"
"Общая площадь введенных в эксплуатацию жилых зданий(Метр квадратный)"	"2016 год"	"201612"	"КЕРБУЛАКСКИЙ РАЙОН"	"3803"	"Всего"	"1"	"Всего"	"1"	"Всего"	"1"	"Всего"	"1"	"13 371"
"Общая площадь введенных в эксплуатацию жилых зданий(Метр квадратный)"	"2020 год"	"202012"	"КЕРБУЛАКСКИЙ РАЙОН"	"3803"	"Всего"	"1"	"Всего"	"1"	"Всего"	"1"	"Всего"	"1"	"7 720"
"Общая площадь введенных в эксплуатацию жилых зданий(Метр квадратный)"	"2014 год"	"201412"	"КЕРБУЛАКСКИЙ РАЙОН"	"3803"	"Всего"	"1"	"Всего"	"1"	"Всего"	"1"	"Всего"	"1"	"1 455"
"Общая площадь введенных в эксплуатацию жилых зданий(Метр квадратный)"	"2019 год"	"201912"	"КЕРБУЛАКСКИЙ РАЙОН"	"3803"	"Всего"	"1"	"Всего"	"1"	"Всего"	"1"	"Всего"	"1"	"7 652"
"Общая площадь введенных в эксплуатацию жилых зданий(Метр квадратный)"	"2015 год"	"201512"	"КЕРБУЛАКСКИЙ РАЙОН"	"3803"	"Всего"	"1"	"Всего"	"1"	"Всего"	"1"	"Всего"	"1"	"3 780"
"Общая площадь введенных в эксплуатацию жилых зданий(Метр квадратный)"	"2017 год"	"201712"	"КЕРБУЛАКСКИЙ РАЙОН"	"3803"	"Всего"	"1"	"Всего"	"1"	"Всего"	"1"	"Всего"	"1"	"4 628"
"Общая площадь введенных в эксплуатацию жилых зданий(Метр квадратный)"	"2018 год"	"201812"	"КЕРБУЛАКСКИЙ РАЙОН"	"3803"	"Всего"	"1"	"Всего"	"1"	"Всего"	"1"	"Всего"	"1"	"6 184"
"Общая площадь введенных в эксплуатацию жилых зданий(Метр квадратный)"	"2021 год"	"202112"	"КЕРБУЛАКСКИЙ РАЙОН"	"3803"	"Всего"	"1"	"Всего"	"1"	"Всего"	"1"	"Всего"	"1"	"12 221"
"Общая площадь введенных в эксплуатацию жилых зданий(Метр квадратный)"	"2022 год"	"202212"	"КЕРБУЛАКСКИЙ РАЙОН"	"3803"	"Всего"	"1"	"Всего"	"1"	"Всего"	"1"	"Всего"	"1"	"18 026"
"Общая площадь введенных в эксплуатацию жилых зданий(Метр квадратный)"	"2016 год"	"201612"	"КЕРБУЛАКСКИЙ РАЙОН"	"3803"	"сельская местность"	"3"	"Всего"	"1"	"Всего"	"1"	"Всего"	"1"	"13 371"
"Общая площадь введенных в эксплуатацию жилых зданий(Метр квадратный)"	"2020 год"	"202012"	"КЕРБУЛАКСКИЙ РАЙОН"	"3803"	"сельская местность"	"3"	"Всего"	"1"	"Всего"	"1"	"Всего"	"1"	"7 720"
"Общая площадь введенных в эксплуатацию жилых зданий(Метр квадратный)"	"2014 год"	"201412"	"КЕРБУЛАКСКИЙ РАЙОН"	"3803"	"сельская местность"	"3"	"Всего"	"1"	"Всего"	"1"	"Всего"	"1"	"1 455"
"Общая площадь введенных в эксплуатацию жилых зданий(Метр квадратный)"	"2019 год"	"201912"	"КЕРБУЛАКСКИЙ РАЙОН"	"3803"	"сельская местность"	"3"	"Всего"	"1"	"Всего"	"1"	"Всего"	"1"	"7 652"
"Общая площадь введенных в эксплуатацию жилых зданий(Метр квадратный)"	"2015 год"	"201512"	"КЕРБУЛАКСКИЙ РАЙОН"	"3803"	"сельская местность"	"3"	"Всего"	"1"	"Всего"	"1"	"Всего"	"1"	"3 780"
"Общая площадь введенных в эксплуатацию жилых зданий(Метр квадратный)"	"2017 год"	"201712"	"КЕРБУЛАКСКИЙ РАЙОН"	"3803"	"сельская местность"	"3"	"Всего"	"1"	"Всего"	"1"	"Всего"	"1"	"4 628"
"Общая площадь введенных в эксплуатацию жилых зданий(Метр квадратный)"	"2018 год"	"201812"	"КЕРБУЛАКСКИЙ РАЙОН"	"3803"	"сельская местность"	"3"	"Всего"	"1"	"Всего"	"1"	"Всего"	"1"	"6 184"
"Общая площадь введенных в эксплуатацию жилых зданий(Метр квадратный)"	"2021 год"	"202112"	"КЕРБУЛАКСКИЙ РАЙОН"	"3803"	"сельская местность"	"3"	"Всего"	"1"	"Всего"	"1"	"Всего"	"1"	"12 221"
"Общая площадь введенных в эксплуатацию жилых зданий(Метр квадратный)"	"2022 год"	"202212"	"КЕРБУЛАКСКИЙ РАЙОН"	"3803"	"сельская местность"	"3"	"Всего"	"1"	"Всего"	"1"	"Всего"	"1"	"18 026"
"Общая площадь введенных в эксплуатацию жилых зданий(Метр квадратный)"	"2016 год"	"201612"	"КОКСУСКИЙ РАЙОН"	"3913"	"Всего"	"1"	"Всего"	"1"	"Всего"	"1"	"Всего"	"1"	"7 346"
"Общая площадь введенных в эксплуатацию жилых зданий(Метр квадратный)"	"2020 год"	"202012"	"КОКСУСКИЙ РАЙОН"	"3913"	"Всего"	"1"	"Всего"	"1"	"Всего"	"1"	"Всего"	"1"	"7 348"
"Общая площадь введенных в эксплуатацию жилых зданий(Метр квадратный)"	"2014 год"	"201412"	"КОКСУСКИЙ РАЙОН"	"3913"	"Всего"	"1"	"Всего"	"1"	"Всего"	"1"	"Всего"	"1"	"3 619"
"Общая площадь введенных в эксплуатацию жилых зданий(Метр квадратный)"	"2019 год"	"201912"	"КОКСУСКИЙ РАЙОН"	"3913"	"Всего"	"1"	"Всего"	"1"	"Всего"	"1"	"Всего"	"1"	"9 587"
"Общая площадь введенных в эксплуатацию жилых зданий(Метр квадратный)"	"2015 год"	"201512"	"КОКСУСКИЙ РАЙОН"	"3913"	"Всего"	"1"	"Всего"	"1"	"Всего"	"1"	"Всего"	"1"	"8 022"
"Общая площадь введенных в эксплуатацию жилых зданий(Метр квадратный)"	"2017 год"	"201712"	"КОКСУСКИЙ РАЙОН"	"3913"	"Всего"	"1"	"Всего"	"1"	"Всего"	"1"	"Всего"	"1"	"3 765"
"Общая площадь введенных в эксплуатацию жилых зданий(Метр квадратный)"	"2018 год"	"201812"	"КОКСУСКИЙ РАЙОН"	"3913"	"Всего"	"1"	"Всего"	"1"	"Всего"	"1"	"Всего"	"1"	"5 854"
"Общая площадь введенных в эксплуатацию жилых зданий(Метр квадратный)"	"2021 год"	"202112"	"КОКСУСКИЙ РАЙОН"	"3913"	"Всего"	"1"	"Всего"	"1"	"Всего"	"1"	"Всего"	"1"	"12 949"
"Общая площадь введенных в эксплуатацию жилых зданий(Метр квадратный)"	"2022 год"	"202212"	"КОКСУСКИЙ РАЙОН"	"3913"	"Всего"	"1"	"Всего"	"1"	"Всего"	"1"	"Всего"	"1"	"8 334"
"Общая площадь введенных в эксплуатацию жилых зданий(Метр квадратный)"	"2016 год"	"201612"	"КОКСУСКИЙ РАЙОН"	"3913"	"сельская местность"	"3"	"Всего"	"1"	"Всего"	"1"	"Всего"	"1"	"7 346"
"Общая площадь введенных в эксплуатацию жилых зданий(Метр квадратный)"	"2020 год"	"202012"	"КОКСУСКИЙ РАЙОН"	"3913"	"сельская местность"	"3"	"Всего"	"1"	"Всего"	"1"	"Всего"	"1"	"7 348"
"Общая площадь введенных в эксплуатацию жилых зданий(Метр квадратный)"	"2014 год"	"201412"	"КОКСУСКИЙ РАЙОН"	"3913"	"сельская местность"	"3"	"Всего"	"1"	"Всего"	"1"	"Всего"	"1"	"3 619"
"Общая площадь введенных в эксплуатацию жилых зданий(Метр квадратный)"	"2019 год"	"201912"	"КОКСУСКИЙ РАЙОН"	"3913"	"сельская местность"	"3"	"Всего"	"1"	"Всего"	"1"	"Всего"	"1"	"9 587"
"Общая площадь введенных в эксплуатацию жилых зданий(Метр квадратный)"	"2015 год"	"201512"	"КОКСУСКИЙ РАЙОН"	"3913"	"сельская местность"	"3"	"Всего"	"1"	"Всего"	"1"	"Всего"	"1"	"8 022"
"Общая площадь введенных в эксплуатацию жилых зданий(Метр квадратный)"	"2017 год"	"201712"	"КОКСУСКИЙ РАЙОН"	"3913"	"сельская местность"	"3"	"Всего"	"1"	"Всего"	"1"	"Всего"	"1"	"3 765"
"Общая площадь введенных в эксплуатацию жилых зданий(Метр квадратный)"	"2018 год"	"201812"	"КОКСУСКИЙ РАЙОН"	"3913"	"сельская местность"	"3"	"Всего"	"1"	"Всего"	"1"	"Всего"	"1"	"5 854"
"Общая площадь введенных в эксплуатацию жилых зданий(Метр квадратный)"	"2021 год"	"202112"	"КОКСУСКИЙ РАЙОН"	"3913"	"сельская местность"	"3"	"Всего"	"1"	"Всего"	"1"	"Всего"	"1"	"12 949"
"Общая площадь введенных в эксплуатацию жилых зданий(Метр квадратный)"	"2022 год"	"202212"	"КОКСУСКИЙ РАЙОН"	"3913"	"сельская местность"	"3"	"Всего"	"1"	"Всего"	"1"	"Всего"	"1"	"8 334"
"Общая площадь введенных в эксплуатацию жилых зданий(Метр квадратный)"	"2016 год"	"201612"	"КАРАТАЛЬСКИЙ РАЙОН"	"3966"	"Всего"	"1"	"Всего"	"1"	"Всего"	"1"	"Всего"	"1"	"11 724"
"Общая площадь введенных в эксплуатацию жилых зданий(Метр квадратный)"	"2020 год"	"202012"	"КАРАТАЛЬСКИЙ РАЙОН"	"3966"	"Всего"	"1"	"Всего"	"1"	"Всего"	"1"	"Всего"	"1"	"16 623"
"Общая площадь введенных в эксплуатацию жилых зданий(Метр квадратный)"	"2014 год"	"201412"	"КАРАТАЛЬСКИЙ РАЙОН"	"3966"	"Всего"	"1"	"Всего"	"1"	"Всего"	"1"	"Всего"	"1"	"7 511"
"Общая площадь введенных в эксплуатацию жилых зданий(Метр квадратный)"	"2019 год"	"201912"	"КАРАТАЛЬСКИЙ РАЙОН"	"3966"	"Всего"	"1"	"Всего"	"1"	"Всего"	"1"	"Всего"	"1"	"14 711"
"Общая площадь введенных в эксплуатацию жилых зданий(Метр квадратный)"	"2015 год"	"201512"	"КАРАТАЛЬСКИЙ РАЙОН"	"3966"	"Всего"	"1"	"Всего"	"1"	"Всего"	"1"	"Всего"	"1"	"8 591"
"Общая площадь введенных в эксплуатацию жилых зданий(Метр квадратный)"	"2017 год"	"201712"	"КАРАТАЛЬСКИЙ РАЙОН"	"3966"	"Всего"	"1"	"Всего"	"1"	"Всего"	"1"	"Всего"	"1"	"11 821"
"Общая площадь введенных в эксплуатацию жилых зданий(Метр квадратный)"	"2018 год"	"201812"	"КАРАТАЛЬСКИЙ РАЙОН"	"3966"	"Всего"	"1"	"Всего"	"1"	"Всего"	"1"	"Всего"	"1"	"14 651"
"Общая площадь введенных в эксплуатацию жилых зданий(Метр квадратный)"	"2021 год"	"202112"	"КАРАТАЛЬСКИЙ РАЙОН"	"3966"	"Всего"	"1"	"Всего"	"1"	"Всего"	"1"	"Всего"	"1"	"16 201"
"Общая площадь введенных в эксплуатацию жилых зданий(Метр квадратный)"	"2022 год"	"202212"	"КАРАТАЛЬСКИЙ РАЙОН"	"3966"	"Всего"	"1"	"Всего"	"1"	"Всего"	"1"	"Всего"	"1"	"17 294"
"Общая площадь введенных в эксплуатацию жилых зданий(Метр квадратный)"	"2016 год"	"201612"	"КАРАТАЛЬСКИЙ РАЙОН"	"3966"	"городская местность"	"2"	"Всего"	"1"	"Всего"	"1"	"Всего"	"1"	"5 629"
"Общая площадь введенных в эксплуатацию жилых зданий(Метр квадратный)"	"2020 год"	"202012"	"КАРАТАЛЬСКИЙ РАЙОН"	"3966"	"городская местность"	"2"	"Всего"	"1"	"Всего"	"1"	"Всего"	"1"	"6 534"
"Общая площадь введенных в эксплуатацию жилых зданий(Метр квадратный)"	"2014 год"	"201412"	"КАРАТАЛЬСКИЙ РАЙОН"	"3966"	"городская местность"	"2"	"Всего"	"1"	"Всего"	"1"	"Всего"	"1"	"3 297"
"Общая площадь введенных в эксплуатацию жилых зданий(Метр квадратный)"	"2019 год"	"201912"	"КАРАТАЛЬСКИЙ РАЙОН"	"3966"	"городская местность"	"2"	"Всего"	"1"	"Всего"	"1"	"Всего"	"1"	"6 618"
"Общая площадь введенных в эксплуатацию жилых зданий(Метр квадратный)"	"2015 год"	"201512"	"КАРАТАЛЬСКИЙ РАЙОН"	"3966"	"городская местность"	"2"	"Всего"	"1"	"Всего"	"1"	"Всего"	"1"	"4 108"
"Общая площадь введенных в эксплуатацию жилых зданий(Метр квадратный)"	"2017 год"	"201712"	"КАРАТАЛЬСКИЙ РАЙОН"	"3966"	"городская местность"	"2"	"Всего"	"1"	"Всего"	"1"	"Всего"	"1"	"6 048"
"Общая площадь введенных в эксплуатацию жилых зданий(Метр квадратный)"	"2018 год"	"201812"	"КАРАТАЛЬСКИЙ РАЙОН"	"3966"	"городская местность"	"2"	"Всего"	"1"	"Всего"	"1"	"Всего"	"1"	"9 193"
"Общая площадь введенных в эксплуатацию жилых зданий(Метр квадратный)"	"2021 год"	"202112"	"КАРАТАЛЬСКИЙ РАЙОН"	"3966"	"городская местность"	"2"	"Всего"	"1"	"Всего"	"1"	"Всего"	"1"	"7 812"
"Общая площадь введенных в эксплуатацию жилых зданий(Метр квадратный)"	"2022 год"	"202212"	"КАРАТАЛЬСКИЙ РАЙОН"	"3966"	"городская местность"	"2"	"Всего"	"1"	"Всего"	"1"	"Всего"	"1"	"9 238"
"Общая площадь введенных в эксплуатацию жилых зданий(Метр квадратный)"	"2016 год"	"201612"	"КАРАТАЛЬСКИЙ РАЙОН"	"3966"	"сельская местность"	"3"	"Всего"	"1"	"Всего"	"1"	"Всего"	"1"	"6 095"
"Общая площадь введенных в эксплуатацию жилых зданий(Метр квадратный)"	"2020 год"	"202012"	"КАРАТАЛЬСКИЙ РАЙОН"	"3966"	"сельская местность"	"3"	"Всего"	"1"	"Всего"	"1"	"Всего"	"1"	"10 089"
"Общая площадь введенных в эксплуатацию жилых зданий(Метр квадратный)"	"2014 год"	"201412"	"КАРАТАЛЬСКИЙ РАЙОН"	"3966"	"сельская местность"	"3"	"Всего"	"1"	"Всего"	"1"	"Всего"	"1"	"4 214"
"Общая площадь введенных в эксплуатацию жилых зданий(Метр квадратный)"	"2019 год"	"201912"	"КАРАТАЛЬСКИЙ РАЙОН"	"3966"	"сельская местность"	"3"	"Всего"	"1"	"Всего"	"1"	"Всего"	"1"	"8 093"
"Общая площадь введенных в эксплуатацию жилых зданий(Метр квадратный)"	"2015 год"	"201512"	"КАРАТАЛЬСКИЙ РАЙОН"	"3966"	"сельская местность"	"3"	"Всего"	"1"	"Всего"	"1"	"Всего"	"1"	"4 483"
"Общая площадь введенных в эксплуатацию жилых зданий(Метр квадратный)"	"2017 год"	"201712"	"КАРАТАЛЬСКИЙ РАЙОН"	"3966"	"сельская местность"	"3"	"Всего"	"1"	"Всего"	"1"	"Всего"	"1"	"5 773"
"Общая площадь введенных в эксплуатацию жилых зданий(Метр квадратный)"	"2018 год"	"201812"	"КАРАТАЛЬСКИЙ РАЙОН"	"3966"	"сельская местность"	"3"	"Всего"	"1"	"Всего"	"1"	"Всего"	"1"	"5 458"
"Общая площадь введенных в эксплуатацию жилых зданий(Метр квадратный)"	"2021 год"	"202112"	"КАРАТАЛЬСКИЙ РАЙОН"	"3966"	"сельская местность"	"3"	"Всего"	"1"	"Всего"	"1"	"Всего"	"1"	"8 389"
"Общая площадь введенных в эксплуатацию жилых зданий(Метр квадратный)"	"2022 год"	"202212"	"КАРАТАЛЬСКИЙ РАЙОН"	"3966"	"сельская местность"	"3"	"Всего"	"1"	"Всего"	"1"	"Всего"	"1"	"8 056"
"Общая площадь введенных в эксплуатацию жилых зданий(Метр квадратный)"	"2016 год"	"201612"	"КАРАСАЙСКИЙ РАЙОН"	"4034"	"Всего"	"1"	"Всего"	"1"	"Всего"	"1"	"Всего"	"1"	"606 651"
"Общая площадь введенных в эксплуатацию жилых зданий(Метр квадратный)"	"2020 год"	"202012"	"КАРАСАЙСКИЙ РАЙОН"	"4034"	"Всего"	"1"	"Всего"	"1"	"Всего"	"1"	"Всего"	"1"	"205 056"
"Общая площадь введенных в эксплуатацию жилых зданий(Метр квадратный)"	"2014 год"	"201412"	"КАРАСАЙСКИЙ РАЙОН"	"4034"	"Всего"	"1"	"Всего"	"1"	"Всего"	"1"	"Всего"	"1"	"323 380"
"Общая площадь введенных в эксплуатацию жилых зданий(Метр квадратный)"	"2019 год"	"201912"	"КАРАСАЙСКИЙ РАЙОН"	"4034"	"Всего"	"1"	"Всего"	"1"	"Всего"	"1"	"Всего"	"1"	"184 864"
"Общая площадь введенных в эксплуатацию жилых зданий(Метр квадратный)"	"2015 год"	"201512"	"КАРАСАЙСКИЙ РАЙОН"	"4034"	"Всего"	"1"	"Всего"	"1"	"Всего"	"1"	"Всего"	"1"	"575 909"
"Общая площадь введенных в эксплуатацию жилых зданий(Метр квадратный)"	"2017 год"	"201712"	"КАРАСАЙСКИЙ РАЙОН"	"4034"	"Всего"	"1"	"Всего"	"1"	"Всего"	"1"	"Всего"	"1"	"224 062"
"Общая площадь введенных в эксплуатацию жилых зданий(Метр квадратный)"	"2018 год"	"201812"	"КАРАСАЙСКИЙ РАЙОН"	"4034"	"Всего"	"1"	"Всего"	"1"	"Всего"	"1"	"Всего"	"1"	"172 834"
"Общая площадь введенных в эксплуатацию жилых зданий(Метр квадратный)"	"2021 год"	"202112"	"КАРАСАЙСКИЙ РАЙОН"	"4034"	"Всего"	"1"	"Всего"	"1"	"Всего"	"1"	"Всего"	"1"	"210 098"
"Общая площадь введенных в эксплуатацию жилых зданий(Метр квадратный)"	"2022 год"	"202212"	"КАРАСАЙСКИЙ РАЙОН"	"4034"	"Всего"	"1"	"Всего"	"1"	"Всего"	"1"	"Всего"	"1"	"213 783"
"Общая площадь введенных в эксплуатацию жилых зданий(Метр квадратный)"	"2016 год"	"201612"	"КАРАСАЙСКИЙ РАЙОН"	"4034"	"городская местность"	"2"	"Всего"	"1"	"Всего"	"1"	"Всего"	"1"	"92 546"
"Общая площадь введенных в эксплуатацию жилых зданий(Метр квадратный)"	"2020 год"	"202012"	"КАРАСАЙСКИЙ РАЙОН"	"4034"	"городская местность"	"2"	"Всего"	"1"	"Всего"	"1"	"Всего"	"1"	"48 093"
"Общая площадь введенных в эксплуатацию жилых зданий(Метр квадратный)"	"2014 год"	"201412"	"КАРАСАЙСКИЙ РАЙОН"	"4034"	"городская местность"	"2"	"Всего"	"1"	"Всего"	"1"	"Всего"	"1"	"37 110"
"Общая площадь введенных в эксплуатацию жилых зданий(Метр квадратный)"	"2019 год"	"201912"	"КАРАСАЙСКИЙ РАЙОН"	"4034"	"городская местность"	"2"	"Всего"	"1"	"Всего"	"1"	"Всего"	"1"	"48 375"
"Общая площадь введенных в эксплуатацию жилых зданий(Метр квадратный)"	"2015 год"	"201512"	"КАРАСАЙСКИЙ РАЙОН"	"4034"	"городская местность"	"2"	"Всего"	"1"	"Всего"	"1"	"Всего"	"1"	"86 813"
"Общая площадь введенных в эксплуатацию жилых зданий(Метр квадратный)"	"2017 год"	"201712"	"КАРАСАЙСКИЙ РАЙОН"	"4034"	"городская местность"	"2"	"Всего"	"1"	"Всего"	"1"	"Всего"	"1"	"37 477"
"Общая площадь введенных в эксплуатацию жилых зданий(Метр квадратный)"	"2018 год"	"201812"	"КАРАСАЙСКИЙ РАЙОН"	"4034"	"городская местность"	"2"	"Всего"	"1"	"Всего"	"1"	"Всего"	"1"	"42 990"
"Общая площадь введенных в эксплуатацию жилых зданий(Метр квадратный)"	"2021 год"	"202112"	"КАРАСАЙСКИЙ РАЙОН"	"4034"	"городская местность"	"2"	"Всего"	"1"	"Всего"	"1"	"Всего"	"1"	"56 733"
"Общая площадь введенных в эксплуатацию жилых зданий(Метр квадратный)"	"2022 год"	"202212"	"КАРАСАЙСКИЙ РАЙОН"	"4034"	"городская местность"	"2"	"Всего"	"1"	"Всего"	"1"	"Всего"	"1"	"45 641"
"Общая площадь введенных в эксплуатацию жилых зданий(Метр квадратный)"	"2016 год"	"201612"	"КАРАСАЙСКИЙ РАЙОН"	"4034"	"сельская местность"	"3"	"Всего"	"1"	"Всего"	"1"	"Всего"	"1"	"514 105"
"Общая площадь введенных в эксплуатацию жилых зданий(Метр квадратный)"	"2020 год"	"202012"	"КАРАСАЙСКИЙ РАЙОН"	"4034"	"сельская местность"	"3"	"Всего"	"1"	"Всего"	"1"	"Всего"	"1"	"156 963"
"Общая площадь введенных в эксплуатацию жилых зданий(Метр квадратный)"	"2014 год"	"201412"	"КАРАСАЙСКИЙ РАЙОН"	"4034"	"сельская местность"	"3"	"Всего"	"1"	"Всего"	"1"	"Всего"	"1"	"286 270"
"Общая площадь введенных в эксплуатацию жилых зданий(Метр квадратный)"	"2019 год"	"201912"	"КАРАСАЙСКИЙ РАЙОН"	"4034"	"сельская местность"	"3"	"Всего"	"1"	"Всего"	"1"	"Всего"	"1"	"136 489"
"Общая площадь введенных в эксплуатацию жилых зданий(Метр квадратный)"	"2015 год"	"201512"	"КАРАСАЙСКИЙ РАЙОН"	"4034"	"сельская местность"	"3"	"Всего"	"1"	"Всего"	"1"	"Всего"	"1"	"489 096"
"Общая площадь введенных в эксплуатацию жилых зданий(Метр квадратный)"	"2017 год"	"201712"	"КАРАСАЙСКИЙ РАЙОН"	"4034"	"сельская местность"	"3"	"Всего"	"1"	"Всего"	"1"	"Всего"	"1"	"186 585"
"Общая площадь введенных в эксплуатацию жилых зданий(Метр квадратный)"	"2018 год"	"201812"	"КАРАСАЙСКИЙ РАЙОН"	"4034"	"сельская местность"	"3"	"Всего"	"1"	"Всего"	"1"	"Всего"	"1"	"129 844"
"Общая площадь введенных в эксплуатацию жилых зданий(Метр квадратный)"	"2021 год"	"202112"	"КАРАСАЙСКИЙ РАЙОН"	"4034"	"сельская местность"	"3"	"Всего"	"1"	"Всего"	"1"	"Всего"	"1"	"153 365"
"Общая площадь введенных в эксплуатацию жилых зданий(Метр квадратный)"	"2022 год"	"202212"	"КАРАСАЙСКИЙ РАЙОН"	"4034"	"сельская местность"	"3"	"Всего"	"1"	"Всего"	"1"	"Всего"	"1"	"168 142"
"Общая площадь введенных в эксплуатацию жилых зданий(Метр квадратный)"	"2016 год"	"201612"	"ПАНФИЛОВСКИЙ РАЙОН"	"4149"	"Всего"	"1"	"Всего"	"1"	"Всего"	"1"	"Всего"	"1"	"41 091"
"Общая площадь введенных в эксплуатацию жилых зданий(Метр квадратный)"	"2020 год"	"202012"	"ПАНФИЛОВСКИЙ РАЙОН"	"4149"	"Всего"	"1"	"Всего"	"1"	"Всего"	"1"	"Всего"	"1"	"22 072"
"Общая площадь введенных в эксплуатацию жилых зданий(Метр квадратный)"	"2014 год"	"201412"	"ПАНФИЛОВСКИЙ РАЙОН"	"4149"	"Всего"	"1"	"Всего"	"1"	"Всего"	"1"	"Всего"	"1"	"14 079"
"Общая площадь введенных в эксплуатацию жилых зданий(Метр квадратный)"	"2019 год"	"201912"	"ПАНФИЛОВСКИЙ РАЙОН"	"4149"	"Всего"	"1"	"Всего"	"1"	"Всего"	"1"	"Всего"	"1"	"24 227"
"Общая площадь введенных в эксплуатацию жилых зданий(Метр квадратный)"	"2015 год"	"201512"	"ПАНФИЛОВСКИЙ РАЙОН"	"4149"	"Всего"	"1"	"Всего"	"1"	"Всего"	"1"	"Всего"	"1"	"27 340"
"Общая площадь введенных в эксплуатацию жилых зданий(Метр квадратный)"	"2017 год"	"201712"	"ПАНФИЛОВСКИЙ РАЙОН"	"4149"	"Всего"	"1"	"Всего"	"1"	"Всего"	"1"	"Всего"	"1"	"10 860"
"Общая площадь введенных в эксплуатацию жилых зданий(Метр квадратный)"	"2018 год"	"201812"	"ПАНФИЛОВСКИЙ РАЙОН"	"4149"	"Всего"	"1"	"Всего"	"1"	"Всего"	"1"	"Всего"	"1"	"19 119"
"Общая площадь введенных в эксплуатацию жилых зданий(Метр квадратный)"	"2021 год"	"202112"	"ПАНФИЛОВСКИЙ РАЙОН"	"4149"	"Всего"	"1"	"Всего"	"1"	"Всего"	"1"	"Всего"	"1"	"37 712"
"Общая площадь введенных в эксплуатацию жилых зданий(Метр квадратный)"	"2022 год"	"202212"	"ПАНФИЛОВСКИЙ РАЙОН"	"4149"	"Всего"	"1"	"Всего"	"1"	"Всего"	"1"	"Всего"	"1"	"61 946"
"Общая площадь введенных в эксплуатацию жилых зданий(Метр квадратный)"	"2016 год"	"201612"	"ПАНФИЛОВСКИЙ РАЙОН"	"4149"	"городская местность"	"2"	"Всего"	"1"	"Всего"	"1"	"Всего"	"1"	"17 931"
"Общая площадь введенных в эксплуатацию жилых зданий(Метр квадратный)"	"2020 год"	"202012"	"ПАНФИЛОВСКИЙ РАЙОН"	"4149"	"городская местность"	"2"	"Всего"	"1"	"Всего"	"1"	"Всего"	"1"	"12 431"
"Общая площадь введенных в эксплуатацию жилых зданий(Метр квадратный)"	"2014 год"	"201412"	"ПАНФИЛОВСКИЙ РАЙОН"	"4149"	"городская местность"	"2"	"Всего"	"1"	"Всего"	"1"	"Всего"	"1"	"8 955"
"Общая площадь введенных в эксплуатацию жилых зданий(Метр квадратный)"	"2019 год"	"201912"	"ПАНФИЛОВСКИЙ РАЙОН"	"4149"	"городская местность"	"2"	"Всего"	"1"	"Всего"	"1"	"Всего"	"1"	"14 283"
"Общая площадь введенных в эксплуатацию жилых зданий(Метр квадратный)"	"2015 год"	"201512"	"ПАНФИЛОВСКИЙ РАЙОН"	"4149"	"городская местность"	"2"	"Всего"	"1"	"Всего"	"1"	"Всего"	"1"	"18 619"
"Общая площадь введенных в эксплуатацию жилых зданий(Метр квадратный)"	"2017 год"	"201712"	"ПАНФИЛОВСКИЙ РАЙОН"	"4149"	"городская местность"	"2"	"Всего"	"1"	"Всего"	"1"	"Всего"	"1"	"1 052"
"Общая площадь введенных в эксплуатацию жилых зданий(Метр квадратный)"	"2018 год"	"201812"	"ПАНФИЛОВСКИЙ РАЙОН"	"4149"	"городская местность"	"2"	"Всего"	"1"	"Всего"	"1"	"Всего"	"1"	"8 112"
"Общая площадь введенных в эксплуатацию жилых зданий(Метр квадратный)"	"2021 год"	"202112"	"ПАНФИЛОВСКИЙ РАЙОН"	"4149"	"городская местность"	"2"	"Всего"	"1"	"Всего"	"1"	"Всего"	"1"	"15 957"
"Общая площадь введенных в эксплуатацию жилых зданий(Метр квадратный)"	"2022 год"	"202212"	"ПАНФИЛОВСКИЙ РАЙОН"	"4149"	"городская местность"	"2"	"Всего"	"1"	"Всего"	"1"	"Всего"	"1"	"32 787"
"Общая площадь введенных в эксплуатацию жилых зданий(Метр квадратный)"	"2016 год"	"201612"	"ПАНФИЛОВСКИЙ РАЙОН"	"4149"	"сельская местность"	"3"	"Всего"	"1"	"Всего"	"1"	"Всего"	"1"	"23 160"
"Общая площадь введенных в эксплуатацию жилых зданий(Метр квадратный)"	"2020 год"	"202012"	"ПАНФИЛОВСКИЙ РАЙОН"	"4149"	"сельская местность"	"3"	"Всего"	"1"	"Всего"	"1"	"Всего"	"1"	"9 641"
"Общая площадь введенных в эксплуатацию жилых зданий(Метр квадратный)"	"2014 год"	"201412"	"ПАНФИЛОВСКИЙ РАЙОН"	"4149"	"сельская местность"	"3"	"Всего"	"1"	"Всего"	"1"	"Всего"	"1"	"5 124"
"Общая площадь введенных в эксплуатацию жилых зданий(Метр квадратный)"	"2019 год"	"201912"	"ПАНФИЛОВСКИЙ РАЙОН"	"4149"	"сельская местность"	"3"	"Всего"	"1"	"Всего"	"1"	"Всего"	"1"	"9 944"
"Общая площадь введенных в эксплуатацию жилых зданий(Метр квадратный)"	"2015 год"	"201512"	"ПАНФИЛОВСКИЙ РАЙОН"	"4149"	"сельская местность"	"3"	"Всего"	"1"	"Всего"	"1"	"Всего"	"1"	"8 721"
"Общая площадь введенных в эксплуатацию жилых зданий(Метр квадратный)"	"2017 год"	"201712"	"ПАНФИЛОВСКИЙ РАЙОН"	"4149"	"сельская местность"	"3"	"Всего"	"1"	"Всего"	"1"	"Всего"	"1"	"9 808"
"Общая площадь введенных в эксплуатацию жилых зданий(Метр квадратный)"	"2018 год"	"201812"	"ПАНФИЛОВСКИЙ РАЙОН"	"4149"	"сельская местность"	"3"	"Всего"	"1"	"Всего"	"1"	"Всего"	"1"	"11 007"
"Общая площадь введенных в эксплуатацию жилых зданий(Метр квадратный)"	"2021 год"	"202112"	"ПАНФИЛОВСКИЙ РАЙОН"	"4149"	"сельская местность"	"3"	"Всего"	"1"	"Всего"	"1"	"Всего"	"1"	"21 755"
"Общая площадь введенных в эксплуатацию жилых зданий(Метр квадратный)"	"2022 год"	"202212"	"ПАНФИЛОВСКИЙ РАЙОН"	"4149"	"сельская местность"	"3"	"Всего"	"1"	"Всего"	"1"	"Всего"	"1"	"29 159"
"Общая площадь введенных в эксплуатацию жилых зданий(Метр квадратный)"	"2016 год"	"201612"	"РАЙЫМБЕКСКИЙ РАЙОН"	"4234"	"Всего"	"1"	"Всего"	"1"	"Всего"	"1"	"Всего"	"1"	"6 376"
"Общая площадь введенных в эксплуатацию жилых зданий(Метр квадратный)"	"2020 год"	"202012"	"РАЙЫМБЕКСКИЙ РАЙОН"	"4234"	"Всего"	"1"	"Всего"	"1"	"Всего"	"1"	"Всего"	"1"	"6 460"
"Общая площадь введенных в эксплуатацию жилых зданий(Метр квадратный)"	"2014 год"	"201412"	"РАЙЫМБЕКСКИЙ РАЙОН"	"4234"	"Всего"	"1"	"Всего"	"1"	"Всего"	"1"	"Всего"	"1"	"10 973"
"Общая площадь введенных в эксплуатацию жилых зданий(Метр квадратный)"	"2019 год"	"201912"	"РАЙЫМБЕКСКИЙ РАЙОН"	"4234"	"Всего"	"1"	"Всего"	"1"	"Всего"	"1"	"Всего"	"1"	"2 320"
"Общая площадь введенных в эксплуатацию жилых зданий(Метр квадратный)"	"2015 год"	"201512"	"РАЙЫМБЕКСКИЙ РАЙОН"	"4234"	"Всего"	"1"	"Всего"	"1"	"Всего"	"1"	"Всего"	"1"	"6 369"
"Общая площадь введенных в эксплуатацию жилых зданий(Метр квадратный)"	"2017 год"	"201712"	"РАЙЫМБЕКСКИЙ РАЙОН"	"4234"	"Всего"	"1"	"Всего"	"1"	"Всего"	"1"	"Всего"	"1"	"4 102"
"Общая площадь введенных в эксплуатацию жилых зданий(Метр квадратный)"	"2018 год"	"201812"	"РАЙЫМБЕКСКИЙ РАЙОН"	"4234"	"Всего"	"1"	"Всего"	"1"	"Всего"	"1"	"Всего"	"1"	"3 937"
"Общая площадь введенных в эксплуатацию жилых зданий(Метр квадратный)"	"2021 год"	"202112"	"РАЙЫМБЕКСКИЙ РАЙОН"	"4234"	"Всего"	"1"	"Всего"	"1"	"Всего"	"1"	"Всего"	"1"	"7 073"
"Общая площадь введенных в эксплуатацию жилых зданий(Метр квадратный)"	"2022 год"	"202212"	"РАЙЫМБЕКСКИЙ РАЙОН"	"4234"	"Всего"	"1"	"Всего"	"1"	"Всего"	"1"	"Всего"	"1"	"2 530"
"Общая площадь введенных в эксплуатацию жилых зданий(Метр квадратный)"	"2016 год"	"201612"	"РАЙЫМБЕКСКИЙ РАЙОН"	"4234"	"сельская местность"	"3"	"Всего"	"1"	"Всего"	"1"	"Всего"	"1"	"6 376"
"Общая площадь введенных в эксплуатацию жилых зданий(Метр квадратный)"	"2020 год"	"202012"	"РАЙЫМБЕКСКИЙ РАЙОН"	"4234"	"сельская местность"	"3"	"Всего"	"1"	"Всего"	"1"	"Всего"	"1"	"6 460"
"Общая площадь введенных в эксплуатацию жилых зданий(Метр квадратный)"	"2014 год"	"201412"	"РАЙЫМБЕКСКИЙ РАЙОН"	"4234"	"сельская местность"	"3"	"Всего"	"1"	"Всего"	"1"	"Всего"	"1"	"10 973"
"Общая площадь введенных в эксплуатацию жилых зданий(Метр квадратный)"	"2019 год"	"201912"	"РАЙЫМБЕКСКИЙ РАЙОН"	"4234"	"сельская местность"	"3"	"Всего"	"1"	"Всего"	"1"	"Всего"	"1"	"2 320"
"Общая площадь введенных в эксплуатацию жилых зданий(Метр квадратный)"	"2015 год"	"201512"	"РАЙЫМБЕКСКИЙ РАЙОН"	"4234"	"сельская местность"	"3"	"Всего"	"1"	"Всего"	"1"	"Всего"	"1"	"6 369"
"Общая площадь введенных в эксплуатацию жилых зданий(Метр квадратный)"	"2017 год"	"201712"	"РАЙЫМБЕКСКИЙ РАЙОН"	"4234"	"сельская местность"	"3"	"Всего"	"1"	"Всего"	"1"	"Всего"	"1"	"4 102"
"Общая площадь введенных в эксплуатацию жилых зданий(Метр квадратный)"	"2018 год"	"201812"	"РАЙЫМБЕКСКИЙ РАЙОН"	"4234"	"сельская местность"	"3"	"Всего"	"1"	"Всего"	"1"	"Всего"	"1"	"3 937"
"Общая площадь введенных в эксплуатацию жилых зданий(Метр квадратный)"	"2021 год"	"202112"	"РАЙЫМБЕКСКИЙ РАЙОН"	"4234"	"сельская местность"	"3"	"Всего"	"1"	"Всего"	"1"	"Всего"	"1"	"7 073"
"Общая площадь введенных в эксплуатацию жилых зданий(Метр квадратный)"	"2022 год"	"202212"	"РАЙЫМБЕКСКИЙ РАЙОН"	"4234"	"сельская местность"	"3"	"Всего"	"1"	"Всего"	"1"	"Всего"	"1"	"2 530"
"Общая площадь введенных в эксплуатацию жилых зданий(Метр квадратный)"	"2016 год"	"201612"	"САРКАНДСКИЙ РАЙОН"	"4282"	"Всего"	"1"	"Всего"	"1"	"Всего"	"1"	"Всего"	"1"	"4 423"
"Общая площадь введенных в эксплуатацию жилых зданий(Метр квадратный)"	"2020 год"	"202012"	"САРКАНДСКИЙ РАЙОН"	"4282"	"Всего"	"1"	"Всего"	"1"	"Всего"	"1"	"Всего"	"1"	"6 505"
"Общая площадь введенных в эксплуатацию жилых зданий(Метр квадратный)"	"2014 год"	"201412"	"САРКАНДСКИЙ РАЙОН"	"4282"	"Всего"	"1"	"Всего"	"1"	"Всего"	"1"	"Всего"	"1"	"4 386"
"Общая площадь введенных в эксплуатацию жилых зданий(Метр квадратный)"	"2019 год"	"201912"	"САРКАНДСКИЙ РАЙОН"	"4282"	"Всего"	"1"	"Всего"	"1"	"Всего"	"1"	"Всего"	"1"	"6 005"
"Общая площадь введенных в эксплуатацию жилых зданий(Метр квадратный)"	"2015 год"	"201512"	"САРКАНДСКИЙ РАЙОН"	"4282"	"Всего"	"1"	"Всего"	"1"	"Всего"	"1"	"Всего"	"1"	"4 307"
"Общая площадь введенных в эксплуатацию жилых зданий(Метр квадратный)"	"2017 год"	"201712"	"САРКАНДСКИЙ РАЙОН"	"4282"	"Всего"	"1"	"Всего"	"1"	"Всего"	"1"	"Всего"	"1"	"4 389"
"Общая площадь введенных в эксплуатацию жилых зданий(Метр квадратный)"	"2018 год"	"201812"	"САРКАНДСКИЙ РАЙОН"	"4282"	"Всего"	"1"	"Всего"	"1"	"Всего"	"1"	"Всего"	"1"	"5 873"
"Общая площадь введенных в эксплуатацию жилых зданий(Метр квадратный)"	"2021 год"	"202112"	"САРКАНДСКИЙ РАЙОН"	"4282"	"Всего"	"1"	"Всего"	"1"	"Всего"	"1"	"Всего"	"1"	"10 894"
"Общая площадь введенных в эксплуатацию жилых зданий(Метр квадратный)"	"2022 год"	"202212"	"САРКАНДСКИЙ РАЙОН"	"4282"	"Всего"	"1"	"Всего"	"1"	"Всего"	"1"	"Всего"	"1"	"10 389"
"Общая площадь введенных в эксплуатацию жилых зданий(Метр квадратный)"	"2016 год"	"201612"	"САРКАНДСКИЙ РАЙОН"	"4282"	"городская местность"	"2"	"Всего"	"1"	"Всего"	"1"	"Всего"	"1"	"2 347"
"Общая площадь введенных в эксплуатацию жилых зданий(Метр квадратный)"	"2020 год"	"202012"	"САРКАНДСКИЙ РАЙОН"	"4282"	"городская местность"	"2"	"Всего"	"1"	"Всего"	"1"	"Всего"	"1"	"4 030"
"Общая площадь введенных в эксплуатацию жилых зданий(Метр квадратный)"	"2014 год"	"201412"	"САРКАНДСКИЙ РАЙОН"	"4282"	"городская местность"	"2"	"Всего"	"1"	"Всего"	"1"	"Всего"	"1"	"3 521"
"Общая площадь введенных в эксплуатацию жилых зданий(Метр квадратный)"	"2019 год"	"201912"	"САРКАНДСКИЙ РАЙОН"	"4282"	"городская местность"	"2"	"Всего"	"1"	"Всего"	"1"	"Всего"	"1"	"4 145"
"Общая площадь введенных в эксплуатацию жилых зданий(Метр квадратный)"	"2015 год"	"201512"	"САРКАНДСКИЙ РАЙОН"	"4282"	"городская местность"	"2"	"Всего"	"1"	"Всего"	"1"	"Всего"	"1"	"3 599"
"Общая площадь введенных в эксплуатацию жилых зданий(Метр квадратный)"	"2017 год"	"201712"	"САРКАНДСКИЙ РАЙОН"	"4282"	"городская местность"	"2"	"Всего"	"1"	"Всего"	"1"	"Всего"	"1"	"2 984"
"Общая площадь введенных в эксплуатацию жилых зданий(Метр квадратный)"	"2018 год"	"201812"	"САРКАНДСКИЙ РАЙОН"	"4282"	"городская местность"	"2"	"Всего"	"1"	"Всего"	"1"	"Всего"	"1"	"4 438"
"Общая площадь введенных в эксплуатацию жилых зданий(Метр квадратный)"	"2021 год"	"202112"	"САРКАНДСКИЙ РАЙОН"	"4282"	"городская местность"	"2"	"Всего"	"1"	"Всего"	"1"	"Всего"	"1"	"8 913"
"Общая площадь введенных в эксплуатацию жилых зданий(Метр квадратный)"	"2022 год"	"202212"	"САРКАНДСКИЙ РАЙОН"	"4282"	"городская местность"	"2"	"Всего"	"1"	"Всего"	"1"	"Всего"	"1"	"6 913"
"Общая площадь введенных в эксплуатацию жилых зданий(Метр квадратный)"	"2016 год"	"201612"	"САРКАНДСКИЙ РАЙОН"	"4282"	"сельская местность"	"3"	"Всего"	"1"	"Всего"	"1"	"Всего"	"1"	"2 076"
"Общая площадь введенных в эксплуатацию жилых зданий(Метр квадратный)"	"2020 год"	"202012"	"САРКАНДСКИЙ РАЙОН"	"4282"	"сельская местность"	"3"	"Всего"	"1"	"Всего"	"1"	"Всего"	"1"	"2 475"
"Общая площадь введенных в эксплуатацию жилых зданий(Метр квадратный)"	"2014 год"	"201412"	"САРКАНДСКИЙ РАЙОН"	"4282"	"сельская местность"	"3"	"Всего"	"1"	"Всего"	"1"	"Всего"	"1"	"865"
"Общая площадь введенных в эксплуатацию жилых зданий(Метр квадратный)"	"2019 год"	"201912"	"САРКАНДСКИЙ РАЙОН"	"4282"	"сельская местность"	"3"	"Всего"	"1"	"Всего"	"1"	"Всего"	"1"	"1 860"
"Общая площадь введенных в эксплуатацию жилых зданий(Метр квадратный)"	"2015 год"	"201512"	"САРКАНДСКИЙ РАЙОН"	"4282"	"сельская местность"	"3"	"Всего"	"1"	"Всего"	"1"	"Всего"	"1"	"708"
"Общая площадь введенных в эксплуатацию жилых зданий(Метр квадратный)"	"2017 год"	"201712"	"САРКАНДСКИЙ РАЙОН"	"4282"	"сельская местность"	"3"	"Всего"	"1"	"Всего"	"1"	"Всего"	"1"	"1 405"
"Общая площадь введенных в эксплуатацию жилых зданий(Метр квадратный)"	"2018 год"	"201812"	"САРКАНДСКИЙ РАЙОН"	"4282"	"сельская местность"	"3"	"Всего"	"1"	"Всего"	"1"	"Всего"	"1"	"1 435"
"Общая площадь введенных в эксплуатацию жилых зданий(Метр квадратный)"	"2021 год"	"202112"	"САРКАНДСКИЙ РАЙОН"	"4282"	"сельская местность"	"3"	"Всего"	"1"	"Всего"	"1"	"Всего"	"1"	"1 981"
"Общая площадь введенных в эксплуатацию жилых зданий(Метр квадратный)"	"2022 год"	"202212"	"САРКАНДСКИЙ РАЙОН"	"4282"	"сельская местность"	"3"	"Всего"	"1"	"Всего"	"1"	"Всего"	"1"	"3 476"
"Общая площадь введенных в эксплуатацию жилых зданий(Метр квадратный)"	"2016 год"	"201612"	"ТАЛГАРСКИЙ РАЙОН"	"4378"	"Всего"	"1"	"Всего"	"1"	"Всего"	"1"	"Всего"	"1"	"230 048"
"Общая площадь введенных в эксплуатацию жилых зданий(Метр квадратный)"	"2020 год"	"202012"	"ТАЛГАРСКИЙ РАЙОН"	"4378"	"Всего"	"1"	"Всего"	"1"	"Всего"	"1"	"Всего"	"1"	"233 828"
"Общая площадь введенных в эксплуатацию жилых зданий(Метр квадратный)"	"2014 год"	"201412"	"ТАЛГАРСКИЙ РАЙОН"	"4378"	"Всего"	"1"	"Всего"	"1"	"Всего"	"1"	"Всего"	"1"	"127 805"
"Общая площадь введенных в эксплуатацию жилых зданий(Метр квадратный)"	"2019 год"	"201912"	"ТАЛГАРСКИЙ РАЙОН"	"4378"	"Всего"	"1"	"Всего"	"1"	"Всего"	"1"	"Всего"	"1"	"225 372"
"Общая площадь введенных в эксплуатацию жилых зданий(Метр квадратный)"	"2015 год"	"201512"	"ТАЛГАРСКИЙ РАЙОН"	"4378"	"Всего"	"1"	"Всего"	"1"	"Всего"	"1"	"Всего"	"1"	"191 083"
"Общая площадь введенных в эксплуатацию жилых зданий(Метр квадратный)"	"2017 год"	"201712"	"ТАЛГАРСКИЙ РАЙОН"	"4378"	"Всего"	"1"	"Всего"	"1"	"Всего"	"1"	"Всего"	"1"	"125 296"
"Общая площадь введенных в эксплуатацию жилых зданий(Метр квадратный)"	"2018 год"	"201812"	"ТАЛГАРСКИЙ РАЙОН"	"4378"	"Всего"	"1"	"Всего"	"1"	"Всего"	"1"	"Всего"	"1"	"141 862"
"Общая площадь введенных в эксплуатацию жилых зданий(Метр квадратный)"	"2021 год"	"202112"	"ТАЛГАРСКИЙ РАЙОН"	"4378"	"Всего"	"1"	"Всего"	"1"	"Всего"	"1"	"Всего"	"1"	"234 468"
"Общая площадь введенных в эксплуатацию жилых зданий(Метр квадратный)"	"2022 год"	"202212"	"ТАЛГАРСКИЙ РАЙОН"	"4378"	"Всего"	"1"	"Всего"	"1"	"Всего"	"1"	"Всего"	"1"	"246 598"
"Общая площадь введенных в эксплуатацию жилых зданий(Метр квадратный)"	"2016 год"	"201612"	"ТАЛГАРСКИЙ РАЙОН"	"4378"	"городская местность"	"2"	"Всего"	"1"	"Всего"	"1"	"Всего"	"1"	"28 946"
"Общая площадь введенных в эксплуатацию жилых зданий(Метр квадратный)"	"2020 год"	"202012"	"ТАЛГАРСКИЙ РАЙОН"	"4378"	"городская местность"	"2"	"Всего"	"1"	"Всего"	"1"	"Всего"	"1"	"36 427"
"Общая площадь введенных в эксплуатацию жилых зданий(Метр квадратный)"	"2014 год"	"201412"	"ТАЛГАРСКИЙ РАЙОН"	"4378"	"городская местность"	"2"	"Всего"	"1"	"Всего"	"1"	"Всего"	"1"	"13 214"
"Общая площадь введенных в эксплуатацию жилых зданий(Метр квадратный)"	"2019 год"	"201912"	"ТАЛГАРСКИЙ РАЙОН"	"4378"	"городская местность"	"2"	"Всего"	"1"	"Всего"	"1"	"Всего"	"1"	"16 012"
"Общая площадь введенных в эксплуатацию жилых зданий(Метр квадратный)"	"2015 год"	"201512"	"ТАЛГАРСКИЙ РАЙОН"	"4378"	"городская местность"	"2"	"Всего"	"1"	"Всего"	"1"	"Всего"	"1"	"28 131"
"Общая площадь введенных в эксплуатацию жилых зданий(Метр квадратный)"	"2018 год"	"201812"	"ТАЛГАРСКИЙ РАЙОН"	"4378"	"городская местность"	"2"	"Всего"	"1"	"Всего"	"1"	"Всего"	"1"	"9 797"
"Общая площадь введенных в эксплуатацию жилых зданий(Метр квадратный)"	"2017 год"	"201712"	"ТАЛГАРСКИЙ РАЙОН"	"4378"	"городская местность"	"2"	"Всего"	"1"	"Всего"	"1"	"Всего"	"1"	"12 741"
"Общая площадь введенных в эксплуатацию жилых зданий(Метр квадратный)"	"2021 год"	"202112"	"ТАЛГАРСКИЙ РАЙОН"	"4378"	"городская местность"	"2"	"Всего"	"1"	"Всего"	"1"	"Всего"	"1"	"10 655"
"Общая площадь введенных в эксплуатацию жилых зданий(Метр квадратный)"	"2022 год"	"202212"	"ТАЛГАРСКИЙ РАЙОН"	"4378"	"городская местность"	"2"	"Всего"	"1"	"Всего"	"1"	"Всего"	"1"	"13 952"
"Общая площадь введенных в эксплуатацию жилых зданий(Метр квадратный)"	"2016 год"	"201612"	"ТАЛГАРСКИЙ РАЙОН"	"4378"	"сельская местность"	"3"	"Всего"	"1"	"Всего"	"1"	"Всего"	"1"	"201 102"
"Общая площадь введенных в эксплуатацию жилых зданий(Метр квадратный)"	"2020 год"	"202012"	"ТАЛГАРСКИЙ РАЙОН"	"4378"	"сельская местность"	"3"	"Всего"	"1"	"Всего"	"1"	"Всего"	"1"	"197 401"
"Общая площадь введенных в эксплуатацию жилых зданий(Метр квадратный)"	"2014 год"	"201412"	"ТАЛГАРСКИЙ РАЙОН"	"4378"	"сельская местность"	"3"	"Всего"	"1"	"Всего"	"1"	"Всего"	"1"	"114 591"
"Общая площадь введенных в эксплуатацию жилых зданий(Метр квадратный)"	"2019 год"	"201912"	"ТАЛГАРСКИЙ РАЙОН"	"4378"	"сельская местность"	"3"	"Всего"	"1"	"Всего"	"1"	"Всего"	"1"	"209 360"
"Общая площадь введенных в эксплуатацию жилых зданий(Метр квадратный)"	"2015 год"	"201512"	"ТАЛГАРСКИЙ РАЙОН"	"4378"	"сельская местность"	"3"	"Всего"	"1"	"Всего"	"1"	"Всего"	"1"	"162 952"
"Общая площадь введенных в эксплуатацию жилых зданий(Метр квадратный)"	"2017 год"	"201712"	"ТАЛГАРСКИЙ РАЙОН"	"4378"	"сельская местность"	"3"	"Всего"	"1"	"Всего"	"1"	"Всего"	"1"	"112 555"
"Общая площадь введенных в эксплуатацию жилых зданий(Метр квадратный)"	"2018 год"	"201812"	"ТАЛГАРСКИЙ РАЙОН"	"4378"	"сельская местность"	"3"	"Всего"	"1"	"Всего"	"1"	"Всего"	"1"	"132 065"
"Общая площадь введенных в эксплуатацию жилых зданий(Метр квадратный)"	"2021 год"	"202112"	"ТАЛГАРСКИЙ РАЙОН"	"4378"	"сельская местность"	"3"	"Всего"	"1"	"Всего"	"1"	"Всего"	"1"	"223 813"
"Общая площадь введенных в эксплуатацию жилых зданий(Метр квадратный)"	"2022 год"	"202212"	"ТАЛГАРСКИЙ РАЙОН"	"4378"	"сельская местность"	"3"	"Всего"	"1"	"Всего"	"1"	"Всего"	"1"	"232 646"
"Общая площадь введенных в эксплуатацию жилых зданий(Метр квадратный)"	"2016 год"	"201612"	"ЕСКЕЛЬДИНСКИЙ РАЙОН"	"4491"	"Всего"	"1"	"Всего"	"1"	"Всего"	"1"	"Всего"	"1"	"9 100"
"Общая площадь введенных в эксплуатацию жилых зданий(Метр квадратный)"	"2020 год"	"202012"	"ЕСКЕЛЬДИНСКИЙ РАЙОН"	"4491"	"Всего"	"1"	"Всего"	"1"	"Всего"	"1"	"Всего"	"1"	"6 598"
"Общая площадь введенных в эксплуатацию жилых зданий(Метр квадратный)"	"2014 год"	"201412"	"ЕСКЕЛЬДИНСКИЙ РАЙОН"	"4491"	"Всего"	"1"	"Всего"	"1"	"Всего"	"1"	"Всего"	"1"	"4 286"
"Общая площадь введенных в эксплуатацию жилых зданий(Метр квадратный)"	"2019 год"	"201912"	"ЕСКЕЛЬДИНСКИЙ РАЙОН"	"4491"	"Всего"	"1"	"Всего"	"1"	"Всего"	"1"	"Всего"	"1"	"12 786"
"Общая площадь введенных в эксплуатацию жилых зданий(Метр квадратный)"	"2015 год"	"201512"	"ЕСКЕЛЬДИНСКИЙ РАЙОН"	"4491"	"Всего"	"1"	"Всего"	"1"	"Всего"	"1"	"Всего"	"1"	"4 416"
"Общая площадь введенных в эксплуатацию жилых зданий(Метр квадратный)"	"2017 год"	"201712"	"ЕСКЕЛЬДИНСКИЙ РАЙОН"	"4491"	"Всего"	"1"	"Всего"	"1"	"Всего"	"1"	"Всего"	"1"	"4 923"
"Общая площадь введенных в эксплуатацию жилых зданий(Метр квадратный)"	"2018 год"	"201812"	"ЕСКЕЛЬДИНСКИЙ РАЙОН"	"4491"	"Всего"	"1"	"Всего"	"1"	"Всего"	"1"	"Всего"	"1"	"6 446"
"Общая площадь введенных в эксплуатацию жилых зданий(Метр квадратный)"	"2021 год"	"202112"	"ЕСКЕЛЬДИНСКИЙ РАЙОН"	"4491"	"Всего"	"1"	"Всего"	"1"	"Всего"	"1"	"Всего"	"1"	"10 883"
"Общая площадь введенных в эксплуатацию жилых зданий(Метр квадратный)"	"2022 год"	"202212"	"ЕСКЕЛЬДИНСКИЙ РАЙОН"	"4491"	"Всего"	"1"	"Всего"	"1"	"Всего"	"1"	"Всего"	"1"	"9 338"
"Общая площадь введенных в эксплуатацию жилых зданий(Метр квадратный)"	"2016 год"	"201612"	"ЕСКЕЛЬДИНСКИЙ РАЙОН"	"4491"	"сельская местность"	"3"	"Всего"	"1"	"Всего"	"1"	"Всего"	"1"	"9 100"
"Общая площадь введенных в эксплуатацию жилых зданий(Метр квадратный)"	"2020 год"	"202012"	"ЕСКЕЛЬДИНСКИЙ РАЙОН"	"4491"	"сельская местность"	"3"	"Всего"	"1"	"Всего"	"1"	"Всего"	"1"	"6 598"
"Общая площадь введенных в эксплуатацию жилых зданий(Метр квадратный)"	"2014 год"	"201412"	"ЕСКЕЛЬДИНСКИЙ РАЙОН"	"4491"	"сельская местность"	"3"	"Всего"	"1"	"Всего"	"1"	"Всего"	"1"	"4 286"
"Общая площадь введенных в эксплуатацию жилых зданий(Метр квадратный)"	"2019 год"	"201912"	"ЕСКЕЛЬДИНСКИЙ РАЙОН"	"4491"	"сельская местность"	"3"	"Всего"	"1"	"Всего"	"1"	"Всего"	"1"	"12 786"
"Общая площадь введенных в эксплуатацию жилых зданий(Метр квадратный)"	"2015 год"	"201512"	"ЕСКЕЛЬДИНСКИЙ РАЙОН"	"4491"	"сельская местность"	"3"	"Всего"	"1"	"Всего"	"1"	"Всего"	"1"	"4 416"
"Общая площадь введенных в эксплуатацию жилых зданий(Метр квадратный)"	"2017 год"	"201712"	"ЕСКЕЛЬДИНСКИЙ РАЙОН"	"4491"	"сельская местность"	"3"	"Всего"	"1"	"Всего"	"1"	"Всего"	"1"	"4 923"
"Общая площадь введенных в эксплуатацию жилых зданий(Метр квадратный)"	"2018 год"	"201812"	"ЕСКЕЛЬДИНСКИЙ РАЙОН"	"4491"	"сельская местность"	"3"	"Всего"	"1"	"Всего"	"1"	"Всего"	"1"	"6 446"
"Общая площадь введенных в эксплуатацию жилых зданий(Метр квадратный)"	"2021 год"	"202112"	"ЕСКЕЛЬДИНСКИЙ РАЙОН"	"4491"	"сельская местность"	"3"	"Всего"	"1"	"Всего"	"1"	"Всего"	"1"	"10 883"
"Общая площадь введенных в эксплуатацию жилых зданий(Метр квадратный)"	"2022 год"	"202212"	"ЕСКЕЛЬДИНСКИЙ РАЙОН"	"4491"	"сельская местность"	"3"	"Всего"	"1"	"Всего"	"1"	"Всего"	"1"	"9 338"
"Общая площадь введенных в эксплуатацию жилых зданий(Метр квадратный)"	"2016 год"	"201612"	"УЙГУРСКИЙ РАЙОН"	"4559"	"Всего"	"1"	"Всего"	"1"	"Всего"	"1"	"Всего"	"1"	"30 646"
"Общая площадь введенных в эксплуатацию жилых зданий(Метр квадратный)"	"2020 год"	"202012"	"УЙГУРСКИЙ РАЙОН"	"4559"	"Всего"	"1"	"Всего"	"1"	"Всего"	"1"	"Всего"	"1"	"6 720"
"Общая площадь введенных в эксплуатацию жилых зданий(Метр квадратный)"	"2014 год"	"201412"	"УЙГУРСКИЙ РАЙОН"	"4559"	"Всего"	"1"	"Всего"	"1"	"Всего"	"1"	"Всего"	"1"	"4 988"
"Общая площадь введенных в эксплуатацию жилых зданий(Метр квадратный)"	"2019 год"	"201912"	"УЙГУРСКИЙ РАЙОН"	"4559"	"Всего"	"1"	"Всего"	"1"	"Всего"	"1"	"Всего"	"1"	"5 657"
"Общая площадь введенных в эксплуатацию жилых зданий(Метр квадратный)"	"2015 год"	"201512"	"УЙГУРСКИЙ РАЙОН"	"4559"	"Всего"	"1"	"Всего"	"1"	"Всего"	"1"	"Всего"	"1"	"14 977"
"Общая площадь введенных в эксплуатацию жилых зданий(Метр квадратный)"	"2017 год"	"201712"	"УЙГУРСКИЙ РАЙОН"	"4559"	"Всего"	"1"	"Всего"	"1"	"Всего"	"1"	"Всего"	"1"	"2 410"
"Общая площадь введенных в эксплуатацию жилых зданий(Метр квадратный)"	"2018 год"	"201812"	"УЙГУРСКИЙ РАЙОН"	"4559"	"Всего"	"1"	"Всего"	"1"	"Всего"	"1"	"Всего"	"1"	"5 759"
"Общая площадь введенных в эксплуатацию жилых зданий(Метр квадратный)"	"2021 год"	"202112"	"УЙГУРСКИЙ РАЙОН"	"4559"	"Всего"	"1"	"Всего"	"1"	"Всего"	"1"	"Всего"	"1"	"8 539"
"Общая площадь введенных в эксплуатацию жилых зданий(Метр квадратный)"	"2022 год"	"202212"	"УЙГУРСКИЙ РАЙОН"	"4559"	"Всего"	"1"	"Всего"	"1"	"Всего"	"1"	"Всего"	"1"	"10 728"
"Общая площадь введенных в эксплуатацию жилых зданий(Метр квадратный)"	"2016 год"	"201612"	"УЙГУРСКИЙ РАЙОН"	"4559"	"сельская местность"	"3"	"Всего"	"1"	"Всего"	"1"	"Всего"	"1"	"30 646"
"Общая площадь введенных в эксплуатацию жилых зданий(Метр квадратный)"	"2020 год"	"202012"	"УЙГУРСКИЙ РАЙОН"	"4559"	"сельская местность"	"3"	"Всего"	"1"	"Всего"	"1"	"Всего"	"1"	"6 720"
"Общая площадь введенных в эксплуатацию жилых зданий(Метр квадратный)"	"2014 год"	"201412"	"УЙГУРСКИЙ РАЙОН"	"4559"	"сельская местность"	"3"	"Всего"	"1"	"Всего"	"1"	"Всего"	"1"	"4 988"
"Общая площадь введенных в эксплуатацию жилых зданий(Метр квадратный)"	"2019 год"	"201912"	"УЙГУРСКИЙ РАЙОН"	"4559"	"сельская местность"	"3"	"Всего"	"1"	"Всего"	"1"	"Всего"	"1"	"5 657"
"Общая площадь введенных в эксплуатацию жилых зданий(Метр квадратный)"	"2015 год"	"201512"	"УЙГУРСКИЙ РАЙОН"	"4559"	"сельская местность"	"3"	"Всего"	"1"	"Всего"	"1"	"Всего"	"1"	"14 977"
"Общая площадь введенных в эксплуатацию жилых зданий(Метр квадратный)"	"2017 год"	"201712"	"УЙГУРСКИЙ РАЙОН"	"4559"	"сельская местность"	"3"	"Всего"	"1"	"Всего"	"1"	"Всего"	"1"	"2 410"
"Общая площадь введенных в эксплуатацию жилых зданий(Метр квадратный)"	"2018 год"	"201812"	"УЙГУРСКИЙ РАЙОН"	"4559"	"сельская местность"	"3"	"Всего"	"1"	"Всего"	"1"	"Всего"	"1"	"5 759"
"Общая площадь введенных в эксплуатацию жилых зданий(Метр квадратный)"	"2021 год"	"202112"	"УЙГУРСКИЙ РАЙОН"	"4559"	"сельская местность"	"3"	"Всего"	"1"	"Всего"	"1"	"Всего"	"1"	"8 539"
"Общая площадь введенных в эксплуатацию жилых зданий(Метр квадратный)"	"2022 год"	"202212"	"УЙГУРСКИЙ РАЙОН"	"4559"	"сельская местность"	"3"	"Всего"	"1"	"Всего"	"1"	"Всего"	"1"	"10 728"
"Общая площадь введенных в эксплуатацию жилых зданий(Метр квадратный)"	"2016 год"	"201612"	"ИЛИЙСКИЙ РАЙОН"	"4616"	"Всего"	"1"	"Всего"	"1"	"Всего"	"1"	"Всего"	"1"	"84 571"
"Общая площадь введенных в эксплуатацию жилых зданий(Метр квадратный)"	"2020 год"	"202012"	"ИЛИЙСКИЙ РАЙОН"	"4616"	"Всего"	"1"	"Всего"	"1"	"Всего"	"1"	"Всего"	"1"	"157 294"
"Общая площадь введенных в эксплуатацию жилых зданий(Метр квадратный)"	"2014 год"	"201412"	"ИЛИЙСКИЙ РАЙОН"	"4616"	"Всего"	"1"	"Всего"	"1"	"Всего"	"1"	"Всего"	"1"	"64 740"
"Общая площадь введенных в эксплуатацию жилых зданий(Метр квадратный)"	"2019 год"	"201912"	"ИЛИЙСКИЙ РАЙОН"	"4616"	"Всего"	"1"	"Всего"	"1"	"Всего"	"1"	"Всего"	"1"	"144 524"
"Общая площадь введенных в эксплуатацию жилых зданий(Метр квадратный)"	"2015 год"	"201512"	"ИЛИЙСКИЙ РАЙОН"	"4616"	"Всего"	"1"	"Всего"	"1"	"Всего"	"1"	"Всего"	"1"	"81 890"
"Общая площадь введенных в эксплуатацию жилых зданий(Метр квадратный)"	"2017 год"	"201712"	"ИЛИЙСКИЙ РАЙОН"	"4616"	"Всего"	"1"	"Всего"	"1"	"Всего"	"1"	"Всего"	"1"	"86 231"
"Общая площадь введенных в эксплуатацию жилых зданий(Метр квадратный)"	"2018 год"	"201812"	"ИЛИЙСКИЙ РАЙОН"	"4616"	"Всего"	"1"	"Всего"	"1"	"Всего"	"1"	"Всего"	"1"	"132 382"
"Общая площадь введенных в эксплуатацию жилых зданий(Метр квадратный)"	"2021 год"	"202112"	"ИЛИЙСКИЙ РАЙОН"	"4616"	"Всего"	"1"	"Всего"	"1"	"Всего"	"1"	"Всего"	"1"	"159 289"
"Общая площадь введенных в эксплуатацию жилых зданий(Метр квадратный)"	"2022 год"	"202212"	"ИЛИЙСКИЙ РАЙОН"	"4616"	"Всего"	"1"	"Всего"	"1"	"Всего"	"1"	"Всего"	"1"	"165 822"
"Общая площадь введенных в эксплуатацию жилых зданий(Метр квадратный)"	"2016 год"	"201612"	"ИЛИЙСКИЙ РАЙОН"	"4616"	"сельская местность"	"3"	"Всего"	"1"	"Всего"	"1"	"Всего"	"1"	"84 571"
"Общая площадь введенных в эксплуатацию жилых зданий(Метр квадратный)"	"2020 год"	"202012"	"ИЛИЙСКИЙ РАЙОН"	"4616"	"сельская местность"	"3"	"Всего"	"1"	"Всего"	"1"	"Всего"	"1"	"157 294"
"Общая площадь введенных в эксплуатацию жилых зданий(Метр квадратный)"	"2014 год"	"201412"	"ИЛИЙСКИЙ РАЙОН"	"4616"	"сельская местность"	"3"	"Всего"	"1"	"Всего"	"1"	"Всего"	"1"	"64 740"
"Общая площадь введенных в эксплуатацию жилых зданий(Метр квадратный)"	"2019 год"	"201912"	"ИЛИЙСКИЙ РАЙОН"	"4616"	"сельская местность"	"3"	"Всего"	"1"	"Всего"	"1"	"Всего"	"1"	"144 524"
"Общая площадь введенных в эксплуатацию жилых зданий(Метр квадратный)"	"2015 год"	"201512"	"ИЛИЙСКИЙ РАЙОН"	"4616"	"сельская местность"	"3"	"Всего"	"1"	"Всего"	"1"	"Всего"	"1"	"81 890"
"Общая площадь введенных в эксплуатацию жилых зданий(Метр квадратный)"	"2017 год"	"201712"	"ИЛИЙСКИЙ РАЙОН"	"4616"	"сельская местность"	"3"	"Всего"	"1"	"Всего"	"1"	"Всего"	"1"	"86 231"
"Общая площадь введенных в эксплуатацию жилых зданий(Метр квадратный)"	"2018 год"	"201812"	"ИЛИЙСКИЙ РАЙОН"	"4616"	"сельская местность"	"3"	"Всего"	"1"	"Всего"	"1"	"Всего"	"1"	"132 382"
"Общая площадь введенных в эксплуатацию жилых зданий(Метр квадратный)"	"2021 год"	"202112"	"ИЛИЙСКИЙ РАЙОН"	"4616"	"сельская местность"	"3"	"Всего"	"1"	"Всего"	"1"	"Всего"	"1"	"159 289"
"Общая площадь введенных в эксплуатацию жилых зданий(Метр квадратный)"	"2022 год"	"202212"	"ИЛИЙСКИЙ РАЙОН"	"4616"	"сельская местность"	"3"	"Всего"	"1"	"Всего"	"1"	"Всего"	"1"	"165 822"
"Общая площадь введенных в эксплуатацию жилых зданий(Метр квадратный)"	"2016 год"	"201612"	"АТЫРАУСКАЯ ОБЛАСТЬ"	"4711"	"Всего"	"1"	"Всего"	"1"	"Всего"	"1"	"Всего"	"1"	"558 599"
"Общая площадь введенных в эксплуатацию жилых зданий(Метр квадратный)"	"2020 год"	"202012"	"АТЫРАУСКАЯ ОБЛАСТЬ"	"4711"	"Всего"	"1"	"Всего"	"1"	"Всего"	"1"	"Всего"	"1"	"836 547"
"Общая площадь введенных в эксплуатацию жилых зданий(Метр квадратный)"	"2014 год"	"201412"	"АТЫРАУСКАЯ ОБЛАСТЬ"	"4711"	"Всего"	"1"	"Всего"	"1"	"Всего"	"1"	"Всего"	"1"	"522 308"
"Общая площадь введенных в эксплуатацию жилых зданий(Метр квадратный)"	"2019 год"	"201912"	"АТЫРАУСКАЯ ОБЛАСТЬ"	"4711"	"Всего"	"1"	"Всего"	"1"	"Всего"	"1"	"Всего"	"1"	"933 669"
"Общая площадь введенных в эксплуатацию жилых зданий(Метр квадратный)"	"2015 год"	"201512"	"АТЫРАУСКАЯ ОБЛАСТЬ"	"4711"	"Всего"	"1"	"Всего"	"1"	"Всего"	"1"	"Всего"	"1"	"549 998"
"Общая площадь введенных в эксплуатацию жилых зданий(Метр квадратный)"	"2017 год"	"201712"	"АТЫРАУСКАЯ ОБЛАСТЬ"	"4711"	"Всего"	"1"	"Всего"	"1"	"Всего"	"1"	"Всего"	"1"	"624 145"
"Общая площадь введенных в эксплуатацию жилых зданий(Метр квадратный)"	"2018 год"	"201812"	"АТЫРАУСКАЯ ОБЛАСТЬ"	"4711"	"Всего"	"1"	"Всего"	"1"	"Всего"	"1"	"Всего"	"1"	"793 890"
"Общая площадь введенных в эксплуатацию жилых зданий(Метр квадратный)"	"2021 год"	"202112"	"АТЫРАУСКАЯ ОБЛАСТЬ"	"4711"	"Всего"	"1"	"Всего"	"1"	"Всего"	"1"	"Всего"	"1"	"900 607"
"Общая площадь введенных в эксплуатацию жилых зданий(Метр квадратный)"	"2022 год"	"202212"	"АТЫРАУСКАЯ ОБЛАСТЬ"	"4711"	"Всего"	"1"	"Всего"	"1"	"Всего"	"1"	"Всего"	"1"	"830 759"
"Общая площадь введенных в эксплуатацию жилых зданий(Метр квадратный)"	"2016 год"	"201612"	"АТЫРАУСКАЯ ОБЛАСТЬ"	"4711"	"городская местность"	"2"	"Всего"	"1"	"Всего"	"1"	"Всего"	"1"	"242 148"
"Общая площадь введенных в эксплуатацию жилых зданий(Метр квадратный)"	"2020 год"	"202012"	"АТЫРАУСКАЯ ОБЛАСТЬ"	"4711"	"городская местность"	"2"	"Всего"	"1"	"Всего"	"1"	"Всего"	"1"	"503 381"
"Общая площадь введенных в эксплуатацию жилых зданий(Метр квадратный)"	"2014 год"	"201412"	"АТЫРАУСКАЯ ОБЛАСТЬ"	"4711"	"городская местность"	"2"	"Всего"	"1"	"Всего"	"1"	"Всего"	"1"	"286 213"
"Общая площадь введенных в эксплуатацию жилых зданий(Метр квадратный)"	"2019 год"	"201912"	"АТЫРАУСКАЯ ОБЛАСТЬ"	"4711"	"городская местность"	"2"	"Всего"	"1"	"Всего"	"1"	"Всего"	"1"	"544 153"
"Общая площадь введенных в эксплуатацию жилых зданий(Метр квадратный)"	"2015 год"	"201512"	"АТЫРАУСКАЯ ОБЛАСТЬ"	"4711"	"городская местность"	"2"	"Всего"	"1"	"Всего"	"1"	"Всего"	"1"	"260 452"
"Общая площадь введенных в эксплуатацию жилых зданий(Метр квадратный)"	"2017 год"	"201712"	"АТЫРАУСКАЯ ОБЛАСТЬ"	"4711"	"городская местность"	"2"	"Всего"	"1"	"Всего"	"1"	"Всего"	"1"	"351 095"
"Общая площадь введенных в эксплуатацию жилых зданий(Метр квадратный)"	"2018 год"	"201812"	"АТЫРАУСКАЯ ОБЛАСТЬ"	"4711"	"городская местность"	"2"	"Всего"	"1"	"Всего"	"1"	"Всего"	"1"	"406 263"
"Общая площадь введенных в эксплуатацию жилых зданий(Метр квадратный)"	"2021 год"	"202112"	"АТЫРАУСКАЯ ОБЛАСТЬ"	"4711"	"городская местность"	"2"	"Всего"	"1"	"Всего"	"1"	"Всего"	"1"	"503 746"
"Общая площадь введенных в эксплуатацию жилых зданий(Метр квадратный)"	"2022 год"	"202212"	"АТЫРАУСКАЯ ОБЛАСТЬ"	"4711"	"городская местность"	"2"	"Всего"	"1"	"Всего"	"1"	"Всего"	"1"	"542 522"
"Общая площадь введенных в эксплуатацию жилых зданий(Метр квадратный)"	"2016 год"	"201612"	"АТЫРАУСКАЯ ОБЛАСТЬ"	"4711"	"сельская местность"	"3"	"Всего"	"1"	"Всего"	"1"	"Всего"	"1"	"316 451"
"Общая площадь введенных в эксплуатацию жилых зданий(Метр квадратный)"	"2020 год"	"202012"	"АТЫРАУСКАЯ ОБЛАСТЬ"	"4711"	"сельская местность"	"3"	"Всего"	"1"	"Всего"	"1"	"Всего"	"1"	"333 166"
"Общая площадь введенных в эксплуатацию жилых зданий(Метр квадратный)"	"2014 год"	"201412"	"АТЫРАУСКАЯ ОБЛАСТЬ"	"4711"	"сельская местность"	"3"	"Всего"	"1"	"Всего"	"1"	"Всего"	"1"	"236 095"
"Общая площадь введенных в эксплуатацию жилых зданий(Метр квадратный)"	"2019 год"	"201912"	"АТЫРАУСКАЯ ОБЛАСТЬ"	"4711"	"сельская местность"	"3"	"Всего"	"1"	"Всего"	"1"	"Всего"	"1"	"389 516"
"Общая площадь введенных в эксплуатацию жилых зданий(Метр квадратный)"	"2015 год"	"201512"	"АТЫРАУСКАЯ ОБЛАСТЬ"	"4711"	"сельская местность"	"3"	"Всего"	"1"	"Всего"	"1"	"Всего"	"1"	"289 546"
"Общая площадь введенных в эксплуатацию жилых зданий(Метр квадратный)"	"2017 год"	"201712"	"АТЫРАУСКАЯ ОБЛАСТЬ"	"4711"	"сельская местность"	"3"	"Всего"	"1"	"Всего"	"1"	"Всего"	"1"	"273 050"
"Общая площадь введенных в эксплуатацию жилых зданий(Метр квадратный)"	"2018 год"	"201812"	"АТЫРАУСКАЯ ОБЛАСТЬ"	"4711"	"сельская местность"	"3"	"Всего"	"1"	"Всего"	"1"	"Всего"	"1"	"387 627"
"Общая площадь введенных в эксплуатацию жилых зданий(Метр квадратный)"	"2021 год"	"202112"	"АТЫРАУСКАЯ ОБЛАСТЬ"	"4711"	"сельская местность"	"3"	"Всего"	"1"	"Всего"	"1"	"Всего"	"1"	"396 861"
"Общая площадь введенных в эксплуатацию жилых зданий(Метр квадратный)"	"2022 год"	"202212"	"АТЫРАУСКАЯ ОБЛАСТЬ"	"4711"	"сельская местность"	"3"	"Всего"	"1"	"Всего"	"1"	"Всего"	"1"	"288 237"
"Общая площадь введенных в эксплуатацию жилых зданий(Метр квадратный)"	"2016 год"	"201612"	"АТЫРАУ Г.А."	"4712"	"Всего"	"1"	"Всего"	"1"	"Всего"	"1"	"Всего"	"1"	"346 439"
"Общая площадь введенных в эксплуатацию жилых зданий(Метр квадратный)"	"2020 год"	"202012"	"АТЫРАУ Г.А."	"4712"	"Всего"	"1"	"Всего"	"1"	"Всего"	"1"	"Всего"	"1"	"628 749"
"Общая площадь введенных в эксплуатацию жилых зданий(Метр квадратный)"	"2014 год"	"201412"	"АТЫРАУ Г.А."	"4712"	"Всего"	"1"	"Всего"	"1"	"Всего"	"1"	"Всего"	"1"	"360 711"
"Общая площадь введенных в эксплуатацию жилых зданий(Метр квадратный)"	"2019 год"	"201912"	"АТЫРАУ Г.А."	"4712"	"Всего"	"1"	"Всего"	"1"	"Всего"	"1"	"Всего"	"1"	"655 746"
"Общая площадь введенных в эксплуатацию жилых зданий(Метр квадратный)"	"2015 год"	"201512"	"АТЫРАУ Г.А."	"4712"	"Всего"	"1"	"Всего"	"1"	"Всего"	"1"	"Всего"	"1"	"366 309"
"Общая площадь введенных в эксплуатацию жилых зданий(Метр квадратный)"	"2017 год"	"201712"	"АТЫРАУ Г.А."	"4712"	"Всего"	"1"	"Всего"	"1"	"Всего"	"1"	"Всего"	"1"	"421 923"
"Общая площадь введенных в эксплуатацию жилых зданий(Метр квадратный)"	"2018 год"	"201812"	"АТЫРАУ Г.А."	"4712"	"Всего"	"1"	"Всего"	"1"	"Всего"	"1"	"Всего"	"1"	"568 342"
"Общая площадь введенных в эксплуатацию жилых зданий(Метр квадратный)"	"2021 год"	"202112"	"АТЫРАУ Г.А."	"4712"	"Всего"	"1"	"Всего"	"1"	"Всего"	"1"	"Всего"	"1"	"669 119"
"Общая площадь введенных в эксплуатацию жилых зданий(Метр квадратный)"	"2022 год"	"202212"	"АТЫРАУ Г.А."	"4712"	"Всего"	"1"	"Всего"	"1"	"Всего"	"1"	"Всего"	"1"	"659 410"
"Общая площадь введенных в эксплуатацию жилых зданий(Метр квадратный)"	"2016 год"	"201612"	"АТЫРАУ Г.А."	"4712"	"городская местность"	"2"	"Всего"	"1"	"Всего"	"1"	"Всего"	"1"	"157 232"
"Общая площадь введенных в эксплуатацию жилых зданий(Метр квадратный)"	"2020 год"	"202012"	"АТЫРАУ Г.А."	"4712"	"городская местность"	"2"	"Всего"	"1"	"Всего"	"1"	"Всего"	"1"	"432 766"
"Общая площадь введенных в эксплуатацию жилых зданий(Метр квадратный)"	"2014 год"	"201412"	"АТЫРАУ Г.А."	"4712"	"городская местность"	"2"	"Всего"	"1"	"Всего"	"1"	"Всего"	"1"	"211 952"
"Общая площадь введенных в эксплуатацию жилых зданий(Метр квадратный)"	"2019 год"	"201912"	"АТЫРАУ Г.А."	"4712"	"городская местность"	"2"	"Всего"	"1"	"Всего"	"1"	"Всего"	"1"	"454 671"
"Общая площадь введенных в эксплуатацию жилых зданий(Метр квадратный)"	"2015 год"	"201512"	"АТЫРАУ Г.А."	"4712"	"городская местность"	"2"	"Всего"	"1"	"Всего"	"1"	"Всего"	"1"	"183 241"
"Общая площадь введенных в эксплуатацию жилых зданий(Метр квадратный)"	"2017 год"	"201712"	"АТЫРАУ Г.А."	"4712"	"городская местность"	"2"	"Всего"	"1"	"Всего"	"1"	"Всего"	"1"	"284 642"
"Общая площадь введенных в эксплуатацию жилых зданий(Метр квадратный)"	"2018 год"	"201812"	"АТЫРАУ Г.А."	"4712"	"городская местность"	"2"	"Всего"	"1"	"Всего"	"1"	"Всего"	"1"	"338 613"
"Общая площадь введенных в эксплуатацию жилых зданий(Метр квадратный)"	"2021 год"	"202112"	"АТЫРАУ Г.А."	"4712"	"городская местность"	"2"	"Всего"	"1"	"Всего"	"1"	"Всего"	"1"	"442 114"
"Общая площадь введенных в эксплуатацию жилых зданий(Метр квадратный)"	"2022 год"	"202212"	"АТЫРАУ Г.А."	"4712"	"городская местность"	"2"	"Всего"	"1"	"Всего"	"1"	"Всего"	"1"	"482 627"
"Общая площадь введенных в эксплуатацию жилых зданий(Метр квадратный)"	"2016 год"	"201612"	"АТЫРАУ Г.А."	"4712"	"сельская местность"	"3"	"Всего"	"1"	"Всего"	"1"	"Всего"	"1"	"189 207"
"Общая площадь введенных в эксплуатацию жилых зданий(Метр квадратный)"	"2020 год"	"202012"	"АТЫРАУ Г.А."	"4712"	"сельская местность"	"3"	"Всего"	"1"	"Всего"	"1"	"Всего"	"1"	"195 983"
"Общая площадь введенных в эксплуатацию жилых зданий(Метр квадратный)"	"2014 год"	"201412"	"АТЫРАУ Г.А."	"4712"	"сельская местность"	"3"	"Всего"	"1"	"Всего"	"1"	"Всего"	"1"	"148 759"
"Общая площадь введенных в эксплуатацию жилых зданий(Метр квадратный)"	"2019 год"	"201912"	"АТЫРАУ Г.А."	"4712"	"сельская местность"	"3"	"Всего"	"1"	"Всего"	"1"	"Всего"	"1"	"201 075"
"Общая площадь введенных в эксплуатацию жилых зданий(Метр квадратный)"	"2015 год"	"201512"	"АТЫРАУ Г.А."	"4712"	"сельская местность"	"3"	"Всего"	"1"	"Всего"	"1"	"Всего"	"1"	"183 068"
"Общая площадь введенных в эксплуатацию жилых зданий(Метр квадратный)"	"2017 год"	"201712"	"АТЫРАУ Г.А."	"4712"	"сельская местность"	"3"	"Всего"	"1"	"Всего"	"1"	"Всего"	"1"	"137 281"
"Общая площадь введенных в эксплуатацию жилых зданий(Метр квадратный)"	"2018 год"	"201812"	"АТЫРАУ Г.А."	"4712"	"сельская местность"	"3"	"Всего"	"1"	"Всего"	"1"	"Всего"	"1"	"229 729"
"Общая площадь введенных в эксплуатацию жилых зданий(Метр квадратный)"	"2021 год"	"202112"	"АТЫРАУ Г.А."	"4712"	"сельская местность"	"3"	"Всего"	"1"	"Всего"	"1"	"Всего"	"1"	"227 005"
"Общая площадь введенных в эксплуатацию жилых зданий(Метр квадратный)"	"2022 год"	"202212"	"АТЫРАУ Г.А."	"4712"	"сельская местность"	"3"	"Всего"	"1"	"Всего"	"1"	"Всего"	"1"	"176 783"
"Общая площадь введенных в эксплуатацию жилых зданий(Метр квадратный)"	"2016 год"	"201612"	"ЖЫЛЫОЙСКИЙ РАЙОН"	"4774"	"Всего"	"1"	"Всего"	"1"	"Всего"	"1"	"Всего"	"1"	"99 433"
"Общая площадь введенных в эксплуатацию жилых зданий(Метр квадратный)"	"2020 год"	"202012"	"ЖЫЛЫОЙСКИЙ РАЙОН"	"4774"	"Всего"	"1"	"Всего"	"1"	"Всего"	"1"	"Всего"	"1"	"87 144"
"Общая площадь введенных в эксплуатацию жилых зданий(Метр квадратный)"	"2014 год"	"201412"	"ЖЫЛЫОЙСКИЙ РАЙОН"	"4774"	"Всего"	"1"	"Всего"	"1"	"Всего"	"1"	"Всего"	"1"	"82 038"
"Общая площадь введенных в эксплуатацию жилых зданий(Метр квадратный)"	"2019 год"	"201912"	"ЖЫЛЫОЙСКИЙ РАЙОН"	"4774"	"Всего"	"1"	"Всего"	"1"	"Всего"	"1"	"Всего"	"1"	"138 115"
"Общая площадь введенных в эксплуатацию жилых зданий(Метр квадратный)"	"2015 год"	"201512"	"ЖЫЛЫОЙСКИЙ РАЙОН"	"4774"	"Всего"	"1"	"Всего"	"1"	"Всего"	"1"	"Всего"	"1"	"82 380"
"Общая площадь введенных в эксплуатацию жилых зданий(Метр квадратный)"	"2017 год"	"201712"	"ЖЫЛЫОЙСКИЙ РАЙОН"	"4774"	"Всего"	"1"	"Всего"	"1"	"Всего"	"1"	"Всего"	"1"	"71 573"
"Общая площадь введенных в эксплуатацию жилых зданий(Метр квадратный)"	"2018 год"	"201812"	"ЖЫЛЫОЙСКИЙ РАЙОН"	"4774"	"Всего"	"1"	"Всего"	"1"	"Всего"	"1"	"Всего"	"1"	"76 415"
"Общая площадь введенных в эксплуатацию жилых зданий(Метр квадратный)"	"2021 год"	"202112"	"ЖЫЛЫОЙСКИЙ РАЙОН"	"4774"	"Всего"	"1"	"Всего"	"1"	"Всего"	"1"	"Всего"	"1"	"83 174"
"Общая площадь введенных в эксплуатацию жилых зданий(Метр квадратный)"	"2022 год"	"202212"	"ЖЫЛЫОЙСКИЙ РАЙОН"	"4774"	"Всего"	"1"	"Всего"	"1"	"Всего"	"1"	"Всего"	"1"	"72 230"
"Общая площадь введенных в эксплуатацию жилых зданий(Метр квадратный)"	"2016 год"	"201612"	"ЖЫЛЫОЙСКИЙ РАЙОН"	"4774"	"городская местность"	"2"	"Всего"	"1"	"Всего"	"1"	"Всего"	"1"	"84 916"
"Общая площадь введенных в эксплуатацию жилых зданий(Метр квадратный)"	"2020 год"	"202012"	"ЖЫЛЫОЙСКИЙ РАЙОН"	"4774"	"городская местность"	"2"	"Всего"	"1"	"Всего"	"1"	"Всего"	"1"	"70 615"
"Общая площадь введенных в эксплуатацию жилых зданий(Метр квадратный)"	"2014 год"	"201412"	"ЖЫЛЫОЙСКИЙ РАЙОН"	"4774"	"городская местность"	"2"	"Всего"	"1"	"Всего"	"1"	"Всего"	"1"	"74 261"
"Общая площадь введенных в эксплуатацию жилых зданий(Метр квадратный)"	"2019 год"	"201912"	"ЖЫЛЫОЙСКИЙ РАЙОН"	"4774"	"городская местность"	"2"	"Всего"	"1"	"Всего"	"1"	"Всего"	"1"	"89 482"
"Общая площадь введенных в эксплуатацию жилых зданий(Метр квадратный)"	"2015 год"	"201512"	"ЖЫЛЫОЙСКИЙ РАЙОН"	"4774"	"городская местность"	"2"	"Всего"	"1"	"Всего"	"1"	"Всего"	"1"	"77 211"
"Общая площадь введенных в эксплуатацию жилых зданий(Метр квадратный)"	"2017 год"	"201712"	"ЖЫЛЫОЙСКИЙ РАЙОН"	"4774"	"городская местность"	"2"	"Всего"	"1"	"Всего"	"1"	"Всего"	"1"	"66 453"
"Общая площадь введенных в эксплуатацию жилых зданий(Метр квадратный)"	"2018 год"	"201812"	"ЖЫЛЫОЙСКИЙ РАЙОН"	"4774"	"городская местность"	"2"	"Всего"	"1"	"Всего"	"1"	"Всего"	"1"	"67 650"
"Общая площадь введенных в эксплуатацию жилых зданий(Метр квадратный)"	"2021 год"	"202112"	"ЖЫЛЫОЙСКИЙ РАЙОН"	"4774"	"городская местность"	"2"	"Всего"	"1"	"Всего"	"1"	"Всего"	"1"	"61 632"
"Общая площадь введенных в эксплуатацию жилых зданий(Метр квадратный)"	"2022 год"	"202212"	"ЖЫЛЫОЙСКИЙ РАЙОН"	"4774"	"городская местность"	"2"	"Всего"	"1"	"Всего"	"1"	"Всего"	"1"	"59 895"
"Общая площадь введенных в эксплуатацию жилых зданий(Метр квадратный)"	"2016 год"	"201612"	"ЖЫЛЫОЙСКИЙ РАЙОН"	"4774"	"сельская местность"	"3"	"Всего"	"1"	"Всего"	"1"	"Всего"	"1"	"14 517"
"Общая площадь введенных в эксплуатацию жилых зданий(Метр квадратный)"	"2020 год"	"202012"	"ЖЫЛЫОЙСКИЙ РАЙОН"	"4774"	"сельская местность"	"3"	"Всего"	"1"	"Всего"	"1"	"Всего"	"1"	"16 529"
"Общая площадь введенных в эксплуатацию жилых зданий(Метр квадратный)"	"2014 год"	"201412"	"ЖЫЛЫОЙСКИЙ РАЙОН"	"4774"	"сельская местность"	"3"	"Всего"	"1"	"Всего"	"1"	"Всего"	"1"	"7 777"
"Общая площадь введенных в эксплуатацию жилых зданий(Метр квадратный)"	"2019 год"	"201912"	"ЖЫЛЫОЙСКИЙ РАЙОН"	"4774"	"сельская местность"	"3"	"Всего"	"1"	"Всего"	"1"	"Всего"	"1"	"48 633"
"Общая площадь введенных в эксплуатацию жилых зданий(Метр квадратный)"	"2015 год"	"201512"	"ЖЫЛЫОЙСКИЙ РАЙОН"	"4774"	"сельская местность"	"3"	"Всего"	"1"	"Всего"	"1"	"Всего"	"1"	"5 169"
"Общая площадь введенных в эксплуатацию жилых зданий(Метр квадратный)"	"2017 год"	"201712"	"ЖЫЛЫОЙСКИЙ РАЙОН"	"4774"	"сельская местность"	"3"	"Всего"	"1"	"Всего"	"1"	"Всего"	"1"	"5 120"
"Общая площадь введенных в эксплуатацию жилых зданий(Метр квадратный)"	"2018 год"	"201812"	"ЖЫЛЫОЙСКИЙ РАЙОН"	"4774"	"сельская местность"	"3"	"Всего"	"1"	"Всего"	"1"	"Всего"	"1"	"8 765"
"Общая площадь введенных в эксплуатацию жилых зданий(Метр квадратный)"	"2021 год"	"202112"	"ЖЫЛЫОЙСКИЙ РАЙОН"	"4774"	"сельская местность"	"3"	"Всего"	"1"	"Всего"	"1"	"Всего"	"1"	"21 542"
"Общая площадь введенных в эксплуатацию жилых зданий(Метр квадратный)"	"2022 год"	"202212"	"ЖЫЛЫОЙСКИЙ РАЙОН"	"4774"	"сельская местность"	"3"	"Всего"	"1"	"Всего"	"1"	"Всего"	"1"	"12 335"
"Общая площадь введенных в эксплуатацию жилых зданий(Метр квадратный)"	"2016 год"	"201612"	"ИНДЕРСКИЙ РАЙОН"	"4848"	"Всего"	"1"	"Всего"	"1"	"Всего"	"1"	"Всего"	"1"	"19 249"
"Общая площадь введенных в эксплуатацию жилых зданий(Метр квадратный)"	"2020 год"	"202012"	"ИНДЕРСКИЙ РАЙОН"	"4848"	"Всего"	"1"	"Всего"	"1"	"Всего"	"1"	"Всего"	"1"	"34 627"
"Общая площадь введенных в эксплуатацию жилых зданий(Метр квадратный)"	"2014 год"	"201412"	"ИНДЕРСКИЙ РАЙОН"	"4848"	"Всего"	"1"	"Всего"	"1"	"Всего"	"1"	"Всего"	"1"	"8 904"
"Общая площадь введенных в эксплуатацию жилых зданий(Метр квадратный)"	"2019 год"	"201912"	"ИНДЕРСКИЙ РАЙОН"	"4848"	"Всего"	"1"	"Всего"	"1"	"Всего"	"1"	"Всего"	"1"	"32 664"
"Общая площадь введенных в эксплуатацию жилых зданий(Метр квадратный)"	"2015 год"	"201512"	"ИНДЕРСКИЙ РАЙОН"	"4848"	"Всего"	"1"	"Всего"	"1"	"Всего"	"1"	"Всего"	"1"	"24 536"
"Общая площадь введенных в эксплуатацию жилых зданий(Метр квадратный)"	"2017 год"	"201712"	"ИНДЕРСКИЙ РАЙОН"	"4848"	"Всего"	"1"	"Всего"	"1"	"Всего"	"1"	"Всего"	"1"	"19 438"
"Общая площадь введенных в эксплуатацию жилых зданий(Метр квадратный)"	"2018 год"	"201812"	"ИНДЕРСКИЙ РАЙОН"	"4848"	"Всего"	"1"	"Всего"	"1"	"Всего"	"1"	"Всего"	"1"	"32 116"
"Общая площадь введенных в эксплуатацию жилых зданий(Метр квадратный)"	"2021 год"	"202112"	"ИНДЕРСКИЙ РАЙОН"	"4848"	"Всего"	"1"	"Всего"	"1"	"Всего"	"1"	"Всего"	"1"	"53 338"
"Общая площадь введенных в эксплуатацию жилых зданий(Метр квадратный)"	"2022 год"	"202212"	"ИНДЕРСКИЙ РАЙОН"	"4848"	"Всего"	"1"	"Всего"	"1"	"Всего"	"1"	"Всего"	"1"	"18 249"
"Общая площадь введенных в эксплуатацию жилых зданий(Метр квадратный)"	"2016 год"	"201612"	"ИНДЕРСКИЙ РАЙОН"	"4848"	"сельская местность"	"3"	"Всего"	"1"	"Всего"	"1"	"Всего"	"1"	"19 249"
"Общая площадь введенных в эксплуатацию жилых зданий(Метр квадратный)"	"2020 год"	"202012"	"ИНДЕРСКИЙ РАЙОН"	"4848"	"сельская местность"	"3"	"Всего"	"1"	"Всего"	"1"	"Всего"	"1"	"34 627"
"Общая площадь введенных в эксплуатацию жилых зданий(Метр квадратный)"	"2014 год"	"201412"	"ИНДЕРСКИЙ РАЙОН"	"4848"	"сельская местность"	"3"	"Всего"	"1"	"Всего"	"1"	"Всего"	"1"	"8 904"
"Общая площадь введенных в эксплуатацию жилых зданий(Метр квадратный)"	"2019 год"	"201912"	"ИНДЕРСКИЙ РАЙОН"	"4848"	"сельская местность"	"3"	"Всего"	"1"	"Всего"	"1"	"Всего"	"1"	"32 664"
"Общая площадь введенных в эксплуатацию жилых зданий(Метр квадратный)"	"2015 год"	"201512"	"ИНДЕРСКИЙ РАЙОН"	"4848"	"сельская местность"	"3"	"Всего"	"1"	"Всего"	"1"	"Всего"	"1"	"24 536"
"Общая площадь введенных в эксплуатацию жилых зданий(Метр квадратный)"	"2017 год"	"201712"	"ИНДЕРСКИЙ РАЙОН"	"4848"	"сельская местность"	"3"	"Всего"	"1"	"Всего"	"1"	"Всего"	"1"	"19 438"
"Общая площадь введенных в эксплуатацию жилых зданий(Метр квадратный)"	"2018 год"	"201812"	"ИНДЕРСКИЙ РАЙОН"	"4848"	"сельская местность"	"3"	"Всего"	"1"	"Всего"	"1"	"Всего"	"1"	"32 116"
"Общая площадь введенных в эксплуатацию жилых зданий(Метр квадратный)"	"2021 год"	"202112"	"ИНДЕРСКИЙ РАЙОН"	"4848"	"сельская местность"	"3"	"Всего"	"1"	"Всего"	"1"	"Всего"	"1"	"53 338"
"Общая площадь введенных в эксплуатацию жилых зданий(Метр квадратный)"	"2022 год"	"202212"	"ИНДЕРСКИЙ РАЙОН"	"4848"	"сельская местность"	"3"	"Всего"	"1"	"Всего"	"1"	"Всего"	"1"	"18 249"
"Общая площадь введенных в эксплуатацию жилых зданий(Метр квадратный)"	"2016 год"	"201612"	"ИСАТАЙСКИЙ РАЙОН"	"5087"	"Всего"	"1"	"Всего"	"1"	"Всего"	"1"	"Всего"	"1"	"22 270"
"Общая площадь введенных в эксплуатацию жилых зданий(Метр квадратный)"	"2020 год"	"202012"	"ИСАТАЙСКИЙ РАЙОН"	"5087"	"Всего"	"1"	"Всего"	"1"	"Всего"	"1"	"Всего"	"1"	"18 278"
"Общая площадь введенных в эксплуатацию жилых зданий(Метр квадратный)"	"2014 год"	"201412"	"ИСАТАЙСКИЙ РАЙОН"	"5087"	"Всего"	"1"	"Всего"	"1"	"Всего"	"1"	"Всего"	"1"	"15 354"
"Общая площадь введенных в эксплуатацию жилых зданий(Метр квадратный)"	"2019 год"	"201912"	"ИСАТАЙСКИЙ РАЙОН"	"5087"	"Всего"	"1"	"Всего"	"1"	"Всего"	"1"	"Всего"	"1"	"21 429"
"Общая площадь введенных в эксплуатацию жилых зданий(Метр квадратный)"	"2015 год"	"201512"	"ИСАТАЙСКИЙ РАЙОН"	"5087"	"Всего"	"1"	"Всего"	"1"	"Всего"	"1"	"Всего"	"1"	"20 023"
"Общая площадь введенных в эксплуатацию жилых зданий(Метр квадратный)"	"2017 год"	"201712"	"ИСАТАЙСКИЙ РАЙОН"	"5087"	"Всего"	"1"	"Всего"	"1"	"Всего"	"1"	"Всего"	"1"	"31 708"
"Общая площадь введенных в эксплуатацию жилых зданий(Метр квадратный)"	"2018 год"	"201812"	"ИСАТАЙСКИЙ РАЙОН"	"5087"	"Всего"	"1"	"Всего"	"1"	"Всего"	"1"	"Всего"	"1"	"22 713"
"Общая площадь введенных в эксплуатацию жилых зданий(Метр квадратный)"	"2021 год"	"202112"	"ИСАТАЙСКИЙ РАЙОН"	"5087"	"Всего"	"1"	"Всего"	"1"	"Всего"	"1"	"Всего"	"1"	"19 925"
"Общая площадь введенных в эксплуатацию жилых зданий(Метр квадратный)"	"2022 год"	"202212"	"ИСАТАЙСКИЙ РАЙОН"	"5087"	"Всего"	"1"	"Всего"	"1"	"Всего"	"1"	"Всего"	"1"	"11 153"
"Общая площадь введенных в эксплуатацию жилых зданий(Метр квадратный)"	"2016 год"	"201612"	"ИСАТАЙСКИЙ РАЙОН"	"5087"	"сельская местность"	"3"	"Всего"	"1"	"Всего"	"1"	"Всего"	"1"	"22 270"
"Общая площадь введенных в эксплуатацию жилых зданий(Метр квадратный)"	"2020 год"	"202012"	"ИСАТАЙСКИЙ РАЙОН"	"5087"	"сельская местность"	"3"	"Всего"	"1"	"Всего"	"1"	"Всего"	"1"	"18 278"
"Общая площадь введенных в эксплуатацию жилых зданий(Метр квадратный)"	"2014 год"	"201412"	"ИСАТАЙСКИЙ РАЙОН"	"5087"	"сельская местность"	"3"	"Всего"	"1"	"Всего"	"1"	"Всего"	"1"	"15 354"
"Общая площадь введенных в эксплуатацию жилых зданий(Метр квадратный)"	"2019 год"	"201912"	"ИСАТАЙСКИЙ РАЙОН"	"5087"	"сельская местность"	"3"	"Всего"	"1"	"Всего"	"1"	"Всего"	"1"	"21 429"
"Общая площадь введенных в эксплуатацию жилых зданий(Метр квадратный)"	"2015 год"	"201512"	"ИСАТАЙСКИЙ РАЙОН"	"5087"	"сельская местность"	"3"	"Всего"	"1"	"Всего"	"1"	"Всего"	"1"	"20 023"
"Общая площадь введенных в эксплуатацию жилых зданий(Метр квадратный)"	"2017 год"	"201712"	"ИСАТАЙСКИЙ РАЙОН"	"5087"	"сельская местность"	"3"	"Всего"	"1"	"Всего"	"1"	"Всего"	"1"	"31 708"
"Общая площадь введенных в эксплуатацию жилых зданий(Метр квадратный)"	"2018 год"	"201812"	"ИСАТАЙСКИЙ РАЙОН"	"5087"	"сельская местность"	"3"	"Всего"	"1"	"Всего"	"1"	"Всего"	"1"	"22 713"
"Общая площадь введенных в эксплуатацию жилых зданий(Метр квадратный)"	"2021 год"	"202112"	"ИСАТАЙСКИЙ РАЙОН"	"5087"	"сельская местность"	"3"	"Всего"	"1"	"Всего"	"1"	"Всего"	"1"	"19 925"
"Общая площадь введенных в эксплуатацию жилых зданий(Метр квадратный)"	"2022 год"	"202212"	"ИСАТАЙСКИЙ РАЙОН"	"5087"	"сельская местность"	"3"	"Всего"	"1"	"Всего"	"1"	"Всего"	"1"	"11 153"
"Общая площадь введенных в эксплуатацию жилых зданий(Метр квадратный)"	"2016 год"	"201612"	"КУРМАНГАЗИНСКИЙ РАЙОН"	"5150"	"Всего"	"1"	"Всего"	"1"	"Всего"	"1"	"Всего"	"1"	"18 971"
"Общая площадь введенных в эксплуатацию жилых зданий(Метр квадратный)"	"2020 год"	"202012"	"КУРМАНГАЗИНСКИЙ РАЙОН"	"5150"	"Всего"	"1"	"Всего"	"1"	"Всего"	"1"	"Всего"	"1"	"22 008"
"Общая площадь введенных в эксплуатацию жилых зданий(Метр квадратный)"	"2014 год"	"201412"	"КУРМАНГАЗИНСКИЙ РАЙОН"	"5150"	"Всего"	"1"	"Всего"	"1"	"Всего"	"1"	"Всего"	"1"	"9 168"
"Общая площадь введенных в эксплуатацию жилых зданий(Метр квадратный)"	"2019 год"	"201912"	"КУРМАНГАЗИНСКИЙ РАЙОН"	"5150"	"Всего"	"1"	"Всего"	"1"	"Всего"	"1"	"Всего"	"1"	"21 779"
"Общая площадь введенных в эксплуатацию жилых зданий(Метр квадратный)"	"2015 год"	"201512"	"КУРМАНГАЗИНСКИЙ РАЙОН"	"5150"	"Всего"	"1"	"Всего"	"1"	"Всего"	"1"	"Всего"	"1"	"9 266"
"Общая площадь введенных в эксплуатацию жилых зданий(Метр квадратный)"	"2017 год"	"201712"	"КУРМАНГАЗИНСКИЙ РАЙОН"	"5150"	"Всего"	"1"	"Всего"	"1"	"Всего"	"1"	"Всего"	"1"	"9 457"
"Общая площадь введенных в эксплуатацию жилых зданий(Метр квадратный)"	"2018 год"	"201812"	"КУРМАНГАЗИНСКИЙ РАЙОН"	"5150"	"Всего"	"1"	"Всего"	"1"	"Всего"	"1"	"Всего"	"1"	"11 176"
"Общая площадь введенных в эксплуатацию жилых зданий(Метр квадратный)"	"2021 год"	"202112"	"КУРМАНГАЗИНСКИЙ РАЙОН"	"5150"	"Всего"	"1"	"Всего"	"1"	"Всего"	"1"	"Всего"	"1"	"18 388"
"Общая площадь введенных в эксплуатацию жилых зданий(Метр квадратный)"	"2022 год"	"202212"	"КУРМАНГАЗИНСКИЙ РАЙОН"	"5150"	"Всего"	"1"	"Всего"	"1"	"Всего"	"1"	"Всего"	"1"	"19 411"
"Общая площадь введенных в эксплуатацию жилых зданий(Метр квадратный)"	"2016 год"	"201612"	"КУРМАНГАЗИНСКИЙ РАЙОН"	"5150"	"сельская местность"	"3"	"Всего"	"1"	"Всего"	"1"	"Всего"	"1"	"18 971"
"Общая площадь введенных в эксплуатацию жилых зданий(Метр квадратный)"	"2020 год"	"202012"	"КУРМАНГАЗИНСКИЙ РАЙОН"	"5150"	"сельская местность"	"3"	"Всего"	"1"	"Всего"	"1"	"Всего"	"1"	"22 008"
"Общая площадь введенных в эксплуатацию жилых зданий(Метр квадратный)"	"2014 год"	"201412"	"КУРМАНГАЗИНСКИЙ РАЙОН"	"5150"	"сельская местность"	"3"	"Всего"	"1"	"Всего"	"1"	"Всего"	"1"	"9 168"
"Общая площадь введенных в эксплуатацию жилых зданий(Метр квадратный)"	"2019 год"	"201912"	"КУРМАНГАЗИНСКИЙ РАЙОН"	"5150"	"сельская местность"	"3"	"Всего"	"1"	"Всего"	"1"	"Всего"	"1"	"21 779"
"Общая площадь введенных в эксплуатацию жилых зданий(Метр квадратный)"	"2015 год"	"201512"	"КУРМАНГАЗИНСКИЙ РАЙОН"	"5150"	"сельская местность"	"3"	"Всего"	"1"	"Всего"	"1"	"Всего"	"1"	"9 266"
"Общая площадь введенных в эксплуатацию жилых зданий(Метр квадратный)"	"2017 год"	"201712"	"КУРМАНГАЗИНСКИЙ РАЙОН"	"5150"	"сельская местность"	"3"	"Всего"	"1"	"Всего"	"1"	"Всего"	"1"	"9 457"
"Общая площадь введенных в эксплуатацию жилых зданий(Метр квадратный)"	"2018 год"	"201812"	"КУРМАНГАЗИНСКИЙ РАЙОН"	"5150"	"сельская местность"	"3"	"Всего"	"1"	"Всего"	"1"	"Всего"	"1"	"11 176"
"Общая площадь введенных в эксплуатацию жилых зданий(Метр квадратный)"	"2021 год"	"202112"	"КУРМАНГАЗИНСКИЙ РАЙОН"	"5150"	"сельская местность"	"3"	"Всего"	"1"	"Всего"	"1"	"Всего"	"1"	"18 388"
"Общая площадь введенных в эксплуатацию жилых зданий(Метр квадратный)"	"2022 год"	"202212"	"КУРМАНГАЗИНСКИЙ РАЙОН"	"5150"	"сельская местность"	"3"	"Всего"	"1"	"Всего"	"1"	"Всего"	"1"	"19 411"
"Общая площадь введенных в эксплуатацию жилых зданий(Метр квадратный)"	"2016 год"	"201612"	"КЗЫЛКОГИНСКИЙ РАЙОН"	"5228"	"Всего"	"1"	"Всего"	"1"	"Всего"	"1"	"Всего"	"1"	"12 047"
"Общая площадь введенных в эксплуатацию жилых зданий(Метр квадратный)"	"2020 год"	"202012"	"КЗЫЛКОГИНСКИЙ РАЙОН"	"5228"	"Всего"	"1"	"Всего"	"1"	"Всего"	"1"	"Всего"	"1"	"13 431"
"Общая площадь введенных в эксплуатацию жилых зданий(Метр квадратный)"	"2014 год"	"201412"	"КЗЫЛКОГИНСКИЙ РАЙОН"	"5228"	"Всего"	"1"	"Всего"	"1"	"Всего"	"1"	"Всего"	"1"	"10 792"
"Общая площадь введенных в эксплуатацию жилых зданий(Метр квадратный)"	"2019 год"	"201912"	"КЗЫЛКОГИНСКИЙ РАЙОН"	"5228"	"Всего"	"1"	"Всего"	"1"	"Всего"	"1"	"Всего"	"1"	"13 097"
"Общая площадь введенных в эксплуатацию жилых зданий(Метр квадратный)"	"2015 год"	"201512"	"КЗЫЛКОГИНСКИЙ РАЙОН"	"5228"	"Всего"	"1"	"Всего"	"1"	"Всего"	"1"	"Всего"	"1"	"12 395"
"Общая площадь введенных в эксплуатацию жилых зданий(Метр квадратный)"	"2017 год"	"201712"	"КЗЫЛКОГИНСКИЙ РАЙОН"	"5228"	"Всего"	"1"	"Всего"	"1"	"Всего"	"1"	"Всего"	"1"	"12 141"
"Общая площадь введенных в эксплуатацию жилых зданий(Метр квадратный)"	"2018 год"	"201812"	"КЗЫЛКОГИНСКИЙ РАЙОН"	"5228"	"Всего"	"1"	"Всего"	"1"	"Всего"	"1"	"Всего"	"1"	"11 621"
"Общая площадь введенных в эксплуатацию жилых зданий(Метр квадратный)"	"2021 год"	"202112"	"КЗЫЛКОГИНСКИЙ РАЙОН"	"5228"	"Всего"	"1"	"Всего"	"1"	"Всего"	"1"	"Всего"	"1"	"16 288"
"Общая площадь введенных в эксплуатацию жилых зданий(Метр квадратный)"	"2022 год"	"202212"	"КЗЫЛКОГИНСКИЙ РАЙОН"	"5228"	"Всего"	"1"	"Всего"	"1"	"Всего"	"1"	"Всего"	"1"	"19 123"
"Общая площадь введенных в эксплуатацию жилых зданий(Метр квадратный)"	"2016 год"	"201612"	"КЗЫЛКОГИНСКИЙ РАЙОН"	"5228"	"сельская местность"	"3"	"Всего"	"1"	"Всего"	"1"	"Всего"	"1"	"12 047"
"Общая площадь введенных в эксплуатацию жилых зданий(Метр квадратный)"	"2020 год"	"202012"	"КЗЫЛКОГИНСКИЙ РАЙОН"	"5228"	"сельская местность"	"3"	"Всего"	"1"	"Всего"	"1"	"Всего"	"1"	"13 431"
"Общая площадь введенных в эксплуатацию жилых зданий(Метр квадратный)"	"2014 год"	"201412"	"КЗЫЛКОГИНСКИЙ РАЙОН"	"5228"	"сельская местность"	"3"	"Всего"	"1"	"Всего"	"1"	"Всего"	"1"	"10 792"
"Общая площадь введенных в эксплуатацию жилых зданий(Метр квадратный)"	"2019 год"	"201912"	"КЗЫЛКОГИНСКИЙ РАЙОН"	"5228"	"сельская местность"	"3"	"Всего"	"1"	"Всего"	"1"	"Всего"	"1"	"13 097"
"Общая площадь введенных в эксплуатацию жилых зданий(Метр квадратный)"	"2015 год"	"201512"	"КЗЫЛКОГИНСКИЙ РАЙОН"	"5228"	"сельская местность"	"3"	"Всего"	"1"	"Всего"	"1"	"Всего"	"1"	"12 395"
"Общая площадь введенных в эксплуатацию жилых зданий(Метр квадратный)"	"2017 год"	"201712"	"КЗЫЛКОГИНСКИЙ РАЙОН"	"5228"	"сельская местность"	"3"	"Всего"	"1"	"Всего"	"1"	"Всего"	"1"	"12 141"
"Общая площадь введенных в эксплуатацию жилых зданий(Метр квадратный)"	"2018 год"	"201812"	"КЗЫЛКОГИНСКИЙ РАЙОН"	"5228"	"сельская местность"	"3"	"Всего"	"1"	"Всего"	"1"	"Всего"	"1"	"11 621"
"Общая площадь введенных в эксплуатацию жилых зданий(Метр квадратный)"	"2021 год"	"202112"	"КЗЫЛКОГИНСКИЙ РАЙОН"	"5228"	"сельская местность"	"3"	"Всего"	"1"	"Всего"	"1"	"Всего"	"1"	"16 288"
"Общая площадь введенных в эксплуатацию жилых зданий(Метр квадратный)"	"2022 год"	"202212"	"КЗЫЛКОГИНСКИЙ РАЙОН"	"5228"	"сельская местность"	"3"	"Всего"	"1"	"Всего"	"1"	"Всего"	"1"	"19 123"
"Общая площадь введенных в эксплуатацию жилых зданий(Метр квадратный)"	"2016 год"	"201612"	"МАКАТСКИЙ РАЙОН"	"5485"	"Всего"	"1"	"Всего"	"1"	"Всего"	"1"	"Всего"	"1"	"14 322"
"Общая площадь введенных в эксплуатацию жилых зданий(Метр квадратный)"	"2020 год"	"202012"	"МАКАТСКИЙ РАЙОН"	"5485"	"Всего"	"1"	"Всего"	"1"	"Всего"	"1"	"Всего"	"1"	"7 716"
"Общая площадь введенных в эксплуатацию жилых зданий(Метр квадратный)"	"2014 год"	"201412"	"МАКАТСКИЙ РАЙОН"	"5485"	"Всего"	"1"	"Всего"	"1"	"Всего"	"1"	"Всего"	"1"	"20 000"
"Общая площадь введенных в эксплуатацию жилых зданий(Метр квадратный)"	"2019 год"	"201912"	"МАКАТСКИЙ РАЙОН"	"5485"	"Всего"	"1"	"Всего"	"1"	"Всего"	"1"	"Всего"	"1"	"5 250"
"Общая площадь введенных в эксплуатацию жилых зданий(Метр квадратный)"	"2015 год"	"201512"	"МАКАТСКИЙ РАЙОН"	"5485"	"Всего"	"1"	"Всего"	"1"	"Всего"	"1"	"Всего"	"1"	"13 281"
"Общая площадь введенных в эксплуатацию жилых зданий(Метр квадратный)"	"2017 год"	"201712"	"МАКАТСКИЙ РАЙОН"	"5485"	"Всего"	"1"	"Всего"	"1"	"Всего"	"1"	"Всего"	"1"	"14 190"
"Общая площадь введенных в эксплуатацию жилых зданий(Метр квадратный)"	"2018 год"	"201812"	"МАКАТСКИЙ РАЙОН"	"5485"	"Всего"	"1"	"Всего"	"1"	"Всего"	"1"	"Всего"	"1"	"27 329"
"Общая площадь введенных в эксплуатацию жилых зданий(Метр квадратный)"	"2021 год"	"202112"	"МАКАТСКИЙ РАЙОН"	"5485"	"Всего"	"1"	"Всего"	"1"	"Всего"	"1"	"Всего"	"1"	"13 018"
"Общая площадь введенных в эксплуатацию жилых зданий(Метр квадратный)"	"2022 год"	"202212"	"МАКАТСКИЙ РАЙОН"	"5485"	"Всего"	"1"	"Всего"	"1"	"Всего"	"1"	"Всего"	"1"	"4 776"
"Общая площадь введенных в эксплуатацию жилых зданий(Метр квадратный)"	"2016 год"	"201612"	"МАКАТСКИЙ РАЙОН"	"5485"	"сельская местность"	"3"	"Всего"	"1"	"Всего"	"1"	"Всего"	"1"	"14 322"
"Общая площадь введенных в эксплуатацию жилых зданий(Метр квадратный)"	"2020 год"	"202012"	"МАКАТСКИЙ РАЙОН"	"5485"	"сельская местность"	"3"	"Всего"	"1"	"Всего"	"1"	"Всего"	"1"	"7 716"
"Общая площадь введенных в эксплуатацию жилых зданий(Метр квадратный)"	"2014 год"	"201412"	"МАКАТСКИЙ РАЙОН"	"5485"	"сельская местность"	"3"	"Всего"	"1"	"Всего"	"1"	"Всего"	"1"	"20 000"
"Общая площадь введенных в эксплуатацию жилых зданий(Метр квадратный)"	"2019 год"	"201912"	"МАКАТСКИЙ РАЙОН"	"5485"	"сельская местность"	"3"	"Всего"	"1"	"Всего"	"1"	"Всего"	"1"	"5 250"
"Общая площадь введенных в эксплуатацию жилых зданий(Метр квадратный)"	"2015 год"	"201512"	"МАКАТСКИЙ РАЙОН"	"5485"	"сельская местность"	"3"	"Всего"	"1"	"Всего"	"1"	"Всего"	"1"	"13 281"
"Общая площадь введенных в эксплуатацию жилых зданий(Метр квадратный)"	"2017 год"	"201712"	"МАКАТСКИЙ РАЙОН"	"5485"	"сельская местность"	"3"	"Всего"	"1"	"Всего"	"1"	"Всего"	"1"	"14 190"
"Общая площадь введенных в эксплуатацию жилых зданий(Метр квадратный)"	"2018 год"	"201812"	"МАКАТСКИЙ РАЙОН"	"5485"	"сельская местность"	"3"	"Всего"	"1"	"Всего"	"1"	"Всего"	"1"	"27 329"
"Общая площадь введенных в эксплуатацию жилых зданий(Метр квадратный)"	"2021 год"	"202112"	"МАКАТСКИЙ РАЙОН"	"5485"	"сельская местность"	"3"	"Всего"	"1"	"Всего"	"1"	"Всего"	"1"	"13 018"
"Общая площадь введенных в эксплуатацию жилых зданий(Метр квадратный)"	"2022 год"	"202212"	"МАКАТСКИЙ РАЙОН"	"5485"	"сельская местность"	"3"	"Всего"	"1"	"Всего"	"1"	"Всего"	"1"	"4 776"
"Общая площадь введенных в эксплуатацию жилых зданий(Метр квадратный)"	"2016 год"	"201612"	"МАХАМБЕТСКИЙ РАЙОН"	"5501"	"Всего"	"1"	"Всего"	"1"	"Всего"	"1"	"Всего"	"1"	"25 868"
"Общая площадь введенных в эксплуатацию жилых зданий(Метр квадратный)"	"2020 год"	"202012"	"МАХАМБЕТСКИЙ РАЙОН"	"5501"	"Всего"	"1"	"Всего"	"1"	"Всего"	"1"	"Всего"	"1"	"24 594"
"Общая площадь введенных в эксплуатацию жилых зданий(Метр квадратный)"	"2014 год"	"201412"	"МАХАМБЕТСКИЙ РАЙОН"	"5501"	"Всего"	"1"	"Всего"	"1"	"Всего"	"1"	"Всего"	"1"	"15 341"
"Общая площадь введенных в эксплуатацию жилых зданий(Метр квадратный)"	"2019 год"	"201912"	"МАХАМБЕТСКИЙ РАЙОН"	"5501"	"Всего"	"1"	"Всего"	"1"	"Всего"	"1"	"Всего"	"1"	"45 589"
"Общая площадь введенных в эксплуатацию жилых зданий(Метр квадратный)"	"2015 год"	"201512"	"МАХАМБЕТСКИЙ РАЙОН"	"5501"	"Всего"	"1"	"Всего"	"1"	"Всего"	"1"	"Всего"	"1"	"21 808"
"Общая площадь введенных в эксплуатацию жилых зданий(Метр квадратный)"	"2017 год"	"201712"	"МАХАМБЕТСКИЙ РАЙОН"	"5501"	"Всего"	"1"	"Всего"	"1"	"Всего"	"1"	"Всего"	"1"	"43 715"
"Общая площадь введенных в эксплуатацию жилых зданий(Метр квадратный)"	"2018 год"	"201812"	"МАХАМБЕТСКИЙ РАЙОН"	"5501"	"Всего"	"1"	"Всего"	"1"	"Всего"	"1"	"Всего"	"1"	"44 178"
"Общая площадь введенных в эксплуатацию жилых зданий(Метр квадратный)"	"2021 год"	"202112"	"МАХАМБЕТСКИЙ РАЙОН"	"5501"	"Всего"	"1"	"Всего"	"1"	"Всего"	"1"	"Всего"	"1"	"27 357"
"Общая площадь введенных в эксплуатацию жилых зданий(Метр квадратный)"	"2022 год"	"202212"	"МАХАМБЕТСКИЙ РАЙОН"	"5501"	"Всего"	"1"	"Всего"	"1"	"Всего"	"1"	"Всего"	"1"	"26 407"
"Общая площадь введенных в эксплуатацию жилых зданий(Метр квадратный)"	"2016 год"	"201612"	"МАХАМБЕТСКИЙ РАЙОН"	"5501"	"сельская местность"	"3"	"Всего"	"1"	"Всего"	"1"	"Всего"	"1"	"25 868"
"Общая площадь введенных в эксплуатацию жилых зданий(Метр квадратный)"	"2020 год"	"202012"	"МАХАМБЕТСКИЙ РАЙОН"	"5501"	"сельская местность"	"3"	"Всего"	"1"	"Всего"	"1"	"Всего"	"1"	"24 594"
"Общая площадь введенных в эксплуатацию жилых зданий(Метр квадратный)"	"2014 год"	"201412"	"МАХАМБЕТСКИЙ РАЙОН"	"5501"	"сельская местность"	"3"	"Всего"	"1"	"Всего"	"1"	"Всего"	"1"	"15 341"
"Общая площадь введенных в эксплуатацию жилых зданий(Метр квадратный)"	"2019 год"	"201912"	"МАХАМБЕТСКИЙ РАЙОН"	"5501"	"сельская местность"	"3"	"Всего"	"1"	"Всего"	"1"	"Всего"	"1"	"45 589"
"Общая площадь введенных в эксплуатацию жилых зданий(Метр квадратный)"	"2015 год"	"201512"	"МАХАМБЕТСКИЙ РАЙОН"	"5501"	"сельская местность"	"3"	"Всего"	"1"	"Всего"	"1"	"Всего"	"1"	"21 808"
"Общая площадь введенных в эксплуатацию жилых зданий(Метр квадратный)"	"2017 год"	"201712"	"МАХАМБЕТСКИЙ РАЙОН"	"5501"	"сельская местность"	"3"	"Всего"	"1"	"Всего"	"1"	"Всего"	"1"	"43 715"
"Общая площадь введенных в эксплуатацию жилых зданий(Метр квадратный)"	"2018 год"	"201812"	"МАХАМБЕТСКИЙ РАЙОН"	"5501"	"сельская местность"	"3"	"Всего"	"1"	"Всего"	"1"	"Всего"	"1"	"44 178"
"Общая площадь введенных в эксплуатацию жилых зданий(Метр квадратный)"	"2021 год"	"202112"	"МАХАМБЕТСКИЙ РАЙОН"	"5501"	"сельская местность"	"3"	"Всего"	"1"	"Всего"	"1"	"Всего"	"1"	"27 357"
"Общая площадь введенных в эксплуатацию жилых зданий(Метр квадратный)"	"2022 год"	"202212"	"МАХАМБЕТСКИЙ РАЙОН"	"5501"	"сельская местность"	"3"	"Всего"	"1"	"Всего"	"1"	"Всего"	"1"	"26 407"
"Общая площадь введенных в эксплуатацию жилых зданий(Метр квадратный)"	"2016 год"	"201612"	"ЗАПАДНО-КАЗАХСТАНСКАЯ ОБЛАСТЬ"	"5596"	"Всего"	"1"	"Всего"	"1"	"Всего"	"1"	"Всего"	"1"	"275 389"
"Общая площадь введенных в эксплуатацию жилых зданий(Метр квадратный)"	"2020 год"	"202012"	"ЗАПАДНО-КАЗАХСТАНСКАЯ ОБЛАСТЬ"	"5596"	"Всего"	"1"	"Всего"	"1"	"Всего"	"1"	"Всего"	"1"	"529 052"
"Общая площадь введенных в эксплуатацию жилых зданий(Метр квадратный)"	"2014 год"	"201412"	"ЗАПАДНО-КАЗАХСТАНСКАЯ ОБЛАСТЬ"	"5596"	"Всего"	"1"	"Всего"	"1"	"Всего"	"1"	"Всего"	"1"	"257 149"
"Общая площадь введенных в эксплуатацию жилых зданий(Метр квадратный)"	"2019 год"	"201912"	"ЗАПАДНО-КАЗАХСТАНСКАЯ ОБЛАСТЬ"	"5596"	"Всего"	"1"	"Всего"	"1"	"Всего"	"1"	"Всего"	"1"	"484 955"
"Общая площадь введенных в эксплуатацию жилых зданий(Метр квадратный)"	"2015 год"	"201512"	"ЗАПАДНО-КАЗАХСТАНСКАЯ ОБЛАСТЬ"	"5596"	"Всего"	"1"	"Всего"	"1"	"Всего"	"1"	"Всего"	"1"	"261 868"
"Общая площадь введенных в эксплуатацию жилых зданий(Метр квадратный)"	"2017 год"	"201712"	"ЗАПАДНО-КАЗАХСТАНСКАЯ ОБЛАСТЬ"	"5596"	"Всего"	"1"	"Всего"	"1"	"Всего"	"1"	"Всего"	"1"	"392 207"
"Общая площадь введенных в эксплуатацию жилых зданий(Метр квадратный)"	"2018 год"	"201812"	"ЗАПАДНО-КАЗАХСТАНСКАЯ ОБЛАСТЬ"	"5596"	"Всего"	"1"	"Всего"	"1"	"Всего"	"1"	"Всего"	"1"	"432 225"
"Общая площадь введенных в эксплуатацию жилых зданий(Метр квадратный)"	"2021 год"	"202112"	"ЗАПАДНО-КАЗАХСТАНСКАЯ ОБЛАСТЬ"	"5596"	"Всего"	"1"	"Всего"	"1"	"Всего"	"1"	"Всего"	"1"	"590 601"
"Общая площадь введенных в эксплуатацию жилых зданий(Метр квадратный)"	"2022 год"	"202212"	"ЗАПАДНО-КАЗАХСТАНСКАЯ ОБЛАСТЬ"	"5596"	"Всего"	"1"	"Всего"	"1"	"Всего"	"1"	"Всего"	"1"	"621 488"
"Общая площадь введенных в эксплуатацию жилых зданий(Метр квадратный)"	"2016 год"	"201612"	"ЗАПАДНО-КАЗАХСТАНСКАЯ ОБЛАСТЬ"	"5596"	"городская местность"	"2"	"Всего"	"1"	"Всего"	"1"	"Всего"	"1"	"201 691"
"Общая площадь введенных в эксплуатацию жилых зданий(Метр квадратный)"	"2020 год"	"202012"	"ЗАПАДНО-КАЗАХСТАНСКАЯ ОБЛАСТЬ"	"5596"	"городская местность"	"2"	"Всего"	"1"	"Всего"	"1"	"Всего"	"1"	"415 817"
"Общая площадь введенных в эксплуатацию жилых зданий(Метр квадратный)"	"2014 год"	"201412"	"ЗАПАДНО-КАЗАХСТАНСКАЯ ОБЛАСТЬ"	"5596"	"городская местность"	"2"	"Всего"	"1"	"Всего"	"1"	"Всего"	"1"	"189 371"
"Общая площадь введенных в эксплуатацию жилых зданий(Метр квадратный)"	"2019 год"	"201912"	"ЗАПАДНО-КАЗАХСТАНСКАЯ ОБЛАСТЬ"	"5596"	"городская местность"	"2"	"Всего"	"1"	"Всего"	"1"	"Всего"	"1"	"384 188"
"Общая площадь введенных в эксплуатацию жилых зданий(Метр квадратный)"	"2015 год"	"201512"	"ЗАПАДНО-КАЗАХСТАНСКАЯ ОБЛАСТЬ"	"5596"	"городская местность"	"2"	"Всего"	"1"	"Всего"	"1"	"Всего"	"1"	"187 759"
"Общая площадь введенных в эксплуатацию жилых зданий(Метр квадратный)"	"2017 год"	"201712"	"ЗАПАДНО-КАЗАХСТАНСКАЯ ОБЛАСТЬ"	"5596"	"городская местность"	"2"	"Всего"	"1"	"Всего"	"1"	"Всего"	"1"	"295 009"
"Общая площадь введенных в эксплуатацию жилых зданий(Метр квадратный)"	"2018 год"	"201812"	"ЗАПАДНО-КАЗАХСТАНСКАЯ ОБЛАСТЬ"	"5596"	"городская местность"	"2"	"Всего"	"1"	"Всего"	"1"	"Всего"	"1"	"329 194"
"Общая площадь введенных в эксплуатацию жилых зданий(Метр квадратный)"	"2021 год"	"202112"	"ЗАПАДНО-КАЗАХСТАНСКАЯ ОБЛАСТЬ"	"5596"	"городская местность"	"2"	"Всего"	"1"	"Всего"	"1"	"Всего"	"1"	"461 939"
"Общая площадь введенных в эксплуатацию жилых зданий(Метр квадратный)"	"2022 год"	"202212"	"ЗАПАДНО-КАЗАХСТАНСКАЯ ОБЛАСТЬ"	"5596"	"городская местность"	"2"	"Всего"	"1"	"Всего"	"1"	"Всего"	"1"	"512 789"
"Общая площадь введенных в эксплуатацию жилых зданий(Метр квадратный)"	"2016 год"	"201612"	"ЗАПАДНО-КАЗАХСТАНСКАЯ ОБЛАСТЬ"	"5596"	"сельская местность"	"3"	"Всего"	"1"	"Всего"	"1"	"Всего"	"1"	"73 698"
"Общая площадь введенных в эксплуатацию жилых зданий(Метр квадратный)"	"2020 год"	"202012"	"ЗАПАДНО-КАЗАХСТАНСКАЯ ОБЛАСТЬ"	"5596"	"сельская местность"	"3"	"Всего"	"1"	"Всего"	"1"	"Всего"	"1"	"113 235"
"Общая площадь введенных в эксплуатацию жилых зданий(Метр квадратный)"	"2014 год"	"201412"	"ЗАПАДНО-КАЗАХСТАНСКАЯ ОБЛАСТЬ"	"5596"	"сельская местность"	"3"	"Всего"	"1"	"Всего"	"1"	"Всего"	"1"	"67 778"
"Общая площадь введенных в эксплуатацию жилых зданий(Метр квадратный)"	"2019 год"	"201912"	"ЗАПАДНО-КАЗАХСТАНСКАЯ ОБЛАСТЬ"	"5596"	"сельская местность"	"3"	"Всего"	"1"	"Всего"	"1"	"Всего"	"1"	"100 767"
"Общая площадь введенных в эксплуатацию жилых зданий(Метр квадратный)"	"2015 год"	"201512"	"ЗАПАДНО-КАЗАХСТАНСКАЯ ОБЛАСТЬ"	"5596"	"сельская местность"	"3"	"Всего"	"1"	"Всего"	"1"	"Всего"	"1"	"74 109"
"Общая площадь введенных в эксплуатацию жилых зданий(Метр квадратный)"	"2017 год"	"201712"	"ЗАПАДНО-КАЗАХСТАНСКАЯ ОБЛАСТЬ"	"5596"	"сельская местность"	"3"	"Всего"	"1"	"Всего"	"1"	"Всего"	"1"	"97 198"
"Общая площадь введенных в эксплуатацию жилых зданий(Метр квадратный)"	"2018 год"	"201812"	"ЗАПАДНО-КАЗАХСТАНСКАЯ ОБЛАСТЬ"	"5596"	"сельская местность"	"3"	"Всего"	"1"	"Всего"	"1"	"Всего"	"1"	"103 031"
"Общая площадь введенных в эксплуатацию жилых зданий(Метр квадратный)"	"2021 год"	"202112"	"ЗАПАДНО-КАЗАХСТАНСКАЯ ОБЛАСТЬ"	"5596"	"сельская местность"	"3"	"Всего"	"1"	"Всего"	"1"	"Всего"	"1"	"128 662"
"Общая площадь введенных в эксплуатацию жилых зданий(Метр квадратный)"	"2022 год"	"202212"	"ЗАПАДНО-КАЗАХСТАНСКАЯ ОБЛАСТЬ"	"5596"	"сельская местность"	"3"	"Всего"	"1"	"Всего"	"1"	"Всего"	"1"	"108 699"
"Общая площадь введенных в эксплуатацию жилых зданий(Метр квадратный)"	"2016 год"	"201612"	"УРАЛЬСК Г.А."	"5597"	"Всего"	"1"	"Всего"	"1"	"Всего"	"1"	"Всего"	"1"	"191 812"
"Общая площадь введенных в эксплуатацию жилых зданий(Метр квадратный)"	"2020 год"	"202012"	"УРАЛЬСК Г.А."	"5597"	"Всего"	"1"	"Всего"	"1"	"Всего"	"1"	"Всего"	"1"	"382 457"
"Общая площадь введенных в эксплуатацию жилых зданий(Метр квадратный)"	"2014 год"	"201412"	"УРАЛЬСК Г.А."	"5597"	"Всего"	"1"	"Всего"	"1"	"Всего"	"1"	"Всего"	"1"	"159 122"
"Общая площадь введенных в эксплуатацию жилых зданий(Метр квадратный)"	"2019 год"	"201912"	"УРАЛЬСК Г.А."	"5597"	"Всего"	"1"	"Всего"	"1"	"Всего"	"1"	"Всего"	"1"	"362 435"
"Общая площадь введенных в эксплуатацию жилых зданий(Метр квадратный)"	"2015 год"	"201512"	"УРАЛЬСК Г.А."	"5597"	"Всего"	"1"	"Всего"	"1"	"Всего"	"1"	"Всего"	"1"	"156 857"
"Общая площадь введенных в эксплуатацию жилых зданий(Метр квадратный)"	"2017 год"	"201712"	"УРАЛЬСК Г.А."	"5597"	"Всего"	"1"	"Всего"	"1"	"Всего"	"1"	"Всего"	"1"	"269 139"
"Общая площадь введенных в эксплуатацию жилых зданий(Метр квадратный)"	"2018 год"	"201812"	"УРАЛЬСК Г.А."	"5597"	"Всего"	"1"	"Всего"	"1"	"Всего"	"1"	"Всего"	"1"	"282 092"
"Общая площадь введенных в эксплуатацию жилых зданий(Метр квадратный)"	"2021 год"	"202112"	"УРАЛЬСК Г.А."	"5597"	"Всего"	"1"	"Всего"	"1"	"Всего"	"1"	"Всего"	"1"	"411 259"
"Общая площадь введенных в эксплуатацию жилых зданий(Метр квадратный)"	"2022 год"	"202212"	"УРАЛЬСК Г.А."	"5597"	"Всего"	"1"	"Всего"	"1"	"Всего"	"1"	"Всего"	"1"	"490 453"
"Общая площадь введенных в эксплуатацию жилых зданий(Метр квадратный)"	"2016 год"	"201612"	"УРАЛЬСК Г.А."	"5597"	"городская местность"	"2"	"Всего"	"1"	"Всего"	"1"	"Всего"	"1"	"191 812"
"Общая площадь введенных в эксплуатацию жилых зданий(Метр квадратный)"	"2020 год"	"202012"	"УРАЛЬСК Г.А."	"5597"	"городская местность"	"2"	"Всего"	"1"	"Всего"	"1"	"Всего"	"1"	"382 457"
"Общая площадь введенных в эксплуатацию жилых зданий(Метр квадратный)"	"2014 год"	"201412"	"УРАЛЬСК Г.А."	"5597"	"городская местность"	"2"	"Всего"	"1"	"Всего"	"1"	"Всего"	"1"	"159 122"
"Общая площадь введенных в эксплуатацию жилых зданий(Метр квадратный)"	"2019 год"	"201912"	"УРАЛЬСК Г.А."	"5597"	"городская местность"	"2"	"Всего"	"1"	"Всего"	"1"	"Всего"	"1"	"362 435"
"Общая площадь введенных в эксплуатацию жилых зданий(Метр квадратный)"	"2015 год"	"201512"	"УРАЛЬСК Г.А."	"5597"	"городская местность"	"2"	"Всего"	"1"	"Всего"	"1"	"Всего"	"1"	"156 857"
"Общая площадь введенных в эксплуатацию жилых зданий(Метр квадратный)"	"2017 год"	"201712"	"УРАЛЬСК Г.А."	"5597"	"городская местность"	"2"	"Всего"	"1"	"Всего"	"1"	"Всего"	"1"	"269 139"
"Общая площадь введенных в эксплуатацию жилых зданий(Метр квадратный)"	"2018 год"	"201812"	"УРАЛЬСК Г.А."	"5597"	"городская местность"	"2"	"Всего"	"1"	"Всего"	"1"	"Всего"	"1"	"282 092"
"Общая площадь введенных в эксплуатацию жилых зданий(Метр квадратный)"	"2021 год"	"202112"	"УРАЛЬСК Г.А."	"5597"	"городская местность"	"2"	"Всего"	"1"	"Всего"	"1"	"Всего"	"1"	"406 799"
"Общая площадь введенных в эксплуатацию жилых зданий(Метр квадратный)"	"2022 год"	"202212"	"УРАЛЬСК Г.А."	"5597"	"городская местность"	"2"	"Всего"	"1"	"Всего"	"1"	"Всего"	"1"	"490 453"
"Общая площадь введенных в эксплуатацию жилых зданий(Метр квадратный)"	"2021 год"	"202112"	"УРАЛЬСК Г.А."	"5597"	"сельская местность"	"3"	"Всего"	"1"	"Всего"	"1"	"Всего"	"1"	"4 460"
"Общая площадь введенных в эксплуатацию жилых зданий(Метр квадратный)"	"2016 год"	"201612"	"АКЖАИКСКИЙ РАЙОН"	"5612"	"Всего"	"1"	"Всего"	"1"	"Всего"	"1"	"Всего"	"1"	"5 315"
"Общая площадь введенных в эксплуатацию жилых зданий(Метр квадратный)"	"2020 год"	"202012"	"АКЖАИКСКИЙ РАЙОН"	"5612"	"Всего"	"1"	"Всего"	"1"	"Всего"	"1"	"Всего"	"1"	"7 261"
"Общая площадь введенных в эксплуатацию жилых зданий(Метр квадратный)"	"2014 год"	"201412"	"АКЖАИКСКИЙ РАЙОН"	"5612"	"Всего"	"1"	"Всего"	"1"	"Всего"	"1"	"Всего"	"1"	"3 132"
"Общая площадь введенных в эксплуатацию жилых зданий(Метр квадратный)"	"2019 год"	"201912"	"АКЖАИКСКИЙ РАЙОН"	"5612"	"Всего"	"1"	"Всего"	"1"	"Всего"	"1"	"Всего"	"1"	"6 938"
"Общая площадь введенных в эксплуатацию жилых зданий(Метр квадратный)"	"2015 год"	"201512"	"АКЖАИКСКИЙ РАЙОН"	"5612"	"Всего"	"1"	"Всего"	"1"	"Всего"	"1"	"Всего"	"1"	"5 308"
"Общая площадь введенных в эксплуатацию жилых зданий(Метр квадратный)"	"2017 год"	"201712"	"АКЖАИКСКИЙ РАЙОН"	"5612"	"Всего"	"1"	"Всего"	"1"	"Всего"	"1"	"Всего"	"1"	"6 987"
"Общая площадь введенных в эксплуатацию жилых зданий(Метр квадратный)"	"2018 год"	"201812"	"АКЖАИКСКИЙ РАЙОН"	"5612"	"Всего"	"1"	"Всего"	"1"	"Всего"	"1"	"Всего"	"1"	"7 204"
"Общая площадь введенных в эксплуатацию жилых зданий(Метр квадратный)"	"2021 год"	"202112"	"АКЖАИКСКИЙ РАЙОН"	"5612"	"Всего"	"1"	"Всего"	"1"	"Всего"	"1"	"Всего"	"1"	"8 089"
"Общая площадь введенных в эксплуатацию жилых зданий(Метр квадратный)"	"2022 год"	"202212"	"АКЖАИКСКИЙ РАЙОН"	"5612"	"Всего"	"1"	"Всего"	"1"	"Всего"	"1"	"Всего"	"1"	"9 185"
"Общая площадь введенных в эксплуатацию жилых зданий(Метр квадратный)"	"2016 год"	"201612"	"АКЖАИКСКИЙ РАЙОН"	"5612"	"сельская местность"	"3"	"Всего"	"1"	"Всего"	"1"	"Всего"	"1"	"5 315"
"Общая площадь введенных в эксплуатацию жилых зданий(Метр квадратный)"	"2020 год"	"202012"	"АКЖАИКСКИЙ РАЙОН"	"5612"	"сельская местность"	"3"	"Всего"	"1"	"Всего"	"1"	"Всего"	"1"	"7 261"
"Общая площадь введенных в эксплуатацию жилых зданий(Метр квадратный)"	"2014 год"	"201412"	"АКЖАИКСКИЙ РАЙОН"	"5612"	"сельская местность"	"3"	"Всего"	"1"	"Всего"	"1"	"Всего"	"1"	"3 132"
"Общая площадь введенных в эксплуатацию жилых зданий(Метр квадратный)"	"2019 год"	"201912"	"АКЖАИКСКИЙ РАЙОН"	"5612"	"сельская местность"	"3"	"Всего"	"1"	"Всего"	"1"	"Всего"	"1"	"6 938"
"Общая площадь введенных в эксплуатацию жилых зданий(Метр квадратный)"	"2015 год"	"201512"	"АКЖАИКСКИЙ РАЙОН"	"5612"	"сельская местность"	"3"	"Всего"	"1"	"Всего"	"1"	"Всего"	"1"	"5 308"
"Общая площадь введенных в эксплуатацию жилых зданий(Метр квадратный)"	"2017 год"	"201712"	"АКЖАИКСКИЙ РАЙОН"	"5612"	"сельская местность"	"3"	"Всего"	"1"	"Всего"	"1"	"Всего"	"1"	"6 987"
"Общая площадь введенных в эксплуатацию жилых зданий(Метр квадратный)"	"2018 год"	"201812"	"АКЖАИКСКИЙ РАЙОН"	"5612"	"сельская местность"	"3"	"Всего"	"1"	"Всего"	"1"	"Всего"	"1"	"7 204"
"Общая площадь введенных в эксплуатацию жилых зданий(Метр квадратный)"	"2021 год"	"202112"	"АКЖАИКСКИЙ РАЙОН"	"5612"	"сельская местность"	"3"	"Всего"	"1"	"Всего"	"1"	"Всего"	"1"	"8 089"
"Общая площадь введенных в эксплуатацию жилых зданий(Метр квадратный)"	"2022 год"	"202212"	"АКЖАИКСКИЙ РАЙОН"	"5612"	"сельская местность"	"3"	"Всего"	"1"	"Всего"	"1"	"Всего"	"1"	"9 185"
"Общая площадь введенных в эксплуатацию жилых зданий(Метр квадратный)"	"2016 год"	"201612"	"БУРЛИНСКИЙ РАЙОН"	"5940"	"Всего"	"1"	"Всего"	"1"	"Всего"	"1"	"Всего"	"1"	"16 357"
"Общая площадь введенных в эксплуатацию жилых зданий(Метр квадратный)"	"2020 год"	"202012"	"БУРЛИНСКИЙ РАЙОН"	"5940"	"Всего"	"1"	"Всего"	"1"	"Всего"	"1"	"Всего"	"1"	"55 440"
"Общая площадь введенных в эксплуатацию жилых зданий(Метр квадратный)"	"2014 год"	"201412"	"БУРЛИНСКИЙ РАЙОН"	"5940"	"Всего"	"1"	"Всего"	"1"	"Всего"	"1"	"Всего"	"1"	"40 380"
"Общая площадь введенных в эксплуатацию жилых зданий(Метр квадратный)"	"2019 год"	"201912"	"БУРЛИНСКИЙ РАЙОН"	"5940"	"Всего"	"1"	"Всего"	"1"	"Всего"	"1"	"Всего"	"1"	"32 751"
"Общая площадь введенных в эксплуатацию жилых зданий(Метр квадратный)"	"2015 год"	"201512"	"БУРЛИНСКИЙ РАЙОН"	"5940"	"Всего"	"1"	"Всего"	"1"	"Всего"	"1"	"Всего"	"1"	"41 198"
"Общая площадь введенных в эксплуатацию жилых зданий(Метр квадратный)"	"2017 год"	"201712"	"БУРЛИНСКИЙ РАЙОН"	"5940"	"Всего"	"1"	"Всего"	"1"	"Всего"	"1"	"Всего"	"1"	"48 374"
"Общая площадь введенных в эксплуатацию жилых зданий(Метр квадратный)"	"2018 год"	"201812"	"БУРЛИНСКИЙ РАЙОН"	"5940"	"Всего"	"1"	"Всего"	"1"	"Всего"	"1"	"Всего"	"1"	"60 091"
"Общая площадь введенных в эксплуатацию жилых зданий(Метр квадратный)"	"2021 год"	"202112"	"БУРЛИНСКИЙ РАЙОН"	"5940"	"Всего"	"1"	"Всего"	"1"	"Всего"	"1"	"Всего"	"1"	"69 997"
"Общая площадь введенных в эксплуатацию жилых зданий(Метр квадратный)"	"2022 год"	"202212"	"БУРЛИНСКИЙ РАЙОН"	"5940"	"Всего"	"1"	"Всего"	"1"	"Всего"	"1"	"Всего"	"1"	"34 483"
"Общая площадь введенных в эксплуатацию жилых зданий(Метр квадратный)"	"2016 год"	"201612"	"БУРЛИНСКИЙ РАЙОН"	"5940"	"городская местность"	"2"	"Всего"	"1"	"Всего"	"1"	"Всего"	"1"	"9 879"
"Общая площадь введенных в эксплуатацию жилых зданий(Метр квадратный)"	"2020 год"	"202012"	"БУРЛИНСКИЙ РАЙОН"	"5940"	"городская местность"	"2"	"Всего"	"1"	"Всего"	"1"	"Всего"	"1"	"33 360"
"Общая площадь введенных в эксплуатацию жилых зданий(Метр квадратный)"	"2014 год"	"201412"	"БУРЛИНСКИЙ РАЙОН"	"5940"	"городская местность"	"2"	"Всего"	"1"	"Всего"	"1"	"Всего"	"1"	"30 249"
"Общая площадь введенных в эксплуатацию жилых зданий(Метр квадратный)"	"2019 год"	"201912"	"БУРЛИНСКИЙ РАЙОН"	"5940"	"городская местность"	"2"	"Всего"	"1"	"Всего"	"1"	"Всего"	"1"	"21 753"
"Общая площадь введенных в эксплуатацию жилых зданий(Метр квадратный)"	"2015 год"	"201512"	"БУРЛИНСКИЙ РАЙОН"	"5940"	"городская местность"	"2"	"Всего"	"1"	"Всего"	"1"	"Всего"	"1"	"30 902"
"Общая площадь введенных в эксплуатацию жилых зданий(Метр квадратный)"	"2017 год"	"201712"	"БУРЛИНСКИЙ РАЙОН"	"5940"	"городская местность"	"2"	"Всего"	"1"	"Всего"	"1"	"Всего"	"1"	"25 870"
"Общая площадь введенных в эксплуатацию жилых зданий(Метр квадратный)"	"2018 год"	"201812"	"БУРЛИНСКИЙ РАЙОН"	"5940"	"городская местность"	"2"	"Всего"	"1"	"Всего"	"1"	"Всего"	"1"	"47 102"
"Общая площадь введенных в эксплуатацию жилых зданий(Метр квадратный)"	"2021 год"	"202112"	"БУРЛИНСКИЙ РАЙОН"	"5940"	"городская местность"	"2"	"Всего"	"1"	"Всего"	"1"	"Всего"	"1"	"55 140"
"Общая площадь введенных в эксплуатацию жилых зданий(Метр квадратный)"	"2022 год"	"202212"	"БУРЛИНСКИЙ РАЙОН"	"5940"	"городская местность"	"2"	"Всего"	"1"	"Всего"	"1"	"Всего"	"1"	"22 336"
"Общая площадь введенных в эксплуатацию жилых зданий(Метр квадратный)"	"2016 год"	"201612"	"БУРЛИНСКИЙ РАЙОН"	"5940"	"сельская местность"	"3"	"Всего"	"1"	"Всего"	"1"	"Всего"	"1"	"6 478"
"Общая площадь введенных в эксплуатацию жилых зданий(Метр квадратный)"	"2020 год"	"202012"	"БУРЛИНСКИЙ РАЙОН"	"5940"	"сельская местность"	"3"	"Всего"	"1"	"Всего"	"1"	"Всего"	"1"	"22 080"
"Общая площадь введенных в эксплуатацию жилых зданий(Метр квадратный)"	"2014 год"	"201412"	"БУРЛИНСКИЙ РАЙОН"	"5940"	"сельская местность"	"3"	"Всего"	"1"	"Всего"	"1"	"Всего"	"1"	"10 131"
"Общая площадь введенных в эксплуатацию жилых зданий(Метр квадратный)"	"2019 год"	"201912"	"БУРЛИНСКИЙ РАЙОН"	"5940"	"сельская местность"	"3"	"Всего"	"1"	"Всего"	"1"	"Всего"	"1"	"10 998"
"Общая площадь введенных в эксплуатацию жилых зданий(Метр квадратный)"	"2015 год"	"201512"	"БУРЛИНСКИЙ РАЙОН"	"5940"	"сельская местность"	"3"	"Всего"	"1"	"Всего"	"1"	"Всего"	"1"	"10 296"
"Общая площадь введенных в эксплуатацию жилых зданий(Метр квадратный)"	"2017 год"	"201712"	"БУРЛИНСКИЙ РАЙОН"	"5940"	"сельская местность"	"3"	"Всего"	"1"	"Всего"	"1"	"Всего"	"1"	"22 504"
"Общая площадь введенных в эксплуатацию жилых зданий(Метр квадратный)"	"2018 год"	"201812"	"БУРЛИНСКИЙ РАЙОН"	"5940"	"сельская местность"	"3"	"Всего"	"1"	"Всего"	"1"	"Всего"	"1"	"12 989"
"Общая площадь введенных в эксплуатацию жилых зданий(Метр квадратный)"	"2021 год"	"202112"	"БУРЛИНСКИЙ РАЙОН"	"5940"	"сельская местность"	"3"	"Всего"	"1"	"Всего"	"1"	"Всего"	"1"	"14 857"
"Общая площадь введенных в эксплуатацию жилых зданий(Метр квадратный)"	"2022 год"	"202212"	"БУРЛИНСКИЙ РАЙОН"	"5940"	"сельская местность"	"3"	"Всего"	"1"	"Всего"	"1"	"Всего"	"1"	"12 147"
"Общая площадь введенных в эксплуатацию жилых зданий(Метр квадратный)"	"2016 год"	"201612"	"ЖАНГАЛИНСКИЙ РАЙОН"	"5991"	"Всего"	"1"	"Всего"	"1"	"Всего"	"1"	"Всего"	"1"	"7 154"
"Общая площадь введенных в эксплуатацию жилых зданий(Метр квадратный)"	"2020 год"	"202012"	"ЖАНГАЛИНСКИЙ РАЙОН"	"5991"	"Всего"	"1"	"Всего"	"1"	"Всего"	"1"	"Всего"	"1"	"7 088"
"Общая площадь введенных в эксплуатацию жилых зданий(Метр квадратный)"	"2014 год"	"201412"	"ЖАНГАЛИНСКИЙ РАЙОН"	"5991"	"Всего"	"1"	"Всего"	"1"	"Всего"	"1"	"Всего"	"1"	"5 612"
"Общая площадь введенных в эксплуатацию жилых зданий(Метр квадратный)"	"2019 год"	"201912"	"ЖАНГАЛИНСКИЙ РАЙОН"	"5991"	"Всего"	"1"	"Всего"	"1"	"Всего"	"1"	"Всего"	"1"	"9 086"
"Общая площадь введенных в эксплуатацию жилых зданий(Метр квадратный)"	"2015 год"	"201512"	"ЖАНГАЛИНСКИЙ РАЙОН"	"5991"	"Всего"	"1"	"Всего"	"1"	"Всего"	"1"	"Всего"	"1"	"5 866"
"Общая площадь введенных в эксплуатацию жилых зданий(Метр квадратный)"	"2017 год"	"201712"	"ЖАНГАЛИНСКИЙ РАЙОН"	"5991"	"Всего"	"1"	"Всего"	"1"	"Всего"	"1"	"Всего"	"1"	"7 834"
"Общая площадь введенных в эксплуатацию жилых зданий(Метр квадратный)"	"2018 год"	"201812"	"ЖАНГАЛИНСКИЙ РАЙОН"	"5991"	"Всего"	"1"	"Всего"	"1"	"Всего"	"1"	"Всего"	"1"	"8 693"
"Общая площадь введенных в эксплуатацию жилых зданий(Метр квадратный)"	"2021 год"	"202112"	"ЖАНГАЛИНСКИЙ РАЙОН"	"5991"	"Всего"	"1"	"Всего"	"1"	"Всего"	"1"	"Всего"	"1"	"5 968"
"Общая площадь введенных в эксплуатацию жилых зданий(Метр квадратный)"	"2022 год"	"202212"	"ЖАНГАЛИНСКИЙ РАЙОН"	"5991"	"Всего"	"1"	"Всего"	"1"	"Всего"	"1"	"Всего"	"1"	"12 202"
"Общая площадь введенных в эксплуатацию жилых зданий(Метр квадратный)"	"2016 год"	"201612"	"ЖАНГАЛИНСКИЙ РАЙОН"	"5991"	"сельская местность"	"3"	"Всего"	"1"	"Всего"	"1"	"Всего"	"1"	"7 154"
"Общая площадь введенных в эксплуатацию жилых зданий(Метр квадратный)"	"2020 год"	"202012"	"ЖАНГАЛИНСКИЙ РАЙОН"	"5991"	"сельская местность"	"3"	"Всего"	"1"	"Всего"	"1"	"Всего"	"1"	"7 088"
"Общая площадь введенных в эксплуатацию жилых зданий(Метр квадратный)"	"2014 год"	"201412"	"ЖАНГАЛИНСКИЙ РАЙОН"	"5991"	"сельская местность"	"3"	"Всего"	"1"	"Всего"	"1"	"Всего"	"1"	"5 612"
"Общая площадь введенных в эксплуатацию жилых зданий(Метр квадратный)"	"2019 год"	"201912"	"ЖАНГАЛИНСКИЙ РАЙОН"	"5991"	"сельская местность"	"3"	"Всего"	"1"	"Всего"	"1"	"Всего"	"1"	"9 086"
"Общая площадь введенных в эксплуатацию жилых зданий(Метр квадратный)"	"2015 год"	"201512"	"ЖАНГАЛИНСКИЙ РАЙОН"	"5991"	"сельская местность"	"3"	"Всего"	"1"	"Всего"	"1"	"Всего"	"1"	"5 866"
"Общая площадь введенных в эксплуатацию жилых зданий(Метр квадратный)"	"2017 год"	"201712"	"ЖАНГАЛИНСКИЙ РАЙОН"	"5991"	"сельская местность"	"3"	"Всего"	"1"	"Всего"	"1"	"Всего"	"1"	"7 834"
"Общая площадь введенных в эксплуатацию жилых зданий(Метр квадратный)"	"2018 год"	"201812"	"ЖАНГАЛИНСКИЙ РАЙОН"	"5991"	"сельская местность"	"3"	"Всего"	"1"	"Всего"	"1"	"Всего"	"1"	"8 693"
"Общая площадь введенных в эксплуатацию жилых зданий(Метр квадратный)"	"2021 год"	"202112"	"ЖАНГАЛИНСКИЙ РАЙОН"	"5991"	"сельская местность"	"3"	"Всего"	"1"	"Всего"	"1"	"Всего"	"1"	"5 968"
"Общая площадь введенных в эксплуатацию жилых зданий(Метр квадратный)"	"2022 год"	"202212"	"ЖАНГАЛИНСКИЙ РАЙОН"	"5991"	"сельская местность"	"3"	"Всего"	"1"	"Всего"	"1"	"Всего"	"1"	"12 202"
"Общая площадь введенных в эксплуатацию жилых зданий(Метр квадратный)"	"2016 год"	"201612"	"ЖАНИБЕКСКИЙ РАЙОН"	"6298"	"Всего"	"1"	"Всего"	"1"	"Всего"	"1"	"Всего"	"1"	"3 562"
"Общая площадь введенных в эксплуатацию жилых зданий(Метр квадратный)"	"2020 год"	"202012"	"ЖАНИБЕКСКИЙ РАЙОН"	"6298"	"Всего"	"1"	"Всего"	"1"	"Всего"	"1"	"Всего"	"1"	"3 289"
"Общая площадь введенных в эксплуатацию жилых зданий(Метр квадратный)"	"2014 год"	"201412"	"ЖАНИБЕКСКИЙ РАЙОН"	"6298"	"Всего"	"1"	"Всего"	"1"	"Всего"	"1"	"Всего"	"1"	"3 004"
"Общая площадь введенных в эксплуатацию жилых зданий(Метр квадратный)"	"2019 год"	"201912"	"ЖАНИБЕКСКИЙ РАЙОН"	"6298"	"Всего"	"1"	"Всего"	"1"	"Всего"	"1"	"Всего"	"1"	"2 818"
"Общая площадь введенных в эксплуатацию жилых зданий(Метр квадратный)"	"2015 год"	"201512"	"ЖАНИБЕКСКИЙ РАЙОН"	"6298"	"Всего"	"1"	"Всего"	"1"	"Всего"	"1"	"Всего"	"1"	"3 565"
"Общая площадь введенных в эксплуатацию жилых зданий(Метр квадратный)"	"2017 год"	"201712"	"ЖАНИБЕКСКИЙ РАЙОН"	"6298"	"Всего"	"1"	"Всего"	"1"	"Всего"	"1"	"Всего"	"1"	"5 019"
"Общая площадь введенных в эксплуатацию жилых зданий(Метр квадратный)"	"2018 год"	"201812"	"ЖАНИБЕКСКИЙ РАЙОН"	"6298"	"Всего"	"1"	"Всего"	"1"	"Всего"	"1"	"Всего"	"1"	"9 948"
"Общая площадь введенных в эксплуатацию жилых зданий(Метр квадратный)"	"2021 год"	"202112"	"ЖАНИБЕКСКИЙ РАЙОН"	"6298"	"Всего"	"1"	"Всего"	"1"	"Всего"	"1"	"Всего"	"1"	"5 595"
"Общая площадь введенных в эксплуатацию жилых зданий(Метр квадратный)"	"2022 год"	"202212"	"ЖАНИБЕКСКИЙ РАЙОН"	"6298"	"Всего"	"1"	"Всего"	"1"	"Всего"	"1"	"Всего"	"1"	"2 538"
"Общая площадь введенных в эксплуатацию жилых зданий(Метр квадратный)"	"2016 год"	"201612"	"ЖАНИБЕКСКИЙ РАЙОН"	"6298"	"сельская местность"	"3"	"Всего"	"1"	"Всего"	"1"	"Всего"	"1"	"3 562"
"Общая площадь введенных в эксплуатацию жилых зданий(Метр квадратный)"	"2020 год"	"202012"	"ЖАНИБЕКСКИЙ РАЙОН"	"6298"	"сельская местность"	"3"	"Всего"	"1"	"Всего"	"1"	"Всего"	"1"	"3 289"
"Общая площадь введенных в эксплуатацию жилых зданий(Метр квадратный)"	"2014 год"	"201412"	"ЖАНИБЕКСКИЙ РАЙОН"	"6298"	"сельская местность"	"3"	"Всего"	"1"	"Всего"	"1"	"Всего"	"1"	"3 004"
"Общая площадь введенных в эксплуатацию жилых зданий(Метр квадратный)"	"2019 год"	"201912"	"ЖАНИБЕКСКИЙ РАЙОН"	"6298"	"сельская местность"	"3"	"Всего"	"1"	"Всего"	"1"	"Всего"	"1"	"2 818"
"Общая площадь введенных в эксплуатацию жилых зданий(Метр квадратный)"	"2015 год"	"201512"	"ЖАНИБЕКСКИЙ РАЙОН"	"6298"	"сельская местность"	"3"	"Всего"	"1"	"Всего"	"1"	"Всего"	"1"	"3 565"
"Общая площадь введенных в эксплуатацию жилых зданий(Метр квадратный)"	"2017 год"	"201712"	"ЖАНИБЕКСКИЙ РАЙОН"	"6298"	"сельская местность"	"3"	"Всего"	"1"	"Всего"	"1"	"Всего"	"1"	"5 019"
"Общая площадь введенных в эксплуатацию жилых зданий(Метр квадратный)"	"2018 год"	"201812"	"ЖАНИБЕКСКИЙ РАЙОН"	"6298"	"сельская местность"	"3"	"Всего"	"1"	"Всего"	"1"	"Всего"	"1"	"9 948"
"Общая площадь введенных в эксплуатацию жилых зданий(Метр квадратный)"	"2021 год"	"202112"	"ЖАНИБЕКСКИЙ РАЙОН"	"6298"	"сельская местность"	"3"	"Всего"	"1"	"Всего"	"1"	"Всего"	"1"	"5 595"
"Общая площадь введенных в эксплуатацию жилых зданий(Метр квадратный)"	"2022 год"	"202212"	"ЖАНИБЕКСКИЙ РАЙОН"	"6298"	"сельская местность"	"3"	"Всего"	"1"	"Всего"	"1"	"Всего"	"1"	"2 538"
"Общая площадь введенных в эксплуатацию жилых зданий(Метр квадратный)"	"2016 год"	"201612"	"РАЙОН БӘЙТЕРЕК"	"6497"	"Всего"	"1"	"Всего"	"1"	"Всего"	"1"	"Всего"	"1"	"18 142"
"Общая площадь введенных в эксплуатацию жилых зданий(Метр квадратный)"	"2020 год"	"202012"	"РАЙОН БӘЙТЕРЕК"	"6497"	"Всего"	"1"	"Всего"	"1"	"Всего"	"1"	"Всего"	"1"	"24 036"
"Общая площадь введенных в эксплуатацию жилых зданий(Метр квадратный)"	"2014 год"	"201412"	"РАЙОН БӘЙТЕРЕК"	"6497"	"Всего"	"1"	"Всего"	"1"	"Всего"	"1"	"Всего"	"1"	"18 059"
"Общая площадь введенных в эксплуатацию жилых зданий(Метр квадратный)"	"2019 год"	"201912"	"РАЙОН БӘЙТЕРЕК"	"6497"	"Всего"	"1"	"Всего"	"1"	"Всего"	"1"	"Всего"	"1"	"21 614"
"Общая площадь введенных в эксплуатацию жилых зданий(Метр квадратный)"	"2015 год"	"201512"	"РАЙОН БӘЙТЕРЕК"	"6497"	"Всего"	"1"	"Всего"	"1"	"Всего"	"1"	"Всего"	"1"	"18 118"
"Общая площадь введенных в эксплуатацию жилых зданий(Метр квадратный)"	"2017 год"	"201712"	"РАЙОН БӘЙТЕРЕК"	"6497"	"Всего"	"1"	"Всего"	"1"	"Всего"	"1"	"Всего"	"1"	"18 658"
"Общая площадь введенных в эксплуатацию жилых зданий(Метр квадратный)"	"2018 год"	"201812"	"РАЙОН БӘЙТЕРЕК"	"6497"	"Всего"	"1"	"Всего"	"1"	"Всего"	"1"	"Всего"	"1"	"20 801"
"Общая площадь введенных в эксплуатацию жилых зданий(Метр квадратный)"	"2021 год"	"202112"	"РАЙОН БӘЙТЕРЕК"	"6497"	"Всего"	"1"	"Всего"	"1"	"Всего"	"1"	"Всего"	"1"	"35 957"
"Общая площадь введенных в эксплуатацию жилых зданий(Метр квадратный)"	"2022 год"	"202212"	"РАЙОН БӘЙТЕРЕК"	"6497"	"Всего"	"1"	"Всего"	"1"	"Всего"	"1"	"Всего"	"1"	"29 566"
"Общая площадь введенных в эксплуатацию жилых зданий(Метр квадратный)"	"2016 год"	"201612"	"РАЙОН БӘЙТЕРЕК"	"6497"	"сельская местность"	"3"	"Всего"	"1"	"Всего"	"1"	"Всего"	"1"	"18 142"
"Общая площадь введенных в эксплуатацию жилых зданий(Метр квадратный)"	"2020 год"	"202012"	"РАЙОН БӘЙТЕРЕК"	"6497"	"сельская местность"	"3"	"Всего"	"1"	"Всего"	"1"	"Всего"	"1"	"24 036"
"Общая площадь введенных в эксплуатацию жилых зданий(Метр квадратный)"	"2014 год"	"201412"	"РАЙОН БӘЙТЕРЕК"	"6497"	"сельская местность"	"3"	"Всего"	"1"	"Всего"	"1"	"Всего"	"1"	"18 059"
"Общая площадь введенных в эксплуатацию жилых зданий(Метр квадратный)"	"2019 год"	"201912"	"РАЙОН БӘЙТЕРЕК"	"6497"	"сельская местность"	"3"	"Всего"	"1"	"Всего"	"1"	"Всего"	"1"	"21 614"
"Общая площадь введенных в эксплуатацию жилых зданий(Метр квадратный)"	"2015 год"	"201512"	"РАЙОН БӘЙТЕРЕК"	"6497"	"сельская местность"	"3"	"Всего"	"1"	"Всего"	"1"	"Всего"	"1"	"18 118"
"Общая площадь введенных в эксплуатацию жилых зданий(Метр квадратный)"	"2017 год"	"201712"	"РАЙОН БӘЙТЕРЕК"	"6497"	"сельская местность"	"3"	"Всего"	"1"	"Всего"	"1"	"Всего"	"1"	"18 658"
"Общая площадь введенных в эксплуатацию жилых зданий(Метр квадратный)"	"2018 год"	"201812"	"РАЙОН БӘЙТЕРЕК"	"6497"	"сельская местность"	"3"	"Всего"	"1"	"Всего"	"1"	"Всего"	"1"	"20 801"
"Общая площадь введенных в эксплуатацию жилых зданий(Метр квадратный)"	"2021 год"	"202112"	"РАЙОН БӘЙТЕРЕК"	"6497"	"сельская местность"	"3"	"Всего"	"1"	"Всего"	"1"	"Всего"	"1"	"35 957"
"Общая площадь введенных в эксплуатацию жилых зданий(Метр квадратный)"	"2022 год"	"202212"	"РАЙОН БӘЙТЕРЕК"	"6497"	"сельская местность"	"3"	"Всего"	"1"	"Всего"	"1"	"Всего"	"1"	"29 566"
"Общая площадь введенных в эксплуатацию жилых зданий(Метр квадратный)"	"2016 год"	"201612"	"КАЗТАЛОВСКИЙ РАЙОН"	"6618"	"Всего"	"1"	"Всего"	"1"	"Всего"	"1"	"Всего"	"1"	"2 888"
"Общая площадь введенных в эксплуатацию жилых зданий(Метр квадратный)"	"2020 год"	"202012"	"КАЗТАЛОВСКИЙ РАЙОН"	"6618"	"Всего"	"1"	"Всего"	"1"	"Всего"	"1"	"Всего"	"1"	"6 198"
"Общая площадь введенных в эксплуатацию жилых зданий(Метр квадратный)"	"2014 год"	"201412"	"КАЗТАЛОВСКИЙ РАЙОН"	"6618"	"Всего"	"1"	"Всего"	"1"	"Всего"	"1"	"Всего"	"1"	"1 292"
"Общая площадь введенных в эксплуатацию жилых зданий(Метр квадратный)"	"2019 год"	"201912"	"КАЗТАЛОВСКИЙ РАЙОН"	"6618"	"Всего"	"1"	"Всего"	"1"	"Всего"	"1"	"Всего"	"1"	"6 599"
"Общая площадь введенных в эксплуатацию жилых зданий(Метр квадратный)"	"2015 год"	"201512"	"КАЗТАЛОВСКИЙ РАЙОН"	"6618"	"Всего"	"1"	"Всего"	"1"	"Всего"	"1"	"Всего"	"1"	"2 450"
"Общая площадь введенных в эксплуатацию жилых зданий(Метр квадратный)"	"2017 год"	"201712"	"КАЗТАЛОВСКИЙ РАЙОН"	"6618"	"Всего"	"1"	"Всего"	"1"	"Всего"	"1"	"Всего"	"1"	"5 035"
"Общая площадь введенных в эксплуатацию жилых зданий(Метр квадратный)"	"2018 год"	"201812"	"КАЗТАЛОВСКИЙ РАЙОН"	"6618"	"Всего"	"1"	"Всего"	"1"	"Всего"	"1"	"Всего"	"1"	"6 198"
"Общая площадь введенных в эксплуатацию жилых зданий(Метр квадратный)"	"2021 год"	"202112"	"КАЗТАЛОВСКИЙ РАЙОН"	"6618"	"Всего"	"1"	"Всего"	"1"	"Всего"	"1"	"Всего"	"1"	"7 231"
"Общая площадь введенных в эксплуатацию жилых зданий(Метр квадратный)"	"2022 год"	"202212"	"КАЗТАЛОВСКИЙ РАЙОН"	"6618"	"Всего"	"1"	"Всего"	"1"	"Всего"	"1"	"Всего"	"1"	"7 496"
"Общая площадь введенных в эксплуатацию жилых зданий(Метр квадратный)"	"2016 год"	"201612"	"КАЗТАЛОВСКИЙ РАЙОН"	"6618"	"сельская местность"	"3"	"Всего"	"1"	"Всего"	"1"	"Всего"	"1"	"2 888"
"Общая площадь введенных в эксплуатацию жилых зданий(Метр квадратный)"	"2020 год"	"202012"	"КАЗТАЛОВСКИЙ РАЙОН"	"6618"	"сельская местность"	"3"	"Всего"	"1"	"Всего"	"1"	"Всего"	"1"	"6 198"
"Общая площадь введенных в эксплуатацию жилых зданий(Метр квадратный)"	"2014 год"	"201412"	"КАЗТАЛОВСКИЙ РАЙОН"	"6618"	"сельская местность"	"3"	"Всего"	"1"	"Всего"	"1"	"Всего"	"1"	"1 292"
"Общая площадь введенных в эксплуатацию жилых зданий(Метр квадратный)"	"2019 год"	"201912"	"КАЗТАЛОВСКИЙ РАЙОН"	"6618"	"сельская местность"	"3"	"Всего"	"1"	"Всего"	"1"	"Всего"	"1"	"6 599"
"Общая площадь введенных в эксплуатацию жилых зданий(Метр квадратный)"	"2015 год"	"201512"	"КАЗТАЛОВСКИЙ РАЙОН"	"6618"	"сельская местность"	"3"	"Всего"	"1"	"Всего"	"1"	"Всего"	"1"	"2 450"
"Общая площадь введенных в эксплуатацию жилых зданий(Метр квадратный)"	"2017 год"	"201712"	"КАЗТАЛОВСКИЙ РАЙОН"	"6618"	"сельская местность"	"3"	"Всего"	"1"	"Всего"	"1"	"Всего"	"1"	"5 035"
"Общая площадь введенных в эксплуатацию жилых зданий(Метр квадратный)"	"2018 год"	"201812"	"КАЗТАЛОВСКИЙ РАЙОН"	"6618"	"сельская местность"	"3"	"Всего"	"1"	"Всего"	"1"	"Всего"	"1"	"6 198"
"Общая площадь введенных в эксплуатацию жилых зданий(Метр квадратный)"	"2021 год"	"202112"	"КАЗТАЛОВСКИЙ РАЙОН"	"6618"	"сельская местность"	"3"	"Всего"	"1"	"Всего"	"1"	"Всего"	"1"	"7 231"
"Общая площадь введенных в эксплуатацию жилых зданий(Метр квадратный)"	"2022 год"	"202212"	"КАЗТАЛОВСКИЙ РАЙОН"	"6618"	"сельская местность"	"3"	"Всего"	"1"	"Всего"	"1"	"Всего"	"1"	"7 496"
"Общая площадь введенных в эксплуатацию жилых зданий(Метр квадратный)"	"2016 год"	"201612"	"КАРАТОБИНСКИЙ РАЙОН"	"7075"	"Всего"	"1"	"Всего"	"1"	"Всего"	"1"	"Всего"	"1"	"1 348"
"Общая площадь введенных в эксплуатацию жилых зданий(Метр квадратный)"	"2020 год"	"202012"	"КАРАТОБИНСКИЙ РАЙОН"	"7075"	"Всего"	"1"	"Всего"	"1"	"Всего"	"1"	"Всего"	"1"	"7 019"
"Общая площадь введенных в эксплуатацию жилых зданий(Метр квадратный)"	"2014 год"	"201412"	"КАРАТОБИНСКИЙ РАЙОН"	"7075"	"Всего"	"1"	"Всего"	"1"	"Всего"	"1"	"Всего"	"1"	"1 803"
"Общая площадь введенных в эксплуатацию жилых зданий(Метр квадратный)"	"2019 год"	"201912"	"КАРАТОБИНСКИЙ РАЙОН"	"7075"	"Всего"	"1"	"Всего"	"1"	"Всего"	"1"	"Всего"	"1"	"2 446"
"Общая площадь введенных в эксплуатацию жилых зданий(Метр квадратный)"	"2015 год"	"201512"	"КАРАТОБИНСКИЙ РАЙОН"	"7075"	"Всего"	"1"	"Всего"	"1"	"Всего"	"1"	"Всего"	"1"	"1 264"
"Общая площадь введенных в эксплуатацию жилых зданий(Метр квадратный)"	"2017 год"	"201712"	"КАРАТОБИНСКИЙ РАЙОН"	"7075"	"Всего"	"1"	"Всего"	"1"	"Всего"	"1"	"Всего"	"1"	"1 906"
"Общая площадь введенных в эксплуатацию жилых зданий(Метр квадратный)"	"2018 год"	"201812"	"КАРАТОБИНСКИЙ РАЙОН"	"7075"	"Всего"	"1"	"Всего"	"1"	"Всего"	"1"	"Всего"	"1"	"2 423"
"Общая площадь введенных в эксплуатацию жилых зданий(Метр квадратный)"	"2021 год"	"202112"	"КАРАТОБИНСКИЙ РАЙОН"	"7075"	"Всего"	"1"	"Всего"	"1"	"Всего"	"1"	"Всего"	"1"	"2 550"
"Общая площадь введенных в эксплуатацию жилых зданий(Метр квадратный)"	"2022 год"	"202212"	"КАРАТОБИНСКИЙ РАЙОН"	"7075"	"Всего"	"1"	"Всего"	"1"	"Всего"	"1"	"Всего"	"1"	"3 444"
"Общая площадь введенных в эксплуатацию жилых зданий(Метр квадратный)"	"2016 год"	"201612"	"КАРАТОБИНСКИЙ РАЙОН"	"7075"	"сельская местность"	"3"	"Всего"	"1"	"Всего"	"1"	"Всего"	"1"	"1 348"
"Общая площадь введенных в эксплуатацию жилых зданий(Метр квадратный)"	"2020 год"	"202012"	"КАРАТОБИНСКИЙ РАЙОН"	"7075"	"сельская местность"	"3"	"Всего"	"1"	"Всего"	"1"	"Всего"	"1"	"7 019"
"Общая площадь введенных в эксплуатацию жилых зданий(Метр квадратный)"	"2014 год"	"201412"	"КАРАТОБИНСКИЙ РАЙОН"	"7075"	"сельская местность"	"3"	"Всего"	"1"	"Всего"	"1"	"Всего"	"1"	"1 803"
"Общая площадь введенных в эксплуатацию жилых зданий(Метр квадратный)"	"2019 год"	"201912"	"КАРАТОБИНСКИЙ РАЙОН"	"7075"	"сельская местность"	"3"	"Всего"	"1"	"Всего"	"1"	"Всего"	"1"	"2 446"
"Общая площадь введенных в эксплуатацию жилых зданий(Метр квадратный)"	"2015 год"	"201512"	"КАРАТОБИНСКИЙ РАЙОН"	"7075"	"сельская местность"	"3"	"Всего"	"1"	"Всего"	"1"	"Всего"	"1"	"1 264"
"Общая площадь введенных в эксплуатацию жилых зданий(Метр квадратный)"	"2017 год"	"201712"	"КАРАТОБИНСКИЙ РАЙОН"	"7075"	"сельская местность"	"3"	"Всего"	"1"	"Всего"	"1"	"Всего"	"1"	"1 906"
"Общая площадь введенных в эксплуатацию жилых зданий(Метр квадратный)"	"2018 год"	"201812"	"КАРАТОБИНСКИЙ РАЙОН"	"7075"	"сельская местность"	"3"	"Всего"	"1"	"Всего"	"1"	"Всего"	"1"	"2 423"
"Общая площадь введенных в эксплуатацию жилых зданий(Метр квадратный)"	"2021 год"	"202112"	"КАРАТОБИНСКИЙ РАЙОН"	"7075"	"сельская местность"	"3"	"Всего"	"1"	"Всего"	"1"	"Всего"	"1"	"2 550"
"Общая площадь введенных в эксплуатацию жилых зданий(Метр квадратный)"	"2022 год"	"202212"	"КАРАТОБИНСКИЙ РАЙОН"	"7075"	"сельская местность"	"3"	"Всего"	"1"	"Всего"	"1"	"Всего"	"1"	"3 444"
"Общая площадь введенных в эксплуатацию жилых зданий(Метр квадратный)"	"2016 год"	"201612"	"БОКЕЙОРДИНСКИЙ РАЙОН"	"7222"	"Всего"	"1"	"Всего"	"1"	"Всего"	"1"	"Всего"	"1"	"3 998"
"Общая площадь введенных в эксплуатацию жилых зданий(Метр квадратный)"	"2020 год"	"202012"	"БОКЕЙОРДИНСКИЙ РАЙОН"	"7222"	"Всего"	"1"	"Всего"	"1"	"Всего"	"1"	"Всего"	"1"	"3 422"
"Общая площадь введенных в эксплуатацию жилых зданий(Метр квадратный)"	"2014 год"	"201412"	"БОКЕЙОРДИНСКИЙ РАЙОН"	"7222"	"Всего"	"1"	"Всего"	"1"	"Всего"	"1"	"Всего"	"1"	"2 158"
"Общая площадь введенных в эксплуатацию жилых зданий(Метр квадратный)"	"2019 год"	"201912"	"БОКЕЙОРДИНСКИЙ РАЙОН"	"7222"	"Всего"	"1"	"Всего"	"1"	"Всего"	"1"	"Всего"	"1"	"4 888"
"Общая площадь введенных в эксплуатацию жилых зданий(Метр квадратный)"	"2015 год"	"201512"	"БОКЕЙОРДИНСКИЙ РАЙОН"	"7222"	"Всего"	"1"	"Всего"	"1"	"Всего"	"1"	"Всего"	"1"	"3 845"
"Общая площадь введенных в эксплуатацию жилых зданий(Метр квадратный)"	"2017 год"	"201712"	"БОКЕЙОРДИНСКИЙ РАЙОН"	"7222"	"Всего"	"1"	"Всего"	"1"	"Всего"	"1"	"Всего"	"1"	"3 861"
"Общая площадь введенных в эксплуатацию жилых зданий(Метр квадратный)"	"2018 год"	"201812"	"БОКЕЙОРДИНСКИЙ РАЙОН"	"7222"	"Всего"	"1"	"Всего"	"1"	"Всего"	"1"	"Всего"	"1"	"6 330"
"Общая площадь введенных в эксплуатацию жилых зданий(Метр квадратный)"	"2021 год"	"202112"	"БОКЕЙОРДИНСКИЙ РАЙОН"	"7222"	"Всего"	"1"	"Всего"	"1"	"Всего"	"1"	"Всего"	"1"	"4 920"
"Общая площадь введенных в эксплуатацию жилых зданий(Метр квадратный)"	"2022 год"	"202212"	"БОКЕЙОРДИНСКИЙ РАЙОН"	"7222"	"Всего"	"1"	"Всего"	"1"	"Всего"	"1"	"Всего"	"1"	"2 527"
"Общая площадь введенных в эксплуатацию жилых зданий(Метр квадратный)"	"2016 год"	"201612"	"БОКЕЙОРДИНСКИЙ РАЙОН"	"7222"	"сельская местность"	"3"	"Всего"	"1"	"Всего"	"1"	"Всего"	"1"	"3 998"
"Общая площадь введенных в эксплуатацию жилых зданий(Метр квадратный)"	"2020 год"	"202012"	"БОКЕЙОРДИНСКИЙ РАЙОН"	"7222"	"сельская местность"	"3"	"Всего"	"1"	"Всего"	"1"	"Всего"	"1"	"3 422"
"Общая площадь введенных в эксплуатацию жилых зданий(Метр квадратный)"	"2014 год"	"201412"	"БОКЕЙОРДИНСКИЙ РАЙОН"	"7222"	"сельская местность"	"3"	"Всего"	"1"	"Всего"	"1"	"Всего"	"1"	"2 158"
"Общая площадь введенных в эксплуатацию жилых зданий(Метр квадратный)"	"2019 год"	"201912"	"БОКЕЙОРДИНСКИЙ РАЙОН"	"7222"	"сельская местность"	"3"	"Всего"	"1"	"Всего"	"1"	"Всего"	"1"	"4 888"
"Общая площадь введенных в эксплуатацию жилых зданий(Метр квадратный)"	"2015 год"	"201512"	"БОКЕЙОРДИНСКИЙ РАЙОН"	"7222"	"сельская местность"	"3"	"Всего"	"1"	"Всего"	"1"	"Всего"	"1"	"3 845"
"Общая площадь введенных в эксплуатацию жилых зданий(Метр квадратный)"	"2017 год"	"201712"	"БОКЕЙОРДИНСКИЙ РАЙОН"	"7222"	"сельская местность"	"3"	"Всего"	"1"	"Всего"	"1"	"Всего"	"1"	"3 861"
"Общая площадь введенных в эксплуатацию жилых зданий(Метр квадратный)"	"2018 год"	"201812"	"БОКЕЙОРДИНСКИЙ РАЙОН"	"7222"	"сельская местность"	"3"	"Всего"	"1"	"Всего"	"1"	"Всего"	"1"	"6 330"
"Общая площадь введенных в эксплуатацию жилых зданий(Метр квадратный)"	"2021 год"	"202112"	"БОКЕЙОРДИНСКИЙ РАЙОН"	"7222"	"сельская местность"	"3"	"Всего"	"1"	"Всего"	"1"	"Всего"	"1"	"4 920"
"Общая площадь введенных в эксплуатацию жилых зданий(Метр квадратный)"	"2022 год"	"202212"	"БОКЕЙОРДИНСКИЙ РАЙОН"	"7222"	"сельская местность"	"3"	"Всего"	"1"	"Всего"	"1"	"Всего"	"1"	"2 527"
"Общая площадь введенных в эксплуатацию жилых зданий(Метр квадратный)"	"2016 год"	"201612"	"СЫРЫМСКИЙ РАЙОН"	"7726"	"Всего"	"1"	"Всего"	"1"	"Всего"	"1"	"Всего"	"1"	"3 879"
"Общая площадь введенных в эксплуатацию жилых зданий(Метр квадратный)"	"2020 год"	"202012"	"СЫРЫМСКИЙ РАЙОН"	"7726"	"Всего"	"1"	"Всего"	"1"	"Всего"	"1"	"Всего"	"1"	"5 317"
"Общая площадь введенных в эксплуатацию жилых зданий(Метр квадратный)"	"2014 год"	"201412"	"СЫРЫМСКИЙ РАЙОН"	"7726"	"Всего"	"1"	"Всего"	"1"	"Всего"	"1"	"Всего"	"1"	"4 333"
"Общая площадь введенных в эксплуатацию жилых зданий(Метр квадратный)"	"2019 год"	"201912"	"СЫРЫМСКИЙ РАЙОН"	"7726"	"Всего"	"1"	"Всего"	"1"	"Всего"	"1"	"Всего"	"1"	"4 733"
"Общая площадь введенных в эксплуатацию жилых зданий(Метр квадратный)"	"2015 год"	"201512"	"СЫРЫМСКИЙ РАЙОН"	"7726"	"Всего"	"1"	"Всего"	"1"	"Всего"	"1"	"Всего"	"1"	"3 616"
"Общая площадь введенных в эксплуатацию жилых зданий(Метр квадратный)"	"2017 год"	"201712"	"СЫРЫМСКИЙ РАЙОН"	"7726"	"Всего"	"1"	"Всего"	"1"	"Всего"	"1"	"Всего"	"1"	"3 925"
"Общая площадь введенных в эксплуатацию жилых зданий(Метр квадратный)"	"2018 год"	"201812"	"СЫРЫМСКИЙ РАЙОН"	"7726"	"Всего"	"1"	"Всего"	"1"	"Всего"	"1"	"Всего"	"1"	"6 121"
"Общая площадь введенных в эксплуатацию жилых зданий(Метр квадратный)"	"2021 год"	"202112"	"СЫРЫМСКИЙ РАЙОН"	"7726"	"Всего"	"1"	"Всего"	"1"	"Всего"	"1"	"Всего"	"1"	"5 497"
"Общая площадь введенных в эксплуатацию жилых зданий(Метр квадратный)"	"2022 год"	"202212"	"СЫРЫМСКИЙ РАЙОН"	"7726"	"Всего"	"1"	"Всего"	"1"	"Всего"	"1"	"Всего"	"1"	"5 889"
"Общая площадь введенных в эксплуатацию жилых зданий(Метр квадратный)"	"2016 год"	"201612"	"СЫРЫМСКИЙ РАЙОН"	"7726"	"сельская местность"	"3"	"Всего"	"1"	"Всего"	"1"	"Всего"	"1"	"3 879"
"Общая площадь введенных в эксплуатацию жилых зданий(Метр квадратный)"	"2020 год"	"202012"	"СЫРЫМСКИЙ РАЙОН"	"7726"	"сельская местность"	"3"	"Всего"	"1"	"Всего"	"1"	"Всего"	"1"	"5 317"
"Общая площадь введенных в эксплуатацию жилых зданий(Метр квадратный)"	"2014 год"	"201412"	"СЫРЫМСКИЙ РАЙОН"	"7726"	"сельская местность"	"3"	"Всего"	"1"	"Всего"	"1"	"Всего"	"1"	"4 333"
"Общая площадь введенных в эксплуатацию жилых зданий(Метр квадратный)"	"2019 год"	"201912"	"СЫРЫМСКИЙ РАЙОН"	"7726"	"сельская местность"	"3"	"Всего"	"1"	"Всего"	"1"	"Всего"	"1"	"4 733"
"Общая площадь введенных в эксплуатацию жилых зданий(Метр квадратный)"	"2015 год"	"201512"	"СЫРЫМСКИЙ РАЙОН"	"7726"	"сельская местность"	"3"	"Всего"	"1"	"Всего"	"1"	"Всего"	"1"	"3 616"
"Общая площадь введенных в эксплуатацию жилых зданий(Метр квадратный)"	"2017 год"	"201712"	"СЫРЫМСКИЙ РАЙОН"	"7726"	"сельская местность"	"3"	"Всего"	"1"	"Всего"	"1"	"Всего"	"1"	"3 925"
"Общая площадь введенных в эксплуатацию жилых зданий(Метр квадратный)"	"2018 год"	"201812"	"СЫРЫМСКИЙ РАЙОН"	"7726"	"сельская местность"	"3"	"Всего"	"1"	"Всего"	"1"	"Всего"	"1"	"6 121"
"Общая площадь введенных в эксплуатацию жилых зданий(Метр квадратный)"	"2021 год"	"202112"	"СЫРЫМСКИЙ РАЙОН"	"7726"	"сельская местность"	"3"	"Всего"	"1"	"Всего"	"1"	"Всего"	"1"	"5 497"
"Общая площадь введенных в эксплуатацию жилых зданий(Метр квадратный)"	"2022 год"	"202212"	"СЫРЫМСКИЙ РАЙОН"	"7726"	"сельская местность"	"3"	"Всего"	"1"	"Всего"	"1"	"Всего"	"1"	"5 889"
"Общая площадь введенных в эксплуатацию жилых зданий(Метр квадратный)"	"2016 год"	"201612"	"ТАСКАЛИНСКИЙ РАЙОН"	"7882"	"Всего"	"1"	"Всего"	"1"	"Всего"	"1"	"Всего"	"1"	"2 599"
"Общая площадь введенных в эксплуатацию жилых зданий(Метр квадратный)"	"2020 год"	"202012"	"ТАСКАЛИНСКИЙ РАЙОН"	"7882"	"Всего"	"1"	"Всего"	"1"	"Всего"	"1"	"Всего"	"1"	"3 959"
"Общая площадь введенных в эксплуатацию жилых зданий(Метр квадратный)"	"2014 год"	"201412"	"ТАСКАЛИНСКИЙ РАЙОН"	"7882"	"Всего"	"1"	"Всего"	"1"	"Всего"	"1"	"Всего"	"1"	"2 079"
"Общая площадь введенных в эксплуатацию жилых зданий(Метр квадратный)"	"2019 год"	"201912"	"ТАСКАЛИНСКИЙ РАЙОН"	"7882"	"Всего"	"1"	"Всего"	"1"	"Всего"	"1"	"Всего"	"1"	"7 609"
"Общая площадь введенных в эксплуатацию жилых зданий(Метр квадратный)"	"2015 год"	"201512"	"ТАСКАЛИНСКИЙ РАЙОН"	"7882"	"Всего"	"1"	"Всего"	"1"	"Всего"	"1"	"Всего"	"1"	"3 441"
"Общая площадь введенных в эксплуатацию жилых зданий(Метр квадратный)"	"2017 год"	"201712"	"ТАСКАЛИНСКИЙ РАЙОН"	"7882"	"Всего"	"1"	"Всего"	"1"	"Всего"	"1"	"Всего"	"1"	"3 052"
"Общая площадь введенных в эксплуатацию жилых зданий(Метр квадратный)"	"2018 год"	"201812"	"ТАСКАЛИНСКИЙ РАЙОН"	"7882"	"Всего"	"1"	"Всего"	"1"	"Всего"	"1"	"Всего"	"1"	"3 751"
"Общая площадь введенных в эксплуатацию жилых зданий(Метр квадратный)"	"2021 год"	"202112"	"ТАСКАЛИНСКИЙ РАЙОН"	"7882"	"Всего"	"1"	"Всего"	"1"	"Всего"	"1"	"Всего"	"1"	"2 195"
"Общая площадь введенных в эксплуатацию жилых зданий(Метр квадратный)"	"2022 год"	"202212"	"ТАСКАЛИНСКИЙ РАЙОН"	"7882"	"Всего"	"1"	"Всего"	"1"	"Всего"	"1"	"Всего"	"1"	"4 136"
"Общая площадь введенных в эксплуатацию жилых зданий(Метр квадратный)"	"2016 год"	"201612"	"ТАСКАЛИНСКИЙ РАЙОН"	"7882"	"сельская местность"	"3"	"Всего"	"1"	"Всего"	"1"	"Всего"	"1"	"2 599"
"Общая площадь введенных в эксплуатацию жилых зданий(Метр квадратный)"	"2020 год"	"202012"	"ТАСКАЛИНСКИЙ РАЙОН"	"7882"	"сельская местность"	"3"	"Всего"	"1"	"Всего"	"1"	"Всего"	"1"	"3 959"
"Общая площадь введенных в эксплуатацию жилых зданий(Метр квадратный)"	"2014 год"	"201412"	"ТАСКАЛИНСКИЙ РАЙОН"	"7882"	"сельская местность"	"3"	"Всего"	"1"	"Всего"	"1"	"Всего"	"1"	"2 079"
"Общая площадь введенных в эксплуатацию жилых зданий(Метр квадратный)"	"2019 год"	"201912"	"ТАСКАЛИНСКИЙ РАЙОН"	"7882"	"сельская местность"	"3"	"Всего"	"1"	"Всего"	"1"	"Всего"	"1"	"7 609"
"Общая площадь введенных в эксплуатацию жилых зданий(Метр квадратный)"	"2015 год"	"201512"	"ТАСКАЛИНСКИЙ РАЙОН"	"7882"	"сельская местность"	"3"	"Всего"	"1"	"Всего"	"1"	"Всего"	"1"	"3 441"
"Общая площадь введенных в эксплуатацию жилых зданий(Метр квадратный)"	"2017 год"	"201712"	"ТАСКАЛИНСКИЙ РАЙОН"	"7882"	"сельская местность"	"3"	"Всего"	"1"	"Всего"	"1"	"Всего"	"1"	"3 052"
"Общая площадь введенных в эксплуатацию жилых зданий(Метр квадратный)"	"2018 год"	"201812"	"ТАСКАЛИНСКИЙ РАЙОН"	"7882"	"сельская местность"	"3"	"Всего"	"1"	"Всего"	"1"	"Всего"	"1"	"3 751"
"Общая площадь введенных в эксплуатацию жилых зданий(Метр квадратный)"	"2021 год"	"202112"	"ТАСКАЛИНСКИЙ РАЙОН"	"7882"	"сельская местность"	"3"	"Всего"	"1"	"Всего"	"1"	"Всего"	"1"	"2 195"
"Общая площадь введенных в эксплуатацию жилых зданий(Метр квадратный)"	"2022 год"	"202212"	"ТАСКАЛИНСКИЙ РАЙОН"	"7882"	"сельская местность"	"3"	"Всего"	"1"	"Всего"	"1"	"Всего"	"1"	"4 136"
"Общая площадь введенных в эксплуатацию жилых зданий(Метр квадратный)"	"2016 год"	"201612"	"ТЕРЕКТИНСКИЙ РАЙОН"	"8001"	"Всего"	"1"	"Всего"	"1"	"Всего"	"1"	"Всего"	"1"	"16 576"
"Общая площадь введенных в эксплуатацию жилых зданий(Метр квадратный)"	"2020 год"	"202012"	"ТЕРЕКТИНСКИЙ РАЙОН"	"8001"	"Всего"	"1"	"Всего"	"1"	"Всего"	"1"	"Всего"	"1"	"20 553"
"Общая площадь введенных в эксплуатацию жилых зданий(Метр квадратный)"	"2014 год"	"201412"	"ТЕРЕКТИНСКИЙ РАЙОН"	"8001"	"Всего"	"1"	"Всего"	"1"	"Всего"	"1"	"Всего"	"1"	"14 495"
"Общая площадь введенных в эксплуатацию жилых зданий(Метр квадратный)"	"2019 год"	"201912"	"ТЕРЕКТИНСКИЙ РАЙОН"	"8001"	"Всего"	"1"	"Всего"	"1"	"Всего"	"1"	"Всего"	"1"	"20 332"
"Общая площадь введенных в эксплуатацию жилых зданий(Метр квадратный)"	"2015 год"	"201512"	"ТЕРЕКТИНСКИЙ РАЙОН"	"8001"	"Всего"	"1"	"Всего"	"1"	"Всего"	"1"	"Всего"	"1"	"14 652"
"Общая площадь введенных в эксплуатацию жилых зданий(Метр квадратный)"	"2017 год"	"201712"	"ТЕРЕКТИНСКИЙ РАЙОН"	"8001"	"Всего"	"1"	"Всего"	"1"	"Всего"	"1"	"Всего"	"1"	"16 605"
"Общая площадь введенных в эксплуатацию жилых зданий(Метр квадратный)"	"2018 год"	"201812"	"ТЕРЕКТИНСКИЙ РАЙОН"	"8001"	"Всего"	"1"	"Всего"	"1"	"Всего"	"1"	"Всего"	"1"	"16 093"
"Общая площадь введенных в эксплуатацию жилых зданий(Метр квадратный)"	"2021 год"	"202112"	"ТЕРЕКТИНСКИЙ РАЙОН"	"8001"	"Всего"	"1"	"Всего"	"1"	"Всего"	"1"	"Всего"	"1"	"28 383"
"Общая площадь введенных в эксплуатацию жилых зданий(Метр квадратный)"	"2022 год"	"202212"	"ТЕРЕКТИНСКИЙ РАЙОН"	"8001"	"Всего"	"1"	"Всего"	"1"	"Всего"	"1"	"Всего"	"1"	"16 333"
"Общая площадь введенных в эксплуатацию жилых зданий(Метр квадратный)"	"2016 год"	"201612"	"ТЕРЕКТИНСКИЙ РАЙОН"	"8001"	"сельская местность"	"3"	"Всего"	"1"	"Всего"	"1"	"Всего"	"1"	"16 576"
"Общая площадь введенных в эксплуатацию жилых зданий(Метр квадратный)"	"2020 год"	"202012"	"ТЕРЕКТИНСКИЙ РАЙОН"	"8001"	"сельская местность"	"3"	"Всего"	"1"	"Всего"	"1"	"Всего"	"1"	"20 553"
"Общая площадь введенных в эксплуатацию жилых зданий(Метр квадратный)"	"2014 год"	"201412"	"ТЕРЕКТИНСКИЙ РАЙОН"	"8001"	"сельская местность"	"3"	"Всего"	"1"	"Всего"	"1"	"Всего"	"1"	"14 495"
"Общая площадь введенных в эксплуатацию жилых зданий(Метр квадратный)"	"2019 год"	"201912"	"ТЕРЕКТИНСКИЙ РАЙОН"	"8001"	"сельская местность"	"3"	"Всего"	"1"	"Всего"	"1"	"Всего"	"1"	"20 332"
"Общая площадь введенных в эксплуатацию жилых зданий(Метр квадратный)"	"2015 год"	"201512"	"ТЕРЕКТИНСКИЙ РАЙОН"	"8001"	"сельская местность"	"3"	"Всего"	"1"	"Всего"	"1"	"Всего"	"1"	"14 652"
"Общая площадь введенных в эксплуатацию жилых зданий(Метр квадратный)"	"2017 год"	"201712"	"ТЕРЕКТИНСКИЙ РАЙОН"	"8001"	"сельская местность"	"3"	"Всего"	"1"	"Всего"	"1"	"Всего"	"1"	"16 605"
"Общая площадь введенных в эксплуатацию жилых зданий(Метр квадратный)"	"2018 год"	"201812"	"ТЕРЕКТИНСКИЙ РАЙОН"	"8001"	"сельская местность"	"3"	"Всего"	"1"	"Всего"	"1"	"Всего"	"1"	"16 093"
"Общая площадь введенных в эксплуатацию жилых зданий(Метр квадратный)"	"2021 год"	"202112"	"ТЕРЕКТИНСКИЙ РАЙОН"	"8001"	"сельская местность"	"3"	"Всего"	"1"	"Всего"	"1"	"Всего"	"1"	"28 383"
"Общая площадь введенных в эксплуатацию жилых зданий(Метр квадратный)"	"2022 год"	"202212"	"ТЕРЕКТИНСКИЙ РАЙОН"	"8001"	"сельская местность"	"3"	"Всего"	"1"	"Всего"	"1"	"Всего"	"1"	"16 333"
"Общая площадь введенных в эксплуатацию жилых зданий(Метр квадратный)"	"2016 год"	"201612"	"ЧИНГИРЛАУСКИЙ РАЙОН"	"8090"	"Всего"	"1"	"Всего"	"1"	"Всего"	"1"	"Всего"	"1"	"1 759"
"Общая площадь введенных в эксплуатацию жилых зданий(Метр квадратный)"	"2020 год"	"202012"	"ЧИНГИРЛАУСКИЙ РАЙОН"	"8090"	"Всего"	"1"	"Всего"	"1"	"Всего"	"1"	"Всего"	"1"	"3 013"
"Общая площадь введенных в эксплуатацию жилых зданий(Метр квадратный)"	"2014 год"	"201412"	"ЧИНГИРЛАУСКИЙ РАЙОН"	"8090"	"Всего"	"1"	"Всего"	"1"	"Всего"	"1"	"Всего"	"1"	"1 680"
"Общая площадь введенных в эксплуатацию жилых зданий(Метр квадратный)"	"2019 год"	"201912"	"ЧИНГИРЛАУСКИЙ РАЙОН"	"8090"	"Всего"	"1"	"Всего"	"1"	"Всего"	"1"	"Всего"	"1"	"2 706"
"Общая площадь введенных в эксплуатацию жилых зданий(Метр квадратный)"	"2015 год"	"201512"	"ЧИНГИРЛАУСКИЙ РАЙОН"	"8090"	"Всего"	"1"	"Всего"	"1"	"Всего"	"1"	"Всего"	"1"	"1 688"
"Общая площадь введенных в эксплуатацию жилых зданий(Метр квадратный)"	"2017 год"	"201712"	"ЧИНГИРЛАУСКИЙ РАЙОН"	"8090"	"Всего"	"1"	"Всего"	"1"	"Всего"	"1"	"Всего"	"1"	"1 812"
"Общая площадь введенных в эксплуатацию жилых зданий(Метр квадратный)"	"2018 год"	"201812"	"ЧИНГИРЛАУСКИЙ РАЙОН"	"8090"	"Всего"	"1"	"Всего"	"1"	"Всего"	"1"	"Всего"	"1"	"2 480"
"Общая площадь введенных в эксплуатацию жилых зданий(Метр квадратный)"	"2021 год"	"202112"	"ЧИНГИРЛАУСКИЙ РАЙОН"	"8090"	"Всего"	"1"	"Всего"	"1"	"Всего"	"1"	"Всего"	"1"	"2 960"
"Общая площадь введенных в эксплуатацию жилых зданий(Метр квадратный)"	"2022 год"	"202212"	"ЧИНГИРЛАУСКИЙ РАЙОН"	"8090"	"Всего"	"1"	"Всего"	"1"	"Всего"	"1"	"Всего"	"1"	"3 236"
"Общая площадь введенных в эксплуатацию жилых зданий(Метр квадратный)"	"2016 год"	"201612"	"ЧИНГИРЛАУСКИЙ РАЙОН"	"8090"	"сельская местность"	"3"	"Всего"	"1"	"Всего"	"1"	"Всего"	"1"	"1 759"
"Общая площадь введенных в эксплуатацию жилых зданий(Метр квадратный)"	"2020 год"	"202012"	"ЧИНГИРЛАУСКИЙ РАЙОН"	"8090"	"сельская местность"	"3"	"Всего"	"1"	"Всего"	"1"	"Всего"	"1"	"3 013"
"Общая площадь введенных в эксплуатацию жилых зданий(Метр квадратный)"	"2014 год"	"201412"	"ЧИНГИРЛАУСКИЙ РАЙОН"	"8090"	"сельская местность"	"3"	"Всего"	"1"	"Всего"	"1"	"Всего"	"1"	"1 680"
"Общая площадь введенных в эксплуатацию жилых зданий(Метр квадратный)"	"2019 год"	"201912"	"ЧИНГИРЛАУСКИЙ РАЙОН"	"8090"	"сельская местность"	"3"	"Всего"	"1"	"Всего"	"1"	"Всего"	"1"	"2 706"
"Общая площадь введенных в эксплуатацию жилых зданий(Метр квадратный)"	"2015 год"	"201512"	"ЧИНГИРЛАУСКИЙ РАЙОН"	"8090"	"сельская местность"	"3"	"Всего"	"1"	"Всего"	"1"	"Всего"	"1"	"1 688"
"Общая площадь введенных в эксплуатацию жилых зданий(Метр квадратный)"	"2017 год"	"201712"	"ЧИНГИРЛАУСКИЙ РАЙОН"	"8090"	"сельская местность"	"3"	"Всего"	"1"	"Всего"	"1"	"Всего"	"1"	"1 812"
"Общая площадь введенных в эксплуатацию жилых зданий(Метр квадратный)"	"2018 год"	"201812"	"ЧИНГИРЛАУСКИЙ РАЙОН"	"8090"	"сельская местность"	"3"	"Всего"	"1"	"Всего"	"1"	"Всего"	"1"	"2 480"
"Общая площадь введенных в эксплуатацию жилых зданий(Метр квадратный)"	"2021 год"	"202112"	"ЧИНГИРЛАУСКИЙ РАЙОН"	"8090"	"сельская местность"	"3"	"Всего"	"1"	"Всего"	"1"	"Всего"	"1"	"2 960"
"Общая площадь введенных в эксплуатацию жилых зданий(Метр квадратный)"	"2022 год"	"202212"	"ЧИНГИРЛАУСКИЙ РАЙОН"	"8090"	"сельская местность"	"3"	"Всего"	"1"	"Всего"	"1"	"Всего"	"1"	"3 236"
"Общая площадь введенных в эксплуатацию жилых зданий(Метр квадратный)"	"2016 год"	"201612"	"ЖАМБЫЛСКАЯ ОБЛАСТЬ"	"8162"	"Всего"	"1"	"Всего"	"1"	"Всего"	"1"	"Всего"	"1"	"318 181"
"Общая площадь введенных в эксплуатацию жилых зданий(Метр квадратный)"	"2020 год"	"202012"	"ЖАМБЫЛСКАЯ ОБЛАСТЬ"	"8162"	"Всего"	"1"	"Всего"	"1"	"Всего"	"1"	"Всего"	"1"	"617 515"
"Общая площадь введенных в эксплуатацию жилых зданий(Метр квадратный)"	"2014 год"	"201412"	"ЖАМБЫЛСКАЯ ОБЛАСТЬ"	"8162"	"Всего"	"1"	"Всего"	"1"	"Всего"	"1"	"Всего"	"1"	"258 100"
"Общая площадь введенных в эксплуатацию жилых зданий(Метр квадратный)"	"2019 год"	"201912"	"ЖАМБЫЛСКАЯ ОБЛАСТЬ"	"8162"	"Всего"	"1"	"Всего"	"1"	"Всего"	"1"	"Всего"	"1"	"507 361"
"Общая площадь введенных в эксплуатацию жилых зданий(Метр квадратный)"	"2015 год"	"201512"	"ЖАМБЫЛСКАЯ ОБЛАСТЬ"	"8162"	"Всего"	"1"	"Всего"	"1"	"Всего"	"1"	"Всего"	"1"	"292 407"
"Общая площадь введенных в эксплуатацию жилых зданий(Метр квадратный)"	"2017 год"	"201712"	"ЖАМБЫЛСКАЯ ОБЛАСТЬ"	"8162"	"Всего"	"1"	"Всего"	"1"	"Всего"	"1"	"Всего"	"1"	"397 463"
"Общая площадь введенных в эксплуатацию жилых зданий(Метр квадратный)"	"2018 год"	"201812"	"ЖАМБЫЛСКАЯ ОБЛАСТЬ"	"8162"	"Всего"	"1"	"Всего"	"1"	"Всего"	"1"	"Всего"	"1"	"482 298"
"Общая площадь введенных в эксплуатацию жилых зданий(Метр квадратный)"	"2021 год"	"202112"	"ЖАМБЫЛСКАЯ ОБЛАСТЬ"	"8162"	"Всего"	"1"	"Всего"	"1"	"Всего"	"1"	"Всего"	"1"	"683 279"
"Общая площадь введенных в эксплуатацию жилых зданий(Метр квадратный)"	"2022 год"	"202212"	"ЖАМБЫЛСКАЯ ОБЛАСТЬ"	"8162"	"Всего"	"1"	"Всего"	"1"	"Всего"	"1"	"Всего"	"1"	"693 545"
"Общая площадь введенных в эксплуатацию жилых зданий(Метр квадратный)"	"2016 год"	"201612"	"ЖАМБЫЛСКАЯ ОБЛАСТЬ"	"8162"	"городская местность"	"2"	"Всего"	"1"	"Всего"	"1"	"Всего"	"1"	"150 568"
"Общая площадь введенных в эксплуатацию жилых зданий(Метр квадратный)"	"2020 год"	"202012"	"ЖАМБЫЛСКАЯ ОБЛАСТЬ"	"8162"	"городская местность"	"2"	"Всего"	"1"	"Всего"	"1"	"Всего"	"1"	"376 939"
"Общая площадь введенных в эксплуатацию жилых зданий(Метр квадратный)"	"2014 год"	"201412"	"ЖАМБЫЛСКАЯ ОБЛАСТЬ"	"8162"	"городская местность"	"2"	"Всего"	"1"	"Всего"	"1"	"Всего"	"1"	"141 545"
"Общая площадь введенных в эксплуатацию жилых зданий(Метр квадратный)"	"2019 год"	"201912"	"ЖАМБЫЛСКАЯ ОБЛАСТЬ"	"8162"	"городская местность"	"2"	"Всего"	"1"	"Всего"	"1"	"Всего"	"1"	"312 692"
"Общая площадь введенных в эксплуатацию жилых зданий(Метр квадратный)"	"2015 год"	"201512"	"ЖАМБЫЛСКАЯ ОБЛАСТЬ"	"8162"	"городская местность"	"2"	"Всего"	"1"	"Всего"	"1"	"Всего"	"1"	"153 035"
"Общая площадь введенных в эксплуатацию жилых зданий(Метр квадратный)"	"2017 год"	"201712"	"ЖАМБЫЛСКАЯ ОБЛАСТЬ"	"8162"	"городская местность"	"2"	"Всего"	"1"	"Всего"	"1"	"Всего"	"1"	"212 115"
"Общая площадь введенных в эксплуатацию жилых зданий(Метр квадратный)"	"2018 год"	"201812"	"ЖАМБЫЛСКАЯ ОБЛАСТЬ"	"8162"	"городская местность"	"2"	"Всего"	"1"	"Всего"	"1"	"Всего"	"1"	"300 404"
"Общая площадь введенных в эксплуатацию жилых зданий(Метр квадратный)"	"2021 год"	"202112"	"ЖАМБЫЛСКАЯ ОБЛАСТЬ"	"8162"	"городская местность"	"2"	"Всего"	"1"	"Всего"	"1"	"Всего"	"1"	"389 188"
"Общая площадь введенных в эксплуатацию жилых зданий(Метр квадратный)"	"2022 год"	"202212"	"ЖАМБЫЛСКАЯ ОБЛАСТЬ"	"8162"	"городская местность"	"2"	"Всего"	"1"	"Всего"	"1"	"Всего"	"1"	"391 709"
"Общая площадь введенных в эксплуатацию жилых зданий(Метр квадратный)"	"2016 год"	"201612"	"ЖАМБЫЛСКАЯ ОБЛАСТЬ"	"8162"	"сельская местность"	"3"	"Всего"	"1"	"Всего"	"1"	"Всего"	"1"	"167 613"
"Общая площадь введенных в эксплуатацию жилых зданий(Метр квадратный)"	"2020 год"	"202012"	"ЖАМБЫЛСКАЯ ОБЛАСТЬ"	"8162"	"сельская местность"	"3"	"Всего"	"1"	"Всего"	"1"	"Всего"	"1"	"240 576"
"Общая площадь введенных в эксплуатацию жилых зданий(Метр квадратный)"	"2014 год"	"201412"	"ЖАМБЫЛСКАЯ ОБЛАСТЬ"	"8162"	"сельская местность"	"3"	"Всего"	"1"	"Всего"	"1"	"Всего"	"1"	"116 555"
"Общая площадь введенных в эксплуатацию жилых зданий(Метр квадратный)"	"2019 год"	"201912"	"ЖАМБЫЛСКАЯ ОБЛАСТЬ"	"8162"	"сельская местность"	"3"	"Всего"	"1"	"Всего"	"1"	"Всего"	"1"	"194 669"
"Общая площадь введенных в эксплуатацию жилых зданий(Метр квадратный)"	"2015 год"	"201512"	"ЖАМБЫЛСКАЯ ОБЛАСТЬ"	"8162"	"сельская местность"	"3"	"Всего"	"1"	"Всего"	"1"	"Всего"	"1"	"139 372"
"Общая площадь введенных в эксплуатацию жилых зданий(Метр квадратный)"	"2017 год"	"201712"	"ЖАМБЫЛСКАЯ ОБЛАСТЬ"	"8162"	"сельская местность"	"3"	"Всего"	"1"	"Всего"	"1"	"Всего"	"1"	"185 348"
"Общая площадь введенных в эксплуатацию жилых зданий(Метр квадратный)"	"2018 год"	"201812"	"ЖАМБЫЛСКАЯ ОБЛАСТЬ"	"8162"	"сельская местность"	"3"	"Всего"	"1"	"Всего"	"1"	"Всего"	"1"	"181 894"
"Общая площадь введенных в эксплуатацию жилых зданий(Метр квадратный)"	"2021 год"	"202112"	"ЖАМБЫЛСКАЯ ОБЛАСТЬ"	"8162"	"сельская местность"	"3"	"Всего"	"1"	"Всего"	"1"	"Всего"	"1"	"294 091"
"Общая площадь введенных в эксплуатацию жилых зданий(Метр квадратный)"	"2022 год"	"202212"	"ЖАМБЫЛСКАЯ ОБЛАСТЬ"	"8162"	"сельская местность"	"3"	"Всего"	"1"	"Всего"	"1"	"Всего"	"1"	"301 836"
"Общая площадь введенных в эксплуатацию жилых зданий(Метр квадратный)"	"2016 год"	"201612"	"ТАРАЗ Г.А."	"8163"	"Всего"	"1"	"Всего"	"1"	"Всего"	"1"	"Всего"	"1"	"129 984"
"Общая площадь введенных в эксплуатацию жилых зданий(Метр квадратный)"	"2020 год"	"202012"	"ТАРАЗ Г.А."	"8163"	"Всего"	"1"	"Всего"	"1"	"Всего"	"1"	"Всего"	"1"	"336 607"
"Общая площадь введенных в эксплуатацию жилых зданий(Метр квадратный)"	"2014 год"	"201412"	"ТАРАЗ Г.А."	"8163"	"Всего"	"1"	"Всего"	"1"	"Всего"	"1"	"Всего"	"1"	"110 303"
"Общая площадь введенных в эксплуатацию жилых зданий(Метр квадратный)"	"2019 год"	"201912"	"ТАРАЗ Г.А."	"8163"	"Всего"	"1"	"Всего"	"1"	"Всего"	"1"	"Всего"	"1"	"284 473"
"Общая площадь введенных в эксплуатацию жилых зданий(Метр квадратный)"	"2015 год"	"201512"	"ТАРАЗ Г.А."	"8163"	"Всего"	"1"	"Всего"	"1"	"Всего"	"1"	"Всего"	"1"	"128 231"
"Общая площадь введенных в эксплуатацию жилых зданий(Метр квадратный)"	"2017 год"	"201712"	"ТАРАЗ Г.А."	"8163"	"Всего"	"1"	"Всего"	"1"	"Всего"	"1"	"Всего"	"1"	"192 622"
"Общая площадь введенных в эксплуатацию жилых зданий(Метр квадратный)"	"2018 год"	"201812"	"ТАРАЗ Г.А."	"8163"	"Всего"	"1"	"Всего"	"1"	"Всего"	"1"	"Всего"	"1"	"243 081"
"Общая площадь введенных в эксплуатацию жилых зданий(Метр квадратный)"	"2021 год"	"202112"	"ТАРАЗ Г.А."	"8163"	"Всего"	"1"	"Всего"	"1"	"Всего"	"1"	"Всего"	"1"	"336 287"
"Общая площадь введенных в эксплуатацию жилых зданий(Метр квадратный)"	"2022 год"	"202212"	"ТАРАЗ Г.А."	"8163"	"Всего"	"1"	"Всего"	"1"	"Всего"	"1"	"Всего"	"1"	"354 490"
"Общая площадь введенных в эксплуатацию жилых зданий(Метр квадратный)"	"2016 год"	"201612"	"ТАРАЗ Г.А."	"8163"	"городская местность"	"2"	"Всего"	"1"	"Всего"	"1"	"Всего"	"1"	"129 984"
"Общая площадь введенных в эксплуатацию жилых зданий(Метр квадратный)"	"2020 год"	"202012"	"ТАРАЗ Г.А."	"8163"	"городская местность"	"2"	"Всего"	"1"	"Всего"	"1"	"Всего"	"1"	"336 607"
"Общая площадь введенных в эксплуатацию жилых зданий(Метр квадратный)"	"2014 год"	"201412"	"ТАРАЗ Г.А."	"8163"	"городская местность"	"2"	"Всего"	"1"	"Всего"	"1"	"Всего"	"1"	"110 303"
"Общая площадь введенных в эксплуатацию жилых зданий(Метр квадратный)"	"2019 год"	"201912"	"ТАРАЗ Г.А."	"8163"	"городская местность"	"2"	"Всего"	"1"	"Всего"	"1"	"Всего"	"1"	"284 473"
"Общая площадь введенных в эксплуатацию жилых зданий(Метр квадратный)"	"2015 год"	"201512"	"ТАРАЗ Г.А."	"8163"	"городская местность"	"2"	"Всего"	"1"	"Всего"	"1"	"Всего"	"1"	"128 231"
"Общая площадь введенных в эксплуатацию жилых зданий(Метр квадратный)"	"2017 год"	"201712"	"ТАРАЗ Г.А."	"8163"	"городская местность"	"2"	"Всего"	"1"	"Всего"	"1"	"Всего"	"1"	"192 622"
"Общая площадь введенных в эксплуатацию жилых зданий(Метр квадратный)"	"2018 год"	"201812"	"ТАРАЗ Г.А."	"8163"	"городская местность"	"2"	"Всего"	"1"	"Всего"	"1"	"Всего"	"1"	"243 081"
"Общая площадь введенных в эксплуатацию жилых зданий(Метр квадратный)"	"2021 год"	"202112"	"ТАРАЗ Г.А."	"8163"	"городская местность"	"2"	"Всего"	"1"	"Всего"	"1"	"Всего"	"1"	"336 287"
"Общая площадь введенных в эксплуатацию жилых зданий(Метр квадратный)"	"2022 год"	"202212"	"ТАРАЗ Г.А."	"8163"	"городская местность"	"2"	"Всего"	"1"	"Всего"	"1"	"Всего"	"1"	"354 490"
"Общая площадь введенных в эксплуатацию жилых зданий(Метр квадратный)"	"2016 год"	"201612"	"БАЙЗАКСКИЙ РАЙОН"	"8165"	"Всего"	"1"	"Всего"	"1"	"Всего"	"1"	"Всего"	"1"	"24 731"
"Общая площадь введенных в эксплуатацию жилых зданий(Метр квадратный)"	"2020 год"	"202012"	"БАЙЗАКСКИЙ РАЙОН"	"8165"	"Всего"	"1"	"Всего"	"1"	"Всего"	"1"	"Всего"	"1"	"30 511"
"Общая площадь введенных в эксплуатацию жилых зданий(Метр квадратный)"	"2014 год"	"201412"	"БАЙЗАКСКИЙ РАЙОН"	"8165"	"Всего"	"1"	"Всего"	"1"	"Всего"	"1"	"Всего"	"1"	"23 244"
"Общая площадь введенных в эксплуатацию жилых зданий(Метр квадратный)"	"2019 год"	"201912"	"БАЙЗАКСКИЙ РАЙОН"	"8165"	"Всего"	"1"	"Всего"	"1"	"Всего"	"1"	"Всего"	"1"	"25 261"
"Общая площадь введенных в эксплуатацию жилых зданий(Метр квадратный)"	"2015 год"	"201512"	"БАЙЗАКСКИЙ РАЙОН"	"8165"	"Всего"	"1"	"Всего"	"1"	"Всего"	"1"	"Всего"	"1"	"24 578"
"Общая площадь введенных в эксплуатацию жилых зданий(Метр квадратный)"	"2017 год"	"201712"	"БАЙЗАКСКИЙ РАЙОН"	"8165"	"Всего"	"1"	"Всего"	"1"	"Всего"	"1"	"Всего"	"1"	"24 812"
"Общая площадь введенных в эксплуатацию жилых зданий(Метр квадратный)"	"2018 год"	"201812"	"БАЙЗАКСКИЙ РАЙОН"	"8165"	"Всего"	"1"	"Всего"	"1"	"Всего"	"1"	"Всего"	"1"	"24 248"
"Общая площадь введенных в эксплуатацию жилых зданий(Метр квадратный)"	"2021 год"	"202112"	"БАЙЗАКСКИЙ РАЙОН"	"8165"	"Всего"	"1"	"Всего"	"1"	"Всего"	"1"	"Всего"	"1"	"34 724"
"Общая площадь введенных в эксплуатацию жилых зданий(Метр квадратный)"	"2022 год"	"202212"	"БАЙЗАКСКИЙ РАЙОН"	"8165"	"Всего"	"1"	"Всего"	"1"	"Всего"	"1"	"Всего"	"1"	"35 730"
"Общая площадь введенных в эксплуатацию жилых зданий(Метр квадратный)"	"2016 год"	"201612"	"БАЙЗАКСКИЙ РАЙОН"	"8165"	"сельская местность"	"3"	"Всего"	"1"	"Всего"	"1"	"Всего"	"1"	"24 731"
"Общая площадь введенных в эксплуатацию жилых зданий(Метр квадратный)"	"2020 год"	"202012"	"БАЙЗАКСКИЙ РАЙОН"	"8165"	"сельская местность"	"3"	"Всего"	"1"	"Всего"	"1"	"Всего"	"1"	"30 511"
"Общая площадь введенных в эксплуатацию жилых зданий(Метр квадратный)"	"2014 год"	"201412"	"БАЙЗАКСКИЙ РАЙОН"	"8165"	"сельская местность"	"3"	"Всего"	"1"	"Всего"	"1"	"Всего"	"1"	"23 244"
"Общая площадь введенных в эксплуатацию жилых зданий(Метр квадратный)"	"2019 год"	"201912"	"БАЙЗАКСКИЙ РАЙОН"	"8165"	"сельская местность"	"3"	"Всего"	"1"	"Всего"	"1"	"Всего"	"1"	"25 261"
"Общая площадь введенных в эксплуатацию жилых зданий(Метр квадратный)"	"2015 год"	"201512"	"БАЙЗАКСКИЙ РАЙОН"	"8165"	"сельская местность"	"3"	"Всего"	"1"	"Всего"	"1"	"Всего"	"1"	"24 578"
"Общая площадь введенных в эксплуатацию жилых зданий(Метр квадратный)"	"2017 год"	"201712"	"БАЙЗАКСКИЙ РАЙОН"	"8165"	"сельская местность"	"3"	"Всего"	"1"	"Всего"	"1"	"Всего"	"1"	"24 812"
"Общая площадь введенных в эксплуатацию жилых зданий(Метр квадратный)"	"2018 год"	"201812"	"БАЙЗАКСКИЙ РАЙОН"	"8165"	"сельская местность"	"3"	"Всего"	"1"	"Всего"	"1"	"Всего"	"1"	"24 248"
"Общая площадь введенных в эксплуатацию жилых зданий(Метр квадратный)"	"2021 год"	"202112"	"БАЙЗАКСКИЙ РАЙОН"	"8165"	"сельская местность"	"3"	"Всего"	"1"	"Всего"	"1"	"Всего"	"1"	"34 724"
"Общая площадь введенных в эксплуатацию жилых зданий(Метр квадратный)"	"2022 год"	"202212"	"БАЙЗАКСКИЙ РАЙОН"	"8165"	"сельская местность"	"3"	"Всего"	"1"	"Всего"	"1"	"Всего"	"1"	"35 730"
"Общая площадь введенных в эксплуатацию жилых зданий(Метр квадратный)"	"2016 год"	"201612"	"ЖАМБЫЛСКИЙ РАЙОН"	"8255"	"Всего"	"1"	"Всего"	"1"	"Всего"	"1"	"Всего"	"1"	"32 000"
"Общая площадь введенных в эксплуатацию жилых зданий(Метр квадратный)"	"2020 год"	"202012"	"ЖАМБЫЛСКИЙ РАЙОН"	"8255"	"Всего"	"1"	"Всего"	"1"	"Всего"	"1"	"Всего"	"1"	"65 042"
"Общая площадь введенных в эксплуатацию жилых зданий(Метр квадратный)"	"2014 год"	"201412"	"ЖАМБЫЛСКИЙ РАЙОН"	"8255"	"Всего"	"1"	"Всего"	"1"	"Всего"	"1"	"Всего"	"1"	"23 192"
"Общая площадь введенных в эксплуатацию жилых зданий(Метр квадратный)"	"2019 год"	"201912"	"ЖАМБЫЛСКИЙ РАЙОН"	"8255"	"Всего"	"1"	"Всего"	"1"	"Всего"	"1"	"Всего"	"1"	"54 022"
"Общая площадь введенных в эксплуатацию жилых зданий(Метр квадратный)"	"2015 год"	"201512"	"ЖАМБЫЛСКИЙ РАЙОН"	"8255"	"Всего"	"1"	"Всего"	"1"	"Всего"	"1"	"Всего"	"1"	"24 727"
"Общая площадь введенных в эксплуатацию жилых зданий(Метр квадратный)"	"2017 год"	"201712"	"ЖАМБЫЛСКИЙ РАЙОН"	"8255"	"Всего"	"1"	"Всего"	"1"	"Всего"	"1"	"Всего"	"1"	"40 555"
"Общая площадь введенных в эксплуатацию жилых зданий(Метр квадратный)"	"2018 год"	"201812"	"ЖАМБЫЛСКИЙ РАЙОН"	"8255"	"Всего"	"1"	"Всего"	"1"	"Всего"	"1"	"Всего"	"1"	"52 832"
"Общая площадь введенных в эксплуатацию жилых зданий(Метр квадратный)"	"2021 год"	"202112"	"ЖАМБЫЛСКИЙ РАЙОН"	"8255"	"Всего"	"1"	"Всего"	"1"	"Всего"	"1"	"Всего"	"1"	"75 261"
"Общая площадь введенных в эксплуатацию жилых зданий(Метр квадратный)"	"2022 год"	"202212"	"ЖАМБЫЛСКИЙ РАЙОН"	"8255"	"Всего"	"1"	"Всего"	"1"	"Всего"	"1"	"Всего"	"1"	"76 861"
"Общая площадь введенных в эксплуатацию жилых зданий(Метр квадратный)"	"2016 год"	"201612"	"ЖАМБЫЛСКИЙ РАЙОН"	"8255"	"сельская местность"	"3"	"Всего"	"1"	"Всего"	"1"	"Всего"	"1"	"32 000"
"Общая площадь введенных в эксплуатацию жилых зданий(Метр квадратный)"	"2020 год"	"202012"	"ЖАМБЫЛСКИЙ РАЙОН"	"8255"	"сельская местность"	"3"	"Всего"	"1"	"Всего"	"1"	"Всего"	"1"	"65 042"
"Общая площадь введенных в эксплуатацию жилых зданий(Метр квадратный)"	"2014 год"	"201412"	"ЖАМБЫЛСКИЙ РАЙОН"	"8255"	"сельская местность"	"3"	"Всего"	"1"	"Всего"	"1"	"Всего"	"1"	"23 192"
"Общая площадь введенных в эксплуатацию жилых зданий(Метр квадратный)"	"2019 год"	"201912"	"ЖАМБЫЛСКИЙ РАЙОН"	"8255"	"сельская местность"	"3"	"Всего"	"1"	"Всего"	"1"	"Всего"	"1"	"54 022"
"Общая площадь введенных в эксплуатацию жилых зданий(Метр квадратный)"	"2015 год"	"201512"	"ЖАМБЫЛСКИЙ РАЙОН"	"8255"	"сельская местность"	"3"	"Всего"	"1"	"Всего"	"1"	"Всего"	"1"	"24 727"
"Общая площадь введенных в эксплуатацию жилых зданий(Метр квадратный)"	"2017 год"	"201712"	"ЖАМБЫЛСКИЙ РАЙОН"	"8255"	"сельская местность"	"3"	"Всего"	"1"	"Всего"	"1"	"Всего"	"1"	"40 555"
"Общая площадь введенных в эксплуатацию жилых зданий(Метр квадратный)"	"2018 год"	"201812"	"ЖАМБЫЛСКИЙ РАЙОН"	"8255"	"сельская местность"	"3"	"Всего"	"1"	"Всего"	"1"	"Всего"	"1"	"52 832"
"Общая площадь введенных в эксплуатацию жилых зданий(Метр квадратный)"	"2021 год"	"202112"	"ЖАМБЫЛСКИЙ РАЙОН"	"8255"	"сельская местность"	"3"	"Всего"	"1"	"Всего"	"1"	"Всего"	"1"	"75 261"
"Общая площадь введенных в эксплуатацию жилых зданий(Метр квадратный)"	"2022 год"	"202212"	"ЖАМБЫЛСКИЙ РАЙОН"	"8255"	"сельская местность"	"3"	"Всего"	"1"	"Всего"	"1"	"Всего"	"1"	"76 861"
"Общая площадь введенных в эксплуатацию жилых зданий(Метр квадратный)"	"2016 год"	"201612"	"ЖУАЛЫНСКИЙ РАЙОН"	"8372"	"Всего"	"1"	"Всего"	"1"	"Всего"	"1"	"Всего"	"1"	"17 838"
"Общая площадь введенных в эксплуатацию жилых зданий(Метр квадратный)"	"2020 год"	"202012"	"ЖУАЛЫНСКИЙ РАЙОН"	"8372"	"Всего"	"1"	"Всего"	"1"	"Всего"	"1"	"Всего"	"1"	"13 448"
"Общая площадь введенных в эксплуатацию жилых зданий(Метр квадратный)"	"2014 год"	"201412"	"ЖУАЛЫНСКИЙ РАЙОН"	"8372"	"Всего"	"1"	"Всего"	"1"	"Всего"	"1"	"Всего"	"1"	"8 512"
"Общая площадь введенных в эксплуатацию жилых зданий(Метр квадратный)"	"2019 год"	"201912"	"ЖУАЛЫНСКИЙ РАЙОН"	"8372"	"Всего"	"1"	"Всего"	"1"	"Всего"	"1"	"Всего"	"1"	"11 079"
"Общая площадь введенных в эксплуатацию жилых зданий(Метр квадратный)"	"2015 год"	"201512"	"ЖУАЛЫНСКИЙ РАЙОН"	"8372"	"Всего"	"1"	"Всего"	"1"	"Всего"	"1"	"Всего"	"1"	"8 639"
"Общая площадь введенных в эксплуатацию жилых зданий(Метр квадратный)"	"2017 год"	"201712"	"ЖУАЛЫНСКИЙ РАЙОН"	"8372"	"Всего"	"1"	"Всего"	"1"	"Всего"	"1"	"Всего"	"1"	"9 102"
"Общая площадь введенных в эксплуатацию жилых зданий(Метр квадратный)"	"2018 год"	"201812"	"ЖУАЛЫНСКИЙ РАЙОН"	"8372"	"Всего"	"1"	"Всего"	"1"	"Всего"	"1"	"Всего"	"1"	"10 572"
"Общая площадь введенных в эксплуатацию жилых зданий(Метр квадратный)"	"2021 год"	"202112"	"ЖУАЛЫНСКИЙ РАЙОН"	"8372"	"Всего"	"1"	"Всего"	"1"	"Всего"	"1"	"Всего"	"1"	"17 206"
"Общая площадь введенных в эксплуатацию жилых зданий(Метр квадратный)"	"2022 год"	"202212"	"ЖУАЛЫНСКИЙ РАЙОН"	"8372"	"Всего"	"1"	"Всего"	"1"	"Всего"	"1"	"Всего"	"1"	"17 691"
"Общая площадь введенных в эксплуатацию жилых зданий(Метр квадратный)"	"2016 год"	"201612"	"ЖУАЛЫНСКИЙ РАЙОН"	"8372"	"сельская местность"	"3"	"Всего"	"1"	"Всего"	"1"	"Всего"	"1"	"17 838"
"Общая площадь введенных в эксплуатацию жилых зданий(Метр квадратный)"	"2020 год"	"202012"	"ЖУАЛЫНСКИЙ РАЙОН"	"8372"	"сельская местность"	"3"	"Всего"	"1"	"Всего"	"1"	"Всего"	"1"	"13 448"
"Общая площадь введенных в эксплуатацию жилых зданий(Метр квадратный)"	"2014 год"	"201412"	"ЖУАЛЫНСКИЙ РАЙОН"	"8372"	"сельская местность"	"3"	"Всего"	"1"	"Всего"	"1"	"Всего"	"1"	"8 512"
"Общая площадь введенных в эксплуатацию жилых зданий(Метр квадратный)"	"2019 год"	"201912"	"ЖУАЛЫНСКИЙ РАЙОН"	"8372"	"сельская местность"	"3"	"Всего"	"1"	"Всего"	"1"	"Всего"	"1"	"11 079"
"Общая площадь введенных в эксплуатацию жилых зданий(Метр квадратный)"	"2015 год"	"201512"	"ЖУАЛЫНСКИЙ РАЙОН"	"8372"	"сельская местность"	"3"	"Всего"	"1"	"Всего"	"1"	"Всего"	"1"	"8 639"
"Общая площадь введенных в эксплуатацию жилых зданий(Метр квадратный)"	"2017 год"	"201712"	"ЖУАЛЫНСКИЙ РАЙОН"	"8372"	"сельская местность"	"3"	"Всего"	"1"	"Всего"	"1"	"Всего"	"1"	"9 102"
"Общая площадь введенных в эксплуатацию жилых зданий(Метр квадратный)"	"2018 год"	"201812"	"ЖУАЛЫНСКИЙ РАЙОН"	"8372"	"сельская местность"	"3"	"Всего"	"1"	"Всего"	"1"	"Всего"	"1"	"10 572"
"Общая площадь введенных в эксплуатацию жилых зданий(Метр квадратный)"	"2021 год"	"202112"	"ЖУАЛЫНСКИЙ РАЙОН"	"8372"	"сельская местность"	"3"	"Всего"	"1"	"Всего"	"1"	"Всего"	"1"	"17 206"
"Общая площадь введенных в эксплуатацию жилых зданий(Метр квадратный)"	"2022 год"	"202212"	"ЖУАЛЫНСКИЙ РАЙОН"	"8372"	"сельская местность"	"3"	"Всего"	"1"	"Всего"	"1"	"Всего"	"1"	"17 691"
"Общая площадь введенных в эксплуатацию жилых зданий(Метр квадратный)"	"2016 год"	"201612"	"КОРДАЙСКИЙ РАЙОН"	"8465"	"Всего"	"1"	"Всего"	"1"	"Всего"	"1"	"Всего"	"1"	"37 477"
"Общая площадь введенных в эксплуатацию жилых зданий(Метр квадратный)"	"2020 год"	"202012"	"КОРДАЙСКИЙ РАЙОН"	"8465"	"Всего"	"1"	"Всего"	"1"	"Всего"	"1"	"Всего"	"1"	"49 537"
"Общая площадь введенных в эксплуатацию жилых зданий(Метр квадратный)"	"2014 год"	"201412"	"КОРДАЙСКИЙ РАЙОН"	"8465"	"Всего"	"1"	"Всего"	"1"	"Всего"	"1"	"Всего"	"1"	"23 517"
"Общая площадь введенных в эксплуатацию жилых зданий(Метр квадратный)"	"2019 год"	"201912"	"КОРДАЙСКИЙ РАЙОН"	"8465"	"Всего"	"1"	"Всего"	"1"	"Всего"	"1"	"Всего"	"1"	"33 691"
"Общая площадь введенных в эксплуатацию жилых зданий(Метр квадратный)"	"2015 год"	"201512"	"КОРДАЙСКИЙ РАЙОН"	"8465"	"Всего"	"1"	"Всего"	"1"	"Всего"	"1"	"Всего"	"1"	"27 354"
"Общая площадь введенных в эксплуатацию жилых зданий(Метр квадратный)"	"2017 год"	"201712"	"КОРДАЙСКИЙ РАЙОН"	"8465"	"Всего"	"1"	"Всего"	"1"	"Всего"	"1"	"Всего"	"1"	"55 521"
"Общая площадь введенных в эксплуатацию жилых зданий(Метр квадратный)"	"2018 год"	"201812"	"КОРДАЙСКИЙ РАЙОН"	"8465"	"Всего"	"1"	"Всего"	"1"	"Всего"	"1"	"Всего"	"1"	"32 540"
"Общая площадь введенных в эксплуатацию жилых зданий(Метр квадратный)"	"2021 год"	"202112"	"КОРДАЙСКИЙ РАЙОН"	"8465"	"Всего"	"1"	"Всего"	"1"	"Всего"	"1"	"Всего"	"1"	"63 803"
"Общая площадь введенных в эксплуатацию жилых зданий(Метр квадратный)"	"2022 год"	"202212"	"КОРДАЙСКИЙ РАЙОН"	"8465"	"Всего"	"1"	"Всего"	"1"	"Всего"	"1"	"Всего"	"1"	"72 663"
"Общая площадь введенных в эксплуатацию жилых зданий(Метр квадратный)"	"2016 год"	"201612"	"КОРДАЙСКИЙ РАЙОН"	"8465"	"сельская местность"	"3"	"Всего"	"1"	"Всего"	"1"	"Всего"	"1"	"37 477"
"Общая площадь введенных в эксплуатацию жилых зданий(Метр квадратный)"	"2020 год"	"202012"	"КОРДАЙСКИЙ РАЙОН"	"8465"	"сельская местность"	"3"	"Всего"	"1"	"Всего"	"1"	"Всего"	"1"	"49 537"
"Общая площадь введенных в эксплуатацию жилых зданий(Метр квадратный)"	"2014 год"	"201412"	"КОРДАЙСКИЙ РАЙОН"	"8465"	"сельская местность"	"3"	"Всего"	"1"	"Всего"	"1"	"Всего"	"1"	"23 517"
"Общая площадь введенных в эксплуатацию жилых зданий(Метр квадратный)"	"2019 год"	"201912"	"КОРДАЙСКИЙ РАЙОН"	"8465"	"сельская местность"	"3"	"Всего"	"1"	"Всего"	"1"	"Всего"	"1"	"33 691"
"Общая площадь введенных в эксплуатацию жилых зданий(Метр квадратный)"	"2015 год"	"201512"	"КОРДАЙСКИЙ РАЙОН"	"8465"	"сельская местность"	"3"	"Всего"	"1"	"Всего"	"1"	"Всего"	"1"	"27 354"
"Общая площадь введенных в эксплуатацию жилых зданий(Метр квадратный)"	"2017 год"	"201712"	"КОРДАЙСКИЙ РАЙОН"	"8465"	"сельская местность"	"3"	"Всего"	"1"	"Всего"	"1"	"Всего"	"1"	"55 521"
"Общая площадь введенных в эксплуатацию жилых зданий(Метр квадратный)"	"2018 год"	"201812"	"КОРДАЙСКИЙ РАЙОН"	"8465"	"сельская местность"	"3"	"Всего"	"1"	"Всего"	"1"	"Всего"	"1"	"32 540"
"Общая площадь введенных в эксплуатацию жилых зданий(Метр квадратный)"	"2021 год"	"202112"	"КОРДАЙСКИЙ РАЙОН"	"8465"	"сельская местность"	"3"	"Всего"	"1"	"Всего"	"1"	"Всего"	"1"	"63 803"
"Общая площадь введенных в эксплуатацию жилых зданий(Метр квадратный)"	"2022 год"	"202212"	"КОРДАЙСКИЙ РАЙОН"	"8465"	"сельская местность"	"3"	"Всего"	"1"	"Всего"	"1"	"Всего"	"1"	"72 663"
"Общая площадь введенных в эксплуатацию жилых зданий(Метр квадратный)"	"2016 год"	"201612"	"РАЙОН ТУРАРА РЫСКУЛОВА"	"8564"	"Всего"	"1"	"Всего"	"1"	"Всего"	"1"	"Всего"	"1"	"8 415"
"Общая площадь введенных в эксплуатацию жилых зданий(Метр квадратный)"	"2020 год"	"202012"	"РАЙОН ТУРАРА РЫСКУЛОВА"	"8564"	"Всего"	"1"	"Всего"	"1"	"Всего"	"1"	"Всего"	"1"	"12 488"
"Общая площадь введенных в эксплуатацию жилых зданий(Метр квадратный)"	"2014 год"	"201412"	"РАЙОН ТУРАРА РЫСКУЛОВА"	"8564"	"Всего"	"1"	"Всего"	"1"	"Всего"	"1"	"Всего"	"1"	"7 716"
"Общая площадь введенных в эксплуатацию жилых зданий(Метр квадратный)"	"2019 год"	"201912"	"РАЙОН ТУРАРА РЫСКУЛОВА"	"8564"	"Всего"	"1"	"Всего"	"1"	"Всего"	"1"	"Всего"	"1"	"11 618"
"Общая площадь введенных в эксплуатацию жилых зданий(Метр квадратный)"	"2015 год"	"201512"	"РАЙОН ТУРАРА РЫСКУЛОВА"	"8564"	"Всего"	"1"	"Всего"	"1"	"Всего"	"1"	"Всего"	"1"	"7 936"
"Общая площадь введенных в эксплуатацию жилых зданий(Метр квадратный)"	"2017 год"	"201712"	"РАЙОН ТУРАРА РЫСКУЛОВА"	"8564"	"Всего"	"1"	"Всего"	"1"	"Всего"	"1"	"Всего"	"1"	"8 978"
"Общая площадь введенных в эксплуатацию жилых зданий(Метр квадратный)"	"2018 год"	"201812"	"РАЙОН ТУРАРА РЫСКУЛОВА"	"8564"	"Всего"	"1"	"Всего"	"1"	"Всего"	"1"	"Всего"	"1"	"11 027"
"Общая площадь введенных в эксплуатацию жилых зданий(Метр квадратный)"	"2021 год"	"202112"	"РАЙОН ТУРАРА РЫСКУЛОВА"	"8564"	"Всего"	"1"	"Всего"	"1"	"Всего"	"1"	"Всего"	"1"	"12 810"
"Общая площадь введенных в эксплуатацию жилых зданий(Метр квадратный)"	"2022 год"	"202212"	"РАЙОН ТУРАРА РЫСКУЛОВА"	"8564"	"Всего"	"1"	"Всего"	"1"	"Всего"	"1"	"Всего"	"1"	"13 160"
"Общая площадь введенных в эксплуатацию жилых зданий(Метр квадратный)"	"2016 год"	"201612"	"РАЙОН ТУРАРА РЫСКУЛОВА"	"8564"	"сельская местность"	"3"	"Всего"	"1"	"Всего"	"1"	"Всего"	"1"	"8 415"
"Общая площадь введенных в эксплуатацию жилых зданий(Метр квадратный)"	"2020 год"	"202012"	"РАЙОН ТУРАРА РЫСКУЛОВА"	"8564"	"сельская местность"	"3"	"Всего"	"1"	"Всего"	"1"	"Всего"	"1"	"12 488"
"Общая площадь введенных в эксплуатацию жилых зданий(Метр квадратный)"	"2014 год"	"201412"	"РАЙОН ТУРАРА РЫСКУЛОВА"	"8564"	"сельская местность"	"3"	"Всего"	"1"	"Всего"	"1"	"Всего"	"1"	"7 716"
"Общая площадь введенных в эксплуатацию жилых зданий(Метр квадратный)"	"2019 год"	"201912"	"РАЙОН ТУРАРА РЫСКУЛОВА"	"8564"	"сельская местность"	"3"	"Всего"	"1"	"Всего"	"1"	"Всего"	"1"	"11 618"
"Общая площадь введенных в эксплуатацию жилых зданий(Метр квадратный)"	"2015 год"	"201512"	"РАЙОН ТУРАРА РЫСКУЛОВА"	"8564"	"сельская местность"	"3"	"Всего"	"1"	"Всего"	"1"	"Всего"	"1"	"7 936"
"Общая площадь введенных в эксплуатацию жилых зданий(Метр квадратный)"	"2017 год"	"201712"	"РАЙОН ТУРАРА РЫСКУЛОВА"	"8564"	"сельская местность"	"3"	"Всего"	"1"	"Всего"	"1"	"Всего"	"1"	"8 978"
"Общая площадь введенных в эксплуатацию жилых зданий(Метр квадратный)"	"2018 год"	"201812"	"РАЙОН ТУРАРА РЫСКУЛОВА"	"8564"	"сельская местность"	"3"	"Всего"	"1"	"Всего"	"1"	"Всего"	"1"	"11 027"
"Общая площадь введенных в эксплуатацию жилых зданий(Метр квадратный)"	"2021 год"	"202112"	"РАЙОН ТУРАРА РЫСКУЛОВА"	"8564"	"сельская местность"	"3"	"Всего"	"1"	"Всего"	"1"	"Всего"	"1"	"12 810"
"Общая площадь введенных в эксплуатацию жилых зданий(Метр квадратный)"	"2022 год"	"202212"	"РАЙОН ТУРАРА РЫСКУЛОВА"	"8564"	"сельская местность"	"3"	"Всего"	"1"	"Всего"	"1"	"Всего"	"1"	"13 160"
"Общая площадь введенных в эксплуатацию жилых зданий(Метр квадратный)"	"2016 год"	"201612"	"МЕРКЕНСКИЙ РАЙОН"	"8742"	"Всего"	"1"	"Всего"	"1"	"Всего"	"1"	"Всего"	"1"	"26 803"
"Общая площадь введенных в эксплуатацию жилых зданий(Метр квадратный)"	"2020 год"	"202012"	"МЕРКЕНСКИЙ РАЙОН"	"8742"	"Всего"	"1"	"Всего"	"1"	"Всего"	"1"	"Всего"	"1"	"38 005"
"Общая площадь введенных в эксплуатацию жилых зданий(Метр квадратный)"	"2014 год"	"201412"	"МЕРКЕНСКИЙ РАЙОН"	"8742"	"Всего"	"1"	"Всего"	"1"	"Всего"	"1"	"Всего"	"1"	"15 713"
"Общая площадь введенных в эксплуатацию жилых зданий(Метр квадратный)"	"2019 год"	"201912"	"МЕРКЕНСКИЙ РАЙОН"	"8742"	"Всего"	"1"	"Всего"	"1"	"Всего"	"1"	"Всего"	"1"	"31 336"
"Общая площадь введенных в эксплуатацию жилых зданий(Метр квадратный)"	"2015 год"	"201512"	"МЕРКЕНСКИЙ РАЙОН"	"8742"	"Всего"	"1"	"Всего"	"1"	"Всего"	"1"	"Всего"	"1"	"26 595"
"Общая площадь введенных в эксплуатацию жилых зданий(Метр квадратный)"	"2017 год"	"201712"	"МЕРКЕНСКИЙ РАЙОН"	"8742"	"Всего"	"1"	"Всего"	"1"	"Всего"	"1"	"Всего"	"1"	"27 272"
"Общая площадь введенных в эксплуатацию жилых зданий(Метр квадратный)"	"2018 год"	"201812"	"МЕРКЕНСКИЙ РАЙОН"	"8742"	"Всего"	"1"	"Всего"	"1"	"Всего"	"1"	"Всего"	"1"	"29 352"
"Общая площадь введенных в эксплуатацию жилых зданий(Метр квадратный)"	"2021 год"	"202112"	"МЕРКЕНСКИЙ РАЙОН"	"8742"	"Всего"	"1"	"Всего"	"1"	"Всего"	"1"	"Всего"	"1"	"43 525"
"Общая площадь введенных в эксплуатацию жилых зданий(Метр квадратный)"	"2022 год"	"202212"	"МЕРКЕНСКИЙ РАЙОН"	"8742"	"Всего"	"1"	"Всего"	"1"	"Всего"	"1"	"Всего"	"1"	"44 757"
"Общая площадь введенных в эксплуатацию жилых зданий(Метр квадратный)"	"2016 год"	"201612"	"МЕРКЕНСКИЙ РАЙОН"	"8742"	"сельская местность"	"3"	"Всего"	"1"	"Всего"	"1"	"Всего"	"1"	"26 803"
"Общая площадь введенных в эксплуатацию жилых зданий(Метр квадратный)"	"2020 год"	"202012"	"МЕРКЕНСКИЙ РАЙОН"	"8742"	"сельская местность"	"3"	"Всего"	"1"	"Всего"	"1"	"Всего"	"1"	"38 005"
"Общая площадь введенных в эксплуатацию жилых зданий(Метр квадратный)"	"2014 год"	"201412"	"МЕРКЕНСКИЙ РАЙОН"	"8742"	"сельская местность"	"3"	"Всего"	"1"	"Всего"	"1"	"Всего"	"1"	"15 713"
"Общая площадь введенных в эксплуатацию жилых зданий(Метр квадратный)"	"2019 год"	"201912"	"МЕРКЕНСКИЙ РАЙОН"	"8742"	"сельская местность"	"3"	"Всего"	"1"	"Всего"	"1"	"Всего"	"1"	"31 336"
"Общая площадь введенных в эксплуатацию жилых зданий(Метр квадратный)"	"2015 год"	"201512"	"МЕРКЕНСКИЙ РАЙОН"	"8742"	"сельская местность"	"3"	"Всего"	"1"	"Всего"	"1"	"Всего"	"1"	"26 595"
"Общая площадь введенных в эксплуатацию жилых зданий(Метр квадратный)"	"2017 год"	"201712"	"МЕРКЕНСКИЙ РАЙОН"	"8742"	"сельская местность"	"3"	"Всего"	"1"	"Всего"	"1"	"Всего"	"1"	"27 272"
"Общая площадь введенных в эксплуатацию жилых зданий(Метр квадратный)"	"2018 год"	"201812"	"МЕРКЕНСКИЙ РАЙОН"	"8742"	"сельская местность"	"3"	"Всего"	"1"	"Всего"	"1"	"Всего"	"1"	"29 352"
"Общая площадь введенных в эксплуатацию жилых зданий(Метр квадратный)"	"2021 год"	"202112"	"МЕРКЕНСКИЙ РАЙОН"	"8742"	"сельская местность"	"3"	"Всего"	"1"	"Всего"	"1"	"Всего"	"1"	"43 525"
"Общая площадь введенных в эксплуатацию жилых зданий(Метр квадратный)"	"2022 год"	"202212"	"МЕРКЕНСКИЙ РАЙОН"	"8742"	"сельская местность"	"3"	"Всего"	"1"	"Всего"	"1"	"Всего"	"1"	"44 757"
"Общая площадь введенных в эксплуатацию жилых зданий(Метр квадратный)"	"2016 год"	"201612"	"МОЙЫНКУМСКИЙ РАЙОН"	"8842"	"Всего"	"1"	"Всего"	"1"	"Всего"	"1"	"Всего"	"1"	"3 055"
"Общая площадь введенных в эксплуатацию жилых зданий(Метр квадратный)"	"2020 год"	"202012"	"МОЙЫНКУМСКИЙ РАЙОН"	"8842"	"Всего"	"1"	"Всего"	"1"	"Всего"	"1"	"Всего"	"1"	"3 900"
"Общая площадь введенных в эксплуатацию жилых зданий(Метр квадратный)"	"2014 год"	"201412"	"МОЙЫНКУМСКИЙ РАЙОН"	"8842"	"Всего"	"1"	"Всего"	"1"	"Всего"	"1"	"Всего"	"1"	"3 316"
"Общая площадь введенных в эксплуатацию жилых зданий(Метр квадратный)"	"2019 год"	"201912"	"МОЙЫНКУМСКИЙ РАЙОН"	"8842"	"Всего"	"1"	"Всего"	"1"	"Всего"	"1"	"Всего"	"1"	"3 710"
"Общая площадь введенных в эксплуатацию жилых зданий(Метр квадратный)"	"2015 год"	"201512"	"МОЙЫНКУМСКИЙ РАЙОН"	"8842"	"Всего"	"1"	"Всего"	"1"	"Всего"	"1"	"Всего"	"1"	"2 963"
"Общая площадь введенных в эксплуатацию жилых зданий(Метр квадратный)"	"2017 год"	"201712"	"МОЙЫНКУМСКИЙ РАЙОН"	"8842"	"Всего"	"1"	"Всего"	"1"	"Всего"	"1"	"Всего"	"1"	"3 366"
"Общая площадь введенных в эксплуатацию жилых зданий(Метр квадратный)"	"2018 год"	"201812"	"МОЙЫНКУМСКИЙ РАЙОН"	"8842"	"Всего"	"1"	"Всего"	"1"	"Всего"	"1"	"Всего"	"1"	"3 711"
"Общая площадь введенных в эксплуатацию жилых зданий(Метр квадратный)"	"2021 год"	"202112"	"МОЙЫНКУМСКИЙ РАЙОН"	"8842"	"Всего"	"1"	"Всего"	"1"	"Всего"	"1"	"Всего"	"1"	"16 968"
"Общая площадь введенных в эксплуатацию жилых зданий(Метр квадратный)"	"2022 год"	"202212"	"МОЙЫНКУМСКИЙ РАЙОН"	"8842"	"Всего"	"1"	"Всего"	"1"	"Всего"	"1"	"Всего"	"1"	"6 625"
"Общая площадь введенных в эксплуатацию жилых зданий(Метр квадратный)"	"2016 год"	"201612"	"МОЙЫНКУМСКИЙ РАЙОН"	"8842"	"сельская местность"	"3"	"Всего"	"1"	"Всего"	"1"	"Всего"	"1"	"3 055"
"Общая площадь введенных в эксплуатацию жилых зданий(Метр квадратный)"	"2020 год"	"202012"	"МОЙЫНКУМСКИЙ РАЙОН"	"8842"	"сельская местность"	"3"	"Всего"	"1"	"Всего"	"1"	"Всего"	"1"	"3 900"
"Общая площадь введенных в эксплуатацию жилых зданий(Метр квадратный)"	"2014 год"	"201412"	"МОЙЫНКУМСКИЙ РАЙОН"	"8842"	"сельская местность"	"3"	"Всего"	"1"	"Всего"	"1"	"Всего"	"1"	"3 316"
"Общая площадь введенных в эксплуатацию жилых зданий(Метр квадратный)"	"2019 год"	"201912"	"МОЙЫНКУМСКИЙ РАЙОН"	"8842"	"сельская местность"	"3"	"Всего"	"1"	"Всего"	"1"	"Всего"	"1"	"3 710"
"Общая площадь введенных в эксплуатацию жилых зданий(Метр квадратный)"	"2015 год"	"201512"	"МОЙЫНКУМСКИЙ РАЙОН"	"8842"	"сельская местность"	"3"	"Всего"	"1"	"Всего"	"1"	"Всего"	"1"	"2 963"
"Общая площадь введенных в эксплуатацию жилых зданий(Метр квадратный)"	"2017 год"	"201712"	"МОЙЫНКУМСКИЙ РАЙОН"	"8842"	"сельская местность"	"3"	"Всего"	"1"	"Всего"	"1"	"Всего"	"1"	"3 366"
"Общая площадь введенных в эксплуатацию жилых зданий(Метр квадратный)"	"2018 год"	"201812"	"МОЙЫНКУМСКИЙ РАЙОН"	"8842"	"сельская местность"	"3"	"Всего"	"1"	"Всего"	"1"	"Всего"	"1"	"3 711"
"Общая площадь введенных в эксплуатацию жилых зданий(Метр квадратный)"	"2021 год"	"202112"	"МОЙЫНКУМСКИЙ РАЙОН"	"8842"	"сельская местность"	"3"	"Всего"	"1"	"Всего"	"1"	"Всего"	"1"	"16 968"
"Общая площадь введенных в эксплуатацию жилых зданий(Метр квадратный)"	"2022 год"	"202212"	"МОЙЫНКУМСКИЙ РАЙОН"	"8842"	"сельская местность"	"3"	"Всего"	"1"	"Всего"	"1"	"Всего"	"1"	"6 625"
"Общая площадь введенных в эксплуатацию жилых зданий(Метр квадратный)"	"2016 год"	"201612"	"САРЫСУСКИЙ РАЙОН"	"8951"	"Всего"	"1"	"Всего"	"1"	"Всего"	"1"	"Всего"	"1"	"9 335"
"Общая площадь введенных в эксплуатацию жилых зданий(Метр квадратный)"	"2020 год"	"202012"	"САРЫСУСКИЙ РАЙОН"	"8951"	"Всего"	"1"	"Всего"	"1"	"Всего"	"1"	"Всего"	"1"	"19 221"
"Общая площадь введенных в эксплуатацию жилых зданий(Метр квадратный)"	"2014 год"	"201412"	"САРЫСУСКИЙ РАЙОН"	"8951"	"Всего"	"1"	"Всего"	"1"	"Всего"	"1"	"Всего"	"1"	"11 228"
"Общая площадь введенных в эксплуатацию жилых зданий(Метр квадратный)"	"2019 год"	"201912"	"САРЫСУСКИЙ РАЙОН"	"8951"	"Всего"	"1"	"Всего"	"1"	"Всего"	"1"	"Всего"	"1"	"17 792"
"Общая площадь введенных в эксплуатацию жилых зданий(Метр квадратный)"	"2015 год"	"201512"	"САРЫСУСКИЙ РАЙОН"	"8951"	"Всего"	"1"	"Всего"	"1"	"Всего"	"1"	"Всего"	"1"	"9 239"
"Общая площадь введенных в эксплуатацию жилых зданий(Метр квадратный)"	"2017 год"	"201712"	"САРЫСУСКИЙ РАЙОН"	"8951"	"Всего"	"1"	"Всего"	"1"	"Всего"	"1"	"Всего"	"1"	"5 525"
"Общая площадь введенных в эксплуатацию жилых зданий(Метр квадратный)"	"2018 год"	"201812"	"САРЫСУСКИЙ РАЙОН"	"8951"	"Всего"	"1"	"Всего"	"1"	"Всего"	"1"	"Всего"	"1"	"13 955"
"Общая площадь введенных в эксплуатацию жилых зданий(Метр квадратный)"	"2021 год"	"202112"	"САРЫСУСКИЙ РАЙОН"	"8951"	"Всего"	"1"	"Всего"	"1"	"Всего"	"1"	"Всего"	"1"	"23 084"
"Общая площадь введенных в эксплуатацию жилых зданий(Метр квадратный)"	"2022 год"	"202212"	"САРЫСУСКИЙ РАЙОН"	"8951"	"Всего"	"1"	"Всего"	"1"	"Всего"	"1"	"Всего"	"1"	"19 607"
"Общая площадь введенных в эксплуатацию жилых зданий(Метр квадратный)"	"2016 год"	"201612"	"САРЫСУСКИЙ РАЙОН"	"8951"	"городская местность"	"2"	"Всего"	"1"	"Всего"	"1"	"Всего"	"1"	"6 861"
"Общая площадь введенных в эксплуатацию жилых зданий(Метр квадратный)"	"2020 год"	"202012"	"САРЫСУСКИЙ РАЙОН"	"8951"	"городская местность"	"2"	"Всего"	"1"	"Всего"	"1"	"Всего"	"1"	"18 022"
"Общая площадь введенных в эксплуатацию жилых зданий(Метр квадратный)"	"2014 год"	"201412"	"САРЫСУСКИЙ РАЙОН"	"8951"	"городская местность"	"2"	"Всего"	"1"	"Всего"	"1"	"Всего"	"1"	"9 092"
"Общая площадь введенных в эксплуатацию жилых зданий(Метр квадратный)"	"2019 год"	"201912"	"САРЫСУСКИЙ РАЙОН"	"8951"	"городская местность"	"2"	"Всего"	"1"	"Всего"	"1"	"Всего"	"1"	"11 356"
"Общая площадь введенных в эксплуатацию жилых зданий(Метр квадратный)"	"2015 год"	"201512"	"САРЫСУСКИЙ РАЙОН"	"8951"	"городская местность"	"2"	"Всего"	"1"	"Всего"	"1"	"Всего"	"1"	"5 825"
"Общая площадь введенных в эксплуатацию жилых зданий(Метр квадратный)"	"2017 год"	"201712"	"САРЫСУСКИЙ РАЙОН"	"8951"	"городская местность"	"2"	"Всего"	"1"	"Всего"	"1"	"Всего"	"1"	"1 793"
"Общая площадь введенных в эксплуатацию жилых зданий(Метр квадратный)"	"2018 год"	"201812"	"САРЫСУСКИЙ РАЙОН"	"8951"	"городская местность"	"2"	"Всего"	"1"	"Всего"	"1"	"Всего"	"1"	"11 063"
"Общая площадь введенных в эксплуатацию жилых зданий(Метр квадратный)"	"2021 год"	"202112"	"САРЫСУСКИЙ РАЙОН"	"8951"	"городская местность"	"2"	"Всего"	"1"	"Всего"	"1"	"Всего"	"1"	"20 522"
"Общая площадь введенных в эксплуатацию жилых зданий(Метр квадратный)"	"2022 год"	"202212"	"САРЫСУСКИЙ РАЙОН"	"8951"	"городская местность"	"2"	"Всего"	"1"	"Всего"	"1"	"Всего"	"1"	"7 465"
"Общая площадь введенных в эксплуатацию жилых зданий(Метр квадратный)"	"2016 год"	"201612"	"САРЫСУСКИЙ РАЙОН"	"8951"	"сельская местность"	"3"	"Всего"	"1"	"Всего"	"1"	"Всего"	"1"	"2 474"
"Общая площадь введенных в эксплуатацию жилых зданий(Метр квадратный)"	"2020 год"	"202012"	"САРЫСУСКИЙ РАЙОН"	"8951"	"сельская местность"	"3"	"Всего"	"1"	"Всего"	"1"	"Всего"	"1"	"1 199"
"Общая площадь введенных в эксплуатацию жилых зданий(Метр квадратный)"	"2014 год"	"201412"	"САРЫСУСКИЙ РАЙОН"	"8951"	"сельская местность"	"3"	"Всего"	"1"	"Всего"	"1"	"Всего"	"1"	"2 136"
"Общая площадь введенных в эксплуатацию жилых зданий(Метр квадратный)"	"2019 год"	"201912"	"САРЫСУСКИЙ РАЙОН"	"8951"	"сельская местность"	"3"	"Всего"	"1"	"Всего"	"1"	"Всего"	"1"	"6 436"
"Общая площадь введенных в эксплуатацию жилых зданий(Метр квадратный)"	"2015 год"	"201512"	"САРЫСУСКИЙ РАЙОН"	"8951"	"сельская местность"	"3"	"Всего"	"1"	"Всего"	"1"	"Всего"	"1"	"3 414"
"Общая площадь введенных в эксплуатацию жилых зданий(Метр квадратный)"	"2017 год"	"201712"	"САРЫСУСКИЙ РАЙОН"	"8951"	"сельская местность"	"3"	"Всего"	"1"	"Всего"	"1"	"Всего"	"1"	"3 732"
"Общая площадь введенных в эксплуатацию жилых зданий(Метр квадратный)"	"2018 год"	"201812"	"САРЫСУСКИЙ РАЙОН"	"8951"	"сельская местность"	"3"	"Всего"	"1"	"Всего"	"1"	"Всего"	"1"	"2 892"
"Общая площадь введенных в эксплуатацию жилых зданий(Метр квадратный)"	"2021 год"	"202112"	"САРЫСУСКИЙ РАЙОН"	"8951"	"сельская местность"	"3"	"Всего"	"1"	"Всего"	"1"	"Всего"	"1"	"2 562"
"Общая площадь введенных в эксплуатацию жилых зданий(Метр квадратный)"	"2022 год"	"202212"	"САРЫСУСКИЙ РАЙОН"	"8951"	"сельская местность"	"3"	"Всего"	"1"	"Всего"	"1"	"Всего"	"1"	"12 142"
"Общая площадь введенных в эксплуатацию жилых зданий(Метр квадратный)"	"2016 год"	"201612"	"ТАЛАССКИЙ РАЙОН"	"9029"	"Всего"	"1"	"Всего"	"1"	"Всего"	"1"	"Всего"	"1"	"5 932"
"Общая площадь введенных в эксплуатацию жилых зданий(Метр квадратный)"	"2020 год"	"202012"	"ТАЛАССКИЙ РАЙОН"	"9029"	"Всего"	"1"	"Всего"	"1"	"Всего"	"1"	"Всего"	"1"	"18 219"
"Общая площадь введенных в эксплуатацию жилых зданий(Метр квадратный)"	"2014 год"	"201412"	"ТАЛАССКИЙ РАЙОН"	"9029"	"Всего"	"1"	"Всего"	"1"	"Всего"	"1"	"Всего"	"1"	"9 518"
"Общая площадь введенных в эксплуатацию жилых зданий(Метр квадратный)"	"2019 год"	"201912"	"ТАЛАССКИЙ РАЙОН"	"9029"	"Всего"	"1"	"Всего"	"1"	"Всего"	"1"	"Всего"	"1"	"9 082"
"Общая площадь введенных в эксплуатацию жилых зданий(Метр квадратный)"	"2015 год"	"201512"	"ТАЛАССКИЙ РАЙОН"	"9029"	"Всего"	"1"	"Всего"	"1"	"Всего"	"1"	"Всего"	"1"	"9 616"
"Общая площадь введенных в эксплуатацию жилых зданий(Метр квадратный)"	"2017 год"	"201712"	"ТАЛАССКИЙ РАЙОН"	"9029"	"Всего"	"1"	"Всего"	"1"	"Всего"	"1"	"Всего"	"1"	"6 931"
"Общая площадь введенных в эксплуатацию жилых зданий(Метр квадратный)"	"2018 год"	"201812"	"ТАЛАССКИЙ РАЙОН"	"9029"	"Всего"	"1"	"Всего"	"1"	"Всего"	"1"	"Всего"	"1"	"35 727"
"Общая площадь введенных в эксплуатацию жилых зданий(Метр квадратный)"	"2021 год"	"202112"	"ТАЛАССКИЙ РАЙОН"	"9029"	"Всего"	"1"	"Всего"	"1"	"Всего"	"1"	"Всего"	"1"	"24 708"
"Общая площадь введенных в эксплуатацию жилых зданий(Метр квадратный)"	"2022 год"	"202212"	"ТАЛАССКИЙ РАЙОН"	"9029"	"Всего"	"1"	"Всего"	"1"	"Всего"	"1"	"Всего"	"1"	"16 189"
"Общая площадь введенных в эксплуатацию жилых зданий(Метр квадратный)"	"2016 год"	"201612"	"ТАЛАССКИЙ РАЙОН"	"9029"	"городская местность"	"2"	"Всего"	"1"	"Всего"	"1"	"Всего"	"1"	"2 264"
"Общая площадь введенных в эксплуатацию жилых зданий(Метр квадратный)"	"2020 год"	"202012"	"ТАЛАССКИЙ РАЙОН"	"9029"	"городская местность"	"2"	"Всего"	"1"	"Всего"	"1"	"Всего"	"1"	"5 142"
"Общая площадь введенных в эксплуатацию жилых зданий(Метр квадратный)"	"2014 год"	"201412"	"ТАЛАССКИЙ РАЙОН"	"9029"	"городская местность"	"2"	"Всего"	"1"	"Всего"	"1"	"Всего"	"1"	"7 670"
"Общая площадь введенных в эксплуатацию жилых зданий(Метр квадратный)"	"2019 год"	"201912"	"ТАЛАССКИЙ РАЙОН"	"9029"	"городская местность"	"2"	"Всего"	"1"	"Всего"	"1"	"Всего"	"1"	"4 314"
"Общая площадь введенных в эксплуатацию жилых зданий(Метр квадратный)"	"2015 год"	"201512"	"ТАЛАССКИЙ РАЙОН"	"9029"	"городская местность"	"2"	"Всего"	"1"	"Всего"	"1"	"Всего"	"1"	"5 026"
"Общая площадь введенных в эксплуатацию жилых зданий(Метр квадратный)"	"2017 год"	"201712"	"ТАЛАССКИЙ РАЙОН"	"9029"	"городская местность"	"2"	"Всего"	"1"	"Всего"	"1"	"Всего"	"1"	"4 390"
"Общая площадь введенных в эксплуатацию жилых зданий(Метр квадратный)"	"2018 год"	"201812"	"ТАЛАССКИЙ РАЙОН"	"9029"	"городская местность"	"2"	"Всего"	"1"	"Всего"	"1"	"Всего"	"1"	"32 383"
"Общая площадь введенных в эксплуатацию жилых зданий(Метр квадратный)"	"2021 год"	"202112"	"ТАЛАССКИЙ РАЙОН"	"9029"	"городская местность"	"2"	"Всего"	"1"	"Всего"	"1"	"Всего"	"1"	"17 206"
"Общая площадь введенных в эксплуатацию жилых зданий(Метр квадратный)"	"2022 год"	"202212"	"ТАЛАССКИЙ РАЙОН"	"9029"	"городская местность"	"2"	"Всего"	"1"	"Всего"	"1"	"Всего"	"1"	"11 840"
"Общая площадь введенных в эксплуатацию жилых зданий(Метр квадратный)"	"2016 год"	"201612"	"ТАЛАССКИЙ РАЙОН"	"9029"	"сельская местность"	"3"	"Всего"	"1"	"Всего"	"1"	"Всего"	"1"	"3 668"
"Общая площадь введенных в эксплуатацию жилых зданий(Метр квадратный)"	"2020 год"	"202012"	"ТАЛАССКИЙ РАЙОН"	"9029"	"сельская местность"	"3"	"Всего"	"1"	"Всего"	"1"	"Всего"	"1"	"13 077"
"Общая площадь введенных в эксплуатацию жилых зданий(Метр квадратный)"	"2014 год"	"201412"	"ТАЛАССКИЙ РАЙОН"	"9029"	"сельская местность"	"3"	"Всего"	"1"	"Всего"	"1"	"Всего"	"1"	"1 848"
"Общая площадь введенных в эксплуатацию жилых зданий(Метр квадратный)"	"2019 год"	"201912"	"ТАЛАССКИЙ РАЙОН"	"9029"	"сельская местность"	"3"	"Всего"	"1"	"Всего"	"1"	"Всего"	"1"	"4 768"
"Общая площадь введенных в эксплуатацию жилых зданий(Метр квадратный)"	"2015 год"	"201512"	"ТАЛАССКИЙ РАЙОН"	"9029"	"сельская местность"	"3"	"Всего"	"1"	"Всего"	"1"	"Всего"	"1"	"4 590"
"Общая площадь введенных в эксплуатацию жилых зданий(Метр квадратный)"	"2018 год"	"201812"	"ТАЛАССКИЙ РАЙОН"	"9029"	"сельская местность"	"3"	"Всего"	"1"	"Всего"	"1"	"Всего"	"1"	"3 344"
"Общая площадь введенных в эксплуатацию жилых зданий(Метр квадратный)"	"2017 год"	"201712"	"ТАЛАССКИЙ РАЙОН"	"9029"	"сельская местность"	"3"	"Всего"	"1"	"Всего"	"1"	"Всего"	"1"	"2 541"
"Общая площадь введенных в эксплуатацию жилых зданий(Метр квадратный)"	"2021 год"	"202112"	"ТАЛАССКИЙ РАЙОН"	"9029"	"сельская местность"	"3"	"Всего"	"1"	"Всего"	"1"	"Всего"	"1"	"7 502"
"Общая площадь введенных в эксплуатацию жилых зданий(Метр квадратный)"	"2022 год"	"202212"	"ТАЛАССКИЙ РАЙОН"	"9029"	"сельская местность"	"3"	"Всего"	"1"	"Всего"	"1"	"Всего"	"1"	"4 349"
"Общая площадь введенных в эксплуатацию жилых зданий(Метр квадратный)"	"2016 год"	"201612"	"ШУСКИЙ РАЙОН"	"9092"	"Всего"	"1"	"Всего"	"1"	"Всего"	"1"	"Всего"	"1"	"22 611"
"Общая площадь введенных в эксплуатацию жилых зданий(Метр квадратный)"	"2020 год"	"202012"	"ШУСКИЙ РАЙОН"	"9092"	"Всего"	"1"	"Всего"	"1"	"Всего"	"1"	"Всего"	"1"	"30 537"
"Общая площадь введенных в эксплуатацию жилых зданий(Метр квадратный)"	"2014 год"	"201412"	"ШУСКИЙ РАЙОН"	"9092"	"Всего"	"1"	"Всего"	"1"	"Всего"	"1"	"Всего"	"1"	"21 841"
"Общая площадь введенных в эксплуатацию жилых зданий(Метр квадратный)"	"2019 год"	"201912"	"ШУСКИЙ РАЙОН"	"9092"	"Всего"	"1"	"Всего"	"1"	"Всего"	"1"	"Всего"	"1"	"25 297"
"Общая площадь введенных в эксплуатацию жилых зданий(Метр квадратный)"	"2015 год"	"201512"	"ШУСКИЙ РАЙОН"	"9092"	"Всего"	"1"	"Всего"	"1"	"Всего"	"1"	"Всего"	"1"	"22 529"
"Общая площадь введенных в эксплуатацию жилых зданий(Метр квадратный)"	"2017 год"	"201712"	"ШУСКИЙ РАЙОН"	"9092"	"Всего"	"1"	"Всего"	"1"	"Всего"	"1"	"Всего"	"1"	"22 779"
"Общая площадь введенных в эксплуатацию жилых зданий(Метр квадратный)"	"2018 год"	"201812"	"ШУСКИЙ РАЙОН"	"9092"	"Всего"	"1"	"Всего"	"1"	"Всего"	"1"	"Всего"	"1"	"25 253"
"Общая площадь введенных в эксплуатацию жилых зданий(Метр квадратный)"	"2021 год"	"202112"	"ШУСКИЙ РАЙОН"	"9092"	"Всего"	"1"	"Всего"	"1"	"Всего"	"1"	"Всего"	"1"	"34 903"
"Общая площадь введенных в эксплуатацию жилых зданий(Метр квадратный)"	"2022 год"	"202212"	"ШУСКИЙ РАЙОН"	"9092"	"Всего"	"1"	"Всего"	"1"	"Всего"	"1"	"Всего"	"1"	"35 772"
"Общая площадь введенных в эксплуатацию жилых зданий(Метр квадратный)"	"2016 год"	"201612"	"ШУСКИЙ РАЙОН"	"9092"	"городская местность"	"2"	"Всего"	"1"	"Всего"	"1"	"Всего"	"1"	"11 459"
"Общая площадь введенных в эксплуатацию жилых зданий(Метр квадратный)"	"2020 год"	"202012"	"ШУСКИЙ РАЙОН"	"9092"	"городская местность"	"2"	"Всего"	"1"	"Всего"	"1"	"Всего"	"1"	"17 168"
"Общая площадь введенных в эксплуатацию жилых зданий(Метр квадратный)"	"2014 год"	"201412"	"ШУСКИЙ РАЙОН"	"9092"	"городская местность"	"2"	"Всего"	"1"	"Всего"	"1"	"Всего"	"1"	"14 480"
"Общая площадь введенных в эксплуатацию жилых зданий(Метр квадратный)"	"2019 год"	"201912"	"ШУСКИЙ РАЙОН"	"9092"	"городская местность"	"2"	"Всего"	"1"	"Всего"	"1"	"Всего"	"1"	"12 549"
"Общая площадь введенных в эксплуатацию жилых зданий(Метр квадратный)"	"2015 год"	"201512"	"ШУСКИЙ РАЙОН"	"9092"	"городская местность"	"2"	"Всего"	"1"	"Всего"	"1"	"Всего"	"1"	"13 953"
"Общая площадь введенных в эксплуатацию жилых зданий(Метр квадратный)"	"2017 год"	"201712"	"ШУСКИЙ РАЙОН"	"9092"	"городская местность"	"2"	"Всего"	"1"	"Всего"	"1"	"Всего"	"1"	"13 310"
"Общая площадь введенных в эксплуатацию жилых зданий(Метр квадратный)"	"2018 год"	"201812"	"ШУСКИЙ РАЙОН"	"9092"	"городская местность"	"2"	"Всего"	"1"	"Всего"	"1"	"Всего"	"1"	"13 877"
"Общая площадь введенных в эксплуатацию жилых зданий(Метр квадратный)"	"2021 год"	"202112"	"ШУСКИЙ РАЙОН"	"9092"	"городская местность"	"2"	"Всего"	"1"	"Всего"	"1"	"Всего"	"1"	"15 173"
"Общая площадь введенных в эксплуатацию жилых зданий(Метр квадратный)"	"2022 год"	"202212"	"ШУСКИЙ РАЙОН"	"9092"	"городская местность"	"2"	"Всего"	"1"	"Всего"	"1"	"Всего"	"1"	"17 914"
"Общая площадь введенных в эксплуатацию жилых зданий(Метр квадратный)"	"2016 год"	"201612"	"ШУСКИЙ РАЙОН"	"9092"	"сельская местность"	"3"	"Всего"	"1"	"Всего"	"1"	"Всего"	"1"	"11 152"
"Общая площадь введенных в эксплуатацию жилых зданий(Метр квадратный)"	"2020 год"	"202012"	"ШУСКИЙ РАЙОН"	"9092"	"сельская местность"	"3"	"Всего"	"1"	"Всего"	"1"	"Всего"	"1"	"13 369"
"Общая площадь введенных в эксплуатацию жилых зданий(Метр квадратный)"	"2014 год"	"201412"	"ШУСКИЙ РАЙОН"	"9092"	"сельская местность"	"3"	"Всего"	"1"	"Всего"	"1"	"Всего"	"1"	"7 361"
"Общая площадь введенных в эксплуатацию жилых зданий(Метр квадратный)"	"2019 год"	"201912"	"ШУСКИЙ РАЙОН"	"9092"	"сельская местность"	"3"	"Всего"	"1"	"Всего"	"1"	"Всего"	"1"	"12 748"
"Общая площадь введенных в эксплуатацию жилых зданий(Метр квадратный)"	"2015 год"	"201512"	"ШУСКИЙ РАЙОН"	"9092"	"сельская местность"	"3"	"Всего"	"1"	"Всего"	"1"	"Всего"	"1"	"8 576"
"Общая площадь введенных в эксплуатацию жилых зданий(Метр квадратный)"	"2017 год"	"201712"	"ШУСКИЙ РАЙОН"	"9092"	"сельская местность"	"3"	"Всего"	"1"	"Всего"	"1"	"Всего"	"1"	"9 469"
"Общая площадь введенных в эксплуатацию жилых зданий(Метр квадратный)"	"2018 год"	"201812"	"ШУСКИЙ РАЙОН"	"9092"	"сельская местность"	"3"	"Всего"	"1"	"Всего"	"1"	"Всего"	"1"	"11 376"
"Общая площадь введенных в эксплуатацию жилых зданий(Метр квадратный)"	"2021 год"	"202112"	"ШУСКИЙ РАЙОН"	"9092"	"сельская местность"	"3"	"Всего"	"1"	"Всего"	"1"	"Всего"	"1"	"19 730"
"Общая площадь введенных в эксплуатацию жилых зданий(Метр квадратный)"	"2022 год"	"202212"	"ШУСКИЙ РАЙОН"	"9092"	"сельская местность"	"3"	"Всего"	"1"	"Всего"	"1"	"Всего"	"1"	"17 858"
"Общая площадь введенных в эксплуатацию жилых зданий(Метр квадратный)"	"2022 год"	"202212"	"ОБЛАСТЬ ЖЕТІСУ"	"9206"	"Всего"	"1"	"Всего"	"1"	"Всего"	"1"	"Всего"	"1"	"295 192"
"Общая площадь введенных в эксплуатацию жилых зданий(Метр квадратный)"	"2022 год"	"202212"	"ОБЛАСТЬ ЖЕТІСУ"	"9206"	"городская местность"	"2"	"Всего"	"1"	"Всего"	"1"	"Всего"	"1"	"197 318"
"Общая площадь введенных в эксплуатацию жилых зданий(Метр квадратный)"	"2022 год"	"202212"	"ОБЛАСТЬ ЖЕТІСУ"	"9206"	"сельская местность"	"3"	"Всего"	"1"	"Всего"	"1"	"Всего"	"1"	"97 874"
"Общая площадь введенных в эксплуатацию жилых зданий(Метр квадратный)"	"2016 год"	"201612"	"КАРАГАНДИНСКАЯ ОБЛАСТЬ"	"9207"	"Всего"	"1"	"Всего"	"1"	"Всего"	"1"	"Всего"	"1"	"340 821"
"Общая площадь введенных в эксплуатацию жилых зданий(Метр квадратный)"	"2020 год"	"202012"	"КАРАГАНДИНСКАЯ ОБЛАСТЬ"	"9207"	"Всего"	"1"	"Всего"	"1"	"Всего"	"1"	"Всего"	"1"	"529 658"
"Общая площадь введенных в эксплуатацию жилых зданий(Метр квадратный)"	"2014 год"	"201412"	"КАРАГАНДИНСКАЯ ОБЛАСТЬ"	"9207"	"Всего"	"1"	"Всего"	"1"	"Всего"	"1"	"Всего"	"1"	"315 513"
"Общая площадь введенных в эксплуатацию жилых зданий(Метр квадратный)"	"2019 год"	"201912"	"КАРАГАНДИНСКАЯ ОБЛАСТЬ"	"9207"	"Всего"	"1"	"Всего"	"1"	"Всего"	"1"	"Всего"	"1"	"421 014"
"Общая площадь введенных в эксплуатацию жилых зданий(Метр квадратный)"	"2015 год"	"201512"	"КАРАГАНДИНСКАЯ ОБЛАСТЬ"	"9207"	"Всего"	"1"	"Всего"	"1"	"Всего"	"1"	"Всего"	"1"	"320 670"
"Общая площадь введенных в эксплуатацию жилых зданий(Метр квадратный)"	"2017 год"	"201712"	"КАРАГАНДИНСКАЯ ОБЛАСТЬ"	"9207"	"Всего"	"1"	"Всего"	"1"	"Всего"	"1"	"Всего"	"1"	"374 111"
"Общая площадь введенных в эксплуатацию жилых зданий(Метр квадратный)"	"2018 год"	"201812"	"КАРАГАНДИНСКАЯ ОБЛАСТЬ"	"9207"	"Всего"	"1"	"Всего"	"1"	"Всего"	"1"	"Всего"	"1"	"416 690"
"Общая площадь введенных в эксплуатацию жилых зданий(Метр квадратный)"	"2021 год"	"202112"	"КАРАГАНДИНСКАЯ ОБЛАСТЬ"	"9207"	"Всего"	"1"	"Всего"	"1"	"Всего"	"1"	"Всего"	"1"	"663 278"
"Общая площадь введенных в эксплуатацию жилых зданий(Метр квадратный)"	"2022 год"	"202212"	"КАРАГАНДИНСКАЯ ОБЛАСТЬ"	"9207"	"Всего"	"1"	"Всего"	"1"	"Всего"	"1"	"Всего"	"1"	"594 925"
"Общая площадь введенных в эксплуатацию жилых зданий(Метр квадратный)"	"2016 год"	"201612"	"КАРАГАНДИНСКАЯ ОБЛАСТЬ"	"9207"	"городская местность"	"2"	"Всего"	"1"	"Всего"	"1"	"Всего"	"1"	"291 102"
"Общая площадь введенных в эксплуатацию жилых зданий(Метр квадратный)"	"2020 год"	"202012"	"КАРАГАНДИНСКАЯ ОБЛАСТЬ"	"9207"	"городская местность"	"2"	"Всего"	"1"	"Всего"	"1"	"Всего"	"1"	"433 054"
"Общая площадь введенных в эксплуатацию жилых зданий(Метр квадратный)"	"2014 год"	"201412"	"КАРАГАНДИНСКАЯ ОБЛАСТЬ"	"9207"	"городская местность"	"2"	"Всего"	"1"	"Всего"	"1"	"Всего"	"1"	"249 474"
"Общая площадь введенных в эксплуатацию жилых зданий(Метр квадратный)"	"2019 год"	"201912"	"КАРАГАНДИНСКАЯ ОБЛАСТЬ"	"9207"	"городская местность"	"2"	"Всего"	"1"	"Всего"	"1"	"Всего"	"1"	"347 395"
"Общая площадь введенных в эксплуатацию жилых зданий(Метр квадратный)"	"2015 год"	"201512"	"КАРАГАНДИНСКАЯ ОБЛАСТЬ"	"9207"	"городская местность"	"2"	"Всего"	"1"	"Всего"	"1"	"Всего"	"1"	"238 984"
"Общая площадь введенных в эксплуатацию жилых зданий(Метр квадратный)"	"2017 год"	"201712"	"КАРАГАНДИНСКАЯ ОБЛАСТЬ"	"9207"	"городская местность"	"2"	"Всего"	"1"	"Всего"	"1"	"Всего"	"1"	"328 515"
"Общая площадь введенных в эксплуатацию жилых зданий(Метр квадратный)"	"2018 год"	"201812"	"КАРАГАНДИНСКАЯ ОБЛАСТЬ"	"9207"	"городская местность"	"2"	"Всего"	"1"	"Всего"	"1"	"Всего"	"1"	"344 870"
"Общая площадь введенных в эксплуатацию жилых зданий(Метр квадратный)"	"2021 год"	"202112"	"КАРАГАНДИНСКАЯ ОБЛАСТЬ"	"9207"	"городская местность"	"2"	"Всего"	"1"	"Всего"	"1"	"Всего"	"1"	"563 949"
"Общая площадь введенных в эксплуатацию жилых зданий(Метр квадратный)"	"2022 год"	"202212"	"КАРАГАНДИНСКАЯ ОБЛАСТЬ"	"9207"	"городская местность"	"2"	"Всего"	"1"	"Всего"	"1"	"Всего"	"1"	"543 349"
"Общая площадь введенных в эксплуатацию жилых зданий(Метр квадратный)"	"2016 год"	"201612"	"КАРАГАНДИНСКАЯ ОБЛАСТЬ"	"9207"	"сельская местность"	"3"	"Всего"	"1"	"Всего"	"1"	"Всего"	"1"	"49 719"
"Общая площадь введенных в эксплуатацию жилых зданий(Метр квадратный)"	"2020 год"	"202012"	"КАРАГАНДИНСКАЯ ОБЛАСТЬ"	"9207"	"сельская местность"	"3"	"Всего"	"1"	"Всего"	"1"	"Всего"	"1"	"96 604"
"Общая площадь введенных в эксплуатацию жилых зданий(Метр квадратный)"	"2014 год"	"201412"	"КАРАГАНДИНСКАЯ ОБЛАСТЬ"	"9207"	"сельская местность"	"3"	"Всего"	"1"	"Всего"	"1"	"Всего"	"1"	"66 039"
"Общая площадь введенных в эксплуатацию жилых зданий(Метр квадратный)"	"2019 год"	"201912"	"КАРАГАНДИНСКАЯ ОБЛАСТЬ"	"9207"	"сельская местность"	"3"	"Всего"	"1"	"Всего"	"1"	"Всего"	"1"	"73 619"
"Общая площадь введенных в эксплуатацию жилых зданий(Метр квадратный)"	"2015 год"	"201512"	"КАРАГАНДИНСКАЯ ОБЛАСТЬ"	"9207"	"сельская местность"	"3"	"Всего"	"1"	"Всего"	"1"	"Всего"	"1"	"81 686"
"Общая площадь введенных в эксплуатацию жилых зданий(Метр квадратный)"	"2017 год"	"201712"	"КАРАГАНДИНСКАЯ ОБЛАСТЬ"	"9207"	"сельская местность"	"3"	"Всего"	"1"	"Всего"	"1"	"Всего"	"1"	"45 596"
"Общая площадь введенных в эксплуатацию жилых зданий(Метр квадратный)"	"2018 год"	"201812"	"КАРАГАНДИНСКАЯ ОБЛАСТЬ"	"9207"	"сельская местность"	"3"	"Всего"	"1"	"Всего"	"1"	"Всего"	"1"	"71 820"
"Общая площадь введенных в эксплуатацию жилых зданий(Метр квадратный)"	"2021 год"	"202112"	"КАРАГАНДИНСКАЯ ОБЛАСТЬ"	"9207"	"сельская местность"	"3"	"Всего"	"1"	"Всего"	"1"	"Всего"	"1"	"99 329"
"Общая площадь введенных в эксплуатацию жилых зданий(Метр квадратный)"	"2022 год"	"202212"	"КАРАГАНДИНСКАЯ ОБЛАСТЬ"	"9207"	"сельская местность"	"3"	"Всего"	"1"	"Всего"	"1"	"Всего"	"1"	"51 576"
"Общая площадь введенных в эксплуатацию жилых зданий(Метр квадратный)"	"2016 год"	"201612"	"КАРАГАНДА Г.А."	"9208"	"Всего"	"1"	"Всего"	"1"	"Всего"	"1"	"Всего"	"1"	"172 866"
"Общая площадь введенных в эксплуатацию жилых зданий(Метр квадратный)"	"2020 год"	"202012"	"КАРАГАНДА Г.А."	"9208"	"Всего"	"1"	"Всего"	"1"	"Всего"	"1"	"Всего"	"1"	"322 595"
"Общая площадь введенных в эксплуатацию жилых зданий(Метр квадратный)"	"2014 год"	"201412"	"КАРАГАНДА Г.А."	"9208"	"Всего"	"1"	"Всего"	"1"	"Всего"	"1"	"Всего"	"1"	"152 795"
"Общая площадь введенных в эксплуатацию жилых зданий(Метр квадратный)"	"2019 год"	"201912"	"КАРАГАНДА Г.А."	"9208"	"Всего"	"1"	"Всего"	"1"	"Всего"	"1"	"Всего"	"1"	"259 404"
"Общая площадь введенных в эксплуатацию жилых зданий(Метр квадратный)"	"2015 год"	"201512"	"КАРАГАНДА Г.А."	"9208"	"Всего"	"1"	"Всего"	"1"	"Всего"	"1"	"Всего"	"1"	"155 750"
"Общая площадь введенных в эксплуатацию жилых зданий(Метр квадратный)"	"2017 год"	"201712"	"КАРАГАНДА Г.А."	"9208"	"Всего"	"1"	"Всего"	"1"	"Всего"	"1"	"Всего"	"1"	"182 114"
"Общая площадь введенных в эксплуатацию жилых зданий(Метр квадратный)"	"2018 год"	"201812"	"КАРАГАНДА Г.А."	"9208"	"Всего"	"1"	"Всего"	"1"	"Всего"	"1"	"Всего"	"1"	"218 546"
"Общая площадь введенных в эксплуатацию жилых зданий(Метр квадратный)"	"2021 год"	"202112"	"КАРАГАНДА Г.А."	"9208"	"Всего"	"1"	"Всего"	"1"	"Всего"	"1"	"Всего"	"1"	"413 157"
"Общая площадь введенных в эксплуатацию жилых зданий(Метр квадратный)"	"2022 год"	"202212"	"КАРАГАНДА Г.А."	"9208"	"Всего"	"1"	"Всего"	"1"	"Всего"	"1"	"Всего"	"1"	"472 707"
"Общая площадь введенных в эксплуатацию жилых зданий(Метр квадратный)"	"2016 год"	"201612"	"КАРАГАНДА Г.А."	"9208"	"городская местность"	"2"	"Всего"	"1"	"Всего"	"1"	"Всего"	"1"	"172 866"
"Общая площадь введенных в эксплуатацию жилых зданий(Метр квадратный)"	"2020 год"	"202012"	"КАРАГАНДА Г.А."	"9208"	"городская местность"	"2"	"Всего"	"1"	"Всего"	"1"	"Всего"	"1"	"322 595"
"Общая площадь введенных в эксплуатацию жилых зданий(Метр квадратный)"	"2014 год"	"201412"	"КАРАГАНДА Г.А."	"9208"	"городская местность"	"2"	"Всего"	"1"	"Всего"	"1"	"Всего"	"1"	"152 795"
"Общая площадь введенных в эксплуатацию жилых зданий(Метр квадратный)"	"2019 год"	"201912"	"КАРАГАНДА Г.А."	"9208"	"городская местность"	"2"	"Всего"	"1"	"Всего"	"1"	"Всего"	"1"	"259 404"
"Общая площадь введенных в эксплуатацию жилых зданий(Метр квадратный)"	"2015 год"	"201512"	"КАРАГАНДА Г.А."	"9208"	"городская местность"	"2"	"Всего"	"1"	"Всего"	"1"	"Всего"	"1"	"155 750"
"Общая площадь введенных в эксплуатацию жилых зданий(Метр квадратный)"	"2017 год"	"201712"	"КАРАГАНДА Г.А."	"9208"	"городская местность"	"2"	"Всего"	"1"	"Всего"	"1"	"Всего"	"1"	"182 114"
"Общая площадь введенных в эксплуатацию жилых зданий(Метр квадратный)"	"2018 год"	"201812"	"КАРАГАНДА Г.А."	"9208"	"городская местность"	"2"	"Всего"	"1"	"Всего"	"1"	"Всего"	"1"	"218 546"
"Общая площадь введенных в эксплуатацию жилых зданий(Метр квадратный)"	"2021 год"	"202112"	"КАРАГАНДА Г.А."	"9208"	"городская местность"	"2"	"Всего"	"1"	"Всего"	"1"	"Всего"	"1"	"413 157"
"Общая площадь введенных в эксплуатацию жилых зданий(Метр квадратный)"	"2022 год"	"202212"	"КАРАГАНДА Г.А."	"9208"	"городская местность"	"2"	"Всего"	"1"	"Всего"	"1"	"Всего"	"1"	"472 707"
"Общая площадь введенных в эксплуатацию жилых зданий(Метр квадратный)"	"2016 год"	"201612"	"БАЛХАШ Г.А."	"9215"	"Всего"	"1"	"Всего"	"1"	"Всего"	"1"	"Всего"	"1"	"5 920"
"Общая площадь введенных в эксплуатацию жилых зданий(Метр квадратный)"	"2020 год"	"202012"	"БАЛХАШ Г.А."	"9215"	"Всего"	"1"	"Всего"	"1"	"Всего"	"1"	"Всего"	"1"	"14 422"
"Общая площадь введенных в эксплуатацию жилых зданий(Метр квадратный)"	"2014 год"	"201412"	"БАЛХАШ Г.А."	"9215"	"Всего"	"1"	"Всего"	"1"	"Всего"	"1"	"Всего"	"1"	"12 342"
"Общая площадь введенных в эксплуатацию жилых зданий(Метр квадратный)"	"2019 год"	"201912"	"БАЛХАШ Г.А."	"9215"	"Всего"	"1"	"Всего"	"1"	"Всего"	"1"	"Всего"	"1"	"5 497"
"Общая площадь введенных в эксплуатацию жилых зданий(Метр квадратный)"	"2015 год"	"201512"	"БАЛХАШ Г.А."	"9215"	"Всего"	"1"	"Всего"	"1"	"Всего"	"1"	"Всего"	"1"	"10 807"
"Общая площадь введенных в эксплуатацию жилых зданий(Метр квадратный)"	"2017 год"	"201712"	"БАЛХАШ Г.А."	"9215"	"Всего"	"1"	"Всего"	"1"	"Всего"	"1"	"Всего"	"1"	"5 885"
"Общая площадь введенных в эксплуатацию жилых зданий(Метр квадратный)"	"2018 год"	"201812"	"БАЛХАШ Г.А."	"9215"	"Всего"	"1"	"Всего"	"1"	"Всего"	"1"	"Всего"	"1"	"15 984"
"Общая площадь введенных в эксплуатацию жилых зданий(Метр квадратный)"	"2021 год"	"202112"	"БАЛХАШ Г.А."	"9215"	"Всего"	"1"	"Всего"	"1"	"Всего"	"1"	"Всего"	"1"	"16 637"
"Общая площадь введенных в эксплуатацию жилых зданий(Метр квадратный)"	"2022 год"	"202212"	"БАЛХАШ Г.А."	"9215"	"Всего"	"1"	"Всего"	"1"	"Всего"	"1"	"Всего"	"1"	"16 754"
"Общая площадь введенных в эксплуатацию жилых зданий(Метр квадратный)"	"2016 год"	"201612"	"БАЛХАШ Г.А."	"9215"	"городская местность"	"2"	"Всего"	"1"	"Всего"	"1"	"Всего"	"1"	"5 920"
"Общая площадь введенных в эксплуатацию жилых зданий(Метр квадратный)"	"2020 год"	"202012"	"БАЛХАШ Г.А."	"9215"	"городская местность"	"2"	"Всего"	"1"	"Всего"	"1"	"Всего"	"1"	"14 422"
"Общая площадь введенных в эксплуатацию жилых зданий(Метр квадратный)"	"2014 год"	"201412"	"БАЛХАШ Г.А."	"9215"	"городская местность"	"2"	"Всего"	"1"	"Всего"	"1"	"Всего"	"1"	"12 342"
"Общая площадь введенных в эксплуатацию жилых зданий(Метр квадратный)"	"2019 год"	"201912"	"БАЛХАШ Г.А."	"9215"	"городская местность"	"2"	"Всего"	"1"	"Всего"	"1"	"Всего"	"1"	"5 497"
"Общая площадь введенных в эксплуатацию жилых зданий(Метр квадратный)"	"2015 год"	"201512"	"БАЛХАШ Г.А."	"9215"	"городская местность"	"2"	"Всего"	"1"	"Всего"	"1"	"Всего"	"1"	"10 807"
"Общая площадь введенных в эксплуатацию жилых зданий(Метр квадратный)"	"2017 год"	"201712"	"БАЛХАШ Г.А."	"9215"	"городская местность"	"2"	"Всего"	"1"	"Всего"	"1"	"Всего"	"1"	"5 885"
"Общая площадь введенных в эксплуатацию жилых зданий(Метр квадратный)"	"2018 год"	"201812"	"БАЛХАШ Г.А."	"9215"	"городская местность"	"2"	"Всего"	"1"	"Всего"	"1"	"Всего"	"1"	"15 984"
"Общая площадь введенных в эксплуатацию жилых зданий(Метр квадратный)"	"2021 год"	"202112"	"БАЛХАШ Г.А."	"9215"	"городская местность"	"2"	"Всего"	"1"	"Всего"	"1"	"Всего"	"1"	"16 637"
"Общая площадь введенных в эксплуатацию жилых зданий(Метр квадратный)"	"2022 год"	"202212"	"БАЛХАШ Г.А."	"9215"	"городская местность"	"2"	"Всего"	"1"	"Всего"	"1"	"Всего"	"1"	"16 754"
"Общая площадь введенных в эксплуатацию жилых зданий(Метр квадратный)"	"2016 год"	"201612"	"ЖЕЗКАЗГАН Г.А."	"9224"	"Всего"	"1"	"Всего"	"1"	"Всего"	"1"	"Всего"	"1"	"9 659"
"Общая площадь введенных в эксплуатацию жилых зданий(Метр квадратный)"	"2020 год"	"202012"	"ЖЕЗКАЗГАН Г.А."	"9224"	"Всего"	"1"	"Всего"	"1"	"Всего"	"1"	"Всего"	"1"	"21 081"
"Общая площадь введенных в эксплуатацию жилых зданий(Метр квадратный)"	"2014 год"	"201412"	"ЖЕЗКАЗГАН Г.А."	"9224"	"Всего"	"1"	"Всего"	"1"	"Всего"	"1"	"Всего"	"1"	"14 397"
"Общая площадь введенных в эксплуатацию жилых зданий(Метр квадратный)"	"2019 год"	"201912"	"ЖЕЗКАЗГАН Г.А."	"9224"	"Всего"	"1"	"Всего"	"1"	"Всего"	"1"	"Всего"	"1"	"17 608"
"Общая площадь введенных в эксплуатацию жилых зданий(Метр квадратный)"	"2015 год"	"201512"	"ЖЕЗКАЗГАН Г.А."	"9224"	"Всего"	"1"	"Всего"	"1"	"Всего"	"1"	"Всего"	"1"	"8 837"
"Общая площадь введенных в эксплуатацию жилых зданий(Метр квадратный)"	"2017 год"	"201712"	"ЖЕЗКАЗГАН Г.А."	"9224"	"Всего"	"1"	"Всего"	"1"	"Всего"	"1"	"Всего"	"1"	"10 470"
"Общая площадь введенных в эксплуатацию жилых зданий(Метр квадратный)"	"2018 год"	"201812"	"ЖЕЗКАЗГАН Г.А."	"9224"	"Всего"	"1"	"Всего"	"1"	"Всего"	"1"	"Всего"	"1"	"17 221"
"Общая площадь введенных в эксплуатацию жилых зданий(Метр квадратный)"	"2021 год"	"202112"	"ЖЕЗКАЗГАН Г.А."	"9224"	"Всего"	"1"	"Всего"	"1"	"Всего"	"1"	"Всего"	"1"	"26 419"
"Общая площадь введенных в эксплуатацию жилых зданий(Метр квадратный)"	"2022 год"	"202212"	"ЖЕЗКАЗГАН Г.А."	"9224"	"Всего"	"1"	"Всего"	"1"	"Всего"	"1"	"Всего"	"1"	"25 464"
"Общая площадь введенных в эксплуатацию жилых зданий(Метр квадратный)"	"2016 год"	"201612"	"ЖЕЗКАЗГАН Г.А."	"9224"	"городская местность"	"2"	"Всего"	"1"	"Всего"	"1"	"Всего"	"1"	"9 299"
"Общая площадь введенных в эксплуатацию жилых зданий(Метр квадратный)"	"2020 год"	"202012"	"ЖЕЗКАЗГАН Г.А."	"9224"	"городская местность"	"2"	"Всего"	"1"	"Всего"	"1"	"Всего"	"1"	"20 812"
"Общая площадь введенных в эксплуатацию жилых зданий(Метр квадратный)"	"2014 год"	"201412"	"ЖЕЗКАЗГАН Г.А."	"9224"	"городская местность"	"2"	"Всего"	"1"	"Всего"	"1"	"Всего"	"1"	"13 732"
"Общая площадь введенных в эксплуатацию жилых зданий(Метр квадратный)"	"2019 год"	"201912"	"ЖЕЗКАЗГАН Г.А."	"9224"	"городская местность"	"2"	"Всего"	"1"	"Всего"	"1"	"Всего"	"1"	"16 839"
"Общая площадь введенных в эксплуатацию жилых зданий(Метр квадратный)"	"2015 год"	"201512"	"ЖЕЗКАЗГАН Г.А."	"9224"	"городская местность"	"2"	"Всего"	"1"	"Всего"	"1"	"Всего"	"1"	"8 470"
"Общая площадь введенных в эксплуатацию жилых зданий(Метр квадратный)"	"2017 год"	"201712"	"ЖЕЗКАЗГАН Г.А."	"9224"	"городская местность"	"2"	"Всего"	"1"	"Всего"	"1"	"Всего"	"1"	"9 857"
"Общая площадь введенных в эксплуатацию жилых зданий(Метр квадратный)"	"2018 год"	"201812"	"ЖЕЗКАЗГАН Г.А."	"9224"	"городская местность"	"2"	"Всего"	"1"	"Всего"	"1"	"Всего"	"1"	"15 710"
"Общая площадь введенных в эксплуатацию жилых зданий(Метр квадратный)"	"2021 год"	"202112"	"ЖЕЗКАЗГАН Г.А."	"9224"	"городская местность"	"2"	"Всего"	"1"	"Всего"	"1"	"Всего"	"1"	"26 146"
"Общая площадь введенных в эксплуатацию жилых зданий(Метр квадратный)"	"2022 год"	"202212"	"ЖЕЗКАЗГАН Г.А."	"9224"	"городская местность"	"2"	"Всего"	"1"	"Всего"	"1"	"Всего"	"1"	"24 480"
"Общая площадь введенных в эксплуатацию жилых зданий(Метр квадратный)"	"2016 год"	"201612"	"ЖЕЗКАЗГАН Г.А."	"9224"	"сельская местность"	"3"	"Всего"	"1"	"Всего"	"1"	"Всего"	"1"	"360"
"Общая площадь введенных в эксплуатацию жилых зданий(Метр квадратный)"	"2020 год"	"202012"	"ЖЕЗКАЗГАН Г.А."	"9224"	"сельская местность"	"3"	"Всего"	"1"	"Всего"	"1"	"Всего"	"1"	"269"
"Общая площадь введенных в эксплуатацию жилых зданий(Метр квадратный)"	"2014 год"	"201412"	"ЖЕЗКАЗГАН Г.А."	"9224"	"сельская местность"	"3"	"Всего"	"1"	"Всего"	"1"	"Всего"	"1"	"665"
"Общая площадь введенных в эксплуатацию жилых зданий(Метр квадратный)"	"2019 год"	"201912"	"ЖЕЗКАЗГАН Г.А."	"9224"	"сельская местность"	"3"	"Всего"	"1"	"Всего"	"1"	"Всего"	"1"	"769"
"Общая площадь введенных в эксплуатацию жилых зданий(Метр квадратный)"	"2015 год"	"201512"	"ЖЕЗКАЗГАН Г.А."	"9224"	"сельская местность"	"3"	"Всего"	"1"	"Всего"	"1"	"Всего"	"1"	"367"
"Общая площадь введенных в эксплуатацию жилых зданий(Метр квадратный)"	"2017 год"	"201712"	"ЖЕЗКАЗГАН Г.А."	"9224"	"сельская местность"	"3"	"Всего"	"1"	"Всего"	"1"	"Всего"	"1"	"613"
"Общая площадь введенных в эксплуатацию жилых зданий(Метр квадратный)"	"2018 год"	"201812"	"ЖЕЗКАЗГАН Г.А."	"9224"	"сельская местность"	"3"	"Всего"	"1"	"Всего"	"1"	"Всего"	"1"	"1 511"
"Общая площадь введенных в эксплуатацию жилых зданий(Метр квадратный)"	"2021 год"	"202112"	"ЖЕЗКАЗГАН Г.А."	"9224"	"сельская местность"	"3"	"Всего"	"1"	"Всего"	"1"	"Всего"	"1"	"273"
"Общая площадь введенных в эксплуатацию жилых зданий(Метр квадратный)"	"2022 год"	"202212"	"ЖЕЗКАЗГАН Г.А."	"9224"	"сельская местность"	"3"	"Всего"	"1"	"Всего"	"1"	"Всего"	"1"	"984"
"Общая площадь введенных в эксплуатацию жилых зданий(Метр квадратный)"	"2016 год"	"201612"	"КАРАЖАЛ Г.А."	"9325"	"Всего"	"1"	"Всего"	"1"	"Всего"	"1"	"Всего"	"1"	"3 500"
"Общая площадь введенных в эксплуатацию жилых зданий(Метр квадратный)"	"2020 год"	"202012"	"КАРАЖАЛ Г.А."	"9325"	"Всего"	"1"	"Всего"	"1"	"Всего"	"1"	"Всего"	"1"	"6 707"
"Общая площадь введенных в эксплуатацию жилых зданий(Метр квадратный)"	"2014 год"	"201412"	"КАРАЖАЛ Г.А."	"9325"	"Всего"	"1"	"Всего"	"1"	"Всего"	"1"	"Всего"	"1"	"5 937"
"Общая площадь введенных в эксплуатацию жилых зданий(Метр квадратный)"	"2019 год"	"201912"	"КАРАЖАЛ Г.А."	"9325"	"Всего"	"1"	"Всего"	"1"	"Всего"	"1"	"Всего"	"1"	"6 180"
"Общая площадь введенных в эксплуатацию жилых зданий(Метр квадратный)"	"2015 год"	"201512"	"КАРАЖАЛ Г.А."	"9325"	"Всего"	"1"	"Всего"	"1"	"Всего"	"1"	"Всего"	"1"	"3 017"
"Общая площадь введенных в эксплуатацию жилых зданий(Метр квадратный)"	"2017 год"	"201712"	"КАРАЖАЛ Г.А."	"9325"	"Всего"	"1"	"Всего"	"1"	"Всего"	"1"	"Всего"	"1"	"5 032"
"Общая площадь введенных в эксплуатацию жилых зданий(Метр квадратный)"	"2018 год"	"201812"	"КАРАЖАЛ Г.А."	"9325"	"Всего"	"1"	"Всего"	"1"	"Всего"	"1"	"Всего"	"1"	"5 661"
"Общая площадь введенных в эксплуатацию жилых зданий(Метр квадратный)"	"2021 год"	"202112"	"КАРАЖАЛ Г.А."	"9325"	"Всего"	"1"	"Всего"	"1"	"Всего"	"1"	"Всего"	"1"	"13 094"
"Общая площадь введенных в эксплуатацию жилых зданий(Метр квадратный)"	"2022 год"	"202212"	"КАРАЖАЛ Г.А."	"9325"	"Всего"	"1"	"Всего"	"1"	"Всего"	"1"	"Всего"	"1"	"9 936"
"Общая площадь введенных в эксплуатацию жилых зданий(Метр квадратный)"	"2016 год"	"201612"	"КАРАЖАЛ Г.А."	"9325"	"городская местность"	"2"	"Всего"	"1"	"Всего"	"1"	"Всего"	"1"	"3 500"
"Общая площадь введенных в эксплуатацию жилых зданий(Метр квадратный)"	"2020 год"	"202012"	"КАРАЖАЛ Г.А."	"9325"	"городская местность"	"2"	"Всего"	"1"	"Всего"	"1"	"Всего"	"1"	"6 707"
"Общая площадь введенных в эксплуатацию жилых зданий(Метр квадратный)"	"2014 год"	"201412"	"КАРАЖАЛ Г.А."	"9325"	"городская местность"	"2"	"Всего"	"1"	"Всего"	"1"	"Всего"	"1"	"5 937"
"Общая площадь введенных в эксплуатацию жилых зданий(Метр квадратный)"	"2019 год"	"201912"	"КАРАЖАЛ Г.А."	"9325"	"городская местность"	"2"	"Всего"	"1"	"Всего"	"1"	"Всего"	"1"	"6 180"
"Общая площадь введенных в эксплуатацию жилых зданий(Метр квадратный)"	"2015 год"	"201512"	"КАРАЖАЛ Г.А."	"9325"	"городская местность"	"2"	"Всего"	"1"	"Всего"	"1"	"Всего"	"1"	"3 017"
"Общая площадь введенных в эксплуатацию жилых зданий(Метр квадратный)"	"2017 год"	"201712"	"КАРАЖАЛ Г.А."	"9325"	"городская местность"	"2"	"Всего"	"1"	"Всего"	"1"	"Всего"	"1"	"5 032"
"Общая площадь введенных в эксплуатацию жилых зданий(Метр квадратный)"	"2018 год"	"201812"	"КАРАЖАЛ Г.А."	"9325"	"городская местность"	"2"	"Всего"	"1"	"Всего"	"1"	"Всего"	"1"	"5 661"
"Общая площадь введенных в эксплуатацию жилых зданий(Метр квадратный)"	"2021 год"	"202112"	"КАРАЖАЛ Г.А."	"9325"	"городская местность"	"2"	"Всего"	"1"	"Всего"	"1"	"Всего"	"1"	"13 094"
"Общая площадь введенных в эксплуатацию жилых зданий(Метр квадратный)"	"2022 год"	"202212"	"КАРАЖАЛ Г.А."	"9325"	"городская местность"	"2"	"Всего"	"1"	"Всего"	"1"	"Всего"	"1"	"9 936"
"Общая площадь введенных в эксплуатацию жилых зданий(Метр квадратный)"	"2016 год"	"201612"	"ПРИОЗЕРСК Г.А."	"9329"	"Всего"	"1"	"Всего"	"1"	"Всего"	"1"	"Всего"	"1"	"5 463"
"Общая площадь введенных в эксплуатацию жилых зданий(Метр квадратный)"	"2020 год"	"202012"	"ПРИОЗЕРСК Г.А."	"9329"	"Всего"	"1"	"Всего"	"1"	"Всего"	"1"	"Всего"	"1"	"2 919"
"Общая площадь введенных в эксплуатацию жилых зданий(Метр квадратный)"	"2014 год"	"201412"	"ПРИОЗЕРСК Г.А."	"9329"	"Всего"	"1"	"Всего"	"1"	"Всего"	"1"	"Всего"	"1"	"3 160"
"Общая площадь введенных в эксплуатацию жилых зданий(Метр квадратный)"	"2019 год"	"201912"	"ПРИОЗЕРСК Г.А."	"9329"	"Всего"	"1"	"Всего"	"1"	"Всего"	"1"	"Всего"	"1"	"3 996"
"Общая площадь введенных в эксплуатацию жилых зданий(Метр квадратный)"	"2015 год"	"201512"	"ПРИОЗЕРСК Г.А."	"9329"	"Всего"	"1"	"Всего"	"1"	"Всего"	"1"	"Всего"	"1"	"3 509"
"Общая площадь введенных в эксплуатацию жилых зданий(Метр квадратный)"	"2017 год"	"201712"	"ПРИОЗЕРСК Г.А."	"9329"	"Всего"	"1"	"Всего"	"1"	"Всего"	"1"	"Всего"	"1"	"3 654"
"Общая площадь введенных в эксплуатацию жилых зданий(Метр квадратный)"	"2018 год"	"201812"	"ПРИОЗЕРСК Г.А."	"9329"	"Всего"	"1"	"Всего"	"1"	"Всего"	"1"	"Всего"	"1"	"5 003"
"Общая площадь введенных в эксплуатацию жилых зданий(Метр квадратный)"	"2021 год"	"202112"	"ПРИОЗЕРСК Г.А."	"9329"	"Всего"	"1"	"Всего"	"1"	"Всего"	"1"	"Всего"	"1"	"2 557"
"Общая площадь введенных в эксплуатацию жилых зданий(Метр квадратный)"	"2022 год"	"202212"	"ПРИОЗЕРСК Г.А."	"9329"	"Всего"	"1"	"Всего"	"1"	"Всего"	"1"	"Всего"	"1"	"6 980"
"Общая площадь введенных в эксплуатацию жилых зданий(Метр квадратный)"	"2016 год"	"201612"	"ПРИОЗЕРСК Г.А."	"9329"	"городская местность"	"2"	"Всего"	"1"	"Всего"	"1"	"Всего"	"1"	"5 463"
"Общая площадь введенных в эксплуатацию жилых зданий(Метр квадратный)"	"2020 год"	"202012"	"ПРИОЗЕРСК Г.А."	"9329"	"городская местность"	"2"	"Всего"	"1"	"Всего"	"1"	"Всего"	"1"	"2 919"
"Общая площадь введенных в эксплуатацию жилых зданий(Метр квадратный)"	"2014 год"	"201412"	"ПРИОЗЕРСК Г.А."	"9329"	"городская местность"	"2"	"Всего"	"1"	"Всего"	"1"	"Всего"	"1"	"3 160"
"Общая площадь введенных в эксплуатацию жилых зданий(Метр квадратный)"	"2019 год"	"201912"	"ПРИОЗЕРСК Г.А."	"9329"	"городская местность"	"2"	"Всего"	"1"	"Всего"	"1"	"Всего"	"1"	"3 996"
"Общая площадь введенных в эксплуатацию жилых зданий(Метр квадратный)"	"2015 год"	"201512"	"ПРИОЗЕРСК Г.А."	"9329"	"городская местность"	"2"	"Всего"	"1"	"Всего"	"1"	"Всего"	"1"	"3 509"
"Общая площадь введенных в эксплуатацию жилых зданий(Метр квадратный)"	"2017 год"	"201712"	"ПРИОЗЕРСК Г.А."	"9329"	"городская местность"	"2"	"Всего"	"1"	"Всего"	"1"	"Всего"	"1"	"3 654"
"Общая площадь введенных в эксплуатацию жилых зданий(Метр квадратный)"	"2018 год"	"201812"	"ПРИОЗЕРСК Г.А."	"9329"	"городская местность"	"2"	"Всего"	"1"	"Всего"	"1"	"Всего"	"1"	"5 003"
"Общая площадь введенных в эксплуатацию жилых зданий(Метр квадратный)"	"2021 год"	"202112"	"ПРИОЗЕРСК Г.А."	"9329"	"городская местность"	"2"	"Всего"	"1"	"Всего"	"1"	"Всего"	"1"	"2 557"
"Общая площадь введенных в эксплуатацию жилых зданий(Метр квадратный)"	"2022 год"	"202212"	"ПРИОЗЕРСК Г.А."	"9329"	"городская местность"	"2"	"Всего"	"1"	"Всего"	"1"	"Всего"	"1"	"6 980"
"Общая площадь введенных в эксплуатацию жилых зданий(Метр квадратный)"	"2016 год"	"201612"	"САРАНЬ Г.А."	"9331"	"Всего"	"1"	"Всего"	"1"	"Всего"	"1"	"Всего"	"1"	"2 455"
"Общая площадь введенных в эксплуатацию жилых зданий(Метр квадратный)"	"2020 год"	"202012"	"САРАНЬ Г.А."	"9331"	"Всего"	"1"	"Всего"	"1"	"Всего"	"1"	"Всего"	"1"	"9 012"
"Общая площадь введенных в эксплуатацию жилых зданий(Метр квадратный)"	"2014 год"	"201412"	"САРАНЬ Г.А."	"9331"	"Всего"	"1"	"Всего"	"1"	"Всего"	"1"	"Всего"	"1"	"10 330"
"Общая площадь введенных в эксплуатацию жилых зданий(Метр квадратный)"	"2019 год"	"201912"	"САРАНЬ Г.А."	"9331"	"Всего"	"1"	"Всего"	"1"	"Всего"	"1"	"Всего"	"1"	"13 551"
"Общая площадь введенных в эксплуатацию жилых зданий(Метр квадратный)"	"2015 год"	"201512"	"САРАНЬ Г.А."	"9331"	"Всего"	"1"	"Всего"	"1"	"Всего"	"1"	"Всего"	"1"	"7 626"
"Общая площадь введенных в эксплуатацию жилых зданий(Метр квадратный)"	"2017 год"	"201712"	"САРАНЬ Г.А."	"9331"	"Всего"	"1"	"Всего"	"1"	"Всего"	"1"	"Всего"	"1"	"2 523"
"Общая площадь введенных в эксплуатацию жилых зданий(Метр квадратный)"	"2018 год"	"201812"	"САРАНЬ Г.А."	"9331"	"Всего"	"1"	"Всего"	"1"	"Всего"	"1"	"Всего"	"1"	"6 927"
"Общая площадь введенных в эксплуатацию жилых зданий(Метр квадратный)"	"2021 год"	"202112"	"САРАНЬ Г.А."	"9331"	"Всего"	"1"	"Всего"	"1"	"Всего"	"1"	"Всего"	"1"	"21 801"
"Общая площадь введенных в эксплуатацию жилых зданий(Метр квадратный)"	"2022 год"	"202212"	"САРАНЬ Г.А."	"9331"	"Всего"	"1"	"Всего"	"1"	"Всего"	"1"	"Всего"	"1"	"13 323"
"Общая площадь введенных в эксплуатацию жилых зданий(Метр квадратный)"	"2016 год"	"201612"	"САРАНЬ Г.А."	"9331"	"городская местность"	"2"	"Всего"	"1"	"Всего"	"1"	"Всего"	"1"	"2 455"
"Общая площадь введенных в эксплуатацию жилых зданий(Метр квадратный)"	"2020 год"	"202012"	"САРАНЬ Г.А."	"9331"	"городская местность"	"2"	"Всего"	"1"	"Всего"	"1"	"Всего"	"1"	"9 012"
"Общая площадь введенных в эксплуатацию жилых зданий(Метр квадратный)"	"2014 год"	"201412"	"САРАНЬ Г.А."	"9331"	"городская местность"	"2"	"Всего"	"1"	"Всего"	"1"	"Всего"	"1"	"10 330"
"Общая площадь введенных в эксплуатацию жилых зданий(Метр квадратный)"	"2019 год"	"201912"	"САРАНЬ Г.А."	"9331"	"городская местность"	"2"	"Всего"	"1"	"Всего"	"1"	"Всего"	"1"	"13 551"
"Общая площадь введенных в эксплуатацию жилых зданий(Метр квадратный)"	"2015 год"	"201512"	"САРАНЬ Г.А."	"9331"	"городская местность"	"2"	"Всего"	"1"	"Всего"	"1"	"Всего"	"1"	"7 626"
"Общая площадь введенных в эксплуатацию жилых зданий(Метр квадратный)"	"2017 год"	"201712"	"САРАНЬ Г.А."	"9331"	"городская местность"	"2"	"Всего"	"1"	"Всего"	"1"	"Всего"	"1"	"2 523"
"Общая площадь введенных в эксплуатацию жилых зданий(Метр квадратный)"	"2018 год"	"201812"	"САРАНЬ Г.А."	"9331"	"городская местность"	"2"	"Всего"	"1"	"Всего"	"1"	"Всего"	"1"	"6 927"
"Общая площадь введенных в эксплуатацию жилых зданий(Метр квадратный)"	"2021 год"	"202112"	"САРАНЬ Г.А."	"9331"	"городская местность"	"2"	"Всего"	"1"	"Всего"	"1"	"Всего"	"1"	"21 801"
"Общая площадь введенных в эксплуатацию жилых зданий(Метр квадратный)"	"2022 год"	"202212"	"САРАНЬ Г.А."	"9331"	"городская местность"	"2"	"Всего"	"1"	"Всего"	"1"	"Всего"	"1"	"13 323"
"Общая площадь введенных в эксплуатацию жилых зданий(Метр квадратный)"	"2016 год"	"201612"	"САТПАЕВ Г.А."	"9335"	"Всего"	"1"	"Всего"	"1"	"Всего"	"1"	"Всего"	"1"	"58 310"
"Общая площадь введенных в эксплуатацию жилых зданий(Метр квадратный)"	"2020 год"	"202012"	"САТПАЕВ Г.А."	"9335"	"Всего"	"1"	"Всего"	"1"	"Всего"	"1"	"Всего"	"1"	"23 144"
"Общая площадь введенных в эксплуатацию жилых зданий(Метр квадратный)"	"2014 год"	"201412"	"САТПАЕВ Г.А."	"9335"	"Всего"	"1"	"Всего"	"1"	"Всего"	"1"	"Всего"	"1"	"9 284"
"Общая площадь введенных в эксплуатацию жилых зданий(Метр квадратный)"	"2019 год"	"201912"	"САТПАЕВ Г.А."	"9335"	"Всего"	"1"	"Всего"	"1"	"Всего"	"1"	"Всего"	"1"	"19 502"
"Общая площадь введенных в эксплуатацию жилых зданий(Метр квадратный)"	"2015 год"	"201512"	"САТПАЕВ Г.А."	"9335"	"Всего"	"1"	"Всего"	"1"	"Всего"	"1"	"Всего"	"1"	"9 527"
"Общая площадь введенных в эксплуатацию жилых зданий(Метр квадратный)"	"2017 год"	"201712"	"САТПАЕВ Г.А."	"9335"	"Всего"	"1"	"Всего"	"1"	"Всего"	"1"	"Всего"	"1"	"100 047"
"Общая площадь введенных в эксплуатацию жилых зданий(Метр квадратный)"	"2018 год"	"201812"	"САТПАЕВ Г.А."	"9335"	"Всего"	"1"	"Всего"	"1"	"Всего"	"1"	"Всего"	"1"	"42 882"
"Общая площадь введенных в эксплуатацию жилых зданий(Метр квадратный)"	"2021 год"	"202112"	"САТПАЕВ Г.А."	"9335"	"Всего"	"1"	"Всего"	"1"	"Всего"	"1"	"Всего"	"1"	"10 376"
"Общая площадь введенных в эксплуатацию жилых зданий(Метр квадратный)"	"2022 год"	"202212"	"САТПАЕВ Г.А."	"9335"	"Всего"	"1"	"Всего"	"1"	"Всего"	"1"	"Всего"	"1"	"13 116"
"Общая площадь введенных в эксплуатацию жилых зданий(Метр квадратный)"	"2016 год"	"201612"	"САТПАЕВ Г.А."	"9335"	"городская местность"	"2"	"Всего"	"1"	"Всего"	"1"	"Всего"	"1"	"58 310"
"Общая площадь введенных в эксплуатацию жилых зданий(Метр квадратный)"	"2020 год"	"202012"	"САТПАЕВ Г.А."	"9335"	"городская местность"	"2"	"Всего"	"1"	"Всего"	"1"	"Всего"	"1"	"23 144"
"Общая площадь введенных в эксплуатацию жилых зданий(Метр квадратный)"	"2014 год"	"201412"	"САТПАЕВ Г.А."	"9335"	"городская местность"	"2"	"Всего"	"1"	"Всего"	"1"	"Всего"	"1"	"9 284"
"Общая площадь введенных в эксплуатацию жилых зданий(Метр квадратный)"	"2019 год"	"201912"	"САТПАЕВ Г.А."	"9335"	"городская местность"	"2"	"Всего"	"1"	"Всего"	"1"	"Всего"	"1"	"19 502"
"Общая площадь введенных в эксплуатацию жилых зданий(Метр квадратный)"	"2015 год"	"201512"	"САТПАЕВ Г.А."	"9335"	"городская местность"	"2"	"Всего"	"1"	"Всего"	"1"	"Всего"	"1"	"9 527"
"Общая площадь введенных в эксплуатацию жилых зданий(Метр квадратный)"	"2017 год"	"201712"	"САТПАЕВ Г.А."	"9335"	"городская местность"	"2"	"Всего"	"1"	"Всего"	"1"	"Всего"	"1"	"100 047"
"Общая площадь введенных в эксплуатацию жилых зданий(Метр квадратный)"	"2018 год"	"201812"	"САТПАЕВ Г.А."	"9335"	"городская местность"	"2"	"Всего"	"1"	"Всего"	"1"	"Всего"	"1"	"42 882"
"Общая площадь введенных в эксплуатацию жилых зданий(Метр квадратный)"	"2021 год"	"202112"	"САТПАЕВ Г.А."	"9335"	"городская местность"	"2"	"Всего"	"1"	"Всего"	"1"	"Всего"	"1"	"10 376"
"Общая площадь введенных в эксплуатацию жилых зданий(Метр квадратный)"	"2022 год"	"202212"	"САТПАЕВ Г.А."	"9335"	"городская местность"	"2"	"Всего"	"1"	"Всего"	"1"	"Всего"	"1"	"13 116"
"Общая площадь введенных в эксплуатацию жилых зданий(Метр квадратный)"	"2016 год"	"201612"	"ТЕМИРТАУ Г.А."	"9340"	"Всего"	"1"	"Всего"	"1"	"Всего"	"1"	"Всего"	"1"	"18 195"
"Общая площадь введенных в эксплуатацию жилых зданий(Метр квадратный)"	"2020 год"	"202012"	"ТЕМИРТАУ Г.А."	"9340"	"Всего"	"1"	"Всего"	"1"	"Всего"	"1"	"Всего"	"1"	"8 747"
"Общая площадь введенных в эксплуатацию жилых зданий(Метр квадратный)"	"2014 год"	"201412"	"ТЕМИРТАУ Г.А."	"9340"	"Всего"	"1"	"Всего"	"1"	"Всего"	"1"	"Всего"	"1"	"29 350"
"Общая площадь введенных в эксплуатацию жилых зданий(Метр квадратный)"	"2019 год"	"201912"	"ТЕМИРТАУ Г.А."	"9340"	"Всего"	"1"	"Всего"	"1"	"Всего"	"1"	"Всего"	"1"	"12 865"
"Общая площадь введенных в эксплуатацию жилых зданий(Метр квадратный)"	"2015 год"	"201512"	"ТЕМИРТАУ Г.А."	"9340"	"Всего"	"1"	"Всего"	"1"	"Всего"	"1"	"Всего"	"1"	"30 125"
"Общая площадь введенных в эксплуатацию жилых зданий(Метр квадратный)"	"2017 год"	"201712"	"ТЕМИРТАУ Г.А."	"9340"	"Всего"	"1"	"Всего"	"1"	"Всего"	"1"	"Всего"	"1"	"10 306"
"Общая площадь введенных в эксплуатацию жилых зданий(Метр квадратный)"	"2018 год"	"201812"	"ТЕМИРТАУ Г.А."	"9340"	"Всего"	"1"	"Всего"	"1"	"Всего"	"1"	"Всего"	"1"	"19 908"
"Общая площадь введенных в эксплуатацию жилых зданий(Метр квадратный)"	"2021 год"	"202112"	"ТЕМИРТАУ Г.А."	"9340"	"Всего"	"1"	"Всего"	"1"	"Всего"	"1"	"Всего"	"1"	"33 368"
"Общая площадь введенных в эксплуатацию жилых зданий(Метр квадратный)"	"2022 год"	"202212"	"ТЕМИРТАУ Г.А."	"9340"	"Всего"	"1"	"Всего"	"1"	"Всего"	"1"	"Всего"	"1"	"17 400"
"Общая площадь введенных в эксплуатацию жилых зданий(Метр квадратный)"	"2016 год"	"201612"	"ТЕМИРТАУ Г.А."	"9340"	"городская местность"	"2"	"Всего"	"1"	"Всего"	"1"	"Всего"	"1"	"18 195"
"Общая площадь введенных в эксплуатацию жилых зданий(Метр квадратный)"	"2020 год"	"202012"	"ТЕМИРТАУ Г.А."	"9340"	"городская местность"	"2"	"Всего"	"1"	"Всего"	"1"	"Всего"	"1"	"8 747"
"Общая площадь введенных в эксплуатацию жилых зданий(Метр квадратный)"	"2014 год"	"201412"	"ТЕМИРТАУ Г.А."	"9340"	"городская местность"	"2"	"Всего"	"1"	"Всего"	"1"	"Всего"	"1"	"29 350"
"Общая площадь введенных в эксплуатацию жилых зданий(Метр квадратный)"	"2019 год"	"201912"	"ТЕМИРТАУ Г.А."	"9340"	"городская местность"	"2"	"Всего"	"1"	"Всего"	"1"	"Всего"	"1"	"12 865"
"Общая площадь введенных в эксплуатацию жилых зданий(Метр квадратный)"	"2015 год"	"201512"	"ТЕМИРТАУ Г.А."	"9340"	"городская местность"	"2"	"Всего"	"1"	"Всего"	"1"	"Всего"	"1"	"30 125"
"Общая площадь введенных в эксплуатацию жилых зданий(Метр квадратный)"	"2017 год"	"201712"	"ТЕМИРТАУ Г.А."	"9340"	"городская местность"	"2"	"Всего"	"1"	"Всего"	"1"	"Всего"	"1"	"10 306"
"Общая площадь введенных в эксплуатацию жилых зданий(Метр квадратный)"	"2018 год"	"201812"	"ТЕМИРТАУ Г.А."	"9340"	"городская местность"	"2"	"Всего"	"1"	"Всего"	"1"	"Всего"	"1"	"19 908"
"Общая площадь введенных в эксплуатацию жилых зданий(Метр квадратный)"	"2021 год"	"202112"	"ТЕМИРТАУ Г.А."	"9340"	"городская местность"	"2"	"Всего"	"1"	"Всего"	"1"	"Всего"	"1"	"33 368"
"Общая площадь введенных в эксплуатацию жилых зданий(Метр квадратный)"	"2022 год"	"202212"	"ТЕМИРТАУ Г.А."	"9340"	"городская местность"	"2"	"Всего"	"1"	"Всего"	"1"	"Всего"	"1"	"17 400"
"Общая площадь введенных в эксплуатацию жилых зданий(Метр квадратный)"	"2016 год"	"201612"	"ШАХТИНСК Г.А."	"9344"	"Всего"	"1"	"Всего"	"1"	"Всего"	"1"	"Всего"	"1"	"2 540"
"Общая площадь введенных в эксплуатацию жилых зданий(Метр квадратный)"	"2020 год"	"202012"	"ШАХТИНСК Г.А."	"9344"	"Всего"	"1"	"Всего"	"1"	"Всего"	"1"	"Всего"	"1"	"8 453"
"Общая площадь введенных в эксплуатацию жилых зданий(Метр квадратный)"	"2014 год"	"201412"	"ШАХТИНСК Г.А."	"9344"	"Всего"	"1"	"Всего"	"1"	"Всего"	"1"	"Всего"	"1"	"6 772"
"Общая площадь введенных в эксплуатацию жилых зданий(Метр квадратный)"	"2019 год"	"201912"	"ШАХТИНСК Г.А."	"9344"	"Всего"	"1"	"Всего"	"1"	"Всего"	"1"	"Всего"	"1"	"7 382"
"Общая площадь введенных в эксплуатацию жилых зданий(Метр квадратный)"	"2015 год"	"201512"	"ШАХТИНСК Г.А."	"9344"	"Всего"	"1"	"Всего"	"1"	"Всего"	"1"	"Всего"	"1"	"1 316"
"Общая площадь введенных в эксплуатацию жилых зданий(Метр квадратный)"	"2017 год"	"201712"	"ШАХТИНСК Г.А."	"9344"	"Всего"	"1"	"Всего"	"1"	"Всего"	"1"	"Всего"	"1"	"693"
"Общая площадь введенных в эксплуатацию жилых зданий(Метр квадратный)"	"2018 год"	"201812"	"ШАХТИНСК Г.А."	"9344"	"Всего"	"1"	"Всего"	"1"	"Всего"	"1"	"Всего"	"1"	"7 182"
"Общая площадь введенных в эксплуатацию жилых зданий(Метр квадратный)"	"2021 год"	"202112"	"ШАХТИНСК Г.А."	"9344"	"Всего"	"1"	"Всего"	"1"	"Всего"	"1"	"Всего"	"1"	"10 222"
"Общая площадь введенных в эксплуатацию жилых зданий(Метр квадратный)"	"2022 год"	"202212"	"ШАХТИНСК Г.А."	"9344"	"Всего"	"1"	"Всего"	"1"	"Всего"	"1"	"Всего"	"1"	"5 998"
"Общая площадь введенных в эксплуатацию жилых зданий(Метр квадратный)"	"2016 год"	"201612"	"ШАХТИНСК Г.А."	"9344"	"городская местность"	"2"	"Всего"	"1"	"Всего"	"1"	"Всего"	"1"	"2 540"
"Общая площадь введенных в эксплуатацию жилых зданий(Метр квадратный)"	"2020 год"	"202012"	"ШАХТИНСК Г.А."	"9344"	"городская местность"	"2"	"Всего"	"1"	"Всего"	"1"	"Всего"	"1"	"8 453"
"Общая площадь введенных в эксплуатацию жилых зданий(Метр квадратный)"	"2014 год"	"201412"	"ШАХТИНСК Г.А."	"9344"	"городская местность"	"2"	"Всего"	"1"	"Всего"	"1"	"Всего"	"1"	"6 772"
"Общая площадь введенных в эксплуатацию жилых зданий(Метр квадратный)"	"2019 год"	"201912"	"ШАХТИНСК Г.А."	"9344"	"городская местность"	"2"	"Всего"	"1"	"Всего"	"1"	"Всего"	"1"	"7 382"
"Общая площадь введенных в эксплуатацию жилых зданий(Метр квадратный)"	"2015 год"	"201512"	"ШАХТИНСК Г.А."	"9344"	"городская местность"	"2"	"Всего"	"1"	"Всего"	"1"	"Всего"	"1"	"1 316"
"Общая площадь введенных в эксплуатацию жилых зданий(Метр квадратный)"	"2017 год"	"201712"	"ШАХТИНСК Г.А."	"9344"	"городская местность"	"2"	"Всего"	"1"	"Всего"	"1"	"Всего"	"1"	"693"
"Общая площадь введенных в эксплуатацию жилых зданий(Метр квадратный)"	"2018 год"	"201812"	"ШАХТИНСК Г.А."	"9344"	"городская местность"	"2"	"Всего"	"1"	"Всего"	"1"	"Всего"	"1"	"7 182"
"Общая площадь введенных в эксплуатацию жилых зданий(Метр квадратный)"	"2021 год"	"202112"	"ШАХТИНСК Г.А."	"9344"	"городская местность"	"2"	"Всего"	"1"	"Всего"	"1"	"Всего"	"1"	"10 222"
"Общая площадь введенных в эксплуатацию жилых зданий(Метр квадратный)"	"2022 год"	"202212"	"ШАХТИНСК Г.А."	"9344"	"городская местность"	"2"	"Всего"	"1"	"Всего"	"1"	"Всего"	"1"	"5 998"
"Общая площадь введенных в эксплуатацию жилых зданий(Метр квадратный)"	"2016 год"	"201612"	"АБАЙСКИЙ РАЙОН"	"9352"	"Всего"	"1"	"Всего"	"1"	"Всего"	"1"	"Всего"	"1"	"12 027"
"Общая площадь введенных в эксплуатацию жилых зданий(Метр квадратный)"	"2020 год"	"202012"	"АБАЙСКИЙ РАЙОН"	"9352"	"Всего"	"1"	"Всего"	"1"	"Всего"	"1"	"Всего"	"1"	"10 768"
"Общая площадь введенных в эксплуатацию жилых зданий(Метр квадратный)"	"2014 год"	"201412"	"АБАЙСКИЙ РАЙОН"	"9352"	"Всего"	"1"	"Всего"	"1"	"Всего"	"1"	"Всего"	"1"	"13 806"
"Общая площадь введенных в эксплуатацию жилых зданий(Метр квадратный)"	"2019 год"	"201912"	"АБАЙСКИЙ РАЙОН"	"9352"	"Всего"	"1"	"Всего"	"1"	"Всего"	"1"	"Всего"	"1"	"9 972"
"Общая площадь введенных в эксплуатацию жилых зданий(Метр квадратный)"	"2015 год"	"201512"	"АБАЙСКИЙ РАЙОН"	"9352"	"Всего"	"1"	"Всего"	"1"	"Всего"	"1"	"Всего"	"1"	"9 204"
"Общая площадь введенных в эксплуатацию жилых зданий(Метр квадратный)"	"2017 год"	"201712"	"АБАЙСКИЙ РАЙОН"	"9352"	"Всего"	"1"	"Всего"	"1"	"Всего"	"1"	"Всего"	"1"	"6 419"
"Общая площадь введенных в эксплуатацию жилых зданий(Метр квадратный)"	"2018 год"	"201812"	"АБАЙСКИЙ РАЙОН"	"9352"	"Всего"	"1"	"Всего"	"1"	"Всего"	"1"	"Всего"	"1"	"9 231"
"Общая площадь введенных в эксплуатацию жилых зданий(Метр квадратный)"	"2021 год"	"202112"	"АБАЙСКИЙ РАЙОН"	"9352"	"Всего"	"1"	"Всего"	"1"	"Всего"	"1"	"Всего"	"1"	"12 682"
"Общая площадь введенных в эксплуатацию жилых зданий(Метр квадратный)"	"2022 год"	"202212"	"АБАЙСКИЙ РАЙОН"	"9352"	"Всего"	"1"	"Всего"	"1"	"Всего"	"1"	"Всего"	"1"	"7 616"
"Общая площадь введенных в эксплуатацию жилых зданий(Метр квадратный)"	"2016 год"	"201612"	"АБАЙСКИЙ РАЙОН"	"9352"	"городская местность"	"2"	"Всего"	"1"	"Всего"	"1"	"Всего"	"1"	"6 995"
"Общая площадь введенных в эксплуатацию жилых зданий(Метр квадратный)"	"2020 год"	"202012"	"АБАЙСКИЙ РАЙОН"	"9352"	"городская местность"	"2"	"Всего"	"1"	"Всего"	"1"	"Всего"	"1"	"7 475"
"Общая площадь введенных в эксплуатацию жилых зданий(Метр квадратный)"	"2014 год"	"201412"	"АБАЙСКИЙ РАЙОН"	"9352"	"городская местность"	"2"	"Всего"	"1"	"Всего"	"1"	"Всего"	"1"	"1 446"
"Общая площадь введенных в эксплуатацию жилых зданий(Метр квадратный)"	"2019 год"	"201912"	"АБАЙСКИЙ РАЙОН"	"9352"	"городская местность"	"2"	"Всего"	"1"	"Всего"	"1"	"Всего"	"1"	"249"
"Общая площадь введенных в эксплуатацию жилых зданий(Метр квадратный)"	"2015 год"	"201512"	"АБАЙСКИЙ РАЙОН"	"9352"	"городская местность"	"2"	"Всего"	"1"	"Всего"	"1"	"Всего"	"1"	"4 135"
"Общая площадь введенных в эксплуатацию жилых зданий(Метр квадратный)"	"2017 год"	"201712"	"АБАЙСКИЙ РАЙОН"	"9352"	"городская местность"	"2"	"Всего"	"1"	"Всего"	"1"	"Всего"	"1"	"6 062"
"Общая площадь введенных в эксплуатацию жилых зданий(Метр квадратный)"	"2018 год"	"201812"	"АБАЙСКИЙ РАЙОН"	"9352"	"городская местность"	"2"	"Всего"	"1"	"Всего"	"1"	"Всего"	"1"	"4 000"
"Общая площадь введенных в эксплуатацию жилых зданий(Метр квадратный)"	"2021 год"	"202112"	"АБАЙСКИЙ РАЙОН"	"9352"	"городская местность"	"2"	"Всего"	"1"	"Всего"	"1"	"Всего"	"1"	"9 435"
"Общая площадь введенных в эксплуатацию жилых зданий(Метр квадратный)"	"2022 год"	"202212"	"АБАЙСКИЙ РАЙОН"	"9352"	"городская местность"	"2"	"Всего"	"1"	"Всего"	"1"	"Всего"	"1"	"7 043"
"Общая площадь введенных в эксплуатацию жилых зданий(Метр квадратный)"	"2016 год"	"201612"	"АБАЙСКИЙ РАЙОН"	"9352"	"сельская местность"	"3"	"Всего"	"1"	"Всего"	"1"	"Всего"	"1"	"5 032"
"Общая площадь введенных в эксплуатацию жилых зданий(Метр квадратный)"	"2020 год"	"202012"	"АБАЙСКИЙ РАЙОН"	"9352"	"сельская местность"	"3"	"Всего"	"1"	"Всего"	"1"	"Всего"	"1"	"3 293"
"Общая площадь введенных в эксплуатацию жилых зданий(Метр квадратный)"	"2014 год"	"201412"	"АБАЙСКИЙ РАЙОН"	"9352"	"сельская местность"	"3"	"Всего"	"1"	"Всего"	"1"	"Всего"	"1"	"12 360"
"Общая площадь введенных в эксплуатацию жилых зданий(Метр квадратный)"	"2019 год"	"201912"	"АБАЙСКИЙ РАЙОН"	"9352"	"сельская местность"	"3"	"Всего"	"1"	"Всего"	"1"	"Всего"	"1"	"9 723"
"Общая площадь введенных в эксплуатацию жилых зданий(Метр квадратный)"	"2015 год"	"201512"	"АБАЙСКИЙ РАЙОН"	"9352"	"сельская местность"	"3"	"Всего"	"1"	"Всего"	"1"	"Всего"	"1"	"5 069"
"Общая площадь введенных в эксплуатацию жилых зданий(Метр квадратный)"	"2017 год"	"201712"	"АБАЙСКИЙ РАЙОН"	"9352"	"сельская местность"	"3"	"Всего"	"1"	"Всего"	"1"	"Всего"	"1"	"357"
"Общая площадь введенных в эксплуатацию жилых зданий(Метр квадратный)"	"2018 год"	"201812"	"АБАЙСКИЙ РАЙОН"	"9352"	"сельская местность"	"3"	"Всего"	"1"	"Всего"	"1"	"Всего"	"1"	"5 231"
"Общая площадь введенных в эксплуатацию жилых зданий(Метр квадратный)"	"2021 год"	"202112"	"АБАЙСКИЙ РАЙОН"	"9352"	"сельская местность"	"3"	"Всего"	"1"	"Всего"	"1"	"Всего"	"1"	"3 247"
"Общая площадь введенных в эксплуатацию жилых зданий(Метр квадратный)"	"2022 год"	"202212"	"АБАЙСКИЙ РАЙОН"	"9352"	"сельская местность"	"3"	"Всего"	"1"	"Всего"	"1"	"Всего"	"1"	"573"
"Общая площадь введенных в эксплуатацию жилых зданий(Метр квадратный)"	"2016 год"	"201612"	"АКТОГАЙСКИЙ РАЙОН"	"9413"	"Всего"	"1"	"Всего"	"1"	"Всего"	"1"	"Всего"	"1"	"4 742"
"Общая площадь введенных в эксплуатацию жилых зданий(Метр квадратный)"	"2020 год"	"202012"	"АКТОГАЙСКИЙ РАЙОН"	"9413"	"Всего"	"1"	"Всего"	"1"	"Всего"	"1"	"Всего"	"1"	"9 464"
"Общая площадь введенных в эксплуатацию жилых зданий(Метр квадратный)"	"2014 год"	"201412"	"АКТОГАЙСКИЙ РАЙОН"	"9413"	"Всего"	"1"	"Всего"	"1"	"Всего"	"1"	"Всего"	"1"	"4 157"
"Общая площадь введенных в эксплуатацию жилых зданий(Метр квадратный)"	"2019 год"	"201912"	"АКТОГАЙСКИЙ РАЙОН"	"9413"	"Всего"	"1"	"Всего"	"1"	"Всего"	"1"	"Всего"	"1"	"6 879"
"Общая площадь введенных в эксплуатацию жилых зданий(Метр квадратный)"	"2015 год"	"201512"	"АКТОГАЙСКИЙ РАЙОН"	"9413"	"Всего"	"1"	"Всего"	"1"	"Всего"	"1"	"Всего"	"1"	"6 904"
"Общая площадь введенных в эксплуатацию жилых зданий(Метр квадратный)"	"2017 год"	"201712"	"АКТОГАЙСКИЙ РАЙОН"	"9413"	"Всего"	"1"	"Всего"	"1"	"Всего"	"1"	"Всего"	"1"	"4 934"
"Общая площадь введенных в эксплуатацию жилых зданий(Метр квадратный)"	"2018 год"	"201812"	"АКТОГАЙСКИЙ РАЙОН"	"9413"	"Всего"	"1"	"Всего"	"1"	"Всего"	"1"	"Всего"	"1"	"5 859"
"Общая площадь введенных в эксплуатацию жилых зданий(Метр квадратный)"	"2021 год"	"202112"	"АКТОГАЙСКИЙ РАЙОН"	"9413"	"Всего"	"1"	"Всего"	"1"	"Всего"	"1"	"Всего"	"1"	"20 057"
"Общая площадь введенных в эксплуатацию жилых зданий(Метр квадратный)"	"2022 год"	"202212"	"АКТОГАЙСКИЙ РАЙОН"	"9413"	"Всего"	"1"	"Всего"	"1"	"Всего"	"1"	"Всего"	"1"	"2 585"
"Общая площадь введенных в эксплуатацию жилых зданий(Метр квадратный)"	"2016 год"	"201612"	"АКТОГАЙСКИЙ РАЙОН"	"9413"	"сельская местность"	"3"	"Всего"	"1"	"Всего"	"1"	"Всего"	"1"	"4 742"
"Общая площадь введенных в эксплуатацию жилых зданий(Метр квадратный)"	"2020 год"	"202012"	"АКТОГАЙСКИЙ РАЙОН"	"9413"	"сельская местность"	"3"	"Всего"	"1"	"Всего"	"1"	"Всего"	"1"	"9 464"
"Общая площадь введенных в эксплуатацию жилых зданий(Метр квадратный)"	"2014 год"	"201412"	"АКТОГАЙСКИЙ РАЙОН"	"9413"	"сельская местность"	"3"	"Всего"	"1"	"Всего"	"1"	"Всего"	"1"	"4 157"
"Общая площадь введенных в эксплуатацию жилых зданий(Метр квадратный)"	"2019 год"	"201912"	"АКТОГАЙСКИЙ РАЙОН"	"9413"	"сельская местность"	"3"	"Всего"	"1"	"Всего"	"1"	"Всего"	"1"	"6 879"
"Общая площадь введенных в эксплуатацию жилых зданий(Метр квадратный)"	"2015 год"	"201512"	"АКТОГАЙСКИЙ РАЙОН"	"9413"	"сельская местность"	"3"	"Всего"	"1"	"Всего"	"1"	"Всего"	"1"	"6 904"
"Общая площадь введенных в эксплуатацию жилых зданий(Метр квадратный)"	"2017 год"	"201712"	"АКТОГАЙСКИЙ РАЙОН"	"9413"	"сельская местность"	"3"	"Всего"	"1"	"Всего"	"1"	"Всего"	"1"	"4 934"
"Общая площадь введенных в эксплуатацию жилых зданий(Метр квадратный)"	"2018 год"	"201812"	"АКТОГАЙСКИЙ РАЙОН"	"9413"	"сельская местность"	"3"	"Всего"	"1"	"Всего"	"1"	"Всего"	"1"	"5 859"
"Общая площадь введенных в эксплуатацию жилых зданий(Метр квадратный)"	"2021 год"	"202112"	"АКТОГАЙСКИЙ РАЙОН"	"9413"	"сельская местность"	"3"	"Всего"	"1"	"Всего"	"1"	"Всего"	"1"	"20 057"
"Общая площадь введенных в эксплуатацию жилых зданий(Метр квадратный)"	"2022 год"	"202212"	"АКТОГАЙСКИЙ РАЙОН"	"9413"	"сельская местность"	"3"	"Всего"	"1"	"Всего"	"1"	"Всего"	"1"	"2 585"
"Общая площадь введенных в эксплуатацию жилых зданий(Метр квадратный)"	"2016 год"	"201612"	"БУХАР-ЖЫРАУСКИЙ РАЙОН"	"9846"	"Всего"	"1"	"Всего"	"1"	"Всего"	"1"	"Всего"	"1"	"10 136"
"Общая площадь введенных в эксплуатацию жилых зданий(Метр квадратный)"	"2020 год"	"202012"	"БУХАР-ЖЫРАУСКИЙ РАЙОН"	"9846"	"Всего"	"1"	"Всего"	"1"	"Всего"	"1"	"Всего"	"1"	"19 732"
"Общая площадь введенных в эксплуатацию жилых зданий(Метр квадратный)"	"2014 год"	"201412"	"БУХАР-ЖЫРАУСКИЙ РАЙОН"	"9846"	"Всего"	"1"	"Всего"	"1"	"Всего"	"1"	"Всего"	"1"	"8 339"
"Общая площадь введенных в эксплуатацию жилых зданий(Метр квадратный)"	"2019 год"	"201912"	"БУХАР-ЖЫРАУСКИЙ РАЙОН"	"9846"	"Всего"	"1"	"Всего"	"1"	"Всего"	"1"	"Всего"	"1"	"13 083"
"Общая площадь введенных в эксплуатацию жилых зданий(Метр квадратный)"	"2015 год"	"201512"	"БУХАР-ЖЫРАУСКИЙ РАЙОН"	"9846"	"Всего"	"1"	"Всего"	"1"	"Всего"	"1"	"Всего"	"1"	"30 977"
"Общая площадь введенных в эксплуатацию жилых зданий(Метр квадратный)"	"2017 год"	"201712"	"БУХАР-ЖЫРАУСКИЙ РАЙОН"	"9846"	"Всего"	"1"	"Всего"	"1"	"Всего"	"1"	"Всего"	"1"	"10 182"
"Общая площадь введенных в эксплуатацию жилых зданий(Метр квадратный)"	"2018 год"	"201812"	"БУХАР-ЖЫРАУСКИЙ РАЙОН"	"9846"	"Всего"	"1"	"Всего"	"1"	"Всего"	"1"	"Всего"	"1"	"11 118"
"Общая площадь введенных в эксплуатацию жилых зданий(Метр квадратный)"	"2021 год"	"202112"	"БУХАР-ЖЫРАУСКИЙ РАЙОН"	"9846"	"Всего"	"1"	"Всего"	"1"	"Всего"	"1"	"Всего"	"1"	"22 206"
"Общая площадь введенных в эксплуатацию жилых зданий(Метр квадратный)"	"2022 год"	"202212"	"БУХАР-ЖЫРАУСКИЙ РАЙОН"	"9846"	"Всего"	"1"	"Всего"	"1"	"Всего"	"1"	"Всего"	"1"	"23 044"
"Общая площадь введенных в эксплуатацию жилых зданий(Метр квадратный)"	"2016 год"	"201612"	"БУХАР-ЖЫРАУСКИЙ РАЙОН"	"9846"	"сельская местность"	"3"	"Всего"	"1"	"Всего"	"1"	"Всего"	"1"	"10 136"
"Общая площадь введенных в эксплуатацию жилых зданий(Метр квадратный)"	"2020 год"	"202012"	"БУХАР-ЖЫРАУСКИЙ РАЙОН"	"9846"	"сельская местность"	"3"	"Всего"	"1"	"Всего"	"1"	"Всего"	"1"	"19 732"
"Общая площадь введенных в эксплуатацию жилых зданий(Метр квадратный)"	"2014 год"	"201412"	"БУХАР-ЖЫРАУСКИЙ РАЙОН"	"9846"	"сельская местность"	"3"	"Всего"	"1"	"Всего"	"1"	"Всего"	"1"	"8 339"
"Общая площадь введенных в эксплуатацию жилых зданий(Метр квадратный)"	"2019 год"	"201912"	"БУХАР-ЖЫРАУСКИЙ РАЙОН"	"9846"	"сельская местность"	"3"	"Всего"	"1"	"Всего"	"1"	"Всего"	"1"	"13 083"
"Общая площадь введенных в эксплуатацию жилых зданий(Метр квадратный)"	"2015 год"	"201512"	"БУХАР-ЖЫРАУСКИЙ РАЙОН"	"9846"	"сельская местность"	"3"	"Всего"	"1"	"Всего"	"1"	"Всего"	"1"	"30 977"
"Общая площадь введенных в эксплуатацию жилых зданий(Метр квадратный)"	"2017 год"	"201712"	"БУХАР-ЖЫРАУСКИЙ РАЙОН"	"9846"	"сельская местность"	"3"	"Всего"	"1"	"Всего"	"1"	"Всего"	"1"	"10 182"
"Общая площадь введенных в эксплуатацию жилых зданий(Метр квадратный)"	"2018 год"	"201812"	"БУХАР-ЖЫРАУСКИЙ РАЙОН"	"9846"	"сельская местность"	"3"	"Всего"	"1"	"Всего"	"1"	"Всего"	"1"	"11 118"
"Общая площадь введенных в эксплуатацию жилых зданий(Метр квадратный)"	"2021 год"	"202112"	"БУХАР-ЖЫРАУСКИЙ РАЙОН"	"9846"	"сельская местность"	"3"	"Всего"	"1"	"Всего"	"1"	"Всего"	"1"	"22 206"
"Общая площадь введенных в эксплуатацию жилых зданий(Метр квадратный)"	"2022 год"	"202212"	"БУХАР-ЖЫРАУСКИЙ РАЙОН"	"9846"	"сельская местность"	"3"	"Всего"	"1"	"Всего"	"1"	"Всего"	"1"	"23 044"
"Общая площадь введенных в эксплуатацию жилых зданий(Метр квадратный)"	"2016 год"	"201612"	"ЖАНААРКИНСКИЙ РАЙОН"	"9954"	"Всего"	"1"	"Всего"	"1"	"Всего"	"1"	"Всего"	"1"	"8 540"
"Общая площадь введенных в эксплуатацию жилых зданий(Метр квадратный)"	"2020 год"	"202012"	"ЖАНААРКИНСКИЙ РАЙОН"	"9954"	"Всего"	"1"	"Всего"	"1"	"Всего"	"1"	"Всего"	"1"	"25 443"
"Общая площадь введенных в эксплуатацию жилых зданий(Метр квадратный)"	"2014 год"	"201412"	"ЖАНААРКИНСКИЙ РАЙОН"	"9954"	"Всего"	"1"	"Всего"	"1"	"Всего"	"1"	"Всего"	"1"	"8 244"
"Общая площадь введенных в эксплуатацию жилых зданий(Метр квадратный)"	"2019 год"	"201912"	"ЖАНААРКИНСКИЙ РАЙОН"	"9954"	"Всего"	"1"	"Всего"	"1"	"Всего"	"1"	"Всего"	"1"	"17 537"
"Общая площадь введенных в эксплуатацию жилых зданий(Метр квадратный)"	"2015 год"	"201512"	"ЖАНААРКИНСКИЙ РАЙОН"	"9954"	"Всего"	"1"	"Всего"	"1"	"Всего"	"1"	"Всего"	"1"	"8 412"
"Общая площадь введенных в эксплуатацию жилых зданий(Метр квадратный)"	"2017 год"	"201712"	"ЖАНААРКИНСКИЙ РАЙОН"	"9954"	"Всего"	"1"	"Всего"	"1"	"Всего"	"1"	"Всего"	"1"	"8 602"
"Общая площадь введенных в эксплуатацию жилых зданий(Метр квадратный)"	"2018 год"	"201812"	"ЖАНААРКИНСКИЙ РАЙОН"	"9954"	"Всего"	"1"	"Всего"	"1"	"Всего"	"1"	"Всего"	"1"	"16 195"
"Общая площадь введенных в эксплуатацию жилых зданий(Метр квадратный)"	"2021 год"	"202112"	"ЖАНААРКИНСКИЙ РАЙОН"	"9954"	"Всего"	"1"	"Всего"	"1"	"Всего"	"1"	"Всего"	"1"	"18 506"
"Общая площадь введенных в эксплуатацию жилых зданий(Метр квадратный)"	"2022 год"	"202212"	"ЖАНААРКИНСКИЙ РАЙОН"	"9954"	"Всего"	"1"	"Всего"	"1"	"Всего"	"1"	"Всего"	"1"	"11 973"
"Общая площадь введенных в эксплуатацию жилых зданий(Метр квадратный)"	"2016 год"	"201612"	"ЖАНААРКИНСКИЙ РАЙОН"	"9954"	"сельская местность"	"3"	"Всего"	"1"	"Всего"	"1"	"Всего"	"1"	"8 540"
"Общая площадь введенных в эксплуатацию жилых зданий(Метр квадратный)"	"2020 год"	"202012"	"ЖАНААРКИНСКИЙ РАЙОН"	"9954"	"сельская местность"	"3"	"Всего"	"1"	"Всего"	"1"	"Всего"	"1"	"25 443"
"Общая площадь введенных в эксплуатацию жилых зданий(Метр квадратный)"	"2014 год"	"201412"	"ЖАНААРКИНСКИЙ РАЙОН"	"9954"	"сельская местность"	"3"	"Всего"	"1"	"Всего"	"1"	"Всего"	"1"	"8 244"
"Общая площадь введенных в эксплуатацию жилых зданий(Метр квадратный)"	"2019 год"	"201912"	"ЖАНААРКИНСКИЙ РАЙОН"	"9954"	"сельская местность"	"3"	"Всего"	"1"	"Всего"	"1"	"Всего"	"1"	"17 537"
"Общая площадь введенных в эксплуатацию жилых зданий(Метр квадратный)"	"2015 год"	"201512"	"ЖАНААРКИНСКИЙ РАЙОН"	"9954"	"сельская местность"	"3"	"Всего"	"1"	"Всего"	"1"	"Всего"	"1"	"8 412"
"Общая площадь введенных в эксплуатацию жилых зданий(Метр квадратный)"	"2017 год"	"201712"	"ЖАНААРКИНСКИЙ РАЙОН"	"9954"	"сельская местность"	"3"	"Всего"	"1"	"Всего"	"1"	"Всего"	"1"	"8 602"
"Общая площадь введенных в эксплуатацию жилых зданий(Метр квадратный)"	"2018 год"	"201812"	"ЖАНААРКИНСКИЙ РАЙОН"	"9954"	"сельская местность"	"3"	"Всего"	"1"	"Всего"	"1"	"Всего"	"1"	"16 195"
"Общая площадь введенных в эксплуатацию жилых зданий(Метр квадратный)"	"2021 год"	"202112"	"ЖАНААРКИНСКИЙ РАЙОН"	"9954"	"сельская местность"	"3"	"Всего"	"1"	"Всего"	"1"	"Всего"	"1"	"18 506"
"Общая площадь введенных в эксплуатацию жилых зданий(Метр квадратный)"	"2022 год"	"202212"	"ЖАНААРКИНСКИЙ РАЙОН"	"9954"	"сельская местность"	"3"	"Всего"	"1"	"Всего"	"1"	"Всего"	"1"	"11 973"
"Общая площадь введенных в эксплуатацию жилых зданий(Метр квадратный)"	"2016 год"	"201612"	"КАРКАРАЛИНСКИЙ РАЙОН"	"10074"	"Всего"	"1"	"Всего"	"1"	"Всего"	"1"	"Всего"	"1"	"5 986"
"Общая площадь введенных в эксплуатацию жилых зданий(Метр квадратный)"	"2020 год"	"202012"	"КАРКАРАЛИНСКИЙ РАЙОН"	"10074"	"Всего"	"1"	"Всего"	"1"	"Всего"	"1"	"Всего"	"1"	"17 616"
"Общая площадь введенных в эксплуатацию жилых зданий(Метр квадратный)"	"2014 год"	"201412"	"КАРКАРАЛИНСКИЙ РАЙОН"	"10074"	"Всего"	"1"	"Всего"	"1"	"Всего"	"1"	"Всего"	"1"	"6 503"
"Общая площадь введенных в эксплуатацию жилых зданий(Метр квадратный)"	"2019 год"	"201912"	"КАРКАРАЛИНСКИЙ РАЙОН"	"10074"	"Всего"	"1"	"Всего"	"1"	"Всего"	"1"	"Всего"	"1"	"2 355"
"Общая площадь введенных в эксплуатацию жилых зданий(Метр квадратный)"	"2015 год"	"201512"	"КАРКАРАЛИНСКИЙ РАЙОН"	"10074"	"Всего"	"1"	"Всего"	"1"	"Всего"	"1"	"Всего"	"1"	"8 635"
"Общая площадь введенных в эксплуатацию жилых зданий(Метр квадратный)"	"2017 год"	"201712"	"КАРКАРАЛИНСКИЙ РАЙОН"	"10074"	"Всего"	"1"	"Всего"	"1"	"Всего"	"1"	"Всего"	"1"	"3 094"
"Общая площадь введенных в эксплуатацию жилых зданий(Метр квадратный)"	"2018 год"	"201812"	"КАРКАРАЛИНСКИЙ РАЙОН"	"10074"	"Всего"	"1"	"Всего"	"1"	"Всего"	"1"	"Всего"	"1"	"3 957"
"Общая площадь введенных в эксплуатацию жилых зданий(Метр квадратный)"	"2021 год"	"202112"	"КАРКАРАЛИНСКИЙ РАЙОН"	"10074"	"Всего"	"1"	"Всего"	"1"	"Всего"	"1"	"Всего"	"1"	"8 663"
"Общая площадь введенных в эксплуатацию жилых зданий(Метр квадратный)"	"2022 год"	"202212"	"КАРКАРАЛИНСКИЙ РАЙОН"	"10074"	"Всего"	"1"	"Всего"	"1"	"Всего"	"1"	"Всего"	"1"	"6 240"
"Общая площадь введенных в эксплуатацию жилых зданий(Метр квадратный)"	"2016 год"	"201612"	"КАРКАРАЛИНСКИЙ РАЙОН"	"10074"	"городская местность"	"2"	"Всего"	"1"	"Всего"	"1"	"Всего"	"1"	"5 559"
"Общая площадь введенных в эксплуатацию жилых зданий(Метр квадратный)"	"2020 год"	"202012"	"КАРКАРАЛИНСКИЙ РАЙОН"	"10074"	"городская местность"	"2"	"Всего"	"1"	"Всего"	"1"	"Всего"	"1"	"8 768"
"Общая площадь введенных в эксплуатацию жилых зданий(Метр квадратный)"	"2014 год"	"201412"	"КАРКАРАЛИНСКИЙ РАЙОН"	"10074"	"городская местность"	"2"	"Всего"	"1"	"Всего"	"1"	"Всего"	"1"	"4 326"
"Общая площадь введенных в эксплуатацию жилых зданий(Метр квадратный)"	"2019 год"	"201912"	"КАРКАРАЛИНСКИЙ РАЙОН"	"10074"	"городская местность"	"2"	"Всего"	"1"	"Всего"	"1"	"Всего"	"1"	"1 930"
"Общая площадь введенных в эксплуатацию жилых зданий(Метр квадратный)"	"2015 год"	"201512"	"КАРКАРАЛИНСКИЙ РАЙОН"	"10074"	"городская местность"	"2"	"Всего"	"1"	"Всего"	"1"	"Всего"	"1"	"4 702"
"Общая площадь введенных в эксплуатацию жилых зданий(Метр квадратный)"	"2017 год"	"201712"	"КАРКАРАЛИНСКИЙ РАЙОН"	"10074"	"городская местность"	"2"	"Всего"	"1"	"Всего"	"1"	"Всего"	"1"	"2 342"
"Общая площадь введенных в эксплуатацию жилых зданий(Метр квадратный)"	"2018 год"	"201812"	"КАРКАРАЛИНСКИЙ РАЙОН"	"10074"	"городская местность"	"2"	"Всего"	"1"	"Всего"	"1"	"Всего"	"1"	"3 067"
"Общая площадь введенных в эксплуатацию жилых зданий(Метр квадратный)"	"2021 год"	"202112"	"КАРКАРАЛИНСКИЙ РАЙОН"	"10074"	"городская местность"	"2"	"Всего"	"1"	"Всего"	"1"	"Всего"	"1"	"7 156"
"Общая площадь введенных в эксплуатацию жилых зданий(Метр квадратный)"	"2022 год"	"202212"	"КАРКАРАЛИНСКИЙ РАЙОН"	"10074"	"городская местность"	"2"	"Всего"	"1"	"Всего"	"1"	"Всего"	"1"	"3 144"
"Общая площадь введенных в эксплуатацию жилых зданий(Метр квадратный)"	"2016 год"	"201612"	"КАРКАРАЛИНСКИЙ РАЙОН"	"10074"	"сельская местность"	"3"	"Всего"	"1"	"Всего"	"1"	"Всего"	"1"	"427"
"Общая площадь введенных в эксплуатацию жилых зданий(Метр квадратный)"	"2020 год"	"202012"	"КАРКАРАЛИНСКИЙ РАЙОН"	"10074"	"сельская местность"	"3"	"Всего"	"1"	"Всего"	"1"	"Всего"	"1"	"8 848"
"Общая площадь введенных в эксплуатацию жилых зданий(Метр квадратный)"	"2014 год"	"201412"	"КАРКАРАЛИНСКИЙ РАЙОН"	"10074"	"сельская местность"	"3"	"Всего"	"1"	"Всего"	"1"	"Всего"	"1"	"2 177"
"Общая площадь введенных в эксплуатацию жилых зданий(Метр квадратный)"	"2019 год"	"201912"	"КАРКАРАЛИНСКИЙ РАЙОН"	"10074"	"сельская местность"	"3"	"Всего"	"1"	"Всего"	"1"	"Всего"	"1"	"425"
"Общая площадь введенных в эксплуатацию жилых зданий(Метр квадратный)"	"2015 год"	"201512"	"КАРКАРАЛИНСКИЙ РАЙОН"	"10074"	"сельская местность"	"3"	"Всего"	"1"	"Всего"	"1"	"Всего"	"1"	"3 933"
"Общая площадь введенных в эксплуатацию жилых зданий(Метр квадратный)"	"2017 год"	"201712"	"КАРКАРАЛИНСКИЙ РАЙОН"	"10074"	"сельская местность"	"3"	"Всего"	"1"	"Всего"	"1"	"Всего"	"1"	"752"
"Общая площадь введенных в эксплуатацию жилых зданий(Метр квадратный)"	"2018 год"	"201812"	"КАРКАРАЛИНСКИЙ РАЙОН"	"10074"	"сельская местность"	"3"	"Всего"	"1"	"Всего"	"1"	"Всего"	"1"	"890"
"Общая площадь введенных в эксплуатацию жилых зданий(Метр квадратный)"	"2021 год"	"202112"	"КАРКАРАЛИНСКИЙ РАЙОН"	"10074"	"сельская местность"	"3"	"Всего"	"1"	"Всего"	"1"	"Всего"	"1"	"1 507"
"Общая площадь введенных в эксплуатацию жилых зданий(Метр квадратный)"	"2022 год"	"202212"	"КАРКАРАЛИНСКИЙ РАЙОН"	"10074"	"сельская местность"	"3"	"Всего"	"1"	"Всего"	"1"	"Всего"	"1"	"3 096"
"Общая площадь введенных в эксплуатацию жилых зданий(Метр квадратный)"	"2016 год"	"201612"	"НУРИНСКИЙ РАЙОН"	"10582"	"Всего"	"1"	"Всего"	"1"	"Всего"	"1"	"Всего"	"1"	"6 222"
"Общая площадь введенных в эксплуатацию жилых зданий(Метр квадратный)"	"2020 год"	"202012"	"НУРИНСКИЙ РАЙОН"	"10582"	"Всего"	"1"	"Всего"	"1"	"Всего"	"1"	"Всего"	"1"	"10 483"
"Общая площадь введенных в эксплуатацию жилых зданий(Метр квадратный)"	"2014 год"	"201412"	"НУРИНСКИЙ РАЙОН"	"10582"	"Всего"	"1"	"Всего"	"1"	"Всего"	"1"	"Всего"	"1"	"11 523"
"Общая площадь введенных в эксплуатацию жилых зданий(Метр квадратный)"	"2019 год"	"201912"	"НУРИНСКИЙ РАЙОН"	"10582"	"Всего"	"1"	"Всего"	"1"	"Всего"	"1"	"Всего"	"1"	"6 571"
"Общая площадь введенных в эксплуатацию жилых зданий(Метр квадратный)"	"2015 год"	"201512"	"НУРИНСКИЙ РАЙОН"	"10582"	"Всего"	"1"	"Всего"	"1"	"Всего"	"1"	"Всего"	"1"	"7 470"
"Общая площадь введенных в эксплуатацию жилых зданий(Метр квадратный)"	"2017 год"	"201712"	"НУРИНСКИЙ РАЙОН"	"10582"	"Всего"	"1"	"Всего"	"1"	"Всего"	"1"	"Всего"	"1"	"6 635"
"Общая площадь введенных в эксплуатацию жилых зданий(Метр квадратный)"	"2018 год"	"201812"	"НУРИНСКИЙ РАЙОН"	"10582"	"Всего"	"1"	"Всего"	"1"	"Всего"	"1"	"Всего"	"1"	"9 964"
"Общая площадь введенных в эксплуатацию жилых зданий(Метр квадратный)"	"2021 год"	"202112"	"НУРИНСКИЙ РАЙОН"	"10582"	"Всего"	"1"	"Всего"	"1"	"Всего"	"1"	"Всего"	"1"	"7 734"
"Общая площадь введенных в эксплуатацию жилых зданий(Метр квадратный)"	"2022 год"	"202212"	"НУРИНСКИЙ РАЙОН"	"10582"	"Всего"	"1"	"Всего"	"1"	"Всего"	"1"	"Всего"	"1"	"9 389"
"Общая площадь введенных в эксплуатацию жилых зданий(Метр квадратный)"	"2016 год"	"201612"	"НУРИНСКИЙ РАЙОН"	"10582"	"сельская местность"	"3"	"Всего"	"1"	"Всего"	"1"	"Всего"	"1"	"6 222"
"Общая площадь введенных в эксплуатацию жилых зданий(Метр квадратный)"	"2020 год"	"202012"	"НУРИНСКИЙ РАЙОН"	"10582"	"сельская местность"	"3"	"Всего"	"1"	"Всего"	"1"	"Всего"	"1"	"10 483"
"Общая площадь введенных в эксплуатацию жилых зданий(Метр квадратный)"	"2014 год"	"201412"	"НУРИНСКИЙ РАЙОН"	"10582"	"сельская местность"	"3"	"Всего"	"1"	"Всего"	"1"	"Всего"	"1"	"11 523"
"Общая площадь введенных в эксплуатацию жилых зданий(Метр квадратный)"	"2019 год"	"201912"	"НУРИНСКИЙ РАЙОН"	"10582"	"сельская местность"	"3"	"Всего"	"1"	"Всего"	"1"	"Всего"	"1"	"6 571"
"Общая площадь введенных в эксплуатацию жилых зданий(Метр квадратный)"	"2015 год"	"201512"	"НУРИНСКИЙ РАЙОН"	"10582"	"сельская местность"	"3"	"Всего"	"1"	"Всего"	"1"	"Всего"	"1"	"7 470"
"Общая площадь введенных в эксплуатацию жилых зданий(Метр квадратный)"	"2017 год"	"201712"	"НУРИНСКИЙ РАЙОН"	"10582"	"сельская местность"	"3"	"Всего"	"1"	"Всего"	"1"	"Всего"	"1"	"6 635"
"Общая площадь введенных в эксплуатацию жилых зданий(Метр квадратный)"	"2018 год"	"201812"	"НУРИНСКИЙ РАЙОН"	"10582"	"сельская местность"	"3"	"Всего"	"1"	"Всего"	"1"	"Всего"	"1"	"9 964"
"Общая площадь введенных в эксплуатацию жилых зданий(Метр квадратный)"	"2021 год"	"202112"	"НУРИНСКИЙ РАЙОН"	"10582"	"сельская местность"	"3"	"Всего"	"1"	"Всего"	"1"	"Всего"	"1"	"7 734"
"Общая площадь введенных в эксплуатацию жилых зданий(Метр квадратный)"	"2022 год"	"202212"	"НУРИНСКИЙ РАЙОН"	"10582"	"сельская местность"	"3"	"Всего"	"1"	"Всего"	"1"	"Всего"	"1"	"9 389"
"Общая площадь введенных в эксплуатацию жилых зданий(Метр квадратный)"	"2016 год"	"201612"	"ОСАКАРОВСКИЙ РАЙОН"	"10700"	"Всего"	"1"	"Всего"	"1"	"Всего"	"1"	"Всего"	"1"	"3 317"
"Общая площадь введенных в эксплуатацию жилых зданий(Метр квадратный)"	"2020 год"	"202012"	"ОСАКАРОВСКИЙ РАЙОН"	"10700"	"Всего"	"1"	"Всего"	"1"	"Всего"	"1"	"Всего"	"1"	"6 867"
"Общая площадь введенных в эксплуатацию жилых зданий(Метр квадратный)"	"2014 год"	"201412"	"ОСАКАРОВСКИЙ РАЙОН"	"10700"	"Всего"	"1"	"Всего"	"1"	"Всего"	"1"	"Всего"	"1"	"7 377"
"Общая площадь введенных в эксплуатацию жилых зданий(Метр квадратный)"	"2019 год"	"201912"	"ОСАКАРОВСКИЙ РАЙОН"	"10700"	"Всего"	"1"	"Всего"	"1"	"Всего"	"1"	"Всего"	"1"	"2 368"
"Общая площадь введенных в эксплуатацию жилых зданий(Метр квадратный)"	"2015 год"	"201512"	"ОСАКАРОВСКИЙ РАЙОН"	"10700"	"Всего"	"1"	"Всего"	"1"	"Всего"	"1"	"Всего"	"1"	"5 467"
"Общая площадь введенных в эксплуатацию жилых зданий(Метр квадратный)"	"2017 год"	"201712"	"ОСАКАРОВСКИЙ РАЙОН"	"10700"	"Всего"	"1"	"Всего"	"1"	"Всего"	"1"	"Всего"	"1"	"3 298"
"Общая площадь введенных в эксплуатацию жилых зданий(Метр квадратный)"	"2018 год"	"201812"	"ОСАКАРОВСКИЙ РАЙОН"	"10700"	"Всего"	"1"	"Всего"	"1"	"Всего"	"1"	"Всего"	"1"	"7 728"
"Общая площадь введенных в эксплуатацию жилых зданий(Метр квадратный)"	"2021 год"	"202112"	"ОСАКАРОВСКИЙ РАЙОН"	"10700"	"Всего"	"1"	"Всего"	"1"	"Всего"	"1"	"Всего"	"1"	"4 043"
"Общая площадь введенных в эксплуатацию жилых зданий(Метр квадратный)"	"2022 год"	"202212"	"ОСАКАРОВСКИЙ РАЙОН"	"10700"	"Всего"	"1"	"Всего"	"1"	"Всего"	"1"	"Всего"	"1"	"3 495"
"Общая площадь введенных в эксплуатацию жилых зданий(Метр квадратный)"	"2016 год"	"201612"	"ОСАКАРОВСКИЙ РАЙОН"	"10700"	"сельская местность"	"3"	"Всего"	"1"	"Всего"	"1"	"Всего"	"1"	"3 317"
"Общая площадь введенных в эксплуатацию жилых зданий(Метр квадратный)"	"2020 год"	"202012"	"ОСАКАРОВСКИЙ РАЙОН"	"10700"	"сельская местность"	"3"	"Всего"	"1"	"Всего"	"1"	"Всего"	"1"	"6 867"
"Общая площадь введенных в эксплуатацию жилых зданий(Метр квадратный)"	"2014 год"	"201412"	"ОСАКАРОВСКИЙ РАЙОН"	"10700"	"сельская местность"	"3"	"Всего"	"1"	"Всего"	"1"	"Всего"	"1"	"7 377"
"Общая площадь введенных в эксплуатацию жилых зданий(Метр квадратный)"	"2019 год"	"201912"	"ОСАКАРОВСКИЙ РАЙОН"	"10700"	"сельская местность"	"3"	"Всего"	"1"	"Всего"	"1"	"Всего"	"1"	"2 368"
"Общая площадь введенных в эксплуатацию жилых зданий(Метр квадратный)"	"2015 год"	"201512"	"ОСАКАРОВСКИЙ РАЙОН"	"10700"	"сельская местность"	"3"	"Всего"	"1"	"Всего"	"1"	"Всего"	"1"	"5 467"
"Общая площадь введенных в эксплуатацию жилых зданий(Метр квадратный)"	"2017 год"	"201712"	"ОСАКАРОВСКИЙ РАЙОН"	"10700"	"сельская местность"	"3"	"Всего"	"1"	"Всего"	"1"	"Всего"	"1"	"3 298"
"Общая площадь введенных в эксплуатацию жилых зданий(Метр квадратный)"	"2018 год"	"201812"	"ОСАКАРОВСКИЙ РАЙОН"	"10700"	"сельская местность"	"3"	"Всего"	"1"	"Всего"	"1"	"Всего"	"1"	"7 728"
"Общая площадь введенных в эксплуатацию жилых зданий(Метр квадратный)"	"2021 год"	"202112"	"ОСАКАРОВСКИЙ РАЙОН"	"10700"	"сельская местность"	"3"	"Всего"	"1"	"Всего"	"1"	"Всего"	"1"	"4 043"
"Общая площадь введенных в эксплуатацию жилых зданий(Метр квадратный)"	"2022 год"	"202212"	"ОСАКАРОВСКИЙ РАЙОН"	"10700"	"сельская местность"	"3"	"Всего"	"1"	"Всего"	"1"	"Всего"	"1"	"3 495"
"Общая площадь введенных в эксплуатацию жилых зданий(Метр квадратный)"	"2016 год"	"201612"	"УЛЫТАУСКИЙ РАЙОН"	"10781"	"Всего"	"1"	"Всего"	"1"	"Всего"	"1"	"Всего"	"1"	"5 142"
"Общая площадь введенных в эксплуатацию жилых зданий(Метр квадратный)"	"2020 год"	"202012"	"УЛЫТАУСКИЙ РАЙОН"	"10781"	"Всего"	"1"	"Всего"	"1"	"Всего"	"1"	"Всего"	"1"	"4 290"
"Общая площадь введенных в эксплуатацию жилых зданий(Метр квадратный)"	"2014 год"	"201412"	"УЛЫТАУСКИЙ РАЙОН"	"10781"	"Всего"	"1"	"Всего"	"1"	"Всего"	"1"	"Всего"	"1"	"3 910"
"Общая площадь введенных в эксплуатацию жилых зданий(Метр квадратный)"	"2019 год"	"201912"	"УЛЫТАУСКИЙ РАЙОН"	"10781"	"Всего"	"1"	"Всего"	"1"	"Всего"	"1"	"Всего"	"1"	"8 851"
"Общая площадь введенных в эксплуатацию жилых зданий(Метр квадратный)"	"2015 год"	"201512"	"УЛЫТАУСКИЙ РАЙОН"	"10781"	"Всего"	"1"	"Всего"	"1"	"Всего"	"1"	"Всего"	"1"	"4 137"
"Общая площадь введенных в эксплуатацию жилых зданий(Метр квадратный)"	"2017 год"	"201712"	"УЛЫТАУСКИЙ РАЙОН"	"10781"	"Всего"	"1"	"Всего"	"1"	"Всего"	"1"	"Всего"	"1"	"5 556"
"Общая площадь введенных в эксплуатацию жилых зданий(Метр квадратный)"	"2018 год"	"201812"	"УЛЫТАУСКИЙ РАЙОН"	"10781"	"Всего"	"1"	"Всего"	"1"	"Всего"	"1"	"Всего"	"1"	"7 052"
"Общая площадь введенных в эксплуатацию жилых зданий(Метр квадратный)"	"2021 год"	"202112"	"УЛЫТАУСКИЙ РАЙОН"	"10781"	"Всего"	"1"	"Всего"	"1"	"Всего"	"1"	"Всего"	"1"	"12 684"
"Общая площадь введенных в эксплуатацию жилых зданий(Метр квадратный)"	"2022 год"	"202212"	"УЛЫТАУСКИЙ РАЙОН"	"10781"	"Всего"	"1"	"Всего"	"1"	"Всего"	"1"	"Всего"	"1"	"2 390"
"Общая площадь введенных в эксплуатацию жилых зданий(Метр квадратный)"	"2016 год"	"201612"	"УЛЫТАУСКИЙ РАЙОН"	"10781"	"сельская местность"	"3"	"Всего"	"1"	"Всего"	"1"	"Всего"	"1"	"5 142"
"Общая площадь введенных в эксплуатацию жилых зданий(Метр квадратный)"	"2020 год"	"202012"	"УЛЫТАУСКИЙ РАЙОН"	"10781"	"сельская местность"	"3"	"Всего"	"1"	"Всего"	"1"	"Всего"	"1"	"4 290"
"Общая площадь введенных в эксплуатацию жилых зданий(Метр квадратный)"	"2014 год"	"201412"	"УЛЫТАУСКИЙ РАЙОН"	"10781"	"сельская местность"	"3"	"Всего"	"1"	"Всего"	"1"	"Всего"	"1"	"3 910"
"Общая площадь введенных в эксплуатацию жилых зданий(Метр квадратный)"	"2019 год"	"201912"	"УЛЫТАУСКИЙ РАЙОН"	"10781"	"сельская местность"	"3"	"Всего"	"1"	"Всего"	"1"	"Всего"	"1"	"8 851"
"Общая площадь введенных в эксплуатацию жилых зданий(Метр квадратный)"	"2015 год"	"201512"	"УЛЫТАУСКИЙ РАЙОН"	"10781"	"сельская местность"	"3"	"Всего"	"1"	"Всего"	"1"	"Всего"	"1"	"4 137"
"Общая площадь введенных в эксплуатацию жилых зданий(Метр квадратный)"	"2017 год"	"201712"	"УЛЫТАУСКИЙ РАЙОН"	"10781"	"сельская местность"	"3"	"Всего"	"1"	"Всего"	"1"	"Всего"	"1"	"5 556"
"Общая площадь введенных в эксплуатацию жилых зданий(Метр квадратный)"	"2018 год"	"201812"	"УЛЫТАУСКИЙ РАЙОН"	"10781"	"сельская местность"	"3"	"Всего"	"1"	"Всего"	"1"	"Всего"	"1"	"7 052"
"Общая площадь введенных в эксплуатацию жилых зданий(Метр квадратный)"	"2021 год"	"202112"	"УЛЫТАУСКИЙ РАЙОН"	"10781"	"сельская местность"	"3"	"Всего"	"1"	"Всего"	"1"	"Всего"	"1"	"12 684"
"Общая площадь введенных в эксплуатацию жилых зданий(Метр квадратный)"	"2022 год"	"202212"	"УЛЫТАУСКИЙ РАЙОН"	"10781"	"сельская местность"	"3"	"Всего"	"1"	"Всего"	"1"	"Всего"	"1"	"2 390"
"Общая площадь введенных в эксплуатацию жилых зданий(Метр квадратный)"	"2016 год"	"201612"	"ШЕТСКИЙ РАЙОН"	"11164"	"Всего"	"1"	"Всего"	"1"	"Всего"	"1"	"Всего"	"1"	"5 801"
"Общая площадь введенных в эксплуатацию жилых зданий(Метр квадратный)"	"2020 год"	"202012"	"ШЕТСКИЙ РАЙОН"	"11164"	"Всего"	"1"	"Всего"	"1"	"Всего"	"1"	"Всего"	"1"	"7 915"
"Общая площадь введенных в эксплуатацию жилых зданий(Метр квадратный)"	"2014 год"	"201412"	"ШЕТСКИЙ РАЙОН"	"11164"	"Всего"	"1"	"Всего"	"1"	"Всего"	"1"	"Всего"	"1"	"7 287"
"Общая площадь введенных в эксплуатацию жилых зданий(Метр квадратный)"	"2019 год"	"201912"	"ШЕТСКИЙ РАЙОН"	"11164"	"Всего"	"1"	"Всего"	"1"	"Всего"	"1"	"Всего"	"1"	"7 413"
"Общая площадь введенных в эксплуатацию жилых зданий(Метр квадратный)"	"2015 год"	"201512"	"ШЕТСКИЙ РАЙОН"	"11164"	"Всего"	"1"	"Всего"	"1"	"Всего"	"1"	"Всего"	"1"	"8 950"
"Общая площадь введенных в эксплуатацию жилых зданий(Метр квадратный)"	"2017 год"	"201712"	"ШЕТСКИЙ РАЙОН"	"11164"	"Всего"	"1"	"Всего"	"1"	"Всего"	"1"	"Всего"	"1"	"4 667"
"Общая площадь введенных в эксплуатацию жилых зданий(Метр квадратный)"	"2018 год"	"201812"	"ШЕТСКИЙ РАЙОН"	"11164"	"Всего"	"1"	"Всего"	"1"	"Всего"	"1"	"Всего"	"1"	"6 272"
"Общая площадь введенных в эксплуатацию жилых зданий(Метр квадратный)"	"2021 год"	"202112"	"ШЕТСКИЙ РАЙОН"	"11164"	"Всего"	"1"	"Всего"	"1"	"Всего"	"1"	"Всего"	"1"	"9 072"
"Общая площадь введенных в эксплуатацию жилых зданий(Метр квадратный)"	"2022 год"	"202212"	"ШЕТСКИЙ РАЙОН"	"11164"	"Всего"	"1"	"Всего"	"1"	"Всего"	"1"	"Всего"	"1"	"9 394"
"Общая площадь введенных в эксплуатацию жилых зданий(Метр квадратный)"	"2016 год"	"201612"	"ШЕТСКИЙ РАЙОН"	"11164"	"сельская местность"	"3"	"Всего"	"1"	"Всего"	"1"	"Всего"	"1"	"5 801"
"Общая площадь введенных в эксплуатацию жилых зданий(Метр квадратный)"	"2020 год"	"202012"	"ШЕТСКИЙ РАЙОН"	"11164"	"сельская местность"	"3"	"Всего"	"1"	"Всего"	"1"	"Всего"	"1"	"7 915"
"Общая площадь введенных в эксплуатацию жилых зданий(Метр квадратный)"	"2014 год"	"201412"	"ШЕТСКИЙ РАЙОН"	"11164"	"сельская местность"	"3"	"Всего"	"1"	"Всего"	"1"	"Всего"	"1"	"7 287"
"Общая площадь введенных в эксплуатацию жилых зданий(Метр квадратный)"	"2019 год"	"201912"	"ШЕТСКИЙ РАЙОН"	"11164"	"сельская местность"	"3"	"Всего"	"1"	"Всего"	"1"	"Всего"	"1"	"7 413"
"Общая площадь введенных в эксплуатацию жилых зданий(Метр квадратный)"	"2015 год"	"201512"	"ШЕТСКИЙ РАЙОН"	"11164"	"сельская местность"	"3"	"Всего"	"1"	"Всего"	"1"	"Всего"	"1"	"8 950"
"Общая площадь введенных в эксплуатацию жилых зданий(Метр квадратный)"	"2017 год"	"201712"	"ШЕТСКИЙ РАЙОН"	"11164"	"сельская местность"	"3"	"Всего"	"1"	"Всего"	"1"	"Всего"	"1"	"4 667"
"Общая площадь введенных в эксплуатацию жилых зданий(Метр квадратный)"	"2018 год"	"201812"	"ШЕТСКИЙ РАЙОН"	"11164"	"сельская местность"	"3"	"Всего"	"1"	"Всего"	"1"	"Всего"	"1"	"6 272"
"Общая площадь введенных в эксплуатацию жилых зданий(Метр квадратный)"	"2021 год"	"202112"	"ШЕТСКИЙ РАЙОН"	"11164"	"сельская местность"	"3"	"Всего"	"1"	"Всего"	"1"	"Всего"	"1"	"9 072"
"Общая площадь введенных в эксплуатацию жилых зданий(Метр квадратный)"	"2022 год"	"202212"	"ШЕТСКИЙ РАЙОН"	"11164"	"сельская местность"	"3"	"Всего"	"1"	"Всего"	"1"	"Всего"	"1"	"9 394"
"Общая площадь введенных в эксплуатацию жилых зданий(Метр квадратный)"	"2016 год"	"201612"	"КОСТАНАЙСКАЯ ОБЛАСТЬ"	"11492"	"Всего"	"1"	"Всего"	"1"	"Всего"	"1"	"Всего"	"1"	"194 724"
"Общая площадь введенных в эксплуатацию жилых зданий(Метр квадратный)"	"2020 год"	"202012"	"КОСТАНАЙСКАЯ ОБЛАСТЬ"	"11492"	"Всего"	"1"	"Всего"	"1"	"Всего"	"1"	"Всего"	"1"	"379 439"
"Общая площадь введенных в эксплуатацию жилых зданий(Метр квадратный)"	"2014 год"	"201412"	"КОСТАНАЙСКАЯ ОБЛАСТЬ"	"11492"	"Всего"	"1"	"Всего"	"1"	"Всего"	"1"	"Всего"	"1"	"247 897"
"Общая площадь введенных в эксплуатацию жилых зданий(Метр квадратный)"	"2019 год"	"201912"	"КОСТАНАЙСКАЯ ОБЛАСТЬ"	"11492"	"Всего"	"1"	"Всего"	"1"	"Всего"	"1"	"Всего"	"1"	"335 426"
"Общая площадь введенных в эксплуатацию жилых зданий(Метр квадратный)"	"2015 год"	"201512"	"КОСТАНАЙСКАЯ ОБЛАСТЬ"	"11492"	"Всего"	"1"	"Всего"	"1"	"Всего"	"1"	"Всего"	"1"	"248 924"
"Общая площадь введенных в эксплуатацию жилых зданий(Метр квадратный)"	"2017 год"	"201712"	"КОСТАНАЙСКАЯ ОБЛАСТЬ"	"11492"	"Всего"	"1"	"Всего"	"1"	"Всего"	"1"	"Всего"	"1"	"264 678"
"Общая площадь введенных в эксплуатацию жилых зданий(Метр квадратный)"	"2018 год"	"201812"	"КОСТАНАЙСКАЯ ОБЛАСТЬ"	"11492"	"Всего"	"1"	"Всего"	"1"	"Всего"	"1"	"Всего"	"1"	"299 279"
"Общая площадь введенных в эксплуатацию жилых зданий(Метр квадратный)"	"2021 год"	"202112"	"КОСТАНАЙСКАЯ ОБЛАСТЬ"	"11492"	"Всего"	"1"	"Всего"	"1"	"Всего"	"1"	"Всего"	"1"	"447 614"
"Общая площадь введенных в эксплуатацию жилых зданий(Метр квадратный)"	"2022 год"	"202212"	"КОСТАНАЙСКАЯ ОБЛАСТЬ"	"11492"	"Всего"	"1"	"Всего"	"1"	"Всего"	"1"	"Всего"	"1"	"448 972"
"Общая площадь введенных в эксплуатацию жилых зданий(Метр квадратный)"	"2016 год"	"201612"	"КОСТАНАЙСКАЯ ОБЛАСТЬ"	"11492"	"городская местность"	"2"	"Всего"	"1"	"Всего"	"1"	"Всего"	"1"	"157 183"
"Общая площадь введенных в эксплуатацию жилых зданий(Метр квадратный)"	"2020 год"	"202012"	"КОСТАНАЙСКАЯ ОБЛАСТЬ"	"11492"	"городская местность"	"2"	"Всего"	"1"	"Всего"	"1"	"Всего"	"1"	"319 563"
"Общая площадь введенных в эксплуатацию жилых зданий(Метр квадратный)"	"2014 год"	"201412"	"КОСТАНАЙСКАЯ ОБЛАСТЬ"	"11492"	"городская местность"	"2"	"Всего"	"1"	"Всего"	"1"	"Всего"	"1"	"198 210"
"Общая площадь введенных в эксплуатацию жилых зданий(Метр квадратный)"	"2019 год"	"201912"	"КОСТАНАЙСКАЯ ОБЛАСТЬ"	"11492"	"городская местность"	"2"	"Всего"	"1"	"Всего"	"1"	"Всего"	"1"	"275 262"
"Общая площадь введенных в эксплуатацию жилых зданий(Метр квадратный)"	"2015 год"	"201512"	"КОСТАНАЙСКАЯ ОБЛАСТЬ"	"11492"	"городская местность"	"2"	"Всего"	"1"	"Всего"	"1"	"Всего"	"1"	"196 133"
"Общая площадь введенных в эксплуатацию жилых зданий(Метр квадратный)"	"2017 год"	"201712"	"КОСТАНАЙСКАЯ ОБЛАСТЬ"	"11492"	"городская местность"	"2"	"Всего"	"1"	"Всего"	"1"	"Всего"	"1"	"218 370"
"Общая площадь введенных в эксплуатацию жилых зданий(Метр квадратный)"	"2018 год"	"201812"	"КОСТАНАЙСКАЯ ОБЛАСТЬ"	"11492"	"городская местность"	"2"	"Всего"	"1"	"Всего"	"1"	"Всего"	"1"	"244 940"
"Общая площадь введенных в эксплуатацию жилых зданий(Метр квадратный)"	"2021 год"	"202112"	"КОСТАНАЙСКАЯ ОБЛАСТЬ"	"11492"	"городская местность"	"2"	"Всего"	"1"	"Всего"	"1"	"Всего"	"1"	"382 426"
"Общая площадь введенных в эксплуатацию жилых зданий(Метр квадратный)"	"2022 год"	"202212"	"КОСТАНАЙСКАЯ ОБЛАСТЬ"	"11492"	"городская местность"	"2"	"Всего"	"1"	"Всего"	"1"	"Всего"	"1"	"371 969"
"Общая площадь введенных в эксплуатацию жилых зданий(Метр квадратный)"	"2016 год"	"201612"	"КОСТАНАЙСКАЯ ОБЛАСТЬ"	"11492"	"сельская местность"	"3"	"Всего"	"1"	"Всего"	"1"	"Всего"	"1"	"37 541"
"Общая площадь введенных в эксплуатацию жилых зданий(Метр квадратный)"	"2020 год"	"202012"	"КОСТАНАЙСКАЯ ОБЛАСТЬ"	"11492"	"сельская местность"	"3"	"Всего"	"1"	"Всего"	"1"	"Всего"	"1"	"59 876"
"Общая площадь введенных в эксплуатацию жилых зданий(Метр квадратный)"	"2014 год"	"201412"	"КОСТАНАЙСКАЯ ОБЛАСТЬ"	"11492"	"сельская местность"	"3"	"Всего"	"1"	"Всего"	"1"	"Всего"	"1"	"49 687"
"Общая площадь введенных в эксплуатацию жилых зданий(Метр квадратный)"	"2019 год"	"201912"	"КОСТАНАЙСКАЯ ОБЛАСТЬ"	"11492"	"сельская местность"	"3"	"Всего"	"1"	"Всего"	"1"	"Всего"	"1"	"60 164"
"Общая площадь введенных в эксплуатацию жилых зданий(Метр квадратный)"	"2015 год"	"201512"	"КОСТАНАЙСКАЯ ОБЛАСТЬ"	"11492"	"сельская местность"	"3"	"Всего"	"1"	"Всего"	"1"	"Всего"	"1"	"52 791"
"Общая площадь введенных в эксплуатацию жилых зданий(Метр квадратный)"	"2017 год"	"201712"	"КОСТАНАЙСКАЯ ОБЛАСТЬ"	"11492"	"сельская местность"	"3"	"Всего"	"1"	"Всего"	"1"	"Всего"	"1"	"46 308"
"Общая площадь введенных в эксплуатацию жилых зданий(Метр квадратный)"	"2018 год"	"201812"	"КОСТАНАЙСКАЯ ОБЛАСТЬ"	"11492"	"сельская местность"	"3"	"Всего"	"1"	"Всего"	"1"	"Всего"	"1"	"54 339"
"Общая площадь введенных в эксплуатацию жилых зданий(Метр квадратный)"	"2021 год"	"202112"	"КОСТАНАЙСКАЯ ОБЛАСТЬ"	"11492"	"сельская местность"	"3"	"Всего"	"1"	"Всего"	"1"	"Всего"	"1"	"65 188"
"Общая площадь введенных в эксплуатацию жилых зданий(Метр квадратный)"	"2022 год"	"202212"	"КОСТАНАЙСКАЯ ОБЛАСТЬ"	"11492"	"сельская местность"	"3"	"Всего"	"1"	"Всего"	"1"	"Всего"	"1"	"77 003"
"Общая площадь введенных в эксплуатацию жилых зданий(Метр квадратный)"	"2016 год"	"201612"	"КОСТАНАЙ Г.А."	"11493"	"Всего"	"1"	"Всего"	"1"	"Всего"	"1"	"Всего"	"1"	"128 373"
"Общая площадь введенных в эксплуатацию жилых зданий(Метр квадратный)"	"2020 год"	"202012"	"КОСТАНАЙ Г.А."	"11493"	"Всего"	"1"	"Всего"	"1"	"Всего"	"1"	"Всего"	"1"	"257 721"
"Общая площадь введенных в эксплуатацию жилых зданий(Метр квадратный)"	"2014 год"	"201412"	"КОСТАНАЙ Г.А."	"11493"	"Всего"	"1"	"Всего"	"1"	"Всего"	"1"	"Всего"	"1"	"156 182"
"Общая площадь введенных в эксплуатацию жилых зданий(Метр квадратный)"	"2019 год"	"201912"	"КОСТАНАЙ Г.А."	"11493"	"Всего"	"1"	"Всего"	"1"	"Всего"	"1"	"Всего"	"1"	"229 203"
"Общая площадь введенных в эксплуатацию жилых зданий(Метр квадратный)"	"2015 год"	"201512"	"КОСТАНАЙ Г.А."	"11493"	"Всего"	"1"	"Всего"	"1"	"Всего"	"1"	"Всего"	"1"	"157 210"
"Общая площадь введенных в эксплуатацию жилых зданий(Метр квадратный)"	"2017 год"	"201712"	"КОСТАНАЙ Г.А."	"11493"	"Всего"	"1"	"Всего"	"1"	"Всего"	"1"	"Всего"	"1"	"177 835"
"Общая площадь введенных в эксплуатацию жилых зданий(Метр квадратный)"	"2018 год"	"201812"	"КОСТАНАЙ Г.А."	"11493"	"Всего"	"1"	"Всего"	"1"	"Всего"	"1"	"Всего"	"1"	"215 059"
"Общая площадь введенных в эксплуатацию жилых зданий(Метр квадратный)"	"2021 год"	"202112"	"КОСТАНАЙ Г.А."	"11493"	"Всего"	"1"	"Всего"	"1"	"Всего"	"1"	"Всего"	"1"	"303 713"
"Общая площадь введенных в эксплуатацию жилых зданий(Метр квадратный)"	"2022 год"	"202212"	"КОСТАНАЙ Г.А."	"11493"	"Всего"	"1"	"Всего"	"1"	"Всего"	"1"	"Всего"	"1"	"293 466"
"Общая площадь введенных в эксплуатацию жилых зданий(Метр квадратный)"	"2016 год"	"201612"	"КОСТАНАЙ Г.А."	"11493"	"городская местность"	"2"	"Всего"	"1"	"Всего"	"1"	"Всего"	"1"	"128 373"
"Общая площадь введенных в эксплуатацию жилых зданий(Метр квадратный)"	"2020 год"	"202012"	"КОСТАНАЙ Г.А."	"11493"	"городская местность"	"2"	"Всего"	"1"	"Всего"	"1"	"Всего"	"1"	"257 721"
"Общая площадь введенных в эксплуатацию жилых зданий(Метр квадратный)"	"2014 год"	"201412"	"КОСТАНАЙ Г.А."	"11493"	"городская местность"	"2"	"Всего"	"1"	"Всего"	"1"	"Всего"	"1"	"156 182"
"Общая площадь введенных в эксплуатацию жилых зданий(Метр квадратный)"	"2019 год"	"201912"	"КОСТАНАЙ Г.А."	"11493"	"городская местность"	"2"	"Всего"	"1"	"Всего"	"1"	"Всего"	"1"	"229 203"
"Общая площадь введенных в эксплуатацию жилых зданий(Метр квадратный)"	"2015 год"	"201512"	"КОСТАНАЙ Г.А."	"11493"	"городская местность"	"2"	"Всего"	"1"	"Всего"	"1"	"Всего"	"1"	"157 210"
"Общая площадь введенных в эксплуатацию жилых зданий(Метр квадратный)"	"2017 год"	"201712"	"КОСТАНАЙ Г.А."	"11493"	"городская местность"	"2"	"Всего"	"1"	"Всего"	"1"	"Всего"	"1"	"177 835"
"Общая площадь введенных в эксплуатацию жилых зданий(Метр квадратный)"	"2018 год"	"201812"	"КОСТАНАЙ Г.А."	"11493"	"городская местность"	"2"	"Всего"	"1"	"Всего"	"1"	"Всего"	"1"	"215 059"
"Общая площадь введенных в эксплуатацию жилых зданий(Метр квадратный)"	"2021 год"	"202112"	"КОСТАНАЙ Г.А."	"11493"	"городская местность"	"2"	"Всего"	"1"	"Всего"	"1"	"Всего"	"1"	"303 713"
"Общая площадь введенных в эксплуатацию жилых зданий(Метр квадратный)"	"2022 год"	"202212"	"КОСТАНАЙ Г.А."	"11493"	"городская местность"	"2"	"Всего"	"1"	"Всего"	"1"	"Всего"	"1"	"293 466"
"Общая площадь введенных в эксплуатацию жилых зданий(Метр квадратный)"	"2016 год"	"201612"	"АРКАЛЫК Г.А."	"11495"	"Всего"	"1"	"Всего"	"1"	"Всего"	"1"	"Всего"	"1"	"5 789"
"Общая площадь введенных в эксплуатацию жилых зданий(Метр квадратный)"	"2020 год"	"202012"	"АРКАЛЫК Г.А."	"11495"	"Всего"	"1"	"Всего"	"1"	"Всего"	"1"	"Всего"	"1"	"3 196"
"Общая площадь введенных в эксплуатацию жилых зданий(Метр квадратный)"	"2014 год"	"201412"	"АРКАЛЫК Г.А."	"11495"	"Всего"	"1"	"Всего"	"1"	"Всего"	"1"	"Всего"	"1"	"5 735"
"Общая площадь введенных в эксплуатацию жилых зданий(Метр квадратный)"	"2019 год"	"201912"	"АРКАЛЫК Г.А."	"11495"	"Всего"	"1"	"Всего"	"1"	"Всего"	"1"	"Всего"	"1"	"8 962"
"Общая площадь введенных в эксплуатацию жилых зданий(Метр квадратный)"	"2015 год"	"201512"	"АРКАЛЫК Г.А."	"11495"	"Всего"	"1"	"Всего"	"1"	"Всего"	"1"	"Всего"	"1"	"2 329"
"Общая площадь введенных в эксплуатацию жилых зданий(Метр квадратный)"	"2017 год"	"201712"	"АРКАЛЫК Г.А."	"11495"	"Всего"	"1"	"Всего"	"1"	"Всего"	"1"	"Всего"	"1"	"5 751"
"Общая площадь введенных в эксплуатацию жилых зданий(Метр квадратный)"	"2018 год"	"201812"	"АРКАЛЫК Г.А."	"11495"	"Всего"	"1"	"Всего"	"1"	"Всего"	"1"	"Всего"	"1"	"3 173"
"Общая площадь введенных в эксплуатацию жилых зданий(Метр квадратный)"	"2021 год"	"202112"	"АРКАЛЫК Г.А."	"11495"	"Всего"	"1"	"Всего"	"1"	"Всего"	"1"	"Всего"	"1"	"4 037"
"Общая площадь введенных в эксплуатацию жилых зданий(Метр квадратный)"	"2022 год"	"202212"	"АРКАЛЫК Г.А."	"11495"	"Всего"	"1"	"Всего"	"1"	"Всего"	"1"	"Всего"	"1"	"4 055"
"Общая площадь введенных в эксплуатацию жилых зданий(Метр квадратный)"	"2016 год"	"201612"	"АРКАЛЫК Г.А."	"11495"	"городская местность"	"2"	"Всего"	"1"	"Всего"	"1"	"Всего"	"1"	"4 604"
"Общая площадь введенных в эксплуатацию жилых зданий(Метр квадратный)"	"2020 год"	"202012"	"АРКАЛЫК Г.А."	"11495"	"городская местность"	"2"	"Всего"	"1"	"Всего"	"1"	"Всего"	"1"	"2 647"
"Общая площадь введенных в эксплуатацию жилых зданий(Метр квадратный)"	"2014 год"	"201412"	"АРКАЛЫК Г.А."	"11495"	"городская местность"	"2"	"Всего"	"1"	"Всего"	"1"	"Всего"	"1"	"5 735"
"Общая площадь введенных в эксплуатацию жилых зданий(Метр квадратный)"	"2019 год"	"201912"	"АРКАЛЫК Г.А."	"11495"	"городская местность"	"2"	"Всего"	"1"	"Всего"	"1"	"Всего"	"1"	"8 788"
"Общая площадь введенных в эксплуатацию жилых зданий(Метр квадратный)"	"2015 год"	"201512"	"АРКАЛЫК Г.А."	"11495"	"городская местность"	"2"	"Всего"	"1"	"Всего"	"1"	"Всего"	"1"	"2 039"
"Общая площадь введенных в эксплуатацию жилых зданий(Метр квадратный)"	"2017 год"	"201712"	"АРКАЛЫК Г.А."	"11495"	"городская местность"	"2"	"Всего"	"1"	"Всего"	"1"	"Всего"	"1"	"5 469"
"Общая площадь введенных в эксплуатацию жилых зданий(Метр квадратный)"	"2018 год"	"201812"	"АРКАЛЫК Г.А."	"11495"	"городская местность"	"2"	"Всего"	"1"	"Всего"	"1"	"Всего"	"1"	"2 535"
"Общая площадь введенных в эксплуатацию жилых зданий(Метр квадратный)"	"2021 год"	"202112"	"АРКАЛЫК Г.А."	"11495"	"городская местность"	"2"	"Всего"	"1"	"Всего"	"1"	"Всего"	"1"	"3 024"
"Общая площадь введенных в эксплуатацию жилых зданий(Метр квадратный)"	"2022 год"	"202212"	"АРКАЛЫК Г.А."	"11495"	"городская местность"	"2"	"Всего"	"1"	"Всего"	"1"	"Всего"	"1"	"2 640"
"Общая площадь введенных в эксплуатацию жилых зданий(Метр квадратный)"	"2016 год"	"201612"	"АРКАЛЫК Г.А."	"11495"	"сельская местность"	"3"	"Всего"	"1"	"Всего"	"1"	"Всего"	"1"	"1 185"
"Общая площадь введенных в эксплуатацию жилых зданий(Метр квадратный)"	"2020 год"	"202012"	"АРКАЛЫК Г.А."	"11495"	"сельская местность"	"3"	"Всего"	"1"	"Всего"	"1"	"Всего"	"1"	"549"
"Общая площадь введенных в эксплуатацию жилых зданий(Метр квадратный)"	"2019 год"	"201912"	"АРКАЛЫК Г.А."	"11495"	"сельская местность"	"3"	"Всего"	"1"	"Всего"	"1"	"Всего"	"1"	"174"
"Общая площадь введенных в эксплуатацию жилых зданий(Метр квадратный)"	"2015 год"	"201512"	"АРКАЛЫК Г.А."	"11495"	"сельская местность"	"3"	"Всего"	"1"	"Всего"	"1"	"Всего"	"1"	"290"
"Общая площадь введенных в эксплуатацию жилых зданий(Метр квадратный)"	"2017 год"	"201712"	"АРКАЛЫК Г.А."	"11495"	"сельская местность"	"3"	"Всего"	"1"	"Всего"	"1"	"Всего"	"1"	"282"
"Общая площадь введенных в эксплуатацию жилых зданий(Метр квадратный)"	"2018 год"	"201812"	"АРКАЛЫК Г.А."	"11495"	"сельская местность"	"3"	"Всего"	"1"	"Всего"	"1"	"Всего"	"1"	"638"
"Общая площадь введенных в эксплуатацию жилых зданий(Метр квадратный)"	"2021 год"	"202112"	"АРКАЛЫК Г.А."	"11495"	"сельская местность"	"3"	"Всего"	"1"	"Всего"	"1"	"Всего"	"1"	"1 013"
"Общая площадь введенных в эксплуатацию жилых зданий(Метр квадратный)"	"2022 год"	"202212"	"АРКАЛЫК Г.А."	"11495"	"сельская местность"	"3"	"Всего"	"1"	"Всего"	"1"	"Всего"	"1"	"1 415"
"Общая площадь введенных в эксплуатацию жилых зданий(Метр квадратный)"	"2016 год"	"201612"	"ЛИСАКОВСК Г.А."	"11625"	"Всего"	"1"	"Всего"	"1"	"Всего"	"1"	"Всего"	"1"	"1 121"
"Общая площадь введенных в эксплуатацию жилых зданий(Метр квадратный)"	"2020 год"	"202012"	"ЛИСАКОВСК Г.А."	"11625"	"Всего"	"1"	"Всего"	"1"	"Всего"	"1"	"Всего"	"1"	"9 254"
"Общая площадь введенных в эксплуатацию жилых зданий(Метр квадратный)"	"2014 год"	"201412"	"ЛИСАКОВСК Г.А."	"11625"	"Всего"	"1"	"Всего"	"1"	"Всего"	"1"	"Всего"	"1"	"5 782"
"Общая площадь введенных в эксплуатацию жилых зданий(Метр квадратный)"	"2019 год"	"201912"	"ЛИСАКОВСК Г.А."	"11625"	"Всего"	"1"	"Всего"	"1"	"Всего"	"1"	"Всего"	"1"	"8 961"
"Общая площадь введенных в эксплуатацию жилых зданий(Метр квадратный)"	"2015 год"	"201512"	"ЛИСАКОВСК Г.А."	"11625"	"Всего"	"1"	"Всего"	"1"	"Всего"	"1"	"Всего"	"1"	"5 007"
"Общая площадь введенных в эксплуатацию жилых зданий(Метр квадратный)"	"2017 год"	"201712"	"ЛИСАКОВСК Г.А."	"11625"	"Всего"	"1"	"Всего"	"1"	"Всего"	"1"	"Всего"	"1"	"1 181"
"Общая площадь введенных в эксплуатацию жилых зданий(Метр квадратный)"	"2018 год"	"201812"	"ЛИСАКОВСК Г.А."	"11625"	"Всего"	"1"	"Всего"	"1"	"Всего"	"1"	"Всего"	"1"	"1 235"
"Общая площадь введенных в эксплуатацию жилых зданий(Метр квадратный)"	"2021 год"	"202112"	"ЛИСАКОВСК Г.А."	"11625"	"Всего"	"1"	"Всего"	"1"	"Всего"	"1"	"Всего"	"1"	"10 102"
"Общая площадь введенных в эксплуатацию жилых зданий(Метр квадратный)"	"2022 год"	"202212"	"ЛИСАКОВСК Г.А."	"11625"	"Всего"	"1"	"Всего"	"1"	"Всего"	"1"	"Всего"	"1"	"13 899"
"Общая площадь введенных в эксплуатацию жилых зданий(Метр квадратный)"	"2016 год"	"201612"	"ЛИСАКОВСК Г.А."	"11625"	"городская местность"	"2"	"Всего"	"1"	"Всего"	"1"	"Всего"	"1"	"1 121"
"Общая площадь введенных в эксплуатацию жилых зданий(Метр квадратный)"	"2020 год"	"202012"	"ЛИСАКОВСК Г.А."	"11625"	"городская местность"	"2"	"Всего"	"1"	"Всего"	"1"	"Всего"	"1"	"9 254"
"Общая площадь введенных в эксплуатацию жилых зданий(Метр квадратный)"	"2014 год"	"201412"	"ЛИСАКОВСК Г.А."	"11625"	"городская местность"	"2"	"Всего"	"1"	"Всего"	"1"	"Всего"	"1"	"5 782"
"Общая площадь введенных в эксплуатацию жилых зданий(Метр квадратный)"	"2019 год"	"201912"	"ЛИСАКОВСК Г.А."	"11625"	"городская местность"	"2"	"Всего"	"1"	"Всего"	"1"	"Всего"	"1"	"8 961"
"Общая площадь введенных в эксплуатацию жилых зданий(Метр квадратный)"	"2015 год"	"201512"	"ЛИСАКОВСК Г.А."	"11625"	"городская местность"	"2"	"Всего"	"1"	"Всего"	"1"	"Всего"	"1"	"5 007"
"Общая площадь введенных в эксплуатацию жилых зданий(Метр квадратный)"	"2017 год"	"201712"	"ЛИСАКОВСК Г.А."	"11625"	"городская местность"	"2"	"Всего"	"1"	"Всего"	"1"	"Всего"	"1"	"1 181"
"Общая площадь введенных в эксплуатацию жилых зданий(Метр квадратный)"	"2018 год"	"201812"	"ЛИСАКОВСК Г.А."	"11625"	"городская местность"	"2"	"Всего"	"1"	"Всего"	"1"	"Всего"	"1"	"1 235"
"Общая площадь введенных в эксплуатацию жилых зданий(Метр квадратный)"	"2021 год"	"202112"	"ЛИСАКОВСК Г.А."	"11625"	"городская местность"	"2"	"Всего"	"1"	"Всего"	"1"	"Всего"	"1"	"10 102"
"Общая площадь введенных в эксплуатацию жилых зданий(Метр квадратный)"	"2022 год"	"202212"	"ЛИСАКОВСК Г.А."	"11625"	"городская местность"	"2"	"Всего"	"1"	"Всего"	"1"	"Всего"	"1"	"13 899"
"Общая площадь введенных в эксплуатацию жилых зданий(Метр квадратный)"	"2016 год"	"201612"	"РУДНЫЙ Г.А."	"11631"	"Всего"	"1"	"Всего"	"1"	"Всего"	"1"	"Всего"	"1"	"22 123"
"Общая площадь введенных в эксплуатацию жилых зданий(Метр квадратный)"	"2020 год"	"202012"	"РУДНЫЙ Г.А."	"11631"	"Всего"	"1"	"Всего"	"1"	"Всего"	"1"	"Всего"	"1"	"29 320"
"Общая площадь введенных в эксплуатацию жилых зданий(Метр квадратный)"	"2014 год"	"201412"	"РУДНЫЙ Г.А."	"11631"	"Всего"	"1"	"Всего"	"1"	"Всего"	"1"	"Всего"	"1"	"28 118"
"Общая площадь введенных в эксплуатацию жилых зданий(Метр квадратный)"	"2019 год"	"201912"	"РУДНЫЙ Г.А."	"11631"	"Всего"	"1"	"Всего"	"1"	"Всего"	"1"	"Всего"	"1"	"26 499"
"Общая площадь введенных в эксплуатацию жилых зданий(Метр квадратный)"	"2015 год"	"201512"	"РУДНЫЙ Г.А."	"11631"	"Всего"	"1"	"Всего"	"1"	"Всего"	"1"	"Всего"	"1"	"29 030"
"Общая площадь введенных в эксплуатацию жилых зданий(Метр квадратный)"	"2017 год"	"201712"	"РУДНЫЙ Г.А."	"11631"	"Всего"	"1"	"Всего"	"1"	"Всего"	"1"	"Всего"	"1"	"32 789"
"Общая площадь введенных в эксплуатацию жилых зданий(Метр квадратный)"	"2018 год"	"201812"	"РУДНЫЙ Г.А."	"11631"	"Всего"	"1"	"Всего"	"1"	"Всего"	"1"	"Всего"	"1"	"24 092"
"Общая площадь введенных в эксплуатацию жилых зданий(Метр квадратный)"	"2021 год"	"202112"	"РУДНЫЙ Г.А."	"11631"	"Всего"	"1"	"Всего"	"1"	"Всего"	"1"	"Всего"	"1"	"40 503"
"Общая площадь введенных в эксплуатацию жилых зданий(Метр квадратный)"	"2022 год"	"202212"	"РУДНЫЙ Г.А."	"11631"	"Всего"	"1"	"Всего"	"1"	"Всего"	"1"	"Всего"	"1"	"40 549"
"Общая площадь введенных в эксплуатацию жилых зданий(Метр квадратный)"	"2016 год"	"201612"	"РУДНЫЙ Г.А."	"11631"	"городская местность"	"2"	"Всего"	"1"	"Всего"	"1"	"Всего"	"1"	"22 123"
"Общая площадь введенных в эксплуатацию жилых зданий(Метр квадратный)"	"2020 год"	"202012"	"РУДНЫЙ Г.А."	"11631"	"городская местность"	"2"	"Всего"	"1"	"Всего"	"1"	"Всего"	"1"	"29 320"
"Общая площадь введенных в эксплуатацию жилых зданий(Метр квадратный)"	"2014 год"	"201412"	"РУДНЫЙ Г.А."	"11631"	"городская местность"	"2"	"Всего"	"1"	"Всего"	"1"	"Всего"	"1"	"28 081"
"Общая площадь введенных в эксплуатацию жилых зданий(Метр квадратный)"	"2019 год"	"201912"	"РУДНЫЙ Г.А."	"11631"	"городская местность"	"2"	"Всего"	"1"	"Всего"	"1"	"Всего"	"1"	"26 499"
"Общая площадь введенных в эксплуатацию жилых зданий(Метр квадратный)"	"2015 год"	"201512"	"РУДНЫЙ Г.А."	"11631"	"городская местность"	"2"	"Всего"	"1"	"Всего"	"1"	"Всего"	"1"	"29 005"
"Общая площадь введенных в эксплуатацию жилых зданий(Метр квадратный)"	"2017 год"	"201712"	"РУДНЫЙ Г.А."	"11631"	"городская местность"	"2"	"Всего"	"1"	"Всего"	"1"	"Всего"	"1"	"32 732"
"Общая площадь введенных в эксплуатацию жилых зданий(Метр квадратный)"	"2018 год"	"201812"	"РУДНЫЙ Г.А."	"11631"	"городская местность"	"2"	"Всего"	"1"	"Всего"	"1"	"Всего"	"1"	"24 092"
"Общая площадь введенных в эксплуатацию жилых зданий(Метр квадратный)"	"2021 год"	"202112"	"РУДНЫЙ Г.А."	"11631"	"городская местность"	"2"	"Всего"	"1"	"Всего"	"1"	"Всего"	"1"	"40 503"
"Общая площадь введенных в эксплуатацию жилых зданий(Метр квадратный)"	"2022 год"	"202212"	"РУДНЫЙ Г.А."	"11631"	"городская местность"	"2"	"Всего"	"1"	"Всего"	"1"	"Всего"	"1"	"40 443"
"Общая площадь введенных в эксплуатацию жилых зданий(Метр квадратный)"	"2014 год"	"201412"	"РУДНЫЙ Г.А."	"11631"	"сельская местность"	"3"	"Всего"	"1"	"Всего"	"1"	"Всего"	"1"	"37"
"Общая площадь введенных в эксплуатацию жилых зданий(Метр квадратный)"	"2015 год"	"201512"	"РУДНЫЙ Г.А."	"11631"	"сельская местность"	"3"	"Всего"	"1"	"Всего"	"1"	"Всего"	"1"	"25"
"Общая площадь введенных в эксплуатацию жилых зданий(Метр квадратный)"	"2017 год"	"201712"	"РУДНЫЙ Г.А."	"11631"	"сельская местность"	"3"	"Всего"	"1"	"Всего"	"1"	"Всего"	"1"	"57"
"Общая площадь введенных в эксплуатацию жилых зданий(Метр квадратный)"	"2022 год"	"202212"	"РУДНЫЙ Г.А."	"11631"	"сельская местность"	"3"	"Всего"	"1"	"Всего"	"1"	"Всего"	"1"	"106"
"Общая площадь введенных в эксплуатацию жилых зданий(Метр квадратный)"	"2016 год"	"201612"	"АЛТЫНСАРИНСКИЙ РАЙОН"	"11638"	"Всего"	"1"	"Всего"	"1"	"Всего"	"1"	"Всего"	"1"	"610"
"Общая площадь введенных в эксплуатацию жилых зданий(Метр квадратный)"	"2020 год"	"202012"	"АЛТЫНСАРИНСКИЙ РАЙОН"	"11638"	"Всего"	"1"	"Всего"	"1"	"Всего"	"1"	"Всего"	"1"	"1 549"
"Общая площадь введенных в эксплуатацию жилых зданий(Метр квадратный)"	"2014 год"	"201412"	"АЛТЫНСАРИНСКИЙ РАЙОН"	"11638"	"Всего"	"1"	"Всего"	"1"	"Всего"	"1"	"Всего"	"1"	"1 080"
"Общая площадь введенных в эксплуатацию жилых зданий(Метр квадратный)"	"2019 год"	"201912"	"АЛТЫНСАРИНСКИЙ РАЙОН"	"11638"	"Всего"	"1"	"Всего"	"1"	"Всего"	"1"	"Всего"	"1"	"1 234"
"Общая площадь введенных в эксплуатацию жилых зданий(Метр квадратный)"	"2015 год"	"201512"	"АЛТЫНСАРИНСКИЙ РАЙОН"	"11638"	"Всего"	"1"	"Всего"	"1"	"Всего"	"1"	"Всего"	"1"	"1 202"
"Общая площадь введенных в эксплуатацию жилых зданий(Метр квадратный)"	"2017 год"	"201712"	"АЛТЫНСАРИНСКИЙ РАЙОН"	"11638"	"Всего"	"1"	"Всего"	"1"	"Всего"	"1"	"Всего"	"1"	"621"
"Общая площадь введенных в эксплуатацию жилых зданий(Метр квадратный)"	"2018 год"	"201812"	"АЛТЫНСАРИНСКИЙ РАЙОН"	"11638"	"Всего"	"1"	"Всего"	"1"	"Всего"	"1"	"Всего"	"1"	"1 080"
"Общая площадь введенных в эксплуатацию жилых зданий(Метр квадратный)"	"2021 год"	"202112"	"АЛТЫНСАРИНСКИЙ РАЙОН"	"11638"	"Всего"	"1"	"Всего"	"1"	"Всего"	"1"	"Всего"	"1"	"1 868"
"Общая площадь введенных в эксплуатацию жилых зданий(Метр квадратный)"	"2022 год"	"202212"	"АЛТЫНСАРИНСКИЙ РАЙОН"	"11638"	"Всего"	"1"	"Всего"	"1"	"Всего"	"1"	"Всего"	"1"	"1 979"
"Общая площадь введенных в эксплуатацию жилых зданий(Метр квадратный)"	"2016 год"	"201612"	"АЛТЫНСАРИНСКИЙ РАЙОН"	"11638"	"сельская местность"	"3"	"Всего"	"1"	"Всего"	"1"	"Всего"	"1"	"610"
"Общая площадь введенных в эксплуатацию жилых зданий(Метр квадратный)"	"2020 год"	"202012"	"АЛТЫНСАРИНСКИЙ РАЙОН"	"11638"	"сельская местность"	"3"	"Всего"	"1"	"Всего"	"1"	"Всего"	"1"	"1 549"
"Общая площадь введенных в эксплуатацию жилых зданий(Метр квадратный)"	"2014 год"	"201412"	"АЛТЫНСАРИНСКИЙ РАЙОН"	"11638"	"сельская местность"	"3"	"Всего"	"1"	"Всего"	"1"	"Всего"	"1"	"1 080"
"Общая площадь введенных в эксплуатацию жилых зданий(Метр квадратный)"	"2019 год"	"201912"	"АЛТЫНСАРИНСКИЙ РАЙОН"	"11638"	"сельская местность"	"3"	"Всего"	"1"	"Всего"	"1"	"Всего"	"1"	"1 234"
"Общая площадь введенных в эксплуатацию жилых зданий(Метр квадратный)"	"2015 год"	"201512"	"АЛТЫНСАРИНСКИЙ РАЙОН"	"11638"	"сельская местность"	"3"	"Всего"	"1"	"Всего"	"1"	"Всего"	"1"	"1 202"
"Общая площадь введенных в эксплуатацию жилых зданий(Метр квадратный)"	"2017 год"	"201712"	"АЛТЫНСАРИНСКИЙ РАЙОН"	"11638"	"сельская местность"	"3"	"Всего"	"1"	"Всего"	"1"	"Всего"	"1"	"621"
"Общая площадь введенных в эксплуатацию жилых зданий(Метр квадратный)"	"2018 год"	"201812"	"АЛТЫНСАРИНСКИЙ РАЙОН"	"11638"	"сельская местность"	"3"	"Всего"	"1"	"Всего"	"1"	"Всего"	"1"	"1 080"
"Общая площадь введенных в эксплуатацию жилых зданий(Метр квадратный)"	"2021 год"	"202112"	"АЛТЫНСАРИНСКИЙ РАЙОН"	"11638"	"сельская местность"	"3"	"Всего"	"1"	"Всего"	"1"	"Всего"	"1"	"1 868"
"Общая площадь введенных в эксплуатацию жилых зданий(Метр квадратный)"	"2022 год"	"202212"	"АЛТЫНСАРИНСКИЙ РАЙОН"	"11638"	"сельская местность"	"3"	"Всего"	"1"	"Всего"	"1"	"Всего"	"1"	"1 979"
"Общая площадь введенных в эксплуатацию жилых зданий(Метр квадратный)"	"2016 год"	"201612"	"АМАНГЕЛЬДИНСКИЙ РАЙОН"	"11687"	"Всего"	"1"	"Всего"	"1"	"Всего"	"1"	"Всего"	"1"	"842"
"Общая площадь введенных в эксплуатацию жилых зданий(Метр квадратный)"	"2020 год"	"202012"	"АМАНГЕЛЬДИНСКИЙ РАЙОН"	"11687"	"Всего"	"1"	"Всего"	"1"	"Всего"	"1"	"Всего"	"1"	"3 139"
"Общая площадь введенных в эксплуатацию жилых зданий(Метр квадратный)"	"2014 год"	"201412"	"АМАНГЕЛЬДИНСКИЙ РАЙОН"	"11687"	"Всего"	"1"	"Всего"	"1"	"Всего"	"1"	"Всего"	"1"	"1 302"
"Общая площадь введенных в эксплуатацию жилых зданий(Метр квадратный)"	"2019 год"	"201912"	"АМАНГЕЛЬДИНСКИЙ РАЙОН"	"11687"	"Всего"	"1"	"Всего"	"1"	"Всего"	"1"	"Всего"	"1"	"1 514"
"Общая площадь введенных в эксплуатацию жилых зданий(Метр квадратный)"	"2015 год"	"201512"	"АМАНГЕЛЬДИНСКИЙ РАЙОН"	"11687"	"Всего"	"1"	"Всего"	"1"	"Всего"	"1"	"Всего"	"1"	"1 353"
"Общая площадь введенных в эксплуатацию жилых зданий(Метр квадратный)"	"2017 год"	"201712"	"АМАНГЕЛЬДИНСКИЙ РАЙОН"	"11687"	"Всего"	"1"	"Всего"	"1"	"Всего"	"1"	"Всего"	"1"	"884"
"Общая площадь введенных в эксплуатацию жилых зданий(Метр квадратный)"	"2018 год"	"201812"	"АМАНГЕЛЬДИНСКИЙ РАЙОН"	"11687"	"Всего"	"1"	"Всего"	"1"	"Всего"	"1"	"Всего"	"1"	"1 026"
"Общая площадь введенных в эксплуатацию жилых зданий(Метр квадратный)"	"2021 год"	"202112"	"АМАНГЕЛЬДИНСКИЙ РАЙОН"	"11687"	"Всего"	"1"	"Всего"	"1"	"Всего"	"1"	"Всего"	"1"	"1 804"
"Общая площадь введенных в эксплуатацию жилых зданий(Метр квадратный)"	"2022 год"	"202212"	"АМАНГЕЛЬДИНСКИЙ РАЙОН"	"11687"	"Всего"	"1"	"Всего"	"1"	"Всего"	"1"	"Всего"	"1"	"2 020"
"Общая площадь введенных в эксплуатацию жилых зданий(Метр квадратный)"	"2016 год"	"201612"	"АМАНГЕЛЬДИНСКИЙ РАЙОН"	"11687"	"сельская местность"	"3"	"Всего"	"1"	"Всего"	"1"	"Всего"	"1"	"842"
"Общая площадь введенных в эксплуатацию жилых зданий(Метр квадратный)"	"2020 год"	"202012"	"АМАНГЕЛЬДИНСКИЙ РАЙОН"	"11687"	"сельская местность"	"3"	"Всего"	"1"	"Всего"	"1"	"Всего"	"1"	"3 139"
"Общая площадь введенных в эксплуатацию жилых зданий(Метр квадратный)"	"2014 год"	"201412"	"АМАНГЕЛЬДИНСКИЙ РАЙОН"	"11687"	"сельская местность"	"3"	"Всего"	"1"	"Всего"	"1"	"Всего"	"1"	"1 302"
"Общая площадь введенных в эксплуатацию жилых зданий(Метр квадратный)"	"2019 год"	"201912"	"АМАНГЕЛЬДИНСКИЙ РАЙОН"	"11687"	"сельская местность"	"3"	"Всего"	"1"	"Всего"	"1"	"Всего"	"1"	"1 514"
"Общая площадь введенных в эксплуатацию жилых зданий(Метр квадратный)"	"2015 год"	"201512"	"АМАНГЕЛЬДИНСКИЙ РАЙОН"	"11687"	"сельская местность"	"3"	"Всего"	"1"	"Всего"	"1"	"Всего"	"1"	"1 353"
"Общая площадь введенных в эксплуатацию жилых зданий(Метр квадратный)"	"2017 год"	"201712"	"АМАНГЕЛЬДИНСКИЙ РАЙОН"	"11687"	"сельская местность"	"3"	"Всего"	"1"	"Всего"	"1"	"Всего"	"1"	"884"
"Общая площадь введенных в эксплуатацию жилых зданий(Метр квадратный)"	"2018 год"	"201812"	"АМАНГЕЛЬДИНСКИЙ РАЙОН"	"11687"	"сельская местность"	"3"	"Всего"	"1"	"Всего"	"1"	"Всего"	"1"	"1 026"
"Общая площадь введенных в эксплуатацию жилых зданий(Метр квадратный)"	"2021 год"	"202112"	"АМАНГЕЛЬДИНСКИЙ РАЙОН"	"11687"	"сельская местность"	"3"	"Всего"	"1"	"Всего"	"1"	"Всего"	"1"	"1 804"
"Общая площадь введенных в эксплуатацию жилых зданий(Метр квадратный)"	"2022 год"	"202212"	"АМАНГЕЛЬДИНСКИЙ РАЙОН"	"11687"	"сельская местность"	"3"	"Всего"	"1"	"Всего"	"1"	"Всего"	"1"	"2 020"
"Общая площадь введенных в эксплуатацию жилых зданий(Метр квадратный)"	"2016 год"	"201612"	"АУЛИЕКОЛЬСКИЙ РАЙОН"	"11806"	"Всего"	"1"	"Всего"	"1"	"Всего"	"1"	"Всего"	"1"	"2 071"
"Общая площадь введенных в эксплуатацию жилых зданий(Метр квадратный)"	"2020 год"	"202012"	"АУЛИЕКОЛЬСКИЙ РАЙОН"	"11806"	"Всего"	"1"	"Всего"	"1"	"Всего"	"1"	"Всего"	"1"	"4 223"
"Общая площадь введенных в эксплуатацию жилых зданий(Метр квадратный)"	"2014 год"	"201412"	"АУЛИЕКОЛЬСКИЙ РАЙОН"	"11806"	"Всего"	"1"	"Всего"	"1"	"Всего"	"1"	"Всего"	"1"	"1 826"
"Общая площадь введенных в эксплуатацию жилых зданий(Метр квадратный)"	"2019 год"	"201912"	"АУЛИЕКОЛЬСКИЙ РАЙОН"	"11806"	"Всего"	"1"	"Всего"	"1"	"Всего"	"1"	"Всего"	"1"	"2 527"
"Общая площадь введенных в эксплуатацию жилых зданий(Метр квадратный)"	"2015 год"	"201512"	"АУЛИЕКОЛЬСКИЙ РАЙОН"	"11806"	"Всего"	"1"	"Всего"	"1"	"Всего"	"1"	"Всего"	"1"	"1 991"
"Общая площадь введенных в эксплуатацию жилых зданий(Метр квадратный)"	"2017 год"	"201712"	"АУЛИЕКОЛЬСКИЙ РАЙОН"	"11806"	"Всего"	"1"	"Всего"	"1"	"Всего"	"1"	"Всего"	"1"	"2 103"
"Общая площадь введенных в эксплуатацию жилых зданий(Метр квадратный)"	"2018 год"	"201812"	"АУЛИЕКОЛЬСКИЙ РАЙОН"	"11806"	"Всего"	"1"	"Всего"	"1"	"Всего"	"1"	"Всего"	"1"	"2 328"
"Общая площадь введенных в эксплуатацию жилых зданий(Метр квадратный)"	"2021 год"	"202112"	"АУЛИЕКОЛЬСКИЙ РАЙОН"	"11806"	"Всего"	"1"	"Всего"	"1"	"Всего"	"1"	"Всего"	"1"	"4 775"
"Общая площадь введенных в эксплуатацию жилых зданий(Метр квадратный)"	"2022 год"	"202212"	"АУЛИЕКОЛЬСКИЙ РАЙОН"	"11806"	"Всего"	"1"	"Всего"	"1"	"Всего"	"1"	"Всего"	"1"	"12 680"
"Общая площадь введенных в эксплуатацию жилых зданий(Метр квадратный)"	"2016 год"	"201612"	"АУЛИЕКОЛЬСКИЙ РАЙОН"	"11806"	"сельская местность"	"3"	"Всего"	"1"	"Всего"	"1"	"Всего"	"1"	"2 071"
"Общая площадь введенных в эксплуатацию жилых зданий(Метр квадратный)"	"2020 год"	"202012"	"АУЛИЕКОЛЬСКИЙ РАЙОН"	"11806"	"сельская местность"	"3"	"Всего"	"1"	"Всего"	"1"	"Всего"	"1"	"4 223"
"Общая площадь введенных в эксплуатацию жилых зданий(Метр квадратный)"	"2014 год"	"201412"	"АУЛИЕКОЛЬСКИЙ РАЙОН"	"11806"	"сельская местность"	"3"	"Всего"	"1"	"Всего"	"1"	"Всего"	"1"	"1 826"
"Общая площадь введенных в эксплуатацию жилых зданий(Метр квадратный)"	"2019 год"	"201912"	"АУЛИЕКОЛЬСКИЙ РАЙОН"	"11806"	"сельская местность"	"3"	"Всего"	"1"	"Всего"	"1"	"Всего"	"1"	"2 527"
"Общая площадь введенных в эксплуатацию жилых зданий(Метр квадратный)"	"2015 год"	"201512"	"АУЛИЕКОЛЬСКИЙ РАЙОН"	"11806"	"сельская местность"	"3"	"Всего"	"1"	"Всего"	"1"	"Всего"	"1"	"1 991"
"Общая площадь введенных в эксплуатацию жилых зданий(Метр квадратный)"	"2017 год"	"201712"	"АУЛИЕКОЛЬСКИЙ РАЙОН"	"11806"	"сельская местность"	"3"	"Всего"	"1"	"Всего"	"1"	"Всего"	"1"	"2 103"
"Общая площадь введенных в эксплуатацию жилых зданий(Метр квадратный)"	"2018 год"	"201812"	"АУЛИЕКОЛЬСКИЙ РАЙОН"	"11806"	"сельская местность"	"3"	"Всего"	"1"	"Всего"	"1"	"Всего"	"1"	"2 328"
"Общая площадь введенных в эксплуатацию жилых зданий(Метр квадратный)"	"2021 год"	"202112"	"АУЛИЕКОЛЬСКИЙ РАЙОН"	"11806"	"сельская местность"	"3"	"Всего"	"1"	"Всего"	"1"	"Всего"	"1"	"4 775"
"Общая площадь введенных в эксплуатацию жилых зданий(Метр квадратный)"	"2022 год"	"202212"	"АУЛИЕКОЛЬСКИЙ РАЙОН"	"11806"	"сельская местность"	"3"	"Всего"	"1"	"Всего"	"1"	"Всего"	"1"	"12 680"
"Общая площадь введенных в эксплуатацию жилых зданий(Метр квадратный)"	"2016 год"	"201612"	"ДЕНИСОВСКИЙ РАЙОН"	"11872"	"Всего"	"1"	"Всего"	"1"	"Всего"	"1"	"Всего"	"1"	"1 213"
"Общая площадь введенных в эксплуатацию жилых зданий(Метр квадратный)"	"2020 год"	"202012"	"ДЕНИСОВСКИЙ РАЙОН"	"11872"	"Всего"	"1"	"Всего"	"1"	"Всего"	"1"	"Всего"	"1"	"1 517"
"Общая площадь введенных в эксплуатацию жилых зданий(Метр квадратный)"	"2014 год"	"201412"	"ДЕНИСОВСКИЙ РАЙОН"	"11872"	"Всего"	"1"	"Всего"	"1"	"Всего"	"1"	"Всего"	"1"	"1 067"
"Общая площадь введенных в эксплуатацию жилых зданий(Метр квадратный)"	"2019 год"	"201912"	"ДЕНИСОВСКИЙ РАЙОН"	"11872"	"Всего"	"1"	"Всего"	"1"	"Всего"	"1"	"Всего"	"1"	"789"
"Общая площадь введенных в эксплуатацию жилых зданий(Метр квадратный)"	"2015 год"	"201512"	"ДЕНИСОВСКИЙ РАЙОН"	"11872"	"Всего"	"1"	"Всего"	"1"	"Всего"	"1"	"Всего"	"1"	"1 186"
"Общая площадь введенных в эксплуатацию жилых зданий(Метр квадратный)"	"2017 год"	"201712"	"ДЕНИСОВСКИЙ РАЙОН"	"11872"	"Всего"	"1"	"Всего"	"1"	"Всего"	"1"	"Всего"	"1"	"965"
"Общая площадь введенных в эксплуатацию жилых зданий(Метр квадратный)"	"2018 год"	"201812"	"ДЕНИСОВСКИЙ РАЙОН"	"11872"	"Всего"	"1"	"Всего"	"1"	"Всего"	"1"	"Всего"	"1"	"974"
"Общая площадь введенных в эксплуатацию жилых зданий(Метр квадратный)"	"2021 год"	"202112"	"ДЕНИСОВСКИЙ РАЙОН"	"11872"	"Всего"	"1"	"Всего"	"1"	"Всего"	"1"	"Всего"	"1"	"3 010"
"Общая площадь введенных в эксплуатацию жилых зданий(Метр квадратный)"	"2022 год"	"202212"	"ДЕНИСОВСКИЙ РАЙОН"	"11872"	"Всего"	"1"	"Всего"	"1"	"Всего"	"1"	"Всего"	"1"	"2 489"
"Общая площадь введенных в эксплуатацию жилых зданий(Метр квадратный)"	"2016 год"	"201612"	"ДЕНИСОВСКИЙ РАЙОН"	"11872"	"сельская местность"	"3"	"Всего"	"1"	"Всего"	"1"	"Всего"	"1"	"1 213"
"Общая площадь введенных в эксплуатацию жилых зданий(Метр квадратный)"	"2020 год"	"202012"	"ДЕНИСОВСКИЙ РАЙОН"	"11872"	"сельская местность"	"3"	"Всего"	"1"	"Всего"	"1"	"Всего"	"1"	"1 517"
"Общая площадь введенных в эксплуатацию жилых зданий(Метр квадратный)"	"2014 год"	"201412"	"ДЕНИСОВСКИЙ РАЙОН"	"11872"	"сельская местность"	"3"	"Всего"	"1"	"Всего"	"1"	"Всего"	"1"	"1 067"
"Общая площадь введенных в эксплуатацию жилых зданий(Метр квадратный)"	"2019 год"	"201912"	"ДЕНИСОВСКИЙ РАЙОН"	"11872"	"сельская местность"	"3"	"Всего"	"1"	"Всего"	"1"	"Всего"	"1"	"789"
"Общая площадь введенных в эксплуатацию жилых зданий(Метр квадратный)"	"2015 год"	"201512"	"ДЕНИСОВСКИЙ РАЙОН"	"11872"	"сельская местность"	"3"	"Всего"	"1"	"Всего"	"1"	"Всего"	"1"	"1 186"
"Общая площадь введенных в эксплуатацию жилых зданий(Метр квадратный)"	"2017 год"	"201712"	"ДЕНИСОВСКИЙ РАЙОН"	"11872"	"сельская местность"	"3"	"Всего"	"1"	"Всего"	"1"	"Всего"	"1"	"965"
"Общая площадь введенных в эксплуатацию жилых зданий(Метр квадратный)"	"2018 год"	"201812"	"ДЕНИСОВСКИЙ РАЙОН"	"11872"	"сельская местность"	"3"	"Всего"	"1"	"Всего"	"1"	"Всего"	"1"	"974"
"Общая площадь введенных в эксплуатацию жилых зданий(Метр квадратный)"	"2021 год"	"202112"	"ДЕНИСОВСКИЙ РАЙОН"	"11872"	"сельская местность"	"3"	"Всего"	"1"	"Всего"	"1"	"Всего"	"1"	"3 010"
"Общая площадь введенных в эксплуатацию жилых зданий(Метр квадратный)"	"2022 год"	"202212"	"ДЕНИСОВСКИЙ РАЙОН"	"11872"	"сельская местность"	"3"	"Всего"	"1"	"Всего"	"1"	"Всего"	"1"	"2 489"
"Общая площадь введенных в эксплуатацию жилых зданий(Метр квадратный)"	"2016 год"	"201612"	"ЖАНГЕЛЬДИНСКИЙ РАЙОН"	"11934"	"Всего"	"1"	"Всего"	"1"	"Всего"	"1"	"Всего"	"1"	"252"
"Общая площадь введенных в эксплуатацию жилых зданий(Метр квадратный)"	"2020 год"	"202012"	"ЖАНГЕЛЬДИНСКИЙ РАЙОН"	"11934"	"Всего"	"1"	"Всего"	"1"	"Всего"	"1"	"Всего"	"1"	"868"
"Общая площадь введенных в эксплуатацию жилых зданий(Метр квадратный)"	"2014 год"	"201412"	"ЖАНГЕЛЬДИНСКИЙ РАЙОН"	"11934"	"Всего"	"1"	"Всего"	"1"	"Всего"	"1"	"Всего"	"1"	"898"
"Общая площадь введенных в эксплуатацию жилых зданий(Метр квадратный)"	"2019 год"	"201912"	"ЖАНГЕЛЬДИНСКИЙ РАЙОН"	"11934"	"Всего"	"1"	"Всего"	"1"	"Всего"	"1"	"Всего"	"1"	"344"
"Общая площадь введенных в эксплуатацию жилых зданий(Метр квадратный)"	"2015 год"	"201512"	"ЖАНГЕЛЬДИНСКИЙ РАЙОН"	"11934"	"Всего"	"1"	"Всего"	"1"	"Всего"	"1"	"Всего"	"1"	"938"
"Общая площадь введенных в эксплуатацию жилых зданий(Метр квадратный)"	"2017 год"	"201712"	"ЖАНГЕЛЬДИНСКИЙ РАЙОН"	"11934"	"Всего"	"1"	"Всего"	"1"	"Всего"	"1"	"Всего"	"1"	"274"
"Общая площадь введенных в эксплуатацию жилых зданий(Метр квадратный)"	"2018 год"	"201812"	"ЖАНГЕЛЬДИНСКИЙ РАЙОН"	"11934"	"Всего"	"1"	"Всего"	"1"	"Всего"	"1"	"Всего"	"1"	"311"
"Общая площадь введенных в эксплуатацию жилых зданий(Метр квадратный)"	"2021 год"	"202112"	"ЖАНГЕЛЬДИНСКИЙ РАЙОН"	"11934"	"Всего"	"1"	"Всего"	"1"	"Всего"	"1"	"Всего"	"1"	"956"
"Общая площадь введенных в эксплуатацию жилых зданий(Метр квадратный)"	"2022 год"	"202212"	"ЖАНГЕЛЬДИНСКИЙ РАЙОН"	"11934"	"Всего"	"1"	"Всего"	"1"	"Всего"	"1"	"Всего"	"1"	"969"
"Общая площадь введенных в эксплуатацию жилых зданий(Метр квадратный)"	"2016 год"	"201612"	"ЖАНГЕЛЬДИНСКИЙ РАЙОН"	"11934"	"сельская местность"	"3"	"Всего"	"1"	"Всего"	"1"	"Всего"	"1"	"252"
"Общая площадь введенных в эксплуатацию жилых зданий(Метр квадратный)"	"2020 год"	"202012"	"ЖАНГЕЛЬДИНСКИЙ РАЙОН"	"11934"	"сельская местность"	"3"	"Всего"	"1"	"Всего"	"1"	"Всего"	"1"	"868"
"Общая площадь введенных в эксплуатацию жилых зданий(Метр квадратный)"	"2014 год"	"201412"	"ЖАНГЕЛЬДИНСКИЙ РАЙОН"	"11934"	"сельская местность"	"3"	"Всего"	"1"	"Всего"	"1"	"Всего"	"1"	"898"
"Общая площадь введенных в эксплуатацию жилых зданий(Метр квадратный)"	"2019 год"	"201912"	"ЖАНГЕЛЬДИНСКИЙ РАЙОН"	"11934"	"сельская местность"	"3"	"Всего"	"1"	"Всего"	"1"	"Всего"	"1"	"344"
"Общая площадь введенных в эксплуатацию жилых зданий(Метр квадратный)"	"2015 год"	"201512"	"ЖАНГЕЛЬДИНСКИЙ РАЙОН"	"11934"	"сельская местность"	"3"	"Всего"	"1"	"Всего"	"1"	"Всего"	"1"	"938"
"Общая площадь введенных в эксплуатацию жилых зданий(Метр квадратный)"	"2017 год"	"201712"	"ЖАНГЕЛЬДИНСКИЙ РАЙОН"	"11934"	"сельская местность"	"3"	"Всего"	"1"	"Всего"	"1"	"Всего"	"1"	"274"
"Общая площадь введенных в эксплуатацию жилых зданий(Метр квадратный)"	"2018 год"	"201812"	"ЖАНГЕЛЬДИНСКИЙ РАЙОН"	"11934"	"сельская местность"	"3"	"Всего"	"1"	"Всего"	"1"	"Всего"	"1"	"311"
"Общая площадь введенных в эксплуатацию жилых зданий(Метр квадратный)"	"2021 год"	"202112"	"ЖАНГЕЛЬДИНСКИЙ РАЙОН"	"11934"	"сельская местность"	"3"	"Всего"	"1"	"Всего"	"1"	"Всего"	"1"	"956"
"Общая площадь введенных в эксплуатацию жилых зданий(Метр квадратный)"	"2022 год"	"202212"	"ЖАНГЕЛЬДИНСКИЙ РАЙОН"	"11934"	"сельская местность"	"3"	"Всего"	"1"	"Всего"	"1"	"Всего"	"1"	"969"
"Общая площадь введенных в эксплуатацию жилых зданий(Метр квадратный)"	"2016 год"	"201612"	"ЖИТИКАРИНСКИЙ РАЙОН"	"12053"	"Всего"	"1"	"Всего"	"1"	"Всего"	"1"	"Всего"	"1"	"962"
"Общая площадь введенных в эксплуатацию жилых зданий(Метр квадратный)"	"2020 год"	"202012"	"ЖИТИКАРИНСКИЙ РАЙОН"	"12053"	"Всего"	"1"	"Всего"	"1"	"Всего"	"1"	"Всего"	"1"	"4 557"
"Общая площадь введенных в эксплуатацию жилых зданий(Метр квадратный)"	"2014 год"	"201412"	"ЖИТИКАРИНСКИЙ РАЙОН"	"12053"	"Всего"	"1"	"Всего"	"1"	"Всего"	"1"	"Всего"	"1"	"2 798"
"Общая площадь введенных в эксплуатацию жилых зданий(Метр квадратный)"	"2019 год"	"201912"	"ЖИТИКАРИНСКИЙ РАЙОН"	"12053"	"Всего"	"1"	"Всего"	"1"	"Всего"	"1"	"Всего"	"1"	"2 001"
"Общая площадь введенных в эксплуатацию жилых зданий(Метр квадратный)"	"2015 год"	"201512"	"ЖИТИКАРИНСКИЙ РАЙОН"	"12053"	"Всего"	"1"	"Всего"	"1"	"Всего"	"1"	"Всего"	"1"	"2 940"
"Общая площадь введенных в эксплуатацию жилых зданий(Метр квадратный)"	"2017 год"	"201712"	"ЖИТИКАРИНСКИЙ РАЙОН"	"12053"	"Всего"	"1"	"Всего"	"1"	"Всего"	"1"	"Всего"	"1"	"1 153"
"Общая площадь введенных в эксплуатацию жилых зданий(Метр квадратный)"	"2018 год"	"201812"	"ЖИТИКАРИНСКИЙ РАЙОН"	"12053"	"Всего"	"1"	"Всего"	"1"	"Всего"	"1"	"Всего"	"1"	"2 019"
"Общая площадь введенных в эксплуатацию жилых зданий(Метр квадратный)"	"2021 год"	"202112"	"ЖИТИКАРИНСКИЙ РАЙОН"	"12053"	"Всего"	"1"	"Всего"	"1"	"Всего"	"1"	"Всего"	"1"	"6 701"
"Общая площадь введенных в эксплуатацию жилых зданий(Метр квадратный)"	"2022 год"	"202212"	"ЖИТИКАРИНСКИЙ РАЙОН"	"12053"	"Всего"	"1"	"Всего"	"1"	"Всего"	"1"	"Всего"	"1"	"6 764"
"Общая площадь введенных в эксплуатацию жилых зданий(Метр квадратный)"	"2016 год"	"201612"	"ЖИТИКАРИНСКИЙ РАЙОН"	"12053"	"городская местность"	"2"	"Всего"	"1"	"Всего"	"1"	"Всего"	"1"	"962"
"Общая площадь введенных в эксплуатацию жилых зданий(Метр квадратный)"	"2020 год"	"202012"	"ЖИТИКАРИНСКИЙ РАЙОН"	"12053"	"городская местность"	"2"	"Всего"	"1"	"Всего"	"1"	"Всего"	"1"	"3 883"
"Общая площадь введенных в эксплуатацию жилых зданий(Метр квадратный)"	"2014 год"	"201412"	"ЖИТИКАРИНСКИЙ РАЙОН"	"12053"	"городская местность"	"2"	"Всего"	"1"	"Всего"	"1"	"Всего"	"1"	"2 430"
"Общая площадь введенных в эксплуатацию жилых зданий(Метр квадратный)"	"2019 год"	"201912"	"ЖИТИКАРИНСКИЙ РАЙОН"	"12053"	"городская местность"	"2"	"Всего"	"1"	"Всего"	"1"	"Всего"	"1"	"1 811"
"Общая площадь введенных в эксплуатацию жилых зданий(Метр квадратный)"	"2015 год"	"201512"	"ЖИТИКАРИНСКИЙ РАЙОН"	"12053"	"городская местность"	"2"	"Всего"	"1"	"Всего"	"1"	"Всего"	"1"	"2 872"
"Общая площадь введенных в эксплуатацию жилых зданий(Метр квадратный)"	"2017 год"	"201712"	"ЖИТИКАРИНСКИЙ РАЙОН"	"12053"	"городская местность"	"2"	"Всего"	"1"	"Всего"	"1"	"Всего"	"1"	"1 153"
"Общая площадь введенных в эксплуатацию жилых зданий(Метр квадратный)"	"2018 год"	"201812"	"ЖИТИКАРИНСКИЙ РАЙОН"	"12053"	"городская местность"	"2"	"Всего"	"1"	"Всего"	"1"	"Всего"	"1"	"2 019"
"Общая площадь введенных в эксплуатацию жилых зданий(Метр квадратный)"	"2021 год"	"202112"	"ЖИТИКАРИНСКИЙ РАЙОН"	"12053"	"городская местность"	"2"	"Всего"	"1"	"Всего"	"1"	"Всего"	"1"	"6 701"
"Общая площадь введенных в эксплуатацию жилых зданий(Метр квадратный)"	"2022 год"	"202212"	"ЖИТИКАРИНСКИЙ РАЙОН"	"12053"	"городская местность"	"2"	"Всего"	"1"	"Всего"	"1"	"Всего"	"1"	"6 671"
"Общая площадь введенных в эксплуатацию жилых зданий(Метр квадратный)"	"2020 год"	"202012"	"ЖИТИКАРИНСКИЙ РАЙОН"	"12053"	"сельская местность"	"3"	"Всего"	"1"	"Всего"	"1"	"Всего"	"1"	"674"
"Общая площадь введенных в эксплуатацию жилых зданий(Метр квадратный)"	"2014 год"	"201412"	"ЖИТИКАРИНСКИЙ РАЙОН"	"12053"	"сельская местность"	"3"	"Всего"	"1"	"Всего"	"1"	"Всего"	"1"	"368"
"Общая площадь введенных в эксплуатацию жилых зданий(Метр квадратный)"	"2019 год"	"201912"	"ЖИТИКАРИНСКИЙ РАЙОН"	"12053"	"сельская местность"	"3"	"Всего"	"1"	"Всего"	"1"	"Всего"	"1"	"190"
"Общая площадь введенных в эксплуатацию жилых зданий(Метр квадратный)"	"2015 год"	"201512"	"ЖИТИКАРИНСКИЙ РАЙОН"	"12053"	"сельская местность"	"3"	"Всего"	"1"	"Всего"	"1"	"Всего"	"1"	"68"
"Общая площадь введенных в эксплуатацию жилых зданий(Метр квадратный)"	"2022 год"	"202212"	"ЖИТИКАРИНСКИЙ РАЙОН"	"12053"	"сельская местность"	"3"	"Всего"	"1"	"Всего"	"1"	"Всего"	"1"	"93"
"Общая площадь введенных в эксплуатацию жилых зданий(Метр квадратный)"	"2016 год"	"201612"	"КАМЫСТИНСКИЙ РАЙОН"	"12101"	"Всего"	"1"	"Всего"	"1"	"Всего"	"1"	"Всего"	"1"	"409"
"Общая площадь введенных в эксплуатацию жилых зданий(Метр квадратный)"	"2020 год"	"202012"	"КАМЫСТИНСКИЙ РАЙОН"	"12101"	"Всего"	"1"	"Всего"	"1"	"Всего"	"1"	"Всего"	"1"	"1 123"
"Общая площадь введенных в эксплуатацию жилых зданий(Метр квадратный)"	"2014 год"	"201412"	"КАМЫСТИНСКИЙ РАЙОН"	"12101"	"Всего"	"1"	"Всего"	"1"	"Всего"	"1"	"Всего"	"1"	"1 556"
"Общая площадь введенных в эксплуатацию жилых зданий(Метр квадратный)"	"2019 год"	"201912"	"КАМЫСТИНСКИЙ РАЙОН"	"12101"	"Всего"	"1"	"Всего"	"1"	"Всего"	"1"	"Всего"	"1"	"901"
"Общая площадь введенных в эксплуатацию жилых зданий(Метр квадратный)"	"2015 год"	"201512"	"КАМЫСТИНСКИЙ РАЙОН"	"12101"	"Всего"	"1"	"Всего"	"1"	"Всего"	"1"	"Всего"	"1"	"788"
"Общая площадь введенных в эксплуатацию жилых зданий(Метр квадратный)"	"2017 год"	"201712"	"КАМЫСТИНСКИЙ РАЙОН"	"12101"	"Всего"	"1"	"Всего"	"1"	"Всего"	"1"	"Всего"	"1"	"450"
"Общая площадь введенных в эксплуатацию жилых зданий(Метр квадратный)"	"2018 год"	"201812"	"КАМЫСТИНСКИЙ РАЙОН"	"12101"	"Всего"	"1"	"Всего"	"1"	"Всего"	"1"	"Всего"	"1"	"820"
"Общая площадь введенных в эксплуатацию жилых зданий(Метр квадратный)"	"2021 год"	"202112"	"КАМЫСТИНСКИЙ РАЙОН"	"12101"	"Всего"	"1"	"Всего"	"1"	"Всего"	"1"	"Всего"	"1"	"1 400"
"Общая площадь введенных в эксплуатацию жилых зданий(Метр квадратный)"	"2022 год"	"202212"	"КАМЫСТИНСКИЙ РАЙОН"	"12101"	"Всего"	"1"	"Всего"	"1"	"Всего"	"1"	"Всего"	"1"	"1 431"
"Общая площадь введенных в эксплуатацию жилых зданий(Метр квадратный)"	"2016 год"	"201612"	"КАМЫСТИНСКИЙ РАЙОН"	"12101"	"сельская местность"	"3"	"Всего"	"1"	"Всего"	"1"	"Всего"	"1"	"409"
"Общая площадь введенных в эксплуатацию жилых зданий(Метр квадратный)"	"2020 год"	"202012"	"КАМЫСТИНСКИЙ РАЙОН"	"12101"	"сельская местность"	"3"	"Всего"	"1"	"Всего"	"1"	"Всего"	"1"	"1 123"
"Общая площадь введенных в эксплуатацию жилых зданий(Метр квадратный)"	"2014 год"	"201412"	"КАМЫСТИНСКИЙ РАЙОН"	"12101"	"сельская местность"	"3"	"Всего"	"1"	"Всего"	"1"	"Всего"	"1"	"1 556"
"Общая площадь введенных в эксплуатацию жилых зданий(Метр квадратный)"	"2019 год"	"201912"	"КАМЫСТИНСКИЙ РАЙОН"	"12101"	"сельская местность"	"3"	"Всего"	"1"	"Всего"	"1"	"Всего"	"1"	"901"
"Общая площадь введенных в эксплуатацию жилых зданий(Метр квадратный)"	"2015 год"	"201512"	"КАМЫСТИНСКИЙ РАЙОН"	"12101"	"сельская местность"	"3"	"Всего"	"1"	"Всего"	"1"	"Всего"	"1"	"788"
"Общая площадь введенных в эксплуатацию жилых зданий(Метр квадратный)"	"2017 год"	"201712"	"КАМЫСТИНСКИЙ РАЙОН"	"12101"	"сельская местность"	"3"	"Всего"	"1"	"Всего"	"1"	"Всего"	"1"	"450"
"Общая площадь введенных в эксплуатацию жилых зданий(Метр квадратный)"	"2018 год"	"201812"	"КАМЫСТИНСКИЙ РАЙОН"	"12101"	"сельская местность"	"3"	"Всего"	"1"	"Всего"	"1"	"Всего"	"1"	"820"
"Общая площадь введенных в эксплуатацию жилых зданий(Метр квадратный)"	"2021 год"	"202112"	"КАМЫСТИНСКИЙ РАЙОН"	"12101"	"сельская местность"	"3"	"Всего"	"1"	"Всего"	"1"	"Всего"	"1"	"1 400"
"Общая площадь введенных в эксплуатацию жилых зданий(Метр квадратный)"	"2022 год"	"202212"	"КАМЫСТИНСКИЙ РАЙОН"	"12101"	"сельская местность"	"3"	"Всего"	"1"	"Всего"	"1"	"Всего"	"1"	"1 431"
"Общая площадь введенных в эксплуатацию жилых зданий(Метр квадратный)"	"2016 год"	"201612"	"КАРАБАЛЫКСКИЙ РАЙОН"	"12145"	"Всего"	"1"	"Всего"	"1"	"Всего"	"1"	"Всего"	"1"	"1 574"
"Общая площадь введенных в эксплуатацию жилых зданий(Метр квадратный)"	"2020 год"	"202012"	"КАРАБАЛЫКСКИЙ РАЙОН"	"12145"	"Всего"	"1"	"Всего"	"1"	"Всего"	"1"	"Всего"	"1"	"2 815"
"Общая площадь введенных в эксплуатацию жилых зданий(Метр квадратный)"	"2014 год"	"201412"	"КАРАБАЛЫКСКИЙ РАЙОН"	"12145"	"Всего"	"1"	"Всего"	"1"	"Всего"	"1"	"Всего"	"1"	"3 905"
"Общая площадь введенных в эксплуатацию жилых зданий(Метр квадратный)"	"2019 год"	"201912"	"КАРАБАЛЫКСКИЙ РАЙОН"	"12145"	"Всего"	"1"	"Всего"	"1"	"Всего"	"1"	"Всего"	"1"	"1 912"
"Общая площадь введенных в эксплуатацию жилых зданий(Метр квадратный)"	"2015 год"	"201512"	"КАРАБАЛЫКСКИЙ РАЙОН"	"12145"	"Всего"	"1"	"Всего"	"1"	"Всего"	"1"	"Всего"	"1"	"4 339"
"Общая площадь введенных в эксплуатацию жилых зданий(Метр квадратный)"	"2017 год"	"201712"	"КАРАБАЛЫКСКИЙ РАЙОН"	"12145"	"Всего"	"1"	"Всего"	"1"	"Всего"	"1"	"Всего"	"1"	"1 612"
"Общая площадь введенных в эксплуатацию жилых зданий(Метр квадратный)"	"2018 год"	"201812"	"КАРАБАЛЫКСКИЙ РАЙОН"	"12145"	"Всего"	"1"	"Всего"	"1"	"Всего"	"1"	"Всего"	"1"	"1 814"
"Общая площадь введенных в эксплуатацию жилых зданий(Метр квадратный)"	"2021 год"	"202112"	"КАРАБАЛЫКСКИЙ РАЙОН"	"12145"	"Всего"	"1"	"Всего"	"1"	"Всего"	"1"	"Всего"	"1"	"3 301"
"Общая площадь введенных в эксплуатацию жилых зданий(Метр квадратный)"	"2022 год"	"202212"	"КАРАБАЛЫКСКИЙ РАЙОН"	"12145"	"Всего"	"1"	"Всего"	"1"	"Всего"	"1"	"Всего"	"1"	"3 638"
"Общая площадь введенных в эксплуатацию жилых зданий(Метр квадратный)"	"2016 год"	"201612"	"КАРАБАЛЫКСКИЙ РАЙОН"	"12145"	"сельская местность"	"3"	"Всего"	"1"	"Всего"	"1"	"Всего"	"1"	"1 574"
"Общая площадь введенных в эксплуатацию жилых зданий(Метр квадратный)"	"2020 год"	"202012"	"КАРАБАЛЫКСКИЙ РАЙОН"	"12145"	"сельская местность"	"3"	"Всего"	"1"	"Всего"	"1"	"Всего"	"1"	"2 815"
"Общая площадь введенных в эксплуатацию жилых зданий(Метр квадратный)"	"2014 год"	"201412"	"КАРАБАЛЫКСКИЙ РАЙОН"	"12145"	"сельская местность"	"3"	"Всего"	"1"	"Всего"	"1"	"Всего"	"1"	"3 905"
"Общая площадь введенных в эксплуатацию жилых зданий(Метр квадратный)"	"2019 год"	"201912"	"КАРАБАЛЫКСКИЙ РАЙОН"	"12145"	"сельская местность"	"3"	"Всего"	"1"	"Всего"	"1"	"Всего"	"1"	"1 912"
"Общая площадь введенных в эксплуатацию жилых зданий(Метр квадратный)"	"2015 год"	"201512"	"КАРАБАЛЫКСКИЙ РАЙОН"	"12145"	"сельская местность"	"3"	"Всего"	"1"	"Всего"	"1"	"Всего"	"1"	"4 339"
"Общая площадь введенных в эксплуатацию жилых зданий(Метр квадратный)"	"2017 год"	"201712"	"КАРАБАЛЫКСКИЙ РАЙОН"	"12145"	"сельская местность"	"3"	"Всего"	"1"	"Всего"	"1"	"Всего"	"1"	"1 612"
"Общая площадь введенных в эксплуатацию жилых зданий(Метр квадратный)"	"2018 год"	"201812"	"КАРАБАЛЫКСКИЙ РАЙОН"	"12145"	"сельская местность"	"3"	"Всего"	"1"	"Всего"	"1"	"Всего"	"1"	"1 814"
"Общая площадь введенных в эксплуатацию жилых зданий(Метр квадратный)"	"2021 год"	"202112"	"КАРАБАЛЫКСКИЙ РАЙОН"	"12145"	"сельская местность"	"3"	"Всего"	"1"	"Всего"	"1"	"Всего"	"1"	"3 301"
"Общая площадь введенных в эксплуатацию жилых зданий(Метр квадратный)"	"2022 год"	"202212"	"КАРАБАЛЫКСКИЙ РАЙОН"	"12145"	"сельская местность"	"3"	"Всего"	"1"	"Всего"	"1"	"Всего"	"1"	"3 638"
"Общая площадь введенных в эксплуатацию жилых зданий(Метр квадратный)"	"2016 год"	"201612"	"КАРАСУСКИЙ РАЙОН"	"12227"	"Всего"	"1"	"Всего"	"1"	"Всего"	"1"	"Всего"	"1"	"334"
"Общая площадь введенных в эксплуатацию жилых зданий(Метр квадратный)"	"2020 год"	"202012"	"КАРАСУСКИЙ РАЙОН"	"12227"	"Всего"	"1"	"Всего"	"1"	"Всего"	"1"	"Всего"	"1"	"2 172"
"Общая площадь введенных в эксплуатацию жилых зданий(Метр квадратный)"	"2014 год"	"201412"	"КАРАСУСКИЙ РАЙОН"	"12227"	"Всего"	"1"	"Всего"	"1"	"Всего"	"1"	"Всего"	"1"	"1 633"
"Общая площадь введенных в эксплуатацию жилых зданий(Метр квадратный)"	"2019 год"	"201912"	"КАРАСУСКИЙ РАЙОН"	"12227"	"Всего"	"1"	"Всего"	"1"	"Всего"	"1"	"Всего"	"1"	"1 611"
"Общая площадь введенных в эксплуатацию жилых зданий(Метр квадратный)"	"2015 год"	"201512"	"КАРАСУСКИЙ РАЙОН"	"12227"	"Всего"	"1"	"Всего"	"1"	"Всего"	"1"	"Всего"	"1"	"1 726"
"Общая площадь введенных в эксплуатацию жилых зданий(Метр квадратный)"	"2017 год"	"201712"	"КАРАСУСКИЙ РАЙОН"	"12227"	"Всего"	"1"	"Всего"	"1"	"Всего"	"1"	"Всего"	"1"	"341"
"Общая площадь введенных в эксплуатацию жилых зданий(Метр квадратный)"	"2018 год"	"201812"	"КАРАСУСКИЙ РАЙОН"	"12227"	"Всего"	"1"	"Всего"	"1"	"Всего"	"1"	"Всего"	"1"	"1 542"
"Общая площадь введенных в эксплуатацию жилых зданий(Метр квадратный)"	"2021 год"	"202112"	"КАРАСУСКИЙ РАЙОН"	"12227"	"Всего"	"1"	"Всего"	"1"	"Всего"	"1"	"Всего"	"1"	"2 509"
"Общая площадь введенных в эксплуатацию жилых зданий(Метр квадратный)"	"2022 год"	"202212"	"КАРАСУСКИЙ РАЙОН"	"12227"	"Всего"	"1"	"Всего"	"1"	"Всего"	"1"	"Всего"	"1"	"2 745"
"Общая площадь введенных в эксплуатацию жилых зданий(Метр квадратный)"	"2016 год"	"201612"	"КАРАСУСКИЙ РАЙОН"	"12227"	"сельская местность"	"3"	"Всего"	"1"	"Всего"	"1"	"Всего"	"1"	"334"
"Общая площадь введенных в эксплуатацию жилых зданий(Метр квадратный)"	"2020 год"	"202012"	"КАРАСУСКИЙ РАЙОН"	"12227"	"сельская местность"	"3"	"Всего"	"1"	"Всего"	"1"	"Всего"	"1"	"2 172"
"Общая площадь введенных в эксплуатацию жилых зданий(Метр квадратный)"	"2014 год"	"201412"	"КАРАСУСКИЙ РАЙОН"	"12227"	"сельская местность"	"3"	"Всего"	"1"	"Всего"	"1"	"Всего"	"1"	"1 633"
"Общая площадь введенных в эксплуатацию жилых зданий(Метр квадратный)"	"2019 год"	"201912"	"КАРАСУСКИЙ РАЙОН"	"12227"	"сельская местность"	"3"	"Всего"	"1"	"Всего"	"1"	"Всего"	"1"	"1 611"
"Общая площадь введенных в эксплуатацию жилых зданий(Метр квадратный)"	"2015 год"	"201512"	"КАРАСУСКИЙ РАЙОН"	"12227"	"сельская местность"	"3"	"Всего"	"1"	"Всего"	"1"	"Всего"	"1"	"1 726"
"Общая площадь введенных в эксплуатацию жилых зданий(Метр квадратный)"	"2017 год"	"201712"	"КАРАСУСКИЙ РАЙОН"	"12227"	"сельская местность"	"3"	"Всего"	"1"	"Всего"	"1"	"Всего"	"1"	"341"
"Общая площадь введенных в эксплуатацию жилых зданий(Метр квадратный)"	"2018 год"	"201812"	"КАРАСУСКИЙ РАЙОН"	"12227"	"сельская местность"	"3"	"Всего"	"1"	"Всего"	"1"	"Всего"	"1"	"1 542"
"Общая площадь введенных в эксплуатацию жилых зданий(Метр квадратный)"	"2021 год"	"202112"	"КАРАСУСКИЙ РАЙОН"	"12227"	"сельская местность"	"3"	"Всего"	"1"	"Всего"	"1"	"Всего"	"1"	"2 509"
"Общая площадь введенных в эксплуатацию жилых зданий(Метр квадратный)"	"2022 год"	"202212"	"КАРАСУСКИЙ РАЙОН"	"12227"	"сельская местность"	"3"	"Всего"	"1"	"Всего"	"1"	"Всего"	"1"	"2 745"
"Общая площадь введенных в эксплуатацию жилых зданий(Метр квадратный)"	"2016 год"	"201612"	"КОСТАНАЙСКИЙ РАЙОН"	"12305"	"Всего"	"1"	"Всего"	"1"	"Всего"	"1"	"Всего"	"1"	"24 725"
"Общая площадь введенных в эксплуатацию жилых зданий(Метр квадратный)"	"2020 год"	"202012"	"КОСТАНАЙСКИЙ РАЙОН"	"12305"	"Всего"	"1"	"Всего"	"1"	"Всего"	"1"	"Всего"	"1"	"43 821"
"Общая площадь введенных в эксплуатацию жилых зданий(Метр квадратный)"	"2014 год"	"201412"	"КОСТАНАЙСКИЙ РАЙОН"	"12305"	"Всего"	"1"	"Всего"	"1"	"Всего"	"1"	"Всего"	"1"	"29 775"
"Общая площадь введенных в эксплуатацию жилых зданий(Метр квадратный)"	"2019 год"	"201912"	"КОСТАНАЙСКИЙ РАЙОН"	"12305"	"Всего"	"1"	"Всего"	"1"	"Всего"	"1"	"Всего"	"1"	"42 632"
"Общая площадь введенных в эксплуатацию жилых зданий(Метр квадратный)"	"2015 год"	"201512"	"КОСТАНАЙСКИЙ РАЙОН"	"12305"	"Всего"	"1"	"Всего"	"1"	"Всего"	"1"	"Всего"	"1"	"31 180"
"Общая площадь введенных в эксплуатацию жилых зданий(Метр квадратный)"	"2017 год"	"201712"	"КОСТАНАЙСКИЙ РАЙОН"	"12305"	"Всего"	"1"	"Всего"	"1"	"Всего"	"1"	"Всего"	"1"	"33 975"
"Общая площадь введенных в эксплуатацию жилых зданий(Метр квадратный)"	"2018 год"	"201812"	"КОСТАНАЙСКИЙ РАЙОН"	"12305"	"Всего"	"1"	"Всего"	"1"	"Всего"	"1"	"Всего"	"1"	"38 059"
"Общая площадь введенных в эксплуатацию жилых зданий(Метр квадратный)"	"2021 год"	"202112"	"КОСТАНАЙСКИЙ РАЙОН"	"12305"	"Всего"	"1"	"Всего"	"1"	"Всего"	"1"	"Всего"	"1"	"48 816"
"Общая площадь введенных в эксплуатацию жилых зданий(Метр квадратный)"	"2022 год"	"202212"	"КОСТАНАЙСКИЙ РАЙОН"	"12305"	"Всего"	"1"	"Всего"	"1"	"Всего"	"1"	"Всего"	"1"	"48 008"
"Общая площадь введенных в эксплуатацию жилых зданий(Метр квадратный)"	"2020 год"	"202012"	"КОСТАНАЙСКИЙ РАЙОН"	"12305"	"городская местность"	"2"	"Всего"	"1"	"Всего"	"1"	"Всего"	"1"	"16 738"
"Общая площадь введенных в эксплуатацию жилых зданий(Метр квадратный)"	"2021 год"	"202112"	"КОСТАНАЙСКИЙ РАЙОН"	"12305"	"городская местность"	"2"	"Всего"	"1"	"Всего"	"1"	"Всего"	"1"	"18 383"
"Общая площадь введенных в эксплуатацию жилых зданий(Метр квадратный)"	"2022 год"	"202212"	"КОСТАНАЙСКИЙ РАЙОН"	"12305"	"городская местность"	"2"	"Всего"	"1"	"Всего"	"1"	"Всего"	"1"	"14 850"
"Общая площадь введенных в эксплуатацию жилых зданий(Метр квадратный)"	"2016 год"	"201612"	"КОСТАНАЙСКИЙ РАЙОН"	"12305"	"сельская местность"	"3"	"Всего"	"1"	"Всего"	"1"	"Всего"	"1"	"24 725"
"Общая площадь введенных в эксплуатацию жилых зданий(Метр квадратный)"	"2020 год"	"202012"	"КОСТАНАЙСКИЙ РАЙОН"	"12305"	"сельская местность"	"3"	"Всего"	"1"	"Всего"	"1"	"Всего"	"1"	"27 083"
"Общая площадь введенных в эксплуатацию жилых зданий(Метр квадратный)"	"2014 год"	"201412"	"КОСТАНАЙСКИЙ РАЙОН"	"12305"	"сельская местность"	"3"	"Всего"	"1"	"Всего"	"1"	"Всего"	"1"	"29 775"
"Общая площадь введенных в эксплуатацию жилых зданий(Метр квадратный)"	"2019 год"	"201912"	"КОСТАНАЙСКИЙ РАЙОН"	"12305"	"сельская местность"	"3"	"Всего"	"1"	"Всего"	"1"	"Всего"	"1"	"42 632"
"Общая площадь введенных в эксплуатацию жилых зданий(Метр квадратный)"	"2015 год"	"201512"	"КОСТАНАЙСКИЙ РАЙОН"	"12305"	"сельская местность"	"3"	"Всего"	"1"	"Всего"	"1"	"Всего"	"1"	"31 180"
"Общая площадь введенных в эксплуатацию жилых зданий(Метр квадратный)"	"2017 год"	"201712"	"КОСТАНАЙСКИЙ РАЙОН"	"12305"	"сельская местность"	"3"	"Всего"	"1"	"Всего"	"1"	"Всего"	"1"	"33 975"
"Общая площадь введенных в эксплуатацию жилых зданий(Метр квадратный)"	"2018 год"	"201812"	"КОСТАНАЙСКИЙ РАЙОН"	"12305"	"сельская местность"	"3"	"Всего"	"1"	"Всего"	"1"	"Всего"	"1"	"38 059"
"Общая площадь введенных в эксплуатацию жилых зданий(Метр квадратный)"	"2021 год"	"202112"	"КОСТАНАЙСКИЙ РАЙОН"	"12305"	"сельская местность"	"3"	"Всего"	"1"	"Всего"	"1"	"Всего"	"1"	"30 433"
"Общая площадь введенных в эксплуатацию жилых зданий(Метр квадратный)"	"2022 год"	"202212"	"КОСТАНАЙСКИЙ РАЙОН"	"12305"	"сельская местность"	"3"	"Всего"	"1"	"Всего"	"1"	"Всего"	"1"	"33 158"
"Общая площадь введенных в эксплуатацию жилых зданий(Метр квадратный)"	"2016 год"	"201612"	"МЕНДЫКАРИНСКИЙ РАЙОН"	"12397"	"Всего"	"1"	"Всего"	"1"	"Всего"	"1"	"Всего"	"1"	"724"
"Общая площадь введенных в эксплуатацию жилых зданий(Метр квадратный)"	"2020 год"	"202012"	"МЕНДЫКАРИНСКИЙ РАЙОН"	"12397"	"Всего"	"1"	"Всего"	"1"	"Всего"	"1"	"Всего"	"1"	"3 367"
"Общая площадь введенных в эксплуатацию жилых зданий(Метр квадратный)"	"2014 год"	"201412"	"МЕНДЫКАРИНСКИЙ РАЙОН"	"12397"	"Всего"	"1"	"Всего"	"1"	"Всего"	"1"	"Всего"	"1"	"2 306"
"Общая площадь введенных в эксплуатацию жилых зданий(Метр квадратный)"	"2019 год"	"201912"	"МЕНДЫКАРИНСКИЙ РАЙОН"	"12397"	"Всего"	"1"	"Всего"	"1"	"Всего"	"1"	"Всего"	"1"	"1 294"
"Общая площадь введенных в эксплуатацию жилых зданий(Метр квадратный)"	"2015 год"	"201512"	"МЕНДЫКАРИНСКИЙ РАЙОН"	"12397"	"Всего"	"1"	"Всего"	"1"	"Всего"	"1"	"Всего"	"1"	"2 360"
"Общая площадь введенных в эксплуатацию жилых зданий(Метр квадратный)"	"2017 год"	"201712"	"МЕНДЫКАРИНСКИЙ РАЙОН"	"12397"	"Всего"	"1"	"Всего"	"1"	"Всего"	"1"	"Всего"	"1"	"802"
"Общая площадь введенных в эксплуатацию жилых зданий(Метр квадратный)"	"2018 год"	"201812"	"МЕНДЫКАРИНСКИЙ РАЙОН"	"12397"	"Всего"	"1"	"Всего"	"1"	"Всего"	"1"	"Всего"	"1"	"1 289"
"Общая площадь введенных в эксплуатацию жилых зданий(Метр квадратный)"	"2021 год"	"202112"	"МЕНДЫКАРИНСКИЙ РАЙОН"	"12397"	"Всего"	"1"	"Всего"	"1"	"Всего"	"1"	"Всего"	"1"	"2 580"
"Общая площадь введенных в эксплуатацию жилых зданий(Метр квадратный)"	"2022 год"	"202212"	"МЕНДЫКАРИНСКИЙ РАЙОН"	"12397"	"Всего"	"1"	"Всего"	"1"	"Всего"	"1"	"Всего"	"1"	"2 594"
"Общая площадь введенных в эксплуатацию жилых зданий(Метр квадратный)"	"2016 год"	"201612"	"МЕНДЫКАРИНСКИЙ РАЙОН"	"12397"	"сельская местность"	"3"	"Всего"	"1"	"Всего"	"1"	"Всего"	"1"	"724"
"Общая площадь введенных в эксплуатацию жилых зданий(Метр квадратный)"	"2020 год"	"202012"	"МЕНДЫКАРИНСКИЙ РАЙОН"	"12397"	"сельская местность"	"3"	"Всего"	"1"	"Всего"	"1"	"Всего"	"1"	"3 367"
"Общая площадь введенных в эксплуатацию жилых зданий(Метр квадратный)"	"2014 год"	"201412"	"МЕНДЫКАРИНСКИЙ РАЙОН"	"12397"	"сельская местность"	"3"	"Всего"	"1"	"Всего"	"1"	"Всего"	"1"	"2 306"
"Общая площадь введенных в эксплуатацию жилых зданий(Метр квадратный)"	"2019 год"	"201912"	"МЕНДЫКАРИНСКИЙ РАЙОН"	"12397"	"сельская местность"	"3"	"Всего"	"1"	"Всего"	"1"	"Всего"	"1"	"1 294"
"Общая площадь введенных в эксплуатацию жилых зданий(Метр квадратный)"	"2015 год"	"201512"	"МЕНДЫКАРИНСКИЙ РАЙОН"	"12397"	"сельская местность"	"3"	"Всего"	"1"	"Всего"	"1"	"Всего"	"1"	"2 360"
"Общая площадь введенных в эксплуатацию жилых зданий(Метр квадратный)"	"2017 год"	"201712"	"МЕНДЫКАРИНСКИЙ РАЙОН"	"12397"	"сельская местность"	"3"	"Всего"	"1"	"Всего"	"1"	"Всего"	"1"	"802"
"Общая площадь введенных в эксплуатацию жилых зданий(Метр квадратный)"	"2018 год"	"201812"	"МЕНДЫКАРИНСКИЙ РАЙОН"	"12397"	"сельская местность"	"3"	"Всего"	"1"	"Всего"	"1"	"Всего"	"1"	"1 289"
"Общая площадь введенных в эксплуатацию жилых зданий(Метр квадратный)"	"2021 год"	"202112"	"МЕНДЫКАРИНСКИЙ РАЙОН"	"12397"	"сельская местность"	"3"	"Всего"	"1"	"Всего"	"1"	"Всего"	"1"	"2 580"
"Общая площадь введенных в эксплуатацию жилых зданий(Метр квадратный)"	"2022 год"	"202212"	"МЕНДЫКАРИНСКИЙ РАЙОН"	"12397"	"сельская местность"	"3"	"Всего"	"1"	"Всего"	"1"	"Всего"	"1"	"2 594"
"Общая площадь введенных в эксплуатацию жилых зданий(Метр квадратный)"	"2016 год"	"201612"	"НАУРЗУМСКИЙ РАЙОН"	"12481"	"Всего"	"1"	"Всего"	"1"	"Всего"	"1"	"Всего"	"1"	"304"
"Общая площадь введенных в эксплуатацию жилых зданий(Метр квадратный)"	"2020 год"	"202012"	"НАУРЗУМСКИЙ РАЙОН"	"12481"	"Всего"	"1"	"Всего"	"1"	"Всего"	"1"	"Всего"	"1"	"2 499"
"Общая площадь введенных в эксплуатацию жилых зданий(Метр квадратный)"	"2014 год"	"201412"	"НАУРЗУМСКИЙ РАЙОН"	"12481"	"Всего"	"1"	"Всего"	"1"	"Всего"	"1"	"Всего"	"1"	"13"
"Общая площадь введенных в эксплуатацию жилых зданий(Метр квадратный)"	"2019 год"	"201912"	"НАУРЗУМСКИЙ РАЙОН"	"12481"	"Всего"	"1"	"Всего"	"1"	"Всего"	"1"	"Всего"	"1"	"419"
"Общая площадь введенных в эксплуатацию жилых зданий(Метр квадратный)"	"2015 год"	"201512"	"НАУРЗУМСКИЙ РАЙОН"	"12481"	"Всего"	"1"	"Всего"	"1"	"Всего"	"1"	"Всего"	"1"	"103"
"Общая площадь введенных в эксплуатацию жилых зданий(Метр квадратный)"	"2017 год"	"201712"	"НАУРЗУМСКИЙ РАЙОН"	"12481"	"Всего"	"1"	"Всего"	"1"	"Всего"	"1"	"Всего"	"1"	"353"
"Общая площадь введенных в эксплуатацию жилых зданий(Метр квадратный)"	"2018 год"	"201812"	"НАУРЗУМСКИЙ РАЙОН"	"12481"	"Всего"	"1"	"Всего"	"1"	"Всего"	"1"	"Всего"	"1"	"398"
"Общая площадь введенных в эксплуатацию жилых зданий(Метр квадратный)"	"2021 год"	"202112"	"НАУРЗУМСКИЙ РАЙОН"	"12481"	"Всего"	"1"	"Всего"	"1"	"Всего"	"1"	"Всего"	"1"	"1 516"
"Общая площадь введенных в эксплуатацию жилых зданий(Метр квадратный)"	"2022 год"	"202212"	"НАУРЗУМСКИЙ РАЙОН"	"12481"	"Всего"	"1"	"Всего"	"1"	"Всего"	"1"	"Всего"	"1"	"1 588"
"Общая площадь введенных в эксплуатацию жилых зданий(Метр квадратный)"	"2016 год"	"201612"	"НАУРЗУМСКИЙ РАЙОН"	"12481"	"сельская местность"	"3"	"Всего"	"1"	"Всего"	"1"	"Всего"	"1"	"304"
"Общая площадь введенных в эксплуатацию жилых зданий(Метр квадратный)"	"2020 год"	"202012"	"НАУРЗУМСКИЙ РАЙОН"	"12481"	"сельская местность"	"3"	"Всего"	"1"	"Всего"	"1"	"Всего"	"1"	"2 499"
"Общая площадь введенных в эксплуатацию жилых зданий(Метр квадратный)"	"2014 год"	"201412"	"НАУРЗУМСКИЙ РАЙОН"	"12481"	"сельская местность"	"3"	"Всего"	"1"	"Всего"	"1"	"Всего"	"1"	"13"
"Общая площадь введенных в эксплуатацию жилых зданий(Метр квадратный)"	"2019 год"	"201912"	"НАУРЗУМСКИЙ РАЙОН"	"12481"	"сельская местность"	"3"	"Всего"	"1"	"Всего"	"1"	"Всего"	"1"	"419"
"Общая площадь введенных в эксплуатацию жилых зданий(Метр квадратный)"	"2015 год"	"201512"	"НАУРЗУМСКИЙ РАЙОН"	"12481"	"сельская местность"	"3"	"Всего"	"1"	"Всего"	"1"	"Всего"	"1"	"103"
"Общая площадь введенных в эксплуатацию жилых зданий(Метр квадратный)"	"2017 год"	"201712"	"НАУРЗУМСКИЙ РАЙОН"	"12481"	"сельская местность"	"3"	"Всего"	"1"	"Всего"	"1"	"Всего"	"1"	"353"
"Общая площадь введенных в эксплуатацию жилых зданий(Метр квадратный)"	"2018 год"	"201812"	"НАУРЗУМСКИЙ РАЙОН"	"12481"	"сельская местность"	"3"	"Всего"	"1"	"Всего"	"1"	"Всего"	"1"	"398"
"Общая площадь введенных в эксплуатацию жилых зданий(Метр квадратный)"	"2021 год"	"202112"	"НАУРЗУМСКИЙ РАЙОН"	"12481"	"сельская местность"	"3"	"Всего"	"1"	"Всего"	"1"	"Всего"	"1"	"1 516"
"Общая площадь введенных в эксплуатацию жилых зданий(Метр квадратный)"	"2022 год"	"202212"	"НАУРЗУМСКИЙ РАЙОН"	"12481"	"сельская местность"	"3"	"Всего"	"1"	"Всего"	"1"	"Всего"	"1"	"1 588"
"Общая площадь введенных в эксплуатацию жилых зданий(Метр квадратный)"	"2016 год"	"201612"	"САРЫКОЛЬСКИЙ РАЙОН"	"12568"	"Всего"	"1"	"Всего"	"1"	"Всего"	"1"	"Всего"	"1"	"1 336"
"Общая площадь введенных в эксплуатацию жилых зданий(Метр квадратный)"	"2020 год"	"202012"	"САРЫКОЛЬСКИЙ РАЙОН"	"12568"	"Всего"	"1"	"Всего"	"1"	"Всего"	"1"	"Всего"	"1"	"1 991"
"Общая площадь введенных в эксплуатацию жилых зданий(Метр квадратный)"	"2014 год"	"201412"	"САРЫКОЛЬСКИЙ РАЙОН"	"12568"	"Всего"	"1"	"Всего"	"1"	"Всего"	"1"	"Всего"	"1"	"1 332"
"Общая площадь введенных в эксплуатацию жилых зданий(Метр квадратный)"	"2019 год"	"201912"	"САРЫКОЛЬСКИЙ РАЙОН"	"12568"	"Всего"	"1"	"Всего"	"1"	"Всего"	"1"	"Всего"	"1"	"1 402"
"Общая площадь введенных в эксплуатацию жилых зданий(Метр квадратный)"	"2015 год"	"201512"	"САРЫКОЛЬСКИЙ РАЙОН"	"12568"	"Всего"	"1"	"Всего"	"1"	"Всего"	"1"	"Всего"	"1"	"1 334"
"Общая площадь введенных в эксплуатацию жилых зданий(Метр квадратный)"	"2017 год"	"201712"	"САРЫКОЛЬСКИЙ РАЙОН"	"12568"	"Всего"	"1"	"Всего"	"1"	"Всего"	"1"	"Всего"	"1"	"1 342"
"Общая площадь введенных в эксплуатацию жилых зданий(Метр квадратный)"	"2018 год"	"201812"	"САРЫКОЛЬСКИЙ РАЙОН"	"12568"	"Всего"	"1"	"Всего"	"1"	"Всего"	"1"	"Всего"	"1"	"1 346"
"Общая площадь введенных в эксплуатацию жилых зданий(Метр квадратный)"	"2021 год"	"202112"	"САРЫКОЛЬСКИЙ РАЙОН"	"12568"	"Всего"	"1"	"Всего"	"1"	"Всего"	"1"	"Всего"	"1"	"1 999"
"Общая площадь введенных в эксплуатацию жилых зданий(Метр квадратный)"	"2022 год"	"202212"	"САРЫКОЛЬСКИЙ РАЙОН"	"12568"	"Всего"	"1"	"Всего"	"1"	"Всего"	"1"	"Всего"	"1"	"2 002"
"Общая площадь введенных в эксплуатацию жилых зданий(Метр квадратный)"	"2016 год"	"201612"	"САРЫКОЛЬСКИЙ РАЙОН"	"12568"	"сельская местность"	"3"	"Всего"	"1"	"Всего"	"1"	"Всего"	"1"	"1 336"
"Общая площадь введенных в эксплуатацию жилых зданий(Метр квадратный)"	"2020 год"	"202012"	"САРЫКОЛЬСКИЙ РАЙОН"	"12568"	"сельская местность"	"3"	"Всего"	"1"	"Всего"	"1"	"Всего"	"1"	"1 991"
"Общая площадь введенных в эксплуатацию жилых зданий(Метр квадратный)"	"2014 год"	"201412"	"САРЫКОЛЬСКИЙ РАЙОН"	"12568"	"сельская местность"	"3"	"Всего"	"1"	"Всего"	"1"	"Всего"	"1"	"1 332"
"Общая площадь введенных в эксплуатацию жилых зданий(Метр квадратный)"	"2019 год"	"201912"	"САРЫКОЛЬСКИЙ РАЙОН"	"12568"	"сельская местность"	"3"	"Всего"	"1"	"Всего"	"1"	"Всего"	"1"	"1 402"
"Общая площадь введенных в эксплуатацию жилых зданий(Метр квадратный)"	"2015 год"	"201512"	"САРЫКОЛЬСКИЙ РАЙОН"	"12568"	"сельская местность"	"3"	"Всего"	"1"	"Всего"	"1"	"Всего"	"1"	"1 334"
"Общая площадь введенных в эксплуатацию жилых зданий(Метр квадратный)"	"2017 год"	"201712"	"САРЫКОЛЬСКИЙ РАЙОН"	"12568"	"сельская местность"	"3"	"Всего"	"1"	"Всего"	"1"	"Всего"	"1"	"1 342"
"Общая площадь введенных в эксплуатацию жилых зданий(Метр квадратный)"	"2018 год"	"201812"	"САРЫКОЛЬСКИЙ РАЙОН"	"12568"	"сельская местность"	"3"	"Всего"	"1"	"Всего"	"1"	"Всего"	"1"	"1 346"
"Общая площадь введенных в эксплуатацию жилых зданий(Метр квадратный)"	"2021 год"	"202112"	"САРЫКОЛЬСКИЙ РАЙОН"	"12568"	"сельская местность"	"3"	"Всего"	"1"	"Всего"	"1"	"Всего"	"1"	"1 999"
"Общая площадь введенных в эксплуатацию жилых зданий(Метр квадратный)"	"2022 год"	"202212"	"САРЫКОЛЬСКИЙ РАЙОН"	"12568"	"сельская местность"	"3"	"Всего"	"1"	"Всего"	"1"	"Всего"	"1"	"2 002"
"Общая площадь введенных в эксплуатацию жилых зданий(Метр квадратный)"	"2016 год"	"201612"	"РАЙОН БЕИМБЕТА МАЙЛИНА"	"12628"	"Всего"	"1"	"Всего"	"1"	"Всего"	"1"	"Всего"	"1"	"845"
"Общая площадь введенных в эксплуатацию жилых зданий(Метр квадратный)"	"2020 год"	"202012"	"РАЙОН БЕИМБЕТА МАЙЛИНА"	"12628"	"Всего"	"1"	"Всего"	"1"	"Всего"	"1"	"Всего"	"1"	"1 740"
"Общая площадь введенных в эксплуатацию жилых зданий(Метр квадратный)"	"2014 год"	"201412"	"РАЙОН БЕИМБЕТА МАЙЛИНА"	"12628"	"Всего"	"1"	"Всего"	"1"	"Всего"	"1"	"Всего"	"1"	"1 117"
"Общая площадь введенных в эксплуатацию жилых зданий(Метр квадратный)"	"2019 год"	"201912"	"РАЙОН БЕИМБЕТА МАЙЛИНА"	"12628"	"Всего"	"1"	"Всего"	"1"	"Всего"	"1"	"Всего"	"1"	"1 397"
"Общая площадь введенных в эксплуатацию жилых зданий(Метр квадратный)"	"2015 год"	"201512"	"РАЙОН БЕИМБЕТА МАЙЛИНА"	"12628"	"Всего"	"1"	"Всего"	"1"	"Всего"	"1"	"Всего"	"1"	"2 326"
"Общая площадь введенных в эксплуатацию жилых зданий(Метр квадратный)"	"2017 год"	"201712"	"РАЙОН БЕИМБЕТА МАЙЛИНА"	"12628"	"Всего"	"1"	"Всего"	"1"	"Всего"	"1"	"Всего"	"1"	"1 004"
"Общая площадь введенных в эксплуатацию жилых зданий(Метр квадратный)"	"2018 год"	"201812"	"РАЙОН БЕИМБЕТА МАЙЛИНА"	"12628"	"Всего"	"1"	"Всего"	"1"	"Всего"	"1"	"Всего"	"1"	"1 193"
"Общая площадь введенных в эксплуатацию жилых зданий(Метр квадратный)"	"2021 год"	"202112"	"РАЙОН БЕИМБЕТА МАЙЛИНА"	"12628"	"Всего"	"1"	"Всего"	"1"	"Всего"	"1"	"Всего"	"1"	"2 081"
"Общая площадь введенных в эксплуатацию жилых зданий(Метр квадратный)"	"2022 год"	"202212"	"РАЙОН БЕИМБЕТА МАЙЛИНА"	"12628"	"Всего"	"1"	"Всего"	"1"	"Всего"	"1"	"Всего"	"1"	"2 177"
"Общая площадь введенных в эксплуатацию жилых зданий(Метр квадратный)"	"2016 год"	"201612"	"РАЙОН БЕИМБЕТА МАЙЛИНА"	"12628"	"сельская местность"	"3"	"Всего"	"1"	"Всего"	"1"	"Всего"	"1"	"845"
"Общая площадь введенных в эксплуатацию жилых зданий(Метр квадратный)"	"2020 год"	"202012"	"РАЙОН БЕИМБЕТА МАЙЛИНА"	"12628"	"сельская местность"	"3"	"Всего"	"1"	"Всего"	"1"	"Всего"	"1"	"1 740"
"Общая площадь введенных в эксплуатацию жилых зданий(Метр квадратный)"	"2014 год"	"201412"	"РАЙОН БЕИМБЕТА МАЙЛИНА"	"12628"	"сельская местность"	"3"	"Всего"	"1"	"Всего"	"1"	"Всего"	"1"	"1 117"
"Общая площадь введенных в эксплуатацию жилых зданий(Метр квадратный)"	"2019 год"	"201912"	"РАЙОН БЕИМБЕТА МАЙЛИНА"	"12628"	"сельская местность"	"3"	"Всего"	"1"	"Всего"	"1"	"Всего"	"1"	"1 397"
"Общая площадь введенных в эксплуатацию жилых зданий(Метр квадратный)"	"2015 год"	"201512"	"РАЙОН БЕИМБЕТА МАЙЛИНА"	"12628"	"сельская местность"	"3"	"Всего"	"1"	"Всего"	"1"	"Всего"	"1"	"2 326"
"Общая площадь введенных в эксплуатацию жилых зданий(Метр квадратный)"	"2017 год"	"201712"	"РАЙОН БЕИМБЕТА МАЙЛИНА"	"12628"	"сельская местность"	"3"	"Всего"	"1"	"Всего"	"1"	"Всего"	"1"	"1 004"
"Общая площадь введенных в эксплуатацию жилых зданий(Метр квадратный)"	"2018 год"	"201812"	"РАЙОН БЕИМБЕТА МАЙЛИНА"	"12628"	"сельская местность"	"3"	"Всего"	"1"	"Всего"	"1"	"Всего"	"1"	"1 193"
"Общая площадь введенных в эксплуатацию жилых зданий(Метр квадратный)"	"2021 год"	"202112"	"РАЙОН БЕИМБЕТА МАЙЛИНА"	"12628"	"сельская местность"	"3"	"Всего"	"1"	"Всего"	"1"	"Всего"	"1"	"2 081"
"Общая площадь введенных в эксплуатацию жилых зданий(Метр квадратный)"	"2022 год"	"202212"	"РАЙОН БЕИМБЕТА МАЙЛИНА"	"12628"	"сельская местность"	"3"	"Всего"	"1"	"Всего"	"1"	"Всего"	"1"	"2 177"
"Общая площадь введенных в эксплуатацию жилых зданий(Метр квадратный)"	"2016 год"	"201612"	"УЗУНКОЛЬСКИЙ РАЙОН"	"12694"	"Всего"	"1"	"Всего"	"1"	"Всего"	"1"	"Всего"	"1"	"263"
"Общая площадь введенных в эксплуатацию жилых зданий(Метр квадратный)"	"2020 год"	"202012"	"УЗУНКОЛЬСКИЙ РАЙОН"	"12694"	"Всего"	"1"	"Всего"	"1"	"Всего"	"1"	"Всего"	"1"	"1 160"
"Общая площадь введенных в эксплуатацию жилых зданий(Метр квадратный)"	"2014 год"	"201412"	"УЗУНКОЛЬСКИЙ РАЙОН"	"12694"	"Всего"	"1"	"Всего"	"1"	"Всего"	"1"	"Всего"	"1"	"214"
"Общая площадь введенных в эксплуатацию жилых зданий(Метр квадратный)"	"2019 год"	"201912"	"УЗУНКОЛЬСКИЙ РАЙОН"	"12694"	"Всего"	"1"	"Всего"	"1"	"Всего"	"1"	"Всего"	"1"	"433"
"Общая площадь введенных в эксплуатацию жилых зданий(Метр квадратный)"	"2015 год"	"201512"	"УЗУНКОЛЬСКИЙ РАЙОН"	"12694"	"Всего"	"1"	"Всего"	"1"	"Всего"	"1"	"Всего"	"1"	"231"
"Общая площадь введенных в эксплуатацию жилых зданий(Метр квадратный)"	"2017 год"	"201712"	"УЗУНКОЛЬСКИЙ РАЙОН"	"12694"	"Всего"	"1"	"Всего"	"1"	"Всего"	"1"	"Всего"	"1"	"285"
"Общая площадь введенных в эксплуатацию жилых зданий(Метр квадратный)"	"2018 год"	"201812"	"УЗУНКОЛЬСКИЙ РАЙОН"	"12694"	"Всего"	"1"	"Всего"	"1"	"Всего"	"1"	"Всего"	"1"	"321"
"Общая площадь введенных в эксплуатацию жилых зданий(Метр квадратный)"	"2021 год"	"202112"	"УЗУНКОЛЬСКИЙ РАЙОН"	"12694"	"Всего"	"1"	"Всего"	"1"	"Всего"	"1"	"Всего"	"1"	"2 110"
"Общая площадь введенных в эксплуатацию жилых зданий(Метр квадратный)"	"2022 год"	"202212"	"УЗУНКОЛЬСКИЙ РАЙОН"	"12694"	"Всего"	"1"	"Всего"	"1"	"Всего"	"1"	"Всего"	"1"	"2 360"
"Общая площадь введенных в эксплуатацию жилых зданий(Метр квадратный)"	"2016 год"	"201612"	"УЗУНКОЛЬСКИЙ РАЙОН"	"12694"	"сельская местность"	"3"	"Всего"	"1"	"Всего"	"1"	"Всего"	"1"	"263"
"Общая площадь введенных в эксплуатацию жилых зданий(Метр квадратный)"	"2020 год"	"202012"	"УЗУНКОЛЬСКИЙ РАЙОН"	"12694"	"сельская местность"	"3"	"Всего"	"1"	"Всего"	"1"	"Всего"	"1"	"1 160"
"Общая площадь введенных в эксплуатацию жилых зданий(Метр квадратный)"	"2014 год"	"201412"	"УЗУНКОЛЬСКИЙ РАЙОН"	"12694"	"сельская местность"	"3"	"Всего"	"1"	"Всего"	"1"	"Всего"	"1"	"214"
"Общая площадь введенных в эксплуатацию жилых зданий(Метр квадратный)"	"2019 год"	"201912"	"УЗУНКОЛЬСКИЙ РАЙОН"	"12694"	"сельская местность"	"3"	"Всего"	"1"	"Всего"	"1"	"Всего"	"1"	"433"
"Общая площадь введенных в эксплуатацию жилых зданий(Метр квадратный)"	"2015 год"	"201512"	"УЗУНКОЛЬСКИЙ РАЙОН"	"12694"	"сельская местность"	"3"	"Всего"	"1"	"Всего"	"1"	"Всего"	"1"	"231"
"Общая площадь введенных в эксплуатацию жилых зданий(Метр квадратный)"	"2017 год"	"201712"	"УЗУНКОЛЬСКИЙ РАЙОН"	"12694"	"сельская местность"	"3"	"Всего"	"1"	"Всего"	"1"	"Всего"	"1"	"285"
"Общая площадь введенных в эксплуатацию жилых зданий(Метр квадратный)"	"2018 год"	"201812"	"УЗУНКОЛЬСКИЙ РАЙОН"	"12694"	"сельская местность"	"3"	"Всего"	"1"	"Всего"	"1"	"Всего"	"1"	"321"
"Общая площадь введенных в эксплуатацию жилых зданий(Метр квадратный)"	"2021 год"	"202112"	"УЗУНКОЛЬСКИЙ РАЙОН"	"12694"	"сельская местность"	"3"	"Всего"	"1"	"Всего"	"1"	"Всего"	"1"	"2 110"
"Общая площадь введенных в эксплуатацию жилых зданий(Метр квадратный)"	"2022 год"	"202212"	"УЗУНКОЛЬСКИЙ РАЙОН"	"12694"	"сельская местность"	"3"	"Всего"	"1"	"Всего"	"1"	"Всего"	"1"	"2 360"
"Общая площадь введенных в эксплуатацию жилых зданий(Метр квадратный)"	"2016 год"	"201612"	"ФЕДОРОВСКИЙ РАЙОН"	"12770"	"Всего"	"1"	"Всего"	"1"	"Всего"	"1"	"Всего"	"1"	"854"
"Общая площадь введенных в эксплуатацию жилых зданий(Метр квадратный)"	"2020 год"	"202012"	"ФЕДОРОВСКИЙ РАЙОН"	"12770"	"Всего"	"1"	"Всего"	"1"	"Всего"	"1"	"Всего"	"1"	"3 407"
"Общая площадь введенных в эксплуатацию жилых зданий(Метр квадратный)"	"2014 год"	"201412"	"ФЕДОРОВСКИЙ РАЙОН"	"12770"	"Всего"	"1"	"Всего"	"1"	"Всего"	"1"	"Всего"	"1"	"1 258"
"Общая площадь введенных в эксплуатацию жилых зданий(Метр квадратный)"	"2019 год"	"201912"	"ФЕДОРОВСКИЙ РАЙОН"	"12770"	"Всего"	"1"	"Всего"	"1"	"Всего"	"1"	"Всего"	"1"	"1 391"
"Общая площадь введенных в эксплуатацию жилых зданий(Метр квадратный)"	"2015 год"	"201512"	"ФЕДОРОВСКИЙ РАЙОН"	"12770"	"Всего"	"1"	"Всего"	"1"	"Всего"	"1"	"Всего"	"1"	"1 351"
"Общая площадь введенных в эксплуатацию жилых зданий(Метр квадратный)"	"2017 год"	"201712"	"ФЕДОРОВСКИЙ РАЙОН"	"12770"	"Всего"	"1"	"Всего"	"1"	"Всего"	"1"	"Всего"	"1"	"958"
"Общая площадь введенных в эксплуатацию жилых зданий(Метр квадратный)"	"2018 год"	"201812"	"ФЕДОРОВСКИЙ РАЙОН"	"12770"	"Всего"	"1"	"Всего"	"1"	"Всего"	"1"	"Всего"	"1"	"1 200"
"Общая площадь введенных в эксплуатацию жилых зданий(Метр квадратный)"	"2021 год"	"202112"	"ФЕДОРОВСКИЙ РАЙОН"	"12770"	"Всего"	"1"	"Всего"	"1"	"Всего"	"1"	"Всего"	"1"	"3 833"
"Общая площадь введенных в эксплуатацию жилых зданий(Метр квадратный)"	"2022 год"	"202212"	"ФЕДОРОВСКИЙ РАЙОН"	"12770"	"Всего"	"1"	"Всего"	"1"	"Всего"	"1"	"Всего"	"1"	"3 559"
"Общая площадь введенных в эксплуатацию жилых зданий(Метр квадратный)"	"2016 год"	"201612"	"ФЕДОРОВСКИЙ РАЙОН"	"12770"	"сельская местность"	"3"	"Всего"	"1"	"Всего"	"1"	"Всего"	"1"	"854"
"Общая площадь введенных в эксплуатацию жилых зданий(Метр квадратный)"	"2020 год"	"202012"	"ФЕДОРОВСКИЙ РАЙОН"	"12770"	"сельская местность"	"3"	"Всего"	"1"	"Всего"	"1"	"Всего"	"1"	"3 407"
"Общая площадь введенных в эксплуатацию жилых зданий(Метр квадратный)"	"2014 год"	"201412"	"ФЕДОРОВСКИЙ РАЙОН"	"12770"	"сельская местность"	"3"	"Всего"	"1"	"Всего"	"1"	"Всего"	"1"	"1 258"
"Общая площадь введенных в эксплуатацию жилых зданий(Метр квадратный)"	"2019 год"	"201912"	"ФЕДОРОВСКИЙ РАЙОН"	"12770"	"сельская местность"	"3"	"Всего"	"1"	"Всего"	"1"	"Всего"	"1"	"1 391"
"Общая площадь введенных в эксплуатацию жилых зданий(Метр квадратный)"	"2015 год"	"201512"	"ФЕДОРОВСКИЙ РАЙОН"	"12770"	"сельская местность"	"3"	"Всего"	"1"	"Всего"	"1"	"Всего"	"1"	"1 351"
"Общая площадь введенных в эксплуатацию жилых зданий(Метр квадратный)"	"2017 год"	"201712"	"ФЕДОРОВСКИЙ РАЙОН"	"12770"	"сельская местность"	"3"	"Всего"	"1"	"Всего"	"1"	"Всего"	"1"	"958"
"Общая площадь введенных в эксплуатацию жилых зданий(Метр квадратный)"	"2018 год"	"201812"	"ФЕДОРОВСКИЙ РАЙОН"	"12770"	"сельская местность"	"3"	"Всего"	"1"	"Всего"	"1"	"Всего"	"1"	"1 200"
"Общая площадь введенных в эксплуатацию жилых зданий(Метр квадратный)"	"2021 год"	"202112"	"ФЕДОРОВСКИЙ РАЙОН"	"12770"	"сельская местность"	"3"	"Всего"	"1"	"Всего"	"1"	"Всего"	"1"	"3 833"
"Общая площадь введенных в эксплуатацию жилых зданий(Метр квадратный)"	"2022 год"	"202212"	"ФЕДОРОВСКИЙ РАЙОН"	"12770"	"сельская местность"	"3"	"Всего"	"1"	"Всего"	"1"	"Всего"	"1"	"3 559"
"Общая площадь введенных в эксплуатацию жилых зданий(Метр квадратный)"	"2016 год"	"201612"	"КЫЗЫЛОРДИНСКАЯ ОБЛАСТЬ"	"12853"	"Всего"	"1"	"Всего"	"1"	"Всего"	"1"	"Всего"	"1"	"543 696"
"Общая площадь введенных в эксплуатацию жилых зданий(Метр квадратный)"	"2020 год"	"202012"	"КЫЗЫЛОРДИНСКАЯ ОБЛАСТЬ"	"12853"	"Всего"	"1"	"Всего"	"1"	"Всего"	"1"	"Всего"	"1"	"608 917"
"Общая площадь введенных в эксплуатацию жилых зданий(Метр квадратный)"	"2014 год"	"201412"	"КЫЗЫЛОРДИНСКАЯ ОБЛАСТЬ"	"12853"	"Всего"	"1"	"Всего"	"1"	"Всего"	"1"	"Всего"	"1"	"293 718"
"Общая площадь введенных в эксплуатацию жилых зданий(Метр квадратный)"	"2019 год"	"201912"	"КЫЗЫЛОРДИНСКАЯ ОБЛАСТЬ"	"12853"	"Всего"	"1"	"Всего"	"1"	"Всего"	"1"	"Всего"	"1"	"761 385"
"Общая площадь введенных в эксплуатацию жилых зданий(Метр квадратный)"	"2015 год"	"201512"	"КЫЗЫЛОРДИНСКАЯ ОБЛАСТЬ"	"12853"	"Всего"	"1"	"Всего"	"1"	"Всего"	"1"	"Всего"	"1"	"465 664"
"Общая площадь введенных в эксплуатацию жилых зданий(Метр квадратный)"	"2017 год"	"201712"	"КЫЗЫЛОРДИНСКАЯ ОБЛАСТЬ"	"12853"	"Всего"	"1"	"Всего"	"1"	"Всего"	"1"	"Всего"	"1"	"612 322"
"Общая площадь введенных в эксплуатацию жилых зданий(Метр квадратный)"	"2018 год"	"201812"	"КЫЗЫЛОРДИНСКАЯ ОБЛАСТЬ"	"12853"	"Всего"	"1"	"Всего"	"1"	"Всего"	"1"	"Всего"	"1"	"699 599"
"Общая площадь введенных в эксплуатацию жилых зданий(Метр квадратный)"	"2021 год"	"202112"	"КЫЗЫЛОРДИНСКАЯ ОБЛАСТЬ"	"12853"	"Всего"	"1"	"Всего"	"1"	"Всего"	"1"	"Всего"	"1"	"661 178"
"Общая площадь введенных в эксплуатацию жилых зданий(Метр квадратный)"	"2022 год"	"202212"	"КЫЗЫЛОРДИНСКАЯ ОБЛАСТЬ"	"12853"	"Всего"	"1"	"Всего"	"1"	"Всего"	"1"	"Всего"	"1"	"683 214"
"Общая площадь введенных в эксплуатацию жилых зданий(Метр квадратный)"	"2016 год"	"201612"	"КЫЗЫЛОРДИНСКАЯ ОБЛАСТЬ"	"12853"	"городская местность"	"2"	"Всего"	"1"	"Всего"	"1"	"Всего"	"1"	"350 433"
"Общая площадь введенных в эксплуатацию жилых зданий(Метр квадратный)"	"2020 год"	"202012"	"КЫЗЫЛОРДИНСКАЯ ОБЛАСТЬ"	"12853"	"городская местность"	"2"	"Всего"	"1"	"Всего"	"1"	"Всего"	"1"	"318 456"
"Общая площадь введенных в эксплуатацию жилых зданий(Метр квадратный)"	"2014 год"	"201412"	"КЫЗЫЛОРДИНСКАЯ ОБЛАСТЬ"	"12853"	"городская местность"	"2"	"Всего"	"1"	"Всего"	"1"	"Всего"	"1"	"152 002"
"Общая площадь введенных в эксплуатацию жилых зданий(Метр квадратный)"	"2019 год"	"201912"	"КЫЗЫЛОРДИНСКАЯ ОБЛАСТЬ"	"12853"	"городская местность"	"2"	"Всего"	"1"	"Всего"	"1"	"Всего"	"1"	"479 671"
"Общая площадь введенных в эксплуатацию жилых зданий(Метр квадратный)"	"2015 год"	"201512"	"КЫЗЫЛОРДИНСКАЯ ОБЛАСТЬ"	"12853"	"городская местность"	"2"	"Всего"	"1"	"Всего"	"1"	"Всего"	"1"	"308 133"
"Общая площадь введенных в эксплуатацию жилых зданий(Метр квадратный)"	"2017 год"	"201712"	"КЫЗЫЛОРДИНСКАЯ ОБЛАСТЬ"	"12853"	"городская местность"	"2"	"Всего"	"1"	"Всего"	"1"	"Всего"	"1"	"388 225"
"Общая площадь введенных в эксплуатацию жилых зданий(Метр квадратный)"	"2018 год"	"201812"	"КЫЗЫЛОРДИНСКАЯ ОБЛАСТЬ"	"12853"	"городская местность"	"2"	"Всего"	"1"	"Всего"	"1"	"Всего"	"1"	"413 086"
"Общая площадь введенных в эксплуатацию жилых зданий(Метр квадратный)"	"2021 год"	"202112"	"КЫЗЫЛОРДИНСКАЯ ОБЛАСТЬ"	"12853"	"городская местность"	"2"	"Всего"	"1"	"Всего"	"1"	"Всего"	"1"	"355 359"
"Общая площадь введенных в эксплуатацию жилых зданий(Метр квадратный)"	"2022 год"	"202212"	"КЫЗЫЛОРДИНСКАЯ ОБЛАСТЬ"	"12853"	"городская местность"	"2"	"Всего"	"1"	"Всего"	"1"	"Всего"	"1"	"360 019"
"Общая площадь введенных в эксплуатацию жилых зданий(Метр квадратный)"	"2016 год"	"201612"	"КЫЗЫЛОРДИНСКАЯ ОБЛАСТЬ"	"12853"	"сельская местность"	"3"	"Всего"	"1"	"Всего"	"1"	"Всего"	"1"	"193 263"
"Общая площадь введенных в эксплуатацию жилых зданий(Метр квадратный)"	"2020 год"	"202012"	"КЫЗЫЛОРДИНСКАЯ ОБЛАСТЬ"	"12853"	"сельская местность"	"3"	"Всего"	"1"	"Всего"	"1"	"Всего"	"1"	"290 461"
"Общая площадь введенных в эксплуатацию жилых зданий(Метр квадратный)"	"2014 год"	"201412"	"КЫЗЫЛОРДИНСКАЯ ОБЛАСТЬ"	"12853"	"сельская местность"	"3"	"Всего"	"1"	"Всего"	"1"	"Всего"	"1"	"141 716"
"Общая площадь введенных в эксплуатацию жилых зданий(Метр квадратный)"	"2019 год"	"201912"	"КЫЗЫЛОРДИНСКАЯ ОБЛАСТЬ"	"12853"	"сельская местность"	"3"	"Всего"	"1"	"Всего"	"1"	"Всего"	"1"	"281 714"
"Общая площадь введенных в эксплуатацию жилых зданий(Метр квадратный)"	"2015 год"	"201512"	"КЫЗЫЛОРДИНСКАЯ ОБЛАСТЬ"	"12853"	"сельская местность"	"3"	"Всего"	"1"	"Всего"	"1"	"Всего"	"1"	"157 531"
"Общая площадь введенных в эксплуатацию жилых зданий(Метр квадратный)"	"2017 год"	"201712"	"КЫЗЫЛОРДИНСКАЯ ОБЛАСТЬ"	"12853"	"сельская местность"	"3"	"Всего"	"1"	"Всего"	"1"	"Всего"	"1"	"224 097"
"Общая площадь введенных в эксплуатацию жилых зданий(Метр квадратный)"	"2018 год"	"201812"	"КЫЗЫЛОРДИНСКАЯ ОБЛАСТЬ"	"12853"	"сельская местность"	"3"	"Всего"	"1"	"Всего"	"1"	"Всего"	"1"	"286 513"
"Общая площадь введенных в эксплуатацию жилых зданий(Метр квадратный)"	"2021 год"	"202112"	"КЫЗЫЛОРДИНСКАЯ ОБЛАСТЬ"	"12853"	"сельская местность"	"3"	"Всего"	"1"	"Всего"	"1"	"Всего"	"1"	"305 819"
"Общая площадь введенных в эксплуатацию жилых зданий(Метр квадратный)"	"2022 год"	"202212"	"КЫЗЫЛОРДИНСКАЯ ОБЛАСТЬ"	"12853"	"сельская местность"	"3"	"Всего"	"1"	"Всего"	"1"	"Всего"	"1"	"323 195"
"Общая площадь введенных в эксплуатацию жилых зданий(Метр квадратный)"	"2016 год"	"201612"	"КЫЗЫЛОРДА Г.А."	"12854"	"Всего"	"1"	"Всего"	"1"	"Всего"	"1"	"Всего"	"1"	"379 563"
"Общая площадь введенных в эксплуатацию жилых зданий(Метр квадратный)"	"2020 год"	"202012"	"КЫЗЫЛОРДА Г.А."	"12854"	"Всего"	"1"	"Всего"	"1"	"Всего"	"1"	"Всего"	"1"	"371 314"
"Общая площадь введенных в эксплуатацию жилых зданий(Метр квадратный)"	"2014 год"	"201412"	"КЫЗЫЛОРДА Г.А."	"12854"	"Всего"	"1"	"Всего"	"1"	"Всего"	"1"	"Всего"	"1"	"142 856"
"Общая площадь введенных в эксплуатацию жилых зданий(Метр квадратный)"	"2019 год"	"201912"	"КЫЗЫЛОРДА Г.А."	"12854"	"Всего"	"1"	"Всего"	"1"	"Всего"	"1"	"Всего"	"1"	"536 026"
"Общая площадь введенных в эксплуатацию жилых зданий(Метр квадратный)"	"2015 год"	"201512"	"КЫЗЫЛОРДА Г.А."	"12854"	"Всего"	"1"	"Всего"	"1"	"Всего"	"1"	"Всего"	"1"	"312 195"
"Общая площадь введенных в эксплуатацию жилых зданий(Метр квадратный)"	"2017 год"	"201712"	"КЫЗЫЛОРДА Г.А."	"12854"	"Всего"	"1"	"Всего"	"1"	"Всего"	"1"	"Всего"	"1"	"430 938"
"Общая площадь введенных в эксплуатацию жилых зданий(Метр квадратный)"	"2018 год"	"201812"	"КЫЗЫЛОРДА Г.А."	"12854"	"Всего"	"1"	"Всего"	"1"	"Всего"	"1"	"Всего"	"1"	"473 209"
"Общая площадь введенных в эксплуатацию жилых зданий(Метр квадратный)"	"2021 год"	"202112"	"КЫЗЫЛОРДА Г.А."	"12854"	"Всего"	"1"	"Всего"	"1"	"Всего"	"1"	"Всего"	"1"	"397 369"
"Общая площадь введенных в эксплуатацию жилых зданий(Метр квадратный)"	"2022 год"	"202212"	"КЫЗЫЛОРДА Г.А."	"12854"	"Всего"	"1"	"Всего"	"1"	"Всего"	"1"	"Всего"	"1"	"407 389"
"Общая площадь введенных в эксплуатацию жилых зданий(Метр квадратный)"	"2016 год"	"201612"	"КЫЗЫЛОРДА Г.А."	"12854"	"городская местность"	"2"	"Всего"	"1"	"Всего"	"1"	"Всего"	"1"	"341 567"
"Общая площадь введенных в эксплуатацию жилых зданий(Метр квадратный)"	"2020 год"	"202012"	"КЫЗЫЛОРДА Г.А."	"12854"	"городская местность"	"2"	"Всего"	"1"	"Всего"	"1"	"Всего"	"1"	"304 317"
"Общая площадь введенных в эксплуатацию жилых зданий(Метр квадратный)"	"2014 год"	"201412"	"КЫЗЫЛОРДА Г.А."	"12854"	"городская местность"	"2"	"Всего"	"1"	"Всего"	"1"	"Всего"	"1"	"140 683"
"Общая площадь введенных в эксплуатацию жилых зданий(Метр квадратный)"	"2019 год"	"201912"	"КЫЗЫЛОРДА Г.А."	"12854"	"городская местность"	"2"	"Всего"	"1"	"Всего"	"1"	"Всего"	"1"	"465 915"
"Общая площадь введенных в эксплуатацию жилых зданий(Метр квадратный)"	"2015 год"	"201512"	"КЫЗЫЛОРДА Г.А."	"12854"	"городская местность"	"2"	"Всего"	"1"	"Всего"	"1"	"Всего"	"1"	"294 730"
"Общая площадь введенных в эксплуатацию жилых зданий(Метр квадратный)"	"2017 год"	"201712"	"КЫЗЫЛОРДА Г.А."	"12854"	"городская местность"	"2"	"Всего"	"1"	"Всего"	"1"	"Всего"	"1"	"378 452"
"Общая площадь введенных в эксплуатацию жилых зданий(Метр квадратный)"	"2018 год"	"201812"	"КЫЗЫЛОРДА Г.А."	"12854"	"городская местность"	"2"	"Всего"	"1"	"Всего"	"1"	"Всего"	"1"	"384 289"
"Общая площадь введенных в эксплуатацию жилых зданий(Метр квадратный)"	"2021 год"	"202112"	"КЫЗЫЛОРДА Г.А."	"12854"	"городская местность"	"2"	"Всего"	"1"	"Всего"	"1"	"Всего"	"1"	"339 019"
"Общая площадь введенных в эксплуатацию жилых зданий(Метр квадратный)"	"2022 год"	"202212"	"КЫЗЫЛОРДА Г.А."	"12854"	"городская местность"	"2"	"Всего"	"1"	"Всего"	"1"	"Всего"	"1"	"340 665"
"Общая площадь введенных в эксплуатацию жилых зданий(Метр квадратный)"	"2016 год"	"201612"	"КЫЗЫЛОРДА Г.А."	"12854"	"сельская местность"	"3"	"Всего"	"1"	"Всего"	"1"	"Всего"	"1"	"37 996"
"Общая площадь введенных в эксплуатацию жилых зданий(Метр квадратный)"	"2020 год"	"202012"	"КЫЗЫЛОРДА Г.А."	"12854"	"сельская местность"	"3"	"Всего"	"1"	"Всего"	"1"	"Всего"	"1"	"66 997"
"Общая площадь введенных в эксплуатацию жилых зданий(Метр квадратный)"	"2014 год"	"201412"	"КЫЗЫЛОРДА Г.А."	"12854"	"сельская местность"	"3"	"Всего"	"1"	"Всего"	"1"	"Всего"	"1"	"2 173"
"Общая площадь введенных в эксплуатацию жилых зданий(Метр квадратный)"	"2019 год"	"201912"	"КЫЗЫЛОРДА Г.А."	"12854"	"сельская местность"	"3"	"Всего"	"1"	"Всего"	"1"	"Всего"	"1"	"70 111"
"Общая площадь введенных в эксплуатацию жилых зданий(Метр квадратный)"	"2015 год"	"201512"	"КЫЗЫЛОРДА Г.А."	"12854"	"сельская местность"	"3"	"Всего"	"1"	"Всего"	"1"	"Всего"	"1"	"17 465"
"Общая площадь введенных в эксплуатацию жилых зданий(Метр квадратный)"	"2017 год"	"201712"	"КЫЗЫЛОРДА Г.А."	"12854"	"сельская местность"	"3"	"Всего"	"1"	"Всего"	"1"	"Всего"	"1"	"52 486"
"Общая площадь введенных в эксплуатацию жилых зданий(Метр квадратный)"	"2018 год"	"201812"	"КЫЗЫЛОРДА Г.А."	"12854"	"сельская местность"	"3"	"Всего"	"1"	"Всего"	"1"	"Всего"	"1"	"88 920"
"Общая площадь введенных в эксплуатацию жилых зданий(Метр квадратный)"	"2021 год"	"202112"	"КЫЗЫЛОРДА Г.А."	"12854"	"сельская местность"	"3"	"Всего"	"1"	"Всего"	"1"	"Всего"	"1"	"58 350"
"Общая площадь введенных в эксплуатацию жилых зданий(Метр квадратный)"	"2022 год"	"202212"	"КЫЗЫЛОРДА Г.А."	"12854"	"сельская местность"	"3"	"Всего"	"1"	"Всего"	"1"	"Всего"	"1"	"66 724"
"Общая площадь введенных в эксплуатацию жилых зданий(Метр квадратный)"	"2018 год"	"201812"	"БАЙКОНЫР Г.А."	"12886"	"Всего"	"1"	"Всего"	"1"	"Всего"	"1"	"Всего"	"1"	"16 078"
"Общая площадь введенных в эксплуатацию жилых зданий(Метр квадратный)"	"2018 год"	"201812"	"БАЙКОНЫР Г.А."	"12886"	"городская местность"	"2"	"Всего"	"1"	"Всего"	"1"	"Всего"	"1"	"16 078"
"Общая площадь введенных в эксплуатацию жилых зданий(Метр квадратный)"	"2016 год"	"201612"	"АРАЛЬСКИЙ РАЙОН"	"12888"	"Всего"	"1"	"Всего"	"1"	"Всего"	"1"	"Всего"	"1"	"19 023"
"Общая площадь введенных в эксплуатацию жилых зданий(Метр квадратный)"	"2020 год"	"202012"	"АРАЛЬСКИЙ РАЙОН"	"12888"	"Всего"	"1"	"Всего"	"1"	"Всего"	"1"	"Всего"	"1"	"24 799"
"Общая площадь введенных в эксплуатацию жилых зданий(Метр квадратный)"	"2014 год"	"201412"	"АРАЛЬСКИЙ РАЙОН"	"12888"	"Всего"	"1"	"Всего"	"1"	"Всего"	"1"	"Всего"	"1"	"18 594"
"Общая площадь введенных в эксплуатацию жилых зданий(Метр квадратный)"	"2019 год"	"201912"	"АРАЛЬСКИЙ РАЙОН"	"12888"	"Всего"	"1"	"Всего"	"1"	"Всего"	"1"	"Всего"	"1"	"21 610"
"Общая площадь введенных в эксплуатацию жилых зданий(Метр квадратный)"	"2015 год"	"201512"	"АРАЛЬСКИЙ РАЙОН"	"12888"	"Всего"	"1"	"Всего"	"1"	"Всего"	"1"	"Всего"	"1"	"18 763"
"Общая площадь введенных в эксплуатацию жилых зданий(Метр квадратный)"	"2017 год"	"201712"	"АРАЛЬСКИЙ РАЙОН"	"12888"	"Всего"	"1"	"Всего"	"1"	"Всего"	"1"	"Всего"	"1"	"19 266"
"Общая площадь введенных в эксплуатацию жилых зданий(Метр квадратный)"	"2018 год"	"201812"	"АРАЛЬСКИЙ РАЙОН"	"12888"	"Всего"	"1"	"Всего"	"1"	"Всего"	"1"	"Всего"	"1"	"21 109"
"Общая площадь введенных в эксплуатацию жилых зданий(Метр квадратный)"	"2021 год"	"202112"	"АРАЛЬСКИЙ РАЙОН"	"12888"	"Всего"	"1"	"Всего"	"1"	"Всего"	"1"	"Всего"	"1"	"27 515"
"Общая площадь введенных в эксплуатацию жилых зданий(Метр квадратный)"	"2022 год"	"202212"	"АРАЛЬСКИЙ РАЙОН"	"12888"	"Всего"	"1"	"Всего"	"1"	"Всего"	"1"	"Всего"	"1"	"28 378"
"Общая площадь введенных в эксплуатацию жилых зданий(Метр квадратный)"	"2016 год"	"201612"	"АРАЛЬСКИЙ РАЙОН"	"12888"	"городская местность"	"2"	"Всего"	"1"	"Всего"	"1"	"Всего"	"1"	"8 217"
"Общая площадь введенных в эксплуатацию жилых зданий(Метр квадратный)"	"2020 год"	"202012"	"АРАЛЬСКИЙ РАЙОН"	"12888"	"городская местность"	"2"	"Всего"	"1"	"Всего"	"1"	"Всего"	"1"	"11 948"
"Общая площадь введенных в эксплуатацию жилых зданий(Метр квадратный)"	"2014 год"	"201412"	"АРАЛЬСКИЙ РАЙОН"	"12888"	"городская местность"	"2"	"Всего"	"1"	"Всего"	"1"	"Всего"	"1"	"10 040"
"Общая площадь введенных в эксплуатацию жилых зданий(Метр квадратный)"	"2019 год"	"201912"	"АРАЛЬСКИЙ РАЙОН"	"12888"	"городская местность"	"2"	"Всего"	"1"	"Всего"	"1"	"Всего"	"1"	"10 221"
"Общая площадь введенных в эксплуатацию жилых зданий(Метр квадратный)"	"2015 год"	"201512"	"АРАЛЬСКИЙ РАЙОН"	"12888"	"городская местность"	"2"	"Всего"	"1"	"Всего"	"1"	"Всего"	"1"	"11 027"
"Общая площадь введенных в эксплуатацию жилых зданий(Метр квадратный)"	"2017 год"	"201712"	"АРАЛЬСКИЙ РАЙОН"	"12888"	"городская местность"	"2"	"Всего"	"1"	"Всего"	"1"	"Всего"	"1"	"8 784"
"Общая площадь введенных в эксплуатацию жилых зданий(Метр квадратный)"	"2018 год"	"201812"	"АРАЛЬСКИЙ РАЙОН"	"12888"	"городская местность"	"2"	"Всего"	"1"	"Всего"	"1"	"Всего"	"1"	"10 101"
"Общая площадь введенных в эксплуатацию жилых зданий(Метр квадратный)"	"2021 год"	"202112"	"АРАЛЬСКИЙ РАЙОН"	"12888"	"городская местность"	"2"	"Всего"	"1"	"Всего"	"1"	"Всего"	"1"	"12 740"
"Общая площадь введенных в эксплуатацию жилых зданий(Метр квадратный)"	"2022 год"	"202212"	"АРАЛЬСКИЙ РАЙОН"	"12888"	"городская местность"	"2"	"Всего"	"1"	"Всего"	"1"	"Всего"	"1"	"13 949"
"Общая площадь введенных в эксплуатацию жилых зданий(Метр квадратный)"	"2016 год"	"201612"	"АРАЛЬСКИЙ РАЙОН"	"12888"	"сельская местность"	"3"	"Всего"	"1"	"Всего"	"1"	"Всего"	"1"	"10 806"
"Общая площадь введенных в эксплуатацию жилых зданий(Метр квадратный)"	"2020 год"	"202012"	"АРАЛЬСКИЙ РАЙОН"	"12888"	"сельская местность"	"3"	"Всего"	"1"	"Всего"	"1"	"Всего"	"1"	"12 851"
"Общая площадь введенных в эксплуатацию жилых зданий(Метр квадратный)"	"2014 год"	"201412"	"АРАЛЬСКИЙ РАЙОН"	"12888"	"сельская местность"	"3"	"Всего"	"1"	"Всего"	"1"	"Всего"	"1"	"8 554"
"Общая площадь введенных в эксплуатацию жилых зданий(Метр квадратный)"	"2019 год"	"201912"	"АРАЛЬСКИЙ РАЙОН"	"12888"	"сельская местность"	"3"	"Всего"	"1"	"Всего"	"1"	"Всего"	"1"	"11 389"
"Общая площадь введенных в эксплуатацию жилых зданий(Метр квадратный)"	"2015 год"	"201512"	"АРАЛЬСКИЙ РАЙОН"	"12888"	"сельская местность"	"3"	"Всего"	"1"	"Всего"	"1"	"Всего"	"1"	"7 736"
"Общая площадь введенных в эксплуатацию жилых зданий(Метр квадратный)"	"2017 год"	"201712"	"АРАЛЬСКИЙ РАЙОН"	"12888"	"сельская местность"	"3"	"Всего"	"1"	"Всего"	"1"	"Всего"	"1"	"10 482"
"Общая площадь введенных в эксплуатацию жилых зданий(Метр квадратный)"	"2018 год"	"201812"	"АРАЛЬСКИЙ РАЙОН"	"12888"	"сельская местность"	"3"	"Всего"	"1"	"Всего"	"1"	"Всего"	"1"	"11 008"
"Общая площадь введенных в эксплуатацию жилых зданий(Метр квадратный)"	"2021 год"	"202112"	"АРАЛЬСКИЙ РАЙОН"	"12888"	"сельская местность"	"3"	"Всего"	"1"	"Всего"	"1"	"Всего"	"1"	"14 775"
"Общая площадь введенных в эксплуатацию жилых зданий(Метр квадратный)"	"2022 год"	"202212"	"АРАЛЬСКИЙ РАЙОН"	"12888"	"сельская местность"	"3"	"Всего"	"1"	"Всего"	"1"	"Всего"	"1"	"14 429"
"Общая площадь введенных в эксплуатацию жилых зданий(Метр квадратный)"	"2016 год"	"201612"	"ЖАЛАГАШСКИЙ РАЙОН"	"13177"	"Всего"	"1"	"Всего"	"1"	"Всего"	"1"	"Всего"	"1"	"10 392"
"Общая площадь введенных в эксплуатацию жилых зданий(Метр квадратный)"	"2020 год"	"202012"	"ЖАЛАГАШСКИЙ РАЙОН"	"13177"	"Всего"	"1"	"Всего"	"1"	"Всего"	"1"	"Всего"	"1"	"15 709"
"Общая площадь введенных в эксплуатацию жилых зданий(Метр квадратный)"	"2014 год"	"201412"	"ЖАЛАГАШСКИЙ РАЙОН"	"13177"	"Всего"	"1"	"Всего"	"1"	"Всего"	"1"	"Всего"	"1"	"9 942"
"Общая площадь введенных в эксплуатацию жилых зданий(Метр квадратный)"	"2019 год"	"201912"	"ЖАЛАГАШСКИЙ РАЙОН"	"13177"	"Всего"	"1"	"Всего"	"1"	"Всего"	"1"	"Всего"	"1"	"14 644"
"Общая площадь введенных в эксплуатацию жилых зданий(Метр квадратный)"	"2015 год"	"201512"	"ЖАЛАГАШСКИЙ РАЙОН"	"13177"	"Всего"	"1"	"Всего"	"1"	"Всего"	"1"	"Всего"	"1"	"9 736"
"Общая площадь введенных в эксплуатацию жилых зданий(Метр квадратный)"	"2017 год"	"201712"	"ЖАЛАГАШСКИЙ РАЙОН"	"13177"	"Всего"	"1"	"Всего"	"1"	"Всего"	"1"	"Всего"	"1"	"10 717"
"Общая площадь введенных в эксплуатацию жилых зданий(Метр квадратный)"	"2018 год"	"201812"	"ЖАЛАГАШСКИЙ РАЙОН"	"13177"	"Всего"	"1"	"Всего"	"1"	"Всего"	"1"	"Всего"	"1"	"13 653"
"Общая площадь введенных в эксплуатацию жилых зданий(Метр квадратный)"	"2021 год"	"202112"	"ЖАЛАГАШСКИЙ РАЙОН"	"13177"	"Всего"	"1"	"Всего"	"1"	"Всего"	"1"	"Всего"	"1"	"17 536"
"Общая площадь введенных в эксплуатацию жилых зданий(Метр квадратный)"	"2022 год"	"202212"	"ЖАЛАГАШСКИЙ РАЙОН"	"13177"	"Всего"	"1"	"Всего"	"1"	"Всего"	"1"	"Всего"	"1"	"19 716"
"Общая площадь введенных в эксплуатацию жилых зданий(Метр квадратный)"	"2016 год"	"201612"	"ЖАЛАГАШСКИЙ РАЙОН"	"13177"	"сельская местность"	"3"	"Всего"	"1"	"Всего"	"1"	"Всего"	"1"	"10 392"
"Общая площадь введенных в эксплуатацию жилых зданий(Метр квадратный)"	"2020 год"	"202012"	"ЖАЛАГАШСКИЙ РАЙОН"	"13177"	"сельская местность"	"3"	"Всего"	"1"	"Всего"	"1"	"Всего"	"1"	"15 709"
"Общая площадь введенных в эксплуатацию жилых зданий(Метр квадратный)"	"2014 год"	"201412"	"ЖАЛАГАШСКИЙ РАЙОН"	"13177"	"сельская местность"	"3"	"Всего"	"1"	"Всего"	"1"	"Всего"	"1"	"9 942"
"Общая площадь введенных в эксплуатацию жилых зданий(Метр квадратный)"	"2019 год"	"201912"	"ЖАЛАГАШСКИЙ РАЙОН"	"13177"	"сельская местность"	"3"	"Всего"	"1"	"Всего"	"1"	"Всего"	"1"	"14 644"
"Общая площадь введенных в эксплуатацию жилых зданий(Метр квадратный)"	"2015 год"	"201512"	"ЖАЛАГАШСКИЙ РАЙОН"	"13177"	"сельская местность"	"3"	"Всего"	"1"	"Всего"	"1"	"Всего"	"1"	"9 736"
"Общая площадь введенных в эксплуатацию жилых зданий(Метр квадратный)"	"2017 год"	"201712"	"ЖАЛАГАШСКИЙ РАЙОН"	"13177"	"сельская местность"	"3"	"Всего"	"1"	"Всего"	"1"	"Всего"	"1"	"10 717"
"Общая площадь введенных в эксплуатацию жилых зданий(Метр квадратный)"	"2018 год"	"201812"	"ЖАЛАГАШСКИЙ РАЙОН"	"13177"	"сельская местность"	"3"	"Всего"	"1"	"Всего"	"1"	"Всего"	"1"	"13 653"
"Общая площадь введенных в эксплуатацию жилых зданий(Метр квадратный)"	"2021 год"	"202112"	"ЖАЛАГАШСКИЙ РАЙОН"	"13177"	"сельская местность"	"3"	"Всего"	"1"	"Всего"	"1"	"Всего"	"1"	"17 536"
"Общая площадь введенных в эксплуатацию жилых зданий(Метр квадратный)"	"2022 год"	"202212"	"ЖАЛАГАШСКИЙ РАЙОН"	"13177"	"сельская местность"	"3"	"Всего"	"1"	"Всего"	"1"	"Всего"	"1"	"19 716"
"Общая площадь введенных в эксплуатацию жилых зданий(Метр квадратный)"	"2016 год"	"201612"	"ЖАНАКОРГАНСКИЙ РАЙОН"	"13229"	"Всего"	"1"	"Всего"	"1"	"Всего"	"1"	"Всего"	"1"	"36 749"
"Общая площадь введенных в эксплуатацию жилых зданий(Метр квадратный)"	"2020 год"	"202012"	"ЖАНАКОРГАНСКИЙ РАЙОН"	"13229"	"Всего"	"1"	"Всего"	"1"	"Всего"	"1"	"Всего"	"1"	"49 506"
"Общая площадь введенных в эксплуатацию жилых зданий(Метр квадратный)"	"2014 год"	"201412"	"ЖАНАКОРГАНСКИЙ РАЙОН"	"13229"	"Всего"	"1"	"Всего"	"1"	"Всего"	"1"	"Всего"	"1"	"30 354"
"Общая площадь введенных в эксплуатацию жилых зданий(Метр квадратный)"	"2019 год"	"201912"	"ЖАНАКОРГАНСКИЙ РАЙОН"	"13229"	"Всего"	"1"	"Всего"	"1"	"Всего"	"1"	"Всего"	"1"	"48 420"
"Общая площадь введенных в эксплуатацию жилых зданий(Метр квадратный)"	"2015 год"	"201512"	"ЖАНАКОРГАНСКИЙ РАЙОН"	"13229"	"Всего"	"1"	"Всего"	"1"	"Всего"	"1"	"Всего"	"1"	"31 922"
"Общая площадь введенных в эксплуатацию жилых зданий(Метр квадратный)"	"2017 год"	"201712"	"ЖАНАКОРГАНСКИЙ РАЙОН"	"13229"	"Всего"	"1"	"Всего"	"1"	"Всего"	"1"	"Всего"	"1"	"40 718"
"Общая площадь введенных в эксплуатацию жилых зданий(Метр квадратный)"	"2018 год"	"201812"	"ЖАНАКОРГАНСКИЙ РАЙОН"	"13229"	"Всего"	"1"	"Всего"	"1"	"Всего"	"1"	"Всего"	"1"	"49 424"
"Общая площадь введенных в эксплуатацию жилых зданий(Метр квадратный)"	"2021 год"	"202112"	"ЖАНАКОРГАНСКИЙ РАЙОН"	"13229"	"Всего"	"1"	"Всего"	"1"	"Всего"	"1"	"Всего"	"1"	"53 491"
"Общая площадь введенных в эксплуатацию жилых зданий(Метр квадратный)"	"2022 год"	"202212"	"ЖАНАКОРГАНСКИЙ РАЙОН"	"13229"	"Всего"	"1"	"Всего"	"1"	"Всего"	"1"	"Всего"	"1"	"57 596"
"Общая площадь введенных в эксплуатацию жилых зданий(Метр квадратный)"	"2016 год"	"201612"	"ЖАНАКОРГАНСКИЙ РАЙОН"	"13229"	"сельская местность"	"3"	"Всего"	"1"	"Всего"	"1"	"Всего"	"1"	"36 749"
"Общая площадь введенных в эксплуатацию жилых зданий(Метр квадратный)"	"2020 год"	"202012"	"ЖАНАКОРГАНСКИЙ РАЙОН"	"13229"	"сельская местность"	"3"	"Всего"	"1"	"Всего"	"1"	"Всего"	"1"	"49 506"
"Общая площадь введенных в эксплуатацию жилых зданий(Метр квадратный)"	"2014 год"	"201412"	"ЖАНАКОРГАНСКИЙ РАЙОН"	"13229"	"сельская местность"	"3"	"Всего"	"1"	"Всего"	"1"	"Всего"	"1"	"30 354"
"Общая площадь введенных в эксплуатацию жилых зданий(Метр квадратный)"	"2019 год"	"201912"	"ЖАНАКОРГАНСКИЙ РАЙОН"	"13229"	"сельская местность"	"3"	"Всего"	"1"	"Всего"	"1"	"Всего"	"1"	"48 420"
"Общая площадь введенных в эксплуатацию жилых зданий(Метр квадратный)"	"2015 год"	"201512"	"ЖАНАКОРГАНСКИЙ РАЙОН"	"13229"	"сельская местность"	"3"	"Всего"	"1"	"Всего"	"1"	"Всего"	"1"	"31 922"
"Общая площадь введенных в эксплуатацию жилых зданий(Метр квадратный)"	"2017 год"	"201712"	"ЖАНАКОРГАНСКИЙ РАЙОН"	"13229"	"сельская местность"	"3"	"Всего"	"1"	"Всего"	"1"	"Всего"	"1"	"40 718"
"Общая площадь введенных в эксплуатацию жилых зданий(Метр квадратный)"	"2018 год"	"201812"	"ЖАНАКОРГАНСКИЙ РАЙОН"	"13229"	"сельская местность"	"3"	"Всего"	"1"	"Всего"	"1"	"Всего"	"1"	"49 424"
"Общая площадь введенных в эксплуатацию жилых зданий(Метр квадратный)"	"2021 год"	"202112"	"ЖАНАКОРГАНСКИЙ РАЙОН"	"13229"	"сельская местность"	"3"	"Всего"	"1"	"Всего"	"1"	"Всего"	"1"	"53 491"
"Общая площадь введенных в эксплуатацию жилых зданий(Метр квадратный)"	"2022 год"	"202212"	"ЖАНАКОРГАНСКИЙ РАЙОН"	"13229"	"сельская местность"	"3"	"Всего"	"1"	"Всего"	"1"	"Всего"	"1"	"57 596"
"Общая площадь введенных в эксплуатацию жилых зданий(Метр квадратный)"	"2016 год"	"201612"	"КАЗАЛИНСКИЙ РАЙОН"	"13301"	"Всего"	"1"	"Всего"	"1"	"Всего"	"1"	"Всего"	"1"	"33 120"
"Общая площадь введенных в эксплуатацию жилых зданий(Метр квадратный)"	"2020 год"	"202012"	"КАЗАЛИНСКИЙ РАЙОН"	"13301"	"Всего"	"1"	"Всего"	"1"	"Всего"	"1"	"Всего"	"1"	"51 119"
"Общая площадь введенных в эксплуатацию жилых зданий(Метр квадратный)"	"2014 год"	"201412"	"КАЗАЛИНСКИЙ РАЙОН"	"13301"	"Всего"	"1"	"Всего"	"1"	"Всего"	"1"	"Всего"	"1"	"34 356"
"Общая площадь введенных в эксплуатацию жилых зданий(Метр квадратный)"	"2019 год"	"201912"	"КАЗАЛИНСКИЙ РАЙОН"	"13301"	"Всего"	"1"	"Всего"	"1"	"Всего"	"1"	"Всего"	"1"	"50 716"
"Общая площадь введенных в эксплуатацию жилых зданий(Метр квадратный)"	"2015 год"	"201512"	"КАЗАЛИНСКИЙ РАЙОН"	"13301"	"Всего"	"1"	"Всего"	"1"	"Всего"	"1"	"Всего"	"1"	"32 319"
"Общая площадь введенных в эксплуатацию жилых зданий(Метр квадратный)"	"2017 год"	"201712"	"КАЗАЛИНСКИЙ РАЙОН"	"13301"	"Всего"	"1"	"Всего"	"1"	"Всего"	"1"	"Всего"	"1"	"33 883"
"Общая площадь введенных в эксплуатацию жилых зданий(Метр квадратный)"	"2018 год"	"201812"	"КАЗАЛИНСКИЙ РАЙОН"	"13301"	"Всего"	"1"	"Всего"	"1"	"Всего"	"1"	"Всего"	"1"	"39 057"
"Общая площадь введенных в эксплуатацию жилых зданий(Метр квадратный)"	"2021 год"	"202112"	"КАЗАЛИНСКИЙ РАЙОН"	"13301"	"Всего"	"1"	"Всего"	"1"	"Всего"	"1"	"Всего"	"1"	"53 043"
"Общая площадь введенных в эксплуатацию жилых зданий(Метр квадратный)"	"2022 год"	"202212"	"КАЗАЛИНСКИЙ РАЙОН"	"13301"	"Всего"	"1"	"Всего"	"1"	"Всего"	"1"	"Всего"	"1"	"54 022"
"Общая площадь введенных в эксплуатацию жилых зданий(Метр квадратный)"	"2016 год"	"201612"	"КАЗАЛИНСКИЙ РАЙОН"	"13301"	"городская местность"	"2"	"Всего"	"1"	"Всего"	"1"	"Всего"	"1"	"649"
"Общая площадь введенных в эксплуатацию жилых зданий(Метр квадратный)"	"2020 год"	"202012"	"КАЗАЛИНСКИЙ РАЙОН"	"13301"	"городская местность"	"2"	"Всего"	"1"	"Всего"	"1"	"Всего"	"1"	"2 191"
"Общая площадь введенных в эксплуатацию жилых зданий(Метр квадратный)"	"2014 год"	"201412"	"КАЗАЛИНСКИЙ РАЙОН"	"13301"	"городская местность"	"2"	"Всего"	"1"	"Всего"	"1"	"Всего"	"1"	"1 279"
"Общая площадь введенных в эксплуатацию жилых зданий(Метр квадратный)"	"2019 год"	"201912"	"КАЗАЛИНСКИЙ РАЙОН"	"13301"	"городская местность"	"2"	"Всего"	"1"	"Всего"	"1"	"Всего"	"1"	"3 535"
"Общая площадь введенных в эксплуатацию жилых зданий(Метр квадратный)"	"2015 год"	"201512"	"КАЗАЛИНСКИЙ РАЙОН"	"13301"	"городская местность"	"2"	"Всего"	"1"	"Всего"	"1"	"Всего"	"1"	"2 376"
"Общая площадь введенных в эксплуатацию жилых зданий(Метр квадратный)"	"2017 год"	"201712"	"КАЗАЛИНСКИЙ РАЙОН"	"13301"	"городская местность"	"2"	"Всего"	"1"	"Всего"	"1"	"Всего"	"1"	"989"
"Общая площадь введенных в эксплуатацию жилых зданий(Метр квадратный)"	"2018 год"	"201812"	"КАЗАЛИНСКИЙ РАЙОН"	"13301"	"городская местность"	"2"	"Всего"	"1"	"Всего"	"1"	"Всего"	"1"	"2 618"
"Общая площадь введенных в эксплуатацию жилых зданий(Метр квадратный)"	"2021 год"	"202112"	"КАЗАЛИНСКИЙ РАЙОН"	"13301"	"городская местность"	"2"	"Всего"	"1"	"Всего"	"1"	"Всего"	"1"	"3 600"
"Общая площадь введенных в эксплуатацию жилых зданий(Метр квадратный)"	"2022 год"	"202212"	"КАЗАЛИНСКИЙ РАЙОН"	"13301"	"городская местность"	"2"	"Всего"	"1"	"Всего"	"1"	"Всего"	"1"	"5 405"
"Общая площадь введенных в эксплуатацию жилых зданий(Метр квадратный)"	"2016 год"	"201612"	"КАЗАЛИНСКИЙ РАЙОН"	"13301"	"сельская местность"	"3"	"Всего"	"1"	"Всего"	"1"	"Всего"	"1"	"32 471"
"Общая площадь введенных в эксплуатацию жилых зданий(Метр квадратный)"	"2020 год"	"202012"	"КАЗАЛИНСКИЙ РАЙОН"	"13301"	"сельская местность"	"3"	"Всего"	"1"	"Всего"	"1"	"Всего"	"1"	"48 928"
"Общая площадь введенных в эксплуатацию жилых зданий(Метр квадратный)"	"2014 год"	"201412"	"КАЗАЛИНСКИЙ РАЙОН"	"13301"	"сельская местность"	"3"	"Всего"	"1"	"Всего"	"1"	"Всего"	"1"	"33 077"
"Общая площадь введенных в эксплуатацию жилых зданий(Метр квадратный)"	"2019 год"	"201912"	"КАЗАЛИНСКИЙ РАЙОН"	"13301"	"сельская местность"	"3"	"Всего"	"1"	"Всего"	"1"	"Всего"	"1"	"47 181"
"Общая площадь введенных в эксплуатацию жилых зданий(Метр квадратный)"	"2015 год"	"201512"	"КАЗАЛИНСКИЙ РАЙОН"	"13301"	"сельская местность"	"3"	"Всего"	"1"	"Всего"	"1"	"Всего"	"1"	"29 943"
"Общая площадь введенных в эксплуатацию жилых зданий(Метр квадратный)"	"2017 год"	"201712"	"КАЗАЛИНСКИЙ РАЙОН"	"13301"	"сельская местность"	"3"	"Всего"	"1"	"Всего"	"1"	"Всего"	"1"	"32 894"
"Общая площадь введенных в эксплуатацию жилых зданий(Метр квадратный)"	"2018 год"	"201812"	"КАЗАЛИНСКИЙ РАЙОН"	"13301"	"сельская местность"	"3"	"Всего"	"1"	"Всего"	"1"	"Всего"	"1"	"36 439"
"Общая площадь введенных в эксплуатацию жилых зданий(Метр квадратный)"	"2021 год"	"202112"	"КАЗАЛИНСКИЙ РАЙОН"	"13301"	"сельская местность"	"3"	"Всего"	"1"	"Всего"	"1"	"Всего"	"1"	"49 443"
"Общая площадь введенных в эксплуатацию жилых зданий(Метр квадратный)"	"2022 год"	"202212"	"КАЗАЛИНСКИЙ РАЙОН"	"13301"	"сельская местность"	"3"	"Всего"	"1"	"Всего"	"1"	"Всего"	"1"	"48 617"
"Общая площадь введенных в эксплуатацию жилых зданий(Метр квадратный)"	"2016 год"	"201612"	"КАРМАКШИНСКИЙ РАЙОН"	"13385"	"Всего"	"1"	"Всего"	"1"	"Всего"	"1"	"Всего"	"1"	"19 768"
"Общая площадь введенных в эксплуатацию жилых зданий(Метр квадратный)"	"2020 год"	"202012"	"КАРМАКШИНСКИЙ РАЙОН"	"13385"	"Всего"	"1"	"Всего"	"1"	"Всего"	"1"	"Всего"	"1"	"26 000"
"Общая площадь введенных в эксплуатацию жилых зданий(Метр квадратный)"	"2014 год"	"201412"	"КАРМАКШИНСКИЙ РАЙОН"	"13385"	"Всего"	"1"	"Всего"	"1"	"Всего"	"1"	"Всего"	"1"	"21 207"
"Общая площадь введенных в эксплуатацию жилых зданий(Метр квадратный)"	"2019 год"	"201912"	"КАРМАКШИНСКИЙ РАЙОН"	"13385"	"Всего"	"1"	"Всего"	"1"	"Всего"	"1"	"Всего"	"1"	"25 570"
"Общая площадь введенных в эксплуатацию жилых зданий(Метр квадратный)"	"2015 год"	"201512"	"КАРМАКШИНСКИЙ РАЙОН"	"13385"	"Всего"	"1"	"Всего"	"1"	"Всего"	"1"	"Всего"	"1"	"19 576"
"Общая площадь введенных в эксплуатацию жилых зданий(Метр квадратный)"	"2018 год"	"201812"	"КАРМАКШИНСКИЙ РАЙОН"	"13385"	"Всего"	"1"	"Всего"	"1"	"Всего"	"1"	"Всего"	"1"	"23 850"
"Общая площадь введенных в эксплуатацию жилых зданий(Метр квадратный)"	"2017 год"	"201712"	"КАРМАКШИНСКИЙ РАЙОН"	"13385"	"Всего"	"1"	"Всего"	"1"	"Всего"	"1"	"Всего"	"1"	"20 800"
"Общая площадь введенных в эксплуатацию жилых зданий(Метр квадратный)"	"2021 год"	"202112"	"КАРМАКШИНСКИЙ РАЙОН"	"13385"	"Всего"	"1"	"Всего"	"1"	"Всего"	"1"	"Всего"	"1"	"28 581"
"Общая площадь введенных в эксплуатацию жилых зданий(Метр квадратный)"	"2022 год"	"202212"	"КАРМАКШИНСКИЙ РАЙОН"	"13385"	"Всего"	"1"	"Всего"	"1"	"Всего"	"1"	"Всего"	"1"	"31 000"
"Общая площадь введенных в эксплуатацию жилых зданий(Метр квадратный)"	"2016 год"	"201612"	"КАРМАКШИНСКИЙ РАЙОН"	"13385"	"сельская местность"	"3"	"Всего"	"1"	"Всего"	"1"	"Всего"	"1"	"19 768"
"Общая площадь введенных в эксплуатацию жилых зданий(Метр квадратный)"	"2020 год"	"202012"	"КАРМАКШИНСКИЙ РАЙОН"	"13385"	"сельская местность"	"3"	"Всего"	"1"	"Всего"	"1"	"Всего"	"1"	"26 000"
"Общая площадь введенных в эксплуатацию жилых зданий(Метр квадратный)"	"2014 год"	"201412"	"КАРМАКШИНСКИЙ РАЙОН"	"13385"	"сельская местность"	"3"	"Всего"	"1"	"Всего"	"1"	"Всего"	"1"	"21 207"
"Общая площадь введенных в эксплуатацию жилых зданий(Метр квадратный)"	"2019 год"	"201912"	"КАРМАКШИНСКИЙ РАЙОН"	"13385"	"сельская местность"	"3"	"Всего"	"1"	"Всего"	"1"	"Всего"	"1"	"25 570"
"Общая площадь введенных в эксплуатацию жилых зданий(Метр квадратный)"	"2015 год"	"201512"	"КАРМАКШИНСКИЙ РАЙОН"	"13385"	"сельская местность"	"3"	"Всего"	"1"	"Всего"	"1"	"Всего"	"1"	"19 576"
"Общая площадь введенных в эксплуатацию жилых зданий(Метр квадратный)"	"2017 год"	"201712"	"КАРМАКШИНСКИЙ РАЙОН"	"13385"	"сельская местность"	"3"	"Всего"	"1"	"Всего"	"1"	"Всего"	"1"	"20 800"
"Общая площадь введенных в эксплуатацию жилых зданий(Метр квадратный)"	"2018 год"	"201812"	"КАРМАКШИНСКИЙ РАЙОН"	"13385"	"сельская местность"	"3"	"Всего"	"1"	"Всего"	"1"	"Всего"	"1"	"23 850"
"Общая площадь введенных в эксплуатацию жилых зданий(Метр квадратный)"	"2021 год"	"202112"	"КАРМАКШИНСКИЙ РАЙОН"	"13385"	"сельская местность"	"3"	"Всего"	"1"	"Всего"	"1"	"Всего"	"1"	"28 581"
"Общая площадь введенных в эксплуатацию жилых зданий(Метр квадратный)"	"2022 год"	"202212"	"КАРМАКШИНСКИЙ РАЙОН"	"13385"	"сельская местность"	"3"	"Всего"	"1"	"Всего"	"1"	"Всего"	"1"	"31 000"
"Общая площадь введенных в эксплуатацию жилых зданий(Метр квадратный)"	"2016 год"	"201612"	"СЫРДАРЬИНСКИЙ РАЙОН"	"13456"	"Всего"	"1"	"Всего"	"1"	"Всего"	"1"	"Всего"	"1"	"12 817"
"Общая площадь введенных в эксплуатацию жилых зданий(Метр квадратный)"	"2020 год"	"202012"	"СЫРДАРЬИНСКИЙ РАЙОН"	"13456"	"Всего"	"1"	"Всего"	"1"	"Всего"	"1"	"Всего"	"1"	"17 779"
"Общая площадь введенных в эксплуатацию жилых зданий(Метр квадратный)"	"2014 год"	"201412"	"СЫРДАРЬИНСКИЙ РАЙОН"	"13456"	"Всего"	"1"	"Всего"	"1"	"Всего"	"1"	"Всего"	"1"	"12 585"
"Общая площадь введенных в эксплуатацию жилых зданий(Метр квадратный)"	"2019 год"	"201912"	"СЫРДАРЬИНСКИЙ РАЙОН"	"13456"	"Всего"	"1"	"Всего"	"1"	"Всего"	"1"	"Всего"	"1"	"15 652"
"Общая площадь введенных в эксплуатацию жилых зданий(Метр квадратный)"	"2015 год"	"201512"	"СЫРДАРЬИНСКИЙ РАЙОН"	"13456"	"Всего"	"1"	"Всего"	"1"	"Всего"	"1"	"Всего"	"1"	"12 001"
"Общая площадь введенных в эксплуатацию жилых зданий(Метр квадратный)"	"2017 год"	"201712"	"СЫРДАРЬИНСКИЙ РАЙОН"	"13456"	"Всего"	"1"	"Всего"	"1"	"Всего"	"1"	"Всего"	"1"	"14 190"
"Общая площадь введенных в эксплуатацию жилых зданий(Метр квадратный)"	"2018 год"	"201812"	"СЫРДАРЬИНСКИЙ РАЙОН"	"13456"	"Всего"	"1"	"Всего"	"1"	"Всего"	"1"	"Всего"	"1"	"18 003"
"Общая площадь введенных в эксплуатацию жилых зданий(Метр квадратный)"	"2021 год"	"202112"	"СЫРДАРЬИНСКИЙ РАЙОН"	"13456"	"Всего"	"1"	"Всего"	"1"	"Всего"	"1"	"Всего"	"1"	"23 728"
"Общая площадь введенных в эксплуатацию жилых зданий(Метр квадратный)"	"2022 год"	"202212"	"СЫРДАРЬИНСКИЙ РАЙОН"	"13456"	"Всего"	"1"	"Всего"	"1"	"Всего"	"1"	"Всего"	"1"	"24 168"
"Общая площадь введенных в эксплуатацию жилых зданий(Метр квадратный)"	"2016 год"	"201612"	"СЫРДАРЬИНСКИЙ РАЙОН"	"13456"	"сельская местность"	"3"	"Всего"	"1"	"Всего"	"1"	"Всего"	"1"	"12 817"
"Общая площадь введенных в эксплуатацию жилых зданий(Метр квадратный)"	"2020 год"	"202012"	"СЫРДАРЬИНСКИЙ РАЙОН"	"13456"	"сельская местность"	"3"	"Всего"	"1"	"Всего"	"1"	"Всего"	"1"	"17 779"
"Общая площадь введенных в эксплуатацию жилых зданий(Метр квадратный)"	"2014 год"	"201412"	"СЫРДАРЬИНСКИЙ РАЙОН"	"13456"	"сельская местность"	"3"	"Всего"	"1"	"Всего"	"1"	"Всего"	"1"	"12 585"
"Общая площадь введенных в эксплуатацию жилых зданий(Метр квадратный)"	"2019 год"	"201912"	"СЫРДАРЬИНСКИЙ РАЙОН"	"13456"	"сельская местность"	"3"	"Всего"	"1"	"Всего"	"1"	"Всего"	"1"	"15 652"
"Общая площадь введенных в эксплуатацию жилых зданий(Метр квадратный)"	"2015 год"	"201512"	"СЫРДАРЬИНСКИЙ РАЙОН"	"13456"	"сельская местность"	"3"	"Всего"	"1"	"Всего"	"1"	"Всего"	"1"	"12 001"
"Общая площадь введенных в эксплуатацию жилых зданий(Метр квадратный)"	"2017 год"	"201712"	"СЫРДАРЬИНСКИЙ РАЙОН"	"13456"	"сельская местность"	"3"	"Всего"	"1"	"Всего"	"1"	"Всего"	"1"	"14 190"
"Общая площадь введенных в эксплуатацию жилых зданий(Метр квадратный)"	"2018 год"	"201812"	"СЫРДАРЬИНСКИЙ РАЙОН"	"13456"	"сельская местность"	"3"	"Всего"	"1"	"Всего"	"1"	"Всего"	"1"	"18 003"
"Общая площадь введенных в эксплуатацию жилых зданий(Метр квадратный)"	"2021 год"	"202112"	"СЫРДАРЬИНСКИЙ РАЙОН"	"13456"	"сельская местность"	"3"	"Всего"	"1"	"Всего"	"1"	"Всего"	"1"	"23 728"
"Общая площадь введенных в эксплуатацию жилых зданий(Метр квадратный)"	"2022 год"	"202212"	"СЫРДАРЬИНСКИЙ РАЙОН"	"13456"	"сельская местность"	"3"	"Всего"	"1"	"Всего"	"1"	"Всего"	"1"	"24 168"
"Общая площадь введенных в эксплуатацию жилых зданий(Метр квадратный)"	"2016 год"	"201612"	"ЧИИЛИЙСКИЙ РАЙОН"	"13524"	"Всего"	"1"	"Всего"	"1"	"Всего"	"1"	"Всего"	"1"	"32 264"
"Общая площадь введенных в эксплуатацию жилых зданий(Метр квадратный)"	"2020 год"	"202012"	"ЧИИЛИЙСКИЙ РАЙОН"	"13524"	"Всего"	"1"	"Всего"	"1"	"Всего"	"1"	"Всего"	"1"	"52 691"
"Общая площадь введенных в эксплуатацию жилых зданий(Метр квадратный)"	"2014 год"	"201412"	"ЧИИЛИЙСКИЙ РАЙОН"	"13524"	"Всего"	"1"	"Всего"	"1"	"Всего"	"1"	"Всего"	"1"	"23 824"
"Общая площадь введенных в эксплуатацию жилых зданий(Метр квадратный)"	"2019 год"	"201912"	"ЧИИЛИЙСКИЙ РАЙОН"	"13524"	"Всего"	"1"	"Всего"	"1"	"Всего"	"1"	"Всего"	"1"	"48 747"
"Общая площадь введенных в эксплуатацию жилых зданий(Метр квадратный)"	"2015 год"	"201512"	"ЧИИЛИЙСКИЙ РАЙОН"	"13524"	"Всего"	"1"	"Всего"	"1"	"Всего"	"1"	"Всего"	"1"	"29 152"
"Общая площадь введенных в эксплуатацию жилых зданий(Метр квадратный)"	"2017 год"	"201712"	"ЧИИЛИЙСКИЙ РАЙОН"	"13524"	"Всего"	"1"	"Всего"	"1"	"Всего"	"1"	"Всего"	"1"	"41 810"
"Общая площадь введенных в эксплуатацию жилых зданий(Метр квадратный)"	"2018 год"	"201812"	"ЧИИЛИЙСКИЙ РАЙОН"	"13524"	"Всего"	"1"	"Всего"	"1"	"Всего"	"1"	"Всего"	"1"	"45 216"
"Общая площадь введенных в эксплуатацию жилых зданий(Метр квадратный)"	"2021 год"	"202112"	"ЧИИЛИЙСКИЙ РАЙОН"	"13524"	"Всего"	"1"	"Всего"	"1"	"Всего"	"1"	"Всего"	"1"	"59 915"
"Общая площадь введенных в эксплуатацию жилых зданий(Метр квадратный)"	"2022 год"	"202212"	"ЧИИЛИЙСКИЙ РАЙОН"	"13524"	"Всего"	"1"	"Всего"	"1"	"Всего"	"1"	"Всего"	"1"	"60 945"
"Общая площадь введенных в эксплуатацию жилых зданий(Метр квадратный)"	"2016 год"	"201612"	"ЧИИЛИЙСКИЙ РАЙОН"	"13524"	"сельская местность"	"3"	"Всего"	"1"	"Всего"	"1"	"Всего"	"1"	"32 264"
"Общая площадь введенных в эксплуатацию жилых зданий(Метр квадратный)"	"2020 год"	"202012"	"ЧИИЛИЙСКИЙ РАЙОН"	"13524"	"сельская местность"	"3"	"Всего"	"1"	"Всего"	"1"	"Всего"	"1"	"52 691"
"Общая площадь введенных в эксплуатацию жилых зданий(Метр квадратный)"	"2014 год"	"201412"	"ЧИИЛИЙСКИЙ РАЙОН"	"13524"	"сельская местность"	"3"	"Всего"	"1"	"Всего"	"1"	"Всего"	"1"	"23 824"
"Общая площадь введенных в эксплуатацию жилых зданий(Метр квадратный)"	"2019 год"	"201912"	"ЧИИЛИЙСКИЙ РАЙОН"	"13524"	"сельская местность"	"3"	"Всего"	"1"	"Всего"	"1"	"Всего"	"1"	"48 747"
"Общая площадь введенных в эксплуатацию жилых зданий(Метр квадратный)"	"2015 год"	"201512"	"ЧИИЛИЙСКИЙ РАЙОН"	"13524"	"сельская местность"	"3"	"Всего"	"1"	"Всего"	"1"	"Всего"	"1"	"29 152"
"Общая площадь введенных в эксплуатацию жилых зданий(Метр квадратный)"	"2017 год"	"201712"	"ЧИИЛИЙСКИЙ РАЙОН"	"13524"	"сельская местность"	"3"	"Всего"	"1"	"Всего"	"1"	"Всего"	"1"	"41 810"
"Общая площадь введенных в эксплуатацию жилых зданий(Метр квадратный)"	"2018 год"	"201812"	"ЧИИЛИЙСКИЙ РАЙОН"	"13524"	"сельская местность"	"3"	"Всего"	"1"	"Всего"	"1"	"Всего"	"1"	"45 216"
"Общая площадь введенных в эксплуатацию жилых зданий(Метр квадратный)"	"2021 год"	"202112"	"ЧИИЛИЙСКИЙ РАЙОН"	"13524"	"сельская местность"	"3"	"Всего"	"1"	"Всего"	"1"	"Всего"	"1"	"59 915"
"Общая площадь введенных в эксплуатацию жилых зданий(Метр квадратный)"	"2022 год"	"202212"	"ЧИИЛИЙСКИЙ РАЙОН"	"13524"	"сельская местность"	"3"	"Всего"	"1"	"Всего"	"1"	"Всего"	"1"	"60 945"
"Общая площадь введенных в эксплуатацию жилых зданий(Метр квадратный)"	"2016 год"	"201612"	"МАНГИСТАУСКАЯ ОБЛАСТЬ"	"13661"	"Всего"	"1"	"Всего"	"1"	"Всего"	"1"	"Всего"	"1"	"708 621"
"Общая площадь введенных в эксплуатацию жилых зданий(Метр квадратный)"	"2020 год"	"202012"	"МАНГИСТАУСКАЯ ОБЛАСТЬ"	"13661"	"Всего"	"1"	"Всего"	"1"	"Всего"	"1"	"Всего"	"1"	"1 192 885"
"Общая площадь введенных в эксплуатацию жилых зданий(Метр квадратный)"	"2014 год"	"201412"	"МАНГИСТАУСКАЯ ОБЛАСТЬ"	"13661"	"Всего"	"1"	"Всего"	"1"	"Всего"	"1"	"Всего"	"1"	"586 385"
"Общая площадь введенных в эксплуатацию жилых зданий(Метр квадратный)"	"2019 год"	"201912"	"МАНГИСТАУСКАЯ ОБЛАСТЬ"	"13661"	"Всего"	"1"	"Всего"	"1"	"Всего"	"1"	"Всего"	"1"	"1 175 379"
"Общая площадь введенных в эксплуатацию жилых зданий(Метр квадратный)"	"2015 год"	"201512"	"МАНГИСТАУСКАЯ ОБЛАСТЬ"	"13661"	"Всего"	"1"	"Всего"	"1"	"Всего"	"1"	"Всего"	"1"	"644 978"
"Общая площадь введенных в эксплуатацию жилых зданий(Метр квадратный)"	"2017 год"	"201712"	"МАНГИСТАУСКАЯ ОБЛАСТЬ"	"13661"	"Всего"	"1"	"Всего"	"1"	"Всего"	"1"	"Всего"	"1"	"833 022"
"Общая площадь введенных в эксплуатацию жилых зданий(Метр квадратный)"	"2018 год"	"201812"	"МАНГИСТАУСКАЯ ОБЛАСТЬ"	"13661"	"Всего"	"1"	"Всего"	"1"	"Всего"	"1"	"Всего"	"1"	"1 173 217"
"Общая площадь введенных в эксплуатацию жилых зданий(Метр квадратный)"	"2021 год"	"202112"	"МАНГИСТАУСКАЯ ОБЛАСТЬ"	"13661"	"Всего"	"1"	"Всего"	"1"	"Всего"	"1"	"Всего"	"1"	"1 233 682"
"Общая площадь введенных в эксплуатацию жилых зданий(Метр квадратный)"	"2022 год"	"202212"	"МАНГИСТАУСКАЯ ОБЛАСТЬ"	"13661"	"Всего"	"1"	"Всего"	"1"	"Всего"	"1"	"Всего"	"1"	"1 055 551"
"Общая площадь введенных в эксплуатацию жилых зданий(Метр квадратный)"	"2016 год"	"201612"	"МАНГИСТАУСКАЯ ОБЛАСТЬ"	"13661"	"городская местность"	"2"	"Всего"	"1"	"Всего"	"1"	"Всего"	"1"	"372 344"
"Общая площадь введенных в эксплуатацию жилых зданий(Метр квадратный)"	"2020 год"	"202012"	"МАНГИСТАУСКАЯ ОБЛАСТЬ"	"13661"	"городская местность"	"2"	"Всего"	"1"	"Всего"	"1"	"Всего"	"1"	"638 191"
"Общая площадь введенных в эксплуатацию жилых зданий(Метр квадратный)"	"2014 год"	"201412"	"МАНГИСТАУСКАЯ ОБЛАСТЬ"	"13661"	"городская местность"	"2"	"Всего"	"1"	"Всего"	"1"	"Всего"	"1"	"252 755"
"Общая площадь введенных в эксплуатацию жилых зданий(Метр квадратный)"	"2019 год"	"201912"	"МАНГИСТАУСКАЯ ОБЛАСТЬ"	"13661"	"городская местность"	"2"	"Всего"	"1"	"Всего"	"1"	"Всего"	"1"	"634 821"
"Общая площадь введенных в эксплуатацию жилых зданий(Метр квадратный)"	"2015 год"	"201512"	"МАНГИСТАУСКАЯ ОБЛАСТЬ"	"13661"	"городская местность"	"2"	"Всего"	"1"	"Всего"	"1"	"Всего"	"1"	"328 317"
"Общая площадь введенных в эксплуатацию жилых зданий(Метр квадратный)"	"2017 год"	"201712"	"МАНГИСТАУСКАЯ ОБЛАСТЬ"	"13661"	"городская местность"	"2"	"Всего"	"1"	"Всего"	"1"	"Всего"	"1"	"442 004"
"Общая площадь введенных в эксплуатацию жилых зданий(Метр квадратный)"	"2018 год"	"201812"	"МАНГИСТАУСКАЯ ОБЛАСТЬ"	"13661"	"городская местность"	"2"	"Всего"	"1"	"Всего"	"1"	"Всего"	"1"	"660 128"
"Общая площадь введенных в эксплуатацию жилых зданий(Метр квадратный)"	"2021 год"	"202112"	"МАНГИСТАУСКАЯ ОБЛАСТЬ"	"13661"	"городская местность"	"2"	"Всего"	"1"	"Всего"	"1"	"Всего"	"1"	"684 971"
"Общая площадь введенных в эксплуатацию жилых зданий(Метр квадратный)"	"2022 год"	"202212"	"МАНГИСТАУСКАЯ ОБЛАСТЬ"	"13661"	"городская местность"	"2"	"Всего"	"1"	"Всего"	"1"	"Всего"	"1"	"727 873"
"Общая площадь введенных в эксплуатацию жилых зданий(Метр квадратный)"	"2016 год"	"201612"	"МАНГИСТАУСКАЯ ОБЛАСТЬ"	"13661"	"сельская местность"	"3"	"Всего"	"1"	"Всего"	"1"	"Всего"	"1"	"336 277"
"Общая площадь введенных в эксплуатацию жилых зданий(Метр квадратный)"	"2020 год"	"202012"	"МАНГИСТАУСКАЯ ОБЛАСТЬ"	"13661"	"сельская местность"	"3"	"Всего"	"1"	"Всего"	"1"	"Всего"	"1"	"554 694"
"Общая площадь введенных в эксплуатацию жилых зданий(Метр квадратный)"	"2014 год"	"201412"	"МАНГИСТАУСКАЯ ОБЛАСТЬ"	"13661"	"сельская местность"	"3"	"Всего"	"1"	"Всего"	"1"	"Всего"	"1"	"333 630"
"Общая площадь введенных в эксплуатацию жилых зданий(Метр квадратный)"	"2019 год"	"201912"	"МАНГИСТАУСКАЯ ОБЛАСТЬ"	"13661"	"сельская местность"	"3"	"Всего"	"1"	"Всего"	"1"	"Всего"	"1"	"540 558"
"Общая площадь введенных в эксплуатацию жилых зданий(Метр квадратный)"	"2015 год"	"201512"	"МАНГИСТАУСКАЯ ОБЛАСТЬ"	"13661"	"сельская местность"	"3"	"Всего"	"1"	"Всего"	"1"	"Всего"	"1"	"316 661"
"Общая площадь введенных в эксплуатацию жилых зданий(Метр квадратный)"	"2017 год"	"201712"	"МАНГИСТАУСКАЯ ОБЛАСТЬ"	"13661"	"сельская местность"	"3"	"Всего"	"1"	"Всего"	"1"	"Всего"	"1"	"391 018"
"Общая площадь введенных в эксплуатацию жилых зданий(Метр квадратный)"	"2018 год"	"201812"	"МАНГИСТАУСКАЯ ОБЛАСТЬ"	"13661"	"сельская местность"	"3"	"Всего"	"1"	"Всего"	"1"	"Всего"	"1"	"513 089"
"Общая площадь введенных в эксплуатацию жилых зданий(Метр квадратный)"	"2021 год"	"202112"	"МАНГИСТАУСКАЯ ОБЛАСТЬ"	"13661"	"сельская местность"	"3"	"Всего"	"1"	"Всего"	"1"	"Всего"	"1"	"548 711"
"Общая площадь введенных в эксплуатацию жилых зданий(Метр квадратный)"	"2022 год"	"202212"	"МАНГИСТАУСКАЯ ОБЛАСТЬ"	"13661"	"сельская местность"	"3"	"Всего"	"1"	"Всего"	"1"	"Всего"	"1"	"327 678"
"Общая площадь введенных в эксплуатацию жилых зданий(Метр квадратный)"	"2016 год"	"201612"	"АКТАУ Г.А."	"13662"	"Всего"	"1"	"Всего"	"1"	"Всего"	"1"	"Всего"	"1"	"292 464"
"Общая площадь введенных в эксплуатацию жилых зданий(Метр квадратный)"	"2020 год"	"202012"	"АКТАУ Г.А."	"13662"	"Всего"	"1"	"Всего"	"1"	"Всего"	"1"	"Всего"	"1"	"614 256"
"Общая площадь введенных в эксплуатацию жилых зданий(Метр квадратный)"	"2014 год"	"201412"	"АКТАУ Г.А."	"13662"	"Всего"	"1"	"Всего"	"1"	"Всего"	"1"	"Всего"	"1"	"160 809"
"Общая площадь введенных в эксплуатацию жилых зданий(Метр квадратный)"	"2019 год"	"201912"	"АКТАУ Г.А."	"13662"	"Всего"	"1"	"Всего"	"1"	"Всего"	"1"	"Всего"	"1"	"611 139"
"Общая площадь введенных в эксплуатацию жилых зданий(Метр квадратный)"	"2015 год"	"201512"	"АКТАУ Г.А."	"13662"	"Всего"	"1"	"Всего"	"1"	"Всего"	"1"	"Всего"	"1"	"246 653"
"Общая площадь введенных в эксплуатацию жилых зданий(Метр квадратный)"	"2017 год"	"201712"	"АКТАУ Г.А."	"13662"	"Всего"	"1"	"Всего"	"1"	"Всего"	"1"	"Всего"	"1"	"380 381"
"Общая площадь введенных в эксплуатацию жилых зданий(Метр квадратный)"	"2018 год"	"201812"	"АКТАУ Г.А."	"13662"	"Всего"	"1"	"Всего"	"1"	"Всего"	"1"	"Всего"	"1"	"661 500"
"Общая площадь введенных в эксплуатацию жилых зданий(Метр квадратный)"	"2021 год"	"202112"	"АКТАУ Г.А."	"13662"	"Всего"	"1"	"Всего"	"1"	"Всего"	"1"	"Всего"	"1"	"639 618"
"Общая площадь введенных в эксплуатацию жилых зданий(Метр квадратный)"	"2022 год"	"202212"	"АКТАУ Г.А."	"13662"	"Всего"	"1"	"Всего"	"1"	"Всего"	"1"	"Всего"	"1"	"671 252"
"Общая площадь введенных в эксплуатацию жилых зданий(Метр квадратный)"	"2016 год"	"201612"	"АКТАУ Г.А."	"13662"	"городская местность"	"2"	"Всего"	"1"	"Всего"	"1"	"Всего"	"1"	"292 464"
"Общая площадь введенных в эксплуатацию жилых зданий(Метр квадратный)"	"2020 год"	"202012"	"АКТАУ Г.А."	"13662"	"городская местность"	"2"	"Всего"	"1"	"Всего"	"1"	"Всего"	"1"	"604 498"
"Общая площадь введенных в эксплуатацию жилых зданий(Метр квадратный)"	"2014 год"	"201412"	"АКТАУ Г.А."	"13662"	"городская местность"	"2"	"Всего"	"1"	"Всего"	"1"	"Всего"	"1"	"160 809"
"Общая площадь введенных в эксплуатацию жилых зданий(Метр квадратный)"	"2019 год"	"201912"	"АКТАУ Г.А."	"13662"	"городская местность"	"2"	"Всего"	"1"	"Всего"	"1"	"Всего"	"1"	"600 931"
"Общая площадь введенных в эксплуатацию жилых зданий(Метр квадратный)"	"2015 год"	"201512"	"АКТАУ Г.А."	"13662"	"городская местность"	"2"	"Всего"	"1"	"Всего"	"1"	"Всего"	"1"	"246 653"
"Общая площадь введенных в эксплуатацию жилых зданий(Метр квадратный)"	"2017 год"	"201712"	"АКТАУ Г.А."	"13662"	"городская местность"	"2"	"Всего"	"1"	"Всего"	"1"	"Всего"	"1"	"380 381"
"Общая площадь введенных в эксплуатацию жилых зданий(Метр квадратный)"	"2018 год"	"201812"	"АКТАУ Г.А."	"13662"	"городская местность"	"2"	"Всего"	"1"	"Всего"	"1"	"Всего"	"1"	"633 398"
"Общая площадь введенных в эксплуатацию жилых зданий(Метр квадратный)"	"2021 год"	"202112"	"АКТАУ Г.А."	"13662"	"городская местность"	"2"	"Всего"	"1"	"Всего"	"1"	"Всего"	"1"	"638 683"
"Общая площадь введенных в эксплуатацию жилых зданий(Метр квадратный)"	"2022 год"	"202212"	"АКТАУ Г.А."	"13662"	"городская местность"	"2"	"Всего"	"1"	"Всего"	"1"	"Всего"	"1"	"669 173"
"Общая площадь введенных в эксплуатацию жилых зданий(Метр квадратный)"	"2020 год"	"202012"	"АКТАУ Г.А."	"13662"	"сельская местность"	"3"	"Всего"	"1"	"Всего"	"1"	"Всего"	"1"	"9 758"
"Общая площадь введенных в эксплуатацию жилых зданий(Метр квадратный)"	"2019 год"	"201912"	"АКТАУ Г.А."	"13662"	"сельская местность"	"3"	"Всего"	"1"	"Всего"	"1"	"Всего"	"1"	"10 208"
"Общая площадь введенных в эксплуатацию жилых зданий(Метр квадратный)"	"2018 год"	"201812"	"АКТАУ Г.А."	"13662"	"сельская местность"	"3"	"Всего"	"1"	"Всего"	"1"	"Всего"	"1"	"28 102"
"Общая площадь введенных в эксплуатацию жилых зданий(Метр квадратный)"	"2021 год"	"202112"	"АКТАУ Г.А."	"13662"	"сельская местность"	"3"	"Всего"	"1"	"Всего"	"1"	"Всего"	"1"	"935"
"Общая площадь введенных в эксплуатацию жилых зданий(Метр квадратный)"	"2022 год"	"202212"	"АКТАУ Г.А."	"13662"	"сельская местность"	"3"	"Всего"	"1"	"Всего"	"1"	"Всего"	"1"	"2 079"
"Общая площадь введенных в эксплуатацию жилых зданий(Метр квадратный)"	"2016 год"	"201612"	"ЖАНАОЗЕН Г.А."	"13666"	"Всего"	"1"	"Всего"	"1"	"Всего"	"1"	"Всего"	"1"	"100 354"
"Общая площадь введенных в эксплуатацию жилых зданий(Метр квадратный)"	"2020 год"	"202012"	"ЖАНАОЗЕН Г.А."	"13666"	"Всего"	"1"	"Всего"	"1"	"Всего"	"1"	"Всего"	"1"	"132 223"
"Общая площадь введенных в эксплуатацию жилых зданий(Метр квадратный)"	"2014 год"	"201412"	"ЖАНАОЗЕН Г.А."	"13666"	"Всего"	"1"	"Всего"	"1"	"Всего"	"1"	"Всего"	"1"	"92 107"
"Общая площадь введенных в эксплуатацию жилых зданий(Метр квадратный)"	"2019 год"	"201912"	"ЖАНАОЗЕН Г.А."	"13666"	"Всего"	"1"	"Всего"	"1"	"Всего"	"1"	"Всего"	"1"	"132 116"
"Общая площадь введенных в эксплуатацию жилых зданий(Метр квадратный)"	"2015 год"	"201512"	"ЖАНАОЗЕН Г.А."	"13666"	"Всего"	"1"	"Всего"	"1"	"Всего"	"1"	"Всего"	"1"	"92 402"
"Общая площадь введенных в эксплуатацию жилых зданий(Метр квадратный)"	"2017 год"	"201712"	"ЖАНАОЗЕН Г.А."	"13666"	"Всего"	"1"	"Всего"	"1"	"Всего"	"1"	"Всего"	"1"	"109 371"
"Общая площадь введенных в эксплуатацию жилых зданий(Метр квадратный)"	"2018 год"	"201812"	"ЖАНАОЗЕН Г.А."	"13666"	"Всего"	"1"	"Всего"	"1"	"Всего"	"1"	"Всего"	"1"	"121 023"
"Общая площадь введенных в эксплуатацию жилых зданий(Метр квадратный)"	"2021 год"	"202112"	"ЖАНАОЗЕН Г.А."	"13666"	"Всего"	"1"	"Всего"	"1"	"Всего"	"1"	"Всего"	"1"	"133 259"
"Общая площадь введенных в эксплуатацию жилых зданий(Метр квадратный)"	"2022 год"	"202212"	"ЖАНАОЗЕН Г.А."	"13666"	"Всего"	"1"	"Всего"	"1"	"Всего"	"1"	"Всего"	"1"	"105 445"
"Общая площадь введенных в эксплуатацию жилых зданий(Метр квадратный)"	"2016 год"	"201612"	"ЖАНАОЗЕН Г.А."	"13666"	"городская местность"	"2"	"Всего"	"1"	"Всего"	"1"	"Всего"	"1"	"78 516"
"Общая площадь введенных в эксплуатацию жилых зданий(Метр квадратный)"	"2020 год"	"202012"	"ЖАНАОЗЕН Г.А."	"13666"	"городская местность"	"2"	"Всего"	"1"	"Всего"	"1"	"Всего"	"1"	"23 407"
"Общая площадь введенных в эксплуатацию жилых зданий(Метр квадратный)"	"2014 год"	"201412"	"ЖАНАОЗЕН Г.А."	"13666"	"городская местность"	"2"	"Всего"	"1"	"Всего"	"1"	"Всего"	"1"	"81 450"
"Общая площадь введенных в эксплуатацию жилых зданий(Метр квадратный)"	"2019 год"	"201912"	"ЖАНАОЗЕН Г.А."	"13666"	"городская местность"	"2"	"Всего"	"1"	"Всего"	"1"	"Всего"	"1"	"22 479"
"Общая площадь введенных в эксплуатацию жилых зданий(Метр квадратный)"	"2015 год"	"201512"	"ЖАНАОЗЕН Г.А."	"13666"	"городская местность"	"2"	"Всего"	"1"	"Всего"	"1"	"Всего"	"1"	"77 202"
"Общая площадь введенных в эксплуатацию жилых зданий(Метр квадратный)"	"2017 год"	"201712"	"ЖАНАОЗЕН Г.А."	"13666"	"городская местность"	"2"	"Всего"	"1"	"Всего"	"1"	"Всего"	"1"	"54 562"
"Общая площадь введенных в эксплуатацию жилых зданий(Метр квадратный)"	"2018 год"	"201812"	"ЖАНАОЗЕН Г.А."	"13666"	"городская местность"	"2"	"Всего"	"1"	"Всего"	"1"	"Всего"	"1"	"19 990"
"Общая площадь введенных в эксплуатацию жилых зданий(Метр квадратный)"	"2021 год"	"202112"	"ЖАНАОЗЕН Г.А."	"13666"	"городская местность"	"2"	"Всего"	"1"	"Всего"	"1"	"Всего"	"1"	"39 221"
"Общая площадь введенных в эксплуатацию жилых зданий(Метр квадратный)"	"2022 год"	"202212"	"ЖАНАОЗЕН Г.А."	"13666"	"городская местность"	"2"	"Всего"	"1"	"Всего"	"1"	"Всего"	"1"	"48 013"
"Общая площадь введенных в эксплуатацию жилых зданий(Метр квадратный)"	"2016 год"	"201612"	"ЖАНАОЗЕН Г.А."	"13666"	"сельская местность"	"3"	"Всего"	"1"	"Всего"	"1"	"Всего"	"1"	"21 838"
"Общая площадь введенных в эксплуатацию жилых зданий(Метр квадратный)"	"2020 год"	"202012"	"ЖАНАОЗЕН Г.А."	"13666"	"сельская местность"	"3"	"Всего"	"1"	"Всего"	"1"	"Всего"	"1"	"108 816"
"Общая площадь введенных в эксплуатацию жилых зданий(Метр квадратный)"	"2014 год"	"201412"	"ЖАНАОЗЕН Г.А."	"13666"	"сельская местность"	"3"	"Всего"	"1"	"Всего"	"1"	"Всего"	"1"	"10 657"
"Общая площадь введенных в эксплуатацию жилых зданий(Метр квадратный)"	"2019 год"	"201912"	"ЖАНАОЗЕН Г.А."	"13666"	"сельская местность"	"3"	"Всего"	"1"	"Всего"	"1"	"Всего"	"1"	"109 637"
"Общая площадь введенных в эксплуатацию жилых зданий(Метр квадратный)"	"2015 год"	"201512"	"ЖАНАОЗЕН Г.А."	"13666"	"сельская местность"	"3"	"Всего"	"1"	"Всего"	"1"	"Всего"	"1"	"15 200"
"Общая площадь введенных в эксплуатацию жилых зданий(Метр квадратный)"	"2017 год"	"201712"	"ЖАНАОЗЕН Г.А."	"13666"	"сельская местность"	"3"	"Всего"	"1"	"Всего"	"1"	"Всего"	"1"	"54 809"
"Общая площадь введенных в эксплуатацию жилых зданий(Метр квадратный)"	"2018 год"	"201812"	"ЖАНАОЗЕН Г.А."	"13666"	"сельская местность"	"3"	"Всего"	"1"	"Всего"	"1"	"Всего"	"1"	"101 033"
"Общая площадь введенных в эксплуатацию жилых зданий(Метр квадратный)"	"2021 год"	"202112"	"ЖАНАОЗЕН Г.А."	"13666"	"сельская местность"	"3"	"Всего"	"1"	"Всего"	"1"	"Всего"	"1"	"94 038"
"Общая площадь введенных в эксплуатацию жилых зданий(Метр квадратный)"	"2022 год"	"202212"	"ЖАНАОЗЕН Г.А."	"13666"	"сельская местность"	"3"	"Всего"	"1"	"Всего"	"1"	"Всего"	"1"	"57 432"
"Общая площадь введенных в эксплуатацию жилых зданий(Метр квадратный)"	"2016 год"	"201612"	"БЕЙНЕУСКИЙ РАЙОН"	"13674"	"Всего"	"1"	"Всего"	"1"	"Всего"	"1"	"Всего"	"1"	"67 201"
"Общая площадь введенных в эксплуатацию жилых зданий(Метр квадратный)"	"2020 год"	"202012"	"БЕЙНЕУСКИЙ РАЙОН"	"13674"	"Всего"	"1"	"Всего"	"1"	"Всего"	"1"	"Всего"	"1"	"90 294"
"Общая площадь введенных в эксплуатацию жилых зданий(Метр квадратный)"	"2014 год"	"201412"	"БЕЙНЕУСКИЙ РАЙОН"	"13674"	"Всего"	"1"	"Всего"	"1"	"Всего"	"1"	"Всего"	"1"	"65 507"
"Общая площадь введенных в эксплуатацию жилых зданий(Метр квадратный)"	"2019 год"	"201912"	"БЕЙНЕУСКИЙ РАЙОН"	"13674"	"Всего"	"1"	"Всего"	"1"	"Всего"	"1"	"Всего"	"1"	"90 028"
"Общая площадь введенных в эксплуатацию жилых зданий(Метр квадратный)"	"2015 год"	"201512"	"БЕЙНЕУСКИЙ РАЙОН"	"13674"	"Всего"	"1"	"Всего"	"1"	"Всего"	"1"	"Всего"	"1"	"65 523"
"Общая площадь введенных в эксплуатацию жилых зданий(Метр квадратный)"	"2017 год"	"201712"	"БЕЙНЕУСКИЙ РАЙОН"	"13674"	"Всего"	"1"	"Всего"	"1"	"Всего"	"1"	"Всего"	"1"	"71 090"
"Общая площадь введенных в эксплуатацию жилых зданий(Метр квадратный)"	"2018 год"	"201812"	"БЕЙНЕУСКИЙ РАЙОН"	"13674"	"Всего"	"1"	"Всего"	"1"	"Всего"	"1"	"Всего"	"1"	"79 946"
"Общая площадь введенных в эксплуатацию жилых зданий(Метр квадратный)"	"2021 год"	"202112"	"БЕЙНЕУСКИЙ РАЙОН"	"13674"	"Всего"	"1"	"Всего"	"1"	"Всего"	"1"	"Всего"	"1"	"91 435"
"Общая площадь введенных в эксплуатацию жилых зданий(Метр квадратный)"	"2022 год"	"202212"	"БЕЙНЕУСКИЙ РАЙОН"	"13674"	"Всего"	"1"	"Всего"	"1"	"Всего"	"1"	"Всего"	"1"	"42 680"
"Общая площадь введенных в эксплуатацию жилых зданий(Метр квадратный)"	"2016 год"	"201612"	"БЕЙНЕУСКИЙ РАЙОН"	"13674"	"сельская местность"	"3"	"Всего"	"1"	"Всего"	"1"	"Всего"	"1"	"67 201"
"Общая площадь введенных в эксплуатацию жилых зданий(Метр квадратный)"	"2020 год"	"202012"	"БЕЙНЕУСКИЙ РАЙОН"	"13674"	"сельская местность"	"3"	"Всего"	"1"	"Всего"	"1"	"Всего"	"1"	"90 294"
"Общая площадь введенных в эксплуатацию жилых зданий(Метр квадратный)"	"2014 год"	"201412"	"БЕЙНЕУСКИЙ РАЙОН"	"13674"	"сельская местность"	"3"	"Всего"	"1"	"Всего"	"1"	"Всего"	"1"	"65 507"
"Общая площадь введенных в эксплуатацию жилых зданий(Метр квадратный)"	"2019 год"	"201912"	"БЕЙНЕУСКИЙ РАЙОН"	"13674"	"сельская местность"	"3"	"Всего"	"1"	"Всего"	"1"	"Всего"	"1"	"90 028"
"Общая площадь введенных в эксплуатацию жилых зданий(Метр квадратный)"	"2015 год"	"201512"	"БЕЙНЕУСКИЙ РАЙОН"	"13674"	"сельская местность"	"3"	"Всего"	"1"	"Всего"	"1"	"Всего"	"1"	"65 523"
"Общая площадь введенных в эксплуатацию жилых зданий(Метр квадратный)"	"2017 год"	"201712"	"БЕЙНЕУСКИЙ РАЙОН"	"13674"	"сельская местность"	"3"	"Всего"	"1"	"Всего"	"1"	"Всего"	"1"	"71 090"
"Общая площадь введенных в эксплуатацию жилых зданий(Метр квадратный)"	"2018 год"	"201812"	"БЕЙНЕУСКИЙ РАЙОН"	"13674"	"сельская местность"	"3"	"Всего"	"1"	"Всего"	"1"	"Всего"	"1"	"79 946"
"Общая площадь введенных в эксплуатацию жилых зданий(Метр квадратный)"	"2021 год"	"202112"	"БЕЙНЕУСКИЙ РАЙОН"	"13674"	"сельская местность"	"3"	"Всего"	"1"	"Всего"	"1"	"Всего"	"1"	"91 435"
"Общая площадь введенных в эксплуатацию жилых зданий(Метр квадратный)"	"2022 год"	"202212"	"БЕЙНЕУСКИЙ РАЙОН"	"13674"	"сельская местность"	"3"	"Всего"	"1"	"Всего"	"1"	"Всего"	"1"	"42 680"
"Общая площадь введенных в эксплуатацию жилых зданий(Метр квадратный)"	"2016 год"	"201612"	"КАРАКИЯНСКИЙ РАЙОН"	"13788"	"Всего"	"1"	"Всего"	"1"	"Всего"	"1"	"Всего"	"1"	"38 097"
"Общая площадь введенных в эксплуатацию жилых зданий(Метр квадратный)"	"2020 год"	"202012"	"КАРАКИЯНСКИЙ РАЙОН"	"13788"	"Всего"	"1"	"Всего"	"1"	"Всего"	"1"	"Всего"	"1"	"46 655"
"Общая площадь введенных в эксплуатацию жилых зданий(Метр квадратный)"	"2014 год"	"201412"	"КАРАКИЯНСКИЙ РАЙОН"	"13788"	"Всего"	"1"	"Всего"	"1"	"Всего"	"1"	"Всего"	"1"	"40 709"
"Общая площадь введенных в эксплуатацию жилых зданий(Метр квадратный)"	"2019 год"	"201912"	"КАРАКИЯНСКИЙ РАЙОН"	"13788"	"Всего"	"1"	"Всего"	"1"	"Всего"	"1"	"Всего"	"1"	"46 332"
"Общая площадь введенных в эксплуатацию жилых зданий(Метр квадратный)"	"2015 год"	"201512"	"КАРАКИЯНСКИЙ РАЙОН"	"13788"	"Всего"	"1"	"Всего"	"1"	"Всего"	"1"	"Всего"	"1"	"37 447"
"Общая площадь введенных в эксплуатацию жилых зданий(Метр квадратный)"	"2017 год"	"201712"	"КАРАКИЯНСКИЙ РАЙОН"	"13788"	"Всего"	"1"	"Всего"	"1"	"Всего"	"1"	"Всего"	"1"	"40 334"
"Общая площадь введенных в эксплуатацию жилых зданий(Метр квадратный)"	"2018 год"	"201812"	"КАРАКИЯНСКИЙ РАЙОН"	"13788"	"Всего"	"1"	"Всего"	"1"	"Всего"	"1"	"Всего"	"1"	"41 923"
"Общая площадь введенных в эксплуатацию жилых зданий(Метр квадратный)"	"2021 год"	"202112"	"КАРАКИЯНСКИЙ РАЙОН"	"13788"	"Всего"	"1"	"Всего"	"1"	"Всего"	"1"	"Всего"	"1"	"47 271"
"Общая площадь введенных в эксплуатацию жилых зданий(Метр квадратный)"	"2022 год"	"202212"	"КАРАКИЯНСКИЙ РАЙОН"	"13788"	"Всего"	"1"	"Всего"	"1"	"Всего"	"1"	"Всего"	"1"	"9 848"
"Общая площадь введенных в эксплуатацию жилых зданий(Метр квадратный)"	"2016 год"	"201612"	"КАРАКИЯНСКИЙ РАЙОН"	"13788"	"сельская местность"	"3"	"Всего"	"1"	"Всего"	"1"	"Всего"	"1"	"38 097"
"Общая площадь введенных в эксплуатацию жилых зданий(Метр квадратный)"	"2020 год"	"202012"	"КАРАКИЯНСКИЙ РАЙОН"	"13788"	"сельская местность"	"3"	"Всего"	"1"	"Всего"	"1"	"Всего"	"1"	"46 655"
"Общая площадь введенных в эксплуатацию жилых зданий(Метр квадратный)"	"2014 год"	"201412"	"КАРАКИЯНСКИЙ РАЙОН"	"13788"	"сельская местность"	"3"	"Всего"	"1"	"Всего"	"1"	"Всего"	"1"	"40 709"
"Общая площадь введенных в эксплуатацию жилых зданий(Метр квадратный)"	"2019 год"	"201912"	"КАРАКИЯНСКИЙ РАЙОН"	"13788"	"сельская местность"	"3"	"Всего"	"1"	"Всего"	"1"	"Всего"	"1"	"46 332"
"Общая площадь введенных в эксплуатацию жилых зданий(Метр квадратный)"	"2015 год"	"201512"	"КАРАКИЯНСКИЙ РАЙОН"	"13788"	"сельская местность"	"3"	"Всего"	"1"	"Всего"	"1"	"Всего"	"1"	"37 447"
"Общая площадь введенных в эксплуатацию жилых зданий(Метр квадратный)"	"2017 год"	"201712"	"КАРАКИЯНСКИЙ РАЙОН"	"13788"	"сельская местность"	"3"	"Всего"	"1"	"Всего"	"1"	"Всего"	"1"	"40 334"
"Общая площадь введенных в эксплуатацию жилых зданий(Метр квадратный)"	"2018 год"	"201812"	"КАРАКИЯНСКИЙ РАЙОН"	"13788"	"сельская местность"	"3"	"Всего"	"1"	"Всего"	"1"	"Всего"	"1"	"41 923"
"Общая площадь введенных в эксплуатацию жилых зданий(Метр квадратный)"	"2021 год"	"202112"	"КАРАКИЯНСКИЙ РАЙОН"	"13788"	"сельская местность"	"3"	"Всего"	"1"	"Всего"	"1"	"Всего"	"1"	"47 271"
"Общая площадь введенных в эксплуатацию жилых зданий(Метр квадратный)"	"2022 год"	"202212"	"КАРАКИЯНСКИЙ РАЙОН"	"13788"	"сельская местность"	"3"	"Всего"	"1"	"Всего"	"1"	"Всего"	"1"	"9 848"
"Общая площадь введенных в эксплуатацию жилых зданий(Метр квадратный)"	"2016 год"	"201612"	"МАНГИСТАУСКИЙ РАЙОН"	"13888"	"Всего"	"1"	"Всего"	"1"	"Всего"	"1"	"Всего"	"1"	"46 812"
"Общая площадь введенных в эксплуатацию жилых зданий(Метр квадратный)"	"2020 год"	"202012"	"МАНГИСТАУСКИЙ РАЙОН"	"13888"	"Всего"	"1"	"Всего"	"1"	"Всего"	"1"	"Всего"	"1"	"55 038"
"Общая площадь введенных в эксплуатацию жилых зданий(Метр квадратный)"	"2014 год"	"201412"	"МАНГИСТАУСКИЙ РАЙОН"	"13888"	"Всего"	"1"	"Всего"	"1"	"Всего"	"1"	"Всего"	"1"	"47 955"
"Общая площадь введенных в эксплуатацию жилых зданий(Метр квадратный)"	"2019 год"	"201912"	"МАНГИСТАУСКИЙ РАЙОН"	"13888"	"Всего"	"1"	"Всего"	"1"	"Всего"	"1"	"Всего"	"1"	"54 724"
"Общая площадь введенных в эксплуатацию жилых зданий(Метр квадратный)"	"2015 год"	"201512"	"МАНГИСТАУСКИЙ РАЙОН"	"13888"	"Всего"	"1"	"Всего"	"1"	"Всего"	"1"	"Всего"	"1"	"45 188"
"Общая площадь введенных в эксплуатацию жилых зданий(Метр квадратный)"	"2017 год"	"201712"	"МАНГИСТАУСКИЙ РАЙОН"	"13888"	"Всего"	"1"	"Всего"	"1"	"Всего"	"1"	"Всего"	"1"	"46 774"
"Общая площадь введенных в эксплуатацию жилых зданий(Метр квадратный)"	"2018 год"	"201812"	"МАНГИСТАУСКИЙ РАЙОН"	"13888"	"Всего"	"1"	"Всего"	"1"	"Всего"	"1"	"Всего"	"1"	"51 678"
"Общая площадь введенных в эксплуатацию жилых зданий(Метр квадратный)"	"2021 год"	"202112"	"МАНГИСТАУСКИЙ РАЙОН"	"13888"	"Всего"	"1"	"Всего"	"1"	"Всего"	"1"	"Всего"	"1"	"55 518"
"Общая площадь введенных в эксплуатацию жилых зданий(Метр квадратный)"	"2022 год"	"202212"	"МАНГИСТАУСКИЙ РАЙОН"	"13888"	"Всего"	"1"	"Всего"	"1"	"Всего"	"1"	"Всего"	"1"	"14 449"
"Общая площадь введенных в эксплуатацию жилых зданий(Метр квадратный)"	"2016 год"	"201612"	"МАНГИСТАУСКИЙ РАЙОН"	"13888"	"сельская местность"	"3"	"Всего"	"1"	"Всего"	"1"	"Всего"	"1"	"46 812"
"Общая площадь введенных в эксплуатацию жилых зданий(Метр квадратный)"	"2020 год"	"202012"	"МАНГИСТАУСКИЙ РАЙОН"	"13888"	"сельская местность"	"3"	"Всего"	"1"	"Всего"	"1"	"Всего"	"1"	"55 038"
"Общая площадь введенных в эксплуатацию жилых зданий(Метр квадратный)"	"2014 год"	"201412"	"МАНГИСТАУСКИЙ РАЙОН"	"13888"	"сельская местность"	"3"	"Всего"	"1"	"Всего"	"1"	"Всего"	"1"	"47 955"
"Общая площадь введенных в эксплуатацию жилых зданий(Метр квадратный)"	"2019 год"	"201912"	"МАНГИСТАУСКИЙ РАЙОН"	"13888"	"сельская местность"	"3"	"Всего"	"1"	"Всего"	"1"	"Всего"	"1"	"54 724"
"Общая площадь введенных в эксплуатацию жилых зданий(Метр квадратный)"	"2015 год"	"201512"	"МАНГИСТАУСКИЙ РАЙОН"	"13888"	"сельская местность"	"3"	"Всего"	"1"	"Всего"	"1"	"Всего"	"1"	"45 188"
"Общая площадь введенных в эксплуатацию жилых зданий(Метр квадратный)"	"2017 год"	"201712"	"МАНГИСТАУСКИЙ РАЙОН"	"13888"	"сельская местность"	"3"	"Всего"	"1"	"Всего"	"1"	"Всего"	"1"	"46 774"
"Общая площадь введенных в эксплуатацию жилых зданий(Метр квадратный)"	"2018 год"	"201812"	"МАНГИСТАУСКИЙ РАЙОН"	"13888"	"сельская местность"	"3"	"Всего"	"1"	"Всего"	"1"	"Всего"	"1"	"51 678"
"Общая площадь введенных в эксплуатацию жилых зданий(Метр квадратный)"	"2021 год"	"202112"	"МАНГИСТАУСКИЙ РАЙОН"	"13888"	"сельская местность"	"3"	"Всего"	"1"	"Всего"	"1"	"Всего"	"1"	"55 518"
"Общая площадь введенных в эксплуатацию жилых зданий(Метр квадратный)"	"2022 год"	"202212"	"МАНГИСТАУСКИЙ РАЙОН"	"13888"	"сельская местность"	"3"	"Всего"	"1"	"Всего"	"1"	"Всего"	"1"	"14 449"
"Общая площадь введенных в эксплуатацию жилых зданий(Метр квадратный)"	"2016 год"	"201612"	"МУНАЙЛИНСКИЙ РАЙОН"	"14116"	"Всего"	"1"	"Всего"	"1"	"Всего"	"1"	"Всего"	"1"	"119 369"
"Общая площадь введенных в эксплуатацию жилых зданий(Метр квадратный)"	"2020 год"	"202012"	"МУНАЙЛИНСКИЙ РАЙОН"	"14116"	"Всего"	"1"	"Всего"	"1"	"Всего"	"1"	"Всего"	"1"	"197 168"
"Общая площадь введенных в эксплуатацию жилых зданий(Метр квадратный)"	"2014 год"	"201412"	"МУНАЙЛИНСКИЙ РАЙОН"	"14116"	"Всего"	"1"	"Всего"	"1"	"Всего"	"1"	"Всего"	"1"	"139 061"
"Общая площадь введенных в эксплуатацию жилых зданий(Метр квадратный)"	"2019 год"	"201912"	"МУНАЙЛИНСКИЙ РАЙОН"	"14116"	"Всего"	"1"	"Всего"	"1"	"Всего"	"1"	"Всего"	"1"	"188 790"
"Общая площадь введенных в эксплуатацию жилых зданий(Метр квадратный)"	"2015 год"	"201512"	"МУНАЙЛИНСКИЙ РАЙОН"	"14116"	"Всего"	"1"	"Всего"	"1"	"Всего"	"1"	"Всего"	"1"	"118 243"
"Общая площадь введенных в эксплуатацию жилых зданий(Метр квадратный)"	"2017 год"	"201712"	"МУНАЙЛИНСКИЙ РАЙОН"	"14116"	"Всего"	"1"	"Всего"	"1"	"Всего"	"1"	"Всего"	"1"	"139 791"
"Общая площадь введенных в эксплуатацию жилых зданий(Метр квадратный)"	"2018 год"	"201812"	"МУНАЙЛИНСКИЙ РАЙОН"	"14116"	"Всего"	"1"	"Всего"	"1"	"Всего"	"1"	"Всего"	"1"	"170 609"
"Общая площадь введенных в эксплуатацию жилых зданий(Метр квадратный)"	"2021 год"	"202112"	"МУНАЙЛИНСКИЙ РАЙОН"	"14116"	"Всего"	"1"	"Всего"	"1"	"Всего"	"1"	"Всего"	"1"	"203 653"
"Общая площадь введенных в эксплуатацию жилых зданий(Метр квадратный)"	"2022 год"	"202212"	"МУНАЙЛИНСКИЙ РАЙОН"	"14116"	"Всего"	"1"	"Всего"	"1"	"Всего"	"1"	"Всего"	"1"	"152 965"
"Общая площадь введенных в эксплуатацию жилых зданий(Метр квадратный)"	"2016 год"	"201612"	"МУНАЙЛИНСКИЙ РАЙОН"	"14116"	"сельская местность"	"3"	"Всего"	"1"	"Всего"	"1"	"Всего"	"1"	"119 369"
"Общая площадь введенных в эксплуатацию жилых зданий(Метр квадратный)"	"2020 год"	"202012"	"МУНАЙЛИНСКИЙ РАЙОН"	"14116"	"сельская местность"	"3"	"Всего"	"1"	"Всего"	"1"	"Всего"	"1"	"197 168"
"Общая площадь введенных в эксплуатацию жилых зданий(Метр квадратный)"	"2014 год"	"201412"	"МУНАЙЛИНСКИЙ РАЙОН"	"14116"	"сельская местность"	"3"	"Всего"	"1"	"Всего"	"1"	"Всего"	"1"	"139 061"
"Общая площадь введенных в эксплуатацию жилых зданий(Метр квадратный)"	"2019 год"	"201912"	"МУНАЙЛИНСКИЙ РАЙОН"	"14116"	"сельская местность"	"3"	"Всего"	"1"	"Всего"	"1"	"Всего"	"1"	"188 790"
"Общая площадь введенных в эксплуатацию жилых зданий(Метр квадратный)"	"2015 год"	"201512"	"МУНАЙЛИНСКИЙ РАЙОН"	"14116"	"сельская местность"	"3"	"Всего"	"1"	"Всего"	"1"	"Всего"	"1"	"118 243"
"Общая площадь введенных в эксплуатацию жилых зданий(Метр квадратный)"	"2017 год"	"201712"	"МУНАЙЛИНСКИЙ РАЙОН"	"14116"	"сельская местность"	"3"	"Всего"	"1"	"Всего"	"1"	"Всего"	"1"	"139 791"
"Общая площадь введенных в эксплуатацию жилых зданий(Метр квадратный)"	"2018 год"	"201812"	"МУНАЙЛИНСКИЙ РАЙОН"	"14116"	"сельская местность"	"3"	"Всего"	"1"	"Всего"	"1"	"Всего"	"1"	"170 609"
"Общая площадь введенных в эксплуатацию жилых зданий(Метр квадратный)"	"2021 год"	"202112"	"МУНАЙЛИНСКИЙ РАЙОН"	"14116"	"сельская местность"	"3"	"Всего"	"1"	"Всего"	"1"	"Всего"	"1"	"203 653"
"Общая площадь введенных в эксплуатацию жилых зданий(Метр квадратный)"	"2022 год"	"202212"	"МУНАЙЛИНСКИЙ РАЙОН"	"14116"	"сельская местность"	"3"	"Всего"	"1"	"Всего"	"1"	"Всего"	"1"	"152 965"
"Общая площадь введенных в эксплуатацию жилых зданий(Метр квадратный)"	"2016 год"	"201612"	"ТУПКАРАГАНСКИЙ РАЙОН"	"14135"	"Всего"	"1"	"Всего"	"1"	"Всего"	"1"	"Всего"	"1"	"44 324"
"Общая площадь введенных в эксплуатацию жилых зданий(Метр квадратный)"	"2020 год"	"202012"	"ТУПКАРАГАНСКИЙ РАЙОН"	"14135"	"Всего"	"1"	"Всего"	"1"	"Всего"	"1"	"Всего"	"1"	"57 251"
"Общая площадь введенных в эксплуатацию жилых зданий(Метр квадратный)"	"2014 год"	"201412"	"ТУПКАРАГАНСКИЙ РАЙОН"	"14135"	"Всего"	"1"	"Всего"	"1"	"Всего"	"1"	"Всего"	"1"	"40 237"
"Общая площадь введенных в эксплуатацию жилых зданий(Метр квадратный)"	"2019 год"	"201912"	"ТУПКАРАГАНСКИЙ РАЙОН"	"14135"	"Всего"	"1"	"Всего"	"1"	"Всего"	"1"	"Всего"	"1"	"52 250"
"Общая площадь введенных в эксплуатацию жилых зданий(Метр квадратный)"	"2015 год"	"201512"	"ТУПКАРАГАНСКИЙ РАЙОН"	"14135"	"Всего"	"1"	"Всего"	"1"	"Всего"	"1"	"Всего"	"1"	"39 522"
"Общая площадь введенных в эксплуатацию жилых зданий(Метр квадратный)"	"2017 год"	"201712"	"ТУПКАРАГАНСКИЙ РАЙОН"	"14135"	"Всего"	"1"	"Всего"	"1"	"Всего"	"1"	"Всего"	"1"	"45 281"
"Общая площадь введенных в эксплуатацию жилых зданий(Метр квадратный)"	"2018 год"	"201812"	"ТУПКАРАГАНСКИЙ РАЙОН"	"14135"	"Всего"	"1"	"Всего"	"1"	"Всего"	"1"	"Всего"	"1"	"46 538"
"Общая площадь введенных в эксплуатацию жилых зданий(Метр квадратный)"	"2021 год"	"202112"	"ТУПКАРАГАНСКИЙ РАЙОН"	"14135"	"Всего"	"1"	"Всего"	"1"	"Всего"	"1"	"Всего"	"1"	"62 928"
"Общая площадь введенных в эксплуатацию жилых зданий(Метр квадратный)"	"2022 год"	"202212"	"ТУПКАРАГАНСКИЙ РАЙОН"	"14135"	"Всего"	"1"	"Всего"	"1"	"Всего"	"1"	"Всего"	"1"	"58 912"
"Общая площадь введенных в эксплуатацию жилых зданий(Метр квадратный)"	"2016 год"	"201612"	"ТУПКАРАГАНСКИЙ РАЙОН"	"14135"	"городская местность"	"2"	"Всего"	"1"	"Всего"	"1"	"Всего"	"1"	"1 364"
"Общая площадь введенных в эксплуатацию жилых зданий(Метр квадратный)"	"2020 год"	"202012"	"ТУПКАРАГАНСКИЙ РАЙОН"	"14135"	"городская местность"	"2"	"Всего"	"1"	"Всего"	"1"	"Всего"	"1"	"10 286"
"Общая площадь введенных в эксплуатацию жилых зданий(Метр квадратный)"	"2014 год"	"201412"	"ТУПКАРАГАНСКИЙ РАЙОН"	"14135"	"городская местность"	"2"	"Всего"	"1"	"Всего"	"1"	"Всего"	"1"	"10 496"
"Общая площадь введенных в эксплуатацию жилых зданий(Метр квадратный)"	"2019 год"	"201912"	"ТУПКАРАГАНСКИЙ РАЙОН"	"14135"	"городская местность"	"2"	"Всего"	"1"	"Всего"	"1"	"Всего"	"1"	"11 411"
"Общая площадь введенных в эксплуатацию жилых зданий(Метр квадратный)"	"2015 год"	"201512"	"ТУПКАРАГАНСКИЙ РАЙОН"	"14135"	"городская местность"	"2"	"Всего"	"1"	"Всего"	"1"	"Всего"	"1"	"4 462"
"Общая площадь введенных в эксплуатацию жилых зданий(Метр квадратный)"	"2017 год"	"201712"	"ТУПКАРАГАНСКИЙ РАЙОН"	"14135"	"городская местность"	"2"	"Всего"	"1"	"Всего"	"1"	"Всего"	"1"	"7 061"
"Общая площадь введенных в эксплуатацию жилых зданий(Метр квадратный)"	"2018 год"	"201812"	"ТУПКАРАГАНСКИЙ РАЙОН"	"14135"	"городская местность"	"2"	"Всего"	"1"	"Всего"	"1"	"Всего"	"1"	"6 740"
"Общая площадь введенных в эксплуатацию жилых зданий(Метр квадратный)"	"2021 год"	"202112"	"ТУПКАРАГАНСКИЙ РАЙОН"	"14135"	"городская местность"	"2"	"Всего"	"1"	"Всего"	"1"	"Всего"	"1"	"7 067"
"Общая площадь введенных в эксплуатацию жилых зданий(Метр квадратный)"	"2022 год"	"202212"	"ТУПКАРАГАНСКИЙ РАЙОН"	"14135"	"городская местность"	"2"	"Всего"	"1"	"Всего"	"1"	"Всего"	"1"	"10 687"
"Общая площадь введенных в эксплуатацию жилых зданий(Метр квадратный)"	"2016 год"	"201612"	"ТУПКАРАГАНСКИЙ РАЙОН"	"14135"	"сельская местность"	"3"	"Всего"	"1"	"Всего"	"1"	"Всего"	"1"	"42 960"
"Общая площадь введенных в эксплуатацию жилых зданий(Метр квадратный)"	"2020 год"	"202012"	"ТУПКАРАГАНСКИЙ РАЙОН"	"14135"	"сельская местность"	"3"	"Всего"	"1"	"Всего"	"1"	"Всего"	"1"	"46 965"
"Общая площадь введенных в эксплуатацию жилых зданий(Метр квадратный)"	"2014 год"	"201412"	"ТУПКАРАГАНСКИЙ РАЙОН"	"14135"	"сельская местность"	"3"	"Всего"	"1"	"Всего"	"1"	"Всего"	"1"	"29 741"
"Общая площадь введенных в эксплуатацию жилых зданий(Метр квадратный)"	"2019 год"	"201912"	"ТУПКАРАГАНСКИЙ РАЙОН"	"14135"	"сельская местность"	"3"	"Всего"	"1"	"Всего"	"1"	"Всего"	"1"	"40 839"
"Общая площадь введенных в эксплуатацию жилых зданий(Метр квадратный)"	"2015 год"	"201512"	"ТУПКАРАГАНСКИЙ РАЙОН"	"14135"	"сельская местность"	"3"	"Всего"	"1"	"Всего"	"1"	"Всего"	"1"	"35 060"
"Общая площадь введенных в эксплуатацию жилых зданий(Метр квадратный)"	"2017 год"	"201712"	"ТУПКАРАГАНСКИЙ РАЙОН"	"14135"	"сельская местность"	"3"	"Всего"	"1"	"Всего"	"1"	"Всего"	"1"	"38 220"
"Общая площадь введенных в эксплуатацию жилых зданий(Метр квадратный)"	"2018 год"	"201812"	"ТУПКАРАГАНСКИЙ РАЙОН"	"14135"	"сельская местность"	"3"	"Всего"	"1"	"Всего"	"1"	"Всего"	"1"	"39 798"
"Общая площадь введенных в эксплуатацию жилых зданий(Метр квадратный)"	"2021 год"	"202112"	"ТУПКАРАГАНСКИЙ РАЙОН"	"14135"	"сельская местность"	"3"	"Всего"	"1"	"Всего"	"1"	"Всего"	"1"	"55 861"
"Общая площадь введенных в эксплуатацию жилых зданий(Метр квадратный)"	"2022 год"	"202212"	"ТУПКАРАГАНСКИЙ РАЙОН"	"14135"	"сельская местность"	"3"	"Всего"	"1"	"Всего"	"1"	"Всего"	"1"	"48 225"
"Общая площадь введенных в эксплуатацию жилых зданий(Метр квадратный)"	"2016 год"	"201612"	"ЮЖНО-КАЗАХСТАНСКАЯ ОБЛАСТЬ"	"14242"	"Всего"	"1"	"Всего"	"1"	"Всего"	"1"	"Всего"	"1"	"529 568"
"Общая площадь введенных в эксплуатацию жилых зданий(Метр квадратный)"	"2014 год"	"201412"	"ЮЖНО-КАЗАХСТАНСКАЯ ОБЛАСТЬ"	"14242"	"Всего"	"1"	"Всего"	"1"	"Всего"	"1"	"Всего"	"1"	"405 027"
"Общая площадь введенных в эксплуатацию жилых зданий(Метр квадратный)"	"2015 год"	"201512"	"ЮЖНО-КАЗАХСТАНСКАЯ ОБЛАСТЬ"	"14242"	"Всего"	"1"	"Всего"	"1"	"Всего"	"1"	"Всего"	"1"	"445 139"
"Общая площадь введенных в эксплуатацию жилых зданий(Метр квадратный)"	"2017 год"	"201712"	"ЮЖНО-КАЗАХСТАНСКАЯ ОБЛАСТЬ"	"14242"	"Всего"	"1"	"Всего"	"1"	"Всего"	"1"	"Всего"	"1"	"721 149"
"Общая площадь введенных в эксплуатацию жилых зданий(Метр квадратный)"	"2016 год"	"201612"	"ЮЖНО-КАЗАХСТАНСКАЯ ОБЛАСТЬ"	"14242"	"городская местность"	"2"	"Всего"	"1"	"Всего"	"1"	"Всего"	"1"	"348 335"
"Общая площадь введенных в эксплуатацию жилых зданий(Метр квадратный)"	"2014 год"	"201412"	"ЮЖНО-КАЗАХСТАНСКАЯ ОБЛАСТЬ"	"14242"	"городская местность"	"2"	"Всего"	"1"	"Всего"	"1"	"Всего"	"1"	"263 261"
"Общая площадь введенных в эксплуатацию жилых зданий(Метр квадратный)"	"2015 год"	"201512"	"ЮЖНО-КАЗАХСТАНСКАЯ ОБЛАСТЬ"	"14242"	"городская местность"	"2"	"Всего"	"1"	"Всего"	"1"	"Всего"	"1"	"320 105"
"Общая площадь введенных в эксплуатацию жилых зданий(Метр квадратный)"	"2017 год"	"201712"	"ЮЖНО-КАЗАХСТАНСКАЯ ОБЛАСТЬ"	"14242"	"городская местность"	"2"	"Всего"	"1"	"Всего"	"1"	"Всего"	"1"	"556 497"
"Общая площадь введенных в эксплуатацию жилых зданий(Метр квадратный)"	"2016 год"	"201612"	"ЮЖНО-КАЗАХСТАНСКАЯ ОБЛАСТЬ"	"14242"	"сельская местность"	"3"	"Всего"	"1"	"Всего"	"1"	"Всего"	"1"	"181 233"
"Общая площадь введенных в эксплуатацию жилых зданий(Метр квадратный)"	"2014 год"	"201412"	"ЮЖНО-КАЗАХСТАНСКАЯ ОБЛАСТЬ"	"14242"	"сельская местность"	"3"	"Всего"	"1"	"Всего"	"1"	"Всего"	"1"	"141 766"
"Общая площадь введенных в эксплуатацию жилых зданий(Метр квадратный)"	"2015 год"	"201512"	"ЮЖНО-КАЗАХСТАНСКАЯ ОБЛАСТЬ"	"14242"	"сельская местность"	"3"	"Всего"	"1"	"Всего"	"1"	"Всего"	"1"	"125 034"
"Общая площадь введенных в эксплуатацию жилых зданий(Метр квадратный)"	"2017 год"	"201712"	"ЮЖНО-КАЗАХСТАНСКАЯ ОБЛАСТЬ"	"14242"	"сельская местность"	"3"	"Всего"	"1"	"Всего"	"1"	"Всего"	"1"	"164 652"
"Общая площадь введенных в эксплуатацию жилых зданий(Метр квадратный)"	"2016 год"	"201612"	"ШЫМКЕНТ Г.А."	"14243"	"Всего"	"1"	"Всего"	"1"	"Всего"	"1"	"Всего"	"1"	"246 722"
"Общая площадь введенных в эксплуатацию жилых зданий(Метр квадратный)"	"2014 год"	"201412"	"ШЫМКЕНТ Г.А."	"14243"	"Всего"	"1"	"Всего"	"1"	"Всего"	"1"	"Всего"	"1"	"190 990"
"Общая площадь введенных в эксплуатацию жилых зданий(Метр квадратный)"	"2015 год"	"201512"	"ШЫМКЕНТ Г.А."	"14243"	"Всего"	"1"	"Всего"	"1"	"Всего"	"1"	"Всего"	"1"	"217 418"
"Общая площадь введенных в эксплуатацию жилых зданий(Метр квадратный)"	"2017 год"	"201712"	"ШЫМКЕНТ Г.А."	"14243"	"Всего"	"1"	"Всего"	"1"	"Всего"	"1"	"Всего"	"1"	"402 541"
"Общая площадь введенных в эксплуатацию жилых зданий(Метр квадратный)"	"2016 год"	"201612"	"ШЫМКЕНТ Г.А."	"14243"	"городская местность"	"2"	"Всего"	"1"	"Всего"	"1"	"Всего"	"1"	"246 722"
"Общая площадь введенных в эксплуатацию жилых зданий(Метр квадратный)"	"2014 год"	"201412"	"ШЫМКЕНТ Г.А."	"14243"	"городская местность"	"2"	"Всего"	"1"	"Всего"	"1"	"Всего"	"1"	"190 990"
"Общая площадь введенных в эксплуатацию жилых зданий(Метр квадратный)"	"2015 год"	"201512"	"ШЫМКЕНТ Г.А."	"14243"	"городская местность"	"2"	"Всего"	"1"	"Всего"	"1"	"Всего"	"1"	"217 418"
"Общая площадь введенных в эксплуатацию жилых зданий(Метр квадратный)"	"2017 год"	"201712"	"ШЫМКЕНТ Г.А."	"14243"	"городская местность"	"2"	"Всего"	"1"	"Всего"	"1"	"Всего"	"1"	"402 541"
"Общая площадь введенных в эксплуатацию жилых зданий(Метр квадратный)"	"2016 год"	"201612"	"АРЫСЬ Г.А."	"14252"	"Всего"	"1"	"Всего"	"1"	"Всего"	"1"	"Всего"	"1"	"19 610"
"Общая площадь введенных в эксплуатацию жилых зданий(Метр квадратный)"	"2014 год"	"201412"	"АРЫСЬ Г.А."	"14252"	"Всего"	"1"	"Всего"	"1"	"Всего"	"1"	"Всего"	"1"	"13 774"
"Общая площадь введенных в эксплуатацию жилых зданий(Метр квадратный)"	"2015 год"	"201512"	"АРЫСЬ Г.А."	"14252"	"Всего"	"1"	"Всего"	"1"	"Всего"	"1"	"Всего"	"1"	"19 576"
"Общая площадь введенных в эксплуатацию жилых зданий(Метр квадратный)"	"2017 год"	"201712"	"АРЫСЬ Г.А."	"14252"	"Всего"	"1"	"Всего"	"1"	"Всего"	"1"	"Всего"	"1"	"25 760"
"Общая площадь введенных в эксплуатацию жилых зданий(Метр квадратный)"	"2016 год"	"201612"	"АРЫСЬ Г.А."	"14252"	"городская местность"	"2"	"Всего"	"1"	"Всего"	"1"	"Всего"	"1"	"17 019"
"Общая площадь введенных в эксплуатацию жилых зданий(Метр квадратный)"	"2014 год"	"201412"	"АРЫСЬ Г.А."	"14252"	"городская местность"	"2"	"Всего"	"1"	"Всего"	"1"	"Всего"	"1"	"8 110"
"Общая площадь введенных в эксплуатацию жилых зданий(Метр квадратный)"	"2015 год"	"201512"	"АРЫСЬ Г.А."	"14252"	"городская местность"	"2"	"Всего"	"1"	"Всего"	"1"	"Всего"	"1"	"17 699"
"Общая площадь введенных в эксплуатацию жилых зданий(Метр квадратный)"	"2017 год"	"201712"	"АРЫСЬ Г.А."	"14252"	"городская местность"	"2"	"Всего"	"1"	"Всего"	"1"	"Всего"	"1"	"24 009"
"Общая площадь введенных в эксплуатацию жилых зданий(Метр квадратный)"	"2016 год"	"201612"	"АРЫСЬ Г.А."	"14252"	"сельская местность"	"3"	"Всего"	"1"	"Всего"	"1"	"Всего"	"1"	"2 591"
"Общая площадь введенных в эксплуатацию жилых зданий(Метр квадратный)"	"2014 год"	"201412"	"АРЫСЬ Г.А."	"14252"	"сельская местность"	"3"	"Всего"	"1"	"Всего"	"1"	"Всего"	"1"	"5 664"
"Общая площадь введенных в эксплуатацию жилых зданий(Метр квадратный)"	"2015 год"	"201512"	"АРЫСЬ Г.А."	"14252"	"сельская местность"	"3"	"Всего"	"1"	"Всего"	"1"	"Всего"	"1"	"1 877"
"Общая площадь введенных в эксплуатацию жилых зданий(Метр квадратный)"	"2017 год"	"201712"	"АРЫСЬ Г.А."	"14252"	"сельская местность"	"3"	"Всего"	"1"	"Всего"	"1"	"Всего"	"1"	"1 751"
"Общая площадь введенных в эксплуатацию жилых зданий(Метр квадратный)"	"2016 год"	"201612"	"КЕНТАУ Г.А."	"14294"	"Всего"	"1"	"Всего"	"1"	"Всего"	"1"	"Всего"	"1"	"11 012"
"Общая площадь введенных в эксплуатацию жилых зданий(Метр квадратный)"	"2014 год"	"201412"	"КЕНТАУ Г.А."	"14294"	"Всего"	"1"	"Всего"	"1"	"Всего"	"1"	"Всего"	"1"	"10 600"
"Общая площадь введенных в эксплуатацию жилых зданий(Метр квадратный)"	"2015 год"	"201512"	"КЕНТАУ Г.А."	"14294"	"Всего"	"1"	"Всего"	"1"	"Всего"	"1"	"Всего"	"1"	"15 329"
"Общая площадь введенных в эксплуатацию жилых зданий(Метр квадратный)"	"2017 год"	"201712"	"КЕНТАУ Г.А."	"14294"	"Всего"	"1"	"Всего"	"1"	"Всего"	"1"	"Всего"	"1"	"12 878"
"Общая площадь введенных в эксплуатацию жилых зданий(Метр квадратный)"	"2016 год"	"201612"	"КЕНТАУ Г.А."	"14294"	"городская местность"	"2"	"Всего"	"1"	"Всего"	"1"	"Всего"	"1"	"9 244"
"Общая площадь введенных в эксплуатацию жилых зданий(Метр квадратный)"	"2014 год"	"201412"	"КЕНТАУ Г.А."	"14294"	"городская местность"	"2"	"Всего"	"1"	"Всего"	"1"	"Всего"	"1"	"7 891"
"Общая площадь введенных в эксплуатацию жилых зданий(Метр квадратный)"	"2015 год"	"201512"	"КЕНТАУ Г.А."	"14294"	"городская местность"	"2"	"Всего"	"1"	"Всего"	"1"	"Всего"	"1"	"14 801"
"Общая площадь введенных в эксплуатацию жилых зданий(Метр квадратный)"	"2017 год"	"201712"	"КЕНТАУ Г.А."	"14294"	"городская местность"	"2"	"Всего"	"1"	"Всего"	"1"	"Всего"	"1"	"8 709"
"Общая площадь введенных в эксплуатацию жилых зданий(Метр квадратный)"	"2016 год"	"201612"	"КЕНТАУ Г.А."	"14294"	"сельская местность"	"3"	"Всего"	"1"	"Всего"	"1"	"Всего"	"1"	"1 768"
"Общая площадь введенных в эксплуатацию жилых зданий(Метр квадратный)"	"2014 год"	"201412"	"КЕНТАУ Г.А."	"14294"	"сельская местность"	"3"	"Всего"	"1"	"Всего"	"1"	"Всего"	"1"	"2 709"
"Общая площадь введенных в эксплуатацию жилых зданий(Метр квадратный)"	"2015 год"	"201512"	"КЕНТАУ Г.А."	"14294"	"сельская местность"	"3"	"Всего"	"1"	"Всего"	"1"	"Всего"	"1"	"528"
"Общая площадь введенных в эксплуатацию жилых зданий(Метр квадратный)"	"2017 год"	"201712"	"КЕНТАУ Г.А."	"14294"	"сельская местность"	"3"	"Всего"	"1"	"Всего"	"1"	"Всего"	"1"	"4 169"
"Общая площадь введенных в эксплуатацию жилых зданий(Метр квадратный)"	"2016 год"	"201612"	"ТУРКЕСТАН Г.А."	"14307"	"Всего"	"1"	"Всего"	"1"	"Всего"	"1"	"Всего"	"1"	"51 999"
"Общая площадь введенных в эксплуатацию жилых зданий(Метр квадратный)"	"2014 год"	"201412"	"ТУРКЕСТАН Г.А."	"14307"	"Всего"	"1"	"Всего"	"1"	"Всего"	"1"	"Всего"	"1"	"44 916"
"Общая площадь введенных в эксплуатацию жилых зданий(Метр квадратный)"	"2015 год"	"201512"	"ТУРКЕСТАН Г.А."	"14307"	"Всего"	"1"	"Всего"	"1"	"Всего"	"1"	"Всего"	"1"	"38 679"
"Общая площадь введенных в эксплуатацию жилых зданий(Метр квадратный)"	"2017 год"	"201712"	"ТУРКЕСТАН Г.А."	"14307"	"Всего"	"1"	"Всего"	"1"	"Всего"	"1"	"Всего"	"1"	"81 616"
"Общая площадь введенных в эксплуатацию жилых зданий(Метр квадратный)"	"2016 год"	"201612"	"ТУРКЕСТАН Г.А."	"14307"	"городская местность"	"2"	"Всего"	"1"	"Всего"	"1"	"Всего"	"1"	"45 123"
"Общая площадь введенных в эксплуатацию жилых зданий(Метр квадратный)"	"2014 год"	"201412"	"ТУРКЕСТАН Г.А."	"14307"	"городская местность"	"2"	"Всего"	"1"	"Всего"	"1"	"Всего"	"1"	"36 324"
"Общая площадь введенных в эксплуатацию жилых зданий(Метр квадратный)"	"2015 год"	"201512"	"ТУРКЕСТАН Г.А."	"14307"	"городская местность"	"2"	"Всего"	"1"	"Всего"	"1"	"Всего"	"1"	"36 786"
"Общая площадь введенных в эксплуатацию жилых зданий(Метр квадратный)"	"2017 год"	"201712"	"ТУРКЕСТАН Г.А."	"14307"	"городская местность"	"2"	"Всего"	"1"	"Всего"	"1"	"Всего"	"1"	"76 058"
"Общая площадь введенных в эксплуатацию жилых зданий(Метр квадратный)"	"2016 год"	"201612"	"ТУРКЕСТАН Г.А."	"14307"	"сельская местность"	"3"	"Всего"	"1"	"Всего"	"1"	"Всего"	"1"	"6 876"
"Общая площадь введенных в эксплуатацию жилых зданий(Метр квадратный)"	"2014 год"	"201412"	"ТУРКЕСТАН Г.А."	"14307"	"сельская местность"	"3"	"Всего"	"1"	"Всего"	"1"	"Всего"	"1"	"8 592"
"Общая площадь введенных в эксплуатацию жилых зданий(Метр квадратный)"	"2015 год"	"201512"	"ТУРКЕСТАН Г.А."	"14307"	"сельская местность"	"3"	"Всего"	"1"	"Всего"	"1"	"Всего"	"1"	"1 893"
"Общая площадь введенных в эксплуатацию жилых зданий(Метр квадратный)"	"2017 год"	"201712"	"ТУРКЕСТАН Г.А."	"14307"	"сельская местность"	"3"	"Всего"	"1"	"Всего"	"1"	"Всего"	"1"	"5 558"
"Общая площадь введенных в эксплуатацию жилых зданий(Метр квадратный)"	"2016 год"	"201612"	"РАЙОН БАЙДИБЕКА"	"14412"	"Всего"	"1"	"Всего"	"1"	"Всего"	"1"	"Всего"	"1"	"10 813"
"Общая площадь введенных в эксплуатацию жилых зданий(Метр квадратный)"	"2014 год"	"201412"	"РАЙОН БАЙДИБЕКА"	"14412"	"Всего"	"1"	"Всего"	"1"	"Всего"	"1"	"Всего"	"1"	"10 238"
"Общая площадь введенных в эксплуатацию жилых зданий(Метр квадратный)"	"2015 год"	"201512"	"РАЙОН БАЙДИБЕКА"	"14412"	"Всего"	"1"	"Всего"	"1"	"Всего"	"1"	"Всего"	"1"	"9 635"
"Общая площадь введенных в эксплуатацию жилых зданий(Метр квадратный)"	"2017 год"	"201712"	"РАЙОН БАЙДИБЕКА"	"14412"	"Всего"	"1"	"Всего"	"1"	"Всего"	"1"	"Всего"	"1"	"11 519"
"Общая площадь введенных в эксплуатацию жилых зданий(Метр квадратный)"	"2016 год"	"201612"	"РАЙОН БАЙДИБЕКА"	"14412"	"сельская местность"	"3"	"Всего"	"1"	"Всего"	"1"	"Всего"	"1"	"10 813"
"Общая площадь введенных в эксплуатацию жилых зданий(Метр квадратный)"	"2014 год"	"201412"	"РАЙОН БАЙДИБЕКА"	"14412"	"сельская местность"	"3"	"Всего"	"1"	"Всего"	"1"	"Всего"	"1"	"10 238"
"Общая площадь введенных в эксплуатацию жилых зданий(Метр квадратный)"	"2015 год"	"201512"	"РАЙОН БАЙДИБЕКА"	"14412"	"сельская местность"	"3"	"Всего"	"1"	"Всего"	"1"	"Всего"	"1"	"9 635"
"Общая площадь введенных в эксплуатацию жилых зданий(Метр квадратный)"	"2017 год"	"201712"	"РАЙОН БАЙДИБЕКА"	"14412"	"сельская местность"	"3"	"Всего"	"1"	"Всего"	"1"	"Всего"	"1"	"11 519"
"Общая площадь введенных в эксплуатацию жилых зданий(Метр квадратный)"	"2016 год"	"201612"	"КАЗЫГУРТСКИЙ РАЙОН"	"14503"	"Всего"	"1"	"Всего"	"1"	"Всего"	"1"	"Всего"	"1"	"11 546"
"Общая площадь введенных в эксплуатацию жилых зданий(Метр квадратный)"	"2014 год"	"201412"	"КАЗЫГУРТСКИЙ РАЙОН"	"14503"	"Всего"	"1"	"Всего"	"1"	"Всего"	"1"	"Всего"	"1"	"10 304"
"Общая площадь введенных в эксплуатацию жилых зданий(Метр квадратный)"	"2015 год"	"201512"	"КАЗЫГУРТСКИЙ РАЙОН"	"14503"	"Всего"	"1"	"Всего"	"1"	"Всего"	"1"	"Всего"	"1"	"11 373"
"Общая площадь введенных в эксплуатацию жилых зданий(Метр квадратный)"	"2017 год"	"201712"	"КАЗЫГУРТСКИЙ РАЙОН"	"14503"	"Всего"	"1"	"Всего"	"1"	"Всего"	"1"	"Всего"	"1"	"11 776"
"Общая площадь введенных в эксплуатацию жилых зданий(Метр квадратный)"	"2016 год"	"201612"	"КАЗЫГУРТСКИЙ РАЙОН"	"14503"	"сельская местность"	"3"	"Всего"	"1"	"Всего"	"1"	"Всего"	"1"	"11 546"
"Общая площадь введенных в эксплуатацию жилых зданий(Метр квадратный)"	"2014 год"	"201412"	"КАЗЫГУРТСКИЙ РАЙОН"	"14503"	"сельская местность"	"3"	"Всего"	"1"	"Всего"	"1"	"Всего"	"1"	"10 304"
"Общая площадь введенных в эксплуатацию жилых зданий(Метр квадратный)"	"2015 год"	"201512"	"КАЗЫГУРТСКИЙ РАЙОН"	"14503"	"сельская местность"	"3"	"Всего"	"1"	"Всего"	"1"	"Всего"	"1"	"11 373"
"Общая площадь введенных в эксплуатацию жилых зданий(Метр квадратный)"	"2017 год"	"201712"	"КАЗЫГУРТСКИЙ РАЙОН"	"14503"	"сельская местность"	"3"	"Всего"	"1"	"Всего"	"1"	"Всего"	"1"	"11 776"
"Общая площадь введенных в эксплуатацию жилых зданий(Метр квадратный)"	"2016 год"	"201612"	"МАКТААРАЛЬСКИЙ РАЙОН"	"14847"	"Всего"	"1"	"Всего"	"1"	"Всего"	"1"	"Всего"	"1"	"24 624"
"Общая площадь введенных в эксплуатацию жилых зданий(Метр квадратный)"	"2014 год"	"201412"	"МАКТААРАЛЬСКИЙ РАЙОН"	"14847"	"Всего"	"1"	"Всего"	"1"	"Всего"	"1"	"Всего"	"1"	"16 057"
"Общая площадь введенных в эксплуатацию жилых зданий(Метр квадратный)"	"2015 год"	"201512"	"МАКТААРАЛЬСКИЙ РАЙОН"	"14847"	"Всего"	"1"	"Всего"	"1"	"Всего"	"1"	"Всего"	"1"	"18 349"
"Общая площадь введенных в эксплуатацию жилых зданий(Метр квадратный)"	"2017 год"	"201712"	"МАКТААРАЛЬСКИЙ РАЙОН"	"14847"	"Всего"	"1"	"Всего"	"1"	"Всего"	"1"	"Всего"	"1"	"25 163"
"Общая площадь введенных в эксплуатацию жилых зданий(Метр квадратный)"	"2016 год"	"201612"	"МАКТААРАЛЬСКИЙ РАЙОН"	"14847"	"городская местность"	"2"	"Всего"	"1"	"Всего"	"1"	"Всего"	"1"	"5 091"
"Общая площадь введенных в эксплуатацию жилых зданий(Метр квадратный)"	"2014 год"	"201412"	"МАКТААРАЛЬСКИЙ РАЙОН"	"14847"	"городская местность"	"2"	"Всего"	"1"	"Всего"	"1"	"Всего"	"1"	"4 653"
"Общая площадь введенных в эксплуатацию жилых зданий(Метр квадратный)"	"2015 год"	"201512"	"МАКТААРАЛЬСКИЙ РАЙОН"	"14847"	"городская местность"	"2"	"Всего"	"1"	"Всего"	"1"	"Всего"	"1"	"9 089"
"Общая площадь введенных в эксплуатацию жилых зданий(Метр квадратный)"	"2017 год"	"201712"	"МАКТААРАЛЬСКИЙ РАЙОН"	"14847"	"городская местность"	"2"	"Всего"	"1"	"Всего"	"1"	"Всего"	"1"	"3 660"
"Общая площадь введенных в эксплуатацию жилых зданий(Метр квадратный)"	"2016 год"	"201612"	"МАКТААРАЛЬСКИЙ РАЙОН"	"14847"	"сельская местность"	"3"	"Всего"	"1"	"Всего"	"1"	"Всего"	"1"	"19 533"
"Общая площадь введенных в эксплуатацию жилых зданий(Метр квадратный)"	"2014 год"	"201412"	"МАКТААРАЛЬСКИЙ РАЙОН"	"14847"	"сельская местность"	"3"	"Всего"	"1"	"Всего"	"1"	"Всего"	"1"	"11 404"
"Общая площадь введенных в эксплуатацию жилых зданий(Метр квадратный)"	"2015 год"	"201512"	"МАКТААРАЛЬСКИЙ РАЙОН"	"14847"	"сельская местность"	"3"	"Всего"	"1"	"Всего"	"1"	"Всего"	"1"	"9 260"
"Общая площадь введенных в эксплуатацию жилых зданий(Метр квадратный)"	"2017 год"	"201712"	"МАКТААРАЛЬСКИЙ РАЙОН"	"14847"	"сельская местность"	"3"	"Всего"	"1"	"Всего"	"1"	"Всего"	"1"	"21 503"
"Общая площадь введенных в эксплуатацию жилых зданий(Метр квадратный)"	"2016 год"	"201612"	"ОРДАБАСЫНСКИЙ РАЙОН"	"15056"	"Всего"	"1"	"Всего"	"1"	"Всего"	"1"	"Всего"	"1"	"12 682"
"Общая площадь введенных в эксплуатацию жилых зданий(Метр квадратный)"	"2014 год"	"201412"	"ОРДАБАСЫНСКИЙ РАЙОН"	"15056"	"Всего"	"1"	"Всего"	"1"	"Всего"	"1"	"Всего"	"1"	"11 993"
"Общая площадь введенных в эксплуатацию жилых зданий(Метр квадратный)"	"2015 год"	"201512"	"ОРДАБАСЫНСКИЙ РАЙОН"	"15056"	"Всего"	"1"	"Всего"	"1"	"Всего"	"1"	"Всего"	"1"	"12 498"
"Общая площадь введенных в эксплуатацию жилых зданий(Метр квадратный)"	"2017 год"	"201712"	"ОРДАБАСЫНСКИЙ РАЙОН"	"15056"	"Всего"	"1"	"Всего"	"1"	"Всего"	"1"	"Всего"	"1"	"14 930"
"Общая площадь введенных в эксплуатацию жилых зданий(Метр квадратный)"	"2016 год"	"201612"	"ОРДАБАСЫНСКИЙ РАЙОН"	"15056"	"сельская местность"	"3"	"Всего"	"1"	"Всего"	"1"	"Всего"	"1"	"12 682"
"Общая площадь введенных в эксплуатацию жилых зданий(Метр квадратный)"	"2014 год"	"201412"	"ОРДАБАСЫНСКИЙ РАЙОН"	"15056"	"сельская местность"	"3"	"Всего"	"1"	"Всего"	"1"	"Всего"	"1"	"11 993"
"Общая площадь введенных в эксплуатацию жилых зданий(Метр квадратный)"	"2015 год"	"201512"	"ОРДАБАСЫНСКИЙ РАЙОН"	"15056"	"сельская местность"	"3"	"Всего"	"1"	"Всего"	"1"	"Всего"	"1"	"12 498"
"Общая площадь введенных в эксплуатацию жилых зданий(Метр квадратный)"	"2017 год"	"201712"	"ОРДАБАСЫНСКИЙ РАЙОН"	"15056"	"сельская местность"	"3"	"Всего"	"1"	"Всего"	"1"	"Всего"	"1"	"14 930"
"Общая площадь введенных в эксплуатацию жилых зданий(Метр квадратный)"	"2016 год"	"201612"	"ОТРАРСКИЙ РАЙОН"	"15126"	"Всего"	"1"	"Всего"	"1"	"Всего"	"1"	"Всего"	"1"	"17 047"
"Общая площадь введенных в эксплуатацию жилых зданий(Метр квадратный)"	"2014 год"	"201412"	"ОТРАРСКИЙ РАЙОН"	"15126"	"Всего"	"1"	"Всего"	"1"	"Всего"	"1"	"Всего"	"1"	"9 149"
"Общая площадь введенных в эксплуатацию жилых зданий(Метр квадратный)"	"2015 год"	"201512"	"ОТРАРСКИЙ РАЙОН"	"15126"	"Всего"	"1"	"Всего"	"1"	"Всего"	"1"	"Всего"	"1"	"9 163"
"Общая площадь введенных в эксплуатацию жилых зданий(Метр квадратный)"	"2017 год"	"201712"	"ОТРАРСКИЙ РАЙОН"	"15126"	"Всего"	"1"	"Всего"	"1"	"Всего"	"1"	"Всего"	"1"	"10 240"
"Общая площадь введенных в эксплуатацию жилых зданий(Метр квадратный)"	"2016 год"	"201612"	"ОТРАРСКИЙ РАЙОН"	"15126"	"сельская местность"	"3"	"Всего"	"1"	"Всего"	"1"	"Всего"	"1"	"17 047"
"Общая площадь введенных в эксплуатацию жилых зданий(Метр квадратный)"	"2014 год"	"201412"	"ОТРАРСКИЙ РАЙОН"	"15126"	"сельская местность"	"3"	"Всего"	"1"	"Всего"	"1"	"Всего"	"1"	"9 149"
"Общая площадь введенных в эксплуатацию жилых зданий(Метр квадратный)"	"2015 год"	"201512"	"ОТРАРСКИЙ РАЙОН"	"15126"	"сельская местность"	"3"	"Всего"	"1"	"Всего"	"1"	"Всего"	"1"	"9 163"
"Общая площадь введенных в эксплуатацию жилых зданий(Метр квадратный)"	"2017 год"	"201712"	"ОТРАРСКИЙ РАЙОН"	"15126"	"сельская местность"	"3"	"Всего"	"1"	"Всего"	"1"	"Всего"	"1"	"10 240"
"Общая площадь введенных в эксплуатацию жилых зданий(Метр квадратный)"	"2016 год"	"201612"	"САЙРАМСКИЙ РАЙОН"	"15212"	"Всего"	"1"	"Всего"	"1"	"Всего"	"1"	"Всего"	"1"	"16 056"
"Общая площадь введенных в эксплуатацию жилых зданий(Метр квадратный)"	"2014 год"	"201412"	"САЙРАМСКИЙ РАЙОН"	"15212"	"Всего"	"1"	"Всего"	"1"	"Всего"	"1"	"Всего"	"1"	"17 692"
"Общая площадь введенных в эксплуатацию жилых зданий(Метр квадратный)"	"2015 год"	"201512"	"САЙРАМСКИЙ РАЙОН"	"15212"	"Всего"	"1"	"Всего"	"1"	"Всего"	"1"	"Всего"	"1"	"17 607"
"Общая площадь введенных в эксплуатацию жилых зданий(Метр квадратный)"	"2017 год"	"201712"	"САЙРАМСКИЙ РАЙОН"	"15212"	"Всего"	"1"	"Всего"	"1"	"Всего"	"1"	"Всего"	"1"	"16 054"
"Общая площадь введенных в эксплуатацию жилых зданий(Метр квадратный)"	"2016 год"	"201612"	"САЙРАМСКИЙ РАЙОН"	"15212"	"сельская местность"	"3"	"Всего"	"1"	"Всего"	"1"	"Всего"	"1"	"16 056"
"Общая площадь введенных в эксплуатацию жилых зданий(Метр квадратный)"	"2014 год"	"201412"	"САЙРАМСКИЙ РАЙОН"	"15212"	"сельская местность"	"3"	"Всего"	"1"	"Всего"	"1"	"Всего"	"1"	"17 692"
"Общая площадь введенных в эксплуатацию жилых зданий(Метр квадратный)"	"2015 год"	"201512"	"САЙРАМСКИЙ РАЙОН"	"15212"	"сельская местность"	"3"	"Всего"	"1"	"Всего"	"1"	"Всего"	"1"	"17 607"
"Общая площадь введенных в эксплуатацию жилых зданий(Метр квадратный)"	"2017 год"	"201712"	"САЙРАМСКИЙ РАЙОН"	"15212"	"сельская местность"	"3"	"Всего"	"1"	"Всего"	"1"	"Всего"	"1"	"16 054"
"Общая площадь введенных в эксплуатацию жилых зданий(Метр квадратный)"	"2016 год"	"201612"	"САРЫАГАШСКИЙ РАЙОН"	"15331"	"Всего"	"1"	"Всего"	"1"	"Всего"	"1"	"Всего"	"1"	"19 951"
"Общая площадь введенных в эксплуатацию жилых зданий(Метр квадратный)"	"2014 год"	"201412"	"САРЫАГАШСКИЙ РАЙОН"	"15331"	"Всего"	"1"	"Всего"	"1"	"Всего"	"1"	"Всего"	"1"	"17 343"
"Общая площадь введенных в эксплуатацию жилых зданий(Метр квадратный)"	"2015 год"	"201512"	"САРЫАГАШСКИЙ РАЙОН"	"15331"	"Всего"	"1"	"Всего"	"1"	"Всего"	"1"	"Всего"	"1"	"17 414"
"Общая площадь введенных в эксплуатацию жилых зданий(Метр квадратный)"	"2017 год"	"201712"	"САРЫАГАШСКИЙ РАЙОН"	"15331"	"Всего"	"1"	"Всего"	"1"	"Всего"	"1"	"Всего"	"1"	"19 978"
"Общая площадь введенных в эксплуатацию жилых зданий(Метр квадратный)"	"2016 год"	"201612"	"САРЫАГАШСКИЙ РАЙОН"	"15331"	"городская местность"	"2"	"Всего"	"1"	"Всего"	"1"	"Всего"	"1"	"5 884"
"Общая площадь введенных в эксплуатацию жилых зданий(Метр квадратный)"	"2014 год"	"201412"	"САРЫАГАШСКИЙ РАЙОН"	"15331"	"городская местность"	"2"	"Всего"	"1"	"Всего"	"1"	"Всего"	"1"	"3 901"
"Общая площадь введенных в эксплуатацию жилых зданий(Метр квадратный)"	"2015 год"	"201512"	"САРЫАГАШСКИЙ РАЙОН"	"15331"	"городская местность"	"2"	"Всего"	"1"	"Всего"	"1"	"Всего"	"1"	"8 488"
"Общая площадь введенных в эксплуатацию жилых зданий(Метр квадратный)"	"2017 год"	"201712"	"САРЫАГАШСКИЙ РАЙОН"	"15331"	"городская местность"	"2"	"Всего"	"1"	"Всего"	"1"	"Всего"	"1"	"5 669"
"Общая площадь введенных в эксплуатацию жилых зданий(Метр квадратный)"	"2016 год"	"201612"	"САРЫАГАШСКИЙ РАЙОН"	"15331"	"сельская местность"	"3"	"Всего"	"1"	"Всего"	"1"	"Всего"	"1"	"14 067"
"Общая площадь введенных в эксплуатацию жилых зданий(Метр квадратный)"	"2014 год"	"201412"	"САРЫАГАШСКИЙ РАЙОН"	"15331"	"сельская местность"	"3"	"Всего"	"1"	"Всего"	"1"	"Всего"	"1"	"13 442"
"Общая площадь введенных в эксплуатацию жилых зданий(Метр квадратный)"	"2015 год"	"201512"	"САРЫАГАШСКИЙ РАЙОН"	"15331"	"сельская местность"	"3"	"Всего"	"1"	"Всего"	"1"	"Всего"	"1"	"8 926"
"Общая площадь введенных в эксплуатацию жилых зданий(Метр квадратный)"	"2017 год"	"201712"	"САРЫАГАШСКИЙ РАЙОН"	"15331"	"сельская местность"	"3"	"Всего"	"1"	"Всего"	"1"	"Всего"	"1"	"14 309"
"Общая площадь введенных в эксплуатацию жилых зданий(Метр квадратный)"	"2016 год"	"201612"	"СУЗАКСКИЙ РАЙОН"	"15511"	"Всего"	"1"	"Всего"	"1"	"Всего"	"1"	"Всего"	"1"	"23 746"
"Общая площадь введенных в эксплуатацию жилых зданий(Метр квадратный)"	"2014 год"	"201412"	"СУЗАКСКИЙ РАЙОН"	"15511"	"Всего"	"1"	"Всего"	"1"	"Всего"	"1"	"Всего"	"1"	"18 704"
"Общая площадь введенных в эксплуатацию жилых зданий(Метр квадратный)"	"2015 год"	"201512"	"СУЗАКСКИЙ РАЙОН"	"15511"	"Всего"	"1"	"Всего"	"1"	"Всего"	"1"	"Всего"	"1"	"23 701"
"Общая площадь введенных в эксплуатацию жилых зданий(Метр квадратный)"	"2017 год"	"201712"	"СУЗАКСКИЙ РАЙОН"	"15511"	"Всего"	"1"	"Всего"	"1"	"Всего"	"1"	"Всего"	"1"	"23 796"
"Общая площадь введенных в эксплуатацию жилых зданий(Метр квадратный)"	"2016 год"	"201612"	"СУЗАКСКИЙ РАЙОН"	"15511"	"сельская местность"	"3"	"Всего"	"1"	"Всего"	"1"	"Всего"	"1"	"23 746"
"Общая площадь введенных в эксплуатацию жилых зданий(Метр квадратный)"	"2014 год"	"201412"	"СУЗАКСКИЙ РАЙОН"	"15511"	"сельская местность"	"3"	"Всего"	"1"	"Всего"	"1"	"Всего"	"1"	"18 704"
"Общая площадь введенных в эксплуатацию жилых зданий(Метр квадратный)"	"2015 год"	"201512"	"СУЗАКСКИЙ РАЙОН"	"15511"	"сельская местность"	"3"	"Всего"	"1"	"Всего"	"1"	"Всего"	"1"	"23 701"
"Общая площадь введенных в эксплуатацию жилых зданий(Метр квадратный)"	"2017 год"	"201712"	"СУЗАКСКИЙ РАЙОН"	"15511"	"сельская местность"	"3"	"Всего"	"1"	"Всего"	"1"	"Всего"	"1"	"23 796"
"Общая площадь введенных в эксплуатацию жилых зданий(Метр квадратный)"	"2016 год"	"201612"	"ТОЛЕБИЙСКИЙ РАЙОН"	"15562"	"Всего"	"1"	"Всего"	"1"	"Всего"	"1"	"Всего"	"1"	"40 127"
"Общая площадь введенных в эксплуатацию жилых зданий(Метр квадратный)"	"2014 год"	"201412"	"ТОЛЕБИЙСКИЙ РАЙОН"	"15562"	"Всего"	"1"	"Всего"	"1"	"Всего"	"1"	"Всего"	"1"	"13 298"
"Общая площадь введенных в эксплуатацию жилых зданий(Метр квадратный)"	"2015 год"	"201512"	"ТОЛЕБИЙСКИЙ РАЙОН"	"15562"	"Всего"	"1"	"Всего"	"1"	"Всего"	"1"	"Всего"	"1"	"14 095"
"Общая площадь введенных в эксплуатацию жилых зданий(Метр квадратный)"	"2017 год"	"201712"	"ТОЛЕБИЙСКИЙ РАЙОН"	"15562"	"Всего"	"1"	"Всего"	"1"	"Всего"	"1"	"Всего"	"1"	"43 895"
"Общая площадь введенных в эксплуатацию жилых зданий(Метр квадратный)"	"2016 год"	"201612"	"ТОЛЕБИЙСКИЙ РАЙОН"	"15562"	"городская местность"	"2"	"Всего"	"1"	"Всего"	"1"	"Всего"	"1"	"15 416"
"Общая площадь введенных в эксплуатацию жилых зданий(Метр квадратный)"	"2014 год"	"201412"	"ТОЛЕБИЙСКИЙ РАЙОН"	"15562"	"городская местность"	"2"	"Всего"	"1"	"Всего"	"1"	"Всего"	"1"	"6 046"
"Общая площадь введенных в эксплуатацию жилых зданий(Метр квадратный)"	"2015 год"	"201512"	"ТОЛЕБИЙСКИЙ РАЙОН"	"15562"	"городская местность"	"2"	"Всего"	"1"	"Всего"	"1"	"Всего"	"1"	"8 912"
"Общая площадь введенных в эксплуатацию жилых зданий(Метр квадратный)"	"2017 год"	"201712"	"ТОЛЕБИЙСКИЙ РАЙОН"	"15562"	"городская местность"	"2"	"Всего"	"1"	"Всего"	"1"	"Всего"	"1"	"33 094"
"Общая площадь введенных в эксплуатацию жилых зданий(Метр квадратный)"	"2016 год"	"201612"	"ТОЛЕБИЙСКИЙ РАЙОН"	"15562"	"сельская местность"	"3"	"Всего"	"1"	"Всего"	"1"	"Всего"	"1"	"24 711"
"Общая площадь введенных в эксплуатацию жилых зданий(Метр квадратный)"	"2014 год"	"201412"	"ТОЛЕБИЙСКИЙ РАЙОН"	"15562"	"сельская местность"	"3"	"Всего"	"1"	"Всего"	"1"	"Всего"	"1"	"7 252"
"Общая площадь введенных в эксплуатацию жилых зданий(Метр квадратный)"	"2015 год"	"201512"	"ТОЛЕБИЙСКИЙ РАЙОН"	"15562"	"сельская местность"	"3"	"Всего"	"1"	"Всего"	"1"	"Всего"	"1"	"5 183"
"Общая площадь введенных в эксплуатацию жилых зданий(Метр квадратный)"	"2017 год"	"201712"	"ТОЛЕБИЙСКИЙ РАЙОН"	"15562"	"сельская местность"	"3"	"Всего"	"1"	"Всего"	"1"	"Всего"	"1"	"10 801"
"Общая площадь введенных в эксплуатацию жилых зданий(Метр квадратный)"	"2016 год"	"201612"	"ТЮЛЬКУБАССКИЙ РАЙОН"	"15639"	"Всего"	"1"	"Всего"	"1"	"Всего"	"1"	"Всего"	"1"	"14 371"
"Общая площадь введенных в эксплуатацию жилых зданий(Метр квадратный)"	"2014 год"	"201412"	"ТЮЛЬКУБАССКИЙ РАЙОН"	"15639"	"Всего"	"1"	"Всего"	"1"	"Всего"	"1"	"Всего"	"1"	"10 809"
"Общая площадь введенных в эксплуатацию жилых зданий(Метр квадратный)"	"2015 год"	"201512"	"ТЮЛЬКУБАССКИЙ РАЙОН"	"15639"	"Всего"	"1"	"Всего"	"1"	"Всего"	"1"	"Всего"	"1"	"11 115"
"Общая площадь введенных в эксплуатацию жилых зданий(Метр квадратный)"	"2017 год"	"201712"	"ТЮЛЬКУБАССКИЙ РАЙОН"	"15639"	"Всего"	"1"	"Всего"	"1"	"Всего"	"1"	"Всего"	"1"	"15 777"
"Общая площадь введенных в эксплуатацию жилых зданий(Метр квадратный)"	"2016 год"	"201612"	"ТЮЛЬКУБАССКИЙ РАЙОН"	"15639"	"сельская местность"	"3"	"Всего"	"1"	"Всего"	"1"	"Всего"	"1"	"14 371"
"Общая площадь введенных в эксплуатацию жилых зданий(Метр квадратный)"	"2014 год"	"201412"	"ТЮЛЬКУБАССКИЙ РАЙОН"	"15639"	"сельская местность"	"3"	"Всего"	"1"	"Всего"	"1"	"Всего"	"1"	"10 809"
"Общая площадь введенных в эксплуатацию жилых зданий(Метр квадратный)"	"2015 год"	"201512"	"ТЮЛЬКУБАССКИЙ РАЙОН"	"15639"	"сельская местность"	"3"	"Всего"	"1"	"Всего"	"1"	"Всего"	"1"	"11 115"
"Общая площадь введенных в эксплуатацию жилых зданий(Метр квадратный)"	"2017 год"	"201712"	"ТЮЛЬКУБАССКИЙ РАЙОН"	"15639"	"сельская местность"	"3"	"Всего"	"1"	"Всего"	"1"	"Всего"	"1"	"15 777"
"Общая площадь введенных в эксплуатацию жилых зданий(Метр квадратный)"	"2016 год"	"201612"	"ШАРДАРИНСКИЙ РАЙОН"	"15723"	"Всего"	"1"	"Всего"	"1"	"Всего"	"1"	"Всего"	"1"	"9 262"
"Общая площадь введенных в эксплуатацию жилых зданий(Метр квадратный)"	"2014 год"	"201412"	"ШАРДАРИНСКИЙ РАЙОН"	"15723"	"Всего"	"1"	"Всего"	"1"	"Всего"	"1"	"Всего"	"1"	"9 160"
"Общая площадь введенных в эксплуатацию жилых зданий(Метр квадратный)"	"2015 год"	"201512"	"ШАРДАРИНСКИЙ РАЙОН"	"15723"	"Всего"	"1"	"Всего"	"1"	"Всего"	"1"	"Всего"	"1"	"9 187"
"Общая площадь введенных в эксплуатацию жилых зданий(Метр квадратный)"	"2017 год"	"201712"	"ШАРДАРИНСКИЙ РАЙОН"	"15723"	"Всего"	"1"	"Всего"	"1"	"Всего"	"1"	"Всего"	"1"	"5 226"
"Общая площадь введенных в эксплуатацию жилых зданий(Метр квадратный)"	"2016 год"	"201612"	"ШАРДАРИНСКИЙ РАЙОН"	"15723"	"городская местность"	"2"	"Всего"	"1"	"Всего"	"1"	"Всего"	"1"	"3 836"
"Общая площадь введенных в эксплуатацию жилых зданий(Метр квадратный)"	"2014 год"	"201412"	"ШАРДАРИНСКИЙ РАЙОН"	"15723"	"городская местность"	"2"	"Всего"	"1"	"Всего"	"1"	"Всего"	"1"	"5 346"
"Общая площадь введенных в эксплуатацию жилых зданий(Метр квадратный)"	"2015 год"	"201512"	"ШАРДАРИНСКИЙ РАЙОН"	"15723"	"городская местность"	"2"	"Всего"	"1"	"Всего"	"1"	"Всего"	"1"	"6 912"
"Общая площадь введенных в эксплуатацию жилых зданий(Метр квадратный)"	"2017 год"	"201712"	"ШАРДАРИНСКИЙ РАЙОН"	"15723"	"городская местность"	"2"	"Всего"	"1"	"Всего"	"1"	"Всего"	"1"	"2 757"
"Общая площадь введенных в эксплуатацию жилых зданий(Метр квадратный)"	"2016 год"	"201612"	"ШАРДАРИНСКИЙ РАЙОН"	"15723"	"сельская местность"	"3"	"Всего"	"1"	"Всего"	"1"	"Всего"	"1"	"5 426"
"Общая площадь введенных в эксплуатацию жилых зданий(Метр квадратный)"	"2014 год"	"201412"	"ШАРДАРИНСКИЙ РАЙОН"	"15723"	"сельская местность"	"3"	"Всего"	"1"	"Всего"	"1"	"Всего"	"1"	"3 814"
"Общая площадь введенных в эксплуатацию жилых зданий(Метр квадратный)"	"2015 год"	"201512"	"ШАРДАРИНСКИЙ РАЙОН"	"15723"	"сельская местность"	"3"	"Всего"	"1"	"Всего"	"1"	"Всего"	"1"	"2 275"
"Общая площадь введенных в эксплуатацию жилых зданий(Метр квадратный)"	"2017 год"	"201712"	"ШАРДАРИНСКИЙ РАЙОН"	"15723"	"сельская местность"	"3"	"Всего"	"1"	"Всего"	"1"	"Всего"	"1"	"2 469"
"Общая площадь введенных в эксплуатацию жилых зданий(Метр квадратный)"	"2016 год"	"201612"	"ПАВЛОДАРСКАЯ ОБЛАСТЬ"	"15784"	"Всего"	"1"	"Всего"	"1"	"Всего"	"1"	"Всего"	"1"	"184 489"
"Общая площадь введенных в эксплуатацию жилых зданий(Метр квадратный)"	"2020 год"	"202012"	"ПАВЛОДАРСКАЯ ОБЛАСТЬ"	"15784"	"Всего"	"1"	"Всего"	"1"	"Всего"	"1"	"Всего"	"1"	"372 540"
"Общая площадь введенных в эксплуатацию жилых зданий(Метр квадратный)"	"2014 год"	"201412"	"ПАВЛОДАРСКАЯ ОБЛАСТЬ"	"15784"	"Всего"	"1"	"Всего"	"1"	"Всего"	"1"	"Всего"	"1"	"201 133"
"Общая площадь введенных в эксплуатацию жилых зданий(Метр квадратный)"	"2019 год"	"201912"	"ПАВЛОДАРСКАЯ ОБЛАСТЬ"	"15784"	"Всего"	"1"	"Всего"	"1"	"Всего"	"1"	"Всего"	"1"	"332 465"
"Общая площадь введенных в эксплуатацию жилых зданий(Метр квадратный)"	"2015 год"	"201512"	"ПАВЛОДАРСКАЯ ОБЛАСТЬ"	"15784"	"Всего"	"1"	"Всего"	"1"	"Всего"	"1"	"Всего"	"1"	"164 601"
"Общая площадь введенных в эксплуатацию жилых зданий(Метр квадратный)"	"2017 год"	"201712"	"ПАВЛОДАРСКАЯ ОБЛАСТЬ"	"15784"	"Всего"	"1"	"Всего"	"1"	"Всего"	"1"	"Всего"	"1"	"242 026"
"Общая площадь введенных в эксплуатацию жилых зданий(Метр квадратный)"	"2018 год"	"201812"	"ПАВЛОДАРСКАЯ ОБЛАСТЬ"	"15784"	"Всего"	"1"	"Всего"	"1"	"Всего"	"1"	"Всего"	"1"	"284 041"
"Общая площадь введенных в эксплуатацию жилых зданий(Метр квадратный)"	"2021 год"	"202112"	"ПАВЛОДАРСКАЯ ОБЛАСТЬ"	"15784"	"Всего"	"1"	"Всего"	"1"	"Всего"	"1"	"Всего"	"1"	"369 602"
"Общая площадь введенных в эксплуатацию жилых зданий(Метр квадратный)"	"2022 год"	"202212"	"ПАВЛОДАРСКАЯ ОБЛАСТЬ"	"15784"	"Всего"	"1"	"Всего"	"1"	"Всего"	"1"	"Всего"	"1"	"488 079"
"Общая площадь введенных в эксплуатацию жилых зданий(Метр квадратный)"	"2016 год"	"201612"	"ПАВЛОДАРСКАЯ ОБЛАСТЬ"	"15784"	"городская местность"	"2"	"Всего"	"1"	"Всего"	"1"	"Всего"	"1"	"153 648"
"Общая площадь введенных в эксплуатацию жилых зданий(Метр квадратный)"	"2020 год"	"202012"	"ПАВЛОДАРСКАЯ ОБЛАСТЬ"	"15784"	"городская местность"	"2"	"Всего"	"1"	"Всего"	"1"	"Всего"	"1"	"308 307"
"Общая площадь введенных в эксплуатацию жилых зданий(Метр квадратный)"	"2014 год"	"201412"	"ПАВЛОДАРСКАЯ ОБЛАСТЬ"	"15784"	"городская местность"	"2"	"Всего"	"1"	"Всего"	"1"	"Всего"	"1"	"175 788"
"Общая площадь введенных в эксплуатацию жилых зданий(Метр квадратный)"	"2019 год"	"201912"	"ПАВЛОДАРСКАЯ ОБЛАСТЬ"	"15784"	"городская местность"	"2"	"Всего"	"1"	"Всего"	"1"	"Всего"	"1"	"271 850"
"Общая площадь введенных в эксплуатацию жилых зданий(Метр квадратный)"	"2015 год"	"201512"	"ПАВЛОДАРСКАЯ ОБЛАСТЬ"	"15784"	"городская местность"	"2"	"Всего"	"1"	"Всего"	"1"	"Всего"	"1"	"142 322"
"Общая площадь введенных в эксплуатацию жилых зданий(Метр квадратный)"	"2018 год"	"201812"	"ПАВЛОДАРСКАЯ ОБЛАСТЬ"	"15784"	"городская местность"	"2"	"Всего"	"1"	"Всего"	"1"	"Всего"	"1"	"233 278"
"Общая площадь введенных в эксплуатацию жилых зданий(Метр квадратный)"	"2017 год"	"201712"	"ПАВЛОДАРСКАЯ ОБЛАСТЬ"	"15784"	"городская местность"	"2"	"Всего"	"1"	"Всего"	"1"	"Всего"	"1"	"208 686"
"Общая площадь введенных в эксплуатацию жилых зданий(Метр квадратный)"	"2021 год"	"202112"	"ПАВЛОДАРСКАЯ ОБЛАСТЬ"	"15784"	"городская местность"	"2"	"Всего"	"1"	"Всего"	"1"	"Всего"	"1"	"276 199"
"Общая площадь введенных в эксплуатацию жилых зданий(Метр квадратный)"	"2022 год"	"202212"	"ПАВЛОДАРСКАЯ ОБЛАСТЬ"	"15784"	"городская местность"	"2"	"Всего"	"1"	"Всего"	"1"	"Всего"	"1"	"405 658"
"Общая площадь введенных в эксплуатацию жилых зданий(Метр квадратный)"	"2016 год"	"201612"	"ПАВЛОДАРСКАЯ ОБЛАСТЬ"	"15784"	"сельская местность"	"3"	"Всего"	"1"	"Всего"	"1"	"Всего"	"1"	"30 841"
"Общая площадь введенных в эксплуатацию жилых зданий(Метр квадратный)"	"2020 год"	"202012"	"ПАВЛОДАРСКАЯ ОБЛАСТЬ"	"15784"	"сельская местность"	"3"	"Всего"	"1"	"Всего"	"1"	"Всего"	"1"	"64 233"
"Общая площадь введенных в эксплуатацию жилых зданий(Метр квадратный)"	"2014 год"	"201412"	"ПАВЛОДАРСКАЯ ОБЛАСТЬ"	"15784"	"сельская местность"	"3"	"Всего"	"1"	"Всего"	"1"	"Всего"	"1"	"25 345"
"Общая площадь введенных в эксплуатацию жилых зданий(Метр квадратный)"	"2019 год"	"201912"	"ПАВЛОДАРСКАЯ ОБЛАСТЬ"	"15784"	"сельская местность"	"3"	"Всего"	"1"	"Всего"	"1"	"Всего"	"1"	"60 615"
"Общая площадь введенных в эксплуатацию жилых зданий(Метр квадратный)"	"2015 год"	"201512"	"ПАВЛОДАРСКАЯ ОБЛАСТЬ"	"15784"	"сельская местность"	"3"	"Всего"	"1"	"Всего"	"1"	"Всего"	"1"	"22 279"
"Общая площадь введенных в эксплуатацию жилых зданий(Метр квадратный)"	"2017 год"	"201712"	"ПАВЛОДАРСКАЯ ОБЛАСТЬ"	"15784"	"сельская местность"	"3"	"Всего"	"1"	"Всего"	"1"	"Всего"	"1"	"33 340"
"Общая площадь введенных в эксплуатацию жилых зданий(Метр квадратный)"	"2018 год"	"201812"	"ПАВЛОДАРСКАЯ ОБЛАСТЬ"	"15784"	"сельская местность"	"3"	"Всего"	"1"	"Всего"	"1"	"Всего"	"1"	"50 763"
"Общая площадь введенных в эксплуатацию жилых зданий(Метр квадратный)"	"2021 год"	"202112"	"ПАВЛОДАРСКАЯ ОБЛАСТЬ"	"15784"	"сельская местность"	"3"	"Всего"	"1"	"Всего"	"1"	"Всего"	"1"	"93 403"
"Общая площадь введенных в эксплуатацию жилых зданий(Метр квадратный)"	"2022 год"	"202212"	"ПАВЛОДАРСКАЯ ОБЛАСТЬ"	"15784"	"сельская местность"	"3"	"Всего"	"1"	"Всего"	"1"	"Всего"	"1"	"82 421"
"Общая площадь введенных в эксплуатацию жилых зданий(Метр квадратный)"	"2016 год"	"201612"	"ПАВЛОДАР Г.А."	"15785"	"Всего"	"1"	"Всего"	"1"	"Всего"	"1"	"Всего"	"1"	"143 478"
"Общая площадь введенных в эксплуатацию жилых зданий(Метр квадратный)"	"2020 год"	"202012"	"ПАВЛОДАР Г.А."	"15785"	"Всего"	"1"	"Всего"	"1"	"Всего"	"1"	"Всего"	"1"	"213 443"
"Общая площадь введенных в эксплуатацию жилых зданий(Метр квадратный)"	"2014 год"	"201412"	"ПАВЛОДАР Г.А."	"15785"	"Всего"	"1"	"Всего"	"1"	"Всего"	"1"	"Всего"	"1"	"134 601"
"Общая площадь введенных в эксплуатацию жилых зданий(Метр квадратный)"	"2019 год"	"201912"	"ПАВЛОДАР Г.А."	"15785"	"Всего"	"1"	"Всего"	"1"	"Всего"	"1"	"Всего"	"1"	"203 484"
"Общая площадь введенных в эксплуатацию жилых зданий(Метр квадратный)"	"2015 год"	"201512"	"ПАВЛОДАР Г.А."	"15785"	"Всего"	"1"	"Всего"	"1"	"Всего"	"1"	"Всего"	"1"	"123 314"
"Общая площадь введенных в эксплуатацию жилых зданий(Метр квадратный)"	"2017 год"	"201712"	"ПАВЛОДАР Г.А."	"15785"	"Всего"	"1"	"Всего"	"1"	"Всего"	"1"	"Всего"	"1"	"171 143"
"Общая площадь введенных в эксплуатацию жилых зданий(Метр квадратный)"	"2018 год"	"201812"	"ПАВЛОДАР Г.А."	"15785"	"Всего"	"1"	"Всего"	"1"	"Всего"	"1"	"Всего"	"1"	"160 436"
"Общая площадь введенных в эксплуатацию жилых зданий(Метр квадратный)"	"2021 год"	"202112"	"ПАВЛОДАР Г.А."	"15785"	"Всего"	"1"	"Всего"	"1"	"Всего"	"1"	"Всего"	"1"	"191 550"
"Общая площадь введенных в эксплуатацию жилых зданий(Метр квадратный)"	"2022 год"	"202212"	"ПАВЛОДАР Г.А."	"15785"	"Всего"	"1"	"Всего"	"1"	"Всего"	"1"	"Всего"	"1"	"296 747"
"Общая площадь введенных в эксплуатацию жилых зданий(Метр квадратный)"	"2016 год"	"201612"	"ПАВЛОДАР Г.А."	"15785"	"городская местность"	"2"	"Всего"	"1"	"Всего"	"1"	"Всего"	"1"	"133 422"
"Общая площадь введенных в эксплуатацию жилых зданий(Метр квадратный)"	"2020 год"	"202012"	"ПАВЛОДАР Г.А."	"15785"	"городская местность"	"2"	"Всего"	"1"	"Всего"	"1"	"Всего"	"1"	"195 866"
"Общая площадь введенных в эксплуатацию жилых зданий(Метр квадратный)"	"2014 год"	"201412"	"ПАВЛОДАР Г.А."	"15785"	"городская местность"	"2"	"Всего"	"1"	"Всего"	"1"	"Всего"	"1"	"130 984"
"Общая площадь введенных в эксплуатацию жилых зданий(Метр квадратный)"	"2019 год"	"201912"	"ПАВЛОДАР Г.А."	"15785"	"городская местность"	"2"	"Всего"	"1"	"Всего"	"1"	"Всего"	"1"	"187 029"
"Общая площадь введенных в эксплуатацию жилых зданий(Метр квадратный)"	"2015 год"	"201512"	"ПАВЛОДАР Г.А."	"15785"	"городская местность"	"2"	"Всего"	"1"	"Всего"	"1"	"Всего"	"1"	"114 723"
"Общая площадь введенных в эксплуатацию жилых зданий(Метр квадратный)"	"2017 год"	"201712"	"ПАВЛОДАР Г.А."	"15785"	"городская местность"	"2"	"Всего"	"1"	"Всего"	"1"	"Всего"	"1"	"161 373"
"Общая площадь введенных в эксплуатацию жилых зданий(Метр квадратный)"	"2018 год"	"201812"	"ПАВЛОДАР Г.А."	"15785"	"городская местность"	"2"	"Всего"	"1"	"Всего"	"1"	"Всего"	"1"	"143 825"
"Общая площадь введенных в эксплуатацию жилых зданий(Метр квадратный)"	"2021 год"	"202112"	"ПАВЛОДАР Г.А."	"15785"	"городская местность"	"2"	"Всего"	"1"	"Всего"	"1"	"Всего"	"1"	"158 137"
"Общая площадь введенных в эксплуатацию жилых зданий(Метр квадратный)"	"2022 год"	"202212"	"ПАВЛОДАР Г.А."	"15785"	"городская местность"	"2"	"Всего"	"1"	"Всего"	"1"	"Всего"	"1"	"274 783"
"Общая площадь введенных в эксплуатацию жилых зданий(Метр квадратный)"	"2016 год"	"201612"	"ПАВЛОДАР Г.А."	"15785"	"сельская местность"	"3"	"Всего"	"1"	"Всего"	"1"	"Всего"	"1"	"10 056"
"Общая площадь введенных в эксплуатацию жилых зданий(Метр квадратный)"	"2020 год"	"202012"	"ПАВЛОДАР Г.А."	"15785"	"сельская местность"	"3"	"Всего"	"1"	"Всего"	"1"	"Всего"	"1"	"17 577"
"Общая площадь введенных в эксплуатацию жилых зданий(Метр квадратный)"	"2014 год"	"201412"	"ПАВЛОДАР Г.А."	"15785"	"сельская местность"	"3"	"Всего"	"1"	"Всего"	"1"	"Всего"	"1"	"3 617"
"Общая площадь введенных в эксплуатацию жилых зданий(Метр квадратный)"	"2019 год"	"201912"	"ПАВЛОДАР Г.А."	"15785"	"сельская местность"	"3"	"Всего"	"1"	"Всего"	"1"	"Всего"	"1"	"16 455"
"Общая площадь введенных в эксплуатацию жилых зданий(Метр квадратный)"	"2015 год"	"201512"	"ПАВЛОДАР Г.А."	"15785"	"сельская местность"	"3"	"Всего"	"1"	"Всего"	"1"	"Всего"	"1"	"8 591"
"Общая площадь введенных в эксплуатацию жилых зданий(Метр квадратный)"	"2017 год"	"201712"	"ПАВЛОДАР Г.А."	"15785"	"сельская местность"	"3"	"Всего"	"1"	"Всего"	"1"	"Всего"	"1"	"9 770"
"Общая площадь введенных в эксплуатацию жилых зданий(Метр квадратный)"	"2018 год"	"201812"	"ПАВЛОДАР Г.А."	"15785"	"сельская местность"	"3"	"Всего"	"1"	"Всего"	"1"	"Всего"	"1"	"16 611"
"Общая площадь введенных в эксплуатацию жилых зданий(Метр квадратный)"	"2021 год"	"202112"	"ПАВЛОДАР Г.А."	"15785"	"сельская местность"	"3"	"Всего"	"1"	"Всего"	"1"	"Всего"	"1"	"33 413"
"Общая площадь введенных в эксплуатацию жилых зданий(Метр квадратный)"	"2022 год"	"202212"	"ПАВЛОДАР Г.А."	"15785"	"сельская местность"	"3"	"Всего"	"1"	"Всего"	"1"	"Всего"	"1"	"21 964"
"Общая площадь введенных в эксплуатацию жилых зданий(Метр квадратный)"	"2016 год"	"201612"	"АКСУ Г.А."	"15801"	"Всего"	"1"	"Всего"	"1"	"Всего"	"1"	"Всего"	"1"	"3 759"
"Общая площадь введенных в эксплуатацию жилых зданий(Метр квадратный)"	"2020 год"	"202012"	"АКСУ Г.А."	"15801"	"Всего"	"1"	"Всего"	"1"	"Всего"	"1"	"Всего"	"1"	"49 074"
"Общая площадь введенных в эксплуатацию жилых зданий(Метр квадратный)"	"2014 год"	"201412"	"АКСУ Г.А."	"15801"	"Всего"	"1"	"Всего"	"1"	"Всего"	"1"	"Всего"	"1"	"12 478"
"Общая площадь введенных в эксплуатацию жилых зданий(Метр квадратный)"	"2019 год"	"201912"	"АКСУ Г.А."	"15801"	"Всего"	"1"	"Всего"	"1"	"Всего"	"1"	"Всего"	"1"	"44 257"
"Общая площадь введенных в эксплуатацию жилых зданий(Метр квадратный)"	"2015 год"	"201512"	"АКСУ Г.А."	"15801"	"Всего"	"1"	"Всего"	"1"	"Всего"	"1"	"Всего"	"1"	"2 557"
"Общая площадь введенных в эксплуатацию жилых зданий(Метр квадратный)"	"2017 год"	"201712"	"АКСУ Г.А."	"15801"	"Всего"	"1"	"Всего"	"1"	"Всего"	"1"	"Всего"	"1"	"11 388"
"Общая площадь введенных в эксплуатацию жилых зданий(Метр квадратный)"	"2018 год"	"201812"	"АКСУ Г.А."	"15801"	"Всего"	"1"	"Всего"	"1"	"Всего"	"1"	"Всего"	"1"	"40 723"
"Общая площадь введенных в эксплуатацию жилых зданий(Метр квадратный)"	"2021 год"	"202112"	"АКСУ Г.А."	"15801"	"Всего"	"1"	"Всего"	"1"	"Всего"	"1"	"Всего"	"1"	"56 797"
"Общая площадь введенных в эксплуатацию жилых зданий(Метр квадратный)"	"2022 год"	"202212"	"АКСУ Г.А."	"15801"	"Всего"	"1"	"Всего"	"1"	"Всего"	"1"	"Всего"	"1"	"61 904"
"Общая площадь введенных в эксплуатацию жилых зданий(Метр квадратный)"	"2016 год"	"201612"	"АКСУ Г.А."	"15801"	"городская местность"	"2"	"Всего"	"1"	"Всего"	"1"	"Всего"	"1"	"3 616"
"Общая площадь введенных в эксплуатацию жилых зданий(Метр квадратный)"	"2020 год"	"202012"	"АКСУ Г.А."	"15801"	"городская местность"	"2"	"Всего"	"1"	"Всего"	"1"	"Всего"	"1"	"44 920"
"Общая площадь введенных в эксплуатацию жилых зданий(Метр квадратный)"	"2014 год"	"201412"	"АКСУ Г.А."	"15801"	"городская местность"	"2"	"Всего"	"1"	"Всего"	"1"	"Всего"	"1"	"12 087"
"Общая площадь введенных в эксплуатацию жилых зданий(Метр квадратный)"	"2019 год"	"201912"	"АКСУ Г.А."	"15801"	"городская местность"	"2"	"Всего"	"1"	"Всего"	"1"	"Всего"	"1"	"35 229"
"Общая площадь введенных в эксплуатацию жилых зданий(Метр квадратный)"	"2015 год"	"201512"	"АКСУ Г.А."	"15801"	"городская местность"	"2"	"Всего"	"1"	"Всего"	"1"	"Всего"	"1"	"2 129"
"Общая площадь введенных в эксплуатацию жилых зданий(Метр квадратный)"	"2017 год"	"201712"	"АКСУ Г.А."	"15801"	"городская местность"	"2"	"Всего"	"1"	"Всего"	"1"	"Всего"	"1"	"10 242"
"Общая площадь введенных в эксплуатацию жилых зданий(Метр квадратный)"	"2018 год"	"201812"	"АКСУ Г.А."	"15801"	"городская местность"	"2"	"Всего"	"1"	"Всего"	"1"	"Всего"	"1"	"32 638"
"Общая площадь введенных в эксплуатацию жилых зданий(Метр квадратный)"	"2021 год"	"202112"	"АКСУ Г.А."	"15801"	"городская местность"	"2"	"Всего"	"1"	"Всего"	"1"	"Всего"	"1"	"50 518"
"Общая площадь введенных в эксплуатацию жилых зданий(Метр квадратный)"	"2022 год"	"202212"	"АКСУ Г.А."	"15801"	"городская местность"	"2"	"Всего"	"1"	"Всего"	"1"	"Всего"	"1"	"59 412"
"Общая площадь введенных в эксплуатацию жилых зданий(Метр квадратный)"	"2016 год"	"201612"	"АКСУ Г.А."	"15801"	"сельская местность"	"3"	"Всего"	"1"	"Всего"	"1"	"Всего"	"1"	"143"
"Общая площадь введенных в эксплуатацию жилых зданий(Метр квадратный)"	"2020 год"	"202012"	"АКСУ Г.А."	"15801"	"сельская местность"	"3"	"Всего"	"1"	"Всего"	"1"	"Всего"	"1"	"4 154"
"Общая площадь введенных в эксплуатацию жилых зданий(Метр квадратный)"	"2014 год"	"201412"	"АКСУ Г.А."	"15801"	"сельская местность"	"3"	"Всего"	"1"	"Всего"	"1"	"Всего"	"1"	"391"
"Общая площадь введенных в эксплуатацию жилых зданий(Метр квадратный)"	"2019 год"	"201912"	"АКСУ Г.А."	"15801"	"сельская местность"	"3"	"Всего"	"1"	"Всего"	"1"	"Всего"	"1"	"9 028"
"Общая площадь введенных в эксплуатацию жилых зданий(Метр квадратный)"	"2015 год"	"201512"	"АКСУ Г.А."	"15801"	"сельская местность"	"3"	"Всего"	"1"	"Всего"	"1"	"Всего"	"1"	"428"
"Общая площадь введенных в эксплуатацию жилых зданий(Метр квадратный)"	"2017 год"	"201712"	"АКСУ Г.А."	"15801"	"сельская местность"	"3"	"Всего"	"1"	"Всего"	"1"	"Всего"	"1"	"1 146"
"Общая площадь введенных в эксплуатацию жилых зданий(Метр квадратный)"	"2018 год"	"201812"	"АКСУ Г.А."	"15801"	"сельская местность"	"3"	"Всего"	"1"	"Всего"	"1"	"Всего"	"1"	"8 085"
"Общая площадь введенных в эксплуатацию жилых зданий(Метр квадратный)"	"2021 год"	"202112"	"АКСУ Г.А."	"15801"	"сельская местность"	"3"	"Всего"	"1"	"Всего"	"1"	"Всего"	"1"	"6 279"
"Общая площадь введенных в эксплуатацию жилых зданий(Метр квадратный)"	"2022 год"	"202212"	"АКСУ Г.А."	"15801"	"сельская местность"	"3"	"Всего"	"1"	"Всего"	"1"	"Всего"	"1"	"2 492"
"Общая площадь введенных в эксплуатацию жилых зданий(Метр квадратный)"	"2016 год"	"201612"	"ЭКИБАСТУЗ Г.А."	"15865"	"Всего"	"1"	"Всего"	"1"	"Всего"	"1"	"Всего"	"1"	"17 787"
"Общая площадь введенных в эксплуатацию жилых зданий(Метр квадратный)"	"2020 год"	"202012"	"ЭКИБАСТУЗ Г.А."	"15865"	"Всего"	"1"	"Всего"	"1"	"Всего"	"1"	"Всего"	"1"	"68 703"
"Общая площадь введенных в эксплуатацию жилых зданий(Метр квадратный)"	"2014 год"	"201412"	"ЭКИБАСТУЗ Г.А."	"15865"	"Всего"	"1"	"Всего"	"1"	"Всего"	"1"	"Всего"	"1"	"48 830"
"Общая площадь введенных в эксплуатацию жилых зданий(Метр квадратный)"	"2019 год"	"201912"	"ЭКИБАСТУЗ Г.А."	"15865"	"Всего"	"1"	"Всего"	"1"	"Всего"	"1"	"Всего"	"1"	"54 423"
"Общая площадь введенных в эксплуатацию жилых зданий(Метр квадратный)"	"2015 год"	"201512"	"ЭКИБАСТУЗ Г.А."	"15865"	"Всего"	"1"	"Всего"	"1"	"Всего"	"1"	"Всего"	"1"	"27 276"
"Общая площадь введенных в эксплуатацию жилых зданий(Метр квадратный)"	"2017 год"	"201712"	"ЭКИБАСТУЗ Г.А."	"15865"	"Всего"	"1"	"Всего"	"1"	"Всего"	"1"	"Всего"	"1"	"37 629"
"Общая площадь введенных в эксплуатацию жилых зданий(Метр квадратный)"	"2018 год"	"201812"	"ЭКИБАСТУЗ Г.А."	"15865"	"Всего"	"1"	"Всего"	"1"	"Всего"	"1"	"Всего"	"1"	"57 511"
"Общая площадь введенных в эксплуатацию жилых зданий(Метр квадратный)"	"2021 год"	"202112"	"ЭКИБАСТУЗ Г.А."	"15865"	"Всего"	"1"	"Всего"	"1"	"Всего"	"1"	"Всего"	"1"	"69 336"
"Общая площадь введенных в эксплуатацию жилых зданий(Метр квадратный)"	"2022 год"	"202212"	"ЭКИБАСТУЗ Г.А."	"15865"	"Всего"	"1"	"Всего"	"1"	"Всего"	"1"	"Всего"	"1"	"72 598"
"Общая площадь введенных в эксплуатацию жилых зданий(Метр квадратный)"	"2016 год"	"201612"	"ЭКИБАСТУЗ Г.А."	"15865"	"городская местность"	"2"	"Всего"	"1"	"Всего"	"1"	"Всего"	"1"	"16 610"
"Общая площадь введенных в эксплуатацию жилых зданий(Метр квадратный)"	"2020 год"	"202012"	"ЭКИБАСТУЗ Г.А."	"15865"	"городская местность"	"2"	"Всего"	"1"	"Всего"	"1"	"Всего"	"1"	"67 521"
"Общая площадь введенных в эксплуатацию жилых зданий(Метр квадратный)"	"2014 год"	"201412"	"ЭКИБАСТУЗ Г.А."	"15865"	"городская местность"	"2"	"Всего"	"1"	"Всего"	"1"	"Всего"	"1"	"32 717"
"Общая площадь введенных в эксплуатацию жилых зданий(Метр квадратный)"	"2019 год"	"201912"	"ЭКИБАСТУЗ Г.А."	"15865"	"городская местность"	"2"	"Всего"	"1"	"Всего"	"1"	"Всего"	"1"	"49 592"
"Общая площадь введенных в эксплуатацию жилых зданий(Метр квадратный)"	"2015 год"	"201512"	"ЭКИБАСТУЗ Г.А."	"15865"	"городская местность"	"2"	"Всего"	"1"	"Всего"	"1"	"Всего"	"1"	"25 470"
"Общая площадь введенных в эксплуатацию жилых зданий(Метр квадратный)"	"2017 год"	"201712"	"ЭКИБАСТУЗ Г.А."	"15865"	"городская местность"	"2"	"Всего"	"1"	"Всего"	"1"	"Всего"	"1"	"37 071"
"Общая площадь введенных в эксплуатацию жилых зданий(Метр квадратный)"	"2018 год"	"201812"	"ЭКИБАСТУЗ Г.А."	"15865"	"городская местность"	"2"	"Всего"	"1"	"Всего"	"1"	"Всего"	"1"	"56 815"
"Общая площадь введенных в эксплуатацию жилых зданий(Метр квадратный)"	"2021 год"	"202112"	"ЭКИБАСТУЗ Г.А."	"15865"	"городская местность"	"2"	"Всего"	"1"	"Всего"	"1"	"Всего"	"1"	"67 544"
"Общая площадь введенных в эксплуатацию жилых зданий(Метр квадратный)"	"2022 год"	"202212"	"ЭКИБАСТУЗ Г.А."	"15865"	"городская местность"	"2"	"Всего"	"1"	"Всего"	"1"	"Всего"	"1"	"71 463"
"Общая площадь введенных в эксплуатацию жилых зданий(Метр квадратный)"	"2016 год"	"201612"	"ЭКИБАСТУЗ Г.А."	"15865"	"сельская местность"	"3"	"Всего"	"1"	"Всего"	"1"	"Всего"	"1"	"1 177"
"Общая площадь введенных в эксплуатацию жилых зданий(Метр квадратный)"	"2020 год"	"202012"	"ЭКИБАСТУЗ Г.А."	"15865"	"сельская местность"	"3"	"Всего"	"1"	"Всего"	"1"	"Всего"	"1"	"1 182"
"Общая площадь введенных в эксплуатацию жилых зданий(Метр квадратный)"	"2014 год"	"201412"	"ЭКИБАСТУЗ Г.А."	"15865"	"сельская местность"	"3"	"Всего"	"1"	"Всего"	"1"	"Всего"	"1"	"16 113"
"Общая площадь введенных в эксплуатацию жилых зданий(Метр квадратный)"	"2019 год"	"201912"	"ЭКИБАСТУЗ Г.А."	"15865"	"сельская местность"	"3"	"Всего"	"1"	"Всего"	"1"	"Всего"	"1"	"4 831"
"Общая площадь введенных в эксплуатацию жилых зданий(Метр квадратный)"	"2015 год"	"201512"	"ЭКИБАСТУЗ Г.А."	"15865"	"сельская местность"	"3"	"Всего"	"1"	"Всего"	"1"	"Всего"	"1"	"1 806"
"Общая площадь введенных в эксплуатацию жилых зданий(Метр квадратный)"	"2017 год"	"201712"	"ЭКИБАСТУЗ Г.А."	"15865"	"сельская местность"	"3"	"Всего"	"1"	"Всего"	"1"	"Всего"	"1"	"558"
"Общая площадь введенных в эксплуатацию жилых зданий(Метр квадратный)"	"2018 год"	"201812"	"ЭКИБАСТУЗ Г.А."	"15865"	"сельская местность"	"3"	"Всего"	"1"	"Всего"	"1"	"Всего"	"1"	"696"
"Общая площадь введенных в эксплуатацию жилых зданий(Метр квадратный)"	"2021 год"	"202112"	"ЭКИБАСТУЗ Г.А."	"15865"	"сельская местность"	"3"	"Всего"	"1"	"Всего"	"1"	"Всего"	"1"	"1 792"
"Общая площадь введенных в эксплуатацию жилых зданий(Метр квадратный)"	"2022 год"	"202212"	"ЭКИБАСТУЗ Г.А."	"15865"	"сельская местность"	"3"	"Всего"	"1"	"Всего"	"1"	"Всего"	"1"	"1 135"
"Общая площадь введенных в эксплуатацию жилых зданий(Метр квадратный)"	"2016 год"	"201612"	"АКТОГАЙСКИЙ РАЙОН"	"15945"	"Всего"	"1"	"Всего"	"1"	"Всего"	"1"	"Всего"	"1"	"1 819"
"Общая площадь введенных в эксплуатацию жилых зданий(Метр квадратный)"	"2020 год"	"202012"	"АКТОГАЙСКИЙ РАЙОН"	"15945"	"Всего"	"1"	"Всего"	"1"	"Всего"	"1"	"Всего"	"1"	"6 021"
"Общая площадь введенных в эксплуатацию жилых зданий(Метр квадратный)"	"2014 год"	"201412"	"АКТОГАЙСКИЙ РАЙОН"	"15945"	"Всего"	"1"	"Всего"	"1"	"Всего"	"1"	"Всего"	"1"	"148"
"Общая площадь введенных в эксплуатацию жилых зданий(Метр квадратный)"	"2019 год"	"201912"	"АКТОГАЙСКИЙ РАЙОН"	"15945"	"Всего"	"1"	"Всего"	"1"	"Всего"	"1"	"Всего"	"1"	"2 578"
"Общая площадь введенных в эксплуатацию жилых зданий(Метр квадратный)"	"2015 год"	"201512"	"АКТОГАЙСКИЙ РАЙОН"	"15945"	"Всего"	"1"	"Всего"	"1"	"Всего"	"1"	"Всего"	"1"	"585"
"Общая площадь введенных в эксплуатацию жилых зданий(Метр квадратный)"	"2017 год"	"201712"	"АКТОГАЙСКИЙ РАЙОН"	"15945"	"Всего"	"1"	"Всего"	"1"	"Всего"	"1"	"Всего"	"1"	"2 754"
"Общая площадь введенных в эксплуатацию жилых зданий(Метр квадратный)"	"2018 год"	"201812"	"АКТОГАЙСКИЙ РАЙОН"	"15945"	"Всего"	"1"	"Всего"	"1"	"Всего"	"1"	"Всего"	"1"	"2 860"
"Общая площадь введенных в эксплуатацию жилых зданий(Метр квадратный)"	"2021 год"	"202112"	"АКТОГАЙСКИЙ РАЙОН"	"15945"	"Всего"	"1"	"Всего"	"1"	"Всего"	"1"	"Всего"	"1"	"5 043"
"Общая площадь введенных в эксплуатацию жилых зданий(Метр квадратный)"	"2022 год"	"202212"	"АКТОГАЙСКИЙ РАЙОН"	"15945"	"Всего"	"1"	"Всего"	"1"	"Всего"	"1"	"Всего"	"1"	"5 466"
"Общая площадь введенных в эксплуатацию жилых зданий(Метр квадратный)"	"2016 год"	"201612"	"АКТОГАЙСКИЙ РАЙОН"	"15945"	"сельская местность"	"3"	"Всего"	"1"	"Всего"	"1"	"Всего"	"1"	"1 819"
"Общая площадь введенных в эксплуатацию жилых зданий(Метр квадратный)"	"2020 год"	"202012"	"АКТОГАЙСКИЙ РАЙОН"	"15945"	"сельская местность"	"3"	"Всего"	"1"	"Всего"	"1"	"Всего"	"1"	"6 021"
"Общая площадь введенных в эксплуатацию жилых зданий(Метр квадратный)"	"2014 год"	"201412"	"АКТОГАЙСКИЙ РАЙОН"	"15945"	"сельская местность"	"3"	"Всего"	"1"	"Всего"	"1"	"Всего"	"1"	"148"
"Общая площадь введенных в эксплуатацию жилых зданий(Метр квадратный)"	"2019 год"	"201912"	"АКТОГАЙСКИЙ РАЙОН"	"15945"	"сельская местность"	"3"	"Всего"	"1"	"Всего"	"1"	"Всего"	"1"	"2 578"
"Общая площадь введенных в эксплуатацию жилых зданий(Метр квадратный)"	"2015 год"	"201512"	"АКТОГАЙСКИЙ РАЙОН"	"15945"	"сельская местность"	"3"	"Всего"	"1"	"Всего"	"1"	"Всего"	"1"	"585"
"Общая площадь введенных в эксплуатацию жилых зданий(Метр квадратный)"	"2017 год"	"201712"	"АКТОГАЙСКИЙ РАЙОН"	"15945"	"сельская местность"	"3"	"Всего"	"1"	"Всего"	"1"	"Всего"	"1"	"2 754"
"Общая площадь введенных в эксплуатацию жилых зданий(Метр квадратный)"	"2018 год"	"201812"	"АКТОГАЙСКИЙ РАЙОН"	"15945"	"сельская местность"	"3"	"Всего"	"1"	"Всего"	"1"	"Всего"	"1"	"2 860"
"Общая площадь введенных в эксплуатацию жилых зданий(Метр квадратный)"	"2021 год"	"202112"	"АКТОГАЙСКИЙ РАЙОН"	"15945"	"сельская местность"	"3"	"Всего"	"1"	"Всего"	"1"	"Всего"	"1"	"5 043"
"Общая площадь введенных в эксплуатацию жилых зданий(Метр квадратный)"	"2022 год"	"202212"	"АКТОГАЙСКИЙ РАЙОН"	"15945"	"сельская местность"	"3"	"Всего"	"1"	"Всего"	"1"	"Всего"	"1"	"5 466"
"Общая площадь введенных в эксплуатацию жилых зданий(Метр квадратный)"	"2016 год"	"201612"	"БАЯНАУЛЬСКИЙ РАЙОН"	"15998"	"Всего"	"1"	"Всего"	"1"	"Всего"	"1"	"Всего"	"1"	"2 405"
"Общая площадь введенных в эксплуатацию жилых зданий(Метр квадратный)"	"2020 год"	"202012"	"БАЯНАУЛЬСКИЙ РАЙОН"	"15998"	"Всего"	"1"	"Всего"	"1"	"Всего"	"1"	"Всего"	"1"	"5 241"
"Общая площадь введенных в эксплуатацию жилых зданий(Метр квадратный)"	"2014 год"	"201412"	"БАЯНАУЛЬСКИЙ РАЙОН"	"15998"	"Всего"	"1"	"Всего"	"1"	"Всего"	"1"	"Всего"	"1"	"1 578"
"Общая площадь введенных в эксплуатацию жилых зданий(Метр квадратный)"	"2019 год"	"201912"	"БАЯНАУЛЬСКИЙ РАЙОН"	"15998"	"Всего"	"1"	"Всего"	"1"	"Всего"	"1"	"Всего"	"1"	"4 313"
"Общая площадь введенных в эксплуатацию жилых зданий(Метр квадратный)"	"2015 год"	"201512"	"БАЯНАУЛЬСКИЙ РАЙОН"	"15998"	"Всего"	"1"	"Всего"	"1"	"Всего"	"1"	"Всего"	"1"	"1 362"
"Общая площадь введенных в эксплуатацию жилых зданий(Метр квадратный)"	"2017 год"	"201712"	"БАЯНАУЛЬСКИЙ РАЙОН"	"15998"	"Всего"	"1"	"Всего"	"1"	"Всего"	"1"	"Всего"	"1"	"2 261"
"Общая площадь введенных в эксплуатацию жилых зданий(Метр квадратный)"	"2018 год"	"201812"	"БАЯНАУЛЬСКИЙ РАЙОН"	"15998"	"Всего"	"1"	"Всего"	"1"	"Всего"	"1"	"Всего"	"1"	"2 824"
"Общая площадь введенных в эксплуатацию жилых зданий(Метр квадратный)"	"2021 год"	"202112"	"БАЯНАУЛЬСКИЙ РАЙОН"	"15998"	"Всего"	"1"	"Всего"	"1"	"Всего"	"1"	"Всего"	"1"	"5 382"
"Общая площадь введенных в эксплуатацию жилых зданий(Метр квадратный)"	"2022 год"	"202212"	"БАЯНАУЛЬСКИЙ РАЙОН"	"15998"	"Всего"	"1"	"Всего"	"1"	"Всего"	"1"	"Всего"	"1"	"7 174"
"Общая площадь введенных в эксплуатацию жилых зданий(Метр квадратный)"	"2016 год"	"201612"	"БАЯНАУЛЬСКИЙ РАЙОН"	"15998"	"сельская местность"	"3"	"Всего"	"1"	"Всего"	"1"	"Всего"	"1"	"2 405"
"Общая площадь введенных в эксплуатацию жилых зданий(Метр квадратный)"	"2020 год"	"202012"	"БАЯНАУЛЬСКИЙ РАЙОН"	"15998"	"сельская местность"	"3"	"Всего"	"1"	"Всего"	"1"	"Всего"	"1"	"5 241"
"Общая площадь введенных в эксплуатацию жилых зданий(Метр квадратный)"	"2014 год"	"201412"	"БАЯНАУЛЬСКИЙ РАЙОН"	"15998"	"сельская местность"	"3"	"Всего"	"1"	"Всего"	"1"	"Всего"	"1"	"1 578"
"Общая площадь введенных в эксплуатацию жилых зданий(Метр квадратный)"	"2019 год"	"201912"	"БАЯНАУЛЬСКИЙ РАЙОН"	"15998"	"сельская местность"	"3"	"Всего"	"1"	"Всего"	"1"	"Всего"	"1"	"4 313"
"Общая площадь введенных в эксплуатацию жилых зданий(Метр квадратный)"	"2015 год"	"201512"	"БАЯНАУЛЬСКИЙ РАЙОН"	"15998"	"сельская местность"	"3"	"Всего"	"1"	"Всего"	"1"	"Всего"	"1"	"1 362"
"Общая площадь введенных в эксплуатацию жилых зданий(Метр квадратный)"	"2017 год"	"201712"	"БАЯНАУЛЬСКИЙ РАЙОН"	"15998"	"сельская местность"	"3"	"Всего"	"1"	"Всего"	"1"	"Всего"	"1"	"2 261"
"Общая площадь введенных в эксплуатацию жилых зданий(Метр квадратный)"	"2018 год"	"201812"	"БАЯНАУЛЬСКИЙ РАЙОН"	"15998"	"сельская местность"	"3"	"Всего"	"1"	"Всего"	"1"	"Всего"	"1"	"2 824"
"Общая площадь введенных в эксплуатацию жилых зданий(Метр квадратный)"	"2021 год"	"202112"	"БАЯНАУЛЬСКИЙ РАЙОН"	"15998"	"сельская местность"	"3"	"Всего"	"1"	"Всего"	"1"	"Всего"	"1"	"5 382"
"Общая площадь введенных в эксплуатацию жилых зданий(Метр квадратный)"	"2022 год"	"202212"	"БАЯНАУЛЬСКИЙ РАЙОН"	"15998"	"сельская местность"	"3"	"Всего"	"1"	"Всего"	"1"	"Всего"	"1"	"7 174"
"Общая площадь введенных в эксплуатацию жилых зданий(Метр квадратный)"	"2016 год"	"201612"	"ЖЕЛЕЗИНСКИЙ РАЙОН"	"16245"	"Всего"	"1"	"Всего"	"1"	"Всего"	"1"	"Всего"	"1"	"2 951"
"Общая площадь введенных в эксплуатацию жилых зданий(Метр квадратный)"	"2020 год"	"202012"	"ЖЕЛЕЗИНСКИЙ РАЙОН"	"16245"	"Всего"	"1"	"Всего"	"1"	"Всего"	"1"	"Всего"	"1"	"2 804"
"Общая площадь введенных в эксплуатацию жилых зданий(Метр квадратный)"	"2019 год"	"201912"	"ЖЕЛЕЗИНСКИЙ РАЙОН"	"16245"	"Всего"	"1"	"Всего"	"1"	"Всего"	"1"	"Всего"	"1"	"2 515"
"Общая площадь введенных в эксплуатацию жилых зданий(Метр квадратный)"	"2015 год"	"201512"	"ЖЕЛЕЗИНСКИЙ РАЙОН"	"16245"	"Всего"	"1"	"Всего"	"1"	"Всего"	"1"	"Всего"	"1"	"2 992"
"Общая площадь введенных в эксплуатацию жилых зданий(Метр квадратный)"	"2017 год"	"201712"	"ЖЕЛЕЗИНСКИЙ РАЙОН"	"16245"	"Всего"	"1"	"Всего"	"1"	"Всего"	"1"	"Всего"	"1"	"1 569"
"Общая площадь введенных в эксплуатацию жилых зданий(Метр квадратный)"	"2018 год"	"201812"	"ЖЕЛЕЗИНСКИЙ РАЙОН"	"16245"	"Всего"	"1"	"Всего"	"1"	"Всего"	"1"	"Всего"	"1"	"1 703"
"Общая площадь введенных в эксплуатацию жилых зданий(Метр квадратный)"	"2021 год"	"202112"	"ЖЕЛЕЗИНСКИЙ РАЙОН"	"16245"	"Всего"	"1"	"Всего"	"1"	"Всего"	"1"	"Всего"	"1"	"5 015"
"Общая площадь введенных в эксплуатацию жилых зданий(Метр квадратный)"	"2022 год"	"202212"	"ЖЕЛЕЗИНСКИЙ РАЙОН"	"16245"	"Всего"	"1"	"Всего"	"1"	"Всего"	"1"	"Всего"	"1"	"5 304"
"Общая площадь введенных в эксплуатацию жилых зданий(Метр квадратный)"	"2016 год"	"201612"	"ЖЕЛЕЗИНСКИЙ РАЙОН"	"16245"	"сельская местность"	"3"	"Всего"	"1"	"Всего"	"1"	"Всего"	"1"	"2 951"
"Общая площадь введенных в эксплуатацию жилых зданий(Метр квадратный)"	"2020 год"	"202012"	"ЖЕЛЕЗИНСКИЙ РАЙОН"	"16245"	"сельская местность"	"3"	"Всего"	"1"	"Всего"	"1"	"Всего"	"1"	"2 804"
"Общая площадь введенных в эксплуатацию жилых зданий(Метр квадратный)"	"2019 год"	"201912"	"ЖЕЛЕЗИНСКИЙ РАЙОН"	"16245"	"сельская местность"	"3"	"Всего"	"1"	"Всего"	"1"	"Всего"	"1"	"2 515"
"Общая площадь введенных в эксплуатацию жилых зданий(Метр квадратный)"	"2015 год"	"201512"	"ЖЕЛЕЗИНСКИЙ РАЙОН"	"16245"	"сельская местность"	"3"	"Всего"	"1"	"Всего"	"1"	"Всего"	"1"	"2 992"
"Общая площадь введенных в эксплуатацию жилых зданий(Метр квадратный)"	"2017 год"	"201712"	"ЖЕЛЕЗИНСКИЙ РАЙОН"	"16245"	"сельская местность"	"3"	"Всего"	"1"	"Всего"	"1"	"Всего"	"1"	"1 569"
"Общая площадь введенных в эксплуатацию жилых зданий(Метр квадратный)"	"2018 год"	"201812"	"ЖЕЛЕЗИНСКИЙ РАЙОН"	"16245"	"сельская местность"	"3"	"Всего"	"1"	"Всего"	"1"	"Всего"	"1"	"1 703"
"Общая площадь введенных в эксплуатацию жилых зданий(Метр квадратный)"	"2021 год"	"202112"	"ЖЕЛЕЗИНСКИЙ РАЙОН"	"16245"	"сельская местность"	"3"	"Всего"	"1"	"Всего"	"1"	"Всего"	"1"	"5 015"
"Общая площадь введенных в эксплуатацию жилых зданий(Метр квадратный)"	"2022 год"	"202212"	"ЖЕЛЕЗИНСКИЙ РАЙОН"	"16245"	"сельская местность"	"3"	"Всего"	"1"	"Всего"	"1"	"Всего"	"1"	"5 304"
"Общая площадь введенных в эксплуатацию жилых зданий(Метр квадратный)"	"2016 год"	"201612"	"ИРТЫШСКИЙ РАЙОН"	"16311"	"Всего"	"1"	"Всего"	"1"	"Всего"	"1"	"Всего"	"1"	"1 711"
"Общая площадь введенных в эксплуатацию жилых зданий(Метр квадратный)"	"2020 год"	"202012"	"ИРТЫШСКИЙ РАЙОН"	"16311"	"Всего"	"1"	"Всего"	"1"	"Всего"	"1"	"Всего"	"1"	"5 919"
"Общая площадь введенных в эксплуатацию жилых зданий(Метр квадратный)"	"2014 год"	"201412"	"ИРТЫШСКИЙ РАЙОН"	"16311"	"Всего"	"1"	"Всего"	"1"	"Всего"	"1"	"Всего"	"1"	"552"
"Общая площадь введенных в эксплуатацию жилых зданий(Метр квадратный)"	"2019 год"	"201912"	"ИРТЫШСКИЙ РАЙОН"	"16311"	"Всего"	"1"	"Всего"	"1"	"Всего"	"1"	"Всего"	"1"	"1 993"
"Общая площадь введенных в эксплуатацию жилых зданий(Метр квадратный)"	"2015 год"	"201512"	"ИРТЫШСКИЙ РАЙОН"	"16311"	"Всего"	"1"	"Всего"	"1"	"Всего"	"1"	"Всего"	"1"	"325"
"Общая площадь введенных в эксплуатацию жилых зданий(Метр квадратный)"	"2017 год"	"201712"	"ИРТЫШСКИЙ РАЙОН"	"16311"	"Всего"	"1"	"Всего"	"1"	"Всего"	"1"	"Всего"	"1"	"1 782"
"Общая площадь введенных в эксплуатацию жилых зданий(Метр квадратный)"	"2018 год"	"201812"	"ИРТЫШСКИЙ РАЙОН"	"16311"	"Всего"	"1"	"Всего"	"1"	"Всего"	"1"	"Всего"	"1"	"1 820"
"Общая площадь введенных в эксплуатацию жилых зданий(Метр квадратный)"	"2021 год"	"202112"	"ИРТЫШСКИЙ РАЙОН"	"16311"	"Всего"	"1"	"Всего"	"1"	"Всего"	"1"	"Всего"	"1"	"6 306"
"Общая площадь введенных в эксплуатацию жилых зданий(Метр квадратный)"	"2022 год"	"202212"	"ИРТЫШСКИЙ РАЙОН"	"16311"	"Всего"	"1"	"Всего"	"1"	"Всего"	"1"	"Всего"	"1"	"6 323"
"Общая площадь введенных в эксплуатацию жилых зданий(Метр квадратный)"	"2016 год"	"201612"	"ИРТЫШСКИЙ РАЙОН"	"16311"	"сельская местность"	"3"	"Всего"	"1"	"Всего"	"1"	"Всего"	"1"	"1 711"
"Общая площадь введенных в эксплуатацию жилых зданий(Метр квадратный)"	"2020 год"	"202012"	"ИРТЫШСКИЙ РАЙОН"	"16311"	"сельская местность"	"3"	"Всего"	"1"	"Всего"	"1"	"Всего"	"1"	"5 919"
"Общая площадь введенных в эксплуатацию жилых зданий(Метр квадратный)"	"2014 год"	"201412"	"ИРТЫШСКИЙ РАЙОН"	"16311"	"сельская местность"	"3"	"Всего"	"1"	"Всего"	"1"	"Всего"	"1"	"552"
"Общая площадь введенных в эксплуатацию жилых зданий(Метр квадратный)"	"2019 год"	"201912"	"ИРТЫШСКИЙ РАЙОН"	"16311"	"сельская местность"	"3"	"Всего"	"1"	"Всего"	"1"	"Всего"	"1"	"1 993"
"Общая площадь введенных в эксплуатацию жилых зданий(Метр квадратный)"	"2015 год"	"201512"	"ИРТЫШСКИЙ РАЙОН"	"16311"	"сельская местность"	"3"	"Всего"	"1"	"Всего"	"1"	"Всего"	"1"	"325"
"Общая площадь введенных в эксплуатацию жилых зданий(Метр квадратный)"	"2017 год"	"201712"	"ИРТЫШСКИЙ РАЙОН"	"16311"	"сельская местность"	"3"	"Всего"	"1"	"Всего"	"1"	"Всего"	"1"	"1 782"
"Общая площадь введенных в эксплуатацию жилых зданий(Метр квадратный)"	"2018 год"	"201812"	"ИРТЫШСКИЙ РАЙОН"	"16311"	"сельская местность"	"3"	"Всего"	"1"	"Всего"	"1"	"Всего"	"1"	"1 820"
"Общая площадь введенных в эксплуатацию жилых зданий(Метр квадратный)"	"2021 год"	"202112"	"ИРТЫШСКИЙ РАЙОН"	"16311"	"сельская местность"	"3"	"Всего"	"1"	"Всего"	"1"	"Всего"	"1"	"6 306"
"Общая площадь введенных в эксплуатацию жилых зданий(Метр квадратный)"	"2022 год"	"202212"	"ИРТЫШСКИЙ РАЙОН"	"16311"	"сельская местность"	"3"	"Всего"	"1"	"Всего"	"1"	"Всего"	"1"	"6 323"
"Общая площадь введенных в эксплуатацию жилых зданий(Метр квадратный)"	"2016 год"	"201612"	"РАЙОН ТЕРЕҢКӨЛ"	"16374"	"Всего"	"1"	"Всего"	"1"	"Всего"	"1"	"Всего"	"1"	"2 597"
"Общая площадь введенных в эксплуатацию жилых зданий(Метр квадратный)"	"2020 год"	"202012"	"РАЙОН ТЕРЕҢКӨЛ"	"16374"	"Всего"	"1"	"Всего"	"1"	"Всего"	"1"	"Всего"	"1"	"4 413"
"Общая площадь введенных в эксплуатацию жилых зданий(Метр квадратный)"	"2014 год"	"201412"	"РАЙОН ТЕРЕҢКӨЛ"	"16374"	"Всего"	"1"	"Всего"	"1"	"Всего"	"1"	"Всего"	"1"	"2 509"
"Общая площадь введенных в эксплуатацию жилых зданий(Метр квадратный)"	"2019 год"	"201912"	"РАЙОН ТЕРЕҢКӨЛ"	"16374"	"Всего"	"1"	"Всего"	"1"	"Всего"	"1"	"Всего"	"1"	"4 008"
"Общая площадь введенных в эксплуатацию жилых зданий(Метр квадратный)"	"2015 год"	"201512"	"РАЙОН ТЕРЕҢКӨЛ"	"16374"	"Всего"	"1"	"Всего"	"1"	"Всего"	"1"	"Всего"	"1"	"2 513"
"Общая площадь введенных в эксплуатацию жилых зданий(Метр квадратный)"	"2017 год"	"201712"	"РАЙОН ТЕРЕҢКӨЛ"	"16374"	"Всего"	"1"	"Всего"	"1"	"Всего"	"1"	"Всего"	"1"	"3 226"
"Общая площадь введенных в эксплуатацию жилых зданий(Метр квадратный)"	"2018 год"	"201812"	"РАЙОН ТЕРЕҢКӨЛ"	"16374"	"Всего"	"1"	"Всего"	"1"	"Всего"	"1"	"Всего"	"1"	"3 402"
"Общая площадь введенных в эксплуатацию жилых зданий(Метр квадратный)"	"2021 год"	"202112"	"РАЙОН ТЕРЕҢКӨЛ"	"16374"	"Всего"	"1"	"Всего"	"1"	"Всего"	"1"	"Всего"	"1"	"5 001"
"Общая площадь введенных в эксплуатацию жилых зданий(Метр квадратный)"	"2022 год"	"202212"	"РАЙОН ТЕРЕҢКӨЛ"	"16374"	"Всего"	"1"	"Всего"	"1"	"Всего"	"1"	"Всего"	"1"	"5 304"
"Общая площадь введенных в эксплуатацию жилых зданий(Метр квадратный)"	"2016 год"	"201612"	"РАЙОН ТЕРЕҢКӨЛ"	"16374"	"сельская местность"	"3"	"Всего"	"1"	"Всего"	"1"	"Всего"	"1"	"2 597"
"Общая площадь введенных в эксплуатацию жилых зданий(Метр квадратный)"	"2020 год"	"202012"	"РАЙОН ТЕРЕҢКӨЛ"	"16374"	"сельская местность"	"3"	"Всего"	"1"	"Всего"	"1"	"Всего"	"1"	"4 413"
"Общая площадь введенных в эксплуатацию жилых зданий(Метр квадратный)"	"2014 год"	"201412"	"РАЙОН ТЕРЕҢКӨЛ"	"16374"	"сельская местность"	"3"	"Всего"	"1"	"Всего"	"1"	"Всего"	"1"	"2 509"
"Общая площадь введенных в эксплуатацию жилых зданий(Метр квадратный)"	"2019 год"	"201912"	"РАЙОН ТЕРЕҢКӨЛ"	"16374"	"сельская местность"	"3"	"Всего"	"1"	"Всего"	"1"	"Всего"	"1"	"4 008"
"Общая площадь введенных в эксплуатацию жилых зданий(Метр квадратный)"	"2015 год"	"201512"	"РАЙОН ТЕРЕҢКӨЛ"	"16374"	"сельская местность"	"3"	"Всего"	"1"	"Всего"	"1"	"Всего"	"1"	"2 513"
"Общая площадь введенных в эксплуатацию жилых зданий(Метр квадратный)"	"2017 год"	"201712"	"РАЙОН ТЕРЕҢКӨЛ"	"16374"	"сельская местность"	"3"	"Всего"	"1"	"Всего"	"1"	"Всего"	"1"	"3 226"
"Общая площадь введенных в эксплуатацию жилых зданий(Метр квадратный)"	"2018 год"	"201812"	"РАЙОН ТЕРЕҢКӨЛ"	"16374"	"сельская местность"	"3"	"Всего"	"1"	"Всего"	"1"	"Всего"	"1"	"3 402"
"Общая площадь введенных в эксплуатацию жилых зданий(Метр квадратный)"	"2021 год"	"202112"	"РАЙОН ТЕРЕҢКӨЛ"	"16374"	"сельская местность"	"3"	"Всего"	"1"	"Всего"	"1"	"Всего"	"1"	"5 001"
"Общая площадь введенных в эксплуатацию жилых зданий(Метр квадратный)"	"2022 год"	"202212"	"РАЙОН ТЕРЕҢКӨЛ"	"16374"	"сельская местность"	"3"	"Всего"	"1"	"Всего"	"1"	"Всего"	"1"	"5 304"
"Общая площадь введенных в эксплуатацию жилых зданий(Метр квадратный)"	"2016 год"	"201612"	"РАЙОН АҚҚУЛЫ"	"16445"	"Всего"	"1"	"Всего"	"1"	"Всего"	"1"	"Всего"	"1"	"2 531"
"Общая площадь введенных в эксплуатацию жилых зданий(Метр квадратный)"	"2020 год"	"202012"	"РАЙОН АҚҚУЛЫ"	"16445"	"Всего"	"1"	"Всего"	"1"	"Всего"	"1"	"Всего"	"1"	"4 005"
"Общая площадь введенных в эксплуатацию жилых зданий(Метр квадратный)"	"2014 год"	"201412"	"РАЙОН АҚҚУЛЫ"	"16445"	"Всего"	"1"	"Всего"	"1"	"Всего"	"1"	"Всего"	"1"	"437"
"Общая площадь введенных в эксплуатацию жилых зданий(Метр квадратный)"	"2019 год"	"201912"	"РАЙОН АҚҚУЛЫ"	"16445"	"Всего"	"1"	"Всего"	"1"	"Всего"	"1"	"Всего"	"1"	"4 004"
"Общая площадь введенных в эксплуатацию жилых зданий(Метр квадратный)"	"2015 год"	"201512"	"РАЙОН АҚҚУЛЫ"	"16445"	"Всего"	"1"	"Всего"	"1"	"Всего"	"1"	"Всего"	"1"	"2 102"
"Общая площадь введенных в эксплуатацию жилых зданий(Метр квадратный)"	"2017 год"	"201712"	"РАЙОН АҚҚУЛЫ"	"16445"	"Всего"	"1"	"Всего"	"1"	"Всего"	"1"	"Всего"	"1"	"2 804"
"Общая площадь введенных в эксплуатацию жилых зданий(Метр квадратный)"	"2018 год"	"201812"	"РАЙОН АҚҚУЛЫ"	"16445"	"Всего"	"1"	"Всего"	"1"	"Всего"	"1"	"Всего"	"1"	"3 440"
"Общая площадь введенных в эксплуатацию жилых зданий(Метр квадратный)"	"2021 год"	"202112"	"РАЙОН АҚҚУЛЫ"	"16445"	"Всего"	"1"	"Всего"	"1"	"Всего"	"1"	"Всего"	"1"	"4 686"
"Общая площадь введенных в эксплуатацию жилых зданий(Метр квадратный)"	"2022 год"	"202212"	"РАЙОН АҚҚУЛЫ"	"16445"	"Всего"	"1"	"Всего"	"1"	"Всего"	"1"	"Всего"	"1"	"5 547"
"Общая площадь введенных в эксплуатацию жилых зданий(Метр квадратный)"	"2016 год"	"201612"	"РАЙОН АҚҚУЛЫ"	"16445"	"сельская местность"	"3"	"Всего"	"1"	"Всего"	"1"	"Всего"	"1"	"2 531"
"Общая площадь введенных в эксплуатацию жилых зданий(Метр квадратный)"	"2020 год"	"202012"	"РАЙОН АҚҚУЛЫ"	"16445"	"сельская местность"	"3"	"Всего"	"1"	"Всего"	"1"	"Всего"	"1"	"4 005"
"Общая площадь введенных в эксплуатацию жилых зданий(Метр квадратный)"	"2014 год"	"201412"	"РАЙОН АҚҚУЛЫ"	"16445"	"сельская местность"	"3"	"Всего"	"1"	"Всего"	"1"	"Всего"	"1"	"437"
"Общая площадь введенных в эксплуатацию жилых зданий(Метр квадратный)"	"2019 год"	"201912"	"РАЙОН АҚҚУЛЫ"	"16445"	"сельская местность"	"3"	"Всего"	"1"	"Всего"	"1"	"Всего"	"1"	"4 004"
"Общая площадь введенных в эксплуатацию жилых зданий(Метр квадратный)"	"2015 год"	"201512"	"РАЙОН АҚҚУЛЫ"	"16445"	"сельская местность"	"3"	"Всего"	"1"	"Всего"	"1"	"Всего"	"1"	"2 102"
"Общая площадь введенных в эксплуатацию жилых зданий(Метр квадратный)"	"2017 год"	"201712"	"РАЙОН АҚҚУЛЫ"	"16445"	"сельская местность"	"3"	"Всего"	"1"	"Всего"	"1"	"Всего"	"1"	"2 804"
"Общая площадь введенных в эксплуатацию жилых зданий(Метр квадратный)"	"2018 год"	"201812"	"РАЙОН АҚҚУЛЫ"	"16445"	"сельская местность"	"3"	"Всего"	"1"	"Всего"	"1"	"Всего"	"1"	"3 440"
"Общая площадь введенных в эксплуатацию жилых зданий(Метр квадратный)"	"2021 год"	"202112"	"РАЙОН АҚҚУЛЫ"	"16445"	"сельская местность"	"3"	"Всего"	"1"	"Всего"	"1"	"Всего"	"1"	"4 686"
"Общая площадь введенных в эксплуатацию жилых зданий(Метр квадратный)"	"2022 год"	"202212"	"РАЙОН АҚҚУЛЫ"	"16445"	"сельская местность"	"3"	"Всего"	"1"	"Всего"	"1"	"Всего"	"1"	"5 547"
"Общая площадь введенных в эксплуатацию жилых зданий(Метр квадратный)"	"2016 год"	"201612"	"МАЙСКИЙ РАЙОН"	"16512"	"Всего"	"1"	"Всего"	"1"	"Всего"	"1"	"Всего"	"1"	"721"
"Общая площадь введенных в эксплуатацию жилых зданий(Метр квадратный)"	"2020 год"	"202012"	"МАЙСКИЙ РАЙОН"	"16512"	"Всего"	"1"	"Всего"	"1"	"Всего"	"1"	"Всего"	"1"	"2 943"
"Общая площадь введенных в эксплуатацию жилых зданий(Метр квадратный)"	"2019 год"	"201912"	"МАЙСКИЙ РАЙОН"	"16512"	"Всего"	"1"	"Всего"	"1"	"Всего"	"1"	"Всего"	"1"	"2 631"
"Общая площадь введенных в эксплуатацию жилых зданий(Метр квадратный)"	"2015 год"	"201512"	"МАЙСКИЙ РАЙОН"	"16512"	"Всего"	"1"	"Всего"	"1"	"Всего"	"1"	"Всего"	"1"	"211"
"Общая площадь введенных в эксплуатацию жилых зданий(Метр квадратный)"	"2017 год"	"201712"	"МАЙСКИЙ РАЙОН"	"16512"	"Всего"	"1"	"Всего"	"1"	"Всего"	"1"	"Всего"	"1"	"1 595"
"Общая площадь введенных в эксплуатацию жилых зданий(Метр квадратный)"	"2018 год"	"201812"	"МАЙСКИЙ РАЙОН"	"16512"	"Всего"	"1"	"Всего"	"1"	"Всего"	"1"	"Всего"	"1"	"1 739"
"Общая площадь введенных в эксплуатацию жилых зданий(Метр квадратный)"	"2021 год"	"202112"	"МАЙСКИЙ РАЙОН"	"16512"	"Всего"	"1"	"Всего"	"1"	"Всего"	"1"	"Всего"	"1"	"5 000"
"Общая площадь введенных в эксплуатацию жилых зданий(Метр квадратный)"	"2022 год"	"202212"	"МАЙСКИЙ РАЙОН"	"16512"	"Всего"	"1"	"Всего"	"1"	"Всего"	"1"	"Всего"	"1"	"5 325"
"Общая площадь введенных в эксплуатацию жилых зданий(Метр квадратный)"	"2016 год"	"201612"	"МАЙСКИЙ РАЙОН"	"16512"	"сельская местность"	"3"	"Всего"	"1"	"Всего"	"1"	"Всего"	"1"	"721"
"Общая площадь введенных в эксплуатацию жилых зданий(Метр квадратный)"	"2020 год"	"202012"	"МАЙСКИЙ РАЙОН"	"16512"	"сельская местность"	"3"	"Всего"	"1"	"Всего"	"1"	"Всего"	"1"	"2 943"
"Общая площадь введенных в эксплуатацию жилых зданий(Метр квадратный)"	"2019 год"	"201912"	"МАЙСКИЙ РАЙОН"	"16512"	"сельская местность"	"3"	"Всего"	"1"	"Всего"	"1"	"Всего"	"1"	"2 631"
"Общая площадь введенных в эксплуатацию жилых зданий(Метр квадратный)"	"2015 год"	"201512"	"МАЙСКИЙ РАЙОН"	"16512"	"сельская местность"	"3"	"Всего"	"1"	"Всего"	"1"	"Всего"	"1"	"211"
"Общая площадь введенных в эксплуатацию жилых зданий(Метр квадратный)"	"2017 год"	"201712"	"МАЙСКИЙ РАЙОН"	"16512"	"сельская местность"	"3"	"Всего"	"1"	"Всего"	"1"	"Всего"	"1"	"1 595"
"Общая площадь введенных в эксплуатацию жилых зданий(Метр квадратный)"	"2018 год"	"201812"	"МАЙСКИЙ РАЙОН"	"16512"	"сельская местность"	"3"	"Всего"	"1"	"Всего"	"1"	"Всего"	"1"	"1 739"
"Общая площадь введенных в эксплуатацию жилых зданий(Метр квадратный)"	"2021 год"	"202112"	"МАЙСКИЙ РАЙОН"	"16512"	"сельская местность"	"3"	"Всего"	"1"	"Всего"	"1"	"Всего"	"1"	"5 000"
"Общая площадь введенных в эксплуатацию жилых зданий(Метр квадратный)"	"2022 год"	"202212"	"МАЙСКИЙ РАЙОН"	"16512"	"сельская местность"	"3"	"Всего"	"1"	"Всего"	"1"	"Всего"	"1"	"5 325"
"Общая площадь введенных в эксплуатацию жилых зданий(Метр квадратный)"	"2016 год"	"201612"	"ПАВЛОДАРСКИЙ РАЙОН"	"16628"	"Всего"	"1"	"Всего"	"1"	"Всего"	"1"	"Всего"	"1"	"2 116"
"Общая площадь введенных в эксплуатацию жилых зданий(Метр квадратный)"	"2020 год"	"202012"	"ПАВЛОДАРСКИЙ РАЙОН"	"16628"	"Всего"	"1"	"Всего"	"1"	"Всего"	"1"	"Всего"	"1"	"4 418"
"Общая площадь введенных в эксплуатацию жилых зданий(Метр квадратный)"	"2019 год"	"201912"	"ПАВЛОДАРСКИЙ РАЙОН"	"16628"	"Всего"	"1"	"Всего"	"1"	"Всего"	"1"	"Всего"	"1"	"4 150"
"Общая площадь введенных в эксплуатацию жилых зданий(Метр квадратный)"	"2017 год"	"201712"	"ПАВЛОДАРСКИЙ РАЙОН"	"16628"	"Всего"	"1"	"Всего"	"1"	"Всего"	"1"	"Всего"	"1"	"2 652"
"Общая площадь введенных в эксплуатацию жилых зданий(Метр квадратный)"	"2018 год"	"201812"	"ПАВЛОДАРСКИЙ РАЙОН"	"16628"	"Всего"	"1"	"Всего"	"1"	"Всего"	"1"	"Всего"	"1"	"4 021"
"Общая площадь введенных в эксплуатацию жилых зданий(Метр квадратный)"	"2021 год"	"202112"	"ПАВЛОДАРСКИЙ РАЙОН"	"16628"	"Всего"	"1"	"Всего"	"1"	"Всего"	"1"	"Всего"	"1"	"5 883"
"Общая площадь введенных в эксплуатацию жилых зданий(Метр квадратный)"	"2022 год"	"202212"	"ПАВЛОДАРСКИЙ РАЙОН"	"16628"	"Всего"	"1"	"Всего"	"1"	"Всего"	"1"	"Всего"	"1"	"6 260"
"Общая площадь введенных в эксплуатацию жилых зданий(Метр квадратный)"	"2016 год"	"201612"	"ПАВЛОДАРСКИЙ РАЙОН"	"16628"	"сельская местность"	"3"	"Всего"	"1"	"Всего"	"1"	"Всего"	"1"	"2 116"
"Общая площадь введенных в эксплуатацию жилых зданий(Метр квадратный)"	"2020 год"	"202012"	"ПАВЛОДАРСКИЙ РАЙОН"	"16628"	"сельская местность"	"3"	"Всего"	"1"	"Всего"	"1"	"Всего"	"1"	"4 418"
"Общая площадь введенных в эксплуатацию жилых зданий(Метр квадратный)"	"2019 год"	"201912"	"ПАВЛОДАРСКИЙ РАЙОН"	"16628"	"сельская местность"	"3"	"Всего"	"1"	"Всего"	"1"	"Всего"	"1"	"4 150"
"Общая площадь введенных в эксплуатацию жилых зданий(Метр квадратный)"	"2017 год"	"201712"	"ПАВЛОДАРСКИЙ РАЙОН"	"16628"	"сельская местность"	"3"	"Всего"	"1"	"Всего"	"1"	"Всего"	"1"	"2 652"
"Общая площадь введенных в эксплуатацию жилых зданий(Метр квадратный)"	"2018 год"	"201812"	"ПАВЛОДАРСКИЙ РАЙОН"	"16628"	"сельская местность"	"3"	"Всего"	"1"	"Всего"	"1"	"Всего"	"1"	"4 021"
"Общая площадь введенных в эксплуатацию жилых зданий(Метр квадратный)"	"2021 год"	"202112"	"ПАВЛОДАРСКИЙ РАЙОН"	"16628"	"сельская местность"	"3"	"Всего"	"1"	"Всего"	"1"	"Всего"	"1"	"5 883"
"Общая площадь введенных в эксплуатацию жилых зданий(Метр квадратный)"	"2022 год"	"202212"	"ПАВЛОДАРСКИЙ РАЙОН"	"16628"	"сельская местность"	"3"	"Всего"	"1"	"Всего"	"1"	"Всего"	"1"	"6 260"
"Общая площадь введенных в эксплуатацию жилых зданий(Метр квадратный)"	"2016 год"	"201612"	"УСПЕНСКИЙ РАЙОН"	"16709"	"Всего"	"1"	"Всего"	"1"	"Всего"	"1"	"Всего"	"1"	"1 133"
"Общая площадь введенных в эксплуатацию жилых зданий(Метр квадратный)"	"2020 год"	"202012"	"УСПЕНСКИЙ РАЙОН"	"16709"	"Всего"	"1"	"Всего"	"1"	"Всего"	"1"	"Всего"	"1"	"1 833"
"Общая площадь введенных в эксплуатацию жилых зданий(Метр квадратный)"	"2019 год"	"201912"	"УСПЕНСКИЙ РАЙОН"	"16709"	"Всего"	"1"	"Всего"	"1"	"Всего"	"1"	"Всего"	"1"	"1 217"
"Общая площадь введенных в эксплуатацию жилых зданий(Метр квадратный)"	"2015 год"	"201512"	"УСПЕНСКИЙ РАЙОН"	"16709"	"Всего"	"1"	"Всего"	"1"	"Всего"	"1"	"Всего"	"1"	"600"
"Общая площадь введенных в эксплуатацию жилых зданий(Метр квадратный)"	"2017 год"	"201712"	"УСПЕНСКИЙ РАЙОН"	"16709"	"Всего"	"1"	"Всего"	"1"	"Всего"	"1"	"Всего"	"1"	"654"
"Общая площадь введенных в эксплуатацию жилых зданий(Метр квадратный)"	"2018 год"	"201812"	"УСПЕНСКИЙ РАЙОН"	"16709"	"Всего"	"1"	"Всего"	"1"	"Всего"	"1"	"Всего"	"1"	"706"
"Общая площадь введенных в эксплуатацию жилых зданий(Метр квадратный)"	"2021 год"	"202112"	"УСПЕНСКИЙ РАЙОН"	"16709"	"Всего"	"1"	"Всего"	"1"	"Всего"	"1"	"Всего"	"1"	"4 538"
"Общая площадь введенных в эксплуатацию жилых зданий(Метр квадратный)"	"2022 год"	"202212"	"УСПЕНСКИЙ РАЙОН"	"16709"	"Всего"	"1"	"Всего"	"1"	"Всего"	"1"	"Всего"	"1"	"4 817"
"Общая площадь введенных в эксплуатацию жилых зданий(Метр квадратный)"	"2016 год"	"201612"	"УСПЕНСКИЙ РАЙОН"	"16709"	"сельская местность"	"3"	"Всего"	"1"	"Всего"	"1"	"Всего"	"1"	"1 133"
"Общая площадь введенных в эксплуатацию жилых зданий(Метр квадратный)"	"2020 год"	"202012"	"УСПЕНСКИЙ РАЙОН"	"16709"	"сельская местность"	"3"	"Всего"	"1"	"Всего"	"1"	"Всего"	"1"	"1 833"
"Общая площадь введенных в эксплуатацию жилых зданий(Метр квадратный)"	"2019 год"	"201912"	"УСПЕНСКИЙ РАЙОН"	"16709"	"сельская местность"	"3"	"Всего"	"1"	"Всего"	"1"	"Всего"	"1"	"1 217"
"Общая площадь введенных в эксплуатацию жилых зданий(Метр квадратный)"	"2015 год"	"201512"	"УСПЕНСКИЙ РАЙОН"	"16709"	"сельская местность"	"3"	"Всего"	"1"	"Всего"	"1"	"Всего"	"1"	"600"
"Общая площадь введенных в эксплуатацию жилых зданий(Метр квадратный)"	"2017 год"	"201712"	"УСПЕНСКИЙ РАЙОН"	"16709"	"сельская местность"	"3"	"Всего"	"1"	"Всего"	"1"	"Всего"	"1"	"654"
"Общая площадь введенных в эксплуатацию жилых зданий(Метр квадратный)"	"2018 год"	"201812"	"УСПЕНСКИЙ РАЙОН"	"16709"	"сельская местность"	"3"	"Всего"	"1"	"Всего"	"1"	"Всего"	"1"	"706"
"Общая площадь введенных в эксплуатацию жилых зданий(Метр квадратный)"	"2021 год"	"202112"	"УСПЕНСКИЙ РАЙОН"	"16709"	"сельская местность"	"3"	"Всего"	"1"	"Всего"	"1"	"Всего"	"1"	"4 538"
"Общая площадь введенных в эксплуатацию жилых зданий(Метр квадратный)"	"2022 год"	"202212"	"УСПЕНСКИЙ РАЙОН"	"16709"	"сельская местность"	"3"	"Всего"	"1"	"Всего"	"1"	"Всего"	"1"	"4 817"
"Общая площадь введенных в эксплуатацию жилых зданий(Метр квадратный)"	"2016 год"	"201612"	"ЩЕРБАКТИНСКИЙ РАЙОН"	"16750"	"Всего"	"1"	"Всего"	"1"	"Всего"	"1"	"Всего"	"1"	"1 481"
"Общая площадь введенных в эксплуатацию жилых зданий(Метр квадратный)"	"2020 год"	"202012"	"ЩЕРБАКТИНСКИЙ РАЙОН"	"16750"	"Всего"	"1"	"Всего"	"1"	"Всего"	"1"	"Всего"	"1"	"3 723"
"Общая площадь введенных в эксплуатацию жилых зданий(Метр квадратный)"	"2019 год"	"201912"	"ЩЕРБАКТИНСКИЙ РАЙОН"	"16750"	"Всего"	"1"	"Всего"	"1"	"Всего"	"1"	"Всего"	"1"	"2 892"
"Общая площадь введенных в эксплуатацию жилых зданий(Метр квадратный)"	"2015 год"	"201512"	"ЩЕРБАКТИНСКИЙ РАЙОН"	"16750"	"Всего"	"1"	"Всего"	"1"	"Всего"	"1"	"Всего"	"1"	"764"
"Общая площадь введенных в эксплуатацию жилых зданий(Метр квадратный)"	"2017 год"	"201712"	"ЩЕРБАКТИНСКИЙ РАЙОН"	"16750"	"Всего"	"1"	"Всего"	"1"	"Всего"	"1"	"Всего"	"1"	"2 569"
"Общая площадь введенных в эксплуатацию жилых зданий(Метр квадратный)"	"2018 год"	"201812"	"ЩЕРБАКТИНСКИЙ РАЙОН"	"16750"	"Всего"	"1"	"Всего"	"1"	"Всего"	"1"	"Всего"	"1"	"2 856"
"Общая площадь введенных в эксплуатацию жилых зданий(Метр квадратный)"	"2021 год"	"202112"	"ЩЕРБАКТИНСКИЙ РАЙОН"	"16750"	"Всего"	"1"	"Всего"	"1"	"Всего"	"1"	"Всего"	"1"	"5 065"
"Общая площадь введенных в эксплуатацию жилых зданий(Метр квадратный)"	"2022 год"	"202212"	"ЩЕРБАКТИНСКИЙ РАЙОН"	"16750"	"Всего"	"1"	"Всего"	"1"	"Всего"	"1"	"Всего"	"1"	"5 310"
"Общая площадь введенных в эксплуатацию жилых зданий(Метр квадратный)"	"2016 год"	"201612"	"ЩЕРБАКТИНСКИЙ РАЙОН"	"16750"	"сельская местность"	"3"	"Всего"	"1"	"Всего"	"1"	"Всего"	"1"	"1 481"
"Общая площадь введенных в эксплуатацию жилых зданий(Метр квадратный)"	"2020 год"	"202012"	"ЩЕРБАКТИНСКИЙ РАЙОН"	"16750"	"сельская местность"	"3"	"Всего"	"1"	"Всего"	"1"	"Всего"	"1"	"3 723"
"Общая площадь введенных в эксплуатацию жилых зданий(Метр квадратный)"	"2019 год"	"201912"	"ЩЕРБАКТИНСКИЙ РАЙОН"	"16750"	"сельская местность"	"3"	"Всего"	"1"	"Всего"	"1"	"Всего"	"1"	"2 892"
"Общая площадь введенных в эксплуатацию жилых зданий(Метр квадратный)"	"2015 год"	"201512"	"ЩЕРБАКТИНСКИЙ РАЙОН"	"16750"	"сельская местность"	"3"	"Всего"	"1"	"Всего"	"1"	"Всего"	"1"	"764"
"Общая площадь введенных в эксплуатацию жилых зданий(Метр квадратный)"	"2017 год"	"201712"	"ЩЕРБАКТИНСКИЙ РАЙОН"	"16750"	"сельская местность"	"3"	"Всего"	"1"	"Всего"	"1"	"Всего"	"1"	"2 569"
"Общая площадь введенных в эксплуатацию жилых зданий(Метр квадратный)"	"2018 год"	"201812"	"ЩЕРБАКТИНСКИЙ РАЙОН"	"16750"	"сельская местность"	"3"	"Всего"	"1"	"Всего"	"1"	"Всего"	"1"	"2 856"
"Общая площадь введенных в эксплуатацию жилых зданий(Метр квадратный)"	"2021 год"	"202112"	"ЩЕРБАКТИНСКИЙ РАЙОН"	"16750"	"сельская местность"	"3"	"Всего"	"1"	"Всего"	"1"	"Всего"	"1"	"5 065"
"Общая площадь введенных в эксплуатацию жилых зданий(Метр квадратный)"	"2022 год"	"202212"	"ЩЕРБАКТИНСКИЙ РАЙОН"	"16750"	"сельская местность"	"3"	"Всего"	"1"	"Всего"	"1"	"Всего"	"1"	"5 310"
"Общая площадь введенных в эксплуатацию жилых зданий(Метр квадратный)"	"2016 год"	"201612"	"СЕВЕРО-КАЗАХСТАНСКАЯ ОБЛАСТЬ"	"16809"	"Всего"	"1"	"Всего"	"1"	"Всего"	"1"	"Всего"	"1"	"164 256"
"Общая площадь введенных в эксплуатацию жилых зданий(Метр квадратный)"	"2020 год"	"202012"	"СЕВЕРО-КАЗАХСТАНСКАЯ ОБЛАСТЬ"	"16809"	"Всего"	"1"	"Всего"	"1"	"Всего"	"1"	"Всего"	"1"	"306 092"
"Общая площадь введенных в эксплуатацию жилых зданий(Метр квадратный)"	"2014 год"	"201412"	"СЕВЕРО-КАЗАХСТАНСКАЯ ОБЛАСТЬ"	"16809"	"Всего"	"1"	"Всего"	"1"	"Всего"	"1"	"Всего"	"1"	"120 091"
"Общая площадь введенных в эксплуатацию жилых зданий(Метр квадратный)"	"2019 год"	"201912"	"СЕВЕРО-КАЗАХСТАНСКАЯ ОБЛАСТЬ"	"16809"	"Всего"	"1"	"Всего"	"1"	"Всего"	"1"	"Всего"	"1"	"250 467"
"Общая площадь введенных в эксплуатацию жилых зданий(Метр квадратный)"	"2015 год"	"201512"	"СЕВЕРО-КАЗАХСТАНСКАЯ ОБЛАСТЬ"	"16809"	"Всего"	"1"	"Всего"	"1"	"Всего"	"1"	"Всего"	"1"	"140 402"
"Общая площадь введенных в эксплуатацию жилых зданий(Метр квадратный)"	"2017 год"	"201712"	"СЕВЕРО-КАЗАХСТАНСКАЯ ОБЛАСТЬ"	"16809"	"Всего"	"1"	"Всего"	"1"	"Всего"	"1"	"Всего"	"1"	"200 090"
"Общая площадь введенных в эксплуатацию жилых зданий(Метр квадратный)"	"2018 год"	"201812"	"СЕВЕРО-КАЗАХСТАНСКАЯ ОБЛАСТЬ"	"16809"	"Всего"	"1"	"Всего"	"1"	"Всего"	"1"	"Всего"	"1"	"217 758"
"Общая площадь введенных в эксплуатацию жилых зданий(Метр квадратный)"	"2021 год"	"202112"	"СЕВЕРО-КАЗАХСТАНСКАЯ ОБЛАСТЬ"	"16809"	"Всего"	"1"	"Всего"	"1"	"Всего"	"1"	"Всего"	"1"	"345 259"
"Общая площадь введенных в эксплуатацию жилых зданий(Метр квадратный)"	"2022 год"	"202212"	"СЕВЕРО-КАЗАХСТАНСКАЯ ОБЛАСТЬ"	"16809"	"Всего"	"1"	"Всего"	"1"	"Всего"	"1"	"Всего"	"1"	"300 829"
"Общая площадь введенных в эксплуатацию жилых зданий(Метр квадратный)"	"2016 год"	"201612"	"СЕВЕРО-КАЗАХСТАНСКАЯ ОБЛАСТЬ"	"16809"	"городская местность"	"2"	"Всего"	"1"	"Всего"	"1"	"Всего"	"1"	"113 799"
"Общая площадь введенных в эксплуатацию жилых зданий(Метр квадратный)"	"2020 год"	"202012"	"СЕВЕРО-КАЗАХСТАНСКАЯ ОБЛАСТЬ"	"16809"	"городская местность"	"2"	"Всего"	"1"	"Всего"	"1"	"Всего"	"1"	"207 373"
"Общая площадь введенных в эксплуатацию жилых зданий(Метр квадратный)"	"2014 год"	"201412"	"СЕВЕРО-КАЗАХСТАНСКАЯ ОБЛАСТЬ"	"16809"	"городская местность"	"2"	"Всего"	"1"	"Всего"	"1"	"Всего"	"1"	"79 762"
"Общая площадь введенных в эксплуатацию жилых зданий(Метр квадратный)"	"2019 год"	"201912"	"СЕВЕРО-КАЗАХСТАНСКАЯ ОБЛАСТЬ"	"16809"	"городская местность"	"2"	"Всего"	"1"	"Всего"	"1"	"Всего"	"1"	"169 237"
"Общая площадь введенных в эксплуатацию жилых зданий(Метр квадратный)"	"2015 год"	"201512"	"СЕВЕРО-КАЗАХСТАНСКАЯ ОБЛАСТЬ"	"16809"	"городская местность"	"2"	"Всего"	"1"	"Всего"	"1"	"Всего"	"1"	"100 471"
"Общая площадь введенных в эксплуатацию жилых зданий(Метр квадратный)"	"2017 год"	"201712"	"СЕВЕРО-КАЗАХСТАНСКАЯ ОБЛАСТЬ"	"16809"	"городская местность"	"2"	"Всего"	"1"	"Всего"	"1"	"Всего"	"1"	"151 189"
"Общая площадь введенных в эксплуатацию жилых зданий(Метр квадратный)"	"2018 год"	"201812"	"СЕВЕРО-КАЗАХСТАНСКАЯ ОБЛАСТЬ"	"16809"	"городская местность"	"2"	"Всего"	"1"	"Всего"	"1"	"Всего"	"1"	"152 932"
"Общая площадь введенных в эксплуатацию жилых зданий(Метр квадратный)"	"2021 год"	"202112"	"СЕВЕРО-КАЗАХСТАНСКАЯ ОБЛАСТЬ"	"16809"	"городская местность"	"2"	"Всего"	"1"	"Всего"	"1"	"Всего"	"1"	"248 664"
"Общая площадь введенных в эксплуатацию жилых зданий(Метр квадратный)"	"2022 год"	"202212"	"СЕВЕРО-КАЗАХСТАНСКАЯ ОБЛАСТЬ"	"16809"	"городская местность"	"2"	"Всего"	"1"	"Всего"	"1"	"Всего"	"1"	"203 932"
"Общая площадь введенных в эксплуатацию жилых зданий(Метр квадратный)"	"2016 год"	"201612"	"СЕВЕРО-КАЗАХСТАНСКАЯ ОБЛАСТЬ"	"16809"	"сельская местность"	"3"	"Всего"	"1"	"Всего"	"1"	"Всего"	"1"	"50 457"
"Общая площадь введенных в эксплуатацию жилых зданий(Метр квадратный)"	"2020 год"	"202012"	"СЕВЕРО-КАЗАХСТАНСКАЯ ОБЛАСТЬ"	"16809"	"сельская местность"	"3"	"Всего"	"1"	"Всего"	"1"	"Всего"	"1"	"98 719"
"Общая площадь введенных в эксплуатацию жилых зданий(Метр квадратный)"	"2014 год"	"201412"	"СЕВЕРО-КАЗАХСТАНСКАЯ ОБЛАСТЬ"	"16809"	"сельская местность"	"3"	"Всего"	"1"	"Всего"	"1"	"Всего"	"1"	"40 329"
"Общая площадь введенных в эксплуатацию жилых зданий(Метр квадратный)"	"2019 год"	"201912"	"СЕВЕРО-КАЗАХСТАНСКАЯ ОБЛАСТЬ"	"16809"	"сельская местность"	"3"	"Всего"	"1"	"Всего"	"1"	"Всего"	"1"	"81 230"
"Общая площадь введенных в эксплуатацию жилых зданий(Метр квадратный)"	"2015 год"	"201512"	"СЕВЕРО-КАЗАХСТАНСКАЯ ОБЛАСТЬ"	"16809"	"сельская местность"	"3"	"Всего"	"1"	"Всего"	"1"	"Всего"	"1"	"39 931"
"Общая площадь введенных в эксплуатацию жилых зданий(Метр квадратный)"	"2017 год"	"201712"	"СЕВЕРО-КАЗАХСТАНСКАЯ ОБЛАСТЬ"	"16809"	"сельская местность"	"3"	"Всего"	"1"	"Всего"	"1"	"Всего"	"1"	"48 901"
"Общая площадь введенных в эксплуатацию жилых зданий(Метр квадратный)"	"2018 год"	"201812"	"СЕВЕРО-КАЗАХСТАНСКАЯ ОБЛАСТЬ"	"16809"	"сельская местность"	"3"	"Всего"	"1"	"Всего"	"1"	"Всего"	"1"	"64 826"
"Общая площадь введенных в эксплуатацию жилых зданий(Метр квадратный)"	"2021 год"	"202112"	"СЕВЕРО-КАЗАХСТАНСКАЯ ОБЛАСТЬ"	"16809"	"сельская местность"	"3"	"Всего"	"1"	"Всего"	"1"	"Всего"	"1"	"96 595"
"Общая площадь введенных в эксплуатацию жилых зданий(Метр квадратный)"	"2022 год"	"202212"	"СЕВЕРО-КАЗАХСТАНСКАЯ ОБЛАСТЬ"	"16809"	"сельская местность"	"3"	"Всего"	"1"	"Всего"	"1"	"Всего"	"1"	"96 897"
"Общая площадь введенных в эксплуатацию жилых зданий(Метр квадратный)"	"2016 год"	"201612"	"ПЕТРОПАВЛОВСК Г.А."	"16810"	"Всего"	"1"	"Всего"	"1"	"Всего"	"1"	"Всего"	"1"	"98 956"
"Общая площадь введенных в эксплуатацию жилых зданий(Метр квадратный)"	"2020 год"	"202012"	"ПЕТРОПАВЛОВСК Г.А."	"16810"	"Всего"	"1"	"Всего"	"1"	"Всего"	"1"	"Всего"	"1"	"183 470"
"Общая площадь введенных в эксплуатацию жилых зданий(Метр квадратный)"	"2014 год"	"201412"	"ПЕТРОПАВЛОВСК Г.А."	"16810"	"Всего"	"1"	"Всего"	"1"	"Всего"	"1"	"Всего"	"1"	"65 313"
"Общая площадь введенных в эксплуатацию жилых зданий(Метр квадратный)"	"2019 год"	"201912"	"ПЕТРОПАВЛОВСК Г.А."	"16810"	"Всего"	"1"	"Всего"	"1"	"Всего"	"1"	"Всего"	"1"	"153 643"
"Общая площадь введенных в эксплуатацию жилых зданий(Метр квадратный)"	"2015 год"	"201512"	"ПЕТРОПАВЛОВСК Г.А."	"16810"	"Всего"	"1"	"Всего"	"1"	"Всего"	"1"	"Всего"	"1"	"88 039"
"Общая площадь введенных в эксплуатацию жилых зданий(Метр квадратный)"	"2017 год"	"201712"	"ПЕТРОПАВЛОВСК Г.А."	"16810"	"Всего"	"1"	"Всего"	"1"	"Всего"	"1"	"Всего"	"1"	"135 599"
"Общая площадь введенных в эксплуатацию жилых зданий(Метр квадратный)"	"2018 год"	"201812"	"ПЕТРОПАВЛОВСК Г.А."	"16810"	"Всего"	"1"	"Всего"	"1"	"Всего"	"1"	"Всего"	"1"	"141 613"
"Общая площадь введенных в эксплуатацию жилых зданий(Метр квадратный)"	"2021 год"	"202112"	"ПЕТРОПАВЛОВСК Г.А."	"16810"	"Всего"	"1"	"Всего"	"1"	"Всего"	"1"	"Всего"	"1"	"220 396"
"Общая площадь введенных в эксплуатацию жилых зданий(Метр квадратный)"	"2022 год"	"202212"	"ПЕТРОПАВЛОВСК Г.А."	"16810"	"Всего"	"1"	"Всего"	"1"	"Всего"	"1"	"Всего"	"1"	"189 967"
"Общая площадь введенных в эксплуатацию жилых зданий(Метр квадратный)"	"2016 год"	"201612"	"ПЕТРОПАВЛОВСК Г.А."	"16810"	"городская местность"	"2"	"Всего"	"1"	"Всего"	"1"	"Всего"	"1"	"98 956"
"Общая площадь введенных в эксплуатацию жилых зданий(Метр квадратный)"	"2020 год"	"202012"	"ПЕТРОПАВЛОВСК Г.А."	"16810"	"городская местность"	"2"	"Всего"	"1"	"Всего"	"1"	"Всего"	"1"	"183 470"
"Общая площадь введенных в эксплуатацию жилых зданий(Метр квадратный)"	"2014 год"	"201412"	"ПЕТРОПАВЛОВСК Г.А."	"16810"	"городская местность"	"2"	"Всего"	"1"	"Всего"	"1"	"Всего"	"1"	"65 313"
"Общая площадь введенных в эксплуатацию жилых зданий(Метр квадратный)"	"2019 год"	"201912"	"ПЕТРОПАВЛОВСК Г.А."	"16810"	"городская местность"	"2"	"Всего"	"1"	"Всего"	"1"	"Всего"	"1"	"153 643"
"Общая площадь введенных в эксплуатацию жилых зданий(Метр квадратный)"	"2015 год"	"201512"	"ПЕТРОПАВЛОВСК Г.А."	"16810"	"городская местность"	"2"	"Всего"	"1"	"Всего"	"1"	"Всего"	"1"	"88 039"
"Общая площадь введенных в эксплуатацию жилых зданий(Метр квадратный)"	"2017 год"	"201712"	"ПЕТРОПАВЛОВСК Г.А."	"16810"	"городская местность"	"2"	"Всего"	"1"	"Всего"	"1"	"Всего"	"1"	"135 599"
"Общая площадь введенных в эксплуатацию жилых зданий(Метр квадратный)"	"2018 год"	"201812"	"ПЕТРОПАВЛОВСК Г.А."	"16810"	"городская местность"	"2"	"Всего"	"1"	"Всего"	"1"	"Всего"	"1"	"141 613"
"Общая площадь введенных в эксплуатацию жилых зданий(Метр квадратный)"	"2021 год"	"202112"	"ПЕТРОПАВЛОВСК Г.А."	"16810"	"городская местность"	"2"	"Всего"	"1"	"Всего"	"1"	"Всего"	"1"	"220 396"
"Общая площадь введенных в эксплуатацию жилых зданий(Метр квадратный)"	"2022 год"	"202212"	"ПЕТРОПАВЛОВСК Г.А."	"16810"	"городская местность"	"2"	"Всего"	"1"	"Всего"	"1"	"Всего"	"1"	"189 967"
"Общая площадь введенных в эксплуатацию жилых зданий(Метр квадратный)"	"2016 год"	"201612"	"АЙЫРТАУСКИЙ РАЙОН"	"16817"	"Всего"	"1"	"Всего"	"1"	"Всего"	"1"	"Всего"	"1"	"8 173"
"Общая площадь введенных в эксплуатацию жилых зданий(Метр квадратный)"	"2020 год"	"202012"	"АЙЫРТАУСКИЙ РАЙОН"	"16817"	"Всего"	"1"	"Всего"	"1"	"Всего"	"1"	"Всего"	"1"	"9 759"
"Общая площадь введенных в эксплуатацию жилых зданий(Метр квадратный)"	"2014 год"	"201412"	"АЙЫРТАУСКИЙ РАЙОН"	"16817"	"Всего"	"1"	"Всего"	"1"	"Всего"	"1"	"Всего"	"1"	"4 220"
"Общая площадь введенных в эксплуатацию жилых зданий(Метр квадратный)"	"2019 год"	"201912"	"АЙЫРТАУСКИЙ РАЙОН"	"16817"	"Всего"	"1"	"Всего"	"1"	"Всего"	"1"	"Всего"	"1"	"9 303"
"Общая площадь введенных в эксплуатацию жилых зданий(Метр квадратный)"	"2015 год"	"201512"	"АЙЫРТАУСКИЙ РАЙОН"	"16817"	"Всего"	"1"	"Всего"	"1"	"Всего"	"1"	"Всего"	"1"	"4 696"
"Общая площадь введенных в эксплуатацию жилых зданий(Метр квадратный)"	"2017 год"	"201712"	"АЙЫРТАУСКИЙ РАЙОН"	"16817"	"Всего"	"1"	"Всего"	"1"	"Всего"	"1"	"Всего"	"1"	"5 011"
"Общая площадь введенных в эксплуатацию жилых зданий(Метр квадратный)"	"2018 год"	"201812"	"АЙЫРТАУСКИЙ РАЙОН"	"16817"	"Всего"	"1"	"Всего"	"1"	"Всего"	"1"	"Всего"	"1"	"8 018"
"Общая площадь введенных в эксплуатацию жилых зданий(Метр квадратный)"	"2021 год"	"202112"	"АЙЫРТАУСКИЙ РАЙОН"	"16817"	"Всего"	"1"	"Всего"	"1"	"Всего"	"1"	"Всего"	"1"	"9 953"
"Общая площадь введенных в эксплуатацию жилых зданий(Метр квадратный)"	"2022 год"	"202212"	"АЙЫРТАУСКИЙ РАЙОН"	"16817"	"Всего"	"1"	"Всего"	"1"	"Всего"	"1"	"Всего"	"1"	"10 150"
"Общая площадь введенных в эксплуатацию жилых зданий(Метр квадратный)"	"2016 год"	"201612"	"АЙЫРТАУСКИЙ РАЙОН"	"16817"	"сельская местность"	"3"	"Всего"	"1"	"Всего"	"1"	"Всего"	"1"	"8 173"
"Общая площадь введенных в эксплуатацию жилых зданий(Метр квадратный)"	"2020 год"	"202012"	"АЙЫРТАУСКИЙ РАЙОН"	"16817"	"сельская местность"	"3"	"Всего"	"1"	"Всего"	"1"	"Всего"	"1"	"9 759"
"Общая площадь введенных в эксплуатацию жилых зданий(Метр квадратный)"	"2014 год"	"201412"	"АЙЫРТАУСКИЙ РАЙОН"	"16817"	"сельская местность"	"3"	"Всего"	"1"	"Всего"	"1"	"Всего"	"1"	"4 220"
"Общая площадь введенных в эксплуатацию жилых зданий(Метр квадратный)"	"2019 год"	"201912"	"АЙЫРТАУСКИЙ РАЙОН"	"16817"	"сельская местность"	"3"	"Всего"	"1"	"Всего"	"1"	"Всего"	"1"	"9 303"
"Общая площадь введенных в эксплуатацию жилых зданий(Метр квадратный)"	"2015 год"	"201512"	"АЙЫРТАУСКИЙ РАЙОН"	"16817"	"сельская местность"	"3"	"Всего"	"1"	"Всего"	"1"	"Всего"	"1"	"4 696"
"Общая площадь введенных в эксплуатацию жилых зданий(Метр квадратный)"	"2017 год"	"201712"	"АЙЫРТАУСКИЙ РАЙОН"	"16817"	"сельская местность"	"3"	"Всего"	"1"	"Всего"	"1"	"Всего"	"1"	"5 011"
"Общая площадь введенных в эксплуатацию жилых зданий(Метр квадратный)"	"2018 год"	"201812"	"АЙЫРТАУСКИЙ РАЙОН"	"16817"	"сельская местность"	"3"	"Всего"	"1"	"Всего"	"1"	"Всего"	"1"	"8 018"
"Общая площадь введенных в эксплуатацию жилых зданий(Метр квадратный)"	"2021 год"	"202112"	"АЙЫРТАУСКИЙ РАЙОН"	"16817"	"сельская местность"	"3"	"Всего"	"1"	"Всего"	"1"	"Всего"	"1"	"9 953"
"Общая площадь введенных в эксплуатацию жилых зданий(Метр квадратный)"	"2022 год"	"202212"	"АЙЫРТАУСКИЙ РАЙОН"	"16817"	"сельская местность"	"3"	"Всего"	"1"	"Всего"	"1"	"Всего"	"1"	"10 150"
"Общая площадь введенных в эксплуатацию жилых зданий(Метр квадратный)"	"2016 год"	"201612"	"АКЖАРСКИЙ РАЙОН"	"16926"	"Всего"	"1"	"Всего"	"1"	"Всего"	"1"	"Всего"	"1"	"2 820"
"Общая площадь введенных в эксплуатацию жилых зданий(Метр квадратный)"	"2020 год"	"202012"	"АКЖАРСКИЙ РАЙОН"	"16926"	"Всего"	"1"	"Всего"	"1"	"Всего"	"1"	"Всего"	"1"	"6 500"
"Общая площадь введенных в эксплуатацию жилых зданий(Метр квадратный)"	"2014 год"	"201412"	"АКЖАРСКИЙ РАЙОН"	"16926"	"Всего"	"1"	"Всего"	"1"	"Всего"	"1"	"Всего"	"1"	"3 289"
"Общая площадь введенных в эксплуатацию жилых зданий(Метр квадратный)"	"2019 год"	"201912"	"АКЖАРСКИЙ РАЙОН"	"16926"	"Всего"	"1"	"Всего"	"1"	"Всего"	"1"	"Всего"	"1"	"5 330"
"Общая площадь введенных в эксплуатацию жилых зданий(Метр квадратный)"	"2015 год"	"201512"	"АКЖАРСКИЙ РАЙОН"	"16926"	"Всего"	"1"	"Всего"	"1"	"Всего"	"1"	"Всего"	"1"	"2 312"
"Общая площадь введенных в эксплуатацию жилых зданий(Метр квадратный)"	"2017 год"	"201712"	"АКЖАРСКИЙ РАЙОН"	"16926"	"Всего"	"1"	"Всего"	"1"	"Всего"	"1"	"Всего"	"1"	"3 006"
"Общая площадь введенных в эксплуатацию жилых зданий(Метр квадратный)"	"2018 год"	"201812"	"АКЖАРСКИЙ РАЙОН"	"16926"	"Всего"	"1"	"Всего"	"1"	"Всего"	"1"	"Всего"	"1"	"3 135"
"Общая площадь введенных в эксплуатацию жилых зданий(Метр квадратный)"	"2021 год"	"202112"	"АКЖАРСКИЙ РАЙОН"	"16926"	"Всего"	"1"	"Всего"	"1"	"Всего"	"1"	"Всего"	"1"	"6 954"
"Общая площадь введенных в эксплуатацию жилых зданий(Метр квадратный)"	"2022 год"	"202212"	"АКЖАРСКИЙ РАЙОН"	"16926"	"Всего"	"1"	"Всего"	"1"	"Всего"	"1"	"Всего"	"1"	"2 273"
"Общая площадь введенных в эксплуатацию жилых зданий(Метр квадратный)"	"2016 год"	"201612"	"АКЖАРСКИЙ РАЙОН"	"16926"	"сельская местность"	"3"	"Всего"	"1"	"Всего"	"1"	"Всего"	"1"	"2 820"
"Общая площадь введенных в эксплуатацию жилых зданий(Метр квадратный)"	"2020 год"	"202012"	"АКЖАРСКИЙ РАЙОН"	"16926"	"сельская местность"	"3"	"Всего"	"1"	"Всего"	"1"	"Всего"	"1"	"6 500"
"Общая площадь введенных в эксплуатацию жилых зданий(Метр квадратный)"	"2014 год"	"201412"	"АКЖАРСКИЙ РАЙОН"	"16926"	"сельская местность"	"3"	"Всего"	"1"	"Всего"	"1"	"Всего"	"1"	"3 289"
"Общая площадь введенных в эксплуатацию жилых зданий(Метр квадратный)"	"2019 год"	"201912"	"АКЖАРСКИЙ РАЙОН"	"16926"	"сельская местность"	"3"	"Всего"	"1"	"Всего"	"1"	"Всего"	"1"	"5 330"
"Общая площадь введенных в эксплуатацию жилых зданий(Метр квадратный)"	"2015 год"	"201512"	"АКЖАРСКИЙ РАЙОН"	"16926"	"сельская местность"	"3"	"Всего"	"1"	"Всего"	"1"	"Всего"	"1"	"2 312"
"Общая площадь введенных в эксплуатацию жилых зданий(Метр квадратный)"	"2017 год"	"201712"	"АКЖАРСКИЙ РАЙОН"	"16926"	"сельская местность"	"3"	"Всего"	"1"	"Всего"	"1"	"Всего"	"1"	"3 006"
"Общая площадь введенных в эксплуатацию жилых зданий(Метр квадратный)"	"2018 год"	"201812"	"АКЖАРСКИЙ РАЙОН"	"16926"	"сельская местность"	"3"	"Всего"	"1"	"Всего"	"1"	"Всего"	"1"	"3 135"
"Общая площадь введенных в эксплуатацию жилых зданий(Метр квадратный)"	"2021 год"	"202112"	"АКЖАРСКИЙ РАЙОН"	"16926"	"сельская местность"	"3"	"Всего"	"1"	"Всего"	"1"	"Всего"	"1"	"6 954"
"Общая площадь введенных в эксплуатацию жилых зданий(Метр квадратный)"	"2022 год"	"202212"	"АКЖАРСКИЙ РАЙОН"	"16926"	"сельская местность"	"3"	"Всего"	"1"	"Всего"	"1"	"Всего"	"1"	"2 273"
"Общая площадь введенных в эксплуатацию жилых зданий(Метр квадратный)"	"2016 год"	"201612"	"РАЙОН МАГЖАНА ЖУМАБАЕВА"	"16964"	"Всего"	"1"	"Всего"	"1"	"Всего"	"1"	"Всего"	"1"	"4 546"
"Общая площадь введенных в эксплуатацию жилых зданий(Метр квадратный)"	"2020 год"	"202012"	"РАЙОН МАГЖАНА ЖУМАБАЕВА"	"16964"	"Всего"	"1"	"Всего"	"1"	"Всего"	"1"	"Всего"	"1"	"9 012"
"Общая площадь введенных в эксплуатацию жилых зданий(Метр квадратный)"	"2014 год"	"201412"	"РАЙОН МАГЖАНА ЖУМАБАЕВА"	"16964"	"Всего"	"1"	"Всего"	"1"	"Всего"	"1"	"Всего"	"1"	"3 324"
"Общая площадь введенных в эксплуатацию жилых зданий(Метр квадратный)"	"2019 год"	"201912"	"РАЙОН МАГЖАНА ЖУМАБАЕВА"	"16964"	"Всего"	"1"	"Всего"	"1"	"Всего"	"1"	"Всего"	"1"	"6 865"
"Общая площадь введенных в эксплуатацию жилых зданий(Метр квадратный)"	"2015 год"	"201512"	"РАЙОН МАГЖАНА ЖУМАБАЕВА"	"16964"	"Всего"	"1"	"Всего"	"1"	"Всего"	"1"	"Всего"	"1"	"3 703"
"Общая площадь введенных в эксплуатацию жилых зданий(Метр квадратный)"	"2017 год"	"201712"	"РАЙОН МАГЖАНА ЖУМАБАЕВА"	"16964"	"Всего"	"1"	"Всего"	"1"	"Всего"	"1"	"Всего"	"1"	"4 621"
"Общая площадь введенных в эксплуатацию жилых зданий(Метр квадратный)"	"2018 год"	"201812"	"РАЙОН МАГЖАНА ЖУМАБАЕВА"	"16964"	"Всего"	"1"	"Всего"	"1"	"Всего"	"1"	"Всего"	"1"	"4 801"
"Общая площадь введенных в эксплуатацию жилых зданий(Метр квадратный)"	"2021 год"	"202112"	"РАЙОН МАГЖАНА ЖУМАБАЕВА"	"16964"	"Всего"	"1"	"Всего"	"1"	"Всего"	"1"	"Всего"	"1"	"10 006"
"Общая площадь введенных в эксплуатацию жилых зданий(Метр квадратный)"	"2022 год"	"202212"	"РАЙОН МАГЖАНА ЖУМАБАЕВА"	"16964"	"Всего"	"1"	"Всего"	"1"	"Всего"	"1"	"Всего"	"1"	"10 536"
"Общая площадь введенных в эксплуатацию жилых зданий(Метр квадратный)"	"2016 год"	"201612"	"РАЙОН МАГЖАНА ЖУМАБАЕВА"	"16964"	"городская местность"	"2"	"Всего"	"1"	"Всего"	"1"	"Всего"	"1"	"3 497"
"Общая площадь введенных в эксплуатацию жилых зданий(Метр квадратный)"	"2020 год"	"202012"	"РАЙОН МАГЖАНА ЖУМАБАЕВА"	"16964"	"городская местность"	"2"	"Всего"	"1"	"Всего"	"1"	"Всего"	"1"	"4 313"
"Общая площадь введенных в эксплуатацию жилых зданий(Метр квадратный)"	"2014 год"	"201412"	"РАЙОН МАГЖАНА ЖУМАБАЕВА"	"16964"	"городская местность"	"2"	"Всего"	"1"	"Всего"	"1"	"Всего"	"1"	"2 399"
"Общая площадь введенных в эксплуатацию жилых зданий(Метр квадратный)"	"2019 год"	"201912"	"РАЙОН МАГЖАНА ЖУМАБАЕВА"	"16964"	"городская местность"	"2"	"Всего"	"1"	"Всего"	"1"	"Всего"	"1"	"4 962"
"Общая площадь введенных в эксплуатацию жилых зданий(Метр квадратный)"	"2015 год"	"201512"	"РАЙОН МАГЖАНА ЖУМАБАЕВА"	"16964"	"городская местность"	"2"	"Всего"	"1"	"Всего"	"1"	"Всего"	"1"	"2 281"
"Общая площадь введенных в эксплуатацию жилых зданий(Метр квадратный)"	"2017 год"	"201712"	"РАЙОН МАГЖАНА ЖУМАБАЕВА"	"16964"	"городская местность"	"2"	"Всего"	"1"	"Всего"	"1"	"Всего"	"1"	"2 914"
"Общая площадь введенных в эксплуатацию жилых зданий(Метр квадратный)"	"2018 год"	"201812"	"РАЙОН МАГЖАНА ЖУМАБАЕВА"	"16964"	"городская местность"	"2"	"Всего"	"1"	"Всего"	"1"	"Всего"	"1"	"2 250"
"Общая площадь введенных в эксплуатацию жилых зданий(Метр квадратный)"	"2021 год"	"202112"	"РАЙОН МАГЖАНА ЖУМАБАЕВА"	"16964"	"городская местность"	"2"	"Всего"	"1"	"Всего"	"1"	"Всего"	"1"	"5 516"
"Общая площадь введенных в эксплуатацию жилых зданий(Метр квадратный)"	"2022 год"	"202212"	"РАЙОН МАГЖАНА ЖУМАБАЕВА"	"16964"	"городская местность"	"2"	"Всего"	"1"	"Всего"	"1"	"Всего"	"1"	"4 032"
"Общая площадь введенных в эксплуатацию жилых зданий(Метр квадратный)"	"2016 год"	"201612"	"РАЙОН МАГЖАНА ЖУМАБАЕВА"	"16964"	"сельская местность"	"3"	"Всего"	"1"	"Всего"	"1"	"Всего"	"1"	"1 049"
"Общая площадь введенных в эксплуатацию жилых зданий(Метр квадратный)"	"2020 год"	"202012"	"РАЙОН МАГЖАНА ЖУМАБАЕВА"	"16964"	"сельская местность"	"3"	"Всего"	"1"	"Всего"	"1"	"Всего"	"1"	"4 699"
"Общая площадь введенных в эксплуатацию жилых зданий(Метр квадратный)"	"2014 год"	"201412"	"РАЙОН МАГЖАНА ЖУМАБАЕВА"	"16964"	"сельская местность"	"3"	"Всего"	"1"	"Всего"	"1"	"Всего"	"1"	"925"
"Общая площадь введенных в эксплуатацию жилых зданий(Метр квадратный)"	"2019 год"	"201912"	"РАЙОН МАГЖАНА ЖУМАБАЕВА"	"16964"	"сельская местность"	"3"	"Всего"	"1"	"Всего"	"1"	"Всего"	"1"	"1 903"
"Общая площадь введенных в эксплуатацию жилых зданий(Метр квадратный)"	"2015 год"	"201512"	"РАЙОН МАГЖАНА ЖУМАБАЕВА"	"16964"	"сельская местность"	"3"	"Всего"	"1"	"Всего"	"1"	"Всего"	"1"	"1 422"
"Общая площадь введенных в эксплуатацию жилых зданий(Метр квадратный)"	"2017 год"	"201712"	"РАЙОН МАГЖАНА ЖУМАБАЕВА"	"16964"	"сельская местность"	"3"	"Всего"	"1"	"Всего"	"1"	"Всего"	"1"	"1 707"
"Общая площадь введенных в эксплуатацию жилых зданий(Метр квадратный)"	"2018 год"	"201812"	"РАЙОН МАГЖАНА ЖУМАБАЕВА"	"16964"	"сельская местность"	"3"	"Всего"	"1"	"Всего"	"1"	"Всего"	"1"	"2 551"
"Общая площадь введенных в эксплуатацию жилых зданий(Метр квадратный)"	"2021 год"	"202112"	"РАЙОН МАГЖАНА ЖУМАБАЕВА"	"16964"	"сельская местность"	"3"	"Всего"	"1"	"Всего"	"1"	"Всего"	"1"	"4 490"
"Общая площадь введенных в эксплуатацию жилых зданий(Метр квадратный)"	"2022 год"	"202212"	"РАЙОН МАГЖАНА ЖУМАБАЕВА"	"16964"	"сельская местность"	"3"	"Всего"	"1"	"Всего"	"1"	"Всего"	"1"	"6 504"
"Общая площадь введенных в эксплуатацию жилых зданий(Метр квадратный)"	"2016 год"	"201612"	"ЕСИЛЬСКИЙ РАЙОН"	"17060"	"Всего"	"1"	"Всего"	"1"	"Всего"	"1"	"Всего"	"1"	"3 308"
"Общая площадь введенных в эксплуатацию жилых зданий(Метр квадратный)"	"2020 год"	"202012"	"ЕСИЛЬСКИЙ РАЙОН"	"17060"	"Всего"	"1"	"Всего"	"1"	"Всего"	"1"	"Всего"	"1"	"7 231"
"Общая площадь введенных в эксплуатацию жилых зданий(Метр квадратный)"	"2014 год"	"201412"	"ЕСИЛЬСКИЙ РАЙОН"	"17060"	"Всего"	"1"	"Всего"	"1"	"Всего"	"1"	"Всего"	"1"	"2 739"
"Общая площадь введенных в эксплуатацию жилых зданий(Метр квадратный)"	"2019 год"	"201912"	"ЕСИЛЬСКИЙ РАЙОН"	"17060"	"Всего"	"1"	"Всего"	"1"	"Всего"	"1"	"Всего"	"1"	"5 052"
"Общая площадь введенных в эксплуатацию жилых зданий(Метр квадратный)"	"2015 год"	"201512"	"ЕСИЛЬСКИЙ РАЙОН"	"17060"	"Всего"	"1"	"Всего"	"1"	"Всего"	"1"	"Всего"	"1"	"3 256"
"Общая площадь введенных в эксплуатацию жилых зданий(Метр квадратный)"	"2017 год"	"201712"	"ЕСИЛЬСКИЙ РАЙОН"	"17060"	"Всего"	"1"	"Всего"	"1"	"Всего"	"1"	"Всего"	"1"	"4 500"
"Общая площадь введенных в эксплуатацию жилых зданий(Метр квадратный)"	"2018 год"	"201812"	"ЕСИЛЬСКИЙ РАЙОН"	"17060"	"Всего"	"1"	"Всего"	"1"	"Всего"	"1"	"Всего"	"1"	"3 000"
"Общая площадь введенных в эксплуатацию жилых зданий(Метр квадратный)"	"2021 год"	"202112"	"ЕСИЛЬСКИЙ РАЙОН"	"17060"	"Всего"	"1"	"Всего"	"1"	"Всего"	"1"	"Всего"	"1"	"5 610"
"Общая площадь введенных в эксплуатацию жилых зданий(Метр квадратный)"	"2022 год"	"202212"	"ЕСИЛЬСКИЙ РАЙОН"	"17060"	"Всего"	"1"	"Всего"	"1"	"Всего"	"1"	"Всего"	"1"	"6 062"
"Общая площадь введенных в эксплуатацию жилых зданий(Метр квадратный)"	"2016 год"	"201612"	"ЕСИЛЬСКИЙ РАЙОН"	"17060"	"сельская местность"	"3"	"Всего"	"1"	"Всего"	"1"	"Всего"	"1"	"3 308"
"Общая площадь введенных в эксплуатацию жилых зданий(Метр квадратный)"	"2020 год"	"202012"	"ЕСИЛЬСКИЙ РАЙОН"	"17060"	"сельская местность"	"3"	"Всего"	"1"	"Всего"	"1"	"Всего"	"1"	"7 231"
"Общая площадь введенных в эксплуатацию жилых зданий(Метр квадратный)"	"2014 год"	"201412"	"ЕСИЛЬСКИЙ РАЙОН"	"17060"	"сельская местность"	"3"	"Всего"	"1"	"Всего"	"1"	"Всего"	"1"	"2 739"
"Общая площадь введенных в эксплуатацию жилых зданий(Метр квадратный)"	"2019 год"	"201912"	"ЕСИЛЬСКИЙ РАЙОН"	"17060"	"сельская местность"	"3"	"Всего"	"1"	"Всего"	"1"	"Всего"	"1"	"5 052"
"Общая площадь введенных в эксплуатацию жилых зданий(Метр квадратный)"	"2015 год"	"201512"	"ЕСИЛЬСКИЙ РАЙОН"	"17060"	"сельская местность"	"3"	"Всего"	"1"	"Всего"	"1"	"Всего"	"1"	"3 256"
"Общая площадь введенных в эксплуатацию жилых зданий(Метр квадратный)"	"2017 год"	"201712"	"ЕСИЛЬСКИЙ РАЙОН"	"17060"	"сельская местность"	"3"	"Всего"	"1"	"Всего"	"1"	"Всего"	"1"	"4 500"
"Общая площадь введенных в эксплуатацию жилых зданий(Метр квадратный)"	"2018 год"	"201812"	"ЕСИЛЬСКИЙ РАЙОН"	"17060"	"сельская местность"	"3"	"Всего"	"1"	"Всего"	"1"	"Всего"	"1"	"3 000"
"Общая площадь введенных в эксплуатацию жилых зданий(Метр квадратный)"	"2021 год"	"202112"	"ЕСИЛЬСКИЙ РАЙОН"	"17060"	"сельская местность"	"3"	"Всего"	"1"	"Всего"	"1"	"Всего"	"1"	"5 610"
"Общая площадь введенных в эксплуатацию жилых зданий(Метр квадратный)"	"2022 год"	"202212"	"ЕСИЛЬСКИЙ РАЙОН"	"17060"	"сельская местность"	"3"	"Всего"	"1"	"Всего"	"1"	"Всего"	"1"	"6 062"
"Общая площадь введенных в эксплуатацию жилых зданий(Метр квадратный)"	"2016 год"	"201612"	"ЖАМБЫЛСКИЙ РАЙОН"	"17137"	"Всего"	"1"	"Всего"	"1"	"Всего"	"1"	"Всего"	"1"	"5 297"
"Общая площадь введенных в эксплуатацию жилых зданий(Метр квадратный)"	"2020 год"	"202012"	"ЖАМБЫЛСКИЙ РАЙОН"	"17137"	"Всего"	"1"	"Всего"	"1"	"Всего"	"1"	"Всего"	"1"	"6 770"
"Общая площадь введенных в эксплуатацию жилых зданий(Метр квадратный)"	"2014 год"	"201412"	"ЖАМБЫЛСКИЙ РАЙОН"	"17137"	"Всего"	"1"	"Всего"	"1"	"Всего"	"1"	"Всего"	"1"	"2 690"
"Общая площадь введенных в эксплуатацию жилых зданий(Метр квадратный)"	"2019 год"	"201912"	"ЖАМБЫЛСКИЙ РАЙОН"	"17137"	"Всего"	"1"	"Всего"	"1"	"Всего"	"1"	"Всего"	"1"	"5 564"
"Общая площадь введенных в эксплуатацию жилых зданий(Метр квадратный)"	"2015 год"	"201512"	"ЖАМБЫЛСКИЙ РАЙОН"	"17137"	"Всего"	"1"	"Всего"	"1"	"Всего"	"1"	"Всего"	"1"	"3 064"
"Общая площадь введенных в эксплуатацию жилых зданий(Метр квадратный)"	"2017 год"	"201712"	"ЖАМБЫЛСКИЙ РАЙОН"	"17137"	"Всего"	"1"	"Всего"	"1"	"Всего"	"1"	"Всего"	"1"	"6 003"
"Общая площадь введенных в эксплуатацию жилых зданий(Метр квадратный)"	"2018 год"	"201812"	"ЖАМБЫЛСКИЙ РАЙОН"	"17137"	"Всего"	"1"	"Всего"	"1"	"Всего"	"1"	"Всего"	"1"	"3 302"
"Общая площадь введенных в эксплуатацию жилых зданий(Метр квадратный)"	"2021 год"	"202112"	"ЖАМБЫЛСКИЙ РАЙОН"	"17137"	"Всего"	"1"	"Всего"	"1"	"Всего"	"1"	"Всего"	"1"	"6 797"
"Общая площадь введенных в эксплуатацию жилых зданий(Метр квадратный)"	"2022 год"	"202212"	"ЖАМБЫЛСКИЙ РАЙОН"	"17137"	"Всего"	"1"	"Всего"	"1"	"Всего"	"1"	"Всего"	"1"	"7 189"
"Общая площадь введенных в эксплуатацию жилых зданий(Метр квадратный)"	"2016 год"	"201612"	"ЖАМБЫЛСКИЙ РАЙОН"	"17137"	"сельская местность"	"3"	"Всего"	"1"	"Всего"	"1"	"Всего"	"1"	"5 297"
"Общая площадь введенных в эксплуатацию жилых зданий(Метр квадратный)"	"2020 год"	"202012"	"ЖАМБЫЛСКИЙ РАЙОН"	"17137"	"сельская местность"	"3"	"Всего"	"1"	"Всего"	"1"	"Всего"	"1"	"6 770"
"Общая площадь введенных в эксплуатацию жилых зданий(Метр квадратный)"	"2014 год"	"201412"	"ЖАМБЫЛСКИЙ РАЙОН"	"17137"	"сельская местность"	"3"	"Всего"	"1"	"Всего"	"1"	"Всего"	"1"	"2 690"
"Общая площадь введенных в эксплуатацию жилых зданий(Метр квадратный)"	"2019 год"	"201912"	"ЖАМБЫЛСКИЙ РАЙОН"	"17137"	"сельская местность"	"3"	"Всего"	"1"	"Всего"	"1"	"Всего"	"1"	"5 564"
"Общая площадь введенных в эксплуатацию жилых зданий(Метр квадратный)"	"2015 год"	"201512"	"ЖАМБЫЛСКИЙ РАЙОН"	"17137"	"сельская местность"	"3"	"Всего"	"1"	"Всего"	"1"	"Всего"	"1"	"3 064"
"Общая площадь введенных в эксплуатацию жилых зданий(Метр квадратный)"	"2017 год"	"201712"	"ЖАМБЫЛСКИЙ РАЙОН"	"17137"	"сельская местность"	"3"	"Всего"	"1"	"Всего"	"1"	"Всего"	"1"	"6 003"
"Общая площадь введенных в эксплуатацию жилых зданий(Метр квадратный)"	"2018 год"	"201812"	"ЖАМБЫЛСКИЙ РАЙОН"	"17137"	"сельская местность"	"3"	"Всего"	"1"	"Всего"	"1"	"Всего"	"1"	"3 302"
"Общая площадь введенных в эксплуатацию жилых зданий(Метр квадратный)"	"2021 год"	"202112"	"ЖАМБЫЛСКИЙ РАЙОН"	"17137"	"сельская местность"	"3"	"Всего"	"1"	"Всего"	"1"	"Всего"	"1"	"6 797"
"Общая площадь введенных в эксплуатацию жилых зданий(Метр квадратный)"	"2022 год"	"202212"	"ЖАМБЫЛСКИЙ РАЙОН"	"17137"	"сельская местность"	"3"	"Всего"	"1"	"Всего"	"1"	"Всего"	"1"	"7 189"
"Общая площадь введенных в эксплуатацию жилых зданий(Метр квадратный)"	"2016 год"	"201612"	"КЫЗЫЛЖАРСКИЙ РАЙОН"	"17216"	"Всего"	"1"	"Всего"	"1"	"Всего"	"1"	"Всего"	"1"	"9 939"
"Общая площадь введенных в эксплуатацию жилых зданий(Метр квадратный)"	"2020 год"	"202012"	"КЫЗЫЛЖАРСКИЙ РАЙОН"	"17216"	"Всего"	"1"	"Всего"	"1"	"Всего"	"1"	"Всего"	"1"	"20 315"
"Общая площадь введенных в эксплуатацию жилых зданий(Метр квадратный)"	"2014 год"	"201412"	"КЫЗЫЛЖАРСКИЙ РАЙОН"	"17216"	"Всего"	"1"	"Всего"	"1"	"Всего"	"1"	"Всего"	"1"	"7 476"
"Общая площадь введенных в эксплуатацию жилых зданий(Метр квадратный)"	"2019 год"	"201912"	"КЫЗЫЛЖАРСКИЙ РАЙОН"	"17216"	"Всего"	"1"	"Всего"	"1"	"Всего"	"1"	"Всего"	"1"	"17 054"
"Общая площадь введенных в эксплуатацию жилых зданий(Метр квадратный)"	"2015 год"	"201512"	"КЫЗЫЛЖАРСКИЙ РАЙОН"	"17216"	"Всего"	"1"	"Всего"	"1"	"Всего"	"1"	"Всего"	"1"	"8 729"
"Общая площадь введенных в эксплуатацию жилых зданий(Метр квадратный)"	"2017 год"	"201712"	"КЫЗЫЛЖАРСКИЙ РАЙОН"	"17216"	"Всего"	"1"	"Всего"	"1"	"Всего"	"1"	"Всего"	"1"	"10 338"
"Общая площадь введенных в эксплуатацию жилых зданий(Метр квадратный)"	"2018 год"	"201812"	"КЫЗЫЛЖАРСКИЙ РАЙОН"	"17216"	"Всего"	"1"	"Всего"	"1"	"Всего"	"1"	"Всего"	"1"	"15 599"
"Общая площадь введенных в эксплуатацию жилых зданий(Метр квадратный)"	"2021 год"	"202112"	"КЫЗЫЛЖАРСКИЙ РАЙОН"	"17216"	"Всего"	"1"	"Всего"	"1"	"Всего"	"1"	"Всего"	"1"	"20 100"
"Общая площадь введенных в эксплуатацию жилых зданий(Метр квадратный)"	"2022 год"	"202212"	"КЫЗЫЛЖАРСКИЙ РАЙОН"	"17216"	"Всего"	"1"	"Всего"	"1"	"Всего"	"1"	"Всего"	"1"	"21 797"
"Общая площадь введенных в эксплуатацию жилых зданий(Метр квадратный)"	"2016 год"	"201612"	"КЫЗЫЛЖАРСКИЙ РАЙОН"	"17216"	"сельская местность"	"3"	"Всего"	"1"	"Всего"	"1"	"Всего"	"1"	"9 939"
"Общая площадь введенных в эксплуатацию жилых зданий(Метр квадратный)"	"2020 год"	"202012"	"КЫЗЫЛЖАРСКИЙ РАЙОН"	"17216"	"сельская местность"	"3"	"Всего"	"1"	"Всего"	"1"	"Всего"	"1"	"20 315"
"Общая площадь введенных в эксплуатацию жилых зданий(Метр квадратный)"	"2014 год"	"201412"	"КЫЗЫЛЖАРСКИЙ РАЙОН"	"17216"	"сельская местность"	"3"	"Всего"	"1"	"Всего"	"1"	"Всего"	"1"	"7 476"
"Общая площадь введенных в эксплуатацию жилых зданий(Метр квадратный)"	"2019 год"	"201912"	"КЫЗЫЛЖАРСКИЙ РАЙОН"	"17216"	"сельская местность"	"3"	"Всего"	"1"	"Всего"	"1"	"Всего"	"1"	"17 054"
"Общая площадь введенных в эксплуатацию жилых зданий(Метр квадратный)"	"2015 год"	"201512"	"КЫЗЫЛЖАРСКИЙ РАЙОН"	"17216"	"сельская местность"	"3"	"Всего"	"1"	"Всего"	"1"	"Всего"	"1"	"8 729"
"Общая площадь введенных в эксплуатацию жилых зданий(Метр квадратный)"	"2017 год"	"201712"	"КЫЗЫЛЖАРСКИЙ РАЙОН"	"17216"	"сельская местность"	"3"	"Всего"	"1"	"Всего"	"1"	"Всего"	"1"	"10 338"
"Общая площадь введенных в эксплуатацию жилых зданий(Метр квадратный)"	"2018 год"	"201812"	"КЫЗЫЛЖАРСКИЙ РАЙОН"	"17216"	"сельская местность"	"3"	"Всего"	"1"	"Всего"	"1"	"Всего"	"1"	"15 599"
"Общая площадь введенных в эксплуатацию жилых зданий(Метр квадратный)"	"2021 год"	"202112"	"КЫЗЫЛЖАРСКИЙ РАЙОН"	"17216"	"сельская местность"	"3"	"Всего"	"1"	"Всего"	"1"	"Всего"	"1"	"20 100"
"Общая площадь введенных в эксплуатацию жилых зданий(Метр квадратный)"	"2022 год"	"202212"	"КЫЗЫЛЖАРСКИЙ РАЙОН"	"17216"	"сельская местность"	"3"	"Всего"	"1"	"Всего"	"1"	"Всего"	"1"	"21 797"
"Общая площадь введенных в эксплуатацию жилых зданий(Метр квадратный)"	"2016 год"	"201612"	"МАМЛЮТСКИЙ РАЙОН"	"17315"	"Всего"	"1"	"Всего"	"1"	"Всего"	"1"	"Всего"	"1"	"3 058"
"Общая площадь введенных в эксплуатацию жилых зданий(Метр квадратный)"	"2020 год"	"202012"	"МАМЛЮТСКИЙ РАЙОН"	"17315"	"Всего"	"1"	"Всего"	"1"	"Всего"	"1"	"Всего"	"1"	"7 005"
"Общая площадь введенных в эксплуатацию жилых зданий(Метр квадратный)"	"2014 год"	"201412"	"МАМЛЮТСКИЙ РАЙОН"	"17315"	"Всего"	"1"	"Всего"	"1"	"Всего"	"1"	"Всего"	"1"	"4 112"
"Общая площадь введенных в эксплуатацию жилых зданий(Метр квадратный)"	"2019 год"	"201912"	"МАМЛЮТСКИЙ РАЙОН"	"17315"	"Всего"	"1"	"Всего"	"1"	"Всего"	"1"	"Всего"	"1"	"5 143"
"Общая площадь введенных в эксплуатацию жилых зданий(Метр квадратный)"	"2015 год"	"201512"	"МАМЛЮТСКИЙ РАЙОН"	"17315"	"Всего"	"1"	"Всего"	"1"	"Всего"	"1"	"Всего"	"1"	"3 001"
"Общая площадь введенных в эксплуатацию жилых зданий(Метр квадратный)"	"2017 год"	"201712"	"МАМЛЮТСКИЙ РАЙОН"	"17315"	"Всего"	"1"	"Всего"	"1"	"Всего"	"1"	"Всего"	"1"	"3 408"
"Общая площадь введенных в эксплуатацию жилых зданий(Метр квадратный)"	"2018 год"	"201812"	"МАМЛЮТСКИЙ РАЙОН"	"17315"	"Всего"	"1"	"Всего"	"1"	"Всего"	"1"	"Всего"	"1"	"3 501"
"Общая площадь введенных в эксплуатацию жилых зданий(Метр квадратный)"	"2021 год"	"202112"	"МАМЛЮТСКИЙ РАЙОН"	"17315"	"Всего"	"1"	"Всего"	"1"	"Всего"	"1"	"Всего"	"1"	"11 212"
"Общая площадь введенных в эксплуатацию жилых зданий(Метр квадратный)"	"2022 год"	"202212"	"МАМЛЮТСКИЙ РАЙОН"	"17315"	"Всего"	"1"	"Всего"	"1"	"Всего"	"1"	"Всего"	"1"	"3 975"
"Общая площадь введенных в эксплуатацию жилых зданий(Метр квадратный)"	"2016 год"	"201612"	"МАМЛЮТСКИЙ РАЙОН"	"17315"	"городская местность"	"2"	"Всего"	"1"	"Всего"	"1"	"Всего"	"1"	"2 159"
"Общая площадь введенных в эксплуатацию жилых зданий(Метр квадратный)"	"2020 год"	"202012"	"МАМЛЮТСКИЙ РАЙОН"	"17315"	"городская местность"	"2"	"Всего"	"1"	"Всего"	"1"	"Всего"	"1"	"3 443"
"Общая площадь введенных в эксплуатацию жилых зданий(Метр квадратный)"	"2014 год"	"201412"	"МАМЛЮТСКИЙ РАЙОН"	"17315"	"городская местность"	"2"	"Всего"	"1"	"Всего"	"1"	"Всего"	"1"	"3 159"
"Общая площадь введенных в эксплуатацию жилых зданий(Метр квадратный)"	"2019 год"	"201912"	"МАМЛЮТСКИЙ РАЙОН"	"17315"	"городская местность"	"2"	"Всего"	"1"	"Всего"	"1"	"Всего"	"1"	"2 981"
"Общая площадь введенных в эксплуатацию жилых зданий(Метр квадратный)"	"2015 год"	"201512"	"МАМЛЮТСКИЙ РАЙОН"	"17315"	"городская местность"	"2"	"Всего"	"1"	"Всего"	"1"	"Всего"	"1"	"1 744"
"Общая площадь введенных в эксплуатацию жилых зданий(Метр квадратный)"	"2017 год"	"201712"	"МАМЛЮТСКИЙ РАЙОН"	"17315"	"городская местность"	"2"	"Всего"	"1"	"Всего"	"1"	"Всего"	"1"	"2 674"
"Общая площадь введенных в эксплуатацию жилых зданий(Метр квадратный)"	"2018 год"	"201812"	"МАМЛЮТСКИЙ РАЙОН"	"17315"	"городская местность"	"2"	"Всего"	"1"	"Всего"	"1"	"Всего"	"1"	"1 781"
"Общая площадь введенных в эксплуатацию жилых зданий(Метр квадратный)"	"2021 год"	"202112"	"МАМЛЮТСКИЙ РАЙОН"	"17315"	"городская местность"	"2"	"Всего"	"1"	"Всего"	"1"	"Всего"	"1"	"9 771"
"Общая площадь введенных в эксплуатацию жилых зданий(Метр квадратный)"	"2022 год"	"202212"	"МАМЛЮТСКИЙ РАЙОН"	"17315"	"городская местность"	"2"	"Всего"	"1"	"Всего"	"1"	"Всего"	"1"	"1 311"
"Общая площадь введенных в эксплуатацию жилых зданий(Метр квадратный)"	"2016 год"	"201612"	"МАМЛЮТСКИЙ РАЙОН"	"17315"	"сельская местность"	"3"	"Всего"	"1"	"Всего"	"1"	"Всего"	"1"	"899"
"Общая площадь введенных в эксплуатацию жилых зданий(Метр квадратный)"	"2020 год"	"202012"	"МАМЛЮТСКИЙ РАЙОН"	"17315"	"сельская местность"	"3"	"Всего"	"1"	"Всего"	"1"	"Всего"	"1"	"3 562"
"Общая площадь введенных в эксплуатацию жилых зданий(Метр квадратный)"	"2014 год"	"201412"	"МАМЛЮТСКИЙ РАЙОН"	"17315"	"сельская местность"	"3"	"Всего"	"1"	"Всего"	"1"	"Всего"	"1"	"953"
"Общая площадь введенных в эксплуатацию жилых зданий(Метр квадратный)"	"2019 год"	"201912"	"МАМЛЮТСКИЙ РАЙОН"	"17315"	"сельская местность"	"3"	"Всего"	"1"	"Всего"	"1"	"Всего"	"1"	"2 162"
"Общая площадь введенных в эксплуатацию жилых зданий(Метр квадратный)"	"2015 год"	"201512"	"МАМЛЮТСКИЙ РАЙОН"	"17315"	"сельская местность"	"3"	"Всего"	"1"	"Всего"	"1"	"Всего"	"1"	"1 257"
"Общая площадь введенных в эксплуатацию жилых зданий(Метр квадратный)"	"2017 год"	"201712"	"МАМЛЮТСКИЙ РАЙОН"	"17315"	"сельская местность"	"3"	"Всего"	"1"	"Всего"	"1"	"Всего"	"1"	"734"
"Общая площадь введенных в эксплуатацию жилых зданий(Метр квадратный)"	"2018 год"	"201812"	"МАМЛЮТСКИЙ РАЙОН"	"17315"	"сельская местность"	"3"	"Всего"	"1"	"Всего"	"1"	"Всего"	"1"	"1 720"
"Общая площадь введенных в эксплуатацию жилых зданий(Метр квадратный)"	"2021 год"	"202112"	"МАМЛЮТСКИЙ РАЙОН"	"17315"	"сельская местность"	"3"	"Всего"	"1"	"Всего"	"1"	"Всего"	"1"	"1 441"
"Общая площадь введенных в эксплуатацию жилых зданий(Метр квадратный)"	"2022 год"	"202212"	"МАМЛЮТСКИЙ РАЙОН"	"17315"	"сельская местность"	"3"	"Всего"	"1"	"Всего"	"1"	"Всего"	"1"	"2 664"
"Общая площадь введенных в эксплуатацию жилых зданий(Метр квадратный)"	"2016 год"	"201612"	"РАЙОН ШАЛ АКЫНА"	"17373"	"Всего"	"1"	"Всего"	"1"	"Всего"	"1"	"Всего"	"1"	"2 506"
"Общая площадь введенных в эксплуатацию жилых зданий(Метр квадратный)"	"2020 год"	"202012"	"РАЙОН ШАЛ АКЫНА"	"17373"	"Всего"	"1"	"Всего"	"1"	"Всего"	"1"	"Всего"	"1"	"10 300"
"Общая площадь введенных в эксплуатацию жилых зданий(Метр квадратный)"	"2014 год"	"201412"	"РАЙОН ШАЛ АКЫНА"	"17373"	"Всего"	"1"	"Всего"	"1"	"Всего"	"1"	"Всего"	"1"	"1 995"
"Общая площадь введенных в эксплуатацию жилых зданий(Метр квадратный)"	"2019 год"	"201912"	"РАЙОН ШАЛ АКЫНА"	"17373"	"Всего"	"1"	"Всего"	"1"	"Всего"	"1"	"Всего"	"1"	"4 694"
"Общая площадь введенных в эксплуатацию жилых зданий(Метр квадратный)"	"2015 год"	"201512"	"РАЙОН ШАЛ АКЫНА"	"17373"	"Всего"	"1"	"Всего"	"1"	"Всего"	"1"	"Всего"	"1"	"2 351"
"Общая площадь введенных в эксплуатацию жилых зданий(Метр квадратный)"	"2017 год"	"201712"	"РАЙОН ШАЛ АКЫНА"	"17373"	"Всего"	"1"	"Всего"	"1"	"Всего"	"1"	"Всего"	"1"	"3 029"
"Общая площадь введенных в эксплуатацию жилых зданий(Метр квадратный)"	"2018 год"	"201812"	"РАЙОН ШАЛ АКЫНА"	"17373"	"Всего"	"1"	"Всего"	"1"	"Всего"	"1"	"Всего"	"1"	"3 474"
"Общая площадь введенных в эксплуатацию жилых зданий(Метр квадратный)"	"2021 год"	"202112"	"РАЙОН ШАЛ АКЫНА"	"17373"	"Всего"	"1"	"Всего"	"1"	"Всего"	"1"	"Всего"	"1"	"8 588"
"Общая площадь введенных в эксплуатацию жилых зданий(Метр квадратный)"	"2022 год"	"202212"	"РАЙОН ШАЛ АКЫНА"	"17373"	"Всего"	"1"	"Всего"	"1"	"Всего"	"1"	"Всего"	"1"	"8 595"
"Общая площадь введенных в эксплуатацию жилых зданий(Метр квадратный)"	"2016 год"	"201612"	"РАЙОН ШАЛ АКЫНА"	"17373"	"городская местность"	"2"	"Всего"	"1"	"Всего"	"1"	"Всего"	"1"	"2 154"
"Общая площадь введенных в эксплуатацию жилых зданий(Метр квадратный)"	"2020 год"	"202012"	"РАЙОН ШАЛ АКЫНА"	"17373"	"городская местность"	"2"	"Всего"	"1"	"Всего"	"1"	"Всего"	"1"	"9 415"
"Общая площадь введенных в эксплуатацию жилых зданий(Метр квадратный)"	"2014 год"	"201412"	"РАЙОН ШАЛ АКЫНА"	"17373"	"городская местность"	"2"	"Всего"	"1"	"Всего"	"1"	"Всего"	"1"	"288"
"Общая площадь введенных в эксплуатацию жилых зданий(Метр квадратный)"	"2019 год"	"201912"	"РАЙОН ШАЛ АКЫНА"	"17373"	"городская местность"	"2"	"Всего"	"1"	"Всего"	"1"	"Всего"	"1"	"1 882"
"Общая площадь введенных в эксплуатацию жилых зданий(Метр квадратный)"	"2015 год"	"201512"	"РАЙОН ШАЛ АКЫНА"	"17373"	"городская местность"	"2"	"Всего"	"1"	"Всего"	"1"	"Всего"	"1"	"1 454"
"Общая площадь введенных в эксплуатацию жилых зданий(Метр квадратный)"	"2017 год"	"201712"	"РАЙОН ШАЛ АКЫНА"	"17373"	"городская местность"	"2"	"Всего"	"1"	"Всего"	"1"	"Всего"	"1"	"1 549"
"Общая площадь введенных в эксплуатацию жилых зданий(Метр квадратный)"	"2018 год"	"201812"	"РАЙОН ШАЛ АКЫНА"	"17373"	"городская местность"	"2"	"Всего"	"1"	"Всего"	"1"	"Всего"	"1"	"991"
"Общая площадь введенных в эксплуатацию жилых зданий(Метр квадратный)"	"2021 год"	"202112"	"РАЙОН ШАЛ АКЫНА"	"17373"	"городская местность"	"2"	"Всего"	"1"	"Всего"	"1"	"Всего"	"1"	"5 648"
"Общая площадь введенных в эксплуатацию жилых зданий(Метр квадратный)"	"2022 год"	"202212"	"РАЙОН ШАЛ АКЫНА"	"17373"	"городская местность"	"2"	"Всего"	"1"	"Всего"	"1"	"Всего"	"1"	"4 133"
"Общая площадь введенных в эксплуатацию жилых зданий(Метр квадратный)"	"2016 год"	"201612"	"РАЙОН ШАЛ АКЫНА"	"17373"	"сельская местность"	"3"	"Всего"	"1"	"Всего"	"1"	"Всего"	"1"	"352"
"Общая площадь введенных в эксплуатацию жилых зданий(Метр квадратный)"	"2020 год"	"202012"	"РАЙОН ШАЛ АКЫНА"	"17373"	"сельская местность"	"3"	"Всего"	"1"	"Всего"	"1"	"Всего"	"1"	"885"
"Общая площадь введенных в эксплуатацию жилых зданий(Метр квадратный)"	"2014 год"	"201412"	"РАЙОН ШАЛ АКЫНА"	"17373"	"сельская местность"	"3"	"Всего"	"1"	"Всего"	"1"	"Всего"	"1"	"1 707"
"Общая площадь введенных в эксплуатацию жилых зданий(Метр квадратный)"	"2019 год"	"201912"	"РАЙОН ШАЛ АКЫНА"	"17373"	"сельская местность"	"3"	"Всего"	"1"	"Всего"	"1"	"Всего"	"1"	"2 812"
"Общая площадь введенных в эксплуатацию жилых зданий(Метр квадратный)"	"2015 год"	"201512"	"РАЙОН ШАЛ АКЫНА"	"17373"	"сельская местность"	"3"	"Всего"	"1"	"Всего"	"1"	"Всего"	"1"	"897"
"Общая площадь введенных в эксплуатацию жилых зданий(Метр квадратный)"	"2017 год"	"201712"	"РАЙОН ШАЛ АКЫНА"	"17373"	"сельская местность"	"3"	"Всего"	"1"	"Всего"	"1"	"Всего"	"1"	"1 480"
"Общая площадь введенных в эксплуатацию жилых зданий(Метр квадратный)"	"2018 год"	"201812"	"РАЙОН ШАЛ АКЫНА"	"17373"	"сельская местность"	"3"	"Всего"	"1"	"Всего"	"1"	"Всего"	"1"	"2 483"
"Общая площадь введенных в эксплуатацию жилых зданий(Метр квадратный)"	"2021 год"	"202112"	"РАЙОН ШАЛ АКЫНА"	"17373"	"сельская местность"	"3"	"Всего"	"1"	"Всего"	"1"	"Всего"	"1"	"2 940"
"Общая площадь введенных в эксплуатацию жилых зданий(Метр квадратный)"	"2022 год"	"202212"	"РАЙОН ШАЛ АКЫНА"	"17373"	"сельская местность"	"3"	"Всего"	"1"	"Всего"	"1"	"Всего"	"1"	"4 462"
"Общая площадь введенных в эксплуатацию жилых зданий(Метр квадратный)"	"2016 год"	"201612"	"АККАЙЫНСКИЙ РАЙОН"	"17432"	"Всего"	"1"	"Всего"	"1"	"Всего"	"1"	"Всего"	"1"	"5 780"
"Общая площадь введенных в эксплуатацию жилых зданий(Метр квадратный)"	"2020 год"	"202012"	"АККАЙЫНСКИЙ РАЙОН"	"17432"	"Всего"	"1"	"Всего"	"1"	"Всего"	"1"	"Всего"	"1"	"7 715"
"Общая площадь введенных в эксплуатацию жилых зданий(Метр квадратный)"	"2014 год"	"201412"	"АККАЙЫНСКИЙ РАЙОН"	"17432"	"Всего"	"1"	"Всего"	"1"	"Всего"	"1"	"Всего"	"1"	"2 784"
"Общая площадь введенных в эксплуатацию жилых зданий(Метр квадратный)"	"2019 год"	"201912"	"АККАЙЫНСКИЙ РАЙОН"	"17432"	"Всего"	"1"	"Всего"	"1"	"Всего"	"1"	"Всего"	"1"	"4 929"
"Общая площадь введенных в эксплуатацию жилых зданий(Метр квадратный)"	"2015 год"	"201512"	"АККАЙЫНСКИЙ РАЙОН"	"17432"	"Всего"	"1"	"Всего"	"1"	"Всего"	"1"	"Всего"	"1"	"2 903"
"Общая площадь введенных в эксплуатацию жилых зданий(Метр квадратный)"	"2017 год"	"201712"	"АККАЙЫНСКИЙ РАЙОН"	"17432"	"Всего"	"1"	"Всего"	"1"	"Всего"	"1"	"Всего"	"1"	"3 028"
"Общая площадь введенных в эксплуатацию жилых зданий(Метр квадратный)"	"2018 год"	"201812"	"АККАЙЫНСКИЙ РАЙОН"	"17432"	"Всего"	"1"	"Всего"	"1"	"Всего"	"1"	"Всего"	"1"	"3 147"
"Общая площадь введенных в эксплуатацию жилых зданий(Метр квадратный)"	"2021 год"	"202112"	"АККАЙЫНСКИЙ РАЙОН"	"17432"	"Всего"	"1"	"Всего"	"1"	"Всего"	"1"	"Всего"	"1"	"8 011"
"Общая площадь введенных в эксплуатацию жилых зданий(Метр квадратный)"	"2022 год"	"202212"	"АККАЙЫНСКИЙ РАЙОН"	"17432"	"Всего"	"1"	"Всего"	"1"	"Всего"	"1"	"Всего"	"1"	"8 329"
"Общая площадь введенных в эксплуатацию жилых зданий(Метр квадратный)"	"2016 год"	"201612"	"АККАЙЫНСКИЙ РАЙОН"	"17432"	"сельская местность"	"3"	"Всего"	"1"	"Всего"	"1"	"Всего"	"1"	"5 780"
"Общая площадь введенных в эксплуатацию жилых зданий(Метр квадратный)"	"2020 год"	"202012"	"АККАЙЫНСКИЙ РАЙОН"	"17432"	"сельская местность"	"3"	"Всего"	"1"	"Всего"	"1"	"Всего"	"1"	"7 715"
"Общая площадь введенных в эксплуатацию жилых зданий(Метр квадратный)"	"2014 год"	"201412"	"АККАЙЫНСКИЙ РАЙОН"	"17432"	"сельская местность"	"3"	"Всего"	"1"	"Всего"	"1"	"Всего"	"1"	"2 784"
"Общая площадь введенных в эксплуатацию жилых зданий(Метр квадратный)"	"2019 год"	"201912"	"АККАЙЫНСКИЙ РАЙОН"	"17432"	"сельская местность"	"3"	"Всего"	"1"	"Всего"	"1"	"Всего"	"1"	"4 929"
"Общая площадь введенных в эксплуатацию жилых зданий(Метр квадратный)"	"2015 год"	"201512"	"АККАЙЫНСКИЙ РАЙОН"	"17432"	"сельская местность"	"3"	"Всего"	"1"	"Всего"	"1"	"Всего"	"1"	"2 903"
"Общая площадь введенных в эксплуатацию жилых зданий(Метр квадратный)"	"2017 год"	"201712"	"АККАЙЫНСКИЙ РАЙОН"	"17432"	"сельская местность"	"3"	"Всего"	"1"	"Всего"	"1"	"Всего"	"1"	"3 028"
"Общая площадь введенных в эксплуатацию жилых зданий(Метр квадратный)"	"2018 год"	"201812"	"АККАЙЫНСКИЙ РАЙОН"	"17432"	"сельская местность"	"3"	"Всего"	"1"	"Всего"	"1"	"Всего"	"1"	"3 147"
"Общая площадь введенных в эксплуатацию жилых зданий(Метр квадратный)"	"2021 год"	"202112"	"АККАЙЫНСКИЙ РАЙОН"	"17432"	"сельская местность"	"3"	"Всего"	"1"	"Всего"	"1"	"Всего"	"1"	"8 011"
"Общая площадь введенных в эксплуатацию жилых зданий(Метр квадратный)"	"2022 год"	"202212"	"АККАЙЫНСКИЙ РАЙОН"	"17432"	"сельская местность"	"3"	"Всего"	"1"	"Всего"	"1"	"Всего"	"1"	"8 329"
"Общая площадь введенных в эксплуатацию жилых зданий(Метр квадратный)"	"2016 год"	"201612"	"ТАЙЫНШИНСКИЙ РАЙОН"	"17479"	"Всего"	"1"	"Всего"	"1"	"Всего"	"1"	"Всего"	"1"	"8 812"
"Общая площадь введенных в эксплуатацию жилых зданий(Метр квадратный)"	"2020 год"	"202012"	"ТАЙЫНШИНСКИЙ РАЙОН"	"17479"	"Всего"	"1"	"Всего"	"1"	"Всего"	"1"	"Всего"	"1"	"12 835"
"Общая площадь введенных в эксплуатацию жилых зданий(Метр квадратный)"	"2014 год"	"201412"	"ТАЙЫНШИНСКИЙ РАЙОН"	"17479"	"Всего"	"1"	"Всего"	"1"	"Всего"	"1"	"Всего"	"1"	"10 145"
"Общая площадь введенных в эксплуатацию жилых зданий(Метр квадратный)"	"2019 год"	"201912"	"ТАЙЫНШИНСКИЙ РАЙОН"	"17479"	"Всего"	"1"	"Всего"	"1"	"Всего"	"1"	"Всего"	"1"	"10 249"
"Общая площадь введенных в эксплуатацию жилых зданий(Метр квадратный)"	"2015 год"	"201512"	"ТАЙЫНШИНСКИЙ РАЙОН"	"17479"	"Всего"	"1"	"Всего"	"1"	"Всего"	"1"	"Всего"	"1"	"7 800"
"Общая площадь введенных в эксплуатацию жилых зданий(Метр квадратный)"	"2017 год"	"201712"	"ТАЙЫНШИНСКИЙ РАЙОН"	"17479"	"Всего"	"1"	"Всего"	"1"	"Всего"	"1"	"Всего"	"1"	"9 160"
"Общая площадь введенных в эксплуатацию жилых зданий(Метр квадратный)"	"2018 год"	"201812"	"ТАЙЫНШИНСКИЙ РАЙОН"	"17479"	"Всего"	"1"	"Всего"	"1"	"Всего"	"1"	"Всего"	"1"	"10 272"
"Общая площадь введенных в эксплуатацию жилых зданий(Метр квадратный)"	"2021 год"	"202112"	"ТАЙЫНШИНСКИЙ РАЙОН"	"17479"	"Всего"	"1"	"Всего"	"1"	"Всего"	"1"	"Всего"	"1"	"11 100"
"Общая площадь введенных в эксплуатацию жилых зданий(Метр квадратный)"	"2022 год"	"202212"	"ТАЙЫНШИНСКИЙ РАЙОН"	"17479"	"Всего"	"1"	"Всего"	"1"	"Всего"	"1"	"Всего"	"1"	"11 325"
"Общая площадь введенных в эксплуатацию жилых зданий(Метр квадратный)"	"2016 год"	"201612"	"ТАЙЫНШИНСКИЙ РАЙОН"	"17479"	"городская местность"	"2"	"Всего"	"1"	"Всего"	"1"	"Всего"	"1"	"7 033"
"Общая площадь введенных в эксплуатацию жилых зданий(Метр квадратный)"	"2020 год"	"202012"	"ТАЙЫНШИНСКИЙ РАЙОН"	"17479"	"городская местность"	"2"	"Всего"	"1"	"Всего"	"1"	"Всего"	"1"	"6 732"
"Общая площадь введенных в эксплуатацию жилых зданий(Метр квадратный)"	"2014 год"	"201412"	"ТАЙЫНШИНСКИЙ РАЙОН"	"17479"	"городская местность"	"2"	"Всего"	"1"	"Всего"	"1"	"Всего"	"1"	"8 603"
"Общая площадь введенных в эксплуатацию жилых зданий(Метр квадратный)"	"2019 год"	"201912"	"ТАЙЫНШИНСКИЙ РАЙОН"	"17479"	"городская местность"	"2"	"Всего"	"1"	"Всего"	"1"	"Всего"	"1"	"5 769"
"Общая площадь введенных в эксплуатацию жилых зданий(Метр квадратный)"	"2015 год"	"201512"	"ТАЙЫНШИНСКИЙ РАЙОН"	"17479"	"городская местность"	"2"	"Всего"	"1"	"Всего"	"1"	"Всего"	"1"	"6 953"
"Общая площадь введенных в эксплуатацию жилых зданий(Метр квадратный)"	"2017 год"	"201712"	"ТАЙЫНШИНСКИЙ РАЙОН"	"17479"	"городская местность"	"2"	"Всего"	"1"	"Всего"	"1"	"Всего"	"1"	"8 453"
"Общая площадь введенных в эксплуатацию жилых зданий(Метр квадратный)"	"2018 год"	"201812"	"ТАЙЫНШИНСКИЙ РАЙОН"	"17479"	"городская местность"	"2"	"Всего"	"1"	"Всего"	"1"	"Всего"	"1"	"6 297"
"Общая площадь введенных в эксплуатацию жилых зданий(Метр квадратный)"	"2021 год"	"202112"	"ТАЙЫНШИНСКИЙ РАЙОН"	"17479"	"городская местность"	"2"	"Всего"	"1"	"Всего"	"1"	"Всего"	"1"	"7 333"
"Общая площадь введенных в эксплуатацию жилых зданий(Метр квадратный)"	"2022 год"	"202212"	"ТАЙЫНШИНСКИЙ РАЙОН"	"17479"	"городская местность"	"2"	"Всего"	"1"	"Всего"	"1"	"Всего"	"1"	"4 489"
"Общая площадь введенных в эксплуатацию жилых зданий(Метр квадратный)"	"2016 год"	"201612"	"ТАЙЫНШИНСКИЙ РАЙОН"	"17479"	"сельская местность"	"3"	"Всего"	"1"	"Всего"	"1"	"Всего"	"1"	"1 779"
"Общая площадь введенных в эксплуатацию жилых зданий(Метр квадратный)"	"2020 год"	"202012"	"ТАЙЫНШИНСКИЙ РАЙОН"	"17479"	"сельская местность"	"3"	"Всего"	"1"	"Всего"	"1"	"Всего"	"1"	"6 103"
"Общая площадь введенных в эксплуатацию жилых зданий(Метр квадратный)"	"2014 год"	"201412"	"ТАЙЫНШИНСКИЙ РАЙОН"	"17479"	"сельская местность"	"3"	"Всего"	"1"	"Всего"	"1"	"Всего"	"1"	"1 542"
"Общая площадь введенных в эксплуатацию жилых зданий(Метр квадратный)"	"2019 год"	"201912"	"ТАЙЫНШИНСКИЙ РАЙОН"	"17479"	"сельская местность"	"3"	"Всего"	"1"	"Всего"	"1"	"Всего"	"1"	"4 480"
"Общая площадь введенных в эксплуатацию жилых зданий(Метр квадратный)"	"2015 год"	"201512"	"ТАЙЫНШИНСКИЙ РАЙОН"	"17479"	"сельская местность"	"3"	"Всего"	"1"	"Всего"	"1"	"Всего"	"1"	"847"
"Общая площадь введенных в эксплуатацию жилых зданий(Метр квадратный)"	"2017 год"	"201712"	"ТАЙЫНШИНСКИЙ РАЙОН"	"17479"	"сельская местность"	"3"	"Всего"	"1"	"Всего"	"1"	"Всего"	"1"	"707"
"Общая площадь введенных в эксплуатацию жилых зданий(Метр квадратный)"	"2018 год"	"201812"	"ТАЙЫНШИНСКИЙ РАЙОН"	"17479"	"сельская местность"	"3"	"Всего"	"1"	"Всего"	"1"	"Всего"	"1"	"3 975"
"Общая площадь введенных в эксплуатацию жилых зданий(Метр квадратный)"	"2021 год"	"202112"	"ТАЙЫНШИНСКИЙ РАЙОН"	"17479"	"сельская местность"	"3"	"Всего"	"1"	"Всего"	"1"	"Всего"	"1"	"3 767"
"Общая площадь введенных в эксплуатацию жилых зданий(Метр квадратный)"	"2022 год"	"202212"	"ТАЙЫНШИНСКИЙ РАЙОН"	"17479"	"сельская местность"	"3"	"Всего"	"1"	"Всего"	"1"	"Всего"	"1"	"6 836"
"Общая площадь введенных в эксплуатацию жилых зданий(Метр квадратный)"	"2016 год"	"201612"	"ТИМИРЯЗЕВСКИЙ РАЙОН"	"17597"	"Всего"	"1"	"Всего"	"1"	"Всего"	"1"	"Всего"	"1"	"1 612"
"Общая площадь введенных в эксплуатацию жилых зданий(Метр квадратный)"	"2020 год"	"202012"	"ТИМИРЯЗЕВСКИЙ РАЙОН"	"17597"	"Всего"	"1"	"Всего"	"1"	"Всего"	"1"	"Всего"	"1"	"6 012"
"Общая площадь введенных в эксплуатацию жилых зданий(Метр квадратный)"	"2014 год"	"201412"	"ТИМИРЯЗЕВСКИЙ РАЙОН"	"17597"	"Всего"	"1"	"Всего"	"1"	"Всего"	"1"	"Всего"	"1"	"1 232"
"Общая площадь введенных в эксплуатацию жилых зданий(Метр квадратный)"	"2019 год"	"201912"	"ТИМИРЯЗЕВСКИЙ РАЙОН"	"17597"	"Всего"	"1"	"Всего"	"1"	"Всего"	"1"	"Всего"	"1"	"4 322"
"Общая площадь введенных в эксплуатацию жилых зданий(Метр квадратный)"	"2015 год"	"201512"	"ТИМИРЯЗЕВСКИЙ РАЙОН"	"17597"	"Всего"	"1"	"Всего"	"1"	"Всего"	"1"	"Всего"	"1"	"1 585"
"Общая площадь введенных в эксплуатацию жилых зданий(Метр квадратный)"	"2017 год"	"201712"	"ТИМИРЯЗЕВСКИЙ РАЙОН"	"17597"	"Всего"	"1"	"Всего"	"1"	"Всего"	"1"	"Всего"	"1"	"190"
"Общая площадь введенных в эксплуатацию жилых зданий(Метр квадратный)"	"2018 год"	"201812"	"ТИМИРЯЗЕВСКИЙ РАЙОН"	"17597"	"Всего"	"1"	"Всего"	"1"	"Всего"	"1"	"Всего"	"1"	"1 029"
"Общая площадь введенных в эксплуатацию жилых зданий(Метр квадратный)"	"2021 год"	"202112"	"ТИМИРЯЗЕВСКИЙ РАЙОН"	"17597"	"Всего"	"1"	"Всего"	"1"	"Всего"	"1"	"Всего"	"1"	"7 203"
"Общая площадь введенных в эксплуатацию жилых зданий(Метр квадратный)"	"2022 год"	"202212"	"ТИМИРЯЗЕВСКИЙ РАЙОН"	"17597"	"Всего"	"1"	"Всего"	"1"	"Всего"	"1"	"Всего"	"1"	"1 922"
"Общая площадь введенных в эксплуатацию жилых зданий(Метр квадратный)"	"2016 год"	"201612"	"ТИМИРЯЗЕВСКИЙ РАЙОН"	"17597"	"сельская местность"	"3"	"Всего"	"1"	"Всего"	"1"	"Всего"	"1"	"1 612"
"Общая площадь введенных в эксплуатацию жилых зданий(Метр квадратный)"	"2020 год"	"202012"	"ТИМИРЯЗЕВСКИЙ РАЙОН"	"17597"	"сельская местность"	"3"	"Всего"	"1"	"Всего"	"1"	"Всего"	"1"	"6 012"
"Общая площадь введенных в эксплуатацию жилых зданий(Метр квадратный)"	"2014 год"	"201412"	"ТИМИРЯЗЕВСКИЙ РАЙОН"	"17597"	"сельская местность"	"3"	"Всего"	"1"	"Всего"	"1"	"Всего"	"1"	"1 232"
"Общая площадь введенных в эксплуатацию жилых зданий(Метр квадратный)"	"2019 год"	"201912"	"ТИМИРЯЗЕВСКИЙ РАЙОН"	"17597"	"сельская местность"	"3"	"Всего"	"1"	"Всего"	"1"	"Всего"	"1"	"4 322"
"Общая площадь введенных в эксплуатацию жилых зданий(Метр квадратный)"	"2015 год"	"201512"	"ТИМИРЯЗЕВСКИЙ РАЙОН"	"17597"	"сельская местность"	"3"	"Всего"	"1"	"Всего"	"1"	"Всего"	"1"	"1 585"
"Общая площадь введенных в эксплуатацию жилых зданий(Метр квадратный)"	"2017 год"	"201712"	"ТИМИРЯЗЕВСКИЙ РАЙОН"	"17597"	"сельская местность"	"3"	"Всего"	"1"	"Всего"	"1"	"Всего"	"1"	"190"
"Общая площадь введенных в эксплуатацию жилых зданий(Метр квадратный)"	"2018 год"	"201812"	"ТИМИРЯЗЕВСКИЙ РАЙОН"	"17597"	"сельская местность"	"3"	"Всего"	"1"	"Всего"	"1"	"Всего"	"1"	"1 029"
"Общая площадь введенных в эксплуатацию жилых зданий(Метр квадратный)"	"2021 год"	"202112"	"ТИМИРЯЗЕВСКИЙ РАЙОН"	"17597"	"сельская местность"	"3"	"Всего"	"1"	"Всего"	"1"	"Всего"	"1"	"7 203"
"Общая площадь введенных в эксплуатацию жилых зданий(Метр квадратный)"	"2022 год"	"202212"	"ТИМИРЯЗЕВСКИЙ РАЙОН"	"17597"	"сельская местность"	"3"	"Всего"	"1"	"Всего"	"1"	"Всего"	"1"	"1 922"
"Общая площадь введенных в эксплуатацию жилых зданий(Метр квадратный)"	"2016 год"	"201612"	"УАЛИХАНОВСКИЙ РАЙОН"	"17640"	"Всего"	"1"	"Всего"	"1"	"Всего"	"1"	"Всего"	"1"	"2 217"
"Общая площадь введенных в эксплуатацию жилых зданий(Метр квадратный)"	"2020 год"	"202012"	"УАЛИХАНОВСКИЙ РАЙОН"	"17640"	"Всего"	"1"	"Всего"	"1"	"Всего"	"1"	"Всего"	"1"	"5 090"
"Общая площадь введенных в эксплуатацию жилых зданий(Метр квадратный)"	"2014 год"	"201412"	"УАЛИХАНОВСКИЙ РАЙОН"	"17640"	"Всего"	"1"	"Всего"	"1"	"Всего"	"1"	"Всего"	"1"	"2 383"
"Общая площадь введенных в эксплуатацию жилых зданий(Метр квадратный)"	"2019 год"	"201912"	"УАЛИХАНОВСКИЙ РАЙОН"	"17640"	"Всего"	"1"	"Всего"	"1"	"Всего"	"1"	"Всего"	"1"	"4 810"
"Общая площадь введенных в эксплуатацию жилых зданий(Метр квадратный)"	"2015 год"	"201512"	"УАЛИХАНОВСКИЙ РАЙОН"	"17640"	"Всего"	"1"	"Всего"	"1"	"Всего"	"1"	"Всего"	"1"	"2 147"
"Общая площадь введенных в эксплуатацию жилых зданий(Метр квадратный)"	"2017 год"	"201712"	"УАЛИХАНОВСКИЙ РАЙОН"	"17640"	"Всего"	"1"	"Всего"	"1"	"Всего"	"1"	"Всего"	"1"	"3 187"
"Общая площадь введенных в эксплуатацию жилых зданий(Метр квадратный)"	"2018 год"	"201812"	"УАЛИХАНОВСКИЙ РАЙОН"	"17640"	"Всего"	"1"	"Всего"	"1"	"Всего"	"1"	"Всего"	"1"	"3 281"
"Общая площадь введенных в эксплуатацию жилых зданий(Метр квадратный)"	"2021 год"	"202112"	"УАЛИХАНОВСКИЙ РАЙОН"	"17640"	"Всего"	"1"	"Всего"	"1"	"Всего"	"1"	"Всего"	"1"	"2 686"
"Общая площадь введенных в эксплуатацию жилых зданий(Метр квадратный)"	"2022 год"	"202212"	"УАЛИХАНОВСКИЙ РАЙОН"	"17640"	"Всего"	"1"	"Всего"	"1"	"Всего"	"1"	"Всего"	"1"	"2 704"
"Общая площадь введенных в эксплуатацию жилых зданий(Метр квадратный)"	"2016 год"	"201612"	"УАЛИХАНОВСКИЙ РАЙОН"	"17640"	"сельская местность"	"3"	"Всего"	"1"	"Всего"	"1"	"Всего"	"1"	"2 217"
"Общая площадь введенных в эксплуатацию жилых зданий(Метр квадратный)"	"2020 год"	"202012"	"УАЛИХАНОВСКИЙ РАЙОН"	"17640"	"сельская местность"	"3"	"Всего"	"1"	"Всего"	"1"	"Всего"	"1"	"5 090"
"Общая площадь введенных в эксплуатацию жилых зданий(Метр квадратный)"	"2014 год"	"201412"	"УАЛИХАНОВСКИЙ РАЙОН"	"17640"	"сельская местность"	"3"	"Всего"	"1"	"Всего"	"1"	"Всего"	"1"	"2 383"
"Общая площадь введенных в эксплуатацию жилых зданий(Метр квадратный)"	"2019 год"	"201912"	"УАЛИХАНОВСКИЙ РАЙОН"	"17640"	"сельская местность"	"3"	"Всего"	"1"	"Всего"	"1"	"Всего"	"1"	"4 810"
"Общая площадь введенных в эксплуатацию жилых зданий(Метр квадратный)"	"2015 год"	"201512"	"УАЛИХАНОВСКИЙ РАЙОН"	"17640"	"сельская местность"	"3"	"Всего"	"1"	"Всего"	"1"	"Всего"	"1"	"2 147"
"Общая площадь введенных в эксплуатацию жилых зданий(Метр квадратный)"	"2017 год"	"201712"	"УАЛИХАНОВСКИЙ РАЙОН"	"17640"	"сельская местность"	"3"	"Всего"	"1"	"Всего"	"1"	"Всего"	"1"	"3 187"
"Общая площадь введенных в эксплуатацию жилых зданий(Метр квадратный)"	"2018 год"	"201812"	"УАЛИХАНОВСКИЙ РАЙОН"	"17640"	"сельская местность"	"3"	"Всего"	"1"	"Всего"	"1"	"Всего"	"1"	"3 281"
"Общая площадь введенных в эксплуатацию жилых зданий(Метр квадратный)"	"2021 год"	"202112"	"УАЛИХАНОВСКИЙ РАЙОН"	"17640"	"сельская местность"	"3"	"Всего"	"1"	"Всего"	"1"	"Всего"	"1"	"2 686"
"Общая площадь введенных в эксплуатацию жилых зданий(Метр квадратный)"	"2022 год"	"202212"	"УАЛИХАНОВСКИЙ РАЙОН"	"17640"	"сельская местность"	"3"	"Всего"	"1"	"Всего"	"1"	"Всего"	"1"	"2 704"
"Общая площадь введенных в эксплуатацию жилых зданий(Метр квадратный)"	"2016 год"	"201612"	"РАЙОН ИМ.ГАБИТА МУСРЕПОВА"	"17687"	"Всего"	"1"	"Всего"	"1"	"Всего"	"1"	"Всего"	"1"	"7 232"
"Общая площадь введенных в эксплуатацию жилых зданий(Метр квадратный)"	"2020 год"	"202012"	"РАЙОН ИМ.ГАБИТА МУСРЕПОВА"	"17687"	"Всего"	"1"	"Всего"	"1"	"Всего"	"1"	"Всего"	"1"	"14 078"
"Общая площадь введенных в эксплуатацию жилых зданий(Метр квадратный)"	"2014 год"	"201412"	"РАЙОН ИМ.ГАБИТА МУСРЕПОВА"	"17687"	"Всего"	"1"	"Всего"	"1"	"Всего"	"1"	"Всего"	"1"	"8 389"
"Общая площадь введенных в эксплуатацию жилых зданий(Метр квадратный)"	"2019 год"	"201912"	"РАЙОН ИМ.ГАБИТА МУСРЕПОВА"	"17687"	"Всего"	"1"	"Всего"	"1"	"Всего"	"1"	"Всего"	"1"	"13 509"
"Общая площадь введенных в эксплуатацию жилых зданий(Метр квадратный)"	"2015 год"	"201512"	"РАЙОН ИМ.ГАБИТА МУСРЕПОВА"	"17687"	"Всего"	"1"	"Всего"	"1"	"Всего"	"1"	"Всего"	"1"	"6 816"
"Общая площадь введенных в эксплуатацию жилых зданий(Метр квадратный)"	"2017 год"	"201712"	"РАЙОН ИМ.ГАБИТА МУСРЕПОВА"	"17687"	"Всего"	"1"	"Всего"	"1"	"Всего"	"1"	"Всего"	"1"	"9 010"
"Общая площадь введенных в эксплуатацию жилых зданий(Метр квадратный)"	"2018 год"	"201812"	"РАЙОН ИМ.ГАБИТА МУСРЕПОВА"	"17687"	"Всего"	"1"	"Всего"	"1"	"Всего"	"1"	"Всего"	"1"	"13 586"
"Общая площадь введенных в эксплуатацию жилых зданий(Метр квадратный)"	"2021 год"	"202112"	"РАЙОН ИМ.ГАБИТА МУСРЕПОВА"	"17687"	"Всего"	"1"	"Всего"	"1"	"Всего"	"1"	"Всего"	"1"	"16 643"
"Общая площадь введенных в эксплуатацию жилых зданий(Метр квадратный)"	"2022 год"	"202212"	"РАЙОН ИМ.ГАБИТА МУСРЕПОВА"	"17687"	"Всего"	"1"	"Всего"	"1"	"Всего"	"1"	"Всего"	"1"	"16 005"
"Общая площадь введенных в эксплуатацию жилых зданий(Метр квадратный)"	"2016 год"	"201612"	"РАЙОН ИМ.ГАБИТА МУСРЕПОВА"	"17687"	"сельская местность"	"3"	"Всего"	"1"	"Всего"	"1"	"Всего"	"1"	"7 232"
"Общая площадь введенных в эксплуатацию жилых зданий(Метр квадратный)"	"2020 год"	"202012"	"РАЙОН ИМ.ГАБИТА МУСРЕПОВА"	"17687"	"сельская местность"	"3"	"Всего"	"1"	"Всего"	"1"	"Всего"	"1"	"14 078"
"Общая площадь введенных в эксплуатацию жилых зданий(Метр квадратный)"	"2014 год"	"201412"	"РАЙОН ИМ.ГАБИТА МУСРЕПОВА"	"17687"	"сельская местность"	"3"	"Всего"	"1"	"Всего"	"1"	"Всего"	"1"	"8 389"
"Общая площадь введенных в эксплуатацию жилых зданий(Метр квадратный)"	"2019 год"	"201912"	"РАЙОН ИМ.ГАБИТА МУСРЕПОВА"	"17687"	"сельская местность"	"3"	"Всего"	"1"	"Всего"	"1"	"Всего"	"1"	"13 509"
"Общая площадь введенных в эксплуатацию жилых зданий(Метр квадратный)"	"2015 год"	"201512"	"РАЙОН ИМ.ГАБИТА МУСРЕПОВА"	"17687"	"сельская местность"	"3"	"Всего"	"1"	"Всего"	"1"	"Всего"	"1"	"6 816"
"Общая площадь введенных в эксплуатацию жилых зданий(Метр квадратный)"	"2017 год"	"201712"	"РАЙОН ИМ.ГАБИТА МУСРЕПОВА"	"17687"	"сельская местность"	"3"	"Всего"	"1"	"Всего"	"1"	"Всего"	"1"	"9 010"
"Общая площадь введенных в эксплуатацию жилых зданий(Метр квадратный)"	"2018 год"	"201812"	"РАЙОН ИМ.ГАБИТА МУСРЕПОВА"	"17687"	"сельская местность"	"3"	"Всего"	"1"	"Всего"	"1"	"Всего"	"1"	"13 586"
"Общая площадь введенных в эксплуатацию жилых зданий(Метр квадратный)"	"2021 год"	"202112"	"РАЙОН ИМ.ГАБИТА МУСРЕПОВА"	"17687"	"сельская местность"	"3"	"Всего"	"1"	"Всего"	"1"	"Всего"	"1"	"16 643"
"Общая площадь введенных в эксплуатацию жилых зданий(Метр квадратный)"	"2022 год"	"202212"	"РАЙОН ИМ.ГАБИТА МУСРЕПОВА"	"17687"	"сельская местность"	"3"	"Всего"	"1"	"Всего"	"1"	"Всего"	"1"	"16 005"
"Общая площадь введенных в эксплуатацию жилых зданий(Метр квадратный)"	"2020 год"	"202012"	"ТУРКЕСТАНСКАЯ ОБЛАСТЬ"	"17776"	"Всего"	"1"	"Всего"	"1"	"Всего"	"1"	"Всего"	"1"	"735 523"
"Общая площадь введенных в эксплуатацию жилых зданий(Метр квадратный)"	"2019 год"	"201912"	"ТУРКЕСТАНСКАЯ ОБЛАСТЬ"	"17776"	"Всего"	"1"	"Всего"	"1"	"Всего"	"1"	"Всего"	"1"	"620 385"
"Общая площадь введенных в эксплуатацию жилых зданий(Метр квадратный)"	"2018 год"	"201812"	"ТУРКЕСТАНСКАЯ ОБЛАСТЬ"	"17776"	"Всего"	"1"	"Всего"	"1"	"Всего"	"1"	"Всего"	"1"	"387 796"
"Общая площадь введенных в эксплуатацию жилых зданий(Метр квадратный)"	"2021 год"	"202112"	"ТУРКЕСТАНСКАЯ ОБЛАСТЬ"	"17776"	"Всего"	"1"	"Всего"	"1"	"Всего"	"1"	"Всего"	"1"	"825 790"
"Общая площадь введенных в эксплуатацию жилых зданий(Метр квадратный)"	"2022 год"	"202212"	"ТУРКЕСТАНСКАЯ ОБЛАСТЬ"	"17776"	"Всего"	"1"	"Всего"	"1"	"Всего"	"1"	"Всего"	"1"	"864 076"
"Общая площадь введенных в эксплуатацию жилых зданий(Метр квадратный)"	"2020 год"	"202012"	"ТУРКЕСТАНСКАЯ ОБЛАСТЬ"	"17776"	"городская местность"	"2"	"Всего"	"1"	"Всего"	"1"	"Всего"	"1"	"310 425"
"Общая площадь введенных в эксплуатацию жилых зданий(Метр квадратный)"	"2019 год"	"201912"	"ТУРКЕСТАНСКАЯ ОБЛАСТЬ"	"17776"	"городская местность"	"2"	"Всего"	"1"	"Всего"	"1"	"Всего"	"1"	"322 388"
"Общая площадь введенных в эксплуатацию жилых зданий(Метр квадратный)"	"2018 год"	"201812"	"ТУРКЕСТАНСКАЯ ОБЛАСТЬ"	"17776"	"городская местность"	"2"	"Всего"	"1"	"Всего"	"1"	"Всего"	"1"	"148 639"
"Общая площадь введенных в эксплуатацию жилых зданий(Метр квадратный)"	"2021 год"	"202112"	"ТУРКЕСТАНСКАЯ ОБЛАСТЬ"	"17776"	"городская местность"	"2"	"Всего"	"1"	"Всего"	"1"	"Всего"	"1"	"427 762"
"Общая площадь введенных в эксплуатацию жилых зданий(Метр квадратный)"	"2022 год"	"202212"	"ТУРКЕСТАНСКАЯ ОБЛАСТЬ"	"17776"	"городская местность"	"2"	"Всего"	"1"	"Всего"	"1"	"Всего"	"1"	"490 292"
"Общая площадь введенных в эксплуатацию жилых зданий(Метр квадратный)"	"2020 год"	"202012"	"ТУРКЕСТАНСКАЯ ОБЛАСТЬ"	"17776"	"сельская местность"	"3"	"Всего"	"1"	"Всего"	"1"	"Всего"	"1"	"425 098"
"Общая площадь введенных в эксплуатацию жилых зданий(Метр квадратный)"	"2019 год"	"201912"	"ТУРКЕСТАНСКАЯ ОБЛАСТЬ"	"17776"	"сельская местность"	"3"	"Всего"	"1"	"Всего"	"1"	"Всего"	"1"	"297 997"
"Общая площадь введенных в эксплуатацию жилых зданий(Метр квадратный)"	"2018 год"	"201812"	"ТУРКЕСТАНСКАЯ ОБЛАСТЬ"	"17776"	"сельская местность"	"3"	"Всего"	"1"	"Всего"	"1"	"Всего"	"1"	"239 157"
"Общая площадь введенных в эксплуатацию жилых зданий(Метр квадратный)"	"2021 год"	"202112"	"ТУРКЕСТАНСКАЯ ОБЛАСТЬ"	"17776"	"сельская местность"	"3"	"Всего"	"1"	"Всего"	"1"	"Всего"	"1"	"398 028"
"Общая площадь введенных в эксплуатацию жилых зданий(Метр квадратный)"	"2022 год"	"202212"	"ТУРКЕСТАНСКАЯ ОБЛАСТЬ"	"17776"	"сельская местность"	"3"	"Всего"	"1"	"Всего"	"1"	"Всего"	"1"	"373 784"
"Общая площадь введенных в эксплуатацию жилых зданий(Метр квадратный)"	"2020 год"	"202012"	"ТУРКЕСТАН Г.А."	"17777"	"Всего"	"1"	"Всего"	"1"	"Всего"	"1"	"Всего"	"1"	"141 924"
"Общая площадь введенных в эксплуатацию жилых зданий(Метр квадратный)"	"2019 год"	"201912"	"ТУРКЕСТАН Г.А."	"17777"	"Всего"	"1"	"Всего"	"1"	"Всего"	"1"	"Всего"	"1"	"191 988"
"Общая площадь введенных в эксплуатацию жилых зданий(Метр квадратный)"	"2018 год"	"201812"	"ТУРКЕСТАН Г.А."	"17777"	"Всего"	"1"	"Всего"	"1"	"Всего"	"1"	"Всего"	"1"	"71 426"
"Общая площадь введенных в эксплуатацию жилых зданий(Метр квадратный)"	"2021 год"	"202112"	"ТУРКЕСТАН Г.А."	"17777"	"Всего"	"1"	"Всего"	"1"	"Всего"	"1"	"Всего"	"1"	"325 544"
"Общая площадь введенных в эксплуатацию жилых зданий(Метр квадратный)"	"2022 год"	"202212"	"ТУРКЕСТАН Г.А."	"17777"	"Всего"	"1"	"Всего"	"1"	"Всего"	"1"	"Всего"	"1"	"413 210"
"Общая площадь введенных в эксплуатацию жилых зданий(Метр квадратный)"	"2020 год"	"202012"	"ТУРКЕСТАН Г.А."	"17777"	"городская местность"	"2"	"Всего"	"1"	"Всего"	"1"	"Всего"	"1"	"141 924"
"Общая площадь введенных в эксплуатацию жилых зданий(Метр квадратный)"	"2019 год"	"201912"	"ТУРКЕСТАН Г.А."	"17777"	"городская местность"	"2"	"Всего"	"1"	"Всего"	"1"	"Всего"	"1"	"191 988"
"Общая площадь введенных в эксплуатацию жилых зданий(Метр квадратный)"	"2018 год"	"201812"	"ТУРКЕСТАН Г.А."	"17777"	"городская местность"	"2"	"Всего"	"1"	"Всего"	"1"	"Всего"	"1"	"71 426"
"Общая площадь введенных в эксплуатацию жилых зданий(Метр квадратный)"	"2021 год"	"202112"	"ТУРКЕСТАН Г.А."	"17777"	"городская местность"	"2"	"Всего"	"1"	"Всего"	"1"	"Всего"	"1"	"325 544"
"Общая площадь введенных в эксплуатацию жилых зданий(Метр квадратный)"	"2022 год"	"202212"	"ТУРКЕСТАН Г.А."	"17777"	"городская местность"	"2"	"Всего"	"1"	"Всего"	"1"	"Всего"	"1"	"413 210"
"Общая площадь введенных в эксплуатацию жилых зданий(Метр квадратный)"	"2020 год"	"202012"	"АРЫСЬ Г.А."	"17779"	"Всего"	"1"	"Всего"	"1"	"Всего"	"1"	"Всего"	"1"	"69 534"
"Общая площадь введенных в эксплуатацию жилых зданий(Метр квадратный)"	"2019 год"	"201912"	"АРЫСЬ Г.А."	"17779"	"Всего"	"1"	"Всего"	"1"	"Всего"	"1"	"Всего"	"1"	"42 316"
"Общая площадь введенных в эксплуатацию жилых зданий(Метр квадратный)"	"2018 год"	"201812"	"АРЫСЬ Г.А."	"17779"	"Всего"	"1"	"Всего"	"1"	"Всего"	"1"	"Всего"	"1"	"33 237"
"Общая площадь введенных в эксплуатацию жилых зданий(Метр квадратный)"	"2021 год"	"202112"	"АРЫСЬ Г.А."	"17779"	"Всего"	"1"	"Всего"	"1"	"Всего"	"1"	"Всего"	"1"	"29 038"
"Общая площадь введенных в эксплуатацию жилых зданий(Метр квадратный)"	"2022 год"	"202212"	"АРЫСЬ Г.А."	"17779"	"Всего"	"1"	"Всего"	"1"	"Всего"	"1"	"Всего"	"1"	"13 362"
"Общая площадь введенных в эксплуатацию жилых зданий(Метр квадратный)"	"2020 год"	"202012"	"АРЫСЬ Г.А."	"17779"	"городская местность"	"2"	"Всего"	"1"	"Всего"	"1"	"Всего"	"1"	"59 890"
"Общая площадь введенных в эксплуатацию жилых зданий(Метр квадратный)"	"2019 год"	"201912"	"АРЫСЬ Г.А."	"17779"	"городская местность"	"2"	"Всего"	"1"	"Всего"	"1"	"Всего"	"1"	"34 017"
"Общая площадь введенных в эксплуатацию жилых зданий(Метр квадратный)"	"2018 год"	"201812"	"АРЫСЬ Г.А."	"17779"	"городская местность"	"2"	"Всего"	"1"	"Всего"	"1"	"Всего"	"1"	"24 167"
"Общая площадь введенных в эксплуатацию жилых зданий(Метр квадратный)"	"2021 год"	"202112"	"АРЫСЬ Г.А."	"17779"	"городская местность"	"2"	"Всего"	"1"	"Всего"	"1"	"Всего"	"1"	"24 096"
"Общая площадь введенных в эксплуатацию жилых зданий(Метр квадратный)"	"2022 год"	"202212"	"АРЫСЬ Г.А."	"17779"	"городская местность"	"2"	"Всего"	"1"	"Всего"	"1"	"Всего"	"1"	"9 871"
"Общая площадь введенных в эксплуатацию жилых зданий(Метр квадратный)"	"2020 год"	"202012"	"АРЫСЬ Г.А."	"17779"	"сельская местность"	"3"	"Всего"	"1"	"Всего"	"1"	"Всего"	"1"	"9 644"
"Общая площадь введенных в эксплуатацию жилых зданий(Метр квадратный)"	"2019 год"	"201912"	"АРЫСЬ Г.А."	"17779"	"сельская местность"	"3"	"Всего"	"1"	"Всего"	"1"	"Всего"	"1"	"8 299"
"Общая площадь введенных в эксплуатацию жилых зданий(Метр квадратный)"	"2018 год"	"201812"	"АРЫСЬ Г.А."	"17779"	"сельская местность"	"3"	"Всего"	"1"	"Всего"	"1"	"Всего"	"1"	"9 070"
"Общая площадь введенных в эксплуатацию жилых зданий(Метр квадратный)"	"2021 год"	"202112"	"АРЫСЬ Г.А."	"17779"	"сельская местность"	"3"	"Всего"	"1"	"Всего"	"1"	"Всего"	"1"	"4 942"
"Общая площадь введенных в эксплуатацию жилых зданий(Метр квадратный)"	"2022 год"	"202212"	"АРЫСЬ Г.А."	"17779"	"сельская местность"	"3"	"Всего"	"1"	"Всего"	"1"	"Всего"	"1"	"3 491"
"Общая площадь введенных в эксплуатацию жилых зданий(Метр квадратный)"	"2020 год"	"202012"	"КЕНТАУ Г.А."	"17819"	"Всего"	"1"	"Всего"	"1"	"Всего"	"1"	"Всего"	"1"	"79 402"
"Общая площадь введенных в эксплуатацию жилых зданий(Метр квадратный)"	"2019 год"	"201912"	"КЕНТАУ Г.А."	"17819"	"Всего"	"1"	"Всего"	"1"	"Всего"	"1"	"Всего"	"1"	"39 975"
"Общая площадь введенных в эксплуатацию жилых зданий(Метр квадратный)"	"2018 год"	"201812"	"КЕНТАУ Г.А."	"17819"	"Всего"	"1"	"Всего"	"1"	"Всего"	"1"	"Всего"	"1"	"30 862"
"Общая площадь введенных в эксплуатацию жилых зданий(Метр квадратный)"	"2021 год"	"202112"	"КЕНТАУ Г.А."	"17819"	"Всего"	"1"	"Всего"	"1"	"Всего"	"1"	"Всего"	"1"	"35 938"
"Общая площадь введенных в эксплуатацию жилых зданий(Метр квадратный)"	"2022 год"	"202212"	"КЕНТАУ Г.А."	"17819"	"Всего"	"1"	"Всего"	"1"	"Всего"	"1"	"Всего"	"1"	"28 611"
"Общая площадь введенных в эксплуатацию жилых зданий(Метр квадратный)"	"2020 год"	"202012"	"КЕНТАУ Г.А."	"17819"	"городская местность"	"2"	"Всего"	"1"	"Всего"	"1"	"Всего"	"1"	"59 018"
"Общая площадь введенных в эксплуатацию жилых зданий(Метр квадратный)"	"2019 год"	"201912"	"КЕНТАУ Г.А."	"17819"	"городская местность"	"2"	"Всего"	"1"	"Всего"	"1"	"Всего"	"1"	"24 931"
"Общая площадь введенных в эксплуатацию жилых зданий(Метр квадратный)"	"2018 год"	"201812"	"КЕНТАУ Г.А."	"17819"	"городская местность"	"2"	"Всего"	"1"	"Всего"	"1"	"Всего"	"1"	"22 931"
"Общая площадь введенных в эксплуатацию жилых зданий(Метр квадратный)"	"2021 год"	"202112"	"КЕНТАУ Г.А."	"17819"	"городская местность"	"2"	"Всего"	"1"	"Всего"	"1"	"Всего"	"1"	"29 183"
"Общая площадь введенных в эксплуатацию жилых зданий(Метр квадратный)"	"2022 год"	"202212"	"КЕНТАУ Г.А."	"17819"	"городская местность"	"2"	"Всего"	"1"	"Всего"	"1"	"Всего"	"1"	"21 816"
"Общая площадь введенных в эксплуатацию жилых зданий(Метр квадратный)"	"2020 год"	"202012"	"КЕНТАУ Г.А."	"17819"	"сельская местность"	"3"	"Всего"	"1"	"Всего"	"1"	"Всего"	"1"	"20 384"
"Общая площадь введенных в эксплуатацию жилых зданий(Метр квадратный)"	"2019 год"	"201912"	"КЕНТАУ Г.А."	"17819"	"сельская местность"	"3"	"Всего"	"1"	"Всего"	"1"	"Всего"	"1"	"15 044"
"Общая площадь введенных в эксплуатацию жилых зданий(Метр квадратный)"	"2018 год"	"201812"	"КЕНТАУ Г.А."	"17819"	"сельская местность"	"3"	"Всего"	"1"	"Всего"	"1"	"Всего"	"1"	"7 931"
"Общая площадь введенных в эксплуатацию жилых зданий(Метр квадратный)"	"2021 год"	"202112"	"КЕНТАУ Г.А."	"17819"	"сельская местность"	"3"	"Всего"	"1"	"Всего"	"1"	"Всего"	"1"	"6 755"
"Общая площадь введенных в эксплуатацию жилых зданий(Метр квадратный)"	"2022 год"	"202212"	"КЕНТАУ Г.А."	"17819"	"сельская местность"	"3"	"Всего"	"1"	"Всего"	"1"	"Всего"	"1"	"6 795"
"Общая площадь введенных в эксплуатацию жилых зданий(Метр квадратный)"	"2020 год"	"202012"	"РАЙОН БАЙДИБЕКА"	"17902"	"Всего"	"1"	"Всего"	"1"	"Всего"	"1"	"Всего"	"1"	"15 883"
"Общая площадь введенных в эксплуатацию жилых зданий(Метр квадратный)"	"2019 год"	"201912"	"РАЙОН БАЙДИБЕКА"	"17902"	"Всего"	"1"	"Всего"	"1"	"Всего"	"1"	"Всего"	"1"	"13 992"
"Общая площадь введенных в эксплуатацию жилых зданий(Метр квадратный)"	"2018 год"	"201812"	"РАЙОН БАЙДИБЕКА"	"17902"	"Всего"	"1"	"Всего"	"1"	"Всего"	"1"	"Всего"	"1"	"12 406"
"Общая площадь введенных в эксплуатацию жилых зданий(Метр квадратный)"	"2021 год"	"202112"	"РАЙОН БАЙДИБЕКА"	"17902"	"Всего"	"1"	"Всего"	"1"	"Всего"	"1"	"Всего"	"1"	"17 913"
"Общая площадь введенных в эксплуатацию жилых зданий(Метр квадратный)"	"2022 год"	"202212"	"РАЙОН БАЙДИБЕКА"	"17902"	"Всего"	"1"	"Всего"	"1"	"Всего"	"1"	"Всего"	"1"	"18 806"
"Общая площадь введенных в эксплуатацию жилых зданий(Метр квадратный)"	"2020 год"	"202012"	"РАЙОН БАЙДИБЕКА"	"17902"	"сельская местность"	"3"	"Всего"	"1"	"Всего"	"1"	"Всего"	"1"	"15 883"
"Общая площадь введенных в эксплуатацию жилых зданий(Метр квадратный)"	"2019 год"	"201912"	"РАЙОН БАЙДИБЕКА"	"17902"	"сельская местность"	"3"	"Всего"	"1"	"Всего"	"1"	"Всего"	"1"	"13 992"
"Общая площадь введенных в эксплуатацию жилых зданий(Метр квадратный)"	"2018 год"	"201812"	"РАЙОН БАЙДИБЕКА"	"17902"	"сельская местность"	"3"	"Всего"	"1"	"Всего"	"1"	"Всего"	"1"	"12 406"
"Общая площадь введенных в эксплуатацию жилых зданий(Метр квадратный)"	"2021 год"	"202112"	"РАЙОН БАЙДИБЕКА"	"17902"	"сельская местность"	"3"	"Всего"	"1"	"Всего"	"1"	"Всего"	"1"	"17 913"
"Общая площадь введенных в эксплуатацию жилых зданий(Метр квадратный)"	"2022 год"	"202212"	"РАЙОН БАЙДИБЕКА"	"17902"	"сельская местность"	"3"	"Всего"	"1"	"Всего"	"1"	"Всего"	"1"	"18 806"
"Общая площадь введенных в эксплуатацию жилых зданий(Метр квадратный)"	"2020 год"	"202012"	"ЖЕТЫСАЙСКИЙ РАЙОН"	"17993"	"Всего"	"1"	"Всего"	"1"	"Всего"	"1"	"Всего"	"1"	"10 976"
"Общая площадь введенных в эксплуатацию жилых зданий(Метр квадратный)"	"2019 год"	"201912"	"ЖЕТЫСАЙСКИЙ РАЙОН"	"17993"	"Всего"	"1"	"Всего"	"1"	"Всего"	"1"	"Всего"	"1"	"24 145"
"Общая площадь введенных в эксплуатацию жилых зданий(Метр квадратный)"	"2018 год"	"201812"	"ЖЕТЫСАЙСКИЙ РАЙОН"	"17993"	"Всего"	"1"	"Всего"	"1"	"Всего"	"1"	"Всего"	"1"	"22 537"
"Общая площадь введенных в эксплуатацию жилых зданий(Метр квадратный)"	"2021 год"	"202112"	"ЖЕТЫСАЙСКИЙ РАЙОН"	"17993"	"Всего"	"1"	"Всего"	"1"	"Всего"	"1"	"Всего"	"1"	"23 881"
"Общая площадь введенных в эксплуатацию жилых зданий(Метр квадратный)"	"2022 год"	"202212"	"ЖЕТЫСАЙСКИЙ РАЙОН"	"17993"	"Всего"	"1"	"Всего"	"1"	"Всего"	"1"	"Всего"	"1"	"14 208"
"Общая площадь введенных в эксплуатацию жилых зданий(Метр квадратный)"	"2020 год"	"202012"	"ЖЕТЫСАЙСКИЙ РАЙОН"	"17993"	"городская местность"	"2"	"Всего"	"1"	"Всего"	"1"	"Всего"	"1"	"2 733"
"Общая площадь введенных в эксплуатацию жилых зданий(Метр квадратный)"	"2019 год"	"201912"	"ЖЕТЫСАЙСКИЙ РАЙОН"	"17993"	"городская местность"	"2"	"Всего"	"1"	"Всего"	"1"	"Всего"	"1"	"8 049"
"Общая площадь введенных в эксплуатацию жилых зданий(Метр квадратный)"	"2018 год"	"201812"	"ЖЕТЫСАЙСКИЙ РАЙОН"	"17993"	"городская местность"	"2"	"Всего"	"1"	"Всего"	"1"	"Всего"	"1"	"6 794"
"Общая площадь введенных в эксплуатацию жилых зданий(Метр квадратный)"	"2021 год"	"202112"	"ЖЕТЫСАЙСКИЙ РАЙОН"	"17993"	"городская местность"	"2"	"Всего"	"1"	"Всего"	"1"	"Всего"	"1"	"7 279"
"Общая площадь введенных в эксплуатацию жилых зданий(Метр квадратный)"	"2022 год"	"202212"	"ЖЕТЫСАЙСКИЙ РАЙОН"	"17993"	"городская местность"	"2"	"Всего"	"1"	"Всего"	"1"	"Всего"	"1"	"1 921"
"Общая площадь введенных в эксплуатацию жилых зданий(Метр квадратный)"	"2020 год"	"202012"	"ЖЕТЫСАЙСКИЙ РАЙОН"	"17993"	"сельская местность"	"3"	"Всего"	"1"	"Всего"	"1"	"Всего"	"1"	"8 243"
"Общая площадь введенных в эксплуатацию жилых зданий(Метр квадратный)"	"2019 год"	"201912"	"ЖЕТЫСАЙСКИЙ РАЙОН"	"17993"	"сельская местность"	"3"	"Всего"	"1"	"Всего"	"1"	"Всего"	"1"	"16 096"
"Общая площадь введенных в эксплуатацию жилых зданий(Метр квадратный)"	"2018 год"	"201812"	"ЖЕТЫСАЙСКИЙ РАЙОН"	"17993"	"сельская местность"	"3"	"Всего"	"1"	"Всего"	"1"	"Всего"	"1"	"15 743"
"Общая площадь введенных в эксплуатацию жилых зданий(Метр квадратный)"	"2021 год"	"202112"	"ЖЕТЫСАЙСКИЙ РАЙОН"	"17993"	"сельская местность"	"3"	"Всего"	"1"	"Всего"	"1"	"Всего"	"1"	"16 602"
"Общая площадь введенных в эксплуатацию жилых зданий(Метр квадратный)"	"2022 год"	"202212"	"ЖЕТЫСАЙСКИЙ РАЙОН"	"17993"	"сельская местность"	"3"	"Всего"	"1"	"Всего"	"1"	"Всего"	"1"	"12 287"
"Общая площадь введенных в эксплуатацию жилых зданий(Метр квадратный)"	"2020 год"	"202012"	"КЕЛЕССКИЙ РАЙОН"	"18119"	"Всего"	"1"	"Всего"	"1"	"Всего"	"1"	"Всего"	"1"	"19 200"
"Общая площадь введенных в эксплуатацию жилых зданий(Метр квадратный)"	"2019 год"	"201912"	"КЕЛЕССКИЙ РАЙОН"	"18119"	"Всего"	"1"	"Всего"	"1"	"Всего"	"1"	"Всего"	"1"	"14 253"
"Общая площадь введенных в эксплуатацию жилых зданий(Метр квадратный)"	"2018 год"	"201812"	"КЕЛЕССКИЙ РАЙОН"	"18119"	"Всего"	"1"	"Всего"	"1"	"Всего"	"1"	"Всего"	"1"	"12 809"
"Общая площадь введенных в эксплуатацию жилых зданий(Метр квадратный)"	"2021 год"	"202112"	"КЕЛЕССКИЙ РАЙОН"	"18119"	"Всего"	"1"	"Всего"	"1"	"Всего"	"1"	"Всего"	"1"	"20 772"
"Общая площадь введенных в эксплуатацию жилых зданий(Метр квадратный)"	"2022 год"	"202212"	"КЕЛЕССКИЙ РАЙОН"	"18119"	"Всего"	"1"	"Всего"	"1"	"Всего"	"1"	"Всего"	"1"	"22 406"
"Общая площадь введенных в эксплуатацию жилых зданий(Метр квадратный)"	"2020 год"	"202012"	"КЕЛЕССКИЙ РАЙОН"	"18119"	"сельская местность"	"3"	"Всего"	"1"	"Всего"	"1"	"Всего"	"1"	"19 200"
"Общая площадь введенных в эксплуатацию жилых зданий(Метр квадратный)"	"2019 год"	"201912"	"КЕЛЕССКИЙ РАЙОН"	"18119"	"сельская местность"	"3"	"Всего"	"1"	"Всего"	"1"	"Всего"	"1"	"14 253"
"Общая площадь введенных в эксплуатацию жилых зданий(Метр квадратный)"	"2018 год"	"201812"	"КЕЛЕССКИЙ РАЙОН"	"18119"	"сельская местность"	"3"	"Всего"	"1"	"Всего"	"1"	"Всего"	"1"	"12 809"
"Общая площадь введенных в эксплуатацию жилых зданий(Метр квадратный)"	"2021 год"	"202112"	"КЕЛЕССКИЙ РАЙОН"	"18119"	"сельская местность"	"3"	"Всего"	"1"	"Всего"	"1"	"Всего"	"1"	"20 772"
"Общая площадь введенных в эксплуатацию жилых зданий(Метр квадратный)"	"2022 год"	"202212"	"КЕЛЕССКИЙ РАЙОН"	"18119"	"сельская местность"	"3"	"Всего"	"1"	"Всего"	"1"	"Всего"	"1"	"22 406"
"Общая площадь введенных в эксплуатацию жилых зданий(Метр квадратный)"	"2020 год"	"202012"	"КАЗЫГУРТСКИЙ РАЙОН"	"18215"	"Всего"	"1"	"Всего"	"1"	"Всего"	"1"	"Всего"	"1"	"23 844"
"Общая площадь введенных в эксплуатацию жилых зданий(Метр квадратный)"	"2019 год"	"201912"	"КАЗЫГУРТСКИЙ РАЙОН"	"18215"	"Всего"	"1"	"Всего"	"1"	"Всего"	"1"	"Всего"	"1"	"19 133"
"Общая площадь введенных в эксплуатацию жилых зданий(Метр квадратный)"	"2018 год"	"201812"	"КАЗЫГУРТСКИЙ РАЙОН"	"18215"	"Всего"	"1"	"Всего"	"1"	"Всего"	"1"	"Всего"	"1"	"19 122"
"Общая площадь введенных в эксплуатацию жилых зданий(Метр квадратный)"	"2021 год"	"202112"	"КАЗЫГУРТСКИЙ РАЙОН"	"18215"	"Всего"	"1"	"Всего"	"1"	"Всего"	"1"	"Всего"	"1"	"25 808"
"Общая площадь введенных в эксплуатацию жилых зданий(Метр квадратный)"	"2022 год"	"202212"	"КАЗЫГУРТСКИЙ РАЙОН"	"18215"	"Всего"	"1"	"Всего"	"1"	"Всего"	"1"	"Всего"	"1"	"27 569"
"Общая площадь введенных в эксплуатацию жилых зданий(Метр квадратный)"	"2020 год"	"202012"	"КАЗЫГУРТСКИЙ РАЙОН"	"18215"	"сельская местность"	"3"	"Всего"	"1"	"Всего"	"1"	"Всего"	"1"	"23 844"
"Общая площадь введенных в эксплуатацию жилых зданий(Метр квадратный)"	"2019 год"	"201912"	"КАЗЫГУРТСКИЙ РАЙОН"	"18215"	"сельская местность"	"3"	"Всего"	"1"	"Всего"	"1"	"Всего"	"1"	"19 133"
"Общая площадь введенных в эксплуатацию жилых зданий(Метр квадратный)"	"2018 год"	"201812"	"КАЗЫГУРТСКИЙ РАЙОН"	"18215"	"сельская местность"	"3"	"Всего"	"1"	"Всего"	"1"	"Всего"	"1"	"19 122"
"Общая площадь введенных в эксплуатацию жилых зданий(Метр квадратный)"	"2021 год"	"202112"	"КАЗЫГУРТСКИЙ РАЙОН"	"18215"	"сельская местность"	"3"	"Всего"	"1"	"Всего"	"1"	"Всего"	"1"	"25 808"
"Общая площадь введенных в эксплуатацию жилых зданий(Метр квадратный)"	"2022 год"	"202212"	"КАЗЫГУРТСКИЙ РАЙОН"	"18215"	"сельская местность"	"3"	"Всего"	"1"	"Всего"	"1"	"Всего"	"1"	"27 569"
"Общая площадь введенных в эксплуатацию жилых зданий(Метр квадратный)"	"2020 год"	"202012"	"МАКТААРАЛЬСКИЙ РАЙОН"	"18423"	"Всего"	"1"	"Всего"	"1"	"Всего"	"1"	"Всего"	"1"	"136 383"
"Общая площадь введенных в эксплуатацию жилых зданий(Метр квадратный)"	"2019 год"	"201912"	"МАКТААРАЛЬСКИЙ РАЙОН"	"18423"	"Всего"	"1"	"Всего"	"1"	"Всего"	"1"	"Всего"	"1"	"20 931"
"Общая площадь введенных в эксплуатацию жилых зданий(Метр квадратный)"	"2018 год"	"201812"	"МАКТААРАЛЬСКИЙ РАЙОН"	"18423"	"Всего"	"1"	"Всего"	"1"	"Всего"	"1"	"Всего"	"1"	"16 905"
"Общая площадь введенных в эксплуатацию жилых зданий(Метр квадратный)"	"2021 год"	"202112"	"МАКТААРАЛЬСКИЙ РАЙОН"	"18423"	"Всего"	"1"	"Всего"	"1"	"Всего"	"1"	"Всего"	"1"	"55 045"
"Общая площадь введенных в эксплуатацию жилых зданий(Метр квадратный)"	"2022 год"	"202212"	"МАКТААРАЛЬСКИЙ РАЙОН"	"18423"	"Всего"	"1"	"Всего"	"1"	"Всего"	"1"	"Всего"	"1"	"23 622"
"Общая площадь введенных в эксплуатацию жилых зданий(Метр квадратный)"	"2020 год"	"202012"	"МАКТААРАЛЬСКИЙ РАЙОН"	"18423"	"сельская местность"	"3"	"Всего"	"1"	"Всего"	"1"	"Всего"	"1"	"136 383"
"Общая площадь введенных в эксплуатацию жилых зданий(Метр квадратный)"	"2019 год"	"201912"	"МАКТААРАЛЬСКИЙ РАЙОН"	"18423"	"сельская местность"	"3"	"Всего"	"1"	"Всего"	"1"	"Всего"	"1"	"20 931"
"Общая площадь введенных в эксплуатацию жилых зданий(Метр квадратный)"	"2018 год"	"201812"	"МАКТААРАЛЬСКИЙ РАЙОН"	"18423"	"сельская местность"	"3"	"Всего"	"1"	"Всего"	"1"	"Всего"	"1"	"16 905"
"Общая площадь введенных в эксплуатацию жилых зданий(Метр квадратный)"	"2021 год"	"202112"	"МАКТААРАЛЬСКИЙ РАЙОН"	"18423"	"сельская местность"	"3"	"Всего"	"1"	"Всего"	"1"	"Всего"	"1"	"55 045"
"Общая площадь введенных в эксплуатацию жилых зданий(Метр квадратный)"	"2022 год"	"202212"	"МАКТААРАЛЬСКИЙ РАЙОН"	"18423"	"сельская местность"	"3"	"Всего"	"1"	"Всего"	"1"	"Всего"	"1"	"23 622"
"Общая площадь введенных в эксплуатацию жилых зданий(Метр квадратный)"	"2020 год"	"202012"	"ОРДАБАСЫНСКИЙ РАЙОН"	"18506"	"Всего"	"1"	"Всего"	"1"	"Всего"	"1"	"Всего"	"1"	"24 817"
"Общая площадь введенных в эксплуатацию жилых зданий(Метр квадратный)"	"2019 год"	"201912"	"ОРДАБАСЫНСКИЙ РАЙОН"	"18506"	"Всего"	"1"	"Всего"	"1"	"Всего"	"1"	"Всего"	"1"	"19 837"
"Общая площадь введенных в эксплуатацию жилых зданий(Метр квадратный)"	"2018 год"	"201812"	"ОРДАБАСЫНСКИЙ РАЙОН"	"18506"	"Всего"	"1"	"Всего"	"1"	"Всего"	"1"	"Всего"	"1"	"15 375"
"Общая площадь введенных в эксплуатацию жилых зданий(Метр квадратный)"	"2021 год"	"202112"	"ОРДАБАСЫНСКИЙ РАЙОН"	"18506"	"Всего"	"1"	"Всего"	"1"	"Всего"	"1"	"Всего"	"1"	"27 031"
"Общая площадь введенных в эксплуатацию жилых зданий(Метр квадратный)"	"2022 год"	"202212"	"ОРДАБАСЫНСКИЙ РАЙОН"	"18506"	"Всего"	"1"	"Всего"	"1"	"Всего"	"1"	"Всего"	"1"	"31 243"
"Общая площадь введенных в эксплуатацию жилых зданий(Метр квадратный)"	"2020 год"	"202012"	"ОРДАБАСЫНСКИЙ РАЙОН"	"18506"	"сельская местность"	"3"	"Всего"	"1"	"Всего"	"1"	"Всего"	"1"	"24 817"
"Общая площадь введенных в эксплуатацию жилых зданий(Метр квадратный)"	"2019 год"	"201912"	"ОРДАБАСЫНСКИЙ РАЙОН"	"18506"	"сельская местность"	"3"	"Всего"	"1"	"Всего"	"1"	"Всего"	"1"	"19 837"
"Общая площадь введенных в эксплуатацию жилых зданий(Метр квадратный)"	"2018 год"	"201812"	"ОРДАБАСЫНСКИЙ РАЙОН"	"18506"	"сельская местность"	"3"	"Всего"	"1"	"Всего"	"1"	"Всего"	"1"	"15 375"
"Общая площадь введенных в эксплуатацию жилых зданий(Метр квадратный)"	"2021 год"	"202112"	"ОРДАБАСЫНСКИЙ РАЙОН"	"18506"	"сельская местность"	"3"	"Всего"	"1"	"Всего"	"1"	"Всего"	"1"	"27 031"
"Общая площадь введенных в эксплуатацию жилых зданий(Метр квадратный)"	"2022 год"	"202212"	"ОРДАБАСЫНСКИЙ РАЙОН"	"18506"	"сельская местность"	"3"	"Всего"	"1"	"Всего"	"1"	"Всего"	"1"	"31 243"
"Общая площадь введенных в эксплуатацию жилых зданий(Метр квадратный)"	"2020 год"	"202012"	"ОТРАРСКИЙ РАЙОН"	"18574"	"Всего"	"1"	"Всего"	"1"	"Всего"	"1"	"Всего"	"1"	"15 352"
"Общая площадь введенных в эксплуатацию жилых зданий(Метр квадратный)"	"2019 год"	"201912"	"ОТРАРСКИЙ РАЙОН"	"18574"	"Всего"	"1"	"Всего"	"1"	"Всего"	"1"	"Всего"	"1"	"14 396"
"Общая площадь введенных в эксплуатацию жилых зданий(Метр квадратный)"	"2018 год"	"201812"	"ОТРАРСКИЙ РАЙОН"	"18574"	"Всего"	"1"	"Всего"	"1"	"Всего"	"1"	"Всего"	"1"	"11 568"
"Общая площадь введенных в эксплуатацию жилых зданий(Метр квадратный)"	"2021 год"	"202112"	"ОТРАРСКИЙ РАЙОН"	"18574"	"Всего"	"1"	"Всего"	"1"	"Всего"	"1"	"Всего"	"1"	"17 106"
"Общая площадь введенных в эксплуатацию жилых зданий(Метр квадратный)"	"2022 год"	"202212"	"ОТРАРСКИЙ РАЙОН"	"18574"	"Всего"	"1"	"Всего"	"1"	"Всего"	"1"	"Всего"	"1"	"18 657"
"Общая площадь введенных в эксплуатацию жилых зданий(Метр квадратный)"	"2020 год"	"202012"	"ОТРАРСКИЙ РАЙОН"	"18574"	"сельская местность"	"3"	"Всего"	"1"	"Всего"	"1"	"Всего"	"1"	"15 352"
"Общая площадь введенных в эксплуатацию жилых зданий(Метр квадратный)"	"2019 год"	"201912"	"ОТРАРСКИЙ РАЙОН"	"18574"	"сельская местность"	"3"	"Всего"	"1"	"Всего"	"1"	"Всего"	"1"	"14 396"
"Общая площадь введенных в эксплуатацию жилых зданий(Метр квадратный)"	"2018 год"	"201812"	"ОТРАРСКИЙ РАЙОН"	"18574"	"сельская местность"	"3"	"Всего"	"1"	"Всего"	"1"	"Всего"	"1"	"11 568"
"Общая площадь введенных в эксплуатацию жилых зданий(Метр квадратный)"	"2021 год"	"202112"	"ОТРАРСКИЙ РАЙОН"	"18574"	"сельская местность"	"3"	"Всего"	"1"	"Всего"	"1"	"Всего"	"1"	"17 106"
"Общая площадь введенных в эксплуатацию жилых зданий(Метр квадратный)"	"2022 год"	"202212"	"ОТРАРСКИЙ РАЙОН"	"18574"	"сельская местность"	"3"	"Всего"	"1"	"Всего"	"1"	"Всего"	"1"	"18 657"
"Общая площадь введенных в эксплуатацию жилых зданий(Метр квадратный)"	"2020 год"	"202012"	"САЙРАМСКИЙ РАЙОН"	"18632"	"Всего"	"1"	"Всего"	"1"	"Всего"	"1"	"Всего"	"1"	"62 291"
"Общая площадь введенных в эксплуатацию жилых зданий(Метр квадратный)"	"2019 год"	"201912"	"САЙРАМСКИЙ РАЙОН"	"18632"	"Всего"	"1"	"Всего"	"1"	"Всего"	"1"	"Всего"	"1"	"54 460"
"Общая площадь введенных в эксплуатацию жилых зданий(Метр квадратный)"	"2018 год"	"201812"	"САЙРАМСКИЙ РАЙОН"	"18632"	"Всего"	"1"	"Всего"	"1"	"Всего"	"1"	"Всего"	"1"	"35 664"
"Общая площадь введенных в эксплуатацию жилых зданий(Метр квадратный)"	"2021 год"	"202112"	"САЙРАМСКИЙ РАЙОН"	"18632"	"Всего"	"1"	"Всего"	"1"	"Всего"	"1"	"Всего"	"1"	"73 465"
"Общая площадь введенных в эксплуатацию жилых зданий(Метр квадратный)"	"2022 год"	"202212"	"САЙРАМСКИЙ РАЙОН"	"18632"	"Всего"	"1"	"Всего"	"1"	"Всего"	"1"	"Всего"	"1"	"68 415"
"Общая площадь введенных в эксплуатацию жилых зданий(Метр квадратный)"	"2020 год"	"202012"	"САЙРАМСКИЙ РАЙОН"	"18632"	"сельская местность"	"3"	"Всего"	"1"	"Всего"	"1"	"Всего"	"1"	"62 291"
"Общая площадь введенных в эксплуатацию жилых зданий(Метр квадратный)"	"2019 год"	"201912"	"САЙРАМСКИЙ РАЙОН"	"18632"	"сельская местность"	"3"	"Всего"	"1"	"Всего"	"1"	"Всего"	"1"	"54 460"
"Общая площадь введенных в эксплуатацию жилых зданий(Метр квадратный)"	"2018 год"	"201812"	"САЙРАМСКИЙ РАЙОН"	"18632"	"сельская местность"	"3"	"Всего"	"1"	"Всего"	"1"	"Всего"	"1"	"35 664"
"Общая площадь введенных в эксплуатацию жилых зданий(Метр квадратный)"	"2021 год"	"202112"	"САЙРАМСКИЙ РАЙОН"	"18632"	"сельская местность"	"3"	"Всего"	"1"	"Всего"	"1"	"Всего"	"1"	"73 465"
"Общая площадь введенных в эксплуатацию жилых зданий(Метр квадратный)"	"2022 год"	"202212"	"САЙРАМСКИЙ РАЙОН"	"18632"	"сельская местность"	"3"	"Всего"	"1"	"Всего"	"1"	"Всего"	"1"	"68 415"
"Общая площадь введенных в эксплуатацию жилых зданий(Метр квадратный)"	"2020 год"	"202012"	"САРЫАГАШСКИЙ РАЙОН"	"18702"	"Всего"	"1"	"Всего"	"1"	"Всего"	"1"	"Всего"	"1"	"47 563"
"Общая площадь введенных в эксплуатацию жилых зданий(Метр квадратный)"	"2019 год"	"201912"	"САРЫАГАШСКИЙ РАЙОН"	"18702"	"Всего"	"1"	"Всего"	"1"	"Всего"	"1"	"Всего"	"1"	"74 241"
"Общая площадь введенных в эксплуатацию жилых зданий(Метр квадратный)"	"2018 год"	"201812"	"САРЫАГАШСКИЙ РАЙОН"	"18702"	"Всего"	"1"	"Всего"	"1"	"Всего"	"1"	"Всего"	"1"	"25 404"
"Общая площадь введенных в эксплуатацию жилых зданий(Метр квадратный)"	"2021 год"	"202112"	"САРЫАГАШСКИЙ РАЙОН"	"18702"	"Всего"	"1"	"Всего"	"1"	"Всего"	"1"	"Всего"	"1"	"51 319"
"Общая площадь введенных в эксплуатацию жилых зданий(Метр квадратный)"	"2022 год"	"202212"	"САРЫАГАШСКИЙ РАЙОН"	"18702"	"Всего"	"1"	"Всего"	"1"	"Всего"	"1"	"Всего"	"1"	"47 268"
"Общая площадь введенных в эксплуатацию жилых зданий(Метр квадратный)"	"2020 год"	"202012"	"САРЫАГАШСКИЙ РАЙОН"	"18702"	"городская местность"	"2"	"Всего"	"1"	"Всего"	"1"	"Всего"	"1"	"23 288"
"Общая площадь введенных в эксплуатацию жилых зданий(Метр квадратный)"	"2019 год"	"201912"	"САРЫАГАШСКИЙ РАЙОН"	"18702"	"городская местность"	"2"	"Всего"	"1"	"Всего"	"1"	"Всего"	"1"	"48 366"
"Общая площадь введенных в эксплуатацию жилых зданий(Метр квадратный)"	"2018 год"	"201812"	"САРЫАГАШСКИЙ РАЙОН"	"18702"	"городская местность"	"2"	"Всего"	"1"	"Всего"	"1"	"Всего"	"1"	"8 501"
"Общая площадь введенных в эксплуатацию жилых зданий(Метр квадратный)"	"2021 год"	"202112"	"САРЫАГАШСКИЙ РАЙОН"	"18702"	"городская местность"	"2"	"Всего"	"1"	"Всего"	"1"	"Всего"	"1"	"17 629"
"Общая площадь введенных в эксплуатацию жилых зданий(Метр квадратный)"	"2022 год"	"202212"	"САРЫАГАШСКИЙ РАЙОН"	"18702"	"городская местность"	"2"	"Всего"	"1"	"Всего"	"1"	"Всего"	"1"	"17 733"
"Общая площадь введенных в эксплуатацию жилых зданий(Метр квадратный)"	"2020 год"	"202012"	"САРЫАГАШСКИЙ РАЙОН"	"18702"	"сельская местность"	"3"	"Всего"	"1"	"Всего"	"1"	"Всего"	"1"	"24 275"
"Общая площадь введенных в эксплуатацию жилых зданий(Метр квадратный)"	"2019 год"	"201912"	"САРЫАГАШСКИЙ РАЙОН"	"18702"	"сельская местность"	"3"	"Всего"	"1"	"Всего"	"1"	"Всего"	"1"	"25 875"
"Общая площадь введенных в эксплуатацию жилых зданий(Метр квадратный)"	"2018 год"	"201812"	"САРЫАГАШСКИЙ РАЙОН"	"18702"	"сельская местность"	"3"	"Всего"	"1"	"Всего"	"1"	"Всего"	"1"	"16 903"
"Общая площадь введенных в эксплуатацию жилых зданий(Метр квадратный)"	"2021 год"	"202112"	"САРЫАГАШСКИЙ РАЙОН"	"18702"	"сельская местность"	"3"	"Всего"	"1"	"Всего"	"1"	"Всего"	"1"	"33 690"
"Общая площадь введенных в эксплуатацию жилых зданий(Метр квадратный)"	"2022 год"	"202212"	"САРЫАГАШСКИЙ РАЙОН"	"18702"	"сельская местность"	"3"	"Всего"	"1"	"Всего"	"1"	"Всего"	"1"	"29 535"
"Общая площадь введенных в эксплуатацию жилых зданий(Метр квадратный)"	"2020 год"	"202012"	"СУЗАКСКИЙ РАЙОН"	"18788"	"Всего"	"1"	"Всего"	"1"	"Всего"	"1"	"Всего"	"1"	"24 162"
"Общая площадь введенных в эксплуатацию жилых зданий(Метр квадратный)"	"2019 год"	"201912"	"СУЗАКСКИЙ РАЙОН"	"18788"	"Всего"	"1"	"Всего"	"1"	"Всего"	"1"	"Всего"	"1"	"23 355"
"Общая площадь введенных в эксплуатацию жилых зданий(Метр квадратный)"	"2018 год"	"201812"	"СУЗАКСКИЙ РАЙОН"	"18788"	"Всего"	"1"	"Всего"	"1"	"Всего"	"1"	"Всего"	"1"	"21 709"
"Общая площадь введенных в эксплуатацию жилых зданий(Метр квадратный)"	"2021 год"	"202112"	"СУЗАКСКИЙ РАЙОН"	"18788"	"Всего"	"1"	"Всего"	"1"	"Всего"	"1"	"Всего"	"1"	"24 490"
"Общая площадь введенных в эксплуатацию жилых зданий(Метр квадратный)"	"2022 год"	"202212"	"СУЗАКСКИЙ РАЙОН"	"18788"	"Всего"	"1"	"Всего"	"1"	"Всего"	"1"	"Всего"	"1"	"24 244"
"Общая площадь введенных в эксплуатацию жилых зданий(Метр квадратный)"	"2020 год"	"202012"	"СУЗАКСКИЙ РАЙОН"	"18788"	"сельская местность"	"3"	"Всего"	"1"	"Всего"	"1"	"Всего"	"1"	"24 162"
"Общая площадь введенных в эксплуатацию жилых зданий(Метр квадратный)"	"2019 год"	"201912"	"СУЗАКСКИЙ РАЙОН"	"18788"	"сельская местность"	"3"	"Всего"	"1"	"Всего"	"1"	"Всего"	"1"	"23 355"
"Общая площадь введенных в эксплуатацию жилых зданий(Метр квадратный)"	"2018 год"	"201812"	"СУЗАКСКИЙ РАЙОН"	"18788"	"сельская местность"	"3"	"Всего"	"1"	"Всего"	"1"	"Всего"	"1"	"21 709"
"Общая площадь введенных в эксплуатацию жилых зданий(Метр квадратный)"	"2021 год"	"202112"	"СУЗАКСКИЙ РАЙОН"	"18788"	"сельская местность"	"3"	"Всего"	"1"	"Всего"	"1"	"Всего"	"1"	"24 490"
"Общая площадь введенных в эксплуатацию жилых зданий(Метр квадратный)"	"2022 год"	"202212"	"СУЗАКСКИЙ РАЙОН"	"18788"	"сельская местность"	"3"	"Всего"	"1"	"Всего"	"1"	"Всего"	"1"	"24 244"
"Общая площадь введенных в эксплуатацию жилых зданий(Метр квадратный)"	"2020 год"	"202012"	"ТОЛЕБИЙСКИЙ РАЙОН"	"18839"	"Всего"	"1"	"Всего"	"1"	"Всего"	"1"	"Всего"	"1"	"21 485"
"Общая площадь введенных в эксплуатацию жилых зданий(Метр квадратный)"	"2019 год"	"201912"	"ТОЛЕБИЙСКИЙ РАЙОН"	"18839"	"Всего"	"1"	"Всего"	"1"	"Всего"	"1"	"Всего"	"1"	"20 051"
"Общая площадь введенных в эксплуатацию жилых зданий(Метр квадратный)"	"2018 год"	"201812"	"ТОЛЕБИЙСКИЙ РАЙОН"	"18839"	"Всего"	"1"	"Всего"	"1"	"Всего"	"1"	"Всего"	"1"	"19 753"
"Общая площадь введенных в эксплуатацию жилых зданий(Метр квадратный)"	"2021 год"	"202112"	"ТОЛЕБИЙСКИЙ РАЙОН"	"18839"	"Всего"	"1"	"Всего"	"1"	"Всего"	"1"	"Всего"	"1"	"32 958"
"Общая площадь введенных в эксплуатацию жилых зданий(Метр квадратный)"	"2022 год"	"202212"	"ТОЛЕБИЙСКИЙ РАЙОН"	"18839"	"Всего"	"1"	"Всего"	"1"	"Всего"	"1"	"Всего"	"1"	"34 419"
"Общая площадь введенных в эксплуатацию жилых зданий(Метр квадратный)"	"2020 год"	"202012"	"ТОЛЕБИЙСКИЙ РАЙОН"	"18839"	"городская местность"	"2"	"Всего"	"1"	"Всего"	"1"	"Всего"	"1"	"6 750"
"Общая площадь введенных в эксплуатацию жилых зданий(Метр квадратный)"	"2019 год"	"201912"	"ТОЛЕБИЙСКИЙ РАЙОН"	"18839"	"городская местность"	"2"	"Всего"	"1"	"Всего"	"1"	"Всего"	"1"	"5 461"
"Общая площадь введенных в эксплуатацию жилых зданий(Метр квадратный)"	"2018 год"	"201812"	"ТОЛЕБИЙСКИЙ РАЙОН"	"18839"	"городская местность"	"2"	"Всего"	"1"	"Всего"	"1"	"Всего"	"1"	"8 228"
"Общая площадь введенных в эксплуатацию жилых зданий(Метр квадратный)"	"2021 год"	"202112"	"ТОЛЕБИЙСКИЙ РАЙОН"	"18839"	"городская местность"	"2"	"Всего"	"1"	"Всего"	"1"	"Всего"	"1"	"11 721"
"Общая площадь введенных в эксплуатацию жилых зданий(Метр квадратный)"	"2022 год"	"202212"	"ТОЛЕБИЙСКИЙ РАЙОН"	"18839"	"городская местность"	"2"	"Всего"	"1"	"Всего"	"1"	"Всего"	"1"	"9 729"
"Общая площадь введенных в эксплуатацию жилых зданий(Метр квадратный)"	"2020 год"	"202012"	"ТОЛЕБИЙСКИЙ РАЙОН"	"18839"	"сельская местность"	"3"	"Всего"	"1"	"Всего"	"1"	"Всего"	"1"	"14 735"
"Общая площадь введенных в эксплуатацию жилых зданий(Метр квадратный)"	"2019 год"	"201912"	"ТОЛЕБИЙСКИЙ РАЙОН"	"18839"	"сельская местность"	"3"	"Всего"	"1"	"Всего"	"1"	"Всего"	"1"	"14 590"
"Общая площадь введенных в эксплуатацию жилых зданий(Метр квадратный)"	"2018 год"	"201812"	"ТОЛЕБИЙСКИЙ РАЙОН"	"18839"	"сельская местность"	"3"	"Всего"	"1"	"Всего"	"1"	"Всего"	"1"	"11 525"
"Общая площадь введенных в эксплуатацию жилых зданий(Метр квадратный)"	"2021 год"	"202112"	"ТОЛЕБИЙСКИЙ РАЙОН"	"18839"	"сельская местность"	"3"	"Всего"	"1"	"Всего"	"1"	"Всего"	"1"	"21 237"
"Общая площадь введенных в эксплуатацию жилых зданий(Метр квадратный)"	"2022 год"	"202212"	"ТОЛЕБИЙСКИЙ РАЙОН"	"18839"	"сельская местность"	"3"	"Всего"	"1"	"Всего"	"1"	"Всего"	"1"	"24 690"
"Общая площадь введенных в эксплуатацию жилых зданий(Метр квадратный)"	"2020 год"	"202012"	"ТЮЛЬКУБАССКИЙ РАЙОН"	"18907"	"Всего"	"1"	"Всего"	"1"	"Всего"	"1"	"Всего"	"1"	"23 374"
"Общая площадь введенных в эксплуатацию жилых зданий(Метр квадратный)"	"2019 год"	"201912"	"ТЮЛЬКУБАССКИЙ РАЙОН"	"18907"	"Всего"	"1"	"Всего"	"1"	"Всего"	"1"	"Всего"	"1"	"33 424"
"Общая площадь введенных в эксплуатацию жилых зданий(Метр квадратный)"	"2018 год"	"201812"	"ТЮЛЬКУБАССКИЙ РАЙОН"	"18907"	"Всего"	"1"	"Всего"	"1"	"Всего"	"1"	"Всего"	"1"	"29 892"
"Общая площадь введенных в эксплуатацию жилых зданий(Метр квадратный)"	"2021 год"	"202112"	"ТЮЛЬКУБАССКИЙ РАЙОН"	"18907"	"Всего"	"1"	"Всего"	"1"	"Всего"	"1"	"Всего"	"1"	"24 285"
"Общая площадь введенных в эксплуатацию жилых зданий(Метр квадратный)"	"2022 год"	"202212"	"ТЮЛЬКУБАССКИЙ РАЙОН"	"18907"	"Всего"	"1"	"Всего"	"1"	"Всего"	"1"	"Всего"	"1"	"27 387"
"Общая площадь введенных в эксплуатацию жилых зданий(Метр квадратный)"	"2020 год"	"202012"	"ТЮЛЬКУБАССКИЙ РАЙОН"	"18907"	"сельская местность"	"3"	"Всего"	"1"	"Всего"	"1"	"Всего"	"1"	"23 374"
"Общая площадь введенных в эксплуатацию жилых зданий(Метр квадратный)"	"2019 год"	"201912"	"ТЮЛЬКУБАССКИЙ РАЙОН"	"18907"	"сельская местность"	"3"	"Всего"	"1"	"Всего"	"1"	"Всего"	"1"	"33 424"
"Общая площадь введенных в эксплуатацию жилых зданий(Метр квадратный)"	"2018 год"	"201812"	"ТЮЛЬКУБАССКИЙ РАЙОН"	"18907"	"сельская местность"	"3"	"Всего"	"1"	"Всего"	"1"	"Всего"	"1"	"29 892"
"Общая площадь введенных в эксплуатацию жилых зданий(Метр квадратный)"	"2021 год"	"202112"	"ТЮЛЬКУБАССКИЙ РАЙОН"	"18907"	"сельская местность"	"3"	"Всего"	"1"	"Всего"	"1"	"Всего"	"1"	"24 285"
"Общая площадь введенных в эксплуатацию жилых зданий(Метр квадратный)"	"2022 год"	"202212"	"ТЮЛЬКУБАССКИЙ РАЙОН"	"18907"	"сельская местность"	"3"	"Всего"	"1"	"Всего"	"1"	"Всего"	"1"	"27 387"
"Общая площадь введенных в эксплуатацию жилых зданий(Метр квадратный)"	"2020 год"	"202012"	"ШАРДАРИНСКИЙ РАЙОН"	"18991"	"Всего"	"1"	"Всего"	"1"	"Всего"	"1"	"Всего"	"1"	"19 333"
"Общая площадь введенных в эксплуатацию жилых зданий(Метр квадратный)"	"2019 год"	"201912"	"ШАРДАРИНСКИЙ РАЙОН"	"18991"	"Всего"	"1"	"Всего"	"1"	"Всего"	"1"	"Всего"	"1"	"13 888"
"Общая площадь введенных в эксплуатацию жилых зданий(Метр квадратный)"	"2018 год"	"201812"	"ШАРДАРИНСКИЙ РАЙОН"	"18991"	"Всего"	"1"	"Всего"	"1"	"Всего"	"1"	"Всего"	"1"	"9 127"
"Общая площадь введенных в эксплуатацию жилых зданий(Метр квадратный)"	"2021 год"	"202112"	"ШАРДАРИНСКИЙ РАЙОН"	"18991"	"Всего"	"1"	"Всего"	"1"	"Всего"	"1"	"Всего"	"1"	"20 221"
"Общая площадь введенных в эксплуатацию жилых зданий(Метр квадратный)"	"2022 год"	"202212"	"ШАРДАРИНСКИЙ РАЙОН"	"18991"	"Всего"	"1"	"Всего"	"1"	"Всего"	"1"	"Всего"	"1"	"20 525"
"Общая площадь введенных в эксплуатацию жилых зданий(Метр квадратный)"	"2020 год"	"202012"	"ШАРДАРИНСКИЙ РАЙОН"	"18991"	"городская местность"	"2"	"Всего"	"1"	"Всего"	"1"	"Всего"	"1"	"16 822"
"Общая площадь введенных в эксплуатацию жилых зданий(Метр квадратный)"	"2019 год"	"201912"	"ШАРДАРИНСКИЙ РАЙОН"	"18991"	"городская местность"	"2"	"Всего"	"1"	"Всего"	"1"	"Всего"	"1"	"9 576"
"Общая площадь введенных в эксплуатацию жилых зданий(Метр квадратный)"	"2018 год"	"201812"	"ШАРДАРИНСКИЙ РАЙОН"	"18991"	"городская местность"	"2"	"Всего"	"1"	"Всего"	"1"	"Всего"	"1"	"6 592"
"Общая площадь введенных в эксплуатацию жилых зданий(Метр квадратный)"	"2021 год"	"202112"	"ШАРДАРИНСКИЙ РАЙОН"	"18991"	"городская местность"	"2"	"Всего"	"1"	"Всего"	"1"	"Всего"	"1"	"12 310"
"Общая площадь введенных в эксплуатацию жилых зданий(Метр квадратный)"	"2022 год"	"202212"	"ШАРДАРИНСКИЙ РАЙОН"	"18991"	"городская местность"	"2"	"Всего"	"1"	"Всего"	"1"	"Всего"	"1"	"16 012"
"Общая площадь введенных в эксплуатацию жилых зданий(Метр квадратный)"	"2020 год"	"202012"	"ШАРДАРИНСКИЙ РАЙОН"	"18991"	"сельская местность"	"3"	"Всего"	"1"	"Всего"	"1"	"Всего"	"1"	"2 511"
"Общая площадь введенных в эксплуатацию жилых зданий(Метр квадратный)"	"2019 год"	"201912"	"ШАРДАРИНСКИЙ РАЙОН"	"18991"	"сельская местность"	"3"	"Всего"	"1"	"Всего"	"1"	"Всего"	"1"	"4 312"
"Общая площадь введенных в эксплуатацию жилых зданий(Метр квадратный)"	"2018 год"	"201812"	"ШАРДАРИНСКИЙ РАЙОН"	"18991"	"сельская местность"	"3"	"Всего"	"1"	"Всего"	"1"	"Всего"	"1"	"2 535"
"Общая площадь введенных в эксплуатацию жилых зданий(Метр квадратный)"	"2021 год"	"202112"	"ШАРДАРИНСКИЙ РАЙОН"	"18991"	"сельская местность"	"3"	"Всего"	"1"	"Всего"	"1"	"Всего"	"1"	"7 911"
"Общая площадь введенных в эксплуатацию жилых зданий(Метр квадратный)"	"2022 год"	"202212"	"ШАРДАРИНСКИЙ РАЙОН"	"18991"	"сельская местность"	"3"	"Всего"	"1"	"Всего"	"1"	"Всего"	"1"	"4 513"
"Общая площадь введенных в эксплуатацию жилых зданий(Метр квадратный)"	"2022 год"	"202212"	"ОБЛАСТЬ ҰЛЫТАУ"	"19048"	"Всего"	"1"	"Всего"	"1"	"Всего"	"1"	"Всего"	"1"	"62 879"
"Общая площадь введенных в эксплуатацию жилых зданий(Метр квадратный)"	"2022 год"	"202212"	"ОБЛАСТЬ ҰЛЫТАУ"	"19048"	"городская местность"	"2"	"Всего"	"1"	"Всего"	"1"	"Всего"	"1"	"47 532"
"Общая площадь введенных в эксплуатацию жилых зданий(Метр квадратный)"	"2022 год"	"202212"	"ОБЛАСТЬ ҰЛЫТАУ"	"19048"	"сельская местность"	"3"	"Всего"	"1"	"Всего"	"1"	"Всего"	"1"	"15 347"
"Общая площадь введенных в эксплуатацию жилых зданий(Метр квадратный)"	"2016 год"	"201612"	"ВОСТОЧНО-КАЗАХСТАНСКАЯ ОБЛАСТЬ"	"19049"	"Всего"	"1"	"Всего"	"1"	"Всего"	"1"	"Всего"	"1"	"340 081"
"Общая площадь введенных в эксплуатацию жилых зданий(Метр квадратный)"	"2020 год"	"202012"	"ВОСТОЧНО-КАЗАХСТАНСКАЯ ОБЛАСТЬ"	"19049"	"Всего"	"1"	"Всего"	"1"	"Всего"	"1"	"Всего"	"1"	"519 805"
"Общая площадь введенных в эксплуатацию жилых зданий(Метр квадратный)"	"2014 год"	"201412"	"ВОСТОЧНО-КАЗАХСТАНСКАЯ ОБЛАСТЬ"	"19049"	"Всего"	"1"	"Всего"	"1"	"Всего"	"1"	"Всего"	"1"	"313 481"
"Общая площадь введенных в эксплуатацию жилых зданий(Метр квадратный)"	"2019 год"	"201912"	"ВОСТОЧНО-КАЗАХСТАНСКАЯ ОБЛАСТЬ"	"19049"	"Всего"	"1"	"Всего"	"1"	"Всего"	"1"	"Всего"	"1"	"442 707"
"Общая площадь введенных в эксплуатацию жилых зданий(Метр квадратный)"	"2015 год"	"201512"	"ВОСТОЧНО-КАЗАХСТАНСКАЯ ОБЛАСТЬ"	"19049"	"Всего"	"1"	"Всего"	"1"	"Всего"	"1"	"Всего"	"1"	"318 064"
"Общая площадь введенных в эксплуатацию жилых зданий(Метр квадратный)"	"2017 год"	"201712"	"ВОСТОЧНО-КАЗАХСТАНСКАЯ ОБЛАСТЬ"	"19049"	"Всего"	"1"	"Всего"	"1"	"Всего"	"1"	"Всего"	"1"	"380 049"
"Общая площадь введенных в эксплуатацию жилых зданий(Метр квадратный)"	"2018 год"	"201812"	"ВОСТОЧНО-КАЗАХСТАНСКАЯ ОБЛАСТЬ"	"19049"	"Всего"	"1"	"Всего"	"1"	"Всего"	"1"	"Всего"	"1"	"410 534"
"Общая площадь введенных в эксплуатацию жилых зданий(Метр квадратный)"	"2021 год"	"202112"	"ВОСТОЧНО-КАЗАХСТАНСКАЯ ОБЛАСТЬ"	"19049"	"Всего"	"1"	"Всего"	"1"	"Всего"	"1"	"Всего"	"1"	"602 806"
"Общая площадь введенных в эксплуатацию жилых зданий(Метр квадратный)"	"2022 год"	"202212"	"ВОСТОЧНО-КАЗАХСТАНСКАЯ ОБЛАСТЬ"	"19049"	"Всего"	"1"	"Всего"	"1"	"Всего"	"1"	"Всего"	"1"	"320 520"
"Общая площадь введенных в эксплуатацию жилых зданий(Метр квадратный)"	"2016 год"	"201612"	"ВОСТОЧНО-КАЗАХСТАНСКАЯ ОБЛАСТЬ"	"19049"	"городская местность"	"2"	"Всего"	"1"	"Всего"	"1"	"Всего"	"1"	"278 768"
"Общая площадь введенных в эксплуатацию жилых зданий(Метр квадратный)"	"2020 год"	"202012"	"ВОСТОЧНО-КАЗАХСТАНСКАЯ ОБЛАСТЬ"	"19049"	"городская местность"	"2"	"Всего"	"1"	"Всего"	"1"	"Всего"	"1"	"403 064"
"Общая площадь введенных в эксплуатацию жилых зданий(Метр квадратный)"	"2014 год"	"201412"	"ВОСТОЧНО-КАЗАХСТАНСКАЯ ОБЛАСТЬ"	"19049"	"городская местность"	"2"	"Всего"	"1"	"Всего"	"1"	"Всего"	"1"	"245 654"
"Общая площадь введенных в эксплуатацию жилых зданий(Метр квадратный)"	"2019 год"	"201912"	"ВОСТОЧНО-КАЗАХСТАНСКАЯ ОБЛАСТЬ"	"19049"	"городская местность"	"2"	"Всего"	"1"	"Всего"	"1"	"Всего"	"1"	"378 639"
"Общая площадь введенных в эксплуатацию жилых зданий(Метр квадратный)"	"2015 год"	"201512"	"ВОСТОЧНО-КАЗАХСТАНСКАЯ ОБЛАСТЬ"	"19049"	"городская местность"	"2"	"Всего"	"1"	"Всего"	"1"	"Всего"	"1"	"247 859"
"Общая площадь введенных в эксплуатацию жилых зданий(Метр квадратный)"	"2017 год"	"201712"	"ВОСТОЧНО-КАЗАХСТАНСКАЯ ОБЛАСТЬ"	"19049"	"городская местность"	"2"	"Всего"	"1"	"Всего"	"1"	"Всего"	"1"	"328 090"
"Общая площадь введенных в эксплуатацию жилых зданий(Метр квадратный)"	"2018 год"	"201812"	"ВОСТОЧНО-КАЗАХСТАНСКАЯ ОБЛАСТЬ"	"19049"	"городская местность"	"2"	"Всего"	"1"	"Всего"	"1"	"Всего"	"1"	"365 160"
"Общая площадь введенных в эксплуатацию жилых зданий(Метр квадратный)"	"2021 год"	"202112"	"ВОСТОЧНО-КАЗАХСТАНСКАЯ ОБЛАСТЬ"	"19049"	"городская местность"	"2"	"Всего"	"1"	"Всего"	"1"	"Всего"	"1"	"453 108"
"Общая площадь введенных в эксплуатацию жилых зданий(Метр квадратный)"	"2022 год"	"202212"	"ВОСТОЧНО-КАЗАХСТАНСКАЯ ОБЛАСТЬ"	"19049"	"городская местность"	"2"	"Всего"	"1"	"Всего"	"1"	"Всего"	"1"	"278 453"
"Общая площадь введенных в эксплуатацию жилых зданий(Метр квадратный)"	"2016 год"	"201612"	"ВОСТОЧНО-КАЗАХСТАНСКАЯ ОБЛАСТЬ"	"19049"	"сельская местность"	"3"	"Всего"	"1"	"Всего"	"1"	"Всего"	"1"	"61 313"
"Общая площадь введенных в эксплуатацию жилых зданий(Метр квадратный)"	"2020 год"	"202012"	"ВОСТОЧНО-КАЗАХСТАНСКАЯ ОБЛАСТЬ"	"19049"	"сельская местность"	"3"	"Всего"	"1"	"Всего"	"1"	"Всего"	"1"	"116 741"
"Общая площадь введенных в эксплуатацию жилых зданий(Метр квадратный)"	"2014 год"	"201412"	"ВОСТОЧНО-КАЗАХСТАНСКАЯ ОБЛАСТЬ"	"19049"	"сельская местность"	"3"	"Всего"	"1"	"Всего"	"1"	"Всего"	"1"	"67 827"
"Общая площадь введенных в эксплуатацию жилых зданий(Метр квадратный)"	"2019 год"	"201912"	"ВОСТОЧНО-КАЗАХСТАНСКАЯ ОБЛАСТЬ"	"19049"	"сельская местность"	"3"	"Всего"	"1"	"Всего"	"1"	"Всего"	"1"	"64 068"
"Общая площадь введенных в эксплуатацию жилых зданий(Метр квадратный)"	"2015 год"	"201512"	"ВОСТОЧНО-КАЗАХСТАНСКАЯ ОБЛАСТЬ"	"19049"	"сельская местность"	"3"	"Всего"	"1"	"Всего"	"1"	"Всего"	"1"	"70 205"
"Общая площадь введенных в эксплуатацию жилых зданий(Метр квадратный)"	"2017 год"	"201712"	"ВОСТОЧНО-КАЗАХСТАНСКАЯ ОБЛАСТЬ"	"19049"	"сельская местность"	"3"	"Всего"	"1"	"Всего"	"1"	"Всего"	"1"	"51 959"
"Общая площадь введенных в эксплуатацию жилых зданий(Метр квадратный)"	"2018 год"	"201812"	"ВОСТОЧНО-КАЗАХСТАНСКАЯ ОБЛАСТЬ"	"19049"	"сельская местность"	"3"	"Всего"	"1"	"Всего"	"1"	"Всего"	"1"	"45 374"
"Общая площадь введенных в эксплуатацию жилых зданий(Метр квадратный)"	"2021 год"	"202112"	"ВОСТОЧНО-КАЗАХСТАНСКАЯ ОБЛАСТЬ"	"19049"	"сельская местность"	"3"	"Всего"	"1"	"Всего"	"1"	"Всего"	"1"	"149 698"
"Общая площадь введенных в эксплуатацию жилых зданий(Метр квадратный)"	"2022 год"	"202212"	"ВОСТОЧНО-КАЗАХСТАНСКАЯ ОБЛАСТЬ"	"19049"	"сельская местность"	"3"	"Всего"	"1"	"Всего"	"1"	"Всего"	"1"	"42 067"
"Общая площадь введенных в эксплуатацию жилых зданий(Метр квадратный)"	"2016 год"	"201612"	"УСТЬ-КАМЕНОГОРСК Г.А."	"19050"	"Всего"	"1"	"Всего"	"1"	"Всего"	"1"	"Всего"	"1"	"181 855"
"Общая площадь введенных в эксплуатацию жилых зданий(Метр квадратный)"	"2020 год"	"202012"	"УСТЬ-КАМЕНОГОРСК Г.А."	"19050"	"Всего"	"1"	"Всего"	"1"	"Всего"	"1"	"Всего"	"1"	"162 886"
"Общая площадь введенных в эксплуатацию жилых зданий(Метр квадратный)"	"2014 год"	"201412"	"УСТЬ-КАМЕНОГОРСК Г.А."	"19050"	"Всего"	"1"	"Всего"	"1"	"Всего"	"1"	"Всего"	"1"	"102 340"
"Общая площадь введенных в эксплуатацию жилых зданий(Метр квадратный)"	"2019 год"	"201912"	"УСТЬ-КАМЕНОГОРСК Г.А."	"19050"	"Всего"	"1"	"Всего"	"1"	"Всего"	"1"	"Всего"	"1"	"233 254"
"Общая площадь введенных в эксплуатацию жилых зданий(Метр квадратный)"	"2015 год"	"201512"	"УСТЬ-КАМЕНОГОРСК Г.А."	"19050"	"Всего"	"1"	"Всего"	"1"	"Всего"	"1"	"Всего"	"1"	"140 909"
"Общая площадь введенных в эксплуатацию жилых зданий(Метр квадратный)"	"2017 год"	"201712"	"УСТЬ-КАМЕНОГОРСК Г.А."	"19050"	"Всего"	"1"	"Всего"	"1"	"Всего"	"1"	"Всего"	"1"	"202 134"
"Общая площадь введенных в эксплуатацию жилых зданий(Метр квадратный)"	"2018 год"	"201812"	"УСТЬ-КАМЕНОГОРСК Г.А."	"19050"	"Всего"	"1"	"Всего"	"1"	"Всего"	"1"	"Всего"	"1"	"220 426"
"Общая площадь введенных в эксплуатацию жилых зданий(Метр квадратный)"	"2021 год"	"202112"	"УСТЬ-КАМЕНОГОРСК Г.А."	"19050"	"Всего"	"1"	"Всего"	"1"	"Всего"	"1"	"Всего"	"1"	"205 129"
"Общая площадь введенных в эксплуатацию жилых зданий(Метр квадратный)"	"2022 год"	"202212"	"УСТЬ-КАМЕНОГОРСК Г.А."	"19050"	"Всего"	"1"	"Всего"	"1"	"Всего"	"1"	"Всего"	"1"	"245 831"
"Общая площадь введенных в эксплуатацию жилых зданий(Метр квадратный)"	"2016 год"	"201612"	"УСТЬ-КАМЕНОГОРСК Г.А."	"19050"	"городская местность"	"2"	"Всего"	"1"	"Всего"	"1"	"Всего"	"1"	"181 855"
"Общая площадь введенных в эксплуатацию жилых зданий(Метр квадратный)"	"2020 год"	"202012"	"УСТЬ-КАМЕНОГОРСК Г.А."	"19050"	"городская местность"	"2"	"Всего"	"1"	"Всего"	"1"	"Всего"	"1"	"162 886"
"Общая площадь введенных в эксплуатацию жилых зданий(Метр квадратный)"	"2014 год"	"201412"	"УСТЬ-КАМЕНОГОРСК Г.А."	"19050"	"городская местность"	"2"	"Всего"	"1"	"Всего"	"1"	"Всего"	"1"	"94 699"
"Общая площадь введенных в эксплуатацию жилых зданий(Метр квадратный)"	"2019 год"	"201912"	"УСТЬ-КАМЕНОГОРСК Г.А."	"19050"	"городская местность"	"2"	"Всего"	"1"	"Всего"	"1"	"Всего"	"1"	"233 254"
"Общая площадь введенных в эксплуатацию жилых зданий(Метр квадратный)"	"2015 год"	"201512"	"УСТЬ-КАМЕНОГОРСК Г.А."	"19050"	"городская местность"	"2"	"Всего"	"1"	"Всего"	"1"	"Всего"	"1"	"140 909"
"Общая площадь введенных в эксплуатацию жилых зданий(Метр квадратный)"	"2017 год"	"201712"	"УСТЬ-КАМЕНОГОРСК Г.А."	"19050"	"городская местность"	"2"	"Всего"	"1"	"Всего"	"1"	"Всего"	"1"	"202 001"
"Общая площадь введенных в эксплуатацию жилых зданий(Метр квадратный)"	"2018 год"	"201812"	"УСТЬ-КАМЕНОГОРСК Г.А."	"19050"	"городская местность"	"2"	"Всего"	"1"	"Всего"	"1"	"Всего"	"1"	"220 426"
"Общая площадь введенных в эксплуатацию жилых зданий(Метр квадратный)"	"2021 год"	"202112"	"УСТЬ-КАМЕНОГОРСК Г.А."	"19050"	"городская местность"	"2"	"Всего"	"1"	"Всего"	"1"	"Всего"	"1"	"205 129"
"Общая площадь введенных в эксплуатацию жилых зданий(Метр квадратный)"	"2022 год"	"202212"	"УСТЬ-КАМЕНОГОРСК Г.А."	"19050"	"городская местность"	"2"	"Всего"	"1"	"Всего"	"1"	"Всего"	"1"	"245 831"
"Общая площадь введенных в эксплуатацию жилых зданий(Метр квадратный)"	"2014 год"	"201412"	"УСТЬ-КАМЕНОГОРСК Г.А."	"19050"	"сельская местность"	"3"	"Всего"	"1"	"Всего"	"1"	"Всего"	"1"	"7 641"
"Общая площадь введенных в эксплуатацию жилых зданий(Метр квадратный)"	"2017 год"	"201712"	"УСТЬ-КАМЕНОГОРСК Г.А."	"19050"	"сельская местность"	"3"	"Всего"	"1"	"Всего"	"1"	"Всего"	"1"	"133"
"Общая площадь введенных в эксплуатацию жилых зданий(Метр квадратный)"	"2016 год"	"201612"	"КУРЧАТОВ Г.А."	"19060"	"Всего"	"1"	"Всего"	"1"	"Всего"	"1"	"Всего"	"1"	"3 601"
"Общая площадь введенных в эксплуатацию жилых зданий(Метр квадратный)"	"2014 год"	"201412"	"КУРЧАТОВ Г.А."	"19060"	"Всего"	"1"	"Всего"	"1"	"Всего"	"1"	"Всего"	"1"	"3 936"
"Общая площадь введенных в эксплуатацию жилых зданий(Метр квадратный)"	"2015 год"	"201512"	"КУРЧАТОВ Г.А."	"19060"	"Всего"	"1"	"Всего"	"1"	"Всего"	"1"	"Всего"	"1"	"75"
"Общая площадь введенных в эксплуатацию жилых зданий(Метр квадратный)"	"2018 год"	"201812"	"КУРЧАТОВ Г.А."	"19060"	"Всего"	"1"	"Всего"	"1"	"Всего"	"1"	"Всего"	"1"	"375"
"Общая площадь введенных в эксплуатацию жилых зданий(Метр квадратный)"	"2021 год"	"202112"	"КУРЧАТОВ Г.А."	"19060"	"Всего"	"1"	"Всего"	"1"	"Всего"	"1"	"Всего"	"1"	"114"
"Общая площадь введенных в эксплуатацию жилых зданий(Метр квадратный)"	"2022 год"	"202212"	"КУРЧАТОВ Г.А."	"19060"	"Всего"	"1"	"Всего"	"1"	"Всего"	"1"	"Всего"	"1"	"3 503"
"Общая площадь введенных в эксплуатацию жилых зданий(Метр квадратный)"	"2016 год"	"201612"	"КУРЧАТОВ Г.А."	"19060"	"городская местность"	"2"	"Всего"	"1"	"Всего"	"1"	"Всего"	"1"	"3 601"
"Общая площадь введенных в эксплуатацию жилых зданий(Метр квадратный)"	"2014 год"	"201412"	"КУРЧАТОВ Г.А."	"19060"	"городская местность"	"2"	"Всего"	"1"	"Всего"	"1"	"Всего"	"1"	"3 936"
"Общая площадь введенных в эксплуатацию жилых зданий(Метр квадратный)"	"2015 год"	"201512"	"КУРЧАТОВ Г.А."	"19060"	"городская местность"	"2"	"Всего"	"1"	"Всего"	"1"	"Всего"	"1"	"75"
"Общая площадь введенных в эксплуатацию жилых зданий(Метр квадратный)"	"2018 год"	"201812"	"КУРЧАТОВ Г.А."	"19060"	"городская местность"	"2"	"Всего"	"1"	"Всего"	"1"	"Всего"	"1"	"375"
"Общая площадь введенных в эксплуатацию жилых зданий(Метр квадратный)"	"2021 год"	"202112"	"КУРЧАТОВ Г.А."	"19060"	"городская местность"	"2"	"Всего"	"1"	"Всего"	"1"	"Всего"	"1"	"114"
"Общая площадь введенных в эксплуатацию жилых зданий(Метр квадратный)"	"2022 год"	"202212"	"КУРЧАТОВ Г.А."	"19060"	"городская местность"	"2"	"Всего"	"1"	"Всего"	"1"	"Всего"	"1"	"3 503"
"Общая площадь введенных в эксплуатацию жилых зданий(Метр квадратный)"	"2016 год"	"201612"	"РИДДЕР Г.А."	"19063"	"Всего"	"1"	"Всего"	"1"	"Всего"	"1"	"Всего"	"1"	"1 718"
"Общая площадь введенных в эксплуатацию жилых зданий(Метр квадратный)"	"2020 год"	"202012"	"РИДДЕР Г.А."	"19063"	"Всего"	"1"	"Всего"	"1"	"Всего"	"1"	"Всего"	"1"	"4 501"
"Общая площадь введенных в эксплуатацию жилых зданий(Метр квадратный)"	"2014 год"	"201412"	"РИДДЕР Г.А."	"19063"	"Всего"	"1"	"Всего"	"1"	"Всего"	"1"	"Всего"	"1"	"19 232"
"Общая площадь введенных в эксплуатацию жилых зданий(Метр квадратный)"	"2019 год"	"201912"	"РИДДЕР Г.А."	"19063"	"Всего"	"1"	"Всего"	"1"	"Всего"	"1"	"Всего"	"1"	"3 590"
"Общая площадь введенных в эксплуатацию жилых зданий(Метр квадратный)"	"2015 год"	"201512"	"РИДДЕР Г.А."	"19063"	"Всего"	"1"	"Всего"	"1"	"Всего"	"1"	"Всего"	"1"	"13 510"
"Общая площадь введенных в эксплуатацию жилых зданий(Метр квадратный)"	"2017 год"	"201712"	"РИДДЕР Г.А."	"19063"	"Всего"	"1"	"Всего"	"1"	"Всего"	"1"	"Всего"	"1"	"8 045"
"Общая площадь введенных в эксплуатацию жилых зданий(Метр квадратный)"	"2018 год"	"201812"	"РИДДЕР Г.А."	"19063"	"Всего"	"1"	"Всего"	"1"	"Всего"	"1"	"Всего"	"1"	"11 097"
"Общая площадь введенных в эксплуатацию жилых зданий(Метр квадратный)"	"2021 год"	"202112"	"РИДДЕР Г.А."	"19063"	"Всего"	"1"	"Всего"	"1"	"Всего"	"1"	"Всего"	"1"	"6 717"
"Общая площадь введенных в эксплуатацию жилых зданий(Метр квадратный)"	"2022 год"	"202212"	"РИДДЕР Г.А."	"19063"	"Всего"	"1"	"Всего"	"1"	"Всего"	"1"	"Всего"	"1"	"6 754"
"Общая площадь введенных в эксплуатацию жилых зданий(Метр квадратный)"	"2016 год"	"201612"	"РИДДЕР Г.А."	"19063"	"городская местность"	"2"	"Всего"	"1"	"Всего"	"1"	"Всего"	"1"	"1 718"
"Общая площадь введенных в эксплуатацию жилых зданий(Метр квадратный)"	"2020 год"	"202012"	"РИДДЕР Г.А."	"19063"	"городская местность"	"2"	"Всего"	"1"	"Всего"	"1"	"Всего"	"1"	"3 774"
"Общая площадь введенных в эксплуатацию жилых зданий(Метр квадратный)"	"2014 год"	"201412"	"РИДДЕР Г.А."	"19063"	"городская местность"	"2"	"Всего"	"1"	"Всего"	"1"	"Всего"	"1"	"19 181"
"Общая площадь введенных в эксплуатацию жилых зданий(Метр квадратный)"	"2019 год"	"201912"	"РИДДЕР Г.А."	"19063"	"городская местность"	"2"	"Всего"	"1"	"Всего"	"1"	"Всего"	"1"	"3 320"
"Общая площадь введенных в эксплуатацию жилых зданий(Метр квадратный)"	"2015 год"	"201512"	"РИДДЕР Г.А."	"19063"	"городская местность"	"2"	"Всего"	"1"	"Всего"	"1"	"Всего"	"1"	"13 404"
"Общая площадь введенных в эксплуатацию жилых зданий(Метр квадратный)"	"2017 год"	"201712"	"РИДДЕР Г.А."	"19063"	"городская местность"	"2"	"Всего"	"1"	"Всего"	"1"	"Всего"	"1"	"8 045"
"Общая площадь введенных в эксплуатацию жилых зданий(Метр квадратный)"	"2018 год"	"201812"	"РИДДЕР Г.А."	"19063"	"городская местность"	"2"	"Всего"	"1"	"Всего"	"1"	"Всего"	"1"	"11 097"
"Общая площадь введенных в эксплуатацию жилых зданий(Метр квадратный)"	"2021 год"	"202112"	"РИДДЕР Г.А."	"19063"	"городская местность"	"2"	"Всего"	"1"	"Всего"	"1"	"Всего"	"1"	"6 490"
"Общая площадь введенных в эксплуатацию жилых зданий(Метр квадратный)"	"2022 год"	"202212"	"РИДДЕР Г.А."	"19063"	"городская местность"	"2"	"Всего"	"1"	"Всего"	"1"	"Всего"	"1"	"6 754"
"Общая площадь введенных в эксплуатацию жилых зданий(Метр квадратный)"	"2020 год"	"202012"	"РИДДЕР Г.А."	"19063"	"сельская местность"	"3"	"Всего"	"1"	"Всего"	"1"	"Всего"	"1"	"727"
"Общая площадь введенных в эксплуатацию жилых зданий(Метр квадратный)"	"2014 год"	"201412"	"РИДДЕР Г.А."	"19063"	"сельская местность"	"3"	"Всего"	"1"	"Всего"	"1"	"Всего"	"1"	"51"
"Общая площадь введенных в эксплуатацию жилых зданий(Метр квадратный)"	"2019 год"	"201912"	"РИДДЕР Г.А."	"19063"	"сельская местность"	"3"	"Всего"	"1"	"Всего"	"1"	"Всего"	"1"	"270"
"Общая площадь введенных в эксплуатацию жилых зданий(Метр квадратный)"	"2015 год"	"201512"	"РИДДЕР Г.А."	"19063"	"сельская местность"	"3"	"Всего"	"1"	"Всего"	"1"	"Всего"	"1"	"106"
"Общая площадь введенных в эксплуатацию жилых зданий(Метр квадратный)"	"2021 год"	"202112"	"РИДДЕР Г.А."	"19063"	"сельская местность"	"3"	"Всего"	"1"	"Всего"	"1"	"Всего"	"1"	"227"
"Общая площадь введенных в эксплуатацию жилых зданий(Метр квадратный)"	"2016 год"	"201612"	"СЕМЕЙ Г.А."	"19122"	"Всего"	"1"	"Всего"	"1"	"Всего"	"1"	"Всего"	"1"	"82 960"
"Общая площадь введенных в эксплуатацию жилых зданий(Метр квадратный)"	"2020 год"	"202012"	"СЕМЕЙ Г.А."	"19122"	"Всего"	"1"	"Всего"	"1"	"Всего"	"1"	"Всего"	"1"	"198 608"
"Общая площадь введенных в эксплуатацию жилых зданий(Метр квадратный)"	"2014 год"	"201412"	"СЕМЕЙ Г.А."	"19122"	"Всего"	"1"	"Всего"	"1"	"Всего"	"1"	"Всего"	"1"	"107 503"
"Общая площадь введенных в эксплуатацию жилых зданий(Метр квадратный)"	"2019 год"	"201912"	"СЕМЕЙ Г.А."	"19122"	"Всего"	"1"	"Всего"	"1"	"Всего"	"1"	"Всего"	"1"	"118 790"
"Общая площадь введенных в эксплуатацию жилых зданий(Метр квадратный)"	"2015 год"	"201512"	"СЕМЕЙ Г.А."	"19122"	"Всего"	"1"	"Всего"	"1"	"Всего"	"1"	"Всего"	"1"	"80 394"
"Общая площадь введенных в эксплуатацию жилых зданий(Метр квадратный)"	"2017 год"	"201712"	"СЕМЕЙ Г.А."	"19122"	"Всего"	"1"	"Всего"	"1"	"Всего"	"1"	"Всего"	"1"	"92 434"
"Общая площадь введенных в эксплуатацию жилых зданий(Метр квадратный)"	"2018 год"	"201812"	"СЕМЕЙ Г.А."	"19122"	"Всего"	"1"	"Всего"	"1"	"Всего"	"1"	"Всего"	"1"	"107 376"
"Общая площадь введенных в эксплуатацию жилых зданий(Метр квадратный)"	"2021 год"	"202112"	"СЕМЕЙ Г.А."	"19122"	"Всего"	"1"	"Всего"	"1"	"Всего"	"1"	"Всего"	"1"	"202 223"
"Общая площадь введенных в эксплуатацию жилых зданий(Метр квадратный)"	"2022 год"	"202212"	"СЕМЕЙ Г.А."	"19122"	"Всего"	"1"	"Всего"	"1"	"Всего"	"1"	"Всего"	"1"	"262 723"
"Общая площадь введенных в эксплуатацию жилых зданий(Метр квадратный)"	"2016 год"	"201612"	"СЕМЕЙ Г.А."	"19122"	"городская местность"	"2"	"Всего"	"1"	"Всего"	"1"	"Всего"	"1"	"82 960"
"Общая площадь введенных в эксплуатацию жилых зданий(Метр квадратный)"	"2020 год"	"202012"	"СЕМЕЙ Г.А."	"19122"	"городская местность"	"2"	"Всего"	"1"	"Всего"	"1"	"Всего"	"1"	"198 428"
"Общая площадь введенных в эксплуатацию жилых зданий(Метр квадратный)"	"2014 год"	"201412"	"СЕМЕЙ Г.А."	"19122"	"городская местность"	"2"	"Всего"	"1"	"Всего"	"1"	"Всего"	"1"	"107 226"
"Общая площадь введенных в эксплуатацию жилых зданий(Метр квадратный)"	"2019 год"	"201912"	"СЕМЕЙ Г.А."	"19122"	"городская местность"	"2"	"Всего"	"1"	"Всего"	"1"	"Всего"	"1"	"118 332"
"Общая площадь введенных в эксплуатацию жилых зданий(Метр квадратный)"	"2015 год"	"201512"	"СЕМЕЙ Г.А."	"19122"	"городская местность"	"2"	"Всего"	"1"	"Всего"	"1"	"Всего"	"1"	"80 394"
"Общая площадь введенных в эксплуатацию жилых зданий(Метр квадратный)"	"2017 год"	"201712"	"СЕМЕЙ Г.А."	"19122"	"городская местность"	"2"	"Всего"	"1"	"Всего"	"1"	"Всего"	"1"	"90 741"
"Общая площадь введенных в эксплуатацию жилых зданий(Метр квадратный)"	"2018 год"	"201812"	"СЕМЕЙ Г.А."	"19122"	"городская местность"	"2"	"Всего"	"1"	"Всего"	"1"	"Всего"	"1"	"107 154"
"Общая площадь введенных в эксплуатацию жилых зданий(Метр квадратный)"	"2021 год"	"202112"	"СЕМЕЙ Г.А."	"19122"	"городская местность"	"2"	"Всего"	"1"	"Всего"	"1"	"Всего"	"1"	"198 530"
"Общая площадь введенных в эксплуатацию жилых зданий(Метр квадратный)"	"2022 год"	"202212"	"СЕМЕЙ Г.А."	"19122"	"городская местность"	"2"	"Всего"	"1"	"Всего"	"1"	"Всего"	"1"	"261 519"
"Общая площадь введенных в эксплуатацию жилых зданий(Метр квадратный)"	"2020 год"	"202012"	"СЕМЕЙ Г.А."	"19122"	"сельская местность"	"3"	"Всего"	"1"	"Всего"	"1"	"Всего"	"1"	"180"
"Общая площадь введенных в эксплуатацию жилых зданий(Метр квадратный)"	"2014 год"	"201412"	"СЕМЕЙ Г.А."	"19122"	"сельская местность"	"3"	"Всего"	"1"	"Всего"	"1"	"Всего"	"1"	"277"
"Общая площадь введенных в эксплуатацию жилых зданий(Метр квадратный)"	"2019 год"	"201912"	"СЕМЕЙ Г.А."	"19122"	"сельская местность"	"3"	"Всего"	"1"	"Всего"	"1"	"Всего"	"1"	"458"
"Общая площадь введенных в эксплуатацию жилых зданий(Метр квадратный)"	"2017 год"	"201712"	"СЕМЕЙ Г.А."	"19122"	"сельская местность"	"3"	"Всего"	"1"	"Всего"	"1"	"Всего"	"1"	"1 693"
"Общая площадь введенных в эксплуатацию жилых зданий(Метр квадратный)"	"2018 год"	"201812"	"СЕМЕЙ Г.А."	"19122"	"сельская местность"	"3"	"Всего"	"1"	"Всего"	"1"	"Всего"	"1"	"222"
"Общая площадь введенных в эксплуатацию жилых зданий(Метр квадратный)"	"2021 год"	"202112"	"СЕМЕЙ Г.А."	"19122"	"сельская местность"	"3"	"Всего"	"1"	"Всего"	"1"	"Всего"	"1"	"3 693"
"Общая площадь введенных в эксплуатацию жилых зданий(Метр квадратный)"	"2022 год"	"202212"	"СЕМЕЙ Г.А."	"19122"	"сельская местность"	"3"	"Всего"	"1"	"Всего"	"1"	"Всего"	"1"	"1 204"
"Общая площадь введенных в эксплуатацию жилых зданий(Метр квадратный)"	"2016 год"	"201612"	"АБАЙСКИЙ РАЙОН"	"19421"	"Всего"	"1"	"Всего"	"1"	"Всего"	"1"	"Всего"	"1"	"2 620"
"Общая площадь введенных в эксплуатацию жилых зданий(Метр квадратный)"	"2020 год"	"202012"	"АБАЙСКИЙ РАЙОН"	"19421"	"Всего"	"1"	"Всего"	"1"	"Всего"	"1"	"Всего"	"1"	"5 901"
"Общая площадь введенных в эксплуатацию жилых зданий(Метр квадратный)"	"2014 год"	"201412"	"АБАЙСКИЙ РАЙОН"	"19421"	"Всего"	"1"	"Всего"	"1"	"Всего"	"1"	"Всего"	"1"	"2 605"
"Общая площадь введенных в эксплуатацию жилых зданий(Метр квадратный)"	"2019 год"	"201912"	"АБАЙСКИЙ РАЙОН"	"19421"	"Всего"	"1"	"Всего"	"1"	"Всего"	"1"	"Всего"	"1"	"2 960"
"Общая площадь введенных в эксплуатацию жилых зданий(Метр квадратный)"	"2015 год"	"201512"	"АБАЙСКИЙ РАЙОН"	"19421"	"Всего"	"1"	"Всего"	"1"	"Всего"	"1"	"Всего"	"1"	"2 619"
"Общая площадь введенных в эксплуатацию жилых зданий(Метр квадратный)"	"2017 год"	"201712"	"АБАЙСКИЙ РАЙОН"	"19421"	"Всего"	"1"	"Всего"	"1"	"Всего"	"1"	"Всего"	"1"	"2 731"
"Общая площадь введенных в эксплуатацию жилых зданий(Метр квадратный)"	"2018 год"	"201812"	"АБАЙСКИЙ РАЙОН"	"19421"	"Всего"	"1"	"Всего"	"1"	"Всего"	"1"	"Всего"	"1"	"2 733"
"Общая площадь введенных в эксплуатацию жилых зданий(Метр квадратный)"	"2021 год"	"202112"	"АБАЙСКИЙ РАЙОН"	"19421"	"Всего"	"1"	"Всего"	"1"	"Всего"	"1"	"Всего"	"1"	"6 420"
"Общая площадь введенных в эксплуатацию жилых зданий(Метр квадратный)"	"2022 год"	"202212"	"АБАЙСКИЙ РАЙОН"	"19421"	"Всего"	"1"	"Всего"	"1"	"Всего"	"1"	"Всего"	"1"	"6 889"
"Общая площадь введенных в эксплуатацию жилых зданий(Метр квадратный)"	"2016 год"	"201612"	"АБАЙСКИЙ РАЙОН"	"19421"	"сельская местность"	"3"	"Всего"	"1"	"Всего"	"1"	"Всего"	"1"	"2 620"
"Общая площадь введенных в эксплуатацию жилых зданий(Метр квадратный)"	"2020 год"	"202012"	"АБАЙСКИЙ РАЙОН"	"19421"	"сельская местность"	"3"	"Всего"	"1"	"Всего"	"1"	"Всего"	"1"	"5 901"
"Общая площадь введенных в эксплуатацию жилых зданий(Метр квадратный)"	"2014 год"	"201412"	"АБАЙСКИЙ РАЙОН"	"19421"	"сельская местность"	"3"	"Всего"	"1"	"Всего"	"1"	"Всего"	"1"	"2 605"
"Общая площадь введенных в эксплуатацию жилых зданий(Метр квадратный)"	"2019 год"	"201912"	"АБАЙСКИЙ РАЙОН"	"19421"	"сельская местность"	"3"	"Всего"	"1"	"Всего"	"1"	"Всего"	"1"	"2 960"
"Общая площадь введенных в эксплуатацию жилых зданий(Метр квадратный)"	"2015 год"	"201512"	"АБАЙСКИЙ РАЙОН"	"19421"	"сельская местность"	"3"	"Всего"	"1"	"Всего"	"1"	"Всего"	"1"	"2 619"
"Общая площадь введенных в эксплуатацию жилых зданий(Метр квадратный)"	"2017 год"	"201712"	"АБАЙСКИЙ РАЙОН"	"19421"	"сельская местность"	"3"	"Всего"	"1"	"Всего"	"1"	"Всего"	"1"	"2 731"
"Общая площадь введенных в эксплуатацию жилых зданий(Метр квадратный)"	"2018 год"	"201812"	"АБАЙСКИЙ РАЙОН"	"19421"	"сельская местность"	"3"	"Всего"	"1"	"Всего"	"1"	"Всего"	"1"	"2 733"
"Общая площадь введенных в эксплуатацию жилых зданий(Метр квадратный)"	"2021 год"	"202112"	"АБАЙСКИЙ РАЙОН"	"19421"	"сельская местность"	"3"	"Всего"	"1"	"Всего"	"1"	"Всего"	"1"	"6 420"
"Общая площадь введенных в эксплуатацию жилых зданий(Метр квадратный)"	"2022 год"	"202212"	"АБАЙСКИЙ РАЙОН"	"19421"	"сельская местность"	"3"	"Всего"	"1"	"Всего"	"1"	"Всего"	"1"	"6 889"
"Общая площадь введенных в эксплуатацию жилых зданий(Метр квадратный)"	"2016 год"	"201612"	"АЯГОЗСКИЙ РАЙОН"	"19786"	"Всего"	"1"	"Всего"	"1"	"Всего"	"1"	"Всего"	"1"	"14 403"
"Общая площадь введенных в эксплуатацию жилых зданий(Метр квадратный)"	"2020 год"	"202012"	"АЯГОЗСКИЙ РАЙОН"	"19786"	"Всего"	"1"	"Всего"	"1"	"Всего"	"1"	"Всего"	"1"	"25 376"
"Общая площадь введенных в эксплуатацию жилых зданий(Метр квадратный)"	"2014 год"	"201412"	"АЯГОЗСКИЙ РАЙОН"	"19786"	"Всего"	"1"	"Всего"	"1"	"Всего"	"1"	"Всего"	"1"	"5 262"
"Общая площадь введенных в эксплуатацию жилых зданий(Метр квадратный)"	"2019 год"	"201912"	"АЯГОЗСКИЙ РАЙОН"	"19786"	"Всего"	"1"	"Всего"	"1"	"Всего"	"1"	"Всего"	"1"	"14 474"
"Общая площадь введенных в эксплуатацию жилых зданий(Метр квадратный)"	"2015 год"	"201512"	"АЯГОЗСКИЙ РАЙОН"	"19786"	"Всего"	"1"	"Всего"	"1"	"Всего"	"1"	"Всего"	"1"	"5 488"
"Общая площадь введенных в эксплуатацию жилых зданий(Метр квадратный)"	"2017 год"	"201712"	"АЯГОЗСКИЙ РАЙОН"	"19786"	"Всего"	"1"	"Всего"	"1"	"Всего"	"1"	"Всего"	"1"	"9 627"
"Общая площадь введенных в эксплуатацию жилых зданий(Метр квадратный)"	"2018 год"	"201812"	"АЯГОЗСКИЙ РАЙОН"	"19786"	"Всего"	"1"	"Всего"	"1"	"Всего"	"1"	"Всего"	"1"	"6 676"
"Общая площадь введенных в эксплуатацию жилых зданий(Метр квадратный)"	"2021 год"	"202112"	"АЯГОЗСКИЙ РАЙОН"	"19786"	"Всего"	"1"	"Всего"	"1"	"Всего"	"1"	"Всего"	"1"	"73 270"
"Общая площадь введенных в эксплуатацию жилых зданий(Метр квадратный)"	"2022 год"	"202212"	"АЯГОЗСКИЙ РАЙОН"	"19786"	"Всего"	"1"	"Всего"	"1"	"Всего"	"1"	"Всего"	"1"	"26 385"
"Общая площадь введенных в эксплуатацию жилых зданий(Метр квадратный)"	"2016 год"	"201612"	"АЯГОЗСКИЙ РАЙОН"	"19786"	"городская местность"	"2"	"Всего"	"1"	"Всего"	"1"	"Всего"	"1"	"1 076"
"Общая площадь введенных в эксплуатацию жилых зданий(Метр квадратный)"	"2020 год"	"202012"	"АЯГОЗСКИЙ РАЙОН"	"19786"	"городская местность"	"2"	"Всего"	"1"	"Всего"	"1"	"Всего"	"1"	"22 905"
"Общая площадь введенных в эксплуатацию жилых зданий(Метр квадратный)"	"2014 год"	"201412"	"АЯГОЗСКИЙ РАЙОН"	"19786"	"городская местность"	"2"	"Всего"	"1"	"Всего"	"1"	"Всего"	"1"	"3 691"
"Общая площадь введенных в эксплуатацию жилых зданий(Метр квадратный)"	"2019 год"	"201912"	"АЯГОЗСКИЙ РАЙОН"	"19786"	"городская местность"	"2"	"Всего"	"1"	"Всего"	"1"	"Всего"	"1"	"11 729"
"Общая площадь введенных в эксплуатацию жилых зданий(Метр квадратный)"	"2015 год"	"201512"	"АЯГОЗСКИЙ РАЙОН"	"19786"	"городская местность"	"2"	"Всего"	"1"	"Всего"	"1"	"Всего"	"1"	"4 458"
"Общая площадь введенных в эксплуатацию жилых зданий(Метр квадратный)"	"2017 год"	"201712"	"АЯГОЗСКИЙ РАЙОН"	"19786"	"городская местность"	"2"	"Всего"	"1"	"Всего"	"1"	"Всего"	"1"	"7 357"
"Общая площадь введенных в эксплуатацию жилых зданий(Метр квадратный)"	"2018 год"	"201812"	"АЯГОЗСКИЙ РАЙОН"	"19786"	"городская местность"	"2"	"Всего"	"1"	"Всего"	"1"	"Всего"	"1"	"4 357"
"Общая площадь введенных в эксплуатацию жилых зданий(Метр квадратный)"	"2021 год"	"202112"	"АЯГОЗСКИЙ РАЙОН"	"19786"	"городская местность"	"2"	"Всего"	"1"	"Всего"	"1"	"Всего"	"1"	"19 592"
"Общая площадь введенных в эксплуатацию жилых зданий(Метр квадратный)"	"2022 год"	"202212"	"АЯГОЗСКИЙ РАЙОН"	"19786"	"городская местность"	"2"	"Всего"	"1"	"Всего"	"1"	"Всего"	"1"	"22 161"
"Общая площадь введенных в эксплуатацию жилых зданий(Метр квадратный)"	"2016 год"	"201612"	"АЯГОЗСКИЙ РАЙОН"	"19786"	"сельская местность"	"3"	"Всего"	"1"	"Всего"	"1"	"Всего"	"1"	"13 327"
"Общая площадь введенных в эксплуатацию жилых зданий(Метр квадратный)"	"2020 год"	"202012"	"АЯГОЗСКИЙ РАЙОН"	"19786"	"сельская местность"	"3"	"Всего"	"1"	"Всего"	"1"	"Всего"	"1"	"2 471"
"Общая площадь введенных в эксплуатацию жилых зданий(Метр квадратный)"	"2014 год"	"201412"	"АЯГОЗСКИЙ РАЙОН"	"19786"	"сельская местность"	"3"	"Всего"	"1"	"Всего"	"1"	"Всего"	"1"	"1 571"
"Общая площадь введенных в эксплуатацию жилых зданий(Метр квадратный)"	"2019 год"	"201912"	"АЯГОЗСКИЙ РАЙОН"	"19786"	"сельская местность"	"3"	"Всего"	"1"	"Всего"	"1"	"Всего"	"1"	"2 745"
"Общая площадь введенных в эксплуатацию жилых зданий(Метр квадратный)"	"2015 год"	"201512"	"АЯГОЗСКИЙ РАЙОН"	"19786"	"сельская местность"	"3"	"Всего"	"1"	"Всего"	"1"	"Всего"	"1"	"1 030"
"Общая площадь введенных в эксплуатацию жилых зданий(Метр квадратный)"	"2017 год"	"201712"	"АЯГОЗСКИЙ РАЙОН"	"19786"	"сельская местность"	"3"	"Всего"	"1"	"Всего"	"1"	"Всего"	"1"	"2 270"
"Общая площадь введенных в эксплуатацию жилых зданий(Метр квадратный)"	"2018 год"	"201812"	"АЯГОЗСКИЙ РАЙОН"	"19786"	"сельская местность"	"3"	"Всего"	"1"	"Всего"	"1"	"Всего"	"1"	"2 319"
"Общая площадь введенных в эксплуатацию жилых зданий(Метр квадратный)"	"2021 год"	"202112"	"АЯГОЗСКИЙ РАЙОН"	"19786"	"сельская местность"	"3"	"Всего"	"1"	"Всего"	"1"	"Всего"	"1"	"53 678"
"Общая площадь введенных в эксплуатацию жилых зданий(Метр квадратный)"	"2022 год"	"202212"	"АЯГОЗСКИЙ РАЙОН"	"19786"	"сельская местность"	"3"	"Всего"	"1"	"Всего"	"1"	"Всего"	"1"	"4 224"
"Общая площадь введенных в эксплуатацию жилых зданий(Метр квадратный)"	"2016 год"	"201612"	"БЕСКАРАГАЙСКИЙ РАЙОН"	"20259"	"Всего"	"1"	"Всего"	"1"	"Всего"	"1"	"Всего"	"1"	"2 232"
"Общая площадь введенных в эксплуатацию жилых зданий(Метр квадратный)"	"2020 год"	"202012"	"БЕСКАРАГАЙСКИЙ РАЙОН"	"20259"	"Всего"	"1"	"Всего"	"1"	"Всего"	"1"	"Всего"	"1"	"5 717"
"Общая площадь введенных в эксплуатацию жилых зданий(Метр квадратный)"	"2014 год"	"201412"	"БЕСКАРАГАЙСКИЙ РАЙОН"	"20259"	"Всего"	"1"	"Всего"	"1"	"Всего"	"1"	"Всего"	"1"	"2 567"
"Общая площадь введенных в эксплуатацию жилых зданий(Метр квадратный)"	"2019 год"	"201912"	"БЕСКАРАГАЙСКИЙ РАЙОН"	"20259"	"Всего"	"1"	"Всего"	"1"	"Всего"	"1"	"Всего"	"1"	"1 964"
"Общая площадь введенных в эксплуатацию жилых зданий(Метр квадратный)"	"2015 год"	"201512"	"БЕСКАРАГАЙСКИЙ РАЙОН"	"20259"	"Всего"	"1"	"Всего"	"1"	"Всего"	"1"	"Всего"	"1"	"2 178"
"Общая площадь введенных в эксплуатацию жилых зданий(Метр квадратный)"	"2017 год"	"201712"	"БЕСКАРАГАЙСКИЙ РАЙОН"	"20259"	"Всего"	"1"	"Всего"	"1"	"Всего"	"1"	"Всего"	"1"	"2 646"
"Общая площадь введенных в эксплуатацию жилых зданий(Метр квадратный)"	"2018 год"	"201812"	"БЕСКАРАГАЙСКИЙ РАЙОН"	"20259"	"Всего"	"1"	"Всего"	"1"	"Всего"	"1"	"Всего"	"1"	"1 775"
"Общая площадь введенных в эксплуатацию жилых зданий(Метр квадратный)"	"2021 год"	"202112"	"БЕСКАРАГАЙСКИЙ РАЙОН"	"20259"	"Всего"	"1"	"Всего"	"1"	"Всего"	"1"	"Всего"	"1"	"5 020"
"Общая площадь введенных в эксплуатацию жилых зданий(Метр квадратный)"	"2022 год"	"202212"	"БЕСКАРАГАЙСКИЙ РАЙОН"	"20259"	"Всего"	"1"	"Всего"	"1"	"Всего"	"1"	"Всего"	"1"	"4 033"
"Общая площадь введенных в эксплуатацию жилых зданий(Метр квадратный)"	"2016 год"	"201612"	"БЕСКАРАГАЙСКИЙ РАЙОН"	"20259"	"сельская местность"	"3"	"Всего"	"1"	"Всего"	"1"	"Всего"	"1"	"2 232"
"Общая площадь введенных в эксплуатацию жилых зданий(Метр квадратный)"	"2020 год"	"202012"	"БЕСКАРАГАЙСКИЙ РАЙОН"	"20259"	"сельская местность"	"3"	"Всего"	"1"	"Всего"	"1"	"Всего"	"1"	"5 717"
"Общая площадь введенных в эксплуатацию жилых зданий(Метр квадратный)"	"2014 год"	"201412"	"БЕСКАРАГАЙСКИЙ РАЙОН"	"20259"	"сельская местность"	"3"	"Всего"	"1"	"Всего"	"1"	"Всего"	"1"	"2 567"
"Общая площадь введенных в эксплуатацию жилых зданий(Метр квадратный)"	"2019 год"	"201912"	"БЕСКАРАГАЙСКИЙ РАЙОН"	"20259"	"сельская местность"	"3"	"Всего"	"1"	"Всего"	"1"	"Всего"	"1"	"1 964"
"Общая площадь введенных в эксплуатацию жилых зданий(Метр квадратный)"	"2015 год"	"201512"	"БЕСКАРАГАЙСКИЙ РАЙОН"	"20259"	"сельская местность"	"3"	"Всего"	"1"	"Всего"	"1"	"Всего"	"1"	"2 178"
"Общая площадь введенных в эксплуатацию жилых зданий(Метр квадратный)"	"2017 год"	"201712"	"БЕСКАРАГАЙСКИЙ РАЙОН"	"20259"	"сельская местность"	"3"	"Всего"	"1"	"Всего"	"1"	"Всего"	"1"	"2 646"
"Общая площадь введенных в эксплуатацию жилых зданий(Метр квадратный)"	"2018 год"	"201812"	"БЕСКАРАГАЙСКИЙ РАЙОН"	"20259"	"сельская местность"	"3"	"Всего"	"1"	"Всего"	"1"	"Всего"	"1"	"1 775"
"Общая площадь введенных в эксплуатацию жилых зданий(Метр квадратный)"	"2021 год"	"202112"	"БЕСКАРАГАЙСКИЙ РАЙОН"	"20259"	"сельская местность"	"3"	"Всего"	"1"	"Всего"	"1"	"Всего"	"1"	"5 020"
"Общая площадь введенных в эксплуатацию жилых зданий(Метр квадратный)"	"2022 год"	"202212"	"БЕСКАРАГАЙСКИЙ РАЙОН"	"20259"	"сельская местность"	"3"	"Всего"	"1"	"Всего"	"1"	"Всего"	"1"	"4 033"
"Общая площадь введенных в эксплуатацию жилых зданий(Метр квадратный)"	"2016 год"	"201612"	"БОРОДУЛИХИНСКИЙ РАЙОН"	"20338"	"Всего"	"1"	"Всего"	"1"	"Всего"	"1"	"Всего"	"1"	"2 024"
"Общая площадь введенных в эксплуатацию жилых зданий(Метр квадратный)"	"2020 год"	"202012"	"БОРОДУЛИХИНСКИЙ РАЙОН"	"20338"	"Всего"	"1"	"Всего"	"1"	"Всего"	"1"	"Всего"	"1"	"5 181"
"Общая площадь введенных в эксплуатацию жилых зданий(Метр квадратный)"	"2014 год"	"201412"	"БОРОДУЛИХИНСКИЙ РАЙОН"	"20338"	"Всего"	"1"	"Всего"	"1"	"Всего"	"1"	"Всего"	"1"	"1 786"
"Общая площадь введенных в эксплуатацию жилых зданий(Метр квадратный)"	"2019 год"	"201912"	"БОРОДУЛИХИНСКИЙ РАЙОН"	"20338"	"Всего"	"1"	"Всего"	"1"	"Всего"	"1"	"Всего"	"1"	"4 244"
"Общая площадь введенных в эксплуатацию жилых зданий(Метр квадратный)"	"2015 год"	"201512"	"БОРОДУЛИХИНСКИЙ РАЙОН"	"20338"	"Всего"	"1"	"Всего"	"1"	"Всего"	"1"	"Всего"	"1"	"1 977"
"Общая площадь введенных в эксплуатацию жилых зданий(Метр квадратный)"	"2017 год"	"201712"	"БОРОДУЛИХИНСКИЙ РАЙОН"	"20338"	"Всего"	"1"	"Всего"	"1"	"Всего"	"1"	"Всего"	"1"	"2 502"
"Общая площадь введенных в эксплуатацию жилых зданий(Метр квадратный)"	"2018 год"	"201812"	"БОРОДУЛИХИНСКИЙ РАЙОН"	"20338"	"Всего"	"1"	"Всего"	"1"	"Всего"	"1"	"Всего"	"1"	"2 550"
"Общая площадь введенных в эксплуатацию жилых зданий(Метр квадратный)"	"2021 год"	"202112"	"БОРОДУЛИХИНСКИЙ РАЙОН"	"20338"	"Всего"	"1"	"Всего"	"1"	"Всего"	"1"	"Всего"	"1"	"5 226"
"Общая площадь введенных в эксплуатацию жилых зданий(Метр квадратный)"	"2022 год"	"202212"	"БОРОДУЛИХИНСКИЙ РАЙОН"	"20338"	"Всего"	"1"	"Всего"	"1"	"Всего"	"1"	"Всего"	"1"	"1 753"
"Общая площадь введенных в эксплуатацию жилых зданий(Метр квадратный)"	"2016 год"	"201612"	"БОРОДУЛИХИНСКИЙ РАЙОН"	"20338"	"сельская местность"	"3"	"Всего"	"1"	"Всего"	"1"	"Всего"	"1"	"2 024"
"Общая площадь введенных в эксплуатацию жилых зданий(Метр квадратный)"	"2020 год"	"202012"	"БОРОДУЛИХИНСКИЙ РАЙОН"	"20338"	"сельская местность"	"3"	"Всего"	"1"	"Всего"	"1"	"Всего"	"1"	"5 181"
"Общая площадь введенных в эксплуатацию жилых зданий(Метр квадратный)"	"2014 год"	"201412"	"БОРОДУЛИХИНСКИЙ РАЙОН"	"20338"	"сельская местность"	"3"	"Всего"	"1"	"Всего"	"1"	"Всего"	"1"	"1 786"
"Общая площадь введенных в эксплуатацию жилых зданий(Метр квадратный)"	"2019 год"	"201912"	"БОРОДУЛИХИНСКИЙ РАЙОН"	"20338"	"сельская местность"	"3"	"Всего"	"1"	"Всего"	"1"	"Всего"	"1"	"4 244"
"Общая площадь введенных в эксплуатацию жилых зданий(Метр квадратный)"	"2015 год"	"201512"	"БОРОДУЛИХИНСКИЙ РАЙОН"	"20338"	"сельская местность"	"3"	"Всего"	"1"	"Всего"	"1"	"Всего"	"1"	"1 977"
"Общая площадь введенных в эксплуатацию жилых зданий(Метр квадратный)"	"2017 год"	"201712"	"БОРОДУЛИХИНСКИЙ РАЙОН"	"20338"	"сельская местность"	"3"	"Всего"	"1"	"Всего"	"1"	"Всего"	"1"	"2 502"
"Общая площадь введенных в эксплуатацию жилых зданий(Метр квадратный)"	"2018 год"	"201812"	"БОРОДУЛИХИНСКИЙ РАЙОН"	"20338"	"сельская местность"	"3"	"Всего"	"1"	"Всего"	"1"	"Всего"	"1"	"2 550"
"Общая площадь введенных в эксплуатацию жилых зданий(Метр квадратный)"	"2021 год"	"202112"	"БОРОДУЛИХИНСКИЙ РАЙОН"	"20338"	"сельская местность"	"3"	"Всего"	"1"	"Всего"	"1"	"Всего"	"1"	"5 226"
"Общая площадь введенных в эксплуатацию жилых зданий(Метр квадратный)"	"2022 год"	"202212"	"БОРОДУЛИХИНСКИЙ РАЙОН"	"20338"	"сельская местность"	"3"	"Всего"	"1"	"Всего"	"1"	"Всего"	"1"	"1 753"
"Общая площадь введенных в эксплуатацию жилых зданий(Метр квадратный)"	"2016 год"	"201612"	"ГЛУБОКОВСКИЙ РАЙОН"	"20429"	"Всего"	"1"	"Всего"	"1"	"Всего"	"1"	"Всего"	"1"	"6 988"
"Общая площадь введенных в эксплуатацию жилых зданий(Метр квадратный)"	"2020 год"	"202012"	"ГЛУБОКОВСКИЙ РАЙОН"	"20429"	"Всего"	"1"	"Всего"	"1"	"Всего"	"1"	"Всего"	"1"	"12 727"
"Общая площадь введенных в эксплуатацию жилых зданий(Метр квадратный)"	"2014 год"	"201412"	"ГЛУБОКОВСКИЙ РАЙОН"	"20429"	"Всего"	"1"	"Всего"	"1"	"Всего"	"1"	"Всего"	"1"	"10 426"
"Общая площадь введенных в эксплуатацию жилых зданий(Метр квадратный)"	"2019 год"	"201912"	"ГЛУБОКОВСКИЙ РАЙОН"	"20429"	"Всего"	"1"	"Всего"	"1"	"Всего"	"1"	"Всего"	"1"	"4 228"
"Общая площадь введенных в эксплуатацию жилых зданий(Метр квадратный)"	"2015 год"	"201512"	"ГЛУБОКОВСКИЙ РАЙОН"	"20429"	"Всего"	"1"	"Всего"	"1"	"Всего"	"1"	"Всего"	"1"	"20 243"
"Общая площадь введенных в эксплуатацию жилых зданий(Метр квадратный)"	"2017 год"	"201712"	"ГЛУБОКОВСКИЙ РАЙОН"	"20429"	"Всего"	"1"	"Всего"	"1"	"Всего"	"1"	"Всего"	"1"	"2 609"
"Общая площадь введенных в эксплуатацию жилых зданий(Метр квадратный)"	"2018 год"	"201812"	"ГЛУБОКОВСКИЙ РАЙОН"	"20429"	"Всего"	"1"	"Всего"	"1"	"Всего"	"1"	"Всего"	"1"	"2 673"
"Общая площадь введенных в эксплуатацию жилых зданий(Метр квадратный)"	"2021 год"	"202112"	"ГЛУБОКОВСКИЙ РАЙОН"	"20429"	"Всего"	"1"	"Всего"	"1"	"Всего"	"1"	"Всего"	"1"	"6 535"
"Общая площадь введенных в эксплуатацию жилых зданий(Метр квадратный)"	"2022 год"	"202212"	"ГЛУБОКОВСКИЙ РАЙОН"	"20429"	"Всего"	"1"	"Всего"	"1"	"Всего"	"1"	"Всего"	"1"	"6 552"
"Общая площадь введенных в эксплуатацию жилых зданий(Метр квадратный)"	"2016 год"	"201612"	"ГЛУБОКОВСКИЙ РАЙОН"	"20429"	"сельская местность"	"3"	"Всего"	"1"	"Всего"	"1"	"Всего"	"1"	"6 988"
"Общая площадь введенных в эксплуатацию жилых зданий(Метр квадратный)"	"2020 год"	"202012"	"ГЛУБОКОВСКИЙ РАЙОН"	"20429"	"сельская местность"	"3"	"Всего"	"1"	"Всего"	"1"	"Всего"	"1"	"12 727"
"Общая площадь введенных в эксплуатацию жилых зданий(Метр квадратный)"	"2014 год"	"201412"	"ГЛУБОКОВСКИЙ РАЙОН"	"20429"	"сельская местность"	"3"	"Всего"	"1"	"Всего"	"1"	"Всего"	"1"	"10 426"
"Общая площадь введенных в эксплуатацию жилых зданий(Метр квадратный)"	"2019 год"	"201912"	"ГЛУБОКОВСКИЙ РАЙОН"	"20429"	"сельская местность"	"3"	"Всего"	"1"	"Всего"	"1"	"Всего"	"1"	"4 228"
"Общая площадь введенных в эксплуатацию жилых зданий(Метр квадратный)"	"2015 год"	"201512"	"ГЛУБОКОВСКИЙ РАЙОН"	"20429"	"сельская местность"	"3"	"Всего"	"1"	"Всего"	"1"	"Всего"	"1"	"20 243"
"Общая площадь введенных в эксплуатацию жилых зданий(Метр квадратный)"	"2017 год"	"201712"	"ГЛУБОКОВСКИЙ РАЙОН"	"20429"	"сельская местность"	"3"	"Всего"	"1"	"Всего"	"1"	"Всего"	"1"	"2 609"
"Общая площадь введенных в эксплуатацию жилых зданий(Метр квадратный)"	"2018 год"	"201812"	"ГЛУБОКОВСКИЙ РАЙОН"	"20429"	"сельская местность"	"3"	"Всего"	"1"	"Всего"	"1"	"Всего"	"1"	"2 673"
"Общая площадь введенных в эксплуатацию жилых зданий(Метр квадратный)"	"2021 год"	"202112"	"ГЛУБОКОВСКИЙ РАЙОН"	"20429"	"сельская местность"	"3"	"Всего"	"1"	"Всего"	"1"	"Всего"	"1"	"6 535"
"Общая площадь введенных в эксплуатацию жилых зданий(Метр квадратный)"	"2022 год"	"202212"	"ГЛУБОКОВСКИЙ РАЙОН"	"20429"	"сельская местность"	"3"	"Всего"	"1"	"Всего"	"1"	"Всего"	"1"	"6 552"
"Общая площадь введенных в эксплуатацию жилых зданий(Метр квадратный)"	"2016 год"	"201612"	"ЖАРМИНСКИЙ РАЙОН"	"20519"	"Всего"	"1"	"Всего"	"1"	"Всего"	"1"	"Всего"	"1"	"5 086"
"Общая площадь введенных в эксплуатацию жилых зданий(Метр квадратный)"	"2020 год"	"202012"	"ЖАРМИНСКИЙ РАЙОН"	"20519"	"Всего"	"1"	"Всего"	"1"	"Всего"	"1"	"Всего"	"1"	"8 663"
"Общая площадь введенных в эксплуатацию жилых зданий(Метр квадратный)"	"2014 год"	"201412"	"ЖАРМИНСКИЙ РАЙОН"	"20519"	"Всего"	"1"	"Всего"	"1"	"Всего"	"1"	"Всего"	"1"	"5 045"
"Общая площадь введенных в эксплуатацию жилых зданий(Метр квадратный)"	"2019 год"	"201912"	"ЖАРМИНСКИЙ РАЙОН"	"20519"	"Всего"	"1"	"Всего"	"1"	"Всего"	"1"	"Всего"	"1"	"6 862"
"Общая площадь введенных в эксплуатацию жилых зданий(Метр квадратный)"	"2015 год"	"201512"	"ЖАРМИНСКИЙ РАЙОН"	"20519"	"Всего"	"1"	"Всего"	"1"	"Всего"	"1"	"Всего"	"1"	"4 944"
"Общая площадь введенных в эксплуатацию жилых зданий(Метр квадратный)"	"2017 год"	"201712"	"ЖАРМИНСКИЙ РАЙОН"	"20519"	"Всего"	"1"	"Всего"	"1"	"Всего"	"1"	"Всего"	"1"	"5 816"
"Общая площадь введенных в эксплуатацию жилых зданий(Метр квадратный)"	"2018 год"	"201812"	"ЖАРМИНСКИЙ РАЙОН"	"20519"	"Всего"	"1"	"Всего"	"1"	"Всего"	"1"	"Всего"	"1"	"7 068"
"Общая площадь введенных в эксплуатацию жилых зданий(Метр квадратный)"	"2021 год"	"202112"	"ЖАРМИНСКИЙ РАЙОН"	"20519"	"Всего"	"1"	"Всего"	"1"	"Всего"	"1"	"Всего"	"1"	"8 922"
"Общая площадь введенных в эксплуатацию жилых зданий(Метр квадратный)"	"2022 год"	"202212"	"ЖАРМИНСКИЙ РАЙОН"	"20519"	"Всего"	"1"	"Всего"	"1"	"Всего"	"1"	"Всего"	"1"	"8 940"
"Общая площадь введенных в эксплуатацию жилых зданий(Метр квадратный)"	"2016 год"	"201612"	"ЖАРМИНСКИЙ РАЙОН"	"20519"	"городская местность"	"2"	"Всего"	"1"	"Всего"	"1"	"Всего"	"1"	"829"
"Общая площадь введенных в эксплуатацию жилых зданий(Метр квадратный)"	"2020 год"	"202012"	"ЖАРМИНСКИЙ РАЙОН"	"20519"	"городская местность"	"2"	"Всего"	"1"	"Всего"	"1"	"Всего"	"1"	"1 960"
"Общая площадь введенных в эксплуатацию жилых зданий(Метр квадратный)"	"2014 год"	"201412"	"ЖАРМИНСКИЙ РАЙОН"	"20519"	"городская местность"	"2"	"Всего"	"1"	"Всего"	"1"	"Всего"	"1"	"642"
"Общая площадь введенных в эксплуатацию жилых зданий(Метр квадратный)"	"2019 год"	"201912"	"ЖАРМИНСКИЙ РАЙОН"	"20519"	"городская местность"	"2"	"Всего"	"1"	"Всего"	"1"	"Всего"	"1"	"799"
"Общая площадь введенных в эксплуатацию жилых зданий(Метр квадратный)"	"2015 год"	"201512"	"ЖАРМИНСКИЙ РАЙОН"	"20519"	"городская местность"	"2"	"Всего"	"1"	"Всего"	"1"	"Всего"	"1"	"908"
"Общая площадь введенных в эксплуатацию жилых зданий(Метр квадратный)"	"2017 год"	"201712"	"ЖАРМИНСКИЙ РАЙОН"	"20519"	"городская местность"	"2"	"Всего"	"1"	"Всего"	"1"	"Всего"	"1"	"1 009"
"Общая площадь введенных в эксплуатацию жилых зданий(Метр квадратный)"	"2018 год"	"201812"	"ЖАРМИНСКИЙ РАЙОН"	"20519"	"городская местность"	"2"	"Всего"	"1"	"Всего"	"1"	"Всего"	"1"	"685"
"Общая площадь введенных в эксплуатацию жилых зданий(Метр квадратный)"	"2021 год"	"202112"	"ЖАРМИНСКИЙ РАЙОН"	"20519"	"городская местность"	"2"	"Всего"	"1"	"Всего"	"1"	"Всего"	"1"	"1 881"
"Общая площадь введенных в эксплуатацию жилых зданий(Метр квадратный)"	"2022 год"	"202212"	"ЖАРМИНСКИЙ РАЙОН"	"20519"	"городская местность"	"2"	"Всего"	"1"	"Всего"	"1"	"Всего"	"1"	"1 706"
"Общая площадь введенных в эксплуатацию жилых зданий(Метр квадратный)"	"2016 год"	"201612"	"ЖАРМИНСКИЙ РАЙОН"	"20519"	"сельская местность"	"3"	"Всего"	"1"	"Всего"	"1"	"Всего"	"1"	"4 257"
"Общая площадь введенных в эксплуатацию жилых зданий(Метр квадратный)"	"2020 год"	"202012"	"ЖАРМИНСКИЙ РАЙОН"	"20519"	"сельская местность"	"3"	"Всего"	"1"	"Всего"	"1"	"Всего"	"1"	"6 703"
"Общая площадь введенных в эксплуатацию жилых зданий(Метр квадратный)"	"2014 год"	"201412"	"ЖАРМИНСКИЙ РАЙОН"	"20519"	"сельская местность"	"3"	"Всего"	"1"	"Всего"	"1"	"Всего"	"1"	"4 403"
"Общая площадь введенных в эксплуатацию жилых зданий(Метр квадратный)"	"2019 год"	"201912"	"ЖАРМИНСКИЙ РАЙОН"	"20519"	"сельская местность"	"3"	"Всего"	"1"	"Всего"	"1"	"Всего"	"1"	"6 063"
"Общая площадь введенных в эксплуатацию жилых зданий(Метр квадратный)"	"2015 год"	"201512"	"ЖАРМИНСКИЙ РАЙОН"	"20519"	"сельская местность"	"3"	"Всего"	"1"	"Всего"	"1"	"Всего"	"1"	"4 036"
"Общая площадь введенных в эксплуатацию жилых зданий(Метр квадратный)"	"2017 год"	"201712"	"ЖАРМИНСКИЙ РАЙОН"	"20519"	"сельская местность"	"3"	"Всего"	"1"	"Всего"	"1"	"Всего"	"1"	"4 807"
"Общая площадь введенных в эксплуатацию жилых зданий(Метр квадратный)"	"2018 год"	"201812"	"ЖАРМИНСКИЙ РАЙОН"	"20519"	"сельская местность"	"3"	"Всего"	"1"	"Всего"	"1"	"Всего"	"1"	"6 383"
"Общая площадь введенных в эксплуатацию жилых зданий(Метр квадратный)"	"2021 год"	"202112"	"ЖАРМИНСКИЙ РАЙОН"	"20519"	"сельская местность"	"3"	"Всего"	"1"	"Всего"	"1"	"Всего"	"1"	"7 041"
"Общая площадь введенных в эксплуатацию жилых зданий(Метр квадратный)"	"2022 год"	"202212"	"ЖАРМИНСКИЙ РАЙОН"	"20519"	"сельская местность"	"3"	"Всего"	"1"	"Всего"	"1"	"Всего"	"1"	"7 234"
"Общая площадь введенных в эксплуатацию жилых зданий(Метр квадратный)"	"2016 год"	"201612"	"ЗАЙСАНСКИЙ РАЙОН"	"20821"	"Всего"	"1"	"Всего"	"1"	"Всего"	"1"	"Всего"	"1"	"2 253"
"Общая площадь введенных в эксплуатацию жилых зданий(Метр квадратный)"	"2020 год"	"202012"	"ЗАЙСАНСКИЙ РАЙОН"	"20821"	"Всего"	"1"	"Всего"	"1"	"Всего"	"1"	"Всего"	"1"	"7 941"
"Общая площадь введенных в эксплуатацию жилых зданий(Метр квадратный)"	"2014 год"	"201412"	"ЗАЙСАНСКИЙ РАЙОН"	"20821"	"Всего"	"1"	"Всего"	"1"	"Всего"	"1"	"Всего"	"1"	"9 925"
"Общая площадь введенных в эксплуатацию жилых зданий(Метр квадратный)"	"2019 год"	"201912"	"ЗАЙСАНСКИЙ РАЙОН"	"20821"	"Всего"	"1"	"Всего"	"1"	"Всего"	"1"	"Всего"	"1"	"7 782"
"Общая площадь введенных в эксплуатацию жилых зданий(Метр квадратный)"	"2015 год"	"201512"	"ЗАЙСАНСКИЙ РАЙОН"	"20821"	"Всего"	"1"	"Всего"	"1"	"Всего"	"1"	"Всего"	"1"	"2 153"
"Общая площадь введенных в эксплуатацию жилых зданий(Метр квадратный)"	"2017 год"	"201712"	"ЗАЙСАНСКИЙ РАЙОН"	"20821"	"Всего"	"1"	"Всего"	"1"	"Всего"	"1"	"Всего"	"1"	"16 361"
"Общая площадь введенных в эксплуатацию жилых зданий(Метр квадратный)"	"2018 год"	"201812"	"ЗАЙСАНСКИЙ РАЙОН"	"20821"	"Всего"	"1"	"Всего"	"1"	"Всего"	"1"	"Всего"	"1"	"2 803"
"Общая площадь введенных в эксплуатацию жилых зданий(Метр квадратный)"	"2021 год"	"202112"	"ЗАЙСАНСКИЙ РАЙОН"	"20821"	"Всего"	"1"	"Всего"	"1"	"Всего"	"1"	"Всего"	"1"	"16 541"
"Общая площадь введенных в эксплуатацию жилых зданий(Метр квадратный)"	"2022 год"	"202212"	"ЗАЙСАНСКИЙ РАЙОН"	"20821"	"Всего"	"1"	"Всего"	"1"	"Всего"	"1"	"Всего"	"1"	"11 308"
"Общая площадь введенных в эксплуатацию жилых зданий(Метр квадратный)"	"2016 год"	"201612"	"ЗАЙСАНСКИЙ РАЙОН"	"20821"	"городская местность"	"2"	"Всего"	"1"	"Всего"	"1"	"Всего"	"1"	"2 228"
"Общая площадь введенных в эксплуатацию жилых зданий(Метр квадратный)"	"2020 год"	"202012"	"ЗАЙСАНСКИЙ РАЙОН"	"20821"	"городская местность"	"2"	"Всего"	"1"	"Всего"	"1"	"Всего"	"1"	"6 275"
"Общая площадь введенных в эксплуатацию жилых зданий(Метр квадратный)"	"2014 год"	"201412"	"ЗАЙСАНСКИЙ РАЙОН"	"20821"	"городская местность"	"2"	"Всего"	"1"	"Всего"	"1"	"Всего"	"1"	"9 701"
"Общая площадь введенных в эксплуатацию жилых зданий(Метр квадратный)"	"2019 год"	"201912"	"ЗАЙСАНСКИЙ РАЙОН"	"20821"	"городская местность"	"2"	"Всего"	"1"	"Всего"	"1"	"Всего"	"1"	"6 908"
"Общая площадь введенных в эксплуатацию жилых зданий(Метр квадратный)"	"2015 год"	"201512"	"ЗАЙСАНСКИЙ РАЙОН"	"20821"	"городская местность"	"2"	"Всего"	"1"	"Всего"	"1"	"Всего"	"1"	"1 711"
"Общая площадь введенных в эксплуатацию жилых зданий(Метр квадратный)"	"2017 год"	"201712"	"ЗАЙСАНСКИЙ РАЙОН"	"20821"	"городская местность"	"2"	"Всего"	"1"	"Всего"	"1"	"Всего"	"1"	"15 903"
"Общая площадь введенных в эксплуатацию жилых зданий(Метр квадратный)"	"2018 год"	"201812"	"ЗАЙСАНСКИЙ РАЙОН"	"20821"	"городская местность"	"2"	"Всего"	"1"	"Всего"	"1"	"Всего"	"1"	"2 365"
"Общая площадь введенных в эксплуатацию жилых зданий(Метр квадратный)"	"2021 год"	"202112"	"ЗАЙСАНСКИЙ РАЙОН"	"20821"	"городская местность"	"2"	"Всего"	"1"	"Всего"	"1"	"Всего"	"1"	"14 982"
"Общая площадь введенных в эксплуатацию жилых зданий(Метр квадратный)"	"2022 год"	"202212"	"ЗАЙСАНСКИЙ РАЙОН"	"20821"	"городская местность"	"2"	"Всего"	"1"	"Всего"	"1"	"Всего"	"1"	"10 286"
"Общая площадь введенных в эксплуатацию жилых зданий(Метр квадратный)"	"2016 год"	"201612"	"ЗАЙСАНСКИЙ РАЙОН"	"20821"	"сельская местность"	"3"	"Всего"	"1"	"Всего"	"1"	"Всего"	"1"	"25"
"Общая площадь введенных в эксплуатацию жилых зданий(Метр квадратный)"	"2020 год"	"202012"	"ЗАЙСАНСКИЙ РАЙОН"	"20821"	"сельская местность"	"3"	"Всего"	"1"	"Всего"	"1"	"Всего"	"1"	"1 666"
"Общая площадь введенных в эксплуатацию жилых зданий(Метр квадратный)"	"2014 год"	"201412"	"ЗАЙСАНСКИЙ РАЙОН"	"20821"	"сельская местность"	"3"	"Всего"	"1"	"Всего"	"1"	"Всего"	"1"	"224"
"Общая площадь введенных в эксплуатацию жилых зданий(Метр квадратный)"	"2019 год"	"201912"	"ЗАЙСАНСКИЙ РАЙОН"	"20821"	"сельская местность"	"3"	"Всего"	"1"	"Всего"	"1"	"Всего"	"1"	"874"
"Общая площадь введенных в эксплуатацию жилых зданий(Метр квадратный)"	"2015 год"	"201512"	"ЗАЙСАНСКИЙ РАЙОН"	"20821"	"сельская местность"	"3"	"Всего"	"1"	"Всего"	"1"	"Всего"	"1"	"442"
"Общая площадь введенных в эксплуатацию жилых зданий(Метр квадратный)"	"2017 год"	"201712"	"ЗАЙСАНСКИЙ РАЙОН"	"20821"	"сельская местность"	"3"	"Всего"	"1"	"Всего"	"1"	"Всего"	"1"	"458"
"Общая площадь введенных в эксплуатацию жилых зданий(Метр квадратный)"	"2018 год"	"201812"	"ЗАЙСАНСКИЙ РАЙОН"	"20821"	"сельская местность"	"3"	"Всего"	"1"	"Всего"	"1"	"Всего"	"1"	"438"
"Общая площадь введенных в эксплуатацию жилых зданий(Метр квадратный)"	"2021 год"	"202112"	"ЗАЙСАНСКИЙ РАЙОН"	"20821"	"сельская местность"	"3"	"Всего"	"1"	"Всего"	"1"	"Всего"	"1"	"1 559"
"Общая площадь введенных в эксплуатацию жилых зданий(Метр квадратный)"	"2022 год"	"202212"	"ЗАЙСАНСКИЙ РАЙОН"	"20821"	"сельская местность"	"3"	"Всего"	"1"	"Всего"	"1"	"Всего"	"1"	"1 022"
"Общая площадь введенных в эксплуатацию жилых зданий(Метр квадратный)"	"2016 год"	"201612"	"РАЙОН АЛТАЙ"	"21120"	"Всего"	"1"	"Всего"	"1"	"Всего"	"1"	"Всего"	"1"	"3 726"
"Общая площадь введенных в эксплуатацию жилых зданий(Метр квадратный)"	"2020 год"	"202012"	"РАЙОН АЛТАЙ"	"21120"	"Всего"	"1"	"Всего"	"1"	"Всего"	"1"	"Всего"	"1"	"5 452"
"Общая площадь введенных в эксплуатацию жилых зданий(Метр квадратный)"	"2014 год"	"201412"	"РАЙОН АЛТАЙ"	"21120"	"Всего"	"1"	"Всего"	"1"	"Всего"	"1"	"Всего"	"1"	"3 586"
"Общая площадь введенных в эксплуатацию жилых зданий(Метр квадратный)"	"2019 год"	"201912"	"РАЙОН АЛТАЙ"	"21120"	"Всего"	"1"	"Всего"	"1"	"Всего"	"1"	"Всего"	"1"	"3 613"
"Общая площадь введенных в эксплуатацию жилых зданий(Метр квадратный)"	"2015 год"	"201512"	"РАЙОН АЛТАЙ"	"21120"	"Всего"	"1"	"Всего"	"1"	"Всего"	"1"	"Всего"	"1"	"3 183"
"Общая площадь введенных в эксплуатацию жилых зданий(Метр квадратный)"	"2017 год"	"201712"	"РАЙОН АЛТАЙ"	"21120"	"Всего"	"1"	"Всего"	"1"	"Всего"	"1"	"Всего"	"1"	"1 445"
"Общая площадь введенных в эксплуатацию жилых зданий(Метр квадратный)"	"2018 год"	"201812"	"РАЙОН АЛТАЙ"	"21120"	"Всего"	"1"	"Всего"	"1"	"Всего"	"1"	"Всего"	"1"	"11 417"
"Общая площадь введенных в эксплуатацию жилых зданий(Метр квадратный)"	"2021 год"	"202112"	"РАЙОН АЛТАЙ"	"21120"	"Всего"	"1"	"Всего"	"1"	"Всего"	"1"	"Всего"	"1"	"5 463"
"Общая площадь введенных в эксплуатацию жилых зданий(Метр квадратный)"	"2022 год"	"202212"	"РАЙОН АЛТАЙ"	"21120"	"Всего"	"1"	"Всего"	"1"	"Всего"	"1"	"Всего"	"1"	"9 664"
"Общая площадь введенных в эксплуатацию жилых зданий(Метр квадратный)"	"2016 год"	"201612"	"РАЙОН АЛТАЙ"	"21120"	"городская местность"	"2"	"Всего"	"1"	"Всего"	"1"	"Всего"	"1"	"2 295"
"Общая площадь введенных в эксплуатацию жилых зданий(Метр квадратный)"	"2020 год"	"202012"	"РАЙОН АЛТАЙ"	"21120"	"городская местность"	"2"	"Всего"	"1"	"Всего"	"1"	"Всего"	"1"	"2 800"
"Общая площадь введенных в эксплуатацию жилых зданий(Метр квадратный)"	"2014 год"	"201412"	"РАЙОН АЛТАЙ"	"21120"	"городская местность"	"2"	"Всего"	"1"	"Всего"	"1"	"Всего"	"1"	"2 475"
"Общая площадь введенных в эксплуатацию жилых зданий(Метр квадратный)"	"2019 год"	"201912"	"РАЙОН АЛТАЙ"	"21120"	"городская местность"	"2"	"Всего"	"1"	"Всего"	"1"	"Всего"	"1"	"1 419"
"Общая площадь введенных в эксплуатацию жилых зданий(Метр квадратный)"	"2015 год"	"201512"	"РАЙОН АЛТАЙ"	"21120"	"городская местность"	"2"	"Всего"	"1"	"Всего"	"1"	"Всего"	"1"	"1 982"
"Общая площадь введенных в эксплуатацию жилых зданий(Метр квадратный)"	"2017 год"	"201712"	"РАЙОН АЛТАЙ"	"21120"	"городская местность"	"2"	"Всего"	"1"	"Всего"	"1"	"Всего"	"1"	"634"
"Общая площадь введенных в эксплуатацию жилых зданий(Метр квадратный)"	"2018 год"	"201812"	"РАЙОН АЛТАЙ"	"21120"	"городская местность"	"2"	"Всего"	"1"	"Всего"	"1"	"Всего"	"1"	"10 578"
"Общая площадь введенных в эксплуатацию жилых зданий(Метр квадратный)"	"2021 год"	"202112"	"РАЙОН АЛТАЙ"	"21120"	"городская местность"	"2"	"Всего"	"1"	"Всего"	"1"	"Всего"	"1"	"3 439"
"Общая площадь введенных в эксплуатацию жилых зданий(Метр квадратный)"	"2022 год"	"202212"	"РАЙОН АЛТАЙ"	"21120"	"городская местность"	"2"	"Всего"	"1"	"Всего"	"1"	"Всего"	"1"	"7 365"
"Общая площадь введенных в эксплуатацию жилых зданий(Метр квадратный)"	"2016 год"	"201612"	"РАЙОН АЛТАЙ"	"21120"	"сельская местность"	"3"	"Всего"	"1"	"Всего"	"1"	"Всего"	"1"	"1 431"
"Общая площадь введенных в эксплуатацию жилых зданий(Метр квадратный)"	"2020 год"	"202012"	"РАЙОН АЛТАЙ"	"21120"	"сельская местность"	"3"	"Всего"	"1"	"Всего"	"1"	"Всего"	"1"	"2 652"
"Общая площадь введенных в эксплуатацию жилых зданий(Метр квадратный)"	"2014 год"	"201412"	"РАЙОН АЛТАЙ"	"21120"	"сельская местность"	"3"	"Всего"	"1"	"Всего"	"1"	"Всего"	"1"	"1 111"
"Общая площадь введенных в эксплуатацию жилых зданий(Метр квадратный)"	"2019 год"	"201912"	"РАЙОН АЛТАЙ"	"21120"	"сельская местность"	"3"	"Всего"	"1"	"Всего"	"1"	"Всего"	"1"	"2 194"
"Общая площадь введенных в эксплуатацию жилых зданий(Метр квадратный)"	"2015 год"	"201512"	"РАЙОН АЛТАЙ"	"21120"	"сельская местность"	"3"	"Всего"	"1"	"Всего"	"1"	"Всего"	"1"	"1 201"
"Общая площадь введенных в эксплуатацию жилых зданий(Метр квадратный)"	"2017 год"	"201712"	"РАЙОН АЛТАЙ"	"21120"	"сельская местность"	"3"	"Всего"	"1"	"Всего"	"1"	"Всего"	"1"	"811"
"Общая площадь введенных в эксплуатацию жилых зданий(Метр квадратный)"	"2018 год"	"201812"	"РАЙОН АЛТАЙ"	"21120"	"сельская местность"	"3"	"Всего"	"1"	"Всего"	"1"	"Всего"	"1"	"839"
"Общая площадь введенных в эксплуатацию жилых зданий(Метр квадратный)"	"2021 год"	"202112"	"РАЙОН АЛТАЙ"	"21120"	"сельская местность"	"3"	"Всего"	"1"	"Всего"	"1"	"Всего"	"1"	"2 024"
"Общая площадь введенных в эксплуатацию жилых зданий(Метр квадратный)"	"2022 год"	"202212"	"РАЙОН АЛТАЙ"	"21120"	"сельская местность"	"3"	"Всего"	"1"	"Всего"	"1"	"Всего"	"1"	"2 299"
"Общая площадь введенных в эксплуатацию жилых зданий(Метр квадратный)"	"2016 год"	"201612"	"КОКПЕКТИНСКИЙ РАЙОН"	"21200"	"Всего"	"1"	"Всего"	"1"	"Всего"	"1"	"Всего"	"1"	"1 609"
"Общая площадь введенных в эксплуатацию жилых зданий(Метр квадратный)"	"2020 год"	"202012"	"КОКПЕКТИНСКИЙ РАЙОН"	"21200"	"Всего"	"1"	"Всего"	"1"	"Всего"	"1"	"Всего"	"1"	"10 159"
"Общая площадь введенных в эксплуатацию жилых зданий(Метр квадратный)"	"2014 год"	"201412"	"КОКПЕКТИНСКИЙ РАЙОН"	"21200"	"Всего"	"1"	"Всего"	"1"	"Всего"	"1"	"Всего"	"1"	"2 075"
"Общая площадь введенных в эксплуатацию жилых зданий(Метр квадратный)"	"2019 год"	"201912"	"КОКПЕКТИНСКИЙ РАЙОН"	"21200"	"Всего"	"1"	"Всего"	"1"	"Всего"	"1"	"Всего"	"1"	"3 696"
"Общая площадь введенных в эксплуатацию жилых зданий(Метр квадратный)"	"2015 год"	"201512"	"КОКПЕКТИНСКИЙ РАЙОН"	"21200"	"Всего"	"1"	"Всего"	"1"	"Всего"	"1"	"Всего"	"1"	"1 926"
"Общая площадь введенных в эксплуатацию жилых зданий(Метр квадратный)"	"2017 год"	"201712"	"КОКПЕКТИНСКИЙ РАЙОН"	"21200"	"Всего"	"1"	"Всего"	"1"	"Всего"	"1"	"Всего"	"1"	"1 809"
"Общая площадь введенных в эксплуатацию жилых зданий(Метр квадратный)"	"2018 год"	"201812"	"КОКПЕКТИНСКИЙ РАЙОН"	"21200"	"Всего"	"1"	"Всего"	"1"	"Всего"	"1"	"Всего"	"1"	"1 921"
"Общая площадь введенных в эксплуатацию жилых зданий(Метр квадратный)"	"2021 год"	"202112"	"КОКПЕКТИНСКИЙ РАЙОН"	"21200"	"Всего"	"1"	"Всего"	"1"	"Всего"	"1"	"Всего"	"1"	"5 687"
"Общая площадь введенных в эксплуатацию жилых зданий(Метр квадратный)"	"2022 год"	"202212"	"КОКПЕКТИНСКИЙ РАЙОН"	"21200"	"Всего"	"1"	"Всего"	"1"	"Всего"	"1"	"Всего"	"1"	"2 337"
"Общая площадь введенных в эксплуатацию жилых зданий(Метр квадратный)"	"2016 год"	"201612"	"КОКПЕКТИНСКИЙ РАЙОН"	"21200"	"сельская местность"	"3"	"Всего"	"1"	"Всего"	"1"	"Всего"	"1"	"1 609"
"Общая площадь введенных в эксплуатацию жилых зданий(Метр квадратный)"	"2020 год"	"202012"	"КОКПЕКТИНСКИЙ РАЙОН"	"21200"	"сельская местность"	"3"	"Всего"	"1"	"Всего"	"1"	"Всего"	"1"	"10 159"
"Общая площадь введенных в эксплуатацию жилых зданий(Метр квадратный)"	"2014 год"	"201412"	"КОКПЕКТИНСКИЙ РАЙОН"	"21200"	"сельская местность"	"3"	"Всего"	"1"	"Всего"	"1"	"Всего"	"1"	"2 075"
"Общая площадь введенных в эксплуатацию жилых зданий(Метр квадратный)"	"2019 год"	"201912"	"КОКПЕКТИНСКИЙ РАЙОН"	"21200"	"сельская местность"	"3"	"Всего"	"1"	"Всего"	"1"	"Всего"	"1"	"3 696"
"Общая площадь введенных в эксплуатацию жилых зданий(Метр квадратный)"	"2015 год"	"201512"	"КОКПЕКТИНСКИЙ РАЙОН"	"21200"	"сельская местность"	"3"	"Всего"	"1"	"Всего"	"1"	"Всего"	"1"	"1 926"
"Общая площадь введенных в эксплуатацию жилых зданий(Метр квадратный)"	"2017 год"	"201712"	"КОКПЕКТИНСКИЙ РАЙОН"	"21200"	"сельская местность"	"3"	"Всего"	"1"	"Всего"	"1"	"Всего"	"1"	"1 809"
"Общая площадь введенных в эксплуатацию жилых зданий(Метр квадратный)"	"2018 год"	"201812"	"КОКПЕКТИНСКИЙ РАЙОН"	"21200"	"сельская местность"	"3"	"Всего"	"1"	"Всего"	"1"	"Всего"	"1"	"1 921"
"Общая площадь введенных в эксплуатацию жилых зданий(Метр квадратный)"	"2021 год"	"202112"	"КОКПЕКТИНСКИЙ РАЙОН"	"21200"	"сельская местность"	"3"	"Всего"	"1"	"Всего"	"1"	"Всего"	"1"	"5 687"
"Общая площадь введенных в эксплуатацию жилых зданий(Метр квадратный)"	"2022 год"	"202212"	"КОКПЕКТИНСКИЙ РАЙОН"	"21200"	"сельская местность"	"3"	"Всего"	"1"	"Всего"	"1"	"Всего"	"1"	"2 337"
"Общая площадь введенных в эксплуатацию жилых зданий(Метр квадратный)"	"2016 год"	"201612"	"КУРЧУМСКИЙ РАЙОН"	"21284"	"Всего"	"1"	"Всего"	"1"	"Всего"	"1"	"Всего"	"1"	"782"
"Общая площадь введенных в эксплуатацию жилых зданий(Метр квадратный)"	"2020 год"	"202012"	"КУРЧУМСКИЙ РАЙОН"	"21284"	"Всего"	"1"	"Всего"	"1"	"Всего"	"1"	"Всего"	"1"	"6 004"
"Общая площадь введенных в эксплуатацию жилых зданий(Метр квадратный)"	"2014 год"	"201412"	"КУРЧУМСКИЙ РАЙОН"	"21284"	"Всего"	"1"	"Всего"	"1"	"Всего"	"1"	"Всего"	"1"	"2 351"
"Общая площадь введенных в эксплуатацию жилых зданий(Метр квадратный)"	"2019 год"	"201912"	"КУРЧУМСКИЙ РАЙОН"	"21284"	"Всего"	"1"	"Всего"	"1"	"Всего"	"1"	"Всего"	"1"	"2 222"
"Общая площадь введенных в эксплуатацию жилых зданий(Метр квадратный)"	"2015 год"	"201512"	"КУРЧУМСКИЙ РАЙОН"	"21284"	"Всего"	"1"	"Всего"	"1"	"Всего"	"1"	"Всего"	"1"	"1 880"
"Общая площадь введенных в эксплуатацию жилых зданий(Метр квадратный)"	"2017 год"	"201712"	"КУРЧУМСКИЙ РАЙОН"	"21284"	"Всего"	"1"	"Всего"	"1"	"Всего"	"1"	"Всего"	"1"	"1 103"
"Общая площадь введенных в эксплуатацию жилых зданий(Метр квадратный)"	"2018 год"	"201812"	"КУРЧУМСКИЙ РАЙОН"	"21284"	"Всего"	"1"	"Всего"	"1"	"Всего"	"1"	"Всего"	"1"	"1 300"
"Общая площадь введенных в эксплуатацию жилых зданий(Метр квадратный)"	"2021 год"	"202112"	"КУРЧУМСКИЙ РАЙОН"	"21284"	"Всего"	"1"	"Всего"	"1"	"Всего"	"1"	"Всего"	"1"	"6 116"
"Общая площадь введенных в эксплуатацию жилых зданий(Метр квадратный)"	"2022 год"	"202212"	"КУРЧУМСКИЙ РАЙОН"	"21284"	"Всего"	"1"	"Всего"	"1"	"Всего"	"1"	"Всего"	"1"	"6 130"
"Общая площадь введенных в эксплуатацию жилых зданий(Метр квадратный)"	"2016 год"	"201612"	"КУРЧУМСКИЙ РАЙОН"	"21284"	"сельская местность"	"3"	"Всего"	"1"	"Всего"	"1"	"Всего"	"1"	"782"
"Общая площадь введенных в эксплуатацию жилых зданий(Метр квадратный)"	"2020 год"	"202012"	"КУРЧУМСКИЙ РАЙОН"	"21284"	"сельская местность"	"3"	"Всего"	"1"	"Всего"	"1"	"Всего"	"1"	"6 004"
"Общая площадь введенных в эксплуатацию жилых зданий(Метр квадратный)"	"2014 год"	"201412"	"КУРЧУМСКИЙ РАЙОН"	"21284"	"сельская местность"	"3"	"Всего"	"1"	"Всего"	"1"	"Всего"	"1"	"2 351"
"Общая площадь введенных в эксплуатацию жилых зданий(Метр квадратный)"	"2019 год"	"201912"	"КУРЧУМСКИЙ РАЙОН"	"21284"	"сельская местность"	"3"	"Всего"	"1"	"Всего"	"1"	"Всего"	"1"	"2 222"
"Общая площадь введенных в эксплуатацию жилых зданий(Метр квадратный)"	"2015 год"	"201512"	"КУРЧУМСКИЙ РАЙОН"	"21284"	"сельская местность"	"3"	"Всего"	"1"	"Всего"	"1"	"Всего"	"1"	"1 880"
"Общая площадь введенных в эксплуатацию жилых зданий(Метр квадратный)"	"2017 год"	"201712"	"КУРЧУМСКИЙ РАЙОН"	"21284"	"сельская местность"	"3"	"Всего"	"1"	"Всего"	"1"	"Всего"	"1"	"1 103"
"Общая площадь введенных в эксплуатацию жилых зданий(Метр квадратный)"	"2018 год"	"201812"	"КУРЧУМСКИЙ РАЙОН"	"21284"	"сельская местность"	"3"	"Всего"	"1"	"Всего"	"1"	"Всего"	"1"	"1 300"
"Общая площадь введенных в эксплуатацию жилых зданий(Метр квадратный)"	"2021 год"	"202112"	"КУРЧУМСКИЙ РАЙОН"	"21284"	"сельская местность"	"3"	"Всего"	"1"	"Всего"	"1"	"Всего"	"1"	"6 116"
"Общая площадь введенных в эксплуатацию жилых зданий(Метр квадратный)"	"2022 год"	"202212"	"КУРЧУМСКИЙ РАЙОН"	"21284"	"сельская местность"	"3"	"Всего"	"1"	"Всего"	"1"	"Всего"	"1"	"6 130"
"Общая площадь введенных в эксплуатацию жилых зданий(Метр квадратный)"	"2016 год"	"201612"	"КАТОН-КАРАГАЙСКИЙ РАЙОН"	"21598"	"Всего"	"1"	"Всего"	"1"	"Всего"	"1"	"Всего"	"1"	"734"
"Общая площадь введенных в эксплуатацию жилых зданий(Метр квадратный)"	"2020 год"	"202012"	"КАТОН-КАРАГАЙСКИЙ РАЙОН"	"21598"	"Всего"	"1"	"Всего"	"1"	"Всего"	"1"	"Всего"	"1"	"3 377"
"Общая площадь введенных в эксплуатацию жилых зданий(Метр квадратный)"	"2014 год"	"201412"	"КАТОН-КАРАГАЙСКИЙ РАЙОН"	"21598"	"Всего"	"1"	"Всего"	"1"	"Всего"	"1"	"Всего"	"1"	"1 355"
"Общая площадь введенных в эксплуатацию жилых зданий(Метр квадратный)"	"2019 год"	"201912"	"КАТОН-КАРАГАЙСКИЙ РАЙОН"	"21598"	"Всего"	"1"	"Всего"	"1"	"Всего"	"1"	"Всего"	"1"	"1 690"
"Общая площадь введенных в эксплуатацию жилых зданий(Метр квадратный)"	"2015 год"	"201512"	"КАТОН-КАРАГАЙСКИЙ РАЙОН"	"21598"	"Всего"	"1"	"Всего"	"1"	"Всего"	"1"	"Всего"	"1"	"2 005"
"Общая площадь введенных в эксплуатацию жилых зданий(Метр квадратный)"	"2017 год"	"201712"	"КАТОН-КАРАГАЙСКИЙ РАЙОН"	"21598"	"Всего"	"1"	"Всего"	"1"	"Всего"	"1"	"Всего"	"1"	"1 055"
"Общая площадь введенных в эксплуатацию жилых зданий(Метр квадратный)"	"2018 год"	"201812"	"КАТОН-КАРАГАЙСКИЙ РАЙОН"	"21598"	"Всего"	"1"	"Всего"	"1"	"Всего"	"1"	"Всего"	"1"	"1 087"
"Общая площадь введенных в эксплуатацию жилых зданий(Метр квадратный)"	"2021 год"	"202112"	"КАТОН-КАРАГАЙСКИЙ РАЙОН"	"21598"	"Всего"	"1"	"Всего"	"1"	"Всего"	"1"	"Всего"	"1"	"7 461"
"Общая площадь введенных в эксплуатацию жилых зданий(Метр квадратный)"	"2022 год"	"202212"	"КАТОН-КАРАГАЙСКИЙ РАЙОН"	"21598"	"Всего"	"1"	"Всего"	"1"	"Всего"	"1"	"Всего"	"1"	"3 350"
"Общая площадь введенных в эксплуатацию жилых зданий(Метр квадратный)"	"2016 год"	"201612"	"КАТОН-КАРАГАЙСКИЙ РАЙОН"	"21598"	"сельская местность"	"3"	"Всего"	"1"	"Всего"	"1"	"Всего"	"1"	"734"
"Общая площадь введенных в эксплуатацию жилых зданий(Метр квадратный)"	"2020 год"	"202012"	"КАТОН-КАРАГАЙСКИЙ РАЙОН"	"21598"	"сельская местность"	"3"	"Всего"	"1"	"Всего"	"1"	"Всего"	"1"	"3 377"
"Общая площадь введенных в эксплуатацию жилых зданий(Метр квадратный)"	"2014 год"	"201412"	"КАТОН-КАРАГАЙСКИЙ РАЙОН"	"21598"	"сельская местность"	"3"	"Всего"	"1"	"Всего"	"1"	"Всего"	"1"	"1 355"
"Общая площадь введенных в эксплуатацию жилых зданий(Метр квадратный)"	"2019 год"	"201912"	"КАТОН-КАРАГАЙСКИЙ РАЙОН"	"21598"	"сельская местность"	"3"	"Всего"	"1"	"Всего"	"1"	"Всего"	"1"	"1 690"
"Общая площадь введенных в эксплуатацию жилых зданий(Метр квадратный)"	"2015 год"	"201512"	"КАТОН-КАРАГАЙСКИЙ РАЙОН"	"21598"	"сельская местность"	"3"	"Всего"	"1"	"Всего"	"1"	"Всего"	"1"	"2 005"
"Общая площадь введенных в эксплуатацию жилых зданий(Метр квадратный)"	"2017 год"	"201712"	"КАТОН-КАРАГАЙСКИЙ РАЙОН"	"21598"	"сельская местность"	"3"	"Всего"	"1"	"Всего"	"1"	"Всего"	"1"	"1 055"
"Общая площадь введенных в эксплуатацию жилых зданий(Метр квадратный)"	"2018 год"	"201812"	"КАТОН-КАРАГАЙСКИЙ РАЙОН"	"21598"	"сельская местность"	"3"	"Всего"	"1"	"Всего"	"1"	"Всего"	"1"	"1 087"
"Общая площадь введенных в эксплуатацию жилых зданий(Метр квадратный)"	"2021 год"	"202112"	"КАТОН-КАРАГАЙСКИЙ РАЙОН"	"21598"	"сельская местность"	"3"	"Всего"	"1"	"Всего"	"1"	"Всего"	"1"	"7 461"
"Общая площадь введенных в эксплуатацию жилых зданий(Метр квадратный)"	"2022 год"	"202212"	"КАТОН-КАРАГАЙСКИЙ РАЙОН"	"21598"	"сельская местность"	"3"	"Всего"	"1"	"Всего"	"1"	"Всего"	"1"	"3 350"
"Общая площадь введенных в эксплуатацию жилых зданий(Метр квадратный)"	"2016 год"	"201612"	"ТАРБАГАТАЙСКИЙ РАЙОН"	"21666"	"Всего"	"1"	"Всего"	"1"	"Всего"	"1"	"Всего"	"1"	"7 601"
"Общая площадь введенных в эксплуатацию жилых зданий(Метр квадратный)"	"2020 год"	"202012"	"ТАРБАГАТАЙСКИЙ РАЙОН"	"21666"	"Всего"	"1"	"Всего"	"1"	"Всего"	"1"	"Всего"	"1"	"17 510"
"Общая площадь введенных в эксплуатацию жилых зданий(Метр квадратный)"	"2014 год"	"201412"	"ТАРБАГАТАЙСКИЙ РАЙОН"	"21666"	"Всего"	"1"	"Всего"	"1"	"Всего"	"1"	"Всего"	"1"	"6 398"
"Общая площадь введенных в эксплуатацию жилых зданий(Метр квадратный)"	"2019 год"	"201912"	"ТАРБАГАТАЙСКИЙ РАЙОН"	"21666"	"Всего"	"1"	"Всего"	"1"	"Всего"	"1"	"Всего"	"1"	"9 020"
"Общая площадь введенных в эксплуатацию жилых зданий(Метр квадратный)"	"2015 год"	"201512"	"ТАРБАГАТАЙСКИЙ РАЙОН"	"21666"	"Всего"	"1"	"Всего"	"1"	"Всего"	"1"	"Всего"	"1"	"6 472"
"Общая площадь введенных в эксплуатацию жилых зданий(Метр квадратный)"	"2017 год"	"201712"	"ТАРБАГАТАЙСКИЙ РАЙОН"	"21666"	"Всего"	"1"	"Всего"	"1"	"Всего"	"1"	"Всего"	"1"	"7 777"
"Общая площадь введенных в эксплуатацию жилых зданий(Метр квадратный)"	"2018 год"	"201812"	"ТАРБАГАТАЙСКИЙ РАЙОН"	"21666"	"Всего"	"1"	"Всего"	"1"	"Всего"	"1"	"Всего"	"1"	"7 466"
"Общая площадь введенных в эксплуатацию жилых зданий(Метр квадратный)"	"2021 год"	"202112"	"ТАРБАГАТАЙСКИЙ РАЙОН"	"21666"	"Всего"	"1"	"Всего"	"1"	"Всего"	"1"	"Всего"	"1"	"10 970"
"Общая площадь введенных в эксплуатацию жилых зданий(Метр квадратный)"	"2022 год"	"202212"	"ТАРБАГАТАЙСКИЙ РАЙОН"	"21666"	"Всего"	"1"	"Всего"	"1"	"Всего"	"1"	"Всего"	"1"	"3 749"
"Общая площадь введенных в эксплуатацию жилых зданий(Метр квадратный)"	"2016 год"	"201612"	"ТАРБАГАТАЙСКИЙ РАЙОН"	"21666"	"сельская местность"	"3"	"Всего"	"1"	"Всего"	"1"	"Всего"	"1"	"7 601"
"Общая площадь введенных в эксплуатацию жилых зданий(Метр квадратный)"	"2020 год"	"202012"	"ТАРБАГАТАЙСКИЙ РАЙОН"	"21666"	"сельская местность"	"3"	"Всего"	"1"	"Всего"	"1"	"Всего"	"1"	"17 510"
"Общая площадь введенных в эксплуатацию жилых зданий(Метр квадратный)"	"2014 год"	"201412"	"ТАРБАГАТАЙСКИЙ РАЙОН"	"21666"	"сельская местность"	"3"	"Всего"	"1"	"Всего"	"1"	"Всего"	"1"	"6 398"
"Общая площадь введенных в эксплуатацию жилых зданий(Метр квадратный)"	"2019 год"	"201912"	"ТАРБАГАТАЙСКИЙ РАЙОН"	"21666"	"сельская местность"	"3"	"Всего"	"1"	"Всего"	"1"	"Всего"	"1"	"9 020"
"Общая площадь введенных в эксплуатацию жилых зданий(Метр квадратный)"	"2015 год"	"201512"	"ТАРБАГАТАЙСКИЙ РАЙОН"	"21666"	"сельская местность"	"3"	"Всего"	"1"	"Всего"	"1"	"Всего"	"1"	"6 472"
"Общая площадь введенных в эксплуатацию жилых зданий(Метр квадратный)"	"2017 год"	"201712"	"ТАРБАГАТАЙСКИЙ РАЙОН"	"21666"	"сельская местность"	"3"	"Всего"	"1"	"Всего"	"1"	"Всего"	"1"	"7 777"
"Общая площадь введенных в эксплуатацию жилых зданий(Метр квадратный)"	"2018 год"	"201812"	"ТАРБАГАТАЙСКИЙ РАЙОН"	"21666"	"сельская местность"	"3"	"Всего"	"1"	"Всего"	"1"	"Всего"	"1"	"7 466"
"Общая площадь введенных в эксплуатацию жилых зданий(Метр квадратный)"	"2021 год"	"202112"	"ТАРБАГАТАЙСКИЙ РАЙОН"	"21666"	"сельская местность"	"3"	"Всего"	"1"	"Всего"	"1"	"Всего"	"1"	"10 970"
"Общая площадь введенных в эксплуатацию жилых зданий(Метр квадратный)"	"2022 год"	"202212"	"ТАРБАГАТАЙСКИЙ РАЙОН"	"21666"	"сельская местность"	"3"	"Всего"	"1"	"Всего"	"1"	"Всего"	"1"	"3 749"
"Общая площадь введенных в эксплуатацию жилых зданий(Метр квадратный)"	"2016 год"	"201612"	"УЛАНСКИЙ РАЙОН"	"22410"	"Всего"	"1"	"Всего"	"1"	"Всего"	"1"	"Всего"	"1"	"9 676"
"Общая площадь введенных в эксплуатацию жилых зданий(Метр квадратный)"	"2020 год"	"202012"	"УЛАНСКИЙ РАЙОН"	"22410"	"Всего"	"1"	"Всего"	"1"	"Всего"	"1"	"Всего"	"1"	"17 830"
"Общая площадь введенных в эксплуатацию жилых зданий(Метр квадратный)"	"2014 год"	"201412"	"УЛАНСКИЙ РАЙОН"	"22410"	"Всего"	"1"	"Всего"	"1"	"Всего"	"1"	"Всего"	"1"	"10 382"
"Общая площадь введенных в эксплуатацию жилых зданий(Метр квадратный)"	"2019 год"	"201912"	"УЛАНСКИЙ РАЙОН"	"22410"	"Всего"	"1"	"Всего"	"1"	"Всего"	"1"	"Всего"	"1"	"6 109"
"Общая площадь введенных в эксплуатацию жилых зданий(Метр квадратный)"	"2015 год"	"201512"	"УЛАНСКИЙ РАЙОН"	"22410"	"Всего"	"1"	"Всего"	"1"	"Всего"	"1"	"Всего"	"1"	"12 837"
"Общая площадь введенных в эксплуатацию жилых зданий(Метр квадратный)"	"2017 год"	"201712"	"УЛАНСКИЙ РАЙОН"	"22410"	"Всего"	"1"	"Всего"	"1"	"Всего"	"1"	"Всего"	"1"	"10 348"
"Общая площадь введенных в эксплуатацию жилых зданий(Метр квадратный)"	"2018 год"	"201812"	"УЛАНСКИЙ РАЙОН"	"22410"	"Всего"	"1"	"Всего"	"1"	"Всего"	"1"	"Всего"	"1"	"4 652"
"Общая площадь введенных в эксплуатацию жилых зданий(Метр квадратный)"	"2021 год"	"202112"	"УЛАНСКИЙ РАЙОН"	"22410"	"Всего"	"1"	"Всего"	"1"	"Всего"	"1"	"Всего"	"1"	"8 327"
"Общая площадь введенных в эксплуатацию жилых зданий(Метр квадратный)"	"2022 год"	"202212"	"УЛАНСКИЙ РАЙОН"	"22410"	"Всего"	"1"	"Всего"	"1"	"Всего"	"1"	"Всего"	"1"	"13 813"
"Общая площадь введенных в эксплуатацию жилых зданий(Метр квадратный)"	"2016 год"	"201612"	"УЛАНСКИЙ РАЙОН"	"22410"	"сельская местность"	"3"	"Всего"	"1"	"Всего"	"1"	"Всего"	"1"	"9 676"
"Общая площадь введенных в эксплуатацию жилых зданий(Метр квадратный)"	"2020 год"	"202012"	"УЛАНСКИЙ РАЙОН"	"22410"	"сельская местность"	"3"	"Всего"	"1"	"Всего"	"1"	"Всего"	"1"	"17 830"
"Общая площадь введенных в эксплуатацию жилых зданий(Метр квадратный)"	"2014 год"	"201412"	"УЛАНСКИЙ РАЙОН"	"22410"	"сельская местность"	"3"	"Всего"	"1"	"Всего"	"1"	"Всего"	"1"	"10 382"
"Общая площадь введенных в эксплуатацию жилых зданий(Метр квадратный)"	"2019 год"	"201912"	"УЛАНСКИЙ РАЙОН"	"22410"	"сельская местность"	"3"	"Всего"	"1"	"Всего"	"1"	"Всего"	"1"	"6 109"
"Общая площадь введенных в эксплуатацию жилых зданий(Метр квадратный)"	"2015 год"	"201512"	"УЛАНСКИЙ РАЙОН"	"22410"	"сельская местность"	"3"	"Всего"	"1"	"Всего"	"1"	"Всего"	"1"	"12 837"
"Общая площадь введенных в эксплуатацию жилых зданий(Метр квадратный)"	"2017 год"	"201712"	"УЛАНСКИЙ РАЙОН"	"22410"	"сельская местность"	"3"	"Всего"	"1"	"Всего"	"1"	"Всего"	"1"	"10 348"
"Общая площадь введенных в эксплуатацию жилых зданий(Метр квадратный)"	"2018 год"	"201812"	"УЛАНСКИЙ РАЙОН"	"22410"	"сельская местность"	"3"	"Всего"	"1"	"Всего"	"1"	"Всего"	"1"	"4 652"
"Общая площадь введенных в эксплуатацию жилых зданий(Метр квадратный)"	"2021 год"	"202112"	"УЛАНСКИЙ РАЙОН"	"22410"	"сельская местность"	"3"	"Всего"	"1"	"Всего"	"1"	"Всего"	"1"	"8 327"
"Общая площадь введенных в эксплуатацию жилых зданий(Метр квадратный)"	"2022 год"	"202212"	"УЛАНСКИЙ РАЙОН"	"22410"	"сельская местность"	"3"	"Всего"	"1"	"Всего"	"1"	"Всего"	"1"	"13 813"
"Общая площадь введенных в эксплуатацию жилых зданий(Метр квадратный)"	"2016 год"	"201612"	"УРДЖАРСКИЙ РАЙОН"	"22536"	"Всего"	"1"	"Всего"	"1"	"Всего"	"1"	"Всего"	"1"	"6 211"
"Общая площадь введенных в эксплуатацию жилых зданий(Метр квадратный)"	"2020 год"	"202012"	"УРДЖАРСКИЙ РАЙОН"	"22536"	"Всего"	"1"	"Всего"	"1"	"Всего"	"1"	"Всего"	"1"	"15 295"
"Общая площадь введенных в эксплуатацию жилых зданий(Метр квадратный)"	"2014 год"	"201412"	"УРДЖАРСКИЙ РАЙОН"	"22536"	"Всего"	"1"	"Всего"	"1"	"Всего"	"1"	"Всего"	"1"	"6 104"
"Общая площадь введенных в эксплуатацию жилых зданий(Метр квадратный)"	"2019 год"	"201912"	"УРДЖАРСКИЙ РАЙОН"	"22536"	"Всего"	"1"	"Всего"	"1"	"Всего"	"1"	"Всего"	"1"	"12 874"
"Общая площадь введенных в эксплуатацию жилых зданий(Метр квадратный)"	"2015 год"	"201512"	"УРДЖАРСКИЙ РАЙОН"	"22536"	"Всего"	"1"	"Всего"	"1"	"Всего"	"1"	"Всего"	"1"	"8 283"
"Общая площадь введенных в эксплуатацию жилых зданий(Метр квадратный)"	"2017 год"	"201712"	"УРДЖАРСКИЙ РАЙОН"	"22536"	"Всего"	"1"	"Всего"	"1"	"Всего"	"1"	"Всего"	"1"	"7 102"
"Общая площадь введенных в эксплуатацию жилых зданий(Метр квадратный)"	"2018 год"	"201812"	"УРДЖАРСКИЙ РАЙОН"	"22536"	"Всего"	"1"	"Всего"	"1"	"Всего"	"1"	"Всего"	"1"	"7 400"
"Общая площадь введенных в эксплуатацию жилых зданий(Метр квадратный)"	"2021 год"	"202112"	"УРДЖАРСКИЙ РАЙОН"	"22536"	"Всего"	"1"	"Всего"	"1"	"Всего"	"1"	"Всего"	"1"	"15 963"
"Общая площадь введенных в эксплуатацию жилых зданий(Метр квадратный)"	"2022 год"	"202212"	"УРДЖАРСКИЙ РАЙОН"	"22536"	"Всего"	"1"	"Всего"	"1"	"Всего"	"1"	"Всего"	"1"	"16 034"
"Общая площадь введенных в эксплуатацию жилых зданий(Метр квадратный)"	"2016 год"	"201612"	"УРДЖАРСКИЙ РАЙОН"	"22536"	"сельская местность"	"3"	"Всего"	"1"	"Всего"	"1"	"Всего"	"1"	"6 211"
"Общая площадь введенных в эксплуатацию жилых зданий(Метр квадратный)"	"2020 год"	"202012"	"УРДЖАРСКИЙ РАЙОН"	"22536"	"сельская местность"	"3"	"Всего"	"1"	"Всего"	"1"	"Всего"	"1"	"15 295"
"Общая площадь введенных в эксплуатацию жилых зданий(Метр квадратный)"	"2014 год"	"201412"	"УРДЖАРСКИЙ РАЙОН"	"22536"	"сельская местность"	"3"	"Всего"	"1"	"Всего"	"1"	"Всего"	"1"	"6 104"
"Общая площадь введенных в эксплуатацию жилых зданий(Метр квадратный)"	"2019 год"	"201912"	"УРДЖАРСКИЙ РАЙОН"	"22536"	"сельская местность"	"3"	"Всего"	"1"	"Всего"	"1"	"Всего"	"1"	"12 874"
"Общая площадь введенных в эксплуатацию жилых зданий(Метр квадратный)"	"2015 год"	"201512"	"УРДЖАРСКИЙ РАЙОН"	"22536"	"сельская местность"	"3"	"Всего"	"1"	"Всего"	"1"	"Всего"	"1"	"8 283"
"Общая площадь введенных в эксплуатацию жилых зданий(Метр квадратный)"	"2018 год"	"201812"	"УРДЖАРСКИЙ РАЙОН"	"22536"	"сельская местность"	"3"	"Всего"	"1"	"Всего"	"1"	"Всего"	"1"	"7 400"
"Общая площадь введенных в эксплуатацию жилых зданий(Метр квадратный)"	"2017 год"	"201712"	"УРДЖАРСКИЙ РАЙОН"	"22536"	"сельская местность"	"3"	"Всего"	"1"	"Всего"	"1"	"Всего"	"1"	"7 102"
"Общая площадь введенных в эксплуатацию жилых зданий(Метр квадратный)"	"2021 год"	"202112"	"УРДЖАРСКИЙ РАЙОН"	"22536"	"сельская местность"	"3"	"Всего"	"1"	"Всего"	"1"	"Всего"	"1"	"15 963"
"Общая площадь введенных в эксплуатацию жилых зданий(Метр квадратный)"	"2022 год"	"202212"	"УРДЖАРСКИЙ РАЙОН"	"22536"	"сельская местность"	"3"	"Всего"	"1"	"Всего"	"1"	"Всего"	"1"	"16 034"
"Общая площадь введенных в эксплуатацию жилых зданий(Метр квадратный)"	"2016 год"	"201612"	"ШЕМОНАИХИНСКИЙ РАЙОН"	"22635"	"Всего"	"1"	"Всего"	"1"	"Всего"	"1"	"Всего"	"1"	"4 002"
"Общая площадь введенных в эксплуатацию жилых зданий(Метр квадратный)"	"2020 год"	"202012"	"ШЕМОНАИХИНСКИЙ РАЙОН"	"22635"	"Всего"	"1"	"Всего"	"1"	"Всего"	"1"	"Всего"	"1"	"6 677"
"Общая площадь введенных в эксплуатацию жилых зданий(Метр квадратный)"	"2014 год"	"201412"	"ШЕМОНАИХИНСКИЙ РАЙОН"	"22635"	"Всего"	"1"	"Всего"	"1"	"Всего"	"1"	"Всего"	"1"	"10 603"
"Общая площадь введенных в эксплуатацию жилых зданий(Метр квадратный)"	"2019 год"	"201912"	"ШЕМОНАИХИНСКИЙ РАЙОН"	"22635"	"Всего"	"1"	"Всего"	"1"	"Всего"	"1"	"Всего"	"1"	"5 335"
"Общая площадь введенных в эксплуатацию жилых зданий(Метр квадратный)"	"2015 год"	"201512"	"ШЕМОНАИХИНСКИЙ РАЙОН"	"22635"	"Всего"	"1"	"Всего"	"1"	"Всего"	"1"	"Всего"	"1"	"6 988"
"Общая площадь введенных в эксплуатацию жилых зданий(Метр квадратный)"	"2017 год"	"201712"	"ШЕМОНАИХИНСКИЙ РАЙОН"	"22635"	"Всего"	"1"	"Всего"	"1"	"Всего"	"1"	"Всего"	"1"	"4 505"
"Общая площадь введенных в эксплуатацию жилых зданий(Метр квадратный)"	"2018 год"	"201812"	"ШЕМОНАИХИНСКИЙ РАЙОН"	"22635"	"Всего"	"1"	"Всего"	"1"	"Всего"	"1"	"Всего"	"1"	"9 739"
"Общая площадь введенных в эксплуатацию жилых зданий(Метр квадратный)"	"2021 год"	"202112"	"ШЕМОНАИХИНСКИЙ РАЙОН"	"22635"	"Всего"	"1"	"Всего"	"1"	"Всего"	"1"	"Всего"	"1"	"6 702"
"Общая площадь введенных в эксплуатацию жилых зданий(Метр квадратный)"	"2022 год"	"202212"	"ШЕМОНАИХИНСКИЙ РАЙОН"	"22635"	"Всего"	"1"	"Всего"	"1"	"Всего"	"1"	"Всего"	"1"	"10 169"
"Общая площадь введенных в эксплуатацию жилых зданий(Метр квадратный)"	"2016 год"	"201612"	"ШЕМОНАИХИНСКИЙ РАЙОН"	"22635"	"городская местность"	"2"	"Всего"	"1"	"Всего"	"1"	"Всего"	"1"	"2 206"
"Общая площадь введенных в эксплуатацию жилых зданий(Метр квадратный)"	"2020 год"	"202012"	"ШЕМОНАИХИНСКИЙ РАЙОН"	"22635"	"городская местность"	"2"	"Всего"	"1"	"Всего"	"1"	"Всего"	"1"	"4 036"
"Общая площадь введенных в эксплуатацию жилых зданий(Метр квадратный)"	"2014 год"	"201412"	"ШЕМОНАИХИНСКИЙ РАЙОН"	"22635"	"городская местность"	"2"	"Всего"	"1"	"Всего"	"1"	"Всего"	"1"	"4 103"
"Общая площадь введенных в эксплуатацию жилых зданий(Метр квадратный)"	"2019 год"	"201912"	"ШЕМОНАИХИНСКИЙ РАЙОН"	"22635"	"городская местность"	"2"	"Всего"	"1"	"Всего"	"1"	"Всего"	"1"	"2 878"
"Общая площадь введенных в эксплуатацию жилых зданий(Метр квадратный)"	"2015 год"	"201512"	"ШЕМОНАИХИНСКИЙ РАЙОН"	"22635"	"городская местность"	"2"	"Всего"	"1"	"Всего"	"1"	"Всего"	"1"	"4 018"
"Общая площадь введенных в эксплуатацию жилых зданий(Метр квадратный)"	"2017 год"	"201712"	"ШЕМОНАИХИНСКИЙ РАЙОН"	"22635"	"городская местность"	"2"	"Всего"	"1"	"Всего"	"1"	"Всего"	"1"	"2 400"
"Общая площадь введенных в эксплуатацию жилых зданий(Метр квадратный)"	"2018 год"	"201812"	"ШЕМОНАИХИНСКИЙ РАЙОН"	"22635"	"городская местность"	"2"	"Всего"	"1"	"Всего"	"1"	"Всего"	"1"	"8 123"
"Общая площадь введенных в эксплуатацию жилых зданий(Метр квадратный)"	"2021 год"	"202112"	"ШЕМОНАИХИНСКИЙ РАЙОН"	"22635"	"городская местность"	"2"	"Всего"	"1"	"Всего"	"1"	"Всего"	"1"	"2 951"
"Общая площадь введенных в эксплуатацию жилых зданий(Метр квадратный)"	"2022 год"	"202212"	"ШЕМОНАИХИНСКИЙ РАЙОН"	"22635"	"городская местность"	"2"	"Всего"	"1"	"Всего"	"1"	"Всего"	"1"	"8 217"
"Общая площадь введенных в эксплуатацию жилых зданий(Метр квадратный)"	"2016 год"	"201612"	"ШЕМОНАИХИНСКИЙ РАЙОН"	"22635"	"сельская местность"	"3"	"Всего"	"1"	"Всего"	"1"	"Всего"	"1"	"1 796"
"Общая площадь введенных в эксплуатацию жилых зданий(Метр квадратный)"	"2020 год"	"202012"	"ШЕМОНАИХИНСКИЙ РАЙОН"	"22635"	"сельская местность"	"3"	"Всего"	"1"	"Всего"	"1"	"Всего"	"1"	"2 641"
"Общая площадь введенных в эксплуатацию жилых зданий(Метр квадратный)"	"2014 год"	"201412"	"ШЕМОНАИХИНСКИЙ РАЙОН"	"22635"	"сельская местность"	"3"	"Всего"	"1"	"Всего"	"1"	"Всего"	"1"	"6 500"
"Общая площадь введенных в эксплуатацию жилых зданий(Метр квадратный)"	"2019 год"	"201912"	"ШЕМОНАИХИНСКИЙ РАЙОН"	"22635"	"сельская местность"	"3"	"Всего"	"1"	"Всего"	"1"	"Всего"	"1"	"2 457"
"Общая площадь введенных в эксплуатацию жилых зданий(Метр квадратный)"	"2015 год"	"201512"	"ШЕМОНАИХИНСКИЙ РАЙОН"	"22635"	"сельская местность"	"3"	"Всего"	"1"	"Всего"	"1"	"Всего"	"1"	"2 970"
"Общая площадь введенных в эксплуатацию жилых зданий(Метр квадратный)"	"2017 год"	"201712"	"ШЕМОНАИХИНСКИЙ РАЙОН"	"22635"	"сельская местность"	"3"	"Всего"	"1"	"Всего"	"1"	"Всего"	"1"	"2 105"
"Общая площадь введенных в эксплуатацию жилых зданий(Метр квадратный)"	"2018 год"	"201812"	"ШЕМОНАИХИНСКИЙ РАЙОН"	"22635"	"сельская местность"	"3"	"Всего"	"1"	"Всего"	"1"	"Всего"	"1"	"1 616"
"Общая площадь введенных в эксплуатацию жилых зданий(Метр квадратный)"	"2021 год"	"202112"	"ШЕМОНАИХИНСКИЙ РАЙОН"	"22635"	"сельская местность"	"3"	"Всего"	"1"	"Всего"	"1"	"Всего"	"1"	"3 751"
"Общая площадь введенных в эксплуатацию жилых зданий(Метр квадратный)"	"2022 год"	"202212"	"ШЕМОНАИХИНСКИЙ РАЙОН"	"22635"	"сельская местность"	"3"	"Всего"	"1"	"Всего"	"1"	"Всего"	"1"	"1 952"
"Общая площадь введенных в эксплуатацию жилых зданий(Метр квадратный)"	"2016 год"	"201612"	"Г.АСТАНА"	"22691"	"Всего"	"1"	"Всего"	"1"	"Всего"	"1"	"Всего"	"1"	"2 256 920"
"Общая площадь введенных в эксплуатацию жилых зданий(Метр квадратный)"	"2020 год"	"202012"	"Г.АСТАНА"	"22691"	"Всего"	"1"	"Всего"	"1"	"Всего"	"1"	"Всего"	"1"	"3 078 861"
"Общая площадь введенных в эксплуатацию жилых зданий(Метр квадратный)"	"2014 год"	"201412"	"Г.АСТАНА"	"22691"	"Всего"	"1"	"Всего"	"1"	"Всего"	"1"	"Всего"	"1"	"1 206 387"
"Общая площадь введенных в эксплуатацию жилых зданий(Метр квадратный)"	"2019 год"	"201912"	"Г.АСТАНА"	"22691"	"Всего"	"1"	"Всего"	"1"	"Всего"	"1"	"Всего"	"1"	"1 783 663"
"Общая площадь введенных в эксплуатацию жилых зданий(Метр квадратный)"	"2015 год"	"201512"	"Г.АСТАНА"	"22691"	"Всего"	"1"	"Всего"	"1"	"Всего"	"1"	"Всего"	"1"	"1 758 825"
"Общая площадь введенных в эксплуатацию жилых зданий(Метр квадратный)"	"2017 год"	"201712"	"Г.АСТАНА"	"22691"	"Всего"	"1"	"Всего"	"1"	"Всего"	"1"	"Всего"	"1"	"2 359 666"
"Общая площадь введенных в эксплуатацию жилых зданий(Метр квадратный)"	"2018 год"	"201812"	"Г.АСТАНА"	"22691"	"Всего"	"1"	"Всего"	"1"	"Всего"	"1"	"Всего"	"1"	"2 378 052"
"Общая площадь введенных в эксплуатацию жилых зданий(Метр квадратный)"	"2021 год"	"202112"	"Г.АСТАНА"	"22691"	"Всего"	"1"	"Всего"	"1"	"Всего"	"1"	"Всего"	"1"	"3 144 894"
"Общая площадь введенных в эксплуатацию жилых зданий(Метр квадратный)"	"2022 год"	"202212"	"Г.АСТАНА"	"22691"	"Всего"	"1"	"Всего"	"1"	"Всего"	"1"	"Всего"	"1"	"2 410 093"
"Общая площадь введенных в эксплуатацию жилых зданий(Метр квадратный)"	"2016 год"	"201612"	"Г.АСТАНА"	"22691"	"городская местность"	"2"	"Всего"	"1"	"Всего"	"1"	"Всего"	"1"	"2 256 920"
"Общая площадь введенных в эксплуатацию жилых зданий(Метр квадратный)"	"2020 год"	"202012"	"Г.АСТАНА"	"22691"	"городская местность"	"2"	"Всего"	"1"	"Всего"	"1"	"Всего"	"1"	"3 078 861"
"Общая площадь введенных в эксплуатацию жилых зданий(Метр квадратный)"	"2014 год"	"201412"	"Г.АСТАНА"	"22691"	"городская местность"	"2"	"Всего"	"1"	"Всего"	"1"	"Всего"	"1"	"1 206 387"
"Общая площадь введенных в эксплуатацию жилых зданий(Метр квадратный)"	"2019 год"	"201912"	"Г.АСТАНА"	"22691"	"городская местность"	"2"	"Всего"	"1"	"Всего"	"1"	"Всего"	"1"	"1 783 663"
"Общая площадь введенных в эксплуатацию жилых зданий(Метр квадратный)"	"2015 год"	"201512"	"Г.АСТАНА"	"22691"	"городская местность"	"2"	"Всего"	"1"	"Всего"	"1"	"Всего"	"1"	"1 758 825"
"Общая площадь введенных в эксплуатацию жилых зданий(Метр квадратный)"	"2017 год"	"201712"	"Г.АСТАНА"	"22691"	"городская местность"	"2"	"Всего"	"1"	"Всего"	"1"	"Всего"	"1"	"2 359 666"
"Общая площадь введенных в эксплуатацию жилых зданий(Метр квадратный)"	"2018 год"	"201812"	"Г.АСТАНА"	"22691"	"городская местность"	"2"	"Всего"	"1"	"Всего"	"1"	"Всего"	"1"	"2 378 052"
"Общая площадь введенных в эксплуатацию жилых зданий(Метр квадратный)"	"2021 год"	"202112"	"Г.АСТАНА"	"22691"	"городская местность"	"2"	"Всего"	"1"	"Всего"	"1"	"Всего"	"1"	"3 144 894"
"Общая площадь введенных в эксплуатацию жилых зданий(Метр квадратный)"	"2022 год"	"202212"	"Г.АСТАНА"	"22691"	"городская местность"	"2"	"Всего"	"1"	"Всего"	"1"	"Всего"	"1"	"2 410 093"
"Общая площадь введенных в эксплуатацию жилых зданий(Метр квадратный)"	"2016 год"	"201612"	"РАЙОН АЛМАТЫ"	"22694"	"Всего"	"1"	"Всего"	"1"	"Всего"	"1"	"Всего"	"1"	"721 856"
"Общая площадь введенных в эксплуатацию жилых зданий(Метр квадратный)"	"2020 год"	"202012"	"РАЙОН АЛМАТЫ"	"22694"	"Всего"	"1"	"Всего"	"1"	"Всего"	"1"	"Всего"	"1"	"697 489"
"Общая площадь введенных в эксплуатацию жилых зданий(Метр квадратный)"	"2014 год"	"201412"	"РАЙОН АЛМАТЫ"	"22694"	"Всего"	"1"	"Всего"	"1"	"Всего"	"1"	"Всего"	"1"	"502 527"
"Общая площадь введенных в эксплуатацию жилых зданий(Метр квадратный)"	"2019 год"	"201912"	"РАЙОН АЛМАТЫ"	"22694"	"Всего"	"1"	"Всего"	"1"	"Всего"	"1"	"Всего"	"1"	"288 835"
"Общая площадь введенных в эксплуатацию жилых зданий(Метр квадратный)"	"2015 год"	"201512"	"РАЙОН АЛМАТЫ"	"22694"	"Всего"	"1"	"Всего"	"1"	"Всего"	"1"	"Всего"	"1"	"633 762"
"Общая площадь введенных в эксплуатацию жилых зданий(Метр квадратный)"	"2017 год"	"201712"	"РАЙОН АЛМАТЫ"	"22694"	"Всего"	"1"	"Всего"	"1"	"Всего"	"1"	"Всего"	"1"	"535 481"
"Общая площадь введенных в эксплуатацию жилых зданий(Метр квадратный)"	"2018 год"	"201812"	"РАЙОН АЛМАТЫ"	"22694"	"Всего"	"1"	"Всего"	"1"	"Всего"	"1"	"Всего"	"1"	"635 407"
"Общая площадь введенных в эксплуатацию жилых зданий(Метр квадратный)"	"2021 год"	"202112"	"РАЙОН АЛМАТЫ"	"22694"	"Всего"	"1"	"Всего"	"1"	"Всего"	"1"	"Всего"	"1"	"452 491"
"Общая площадь введенных в эксплуатацию жилых зданий(Метр квадратный)"	"2022 год"	"202212"	"РАЙОН АЛМАТЫ"	"22694"	"Всего"	"1"	"Всего"	"1"	"Всего"	"1"	"Всего"	"1"	"605 883"
"Общая площадь введенных в эксплуатацию жилых зданий(Метр квадратный)"	"2016 год"	"201612"	"РАЙОН АЛМАТЫ"	"22694"	"городская местность"	"2"	"Всего"	"1"	"Всего"	"1"	"Всего"	"1"	"721 856"
"Общая площадь введенных в эксплуатацию жилых зданий(Метр квадратный)"	"2020 год"	"202012"	"РАЙОН АЛМАТЫ"	"22694"	"городская местность"	"2"	"Всего"	"1"	"Всего"	"1"	"Всего"	"1"	"697 489"
"Общая площадь введенных в эксплуатацию жилых зданий(Метр квадратный)"	"2014 год"	"201412"	"РАЙОН АЛМАТЫ"	"22694"	"городская местность"	"2"	"Всего"	"1"	"Всего"	"1"	"Всего"	"1"	"502 527"
"Общая площадь введенных в эксплуатацию жилых зданий(Метр квадратный)"	"2019 год"	"201912"	"РАЙОН АЛМАТЫ"	"22694"	"городская местность"	"2"	"Всего"	"1"	"Всего"	"1"	"Всего"	"1"	"288 835"
"Общая площадь введенных в эксплуатацию жилых зданий(Метр квадратный)"	"2015 год"	"201512"	"РАЙОН АЛМАТЫ"	"22694"	"городская местность"	"2"	"Всего"	"1"	"Всего"	"1"	"Всего"	"1"	"633 762"
"Общая площадь введенных в эксплуатацию жилых зданий(Метр квадратный)"	"2017 год"	"201712"	"РАЙОН АЛМАТЫ"	"22694"	"городская местность"	"2"	"Всего"	"1"	"Всего"	"1"	"Всего"	"1"	"535 481"
"Общая площадь введенных в эксплуатацию жилых зданий(Метр квадратный)"	"2018 год"	"201812"	"РАЙОН АЛМАТЫ"	"22694"	"городская местность"	"2"	"Всего"	"1"	"Всего"	"1"	"Всего"	"1"	"635 407"
"Общая площадь введенных в эксплуатацию жилых зданий(Метр квадратный)"	"2021 год"	"202112"	"РАЙОН АЛМАТЫ"	"22694"	"городская местность"	"2"	"Всего"	"1"	"Всего"	"1"	"Всего"	"1"	"452 491"
"Общая площадь введенных в эксплуатацию жилых зданий(Метр квадратный)"	"2022 год"	"202212"	"РАЙОН АЛМАТЫ"	"22694"	"городская местность"	"2"	"Всего"	"1"	"Всего"	"1"	"Всего"	"1"	"605 883"
"Общая площадь введенных в эксплуатацию жилых зданий(Метр квадратный)"	"2016 год"	"201612"	"РАЙОН ЕСИЛЬ"	"22696"	"Всего"	"1"	"Всего"	"1"	"Всего"	"1"	"Всего"	"1"	"1 383 794"
"Общая площадь введенных в эксплуатацию жилых зданий(Метр квадратный)"	"2020 год"	"202012"	"РАЙОН ЕСИЛЬ"	"22696"	"Всего"	"1"	"Всего"	"1"	"Всего"	"1"	"Всего"	"1"	"2 039 151"
"Общая площадь введенных в эксплуатацию жилых зданий(Метр квадратный)"	"2014 год"	"201412"	"РАЙОН ЕСИЛЬ"	"22696"	"Всего"	"1"	"Всего"	"1"	"Всего"	"1"	"Всего"	"1"	"540 661"
"Общая площадь введенных в эксплуатацию жилых зданий(Метр квадратный)"	"2019 год"	"201912"	"РАЙОН ЕСИЛЬ"	"22696"	"Всего"	"1"	"Всего"	"1"	"Всего"	"1"	"Всего"	"1"	"1 232 917"
"Общая площадь введенных в эксплуатацию жилых зданий(Метр квадратный)"	"2015 год"	"201512"	"РАЙОН ЕСИЛЬ"	"22696"	"Всего"	"1"	"Всего"	"1"	"Всего"	"1"	"Всего"	"1"	"925 247"
"Общая площадь введенных в эксплуатацию жилых зданий(Метр квадратный)"	"2017 год"	"201712"	"РАЙОН ЕСИЛЬ"	"22696"	"Всего"	"1"	"Всего"	"1"	"Всего"	"1"	"Всего"	"1"	"1 658 240"
"Общая площадь введенных в эксплуатацию жилых зданий(Метр квадратный)"	"2018 год"	"201812"	"РАЙОН ЕСИЛЬ"	"22696"	"Всего"	"1"	"Всего"	"1"	"Всего"	"1"	"Всего"	"1"	"1 611 851"
"Общая площадь введенных в эксплуатацию жилых зданий(Метр квадратный)"	"2021 год"	"202112"	"РАЙОН ЕСИЛЬ"	"22696"	"Всего"	"1"	"Всего"	"1"	"Всего"	"1"	"Всего"	"1"	"2 471 055"
"Общая площадь введенных в эксплуатацию жилых зданий(Метр квадратный)"	"2022 год"	"202212"	"РАЙОН ЕСИЛЬ"	"22696"	"Всего"	"1"	"Всего"	"1"	"Всего"	"1"	"Всего"	"1"	"1 554 432"
"Общая площадь введенных в эксплуатацию жилых зданий(Метр квадратный)"	"2016 год"	"201612"	"РАЙОН ЕСИЛЬ"	"22696"	"городская местность"	"2"	"Всего"	"1"	"Всего"	"1"	"Всего"	"1"	"1 383 794"
"Общая площадь введенных в эксплуатацию жилых зданий(Метр квадратный)"	"2020 год"	"202012"	"РАЙОН ЕСИЛЬ"	"22696"	"городская местность"	"2"	"Всего"	"1"	"Всего"	"1"	"Всего"	"1"	"2 039 151"
"Общая площадь введенных в эксплуатацию жилых зданий(Метр квадратный)"	"2014 год"	"201412"	"РАЙОН ЕСИЛЬ"	"22696"	"городская местность"	"2"	"Всего"	"1"	"Всего"	"1"	"Всего"	"1"	"540 661"
"Общая площадь введенных в эксплуатацию жилых зданий(Метр квадратный)"	"2019 год"	"201912"	"РАЙОН ЕСИЛЬ"	"22696"	"городская местность"	"2"	"Всего"	"1"	"Всего"	"1"	"Всего"	"1"	"1 232 917"
"Общая площадь введенных в эксплуатацию жилых зданий(Метр квадратный)"	"2015 год"	"201512"	"РАЙОН ЕСИЛЬ"	"22696"	"городская местность"	"2"	"Всего"	"1"	"Всего"	"1"	"Всего"	"1"	"925 247"
"Общая площадь введенных в эксплуатацию жилых зданий(Метр квадратный)"	"2017 год"	"201712"	"РАЙОН ЕСИЛЬ"	"22696"	"городская местность"	"2"	"Всего"	"1"	"Всего"	"1"	"Всего"	"1"	"1 658 240"
"Общая площадь введенных в эксплуатацию жилых зданий(Метр квадратный)"	"2018 год"	"201812"	"РАЙОН ЕСИЛЬ"	"22696"	"городская местность"	"2"	"Всего"	"1"	"Всего"	"1"	"Всего"	"1"	"1 611 851"
"Общая площадь введенных в эксплуатацию жилых зданий(Метр квадратный)"	"2021 год"	"202112"	"РАЙОН ЕСИЛЬ"	"22696"	"городская местность"	"2"	"Всего"	"1"	"Всего"	"1"	"Всего"	"1"	"2 471 055"
"Общая площадь введенных в эксплуатацию жилых зданий(Метр квадратный)"	"2022 год"	"202212"	"РАЙОН ЕСИЛЬ"	"22696"	"городская местность"	"2"	"Всего"	"1"	"Всего"	"1"	"Всего"	"1"	"1 554 432"
"Общая площадь введенных в эксплуатацию жилых зданий(Метр квадратный)"	"2016 год"	"201612"	"РАЙОН САРЫАРКА"	"22698"	"Всего"	"1"	"Всего"	"1"	"Всего"	"1"	"Всего"	"1"	"151 270"
"Общая площадь введенных в эксплуатацию жилых зданий(Метр квадратный)"	"2020 год"	"202012"	"РАЙОН САРЫАРКА"	"22698"	"Всего"	"1"	"Всего"	"1"	"Всего"	"1"	"Всего"	"1"	"239 506"
"Общая площадь введенных в эксплуатацию жилых зданий(Метр квадратный)"	"2014 год"	"201412"	"РАЙОН САРЫАРКА"	"22698"	"Всего"	"1"	"Всего"	"1"	"Всего"	"1"	"Всего"	"1"	"163 199"
"Общая площадь введенных в эксплуатацию жилых зданий(Метр квадратный)"	"2019 год"	"201912"	"РАЙОН САРЫАРКА"	"22698"	"Всего"	"1"	"Всего"	"1"	"Всего"	"1"	"Всего"	"1"	"140 583"
"Общая площадь введенных в эксплуатацию жилых зданий(Метр квадратный)"	"2015 год"	"201512"	"РАЙОН САРЫАРКА"	"22698"	"Всего"	"1"	"Всего"	"1"	"Всего"	"1"	"Всего"	"1"	"199 816"
"Общая площадь введенных в эксплуатацию жилых зданий(Метр квадратный)"	"2017 год"	"201712"	"РАЙОН САРЫАРКА"	"22698"	"Всего"	"1"	"Всего"	"1"	"Всего"	"1"	"Всего"	"1"	"165 945"
"Общая площадь введенных в эксплуатацию жилых зданий(Метр квадратный)"	"2018 год"	"201812"	"РАЙОН САРЫАРКА"	"22698"	"Всего"	"1"	"Всего"	"1"	"Всего"	"1"	"Всего"	"1"	"103 456"
"Общая площадь введенных в эксплуатацию жилых зданий(Метр квадратный)"	"2021 год"	"202112"	"РАЙОН САРЫАРКА"	"22698"	"Всего"	"1"	"Всего"	"1"	"Всего"	"1"	"Всего"	"1"	"197 528"
"Общая площадь введенных в эксплуатацию жилых зданий(Метр квадратный)"	"2022 год"	"202212"	"РАЙОН САРЫАРКА"	"22698"	"Всего"	"1"	"Всего"	"1"	"Всего"	"1"	"Всего"	"1"	"209 569"
"Общая площадь введенных в эксплуатацию жилых зданий(Метр квадратный)"	"2016 год"	"201612"	"РАЙОН САРЫАРКА"	"22698"	"городская местность"	"2"	"Всего"	"1"	"Всего"	"1"	"Всего"	"1"	"151 270"
"Общая площадь введенных в эксплуатацию жилых зданий(Метр квадратный)"	"2020 год"	"202012"	"РАЙОН САРЫАРКА"	"22698"	"городская местность"	"2"	"Всего"	"1"	"Всего"	"1"	"Всего"	"1"	"239 506"
"Общая площадь введенных в эксплуатацию жилых зданий(Метр квадратный)"	"2014 год"	"201412"	"РАЙОН САРЫАРКА"	"22698"	"городская местность"	"2"	"Всего"	"1"	"Всего"	"1"	"Всего"	"1"	"163 199"
"Общая площадь введенных в эксплуатацию жилых зданий(Метр квадратный)"	"2019 год"	"201912"	"РАЙОН САРЫАРКА"	"22698"	"городская местность"	"2"	"Всего"	"1"	"Всего"	"1"	"Всего"	"1"	"140 583"
"Общая площадь введенных в эксплуатацию жилых зданий(Метр квадратный)"	"2015 год"	"201512"	"РАЙОН САРЫАРКА"	"22698"	"городская местность"	"2"	"Всего"	"1"	"Всего"	"1"	"Всего"	"1"	"199 816"
"Общая площадь введенных в эксплуатацию жилых зданий(Метр квадратный)"	"2017 год"	"201712"	"РАЙОН САРЫАРКА"	"22698"	"городская местность"	"2"	"Всего"	"1"	"Всего"	"1"	"Всего"	"1"	"165 945"
"Общая площадь введенных в эксплуатацию жилых зданий(Метр квадратный)"	"2018 год"	"201812"	"РАЙОН САРЫАРКА"	"22698"	"городская местность"	"2"	"Всего"	"1"	"Всего"	"1"	"Всего"	"1"	"103 456"
"Общая площадь введенных в эксплуатацию жилых зданий(Метр квадратный)"	"2021 год"	"202112"	"РАЙОН САРЫАРКА"	"22698"	"городская местность"	"2"	"Всего"	"1"	"Всего"	"1"	"Всего"	"1"	"197 528"
"Общая площадь введенных в эксплуатацию жилых зданий(Метр квадратный)"	"2022 год"	"202212"	"РАЙОН САРЫАРКА"	"22698"	"городская местность"	"2"	"Всего"	"1"	"Всего"	"1"	"Всего"	"1"	"209 569"
"Общая площадь введенных в эксплуатацию жилых зданий(Метр квадратный)"	"2020 год"	"202012"	"РАЙОН БАЙҚОҢЫР"	"22699"	"Всего"	"1"	"Всего"	"1"	"Всего"	"1"	"Всего"	"1"	"102 715"
"Общая площадь введенных в эксплуатацию жилых зданий(Метр квадратный)"	"2019 год"	"201912"	"РАЙОН БАЙҚОҢЫР"	"22699"	"Всего"	"1"	"Всего"	"1"	"Всего"	"1"	"Всего"	"1"	"121 328"
"Общая площадь введенных в эксплуатацию жилых зданий(Метр квадратный)"	"2018 год"	"201812"	"РАЙОН БАЙҚОҢЫР"	"22699"	"Всего"	"1"	"Всего"	"1"	"Всего"	"1"	"Всего"	"1"	"27 338"
"Общая площадь введенных в эксплуатацию жилых зданий(Метр квадратный)"	"2021 год"	"202112"	"РАЙОН БАЙҚОҢЫР"	"22699"	"Всего"	"1"	"Всего"	"1"	"Всего"	"1"	"Всего"	"1"	"23 820"
"Общая площадь введенных в эксплуатацию жилых зданий(Метр квадратный)"	"2022 год"	"202212"	"РАЙОН БАЙҚОҢЫР"	"22699"	"Всего"	"1"	"Всего"	"1"	"Всего"	"1"	"Всего"	"1"	"40 209"
"Общая площадь введенных в эксплуатацию жилых зданий(Метр квадратный)"	"2020 год"	"202012"	"РАЙОН БАЙҚОҢЫР"	"22699"	"городская местность"	"2"	"Всего"	"1"	"Всего"	"1"	"Всего"	"1"	"102 715"
"Общая площадь введенных в эксплуатацию жилых зданий(Метр квадратный)"	"2019 год"	"201912"	"РАЙОН БАЙҚОҢЫР"	"22699"	"городская местность"	"2"	"Всего"	"1"	"Всего"	"1"	"Всего"	"1"	"121 328"
"Общая площадь введенных в эксплуатацию жилых зданий(Метр квадратный)"	"2018 год"	"201812"	"РАЙОН БАЙҚОҢЫР"	"22699"	"городская местность"	"2"	"Всего"	"1"	"Всего"	"1"	"Всего"	"1"	"27 338"
"Общая площадь введенных в эксплуатацию жилых зданий(Метр квадратный)"	"2021 год"	"202112"	"РАЙОН БАЙҚОҢЫР"	"22699"	"городская местность"	"2"	"Всего"	"1"	"Всего"	"1"	"Всего"	"1"	"23 820"
"Общая площадь введенных в эксплуатацию жилых зданий(Метр квадратный)"	"2022 год"	"202212"	"РАЙОН БАЙҚОҢЫР"	"22699"	"городская местность"	"2"	"Всего"	"1"	"Всего"	"1"	"Всего"	"1"	"40 209"
"Общая площадь введенных в эксплуатацию жилых зданий(Метр квадратный)"	"2016 год"	"201612"	"Г.АЛМАТЫ"	"22700"	"Всего"	"1"	"Всего"	"1"	"Всего"	"1"	"Всего"	"1"	"1 862 938"
"Общая площадь введенных в эксплуатацию жилых зданий(Метр квадратный)"	"2020 год"	"202012"	"Г.АЛМАТЫ"	"22700"	"Всего"	"1"	"Всего"	"1"	"Всего"	"1"	"Всего"	"1"	"2 401 446"
"Общая площадь введенных в эксплуатацию жилых зданий(Метр квадратный)"	"2014 год"	"201412"	"Г.АЛМАТЫ"	"22700"	"Всего"	"1"	"Всего"	"1"	"Всего"	"1"	"Всего"	"1"	"1 330 846"
"Общая площадь введенных в эксплуатацию жилых зданий(Метр квадратный)"	"2019 год"	"201912"	"Г.АЛМАТЫ"	"22700"	"Всего"	"1"	"Всего"	"1"	"Всего"	"1"	"Всего"	"1"	"2 102 534"
"Общая площадь введенных в эксплуатацию жилых зданий(Метр квадратный)"	"2015 год"	"201512"	"Г.АЛМАТЫ"	"22700"	"Всего"	"1"	"Всего"	"1"	"Всего"	"1"	"Всего"	"1"	"1 373 706"
"Общая площадь введенных в эксплуатацию жилых зданий(Метр квадратный)"	"2017 год"	"201712"	"Г.АЛМАТЫ"	"22700"	"Всего"	"1"	"Всего"	"1"	"Всего"	"1"	"Всего"	"1"	"1 902 326"
"Общая площадь введенных в эксплуатацию жилых зданий(Метр квадратный)"	"2018 год"	"201812"	"Г.АЛМАТЫ"	"22700"	"Всего"	"1"	"Всего"	"1"	"Всего"	"1"	"Всего"	"1"	"2 006 366"
"Общая площадь введенных в эксплуатацию жилых зданий(Метр квадратный)"	"2021 год"	"202112"	"Г.АЛМАТЫ"	"22700"	"Всего"	"1"	"Всего"	"1"	"Всего"	"1"	"Всего"	"1"	"2 631 694"
"Общая площадь введенных в эксплуатацию жилых зданий(Метр квадратный)"	"2022 год"	"202212"	"Г.АЛМАТЫ"	"22700"	"Всего"	"1"	"Всего"	"1"	"Всего"	"1"	"Всего"	"1"	"1 914 055"
"Общая площадь введенных в эксплуатацию жилых зданий(Метр квадратный)"	"2016 год"	"201612"	"Г.АЛМАТЫ"	"22700"	"городская местность"	"2"	"Всего"	"1"	"Всего"	"1"	"Всего"	"1"	"1 862 938"
"Общая площадь введенных в эксплуатацию жилых зданий(Метр квадратный)"	"2020 год"	"202012"	"Г.АЛМАТЫ"	"22700"	"городская местность"	"2"	"Всего"	"1"	"Всего"	"1"	"Всего"	"1"	"2 401 446"
"Общая площадь введенных в эксплуатацию жилых зданий(Метр квадратный)"	"2014 год"	"201412"	"Г.АЛМАТЫ"	"22700"	"городская местность"	"2"	"Всего"	"1"	"Всего"	"1"	"Всего"	"1"	"1 330 846"
"Общая площадь введенных в эксплуатацию жилых зданий(Метр квадратный)"	"2019 год"	"201912"	"Г.АЛМАТЫ"	"22700"	"городская местность"	"2"	"Всего"	"1"	"Всего"	"1"	"Всего"	"1"	"2 102 534"
"Общая площадь введенных в эксплуатацию жилых зданий(Метр квадратный)"	"2015 год"	"201512"	"Г.АЛМАТЫ"	"22700"	"городская местность"	"2"	"Всего"	"1"	"Всего"	"1"	"Всего"	"1"	"1 373 706"
"Общая площадь введенных в эксплуатацию жилых зданий(Метр квадратный)"	"2017 год"	"201712"	"Г.АЛМАТЫ"	"22700"	"городская местность"	"2"	"Всего"	"1"	"Всего"	"1"	"Всего"	"1"	"1 902 326"
"Общая площадь введенных в эксплуатацию жилых зданий(Метр квадратный)"	"2018 год"	"201812"	"Г.АЛМАТЫ"	"22700"	"городская местность"	"2"	"Всего"	"1"	"Всего"	"1"	"Всего"	"1"	"2 006 366"
"Общая площадь введенных в эксплуатацию жилых зданий(Метр квадратный)"	"2021 год"	"202112"	"Г.АЛМАТЫ"	"22700"	"городская местность"	"2"	"Всего"	"1"	"Всего"	"1"	"Всего"	"1"	"2 631 694"
"Общая площадь введенных в эксплуатацию жилых зданий(Метр квадратный)"	"2022 год"	"202212"	"Г.АЛМАТЫ"	"22700"	"городская местность"	"2"	"Всего"	"1"	"Всего"	"1"	"Всего"	"1"	"1 914 055"
"Общая площадь введенных в эксплуатацию жилых зданий(Метр квадратный)"	"2016 год"	"201612"	"АЛМАЛИНСКИЙ РАЙОН"	"22703"	"Всего"	"1"	"Всего"	"1"	"Всего"	"1"	"Всего"	"1"	"117 676"
"Общая площадь введенных в эксплуатацию жилых зданий(Метр квадратный)"	"2020 год"	"202012"	"АЛМАЛИНСКИЙ РАЙОН"	"22703"	"Всего"	"1"	"Всего"	"1"	"Всего"	"1"	"Всего"	"1"	"213 137"
"Общая площадь введенных в эксплуатацию жилых зданий(Метр квадратный)"	"2014 год"	"201412"	"АЛМАЛИНСКИЙ РАЙОН"	"22703"	"Всего"	"1"	"Всего"	"1"	"Всего"	"1"	"Всего"	"1"	"23 662"
"Общая площадь введенных в эксплуатацию жилых зданий(Метр квадратный)"	"2019 год"	"201912"	"АЛМАЛИНСКИЙ РАЙОН"	"22703"	"Всего"	"1"	"Всего"	"1"	"Всего"	"1"	"Всего"	"1"	"301 619"
"Общая площадь введенных в эксплуатацию жилых зданий(Метр квадратный)"	"2015 год"	"201512"	"АЛМАЛИНСКИЙ РАЙОН"	"22703"	"Всего"	"1"	"Всего"	"1"	"Всего"	"1"	"Всего"	"1"	"95 070"
"Общая площадь введенных в эксплуатацию жилых зданий(Метр квадратный)"	"2017 год"	"201712"	"АЛМАЛИНСКИЙ РАЙОН"	"22703"	"Всего"	"1"	"Всего"	"1"	"Всего"	"1"	"Всего"	"1"	"129 930"
"Общая площадь введенных в эксплуатацию жилых зданий(Метр квадратный)"	"2018 год"	"201812"	"АЛМАЛИНСКИЙ РАЙОН"	"22703"	"Всего"	"1"	"Всего"	"1"	"Всего"	"1"	"Всего"	"1"	"77 605"
"Общая площадь введенных в эксплуатацию жилых зданий(Метр квадратный)"	"2021 год"	"202112"	"АЛМАЛИНСКИЙ РАЙОН"	"22703"	"Всего"	"1"	"Всего"	"1"	"Всего"	"1"	"Всего"	"1"	"209 356"
"Общая площадь введенных в эксплуатацию жилых зданий(Метр квадратный)"	"2022 год"	"202212"	"АЛМАЛИНСКИЙ РАЙОН"	"22703"	"Всего"	"1"	"Всего"	"1"	"Всего"	"1"	"Всего"	"1"	"131 862"
"Общая площадь введенных в эксплуатацию жилых зданий(Метр квадратный)"	"2016 год"	"201612"	"АЛМАЛИНСКИЙ РАЙОН"	"22703"	"городская местность"	"2"	"Всего"	"1"	"Всего"	"1"	"Всего"	"1"	"117 676"
"Общая площадь введенных в эксплуатацию жилых зданий(Метр квадратный)"	"2020 год"	"202012"	"АЛМАЛИНСКИЙ РАЙОН"	"22703"	"городская местность"	"2"	"Всего"	"1"	"Всего"	"1"	"Всего"	"1"	"213 137"
"Общая площадь введенных в эксплуатацию жилых зданий(Метр квадратный)"	"2014 год"	"201412"	"АЛМАЛИНСКИЙ РАЙОН"	"22703"	"городская местность"	"2"	"Всего"	"1"	"Всего"	"1"	"Всего"	"1"	"23 662"
"Общая площадь введенных в эксплуатацию жилых зданий(Метр квадратный)"	"2019 год"	"201912"	"АЛМАЛИНСКИЙ РАЙОН"	"22703"	"городская местность"	"2"	"Всего"	"1"	"Всего"	"1"	"Всего"	"1"	"301 619"
"Общая площадь введенных в эксплуатацию жилых зданий(Метр квадратный)"	"2015 год"	"201512"	"АЛМАЛИНСКИЙ РАЙОН"	"22703"	"городская местность"	"2"	"Всего"	"1"	"Всего"	"1"	"Всего"	"1"	"95 070"
"Общая площадь введенных в эксплуатацию жилых зданий(Метр квадратный)"	"2017 год"	"201712"	"АЛМАЛИНСКИЙ РАЙОН"	"22703"	"городская местность"	"2"	"Всего"	"1"	"Всего"	"1"	"Всего"	"1"	"129 930"
"Общая площадь введенных в эксплуатацию жилых зданий(Метр квадратный)"	"2018 год"	"201812"	"АЛМАЛИНСКИЙ РАЙОН"	"22703"	"городская местность"	"2"	"Всего"	"1"	"Всего"	"1"	"Всего"	"1"	"77 605"
"Общая площадь введенных в эксплуатацию жилых зданий(Метр квадратный)"	"2021 год"	"202112"	"АЛМАЛИНСКИЙ РАЙОН"	"22703"	"городская местность"	"2"	"Всего"	"1"	"Всего"	"1"	"Всего"	"1"	"209 356"
"Общая площадь введенных в эксплуатацию жилых зданий(Метр квадратный)"	"2022 год"	"202212"	"АЛМАЛИНСКИЙ РАЙОН"	"22703"	"городская местность"	"2"	"Всего"	"1"	"Всего"	"1"	"Всего"	"1"	"131 862"
"Общая площадь введенных в эксплуатацию жилых зданий(Метр квадратный)"	"2016 год"	"201612"	"АЛАТАУСКИЙ РАЙОН"	"22705"	"Всего"	"1"	"Всего"	"1"	"Всего"	"1"	"Всего"	"1"	"214 692"
"Общая площадь введенных в эксплуатацию жилых зданий(Метр квадратный)"	"2020 год"	"202012"	"АЛАТАУСКИЙ РАЙОН"	"22705"	"Всего"	"1"	"Всего"	"1"	"Всего"	"1"	"Всего"	"1"	"367 237"
"Общая площадь введенных в эксплуатацию жилых зданий(Метр квадратный)"	"2014 год"	"201412"	"АЛАТАУСКИЙ РАЙОН"	"22705"	"Всего"	"1"	"Всего"	"1"	"Всего"	"1"	"Всего"	"1"	"353 621"
"Общая площадь введенных в эксплуатацию жилых зданий(Метр квадратный)"	"2019 год"	"201912"	"АЛАТАУСКИЙ РАЙОН"	"22705"	"Всего"	"1"	"Всего"	"1"	"Всего"	"1"	"Всего"	"1"	"364 993"
"Общая площадь введенных в эксплуатацию жилых зданий(Метр квадратный)"	"2015 год"	"201512"	"АЛАТАУСКИЙ РАЙОН"	"22705"	"Всего"	"1"	"Всего"	"1"	"Всего"	"1"	"Всего"	"1"	"468 696"
"Общая площадь введенных в эксплуатацию жилых зданий(Метр квадратный)"	"2017 год"	"201712"	"АЛАТАУСКИЙ РАЙОН"	"22705"	"Всего"	"1"	"Всего"	"1"	"Всего"	"1"	"Всего"	"1"	"373 052"
"Общая площадь введенных в эксплуатацию жилых зданий(Метр квадратный)"	"2018 год"	"201812"	"АЛАТАУСКИЙ РАЙОН"	"22705"	"Всего"	"1"	"Всего"	"1"	"Всего"	"1"	"Всего"	"1"	"701 892"
"Общая площадь введенных в эксплуатацию жилых зданий(Метр квадратный)"	"2021 год"	"202112"	"АЛАТАУСКИЙ РАЙОН"	"22705"	"Всего"	"1"	"Всего"	"1"	"Всего"	"1"	"Всего"	"1"	"332 557"
"Общая площадь введенных в эксплуатацию жилых зданий(Метр квадратный)"	"2022 год"	"202212"	"АЛАТАУСКИЙ РАЙОН"	"22705"	"Всего"	"1"	"Всего"	"1"	"Всего"	"1"	"Всего"	"1"	"278 303"
"Общая площадь введенных в эксплуатацию жилых зданий(Метр квадратный)"	"2016 год"	"201612"	"АЛАТАУСКИЙ РАЙОН"	"22705"	"городская местность"	"2"	"Всего"	"1"	"Всего"	"1"	"Всего"	"1"	"214 692"
"Общая площадь введенных в эксплуатацию жилых зданий(Метр квадратный)"	"2020 год"	"202012"	"АЛАТАУСКИЙ РАЙОН"	"22705"	"городская местность"	"2"	"Всего"	"1"	"Всего"	"1"	"Всего"	"1"	"367 237"
"Общая площадь введенных в эксплуатацию жилых зданий(Метр квадратный)"	"2014 год"	"201412"	"АЛАТАУСКИЙ РАЙОН"	"22705"	"городская местность"	"2"	"Всего"	"1"	"Всего"	"1"	"Всего"	"1"	"353 621"
"Общая площадь введенных в эксплуатацию жилых зданий(Метр квадратный)"	"2019 год"	"201912"	"АЛАТАУСКИЙ РАЙОН"	"22705"	"городская местность"	"2"	"Всего"	"1"	"Всего"	"1"	"Всего"	"1"	"364 993"
"Общая площадь введенных в эксплуатацию жилых зданий(Метр квадратный)"	"2015 год"	"201512"	"АЛАТАУСКИЙ РАЙОН"	"22705"	"городская местность"	"2"	"Всего"	"1"	"Всего"	"1"	"Всего"	"1"	"468 696"
"Общая площадь введенных в эксплуатацию жилых зданий(Метр квадратный)"	"2017 год"	"201712"	"АЛАТАУСКИЙ РАЙОН"	"22705"	"городская местность"	"2"	"Всего"	"1"	"Всего"	"1"	"Всего"	"1"	"373 052"
"Общая площадь введенных в эксплуатацию жилых зданий(Метр квадратный)"	"2018 год"	"201812"	"АЛАТАУСКИЙ РАЙОН"	"22705"	"городская местность"	"2"	"Всего"	"1"	"Всего"	"1"	"Всего"	"1"	"701 892"
"Общая площадь введенных в эксплуатацию жилых зданий(Метр квадратный)"	"2021 год"	"202112"	"АЛАТАУСКИЙ РАЙОН"	"22705"	"городская местность"	"2"	"Всего"	"1"	"Всего"	"1"	"Всего"	"1"	"332 557"
"Общая площадь введенных в эксплуатацию жилых зданий(Метр квадратный)"	"2022 год"	"202212"	"АЛАТАУСКИЙ РАЙОН"	"22705"	"городская местность"	"2"	"Всего"	"1"	"Всего"	"1"	"Всего"	"1"	"278 303"
"Общая площадь введенных в эксплуатацию жилых зданий(Метр квадратный)"	"2016 год"	"201612"	"АУЭЗОВСКИЙ РАЙОН"	"22707"	"Всего"	"1"	"Всего"	"1"	"Всего"	"1"	"Всего"	"1"	"73 018"
"Общая площадь введенных в эксплуатацию жилых зданий(Метр квадратный)"	"2020 год"	"202012"	"АУЭЗОВСКИЙ РАЙОН"	"22707"	"Всего"	"1"	"Всего"	"1"	"Всего"	"1"	"Всего"	"1"	"134 992"
"Общая площадь введенных в эксплуатацию жилых зданий(Метр квадратный)"	"2014 год"	"201412"	"АУЭЗОВСКИЙ РАЙОН"	"22707"	"Всего"	"1"	"Всего"	"1"	"Всего"	"1"	"Всего"	"1"	"176 491"
"Общая площадь введенных в эксплуатацию жилых зданий(Метр квадратный)"	"2019 год"	"201912"	"АУЭЗОВСКИЙ РАЙОН"	"22707"	"Всего"	"1"	"Всего"	"1"	"Всего"	"1"	"Всего"	"1"	"83 066"
"Общая площадь введенных в эксплуатацию жилых зданий(Метр квадратный)"	"2015 год"	"201512"	"АУЭЗОВСКИЙ РАЙОН"	"22707"	"Всего"	"1"	"Всего"	"1"	"Всего"	"1"	"Всего"	"1"	"119 644"
"Общая площадь введенных в эксплуатацию жилых зданий(Метр квадратный)"	"2017 год"	"201712"	"АУЭЗОВСКИЙ РАЙОН"	"22707"	"Всего"	"1"	"Всего"	"1"	"Всего"	"1"	"Всего"	"1"	"208 140"
"Общая площадь введенных в эксплуатацию жилых зданий(Метр квадратный)"	"2018 год"	"201812"	"АУЭЗОВСКИЙ РАЙОН"	"22707"	"Всего"	"1"	"Всего"	"1"	"Всего"	"1"	"Всего"	"1"	"204 409"
"Общая площадь введенных в эксплуатацию жилых зданий(Метр квадратный)"	"2021 год"	"202112"	"АУЭЗОВСКИЙ РАЙОН"	"22707"	"Всего"	"1"	"Всего"	"1"	"Всего"	"1"	"Всего"	"1"	"141 811"
"Общая площадь введенных в эксплуатацию жилых зданий(Метр квадратный)"	"2022 год"	"202212"	"АУЭЗОВСКИЙ РАЙОН"	"22707"	"Всего"	"1"	"Всего"	"1"	"Всего"	"1"	"Всего"	"1"	"83 474"
"Общая площадь введенных в эксплуатацию жилых зданий(Метр квадратный)"	"2016 год"	"201612"	"АУЭЗОВСКИЙ РАЙОН"	"22707"	"городская местность"	"2"	"Всего"	"1"	"Всего"	"1"	"Всего"	"1"	"73 018"
"Общая площадь введенных в эксплуатацию жилых зданий(Метр квадратный)"	"2020 год"	"202012"	"АУЭЗОВСКИЙ РАЙОН"	"22707"	"городская местность"	"2"	"Всего"	"1"	"Всего"	"1"	"Всего"	"1"	"134 992"
"Общая площадь введенных в эксплуатацию жилых зданий(Метр квадратный)"	"2014 год"	"201412"	"АУЭЗОВСКИЙ РАЙОН"	"22707"	"городская местность"	"2"	"Всего"	"1"	"Всего"	"1"	"Всего"	"1"	"176 491"
"Общая площадь введенных в эксплуатацию жилых зданий(Метр квадратный)"	"2019 год"	"201912"	"АУЭЗОВСКИЙ РАЙОН"	"22707"	"городская местность"	"2"	"Всего"	"1"	"Всего"	"1"	"Всего"	"1"	"83 066"
"Общая площадь введенных в эксплуатацию жилых зданий(Метр квадратный)"	"2015 год"	"201512"	"АУЭЗОВСКИЙ РАЙОН"	"22707"	"городская местность"	"2"	"Всего"	"1"	"Всего"	"1"	"Всего"	"1"	"119 644"
"Общая площадь введенных в эксплуатацию жилых зданий(Метр квадратный)"	"2017 год"	"201712"	"АУЭЗОВСКИЙ РАЙОН"	"22707"	"городская местность"	"2"	"Всего"	"1"	"Всего"	"1"	"Всего"	"1"	"208 140"
"Общая площадь введенных в эксплуатацию жилых зданий(Метр квадратный)"	"2018 год"	"201812"	"АУЭЗОВСКИЙ РАЙОН"	"22707"	"городская местность"	"2"	"Всего"	"1"	"Всего"	"1"	"Всего"	"1"	"204 409"
"Общая площадь введенных в эксплуатацию жилых зданий(Метр квадратный)"	"2021 год"	"202112"	"АУЭЗОВСКИЙ РАЙОН"	"22707"	"городская местность"	"2"	"Всего"	"1"	"Всего"	"1"	"Всего"	"1"	"141 811"
"Общая площадь введенных в эксплуатацию жилых зданий(Метр квадратный)"	"2022 год"	"202212"	"АУЭЗОВСКИЙ РАЙОН"	"22707"	"городская местность"	"2"	"Всего"	"1"	"Всего"	"1"	"Всего"	"1"	"83 474"
"Общая площадь введенных в эксплуатацию жилых зданий(Метр квадратный)"	"2016 год"	"201612"	"БОСТАНДЫКСКИЙ РАЙОН"	"22709"	"Всего"	"1"	"Всего"	"1"	"Всего"	"1"	"Всего"	"1"	"583 238"
"Общая площадь введенных в эксплуатацию жилых зданий(Метр квадратный)"	"2020 год"	"202012"	"БОСТАНДЫКСКИЙ РАЙОН"	"22709"	"Всего"	"1"	"Всего"	"1"	"Всего"	"1"	"Всего"	"1"	"545 004"
"Общая площадь введенных в эксплуатацию жилых зданий(Метр квадратный)"	"2014 год"	"201412"	"БОСТАНДЫКСКИЙ РАЙОН"	"22709"	"Всего"	"1"	"Всего"	"1"	"Всего"	"1"	"Всего"	"1"	"413 598"
"Общая площадь введенных в эксплуатацию жилых зданий(Метр квадратный)"	"2019 год"	"201912"	"БОСТАНДЫКСКИЙ РАЙОН"	"22709"	"Всего"	"1"	"Всего"	"1"	"Всего"	"1"	"Всего"	"1"	"669 111"
"Общая площадь введенных в эксплуатацию жилых зданий(Метр квадратный)"	"2015 год"	"201512"	"БОСТАНДЫКСКИЙ РАЙОН"	"22709"	"Всего"	"1"	"Всего"	"1"	"Всего"	"1"	"Всего"	"1"	"259 952"
"Общая площадь введенных в эксплуатацию жилых зданий(Метр квадратный)"	"2017 год"	"201712"	"БОСТАНДЫКСКИЙ РАЙОН"	"22709"	"Всего"	"1"	"Всего"	"1"	"Всего"	"1"	"Всего"	"1"	"341 923"
"Общая площадь введенных в эксплуатацию жилых зданий(Метр квадратный)"	"2018 год"	"201812"	"БОСТАНДЫКСКИЙ РАЙОН"	"22709"	"Всего"	"1"	"Всего"	"1"	"Всего"	"1"	"Всего"	"1"	"324 812"
"Общая площадь введенных в эксплуатацию жилых зданий(Метр квадратный)"	"2021 год"	"202112"	"БОСТАНДЫКСКИЙ РАЙОН"	"22709"	"Всего"	"1"	"Всего"	"1"	"Всего"	"1"	"Всего"	"1"	"545 762"
"Общая площадь введенных в эксплуатацию жилых зданий(Метр квадратный)"	"2022 год"	"202212"	"БОСТАНДЫКСКИЙ РАЙОН"	"22709"	"Всего"	"1"	"Всего"	"1"	"Всего"	"1"	"Всего"	"1"	"510 268"
"Общая площадь введенных в эксплуатацию жилых зданий(Метр квадратный)"	"2016 год"	"201612"	"БОСТАНДЫКСКИЙ РАЙОН"	"22709"	"городская местность"	"2"	"Всего"	"1"	"Всего"	"1"	"Всего"	"1"	"583 238"
"Общая площадь введенных в эксплуатацию жилых зданий(Метр квадратный)"	"2020 год"	"202012"	"БОСТАНДЫКСКИЙ РАЙОН"	"22709"	"городская местность"	"2"	"Всего"	"1"	"Всего"	"1"	"Всего"	"1"	"545 004"
"Общая площадь введенных в эксплуатацию жилых зданий(Метр квадратный)"	"2014 год"	"201412"	"БОСТАНДЫКСКИЙ РАЙОН"	"22709"	"городская местность"	"2"	"Всего"	"1"	"Всего"	"1"	"Всего"	"1"	"413 598"
"Общая площадь введенных в эксплуатацию жилых зданий(Метр квадратный)"	"2019 год"	"201912"	"БОСТАНДЫКСКИЙ РАЙОН"	"22709"	"городская местность"	"2"	"Всего"	"1"	"Всего"	"1"	"Всего"	"1"	"669 111"
"Общая площадь введенных в эксплуатацию жилых зданий(Метр квадратный)"	"2015 год"	"201512"	"БОСТАНДЫКСКИЙ РАЙОН"	"22709"	"городская местность"	"2"	"Всего"	"1"	"Всего"	"1"	"Всего"	"1"	"259 952"
"Общая площадь введенных в эксплуатацию жилых зданий(Метр квадратный)"	"2017 год"	"201712"	"БОСТАНДЫКСКИЙ РАЙОН"	"22709"	"городская местность"	"2"	"Всего"	"1"	"Всего"	"1"	"Всего"	"1"	"341 923"
"Общая площадь введенных в эксплуатацию жилых зданий(Метр квадратный)"	"2018 год"	"201812"	"БОСТАНДЫКСКИЙ РАЙОН"	"22709"	"городская местность"	"2"	"Всего"	"1"	"Всего"	"1"	"Всего"	"1"	"324 812"
"Общая площадь введенных в эксплуатацию жилых зданий(Метр квадратный)"	"2021 год"	"202112"	"БОСТАНДЫКСКИЙ РАЙОН"	"22709"	"городская местность"	"2"	"Всего"	"1"	"Всего"	"1"	"Всего"	"1"	"545 762"
"Общая площадь введенных в эксплуатацию жилых зданий(Метр квадратный)"	"2022 год"	"202212"	"БОСТАНДЫКСКИЙ РАЙОН"	"22709"	"городская местность"	"2"	"Всего"	"1"	"Всего"	"1"	"Всего"	"1"	"510 268"
"Общая площадь введенных в эксплуатацию жилых зданий(Метр квадратный)"	"2016 год"	"201612"	"ЖЕТЫСУСКИЙ РАЙОН"	"22711"	"Всего"	"1"	"Всего"	"1"	"Всего"	"1"	"Всего"	"1"	"67 170"
"Общая площадь введенных в эксплуатацию жилых зданий(Метр квадратный)"	"2020 год"	"202012"	"ЖЕТЫСУСКИЙ РАЙОН"	"22711"	"Всего"	"1"	"Всего"	"1"	"Всего"	"1"	"Всего"	"1"	"31 870"
"Общая площадь введенных в эксплуатацию жилых зданий(Метр квадратный)"	"2014 год"	"201412"	"ЖЕТЫСУСКИЙ РАЙОН"	"22711"	"Всего"	"1"	"Всего"	"1"	"Всего"	"1"	"Всего"	"1"	"21 708"
"Общая площадь введенных в эксплуатацию жилых зданий(Метр квадратный)"	"2019 год"	"201912"	"ЖЕТЫСУСКИЙ РАЙОН"	"22711"	"Всего"	"1"	"Всего"	"1"	"Всего"	"1"	"Всего"	"1"	"24 125"
"Общая площадь введенных в эксплуатацию жилых зданий(Метр квадратный)"	"2015 год"	"201512"	"ЖЕТЫСУСКИЙ РАЙОН"	"22711"	"Всего"	"1"	"Всего"	"1"	"Всего"	"1"	"Всего"	"1"	"36 965"
"Общая площадь введенных в эксплуатацию жилых зданий(Метр квадратный)"	"2017 год"	"201712"	"ЖЕТЫСУСКИЙ РАЙОН"	"22711"	"Всего"	"1"	"Всего"	"1"	"Всего"	"1"	"Всего"	"1"	"22 322"
"Общая площадь введенных в эксплуатацию жилых зданий(Метр квадратный)"	"2018 год"	"201812"	"ЖЕТЫСУСКИЙ РАЙОН"	"22711"	"Всего"	"1"	"Всего"	"1"	"Всего"	"1"	"Всего"	"1"	"18 355"
"Общая площадь введенных в эксплуатацию жилых зданий(Метр квадратный)"	"2021 год"	"202112"	"ЖЕТЫСУСКИЙ РАЙОН"	"22711"	"Всего"	"1"	"Всего"	"1"	"Всего"	"1"	"Всего"	"1"	"80 052"
"Общая площадь введенных в эксплуатацию жилых зданий(Метр квадратный)"	"2022 год"	"202212"	"ЖЕТЫСУСКИЙ РАЙОН"	"22711"	"Всего"	"1"	"Всего"	"1"	"Всего"	"1"	"Всего"	"1"	"88 969"
"Общая площадь введенных в эксплуатацию жилых зданий(Метр квадратный)"	"2016 год"	"201612"	"ЖЕТЫСУСКИЙ РАЙОН"	"22711"	"городская местность"	"2"	"Всего"	"1"	"Всего"	"1"	"Всего"	"1"	"67 170"
"Общая площадь введенных в эксплуатацию жилых зданий(Метр квадратный)"	"2020 год"	"202012"	"ЖЕТЫСУСКИЙ РАЙОН"	"22711"	"городская местность"	"2"	"Всего"	"1"	"Всего"	"1"	"Всего"	"1"	"31 870"
"Общая площадь введенных в эксплуатацию жилых зданий(Метр квадратный)"	"2014 год"	"201412"	"ЖЕТЫСУСКИЙ РАЙОН"	"22711"	"городская местность"	"2"	"Всего"	"1"	"Всего"	"1"	"Всего"	"1"	"21 708"
"Общая площадь введенных в эксплуатацию жилых зданий(Метр квадратный)"	"2019 год"	"201912"	"ЖЕТЫСУСКИЙ РАЙОН"	"22711"	"городская местность"	"2"	"Всего"	"1"	"Всего"	"1"	"Всего"	"1"	"24 125"
"Общая площадь введенных в эксплуатацию жилых зданий(Метр квадратный)"	"2015 год"	"201512"	"ЖЕТЫСУСКИЙ РАЙОН"	"22711"	"городская местность"	"2"	"Всего"	"1"	"Всего"	"1"	"Всего"	"1"	"36 965"
"Общая площадь введенных в эксплуатацию жилых зданий(Метр квадратный)"	"2017 год"	"201712"	"ЖЕТЫСУСКИЙ РАЙОН"	"22711"	"городская местность"	"2"	"Всего"	"1"	"Всего"	"1"	"Всего"	"1"	"22 322"
"Общая площадь введенных в эксплуатацию жилых зданий(Метр квадратный)"	"2018 год"	"201812"	"ЖЕТЫСУСКИЙ РАЙОН"	"22711"	"городская местность"	"2"	"Всего"	"1"	"Всего"	"1"	"Всего"	"1"	"18 355"
"Общая площадь введенных в эксплуатацию жилых зданий(Метр квадратный)"	"2021 год"	"202112"	"ЖЕТЫСУСКИЙ РАЙОН"	"22711"	"городская местность"	"2"	"Всего"	"1"	"Всего"	"1"	"Всего"	"1"	"80 052"
"Общая площадь введенных в эксплуатацию жилых зданий(Метр квадратный)"	"2022 год"	"202212"	"ЖЕТЫСУСКИЙ РАЙОН"	"22711"	"городская местность"	"2"	"Всего"	"1"	"Всего"	"1"	"Всего"	"1"	"88 969"
"Общая площадь введенных в эксплуатацию жилых зданий(Метр квадратный)"	"2016 год"	"201612"	"МЕДЕУСКИЙ РАЙОН"	"22713"	"Всего"	"1"	"Всего"	"1"	"Всего"	"1"	"Всего"	"1"	"279 651"
"Общая площадь введенных в эксплуатацию жилых зданий(Метр квадратный)"	"2020 год"	"202012"	"МЕДЕУСКИЙ РАЙОН"	"22713"	"Всего"	"1"	"Всего"	"1"	"Всего"	"1"	"Всего"	"1"	"304 353"
"Общая площадь введенных в эксплуатацию жилых зданий(Метр квадратный)"	"2014 год"	"201412"	"МЕДЕУСКИЙ РАЙОН"	"22713"	"Всего"	"1"	"Всего"	"1"	"Всего"	"1"	"Всего"	"1"	"108 428"
"Общая площадь введенных в эксплуатацию жилых зданий(Метр квадратный)"	"2019 год"	"201912"	"МЕДЕУСКИЙ РАЙОН"	"22713"	"Всего"	"1"	"Всего"	"1"	"Всего"	"1"	"Всего"	"1"	"250 089"
"Общая площадь введенных в эксплуатацию жилых зданий(Метр квадратный)"	"2015 год"	"201512"	"МЕДЕУСКИЙ РАЙОН"	"22713"	"Всего"	"1"	"Всего"	"1"	"Всего"	"1"	"Всего"	"1"	"154 231"
"Общая площадь введенных в эксплуатацию жилых зданий(Метр квадратный)"	"2017 год"	"201712"	"МЕДЕУСКИЙ РАЙОН"	"22713"	"Всего"	"1"	"Всего"	"1"	"Всего"	"1"	"Всего"	"1"	"437 403"
"Общая площадь введенных в эксплуатацию жилых зданий(Метр квадратный)"	"2018 год"	"201812"	"МЕДЕУСКИЙ РАЙОН"	"22713"	"Всего"	"1"	"Всего"	"1"	"Всего"	"1"	"Всего"	"1"	"179 577"
"Общая площадь введенных в эксплуатацию жилых зданий(Метр квадратный)"	"2021 год"	"202112"	"МЕДЕУСКИЙ РАЙОН"	"22713"	"Всего"	"1"	"Всего"	"1"	"Всего"	"1"	"Всего"	"1"	"257 929"
"Общая площадь введенных в эксплуатацию жилых зданий(Метр квадратный)"	"2022 год"	"202212"	"МЕДЕУСКИЙ РАЙОН"	"22713"	"Всего"	"1"	"Всего"	"1"	"Всего"	"1"	"Всего"	"1"	"384 340"
"Общая площадь введенных в эксплуатацию жилых зданий(Метр квадратный)"	"2016 год"	"201612"	"МЕДЕУСКИЙ РАЙОН"	"22713"	"городская местность"	"2"	"Всего"	"1"	"Всего"	"1"	"Всего"	"1"	"279 651"
"Общая площадь введенных в эксплуатацию жилых зданий(Метр квадратный)"	"2020 год"	"202012"	"МЕДЕУСКИЙ РАЙОН"	"22713"	"городская местность"	"2"	"Всего"	"1"	"Всего"	"1"	"Всего"	"1"	"304 353"
"Общая площадь введенных в эксплуатацию жилых зданий(Метр квадратный)"	"2014 год"	"201412"	"МЕДЕУСКИЙ РАЙОН"	"22713"	"городская местность"	"2"	"Всего"	"1"	"Всего"	"1"	"Всего"	"1"	"108 428"
"Общая площадь введенных в эксплуатацию жилых зданий(Метр квадратный)"	"2019 год"	"201912"	"МЕДЕУСКИЙ РАЙОН"	"22713"	"городская местность"	"2"	"Всего"	"1"	"Всего"	"1"	"Всего"	"1"	"250 089"
"Общая площадь введенных в эксплуатацию жилых зданий(Метр квадратный)"	"2015 год"	"201512"	"МЕДЕУСКИЙ РАЙОН"	"22713"	"городская местность"	"2"	"Всего"	"1"	"Всего"	"1"	"Всего"	"1"	"154 231"
"Общая площадь введенных в эксплуатацию жилых зданий(Метр квадратный)"	"2017 год"	"201712"	"МЕДЕУСКИЙ РАЙОН"	"22713"	"городская местность"	"2"	"Всего"	"1"	"Всего"	"1"	"Всего"	"1"	"437 403"
"Общая площадь введенных в эксплуатацию жилых зданий(Метр квадратный)"	"2018 год"	"201812"	"МЕДЕУСКИЙ РАЙОН"	"22713"	"городская местность"	"2"	"Всего"	"1"	"Всего"	"1"	"Всего"	"1"	"179 577"
"Общая площадь введенных в эксплуатацию жилых зданий(Метр квадратный)"	"2021 год"	"202112"	"МЕДЕУСКИЙ РАЙОН"	"22713"	"городская местность"	"2"	"Всего"	"1"	"Всего"	"1"	"Всего"	"1"	"257 929"
"Общая площадь введенных в эксплуатацию жилых зданий(Метр квадратный)"	"2022 год"	"202212"	"МЕДЕУСКИЙ РАЙОН"	"22713"	"городская местность"	"2"	"Всего"	"1"	"Всего"	"1"	"Всего"	"1"	"384 340"
"Общая площадь введенных в эксплуатацию жилых зданий(Метр квадратный)"	"2016 год"	"201612"	"НАУРЫЗБАЙСКИЙ РАЙОН"	"22714"	"Всего"	"1"	"Всего"	"1"	"Всего"	"1"	"Всего"	"1"	"162 875"
"Общая площадь введенных в эксплуатацию жилых зданий(Метр квадратный)"	"2020 год"	"202012"	"НАУРЫЗБАЙСКИЙ РАЙОН"	"22714"	"Всего"	"1"	"Всего"	"1"	"Всего"	"1"	"Всего"	"1"	"700 748"
"Общая площадь введенных в эксплуатацию жилых зданий(Метр квадратный)"	"2014 год"	"201412"	"НАУРЫЗБАЙСКИЙ РАЙОН"	"22714"	"Всего"	"1"	"Всего"	"1"	"Всего"	"1"	"Всего"	"1"	"158 076"
"Общая площадь введенных в эксплуатацию жилых зданий(Метр квадратный)"	"2019 год"	"201912"	"НАУРЫЗБАЙСКИЙ РАЙОН"	"22714"	"Всего"	"1"	"Всего"	"1"	"Всего"	"1"	"Всего"	"1"	"300 811"
"Общая площадь введенных в эксплуатацию жилых зданий(Метр квадратный)"	"2015 год"	"201512"	"НАУРЫЗБАЙСКИЙ РАЙОН"	"22714"	"Всего"	"1"	"Всего"	"1"	"Всего"	"1"	"Всего"	"1"	"102 767"
"Общая площадь введенных в эксплуатацию жилых зданий(Метр квадратный)"	"2017 год"	"201712"	"НАУРЫЗБАЙСКИЙ РАЙОН"	"22714"	"Всего"	"1"	"Всего"	"1"	"Всего"	"1"	"Всего"	"1"	"154 612"
"Общая площадь введенных в эксплуатацию жилых зданий(Метр квадратный)"	"2018 год"	"201812"	"НАУРЫЗБАЙСКИЙ РАЙОН"	"22714"	"Всего"	"1"	"Всего"	"1"	"Всего"	"1"	"Всего"	"1"	"390 993"
"Общая площадь введенных в эксплуатацию жилых зданий(Метр квадратный)"	"2021 год"	"202112"	"НАУРЫЗБАЙСКИЙ РАЙОН"	"22714"	"Всего"	"1"	"Всего"	"1"	"Всего"	"1"	"Всего"	"1"	"619 579"
"Общая площадь введенных в эксплуатацию жилых зданий(Метр квадратный)"	"2022 год"	"202212"	"НАУРЫЗБАЙСКИЙ РАЙОН"	"22714"	"Всего"	"1"	"Всего"	"1"	"Всего"	"1"	"Всего"	"1"	"340 186"
"Общая площадь введенных в эксплуатацию жилых зданий(Метр квадратный)"	"2016 год"	"201612"	"НАУРЫЗБАЙСКИЙ РАЙОН"	"22714"	"городская местность"	"2"	"Всего"	"1"	"Всего"	"1"	"Всего"	"1"	"162 875"
"Общая площадь введенных в эксплуатацию жилых зданий(Метр квадратный)"	"2020 год"	"202012"	"НАУРЫЗБАЙСКИЙ РАЙОН"	"22714"	"городская местность"	"2"	"Всего"	"1"	"Всего"	"1"	"Всего"	"1"	"700 748"
"Общая площадь введенных в эксплуатацию жилых зданий(Метр квадратный)"	"2014 год"	"201412"	"НАУРЫЗБАЙСКИЙ РАЙОН"	"22714"	"городская местность"	"2"	"Всего"	"1"	"Всего"	"1"	"Всего"	"1"	"158 076"
"Общая площадь введенных в эксплуатацию жилых зданий(Метр квадратный)"	"2019 год"	"201912"	"НАУРЫЗБАЙСКИЙ РАЙОН"	"22714"	"городская местность"	"2"	"Всего"	"1"	"Всего"	"1"	"Всего"	"1"	"300 811"
"Общая площадь введенных в эксплуатацию жилых зданий(Метр квадратный)"	"2015 год"	"201512"	"НАУРЫЗБАЙСКИЙ РАЙОН"	"22714"	"городская местность"	"2"	"Всего"	"1"	"Всего"	"1"	"Всего"	"1"	"102 767"
"Общая площадь введенных в эксплуатацию жилых зданий(Метр квадратный)"	"2017 год"	"201712"	"НАУРЫЗБАЙСКИЙ РАЙОН"	"22714"	"городская местность"	"2"	"Всего"	"1"	"Всего"	"1"	"Всего"	"1"	"154 612"
"Общая площадь введенных в эксплуатацию жилых зданий(Метр квадратный)"	"2018 год"	"201812"	"НАУРЫЗБАЙСКИЙ РАЙОН"	"22714"	"городская местность"	"2"	"Всего"	"1"	"Всего"	"1"	"Всего"	"1"	"390 993"
"Общая площадь введенных в эксплуатацию жилых зданий(Метр квадратный)"	"2021 год"	"202112"	"НАУРЫЗБАЙСКИЙ РАЙОН"	"22714"	"городская местность"	"2"	"Всего"	"1"	"Всего"	"1"	"Всего"	"1"	"619 579"
"Общая площадь введенных в эксплуатацию жилых зданий(Метр квадратный)"	"2022 год"	"202212"	"НАУРЫЗБАЙСКИЙ РАЙОН"	"22714"	"городская местность"	"2"	"Всего"	"1"	"Всего"	"1"	"Всего"	"1"	"340 186"
"Общая площадь введенных в эксплуатацию жилых зданий(Метр квадратный)"	"2016 год"	"201612"	"ТУРКСИБСКИЙ РАЙОН"	"22716"	"Всего"	"1"	"Всего"	"1"	"Всего"	"1"	"Всего"	"1"	"364 618"
"Общая площадь введенных в эксплуатацию жилых зданий(Метр квадратный)"	"2020 год"	"202012"	"ТУРКСИБСКИЙ РАЙОН"	"22716"	"Всего"	"1"	"Всего"	"1"	"Всего"	"1"	"Всего"	"1"	"104 105"
"Общая площадь введенных в эксплуатацию жилых зданий(Метр квадратный)"	"2014 год"	"201412"	"ТУРКСИБСКИЙ РАЙОН"	"22716"	"Всего"	"1"	"Всего"	"1"	"Всего"	"1"	"Всего"	"1"	"75 262"
"Общая площадь введенных в эксплуатацию жилых зданий(Метр квадратный)"	"2019 год"	"201912"	"ТУРКСИБСКИЙ РАЙОН"	"22716"	"Всего"	"1"	"Всего"	"1"	"Всего"	"1"	"Всего"	"1"	"108 720"
"Общая площадь введенных в эксплуатацию жилых зданий(Метр квадратный)"	"2015 год"	"201512"	"ТУРКСИБСКИЙ РАЙОН"	"22716"	"Всего"	"1"	"Всего"	"1"	"Всего"	"1"	"Всего"	"1"	"136 381"
"Общая площадь введенных в эксплуатацию жилых зданий(Метр квадратный)"	"2017 год"	"201712"	"ТУРКСИБСКИЙ РАЙОН"	"22716"	"Всего"	"1"	"Всего"	"1"	"Всего"	"1"	"Всего"	"1"	"234 944"
"Общая площадь введенных в эксплуатацию жилых зданий(Метр квадратный)"	"2018 год"	"201812"	"ТУРКСИБСКИЙ РАЙОН"	"22716"	"Всего"	"1"	"Всего"	"1"	"Всего"	"1"	"Всего"	"1"	"108 723"
"Общая площадь введенных в эксплуатацию жилых зданий(Метр квадратный)"	"2021 год"	"202112"	"ТУРКСИБСКИЙ РАЙОН"	"22716"	"Всего"	"1"	"Всего"	"1"	"Всего"	"1"	"Всего"	"1"	"444 648"
"Общая площадь введенных в эксплуатацию жилых зданий(Метр квадратный)"	"2022 год"	"202212"	"ТУРКСИБСКИЙ РАЙОН"	"22716"	"Всего"	"1"	"Всего"	"1"	"Всего"	"1"	"Всего"	"1"	"96 653"
"Общая площадь введенных в эксплуатацию жилых зданий(Метр квадратный)"	"2016 год"	"201612"	"ТУРКСИБСКИЙ РАЙОН"	"22716"	"городская местность"	"2"	"Всего"	"1"	"Всего"	"1"	"Всего"	"1"	"364 618"
"Общая площадь введенных в эксплуатацию жилых зданий(Метр квадратный)"	"2020 год"	"202012"	"ТУРКСИБСКИЙ РАЙОН"	"22716"	"городская местность"	"2"	"Всего"	"1"	"Всего"	"1"	"Всего"	"1"	"104 105"
"Общая площадь введенных в эксплуатацию жилых зданий(Метр квадратный)"	"2014 год"	"201412"	"ТУРКСИБСКИЙ РАЙОН"	"22716"	"городская местность"	"2"	"Всего"	"1"	"Всего"	"1"	"Всего"	"1"	"75 262"
"Общая площадь введенных в эксплуатацию жилых зданий(Метр квадратный)"	"2019 год"	"201912"	"ТУРКСИБСКИЙ РАЙОН"	"22716"	"городская местность"	"2"	"Всего"	"1"	"Всего"	"1"	"Всего"	"1"	"108 720"
"Общая площадь введенных в эксплуатацию жилых зданий(Метр квадратный)"	"2015 год"	"201512"	"ТУРКСИБСКИЙ РАЙОН"	"22716"	"городская местность"	"2"	"Всего"	"1"	"Всего"	"1"	"Всего"	"1"	"136 381"
"Общая площадь введенных в эксплуатацию жилых зданий(Метр квадратный)"	"2017 год"	"201712"	"ТУРКСИБСКИЙ РАЙОН"	"22716"	"городская местность"	"2"	"Всего"	"1"	"Всего"	"1"	"Всего"	"1"	"234 944"
"Общая площадь введенных в эксплуатацию жилых зданий(Метр квадратный)"	"2018 год"	"201812"	"ТУРКСИБСКИЙ РАЙОН"	"22716"	"городская местность"	"2"	"Всего"	"1"	"Всего"	"1"	"Всего"	"1"	"108 723"
"Общая площадь введенных в эксплуатацию жилых зданий(Метр квадратный)"	"2021 год"	"202112"	"ТУРКСИБСКИЙ РАЙОН"	"22716"	"городская местность"	"2"	"Всего"	"1"	"Всего"	"1"	"Всего"	"1"	"444 648"
"Общая площадь введенных в эксплуатацию жилых зданий(Метр квадратный)"	"2022 год"	"202212"	"ТУРКСИБСКИЙ РАЙОН"	"22716"	"городская местность"	"2"	"Всего"	"1"	"Всего"	"1"	"Всего"	"1"	"96 653"
"Общая площадь введенных в эксплуатацию жилых зданий(Метр квадратный)"	"2020 год"	"202012"	"Г.ШЫМКЕНТ"	"22717"	"Всего"	"1"	"Всего"	"1"	"Всего"	"1"	"Всего"	"1"	"649 143"
"Общая площадь введенных в эксплуатацию жилых зданий(Метр квадратный)"	"2019 год"	"201912"	"Г.ШЫМКЕНТ"	"22717"	"Всего"	"1"	"Всего"	"1"	"Всего"	"1"	"Всего"	"1"	"523 735"
"Общая площадь введенных в эксплуатацию жилых зданий(Метр квадратный)"	"2018 год"	"201812"	"Г.ШЫМКЕНТ"	"22717"	"Всего"	"1"	"Всего"	"1"	"Всего"	"1"	"Всего"	"1"	"439 221"
"Общая площадь введенных в эксплуатацию жилых зданий(Метр квадратный)"	"2021 год"	"202112"	"Г.ШЫМКЕНТ"	"22717"	"Всего"	"1"	"Всего"	"1"	"Всего"	"1"	"Всего"	"1"	"1 012 388"
"Общая площадь введенных в эксплуатацию жилых зданий(Метр квадратный)"	"2022 год"	"202212"	"Г.ШЫМКЕНТ"	"22717"	"Всего"	"1"	"Всего"	"1"	"Всего"	"1"	"Всего"	"1"	"1 073 646"
"Общая площадь введенных в эксплуатацию жилых зданий(Метр квадратный)"	"2020 год"	"202012"	"Г.ШЫМКЕНТ"	"22717"	"городская местность"	"2"	"Всего"	"1"	"Всего"	"1"	"Всего"	"1"	"649 143"
"Общая площадь введенных в эксплуатацию жилых зданий(Метр квадратный)"	"2019 год"	"201912"	"Г.ШЫМКЕНТ"	"22717"	"городская местность"	"2"	"Всего"	"1"	"Всего"	"1"	"Всего"	"1"	"523 735"
"Общая площадь введенных в эксплуатацию жилых зданий(Метр квадратный)"	"2018 год"	"201812"	"Г.ШЫМКЕНТ"	"22717"	"городская местность"	"2"	"Всего"	"1"	"Всего"	"1"	"Всего"	"1"	"439 221"
"Общая площадь введенных в эксплуатацию жилых зданий(Метр квадратный)"	"2021 год"	"202112"	"Г.ШЫМКЕНТ"	"22717"	"городская местность"	"2"	"Всего"	"1"	"Всего"	"1"	"Всего"	"1"	"1 012 388"
"Общая площадь введенных в эксплуатацию жилых зданий(Метр квадратный)"	"2022 год"	"202212"	"Г.ШЫМКЕНТ"	"22717"	"городская местность"	"2"	"Всего"	"1"	"Всего"	"1"	"Всего"	"1"	"1 073 646"
"Общая площадь введенных в эксплуатацию жилых зданий(Метр квадратный)"	"2020 год"	"202012"	"АБАЙСКИЙ РАЙОН"	"22718"	"Всего"	"1"	"Всего"	"1"	"Всего"	"1"	"Всего"	"1"	"96 514"
"Общая площадь введенных в эксплуатацию жилых зданий(Метр квадратный)"	"2019 год"	"201912"	"АБАЙСКИЙ РАЙОН"	"22718"	"Всего"	"1"	"Всего"	"1"	"Всего"	"1"	"Всего"	"1"	"108 623"
"Общая площадь введенных в эксплуатацию жилых зданий(Метр квадратный)"	"2018 год"	"201812"	"АБАЙСКИЙ РАЙОН"	"22718"	"Всего"	"1"	"Всего"	"1"	"Всего"	"1"	"Всего"	"1"	"73 573"
"Общая площадь введенных в эксплуатацию жилых зданий(Метр квадратный)"	"2021 год"	"202112"	"АБАЙСКИЙ РАЙОН"	"22718"	"Всего"	"1"	"Всего"	"1"	"Всего"	"1"	"Всего"	"1"	"179 200"
"Общая площадь введенных в эксплуатацию жилых зданий(Метр квадратный)"	"2022 год"	"202212"	"АБАЙСКИЙ РАЙОН"	"22718"	"Всего"	"1"	"Всего"	"1"	"Всего"	"1"	"Всего"	"1"	"213 238"
"Общая площадь введенных в эксплуатацию жилых зданий(Метр квадратный)"	"2020 год"	"202012"	"АБАЙСКИЙ РАЙОН"	"22718"	"городская местность"	"2"	"Всего"	"1"	"Всего"	"1"	"Всего"	"1"	"96 514"
"Общая площадь введенных в эксплуатацию жилых зданий(Метр квадратный)"	"2019 год"	"201912"	"АБАЙСКИЙ РАЙОН"	"22718"	"городская местность"	"2"	"Всего"	"1"	"Всего"	"1"	"Всего"	"1"	"108 623"
"Общая площадь введенных в эксплуатацию жилых зданий(Метр квадратный)"	"2018 год"	"201812"	"АБАЙСКИЙ РАЙОН"	"22718"	"городская местность"	"2"	"Всего"	"1"	"Всего"	"1"	"Всего"	"1"	"73 573"
"Общая площадь введенных в эксплуатацию жилых зданий(Метр квадратный)"	"2021 год"	"202112"	"АБАЙСКИЙ РАЙОН"	"22718"	"городская местность"	"2"	"Всего"	"1"	"Всего"	"1"	"Всего"	"1"	"179 200"
"Общая площадь введенных в эксплуатацию жилых зданий(Метр квадратный)"	"2022 год"	"202212"	"АБАЙСКИЙ РАЙОН"	"22718"	"городская местность"	"2"	"Всего"	"1"	"Всего"	"1"	"Всего"	"1"	"213 238"
"Общая площадь введенных в эксплуатацию жилых зданий(Метр квадратный)"	"2020 год"	"202012"	"АЛЬ-ФАРАБИЙСКИЙ РАЙОН"	"22719"	"Всего"	"1"	"Всего"	"1"	"Всего"	"1"	"Всего"	"1"	"2 071"
"Общая площадь введенных в эксплуатацию жилых зданий(Метр квадратный)"	"2019 год"	"201912"	"АЛЬ-ФАРАБИЙСКИЙ РАЙОН"	"22719"	"Всего"	"1"	"Всего"	"1"	"Всего"	"1"	"Всего"	"1"	"10 585"
"Общая площадь введенных в эксплуатацию жилых зданий(Метр квадратный)"	"2018 год"	"201812"	"АЛЬ-ФАРАБИЙСКИЙ РАЙОН"	"22719"	"Всего"	"1"	"Всего"	"1"	"Всего"	"1"	"Всего"	"1"	"18 168"
"Общая площадь введенных в эксплуатацию жилых зданий(Метр квадратный)"	"2021 год"	"202112"	"АЛЬ-ФАРАБИЙСКИЙ РАЙОН"	"22719"	"Всего"	"1"	"Всего"	"1"	"Всего"	"1"	"Всего"	"1"	"36 748"
"Общая площадь введенных в эксплуатацию жилых зданий(Метр квадратный)"	"2022 год"	"202212"	"АЛЬ-ФАРАБИЙСКИЙ РАЙОН"	"22719"	"Всего"	"1"	"Всего"	"1"	"Всего"	"1"	"Всего"	"1"	"96 426"
"Общая площадь введенных в эксплуатацию жилых зданий(Метр квадратный)"	"2020 год"	"202012"	"АЛЬ-ФАРАБИЙСКИЙ РАЙОН"	"22719"	"городская местность"	"2"	"Всего"	"1"	"Всего"	"1"	"Всего"	"1"	"2 071"
"Общая площадь введенных в эксплуатацию жилых зданий(Метр квадратный)"	"2019 год"	"201912"	"АЛЬ-ФАРАБИЙСКИЙ РАЙОН"	"22719"	"городская местность"	"2"	"Всего"	"1"	"Всего"	"1"	"Всего"	"1"	"10 585"
"Общая площадь введенных в эксплуатацию жилых зданий(Метр квадратный)"	"2018 год"	"201812"	"АЛЬ-ФАРАБИЙСКИЙ РАЙОН"	"22719"	"городская местность"	"2"	"Всего"	"1"	"Всего"	"1"	"Всего"	"1"	"18 168"
"Общая площадь введенных в эксплуатацию жилых зданий(Метр квадратный)"	"2021 год"	"202112"	"АЛЬ-ФАРАБИЙСКИЙ РАЙОН"	"22719"	"городская местность"	"2"	"Всего"	"1"	"Всего"	"1"	"Всего"	"1"	"36 748"
"Общая площадь введенных в эксплуатацию жилых зданий(Метр квадратный)"	"2022 год"	"202212"	"АЛЬ-ФАРАБИЙСКИЙ РАЙОН"	"22719"	"городская местность"	"2"	"Всего"	"1"	"Всего"	"1"	"Всего"	"1"	"96 426"
"Общая площадь введенных в эксплуатацию жилых зданий(Метр квадратный)"	"2020 год"	"202012"	"ЕНБЕКШИНСКИЙ РАЙОН"	"22720"	"Всего"	"1"	"Всего"	"1"	"Всего"	"1"	"Всего"	"1"	"12 942"
"Общая площадь введенных в эксплуатацию жилых зданий(Метр квадратный)"	"2019 год"	"201912"	"ЕНБЕКШИНСКИЙ РАЙОН"	"22720"	"Всего"	"1"	"Всего"	"1"	"Всего"	"1"	"Всего"	"1"	"34 114"
"Общая площадь введенных в эксплуатацию жилых зданий(Метр квадратный)"	"2018 год"	"201812"	"ЕНБЕКШИНСКИЙ РАЙОН"	"22720"	"Всего"	"1"	"Всего"	"1"	"Всего"	"1"	"Всего"	"1"	"35 918"
"Общая площадь введенных в эксплуатацию жилых зданий(Метр квадратный)"	"2021 год"	"202112"	"ЕНБЕКШИНСКИЙ РАЙОН"	"22720"	"Всего"	"1"	"Всего"	"1"	"Всего"	"1"	"Всего"	"1"	"77 040"
"Общая площадь введенных в эксплуатацию жилых зданий(Метр квадратный)"	"2022 год"	"202212"	"ЕНБЕКШИНСКИЙ РАЙОН"	"22720"	"Всего"	"1"	"Всего"	"1"	"Всего"	"1"	"Всего"	"1"	"55 872"
"Общая площадь введенных в эксплуатацию жилых зданий(Метр квадратный)"	"2020 год"	"202012"	"ЕНБЕКШИНСКИЙ РАЙОН"	"22720"	"городская местность"	"2"	"Всего"	"1"	"Всего"	"1"	"Всего"	"1"	"12 942"
"Общая площадь введенных в эксплуатацию жилых зданий(Метр квадратный)"	"2019 год"	"201912"	"ЕНБЕКШИНСКИЙ РАЙОН"	"22720"	"городская местность"	"2"	"Всего"	"1"	"Всего"	"1"	"Всего"	"1"	"34 114"
"Общая площадь введенных в эксплуатацию жилых зданий(Метр квадратный)"	"2018 год"	"201812"	"ЕНБЕКШИНСКИЙ РАЙОН"	"22720"	"городская местность"	"2"	"Всего"	"1"	"Всего"	"1"	"Всего"	"1"	"35 918"
"Общая площадь введенных в эксплуатацию жилых зданий(Метр квадратный)"	"2021 год"	"202112"	"ЕНБЕКШИНСКИЙ РАЙОН"	"22720"	"городская местность"	"2"	"Всего"	"1"	"Всего"	"1"	"Всего"	"1"	"77 040"
"Общая площадь введенных в эксплуатацию жилых зданий(Метр квадратный)"	"2022 год"	"202212"	"ЕНБЕКШИНСКИЙ РАЙОН"	"22720"	"городская местность"	"2"	"Всего"	"1"	"Всего"	"1"	"Всего"	"1"	"55 872"
"Общая площадь введенных в эксплуатацию жилых зданий(Метр квадратный)"	"2020 год"	"202012"	"КАРАТАУСКИЙ РАЙОН"	"22721"	"Всего"	"1"	"Всего"	"1"	"Всего"	"1"	"Всего"	"1"	"537 616"
"Общая площадь введенных в эксплуатацию жилых зданий(Метр квадратный)"	"2019 год"	"201912"	"КАРАТАУСКИЙ РАЙОН"	"22721"	"Всего"	"1"	"Всего"	"1"	"Всего"	"1"	"Всего"	"1"	"370 413"
"Общая площадь введенных в эксплуатацию жилых зданий(Метр квадратный)"	"2018 год"	"201812"	"КАРАТАУСКИЙ РАЙОН"	"22721"	"Всего"	"1"	"Всего"	"1"	"Всего"	"1"	"Всего"	"1"	"311 562"
"Общая площадь введенных в эксплуатацию жилых зданий(Метр квадратный)"	"2021 год"	"202112"	"КАРАТАУСКИЙ РАЙОН"	"22721"	"Всего"	"1"	"Всего"	"1"	"Всего"	"1"	"Всего"	"1"	"719 400"
"Общая площадь введенных в эксплуатацию жилых зданий(Метр квадратный)"	"2022 год"	"202212"	"КАРАТАУСКИЙ РАЙОН"	"22721"	"Всего"	"1"	"Всего"	"1"	"Всего"	"1"	"Всего"	"1"	"708 110"
"Общая площадь введенных в эксплуатацию жилых зданий(Метр квадратный)"	"2020 год"	"202012"	"КАРАТАУСКИЙ РАЙОН"	"22721"	"городская местность"	"2"	"Всего"	"1"	"Всего"	"1"	"Всего"	"1"	"537 616"
"Общая площадь введенных в эксплуатацию жилых зданий(Метр квадратный)"	"2019 год"	"201912"	"КАРАТАУСКИЙ РАЙОН"	"22721"	"городская местность"	"2"	"Всего"	"1"	"Всего"	"1"	"Всего"	"1"	"370 413"
"Общая площадь введенных в эксплуатацию жилых зданий(Метр квадратный)"	"2018 год"	"201812"	"КАРАТАУСКИЙ РАЙОН"	"22721"	"городская местность"	"2"	"Всего"	"1"	"Всего"	"1"	"Всего"	"1"	"311 562"
"Общая площадь введенных в эксплуатацию жилых зданий(Метр квадратный)"	"2021 год"	"202112"	"КАРАТАУСКИЙ РАЙОН"	"22721"	"городская местность"	"2"	"Всего"	"1"	"Всего"	"1"	"Всего"	"1"	"719 400"
"Общая площадь введенных в эксплуатацию жилых зданий(Метр квадратный)"	"2022 год"	"202212"	"КАРАТАУСКИЙ РАЙОН"	"22721"	"городская местность"	"2"	"Всего"	"1"	"Всего"	"1"	"Всего"	"1"	"708 110"
