"NAM"	"DAT"	"PERIOD"	"КАТО(по отчету)"	"LКАТО(по отчету)"	"СПТМ (по отчету)"	"LСПТМ (по отчету)"	"КРП(по каталогу)"	"LКРП(по каталогу)"	"ГСВЗИОК"	"LГСВЗИОК"	"VAL"
"Инвестиции в основной капитал(Тысяч тенге казахских)"	"2016 год"	"201612"	"РЕСПУБЛИКА КАЗАХСТАН"	"0"	"Всего"	"0"	"Всего"	"0"	"Всего"	"0"	"7 762 302 972 000 000"
"Инвестиции в основной капитал(Тысяч тенге казахских)"	"2017 год"	"201712"	"РЕСПУБЛИКА КАЗАХСТАН"	"0"	"Всего"	"0"	"Всего"	"0"	"Всего"	"0"	"8 770 572 291 000 000"
"Инвестиции в основной капитал(Тысяч тенге казахских)"	"2018 год"	"201812"	"РЕСПУБЛИКА КАЗАХСТАН"	"0"	"Всего"	"0"	"Всего"	"0"	"Всего"	"0"	"11 179 036 042 000 000"
"Инвестиции в основной капитал(Тысяч тенге казахских)"	"2016 год"	"201612"	"КАЗАЛИНСКИЙ РАЙОН"	"0"	"Всего"	"0"	"Всего"	"0"	"Всего"	"0"	"3 587 069 000 000"
"Инвестиции в основной капитал(Тысяч тенге казахских)"	"2017 год"	"201712"	"КАЗАЛИНСКИЙ РАЙОН"	"0"	"Всего"	"0"	"Всего"	"0"	"Всего"	"0"	"11 295 747 000 000"
"Инвестиции в основной капитал(Тысяч тенге казахских)"	"2018 год"	"201812"	"КАЗАЛИНСКИЙ РАЙОН"	"0"	"Всего"	"0"	"Всего"	"0"	"Всего"	"0"	"34 659 316 000 000"
"Инвестиции в основной капитал(Тысяч тенге казахских)"	"2016 год"	"201612"	"КАРМАКШИНСКИЙ РАЙОН"	"0"	"Всего"	"0"	"Всего"	"0"	"Всего"	"0"	"13 275 161 000 000"
"Инвестиции в основной капитал(Тысяч тенге казахских)"	"2017 год"	"201712"	"КАРМАКШИНСКИЙ РАЙОН"	"0"	"Всего"	"0"	"Всего"	"0"	"Всего"	"0"	"7 551 699 000 000"
"Инвестиции в основной капитал(Тысяч тенге казахских)"	"2018 год"	"201812"	"КАРМАКШИНСКИЙ РАЙОН"	"0"	"Всего"	"0"	"Всего"	"0"	"Всего"	"0"	"6 332 640 000 000"
"Инвестиции в основной капитал(Тысяч тенге казахских)"	"2016 год"	"201612"	"СТЕПНОГОРСК Г.А."	"0"	"Всего"	"0"	"Всего"	"0"	"Всего"	"0"	"12 075 473 000 000"
"Инвестиции в основной капитал(Тысяч тенге казахских)"	"2017 год"	"201712"	"СТЕПНОГОРСК Г.А."	"0"	"Всего"	"0"	"Всего"	"0"	"Всего"	"0"	"24 181 856 000 000"
"Инвестиции в основной капитал(Тысяч тенге казахских)"	"2018 год"	"201812"	"СТЕПНОГОРСК Г.А."	"0"	"Всего"	"0"	"Всего"	"0"	"Всего"	"0"	"22 762 377 000 000"
"Инвестиции в основной капитал(Тысяч тенге казахских)"	"2016 год"	"201612"	"АКЖАИКСКИЙ РАЙОН"	"0"	"Всего"	"0"	"Всего"	"0"	"Всего"	"0"	"1 469 997 000 000"
"Инвестиции в основной капитал(Тысяч тенге казахских)"	"2017 год"	"201712"	"АКЖАИКСКИЙ РАЙОН"	"0"	"Всего"	"0"	"Всего"	"0"	"Всего"	"0"	"3 220 229 000 000"
"Инвестиции в основной капитал(Тысяч тенге казахских)"	"2018 год"	"201812"	"АКЖАИКСКИЙ РАЙОН"	"0"	"Всего"	"0"	"Всего"	"0"	"Всего"	"0"	"3 503 279 000 000"
"Инвестиции в основной капитал(Тысяч тенге казахских)"	"2016 год"	"201612"	"КАРАКИЯНСКИЙ РАЙОН"	"0"	"Всего"	"0"	"Всего"	"0"	"Всего"	"0"	"105 862 512 000 000"
"Инвестиции в основной капитал(Тысяч тенге казахских)"	"2017 год"	"201712"	"КАРАКИЯНСКИЙ РАЙОН"	"0"	"Всего"	"0"	"Всего"	"0"	"Всего"	"0"	"171 479 095 000 000"
"Инвестиции в основной капитал(Тысяч тенге казахских)"	"2018 год"	"201812"	"КАРАКИЯНСКИЙ РАЙОН"	"0"	"Всего"	"0"	"Всего"	"0"	"Всего"	"0"	"170 092 674 000 000"
"Инвестиции в основной капитал(Тысяч тенге казахских)"	"2016 год"	"201612"	"ЛИСАКОВСК Г.А."	"0"	"Всего"	"0"	"Всего"	"0"	"Всего"	"0"	"10 080 941 000 000"
"Инвестиции в основной капитал(Тысяч тенге казахских)"	"2017 год"	"201712"	"ЛИСАКОВСК Г.А."	"0"	"Всего"	"0"	"Всего"	"0"	"Всего"	"0"	"12 693 299 000 000"
"Инвестиции в основной капитал(Тысяч тенге казахских)"	"2018 год"	"201812"	"ЛИСАКОВСК Г.А."	"0"	"Всего"	"0"	"Всего"	"0"	"Всего"	"0"	"29 482 141 000 000"
"Инвестиции в основной капитал(Тысяч тенге казахских)"	"2016 год"	"201612"	"РИДДЕР Г.А."	"0"	"Всего"	"0"	"Всего"	"0"	"Всего"	"0"	"18 936 471 000 000"
"Инвестиции в основной капитал(Тысяч тенге казахских)"	"2017 год"	"201712"	"РИДДЕР Г.А."	"0"	"Всего"	"0"	"Всего"	"0"	"Всего"	"0"	"20 817 868 000 000"
"Инвестиции в основной капитал(Тысяч тенге казахских)"	"2018 год"	"201812"	"РИДДЕР Г.А."	"0"	"Всего"	"0"	"Всего"	"0"	"Всего"	"0"	"27 901 448 000 000"
"Инвестиции в основной капитал(Тысяч тенге казахских)"	"2016 год"	"201612"	"ЩЕРБАКТИНСКИЙ РАЙОН"	"0"	"Всего"	"0"	"Всего"	"0"	"Всего"	"0"	"2 423 264 000 000"
"Инвестиции в основной капитал(Тысяч тенге казахских)"	"2017 год"	"201712"	"ЩЕРБАКТИНСКИЙ РАЙОН"	"0"	"Всего"	"0"	"Всего"	"0"	"Всего"	"0"	"2 575 666 000 000"
"Инвестиции в основной капитал(Тысяч тенге казахских)"	"2018 год"	"201812"	"ЩЕРБАКТИНСКИЙ РАЙОН"	"0"	"Всего"	"0"	"Всего"	"0"	"Всего"	"0"	"6 245 942 000 000"
"Инвестиции в основной капитал(Тысяч тенге казахских)"	"2016 год"	"201612"	"ЕСИЛЬСКИЙ РАЙОН"	"0"	"Всего"	"0"	"Всего"	"0"	"Всего"	"0"	"4 363 894 000 000"
"Инвестиции в основной капитал(Тысяч тенге казахских)"	"2017 год"	"201712"	"ЕСИЛЬСКИЙ РАЙОН"	"0"	"Всего"	"0"	"Всего"	"0"	"Всего"	"0"	"5 124 522 000 000"
"Инвестиции в основной капитал(Тысяч тенге казахских)"	"2018 год"	"201812"	"ЕСИЛЬСКИЙ РАЙОН"	"0"	"Всего"	"0"	"Всего"	"0"	"Всего"	"0"	"6 208 370 000 000"
"Инвестиции в основной капитал(Тысяч тенге казахских)"	"2016 год"	"201612"	"ПАВЛОДАРСКИЙ РАЙОН"	"0"	"Всего"	"0"	"Всего"	"0"	"Всего"	"0"	"9 466 455 000 000"
"Инвестиции в основной капитал(Тысяч тенге казахских)"	"2017 год"	"201712"	"ПАВЛОДАРСКИЙ РАЙОН"	"0"	"Всего"	"0"	"Всего"	"0"	"Всего"	"0"	"9 088 576 000 000"
"Инвестиции в основной капитал(Тысяч тенге казахских)"	"2018 год"	"201812"	"ПАВЛОДАРСКИЙ РАЙОН"	"0"	"Всего"	"0"	"Всего"	"0"	"Всего"	"0"	"7 982 803 000 000"
"Инвестиции в основной капитал(Тысяч тенге казахских)"	"2016 год"	"201612"	"ЕНБЕКШИКАЗАХСКИЙ РАЙОН"	"0"	"Всего"	"0"	"Всего"	"0"	"Всего"	"0"	"49 775 045 000 000"
"Инвестиции в основной капитал(Тысяч тенге казахских)"	"2017 год"	"201712"	"ЕНБЕКШИКАЗАХСКИЙ РАЙОН"	"0"	"Всего"	"0"	"Всего"	"0"	"Всего"	"0"	"36 449 491 000 000"
"Инвестиции в основной капитал(Тысяч тенге казахских)"	"2018 год"	"201812"	"ЕНБЕКШИКАЗАХСКИЙ РАЙОН"	"0"	"Всего"	"0"	"Всего"	"0"	"Всего"	"0"	"36 581 736 000 000"
"Инвестиции в основной капитал(Тысяч тенге казахских)"	"2016 год"	"201612"	"БАЯНАУЛЬСКИЙ РАЙОН"	"0"	"Всего"	"0"	"Всего"	"0"	"Всего"	"0"	"3 485 334 000 000"
"Инвестиции в основной капитал(Тысяч тенге казахских)"	"2017 год"	"201712"	"БАЯНАУЛЬСКИЙ РАЙОН"	"0"	"Всего"	"0"	"Всего"	"0"	"Всего"	"0"	"5 602 896 000 000"
"Инвестиции в основной капитал(Тысяч тенге казахских)"	"2018 год"	"201812"	"БАЯНАУЛЬСКИЙ РАЙОН"	"0"	"Всего"	"0"	"Всего"	"0"	"Всего"	"0"	"7 175 823 000 000"
"Инвестиции в основной капитал(Тысяч тенге казахских)"	"2016 год"	"201612"	"ЖАМБЫЛСКИЙ РАЙОН"	"0"	"Всего"	"0"	"Всего"	"0"	"Всего"	"0"	"21 294 707 000 000"
"Инвестиции в основной капитал(Тысяч тенге казахских)"	"2017 год"	"201712"	"ЖАМБЫЛСКИЙ РАЙОН"	"0"	"Всего"	"0"	"Всего"	"0"	"Всего"	"0"	"22 519 841 000 000"
"Инвестиции в основной капитал(Тысяч тенге казахских)"	"2018 год"	"201812"	"ЖАМБЫЛСКИЙ РАЙОН"	"0"	"Всего"	"0"	"Всего"	"0"	"Всего"	"0"	"29 260 922 000 000"
"Инвестиции в основной капитал(Тысяч тенге казахских)"	"2016 год"	"201612"	"КОКПЕКТИНСКИЙ РАЙОН"	"0"	"Всего"	"0"	"Всего"	"0"	"Всего"	"0"	"1 471 479 000 000"
"Инвестиции в основной капитал(Тысяч тенге казахских)"	"2017 год"	"201712"	"КОКПЕКТИНСКИЙ РАЙОН"	"0"	"Всего"	"0"	"Всего"	"0"	"Всего"	"0"	"3 919 016 000 000"
"Инвестиции в основной капитал(Тысяч тенге казахских)"	"2018 год"	"201812"	"КОКПЕКТИНСКИЙ РАЙОН"	"0"	"Всего"	"0"	"Всего"	"0"	"Всего"	"0"	"4 864 006 000 000"
"Инвестиции в основной капитал(Тысяч тенге казахских)"	"2016 год"	"201612"	"ИСАТАЙСКИЙ РАЙОН"	"0"	"Всего"	"0"	"Всего"	"0"	"Всего"	"0"	"31 341 132 000 000"
"Инвестиции в основной капитал(Тысяч тенге казахских)"	"2017 год"	"201712"	"ИСАТАЙСКИЙ РАЙОН"	"0"	"Всего"	"0"	"Всего"	"0"	"Всего"	"0"	"26 634 045 000 000"
"Инвестиции в основной капитал(Тысяч тенге казахских)"	"2018 год"	"201812"	"ИСАТАЙСКИЙ РАЙОН"	"0"	"Всего"	"0"	"Всего"	"0"	"Всего"	"0"	"15 897 150 000 000"
"Инвестиции в основной капитал(Тысяч тенге казахских)"	"2016 год"	"201612"	"ТОЛЕБИЙСКИЙ РАЙОН"	"0"	"Всего"	"0"	"Всего"	"0"	"Всего"	"0"	"8 822 208 000 000"
"Инвестиции в основной капитал(Тысяч тенге казахских)"	"2017 год"	"201712"	"ТОЛЕБИЙСКИЙ РАЙОН"	"0"	"Всего"	"0"	"Всего"	"0"	"Всего"	"0"	"11 955 439 000 000"
"Инвестиции в основной капитал(Тысяч тенге казахских)"	"2016 год"	"201612"	"ПАНФИЛОВСКИЙ РАЙОН"	"0"	"Всего"	"0"	"Всего"	"0"	"Всего"	"0"	"84 557 861 000 000"
"Инвестиции в основной капитал(Тысяч тенге казахских)"	"2017 год"	"201712"	"ПАНФИЛОВСКИЙ РАЙОН"	"0"	"Всего"	"0"	"Всего"	"0"	"Всего"	"0"	"56 841 232 000 000"
"Инвестиции в основной капитал(Тысяч тенге казахских)"	"2018 год"	"201812"	"ПАНФИЛОВСКИЙ РАЙОН"	"0"	"Всего"	"0"	"Всего"	"0"	"Всего"	"0"	"60 505 457 000 000"
"Инвестиции в основной капитал(Тысяч тенге казахских)"	"2016 год"	"201612"	"КАЗЫГУРТСКИЙ РАЙОН"	"0"	"Всего"	"0"	"Всего"	"0"	"Всего"	"0"	"14 281 399 000 000"
"Инвестиции в основной капитал(Тысяч тенге казахских)"	"2017 год"	"201712"	"КАЗЫГУРТСКИЙ РАЙОН"	"0"	"Всего"	"0"	"Всего"	"0"	"Всего"	"0"	"15 365 581 000 000"
"Инвестиции в основной капитал(Тысяч тенге казахских)"	"2016 год"	"201612"	"САРЫКОЛЬСКИЙ РАЙОН"	"0"	"Всего"	"0"	"Всего"	"0"	"Всего"	"0"	"7 306 030 000 000"
"Инвестиции в основной капитал(Тысяч тенге казахских)"	"2017 год"	"201712"	"САРЫКОЛЬСКИЙ РАЙОН"	"0"	"Всего"	"0"	"Всего"	"0"	"Всего"	"0"	"8 360 240 000 000"
"Инвестиции в основной капитал(Тысяч тенге казахских)"	"2018 год"	"201812"	"САРЫКОЛЬСКИЙ РАЙОН"	"0"	"Всего"	"0"	"Всего"	"0"	"Всего"	"0"	"9 009 503 000 000"
"Инвестиции в основной капитал(Тысяч тенге казахских)"	"2016 год"	"201612"	"АЛТЫНСАРИНСКИЙ РАЙОН"	"0"	"Всего"	"0"	"Всего"	"0"	"Всего"	"0"	"1 291 126 000 000"
"Инвестиции в основной капитал(Тысяч тенге казахских)"	"2017 год"	"201712"	"АЛТЫНСАРИНСКИЙ РАЙОН"	"0"	"Всего"	"0"	"Всего"	"0"	"Всего"	"0"	"1 405 469 000 000"
"Инвестиции в основной капитал(Тысяч тенге казахских)"	"2018 год"	"201812"	"АЛТЫНСАРИНСКИЙ РАЙОН"	"0"	"Всего"	"0"	"Всего"	"0"	"Всего"	"0"	"1 813 934 000 000"
"Инвестиции в основной капитал(Тысяч тенге казахских)"	"2016 год"	"201612"	"НУРИНСКИЙ РАЙОН"	"0"	"Всего"	"0"	"Всего"	"0"	"Всего"	"0"	"10 833 094 000 000"
"Инвестиции в основной капитал(Тысяч тенге казахских)"	"2017 год"	"201712"	"НУРИНСКИЙ РАЙОН"	"0"	"Всего"	"0"	"Всего"	"0"	"Всего"	"0"	"19 184 948 000 000"
"Инвестиции в основной капитал(Тысяч тенге казахских)"	"2018 год"	"201812"	"НУРИНСКИЙ РАЙОН"	"0"	"Всего"	"0"	"Всего"	"0"	"Всего"	"0"	"17 545 124 000 000"
"Инвестиции в основной капитал(Тысяч тенге казахских)"	"2016 год"	"201612"	"КУРЧУМСКИЙ РАЙОН"	"0"	"Всего"	"0"	"Всего"	"0"	"Всего"	"0"	"2 076 365 000 000"
"Инвестиции в основной капитал(Тысяч тенге казахских)"	"2017 год"	"201712"	"КУРЧУМСКИЙ РАЙОН"	"0"	"Всего"	"0"	"Всего"	"0"	"Всего"	"0"	"2 795 920 000 000"
"Инвестиции в основной капитал(Тысяч тенге казахских)"	"2018 год"	"201812"	"КУРЧУМСКИЙ РАЙОН"	"0"	"Всего"	"0"	"Всего"	"0"	"Всего"	"0"	"4 654 695 000 000"
"Инвестиции в основной капитал(Тысяч тенге казахских)"	"2016 год"	"201612"	"УЛЫТАУСКИЙ РАЙОН"	"0"	"Всего"	"0"	"Всего"	"0"	"Всего"	"0"	"7 969 065 000 000"
"Инвестиции в основной капитал(Тысяч тенге казахских)"	"2017 год"	"201712"	"УЛЫТАУСКИЙ РАЙОН"	"0"	"Всего"	"0"	"Всего"	"0"	"Всего"	"0"	"2 894 187 000 000"
"Инвестиции в основной капитал(Тысяч тенге казахских)"	"2018 год"	"201812"	"УЛЫТАУСКИЙ РАЙОН"	"0"	"Всего"	"0"	"Всего"	"0"	"Всего"	"0"	"3 656 010 000 000"
"Инвестиции в основной капитал(Тысяч тенге казахских)"	"2016 год"	"201612"	"ХОБДИНСКИЙ РАЙОН"	"0"	"Всего"	"0"	"Всего"	"0"	"Всего"	"0"	"3 086 787 000 000"
"Инвестиции в основной капитал(Тысяч тенге казахских)"	"2017 год"	"201712"	"ХОБДИНСКИЙ РАЙОН"	"0"	"Всего"	"0"	"Всего"	"0"	"Всего"	"0"	"3 777 919 000 000"
"Инвестиции в основной капитал(Тысяч тенге казахских)"	"2018 год"	"201812"	"ХОБДИНСКИЙ РАЙОН"	"0"	"Всего"	"0"	"Всего"	"0"	"Всего"	"0"	"4 054 630 000 000"
"Инвестиции в основной капитал(Тысяч тенге казахских)"	"2016 год"	"201612"	"ЗАПАДНО-КАЗАХСТАНСКАЯ ОБЛАСТЬ"	"0"	"Всего"	"0"	"Всего"	"0"	"Всего"	"0"	"401 646 132 000 000"
"Инвестиции в основной капитал(Тысяч тенге казахских)"	"2017 год"	"201712"	"ЗАПАДНО-КАЗАХСТАНСКАЯ ОБЛАСТЬ"	"0"	"Всего"	"0"	"Всего"	"0"	"Всего"	"0"	"407 589 017 000 000"
"Инвестиции в основной капитал(Тысяч тенге казахских)"	"2018 год"	"201812"	"ЗАПАДНО-КАЗАХСТАНСКАЯ ОБЛАСТЬ"	"0"	"Всего"	"0"	"Всего"	"0"	"Всего"	"0"	"450 382 192 000 000"
"Инвестиции в основной капитал(Тысяч тенге казахских)"	"2016 год"	"201612"	"ЖАНГЕЛЬДИНСКИЙ РАЙОН"	"0"	"Всего"	"0"	"Всего"	"0"	"Всего"	"0"	"699 180 000 000"
"Инвестиции в основной капитал(Тысяч тенге казахских)"	"2017 год"	"201712"	"ЖАНГЕЛЬДИНСКИЙ РАЙОН"	"0"	"Всего"	"0"	"Всего"	"0"	"Всего"	"0"	"819 459 000 000"
"Инвестиции в основной капитал(Тысяч тенге казахских)"	"2018 год"	"201812"	"ЖАНГЕЛЬДИНСКИЙ РАЙОН"	"0"	"Всего"	"0"	"Всего"	"0"	"Всего"	"0"	"1 166 399 000 000"
"Инвестиции в основной капитал(Тысяч тенге казахских)"	"2016 год"	"201612"	"КЕНТАУ Г.А."	"0"	"Всего"	"0"	"Всего"	"0"	"Всего"	"0"	"6 176 534 000 000"
"Инвестиции в основной капитал(Тысяч тенге казахских)"	"2017 год"	"201712"	"КЕНТАУ Г.А."	"0"	"Всего"	"0"	"Всего"	"0"	"Всего"	"0"	"6 507 385 000 000"
"Инвестиции в основной капитал(Тысяч тенге казахских)"	"2016 год"	"201612"	"ЖАНАОЗЕН Г.А."	"0"	"Всего"	"0"	"Всего"	"0"	"Всего"	"0"	"20 555 608 000 000"
"Инвестиции в основной капитал(Тысяч тенге казахских)"	"2017 год"	"201712"	"ЖАНАОЗЕН Г.А."	"0"	"Всего"	"0"	"Всего"	"0"	"Всего"	"0"	"34 139 086 000 000"
"Инвестиции в основной капитал(Тысяч тенге казахских)"	"2018 год"	"201812"	"ЖАНАОЗЕН Г.А."	"0"	"Всего"	"0"	"Всего"	"0"	"Всего"	"0"	"39 527 811 000 000"
"Инвестиции в основной капитал(Тысяч тенге казахских)"	"2016 год"	"201612"	"ТЕМИРТАУ Г.А."	"0"	"Всего"	"0"	"Всего"	"0"	"Всего"	"0"	"48 600 217 000 000"
"Инвестиции в основной капитал(Тысяч тенге казахских)"	"2017 год"	"201712"	"ТЕМИРТАУ Г.А."	"0"	"Всего"	"0"	"Всего"	"0"	"Всего"	"0"	"38 242 648 000 000"
"Инвестиции в основной капитал(Тысяч тенге казахских)"	"2018 год"	"201812"	"ТЕМИРТАУ Г.А."	"0"	"Всего"	"0"	"Всего"	"0"	"Всего"	"0"	"60 432 784 000 000"
"Инвестиции в основной капитал(Тысяч тенге казахских)"	"2016 год"	"201612"	"Г.АЛМАТЫ"	"0"	"Всего"	"0"	"Всего"	"0"	"Всего"	"0"	"581 573 746 000 000"
"Инвестиции в основной капитал(Тысяч тенге казахских)"	"2017 год"	"201712"	"Г.АЛМАТЫ"	"0"	"Всего"	"0"	"Всего"	"0"	"Всего"	"0"	"644 406 465 000 000"
"Инвестиции в основной капитал(Тысяч тенге казахских)"	"2018 год"	"201812"	"Г.АЛМАТЫ"	"0"	"Всего"	"0"	"Всего"	"0"	"Всего"	"0"	"732 929 517 000 000"
"Инвестиции в основной капитал(Тысяч тенге казахских)"	"2016 год"	"201612"	"ПАВЛОДАРСКАЯ ОБЛАСТЬ"	"0"	"Всего"	"0"	"Всего"	"0"	"Всего"	"0"	"439 763 547 000 000"
"Инвестиции в основной капитал(Тысяч тенге казахских)"	"2017 год"	"201712"	"ПАВЛОДАРСКАЯ ОБЛАСТЬ"	"0"	"Всего"	"0"	"Всего"	"0"	"Всего"	"0"	"483 794 602 000 000"
"Инвестиции в основной капитал(Тысяч тенге казахских)"	"2018 год"	"201812"	"ПАВЛОДАРСКАЯ ОБЛАСТЬ"	"0"	"Всего"	"0"	"Всего"	"0"	"Всего"	"0"	"411 958 463 000 000"
"Инвестиции в основной капитал(Тысяч тенге казахских)"	"2016 год"	"201612"	"ЖАМБЫЛСКАЯ ОБЛАСТЬ"	"0"	"Всего"	"0"	"Всего"	"0"	"Всего"	"0"	"215 906 073 000 000"
"Инвестиции в основной капитал(Тысяч тенге казахских)"	"2017 год"	"201712"	"ЖАМБЫЛСКАЯ ОБЛАСТЬ"	"0"	"Всего"	"0"	"Всего"	"0"	"Всего"	"0"	"225 862 964 000 000"
"Инвестиции в основной капитал(Тысяч тенге казахских)"	"2018 год"	"201812"	"ЖАМБЫЛСКАЯ ОБЛАСТЬ"	"0"	"Всего"	"0"	"Всего"	"0"	"Всего"	"0"	"264 520 233 000 000"
"Инвестиции в основной капитал(Тысяч тенге казахских)"	"2016 год"	"201612"	"АКТЮБИНСКАЯ ОБЛАСТЬ"	"0"	"Всего"	"0"	"Всего"	"0"	"Всего"	"0"	"374 019 678 000 000"
"Инвестиции в основной капитал(Тысяч тенге казахских)"	"2017 год"	"201712"	"АКТЮБИНСКАЯ ОБЛАСТЬ"	"0"	"Всего"	"0"	"Всего"	"0"	"Всего"	"0"	"438 048 819 000 000"
"Инвестиции в основной капитал(Тысяч тенге казахских)"	"2018 год"	"201812"	"АКТЮБИНСКАЯ ОБЛАСТЬ"	"0"	"Всего"	"0"	"Всего"	"0"	"Всего"	"0"	"516 893 383 000 000"
"Инвестиции в основной капитал(Тысяч тенге казахских)"	"2016 год"	"201612"	"АТЫРАУСКАЯ ОБЛАСТЬ"	"0"	"Всего"	"0"	"Всего"	"0"	"Всего"	"0"	"2 036 852 287 000 000"
"Инвестиции в основной капитал(Тысяч тенге казахских)"	"2017 год"	"201712"	"АТЫРАУСКАЯ ОБЛАСТЬ"	"0"	"Всего"	"0"	"Всего"	"0"	"Всего"	"0"	"2 468 570 392 000 000"
"Инвестиции в основной капитал(Тысяч тенге казахских)"	"2018 год"	"201812"	"АТЫРАУСКАЯ ОБЛАСТЬ"	"0"	"Всего"	"0"	"Всего"	"0"	"Всего"	"0"	"3 691 401 191 000 000"
"Инвестиции в основной капитал(Тысяч тенге казахских)"	"2016 год"	"201612"	"СЕВЕРО-КАЗАХСТАНСКАЯ ОБЛАСТЬ"	"0"	"Всего"	"0"	"Всего"	"0"	"Всего"	"0"	"167 066 201 000 000"
"Инвестиции в основной капитал(Тысяч тенге казахских)"	"2017 год"	"201712"	"СЕВЕРО-КАЗАХСТАНСКАЯ ОБЛАСТЬ"	"0"	"Всего"	"0"	"Всего"	"0"	"Всего"	"0"	"191 689 477 000 000"
"Инвестиции в основной капитал(Тысяч тенге казахских)"	"2018 год"	"201812"	"СЕВЕРО-КАЗАХСТАНСКАЯ ОБЛАСТЬ"	"0"	"Всего"	"0"	"Всего"	"0"	"Всего"	"0"	"214 181 179 000 000"
"Инвестиции в основной капитал(Тысяч тенге казахских)"	"2016 год"	"201612"	"ВОСТОЧНО-КАЗАХСТАНСКАЯ ОБЛАСТЬ"	"0"	"Всего"	"0"	"Всего"	"0"	"Всего"	"0"	"436 751 077 000 000"
"Инвестиции в основной капитал(Тысяч тенге казахских)"	"2017 год"	"201712"	"ВОСТОЧНО-КАЗАХСТАНСКАЯ ОБЛАСТЬ"	"0"	"Всего"	"0"	"Всего"	"0"	"Всего"	"0"	"436 107 020 000 000"
"Инвестиции в основной капитал(Тысяч тенге казахских)"	"2018 год"	"201812"	"ВОСТОЧНО-КАЗАХСТАНСКАЯ ОБЛАСТЬ"	"0"	"Всего"	"0"	"Всего"	"0"	"Всего"	"0"	"494 596 556 000 000"
"Инвестиции в основной капитал(Тысяч тенге казахских)"	"2016 год"	"201612"	"АКМОЛИНСКАЯ ОБЛАСТЬ"	"0"	"Всего"	"0"	"Всего"	"0"	"Всего"	"0"	"223 045 437 000 000"
"Инвестиции в основной капитал(Тысяч тенге казахских)"	"2017 год"	"201712"	"АКМОЛИНСКАЯ ОБЛАСТЬ"	"0"	"Всего"	"0"	"Всего"	"0"	"Всего"	"0"	"264 891 871 000 000"
"Инвестиции в основной капитал(Тысяч тенге казахских)"	"2018 год"	"201812"	"АКМОЛИНСКАЯ ОБЛАСТЬ"	"0"	"Всего"	"0"	"Всего"	"0"	"Всего"	"0"	"278 177 119 000 000"
"Инвестиции в основной капитал(Тысяч тенге казахских)"	"2016 год"	"201612"	"МАНГИСТАУСКАЯ ОБЛАСТЬ"	"0"	"Всего"	"0"	"Всего"	"0"	"Всего"	"0"	"405 603 704 000 000"
"Инвестиции в основной капитал(Тысяч тенге казахских)"	"2017 год"	"201712"	"МАНГИСТАУСКАЯ ОБЛАСТЬ"	"0"	"Всего"	"0"	"Всего"	"0"	"Всего"	"0"	"434 445 720 000 000"
"Инвестиции в основной капитал(Тысяч тенге казахских)"	"2018 год"	"201812"	"МАНГИСТАУСКАЯ ОБЛАСТЬ"	"0"	"Всего"	"0"	"Всего"	"0"	"Всего"	"0"	"504 649 111 000 000"
"Инвестиции в основной капитал(Тысяч тенге казахских)"	"2016 год"	"201612"	"ШЕМОНАИХИНСКИЙ РАЙОН"	"0"	"Всего"	"0"	"Всего"	"0"	"Всего"	"0"	"15 123 276 000 000"
"Инвестиции в основной капитал(Тысяч тенге казахских)"	"2017 год"	"201712"	"ШЕМОНАИХИНСКИЙ РАЙОН"	"0"	"Всего"	"0"	"Всего"	"0"	"Всего"	"0"	"15 832 576 000 000"
"Инвестиции в основной капитал(Тысяч тенге казахских)"	"2018 год"	"201812"	"ШЕМОНАИХИНСКИЙ РАЙОН"	"0"	"Всего"	"0"	"Всего"	"0"	"Всего"	"0"	"17 692 933 000 000"
"Инвестиции в основной капитал(Тысяч тенге казахских)"	"2016 год"	"201612"	"ИРТЫШСКИЙ РАЙОН"	"0"	"Всего"	"0"	"Всего"	"0"	"Всего"	"0"	"2 798 955 000 000"
"Инвестиции в основной капитал(Тысяч тенге казахских)"	"2017 год"	"201712"	"ИРТЫШСКИЙ РАЙОН"	"0"	"Всего"	"0"	"Всего"	"0"	"Всего"	"0"	"3 227 829 000 000"
"Инвестиции в основной капитал(Тысяч тенге казахских)"	"2018 год"	"201812"	"ИРТЫШСКИЙ РАЙОН"	"0"	"Всего"	"0"	"Всего"	"0"	"Всего"	"0"	"3 797 965 000 000"
"Инвестиции в основной капитал(Тысяч тенге казахских)"	"2016 год"	"201612"	"МУГАЛЖАРСКИЙ РАЙОН"	"0"	"Всего"	"0"	"Всего"	"0"	"Всего"	"0"	"63 795 545 000 000"
"Инвестиции в основной капитал(Тысяч тенге казахских)"	"2017 год"	"201712"	"МУГАЛЖАРСКИЙ РАЙОН"	"0"	"Всего"	"0"	"Всего"	"0"	"Всего"	"0"	"89 281 167 000 000"
"Инвестиции в основной капитал(Тысяч тенге казахских)"	"2018 год"	"201812"	"МУГАЛЖАРСКИЙ РАЙОН"	"0"	"Всего"	"0"	"Всего"	"0"	"Всего"	"0"	"75 012 150 000 000"
"Инвестиции в основной капитал(Тысяч тенге казахских)"	"2016 год"	"201612"	"КАРАГАНДИНСКАЯ ОБЛАСТЬ"	"0"	"Всего"	"0"	"Всего"	"0"	"Всего"	"0"	"317 571 168 000 000"
"Инвестиции в основной капитал(Тысяч тенге казахских)"	"2017 год"	"201712"	"КАРАГАНДИНСКАЯ ОБЛАСТЬ"	"0"	"Всего"	"0"	"Всего"	"0"	"Всего"	"0"	"363 266 850 000 000"
"Инвестиции в основной капитал(Тысяч тенге казахских)"	"2018 год"	"201812"	"КАРАГАНДИНСКАЯ ОБЛАСТЬ"	"0"	"Всего"	"0"	"Всего"	"0"	"Всего"	"0"	"489 029 821 000 000"
"Инвестиции в основной капитал(Тысяч тенге казахских)"	"2016 год"	"201612"	"АРАЛЬСКИЙ РАЙОН"	"0"	"Всего"	"0"	"Всего"	"0"	"Всего"	"0"	"6 304 926 000 000"
"Инвестиции в основной капитал(Тысяч тенге казахских)"	"2017 год"	"201712"	"АРАЛЬСКИЙ РАЙОН"	"0"	"Всего"	"0"	"Всего"	"0"	"Всего"	"0"	"11 902 750 000 000"
"Инвестиции в основной капитал(Тысяч тенге казахских)"	"2018 год"	"201812"	"АРАЛЬСКИЙ РАЙОН"	"0"	"Всего"	"0"	"Всего"	"0"	"Всего"	"0"	"28 998 314 000 000"
"Инвестиции в основной капитал(Тысяч тенге казахских)"	"2016 год"	"201612"	"АККАЙЫНСКИЙ РАЙОН"	"0"	"Всего"	"0"	"Всего"	"0"	"Всего"	"0"	"8 254 661 000 000"
"Инвестиции в основной капитал(Тысяч тенге казахских)"	"2017 год"	"201712"	"АККАЙЫНСКИЙ РАЙОН"	"0"	"Всего"	"0"	"Всего"	"0"	"Всего"	"0"	"6 479 665 000 000"
"Инвестиции в основной капитал(Тысяч тенге казахских)"	"2018 год"	"201812"	"АККАЙЫНСКИЙ РАЙОН"	"0"	"Всего"	"0"	"Всего"	"0"	"Всего"	"0"	"9 491 091 000 000"
"Инвестиции в основной капитал(Тысяч тенге казахских)"	"2016 год"	"201612"	"ЖАМБЫЛСКИЙ РАЙОН"	"0"	"Всего"	"0"	"Всего"	"0"	"Всего"	"0"	"19 568 635 000 000"
"Инвестиции в основной капитал(Тысяч тенге казахских)"	"2017 год"	"201712"	"ЖАМБЫЛСКИЙ РАЙОН"	"0"	"Всего"	"0"	"Всего"	"0"	"Всего"	"0"	"18 703 611 000 000"
"Инвестиции в основной капитал(Тысяч тенге казахских)"	"2018 год"	"201812"	"ЖАМБЫЛСКИЙ РАЙОН"	"0"	"Всего"	"0"	"Всего"	"0"	"Всего"	"0"	"24 724 667 000 000"
"Инвестиции в основной капитал(Тысяч тенге казахских)"	"2016 год"	"201612"	"РАЙЫМБЕКСКИЙ РАЙОН"	"0"	"Всего"	"0"	"Всего"	"0"	"Всего"	"0"	"5 479 863 000 000"
"Инвестиции в основной капитал(Тысяч тенге казахских)"	"2017 год"	"201712"	"РАЙЫМБЕКСКИЙ РАЙОН"	"0"	"Всего"	"0"	"Всего"	"0"	"Всего"	"0"	"4 923 289 000 000"
"Инвестиции в основной капитал(Тысяч тенге казахских)"	"2018 год"	"201812"	"РАЙЫМБЕКСКИЙ РАЙОН"	"0"	"Всего"	"0"	"Всего"	"0"	"Всего"	"0"	"2 997 840 000 000"
"Инвестиции в основной капитал(Тысяч тенге казахских)"	"2016 год"	"201612"	"КАРАБАЛЫКСКИЙ РАЙОН"	"0"	"Всего"	"0"	"Всего"	"0"	"Всего"	"0"	"2 712 177 000 000"
"Инвестиции в основной капитал(Тысяч тенге казахских)"	"2017 год"	"201712"	"КАРАБАЛЫКСКИЙ РАЙОН"	"0"	"Всего"	"0"	"Всего"	"0"	"Всего"	"0"	"2 783 990 000 000"
"Инвестиции в основной капитал(Тысяч тенге казахских)"	"2018 год"	"201812"	"КАРАБАЛЫКСКИЙ РАЙОН"	"0"	"Всего"	"0"	"Всего"	"0"	"Всего"	"0"	"3 060 506 000 000"
"Инвестиции в основной капитал(Тысяч тенге казахских)"	"2016 год"	"201612"	"Г.АСТАНА"	"0"	"Всего"	"0"	"Всего"	"0"	"Всего"	"0"	"858 679 299 000 000"
"Инвестиции в основной капитал(Тысяч тенге казахских)"	"2017 год"	"201712"	"Г.АСТАНА"	"0"	"Всего"	"0"	"Всего"	"0"	"Всего"	"0"	"956 890 801 000 000"
"Инвестиции в основной капитал(Тысяч тенге казахских)"	"2018 год"	"201812"	"Г.АСТАНА"	"0"	"Всего"	"0"	"Всего"	"0"	"Всего"	"0"	"1 067 454 961 000 000"
"Инвестиции в основной капитал(Тысяч тенге казахских)"	"2016 год"	"201612"	"ЖЫЛЫОЙСКИЙ РАЙОН"	"0"	"Всего"	"0"	"Всего"	"0"	"Всего"	"0"	"1 099 112 175 000 000"
"Инвестиции в основной капитал(Тысяч тенге казахских)"	"2017 год"	"201712"	"ЖЫЛЫОЙСКИЙ РАЙОН"	"0"	"Всего"	"0"	"Всего"	"0"	"Всего"	"0"	"1 717 698 435 000 000"
"Инвестиции в основной капитал(Тысяч тенге казахских)"	"2018 год"	"201812"	"ЖЫЛЫОЙСКИЙ РАЙОН"	"0"	"Всего"	"0"	"Всего"	"0"	"Всего"	"0"	"3 213 371 924 000 000"
"Инвестиции в основной капитал(Тысяч тенге казахских)"	"2016 год"	"201612"	"ИЛИЙСКИЙ РАЙОН"	"0"	"Всего"	"0"	"Всего"	"0"	"Всего"	"0"	"51 600 710 000 000"
"Инвестиции в основной капитал(Тысяч тенге казахских)"	"2017 год"	"201712"	"ИЛИЙСКИЙ РАЙОН"	"0"	"Всего"	"0"	"Всего"	"0"	"Всего"	"0"	"61 220 735 000 000"
"Инвестиции в основной капитал(Тысяч тенге казахских)"	"2018 год"	"201812"	"ИЛИЙСКИЙ РАЙОН"	"0"	"Всего"	"0"	"Всего"	"0"	"Всего"	"0"	"72 045 552 000 000"
"Инвестиции в основной капитал(Тысяч тенге казахских)"	"2016 год"	"201612"	"КОСТАНАЙСКАЯ ОБЛАСТЬ"	"0"	"Всего"	"0"	"Всего"	"0"	"Всего"	"0"	"178 451 664 000 000"
"Инвестиции в основной капитал(Тысяч тенге казахских)"	"2017 год"	"201712"	"КОСТАНАЙСКАЯ ОБЛАСТЬ"	"0"	"Всего"	"0"	"Всего"	"0"	"Всего"	"0"	"202 288 931 000 000"
"Инвестиции в основной капитал(Тысяч тенге казахских)"	"2018 год"	"201812"	"КОСТАНАЙСКАЯ ОБЛАСТЬ"	"0"	"Всего"	"0"	"Всего"	"0"	"Всего"	"0"	"249 339 505 000 000"
"Инвестиции в основной капитал(Тысяч тенге казахских)"	"2016 год"	"201612"	"СУЗАКСКИЙ РАЙОН"	"0"	"Всего"	"0"	"Всего"	"0"	"Всего"	"0"	"33 948 287 000 000"
"Инвестиции в основной капитал(Тысяч тенге казахских)"	"2017 год"	"201712"	"СУЗАКСКИЙ РАЙОН"	"0"	"Всего"	"0"	"Всего"	"0"	"Всего"	"0"	"38 910 316 000 000"
"Инвестиции в основной капитал(Тысяч тенге казахских)"	"2016 год"	"201612"	"ШАРДАРИНСКИЙ РАЙОН"	"0"	"Всего"	"0"	"Всего"	"0"	"Всего"	"0"	"27 458 921 000 000"
"Инвестиции в основной капитал(Тысяч тенге казахских)"	"2017 год"	"201712"	"ШАРДАРИНСКИЙ РАЙОН"	"0"	"Всего"	"0"	"Всего"	"0"	"Всего"	"0"	"29 025 309 000 000"
"Инвестиции в основной капитал(Тысяч тенге казахских)"	"2016 год"	"201612"	"ЖАРМИНСКИЙ РАЙОН"	"0"	"Всего"	"0"	"Всего"	"0"	"Всего"	"0"	"29 793 593 000 000"
"Инвестиции в основной капитал(Тысяч тенге казахских)"	"2017 год"	"201712"	"ЖАРМИНСКИЙ РАЙОН"	"0"	"Всего"	"0"	"Всего"	"0"	"Всего"	"0"	"65 361 847 000 000"
"Инвестиции в основной капитал(Тысяч тенге казахских)"	"2018 год"	"201812"	"ЖАРМИНСКИЙ РАЙОН"	"0"	"Всего"	"0"	"Всего"	"0"	"Всего"	"0"	"55 802 013 000 000"
"Инвестиции в основной капитал(Тысяч тенге казахских)"	"2016 год"	"201612"	"БЕСКАРАГАЙСКИЙ РАЙОН"	"0"	"Всего"	"0"	"Всего"	"0"	"Всего"	"0"	"3 096 658 000 000"
"Инвестиции в основной капитал(Тысяч тенге казахских)"	"2017 год"	"201712"	"БЕСКАРАГАЙСКИЙ РАЙОН"	"0"	"Всего"	"0"	"Всего"	"0"	"Всего"	"0"	"13 548 081 000 000"
"Инвестиции в основной капитал(Тысяч тенге казахских)"	"2018 год"	"201812"	"БЕСКАРАГАЙСКИЙ РАЙОН"	"0"	"Всего"	"0"	"Всего"	"0"	"Всего"	"0"	"10 380 753 000 000"
"Инвестиции в основной капитал(Тысяч тенге казахских)"	"2016 год"	"201612"	"ЮЖНО-КАЗАХСТАНСКАЯ ОБЛАСТЬ"	"0"	"Всего"	"0"	"Всего"	"0"	"Всего"	"0"	"380 570 396 000 000"
"Инвестиции в основной капитал(Тысяч тенге казахских)"	"2017 год"	"201712"	"ЮЖНО-КАЗАХСТАНСКАЯ ОБЛАСТЬ"	"0"	"Всего"	"0"	"Всего"	"0"	"Всего"	"0"	"485 401 987 000 000"
"Инвестиции в основной капитал(Тысяч тенге казахских)"	"2016 год"	"201612"	"КАМЫСТИНСКИЙ РАЙОН"	"0"	"Всего"	"0"	"Всего"	"0"	"Всего"	"0"	"3 501 978 000 000"
"Инвестиции в основной капитал(Тысяч тенге казахских)"	"2017 год"	"201712"	"КАМЫСТИНСКИЙ РАЙОН"	"0"	"Всего"	"0"	"Всего"	"0"	"Всего"	"0"	"4 023 587 000 000"
"Инвестиции в основной капитал(Тысяч тенге казахских)"	"2018 год"	"201812"	"КАМЫСТИНСКИЙ РАЙОН"	"0"	"Всего"	"0"	"Всего"	"0"	"Всего"	"0"	"4 565 150 000 000"
"Инвестиции в основной капитал(Тысяч тенге казахских)"	"2016 год"	"201612"	"АЛМАТИНСКАЯ ОБЛАСТЬ"	"0"	"Всего"	"0"	"Всего"	"0"	"Всего"	"0"	"528 882 871 000 000"
"Инвестиции в основной капитал(Тысяч тенге казахских)"	"2017 год"	"201712"	"АЛМАТИНСКАЯ ОБЛАСТЬ"	"0"	"Всего"	"0"	"Всего"	"0"	"Всего"	"0"	"524 216 909 000 000"
"Инвестиции в основной капитал(Тысяч тенге казахских)"	"2018 год"	"201812"	"АЛМАТИНСКАЯ ОБЛАСТЬ"	"0"	"Всего"	"0"	"Всего"	"0"	"Всего"	"0"	"578 719 650 000 000"
"Инвестиции в основной капитал(Тысяч тенге казахских)"	"2016 год"	"201612"	"АКТОБЕ Г.А."	"0"	"Всего"	"0"	"Всего"	"0"	"Всего"	"0"	"153 974 057 000 000"
"Инвестиции в основной капитал(Тысяч тенге казахских)"	"2017 год"	"201712"	"АКТОБЕ Г.А."	"0"	"Всего"	"0"	"Всего"	"0"	"Всего"	"0"	"144 620 753 000 000"
"Инвестиции в основной капитал(Тысяч тенге казахских)"	"2018 год"	"201812"	"АКТОБЕ Г.А."	"0"	"Всего"	"0"	"Всего"	"0"	"Всего"	"0"	"168 957 635 000 000"
"Инвестиции в основной капитал(Тысяч тенге казахских)"	"2016 год"	"201612"	"ТУПКАРАГАНСКИЙ РАЙОН"	"0"	"Всего"	"0"	"Всего"	"0"	"Всего"	"0"	"45 808 604 000 000"
"Инвестиции в основной капитал(Тысяч тенге казахских)"	"2017 год"	"201712"	"ТУПКАРАГАНСКИЙ РАЙОН"	"0"	"Всего"	"0"	"Всего"	"0"	"Всего"	"0"	"50 012 849 000 000"
"Инвестиции в основной капитал(Тысяч тенге казахских)"	"2018 год"	"201812"	"ТУПКАРАГАНСКИЙ РАЙОН"	"0"	"Всего"	"0"	"Всего"	"0"	"Всего"	"0"	"53 630 169 000 000"
"Инвестиции в основной капитал(Тысяч тенге казахских)"	"2016 год"	"201612"	"ИНДЕРСКИЙ РАЙОН"	"0"	"Всего"	"0"	"Всего"	"0"	"Всего"	"0"	"2 737 384 000 000"
"Инвестиции в основной капитал(Тысяч тенге казахских)"	"2017 год"	"201712"	"ИНДЕРСКИЙ РАЙОН"	"0"	"Всего"	"0"	"Всего"	"0"	"Всего"	"0"	"4 302 877 000 000"
"Инвестиции в основной капитал(Тысяч тенге казахских)"	"2018 год"	"201812"	"ИНДЕРСКИЙ РАЙОН"	"0"	"Всего"	"0"	"Всего"	"0"	"Всего"	"0"	"2 860 661 000 000"
"Инвестиции в основной капитал(Тысяч тенге казахских)"	"2016 год"	"201612"	"КЫЗЫЛОРДИНСКАЯ ОБЛАСТЬ"	"0"	"Всего"	"0"	"Всего"	"0"	"Всего"	"0"	"215 919 692 000 000"
"Инвестиции в основной капитал(Тысяч тенге казахских)"	"2017 год"	"201712"	"КЫЗЫЛОРДИНСКАЯ ОБЛАСТЬ"	"0"	"Всего"	"0"	"Всего"	"0"	"Всего"	"0"	"243 100 466 000 000"
"Инвестиции в основной капитал(Тысяч тенге казахских)"	"2018 год"	"201812"	"КЫЗЫЛОРДИНСКАЯ ОБЛАСТЬ"	"0"	"Всего"	"0"	"Всего"	"0"	"Всего"	"0"	"332 655 449 000 000"
"Инвестиции в основной капитал(Тысяч тенге казахских)"	"2016 год"	"201612"	"БОРОДУЛИХИНСКИЙ РАЙОН"	"0"	"Всего"	"0"	"Всего"	"0"	"Всего"	"0"	"4 889 875 000 000"
"Инвестиции в основной капитал(Тысяч тенге казахских)"	"2017 год"	"201712"	"БОРОДУЛИХИНСКИЙ РАЙОН"	"0"	"Всего"	"0"	"Всего"	"0"	"Всего"	"0"	"7 028 209 000 000"
"Инвестиции в основной капитал(Тысяч тенге казахских)"	"2018 год"	"201812"	"БОРОДУЛИХИНСКИЙ РАЙОН"	"0"	"Всего"	"0"	"Всего"	"0"	"Всего"	"0"	"8 585 913 000 000"
"Инвестиции в основной капитал(Тысяч тенге казахских)"	"2016 год"	"201612"	"ИРГИЗСКИЙ РАЙОН"	"0"	"Всего"	"0"	"Всего"	"0"	"Всего"	"0"	"1 410 961 000 000"
"Инвестиции в основной капитал(Тысяч тенге казахских)"	"2017 год"	"201712"	"ИРГИЗСКИЙ РАЙОН"	"0"	"Всего"	"0"	"Всего"	"0"	"Всего"	"0"	"2 405 162 000 000"
"Инвестиции в основной капитал(Тысяч тенге казахских)"	"2018 год"	"201812"	"ИРГИЗСКИЙ РАЙОН"	"0"	"Всего"	"0"	"Всего"	"0"	"Всего"	"0"	"3 624 751 000 000"
"Инвестиции в основной капитал(Тысяч тенге казахских)"	"2016 год"	"201612"	"ЖАМБЫЛСКИЙ РАЙОН"	"0"	"Всего"	"0"	"Всего"	"0"	"Всего"	"0"	"4 809 489 000 000"
"Инвестиции в основной капитал(Тысяч тенге казахских)"	"2017 год"	"201712"	"ЖАМБЫЛСКИЙ РАЙОН"	"0"	"Всего"	"0"	"Всего"	"0"	"Всего"	"0"	"5 656 180 000 000"
"Инвестиции в основной капитал(Тысяч тенге казахских)"	"2018 год"	"201812"	"ЖАМБЫЛСКИЙ РАЙОН"	"0"	"Всего"	"0"	"Всего"	"0"	"Всего"	"0"	"7 701 004 000 000"
"Инвестиции в основной капитал(Тысяч тенге казахских)"	"2016 год"	"201612"	"УИЛСКИЙ РАЙОН"	"0"	"Всего"	"0"	"Всего"	"0"	"Всего"	"0"	"3 128 009 000 000"
"Инвестиции в основной капитал(Тысяч тенге казахских)"	"2017 год"	"201712"	"УИЛСКИЙ РАЙОН"	"0"	"Всего"	"0"	"Всего"	"0"	"Всего"	"0"	"3 081 247 000 000"
"Инвестиции в основной капитал(Тысяч тенге казахских)"	"2018 год"	"201812"	"УИЛСКИЙ РАЙОН"	"0"	"Всего"	"0"	"Всего"	"0"	"Всего"	"0"	"3 096 335 000 000"
"Инвестиции в основной капитал(Тысяч тенге казахских)"	"2016 год"	"201612"	"КОКШЕТАУ Г.А."	"0"	"Всего"	"0"	"Всего"	"0"	"Всего"	"0"	"29 367 759 000 000"
"Инвестиции в основной капитал(Тысяч тенге казахских)"	"2017 год"	"201712"	"КОКШЕТАУ Г.А."	"0"	"Всего"	"0"	"Всего"	"0"	"Всего"	"0"	"28 169 201 000 000"
"Инвестиции в основной капитал(Тысяч тенге казахских)"	"2018 год"	"201812"	"КОКШЕТАУ Г.А."	"0"	"Всего"	"0"	"Всего"	"0"	"Всего"	"0"	"39 266 323 000 000"
"Инвестиции в основной капитал(Тысяч тенге казахских)"	"2016 год"	"201612"	"ПЕТРОПАВЛОВСК Г.А."	"0"	"Всего"	"0"	"Всего"	"0"	"Всего"	"0"	"56 291 036 000 000"
"Инвестиции в основной капитал(Тысяч тенге казахских)"	"2017 год"	"201712"	"ПЕТРОПАВЛОВСК Г.А."	"0"	"Всего"	"0"	"Всего"	"0"	"Всего"	"0"	"71 508 444 000 000"
"Инвестиции в основной капитал(Тысяч тенге казахских)"	"2018 год"	"201812"	"ПЕТРОПАВЛОВСК Г.А."	"0"	"Всего"	"0"	"Всего"	"0"	"Всего"	"0"	"67 615 434 000 000"
"Инвестиции в основной капитал(Тысяч тенге казахских)"	"2016 год"	"201612"	"МЕДЕУСКИЙ РАЙОН"	"0"	"Всего"	"0"	"Всего"	"0"	"Всего"	"0"	"119 941 437 000 000"
"Инвестиции в основной капитал(Тысяч тенге казахских)"	"2017 год"	"201712"	"МЕДЕУСКИЙ РАЙОН"	"0"	"Всего"	"0"	"Всего"	"0"	"Всего"	"0"	"117 146 591 000 000"
"Инвестиции в основной капитал(Тысяч тенге казахских)"	"2018 год"	"201812"	"МЕДЕУСКИЙ РАЙОН"	"0"	"Всего"	"0"	"Всего"	"0"	"Всего"	"0"	"162 234 309 000 000"
"Инвестиции в основной капитал(Тысяч тенге казахских)"	"2016 год"	"201612"	"ТАРАЗ Г.А."	"0"	"Всего"	"0"	"Всего"	"0"	"Всего"	"0"	"56 868 502 000 000"
"Инвестиции в основной капитал(Тысяч тенге казахских)"	"2017 год"	"201712"	"ТАРАЗ Г.А."	"0"	"Всего"	"0"	"Всего"	"0"	"Всего"	"0"	"63 389 357 000 000"
"Инвестиции в основной капитал(Тысяч тенге казахских)"	"2018 год"	"201812"	"ТАРАЗ Г.А."	"0"	"Всего"	"0"	"Всего"	"0"	"Всего"	"0"	"71 338 578 000 000"
"Инвестиции в основной капитал(Тысяч тенге казахских)"	"2016 год"	"201612"	"БОСТАНДЫКСКИЙ РАЙОН"	"0"	"Всего"	"0"	"Всего"	"0"	"Всего"	"0"	"146 348 042 000 000"
"Инвестиции в основной капитал(Тысяч тенге казахских)"	"2017 год"	"201712"	"БОСТАНДЫКСКИЙ РАЙОН"	"0"	"Всего"	"0"	"Всего"	"0"	"Всего"	"0"	"163 945 270 000 000"
"Инвестиции в основной капитал(Тысяч тенге казахских)"	"2018 год"	"201812"	"БОСТАНДЫКСКИЙ РАЙОН"	"0"	"Всего"	"0"	"Всего"	"0"	"Всего"	"0"	"182 082 494 000 000"
"Инвестиции в основной капитал(Тысяч тенге казахских)"	"2016 год"	"201612"	"АКТОГАЙСКИЙ РАЙОН"	"0"	"Всего"	"0"	"Всего"	"0"	"Всего"	"0"	"1 759 565 000 000"
"Инвестиции в основной капитал(Тысяч тенге казахских)"	"2017 год"	"201712"	"АКТОГАЙСКИЙ РАЙОН"	"0"	"Всего"	"0"	"Всего"	"0"	"Всего"	"0"	"4 102 996 000 000"
"Инвестиции в основной капитал(Тысяч тенге казахских)"	"2018 год"	"201812"	"АКТОГАЙСКИЙ РАЙОН"	"0"	"Всего"	"0"	"Всего"	"0"	"Всего"	"0"	"5 616 499 000 000"
"Инвестиции в основной капитал(Тысяч тенге казахских)"	"2016 год"	"201612"	"РАЙОН ТЕРЕҢКӨЛ"	"0"	"Всего"	"0"	"Всего"	"0"	"Всего"	"0"	"3 013 298 000 000"
"Инвестиции в основной капитал(Тысяч тенге казахских)"	"2017 год"	"201712"	"РАЙОН ТЕРЕҢКӨЛ"	"0"	"Всего"	"0"	"Всего"	"0"	"Всего"	"0"	"3 961 283 000 000"
"Инвестиции в основной капитал(Тысяч тенге казахских)"	"2018 год"	"201812"	"РАЙОН ТЕРЕҢКӨЛ"	"0"	"Всего"	"0"	"Всего"	"0"	"Всего"	"0"	"6 682 365 000 000"
"Инвестиции в основной капитал(Тысяч тенге казахских)"	"2016 год"	"201612"	"ЗАЙСАНСКИЙ РАЙОН"	"0"	"Всего"	"0"	"Всего"	"0"	"Всего"	"0"	"13 700 489 000 000"
"Инвестиции в основной капитал(Тысяч тенге казахских)"	"2017 год"	"201712"	"ЗАЙСАНСКИЙ РАЙОН"	"0"	"Всего"	"0"	"Всего"	"0"	"Всего"	"0"	"9 350 833 000 000"
"Инвестиции в основной капитал(Тысяч тенге казахских)"	"2018 год"	"201812"	"ЗАЙСАНСКИЙ РАЙОН"	"0"	"Всего"	"0"	"Всего"	"0"	"Всего"	"0"	"6 994 642 000 000"
"Инвестиции в основной капитал(Тысяч тенге казахских)"	"2016 год"	"201612"	"БЕЙНЕУСКИЙ РАЙОН"	"0"	"Всего"	"0"	"Всего"	"0"	"Всего"	"0"	"62 705 271 000 000"
"Инвестиции в основной капитал(Тысяч тенге казахских)"	"2017 год"	"201712"	"БЕЙНЕУСКИЙ РАЙОН"	"0"	"Всего"	"0"	"Всего"	"0"	"Всего"	"0"	"37 370 817 000 000"
"Инвестиции в основной капитал(Тысяч тенге казахских)"	"2018 год"	"201812"	"БЕЙНЕУСКИЙ РАЙОН"	"0"	"Всего"	"0"	"Всего"	"0"	"Всего"	"0"	"33 870 450 000 000"
"Инвестиции в основной капитал(Тысяч тенге казахских)"	"2016 год"	"201612"	"АМАНГЕЛЬДИНСКИЙ РАЙОН"	"0"	"Всего"	"0"	"Всего"	"0"	"Всего"	"0"	"846 268 000 000"
"Инвестиции в основной капитал(Тысяч тенге казахских)"	"2017 год"	"201712"	"АМАНГЕЛЬДИНСКИЙ РАЙОН"	"0"	"Всего"	"0"	"Всего"	"0"	"Всего"	"0"	"2 152 492 000 000"
"Инвестиции в основной капитал(Тысяч тенге казахских)"	"2018 год"	"201812"	"АМАНГЕЛЬДИНСКИЙ РАЙОН"	"0"	"Всего"	"0"	"Всего"	"0"	"Всего"	"0"	"2 611 843 000 000"
"Инвестиции в основной капитал(Тысяч тенге казахских)"	"2016 год"	"201612"	"ШОРТАНДИНСКИЙ РАЙОН"	"0"	"Всего"	"0"	"Всего"	"0"	"Всего"	"0"	"8 497 994 000 000"
"Инвестиции в основной капитал(Тысяч тенге казахских)"	"2017 год"	"201712"	"ШОРТАНДИНСКИЙ РАЙОН"	"0"	"Всего"	"0"	"Всего"	"0"	"Всего"	"0"	"8 978 653 000 000"
"Инвестиции в основной капитал(Тысяч тенге казахских)"	"2018 год"	"201812"	"ШОРТАНДИНСКИЙ РАЙОН"	"0"	"Всего"	"0"	"Всего"	"0"	"Всего"	"0"	"8 909 031 000 000"
"Инвестиции в основной капитал(Тысяч тенге казахских)"	"2016 год"	"201612"	"ЖУАЛЫНСКИЙ РАЙОН"	"0"	"Всего"	"0"	"Всего"	"0"	"Всего"	"0"	"3 145 743 000 000"
"Инвестиции в основной капитал(Тысяч тенге казахских)"	"2017 год"	"201712"	"ЖУАЛЫНСКИЙ РАЙОН"	"0"	"Всего"	"0"	"Всего"	"0"	"Всего"	"0"	"14 925 354 000 000"
"Инвестиции в основной капитал(Тысяч тенге казахских)"	"2018 год"	"201812"	"ЖУАЛЫНСКИЙ РАЙОН"	"0"	"Всего"	"0"	"Всего"	"0"	"Всего"	"0"	"21 869 373 000 000"
"Инвестиции в основной капитал(Тысяч тенге казахских)"	"2016 год"	"201612"	"ТАЛГАРСКИЙ РАЙОН"	"0"	"Всего"	"0"	"Всего"	"0"	"Всего"	"0"	"54 818 077 000 000"
"Инвестиции в основной капитал(Тысяч тенге казахских)"	"2017 год"	"201712"	"ТАЛГАРСКИЙ РАЙОН"	"0"	"Всего"	"0"	"Всего"	"0"	"Всего"	"0"	"58 296 140 000 000"
"Инвестиции в основной капитал(Тысяч тенге казахских)"	"2018 год"	"201812"	"ТАЛГАРСКИЙ РАЙОН"	"0"	"Всего"	"0"	"Всего"	"0"	"Всего"	"0"	"64 152 476 000 000"
"Инвестиции в основной капитал(Тысяч тенге казахских)"	"2016 год"	"201612"	"ЖАНАКОРГАНСКИЙ РАЙОН"	"0"	"Всего"	"0"	"Всего"	"0"	"Всего"	"0"	"18 312 615 000 000"
"Инвестиции в основной капитал(Тысяч тенге казахских)"	"2017 год"	"201712"	"ЖАНАКОРГАНСКИЙ РАЙОН"	"0"	"Всего"	"0"	"Всего"	"0"	"Всего"	"0"	"24 363 712 000 000"
"Инвестиции в основной капитал(Тысяч тенге казахских)"	"2018 год"	"201812"	"ЖАНАКОРГАНСКИЙ РАЙОН"	"0"	"Всего"	"0"	"Всего"	"0"	"Всего"	"0"	"32 335 828 000 000"
"Инвестиции в основной капитал(Тысяч тенге казахских)"	"2016 год"	"201612"	"ШЕТСКИЙ РАЙОН"	"0"	"Всего"	"0"	"Всего"	"0"	"Всего"	"0"	"8 994 154 000 000"
"Инвестиции в основной капитал(Тысяч тенге казахских)"	"2017 год"	"201712"	"ШЕТСКИЙ РАЙОН"	"0"	"Всего"	"0"	"Всего"	"0"	"Всего"	"0"	"20 907 412 000 000"
"Инвестиции в основной капитал(Тысяч тенге казахских)"	"2018 год"	"201812"	"ШЕТСКИЙ РАЙОН"	"0"	"Всего"	"0"	"Всего"	"0"	"Всего"	"0"	"15 037 842 000 000"
"Инвестиции в основной капитал(Тысяч тенге казахских)"	"2016 год"	"201612"	"ЖАРКАИНСКИЙ РАЙОН"	"0"	"Всего"	"0"	"Всего"	"0"	"Всего"	"0"	"6 408 047 000 000"
"Инвестиции в основной капитал(Тысяч тенге казахских)"	"2017 год"	"201712"	"ЖАРКАИНСКИЙ РАЙОН"	"0"	"Всего"	"0"	"Всего"	"0"	"Всего"	"0"	"7 051 841 000 000"
"Инвестиции в основной капитал(Тысяч тенге казахских)"	"2018 год"	"201812"	"ЖАРКАИНСКИЙ РАЙОН"	"0"	"Всего"	"0"	"Всего"	"0"	"Всего"	"0"	"4 728 808 000 000"
"Инвестиции в основной капитал(Тысяч тенге казахских)"	"2016 год"	"201612"	"АСТРАХАНСКИЙ РАЙОН"	"0"	"Всего"	"0"	"Всего"	"0"	"Всего"	"0"	"6 599 102 000 000"
"Инвестиции в основной капитал(Тысяч тенге казахских)"	"2017 год"	"201712"	"АСТРАХАНСКИЙ РАЙОН"	"0"	"Всего"	"0"	"Всего"	"0"	"Всего"	"0"	"7 449 566 000 000"
"Инвестиции в основной капитал(Тысяч тенге казахских)"	"2018 год"	"201812"	"АСТРАХАНСКИЙ РАЙОН"	"0"	"Всего"	"0"	"Всего"	"0"	"Всего"	"0"	"4 356 783 000 000"
"Инвестиции в основной капитал(Тысяч тенге казахских)"	"2016 год"	"201612"	"БУРАБАЙСКИЙ РАЙОН"	"0"	"Всего"	"0"	"Всего"	"0"	"Всего"	"0"	"17 980 731 000 000"
"Инвестиции в основной капитал(Тысяч тенге казахских)"	"2017 год"	"201712"	"БУРАБАЙСКИЙ РАЙОН"	"0"	"Всего"	"0"	"Всего"	"0"	"Всего"	"0"	"40 737 785 000 000"
"Инвестиции в основной капитал(Тысяч тенге казахских)"	"2018 год"	"201812"	"БУРАБАЙСКИЙ РАЙОН"	"0"	"Всего"	"0"	"Всего"	"0"	"Всего"	"0"	"31 379 045 000 000"
"Инвестиции в основной капитал(Тысяч тенге казахских)"	"2016 год"	"201612"	"СЕМЕЙ Г.А."	"0"	"Всего"	"0"	"Всего"	"0"	"Всего"	"0"	"46 861 550 000 000"
"Инвестиции в основной капитал(Тысяч тенге казахских)"	"2017 год"	"201712"	"СЕМЕЙ Г.А."	"0"	"Всего"	"0"	"Всего"	"0"	"Всего"	"0"	"62 166 695 000 000"
"Инвестиции в основной капитал(Тысяч тенге казахских)"	"2018 год"	"201812"	"СЕМЕЙ Г.А."	"0"	"Всего"	"0"	"Всего"	"0"	"Всего"	"0"	"68 631 276 000 000"
"Инвестиции в основной капитал(Тысяч тенге казахских)"	"2016 год"	"201612"	"БУРЛИНСКИЙ РАЙОН"	"0"	"Всего"	"0"	"Всего"	"0"	"Всего"	"0"	"217 359 960 000 000"
"Инвестиции в основной капитал(Тысяч тенге казахских)"	"2017 год"	"201712"	"БУРЛИНСКИЙ РАЙОН"	"0"	"Всего"	"0"	"Всего"	"0"	"Всего"	"0"	"210 418 620 000 000"
"Инвестиции в основной капитал(Тысяч тенге казахских)"	"2018 год"	"201812"	"БУРЛИНСКИЙ РАЙОН"	"0"	"Всего"	"0"	"Всего"	"0"	"Всего"	"0"	"207 156 837 000 000"
"Инвестиции в основной капитал(Тысяч тенге казахских)"	"2016 год"	"201612"	"ОРДАБАСЫНСКИЙ РАЙОН"	"0"	"Всего"	"0"	"Всего"	"0"	"Всего"	"0"	"14 124 462 000 000"
"Инвестиции в основной капитал(Тысяч тенге казахских)"	"2017 год"	"201712"	"ОРДАБАСЫНСКИЙ РАЙОН"	"0"	"Всего"	"0"	"Всего"	"0"	"Всего"	"0"	"13 496 339 000 000"
"Инвестиции в основной капитал(Тысяч тенге казахских)"	"2016 год"	"201612"	"ЖЕЛЕЗИНСКИЙ РАЙОН"	"0"	"Всего"	"0"	"Всего"	"0"	"Всего"	"0"	"3 768 969 000 000"
"Инвестиции в основной капитал(Тысяч тенге казахских)"	"2017 год"	"201712"	"ЖЕЛЕЗИНСКИЙ РАЙОН"	"0"	"Всего"	"0"	"Всего"	"0"	"Всего"	"0"	"4 149 451 000 000"
"Инвестиции в основной капитал(Тысяч тенге казахских)"	"2018 год"	"201812"	"ЖЕЛЕЗИНСКИЙ РАЙОН"	"0"	"Всего"	"0"	"Всего"	"0"	"Всего"	"0"	"4 846 532 000 000"
"Инвестиции в основной капитал(Тысяч тенге казахских)"	"2016 год"	"201612"	"МАМЛЮТСКИЙ РАЙОН"	"0"	"Всего"	"0"	"Всего"	"0"	"Всего"	"0"	"1 691 560 000 000"
"Инвестиции в основной капитал(Тысяч тенге казахских)"	"2017 год"	"201712"	"МАМЛЮТСКИЙ РАЙОН"	"0"	"Всего"	"0"	"Всего"	"0"	"Всего"	"0"	"2 949 615 000 000"
"Инвестиции в основной капитал(Тысяч тенге казахских)"	"2018 год"	"201812"	"МАМЛЮТСКИЙ РАЙОН"	"0"	"Всего"	"0"	"Всего"	"0"	"Всего"	"0"	"11 491 677 000 000"
"Инвестиции в основной капитал(Тысяч тенге казахских)"	"2016 год"	"201612"	"БУХАР-ЖЫРАУСКИЙ РАЙОН"	"0"	"Всего"	"0"	"Всего"	"0"	"Всего"	"0"	"19 451 557 000 000"
"Инвестиции в основной капитал(Тысяч тенге казахских)"	"2017 год"	"201712"	"БУХАР-ЖЫРАУСКИЙ РАЙОН"	"0"	"Всего"	"0"	"Всего"	"0"	"Всего"	"0"	"30 111 217 000 000"
"Инвестиции в основной капитал(Тысяч тенге казахских)"	"2018 год"	"201812"	"БУХАР-ЖЫРАУСКИЙ РАЙОН"	"0"	"Всего"	"0"	"Всего"	"0"	"Всего"	"0"	"22 359 001 000 000"
"Инвестиции в основной капитал(Тысяч тенге казахских)"	"2016 год"	"201612"	"БАЙЗАКСКИЙ РАЙОН"	"0"	"Всего"	"0"	"Всего"	"0"	"Всего"	"0"	"8 688 737 000 000"
"Инвестиции в основной капитал(Тысяч тенге казахских)"	"2017 год"	"201712"	"БАЙЗАКСКИЙ РАЙОН"	"0"	"Всего"	"0"	"Всего"	"0"	"Всего"	"0"	"10 659 948 000 000"
"Инвестиции в основной капитал(Тысяч тенге казахских)"	"2018 год"	"201812"	"БАЙЗАКСКИЙ РАЙОН"	"0"	"Всего"	"0"	"Всего"	"0"	"Всего"	"0"	"13 963 900 000 000"
"Инвестиции в основной капитал(Тысяч тенге казахских)"	"2016 год"	"201612"	"ОТРАРСКИЙ РАЙОН"	"0"	"Всего"	"0"	"Всего"	"0"	"Всего"	"0"	"13 188 085 000 000"
"Инвестиции в основной капитал(Тысяч тенге казахских)"	"2017 год"	"201712"	"ОТРАРСКИЙ РАЙОН"	"0"	"Всего"	"0"	"Всего"	"0"	"Всего"	"0"	"13 898 864 000 000"
"Инвестиции в основной капитал(Тысяч тенге казахских)"	"2016 год"	"201612"	"КАРАСУСКИЙ РАЙОН"	"0"	"Всего"	"0"	"Всего"	"0"	"Всего"	"0"	"5 263 961 000 000"
"Инвестиции в основной капитал(Тысяч тенге казахских)"	"2017 год"	"201712"	"КАРАСУСКИЙ РАЙОН"	"0"	"Всего"	"0"	"Всего"	"0"	"Всего"	"0"	"6 035 764 000 000"
"Инвестиции в основной капитал(Тысяч тенге казахских)"	"2018 год"	"201812"	"КАРАСУСКИЙ РАЙОН"	"0"	"Всего"	"0"	"Всего"	"0"	"Всего"	"0"	"4 047 180 000 000"
"Инвестиции в основной капитал(Тысяч тенге казахских)"	"2016 год"	"201612"	"АТБАСАРСКИЙ РАЙОН"	"0"	"Всего"	"0"	"Всего"	"0"	"Всего"	"0"	"12 497 895 000 000"
"Инвестиции в основной капитал(Тысяч тенге казахских)"	"2017 год"	"201712"	"АТБАСАРСКИЙ РАЙОН"	"0"	"Всего"	"0"	"Всего"	"0"	"Всего"	"0"	"9 643 886 000 000"
"Инвестиции в основной капитал(Тысяч тенге казахских)"	"2018 год"	"201812"	"АТБАСАРСКИЙ РАЙОН"	"0"	"Всего"	"0"	"Всего"	"0"	"Всего"	"0"	"7 621 710 000 000"
"Инвестиции в основной капитал(Тысяч тенге казахских)"	"2016 год"	"201612"	"КАРГАЛИНСКИЙ РАЙОН"	"0"	"Всего"	"0"	"Всего"	"0"	"Всего"	"0"	"2 440 999 000 000"
"Инвестиции в основной капитал(Тысяч тенге казахских)"	"2017 год"	"201712"	"КАРГАЛИНСКИЙ РАЙОН"	"0"	"Всего"	"0"	"Всего"	"0"	"Всего"	"0"	"4 041 177 000 000"
"Инвестиции в основной капитал(Тысяч тенге казахских)"	"2018 год"	"201812"	"КАРГАЛИНСКИЙ РАЙОН"	"0"	"Всего"	"0"	"Всего"	"0"	"Всего"	"0"	"5 885 187 000 000"
"Инвестиции в основной капитал(Тысяч тенге казахских)"	"2016 год"	"201612"	"ТАЛДЫКОРГАН Г.А."	"0"	"городская местность"	"0"	"Всего"	"0"	"Всего"	"0"	"60 863 562 000 000"
"Инвестиции в основной капитал(Тысяч тенге казахских)"	"2017 год"	"201712"	"ТАЛДЫКОРГАН Г.А."	"0"	"городская местность"	"0"	"Всего"	"0"	"Всего"	"0"	"55 252 560 000 000"
"Инвестиции в основной капитал(Тысяч тенге казахских)"	"2018 год"	"201812"	"ТАЛДЫКОРГАН Г.А."	"0"	"городская местность"	"0"	"Всего"	"0"	"Всего"	"0"	"62 558 489 000 000"
"Инвестиции в основной капитал(Тысяч тенге казахских)"	"2016 год"	"201612"	"ШАЛКАРСКИЙ РАЙОН"	"0"	"городская местность"	"0"	"Всего"	"0"	"Всего"	"0"	"20 428 735 000 000"
"Инвестиции в основной капитал(Тысяч тенге казахских)"	"2017 год"	"201712"	"ШАЛКАРСКИЙ РАЙОН"	"0"	"городская местность"	"0"	"Всего"	"0"	"Всего"	"0"	"5 648 296 000 000"
"Инвестиции в основной капитал(Тысяч тенге казахских)"	"2018 год"	"201812"	"ШАЛКАРСКИЙ РАЙОН"	"0"	"городская местность"	"0"	"Всего"	"0"	"Всего"	"0"	"9 255 693 000 000"
"Инвестиции в основной капитал(Тысяч тенге казахских)"	"2016 год"	"201612"	"АКТОГАЙСКИЙ РАЙОН"	"0"	"сельская местность"	"0"	"Всего"	"0"	"Всего"	"0"	"1 759 565 000 000"
"Инвестиции в основной капитал(Тысяч тенге казахских)"	"2017 год"	"201712"	"АКТОГАЙСКИЙ РАЙОН"	"0"	"сельская местность"	"0"	"Всего"	"0"	"Всего"	"0"	"4 102 996 000 000"
"Инвестиции в основной капитал(Тысяч тенге казахских)"	"2018 год"	"201812"	"АКТОГАЙСКИЙ РАЙОН"	"0"	"сельская местность"	"0"	"Всего"	"0"	"Всего"	"0"	"5 616 499 000 000"
"Инвестиции в основной капитал(Тысяч тенге казахских)"	"2016 год"	"201612"	"ҚОНАЕВ Г.А."	"0"	"сельская местность"	"0"	"Всего"	"0"	"Всего"	"0"	"4 653 584 000 000"
"Инвестиции в основной капитал(Тысяч тенге казахских)"	"2017 год"	"201712"	"ҚОНАЕВ Г.А."	"0"	"сельская местность"	"0"	"Всего"	"0"	"Всего"	"0"	"9 425 319 000 000"
"Инвестиции в основной капитал(Тысяч тенге казахских)"	"2018 год"	"201812"	"ҚОНАЕВ Г.А."	"0"	"сельская местность"	"0"	"Всего"	"0"	"Всего"	"0"	"10 987 730 000 000"
"Инвестиции в основной капитал(Тысяч тенге казахских)"	"2016 год"	"201612"	"АБАЙСКИЙ РАЙОН"	"0"	"сельская местность"	"0"	"Всего"	"0"	"Всего"	"0"	"4 358 563 000 000"
"Инвестиции в основной капитал(Тысяч тенге казахских)"	"2017 год"	"201712"	"АБАЙСКИЙ РАЙОН"	"0"	"сельская местность"	"0"	"Всего"	"0"	"Всего"	"0"	"6 049 266 000 000"
"Инвестиции в основной капитал(Тысяч тенге казахских)"	"2018 год"	"201812"	"АБАЙСКИЙ РАЙОН"	"0"	"сельская местность"	"0"	"Всего"	"0"	"Всего"	"0"	"2 847 740 000 000"
"Инвестиции в основной капитал(Тысяч тенге казахских)"	"2016 год"	"201612"	"АЛГИНСКИЙ РАЙОН"	"0"	"городская местность"	"0"	"Всего"	"0"	"Всего"	"0"	"6 428 288 000 000"
"Инвестиции в основной капитал(Тысяч тенге казахских)"	"2017 год"	"201712"	"АЛГИНСКИЙ РАЙОН"	"0"	"городская местность"	"0"	"Всего"	"0"	"Всего"	"0"	"4 907 320 000 000"
"Инвестиции в основной капитал(Тысяч тенге казахских)"	"2018 год"	"201812"	"АЛГИНСКИЙ РАЙОН"	"0"	"городская местность"	"0"	"Всего"	"0"	"Всего"	"0"	"4 939 173 000 000"
"Инвестиции в основной капитал(Тысяч тенге казахских)"	"2016 год"	"201612"	"ШАХТИНСК Г.А."	"0"	"городская местность"	"0"	"Всего"	"0"	"Всего"	"0"	"5 822 091 000 000"
"Инвестиции в основной капитал(Тысяч тенге казахских)"	"2017 год"	"201712"	"ШАХТИНСК Г.А."	"0"	"городская местность"	"0"	"Всего"	"0"	"Всего"	"0"	"9 349 639 000 000"
"Инвестиции в основной капитал(Тысяч тенге казахских)"	"2018 год"	"201812"	"ШАХТИНСК Г.А."	"0"	"городская местность"	"0"	"Всего"	"0"	"Всего"	"0"	"25 181 876 000 000"
"Инвестиции в основной капитал(Тысяч тенге казахских)"	"2016 год"	"201612"	"ЗАЙСАНСКИЙ РАЙОН"	"0"	"сельская местность"	"0"	"Всего"	"0"	"Всего"	"0"	"9 466 406 000 000"
"Инвестиции в основной капитал(Тысяч тенге казахских)"	"2017 год"	"201712"	"ЗАЙСАНСКИЙ РАЙОН"	"0"	"сельская местность"	"0"	"Всего"	"0"	"Всего"	"0"	"3 523 426 000 000"
"Инвестиции в основной капитал(Тысяч тенге казахских)"	"2018 год"	"201812"	"ЗАЙСАНСКИЙ РАЙОН"	"0"	"сельская местность"	"0"	"Всего"	"0"	"Всего"	"0"	"3 178 513 000 000"
"Инвестиции в основной капитал(Тысяч тенге казахских)"	"2016 год"	"201612"	"САРЫСУСКИЙ РАЙОН"	"0"	"сельская местность"	"0"	"Всего"	"0"	"Всего"	"0"	"251 619 000 000"
"Инвестиции в основной капитал(Тысяч тенге казахских)"	"2017 год"	"201712"	"САРЫСУСКИЙ РАЙОН"	"0"	"сельская местность"	"0"	"Всего"	"0"	"Всего"	"0"	"7 091 412 000 000"
"Инвестиции в основной капитал(Тысяч тенге казахских)"	"2018 год"	"201812"	"САРЫСУСКИЙ РАЙОН"	"0"	"сельская местность"	"0"	"Всего"	"0"	"Всего"	"0"	"14 774 342 000 000"
"Инвестиции в основной капитал(Тысяч тенге казахских)"	"2016 год"	"201612"	"АККОЛЬСКИЙ РАЙОН"	"0"	"городская местность"	"0"	"Всего"	"0"	"Всего"	"0"	"8 466 279 000 000"
"Инвестиции в основной капитал(Тысяч тенге казахских)"	"2017 год"	"201712"	"АККОЛЬСКИЙ РАЙОН"	"0"	"городская местность"	"0"	"Всего"	"0"	"Всего"	"0"	"5 957 777 000 000"
"Инвестиции в основной капитал(Тысяч тенге казахских)"	"2018 год"	"201812"	"АККОЛЬСКИЙ РАЙОН"	"0"	"городская местность"	"0"	"Всего"	"0"	"Всего"	"0"	"3 471 438 000 000"
"Инвестиции в основной капитал(Тысяч тенге казахских)"	"2016 год"	"201612"	"АКСУ Г.А."	"0"	"городская местность"	"0"	"Всего"	"0"	"Всего"	"0"	"24 274 354 000 000"
"Инвестиции в основной капитал(Тысяч тенге казахских)"	"2017 год"	"201712"	"АКСУ Г.А."	"0"	"городская местность"	"0"	"Всего"	"0"	"Всего"	"0"	"40 364 476 000 000"
"Инвестиции в основной капитал(Тысяч тенге казахских)"	"2018 год"	"201812"	"АКСУ Г.А."	"0"	"городская местность"	"0"	"Всего"	"0"	"Всего"	"0"	"77 046 242 000 000"
"Инвестиции в основной капитал(Тысяч тенге казахских)"	"2016 год"	"201612"	"КАРАКИЯНСКИЙ РАЙОН"	"0"	"сельская местность"	"0"	"Всего"	"0"	"Всего"	"0"	"105 862 512 000 000"
"Инвестиции в основной капитал(Тысяч тенге казахских)"	"2017 год"	"201712"	"КАРАКИЯНСКИЙ РАЙОН"	"0"	"сельская местность"	"0"	"Всего"	"0"	"Всего"	"0"	"171 479 095 000 000"
"Инвестиции в основной капитал(Тысяч тенге казахских)"	"2018 год"	"201812"	"КАРАКИЯНСКИЙ РАЙОН"	"0"	"сельская местность"	"0"	"Всего"	"0"	"Всего"	"0"	"170 092 674 000 000"
"Инвестиции в основной капитал(Тысяч тенге казахских)"	"2016 год"	"201612"	"ТЕКЕЛИ Г.А."	"0"	"городская местность"	"0"	"Всего"	"0"	"Всего"	"0"	"4 862 289 000 000"
"Инвестиции в основной капитал(Тысяч тенге казахских)"	"2017 год"	"201712"	"ТЕКЕЛИ Г.А."	"0"	"городская местность"	"0"	"Всего"	"0"	"Всего"	"0"	"5 474 479 000 000"
"Инвестиции в основной капитал(Тысяч тенге казахских)"	"2018 год"	"201812"	"ТЕКЕЛИ Г.А."	"0"	"городская местность"	"0"	"Всего"	"0"	"Всего"	"0"	"6 481 466 000 000"
"Инвестиции в основной капитал(Тысяч тенге казахских)"	"2016 год"	"201612"	"АЛАТАУСКИЙ РАЙОН"	"0"	"городская местность"	"0"	"Всего"	"0"	"Всего"	"0"	"68 273 605 000 000"
"Инвестиции в основной капитал(Тысяч тенге казахских)"	"2017 год"	"201712"	"АЛАТАУСКИЙ РАЙОН"	"0"	"городская местность"	"0"	"Всего"	"0"	"Всего"	"0"	"67 877 558 000 000"
"Инвестиции в основной капитал(Тысяч тенге казахских)"	"2018 год"	"201812"	"АЛАТАУСКИЙ РАЙОН"	"0"	"городская местность"	"0"	"Всего"	"0"	"Всего"	"0"	"91 293 202 000 000"
"Инвестиции в основной капитал(Тысяч тенге казахских)"	"2016 год"	"201612"	"КУРЧАТОВ Г.А."	"0"	"городская местность"	"0"	"Всего"	"0"	"Всего"	"0"	"2 900 060 000 000"
"Инвестиции в основной капитал(Тысяч тенге казахских)"	"2017 год"	"201712"	"КУРЧАТОВ Г.А."	"0"	"городская местность"	"0"	"Всего"	"0"	"Всего"	"0"	"3 322 822 000 000"
"Инвестиции в основной капитал(Тысяч тенге казахских)"	"2018 год"	"201812"	"КУРЧАТОВ Г.А."	"0"	"городская местность"	"0"	"Всего"	"0"	"Всего"	"0"	"5 473 725 000 000"
"Инвестиции в основной капитал(Тысяч тенге казахских)"	"2016 год"	"201612"	"ЖЕЗКАЗГАН Г.А."	"0"	"Всего"	"0"	"Всего"	"0"	"Всего"	"0"	"10 430 048 000 000"
"Инвестиции в основной капитал(Тысяч тенге казахских)"	"2017 год"	"201712"	"ЖЕЗКАЗГАН Г.А."	"0"	"Всего"	"0"	"Всего"	"0"	"Всего"	"0"	"12 101 503 000 000"
"Инвестиции в основной капитал(Тысяч тенге казахских)"	"2018 год"	"201812"	"ЖЕЗКАЗГАН Г.А."	"0"	"Всего"	"0"	"Всего"	"0"	"Всего"	"0"	"28 356 241 000 000"
"Инвестиции в основной капитал(Тысяч тенге казахских)"	"2016 год"	"201612"	"ПЕТРОПАВЛОВСК Г.А."	"0"	"городская местность"	"0"	"Всего"	"0"	"Всего"	"0"	"56 291 036 000 000"
"Инвестиции в основной капитал(Тысяч тенге казахских)"	"2017 год"	"201712"	"ПЕТРОПАВЛОВСК Г.А."	"0"	"городская местность"	"0"	"Всего"	"0"	"Всего"	"0"	"71 507 565 000 000"
"Инвестиции в основной капитал(Тысяч тенге казахских)"	"2018 год"	"201812"	"ПЕТРОПАВЛОВСК Г.А."	"0"	"городская местность"	"0"	"Всего"	"0"	"Всего"	"0"	"67 615 434 000 000"
"Инвестиции в основной капитал(Тысяч тенге казахских)"	"2016 год"	"201612"	"КОСТАНАЙ Г.А."	"0"	"Всего"	"0"	"Всего"	"0"	"Всего"	"0"	"39 530 837 000 000"
"Инвестиции в основной капитал(Тысяч тенге казахских)"	"2017 год"	"201712"	"КОСТАНАЙ Г.А."	"0"	"Всего"	"0"	"Всего"	"0"	"Всего"	"0"	"59 287 169 000 000"
"Инвестиции в основной капитал(Тысяч тенге казахских)"	"2018 год"	"201812"	"КОСТАНАЙ Г.А."	"0"	"Всего"	"0"	"Всего"	"0"	"Всего"	"0"	"72 039 568 000 000"
"Инвестиции в основной капитал(Тысяч тенге казахских)"	"2016 год"	"201612"	"ТЕКЕЛИ Г.А."	"0"	"сельская местность"	"0"	"Всего"	"0"	"Всего"	"0"	"21 485 000 000"
"Инвестиции в основной капитал(Тысяч тенге казахских)"	"2017 год"	"201712"	"ТЕКЕЛИ Г.А."	"0"	"сельская местность"	"0"	"Всего"	"0"	"Всего"	"0"	"25 338 000 000"
"Инвестиции в основной капитал(Тысяч тенге казахских)"	"2018 год"	"201812"	"ТЕКЕЛИ Г.А."	"0"	"сельская местность"	"0"	"Всего"	"0"	"Всего"	"0"	"38 808 000 000"
"Инвестиции в основной капитал(Тысяч тенге казахских)"	"2016 год"	"201612"	"РУДНЫЙ Г.А."	"0"	"сельская местность"	"0"	"Всего"	"0"	"Всего"	"0"	"133 847 000 000"
"Инвестиции в основной капитал(Тысяч тенге казахских)"	"2017 год"	"201712"	"РУДНЫЙ Г.А."	"0"	"сельская местность"	"0"	"Всего"	"0"	"Всего"	"0"	"3 763 000 000"
"Инвестиции в основной капитал(Тысяч тенге казахских)"	"2016 год"	"201612"	"ШЕМОНАИХИНСКИЙ РАЙОН"	"0"	"городская местность"	"0"	"Всего"	"0"	"Всего"	"0"	"345 723 000 000"
"Инвестиции в основной капитал(Тысяч тенге казахских)"	"2017 год"	"201712"	"ШЕМОНАИХИНСКИЙ РАЙОН"	"0"	"городская местность"	"0"	"Всего"	"0"	"Всего"	"0"	"1 219 506 000 000"
"Инвестиции в основной капитал(Тысяч тенге казахских)"	"2018 год"	"201812"	"ШЕМОНАИХИНСКИЙ РАЙОН"	"0"	"городская местность"	"0"	"Всего"	"0"	"Всего"	"0"	"991 252 000 000"
"Инвестиции в основной капитал(Тысяч тенге казахских)"	"2016 год"	"201612"	"САТПАЕВ Г.А."	"0"	"Всего"	"0"	"Всего"	"0"	"Всего"	"0"	"22 553 455 000 000"
"Инвестиции в основной капитал(Тысяч тенге казахских)"	"2017 год"	"201712"	"САТПАЕВ Г.А."	"0"	"Всего"	"0"	"Всего"	"0"	"Всего"	"0"	"36 304 779 000 000"
"Инвестиции в основной капитал(Тысяч тенге казахских)"	"2018 год"	"201812"	"САТПАЕВ Г.А."	"0"	"Всего"	"0"	"Всего"	"0"	"Всего"	"0"	"38 769 208 000 000"
"Инвестиции в основной капитал(Тысяч тенге казахских)"	"2016 год"	"201612"	"ЖАНИБЕКСКИЙ РАЙОН"	"0"	"Всего"	"0"	"Всего"	"0"	"Всего"	"0"	"1 319 193 000 000"
"Инвестиции в основной капитал(Тысяч тенге казахских)"	"2017 год"	"201712"	"ЖАНИБЕКСКИЙ РАЙОН"	"0"	"Всего"	"0"	"Всего"	"0"	"Всего"	"0"	"2 888 151 000 000"
"Инвестиции в основной капитал(Тысяч тенге казахских)"	"2018 год"	"201812"	"ЖАНИБЕКСКИЙ РАЙОН"	"0"	"Всего"	"0"	"Всего"	"0"	"Всего"	"0"	"2 741 471 000 000"
"Инвестиции в основной капитал(Тысяч тенге казахских)"	"2016 год"	"201612"	"РАЙОН АЛМАТЫ"	"0"	"Всего"	"0"	"Всего"	"0"	"Всего"	"0"	"181 891 265 000 000"
"Инвестиции в основной капитал(Тысяч тенге казахских)"	"2017 год"	"201712"	"РАЙОН АЛМАТЫ"	"0"	"Всего"	"0"	"Всего"	"0"	"Всего"	"0"	"149 841 395 000 000"
"Инвестиции в основной капитал(Тысяч тенге казахских)"	"2018 год"	"201812"	"РАЙОН АЛМАТЫ"	"0"	"Всего"	"0"	"Всего"	"0"	"Всего"	"0"	"145 018 890 000 000"
"Инвестиции в основной капитал(Тысяч тенге казахских)"	"2016 год"	"201612"	"БАЛХАШ Г.А."	"0"	"городская местность"	"0"	"Всего"	"0"	"Всего"	"0"	"16 963 390 000 000"
"Инвестиции в основной капитал(Тысяч тенге казахских)"	"2017 год"	"201712"	"БАЛХАШ Г.А."	"0"	"городская местность"	"0"	"Всего"	"0"	"Всего"	"0"	"20 300 240 000 000"
"Инвестиции в основной капитал(Тысяч тенге казахских)"	"2018 год"	"201812"	"БАЛХАШ Г.А."	"0"	"городская местность"	"0"	"Всего"	"0"	"Всего"	"0"	"31 622 484 000 000"
"Инвестиции в основной капитал(Тысяч тенге казахских)"	"2016 год"	"201612"	"ХРОМТАУСКИЙ РАЙОН"	"0"	"городская местность"	"0"	"Всего"	"0"	"Всего"	"0"	"3 313 788 000 000"
"Инвестиции в основной капитал(Тысяч тенге казахских)"	"2017 год"	"201712"	"ХРОМТАУСКИЙ РАЙОН"	"0"	"городская местность"	"0"	"Всего"	"0"	"Всего"	"0"	"3 540 281 000 000"
"Инвестиции в основной капитал(Тысяч тенге казахских)"	"2018 год"	"201812"	"ХРОМТАУСКИЙ РАЙОН"	"0"	"городская местность"	"0"	"Всего"	"0"	"Всего"	"0"	"5 437 979 000 000"
"Инвестиции в основной капитал(Тысяч тенге казахских)"	"2016 год"	"201612"	"КУРЧУМСКИЙ РАЙОН"	"0"	"сельская местность"	"0"	"Всего"	"0"	"Всего"	"0"	"2 076 365 000 000"
"Инвестиции в основной капитал(Тысяч тенге казахских)"	"2017 год"	"201712"	"КУРЧУМСКИЙ РАЙОН"	"0"	"сельская местность"	"0"	"Всего"	"0"	"Всего"	"0"	"2 795 920 000 000"
"Инвестиции в основной капитал(Тысяч тенге казахских)"	"2018 год"	"201812"	"КУРЧУМСКИЙ РАЙОН"	"0"	"сельская местность"	"0"	"Всего"	"0"	"Всего"	"0"	"4 654 695 000 000"
"Инвестиции в основной капитал(Тысяч тенге казахских)"	"2016 год"	"201612"	"МЕНДЫКАРИНСКИЙ РАЙОН"	"0"	"сельская местность"	"0"	"Всего"	"0"	"Всего"	"0"	"1 507 929 000 000"
"Инвестиции в основной капитал(Тысяч тенге казахских)"	"2017 год"	"201712"	"МЕНДЫКАРИНСКИЙ РАЙОН"	"0"	"сельская местность"	"0"	"Всего"	"0"	"Всего"	"0"	"2 082 907 000 000"
"Инвестиции в основной капитал(Тысяч тенге казахских)"	"2018 год"	"201812"	"МЕНДЫКАРИНСКИЙ РАЙОН"	"0"	"сельская местность"	"0"	"Всего"	"0"	"Всего"	"0"	"2 915 861 000 000"
"Инвестиции в основной капитал(Тысяч тенге казахских)"	"2016 год"	"201612"	"КЗЫЛКОГИНСКИЙ РАЙОН"	"0"	"сельская местность"	"0"	"Всего"	"0"	"Всего"	"0"	"8 824 724 000 000"
"Инвестиции в основной капитал(Тысяч тенге казахских)"	"2017 год"	"201712"	"КЗЫЛКОГИНСКИЙ РАЙОН"	"0"	"сельская местность"	"0"	"Всего"	"0"	"Всего"	"0"	"12 331 890 000 000"
"Инвестиции в основной капитал(Тысяч тенге казахских)"	"2018 год"	"201812"	"КЗЫЛКОГИНСКИЙ РАЙОН"	"0"	"сельская местность"	"0"	"Всего"	"0"	"Всего"	"0"	"11 665 561 000 000"
"Инвестиции в основной капитал(Тысяч тенге казахских)"	"2016 год"	"201612"	"САТПАЕВ Г.А."	"0"	"городская местность"	"0"	"Всего"	"0"	"Всего"	"0"	"22 553 455 000 000"
"Инвестиции в основной капитал(Тысяч тенге казахских)"	"2017 год"	"201712"	"САТПАЕВ Г.А."	"0"	"городская местность"	"0"	"Всего"	"0"	"Всего"	"0"	"36 304 779 000 000"
"Инвестиции в основной капитал(Тысяч тенге казахских)"	"2018 год"	"201812"	"САТПАЕВ Г.А."	"0"	"городская местность"	"0"	"Всего"	"0"	"Всего"	"0"	"38 769 208 000 000"
"Инвестиции в основной капитал(Тысяч тенге казахских)"	"2016 год"	"201612"	"КЫЗЫЛОРДА Г.А."	"0"	"сельская местность"	"0"	"Всего"	"0"	"Всего"	"0"	"15 724 815 000 000"
"Инвестиции в основной капитал(Тысяч тенге казахских)"	"2017 год"	"201712"	"КЫЗЫЛОРДА Г.А."	"0"	"сельская местность"	"0"	"Всего"	"0"	"Всего"	"0"	"21 610 662 000 000"
"Инвестиции в основной капитал(Тысяч тенге казахских)"	"2018 год"	"201812"	"КЫЗЫЛОРДА Г.А."	"0"	"сельская местность"	"0"	"Всего"	"0"	"Всего"	"0"	"58 462 982 000 000"
"Инвестиции в основной капитал(Тысяч тенге казахских)"	"2016 год"	"201612"	"КАРАСАЙСКИЙ РАЙОН"	"0"	"городская местность"	"0"	"Всего"	"0"	"Всего"	"0"	"15 288 171 000 000"
"Инвестиции в основной капитал(Тысяч тенге казахских)"	"2017 год"	"201712"	"КАРАСАЙСКИЙ РАЙОН"	"0"	"городская местность"	"0"	"Всего"	"0"	"Всего"	"0"	"27 052 202 000 000"
"Инвестиции в основной капитал(Тысяч тенге казахских)"	"2018 год"	"201812"	"КАРАСАЙСКИЙ РАЙОН"	"0"	"городская местность"	"0"	"Всего"	"0"	"Всего"	"0"	"28 592 638 000 000"
"Инвестиции в основной капитал(Тысяч тенге казахских)"	"2016 год"	"201612"	"АЛАКОЛЬСКИЙ РАЙОН"	"0"	"городская местность"	"0"	"Всего"	"0"	"Всего"	"0"	"3 878 422 000 000"
"Инвестиции в основной капитал(Тысяч тенге казахских)"	"2017 год"	"201712"	"АЛАКОЛЬСКИЙ РАЙОН"	"0"	"городская местность"	"0"	"Всего"	"0"	"Всего"	"0"	"4 774 408 000 000"
"Инвестиции в основной капитал(Тысяч тенге казахских)"	"2018 год"	"201812"	"АЛАКОЛЬСКИЙ РАЙОН"	"0"	"городская местность"	"0"	"Всего"	"0"	"Всего"	"0"	"5 757 970 000 000"
"Инвестиции в основной капитал(Тысяч тенге казахских)"	"2016 год"	"201612"	"ЛИСАКОВСК Г.А."	"0"	"городская местность"	"0"	"Всего"	"0"	"Всего"	"0"	"10 080 941 000 000"
"Инвестиции в основной капитал(Тысяч тенге казахских)"	"2017 год"	"201712"	"ЛИСАКОВСК Г.А."	"0"	"городская местность"	"0"	"Всего"	"0"	"Всего"	"0"	"12 693 299 000 000"
"Инвестиции в основной капитал(Тысяч тенге казахских)"	"2018 год"	"201812"	"ЛИСАКОВСК Г.А."	"0"	"городская местность"	"0"	"Всего"	"0"	"Всего"	"0"	"29 480 286 000 000"
"Инвестиции в основной капитал(Тысяч тенге казахских)"	"2016 год"	"201612"	"ЖЫЛЫОЙСКИЙ РАЙОН"	"0"	"городская местность"	"0"	"Всего"	"0"	"Всего"	"0"	"62 621 454 000 000"
"Инвестиции в основной капитал(Тысяч тенге казахских)"	"2017 год"	"201712"	"ЖЫЛЫОЙСКИЙ РАЙОН"	"0"	"городская местность"	"0"	"Всего"	"0"	"Всего"	"0"	"12 551 410 000 000"
"Инвестиции в основной капитал(Тысяч тенге казахских)"	"2018 год"	"201812"	"ЖЫЛЫОЙСКИЙ РАЙОН"	"0"	"городская местность"	"0"	"Всего"	"0"	"Всего"	"0"	"21 956 915 000 000"
"Инвестиции в основной капитал(Тысяч тенге казахских)"	"2016 год"	"201612"	"КАЗАЛИНСКИЙ РАЙОН"	"0"	"городская местность"	"0"	"Всего"	"0"	"Всего"	"0"	"147 083 000 000"
"Инвестиции в основной капитал(Тысяч тенге казахских)"	"2017 год"	"201712"	"КАЗАЛИНСКИЙ РАЙОН"	"0"	"городская местность"	"0"	"Всего"	"0"	"Всего"	"0"	"2 181 906 000 000"
"Инвестиции в основной капитал(Тысяч тенге казахских)"	"2018 год"	"201812"	"КАЗАЛИНСКИЙ РАЙОН"	"0"	"городская местность"	"0"	"Всего"	"0"	"Всего"	"0"	"2 484 469 000 000"
"Инвестиции в основной капитал(Тысяч тенге казахских)"	"2016 год"	"201612"	"КАРАБАЛЫКСКИЙ РАЙОН"	"0"	"сельская местность"	"0"	"Всего"	"0"	"Всего"	"0"	"2 712 177 000 000"
"Инвестиции в основной капитал(Тысяч тенге казахских)"	"2017 год"	"201712"	"КАРАБАЛЫКСКИЙ РАЙОН"	"0"	"сельская местность"	"0"	"Всего"	"0"	"Всего"	"0"	"2 783 990 000 000"
"Инвестиции в основной капитал(Тысяч тенге казахских)"	"2018 год"	"201812"	"КАРАБАЛЫКСКИЙ РАЙОН"	"0"	"сельская местность"	"0"	"Всего"	"0"	"Всего"	"0"	"3 060 506 000 000"
"Инвестиции в основной капитал(Тысяч тенге казахских)"	"2016 год"	"201612"	"КАТОН-КАРАГАЙСКИЙ РАЙОН"	"0"	"сельская местность"	"0"	"Всего"	"0"	"Всего"	"0"	"1 430 603 000 000"
"Инвестиции в основной капитал(Тысяч тенге казахских)"	"2017 год"	"201712"	"КАТОН-КАРАГАЙСКИЙ РАЙОН"	"0"	"сельская местность"	"0"	"Всего"	"0"	"Всего"	"0"	"3 160 333 000 000"
"Инвестиции в основной капитал(Тысяч тенге казахских)"	"2018 год"	"201812"	"КАТОН-КАРАГАЙСКИЙ РАЙОН"	"0"	"сельская местность"	"0"	"Всего"	"0"	"Всего"	"0"	"3 671 047 000 000"
"Инвестиции в основной капитал(Тысяч тенге казахских)"	"2016 год"	"201612"	"КАРАГАНДА Г.А."	"0"	"сельская местность"	"0"	"Всего"	"0"	"Всего"	"0"	"4 431 000 000"
"Инвестиции в основной капитал(Тысяч тенге казахских)"	"2016 год"	"201612"	"ЦЕЛИНОГРАДСКИЙ РАЙОН"	"0"	"сельская местность"	"0"	"Всего"	"0"	"Всего"	"0"	"25 138 473 000 000"
"Инвестиции в основной капитал(Тысяч тенге казахских)"	"2017 год"	"201712"	"ЦЕЛИНОГРАДСКИЙ РАЙОН"	"0"	"сельская местность"	"0"	"Всего"	"0"	"Всего"	"0"	"35 319 901 000 000"
"Инвестиции в основной капитал(Тысяч тенге казахских)"	"2018 год"	"201812"	"ЦЕЛИНОГРАДСКИЙ РАЙОН"	"0"	"сельская местность"	"0"	"Всего"	"0"	"Всего"	"0"	"40 264 272 000 000"
"Инвестиции в основной капитал(Тысяч тенге казахских)"	"2016 год"	"201612"	"АСТРАХАНСКИЙ РАЙОН"	"0"	"сельская местность"	"0"	"Всего"	"0"	"Всего"	"0"	"6 599 102 000 000"
"Инвестиции в основной капитал(Тысяч тенге казахских)"	"2017 год"	"201712"	"АСТРАХАНСКИЙ РАЙОН"	"0"	"сельская местность"	"0"	"Всего"	"0"	"Всего"	"0"	"7 449 566 000 000"
"Инвестиции в основной капитал(Тысяч тенге казахских)"	"2018 год"	"201812"	"АСТРАХАНСКИЙ РАЙОН"	"0"	"сельская местность"	"0"	"Всего"	"0"	"Всего"	"0"	"4 356 783 000 000"
"Инвестиции в основной капитал(Тысяч тенге казахских)"	"2016 год"	"201612"	"УЙГУРСКИЙ РАЙОН"	"0"	"сельская местность"	"0"	"Всего"	"0"	"Всего"	"0"	"17 920 458 000 000"
"Инвестиции в основной капитал(Тысяч тенге казахских)"	"2017 год"	"201712"	"УЙГУРСКИЙ РАЙОН"	"0"	"сельская местность"	"0"	"Всего"	"0"	"Всего"	"0"	"17 597 762 000 000"
"Инвестиции в основной капитал(Тысяч тенге казахских)"	"2018 год"	"201812"	"УЙГУРСКИЙ РАЙОН"	"0"	"сельская местность"	"0"	"Всего"	"0"	"Всего"	"0"	"10 777 821 000 000"
"Инвестиции в основной капитал(Тысяч тенге казахских)"	"2016 год"	"201612"	"АККОЛЬСКИЙ РАЙОН"	"0"	"сельская местность"	"0"	"Всего"	"0"	"Всего"	"0"	"1 085 078 000 000"
"Инвестиции в основной капитал(Тысяч тенге казахских)"	"2017 год"	"201712"	"АККОЛЬСКИЙ РАЙОН"	"0"	"сельская местность"	"0"	"Всего"	"0"	"Всего"	"0"	"2 514 844 000 000"
"Инвестиции в основной капитал(Тысяч тенге казахских)"	"2018 год"	"201812"	"АККОЛЬСКИЙ РАЙОН"	"0"	"сельская местность"	"0"	"Всего"	"0"	"Всего"	"0"	"1 054 135 000 000"
"Инвестиции в основной капитал(Тысяч тенге казахских)"	"2016 год"	"201612"	"АЯГОЗСКИЙ РАЙОН"	"0"	"сельская местность"	"0"	"Всего"	"0"	"Всего"	"0"	"160 448 690 000 000"
"Инвестиции в основной капитал(Тысяч тенге казахских)"	"2017 год"	"201712"	"АЯГОЗСКИЙ РАЙОН"	"0"	"сельская местность"	"0"	"Всего"	"0"	"Всего"	"0"	"35 920 587 000 000"
"Инвестиции в основной капитал(Тысяч тенге казахских)"	"2018 год"	"201812"	"АЯГОЗСКИЙ РАЙОН"	"0"	"сельская местность"	"0"	"Всего"	"0"	"Всего"	"0"	"71 644 622 000 000"
"Инвестиции в основной капитал(Тысяч тенге казахских)"	"2016 год"	"201612"	"ИСАТАЙСКИЙ РАЙОН"	"0"	"сельская местность"	"0"	"Всего"	"0"	"Всего"	"0"	"31 341 132 000 000"
"Инвестиции в основной капитал(Тысяч тенге казахских)"	"2017 год"	"201712"	"ИСАТАЙСКИЙ РАЙОН"	"0"	"сельская местность"	"0"	"Всего"	"0"	"Всего"	"0"	"26 634 045 000 000"
"Инвестиции в основной капитал(Тысяч тенге казахских)"	"2018 год"	"201812"	"ИСАТАЙСКИЙ РАЙОН"	"0"	"сельская местность"	"0"	"Всего"	"0"	"Всего"	"0"	"15 897 150 000 000"
"Инвестиции в основной капитал(Тысяч тенге казахских)"	"2016 год"	"201612"	"БАЙГАНИНСКИЙ РАЙОН"	"0"	"сельская местность"	"0"	"Всего"	"0"	"Всего"	"0"	"43 733 424 000 000"
"Инвестиции в основной капитал(Тысяч тенге казахских)"	"2017 год"	"201712"	"БАЙГАНИНСКИЙ РАЙОН"	"0"	"сельская местность"	"0"	"Всего"	"0"	"Всего"	"0"	"58 659 413 000 000"
"Инвестиции в основной капитал(Тысяч тенге казахских)"	"2018 год"	"201812"	"БАЙГАНИНСКИЙ РАЙОН"	"0"	"сельская местность"	"0"	"Всего"	"0"	"Всего"	"0"	"97 338 492 000 000"
"Инвестиции в основной капитал(Тысяч тенге казахских)"	"2016 год"	"201612"	"СЫРДАРЬИНСКИЙ РАЙОН"	"0"	"сельская местность"	"0"	"Всего"	"0"	"Всего"	"0"	"22 409 535 000 000"
"Инвестиции в основной капитал(Тысяч тенге казахских)"	"2017 год"	"201712"	"СЫРДАРЬИНСКИЙ РАЙОН"	"0"	"сельская местность"	"0"	"Всего"	"0"	"Всего"	"0"	"53 695 782 000 000"
"Инвестиции в основной капитал(Тысяч тенге казахских)"	"2018 год"	"201812"	"СЫРДАРЬИНСКИЙ РАЙОН"	"0"	"сельская местность"	"0"	"Всего"	"0"	"Всего"	"0"	"40 132 901 000 000"
"Инвестиции в основной капитал(Тысяч тенге казахских)"	"2016 год"	"201612"	"ЖАНГАЛИНСКИЙ РАЙОН"	"0"	"сельская местность"	"0"	"Всего"	"0"	"Всего"	"0"	"1 720 210 000 000"
"Инвестиции в основной капитал(Тысяч тенге казахских)"	"2017 год"	"201712"	"ЖАНГАЛИНСКИЙ РАЙОН"	"0"	"сельская местность"	"0"	"Всего"	"0"	"Всего"	"0"	"2 322 052 000 000"
"Инвестиции в основной капитал(Тысяч тенге казахских)"	"2018 год"	"201812"	"ЖАНГАЛИНСКИЙ РАЙОН"	"0"	"сельская местность"	"0"	"Всего"	"0"	"Всего"	"0"	"6 193 618 000 000"
"Инвестиции в основной капитал(Тысяч тенге казахских)"	"2016 год"	"201612"	"САРЫАГАШСКИЙ РАЙОН"	"0"	"сельская местность"	"0"	"Всего"	"0"	"Всего"	"0"	"17 751 511 000 000"
"Инвестиции в основной капитал(Тысяч тенге казахских)"	"2017 год"	"201712"	"САРЫАГАШСКИЙ РАЙОН"	"0"	"сельская местность"	"0"	"Всего"	"0"	"Всего"	"0"	"25 221 043 000 000"
"Инвестиции в основной капитал(Тысяч тенге казахских)"	"2016 год"	"201612"	"АКТОБЕ Г.А."	"0"	"сельская местность"	"0"	"Всего"	"0"	"Всего"	"0"	"7 749 097 000 000"
"Инвестиции в основной капитал(Тысяч тенге казахских)"	"2017 год"	"201712"	"АКТОБЕ Г.А."	"0"	"сельская местность"	"0"	"Всего"	"0"	"Всего"	"0"	"16 620 999 000 000"
"Инвестиции в основной капитал(Тысяч тенге казахских)"	"2016 год"	"201612"	"ЖАКСЫНСКИЙ РАЙОН"	"0"	"сельская местность"	"0"	"Всего"	"0"	"Всего"	"0"	"4 919 340 000 000"
"Инвестиции в основной капитал(Тысяч тенге казахских)"	"2017 год"	"201712"	"ЖАКСЫНСКИЙ РАЙОН"	"0"	"сельская местность"	"0"	"Всего"	"0"	"Всего"	"0"	"5 701 248 000 000"
"Инвестиции в основной капитал(Тысяч тенге казахских)"	"2018 год"	"201812"	"ЖАКСЫНСКИЙ РАЙОН"	"0"	"сельская местность"	"0"	"Всего"	"0"	"Всего"	"0"	"8 407 046 000 000"
"Инвестиции в основной капитал(Тысяч тенге казахских)"	"2016 год"	"201612"	"МАЙСКИЙ РАЙОН"	"0"	"Всего"	"0"	"Всего"	"0"	"Всего"	"0"	"4 592 825 000 000"
"Инвестиции в основной капитал(Тысяч тенге казахских)"	"2017 год"	"201712"	"МАЙСКИЙ РАЙОН"	"0"	"Всего"	"0"	"Всего"	"0"	"Всего"	"0"	"5 411 715 000 000"
"Инвестиции в основной капитал(Тысяч тенге казахских)"	"2018 год"	"201812"	"МАЙСКИЙ РАЙОН"	"0"	"Всего"	"0"	"Всего"	"0"	"Всего"	"0"	"11 053 955 000 000"
"Инвестиции в основной капитал(Тысяч тенге казахских)"	"2016 год"	"201612"	"САНДЫКТАУСКИЙ РАЙОН"	"0"	"сельская местность"	"0"	"Всего"	"0"	"Всего"	"0"	"4 215 830 000 000"
"Инвестиции в основной капитал(Тысяч тенге казахских)"	"2017 год"	"201712"	"САНДЫКТАУСКИЙ РАЙОН"	"0"	"сельская местность"	"0"	"Всего"	"0"	"Всего"	"0"	"3 931 714 000 000"
"Инвестиции в основной капитал(Тысяч тенге казахских)"	"2018 год"	"201812"	"САНДЫКТАУСКИЙ РАЙОН"	"0"	"сельская местность"	"0"	"Всего"	"0"	"Всего"	"0"	"6 463 570 000 000"
"Инвестиции в основной капитал(Тысяч тенге казахских)"	"2016 год"	"201612"	"МЕНДЫКАРИНСКИЙ РАЙОН"	"0"	"Всего"	"0"	"Всего"	"0"	"Всего"	"0"	"1 507 929 000 000"
"Инвестиции в основной капитал(Тысяч тенге казахских)"	"2017 год"	"201712"	"МЕНДЫКАРИНСКИЙ РАЙОН"	"0"	"Всего"	"0"	"Всего"	"0"	"Всего"	"0"	"2 082 907 000 000"
"Инвестиции в основной капитал(Тысяч тенге казахских)"	"2018 год"	"201812"	"МЕНДЫКАРИНСКИЙ РАЙОН"	"0"	"Всего"	"0"	"Всего"	"0"	"Всего"	"0"	"2 915 861 000 000"
"Инвестиции в основной капитал(Тысяч тенге казахских)"	"2016 год"	"201612"	"АЙЫРТАУСКИЙ РАЙОН"	"0"	"Всего"	"0"	"Всего"	"0"	"Всего"	"0"	"6 412 445 000 000"
"Инвестиции в основной капитал(Тысяч тенге казахских)"	"2017 год"	"201712"	"АЙЫРТАУСКИЙ РАЙОН"	"0"	"Всего"	"0"	"Всего"	"0"	"Всего"	"0"	"9 702 487 000 000"
"Инвестиции в основной капитал(Тысяч тенге казахских)"	"2018 год"	"201812"	"АЙЫРТАУСКИЙ РАЙОН"	"0"	"Всего"	"0"	"Всего"	"0"	"Всего"	"0"	"11 600 852 000 000"
"Инвестиции в основной капитал(Тысяч тенге казахских)"	"2016 год"	"201612"	"РАЙОН АЛТАЙ"	"0"	"Всего"	"0"	"Всего"	"0"	"Всего"	"0"	"15 193 775 000 000"
"Инвестиции в основной капитал(Тысяч тенге казахских)"	"2017 год"	"201712"	"РАЙОН АЛТАЙ"	"0"	"Всего"	"0"	"Всего"	"0"	"Всего"	"0"	"25 130 458 000 000"
"Инвестиции в основной капитал(Тысяч тенге казахских)"	"2018 год"	"201812"	"РАЙОН АЛТАЙ"	"0"	"Всего"	"0"	"Всего"	"0"	"Всего"	"0"	"29 303 226 000 000"
"Инвестиции в основной капитал(Тысяч тенге казахских)"	"2016 год"	"201612"	"РАЙОН ИМ.ГАБИТА МУСРЕПОВА"	"0"	"Всего"	"0"	"Всего"	"0"	"Всего"	"0"	"33 649 268 000 000"
"Инвестиции в основной капитал(Тысяч тенге казахских)"	"2017 год"	"201712"	"РАЙОН ИМ.ГАБИТА МУСРЕПОВА"	"0"	"Всего"	"0"	"Всего"	"0"	"Всего"	"0"	"37 200 615 000 000"
"Инвестиции в основной капитал(Тысяч тенге казахских)"	"2018 год"	"201812"	"РАЙОН ИМ.ГАБИТА МУСРЕПОВА"	"0"	"Всего"	"0"	"Всего"	"0"	"Всего"	"0"	"25 808 432 000 000"
"Инвестиции в основной капитал(Тысяч тенге казахских)"	"2016 год"	"201612"	"КАТОН-КАРАГАЙСКИЙ РАЙОН"	"0"	"Всего"	"0"	"Всего"	"0"	"Всего"	"0"	"1 430 603 000 000"
"Инвестиции в основной капитал(Тысяч тенге казахских)"	"2017 год"	"201712"	"КАТОН-КАРАГАЙСКИЙ РАЙОН"	"0"	"Всего"	"0"	"Всего"	"0"	"Всего"	"0"	"3 160 333 000 000"
"Инвестиции в основной капитал(Тысяч тенге казахских)"	"2018 год"	"201812"	"КАТОН-КАРАГАЙСКИЙ РАЙОН"	"0"	"Всего"	"0"	"Всего"	"0"	"Всего"	"0"	"3 671 047 000 000"
"Инвестиции в основной капитал(Тысяч тенге казахских)"	"2016 год"	"201612"	"УСТЬ-КАМЕНОГОРСК Г.А."	"0"	"сельская местность"	"0"	"Всего"	"0"	"Всего"	"0"	"543 712 000 000"
"Инвестиции в основной капитал(Тысяч тенге казахских)"	"2017 год"	"201712"	"УСТЬ-КАМЕНОГОРСК Г.А."	"0"	"сельская местность"	"0"	"Всего"	"0"	"Всего"	"0"	"502 870 000 000"
"Инвестиции в основной капитал(Тысяч тенге казахских)"	"2018 год"	"201812"	"УСТЬ-КАМЕНОГОРСК Г.А."	"0"	"сельская местность"	"0"	"Всего"	"0"	"Всего"	"0"	"144 395 000 000"
"Инвестиции в основной капитал(Тысяч тенге казахских)"	"2016 год"	"201612"	"ТАСКАЛИНСКИЙ РАЙОН"	"0"	"Всего"	"0"	"Всего"	"0"	"Всего"	"0"	"2 795 819 000 000"
"Инвестиции в основной капитал(Тысяч тенге казахских)"	"2017 год"	"201712"	"ТАСКАЛИНСКИЙ РАЙОН"	"0"	"Всего"	"0"	"Всего"	"0"	"Всего"	"0"	"8 463 882 000 000"
"Инвестиции в основной капитал(Тысяч тенге казахских)"	"2018 год"	"201812"	"ТАСКАЛИНСКИЙ РАЙОН"	"0"	"Всего"	"0"	"Всего"	"0"	"Всего"	"0"	"12 444 383 000 000"
"Инвестиции в основной капитал(Тысяч тенге казахских)"	"2016 год"	"201612"	"УЙГУРСКИЙ РАЙОН"	"0"	"Всего"	"0"	"Всего"	"0"	"Всего"	"0"	"17 920 458 000 000"
"Инвестиции в основной капитал(Тысяч тенге казахских)"	"2017 год"	"201712"	"УЙГУРСКИЙ РАЙОН"	"0"	"Всего"	"0"	"Всего"	"0"	"Всего"	"0"	"17 597 762 000 000"
"Инвестиции в основной капитал(Тысяч тенге казахских)"	"2018 год"	"201812"	"УЙГУРСКИЙ РАЙОН"	"0"	"Всего"	"0"	"Всего"	"0"	"Всего"	"0"	"10 777 821 000 000"
"Инвестиции в основной капитал(Тысяч тенге казахских)"	"2016 год"	"201612"	"РАЙОН БЕИМБЕТА МАЙЛИНА"	"0"	"Всего"	"0"	"Всего"	"0"	"Всего"	"0"	"5 909 589 000 000"
"Инвестиции в основной капитал(Тысяч тенге казахских)"	"2017 год"	"201712"	"РАЙОН БЕИМБЕТА МАЙЛИНА"	"0"	"Всего"	"0"	"Всего"	"0"	"Всего"	"0"	"7 418 557 000 000"
"Инвестиции в основной капитал(Тысяч тенге казахских)"	"2018 год"	"201812"	"РАЙОН БЕИМБЕТА МАЙЛИНА"	"0"	"Всего"	"0"	"Всего"	"0"	"Всего"	"0"	"9 530 279 000 000"
"Инвестиции в основной капитал(Тысяч тенге казахских)"	"2016 год"	"201612"	"МАКАТСКИЙ РАЙОН"	"0"	"Всего"	"0"	"Всего"	"0"	"Всего"	"0"	"10 153 997 000 000"
"Инвестиции в основной капитал(Тысяч тенге казахских)"	"2017 год"	"201712"	"МАКАТСКИЙ РАЙОН"	"0"	"Всего"	"0"	"Всего"	"0"	"Всего"	"0"	"8 858 097 000 000"
"Инвестиции в основной капитал(Тысяч тенге казахских)"	"2018 год"	"201812"	"МАКАТСКИЙ РАЙОН"	"0"	"Всего"	"0"	"Всего"	"0"	"Всего"	"0"	"9 696 303 000 000"
"Инвестиции в основной капитал(Тысяч тенге казахских)"	"2016 год"	"201612"	"АКСУ Г.А."	"0"	"Всего"	"0"	"Всего"	"0"	"Всего"	"0"	"36 105 254 000 000"
"Инвестиции в основной капитал(Тысяч тенге казахских)"	"2017 год"	"201712"	"АКСУ Г.А."	"0"	"Всего"	"0"	"Всего"	"0"	"Всего"	"0"	"55 476 056 000 000"
"Инвестиции в основной капитал(Тысяч тенге казахских)"	"2018 год"	"201812"	"АКСУ Г.А."	"0"	"Всего"	"0"	"Всего"	"0"	"Всего"	"0"	"88 688 308 000 000"
"Инвестиции в основной капитал(Тысяч тенге казахских)"	"2016 год"	"201612"	"РАЙОН ТУРАРА РЫСКУЛОВА"	"0"	"Всего"	"0"	"Всего"	"0"	"Всего"	"0"	"29 675 842 000 000"
"Инвестиции в основной капитал(Тысяч тенге казахских)"	"2017 год"	"201712"	"РАЙОН ТУРАРА РЫСКУЛОВА"	"0"	"Всего"	"0"	"Всего"	"0"	"Всего"	"0"	"5 990 311 000 000"
"Инвестиции в основной капитал(Тысяч тенге казахских)"	"2018 год"	"201812"	"РАЙОН ТУРАРА РЫСКУЛОВА"	"0"	"Всего"	"0"	"Всего"	"0"	"Всего"	"0"	"8 685 313 000 000"
"Инвестиции в основной капитал(Тысяч тенге казахских)"	"2016 год"	"201612"	"КАЗТАЛОВСКИЙ РАЙОН"	"0"	"Всего"	"0"	"Всего"	"0"	"Всего"	"0"	"4 988 207 000 000"
"Инвестиции в основной капитал(Тысяч тенге казахских)"	"2017 год"	"201712"	"КАЗТАЛОВСКИЙ РАЙОН"	"0"	"Всего"	"0"	"Всего"	"0"	"Всего"	"0"	"8 084 417 000 000"
"Инвестиции в основной капитал(Тысяч тенге казахских)"	"2018 год"	"201812"	"КАЗТАЛОВСКИЙ РАЙОН"	"0"	"Всего"	"0"	"Всего"	"0"	"Всего"	"0"	"5 830 275 000 000"
"Инвестиции в основной капитал(Тысяч тенге казахских)"	"2016 год"	"201612"	"ЧИНГИРЛАУСКИЙ РАЙОН"	"0"	"Всего"	"0"	"Всего"	"0"	"Всего"	"0"	"1 433 433 000 000"
"Инвестиции в основной капитал(Тысяч тенге казахских)"	"2017 год"	"201712"	"ЧИНГИРЛАУСКИЙ РАЙОН"	"0"	"Всего"	"0"	"Всего"	"0"	"Всего"	"0"	"1 573 575 000 000"
"Инвестиции в основной капитал(Тысяч тенге казахских)"	"2018 год"	"201812"	"ЧИНГИРЛАУСКИЙ РАЙОН"	"0"	"Всего"	"0"	"Всего"	"0"	"Всего"	"0"	"2 605 360 000 000"
"Инвестиции в основной капитал(Тысяч тенге казахских)"	"2016 год"	"201612"	"УРДЖАРСКИЙ РАЙОН"	"0"	"Всего"	"0"	"Всего"	"0"	"Всего"	"0"	"4 239 253 000 000"
"Инвестиции в основной капитал(Тысяч тенге казахских)"	"2017 год"	"201712"	"УРДЖАРСКИЙ РАЙОН"	"0"	"Всего"	"0"	"Всего"	"0"	"Всего"	"0"	"7 602 957 000 000"
"Инвестиции в основной капитал(Тысяч тенге казахских)"	"2018 год"	"201812"	"УРДЖАРСКИЙ РАЙОН"	"0"	"Всего"	"0"	"Всего"	"0"	"Всего"	"0"	"10 253 850 000 000"
"Инвестиции в основной капитал(Тысяч тенге казахских)"	"2016 год"	"201612"	"УСТЬ-КАМЕНОГОРСК Г.А."	"0"	"Всего"	"0"	"Всего"	"0"	"Всего"	"0"	"80 409 632 000 000"
"Инвестиции в основной капитал(Тысяч тенге казахских)"	"2017 год"	"201712"	"УСТЬ-КАМЕНОГОРСК Г.А."	"0"	"Всего"	"0"	"Всего"	"0"	"Всего"	"0"	"115 588 626 000 000"
"Инвестиции в основной капитал(Тысяч тенге казахских)"	"2018 год"	"201812"	"УСТЬ-КАМЕНОГОРСК Г.А."	"0"	"Всего"	"0"	"Всего"	"0"	"Всего"	"0"	"132 973 937 000 000"
"Инвестиции в основной капитал(Тысяч тенге казахских)"	"2016 год"	"201612"	"ПРИОЗЕРСК Г.А."	"0"	"городская местность"	"0"	"Всего"	"0"	"Всего"	"0"	"1 232 333 000 000"
"Инвестиции в основной капитал(Тысяч тенге казахских)"	"2017 год"	"201712"	"ПРИОЗЕРСК Г.А."	"0"	"городская местность"	"0"	"Всего"	"0"	"Всего"	"0"	"1 415 815 000 000"
"Инвестиции в основной капитал(Тысяч тенге казахских)"	"2018 год"	"201812"	"ПРИОЗЕРСК Г.А."	"0"	"городская местность"	"0"	"Всего"	"0"	"Всего"	"0"	"1 243 372 000 000"
"Инвестиции в основной капитал(Тысяч тенге казахских)"	"2016 год"	"201612"	"АРАЛЬСКИЙ РАЙОН"	"0"	"городская местность"	"0"	"Всего"	"0"	"Всего"	"0"	"1 819 656 000 000"
"Инвестиции в основной капитал(Тысяч тенге казахских)"	"2017 год"	"201712"	"АРАЛЬСКИЙ РАЙОН"	"0"	"городская местность"	"0"	"Всего"	"0"	"Всего"	"0"	"6 540 540 000 000"
"Инвестиции в основной капитал(Тысяч тенге казахских)"	"2018 год"	"201812"	"АРАЛЬСКИЙ РАЙОН"	"0"	"городская местность"	"0"	"Всего"	"0"	"Всего"	"0"	"5 709 011 000 000"
"Инвестиции в основной капитал(Тысяч тенге казахских)"	"2016 год"	"201612"	"ПАНФИЛОВСКИЙ РАЙОН"	"0"	"городская местность"	"0"	"Всего"	"0"	"Всего"	"0"	"5 708 146 000 000"
"Инвестиции в основной капитал(Тысяч тенге казахских)"	"2017 год"	"201712"	"ПАНФИЛОВСКИЙ РАЙОН"	"0"	"городская местность"	"0"	"Всего"	"0"	"Всего"	"0"	"15 120 183 000 000"
"Инвестиции в основной капитал(Тысяч тенге казахских)"	"2018 год"	"201812"	"ПАНФИЛОВСКИЙ РАЙОН"	"0"	"городская местность"	"0"	"Всего"	"0"	"Всего"	"0"	"6 705 275 000 000"
"Инвестиции в основной капитал(Тысяч тенге казахских)"	"2016 год"	"201612"	"ТУРКЕСТАН Г.А."	"0"	"городская местность"	"0"	"Всего"	"0"	"Всего"	"0"	"16 108 981 000 000"
"Инвестиции в основной капитал(Тысяч тенге казахских)"	"2017 год"	"201712"	"ТУРКЕСТАН Г.А."	"0"	"городская местность"	"0"	"Всего"	"0"	"Всего"	"0"	"17 906 313 000 000"
"Инвестиции в основной капитал(Тысяч тенге казахских)"	"2016 год"	"201612"	"САРКАНСКИЙ РАЙОН"	"0"	"городская местность"	"0"	"Всего"	"0"	"Всего"	"0"	"1 292 344 000 000"
"Инвестиции в основной капитал(Тысяч тенге казахских)"	"2017 год"	"201712"	"САРКАНСКИЙ РАЙОН"	"0"	"городская местность"	"0"	"Всего"	"0"	"Всего"	"0"	"2 983 621 000 000"
"Инвестиции в основной капитал(Тысяч тенге казахских)"	"2018 год"	"201812"	"САРКАНСКИЙ РАЙОН"	"0"	"городская местность"	"0"	"Всего"	"0"	"Всего"	"0"	"5 349 019 000 000"
"Инвестиции в основной капитал(Тысяч тенге казахских)"	"2016 год"	"201612"	"КЕНТАУ Г.А."	"0"	"сельская местность"	"0"	"Всего"	"0"	"Всего"	"0"	"805 659 000 000"
"Инвестиции в основной капитал(Тысяч тенге казахских)"	"2017 год"	"201712"	"КЕНТАУ Г.А."	"0"	"сельская местность"	"0"	"Всего"	"0"	"Всего"	"0"	"972 574 000 000"
"Инвестиции в основной капитал(Тысяч тенге казахских)"	"2016 год"	"201612"	"РАЙОН БИРЖАН САЛ"	"0"	"городская местность"	"0"	"Всего"	"0"	"Всего"	"0"	"510 351 000 000"
"Инвестиции в основной капитал(Тысяч тенге казахских)"	"2017 год"	"201712"	"РАЙОН БИРЖАН САЛ"	"0"	"городская местность"	"0"	"Всего"	"0"	"Всего"	"0"	"234 509 000 000"
"Инвестиции в основной капитал(Тысяч тенге казахских)"	"2018 год"	"201812"	"РАЙОН БИРЖАН САЛ"	"0"	"городская местность"	"0"	"Всего"	"0"	"Всего"	"0"	"228 096 000 000"
"Инвестиции в основной капитал(Тысяч тенге казахских)"	"2016 год"	"201612"	"БЕЙНЕУСКИЙ РАЙОН"	"0"	"сельская местность"	"0"	"Всего"	"0"	"Всего"	"0"	"62 705 271 000 000"
"Инвестиции в основной капитал(Тысяч тенге казахских)"	"2017 год"	"201712"	"БЕЙНЕУСКИЙ РАЙОН"	"0"	"сельская местность"	"0"	"Всего"	"0"	"Всего"	"0"	"37 370 817 000 000"
"Инвестиции в основной капитал(Тысяч тенге казахских)"	"2018 год"	"201812"	"БЕЙНЕУСКИЙ РАЙОН"	"0"	"сельская местность"	"0"	"Всего"	"0"	"Всего"	"0"	"33 870 450 000 000"
"Инвестиции в основной капитал(Тысяч тенге казахских)"	"2016 год"	"201612"	"СТЕПНОГОРСК Г.А."	"0"	"городская местность"	"0"	"Всего"	"0"	"Всего"	"0"	"12 060 354 000 000"
"Инвестиции в основной капитал(Тысяч тенге казахских)"	"2017 год"	"201712"	"СТЕПНОГОРСК Г.А."	"0"	"городская местность"	"0"	"Всего"	"0"	"Всего"	"0"	"24 047 064 000 000"
"Инвестиции в основной капитал(Тысяч тенге казахских)"	"2018 год"	"201812"	"СТЕПНОГОРСК Г.А."	"0"	"городская местность"	"0"	"Всего"	"0"	"Всего"	"0"	"22 519 781 000 000"
"Инвестиции в основной капитал(Тысяч тенге казахских)"	"2016 год"	"201612"	"ЖЕТЫСУСКИЙ РАЙОН"	"0"	"городская местность"	"0"	"Всего"	"0"	"Всего"	"0"	"50 325 305 000 000"
"Инвестиции в основной капитал(Тысяч тенге казахских)"	"2017 год"	"201712"	"ЖЕТЫСУСКИЙ РАЙОН"	"0"	"городская местность"	"0"	"Всего"	"0"	"Всего"	"0"	"42 891 003 000 000"
"Инвестиции в основной капитал(Тысяч тенге казахских)"	"2018 год"	"201812"	"ЖЕТЫСУСКИЙ РАЙОН"	"0"	"городская местность"	"0"	"Всего"	"0"	"Всего"	"0"	"46 587 427 000 000"
"Инвестиции в основной капитал(Тысяч тенге казахских)"	"2016 год"	"201612"	"САРЫАГАШСКИЙ РАЙОН"	"0"	"городская местность"	"0"	"Всего"	"0"	"Всего"	"0"	"4 542 381 000 000"
"Инвестиции в основной капитал(Тысяч тенге казахских)"	"2017 год"	"201712"	"САРЫАГАШСКИЙ РАЙОН"	"0"	"городская местность"	"0"	"Всего"	"0"	"Всего"	"0"	"3 745 146 000 000"
"Инвестиции в основной капитал(Тысяч тенге казахских)"	"2016 год"	"201612"	"ТАЛДЫКОРГАН Г.А."	"0"	"Всего"	"0"	"Всего"	"0"	"Всего"	"0"	"64 042 902 000 000"
"Инвестиции в основной капитал(Тысяч тенге казахских)"	"2017 год"	"201712"	"ТАЛДЫКОРГАН Г.А."	"0"	"Всего"	"0"	"Всего"	"0"	"Всего"	"0"	"55 738 923 000 000"
"Инвестиции в основной капитал(Тысяч тенге казахских)"	"2018 год"	"201812"	"ТАЛДЫКОРГАН Г.А."	"0"	"Всего"	"0"	"Всего"	"0"	"Всего"	"0"	"62 732 869 000 000"
"Инвестиции в основной капитал(Тысяч тенге казахских)"	"2016 год"	"201612"	"КЗЫЛКОГИНСКИЙ РАЙОН"	"0"	"Всего"	"0"	"Всего"	"0"	"Всего"	"0"	"8 824 724 000 000"
"Инвестиции в основной капитал(Тысяч тенге казахских)"	"2017 год"	"201712"	"КЗЫЛКОГИНСКИЙ РАЙОН"	"0"	"Всего"	"0"	"Всего"	"0"	"Всего"	"0"	"12 331 890 000 000"
"Инвестиции в основной капитал(Тысяч тенге казахских)"	"2018 год"	"201812"	"КЗЫЛКОГИНСКИЙ РАЙОН"	"0"	"Всего"	"0"	"Всего"	"0"	"Всего"	"0"	"11 665 561 000 000"
"Инвестиции в основной капитал(Тысяч тенге казахских)"	"2016 год"	"201612"	"БОКЕЙОРДИНСКИЙ РАЙОН"	"0"	"Всего"	"0"	"Всего"	"0"	"Всего"	"0"	"603 746 000 000"
"Инвестиции в основной капитал(Тысяч тенге казахских)"	"2017 год"	"201712"	"БОКЕЙОРДИНСКИЙ РАЙОН"	"0"	"Всего"	"0"	"Всего"	"0"	"Всего"	"0"	"2 198 355 000 000"
"Инвестиции в основной капитал(Тысяч тенге казахских)"	"2018 год"	"201812"	"БОКЕЙОРДИНСКИЙ РАЙОН"	"0"	"Всего"	"0"	"Всего"	"0"	"Всего"	"0"	"3 072 879 000 000"
"Инвестиции в основной капитал(Тысяч тенге казахских)"	"2016 год"	"201612"	"КАРАЖАЛ Г.А."	"0"	"Всего"	"0"	"Всего"	"0"	"Всего"	"0"	"10 830 017 000 000"
"Инвестиции в основной капитал(Тысяч тенге казахских)"	"2017 год"	"201712"	"КАРАЖАЛ Г.А."	"0"	"Всего"	"0"	"Всего"	"0"	"Всего"	"0"	"12 694 828 000 000"
"Инвестиции в основной капитал(Тысяч тенге казахских)"	"2018 год"	"201812"	"КАРАЖАЛ Г.А."	"0"	"Всего"	"0"	"Всего"	"0"	"Всего"	"0"	"31 390 559 000 000"
"Инвестиции в основной капитал(Тысяч тенге казахских)"	"2016 год"	"201612"	"АЛМАЛИНСКИЙ РАЙОН"	"0"	"Всего"	"0"	"Всего"	"0"	"Всего"	"0"	"63 502 563 000 000"
"Инвестиции в основной капитал(Тысяч тенге казахских)"	"2017 год"	"201712"	"АЛМАЛИНСКИЙ РАЙОН"	"0"	"Всего"	"0"	"Всего"	"0"	"Всего"	"0"	"89 389 074 000 000"
"Инвестиции в основной капитал(Тысяч тенге казахских)"	"2018 год"	"201812"	"АЛМАЛИНСКИЙ РАЙОН"	"0"	"Всего"	"0"	"Всего"	"0"	"Всего"	"0"	"91 106 404 000 000"
"Инвестиции в основной капитал(Тысяч тенге казахских)"	"2016 год"	"201612"	"КУРЧАТОВ Г.А."	"0"	"Всего"	"0"	"Всего"	"0"	"Всего"	"0"	"2 900 060 000 000"
"Инвестиции в основной капитал(Тысяч тенге казахских)"	"2017 год"	"201712"	"КУРЧАТОВ Г.А."	"0"	"Всего"	"0"	"Всего"	"0"	"Всего"	"0"	"3 322 822 000 000"
"Инвестиции в основной капитал(Тысяч тенге казахских)"	"2018 год"	"201812"	"КУРЧАТОВ Г.А."	"0"	"Всего"	"0"	"Всего"	"0"	"Всего"	"0"	"5 473 725 000 000"
"Инвестиции в основной капитал(Тысяч тенге казахских)"	"2016 год"	"201612"	"РАЙОН БАЙДИБЕКА"	"0"	"Всего"	"0"	"Всего"	"0"	"Всего"	"0"	"4 643 346 000 000"
"Инвестиции в основной капитал(Тысяч тенге казахских)"	"2017 год"	"201712"	"РАЙОН БАЙДИБЕКА"	"0"	"Всего"	"0"	"Всего"	"0"	"Всего"	"0"	"34 235 669 000 000"
"Инвестиции в основной капитал(Тысяч тенге казахских)"	"2016 год"	"201612"	"ПАВЛОДАРСКАЯ ОБЛАСТЬ"	"0"	"сельская местность"	"0"	"Всего"	"0"	"Всего"	"0"	"188 930 914 000 000"
"Инвестиции в основной капитал(Тысяч тенге казахских)"	"2017 год"	"201712"	"ПАВЛОДАРСКАЯ ОБЛАСТЬ"	"0"	"сельская местность"	"0"	"Всего"	"0"	"Всего"	"0"	"77 389 815 000 000"
"Инвестиции в основной капитал(Тысяч тенге казахских)"	"2018 год"	"201812"	"ПАВЛОДАРСКАЯ ОБЛАСТЬ"	"0"	"сельская местность"	"0"	"Всего"	"0"	"Всего"	"0"	"112 637 425 000 000"
"Инвестиции в основной капитал(Тысяч тенге казахских)"	"2016 год"	"201612"	"ТАЙЫНШИНСКИЙ РАЙОН"	"0"	"сельская местность"	"0"	"Всего"	"0"	"Всего"	"0"	"11 956 299 000 000"
"Инвестиции в основной капитал(Тысяч тенге казахских)"	"2017 год"	"201712"	"ТАЙЫНШИНСКИЙ РАЙОН"	"0"	"сельская местность"	"0"	"Всего"	"0"	"Всего"	"0"	"11 069 528 000 000"
"Инвестиции в основной капитал(Тысяч тенге казахских)"	"2018 год"	"201812"	"ТАЙЫНШИНСКИЙ РАЙОН"	"0"	"сельская местность"	"0"	"Всего"	"0"	"Всего"	"0"	"15 751 486 000 000"
"Инвестиции в основной капитал(Тысяч тенге казахских)"	"2016 год"	"201612"	"СЕВЕРО-КАЗАХСТАНСКАЯ ОБЛАСТЬ"	"0"	"городская местность"	"0"	"Всего"	"0"	"Всего"	"0"	"68 225 889 000 000"
"Инвестиции в основной капитал(Тысяч тенге казахских)"	"2017 год"	"201712"	"СЕВЕРО-КАЗАХСТАНСКАЯ ОБЛАСТЬ"	"0"	"городская местность"	"0"	"Всего"	"0"	"Всего"	"0"	"82 806 141 000 000"
"Инвестиции в основной капитал(Тысяч тенге казахских)"	"2018 год"	"201812"	"СЕВЕРО-КАЗАХСТАНСКАЯ ОБЛАСТЬ"	"0"	"городская местность"	"0"	"Всего"	"0"	"Всего"	"0"	"81 510 807 000 000"
"Инвестиции в основной капитал(Тысяч тенге казахских)"	"2016 год"	"201612"	"КАРКАРАЛИНСКИЙ РАЙОН"	"0"	"городская местность"	"0"	"Всего"	"0"	"Всего"	"0"	"261 084 000 000"
"Инвестиции в основной капитал(Тысяч тенге казахских)"	"2017 год"	"201712"	"КАРКАРАЛИНСКИЙ РАЙОН"	"0"	"городская местность"	"0"	"Всего"	"0"	"Всего"	"0"	"3 425 272 000 000"
"Инвестиции в основной капитал(Тысяч тенге казахских)"	"2018 год"	"201812"	"КАРКАРАЛИНСКИЙ РАЙОН"	"0"	"городская местность"	"0"	"Всего"	"0"	"Всего"	"0"	"3 171 476 000 000"
"Инвестиции в основной капитал(Тысяч тенге казахских)"	"2016 год"	"201612"	"АКТЮБИНСКАЯ ОБЛАСТЬ"	"0"	"городская местность"	"0"	"Всего"	"0"	"Всего"	"0"	"184 106 144 000 000"
"Инвестиции в основной капитал(Тысяч тенге казахских)"	"2017 год"	"201712"	"АКТЮБИНСКАЯ ОБЛАСТЬ"	"0"	"городская местность"	"0"	"Всего"	"0"	"Всего"	"0"	"145 883 296 000 000"
"Инвестиции в основной капитал(Тысяч тенге казахских)"	"2018 год"	"201812"	"АКТЮБИНСКАЯ ОБЛАСТЬ"	"0"	"городская местность"	"0"	"Всего"	"0"	"Всего"	"0"	"194 209 611 000 000"
"Инвестиции в основной капитал(Тысяч тенге казахских)"	"2016 год"	"201612"	"АРАЛЬСКИЙ РАЙОН"	"0"	"сельская местность"	"0"	"Всего"	"0"	"Всего"	"0"	"4 485 270 000 000"
"Инвестиции в основной капитал(Тысяч тенге казахских)"	"2017 год"	"201712"	"АРАЛЬСКИЙ РАЙОН"	"0"	"сельская местность"	"0"	"Всего"	"0"	"Всего"	"0"	"5 362 210 000 000"
"Инвестиции в основной капитал(Тысяч тенге казахских)"	"2018 год"	"201812"	"АРАЛЬСКИЙ РАЙОН"	"0"	"сельская местность"	"0"	"Всего"	"0"	"Всего"	"0"	"23 289 303 000 000"
"Инвестиции в основной капитал(Тысяч тенге казахских)"	"2016 год"	"201612"	"АККАЙЫНСКИЙ РАЙОН"	"0"	"сельская местность"	"0"	"Всего"	"0"	"Всего"	"0"	"8 254 661 000 000"
"Инвестиции в основной капитал(Тысяч тенге казахских)"	"2017 год"	"201712"	"АККАЙЫНСКИЙ РАЙОН"	"0"	"сельская местность"	"0"	"Всего"	"0"	"Всего"	"0"	"6 479 665 000 000"
"Инвестиции в основной капитал(Тысяч тенге казахских)"	"2018 год"	"201812"	"АККАЙЫНСКИЙ РАЙОН"	"0"	"сельская местность"	"0"	"Всего"	"0"	"Всего"	"0"	"9 491 091 000 000"
"Инвестиции в основной капитал(Тысяч тенге казахских)"	"2016 год"	"201612"	"ШЕТСКИЙ РАЙОН"	"0"	"сельская местность"	"0"	"Всего"	"0"	"Всего"	"0"	"8 994 154 000 000"
"Инвестиции в основной капитал(Тысяч тенге казахских)"	"2017 год"	"201712"	"ШЕТСКИЙ РАЙОН"	"0"	"сельская местность"	"0"	"Всего"	"0"	"Всего"	"0"	"20 907 412 000 000"
"Инвестиции в основной капитал(Тысяч тенге казахских)"	"2018 год"	"201812"	"ШЕТСКИЙ РАЙОН"	"0"	"сельская местность"	"0"	"Всего"	"0"	"Всего"	"0"	"15 037 842 000 000"
"Инвестиции в основной капитал(Тысяч тенге казахских)"	"2016 год"	"201612"	"КОСТАНАЙСКАЯ ОБЛАСТЬ"	"0"	"городская местность"	"0"	"Всего"	"0"	"Всего"	"0"	"116 796 733 000 000"
"Инвестиции в основной капитал(Тысяч тенге казахских)"	"2017 год"	"201712"	"КОСТАНАЙСКАЯ ОБЛАСТЬ"	"0"	"городская местность"	"0"	"Всего"	"0"	"Всего"	"0"	"126 594 692 000 000"
"Инвестиции в основной капитал(Тысяч тенге казахских)"	"2018 год"	"201812"	"КОСТАНАЙСКАЯ ОБЛАСТЬ"	"0"	"городская местность"	"0"	"Всего"	"0"	"Всего"	"0"	"164 975 817 000 000"
"Инвестиции в основной капитал(Тысяч тенге казахских)"	"2016 год"	"201612"	"ШУСКИЙ РАЙОН"	"0"	"сельская местность"	"0"	"Всего"	"0"	"Всего"	"0"	"18 634 811 000 000"
"Инвестиции в основной капитал(Тысяч тенге казахских)"	"2017 год"	"201712"	"ШУСКИЙ РАЙОН"	"0"	"сельская местность"	"0"	"Всего"	"0"	"Всего"	"0"	"25 452 689 000 000"
"Инвестиции в основной капитал(Тысяч тенге казахских)"	"2018 год"	"201812"	"ШУСКИЙ РАЙОН"	"0"	"сельская местность"	"0"	"Всего"	"0"	"Всего"	"0"	"16 584 240 000 000"
"Инвестиции в основной капитал(Тысяч тенге казахских)"	"2016 год"	"201612"	"ЖАРКАИНСКИЙ РАЙОН"	"0"	"сельская местность"	"0"	"Всего"	"0"	"Всего"	"0"	"3 884 042 000 000"
"Инвестиции в основной капитал(Тысяч тенге казахских)"	"2017 год"	"201712"	"ЖАРКАИНСКИЙ РАЙОН"	"0"	"сельская местность"	"0"	"Всего"	"0"	"Всего"	"0"	"1 887 004 000 000"
"Инвестиции в основной капитал(Тысяч тенге казахских)"	"2018 год"	"201812"	"ЖАРКАИНСКИЙ РАЙОН"	"0"	"сельская местность"	"0"	"Всего"	"0"	"Всего"	"0"	"2 153 642 000 000"
"Инвестиции в основной капитал(Тысяч тенге казахских)"	"2016 год"	"201612"	"ЕРЕЙМЕНТАУСКИЙ РАЙОН"	"0"	"сельская местность"	"0"	"Всего"	"0"	"Всего"	"0"	"2 357 937 000 000"
"Инвестиции в основной капитал(Тысяч тенге казахских)"	"2017 год"	"201712"	"ЕРЕЙМЕНТАУСКИЙ РАЙОН"	"0"	"сельская местность"	"0"	"Всего"	"0"	"Всего"	"0"	"1 711 292 000 000"
"Инвестиции в основной капитал(Тысяч тенге казахских)"	"2018 год"	"201812"	"ЕРЕЙМЕНТАУСКИЙ РАЙОН"	"0"	"сельская местность"	"0"	"Всего"	"0"	"Всего"	"0"	"3 184 499 000 000"
"Инвестиции в основной капитал(Тысяч тенге казахских)"	"2016 год"	"201612"	"АКТЮБИНСКАЯ ОБЛАСТЬ"	"0"	"сельская местность"	"0"	"Всего"	"0"	"Всего"	"0"	"189 913 534 000 000"
"Инвестиции в основной капитал(Тысяч тенге казахских)"	"2017 год"	"201712"	"АКТЮБИНСКАЯ ОБЛАСТЬ"	"0"	"сельская местность"	"0"	"Всего"	"0"	"Всего"	"0"	"292 165 523 000 000"
"Инвестиции в основной капитал(Тысяч тенге казахских)"	"2018 год"	"201812"	"АКТЮБИНСКАЯ ОБЛАСТЬ"	"0"	"сельская местность"	"0"	"Всего"	"0"	"Всего"	"0"	"322 683 772 000 000"
"Инвестиции в основной капитал(Тысяч тенге казахских)"	"2016 год"	"201612"	"ЖЫЛЫОЙСКИЙ РАЙОН"	"0"	"сельская местность"	"0"	"Всего"	"0"	"Всего"	"0"	"1 036 490 721 000 000"
"Инвестиции в основной капитал(Тысяч тенге казахских)"	"2017 год"	"201712"	"ЖЫЛЫОЙСКИЙ РАЙОН"	"0"	"сельская местность"	"0"	"Всего"	"0"	"Всего"	"0"	"1 705 147 025 000 000"
"Инвестиции в основной капитал(Тысяч тенге казахских)"	"2018 год"	"201812"	"ЖЫЛЫОЙСКИЙ РАЙОН"	"0"	"сельская местность"	"0"	"Всего"	"0"	"Всего"	"0"	"3 191 415 009 000 000"
"Инвестиции в основной капитал(Тысяч тенге казахских)"	"2016 год"	"201612"	"ЮЖНО-КАЗАХСТАНСКАЯ ОБЛАСТЬ"	"0"	"сельская местность"	"0"	"Всего"	"0"	"Всего"	"0"	"170 247 869 000 000"
"Инвестиции в основной капитал(Тысяч тенге казахских)"	"2017 год"	"201712"	"ЮЖНО-КАЗАХСТАНСКАЯ ОБЛАСТЬ"	"0"	"сельская местность"	"0"	"Всего"	"0"	"Всего"	"0"	"214 348 900 000 000"
"Инвестиции в основной капитал(Тысяч тенге казахских)"	"2016 год"	"201612"	"МАНГИСТАУСКИЙ РАЙОН"	"0"	"сельская местность"	"0"	"Всего"	"0"	"Всего"	"0"	"46 845 635 000 000"
"Инвестиции в основной капитал(Тысяч тенге казахских)"	"2017 год"	"201712"	"МАНГИСТАУСКИЙ РАЙОН"	"0"	"сельская местность"	"0"	"Всего"	"0"	"Всего"	"0"	"37 998 352 000 000"
"Инвестиции в основной капитал(Тысяч тенге казахских)"	"2018 год"	"201812"	"МАНГИСТАУСКИЙ РАЙОН"	"0"	"сельская местность"	"0"	"Всего"	"0"	"Всего"	"0"	"52 837 675 000 000"
"Инвестиции в основной капитал(Тысяч тенге казахских)"	"2016 год"	"201612"	"ИЛИЙСКИЙ РАЙОН"	"0"	"сельская местность"	"0"	"Всего"	"0"	"Всего"	"0"	"51 600 710 000 000"
"Инвестиции в основной капитал(Тысяч тенге казахских)"	"2017 год"	"201712"	"ИЛИЙСКИЙ РАЙОН"	"0"	"сельская местность"	"0"	"Всего"	"0"	"Всего"	"0"	"61 220 735 000 000"
"Инвестиции в основной капитал(Тысяч тенге казахских)"	"2018 год"	"201812"	"ИЛИЙСКИЙ РАЙОН"	"0"	"сельская местность"	"0"	"Всего"	"0"	"Всего"	"0"	"72 045 552 000 000"
"Инвестиции в основной капитал(Тысяч тенге казахских)"	"2016 год"	"201612"	"КАРАГАНДИНСКАЯ ОБЛАСТЬ"	"0"	"сельская местность"	"0"	"Всего"	"0"	"Всего"	"0"	"99 307 343 000 000"
"Инвестиции в основной капитал(Тысяч тенге казахских)"	"2017 год"	"201712"	"КАРАГАНДИНСКАЯ ОБЛАСТЬ"	"0"	"сельская местность"	"0"	"Всего"	"0"	"Всего"	"0"	"110 727 520 000 000"
"Инвестиции в основной капитал(Тысяч тенге казахских)"	"2018 год"	"201812"	"КАРАГАНДИНСКАЯ ОБЛАСТЬ"	"0"	"сельская местность"	"0"	"Всего"	"0"	"Всего"	"0"	"101 849 991 000 000"
"Инвестиции в основной капитал(Тысяч тенге казахских)"	"2016 год"	"201612"	"БАЙКОНЫР Г.А."	"0"	"Всего"	"0"	"Всего"	"0"	"Всего"	"0"	"301 765 000 000"
"Инвестиции в основной капитал(Тысяч тенге казахских)"	"2017 год"	"201712"	"БАЙКОНЫР Г.А."	"0"	"Всего"	"0"	"Всего"	"0"	"Всего"	"0"	"38 004 000 000"
"Инвестиции в основной капитал(Тысяч тенге казахских)"	"2018 год"	"201812"	"БАЙКОНЫР Г.А."	"0"	"Всего"	"0"	"Всего"	"0"	"Всего"	"0"	"70 724 000 000"
"Инвестиции в основной капитал(Тысяч тенге казахских)"	"2016 год"	"201612"	"БУРАБАЙСКИЙ РАЙОН"	"0"	"сельская местность"	"0"	"Всего"	"0"	"Всего"	"0"	"8 210 899 000 000"
"Инвестиции в основной капитал(Тысяч тенге казахских)"	"2017 год"	"201712"	"БУРАБАЙСКИЙ РАЙОН"	"0"	"сельская местность"	"0"	"Всего"	"0"	"Всего"	"0"	"15 838 964 000 000"
"Инвестиции в основной капитал(Тысяч тенге казахских)"	"2018 год"	"201812"	"БУРАБАЙСКИЙ РАЙОН"	"0"	"сельская местность"	"0"	"Всего"	"0"	"Всего"	"0"	"11 784 574 000 000"
"Инвестиции в основной капитал(Тысяч тенге казахских)"	"2016 год"	"201612"	"РАЙОН БЕИМБЕТА МАЙЛИНА"	"0"	"сельская местность"	"0"	"Всего"	"0"	"Всего"	"0"	"5 909 589 000 000"
"Инвестиции в основной капитал(Тысяч тенге казахских)"	"2017 год"	"201712"	"РАЙОН БЕИМБЕТА МАЙЛИНА"	"0"	"сельская местность"	"0"	"Всего"	"0"	"Всего"	"0"	"7 418 557 000 000"
"Инвестиции в основной капитал(Тысяч тенге казахских)"	"2018 год"	"201812"	"РАЙОН БЕИМБЕТА МАЙЛИНА"	"0"	"сельская местность"	"0"	"Всего"	"0"	"Всего"	"0"	"9 530 279 000 000"
"Инвестиции в основной капитал(Тысяч тенге казахских)"	"2016 год"	"201612"	"АТЫРАУСКАЯ ОБЛАСТЬ"	"0"	"сельская местность"	"0"	"Всего"	"0"	"Всего"	"0"	"1 167 411 143 000 000"
"Инвестиции в основной капитал(Тысяч тенге казахских)"	"2017 год"	"201712"	"АТЫРАУСКАЯ ОБЛАСТЬ"	"0"	"сельская местность"	"0"	"Всего"	"0"	"Всего"	"0"	"1 989 051 399 000 000"
"Инвестиции в основной капитал(Тысяч тенге казахских)"	"2018 год"	"201812"	"АТЫРАУСКАЯ ОБЛАСТЬ"	"0"	"сельская местность"	"0"	"Всего"	"0"	"Всего"	"0"	"3 415 543 015 000 000"
"Инвестиции в основной капитал(Тысяч тенге казахских)"	"2016 год"	"201612"	"АУЭЗОВСКИЙ РАЙОН"	"0"	"городская местность"	"0"	"Всего"	"0"	"Всего"	"0"	"57 055 656 000 000"
"Инвестиции в основной капитал(Тысяч тенге казахских)"	"2017 год"	"201712"	"АУЭЗОВСКИЙ РАЙОН"	"0"	"городская местность"	"0"	"Всего"	"0"	"Всего"	"0"	"65 039 621 000 000"
"Инвестиции в основной капитал(Тысяч тенге казахских)"	"2018 год"	"201812"	"АУЭЗОВСКИЙ РАЙОН"	"0"	"городская местность"	"0"	"Всего"	"0"	"Всего"	"0"	"69 198 772 000 000"
"Инвестиции в основной капитал(Тысяч тенге казахских)"	"2016 год"	"201612"	"БУРЛИНСКИЙ РАЙОН"	"0"	"сельская местность"	"0"	"Всего"	"0"	"Всего"	"0"	"188 175 787 000 000"
"Инвестиции в основной капитал(Тысяч тенге казахских)"	"2017 год"	"201712"	"БУРЛИНСКИЙ РАЙОН"	"0"	"сельская местность"	"0"	"Всего"	"0"	"Всего"	"0"	"182 269 076 000 000"
"Инвестиции в основной капитал(Тысяч тенге казахских)"	"2018 год"	"201812"	"БУРЛИНСКИЙ РАЙОН"	"0"	"сельская местность"	"0"	"Всего"	"0"	"Всего"	"0"	"180 066 665 000 000"
"Инвестиции в основной капитал(Тысяч тенге казахских)"	"2016 год"	"201612"	"МАКАТСКИЙ РАЙОН"	"0"	"сельская местность"	"0"	"Всего"	"0"	"Всего"	"0"	"10 153 997 000 000"
"Инвестиции в основной капитал(Тысяч тенге казахских)"	"2017 год"	"201712"	"МАКАТСКИЙ РАЙОН"	"0"	"сельская местность"	"0"	"Всего"	"0"	"Всего"	"0"	"8 858 097 000 000"
"Инвестиции в основной капитал(Тысяч тенге казахских)"	"2018 год"	"201812"	"МАКАТСКИЙ РАЙОН"	"0"	"сельская местность"	"0"	"Всего"	"0"	"Всего"	"0"	"9 696 303 000 000"
"Инвестиции в основной капитал(Тысяч тенге казахских)"	"2016 год"	"201612"	"ЭКИБАСТУЗ Г.А."	"0"	"сельская местность"	"0"	"Всего"	"0"	"Всего"	"0"	"135 074 768 000 000"
"Инвестиции в основной капитал(Тысяч тенге казахских)"	"2017 год"	"201712"	"ЭКИБАСТУЗ Г.А."	"0"	"сельская местность"	"0"	"Всего"	"0"	"Всего"	"0"	"6 842 842 000 000"
"Инвестиции в основной капитал(Тысяч тенге казахских)"	"2018 год"	"201812"	"ЭКИБАСТУЗ Г.А."	"0"	"сельская местность"	"0"	"Всего"	"0"	"Всего"	"0"	"20 072 451 000 000"
"Инвестиции в основной капитал(Тысяч тенге казахских)"	"2016 год"	"201612"	"ЖЕЛЕЗИНСКИЙ РАЙОН"	"0"	"сельская местность"	"0"	"Всего"	"0"	"Всего"	"0"	"3 768 969 000 000"
"Инвестиции в основной капитал(Тысяч тенге казахских)"	"2017 год"	"201712"	"ЖЕЛЕЗИНСКИЙ РАЙОН"	"0"	"сельская местность"	"0"	"Всего"	"0"	"Всего"	"0"	"4 149 451 000 000"
"Инвестиции в основной капитал(Тысяч тенге казахских)"	"2018 год"	"201812"	"ЖЕЛЕЗИНСКИЙ РАЙОН"	"0"	"сельская местность"	"0"	"Всего"	"0"	"Всего"	"0"	"4 846 532 000 000"
"Инвестиции в основной капитал(Тысяч тенге казахских)"	"2016 год"	"201612"	"КАРКАРАЛИНСКИЙ РАЙОН"	"0"	"Всего"	"0"	"Всего"	"0"	"Всего"	"0"	"15 965 724 000 000"
"Инвестиции в основной капитал(Тысяч тенге казахских)"	"2017 год"	"201712"	"КАРКАРАЛИНСКИЙ РАЙОН"	"0"	"Всего"	"0"	"Всего"	"0"	"Всего"	"0"	"8 511 420 000 000"
"Инвестиции в основной капитал(Тысяч тенге казахских)"	"2018 год"	"201812"	"КАРКАРАЛИНСКИЙ РАЙОН"	"0"	"Всего"	"0"	"Всего"	"0"	"Всего"	"0"	"6 517 338 000 000"
"Инвестиции в основной капитал(Тысяч тенге казахских)"	"2016 год"	"201612"	"ШАРДАРИНСКИЙ РАЙОН"	"0"	"сельская местность"	"0"	"Всего"	"0"	"Всего"	"0"	"15 144 335 000 000"
"Инвестиции в основной капитал(Тысяч тенге казахских)"	"2017 год"	"201712"	"ШАРДАРИНСКИЙ РАЙОН"	"0"	"сельская местность"	"0"	"Всего"	"0"	"Всего"	"0"	"12 600 532 000 000"
"Инвестиции в основной капитал(Тысяч тенге казахских)"	"2016 год"	"201612"	"САЙРАМСКИЙ РАЙОН"	"0"	"Всего"	"0"	"Всего"	"0"	"Всего"	"0"	"17 722 764 000 000"
"Инвестиции в основной капитал(Тысяч тенге казахских)"	"2017 год"	"201712"	"САЙРАМСКИЙ РАЙОН"	"0"	"Всего"	"0"	"Всего"	"0"	"Всего"	"0"	"20 298 525 000 000"
"Инвестиции в основной капитал(Тысяч тенге казахских)"	"2016 год"	"201612"	"АЙТЕКЕБИЙСКИЙ РАЙОН"	"0"	"Всего"	"0"	"Всего"	"0"	"Всего"	"0"	"5 288 497 000 000"
"Инвестиции в основной капитал(Тысяч тенге казахских)"	"2017 год"	"201712"	"АЙТЕКЕБИЙСКИЙ РАЙОН"	"0"	"Всего"	"0"	"Всего"	"0"	"Всего"	"0"	"4 699 817 000 000"
"Инвестиции в основной капитал(Тысяч тенге казахских)"	"2018 год"	"201812"	"АЙТЕКЕБИЙСКИЙ РАЙОН"	"0"	"Всего"	"0"	"Всего"	"0"	"Всего"	"0"	"5 108 975 000 000"
"Инвестиции в основной капитал(Тысяч тенге казахских)"	"2016 год"	"201612"	"КАРАТАЛЬСКИЙ РАЙОН"	"0"	"Всего"	"0"	"Всего"	"0"	"Всего"	"0"	"5 238 367 000 000"
"Инвестиции в основной капитал(Тысяч тенге казахских)"	"2017 год"	"201712"	"КАРАТАЛЬСКИЙ РАЙОН"	"0"	"Всего"	"0"	"Всего"	"0"	"Всего"	"0"	"6 564 431 000 000"
"Инвестиции в основной капитал(Тысяч тенге казахских)"	"2018 год"	"201812"	"КАРАТАЛЬСКИЙ РАЙОН"	"0"	"Всего"	"0"	"Всего"	"0"	"Всего"	"0"	"6 923 862 000 000"
"Инвестиции в основной капитал(Тысяч тенге казахских)"	"2016 год"	"201612"	"СЕВЕРО-КАЗАХСТАНСКАЯ ОБЛАСТЬ"	"0"	"сельская местность"	"0"	"Всего"	"0"	"Всего"	"0"	"98 840 312 000 000"
"Инвестиции в основной капитал(Тысяч тенге казахских)"	"2017 год"	"201712"	"СЕВЕРО-КАЗАХСТАНСКАЯ ОБЛАСТЬ"	"0"	"сельская местность"	"0"	"Всего"	"0"	"Всего"	"0"	"108 883 336 000 000"
"Инвестиции в основной капитал(Тысяч тенге казахских)"	"2018 год"	"201812"	"СЕВЕРО-КАЗАХСТАНСКАЯ ОБЛАСТЬ"	"0"	"сельская местность"	"0"	"Всего"	"0"	"Всего"	"0"	"132 670 372 000 000"
"Инвестиции в основной капитал(Тысяч тенге казахских)"	"2016 год"	"201612"	"АБАЙСКИЙ РАЙОН"	"0"	"Всего"	"0"	"Всего"	"0"	"Всего"	"0"	"8 653 776 000 000"
"Инвестиции в основной капитал(Тысяч тенге казахских)"	"2017 год"	"201712"	"АБАЙСКИЙ РАЙОН"	"0"	"Всего"	"0"	"Всего"	"0"	"Всего"	"0"	"13 022 667 000 000"
"Инвестиции в основной капитал(Тысяч тенге казахских)"	"2018 год"	"201812"	"АБАЙСКИЙ РАЙОН"	"0"	"Всего"	"0"	"Всего"	"0"	"Всего"	"0"	"17 172 805 000 000"
"Инвестиции в основной капитал(Тысяч тенге казахских)"	"2016 год"	"201612"	"ШЕМОНАИХИНСКИЙ РАЙОН"	"0"	"сельская местность"	"0"	"Всего"	"0"	"Всего"	"0"	"14 777 553 000 000"
"Инвестиции в основной капитал(Тысяч тенге казахских)"	"2017 год"	"201712"	"ШЕМОНАИХИНСКИЙ РАЙОН"	"0"	"сельская местность"	"0"	"Всего"	"0"	"Всего"	"0"	"14 613 070 000 000"
"Инвестиции в основной капитал(Тысяч тенге казахских)"	"2018 год"	"201812"	"ШЕМОНАИХИНСКИЙ РАЙОН"	"0"	"сельская местность"	"0"	"Всего"	"0"	"Всего"	"0"	"16 701 681 000 000"
"Инвестиции в основной капитал(Тысяч тенге казахских)"	"2016 год"	"201612"	"ЕРЕЙМЕНТАУСКИЙ РАЙОН"	"0"	"Всего"	"0"	"Всего"	"0"	"Всего"	"0"	"25 097 661 000 000"
"Инвестиции в основной капитал(Тысяч тенге казахских)"	"2017 год"	"201712"	"ЕРЕЙМЕНТАУСКИЙ РАЙОН"	"0"	"Всего"	"0"	"Всего"	"0"	"Всего"	"0"	"33 983 828 000 000"
"Инвестиции в основной капитал(Тысяч тенге казахских)"	"2018 год"	"201812"	"ЕРЕЙМЕНТАУСКИЙ РАЙОН"	"0"	"Всего"	"0"	"Всего"	"0"	"Всего"	"0"	"10 781 301 000 000"
"Инвестиции в основной капитал(Тысяч тенге казахских)"	"2016 год"	"201612"	"ИРГИЗСКИЙ РАЙОН"	"0"	"сельская местность"	"0"	"Всего"	"0"	"Всего"	"0"	"1 410 961 000 000"
"Инвестиции в основной капитал(Тысяч тенге казахских)"	"2017 год"	"201712"	"ИРГИЗСКИЙ РАЙОН"	"0"	"сельская местность"	"0"	"Всего"	"0"	"Всего"	"0"	"2 405 162 000 000"
"Инвестиции в основной капитал(Тысяч тенге казахских)"	"2018 год"	"201812"	"ИРГИЗСКИЙ РАЙОН"	"0"	"сельская местность"	"0"	"Всего"	"0"	"Всего"	"0"	"3 624 751 000 000"
"Инвестиции в основной капитал(Тысяч тенге казахских)"	"2016 год"	"201612"	"АУЛИЕКОЛЬСКИЙ РАЙОН"	"0"	"сельская местность"	"0"	"Всего"	"0"	"Всего"	"0"	"3 106 564 000 000"
"Инвестиции в основной капитал(Тысяч тенге казахских)"	"2017 год"	"201712"	"АУЛИЕКОЛЬСКИЙ РАЙОН"	"0"	"сельская местность"	"0"	"Всего"	"0"	"Всего"	"0"	"7 187 619 000 000"
"Инвестиции в основной капитал(Тысяч тенге казахских)"	"2018 год"	"201812"	"АУЛИЕКОЛЬСКИЙ РАЙОН"	"0"	"сельская местность"	"0"	"Всего"	"0"	"Всего"	"0"	"7 625 560 000 000"
"Инвестиции в основной капитал(Тысяч тенге казахских)"	"2016 год"	"201612"	"АЛАКОЛЬСКИЙ РАЙОН"	"0"	"Всего"	"0"	"Всего"	"0"	"Всего"	"0"	"17 419 495 000 000"
"Инвестиции в основной капитал(Тысяч тенге казахских)"	"2017 год"	"201712"	"АЛАКОЛЬСКИЙ РАЙОН"	"0"	"Всего"	"0"	"Всего"	"0"	"Всего"	"0"	"18 678 212 000 000"
"Инвестиции в основной капитал(Тысяч тенге казахских)"	"2018 год"	"201812"	"АЛАКОЛЬСКИЙ РАЙОН"	"0"	"Всего"	"0"	"Всего"	"0"	"Всего"	"0"	"23 192 613 000 000"
"Инвестиции в основной капитал(Тысяч тенге казахских)"	"2016 год"	"201612"	"ПАВЛОДАРСКАЯ ОБЛАСТЬ"	"0"	"городская местность"	"0"	"Всего"	"0"	"Всего"	"0"	"250 832 633 000 000"
"Инвестиции в основной капитал(Тысяч тенге казахских)"	"2017 год"	"201712"	"ПАВЛОДАРСКАЯ ОБЛАСТЬ"	"0"	"городская местность"	"0"	"Всего"	"0"	"Всего"	"0"	"406 404 787 000 000"
"Инвестиции в основной капитал(Тысяч тенге казахских)"	"2018 год"	"201812"	"ПАВЛОДАРСКАЯ ОБЛАСТЬ"	"0"	"городская местность"	"0"	"Всего"	"0"	"Всего"	"0"	"299 321 038 000 000"
"Инвестиции в основной капитал(Тысяч тенге казахских)"	"2016 год"	"201612"	"АРКАЛЫК Г.А."	"0"	"Всего"	"0"	"Всего"	"0"	"Всего"	"0"	"4 431 241 000 000"
"Инвестиции в основной капитал(Тысяч тенге казахских)"	"2017 год"	"201712"	"АРКАЛЫК Г.А."	"0"	"Всего"	"0"	"Всего"	"0"	"Всего"	"0"	"3 326 354 000 000"
"Инвестиции в основной капитал(Тысяч тенге казахских)"	"2018 год"	"201812"	"АРКАЛЫК Г.А."	"0"	"Всего"	"0"	"Всего"	"0"	"Всего"	"0"	"4 254 893 000 000"
"Инвестиции в основной капитал(Тысяч тенге казахских)"	"2016 год"	"201612"	"НАУРЗУМСКИЙ РАЙОН"	"0"	"Всего"	"0"	"Всего"	"0"	"Всего"	"0"	"959 754 000 000"
"Инвестиции в основной капитал(Тысяч тенге казахских)"	"2017 год"	"201712"	"НАУРЗУМСКИЙ РАЙОН"	"0"	"Всего"	"0"	"Всего"	"0"	"Всего"	"0"	"1 099 752 000 000"
"Инвестиции в основной капитал(Тысяч тенге казахских)"	"2018 год"	"201812"	"НАУРЗУМСКИЙ РАЙОН"	"0"	"Всего"	"0"	"Всего"	"0"	"Всего"	"0"	"1 294 639 000 000"
"Инвестиции в основной капитал(Тысяч тенге казахских)"	"2016 год"	"201612"	"ЖАЛАГАШСКИЙ РАЙОН"	"0"	"Всего"	"0"	"Всего"	"0"	"Всего"	"0"	"1 865 310 000 000"
"Инвестиции в основной капитал(Тысяч тенге казахских)"	"2017 год"	"201712"	"ЖАЛАГАШСКИЙ РАЙОН"	"0"	"Всего"	"0"	"Всего"	"0"	"Всего"	"0"	"7 502 224 000 000"
"Инвестиции в основной капитал(Тысяч тенге казахских)"	"2018 год"	"201812"	"ЖАЛАГАШСКИЙ РАЙОН"	"0"	"Всего"	"0"	"Всего"	"0"	"Всего"	"0"	"9 983 142 000 000"
"Инвестиции в основной капитал(Тысяч тенге казахских)"	"2016 год"	"201612"	"ЕСИЛЬСКИЙ РАЙОН"	"0"	"Всего"	"0"	"Всего"	"0"	"Всего"	"0"	"7 283 573 000 000"
"Инвестиции в основной капитал(Тысяч тенге казахских)"	"2017 год"	"201712"	"ЕСИЛЬСКИЙ РАЙОН"	"0"	"Всего"	"0"	"Всего"	"0"	"Всего"	"0"	"5 152 523 000 000"
"Инвестиции в основной капитал(Тысяч тенге казахских)"	"2018 год"	"201812"	"ЕСИЛЬСКИЙ РАЙОН"	"0"	"Всего"	"0"	"Всего"	"0"	"Всего"	"0"	"6 508 615 000 000"
"Инвестиции в основной капитал(Тысяч тенге казахских)"	"2016 год"	"201612"	"УРДЖАРСКИЙ РАЙОН"	"0"	"сельская местность"	"0"	"Всего"	"0"	"Всего"	"0"	"4 239 253 000 000"
"Инвестиции в основной капитал(Тысяч тенге казахских)"	"2017 год"	"201712"	"УРДЖАРСКИЙ РАЙОН"	"0"	"сельская местность"	"0"	"Всего"	"0"	"Всего"	"0"	"7 602 957 000 000"
"Инвестиции в основной капитал(Тысяч тенге казахских)"	"2018 год"	"201812"	"УРДЖАРСКИЙ РАЙОН"	"0"	"сельская местность"	"0"	"Всего"	"0"	"Всего"	"0"	"10 253 850 000 000"
"Инвестиции в основной капитал(Тысяч тенге казахских)"	"2016 год"	"201612"	"АЛМАТИНСКАЯ ОБЛАСТЬ"	"0"	"городская местность"	"0"	"Всего"	"0"	"Всего"	"0"	"128 380 724 000 000"
"Инвестиции в основной капитал(Тысяч тенге казахских)"	"2017 год"	"201712"	"АЛМАТИНСКАЯ ОБЛАСТЬ"	"0"	"городская местность"	"0"	"Всего"	"0"	"Всего"	"0"	"150 222 774 000 000"
"Инвестиции в основной капитал(Тысяч тенге казахских)"	"2018 год"	"201812"	"АЛМАТИНСКАЯ ОБЛАСТЬ"	"0"	"городская местность"	"0"	"Всего"	"0"	"Всего"	"0"	"160 897 454 000 000"
"Инвестиции в основной капитал(Тысяч тенге казахских)"	"2016 год"	"201612"	"АУЭЗОВСКИЙ РАЙОН"	"0"	"Всего"	"0"	"Всего"	"0"	"Всего"	"0"	"57 055 656 000 000"
"Инвестиции в основной капитал(Тысяч тенге казахских)"	"2017 год"	"201712"	"АУЭЗОВСКИЙ РАЙОН"	"0"	"Всего"	"0"	"Всего"	"0"	"Всего"	"0"	"65 039 621 000 000"
"Инвестиции в основной капитал(Тысяч тенге казахских)"	"2018 год"	"201812"	"АУЭЗОВСКИЙ РАЙОН"	"0"	"Всего"	"0"	"Всего"	"0"	"Всего"	"0"	"69 198 772 000 000"
"Инвестиции в основной капитал(Тысяч тенге казахских)"	"2016 год"	"201612"	"АЯГОЗСКИЙ РАЙОН"	"0"	"Всего"	"0"	"Всего"	"0"	"Всего"	"0"	"168 438 057 000 000"
"Инвестиции в основной капитал(Тысяч тенге казахских)"	"2017 год"	"201712"	"АЯГОЗСКИЙ РАЙОН"	"0"	"Всего"	"0"	"Всего"	"0"	"Всего"	"0"	"52 214 759 000 000"
"Инвестиции в основной капитал(Тысяч тенге казахских)"	"2018 год"	"201812"	"АЯГОЗСКИЙ РАЙОН"	"0"	"Всего"	"0"	"Всего"	"0"	"Всего"	"0"	"77 400 034 000 000"
"Инвестиции в основной капитал(Тысяч тенге казахских)"	"2016 год"	"201612"	"КЫЗЫЛОРДА Г.А."	"0"	"Всего"	"0"	"Всего"	"0"	"Всего"	"0"	"139 761 386 000 000"
"Инвестиции в основной капитал(Тысяч тенге казахских)"	"2017 год"	"201712"	"КЫЗЫЛОРДА Г.А."	"0"	"Всего"	"0"	"Всего"	"0"	"Всего"	"0"	"103 819 339 000 000"
"Инвестиции в основной капитал(Тысяч тенге казахских)"	"2018 год"	"201812"	"КЫЗЫЛОРДА Г.А."	"0"	"Всего"	"0"	"Всего"	"0"	"Всего"	"0"	"138 005 631 000 000"
"Инвестиции в основной капитал(Тысяч тенге казахских)"	"2016 год"	"201612"	"АРЫСЬ Г.А."	"0"	"сельская местность"	"0"	"Всего"	"0"	"Всего"	"0"	"1 523 513 000 000"
"Инвестиции в основной капитал(Тысяч тенге казахских)"	"2017 год"	"201712"	"АРЫСЬ Г.А."	"0"	"сельская местность"	"0"	"Всего"	"0"	"Всего"	"0"	"377 151 000 000"
"Инвестиции в основной капитал(Тысяч тенге казахских)"	"2016 год"	"201612"	"АКТОГАЙСКИЙ РАЙОН"	"0"	"Всего"	"0"	"Всего"	"0"	"Всего"	"0"	"4 529 216 000 000"
"Инвестиции в основной капитал(Тысяч тенге казахских)"	"2017 год"	"201712"	"АКТОГАЙСКИЙ РАЙОН"	"0"	"Всего"	"0"	"Всего"	"0"	"Всего"	"0"	"6 549 783 000 000"
"Инвестиции в основной капитал(Тысяч тенге казахских)"	"2018 год"	"201812"	"АКТОГАЙСКИЙ РАЙОН"	"0"	"Всего"	"0"	"Всего"	"0"	"Всего"	"0"	"13 786 366 000 000"
"Инвестиции в основной капитал(Тысяч тенге казахских)"	"2016 год"	"201612"	"ШЫМКЕНТ Г.А."	"0"	"Всего"	"0"	"Всего"	"0"	"Всего"	"0"	"158 109 641 000 000"
"Инвестиции в основной капитал(Тысяч тенге казахских)"	"2017 год"	"201712"	"ШЫМКЕНТ Г.А."	"0"	"Всего"	"0"	"Всего"	"0"	"Всего"	"0"	"214 186 018 000 000"
"Инвестиции в основной капитал(Тысяч тенге казахских)"	"2016 год"	"201612"	"КАРМАКШИНСКИЙ РАЙОН"	"0"	"сельская местность"	"0"	"Всего"	"0"	"Всего"	"0"	"13 275 161 000 000"
"Инвестиции в основной капитал(Тысяч тенге казахских)"	"2017 год"	"201712"	"КАРМАКШИНСКИЙ РАЙОН"	"0"	"сельская местность"	"0"	"Всего"	"0"	"Всего"	"0"	"7 551 699 000 000"
"Инвестиции в основной капитал(Тысяч тенге казахских)"	"2018 год"	"201812"	"КАРМАКШИНСКИЙ РАЙОН"	"0"	"сельская местность"	"0"	"Всего"	"0"	"Всего"	"0"	"6 332 640 000 000"
"Инвестиции в основной капитал(Тысяч тенге казахских)"	"2016 год"	"201612"	"ВОСТОЧНО-КАЗАХСТАНСКАЯ ОБЛАСТЬ"	"0"	"городская местность"	"0"	"Всего"	"0"	"Всего"	"0"	"169 751 089 000 000"
"Инвестиции в основной капитал(Тысяч тенге казахских)"	"2017 год"	"201712"	"ВОСТОЧНО-КАЗАХСТАНСКАЯ ОБЛАСТЬ"	"0"	"городская местность"	"0"	"Всего"	"0"	"Всего"	"0"	"236 897 644 000 000"
"Инвестиции в основной капитал(Тысяч тенге казахских)"	"2018 год"	"201812"	"ВОСТОЧНО-КАЗАХСТАНСКАЯ ОБЛАСТЬ"	"0"	"городская местность"	"0"	"Всего"	"0"	"Всего"	"0"	"259 844 209 000 000"
"Инвестиции в основной капитал(Тысяч тенге казахских)"	"2016 год"	"201612"	"КАРАСАЙСКИЙ РАЙОН"	"0"	"Всего"	"0"	"Всего"	"0"	"Всего"	"0"	"99 753 657 000 000"
"Инвестиции в основной капитал(Тысяч тенге казахских)"	"2017 год"	"201712"	"КАРАСАЙСКИЙ РАЙОН"	"0"	"Всего"	"0"	"Всего"	"0"	"Всего"	"0"	"109 769 399 000 000"
"Инвестиции в основной капитал(Тысяч тенге казахских)"	"2018 год"	"201812"	"КАРАСАЙСКИЙ РАЙОН"	"0"	"Всего"	"0"	"Всего"	"0"	"Всего"	"0"	"117 993 857 000 000"
"Инвестиции в основной капитал(Тысяч тенге казахских)"	"2016 год"	"201612"	"КЫЗЫЛОРДИНСКАЯ ОБЛАСТЬ"	"0"	"сельская местность"	"0"	"Всего"	"0"	"Всего"	"0"	"89 614 617 000 000"
"Инвестиции в основной капитал(Тысяч тенге казахских)"	"2017 год"	"201712"	"КЫЗЫЛОРДИНСКАЯ ОБЛАСТЬ"	"0"	"сельская местность"	"0"	"Всего"	"0"	"Всего"	"0"	"152 131 339 000 000"
"Инвестиции в основной капитал(Тысяч тенге казахских)"	"2018 год"	"201812"	"КЫЗЫЛОРДИНСКАЯ ОБЛАСТЬ"	"0"	"сельская местность"	"0"	"Всего"	"0"	"Всего"	"0"	"244 848 596 000 000"
"Инвестиции в основной капитал(Тысяч тенге казахских)"	"2016 год"	"201612"	"ЖАМБЫЛСКАЯ ОБЛАСТЬ"	"0"	"сельская местность"	"0"	"Всего"	"0"	"Всего"	"0"	"116 366 783 000 000"
"Инвестиции в основной капитал(Тысяч тенге казахских)"	"2017 год"	"201712"	"ЖАМБЫЛСКАЯ ОБЛАСТЬ"	"0"	"сельская местность"	"0"	"Всего"	"0"	"Всего"	"0"	"127 000 406 000 000"
"Инвестиции в основной капитал(Тысяч тенге казахских)"	"2018 год"	"201812"	"ЖАМБЫЛСКАЯ ОБЛАСТЬ"	"0"	"сельская местность"	"0"	"Всего"	"0"	"Всего"	"0"	"151 965 588 000 000"
"Инвестиции в основной капитал(Тысяч тенге казахских)"	"2016 год"	"201612"	"СТЕПНОГОРСК Г.А."	"0"	"сельская местность"	"0"	"Всего"	"0"	"Всего"	"0"	"15 119 000 000"
"Инвестиции в основной капитал(Тысяч тенге казахских)"	"2017 год"	"201712"	"СТЕПНОГОРСК Г.А."	"0"	"сельская местность"	"0"	"Всего"	"0"	"Всего"	"0"	"134 792 000 000"
"Инвестиции в основной капитал(Тысяч тенге казахских)"	"2018 год"	"201812"	"СТЕПНОГОРСК Г.А."	"0"	"сельская местность"	"0"	"Всего"	"0"	"Всего"	"0"	"242 596 000 000"
"Инвестиции в основной капитал(Тысяч тенге казахских)"	"2016 год"	"201612"	"МЕРКЕНСКИЙ РАЙОН"	"0"	"Всего"	"0"	"Всего"	"0"	"Всего"	"0"	"5 489 382 000 000"
"Инвестиции в основной капитал(Тысяч тенге казахских)"	"2017 год"	"201712"	"МЕРКЕНСКИЙ РАЙОН"	"0"	"Всего"	"0"	"Всего"	"0"	"Всего"	"0"	"8 579 025 000 000"
"Инвестиции в основной капитал(Тысяч тенге казахских)"	"2018 год"	"201812"	"МЕРКЕНСКИЙ РАЙОН"	"0"	"Всего"	"0"	"Всего"	"0"	"Всего"	"0"	"9 272 420 000 000"
"Инвестиции в основной капитал(Тысяч тенге казахских)"	"2016 год"	"201612"	"ЮЖНО-КАЗАХСТАНСКАЯ ОБЛАСТЬ"	"0"	"городская местность"	"0"	"Всего"	"0"	"Всего"	"0"	"210 322 527 000 000"
"Инвестиции в основной капитал(Тысяч тенге казахских)"	"2017 год"	"201712"	"ЮЖНО-КАЗАХСТАНСКАЯ ОБЛАСТЬ"	"0"	"городская местность"	"0"	"Всего"	"0"	"Всего"	"0"	"271 053 087 000 000"
"Инвестиции в основной капитал(Тысяч тенге казахских)"	"2016 год"	"201612"	"АКТАУ Г.А."	"0"	"Всего"	"0"	"Всего"	"0"	"Всего"	"0"	"104 122 830 000 000"
"Инвестиции в основной капитал(Тысяч тенге казахских)"	"2017 год"	"201712"	"АКТАУ Г.А."	"0"	"Всего"	"0"	"Всего"	"0"	"Всего"	"0"	"87 089 489 000 000"
"Инвестиции в основной капитал(Тысяч тенге казахских)"	"2018 год"	"201812"	"АКТАУ Г.А."	"0"	"Всего"	"0"	"Всего"	"0"	"Всего"	"0"	"134 679 767 000 000"
"Инвестиции в основной капитал(Тысяч тенге казахских)"	"2016 год"	"201612"	"УАЛИХАНОВСКИЙ РАЙОН"	"0"	"Всего"	"0"	"Всего"	"0"	"Всего"	"0"	"3 194 587 000 000"
"Инвестиции в основной капитал(Тысяч тенге казахских)"	"2017 год"	"201712"	"УАЛИХАНОВСКИЙ РАЙОН"	"0"	"Всего"	"0"	"Всего"	"0"	"Всего"	"0"	"3 644 649 000 000"
"Инвестиции в основной капитал(Тысяч тенге казахских)"	"2018 год"	"201812"	"УАЛИХАНОВСКИЙ РАЙОН"	"0"	"Всего"	"0"	"Всего"	"0"	"Всего"	"0"	"5 239 016 000 000"
"Инвестиции в основной капитал(Тысяч тенге казахских)"	"2016 год"	"201612"	"Г.АСТАНА"	"0"	"городская местность"	"0"	"Всего"	"0"	"Всего"	"0"	"858 679 299 000 000"
"Инвестиции в основной капитал(Тысяч тенге казахских)"	"2017 год"	"201712"	"Г.АСТАНА"	"0"	"городская местность"	"0"	"Всего"	"0"	"Всего"	"0"	"956 890 801 000 000"
"Инвестиции в основной капитал(Тысяч тенге казахских)"	"2018 год"	"201812"	"Г.АСТАНА"	"0"	"городская местность"	"0"	"Всего"	"0"	"Всего"	"0"	"1 067 454 961 000 000"
"Инвестиции в основной капитал(Тысяч тенге казахских)"	"2016 год"	"201612"	"УРАЛЬСК Г.А."	"0"	"Всего"	"0"	"Всего"	"0"	"Всего"	"0"	"51 829 647 000 000"
"Инвестиции в основной капитал(Тысяч тенге казахских)"	"2017 год"	"201712"	"УРАЛЬСК Г.А."	"0"	"Всего"	"0"	"Всего"	"0"	"Всего"	"0"	"68 925 908 000 000"
"Инвестиции в основной капитал(Тысяч тенге казахских)"	"2018 год"	"201812"	"УРАЛЬСК Г.А."	"0"	"Всего"	"0"	"Всего"	"0"	"Всего"	"0"	"91 870 857 000 000"
"Инвестиции в основной капитал(Тысяч тенге казахских)"	"2016 год"	"201612"	"ЕГИНДЫКОЛЬСКИЙ РАЙОН"	"0"	"Всего"	"0"	"Всего"	"0"	"Всего"	"0"	"4 695 401 000 000"
"Инвестиции в основной капитал(Тысяч тенге казахских)"	"2017 год"	"201712"	"ЕГИНДЫКОЛЬСКИЙ РАЙОН"	"0"	"Всего"	"0"	"Всего"	"0"	"Всего"	"0"	"2 831 030 000 000"
"Инвестиции в основной капитал(Тысяч тенге казахских)"	"2018 год"	"201812"	"ЕГИНДЫКОЛЬСКИЙ РАЙОН"	"0"	"Всего"	"0"	"Всего"	"0"	"Всего"	"0"	"1 328 366 000 000"
"Инвестиции в основной капитал(Тысяч тенге казахских)"	"2016 год"	"201612"	"ТЕРЕКТИНСКИЙ РАЙОН"	"0"	"Всего"	"0"	"Всего"	"0"	"Всего"	"0"	"3 882 624 000 000"
"Инвестиции в основной капитал(Тысяч тенге казахских)"	"2017 год"	"201712"	"ТЕРЕКТИНСКИЙ РАЙОН"	"0"	"Всего"	"0"	"Всего"	"0"	"Всего"	"0"	"4 828 210 000 000"
"Инвестиции в основной капитал(Тысяч тенге казахских)"	"2018 год"	"201812"	"ТЕРЕКТИНСКИЙ РАЙОН"	"0"	"Всего"	"0"	"Всего"	"0"	"Всего"	"0"	"6 955 668 000 000"
"Инвестиции в основной капитал(Тысяч тенге казахских)"	"2016 год"	"201612"	"ШУСКИЙ РАЙОН"	"0"	"Всего"	"0"	"Всего"	"0"	"Всего"	"0"	"32 465 935 000 000"
"Инвестиции в основной капитал(Тысяч тенге казахских)"	"2017 год"	"201712"	"ШУСКИЙ РАЙОН"	"0"	"Всего"	"0"	"Всего"	"0"	"Всего"	"0"	"38 759 625 000 000"
"Инвестиции в основной капитал(Тысяч тенге казахских)"	"2018 год"	"201812"	"ШУСКИЙ РАЙОН"	"0"	"Всего"	"0"	"Всего"	"0"	"Всего"	"0"	"36 132 560 000 000"
"Инвестиции в основной капитал(Тысяч тенге казахских)"	"2016 год"	"201612"	"Г.АЛМАТЫ"	"0"	"городская местность"	"0"	"Всего"	"0"	"Всего"	"0"	"581 573 746 000 000"
"Инвестиции в основной капитал(Тысяч тенге казахских)"	"2017 год"	"201712"	"Г.АЛМАТЫ"	"0"	"городская местность"	"0"	"Всего"	"0"	"Всего"	"0"	"644 406 465 000 000"
"Инвестиции в основной капитал(Тысяч тенге казахских)"	"2018 год"	"201812"	"Г.АЛМАТЫ"	"0"	"городская местность"	"0"	"Всего"	"0"	"Всего"	"0"	"732 929 517 000 000"
"Инвестиции в основной капитал(Тысяч тенге казахских)"	"2016 год"	"201612"	"АЛГИНСКИЙ РАЙОН"	"0"	"Всего"	"0"	"Всего"	"0"	"Всего"	"0"	"11 213 958 000 000"
"Инвестиции в основной капитал(Тысяч тенге казахских)"	"2017 год"	"201712"	"АЛГИНСКИЙ РАЙОН"	"0"	"Всего"	"0"	"Всего"	"0"	"Всего"	"0"	"7 183 691 000 000"
"Инвестиции в основной капитал(Тысяч тенге казахских)"	"2018 год"	"201812"	"АЛГИНСКИЙ РАЙОН"	"0"	"Всего"	"0"	"Всего"	"0"	"Всего"	"0"	"7 275 081 000 000"
"Инвестиции в основной капитал(Тысяч тенге казахских)"	"2016 год"	"201612"	"ТЮЛЬКУБАССКИЙ РАЙОН"	"0"	"Всего"	"0"	"Всего"	"0"	"Всего"	"0"	"17 209 561 000 000"
"Инвестиции в основной капитал(Тысяч тенге казахских)"	"2017 год"	"201712"	"ТЮЛЬКУБАССКИЙ РАЙОН"	"0"	"Всего"	"0"	"Всего"	"0"	"Всего"	"0"	"18 206 523 000 000"
"Инвестиции в основной капитал(Тысяч тенге казахских)"	"2016 год"	"201612"	"ТИМИРЯЗЕВСКИЙ РАЙОН"	"0"	"Всего"	"0"	"Всего"	"0"	"Всего"	"0"	"2 702 463 000 000"
"Инвестиции в основной капитал(Тысяч тенге казахских)"	"2017 год"	"201712"	"ТИМИРЯЗЕВСКИЙ РАЙОН"	"0"	"Всего"	"0"	"Всего"	"0"	"Всего"	"0"	"3 429 349 000 000"
"Инвестиции в основной капитал(Тысяч тенге казахских)"	"2018 год"	"201812"	"ТИМИРЯЗЕВСКИЙ РАЙОН"	"0"	"Всего"	"0"	"Всего"	"0"	"Всего"	"0"	"3 995 589 000 000"
"Инвестиции в основной капитал(Тысяч тенге казахских)"	"2016 год"	"201612"	"АКСУСКИЙ РАЙОН"	"0"	"Всего"	"0"	"Всего"	"0"	"Всего"	"0"	"1 938 569 000 000"
"Инвестиции в основной капитал(Тысяч тенге казахских)"	"2017 год"	"201712"	"АКСУСКИЙ РАЙОН"	"0"	"Всего"	"0"	"Всего"	"0"	"Всего"	"0"	"3 257 257 000 000"
"Инвестиции в основной капитал(Тысяч тенге казахских)"	"2018 год"	"201812"	"АКСУСКИЙ РАЙОН"	"0"	"Всего"	"0"	"Всего"	"0"	"Всего"	"0"	"12 225 646 000 000"
"Инвестиции в основной капитал(Тысяч тенге казахских)"	"2016 год"	"201612"	"ЦЕЛИНОГРАДСКИЙ РАЙОН"	"0"	"Всего"	"0"	"Всего"	"0"	"Всего"	"0"	"25 138 473 000 000"
"Инвестиции в основной капитал(Тысяч тенге казахских)"	"2017 год"	"201712"	"ЦЕЛИНОГРАДСКИЙ РАЙОН"	"0"	"Всего"	"0"	"Всего"	"0"	"Всего"	"0"	"35 319 901 000 000"
"Инвестиции в основной капитал(Тысяч тенге казахских)"	"2018 год"	"201812"	"ЦЕЛИНОГРАДСКИЙ РАЙОН"	"0"	"Всего"	"0"	"Всего"	"0"	"Всего"	"0"	"40 264 272 000 000"
"Инвестиции в основной капитал(Тысяч тенге казахских)"	"2016 год"	"201612"	"ЖИТИКАРИНСКИЙ РАЙОН"	"0"	"Всего"	"0"	"Всего"	"0"	"Всего"	"0"	"5 875 604 000 000"
"Инвестиции в основной капитал(Тысяч тенге казахских)"	"2017 год"	"201712"	"ЖИТИКАРИНСКИЙ РАЙОН"	"0"	"Всего"	"0"	"Всего"	"0"	"Всего"	"0"	"8 288 200 000 000"
"Инвестиции в основной капитал(Тысяч тенге казахских)"	"2018 год"	"201812"	"ЖИТИКАРИНСКИЙ РАЙОН"	"0"	"Всего"	"0"	"Всего"	"0"	"Всего"	"0"	"10 540 762 000 000"
"Инвестиции в основной капитал(Тысяч тенге казахских)"	"2016 год"	"201612"	"КОСТАНАЙСКАЯ ОБЛАСТЬ"	"0"	"сельская местность"	"0"	"Всего"	"0"	"Всего"	"0"	"61 654 931 000 000"
"Инвестиции в основной капитал(Тысяч тенге казахских)"	"2017 год"	"201712"	"КОСТАНАЙСКАЯ ОБЛАСТЬ"	"0"	"сельская местность"	"0"	"Всего"	"0"	"Всего"	"0"	"75 694 239 000 000"
"Инвестиции в основной капитал(Тысяч тенге казахских)"	"2018 год"	"201812"	"КОСТАНАЙСКАЯ ОБЛАСТЬ"	"0"	"сельская местность"	"0"	"Всего"	"0"	"Всего"	"0"	"84 363 688 000 000"
"Инвестиции в основной капитал(Тысяч тенге казахских)"	"2016 год"	"201612"	"МУНАЙЛИНСКИЙ РАЙОН"	"0"	"Всего"	"0"	"Всего"	"0"	"Всего"	"0"	"19 703 244 000 000"
"Инвестиции в основной капитал(Тысяч тенге казахских)"	"2017 год"	"201712"	"МУНАЙЛИНСКИЙ РАЙОН"	"0"	"Всего"	"0"	"Всего"	"0"	"Всего"	"0"	"16 356 032 000 000"
"Инвестиции в основной капитал(Тысяч тенге казахских)"	"2018 год"	"201812"	"МУНАЙЛИНСКИЙ РАЙОН"	"0"	"Всего"	"0"	"Всего"	"0"	"Всего"	"0"	"20 010 565 000 000"
"Инвестиции в основной капитал(Тысяч тенге казахских)"	"2016 год"	"201612"	"АЛМАТИНСКАЯ ОБЛАСТЬ"	"0"	"сельская местность"	"0"	"Всего"	"0"	"Всего"	"0"	"400 502 147 000 000"
"Инвестиции в основной капитал(Тысяч тенге казахских)"	"2017 год"	"201712"	"АЛМАТИНСКАЯ ОБЛАСТЬ"	"0"	"сельская местность"	"0"	"Всего"	"0"	"Всего"	"0"	"373 994 135 000 000"
"Инвестиции в основной капитал(Тысяч тенге казахских)"	"2018 год"	"201812"	"АЛМАТИНСКАЯ ОБЛАСТЬ"	"0"	"сельская местность"	"0"	"Всего"	"0"	"Всего"	"0"	"417 822 196 000 000"
"Инвестиции в основной капитал(Тысяч тенге казахских)"	"2016 год"	"201612"	"ЗАПАДНО-КАЗАХСТАНСКАЯ ОБЛАСТЬ"	"0"	"городская местность"	"0"	"Всего"	"0"	"Всего"	"0"	"79 839 833 000 000"
"Инвестиции в основной капитал(Тысяч тенге казахских)"	"2017 год"	"201712"	"ЗАПАДНО-КАЗАХСТАНСКАЯ ОБЛАСТЬ"	"0"	"городская местность"	"0"	"Всего"	"0"	"Всего"	"0"	"95 231 858 000 000"
"Инвестиции в основной капитал(Тысяч тенге казахских)"	"2018 год"	"201812"	"ЗАПАДНО-КАЗАХСТАНСКАЯ ОБЛАСТЬ"	"0"	"городская местность"	"0"	"Всего"	"0"	"Всего"	"0"	"117 960 233 000 000"
"Инвестиции в основной капитал(Тысяч тенге казахских)"	"2016 год"	"201612"	"ЗЕРЕНДИНСКИЙ РАЙОН"	"0"	"Всего"	"0"	"Всего"	"0"	"Всего"	"0"	"6 029 088 000 000"
"Инвестиции в основной капитал(Тысяч тенге казахских)"	"2017 год"	"201712"	"ЗЕРЕНДИНСКИЙ РАЙОН"	"0"	"Всего"	"0"	"Всего"	"0"	"Всего"	"0"	"8 436 017 000 000"
"Инвестиции в основной капитал(Тысяч тенге казахских)"	"2018 год"	"201812"	"ЗЕРЕНДИНСКИЙ РАЙОН"	"0"	"Всего"	"0"	"Всего"	"0"	"Всего"	"0"	"17 725 958 000 000"
"Инвестиции в основной капитал(Тысяч тенге казахских)"	"2016 год"	"201612"	"ОСАКАРОВСКИЙ РАЙОН"	"0"	"Всего"	"0"	"Всего"	"0"	"Всего"	"0"	"18 362 944 000 000"
"Инвестиции в основной капитал(Тысяч тенге казахских)"	"2017 год"	"201712"	"ОСАКАРОВСКИЙ РАЙОН"	"0"	"Всего"	"0"	"Всего"	"0"	"Всего"	"0"	"6 823 203 000 000"
"Инвестиции в основной капитал(Тысяч тенге казахских)"	"2018 год"	"201812"	"ОСАКАРОВСКИЙ РАЙОН"	"0"	"Всего"	"0"	"Всего"	"0"	"Всего"	"0"	"5 535 348 000 000"
"Инвестиции в основной капитал(Тысяч тенге казахских)"	"2016 год"	"201612"	"РУДНЫЙ Г.А."	"0"	"городская местность"	"0"	"Всего"	"0"	"Всего"	"0"	"61 785 182 000 000"
"Инвестиции в основной капитал(Тысяч тенге казахских)"	"2017 год"	"201712"	"РУДНЫЙ Г.А."	"0"	"городская местность"	"0"	"Всего"	"0"	"Всего"	"0"	"47 396 136 000 000"
"Инвестиции в основной капитал(Тысяч тенге казахских)"	"2018 год"	"201812"	"РУДНЫЙ Г.А."	"0"	"городская местность"	"0"	"Всего"	"0"	"Всего"	"0"	"54 357 123 000 000"
"Инвестиции в основной капитал(Тысяч тенге казахских)"	"2016 год"	"201612"	"УЛЫТАУСКИЙ РАЙОН"	"0"	"сельская местность"	"0"	"Всего"	"0"	"Всего"	"0"	"7 969 065 000 000"
"Инвестиции в основной капитал(Тысяч тенге казахских)"	"2017 год"	"201712"	"УЛЫТАУСКИЙ РАЙОН"	"0"	"сельская местность"	"0"	"Всего"	"0"	"Всего"	"0"	"2 894 187 000 000"
"Инвестиции в основной капитал(Тысяч тенге казахских)"	"2018 год"	"201812"	"УЛЫТАУСКИЙ РАЙОН"	"0"	"сельская местность"	"0"	"Всего"	"0"	"Всего"	"0"	"3 656 010 000 000"
"Инвестиции в основной капитал(Тысяч тенге казахских)"	"2016 год"	"201612"	"АКМОЛИНСКАЯ ОБЛАСТЬ"	"0"	"городская местность"	"0"	"Всего"	"0"	"Всего"	"0"	"96 582 704 000 000"
"Инвестиции в основной капитал(Тысяч тенге казахских)"	"2017 год"	"201712"	"АКМОЛИНСКАЯ ОБЛАСТЬ"	"0"	"городская местность"	"0"	"Всего"	"0"	"Всего"	"0"	"134 821 483 000 000"
"Инвестиции в основной капитал(Тысяч тенге казахских)"	"2018 год"	"201812"	"АКМОЛИНСКАЯ ОБЛАСТЬ"	"0"	"городская местность"	"0"	"Всего"	"0"	"Всего"	"0"	"120 028 904 000 000"
"Инвестиции в основной капитал(Тысяч тенге казахских)"	"2016 год"	"201612"	"БОСТАНДЫКСКИЙ РАЙОН"	"0"	"городская местность"	"0"	"Всего"	"0"	"Всего"	"0"	"146 348 042 000 000"
"Инвестиции в основной капитал(Тысяч тенге казахских)"	"2017 год"	"201712"	"БОСТАНДЫКСКИЙ РАЙОН"	"0"	"городская местность"	"0"	"Всего"	"0"	"Всего"	"0"	"163 945 270 000 000"
"Инвестиции в основной капитал(Тысяч тенге казахских)"	"2018 год"	"201812"	"БОСТАНДЫКСКИЙ РАЙОН"	"0"	"городская местность"	"0"	"Всего"	"0"	"Всего"	"0"	"182 082 494 000 000"
"Инвестиции в основной капитал(Тысяч тенге казахских)"	"2016 год"	"201612"	"РАЙОН ТЕРЕҢКӨЛ"	"0"	"сельская местность"	"0"	"Всего"	"0"	"Всего"	"0"	"3 013 298 000 000"
"Инвестиции в основной капитал(Тысяч тенге казахских)"	"2017 год"	"201712"	"РАЙОН ТЕРЕҢКӨЛ"	"0"	"сельская местность"	"0"	"Всего"	"0"	"Всего"	"0"	"3 961 283 000 000"
"Инвестиции в основной капитал(Тысяч тенге казахских)"	"2018 год"	"201812"	"РАЙОН ТЕРЕҢКӨЛ"	"0"	"сельская местность"	"0"	"Всего"	"0"	"Всего"	"0"	"6 682 365 000 000"
"Инвестиции в основной капитал(Тысяч тенге казахских)"	"2016 год"	"201612"	"ЖАНИБЕКСКИЙ РАЙОН"	"0"	"сельская местность"	"0"	"Всего"	"0"	"Всего"	"0"	"1 319 193 000 000"
"Инвестиции в основной капитал(Тысяч тенге казахских)"	"2017 год"	"201712"	"ЖАНИБЕКСКИЙ РАЙОН"	"0"	"сельская местность"	"0"	"Всего"	"0"	"Всего"	"0"	"2 888 151 000 000"
"Инвестиции в основной капитал(Тысяч тенге казахских)"	"2018 год"	"201812"	"ЖАНИБЕКСКИЙ РАЙОН"	"0"	"сельская местность"	"0"	"Всего"	"0"	"Всего"	"0"	"2 741 471 000 000"
"Инвестиции в основной капитал(Тысяч тенге казахских)"	"2016 год"	"201612"	"КОКШЕТАУ Г.А."	"0"	"сельская местность"	"0"	"Всего"	"0"	"Всего"	"0"	"433 824 000 000"
"Инвестиции в основной капитал(Тысяч тенге казахских)"	"2017 год"	"201712"	"КОКШЕТАУ Г.А."	"0"	"сельская местность"	"0"	"Всего"	"0"	"Всего"	"0"	"523 747 000 000"
"Инвестиции в основной капитал(Тысяч тенге казахских)"	"2018 год"	"201812"	"КОКШЕТАУ Г.А."	"0"	"сельская местность"	"0"	"Всего"	"0"	"Всего"	"0"	"605 335 000 000"
"Инвестиции в основной капитал(Тысяч тенге казахских)"	"2016 год"	"201612"	"ТАЛГАРСКИЙ РАЙОН"	"0"	"городская местность"	"0"	"Всего"	"0"	"Всего"	"0"	"12 024 806 000 000"
"Инвестиции в основной капитал(Тысяч тенге казахских)"	"2017 год"	"201712"	"ТАЛГАРСКИЙ РАЙОН"	"0"	"городская местность"	"0"	"Всего"	"0"	"Всего"	"0"	"10 682 337 000 000"
"Инвестиции в основной капитал(Тысяч тенге казахских)"	"2018 год"	"201812"	"ТАЛГАРСКИЙ РАЙОН"	"0"	"городская местность"	"0"	"Всего"	"0"	"Всего"	"0"	"15 914 493 000 000"
"Инвестиции в основной капитал(Тысяч тенге казахских)"	"2016 год"	"201612"	"ТУРКСИБСКИЙ РАЙОН"	"0"	"городская местность"	"0"	"Всего"	"0"	"Всего"	"0"	"54 137 401 000 000"
"Инвестиции в основной капитал(Тысяч тенге казахских)"	"2017 год"	"201712"	"ТУРКСИБСКИЙ РАЙОН"	"0"	"городская местность"	"0"	"Всего"	"0"	"Всего"	"0"	"67 212 786 000 000"
"Инвестиции в основной капитал(Тысяч тенге казахских)"	"2018 год"	"201812"	"ТУРКСИБСКИЙ РАЙОН"	"0"	"городская местность"	"0"	"Всего"	"0"	"Всего"	"0"	"52 858 206 000 000"
"Инвестиции в основной капитал(Тысяч тенге казахских)"	"2016 год"	"201612"	"ШАРДАРИНСКИЙ РАЙОН"	"0"	"городская местность"	"0"	"Всего"	"0"	"Всего"	"0"	"12 314 586 000 000"
"Инвестиции в основной капитал(Тысяч тенге казахских)"	"2017 год"	"201712"	"ШАРДАРИНСКИЙ РАЙОН"	"0"	"городская местность"	"0"	"Всего"	"0"	"Всего"	"0"	"16 424 777 000 000"
"Инвестиции в основной капитал(Тысяч тенге казахских)"	"2016 год"	"201612"	"ЖАРКАИНСКИЙ РАЙОН"	"0"	"городская местность"	"0"	"Всего"	"0"	"Всего"	"0"	"2 524 005 000 000"
"Инвестиции в основной капитал(Тысяч тенге казахских)"	"2017 год"	"201712"	"ЖАРКАИНСКИЙ РАЙОН"	"0"	"городская местность"	"0"	"Всего"	"0"	"Всего"	"0"	"5 164 837 000 000"
"Инвестиции в основной капитал(Тысяч тенге казахских)"	"2018 год"	"201812"	"ЖАРКАИНСКИЙ РАЙОН"	"0"	"городская местность"	"0"	"Всего"	"0"	"Всего"	"0"	"2 575 166 000 000"
"Инвестиции в основной капитал(Тысяч тенге казахских)"	"2016 год"	"201612"	"КЫЗЫЛОРДИНСКАЯ ОБЛАСТЬ"	"0"	"городская местность"	"0"	"Всего"	"0"	"Всего"	"0"	"126 305 075 000 000"
"Инвестиции в основной капитал(Тысяч тенге казахских)"	"2017 год"	"201712"	"КЫЗЫЛОРДИНСКАЯ ОБЛАСТЬ"	"0"	"городская местность"	"0"	"Всего"	"0"	"Всего"	"0"	"90 969 127 000 000"
"Инвестиции в основной капитал(Тысяч тенге казахских)"	"2018 год"	"201812"	"КЫЗЫЛОРДИНСКАЯ ОБЛАСТЬ"	"0"	"городская местность"	"0"	"Всего"	"0"	"Всего"	"0"	"87 806 853 000 000"
"Инвестиции в основной капитал(Тысяч тенге казахских)"	"2016 год"	"201612"	"ФЕДОРОВСКИЙ РАЙОН"	"0"	"Всего"	"0"	"Всего"	"0"	"Всего"	"0"	"4 090 360 000 000"
"Инвестиции в основной капитал(Тысяч тенге казахских)"	"2017 год"	"201712"	"ФЕДОРОВСКИЙ РАЙОН"	"0"	"Всего"	"0"	"Всего"	"0"	"Всего"	"0"	"4 647 298 000 000"
"Инвестиции в основной капитал(Тысяч тенге казахских)"	"2018 год"	"201812"	"ФЕДОРОВСКИЙ РАЙОН"	"0"	"Всего"	"0"	"Всего"	"0"	"Всего"	"0"	"5 733 025 000 000"
"Инвестиции в основной капитал(Тысяч тенге казахских)"	"2016 год"	"201612"	"САРКАНСКИЙ РАЙОН"	"0"	"Всего"	"0"	"Всего"	"0"	"Всего"	"0"	"4 202 358 000 000"
"Инвестиции в основной капитал(Тысяч тенге казахских)"	"2017 год"	"201712"	"САРКАНСКИЙ РАЙОН"	"0"	"Всего"	"0"	"Всего"	"0"	"Всего"	"0"	"4 982 358 000 000"
"Инвестиции в основной капитал(Тысяч тенге казахских)"	"2018 год"	"201812"	"САРКАНСКИЙ РАЙОН"	"0"	"Всего"	"0"	"Всего"	"0"	"Всего"	"0"	"7 106 072 000 000"
"Инвестиции в основной капитал(Тысяч тенге казахских)"	"2016 год"	"201612"	"ЖАНГАЛИНСКИЙ РАЙОН"	"0"	"Всего"	"0"	"Всего"	"0"	"Всего"	"0"	"1 720 210 000 000"
"Инвестиции в основной капитал(Тысяч тенге казахских)"	"2017 год"	"201712"	"ЖАНГАЛИНСКИЙ РАЙОН"	"0"	"Всего"	"0"	"Всего"	"0"	"Всего"	"0"	"2 322 052 000 000"
"Инвестиции в основной капитал(Тысяч тенге казахских)"	"2018 год"	"201812"	"ЖАНГАЛИНСКИЙ РАЙОН"	"0"	"Всего"	"0"	"Всего"	"0"	"Всего"	"0"	"6 193 618 000 000"
"Инвестиции в основной капитал(Тысяч тенге казахских)"	"2016 год"	"201612"	"МАРТУКСКИЙ РАЙОН"	"0"	"Всего"	"0"	"Всего"	"0"	"Всего"	"0"	"4 383 667 000 000"
"Инвестиции в основной капитал(Тысяч тенге казахских)"	"2017 год"	"201712"	"МАРТУКСКИЙ РАЙОН"	"0"	"Всего"	"0"	"Всего"	"0"	"Всего"	"0"	"5 002 695 000 000"
"Инвестиции в основной капитал(Тысяч тенге казахских)"	"2018 год"	"201812"	"МАРТУКСКИЙ РАЙОН"	"0"	"Всего"	"0"	"Всего"	"0"	"Всего"	"0"	"6 686 177 000 000"
"Инвестиции в основной капитал(Тысяч тенге казахских)"	"2016 год"	"201612"	"ЖАКСЫНСКИЙ РАЙОН"	"0"	"Всего"	"0"	"Всего"	"0"	"Всего"	"0"	"4 919 340 000 000"
"Инвестиции в основной капитал(Тысяч тенге казахских)"	"2017 год"	"201712"	"ЖАКСЫНСКИЙ РАЙОН"	"0"	"Всего"	"0"	"Всего"	"0"	"Всего"	"0"	"5 701 248 000 000"
"Инвестиции в основной капитал(Тысяч тенге казахских)"	"2018 год"	"201812"	"ЖАКСЫНСКИЙ РАЙОН"	"0"	"Всего"	"0"	"Всего"	"0"	"Всего"	"0"	"8 407 046 000 000"
"Инвестиции в основной капитал(Тысяч тенге казахских)"	"2016 год"	"201612"	"АТЫРАУ Г.А."	"0"	"Всего"	"0"	"Всего"	"0"	"Всего"	"0"	"827 626 321 000 000"
"Инвестиции в основной капитал(Тысяч тенге казахских)"	"2017 год"	"201712"	"АТЫРАУ Г.А."	"0"	"Всего"	"0"	"Всего"	"0"	"Всего"	"0"	"642 991 076 000 000"
"Инвестиции в основной капитал(Тысяч тенге казахских)"	"2018 год"	"201812"	"АТЫРАУ Г.А."	"0"	"Всего"	"0"	"Всего"	"0"	"Всего"	"0"	"415 594 313 000 000"
"Инвестиции в основной капитал(Тысяч тенге казахских)"	"2016 год"	"201612"	"ДЕНИСОВСКИЙ РАЙОН"	"0"	"Всего"	"0"	"Всего"	"0"	"Всего"	"0"	"5 045 831 000 000"
"Инвестиции в основной капитал(Тысяч тенге казахских)"	"2017 год"	"201712"	"ДЕНИСОВСКИЙ РАЙОН"	"0"	"Всего"	"0"	"Всего"	"0"	"Всего"	"0"	"6 870 536 000 000"
"Инвестиции в основной капитал(Тысяч тенге казахских)"	"2018 год"	"201812"	"ДЕНИСОВСКИЙ РАЙОН"	"0"	"Всего"	"0"	"Всего"	"0"	"Всего"	"0"	"6 206 156 000 000"
"Инвестиции в основной капитал(Тысяч тенге казахских)"	"2016 год"	"201612"	"ЗАПАДНО-КАЗАХСТАНСКАЯ ОБЛАСТЬ"	"0"	"сельская местность"	"0"	"Всего"	"0"	"Всего"	"0"	"321 806 299 000 000"
"Инвестиции в основной капитал(Тысяч тенге казахских)"	"2017 год"	"201712"	"ЗАПАДНО-КАЗАХСТАНСКАЯ ОБЛАСТЬ"	"0"	"сельская местность"	"0"	"Всего"	"0"	"Всего"	"0"	"312 357 159 000 000"
"Инвестиции в основной капитал(Тысяч тенге казахских)"	"2018 год"	"201812"	"ЗАПАДНО-КАЗАХСТАНСКАЯ ОБЛАСТЬ"	"0"	"сельская местность"	"0"	"Всего"	"0"	"Всего"	"0"	"332 421 959 000 000"
"Инвестиции в основной капитал(Тысяч тенге казахских)"	"2016 год"	"201612"	"ВОСТОЧНО-КАЗАХСТАНСКАЯ ОБЛАСТЬ"	"0"	"сельская местность"	"0"	"Всего"	"0"	"Всего"	"0"	"266 999 988 000 000"
"Инвестиции в основной капитал(Тысяч тенге казахских)"	"2017 год"	"201712"	"ВОСТОЧНО-КАЗАХСТАНСКАЯ ОБЛАСТЬ"	"0"	"сельская местность"	"0"	"Всего"	"0"	"Всего"	"0"	"199 209 376 000 000"
"Инвестиции в основной капитал(Тысяч тенге казахских)"	"2018 год"	"201812"	"ВОСТОЧНО-КАЗАХСТАНСКАЯ ОБЛАСТЬ"	"0"	"сельская местность"	"0"	"Всего"	"0"	"Всего"	"0"	"234 752 347 000 000"
"Инвестиции в основной капитал(Тысяч тенге казахских)"	"2016 год"	"201612"	"АКМОЛИНСКАЯ ОБЛАСТЬ"	"0"	"сельская местность"	"0"	"Всего"	"0"	"Всего"	"0"	"126 462 733 000 000"
"Инвестиции в основной капитал(Тысяч тенге казахских)"	"2017 год"	"201712"	"АКМОЛИНСКАЯ ОБЛАСТЬ"	"0"	"сельская местность"	"0"	"Всего"	"0"	"Всего"	"0"	"130 070 388 000 000"
"Инвестиции в основной капитал(Тысяч тенге казахских)"	"2018 год"	"201812"	"АКМОЛИНСКАЯ ОБЛАСТЬ"	"0"	"сельская местность"	"0"	"Всего"	"0"	"Всего"	"0"	"158 148 215 000 000"
"Инвестиции в основной капитал(Тысяч тенге казахских)"	"2016 год"	"201612"	"КЕРБУЛАКСКИЙ РАЙОН"	"0"	"Всего"	"0"	"Всего"	"0"	"Всего"	"0"	"4 439 159 000 000"
"Инвестиции в основной капитал(Тысяч тенге казахских)"	"2017 год"	"201712"	"КЕРБУЛАКСКИЙ РАЙОН"	"0"	"Всего"	"0"	"Всего"	"0"	"Всего"	"0"	"4 631 072 000 000"
"Инвестиции в основной капитал(Тысяч тенге казахских)"	"2018 год"	"201812"	"КЕРБУЛАКСКИЙ РАЙОН"	"0"	"Всего"	"0"	"Всего"	"0"	"Всего"	"0"	"10 729 391 000 000"
"Инвестиции в основной капитал(Тысяч тенге казахских)"	"2016 год"	"201612"	"ТАЛАССКИЙ РАЙОН"	"0"	"Всего"	"0"	"Всего"	"0"	"Всего"	"0"	"9 528 776 000 000"
"Инвестиции в основной капитал(Тысяч тенге казахских)"	"2017 год"	"201712"	"ТАЛАССКИЙ РАЙОН"	"0"	"Всего"	"0"	"Всего"	"0"	"Всего"	"0"	"11 174 714 000 000"
"Инвестиции в основной капитал(Тысяч тенге казахских)"	"2018 год"	"201812"	"ТАЛАССКИЙ РАЙОН"	"0"	"Всего"	"0"	"Всего"	"0"	"Всего"	"0"	"15 555 484 000 000"
"Инвестиции в основной капитал(Тысяч тенге казахских)"	"2016 год"	"201612"	"АЛАТАУСКИЙ РАЙОН"	"0"	"Всего"	"0"	"Всего"	"0"	"Всего"	"0"	"68 273 605 000 000"
"Инвестиции в основной капитал(Тысяч тенге казахских)"	"2017 год"	"201712"	"АЛАТАУСКИЙ РАЙОН"	"0"	"Всего"	"0"	"Всего"	"0"	"Всего"	"0"	"67 877 558 000 000"
"Инвестиции в основной капитал(Тысяч тенге казахских)"	"2018 год"	"201812"	"АЛАТАУСКИЙ РАЙОН"	"0"	"Всего"	"0"	"Всего"	"0"	"Всего"	"0"	"91 293 202 000 000"
"Инвестиции в основной капитал(Тысяч тенге казахских)"	"2016 год"	"201612"	"ЖЕТЫСУСКИЙ РАЙОН"	"0"	"Всего"	"0"	"Всего"	"0"	"Всего"	"0"	"50 325 305 000 000"
"Инвестиции в основной капитал(Тысяч тенге казахских)"	"2017 год"	"201712"	"ЖЕТЫСУСКИЙ РАЙОН"	"0"	"Всего"	"0"	"Всего"	"0"	"Всего"	"0"	"42 891 003 000 000"
"Инвестиции в основной капитал(Тысяч тенге казахских)"	"2018 год"	"201812"	"ЖЕТЫСУСКИЙ РАЙОН"	"0"	"Всего"	"0"	"Всего"	"0"	"Всего"	"0"	"46 587 427 000 000"
"Инвестиции в основной капитал(Тысяч тенге казахских)"	"2016 год"	"201612"	"БАЛХАШСКИЙ РАЙОН"	"0"	"Всего"	"0"	"Всего"	"0"	"Всего"	"0"	"1 388 435 000 000"
"Инвестиции в основной капитал(Тысяч тенге казахских)"	"2017 год"	"201712"	"БАЛХАШСКИЙ РАЙОН"	"0"	"Всего"	"0"	"Всего"	"0"	"Всего"	"0"	"2 702 237 000 000"
"Инвестиции в основной капитал(Тысяч тенге казахских)"	"2018 год"	"201812"	"БАЛХАШСКИЙ РАЙОН"	"0"	"Всего"	"0"	"Всего"	"0"	"Всего"	"0"	"5 970 847 000 000"
"Инвестиции в основной капитал(Тысяч тенге казахских)"	"2016 год"	"201612"	"ТУРКЕСТАН Г.А."	"0"	"Всего"	"0"	"Всего"	"0"	"Всего"	"0"	"20 317 125 000 000"
"Инвестиции в основной капитал(Тысяч тенге казахских)"	"2017 год"	"201712"	"ТУРКЕСТАН Г.А."	"0"	"Всего"	"0"	"Всего"	"0"	"Всего"	"0"	"21 719 411 000 000"
"Инвестиции в основной капитал(Тысяч тенге казахских)"	"2016 год"	"201612"	"МАНГИСТАУСКАЯ ОБЛАСТЬ"	"0"	"городская местность"	"0"	"Всего"	"0"	"Всего"	"0"	"122 606 890 000 000"
"Инвестиции в основной капитал(Тысяч тенге казахских)"	"2017 год"	"201712"	"МАНГИСТАУСКАЯ ОБЛАСТЬ"	"0"	"городская местность"	"0"	"Всего"	"0"	"Всего"	"0"	"116 528 797 000 000"
"Инвестиции в основной капитал(Тысяч тенге казахских)"	"2018 год"	"201812"	"МАНГИСТАУСКАЯ ОБЛАСТЬ"	"0"	"городская местность"	"0"	"Всего"	"0"	"Всего"	"0"	"167 635 259 000 000"
"Инвестиции в основной капитал(Тысяч тенге казахских)"	"2016 год"	"201612"	"КОРДАЙСКИЙ РАЙОН"	"0"	"Всего"	"0"	"Всего"	"0"	"Всего"	"0"	"16 896 434 000 000"
"Инвестиции в основной капитал(Тысяч тенге казахских)"	"2017 год"	"201712"	"КОРДАЙСКИЙ РАЙОН"	"0"	"Всего"	"0"	"Всего"	"0"	"Всего"	"0"	"19 548 959 000 000"
"Инвестиции в основной капитал(Тысяч тенге казахских)"	"2018 год"	"201812"	"КОРДАЙСКИЙ РАЙОН"	"0"	"Всего"	"0"	"Всего"	"0"	"Всего"	"0"	"21 622 393 000 000"
"Инвестиции в основной капитал(Тысяч тенге казахских)"	"2016 год"	"201612"	"ЖАМБЫЛСКАЯ ОБЛАСТЬ"	"0"	"городская местность"	"0"	"Всего"	"0"	"Всего"	"0"	"99 539 290 000 000"
"Инвестиции в основной капитал(Тысяч тенге казахских)"	"2017 год"	"201712"	"ЖАМБЫЛСКАЯ ОБЛАСТЬ"	"0"	"городская местность"	"0"	"Всего"	"0"	"Всего"	"0"	"98 862 558 000 000"
"Инвестиции в основной капитал(Тысяч тенге казахских)"	"2018 год"	"201812"	"ЖАМБЫЛСКАЯ ОБЛАСТЬ"	"0"	"городская местность"	"0"	"Всего"	"0"	"Всего"	"0"	"112 554 645 000 000"
"Инвестиции в основной капитал(Тысяч тенге казахских)"	"2016 год"	"201612"	"КАРАГАНДИНСКАЯ ОБЛАСТЬ"	"0"	"городская местность"	"0"	"Всего"	"0"	"Всего"	"0"	"218 263 825 000 000"
"Инвестиции в основной капитал(Тысяч тенге казахских)"	"2017 год"	"201712"	"КАРАГАНДИНСКАЯ ОБЛАСТЬ"	"0"	"городская местность"	"0"	"Всего"	"0"	"Всего"	"0"	"252 539 330 000 000"
"Инвестиции в основной капитал(Тысяч тенге казахских)"	"2018 год"	"201812"	"КАРАГАНДИНСКАЯ ОБЛАСТЬ"	"0"	"городская местность"	"0"	"Всего"	"0"	"Всего"	"0"	"387 179 830 000 000"
"Инвестиции в основной капитал(Тысяч тенге казахских)"	"2016 год"	"201612"	"МАНГИСТАУСКАЯ ОБЛАСТЬ"	"0"	"сельская местность"	"0"	"Всего"	"0"	"Всего"	"0"	"282 996 814 000 000"
"Инвестиции в основной капитал(Тысяч тенге казахских)"	"2017 год"	"201712"	"МАНГИСТАУСКАЯ ОБЛАСТЬ"	"0"	"сельская местность"	"0"	"Всего"	"0"	"Всего"	"0"	"317 916 923 000 000"
"Инвестиции в основной капитал(Тысяч тенге казахских)"	"2018 год"	"201812"	"МАНГИСТАУСКАЯ ОБЛАСТЬ"	"0"	"сельская местность"	"0"	"Всего"	"0"	"Всего"	"0"	"337 013 852 000 000"
"Инвестиции в основной капитал(Тысяч тенге казахских)"	"2016 год"	"201612"	"АТЫРАУСКАЯ ОБЛАСТЬ"	"0"	"городская местность"	"0"	"Всего"	"0"	"Всего"	"0"	"869 441 144 000 000"
"Инвестиции в основной капитал(Тысяч тенге казахских)"	"2017 год"	"201712"	"АТЫРАУСКАЯ ОБЛАСТЬ"	"0"	"городская местность"	"0"	"Всего"	"0"	"Всего"	"0"	"479 518 993 000 000"
"Инвестиции в основной капитал(Тысяч тенге казахских)"	"2018 год"	"201812"	"АТЫРАУСКАЯ ОБЛАСТЬ"	"0"	"городская местность"	"0"	"Всего"	"0"	"Всего"	"0"	"275 858 176 000 000"
"Инвестиции в основной капитал(Тысяч тенге казахских)"	"2016 год"	"201612"	"ШИЕЛИЙСКИЙ РАЙОН"	"0"	"сельская местность"	"0"	"Всего"	"0"	"Всего"	"0"	"10 101 925 000 000"
"Инвестиции в основной капитал(Тысяч тенге казахских)"	"2017 год"	"201712"	"ШИЕЛИЙСКИЙ РАЙОН"	"0"	"сельская местность"	"0"	"Всего"	"0"	"Всего"	"0"	"22 931 209 000 000"
"Инвестиции в основной капитал(Тысяч тенге казахских)"	"2018 год"	"201812"	"ШИЕЛИЙСКИЙ РАЙОН"	"0"	"сельская местность"	"0"	"Всего"	"0"	"Всего"	"0"	"42 136 953 000 000"
"Инвестиции в основной капитал(Тысяч тенге казахских)"	"2016 год"	"201612"	"ПАВЛОДАРСКИЙ РАЙОН"	"0"	"сельская местность"	"0"	"Всего"	"0"	"Всего"	"0"	"9 466 455 000 000"
"Инвестиции в основной капитал(Тысяч тенге казахских)"	"2017 год"	"201712"	"ПАВЛОДАРСКИЙ РАЙОН"	"0"	"сельская местность"	"0"	"Всего"	"0"	"Всего"	"0"	"9 088 576 000 000"
"Инвестиции в основной капитал(Тысяч тенге казахских)"	"2018 год"	"201812"	"ПАВЛОДАРСКИЙ РАЙОН"	"0"	"сельская местность"	"0"	"Всего"	"0"	"Всего"	"0"	"7 982 803 000 000"
"Инвестиции в основной капитал(Тысяч тенге казахских)"	"2016 год"	"201612"	"УСПЕНСКИЙ РАЙОН"	"0"	"сельская местность"	"0"	"Всего"	"0"	"Всего"	"0"	"1 952 808 000 000"
"Инвестиции в основной капитал(Тысяч тенге казахских)"	"2017 год"	"201712"	"УСПЕНСКИЙ РАЙОН"	"0"	"сельская местность"	"0"	"Всего"	"0"	"Всего"	"0"	"4 200 043 000 000"
"Инвестиции в основной капитал(Тысяч тенге казахских)"	"2018 год"	"201812"	"УСПЕНСКИЙ РАЙОН"	"0"	"сельская местность"	"0"	"Всего"	"0"	"Всего"	"0"	"4 852 087 000 000"
"Инвестиции в основной капитал(Тысяч тенге казахских)"	"2016 год"	"201612"	"УРАЛЬСК Г.А."	"0"	"городская местность"	"0"	"Всего"	"0"	"Всего"	"0"	"50 655 660 000 000"
"Инвестиции в основной капитал(Тысяч тенге казахских)"	"2017 год"	"201712"	"УРАЛЬСК Г.А."	"0"	"городская местность"	"0"	"Всего"	"0"	"Всего"	"0"	"67 082 314 000 000"
"Инвестиции в основной капитал(Тысяч тенге казахских)"	"2018 год"	"201812"	"УРАЛЬСК Г.А."	"0"	"городская местность"	"0"	"Всего"	"0"	"Всего"	"0"	"90 870 061 000 000"
"Инвестиции в основной капитал(Тысяч тенге казахских)"	"2016 год"	"201612"	"ТИМИРЯЗЕВСКИЙ РАЙОН"	"0"	"сельская местность"	"0"	"Всего"	"0"	"Всего"	"0"	"2 702 463 000 000"
"Инвестиции в основной капитал(Тысяч тенге казахских)"	"2017 год"	"201712"	"ТИМИРЯЗЕВСКИЙ РАЙОН"	"0"	"сельская местность"	"0"	"Всего"	"0"	"Всего"	"0"	"3 429 349 000 000"
"Инвестиции в основной капитал(Тысяч тенге казахских)"	"2018 год"	"201812"	"ТИМИРЯЗЕВСКИЙ РАЙОН"	"0"	"сельская местность"	"0"	"Всего"	"0"	"Всего"	"0"	"3 995 589 000 000"
"Инвестиции в основной капитал(Тысяч тенге казахских)"	"2016 год"	"201612"	"ЖАНААРКИНСКИЙ РАЙОН"	"0"	"сельская местность"	"0"	"Всего"	"0"	"Всего"	"0"	"6 779 669 000 000"
"Инвестиции в основной капитал(Тысяч тенге казахских)"	"2017 год"	"201712"	"ЖАНААРКИНСКИЙ РАЙОН"	"0"	"сельская местность"	"0"	"Всего"	"0"	"Всего"	"0"	"11 565 840 000 000"
"Инвестиции в основной капитал(Тысяч тенге казахских)"	"2018 год"	"201812"	"ЖАНААРКИНСКИЙ РАЙОН"	"0"	"сельская местность"	"0"	"Всего"	"0"	"Всего"	"0"	"9 648 751 000 000"
"Инвестиции в основной капитал(Тысяч тенге казахских)"	"2016 год"	"201612"	"ЕСИЛЬСКИЙ РАЙОН"	"0"	"городская местность"	"0"	"Всего"	"0"	"Всего"	"0"	"3 458 976 000 000"
"Инвестиции в основной капитал(Тысяч тенге казахских)"	"2017 год"	"201712"	"ЕСИЛЬСКИЙ РАЙОН"	"0"	"городская местность"	"0"	"Всего"	"0"	"Всего"	"0"	"3 405 062 000 000"
"Инвестиции в основной капитал(Тысяч тенге казахских)"	"2018 год"	"201812"	"ЕСИЛЬСКИЙ РАЙОН"	"0"	"городская местность"	"0"	"Всего"	"0"	"Всего"	"0"	"3 362 242 000 000"
"Инвестиции в основной капитал(Тысяч тенге казахских)"	"2016 год"	"201612"	"ШИЕЛИЙСКИЙ РАЙОН"	"0"	"Всего"	"0"	"Всего"	"0"	"Всего"	"0"	"10 101 925 000 000"
"Инвестиции в основной капитал(Тысяч тенге казахских)"	"2017 год"	"201712"	"ШИЕЛИЙСКИЙ РАЙОН"	"0"	"Всего"	"0"	"Всего"	"0"	"Всего"	"0"	"22 931 209 000 000"
"Инвестиции в основной капитал(Тысяч тенге казахских)"	"2018 год"	"201812"	"ШИЕЛИЙСКИЙ РАЙОН"	"0"	"Всего"	"0"	"Всего"	"0"	"Всего"	"0"	"42 136 953 000 000"
"Инвестиции в основной капитал(Тысяч тенге казахских)"	"2016 год"	"201612"	"ТАРБАГАТАЙСКИЙ РАЙОН"	"0"	"Всего"	"0"	"Всего"	"0"	"Всего"	"0"	"3 479 519 000 000"
"Инвестиции в основной капитал(Тысяч тенге казахских)"	"2017 год"	"201712"	"ТАРБАГАТАЙСКИЙ РАЙОН"	"0"	"Всего"	"0"	"Всего"	"0"	"Всего"	"0"	"5 372 785 000 000"
"Инвестиции в основной капитал(Тысяч тенге казахских)"	"2018 год"	"201812"	"ТАРБАГАТАЙСКИЙ РАЙОН"	"0"	"Всего"	"0"	"Всего"	"0"	"Всего"	"0"	"6 756 062 000 000"
"Инвестиции в основной капитал(Тысяч тенге казахских)"	"2016 год"	"201612"	"КАРАГАНДА Г.А."	"0"	"Всего"	"0"	"Всего"	"0"	"Всего"	"0"	"95 298 903 000 000"
"Инвестиции в основной капитал(Тысяч тенге казахских)"	"2017 год"	"201712"	"КАРАГАНДА Г.А."	"0"	"Всего"	"0"	"Всего"	"0"	"Всего"	"0"	"105 736 760 000 000"
"Инвестиции в основной капитал(Тысяч тенге казахских)"	"2018 год"	"201812"	"КАРАГАНДА Г.А."	"0"	"Всего"	"0"	"Всего"	"0"	"Всего"	"0"	"119 737 257 000 000"
"Инвестиции в основной капитал(Тысяч тенге казахских)"	"2016 год"	"201612"	"РУДНЫЙ Г.А."	"0"	"Всего"	"0"	"Всего"	"0"	"Всего"	"0"	"61 919 029 000 000"
"Инвестиции в основной капитал(Тысяч тенге казахских)"	"2017 год"	"201712"	"РУДНЫЙ Г.А."	"0"	"Всего"	"0"	"Всего"	"0"	"Всего"	"0"	"47 399 899 000 000"
"Инвестиции в основной капитал(Тысяч тенге казахских)"	"2018 год"	"201812"	"РУДНЫЙ Г.А."	"0"	"Всего"	"0"	"Всего"	"0"	"Всего"	"0"	"54 357 123 000 000"
"Инвестиции в основной капитал(Тысяч тенге казахских)"	"2016 год"	"201612"	"ПРИОЗЕРСК Г.А."	"0"	"Всего"	"0"	"Всего"	"0"	"Всего"	"0"	"1 232 333 000 000"
"Инвестиции в основной капитал(Тысяч тенге казахских)"	"2017 год"	"201712"	"ПРИОЗЕРСК Г.А."	"0"	"Всего"	"0"	"Всего"	"0"	"Всего"	"0"	"1 415 815 000 000"
"Инвестиции в основной капитал(Тысяч тенге казахских)"	"2018 год"	"201812"	"ПРИОЗЕРСК Г.А."	"0"	"Всего"	"0"	"Всего"	"0"	"Всего"	"0"	"1 243 372 000 000"
"Инвестиции в основной капитал(Тысяч тенге казахских)"	"2016 год"	"201612"	"КЫЗЫЛЖАРСКИЙ РАЙОН"	"0"	"Всего"	"0"	"Всего"	"0"	"Всего"	"0"	"13 368 234 000 000"
"Инвестиции в основной капитал(Тысяч тенге казахских)"	"2017 год"	"201712"	"КЫЗЫЛЖАРСКИЙ РАЙОН"	"0"	"Всего"	"0"	"Всего"	"0"	"Всего"	"0"	"15 218 627 000 000"
"Инвестиции в основной капитал(Тысяч тенге казахских)"	"2018 год"	"201812"	"КЫЗЫЛЖАРСКИЙ РАЙОН"	"0"	"Всего"	"0"	"Всего"	"0"	"Всего"	"0"	"29 437 045 000 000"
"Инвестиции в основной капитал(Тысяч тенге казахских)"	"2016 год"	"201612"	"КОСТАНАЙСКИЙ РАЙОН"	"0"	"Всего"	"0"	"Всего"	"0"	"Всего"	"0"	"9 908 084 000 000"
"Инвестиции в основной капитал(Тысяч тенге казахских)"	"2017 год"	"201712"	"КОСТАНАЙСКИЙ РАЙОН"	"0"	"Всего"	"0"	"Всего"	"0"	"Всего"	"0"	"11 408 191 000 000"
"Инвестиции в основной капитал(Тысяч тенге казахских)"	"2018 год"	"201812"	"КОСТАНАЙСКИЙ РАЙОН"	"0"	"Всего"	"0"	"Всего"	"0"	"Всего"	"0"	"13 268 021 000 000"
"Инвестиции в основной капитал(Тысяч тенге казахских)"	"2016 год"	"201612"	"РАЙОН САРЫАРКА"	"0"	"Всего"	"0"	"Всего"	"0"	"Всего"	"0"	"160 817 199 000 000"
"Инвестиции в основной капитал(Тысяч тенге казахских)"	"2017 год"	"201712"	"РАЙОН САРЫАРКА"	"0"	"Всего"	"0"	"Всего"	"0"	"Всего"	"0"	"173 137 906 000 000"
"Инвестиции в основной капитал(Тысяч тенге казахских)"	"2018 год"	"201812"	"РАЙОН САРЫАРКА"	"0"	"Всего"	"0"	"Всего"	"0"	"Всего"	"0"	"214 802 481 000 000"
"Инвестиции в основной капитал(Тысяч тенге казахских)"	"2016 год"	"201612"	"ТЕКЕЛИ Г.А."	"0"	"Всего"	"0"	"Всего"	"0"	"Всего"	"0"	"4 883 774 000 000"
"Инвестиции в основной капитал(Тысяч тенге казахских)"	"2017 год"	"201712"	"ТЕКЕЛИ Г.А."	"0"	"Всего"	"0"	"Всего"	"0"	"Всего"	"0"	"5 499 817 000 000"
"Инвестиции в основной капитал(Тысяч тенге казахских)"	"2018 год"	"201812"	"ТЕКЕЛИ Г.А."	"0"	"Всего"	"0"	"Всего"	"0"	"Всего"	"0"	"6 520 274 000 000"
"Инвестиции в основной капитал(Тысяч тенге казахских)"	"2016 год"	"201612"	"ЗЕРЕНДИНСКИЙ РАЙОН"	"0"	"сельская местность"	"0"	"Всего"	"0"	"Всего"	"0"	"6 029 088 000 000"
"Инвестиции в основной капитал(Тысяч тенге казахских)"	"2017 год"	"201712"	"ЗЕРЕНДИНСКИЙ РАЙОН"	"0"	"сельская местность"	"0"	"Всего"	"0"	"Всего"	"0"	"8 436 017 000 000"
"Инвестиции в основной капитал(Тысяч тенге казахских)"	"2018 год"	"201812"	"ЗЕРЕНДИНСКИЙ РАЙОН"	"0"	"сельская местность"	"0"	"Всего"	"0"	"Всего"	"0"	"17 725 958 000 000"
"Инвестиции в основной капитал(Тысяч тенге казахских)"	"2016 год"	"201612"	"ТУРКСИБСКИЙ РАЙОН"	"0"	"Всего"	"0"	"Всего"	"0"	"Всего"	"0"	"54 137 401 000 000"
"Инвестиции в основной капитал(Тысяч тенге казахских)"	"2017 год"	"201712"	"ТУРКСИБСКИЙ РАЙОН"	"0"	"Всего"	"0"	"Всего"	"0"	"Всего"	"0"	"67 212 786 000 000"
"Инвестиции в основной капитал(Тысяч тенге казахских)"	"2018 год"	"201812"	"ТУРКСИБСКИЙ РАЙОН"	"0"	"Всего"	"0"	"Всего"	"0"	"Всего"	"0"	"52 858 206 000 000"
"Инвестиции в основной капитал(Тысяч тенге казахских)"	"2016 год"	"201612"	"РАЙОН АҚҚУЛЫ"	"0"	"сельская местность"	"0"	"Всего"	"0"	"Всего"	"0"	"1 456 977 000 000"
"Инвестиции в основной капитал(Тысяч тенге казахских)"	"2017 год"	"201712"	"РАЙОН АҚҚУЛЫ"	"0"	"сельская местность"	"0"	"Всего"	"0"	"Всего"	"0"	"11 627 443 000 000"
"Инвестиции в основной капитал(Тысяч тенге казахских)"	"2018 год"	"201812"	"РАЙОН АҚҚУЛЫ"	"0"	"сельская местность"	"0"	"Всего"	"0"	"Всего"	"0"	"20 129 870 000 000"
"Инвестиции в основной капитал(Тысяч тенге казахских)"	"2016 год"	"201612"	"РАЙОН МАГЖАНА ЖУМАБАЕВА"	"0"	"Всего"	"0"	"Всего"	"0"	"Всего"	"0"	"6 496 864 000 000"
"Инвестиции в основной капитал(Тысяч тенге казахских)"	"2017 год"	"201712"	"РАЙОН МАГЖАНА ЖУМАБАЕВА"	"0"	"Всего"	"0"	"Всего"	"0"	"Всего"	"0"	"7 450 073 000 000"
"Инвестиции в основной капитал(Тысяч тенге казахских)"	"2018 год"	"201812"	"РАЙОН МАГЖАНА ЖУМАБАЕВА"	"0"	"Всего"	"0"	"Всего"	"0"	"Всего"	"0"	"7 817 545 000 000"
"Инвестиции в основной капитал(Тысяч тенге казахских)"	"2016 год"	"201612"	"КЫЗЫЛОРДА Г.А."	"0"	"городская местность"	"0"	"Всего"	"0"	"Всего"	"0"	"124 036 571 000 000"
"Инвестиции в основной капитал(Тысяч тенге казахских)"	"2017 год"	"201712"	"КЫЗЫЛОРДА Г.А."	"0"	"городская местность"	"0"	"Всего"	"0"	"Всего"	"0"	"82 208 677 000 000"
"Инвестиции в основной капитал(Тысяч тенге казахских)"	"2018 год"	"201812"	"КЫЗЫЛОРДА Г.А."	"0"	"городская местность"	"0"	"Всего"	"0"	"Всего"	"0"	"79 542 649 000 000"
"Инвестиции в основной капитал(Тысяч тенге казахских)"	"2016 год"	"201612"	"РАЙОН ТУРАРА РЫСКУЛОВА"	"0"	"сельская местность"	"0"	"Всего"	"0"	"Всего"	"0"	"29 675 842 000 000"
"Инвестиции в основной капитал(Тысяч тенге казахских)"	"2017 год"	"201712"	"РАЙОН ТУРАРА РЫСКУЛОВА"	"0"	"сельская местность"	"0"	"Всего"	"0"	"Всего"	"0"	"5 990 311 000 000"
"Инвестиции в основной капитал(Тысяч тенге казахских)"	"2018 год"	"201812"	"РАЙОН ТУРАРА РЫСКУЛОВА"	"0"	"сельская местность"	"0"	"Всего"	"0"	"Всего"	"0"	"8 685 313 000 000"
"Инвестиции в основной капитал(Тысяч тенге казахских)"	"2016 год"	"201612"	"КАМЫСТИНСКИЙ РАЙОН"	"0"	"сельская местность"	"0"	"Всего"	"0"	"Всего"	"0"	"3 501 978 000 000"
"Инвестиции в основной капитал(Тысяч тенге казахских)"	"2017 год"	"201712"	"КАМЫСТИНСКИЙ РАЙОН"	"0"	"сельская местность"	"0"	"Всего"	"0"	"Всего"	"0"	"4 023 587 000 000"
"Инвестиции в основной капитал(Тысяч тенге казахских)"	"2018 год"	"201812"	"КАМЫСТИНСКИЙ РАЙОН"	"0"	"сельская местность"	"0"	"Всего"	"0"	"Всего"	"0"	"4 565 150 000 000"
"Инвестиции в основной капитал(Тысяч тенге казахских)"	"2016 год"	"201612"	"СЫРЫМСКИЙ РАЙОН"	"0"	"Всего"	"0"	"Всего"	"0"	"Всего"	"0"	"1 530 705 000 000"
"Инвестиции в основной капитал(Тысяч тенге казахских)"	"2017 год"	"201712"	"СЫРЫМСКИЙ РАЙОН"	"0"	"Всего"	"0"	"Всего"	"0"	"Всего"	"0"	"1 896 897 000 000"
"Инвестиции в основной капитал(Тысяч тенге казахских)"	"2018 год"	"201812"	"СЫРЫМСКИЙ РАЙОН"	"0"	"Всего"	"0"	"Всего"	"0"	"Всего"	"0"	"2 252 994 000 000"
"Инвестиции в основной капитал(Тысяч тенге казахских)"	"2016 год"	"201612"	"АРШАЛЫНСКИЙ РАЙОН"	"0"	"сельская местность"	"0"	"Всего"	"0"	"Всего"	"0"	"27 698 889 000 000"
"Инвестиции в основной капитал(Тысяч тенге казахских)"	"2017 год"	"201712"	"АРШАЛЫНСКИЙ РАЙОН"	"0"	"сельская местность"	"0"	"Всего"	"0"	"Всего"	"0"	"18 290 087 000 000"
"Инвестиции в основной капитал(Тысяч тенге казахских)"	"2018 год"	"201812"	"АРШАЛЫНСКИЙ РАЙОН"	"0"	"сельская местность"	"0"	"Всего"	"0"	"Всего"	"0"	"35 137 805 000 000"
"Инвестиции в основной капитал(Тысяч тенге казахских)"	"2016 год"	"201612"	"ЖАНААРКИНСКИЙ РАЙОН"	"0"	"Всего"	"0"	"Всего"	"0"	"Всего"	"0"	"6 779 669 000 000"
"Инвестиции в основной капитал(Тысяч тенге казахских)"	"2017 год"	"201712"	"ЖАНААРКИНСКИЙ РАЙОН"	"0"	"Всего"	"0"	"Всего"	"0"	"Всего"	"0"	"11 565 840 000 000"
"Инвестиции в основной капитал(Тысяч тенге казахских)"	"2018 год"	"201812"	"ЖАНААРКИНСКИЙ РАЙОН"	"0"	"Всего"	"0"	"Всего"	"0"	"Всего"	"0"	"9 648 751 000 000"
"Инвестиции в основной капитал(Тысяч тенге казахских)"	"2016 год"	"201612"	"МАНГИСТАУСКИЙ РАЙОН"	"0"	"Всего"	"0"	"Всего"	"0"	"Всего"	"0"	"46 845 635 000 000"
"Инвестиции в основной капитал(Тысяч тенге казахских)"	"2017 год"	"201712"	"МАНГИСТАУСКИЙ РАЙОН"	"0"	"Всего"	"0"	"Всего"	"0"	"Всего"	"0"	"37 998 352 000 000"
"Инвестиции в основной капитал(Тысяч тенге казахских)"	"2018 год"	"201812"	"МАНГИСТАУСКИЙ РАЙОН"	"0"	"Всего"	"0"	"Всего"	"0"	"Всего"	"0"	"52 837 675 000 000"
"Инвестиции в основной капитал(Тысяч тенге казахских)"	"2016 год"	"201612"	"МАКТААРАЛЬСКИЙ РАЙОН"	"0"	"Всего"	"0"	"Всего"	"0"	"Всего"	"0"	"12 584 862 000 000"
"Инвестиции в основной капитал(Тысяч тенге казахских)"	"2017 год"	"201712"	"МАКТААРАЛЬСКИЙ РАЙОН"	"0"	"Всего"	"0"	"Всего"	"0"	"Всего"	"0"	"13 310 558 000 000"
"Инвестиции в основной капитал(Тысяч тенге казахских)"	"2016 год"	"201612"	"БУЛАНДЫНСКИЙ РАЙОН"	"0"	"Всего"	"0"	"Всего"	"0"	"Всего"	"0"	"6 512 102 000 000"
"Инвестиции в основной капитал(Тысяч тенге казахских)"	"2017 год"	"201712"	"БУЛАНДЫНСКИЙ РАЙОН"	"0"	"Всего"	"0"	"Всего"	"0"	"Всего"	"0"	"6 662 163 000 000"
"Инвестиции в основной капитал(Тысяч тенге казахских)"	"2018 год"	"201812"	"БУЛАНДЫНСКИЙ РАЙОН"	"0"	"Всего"	"0"	"Всего"	"0"	"Всего"	"0"	"21 416 193 000 000"
"Инвестиции в основной капитал(Тысяч тенге казахских)"	"2016 год"	"201612"	"АККОЛЬСКИЙ РАЙОН"	"0"	"Всего"	"0"	"Всего"	"0"	"Всего"	"0"	"9 551 357 000 000"
"Инвестиции в основной капитал(Тысяч тенге казахских)"	"2017 год"	"201712"	"АККОЛЬСКИЙ РАЙОН"	"0"	"Всего"	"0"	"Всего"	"0"	"Всего"	"0"	"8 472 621 000 000"
"Инвестиции в основной капитал(Тысяч тенге казахских)"	"2018 год"	"201812"	"АККОЛЬСКИЙ РАЙОН"	"0"	"Всего"	"0"	"Всего"	"0"	"Всего"	"0"	"4 525 573 000 000"
"Инвестиции в основной капитал(Тысяч тенге казахских)"	"2016 год"	"201612"	"КУРМАНГАЗИНСКИЙ РАЙОН"	"0"	"Всего"	"0"	"Всего"	"0"	"Всего"	"0"	"36 776 596 000 000"
"Инвестиции в основной капитал(Тысяч тенге казахских)"	"2017 год"	"201712"	"КУРМАНГАЗИНСКИЙ РАЙОН"	"0"	"Всего"	"0"	"Всего"	"0"	"Всего"	"0"	"35 200 595 000 000"
"Инвестиции в основной капитал(Тысяч тенге казахских)"	"2018 год"	"201812"	"КУРМАНГАЗИНСКИЙ РАЙОН"	"0"	"Всего"	"0"	"Всего"	"0"	"Всего"	"0"	"9 398 165 000 000"
"Инвестиции в основной капитал(Тысяч тенге казахских)"	"2016 год"	"201612"	"ЭКИБАСТУЗ Г.А."	"0"	"Всего"	"0"	"Всего"	"0"	"Всего"	"0"	"214 442 051 000 000"
"Инвестиции в основной капитал(Тысяч тенге казахских)"	"2017 год"	"201712"	"ЭКИБАСТУЗ Г.А."	"0"	"Всего"	"0"	"Всего"	"0"	"Всего"	"0"	"154 410 369 000 000"
"Инвестиции в основной капитал(Тысяч тенге казахских)"	"2018 год"	"201812"	"ЭКИБАСТУЗ Г.А."	"0"	"Всего"	"0"	"Всего"	"0"	"Всего"	"0"	"108 689 865 000 000"
"Инвестиции в основной капитал(Тысяч тенге казахских)"	"2016 год"	"201612"	"АТБАСАРСКИЙ РАЙОН"	"0"	"сельская местность"	"0"	"Всего"	"0"	"Всего"	"0"	"9 421 182 000 000"
"Инвестиции в основной капитал(Тысяч тенге казахских)"	"2017 год"	"201712"	"АТБАСАРСКИЙ РАЙОН"	"0"	"сельская местность"	"0"	"Всего"	"0"	"Всего"	"0"	"4 138 897 000 000"
"Инвестиции в основной капитал(Тысяч тенге казахских)"	"2018 год"	"201812"	"АТБАСАРСКИЙ РАЙОН"	"0"	"сельская местность"	"0"	"Всего"	"0"	"Всего"	"0"	"3 469 240 000 000"
"Инвестиции в основной капитал(Тысяч тенге казахских)"	"2016 год"	"201612"	"АКЖАРСКИЙ РАЙОН"	"0"	"Всего"	"0"	"Всего"	"0"	"Всего"	"0"	"3 507 108 000 000"
"Инвестиции в основной капитал(Тысяч тенге казахских)"	"2017 год"	"201712"	"АКЖАРСКИЙ РАЙОН"	"0"	"Всего"	"0"	"Всего"	"0"	"Всего"	"0"	"4 079 394 000 000"
"Инвестиции в основной капитал(Тысяч тенге казахских)"	"2018 год"	"201812"	"АКЖАРСКИЙ РАЙОН"	"0"	"Всего"	"0"	"Всего"	"0"	"Всего"	"0"	"5 576 121 000 000"
"Инвестиции в основной капитал(Тысяч тенге казахских)"	"2016 год"	"201612"	"ШАЛКАРСКИЙ РАЙОН"	"0"	"Всего"	"0"	"Всего"	"0"	"Всего"	"0"	"33 533 777 000 000"
"Инвестиции в основной капитал(Тысяч тенге казахских)"	"2017 год"	"201712"	"ШАЛКАРСКИЙ РАЙОН"	"0"	"Всего"	"0"	"Всего"	"0"	"Всего"	"0"	"45 076 219 000 000"
"Инвестиции в основной капитал(Тысяч тенге казахских)"	"2018 год"	"201812"	"ШАЛКАРСКИЙ РАЙОН"	"0"	"Всего"	"0"	"Всего"	"0"	"Всего"	"0"	"25 386 009 000 000"
"Инвестиции в основной капитал(Тысяч тенге казахских)"	"2016 год"	"201612"	"СЕМЕЙ Г.А."	"0"	"сельская местность"	"0"	"Всего"	"0"	"Всего"	"0"	"3 752 311 000 000"
"Инвестиции в основной капитал(Тысяч тенге казахских)"	"2017 год"	"201712"	"СЕМЕЙ Г.А."	"0"	"сельская местность"	"0"	"Всего"	"0"	"Всего"	"0"	"6 127 249 000 000"
"Инвестиции в основной капитал(Тысяч тенге казахских)"	"2018 год"	"201812"	"СЕМЕЙ Г.А."	"0"	"сельская местность"	"0"	"Всего"	"0"	"Всего"	"0"	"5 576 022 000 000"
"Инвестиции в основной капитал(Тысяч тенге казахских)"	"2016 год"	"201612"	"СЫРДАРЬИНСКИЙ РАЙОН"	"0"	"Всего"	"0"	"Всего"	"0"	"Всего"	"0"	"22 409 535 000 000"
"Инвестиции в основной капитал(Тысяч тенге казахских)"	"2017 год"	"201712"	"СЫРДАРЬИНСКИЙ РАЙОН"	"0"	"Всего"	"0"	"Всего"	"0"	"Всего"	"0"	"53 695 782 000 000"
"Инвестиции в основной капитал(Тысяч тенге казахских)"	"2018 год"	"201812"	"СЫРДАРЬИНСКИЙ РАЙОН"	"0"	"Всего"	"0"	"Всего"	"0"	"Всего"	"0"	"40 132 901 000 000"
"Инвестиции в основной капитал(Тысяч тенге казахских)"	"2016 год"	"201612"	"ЕСКЕЛЬДИНСКИЙ РАЙОН"	"0"	"Всего"	"0"	"Всего"	"0"	"Всего"	"0"	"4 282 624 000 000"
"Инвестиции в основной капитал(Тысяч тенге казахских)"	"2017 год"	"201712"	"ЕСКЕЛЬДИНСКИЙ РАЙОН"	"0"	"Всего"	"0"	"Всего"	"0"	"Всего"	"0"	"5 984 787 000 000"
"Инвестиции в основной капитал(Тысяч тенге казахских)"	"2018 год"	"201812"	"ЕСКЕЛЬДИНСКИЙ РАЙОН"	"0"	"Всего"	"0"	"Всего"	"0"	"Всего"	"0"	"8 094 792 000 000"
"Инвестиции в основной капитал(Тысяч тенге казахских)"	"2016 год"	"201612"	"УЗУНКОЛЬСКИЙ РАЙОН"	"0"	"Всего"	"0"	"Всего"	"0"	"Всего"	"0"	"4 465 181 000 000"
"Инвестиции в основной капитал(Тысяч тенге казахских)"	"2017 год"	"201712"	"УЗУНКОЛЬСКИЙ РАЙОН"	"0"	"Всего"	"0"	"Всего"	"0"	"Всего"	"0"	"4 998 149 000 000"
"Инвестиции в основной капитал(Тысяч тенге казахских)"	"2018 год"	"201812"	"УЗУНКОЛЬСКИЙ РАЙОН"	"0"	"Всего"	"0"	"Всего"	"0"	"Всего"	"0"	"5 816 962 000 000"
"Инвестиции в основной капитал(Тысяч тенге казахских)"	"2016 год"	"201612"	"ТАЙЫНШИНСКИЙ РАЙОН"	"0"	"Всего"	"0"	"Всего"	"0"	"Всего"	"0"	"17 771 165 000 000"
"Инвестиции в основной капитал(Тысяч тенге казахских)"	"2017 год"	"201712"	"ТАЙЫНШИНСКИЙ РАЙОН"	"0"	"Всего"	"0"	"Всего"	"0"	"Всего"	"0"	"14 484 643 000 000"
"Инвестиции в основной капитал(Тысяч тенге казахских)"	"2018 год"	"201812"	"ТАЙЫНШИНСКИЙ РАЙОН"	"0"	"Всего"	"0"	"Всего"	"0"	"Всего"	"0"	"17 167 412 000 000"
"Инвестиции в основной капитал(Тысяч тенге казахских)"	"2016 год"	"201612"	"ПАВЛОДАР Г.А."	"0"	"Всего"	"0"	"Всего"	"0"	"Всего"	"0"	"154 497 792 000 000"
"Инвестиции в основной капитал(Тысяч тенге казахских)"	"2017 год"	"201712"	"ПАВЛОДАР Г.А."	"0"	"Всего"	"0"	"Всего"	"0"	"Всего"	"0"	"219 960 279 000 000"
"Инвестиции в основной капитал(Тысяч тенге казахских)"	"2018 год"	"201812"	"ПАВЛОДАР Г.А."	"0"	"Всего"	"0"	"Всего"	"0"	"Всего"	"0"	"136 196 449 000 000"
"Инвестиции в основной капитал(Тысяч тенге казахских)"	"2016 год"	"201612"	"БАЛХАШ Г.А."	"0"	"Всего"	"0"	"Всего"	"0"	"Всего"	"0"	"16 963 390 000 000"
"Инвестиции в основной капитал(Тысяч тенге казахских)"	"2017 год"	"201712"	"БАЛХАШ Г.А."	"0"	"Всего"	"0"	"Всего"	"0"	"Всего"	"0"	"20 300 240 000 000"
"Инвестиции в основной капитал(Тысяч тенге казахских)"	"2018 год"	"201812"	"БАЛХАШ Г.А."	"0"	"Всего"	"0"	"Всего"	"0"	"Всего"	"0"	"31 622 484 000 000"
"Инвестиции в основной капитал(Тысяч тенге казахских)"	"2016 год"	"201612"	"РАЙОН БӘЙТЕРЕК"	"0"	"Всего"	"0"	"Всего"	"0"	"Всего"	"0"	"112 396 684 000 000"
"Инвестиции в основной капитал(Тысяч тенге казахских)"	"2017 год"	"201712"	"РАЙОН БӘЙТЕРЕК"	"0"	"Всего"	"0"	"Всего"	"0"	"Всего"	"0"	"91 550 603 000 000"
"Инвестиции в основной капитал(Тысяч тенге казахских)"	"2018 год"	"201812"	"РАЙОН БӘЙТЕРЕК"	"0"	"Всего"	"0"	"Всего"	"0"	"Всего"	"0"	"104 765 881 000 000"
"Инвестиции в основной капитал(Тысяч тенге казахских)"	"2016 год"	"201612"	"ХРОМТАУСКИЙ РАЙОН"	"0"	"Всего"	"0"	"Всего"	"0"	"Всего"	"0"	"37 355 128 000 000"
"Инвестиции в основной капитал(Тысяч тенге казахских)"	"2017 год"	"201712"	"ХРОМТАУСКИЙ РАЙОН"	"0"	"Всего"	"0"	"Всего"	"0"	"Всего"	"0"	"42 399 685 000 000"
"Инвестиции в основной капитал(Тысяч тенге казахских)"	"2018 год"	"201812"	"ХРОМТАУСКИЙ РАЙОН"	"0"	"Всего"	"0"	"Всего"	"0"	"Всего"	"0"	"70 589 790 000 000"
"Инвестиции в основной капитал(Тысяч тенге казахских)"	"2016 год"	"201612"	"УЛАНСКИЙ РАЙОН"	"0"	"Всего"	"0"	"Всего"	"0"	"Всего"	"0"	"5 147 468 000 000"
"Инвестиции в основной капитал(Тысяч тенге казахских)"	"2017 год"	"201712"	"УЛАНСКИЙ РАЙОН"	"0"	"Всего"	"0"	"Всего"	"0"	"Всего"	"0"	"4 922 231 000 000"
"Инвестиции в основной капитал(Тысяч тенге казахских)"	"2018 год"	"201812"	"УЛАНСКИЙ РАЙОН"	"0"	"Всего"	"0"	"Всего"	"0"	"Всего"	"0"	"5 586 353 000 000"
"Инвестиции в основной капитал(Тысяч тенге казахских)"	"2016 год"	"201612"	"УСПЕНСКИЙ РАЙОН"	"0"	"Всего"	"0"	"Всего"	"0"	"Всего"	"0"	"1 952 808 000 000"
"Инвестиции в основной капитал(Тысяч тенге казахских)"	"2017 год"	"201712"	"УСПЕНСКИЙ РАЙОН"	"0"	"Всего"	"0"	"Всего"	"0"	"Всего"	"0"	"4 200 043 000 000"
"Инвестиции в основной капитал(Тысяч тенге казахских)"	"2018 год"	"201812"	"УСПЕНСКИЙ РАЙОН"	"0"	"Всего"	"0"	"Всего"	"0"	"Всего"	"0"	"4 852 087 000 000"
"Инвестиции в основной капитал(Тысяч тенге казахских)"	"2016 год"	"201612"	"ҚОНАЕВ Г.А."	"0"	"Всего"	"0"	"Всего"	"0"	"Всего"	"0"	"22 606 046 000 000"
"Инвестиции в основной капитал(Тысяч тенге казахских)"	"2017 год"	"201712"	"ҚОНАЕВ Г.А."	"0"	"Всего"	"0"	"Всего"	"0"	"Всего"	"0"	"24 759 139 000 000"
"Инвестиции в основной капитал(Тысяч тенге казахских)"	"2018 год"	"201812"	"ҚОНАЕВ Г.А."	"0"	"Всего"	"0"	"Всего"	"0"	"Всего"	"0"	"28 508 083 000 000"
"Инвестиции в основной капитал(Тысяч тенге казахских)"	"2016 год"	"201612"	"АРЫСЬ Г.А."	"0"	"Всего"	"0"	"Всего"	"0"	"Всего"	"0"	"9 689 309 000 000"
"Инвестиции в основной капитал(Тысяч тенге казахских)"	"2017 год"	"201712"	"АРЫСЬ Г.А."	"0"	"Всего"	"0"	"Всего"	"0"	"Всего"	"0"	"5 319 861 000 000"
"Инвестиции в основной капитал(Тысяч тенге казахских)"	"2016 год"	"201612"	"РАЙОН ШАЛ АКЫНА"	"0"	"Всего"	"0"	"Всего"	"0"	"Всего"	"0"	"4 553 427 000 000"
"Инвестиции в основной капитал(Тысяч тенге казахских)"	"2017 год"	"201712"	"РАЙОН ШАЛ АКЫНА"	"0"	"Всего"	"0"	"Всего"	"0"	"Всего"	"0"	"4 761 214 000 000"
"Инвестиции в основной капитал(Тысяч тенге казахских)"	"2018 год"	"201812"	"РАЙОН ШАЛ АКЫНА"	"0"	"Всего"	"0"	"Всего"	"0"	"Всего"	"0"	"5 031 591 000 000"
"Инвестиции в основной капитал(Тысяч тенге казахских)"	"2016 год"	"201612"	"КОКСУСКИЙ РАЙОН"	"0"	"Всего"	"0"	"Всего"	"0"	"Всего"	"0"	"13 240 764 000 000"
"Инвестиции в основной капитал(Тысяч тенге казахских)"	"2017 год"	"201712"	"КОКСУСКИЙ РАЙОН"	"0"	"Всего"	"0"	"Всего"	"0"	"Всего"	"0"	"23 800 787 000 000"
"Инвестиции в основной капитал(Тысяч тенге казахских)"	"2018 год"	"201812"	"КОКСУСКИЙ РАЙОН"	"0"	"Всего"	"0"	"Всего"	"0"	"Всего"	"0"	"8 404 529 000 000"
"Инвестиции в основной капитал(Тысяч тенге казахских)"	"2016 год"	"201612"	"ТЕМИРСКИЙ РАЙОН"	"0"	"Всего"	"0"	"Всего"	"0"	"Всего"	"0"	"10 674 869 000 000"
"Инвестиции в основной капитал(Тысяч тенге казахских)"	"2017 год"	"201712"	"ТЕМИРСКИЙ РАЙОН"	"0"	"Всего"	"0"	"Всего"	"0"	"Всего"	"0"	"27 819 874 000 000"
"Инвестиции в основной капитал(Тысяч тенге казахских)"	"2018 год"	"201812"	"ТЕМИРСКИЙ РАЙОН"	"0"	"Всего"	"0"	"Всего"	"0"	"Всего"	"0"	"43 878 171 000 000"
"Инвестиции в основной капитал(Тысяч тенге казахских)"	"2016 год"	"201612"	"РАЙОН АҚҚУЛЫ"	"0"	"Всего"	"0"	"Всего"	"0"	"Всего"	"0"	"1 456 977 000 000"
"Инвестиции в основной капитал(Тысяч тенге казахских)"	"2017 год"	"201712"	"РАЙОН АҚҚУЛЫ"	"0"	"Всего"	"0"	"Всего"	"0"	"Всего"	"0"	"11 627 443 000 000"
"Инвестиции в основной капитал(Тысяч тенге казахских)"	"2018 год"	"201812"	"РАЙОН АҚҚУЛЫ"	"0"	"Всего"	"0"	"Всего"	"0"	"Всего"	"0"	"20 129 870 000 000"
"Инвестиции в основной капитал(Тысяч тенге казахских)"	"2016 год"	"201612"	"МОЙЫНКУМСКИЙ РАЙОН"	"0"	"Всего"	"0"	"Всего"	"0"	"Всего"	"0"	"9 677 595 000 000"
"Инвестиции в основной капитал(Тысяч тенге казахских)"	"2017 год"	"201712"	"МОЙЫНКУМСКИЙ РАЙОН"	"0"	"Всего"	"0"	"Всего"	"0"	"Всего"	"0"	"10 051 069 000 000"
"Инвестиции в основной капитал(Тысяч тенге казахских)"	"2018 год"	"201812"	"МОЙЫНКУМСКИЙ РАЙОН"	"0"	"Всего"	"0"	"Всего"	"0"	"Всего"	"0"	"14 561 146 000 000"
"Инвестиции в основной капитал(Тысяч тенге казахских)"	"2016 год"	"201612"	"КАРАТОБИНСКИЙ РАЙОН"	"0"	"Всего"	"0"	"Всего"	"0"	"Всего"	"0"	"315 907 000 000"
"Инвестиции в основной капитал(Тысяч тенге казахских)"	"2017 год"	"201712"	"КАРАТОБИНСКИЙ РАЙОН"	"0"	"Всего"	"0"	"Всего"	"0"	"Всего"	"0"	"1 218 118 000 000"
"Инвестиции в основной капитал(Тысяч тенге казахских)"	"2018 год"	"201812"	"КАРАТОБИНСКИЙ РАЙОН"	"0"	"Всего"	"0"	"Всего"	"0"	"Всего"	"0"	"988 690 000 000"
"Инвестиции в основной капитал(Тысяч тенге казахских)"	"2016 год"	"201612"	"БАЙГАНИНСКИЙ РАЙОН"	"0"	"Всего"	"0"	"Всего"	"0"	"Всего"	"0"	"43 733 424 000 000"
"Инвестиции в основной капитал(Тысяч тенге казахских)"	"2017 год"	"201712"	"БАЙГАНИНСКИЙ РАЙОН"	"0"	"Всего"	"0"	"Всего"	"0"	"Всего"	"0"	"58 659 413 000 000"
"Инвестиции в основной капитал(Тысяч тенге казахских)"	"2018 год"	"201812"	"БАЙГАНИНСКИЙ РАЙОН"	"0"	"Всего"	"0"	"Всего"	"0"	"Всего"	"0"	"97 338 492 000 000"
"Инвестиции в основной капитал(Тысяч тенге казахских)"	"2016 год"	"201612"	"КОРГАЛЖЫНСКИЙ РАЙОН"	"0"	"Всего"	"0"	"Всего"	"0"	"Всего"	"0"	"2 387 462 000 000"
"Инвестиции в основной капитал(Тысяч тенге казахских)"	"2017 год"	"201712"	"КОРГАЛЖЫНСКИЙ РАЙОН"	"0"	"Всего"	"0"	"Всего"	"0"	"Всего"	"0"	"2 150 651 000 000"
"Инвестиции в основной капитал(Тысяч тенге казахских)"	"2018 год"	"201812"	"КОРГАЛЖЫНСКИЙ РАЙОН"	"0"	"Всего"	"0"	"Всего"	"0"	"Всего"	"0"	"2 317 041 000 000"
"Инвестиции в основной капитал(Тысяч тенге казахских)"	"2016 год"	"201612"	"САРЫАГАШСКИЙ РАЙОН"	"0"	"Всего"	"0"	"Всего"	"0"	"Всего"	"0"	"22 293 892 000 000"
"Инвестиции в основной капитал(Тысяч тенге казахских)"	"2017 год"	"201712"	"САРЫАГАШСКИЙ РАЙОН"	"0"	"Всего"	"0"	"Всего"	"0"	"Всего"	"0"	"28 966 189 000 000"
"Инвестиции в основной капитал(Тысяч тенге казахских)"	"2016 год"	"201612"	"АРШАЛЫНСКИЙ РАЙОН"	"0"	"Всего"	"0"	"Всего"	"0"	"Всего"	"0"	"27 698 889 000 000"
"Инвестиции в основной капитал(Тысяч тенге казахских)"	"2017 год"	"201712"	"АРШАЛЫНСКИЙ РАЙОН"	"0"	"Всего"	"0"	"Всего"	"0"	"Всего"	"0"	"18 290 087 000 000"
"Инвестиции в основной капитал(Тысяч тенге казахских)"	"2018 год"	"201812"	"АРШАЛЫНСКИЙ РАЙОН"	"0"	"Всего"	"0"	"Всего"	"0"	"Всего"	"0"	"35 137 805 000 000"
"Инвестиции в основной капитал(Тысяч тенге казахских)"	"2016 год"	"201612"	"ГЛУБОКОВСКИЙ РАЙОН"	"0"	"Всего"	"0"	"Всего"	"0"	"Всего"	"0"	"15 204 391 000 000"
"Инвестиции в основной капитал(Тысяч тенге казахских)"	"2017 год"	"201712"	"ГЛУБОКОВСКИЙ РАЙОН"	"0"	"Всего"	"0"	"Всего"	"0"	"Всего"	"0"	"11 921 738 000 000"
"Инвестиции в основной капитал(Тысяч тенге казахских)"	"2018 год"	"201812"	"ГЛУБОКОВСКИЙ РАЙОН"	"0"	"Всего"	"0"	"Всего"	"0"	"Всего"	"0"	"14 822 903 000 000"
"Инвестиции в основной капитал(Тысяч тенге казахских)"	"2016 год"	"201612"	"САНДЫКТАУСКИЙ РАЙОН"	"0"	"Всего"	"0"	"Всего"	"0"	"Всего"	"0"	"4 215 830 000 000"
"Инвестиции в основной капитал(Тысяч тенге казахских)"	"2017 год"	"201712"	"САНДЫКТАУСКИЙ РАЙОН"	"0"	"Всего"	"0"	"Всего"	"0"	"Всего"	"0"	"3 931 714 000 000"
"Инвестиции в основной капитал(Тысяч тенге казахских)"	"2018 год"	"201812"	"САНДЫКТАУСКИЙ РАЙОН"	"0"	"Всего"	"0"	"Всего"	"0"	"Всего"	"0"	"6 463 570 000 000"
"Инвестиции в основной капитал(Тысяч тенге казахских)"	"2016 год"	"201612"	"РАЙОН БИРЖАН САЛ"	"0"	"Всего"	"0"	"Всего"	"0"	"Всего"	"0"	"6 089 260 000 000"
"Инвестиции в основной капитал(Тысяч тенге казахских)"	"2017 год"	"201712"	"РАЙОН БИРЖАН САЛ"	"0"	"Всего"	"0"	"Всего"	"0"	"Всего"	"0"	"7 747 300 000 000"
"Инвестиции в основной капитал(Тысяч тенге казахских)"	"2018 год"	"201812"	"РАЙОН БИРЖАН САЛ"	"0"	"Всего"	"0"	"Всего"	"0"	"Всего"	"0"	"4 277 302 000 000"
"Инвестиции в основной капитал(Тысяч тенге казахских)"	"2016 год"	"201612"	"АУЛИЕКОЛЬСКИЙ РАЙОН"	"0"	"Всего"	"0"	"Всего"	"0"	"Всего"	"0"	"3 106 564 000 000"
"Инвестиции в основной капитал(Тысяч тенге казахских)"	"2017 год"	"201712"	"АУЛИЕКОЛЬСКИЙ РАЙОН"	"0"	"Всего"	"0"	"Всего"	"0"	"Всего"	"0"	"7 187 619 000 000"
"Инвестиции в основной капитал(Тысяч тенге казахских)"	"2018 год"	"201812"	"АУЛИЕКОЛЬСКИЙ РАЙОН"	"0"	"Всего"	"0"	"Всего"	"0"	"Всего"	"0"	"7 625 560 000 000"
"Инвестиции в основной капитал(Тысяч тенге казахских)"	"2016 год"	"201612"	"РАЙОН МАГЖАНА ЖУМАБАЕВА"	"0"	"городская местность"	"0"	"Всего"	"0"	"Всего"	"0"	"3 569 074 000 000"
"Инвестиции в основной капитал(Тысяч тенге казахских)"	"2017 год"	"201712"	"РАЙОН МАГЖАНА ЖУМАБАЕВА"	"0"	"городская местность"	"0"	"Всего"	"0"	"Всего"	"0"	"3 842 731 000 000"
"Инвестиции в основной капитал(Тысяч тенге казахских)"	"2018 год"	"201812"	"РАЙОН МАГЖАНА ЖУМАБАЕВА"	"0"	"городская местность"	"0"	"Всего"	"0"	"Всего"	"0"	"3 441 178 000 000"
"Инвестиции в основной капитал(Тысяч тенге казахских)"	"2016 год"	"201612"	"УСТЬ-КАМЕНОГОРСК Г.А."	"0"	"городская местность"	"0"	"Всего"	"0"	"Всего"	"0"	"79 865 920 000 000"
"Инвестиции в основной капитал(Тысяч тенге казахских)"	"2017 год"	"201712"	"УСТЬ-КАМЕНОГОРСК Г.А."	"0"	"городская местность"	"0"	"Всего"	"0"	"Всего"	"0"	"115 085 756 000 000"
"Инвестиции в основной капитал(Тысяч тенге казахских)"	"2018 год"	"201812"	"УСТЬ-КАМЕНОГОРСК Г.А."	"0"	"городская местность"	"0"	"Всего"	"0"	"Всего"	"0"	"132 829 542 000 000"
"Инвестиции в основной капитал(Тысяч тенге казахских)"	"2016 год"	"201612"	"АКТОБЕ Г.А."	"0"	"городская местность"	"0"	"Всего"	"0"	"Всего"	"0"	"146 224 960 000 000"
"Инвестиции в основной капитал(Тысяч тенге казахских)"	"2017 год"	"201712"	"АКТОБЕ Г.А."	"0"	"городская местность"	"0"	"Всего"	"0"	"Всего"	"0"	"127 999 754 000 000"
"Инвестиции в основной капитал(Тысяч тенге казахских)"	"2018 год"	"201812"	"АКТОБЕ Г.А."	"0"	"городская местность"	"0"	"Всего"	"0"	"Всего"	"0"	"168 957 635 000 000"
"Инвестиции в основной капитал(Тысяч тенге казахских)"	"2016 год"	"201612"	"ШУСКИЙ РАЙОН"	"0"	"городская местность"	"0"	"Всего"	"0"	"Всего"	"0"	"13 831 124 000 000"
"Инвестиции в основной капитал(Тысяч тенге казахских)"	"2017 год"	"201712"	"ШУСКИЙ РАЙОН"	"0"	"городская местность"	"0"	"Всего"	"0"	"Всего"	"0"	"13 306 936 000 000"
"Инвестиции в основной капитал(Тысяч тенге казахских)"	"2018 год"	"201812"	"ШУСКИЙ РАЙОН"	"0"	"городская местность"	"0"	"Всего"	"0"	"Всего"	"0"	"19 548 320 000 000"
"Инвестиции в основной капитал(Тысяч тенге казахских)"	"2016 год"	"201612"	"ТАЛАССКИЙ РАЙОН"	"0"	"сельская местность"	"0"	"Всего"	"0"	"Всего"	"0"	"4 337 985 000 000"
"Инвестиции в основной капитал(Тысяч тенге казахских)"	"2017 год"	"201712"	"ТАЛАССКИЙ РАЙОН"	"0"	"сельская местность"	"0"	"Всего"	"0"	"Всего"	"0"	"5 998 028 000 000"
"Инвестиции в основной капитал(Тысяч тенге казахских)"	"2018 год"	"201812"	"ТАЛАССКИЙ РАЙОН"	"0"	"сельская местность"	"0"	"Всего"	"0"	"Всего"	"0"	"5 907 794 000 000"
"Инвестиции в основной капитал(Тысяч тенге казахских)"	"2016 год"	"201612"	"САРАНЬ Г.А."	"0"	"городская местность"	"0"	"Всего"	"0"	"Всего"	"0"	"4 301 515 000 000"
"Инвестиции в основной капитал(Тысяч тенге казахских)"	"2017 год"	"201712"	"САРАНЬ Г.А."	"0"	"городская местность"	"0"	"Всего"	"0"	"Всего"	"0"	"7 549 961 000 000"
"Инвестиции в основной капитал(Тысяч тенге казахских)"	"2018 год"	"201812"	"САРАНЬ Г.А."	"0"	"городская местность"	"0"	"Всего"	"0"	"Всего"	"0"	"41 037 455 000 000"
"Инвестиции в основной капитал(Тысяч тенге казахских)"	"2016 год"	"201612"	"АЛМАЛИНСКИЙ РАЙОН"	"0"	"городская местность"	"0"	"Всего"	"0"	"Всего"	"0"	"63 502 563 000 000"
"Инвестиции в основной капитал(Тысяч тенге казахских)"	"2017 год"	"201712"	"АЛМАЛИНСКИЙ РАЙОН"	"0"	"городская местность"	"0"	"Всего"	"0"	"Всего"	"0"	"89 389 074 000 000"
"Инвестиции в основной капитал(Тысяч тенге казахских)"	"2018 год"	"201812"	"АЛМАЛИНСКИЙ РАЙОН"	"0"	"городская местность"	"0"	"Всего"	"0"	"Всего"	"0"	"91 106 404 000 000"
"Инвестиции в основной капитал(Тысяч тенге казахских)"	"2016 год"	"201612"	"АТБАСАРСКИЙ РАЙОН"	"0"	"городская местность"	"0"	"Всего"	"0"	"Всего"	"0"	"3 076 713 000 000"
"Инвестиции в основной капитал(Тысяч тенге казахских)"	"2017 год"	"201712"	"АТБАСАРСКИЙ РАЙОН"	"0"	"городская местность"	"0"	"Всего"	"0"	"Всего"	"0"	"5 504 989 000 000"
"Инвестиции в основной капитал(Тысяч тенге казахских)"	"2018 год"	"201812"	"АТБАСАРСКИЙ РАЙОН"	"0"	"городская местность"	"0"	"Всего"	"0"	"Всего"	"0"	"4 152 470 000 000"
"Инвестиции в основной капитал(Тысяч тенге казахских)"	"2016 год"	"201612"	"БУЛАНДЫНСКИЙ РАЙОН"	"0"	"городская местность"	"0"	"Всего"	"0"	"Всего"	"0"	"5 042 535 000 000"
"Инвестиции в основной капитал(Тысяч тенге казахских)"	"2017 год"	"201712"	"БУЛАНДЫНСКИЙ РАЙОН"	"0"	"городская местность"	"0"	"Всего"	"0"	"Всего"	"0"	"5 690 434 000 000"
"Инвестиции в основной капитал(Тысяч тенге казахских)"	"2018 год"	"201812"	"БУЛАНДЫНСКИЙ РАЙОН"	"0"	"городская местность"	"0"	"Всего"	"0"	"Всего"	"0"	"17 867 450 000 000"
"Инвестиции в основной капитал(Тысяч тенге казахских)"	"2016 год"	"201612"	"ТАЙЫНШИНСКИЙ РАЙОН"	"0"	"городская местность"	"0"	"Всего"	"0"	"Всего"	"0"	"5 814 866 000 000"
"Инвестиции в основной капитал(Тысяч тенге казахских)"	"2017 год"	"201712"	"ТАЙЫНШИНСКИЙ РАЙОН"	"0"	"городская местность"	"0"	"Всего"	"0"	"Всего"	"0"	"3 415 115 000 000"
"Инвестиции в основной капитал(Тысяч тенге казахских)"	"2018 год"	"201812"	"ТАЙЫНШИНСКИЙ РАЙОН"	"0"	"городская местность"	"0"	"Всего"	"0"	"Всего"	"0"	"1 415 926 000 000"
"Инвестиции в основной капитал(Тысяч тенге казахских)"	"2016 год"	"201612"	"ЗАЙСАНСКИЙ РАЙОН"	"0"	"городская местность"	"0"	"Всего"	"0"	"Всего"	"0"	"4 234 083 000 000"
"Инвестиции в основной капитал(Тысяч тенге казахских)"	"2017 год"	"201712"	"ЗАЙСАНСКИЙ РАЙОН"	"0"	"городская местность"	"0"	"Всего"	"0"	"Всего"	"0"	"5 827 407 000 000"
"Инвестиции в основной капитал(Тысяч тенге казахских)"	"2018 год"	"201812"	"ЗАЙСАНСКИЙ РАЙОН"	"0"	"городская местность"	"0"	"Всего"	"0"	"Всего"	"0"	"3 816 129 000 000"
"Инвестиции в основной капитал(Тысяч тенге казахских)"	"2016 год"	"201612"	"КЕНТАУ Г.А."	"0"	"городская местность"	"0"	"Всего"	"0"	"Всего"	"0"	"5 370 875 000 000"
"Инвестиции в основной капитал(Тысяч тенге казахских)"	"2017 год"	"201712"	"КЕНТАУ Г.А."	"0"	"городская местность"	"0"	"Всего"	"0"	"Всего"	"0"	"5 534 811 000 000"
"Инвестиции в основной капитал(Тысяч тенге казахских)"	"2016 год"	"201612"	"АРЫСЬ Г.А."	"0"	"городская местность"	"0"	"Всего"	"0"	"Всего"	"0"	"8 165 796 000 000"
"Инвестиции в основной капитал(Тысяч тенге казахских)"	"2017 год"	"201712"	"АРЫСЬ Г.А."	"0"	"городская местность"	"0"	"Всего"	"0"	"Всего"	"0"	"4 942 710 000 000"
"Инвестиции в основной капитал(Тысяч тенге казахских)"	"2016 год"	"201612"	"АБАЙСКИЙ РАЙОН"	"0"	"Всего"	"0"	"Всего"	"0"	"Всего"	"0"	"4 358 563 000 000"
"Инвестиции в основной капитал(Тысяч тенге казахских)"	"2017 год"	"201712"	"АБАЙСКИЙ РАЙОН"	"0"	"Всего"	"0"	"Всего"	"0"	"Всего"	"0"	"6 049 266 000 000"
"Инвестиции в основной капитал(Тысяч тенге казахских)"	"2018 год"	"201812"	"АБАЙСКИЙ РАЙОН"	"0"	"Всего"	"0"	"Всего"	"0"	"Всего"	"0"	"2 847 740 000 000"
"Инвестиции в основной капитал(Тысяч тенге казахских)"	"2016 год"	"201612"	"ШАХТИНСК Г.А."	"0"	"Всего"	"0"	"Всего"	"0"	"Всего"	"0"	"5 822 091 000 000"
"Инвестиции в основной капитал(Тысяч тенге казахских)"	"2017 год"	"201712"	"ШАХТИНСК Г.А."	"0"	"Всего"	"0"	"Всего"	"0"	"Всего"	"0"	"9 349 639 000 000"
"Инвестиции в основной капитал(Тысяч тенге казахских)"	"2018 год"	"201812"	"ШАХТИНСК Г.А."	"0"	"Всего"	"0"	"Всего"	"0"	"Всего"	"0"	"25 181 876 000 000"
"Инвестиции в основной капитал(Тысяч тенге казахских)"	"2016 год"	"201612"	"МАХАМБЕТСКИЙ РАЙОН"	"0"	"Всего"	"0"	"Всего"	"0"	"Всего"	"0"	"20 279 958 000 000"
"Инвестиции в основной капитал(Тысяч тенге казахских)"	"2017 год"	"201712"	"МАХАМБЕТСКИЙ РАЙОН"	"0"	"Всего"	"0"	"Всего"	"0"	"Всего"	"0"	"20 553 377 000 000"
"Инвестиции в основной капитал(Тысяч тенге казахских)"	"2018 год"	"201812"	"МАХАМБЕТСКИЙ РАЙОН"	"0"	"Всего"	"0"	"Всего"	"0"	"Всего"	"0"	"12 917 114 000 000"
"Инвестиции в основной капитал(Тысяч тенге казахских)"	"2016 год"	"201612"	"САРЫСУСКИЙ РАЙОН"	"0"	"Всего"	"0"	"Всего"	"0"	"Всего"	"0"	"23 900 492 000 000"
"Инвестиции в основной капитал(Тысяч тенге казахских)"	"2017 год"	"201712"	"САРЫСУСКИЙ РАЙОН"	"0"	"Всего"	"0"	"Всего"	"0"	"Всего"	"0"	"24 080 991 000 000"
"Инвестиции в основной капитал(Тысяч тенге казахских)"	"2018 год"	"201812"	"САРЫСУСКИЙ РАЙОН"	"0"	"Всего"	"0"	"Всего"	"0"	"Всего"	"0"	"26 794 399 000 000"
"Инвестиции в основной капитал(Тысяч тенге казахских)"	"2016 год"	"201612"	"САРАНЬ Г.А."	"0"	"Всего"	"0"	"Всего"	"0"	"Всего"	"0"	"4 301 515 000 000"
"Инвестиции в основной капитал(Тысяч тенге казахских)"	"2017 год"	"201712"	"САРАНЬ Г.А."	"0"	"Всего"	"0"	"Всего"	"0"	"Всего"	"0"	"7 549 961 000 000"
"Инвестиции в основной капитал(Тысяч тенге казахских)"	"2018 год"	"201812"	"САРАНЬ Г.А."	"0"	"Всего"	"0"	"Всего"	"0"	"Всего"	"0"	"41 037 455 000 000"
"Инвестиции в основной капитал(Тысяч тенге казахских)"	"2016 год"	"201612"	"НАУРЫЗБАЙСКИЙ РАЙОН"	"0"	"Всего"	"0"	"Всего"	"0"	"Всего"	"0"	"21 989 737 000 000"
"Инвестиции в основной капитал(Тысяч тенге казахских)"	"2017 год"	"201712"	"НАУРЫЗБАЙСКИЙ РАЙОН"	"0"	"Всего"	"0"	"Всего"	"0"	"Всего"	"0"	"30 904 562 000 000"
"Инвестиции в основной капитал(Тысяч тенге казахских)"	"2018 год"	"201812"	"НАУРЫЗБАЙСКИЙ РАЙОН"	"0"	"Всего"	"0"	"Всего"	"0"	"Всего"	"0"	"37 568 703 000 000"
"Инвестиции в основной капитал(Тысяч тенге казахских)"	"2016 год"	"201612"	"РАЙОН ЕСИЛЬ"	"0"	"Всего"	"0"	"Всего"	"0"	"Всего"	"0"	"515 970 835 000 000"
"Инвестиции в основной капитал(Тысяч тенге казахских)"	"2017 год"	"201712"	"РАЙОН ЕСИЛЬ"	"0"	"Всего"	"0"	"Всего"	"0"	"Всего"	"0"	"633 911 500 000 000"
"Инвестиции в основной капитал(Тысяч тенге казахских)"	"2018 год"	"201812"	"РАЙОН ЕСИЛЬ"	"0"	"Всего"	"0"	"Всего"	"0"	"Всего"	"0"	"673 599 015 000 000"
"Инвестиции в основной капитал(Тысяч тенге казахских)"	"2016 год"	"201612"	"АКТАУ Г.А."	"0"	"сельская местность"	"0"	"Всего"	"0"	"Всего"	"0"	"4 106 906 000 000"
"Инвестиции в основной капитал(Тысяч тенге казахских)"	"2017 год"	"201712"	"АКТАУ Г.А."	"0"	"сельская местность"	"0"	"Всего"	"0"	"Всего"	"0"	"36 024 000 000"
"Инвестиции в основной капитал(Тысяч тенге казахских)"	"2018 год"	"201812"	"АКТАУ Г.А."	"0"	"сельская местность"	"0"	"Всего"	"0"	"Всего"	"0"	"3 864 850 000 000"
"Инвестиции в основной капитал(Тысяч тенге казахских)"	"2016 год"	"201612"	"ЕГИНДЫКОЛЬСКИЙ РАЙОН"	"0"	"сельская местность"	"0"	"Всего"	"0"	"Всего"	"0"	"4 695 401 000 000"
"Инвестиции в основной капитал(Тысяч тенге казахских)"	"2017 год"	"201712"	"ЕГИНДЫКОЛЬСКИЙ РАЙОН"	"0"	"сельская местность"	"0"	"Всего"	"0"	"Всего"	"0"	"2 831 030 000 000"
"Инвестиции в основной капитал(Тысяч тенге казахских)"	"2018 год"	"201812"	"ЕГИНДЫКОЛЬСКИЙ РАЙОН"	"0"	"сельская местность"	"0"	"Всего"	"0"	"Всего"	"0"	"1 328 366 000 000"
"Инвестиции в основной капитал(Тысяч тенге казахских)"	"2016 год"	"201612"	"ШОРТАНДИНСКИЙ РАЙОН"	"0"	"сельская местность"	"0"	"Всего"	"0"	"Всего"	"0"	"8 497 994 000 000"
"Инвестиции в основной капитал(Тысяч тенге казахских)"	"2017 год"	"201712"	"ШОРТАНДИНСКИЙ РАЙОН"	"0"	"сельская местность"	"0"	"Всего"	"0"	"Всего"	"0"	"8 978 653 000 000"
"Инвестиции в основной капитал(Тысяч тенге казахских)"	"2018 год"	"201812"	"ШОРТАНДИНСКИЙ РАЙОН"	"0"	"сельская местность"	"0"	"Всего"	"0"	"Всего"	"0"	"8 909 031 000 000"
"Инвестиции в основной капитал(Тысяч тенге казахских)"	"2016 год"	"201612"	"РАЙЫМБЕКСКИЙ РАЙОН"	"0"	"сельская местность"	"0"	"Всего"	"0"	"Всего"	"0"	"5 479 863 000 000"
"Инвестиции в основной капитал(Тысяч тенге казахских)"	"2017 год"	"201712"	"РАЙЫМБЕКСКИЙ РАЙОН"	"0"	"сельская местность"	"0"	"Всего"	"0"	"Всего"	"0"	"4 923 289 000 000"
"Инвестиции в основной капитал(Тысяч тенге казахских)"	"2018 год"	"201812"	"РАЙЫМБЕКСКИЙ РАЙОН"	"0"	"сельская местность"	"0"	"Всего"	"0"	"Всего"	"0"	"2 997 840 000 000"
"Инвестиции в основной капитал(Тысяч тенге казахских)"	"2016 год"	"201612"	"СЫРЫМСКИЙ РАЙОН"	"0"	"сельская местность"	"0"	"Всего"	"0"	"Всего"	"0"	"1 530 705 000 000"
"Инвестиции в основной капитал(Тысяч тенге казахских)"	"2017 год"	"201712"	"СЫРЫМСКИЙ РАЙОН"	"0"	"сельская местность"	"0"	"Всего"	"0"	"Всего"	"0"	"1 896 897 000 000"
"Инвестиции в основной капитал(Тысяч тенге казахских)"	"2018 год"	"201812"	"СЫРЫМСКИЙ РАЙОН"	"0"	"сельская местность"	"0"	"Всего"	"0"	"Всего"	"0"	"2 252 994 000 000"
"Инвестиции в основной капитал(Тысяч тенге казахских)"	"2016 год"	"201612"	"АЛАКОЛЬСКИЙ РАЙОН"	"0"	"сельская местность"	"0"	"Всего"	"0"	"Всего"	"0"	"13 541 073 000 000"
"Инвестиции в основной капитал(Тысяч тенге казахских)"	"2017 год"	"201712"	"АЛАКОЛЬСКИЙ РАЙОН"	"0"	"сельская местность"	"0"	"Всего"	"0"	"Всего"	"0"	"13 903 804 000 000"
"Инвестиции в основной капитал(Тысяч тенге казахских)"	"2018 год"	"201812"	"АЛАКОЛЬСКИЙ РАЙОН"	"0"	"сельская местность"	"0"	"Всего"	"0"	"Всего"	"0"	"17 434 643 000 000"
"Инвестиции в основной капитал(Тысяч тенге казахских)"	"2016 год"	"201612"	"АКСУСКИЙ РАЙОН"	"0"	"сельская местность"	"0"	"Всего"	"0"	"Всего"	"0"	"1 938 569 000 000"
"Инвестиции в основной капитал(Тысяч тенге казахских)"	"2017 год"	"201712"	"АКСУСКИЙ РАЙОН"	"0"	"сельская местность"	"0"	"Всего"	"0"	"Всего"	"0"	"3 257 257 000 000"
"Инвестиции в основной капитал(Тысяч тенге казахских)"	"2018 год"	"201812"	"АКСУСКИЙ РАЙОН"	"0"	"сельская местность"	"0"	"Всего"	"0"	"Всего"	"0"	"12 225 646 000 000"
"Инвестиции в основной капитал(Тысяч тенге казахских)"	"2016 год"	"201612"	"РАЙОН ШАЛ АКЫНА"	"0"	"городская местность"	"0"	"Всего"	"0"	"Всего"	"0"	"2 304 654 000 000"
"Инвестиции в основной капитал(Тысяч тенге казахских)"	"2017 год"	"201712"	"РАЙОН ШАЛ АКЫНА"	"0"	"городская местность"	"0"	"Всего"	"0"	"Всего"	"0"	"2 662 375 000 000"
"Инвестиции в основной капитал(Тысяч тенге казахских)"	"2018 год"	"201812"	"РАЙОН ШАЛ АКЫНА"	"0"	"городская местность"	"0"	"Всего"	"0"	"Всего"	"0"	"1 576 275 000 000"
"Инвестиции в основной капитал(Тысяч тенге казахских)"	"2016 год"	"201612"	"ЕСИЛЬСКИЙ РАЙОН"	"0"	"сельская местность"	"0"	"Всего"	"0"	"Всего"	"0"	"3 824 597 000 000"
"Инвестиции в основной капитал(Тысяч тенге казахских)"	"2017 год"	"201712"	"ЕСИЛЬСКИЙ РАЙОН"	"0"	"сельская местность"	"0"	"Всего"	"0"	"Всего"	"0"	"1 747 461 000 000"
"Инвестиции в основной капитал(Тысяч тенге казахских)"	"2018 год"	"201812"	"ЕСИЛЬСКИЙ РАЙОН"	"0"	"сельская местность"	"0"	"Всего"	"0"	"Всего"	"0"	"3 146 373 000 000"
"Инвестиции в основной капитал(Тысяч тенге казахских)"	"2016 год"	"201612"	"БУЛАНДЫНСКИЙ РАЙОН"	"0"	"сельская местность"	"0"	"Всего"	"0"	"Всего"	"0"	"1 469 567 000 000"
"Инвестиции в основной капитал(Тысяч тенге казахских)"	"2017 год"	"201712"	"БУЛАНДЫНСКИЙ РАЙОН"	"0"	"сельская местность"	"0"	"Всего"	"0"	"Всего"	"0"	"971 729 000 000"
"Инвестиции в основной капитал(Тысяч тенге казахских)"	"2018 год"	"201812"	"БУЛАНДЫНСКИЙ РАЙОН"	"0"	"сельская местность"	"0"	"Всего"	"0"	"Всего"	"0"	"3 548 743 000 000"
"Инвестиции в основной капитал(Тысяч тенге казахских)"	"2016 год"	"201612"	"ОРДАБАСЫНСКИЙ РАЙОН"	"0"	"сельская местность"	"0"	"Всего"	"0"	"Всего"	"0"	"14 124 462 000 000"
"Инвестиции в основной капитал(Тысяч тенге казахских)"	"2017 год"	"201712"	"ОРДАБАСЫНСКИЙ РАЙОН"	"0"	"сельская местность"	"0"	"Всего"	"0"	"Всего"	"0"	"13 496 339 000 000"
"Инвестиции в основной капитал(Тысяч тенге казахских)"	"2016 год"	"201612"	"АКТОГАЙСКИЙ РАЙОН"	"0"	"сельская местность"	"0"	"Всего"	"0"	"Всего"	"0"	"4 529 216 000 000"
"Инвестиции в основной капитал(Тысяч тенге казахских)"	"2017 год"	"201712"	"АКТОГАЙСКИЙ РАЙОН"	"0"	"сельская местность"	"0"	"Всего"	"0"	"Всего"	"0"	"6 549 783 000 000"
"Инвестиции в основной капитал(Тысяч тенге казахских)"	"2018 год"	"201812"	"АКТОГАЙСКИЙ РАЙОН"	"0"	"сельская местность"	"0"	"Всего"	"0"	"Всего"	"0"	"13 786 366 000 000"
"Инвестиции в основной капитал(Тысяч тенге казахских)"	"2016 год"	"201612"	"КАРАСАЙСКИЙ РАЙОН"	"0"	"сельская местность"	"0"	"Всего"	"0"	"Всего"	"0"	"84 465 486 000 000"
"Инвестиции в основной капитал(Тысяч тенге казахских)"	"2017 год"	"201712"	"КАРАСАЙСКИЙ РАЙОН"	"0"	"сельская местность"	"0"	"Всего"	"0"	"Всего"	"0"	"82 717 197 000 000"
"Инвестиции в основной капитал(Тысяч тенге казахских)"	"2018 год"	"201812"	"КАРАСАЙСКИЙ РАЙОН"	"0"	"сельская местность"	"0"	"Всего"	"0"	"Всего"	"0"	"89 401 219 000 000"
"Инвестиции в основной капитал(Тысяч тенге казахских)"	"2016 год"	"201612"	"КОРГАЛЖЫНСКИЙ РАЙОН"	"0"	"сельская местность"	"0"	"Всего"	"0"	"Всего"	"0"	"2 387 462 000 000"
"Инвестиции в основной капитал(Тысяч тенге казахских)"	"2017 год"	"201712"	"КОРГАЛЖЫНСКИЙ РАЙОН"	"0"	"сельская местность"	"0"	"Всего"	"0"	"Всего"	"0"	"2 150 651 000 000"
"Инвестиции в основной капитал(Тысяч тенге казахских)"	"2018 год"	"201812"	"КОРГАЛЖЫНСКИЙ РАЙОН"	"0"	"сельская местность"	"0"	"Всего"	"0"	"Всего"	"0"	"2 317 041 000 000"
"Инвестиции в основной капитал(Тысяч тенге казахских)"	"2016 год"	"201612"	"БЕСКАРАГАЙСКИЙ РАЙОН"	"0"	"сельская местность"	"0"	"Всего"	"0"	"Всего"	"0"	"3 096 658 000 000"
"Инвестиции в основной капитал(Тысяч тенге казахских)"	"2017 год"	"201712"	"БЕСКАРАГАЙСКИЙ РАЙОН"	"0"	"сельская местность"	"0"	"Всего"	"0"	"Всего"	"0"	"13 548 081 000 000"
"Инвестиции в основной капитал(Тысяч тенге казахских)"	"2018 год"	"201812"	"БЕСКАРАГАЙСКИЙ РАЙОН"	"0"	"сельская местность"	"0"	"Всего"	"0"	"Всего"	"0"	"10 380 753 000 000"
"Инвестиции в основной капитал(Тысяч тенге казахских)"	"2016 год"	"201612"	"МАРТУКСКИЙ РАЙОН"	"0"	"сельская местность"	"0"	"Всего"	"0"	"Всего"	"0"	"4 383 667 000 000"
"Инвестиции в основной капитал(Тысяч тенге казахских)"	"2017 год"	"201712"	"МАРТУКСКИЙ РАЙОН"	"0"	"сельская местность"	"0"	"Всего"	"0"	"Всего"	"0"	"5 002 695 000 000"
"Инвестиции в основной капитал(Тысяч тенге казахских)"	"2018 год"	"201812"	"МАРТУКСКИЙ РАЙОН"	"0"	"сельская местность"	"0"	"Всего"	"0"	"Всего"	"0"	"6 686 177 000 000"
"Инвестиции в основной капитал(Тысяч тенге казахских)"	"2016 год"	"201612"	"АКТАУ Г.А."	"0"	"городская местность"	"0"	"Всего"	"0"	"Всего"	"0"	"100 015 924 000 000"
"Инвестиции в основной капитал(Тысяч тенге казахских)"	"2017 год"	"201712"	"АКТАУ Г.А."	"0"	"городская местность"	"0"	"Всего"	"0"	"Всего"	"0"	"87 053 465 000 000"
"Инвестиции в основной капитал(Тысяч тенге казахских)"	"2018 год"	"201812"	"АКТАУ Г.А."	"0"	"городская местность"	"0"	"Всего"	"0"	"Всего"	"0"	"130 814 917 000 000"
"Инвестиции в основной капитал(Тысяч тенге казахских)"	"2016 год"	"201612"	"БОРОДУЛИХИНСКИЙ РАЙОН"	"0"	"сельская местность"	"0"	"Всего"	"0"	"Всего"	"0"	"4 889 875 000 000"
"Инвестиции в основной капитал(Тысяч тенге казахских)"	"2017 год"	"201712"	"БОРОДУЛИХИНСКИЙ РАЙОН"	"0"	"сельская местность"	"0"	"Всего"	"0"	"Всего"	"0"	"7 028 209 000 000"
"Инвестиции в основной капитал(Тысяч тенге казахских)"	"2018 год"	"201812"	"БОРОДУЛИХИНСКИЙ РАЙОН"	"0"	"сельская местность"	"0"	"Всего"	"0"	"Всего"	"0"	"8 585 913 000 000"
"Инвестиции в основной капитал(Тысяч тенге казахских)"	"2016 год"	"201612"	"ИРТЫШСКИЙ РАЙОН"	"0"	"сельская местность"	"0"	"Всего"	"0"	"Всего"	"0"	"2 798 955 000 000"
"Инвестиции в основной капитал(Тысяч тенге казахских)"	"2017 год"	"201712"	"ИРТЫШСКИЙ РАЙОН"	"0"	"сельская местность"	"0"	"Всего"	"0"	"Всего"	"0"	"3 227 829 000 000"
"Инвестиции в основной капитал(Тысяч тенге казахских)"	"2018 год"	"201812"	"ИРТЫШСКИЙ РАЙОН"	"0"	"сельская местность"	"0"	"Всего"	"0"	"Всего"	"0"	"3 797 965 000 000"
"Инвестиции в основной капитал(Тысяч тенге казахских)"	"2016 год"	"201612"	"МАЙСКИЙ РАЙОН"	"0"	"сельская местность"	"0"	"Всего"	"0"	"Всего"	"0"	"4 592 825 000 000"
"Инвестиции в основной капитал(Тысяч тенге казахских)"	"2017 год"	"201712"	"МАЙСКИЙ РАЙОН"	"0"	"сельская местность"	"0"	"Всего"	"0"	"Всего"	"0"	"5 411 715 000 000"
"Инвестиции в основной капитал(Тысяч тенге казахских)"	"2018 год"	"201812"	"МАЙСКИЙ РАЙОН"	"0"	"сельская местность"	"0"	"Всего"	"0"	"Всего"	"0"	"11 053 955 000 000"
"Инвестиции в основной капитал(Тысяч тенге казахских)"	"2016 год"	"201612"	"ЖУАЛЫНСКИЙ РАЙОН"	"0"	"сельская местность"	"0"	"Всего"	"0"	"Всего"	"0"	"3 145 743 000 000"
"Инвестиции в основной капитал(Тысяч тенге казахских)"	"2017 год"	"201712"	"ЖУАЛЫНСКИЙ РАЙОН"	"0"	"сельская местность"	"0"	"Всего"	"0"	"Всего"	"0"	"14 925 354 000 000"
"Инвестиции в основной капитал(Тысяч тенге казахских)"	"2018 год"	"201812"	"ЖУАЛЫНСКИЙ РАЙОН"	"0"	"сельская местность"	"0"	"Всего"	"0"	"Всего"	"0"	"21 869 373 000 000"
"Инвестиции в основной капитал(Тысяч тенге казахских)"	"2016 год"	"201612"	"МЕДЕУСКИЙ РАЙОН"	"0"	"городская местность"	"0"	"Всего"	"0"	"Всего"	"0"	"119 941 437 000 000"
"Инвестиции в основной капитал(Тысяч тенге казахских)"	"2017 год"	"201712"	"МЕДЕУСКИЙ РАЙОН"	"0"	"городская местность"	"0"	"Всего"	"0"	"Всего"	"0"	"117 146 591 000 000"
"Инвестиции в основной капитал(Тысяч тенге казахских)"	"2018 год"	"201812"	"МЕДЕУСКИЙ РАЙОН"	"0"	"городская местность"	"0"	"Всего"	"0"	"Всего"	"0"	"162 234 309 000 000"
"Инвестиции в основной капитал(Тысяч тенге казахских)"	"2016 год"	"201612"	"КАРАТАЛЬСКИЙ РАЙОН"	"0"	"сельская местность"	"0"	"Всего"	"0"	"Всего"	"0"	"2 092 626 000 000"
"Инвестиции в основной капитал(Тысяч тенге казахских)"	"2017 год"	"201712"	"КАРАТАЛЬСКИЙ РАЙОН"	"0"	"сельская местность"	"0"	"Всего"	"0"	"Всего"	"0"	"1 875 685 000 000"
"Инвестиции в основной капитал(Тысяч тенге казахских)"	"2018 год"	"201812"	"КАРАТАЛЬСКИЙ РАЙОН"	"0"	"сельская местность"	"0"	"Всего"	"0"	"Всего"	"0"	"2 264 317 000 000"
"Инвестиции в основной капитал(Тысяч тенге казахских)"	"2016 год"	"201612"	"РАЙОН МАГЖАНА ЖУМАБАЕВА"	"0"	"сельская местность"	"0"	"Всего"	"0"	"Всего"	"0"	"2 927 790 000 000"
"Инвестиции в основной капитал(Тысяч тенге казахских)"	"2017 год"	"201712"	"РАЙОН МАГЖАНА ЖУМАБАЕВА"	"0"	"сельская местность"	"0"	"Всего"	"0"	"Всего"	"0"	"3 607 342 000 000"
"Инвестиции в основной капитал(Тысяч тенге казахских)"	"2018 год"	"201812"	"РАЙОН МАГЖАНА ЖУМАБАЕВА"	"0"	"сельская местность"	"0"	"Всего"	"0"	"Всего"	"0"	"4 376 367 000 000"
"Инвестиции в основной капитал(Тысяч тенге казахских)"	"2016 год"	"201612"	"ЕНБЕКШИКАЗАХСКИЙ РАЙОН"	"0"	"сельская местность"	"0"	"Всего"	"0"	"Всего"	"0"	"46 410 264 000 000"
"Инвестиции в основной капитал(Тысяч тенге казахских)"	"2017 год"	"201712"	"ЕНБЕКШИКАЗАХСКИЙ РАЙОН"	"0"	"сельская местность"	"0"	"Всего"	"0"	"Всего"	"0"	"27 589 073 000 000"
"Инвестиции в основной капитал(Тысяч тенге казахских)"	"2018 год"	"201812"	"ЕНБЕКШИКАЗАХСКИЙ РАЙОН"	"0"	"сельская местность"	"0"	"Всего"	"0"	"Всего"	"0"	"29 223 530 000 000"
"Инвестиции в основной капитал(Тысяч тенге казахских)"	"2016 год"	"201612"	"ЖАНАКОРГАНСКИЙ РАЙОН"	"0"	"сельская местность"	"0"	"Всего"	"0"	"Всего"	"0"	"18 312 615 000 000"
"Инвестиции в основной капитал(Тысяч тенге казахских)"	"2017 год"	"201712"	"ЖАНАКОРГАНСКИЙ РАЙОН"	"0"	"сельская местность"	"0"	"Всего"	"0"	"Всего"	"0"	"24 363 712 000 000"
"Инвестиции в основной капитал(Тысяч тенге казахских)"	"2018 год"	"201812"	"ЖАНАКОРГАНСКИЙ РАЙОН"	"0"	"сельская местность"	"0"	"Всего"	"0"	"Всего"	"0"	"32 335 828 000 000"
"Инвестиции в основной капитал(Тысяч тенге казахских)"	"2016 год"	"201612"	"РАЙОН АЛТАЙ"	"0"	"сельская местность"	"0"	"Всего"	"0"	"Всего"	"0"	"3 510 670 000 000"
"Инвестиции в основной капитал(Тысяч тенге казахских)"	"2017 год"	"201712"	"РАЙОН АЛТАЙ"	"0"	"сельская местность"	"0"	"Всего"	"0"	"Всего"	"0"	"7 396 295 000 000"
"Инвестиции в основной капитал(Тысяч тенге казахских)"	"2018 год"	"201812"	"РАЙОН АЛТАЙ"	"0"	"сельская местность"	"0"	"Всего"	"0"	"Всего"	"0"	"9 392 641 000 000"
"Инвестиции в основной капитал(Тысяч тенге казахских)"	"2016 год"	"201612"	"АРКАЛЫК Г.А."	"0"	"сельская местность"	"0"	"Всего"	"0"	"Всего"	"0"	"2 170 457 000 000"
"Инвестиции в основной капитал(Тысяч тенге казахских)"	"2017 год"	"201712"	"АРКАЛЫК Г.А."	"0"	"сельская местность"	"0"	"Всего"	"0"	"Всего"	"0"	"212 652 000 000"
"Инвестиции в основной капитал(Тысяч тенге казахских)"	"2018 год"	"201812"	"АРКАЛЫК Г.А."	"0"	"сельская местность"	"0"	"Всего"	"0"	"Всего"	"0"	"554 047 000 000"
"Инвестиции в основной капитал(Тысяч тенге казахских)"	"2016 год"	"201612"	"СЕМЕЙ Г.А."	"0"	"городская местность"	"0"	"Всего"	"0"	"Всего"	"0"	"43 109 239 000 000"
"Инвестиции в основной капитал(Тысяч тенге казахских)"	"2017 год"	"201712"	"СЕМЕЙ Г.А."	"0"	"городская местность"	"0"	"Всего"	"0"	"Всего"	"0"	"56 039 446 000 000"
"Инвестиции в основной капитал(Тысяч тенге казахских)"	"2018 год"	"201812"	"СЕМЕЙ Г.А."	"0"	"городская местность"	"0"	"Всего"	"0"	"Всего"	"0"	"63 055 254 000 000"
"Инвестиции в основной капитал(Тысяч тенге казахских)"	"2016 год"	"201612"	"ОСАКАРОВСКИЙ РАЙОН"	"0"	"сельская местность"	"0"	"Всего"	"0"	"Всего"	"0"	"18 362 944 000 000"
"Инвестиции в основной капитал(Тысяч тенге казахских)"	"2017 год"	"201712"	"ОСАКАРОВСКИЙ РАЙОН"	"0"	"сельская местность"	"0"	"Всего"	"0"	"Всего"	"0"	"6 823 203 000 000"
"Инвестиции в основной капитал(Тысяч тенге казахских)"	"2018 год"	"201812"	"ОСАКАРОВСКИЙ РАЙОН"	"0"	"сельская местность"	"0"	"Всего"	"0"	"Всего"	"0"	"5 535 348 000 000"
"Инвестиции в основной капитал(Тысяч тенге казахских)"	"2016 год"	"201612"	"АКСУ Г.А."	"0"	"сельская местность"	"0"	"Всего"	"0"	"Всего"	"0"	"11 830 900 000 000"
"Инвестиции в основной капитал(Тысяч тенге казахских)"	"2017 год"	"201712"	"АКСУ Г.А."	"0"	"сельская местность"	"0"	"Всего"	"0"	"Всего"	"0"	"15 111 580 000 000"
"Инвестиции в основной капитал(Тысяч тенге казахских)"	"2018 год"	"201812"	"АКСУ Г.А."	"0"	"сельская местность"	"0"	"Всего"	"0"	"Всего"	"0"	"11 642 066 000 000"
"Инвестиции в основной капитал(Тысяч тенге казахских)"	"2016 год"	"201612"	"ТОЛЕБИЙСКИЙ РАЙОН"	"0"	"сельская местность"	"0"	"Всего"	"0"	"Всего"	"0"	"7 531 079 000 000"
"Инвестиции в основной капитал(Тысяч тенге казахских)"	"2017 год"	"201712"	"ТОЛЕБИЙСКИЙ РАЙОН"	"0"	"сельская местность"	"0"	"Всего"	"0"	"Всего"	"0"	"8 033 264 000 000"
"Инвестиции в основной капитал(Тысяч тенге казахских)"	"2016 год"	"201612"	"АКЖАРСКИЙ РАЙОН"	"0"	"сельская местность"	"0"	"Всего"	"0"	"Всего"	"0"	"3 507 108 000 000"
"Инвестиции в основной капитал(Тысяч тенге казахских)"	"2017 год"	"201712"	"АКЖАРСКИЙ РАЙОН"	"0"	"сельская местность"	"0"	"Всего"	"0"	"Всего"	"0"	"4 079 394 000 000"
"Инвестиции в основной капитал(Тысяч тенге казахских)"	"2018 год"	"201812"	"АКЖАРСКИЙ РАЙОН"	"0"	"сельская местность"	"0"	"Всего"	"0"	"Всего"	"0"	"5 576 121 000 000"
"Инвестиции в основной капитал(Тысяч тенге казахских)"	"2016 год"	"201612"	"ШЫМКЕНТ Г.А."	"0"	"городская местность"	"0"	"Всего"	"0"	"Всего"	"0"	"158 109 641 000 000"
"Инвестиции в основной капитал(Тысяч тенге казахских)"	"2017 год"	"201712"	"ШЫМКЕНТ Г.А."	"0"	"городская местность"	"0"	"Всего"	"0"	"Всего"	"0"	"214 186 018 000 000"
"Инвестиции в основной капитал(Тысяч тенге казахских)"	"2016 год"	"201612"	"ТАЛДЫКОРГАН Г.А."	"0"	"сельская местность"	"0"	"Всего"	"0"	"Всего"	"0"	"3 179 340 000 000"
"Инвестиции в основной капитал(Тысяч тенге казахских)"	"2017 год"	"201712"	"ТАЛДЫКОРГАН Г.А."	"0"	"сельская местность"	"0"	"Всего"	"0"	"Всего"	"0"	"486 363 000 000"
"Инвестиции в основной капитал(Тысяч тенге казахских)"	"2018 год"	"201812"	"ТАЛДЫКОРГАН Г.А."	"0"	"сельская местность"	"0"	"Всего"	"0"	"Всего"	"0"	"174 380 000 000"
"Инвестиции в основной капитал(Тысяч тенге казахских)"	"2016 год"	"201612"	"ЖАНГЕЛЬДИНСКИЙ РАЙОН"	"0"	"сельская местность"	"0"	"Всего"	"0"	"Всего"	"0"	"699 180 000 000"
"Инвестиции в основной капитал(Тысяч тенге казахских)"	"2017 год"	"201712"	"ЖАНГЕЛЬДИНСКИЙ РАЙОН"	"0"	"сельская местность"	"0"	"Всего"	"0"	"Всего"	"0"	"819 459 000 000"
"Инвестиции в основной капитал(Тысяч тенге казахских)"	"2018 год"	"201812"	"ЖАНГЕЛЬДИНСКИЙ РАЙОН"	"0"	"сельская местность"	"0"	"Всего"	"0"	"Всего"	"0"	"1 166 399 000 000"
"Инвестиции в основной капитал(Тысяч тенге казахских)"	"2016 год"	"201612"	"МАМЛЮТСКИЙ РАЙОН"	"0"	"городская местность"	"0"	"Всего"	"0"	"Всего"	"0"	"246 259 000 000"
"Инвестиции в основной капитал(Тысяч тенге казахских)"	"2017 год"	"201712"	"МАМЛЮТСКИЙ РАЙОН"	"0"	"городская местность"	"0"	"Всего"	"0"	"Всего"	"0"	"1 378 355 000 000"
"Инвестиции в основной капитал(Тысяч тенге казахских)"	"2018 год"	"201812"	"МАМЛЮТСКИЙ РАЙОН"	"0"	"городская местность"	"0"	"Всего"	"0"	"Всего"	"0"	"7 461 994 000 000"
"Инвестиции в основной капитал(Тысяч тенге казахских)"	"2016 год"	"201612"	"ЖЕЗКАЗГАН Г.А."	"0"	"городская местность"	"0"	"Всего"	"0"	"Всего"	"0"	"7 158 079 000 000"
"Инвестиции в основной капитал(Тысяч тенге казахских)"	"2017 год"	"201712"	"ЖЕЗКАЗГАН Г.А."	"0"	"городская местность"	"0"	"Всего"	"0"	"Всего"	"0"	"11 861 668 000 000"
"Инвестиции в основной капитал(Тысяч тенге казахских)"	"2018 год"	"201812"	"ЖЕЗКАЗГАН Г.А."	"0"	"городская местность"	"0"	"Всего"	"0"	"Всего"	"0"	"25 939 164 000 000"
"Инвестиции в основной капитал(Тысяч тенге казахских)"	"2016 год"	"201612"	"ЕСКЕЛЬДИНСКИЙ РАЙОН"	"0"	"сельская местность"	"0"	"Всего"	"0"	"Всего"	"0"	"4 282 624 000 000"
"Инвестиции в основной капитал(Тысяч тенге казахских)"	"2017 год"	"201712"	"ЕСКЕЛЬДИНСКИЙ РАЙОН"	"0"	"сельская местность"	"0"	"Всего"	"0"	"Всего"	"0"	"5 984 787 000 000"
"Инвестиции в основной капитал(Тысяч тенге казахских)"	"2018 год"	"201812"	"ЕСКЕЛЬДИНСКИЙ РАЙОН"	"0"	"сельская местность"	"0"	"Всего"	"0"	"Всего"	"0"	"8 094 792 000 000"
"Инвестиции в основной капитал(Тысяч тенге казахских)"	"2016 год"	"201612"	"ПАВЛОДАР Г.А."	"0"	"сельская местность"	"0"	"Всего"	"0"	"Всего"	"0"	"7 306 796 000 000"
"Инвестиции в основной капитал(Тысяч тенге казахских)"	"2017 год"	"201712"	"ПАВЛОДАР Г.А."	"0"	"сельская местность"	"0"	"Всего"	"0"	"Всего"	"0"	"1 487 495 000 000"
"Инвестиции в основной капитал(Тысяч тенге казахских)"	"2018 год"	"201812"	"ПАВЛОДАР Г.А."	"0"	"сельская местность"	"0"	"Всего"	"0"	"Всего"	"0"	"2 539 067 000 000"
"Инвестиции в основной капитал(Тысяч тенге казахских)"	"2016 год"	"201612"	"РАЙОН САРЫАРКА"	"0"	"городская местность"	"0"	"Всего"	"0"	"Всего"	"0"	"160 817 199 000 000"
"Инвестиции в основной капитал(Тысяч тенге казахских)"	"2017 год"	"201712"	"РАЙОН САРЫАРКА"	"0"	"городская местность"	"0"	"Всего"	"0"	"Всего"	"0"	"173 137 906 000 000"
"Инвестиции в основной капитал(Тысяч тенге казахских)"	"2018 год"	"201812"	"РАЙОН САРЫАРКА"	"0"	"городская местность"	"0"	"Всего"	"0"	"Всего"	"0"	"214 802 481 000 000"
"Инвестиции в основной капитал(Тысяч тенге казахских)"	"2016 год"	"201612"	"АЯГОЗСКИЙ РАЙОН"	"0"	"городская местность"	"0"	"Всего"	"0"	"Всего"	"0"	"7 989 367 000 000"
"Инвестиции в основной капитал(Тысяч тенге казахских)"	"2017 год"	"201712"	"АЯГОЗСКИЙ РАЙОН"	"0"	"городская местность"	"0"	"Всего"	"0"	"Всего"	"0"	"16 294 172 000 000"
"Инвестиции в основной капитал(Тысяч тенге казахских)"	"2018 год"	"201812"	"АЯГОЗСКИЙ РАЙОН"	"0"	"городская местность"	"0"	"Всего"	"0"	"Всего"	"0"	"5 755 412 000 000"
"Инвестиции в основной капитал(Тысяч тенге казахских)"	"2016 год"	"201612"	"ЖАНАОЗЕН Г.А."	"0"	"сельская местность"	"0"	"Всего"	"0"	"Всего"	"0"	"3 366 984 000 000"
"Инвестиции в основной капитал(Тысяч тенге казахских)"	"2017 год"	"201712"	"ЖАНАОЗЕН Г.А."	"0"	"сельская местность"	"0"	"Всего"	"0"	"Всего"	"0"	"6 239 381 000 000"
"Инвестиции в основной капитал(Тысяч тенге казахских)"	"2018 год"	"201812"	"ЖАНАОЗЕН Г.А."	"0"	"сельская местность"	"0"	"Всего"	"0"	"Всего"	"0"	"10 890 852 000 000"
"Инвестиции в основной капитал(Тысяч тенге казахских)"	"2016 год"	"201612"	"РИДДЕР Г.А."	"0"	"городская местность"	"0"	"Всего"	"0"	"Всего"	"0"	"18 936 471 000 000"
"Инвестиции в основной капитал(Тысяч тенге казахских)"	"2017 год"	"201712"	"РИДДЕР Г.А."	"0"	"городская местность"	"0"	"Всего"	"0"	"Всего"	"0"	"20 817 868 000 000"
"Инвестиции в основной капитал(Тысяч тенге казахских)"	"2018 год"	"201812"	"РИДДЕР Г.А."	"0"	"городская местность"	"0"	"Всего"	"0"	"Всего"	"0"	"27 896 845 000 000"
"Инвестиции в основной капитал(Тысяч тенге казахских)"	"2016 год"	"201612"	"КАЗТАЛОВСКИЙ РАЙОН"	"0"	"сельская местность"	"0"	"Всего"	"0"	"Всего"	"0"	"4 988 207 000 000"
"Инвестиции в основной капитал(Тысяч тенге казахских)"	"2017 год"	"201712"	"КАЗТАЛОВСКИЙ РАЙОН"	"0"	"сельская местность"	"0"	"Всего"	"0"	"Всего"	"0"	"8 084 417 000 000"
"Инвестиции в основной капитал(Тысяч тенге казахских)"	"2018 год"	"201812"	"КАЗТАЛОВСКИЙ РАЙОН"	"0"	"сельская местность"	"0"	"Всего"	"0"	"Всего"	"0"	"5 830 275 000 000"
"Инвестиции в основной капитал(Тысяч тенге казахских)"	"2016 год"	"201612"	"ТОЛЕБИЙСКИЙ РАЙОН"	"0"	"городская местность"	"0"	"Всего"	"0"	"Всего"	"0"	"1 291 129 000 000"
"Инвестиции в основной капитал(Тысяч тенге казахских)"	"2017 год"	"201712"	"ТОЛЕБИЙСКИЙ РАЙОН"	"0"	"городская местность"	"0"	"Всего"	"0"	"Всего"	"0"	"3 922 175 000 000"
"Инвестиции в основной капитал(Тысяч тенге казахских)"	"2016 год"	"201612"	"ТУПКАРАГАНСКИЙ РАЙОН"	"0"	"городская местность"	"0"	"Всего"	"0"	"Всего"	"0"	"5 402 342 000 000"
"Инвестиции в основной капитал(Тысяч тенге казахских)"	"2017 год"	"201712"	"ТУПКАРАГАНСКИЙ РАЙОН"	"0"	"городская местность"	"0"	"Всего"	"0"	"Всего"	"0"	"1 575 627 000 000"
"Инвестиции в основной капитал(Тысяч тенге казахских)"	"2018 год"	"201812"	"ТУПКАРАГАНСКИЙ РАЙОН"	"0"	"городская местность"	"0"	"Всего"	"0"	"Всего"	"0"	"8 183 383 000 000"
"Инвестиции в основной капитал(Тысяч тенге казахских)"	"2016 год"	"201612"	"ЭКИБАСТУЗ Г.А."	"0"	"городская местность"	"0"	"Всего"	"0"	"Всего"	"0"	"79 367 283 000 000"
"Инвестиции в основной капитал(Тысяч тенге казахских)"	"2017 год"	"201712"	"ЭКИБАСТУЗ Г.А."	"0"	"городская местность"	"0"	"Всего"	"0"	"Всего"	"0"	"147 567 527 000 000"
"Инвестиции в основной капитал(Тысяч тенге казахских)"	"2018 год"	"201812"	"ЭКИБАСТУЗ Г.А."	"0"	"городская местность"	"0"	"Всего"	"0"	"Всего"	"0"	"88 617 414 000 000"
"Инвестиции в основной капитал(Тысяч тенге казахских)"	"2016 год"	"201612"	"БУХАР-ЖЫРАУСКИЙ РАЙОН"	"0"	"сельская местность"	"0"	"Всего"	"0"	"Всего"	"0"	"19 451 557 000 000"
"Инвестиции в основной капитал(Тысяч тенге казахских)"	"2017 год"	"201712"	"БУХАР-ЖЫРАУСКИЙ РАЙОН"	"0"	"сельская местность"	"0"	"Всего"	"0"	"Всего"	"0"	"30 111 217 000 000"
"Инвестиции в основной капитал(Тысяч тенге казахских)"	"2018 год"	"201812"	"БУХАР-ЖЫРАУСКИЙ РАЙОН"	"0"	"сельская местность"	"0"	"Всего"	"0"	"Всего"	"0"	"22 359 001 000 000"
"Инвестиции в основной капитал(Тысяч тенге казахских)"	"2016 год"	"201612"	"ПАВЛОДАР Г.А."	"0"	"городская местность"	"0"	"Всего"	"0"	"Всего"	"0"	"147 190 996 000 000"
"Инвестиции в основной капитал(Тысяч тенге казахских)"	"2017 год"	"201712"	"ПАВЛОДАР Г.А."	"0"	"городская местность"	"0"	"Всего"	"0"	"Всего"	"0"	"218 472 784 000 000"
"Инвестиции в основной капитал(Тысяч тенге казахских)"	"2018 год"	"201812"	"ПАВЛОДАР Г.А."	"0"	"городская местность"	"0"	"Всего"	"0"	"Всего"	"0"	"133 657 382 000 000"
"Инвестиции в основной капитал(Тысяч тенге казахских)"	"2016 год"	"201612"	"МАКТААРАЛЬСКИЙ РАЙОН"	"0"	"городская местность"	"0"	"Всего"	"0"	"Всего"	"0"	"4 419 138 000 000"
"Инвестиции в основной капитал(Тысяч тенге казахских)"	"2017 год"	"201712"	"МАКТААРАЛЬСКИЙ РАЙОН"	"0"	"городская местность"	"0"	"Всего"	"0"	"Всего"	"0"	"4 391 137 000 000"
"Инвестиции в основной капитал(Тысяч тенге казахских)"	"2016 год"	"201612"	"ЧИНГИРЛАУСКИЙ РАЙОН"	"0"	"сельская местность"	"0"	"Всего"	"0"	"Всего"	"0"	"1 433 433 000 000"
"Инвестиции в основной капитал(Тысяч тенге казахских)"	"2017 год"	"201712"	"ЧИНГИРЛАУСКИЙ РАЙОН"	"0"	"сельская местность"	"0"	"Всего"	"0"	"Всего"	"0"	"1 573 575 000 000"
"Инвестиции в основной капитал(Тысяч тенге казахских)"	"2018 год"	"201812"	"ЧИНГИРЛАУСКИЙ РАЙОН"	"0"	"сельская местность"	"0"	"Всего"	"0"	"Всего"	"0"	"2 605 360 000 000"
"Инвестиции в основной капитал(Тысяч тенге казахских)"	"2016 год"	"201612"	"УЛАНСКИЙ РАЙОН"	"0"	"сельская местность"	"0"	"Всего"	"0"	"Всего"	"0"	"5 147 468 000 000"
"Инвестиции в основной капитал(Тысяч тенге казахских)"	"2017 год"	"201712"	"УЛАНСКИЙ РАЙОН"	"0"	"сельская местность"	"0"	"Всего"	"0"	"Всего"	"0"	"4 922 231 000 000"
"Инвестиции в основной капитал(Тысяч тенге казахских)"	"2018 год"	"201812"	"УЛАНСКИЙ РАЙОН"	"0"	"сельская местность"	"0"	"Всего"	"0"	"Всего"	"0"	"5 586 353 000 000"
"Инвестиции в основной капитал(Тысяч тенге казахских)"	"2016 год"	"201612"	"КАЗАЛИНСКИЙ РАЙОН"	"0"	"сельская местность"	"0"	"Всего"	"0"	"Всего"	"0"	"3 439 986 000 000"
"Инвестиции в основной капитал(Тысяч тенге казахских)"	"2017 год"	"201712"	"КАЗАЛИНСКИЙ РАЙОН"	"0"	"сельская местность"	"0"	"Всего"	"0"	"Всего"	"0"	"9 113 841 000 000"
"Инвестиции в основной капитал(Тысяч тенге казахских)"	"2018 год"	"201812"	"КАЗАЛИНСКИЙ РАЙОН"	"0"	"сельская местность"	"0"	"Всего"	"0"	"Всего"	"0"	"32 174 847 000 000"
"Инвестиции в основной капитал(Тысяч тенге казахских)"	"2016 год"	"201612"	"АКЖАИКСКИЙ РАЙОН"	"0"	"сельская местность"	"0"	"Всего"	"0"	"Всего"	"0"	"1 469 997 000 000"
"Инвестиции в основной капитал(Тысяч тенге казахских)"	"2017 год"	"201712"	"АКЖАИКСКИЙ РАЙОН"	"0"	"сельская местность"	"0"	"Всего"	"0"	"Всего"	"0"	"3 220 229 000 000"
"Инвестиции в основной капитал(Тысяч тенге казахских)"	"2018 год"	"201812"	"АКЖАИКСКИЙ РАЙОН"	"0"	"сельская местность"	"0"	"Всего"	"0"	"Всего"	"0"	"3 503 279 000 000"
"Инвестиции в основной капитал(Тысяч тенге казахских)"	"2016 год"	"201612"	"УРАЛЬСК Г.А."	"0"	"сельская местность"	"0"	"Всего"	"0"	"Всего"	"0"	"1 173 987 000 000"
"Инвестиции в основной капитал(Тысяч тенге казахских)"	"2017 год"	"201712"	"УРАЛЬСК Г.А."	"0"	"сельская местность"	"0"	"Всего"	"0"	"Всего"	"0"	"1 843 594 000 000"
"Инвестиции в основной капитал(Тысяч тенге казахских)"	"2018 год"	"201812"	"УРАЛЬСК Г.А."	"0"	"сельская местность"	"0"	"Всего"	"0"	"Всего"	"0"	"1 000 796 000 000"
"Инвестиции в основной капитал(Тысяч тенге казахских)"	"2016 год"	"201612"	"ЩЕРБАКТИНСКИЙ РАЙОН"	"0"	"сельская местность"	"0"	"Всего"	"0"	"Всего"	"0"	"2 423 264 000 000"
"Инвестиции в основной капитал(Тысяч тенге казахских)"	"2017 год"	"201712"	"ЩЕРБАКТИНСКИЙ РАЙОН"	"0"	"сельская местность"	"0"	"Всего"	"0"	"Всего"	"0"	"2 575 666 000 000"
"Инвестиции в основной капитал(Тысяч тенге казахских)"	"2018 год"	"201812"	"ЩЕРБАКТИНСКИЙ РАЙОН"	"0"	"сельская местность"	"0"	"Всего"	"0"	"Всего"	"0"	"6 245 942 000 000"
"Инвестиции в основной капитал(Тысяч тенге казахских)"	"2016 год"	"201612"	"МУГАЛЖАРСКИЙ РАЙОН"	"0"	"сельская местность"	"0"	"Всего"	"0"	"Всего"	"0"	"56 173 750 000 000"
"Инвестиции в основной капитал(Тысяч тенге казахских)"	"2017 год"	"201712"	"МУГАЛЖАРСКИЙ РАЙОН"	"0"	"сельская местность"	"0"	"Всего"	"0"	"Всего"	"0"	"85 676 433 000 000"
"Инвестиции в основной капитал(Тысяч тенге казахских)"	"2018 год"	"201812"	"МУГАЛЖАРСКИЙ РАЙОН"	"0"	"сельская местность"	"0"	"Всего"	"0"	"Всего"	"0"	"69 946 121 000 000"
"Инвестиции в основной капитал(Тысяч тенге казахских)"	"2016 год"	"201612"	"КЫЗЫЛЖАРСКИЙ РАЙОН"	"0"	"сельская местность"	"0"	"Всего"	"0"	"Всего"	"0"	"13 368 234 000 000"
"Инвестиции в основной капитал(Тысяч тенге казахских)"	"2017 год"	"201712"	"КЫЗЫЛЖАРСКИЙ РАЙОН"	"0"	"сельская местность"	"0"	"Всего"	"0"	"Всего"	"0"	"15 218 627 000 000"
"Инвестиции в основной капитал(Тысяч тенге казахских)"	"2018 год"	"201812"	"КЫЗЫЛЖАРСКИЙ РАЙОН"	"0"	"сельская местность"	"0"	"Всего"	"0"	"Всего"	"0"	"29 437 045 000 000"
"Инвестиции в основной капитал(Тысяч тенге казахских)"	"2016 год"	"201612"	"АЙЫРТАУСКИЙ РАЙОН"	"0"	"сельская местность"	"0"	"Всего"	"0"	"Всего"	"0"	"6 412 445 000 000"
"Инвестиции в основной капитал(Тысяч тенге казахских)"	"2017 год"	"201712"	"АЙЫРТАУСКИЙ РАЙОН"	"0"	"сельская местность"	"0"	"Всего"	"0"	"Всего"	"0"	"9 702 487 000 000"
"Инвестиции в основной капитал(Тысяч тенге казахских)"	"2018 год"	"201812"	"АЙЫРТАУСКИЙ РАЙОН"	"0"	"сельская местность"	"0"	"Всего"	"0"	"Всего"	"0"	"11 600 852 000 000"
"Инвестиции в основной капитал(Тысяч тенге казахских)"	"2016 год"	"201612"	"КОКШЕТАУ Г.А."	"0"	"городская местность"	"0"	"Всего"	"0"	"Всего"	"0"	"28 933 935 000 000"
"Инвестиции в основной капитал(Тысяч тенге казахских)"	"2017 год"	"201712"	"КОКШЕТАУ Г.А."	"0"	"городская местность"	"0"	"Всего"	"0"	"Всего"	"0"	"27 645 454 000 000"
"Инвестиции в основной капитал(Тысяч тенге казахских)"	"2018 год"	"201812"	"КОКШЕТАУ Г.А."	"0"	"городская местность"	"0"	"Всего"	"0"	"Всего"	"0"	"38 660 988 000 000"
"Инвестиции в основной капитал(Тысяч тенге казахских)"	"2016 год"	"201612"	"ТАЛГАРСКИЙ РАЙОН"	"0"	"сельская местность"	"0"	"Всего"	"0"	"Всего"	"0"	"42 793 271 000 000"
"Инвестиции в основной капитал(Тысяч тенге казахских)"	"2017 год"	"201712"	"ТАЛГАРСКИЙ РАЙОН"	"0"	"сельская местность"	"0"	"Всего"	"0"	"Всего"	"0"	"47 613 803 000 000"
"Инвестиции в основной капитал(Тысяч тенге казахских)"	"2018 год"	"201812"	"ТАЛГАРСКИЙ РАЙОН"	"0"	"сельская местность"	"0"	"Всего"	"0"	"Всего"	"0"	"48 237 983 000 000"
"Инвестиции в основной капитал(Тысяч тенге казахских)"	"2016 год"	"201612"	"ЖАМБЫЛСКИЙ РАЙОН"	"0"	"сельская местность"	"0"	"Всего"	"0"	"Всего"	"0"	"19 568 635 000 000"
"Инвестиции в основной капитал(Тысяч тенге казахских)"	"2017 год"	"201712"	"ЖАМБЫЛСКИЙ РАЙОН"	"0"	"сельская местность"	"0"	"Всего"	"0"	"Всего"	"0"	"18 703 611 000 000"
"Инвестиции в основной капитал(Тысяч тенге казахских)"	"2018 год"	"201812"	"ЖАМБЫЛСКИЙ РАЙОН"	"0"	"сельская местность"	"0"	"Всего"	"0"	"Всего"	"0"	"24 724 667 000 000"
"Инвестиции в основной капитал(Тысяч тенге казахских)"	"2016 год"	"201612"	"РАЙОН АЛТАЙ"	"0"	"городская местность"	"0"	"Всего"	"0"	"Всего"	"0"	"11 683 105 000 000"
"Инвестиции в основной капитал(Тысяч тенге казахских)"	"2017 год"	"201712"	"РАЙОН АЛТАЙ"	"0"	"городская местность"	"0"	"Всего"	"0"	"Всего"	"0"	"17 734 163 000 000"
"Инвестиции в основной капитал(Тысяч тенге казахских)"	"2018 год"	"201812"	"РАЙОН АЛТАЙ"	"0"	"городская местность"	"0"	"Всего"	"0"	"Всего"	"0"	"19 910 585 000 000"
"Инвестиции в основной капитал(Тысяч тенге казахских)"	"2016 год"	"201612"	"АЛГИНСКИЙ РАЙОН"	"0"	"сельская местность"	"0"	"Всего"	"0"	"Всего"	"0"	"4 785 670 000 000"
"Инвестиции в основной капитал(Тысяч тенге казахских)"	"2017 год"	"201712"	"АЛГИНСКИЙ РАЙОН"	"0"	"сельская местность"	"0"	"Всего"	"0"	"Всего"	"0"	"2 276 371 000 000"
"Инвестиции в основной капитал(Тысяч тенге казахских)"	"2018 год"	"201812"	"АЛГИНСКИЙ РАЙОН"	"0"	"сельская местность"	"0"	"Всего"	"0"	"Всего"	"0"	"2 335 908 000 000"
"Инвестиции в основной капитал(Тысяч тенге казахских)"	"2016 год"	"201612"	"ТЮЛЬКУБАССКИЙ РАЙОН"	"0"	"сельская местность"	"0"	"Всего"	"0"	"Всего"	"0"	"17 209 561 000 000"
"Инвестиции в основной капитал(Тысяч тенге казахских)"	"2017 год"	"201712"	"ТЮЛЬКУБАССКИЙ РАЙОН"	"0"	"сельская местность"	"0"	"Всего"	"0"	"Всего"	"0"	"18 206 523 000 000"
"Инвестиции в основной капитал(Тысяч тенге казахских)"	"2016 год"	"201612"	"ЖАЛАГАШСКИЙ РАЙОН"	"0"	"сельская местность"	"0"	"Всего"	"0"	"Всего"	"0"	"1 865 310 000 000"
"Инвестиции в основной капитал(Тысяч тенге казахских)"	"2017 год"	"201712"	"ЖАЛАГАШСКИЙ РАЙОН"	"0"	"сельская местность"	"0"	"Всего"	"0"	"Всего"	"0"	"7 502 224 000 000"
"Инвестиции в основной капитал(Тысяч тенге казахских)"	"2018 год"	"201812"	"ЖАЛАГАШСКИЙ РАЙОН"	"0"	"сельская местность"	"0"	"Всего"	"0"	"Всего"	"0"	"9 983 142 000 000"
"Инвестиции в основной капитал(Тысяч тенге казахских)"	"2016 год"	"201612"	"МАКТААРАЛЬСКИЙ РАЙОН"	"0"	"сельская местность"	"0"	"Всего"	"0"	"Всего"	"0"	"8 165 724 000 000"
"Инвестиции в основной капитал(Тысяч тенге казахских)"	"2017 год"	"201712"	"МАКТААРАЛЬСКИЙ РАЙОН"	"0"	"сельская местность"	"0"	"Всего"	"0"	"Всего"	"0"	"8 919 421 000 000"
"Инвестиции в основной капитал(Тысяч тенге казахских)"	"2016 год"	"201612"	"МУНАЙЛИНСКИЙ РАЙОН"	"0"	"сельская местность"	"0"	"Всего"	"0"	"Всего"	"0"	"19 703 244 000 000"
"Инвестиции в основной капитал(Тысяч тенге казахских)"	"2017 год"	"201712"	"МУНАЙЛИНСКИЙ РАЙОН"	"0"	"сельская местность"	"0"	"Всего"	"0"	"Всего"	"0"	"16 356 032 000 000"
"Инвестиции в основной капитал(Тысяч тенге казахских)"	"2018 год"	"201812"	"МУНАЙЛИНСКИЙ РАЙОН"	"0"	"сельская местность"	"0"	"Всего"	"0"	"Всего"	"0"	"20 010 565 000 000"
"Инвестиции в основной капитал(Тысяч тенге казахских)"	"2016 год"	"201612"	"КУРМАНГАЗИНСКИЙ РАЙОН"	"0"	"сельская местность"	"0"	"Всего"	"0"	"Всего"	"0"	"36 776 596 000 000"
"Инвестиции в основной капитал(Тысяч тенге казахских)"	"2017 год"	"201712"	"КУРМАНГАЗИНСКИЙ РАЙОН"	"0"	"сельская местность"	"0"	"Всего"	"0"	"Всего"	"0"	"35 200 595 000 000"
"Инвестиции в основной капитал(Тысяч тенге казахских)"	"2018 год"	"201812"	"КУРМАНГАЗИНСКИЙ РАЙОН"	"0"	"сельская местность"	"0"	"Всего"	"0"	"Всего"	"0"	"9 398 165 000 000"
"Инвестиции в основной капитал(Тысяч тенге казахских)"	"2016 год"	"201612"	"ПАНФИЛОВСКИЙ РАЙОН"	"0"	"сельская местность"	"0"	"Всего"	"0"	"Всего"	"0"	"78 849 715 000 000"
"Инвестиции в основной капитал(Тысяч тенге казахских)"	"2017 год"	"201712"	"ПАНФИЛОВСКИЙ РАЙОН"	"0"	"сельская местность"	"0"	"Всего"	"0"	"Всего"	"0"	"41 721 049 000 000"
"Инвестиции в основной капитал(Тысяч тенге казахских)"	"2018 год"	"201812"	"ПАНФИЛОВСКИЙ РАЙОН"	"0"	"сельская местность"	"0"	"Всего"	"0"	"Всего"	"0"	"53 800 182 000 000"
"Инвестиции в основной капитал(Тысяч тенге казахских)"	"2016 год"	"201612"	"МУГАЛЖАРСКИЙ РАЙОН"	"0"	"городская местность"	"0"	"Всего"	"0"	"Всего"	"0"	"7 621 795 000 000"
"Инвестиции в основной капитал(Тысяч тенге казахских)"	"2017 год"	"201712"	"МУГАЛЖАРСКИЙ РАЙОН"	"0"	"городская местность"	"0"	"Всего"	"0"	"Всего"	"0"	"3 604 734 000 000"
"Инвестиции в основной капитал(Тысяч тенге казахских)"	"2018 год"	"201812"	"МУГАЛЖАРСКИЙ РАЙОН"	"0"	"городская местность"	"0"	"Всего"	"0"	"Всего"	"0"	"5 066 029 000 000"
"Инвестиции в основной капитал(Тысяч тенге казахских)"	"2016 год"	"201612"	"САРКАНСКИЙ РАЙОН"	"0"	"сельская местность"	"0"	"Всего"	"0"	"Всего"	"0"	"2 910 014 000 000"
"Инвестиции в основной капитал(Тысяч тенге казахских)"	"2017 год"	"201712"	"САРКАНСКИЙ РАЙОН"	"0"	"сельская местность"	"0"	"Всего"	"0"	"Всего"	"0"	"1 998 737 000 000"
"Инвестиции в основной капитал(Тысяч тенге казахских)"	"2018 год"	"201812"	"САРКАНСКИЙ РАЙОН"	"0"	"сельская местность"	"0"	"Всего"	"0"	"Всего"	"0"	"1 757 053 000 000"
"Инвестиции в основной капитал(Тысяч тенге казахских)"	"2016 год"	"201612"	"ТУПКАРАГАНСКИЙ РАЙОН"	"0"	"сельская местность"	"0"	"Всего"	"0"	"Всего"	"0"	"40 406 262 000 000"
"Инвестиции в основной капитал(Тысяч тенге казахских)"	"2017 год"	"201712"	"ТУПКАРАГАНСКИЙ РАЙОН"	"0"	"сельская местность"	"0"	"Всего"	"0"	"Всего"	"0"	"48 437 222 000 000"
"Инвестиции в основной капитал(Тысяч тенге казахских)"	"2018 год"	"201812"	"ТУПКАРАГАНСКИЙ РАЙОН"	"0"	"сельская местность"	"0"	"Всего"	"0"	"Всего"	"0"	"45 446 786 000 000"
"Инвестиции в основной капитал(Тысяч тенге казахских)"	"2016 год"	"201612"	"ТАРАЗ Г.А."	"0"	"городская местность"	"0"	"Всего"	"0"	"Всего"	"0"	"56 868 502 000 000"
"Инвестиции в основной капитал(Тысяч тенге казахских)"	"2017 год"	"201712"	"ТАРАЗ Г.А."	"0"	"городская местность"	"0"	"Всего"	"0"	"Всего"	"0"	"63 389 357 000 000"
"Инвестиции в основной капитал(Тысяч тенге казахских)"	"2018 год"	"201812"	"ТАРАЗ Г.А."	"0"	"городская местность"	"0"	"Всего"	"0"	"Всего"	"0"	"71 338 578 000 000"
"Инвестиции в основной капитал(Тысяч тенге казахских)"	"2016 год"	"201612"	"ЕРЕЙМЕНТАУСКИЙ РАЙОН"	"0"	"городская местность"	"0"	"Всего"	"0"	"Всего"	"0"	"22 739 724 000 000"
"Инвестиции в основной капитал(Тысяч тенге казахских)"	"2017 год"	"201712"	"ЕРЕЙМЕНТАУСКИЙ РАЙОН"	"0"	"городская местность"	"0"	"Всего"	"0"	"Всего"	"0"	"32 272 536 000 000"
"Инвестиции в основной капитал(Тысяч тенге казахских)"	"2018 год"	"201812"	"ЕРЕЙМЕНТАУСКИЙ РАЙОН"	"0"	"городская местность"	"0"	"Всего"	"0"	"Всего"	"0"	"7 596 802 000 000"
"Инвестиции в основной капитал(Тысяч тенге казахских)"	"2016 год"	"201612"	"КЕРБУЛАКСКИЙ РАЙОН"	"0"	"сельская местность"	"0"	"Всего"	"0"	"Всего"	"0"	"4 439 159 000 000"
"Инвестиции в основной капитал(Тысяч тенге казахских)"	"2017 год"	"201712"	"КЕРБУЛАКСКИЙ РАЙОН"	"0"	"сельская местность"	"0"	"Всего"	"0"	"Всего"	"0"	"4 631 072 000 000"
"Инвестиции в основной капитал(Тысяч тенге казахских)"	"2018 год"	"201812"	"КЕРБУЛАКСКИЙ РАЙОН"	"0"	"сельская местность"	"0"	"Всего"	"0"	"Всего"	"0"	"10 729 391 000 000"
"Инвестиции в основной капитал(Тысяч тенге казахских)"	"2016 год"	"201612"	"АТЫРАУ Г.А."	"0"	"городская местность"	"0"	"Всего"	"0"	"Всего"	"0"	"806 819 690 000 000"
"Инвестиции в основной капитал(Тысяч тенге казахских)"	"2017 год"	"201712"	"АТЫРАУ Г.А."	"0"	"городская местность"	"0"	"Всего"	"0"	"Всего"	"0"	"466 967 583 000 000"
"Инвестиции в основной капитал(Тысяч тенге казахских)"	"2018 год"	"201812"	"АТЫРАУ Г.А."	"0"	"городская местность"	"0"	"Всего"	"0"	"Всего"	"0"	"253 901 261 000 000"
"Инвестиции в основной капитал(Тысяч тенге казахских)"	"2016 год"	"201612"	"МАХАМБЕТСКИЙ РАЙОН"	"0"	"сельская местность"	"0"	"Всего"	"0"	"Всего"	"0"	"20 279 958 000 000"
"Инвестиции в основной капитал(Тысяч тенге казахских)"	"2017 год"	"201712"	"МАХАМБЕТСКИЙ РАЙОН"	"0"	"сельская местность"	"0"	"Всего"	"0"	"Всего"	"0"	"20 553 377 000 000"
"Инвестиции в основной капитал(Тысяч тенге казахских)"	"2018 год"	"201812"	"МАХАМБЕТСКИЙ РАЙОН"	"0"	"сельская местность"	"0"	"Всего"	"0"	"Всего"	"0"	"12 917 114 000 000"
"Инвестиции в основной капитал(Тысяч тенге казахских)"	"2016 год"	"201612"	"САРЫКОЛЬСКИЙ РАЙОН"	"0"	"сельская местность"	"0"	"Всего"	"0"	"Всего"	"0"	"7 306 030 000 000"
"Инвестиции в основной капитал(Тысяч тенге казахских)"	"2017 год"	"201712"	"САРЫКОЛЬСКИЙ РАЙОН"	"0"	"сельская местность"	"0"	"Всего"	"0"	"Всего"	"0"	"8 360 240 000 000"
"Инвестиции в основной капитал(Тысяч тенге казахских)"	"2018 год"	"201812"	"САРЫКОЛЬСКИЙ РАЙОН"	"0"	"сельская местность"	"0"	"Всего"	"0"	"Всего"	"0"	"9 009 503 000 000"
"Инвестиции в основной капитал(Тысяч тенге казахских)"	"2016 год"	"201612"	"ТЕМИРСКИЙ РАЙОН"	"0"	"городская местность"	"0"	"Всего"	"0"	"Всего"	"0"	"88 578 000 000"
"Инвестиции в основной капитал(Тысяч тенге казахских)"	"2017 год"	"201712"	"ТЕМИРСКИЙ РАЙОН"	"0"	"городская местность"	"0"	"Всего"	"0"	"Всего"	"0"	"182 911 000 000"
"Инвестиции в основной капитал(Тысяч тенге казахских)"	"2018 год"	"201812"	"ТЕМИРСКИЙ РАЙОН"	"0"	"городская местность"	"0"	"Всего"	"0"	"Всего"	"0"	"553 102 000 000"
"Инвестиции в основной капитал(Тысяч тенге казахских)"	"2016 год"	"201612"	"САРЫСУСКИЙ РАЙОН"	"0"	"городская местность"	"0"	"Всего"	"0"	"Всего"	"0"	"23 648 873 000 000"
"Инвестиции в основной капитал(Тысяч тенге казахских)"	"2017 год"	"201712"	"САРЫСУСКИЙ РАЙОН"	"0"	"городская местность"	"0"	"Всего"	"0"	"Всего"	"0"	"16 989 579 000 000"
"Инвестиции в основной капитал(Тысяч тенге казахских)"	"2018 год"	"201812"	"САРЫСУСКИЙ РАЙОН"	"0"	"городская местность"	"0"	"Всего"	"0"	"Всего"	"0"	"12 020 057 000 000"
"Инвестиции в основной капитал(Тысяч тенге казахских)"	"2016 год"	"201612"	"КАРАТАЛЬСКИЙ РАЙОН"	"0"	"городская местность"	"0"	"Всего"	"0"	"Всего"	"0"	"3 145 741 000 000"
"Инвестиции в основной капитал(Тысяч тенге казахских)"	"2017 год"	"201712"	"КАРАТАЛЬСКИЙ РАЙОН"	"0"	"городская местность"	"0"	"Всего"	"0"	"Всего"	"0"	"4 688 746 000 000"
"Инвестиции в основной капитал(Тысяч тенге казахских)"	"2018 год"	"201812"	"КАРАТАЛЬСКИЙ РАЙОН"	"0"	"городская местность"	"0"	"Всего"	"0"	"Всего"	"0"	"4 659 545 000 000"
"Инвестиции в основной капитал(Тысяч тенге казахских)"	"2016 год"	"201612"	"БУРАБАЙСКИЙ РАЙОН"	"0"	"городская местность"	"0"	"Всего"	"0"	"Всего"	"0"	"9 769 832 000 000"
"Инвестиции в основной капитал(Тысяч тенге казахских)"	"2017 год"	"201712"	"БУРАБАЙСКИЙ РАЙОН"	"0"	"городская местность"	"0"	"Всего"	"0"	"Всего"	"0"	"24 898 821 000 000"
"Инвестиции в основной капитал(Тысяч тенге казахских)"	"2018 год"	"201812"	"БУРАБАЙСКИЙ РАЙОН"	"0"	"городская местность"	"0"	"Всего"	"0"	"Всего"	"0"	"19 594 471 000 000"
"Инвестиции в основной капитал(Тысяч тенге казахских)"	"2016 год"	"201612"	"ТЕМИРТАУ Г.А."	"0"	"городская местность"	"0"	"Всего"	"0"	"Всего"	"0"	"48 600 217 000 000"
"Инвестиции в основной капитал(Тысяч тенге казахских)"	"2017 год"	"201712"	"ТЕМИРТАУ Г.А."	"0"	"городская местность"	"0"	"Всего"	"0"	"Всего"	"0"	"38 242 648 000 000"
"Инвестиции в основной капитал(Тысяч тенге казахских)"	"2018 год"	"201812"	"ТЕМИРТАУ Г.А."	"0"	"городская местность"	"0"	"Всего"	"0"	"Всего"	"0"	"60 432 784 000 000"
"Инвестиции в основной капитал(Тысяч тенге казахских)"	"2016 год"	"201612"	"ЖАРМИНСКИЙ РАЙОН"	"0"	"городская местность"	"0"	"Всего"	"0"	"Всего"	"0"	"687 121 000 000"
"Инвестиции в основной капитал(Тысяч тенге казахских)"	"2017 год"	"201712"	"ЖАРМИНСКИЙ РАЙОН"	"0"	"городская местность"	"0"	"Всего"	"0"	"Всего"	"0"	"556 504 000 000"
"Инвестиции в основной капитал(Тысяч тенге казахских)"	"2018 год"	"201812"	"ЖАРМИНСКИЙ РАЙОН"	"0"	"городская местность"	"0"	"Всего"	"0"	"Всего"	"0"	"115 465 000 000"
"Инвестиции в основной капитал(Тысяч тенге казахских)"	"2016 год"	"201612"	"АТЫРАУ Г.А."	"0"	"сельская местность"	"0"	"Всего"	"0"	"Всего"	"0"	"20 806 631 000 000"
"Инвестиции в основной капитал(Тысяч тенге казахских)"	"2017 год"	"201712"	"АТЫРАУ Г.А."	"0"	"сельская местность"	"0"	"Всего"	"0"	"Всего"	"0"	"176 023 493 000 000"
"Инвестиции в основной капитал(Тысяч тенге казахских)"	"2018 год"	"201812"	"АТЫРАУ Г.А."	"0"	"сельская местность"	"0"	"Всего"	"0"	"Всего"	"0"	"161 693 052 000 000"
"Инвестиции в основной капитал(Тысяч тенге казахских)"	"2016 год"	"201612"	"РАЙОН БАЙДИБЕКА"	"0"	"сельская местность"	"0"	"Всего"	"0"	"Всего"	"0"	"4 643 346 000 000"
"Инвестиции в основной капитал(Тысяч тенге казахских)"	"2017 год"	"201712"	"РАЙОН БАЙДИБЕКА"	"0"	"сельская местность"	"0"	"Всего"	"0"	"Всего"	"0"	"34 235 669 000 000"
"Инвестиции в основной капитал(Тысяч тенге казахских)"	"2016 год"	"201612"	"ДЕНИСОВСКИЙ РАЙОН"	"0"	"сельская местность"	"0"	"Всего"	"0"	"Всего"	"0"	"5 045 831 000 000"
"Инвестиции в основной капитал(Тысяч тенге казахских)"	"2017 год"	"201712"	"ДЕНИСОВСКИЙ РАЙОН"	"0"	"сельская местность"	"0"	"Всего"	"0"	"Всего"	"0"	"6 870 536 000 000"
"Инвестиции в основной капитал(Тысяч тенге казахских)"	"2018 год"	"201812"	"ДЕНИСОВСКИЙ РАЙОН"	"0"	"сельская местность"	"0"	"Всего"	"0"	"Всего"	"0"	"6 206 156 000 000"
"Инвестиции в основной капитал(Тысяч тенге казахских)"	"2016 год"	"201612"	"БАЛХАШСКИЙ РАЙОН"	"0"	"сельская местность"	"0"	"Всего"	"0"	"Всего"	"0"	"1 388 435 000 000"
"Инвестиции в основной капитал(Тысяч тенге казахских)"	"2017 год"	"201712"	"БАЛХАШСКИЙ РАЙОН"	"0"	"сельская местность"	"0"	"Всего"	"0"	"Всего"	"0"	"2 702 237 000 000"
"Инвестиции в основной капитал(Тысяч тенге казахских)"	"2018 год"	"201812"	"БАЛХАШСКИЙ РАЙОН"	"0"	"сельская местность"	"0"	"Всего"	"0"	"Всего"	"0"	"5 970 847 000 000"
"Инвестиции в основной капитал(Тысяч тенге казахских)"	"2016 год"	"201612"	"ЖАМБЫЛСКИЙ РАЙОН"	"0"	"сельская местность"	"0"	"Всего"	"0"	"Всего"	"0"	"4 809 489 000 000"
"Инвестиции в основной капитал(Тысяч тенге казахских)"	"2017 год"	"201712"	"ЖАМБЫЛСКИЙ РАЙОН"	"0"	"сельская местность"	"0"	"Всего"	"0"	"Всего"	"0"	"5 656 180 000 000"
"Инвестиции в основной капитал(Тысяч тенге казахских)"	"2018 год"	"201812"	"ЖАМБЫЛСКИЙ РАЙОН"	"0"	"сельская местность"	"0"	"Всего"	"0"	"Всего"	"0"	"7 701 004 000 000"
"Инвестиции в основной капитал(Тысяч тенге казахских)"	"2016 год"	"201612"	"УИЛСКИЙ РАЙОН"	"0"	"сельская местность"	"0"	"Всего"	"0"	"Всего"	"0"	"3 128 009 000 000"
"Инвестиции в основной капитал(Тысяч тенге казахских)"	"2017 год"	"201712"	"УИЛСКИЙ РАЙОН"	"0"	"сельская местность"	"0"	"Всего"	"0"	"Всего"	"0"	"3 081 247 000 000"
"Инвестиции в основной капитал(Тысяч тенге казахских)"	"2018 год"	"201812"	"УИЛСКИЙ РАЙОН"	"0"	"сельская местность"	"0"	"Всего"	"0"	"Всего"	"0"	"3 096 335 000 000"
"Инвестиции в основной капитал(Тысяч тенге казахских)"	"2016 год"	"201612"	"КОРДАЙСКИЙ РАЙОН"	"0"	"сельская местность"	"0"	"Всего"	"0"	"Всего"	"0"	"16 896 434 000 000"
"Инвестиции в основной капитал(Тысяч тенге казахских)"	"2017 год"	"201712"	"КОРДАЙСКИЙ РАЙОН"	"0"	"сельская местность"	"0"	"Всего"	"0"	"Всего"	"0"	"19 548 959 000 000"
"Инвестиции в основной капитал(Тысяч тенге казахских)"	"2018 год"	"201812"	"КОРДАЙСКИЙ РАЙОН"	"0"	"сельская местность"	"0"	"Всего"	"0"	"Всего"	"0"	"21 622 393 000 000"
"Инвестиции в основной капитал(Тысяч тенге казахских)"	"2016 год"	"201612"	"БАЙКОНЫР Г.А."	"0"	"городская местность"	"0"	"Всего"	"0"	"Всего"	"0"	"301 765 000 000"
"Инвестиции в основной капитал(Тысяч тенге казахских)"	"2017 год"	"201712"	"БАЙКОНЫР Г.А."	"0"	"городская местность"	"0"	"Всего"	"0"	"Всего"	"0"	"38 004 000 000"
"Инвестиции в основной капитал(Тысяч тенге казахских)"	"2018 год"	"201812"	"БАЙКОНЫР Г.А."	"0"	"городская местность"	"0"	"Всего"	"0"	"Всего"	"0"	"70 724 000 000"
"Инвестиции в основной капитал(Тысяч тенге казахских)"	"2016 год"	"201612"	"КОСТАНАЙ Г.А."	"0"	"городская местность"	"0"	"Всего"	"0"	"Всего"	"0"	"39 530 837 000 000"
"Инвестиции в основной капитал(Тысяч тенге казахских)"	"2017 год"	"201712"	"КОСТАНАЙ Г.А."	"0"	"городская местность"	"0"	"Всего"	"0"	"Всего"	"0"	"59 287 169 000 000"
"Инвестиции в основной капитал(Тысяч тенге казахских)"	"2018 год"	"201812"	"КОСТАНАЙ Г.А."	"0"	"городская местность"	"0"	"Всего"	"0"	"Всего"	"0"	"72 039 568 000 000"
"Инвестиции в основной капитал(Тысяч тенге казахских)"	"2016 год"	"201612"	"ЕСИЛЬСКИЙ РАЙОН"	"0"	"сельская местность"	"0"	"Всего"	"0"	"Всего"	"0"	"4 363 894 000 000"
"Инвестиции в основной капитал(Тысяч тенге казахских)"	"2017 год"	"201712"	"ЕСИЛЬСКИЙ РАЙОН"	"0"	"сельская местность"	"0"	"Всего"	"0"	"Всего"	"0"	"5 124 522 000 000"
"Инвестиции в основной капитал(Тысяч тенге казахских)"	"2018 год"	"201812"	"ЕСИЛЬСКИЙ РАЙОН"	"0"	"сельская местность"	"0"	"Всего"	"0"	"Всего"	"0"	"6 208 370 000 000"
"Инвестиции в основной капитал(Тысяч тенге казахских)"	"2016 год"	"201612"	"АМАНГЕЛЬДИНСКИЙ РАЙОН"	"0"	"сельская местность"	"0"	"Всего"	"0"	"Всего"	"0"	"846 268 000 000"
"Инвестиции в основной капитал(Тысяч тенге казахских)"	"2017 год"	"201712"	"АМАНГЕЛЬДИНСКИЙ РАЙОН"	"0"	"сельская местность"	"0"	"Всего"	"0"	"Всего"	"0"	"2 152 492 000 000"
"Инвестиции в основной капитал(Тысяч тенге казахских)"	"2018 год"	"201812"	"АМАНГЕЛЬДИНСКИЙ РАЙОН"	"0"	"сельская местность"	"0"	"Всего"	"0"	"Всего"	"0"	"2 611 843 000 000"
"Инвестиции в основной капитал(Тысяч тенге казахских)"	"2016 год"	"201612"	"ТАРБАГАТАЙСКИЙ РАЙОН"	"0"	"сельская местность"	"0"	"Всего"	"0"	"Всего"	"0"	"3 479 519 000 000"
"Инвестиции в основной капитал(Тысяч тенге казахских)"	"2017 год"	"201712"	"ТАРБАГАТАЙСКИЙ РАЙОН"	"0"	"сельская местность"	"0"	"Всего"	"0"	"Всего"	"0"	"5 372 785 000 000"
"Инвестиции в основной капитал(Тысяч тенге казахских)"	"2018 год"	"201812"	"ТАРБАГАТАЙСКИЙ РАЙОН"	"0"	"сельская местность"	"0"	"Всего"	"0"	"Всего"	"0"	"6 756 062 000 000"
"Инвестиции в основной капитал(Тысяч тенге казахских)"	"2016 год"	"201612"	"ТЕРЕКТИНСКИЙ РАЙОН"	"0"	"сельская местность"	"0"	"Всего"	"0"	"Всего"	"0"	"3 882 624 000 000"
"Инвестиции в основной капитал(Тысяч тенге казахских)"	"2017 год"	"201712"	"ТЕРЕКТИНСКИЙ РАЙОН"	"0"	"сельская местность"	"0"	"Всего"	"0"	"Всего"	"0"	"4 828 210 000 000"
"Инвестиции в основной капитал(Тысяч тенге казахских)"	"2018 год"	"201812"	"ТЕРЕКТИНСКИЙ РАЙОН"	"0"	"сельская местность"	"0"	"Всего"	"0"	"Всего"	"0"	"6 955 668 000 000"
"Инвестиции в основной капитал(Тысяч тенге казахских)"	"2016 год"	"201612"	"ХРОМТАУСКИЙ РАЙОН"	"0"	"сельская местность"	"0"	"Всего"	"0"	"Всего"	"0"	"34 041 340 000 000"
"Инвестиции в основной капитал(Тысяч тенге казахских)"	"2017 год"	"201712"	"ХРОМТАУСКИЙ РАЙОН"	"0"	"сельская местность"	"0"	"Всего"	"0"	"Всего"	"0"	"38 859 404 000 000"
"Инвестиции в основной капитал(Тысяч тенге казахских)"	"2018 год"	"201812"	"ХРОМТАУСКИЙ РАЙОН"	"0"	"сельская местность"	"0"	"Всего"	"0"	"Всего"	"0"	"65 151 811 000 000"
"Инвестиции в основной капитал(Тысяч тенге казахских)"	"2016 год"	"201612"	"САЙРАМСКИЙ РАЙОН"	"0"	"сельская местность"	"0"	"Всего"	"0"	"Всего"	"0"	"17 722 764 000 000"
"Инвестиции в основной капитал(Тысяч тенге казахских)"	"2017 год"	"201712"	"САЙРАМСКИЙ РАЙОН"	"0"	"сельская местность"	"0"	"Всего"	"0"	"Всего"	"0"	"20 298 525 000 000"
"Инвестиции в основной капитал(Тысяч тенге казахских)"	"2016 год"	"201612"	"БАЯНАУЛЬСКИЙ РАЙОН"	"0"	"сельская местность"	"0"	"Всего"	"0"	"Всего"	"0"	"3 485 334 000 000"
"Инвестиции в основной капитал(Тысяч тенге казахских)"	"2017 год"	"201712"	"БАЯНАУЛЬСКИЙ РАЙОН"	"0"	"сельская местность"	"0"	"Всего"	"0"	"Всего"	"0"	"5 602 896 000 000"
"Инвестиции в основной капитал(Тысяч тенге казахских)"	"2018 год"	"201812"	"БАЯНАУЛЬСКИЙ РАЙОН"	"0"	"сельская местность"	"0"	"Всего"	"0"	"Всего"	"0"	"7 175 823 000 000"
"Инвестиции в основной капитал(Тысяч тенге казахских)"	"2016 год"	"201612"	"КАРАГАНДА Г.А."	"0"	"городская местность"	"0"	"Всего"	"0"	"Всего"	"0"	"95 294 472 000 000"
"Инвестиции в основной капитал(Тысяч тенге казахских)"	"2017 год"	"201712"	"КАРАГАНДА Г.А."	"0"	"городская местность"	"0"	"Всего"	"0"	"Всего"	"0"	"105 736 760 000 000"
"Инвестиции в основной капитал(Тысяч тенге казахских)"	"2018 год"	"201812"	"КАРАГАНДА Г.А."	"0"	"городская местность"	"0"	"Всего"	"0"	"Всего"	"0"	"119 737 257 000 000"
"Инвестиции в основной капитал(Тысяч тенге казахских)"	"2016 год"	"201612"	"ХОБДИНСКИЙ РАЙОН"	"0"	"сельская местность"	"0"	"Всего"	"0"	"Всего"	"0"	"3 086 787 000 000"
"Инвестиции в основной капитал(Тысяч тенге казахских)"	"2017 год"	"201712"	"ХОБДИНСКИЙ РАЙОН"	"0"	"сельская местность"	"0"	"Всего"	"0"	"Всего"	"0"	"3 777 919 000 000"
"Инвестиции в основной капитал(Тысяч тенге казахских)"	"2018 год"	"201812"	"ХОБДИНСКИЙ РАЙОН"	"0"	"сельская местность"	"0"	"Всего"	"0"	"Всего"	"0"	"4 054 630 000 000"
"Инвестиции в основной капитал(Тысяч тенге казахских)"	"2016 год"	"201612"	"БОКЕЙОРДИНСКИЙ РАЙОН"	"0"	"сельская местность"	"0"	"Всего"	"0"	"Всего"	"0"	"603 746 000 000"
"Инвестиции в основной капитал(Тысяч тенге казахских)"	"2017 год"	"201712"	"БОКЕЙОРДИНСКИЙ РАЙОН"	"0"	"сельская местность"	"0"	"Всего"	"0"	"Всего"	"0"	"2 198 355 000 000"
"Инвестиции в основной капитал(Тысяч тенге казахских)"	"2018 год"	"201812"	"БОКЕЙОРДИНСКИЙ РАЙОН"	"0"	"сельская местность"	"0"	"Всего"	"0"	"Всего"	"0"	"3 072 879 000 000"
"Инвестиции в основной капитал(Тысяч тенге казахских)"	"2016 год"	"201612"	"АРКАЛЫК Г.А."	"0"	"городская местность"	"0"	"Всего"	"0"	"Всего"	"0"	"2 260 784 000 000"
"Инвестиции в основной капитал(Тысяч тенге казахских)"	"2017 год"	"201712"	"АРКАЛЫК Г.А."	"0"	"городская местность"	"0"	"Всего"	"0"	"Всего"	"0"	"3 113 702 000 000"
"Инвестиции в основной капитал(Тысяч тенге казахских)"	"2018 год"	"201812"	"АРКАЛЫК Г.А."	"0"	"городская местность"	"0"	"Всего"	"0"	"Всего"	"0"	"3 700 846 000 000"
"Инвестиции в основной капитал(Тысяч тенге казахских)"	"2016 год"	"201612"	"ТАЛАССКИЙ РАЙОН"	"0"	"городская местность"	"0"	"Всего"	"0"	"Всего"	"0"	"5 190 791 000 000"
"Инвестиции в основной капитал(Тысяч тенге казахских)"	"2017 год"	"201712"	"ТАЛАССКИЙ РАЙОН"	"0"	"городская местность"	"0"	"Всего"	"0"	"Всего"	"0"	"5 176 686 000 000"
"Инвестиции в основной капитал(Тысяч тенге казахских)"	"2018 год"	"201812"	"ТАЛАССКИЙ РАЙОН"	"0"	"городская местность"	"0"	"Всего"	"0"	"Всего"	"0"	"9 647 690 000 000"
"Инвестиции в основной капитал(Тысяч тенге казахских)"	"2016 год"	"201612"	"КОСТАНАЙСКИЙ РАЙОН"	"0"	"сельская местность"	"0"	"Всего"	"0"	"Всего"	"0"	"9 908 084 000 000"
"Инвестиции в основной капитал(Тысяч тенге казахских)"	"2017 год"	"201712"	"КОСТАНАЙСКИЙ РАЙОН"	"0"	"сельская местность"	"0"	"Всего"	"0"	"Всего"	"0"	"11 408 191 000 000"
"Инвестиции в основной капитал(Тысяч тенге казахских)"	"2018 год"	"201812"	"КОСТАНАЙСКИЙ РАЙОН"	"0"	"сельская местность"	"0"	"Всего"	"0"	"Всего"	"0"	"13 268 021 000 000"
"Инвестиции в основной капитал(Тысяч тенге казахских)"	"2016 год"	"201612"	"ЖАМБЫЛСКИЙ РАЙОН"	"0"	"сельская местность"	"0"	"Всего"	"0"	"Всего"	"0"	"21 294 707 000 000"
"Инвестиции в основной капитал(Тысяч тенге казахских)"	"2017 год"	"201712"	"ЖАМБЫЛСКИЙ РАЙОН"	"0"	"сельская местность"	"0"	"Всего"	"0"	"Всего"	"0"	"22 519 841 000 000"
"Инвестиции в основной капитал(Тысяч тенге казахских)"	"2018 год"	"201812"	"ЖАМБЫЛСКИЙ РАЙОН"	"0"	"сельская местность"	"0"	"Всего"	"0"	"Всего"	"0"	"29 260 922 000 000"
"Инвестиции в основной капитал(Тысяч тенге казахских)"	"2016 год"	"201612"	"КАРАЖАЛ Г.А."	"0"	"городская местность"	"0"	"Всего"	"0"	"Всего"	"0"	"10 830 017 000 000"
"Инвестиции в основной капитал(Тысяч тенге казахских)"	"2017 год"	"201712"	"КАРАЖАЛ Г.А."	"0"	"городская местность"	"0"	"Всего"	"0"	"Всего"	"0"	"12 694 828 000 000"
"Инвестиции в основной капитал(Тысяч тенге казахских)"	"2018 год"	"201812"	"КАРАЖАЛ Г.А."	"0"	"городская местность"	"0"	"Всего"	"0"	"Всего"	"0"	"31 390 559 000 000"
"Инвестиции в основной капитал(Тысяч тенге казахских)"	"2016 год"	"201612"	"РАЙОН АЛМАТЫ"	"0"	"городская местность"	"0"	"Всего"	"0"	"Всего"	"0"	"181 891 265 000 000"
"Инвестиции в основной капитал(Тысяч тенге казахских)"	"2017 год"	"201712"	"РАЙОН АЛМАТЫ"	"0"	"городская местность"	"0"	"Всего"	"0"	"Всего"	"0"	"149 841 395 000 000"
"Инвестиции в основной капитал(Тысяч тенге казахских)"	"2018 год"	"201812"	"РАЙОН АЛМАТЫ"	"0"	"городская местность"	"0"	"Всего"	"0"	"Всего"	"0"	"145 018 890 000 000"
"Инвестиции в основной капитал(Тысяч тенге казахских)"	"2016 год"	"201612"	"ТАСКАЛИНСКИЙ РАЙОН"	"0"	"сельская местность"	"0"	"Всего"	"0"	"Всего"	"0"	"2 795 819 000 000"
"Инвестиции в основной капитал(Тысяч тенге казахских)"	"2017 год"	"201712"	"ТАСКАЛИНСКИЙ РАЙОН"	"0"	"сельская местность"	"0"	"Всего"	"0"	"Всего"	"0"	"8 463 882 000 000"
"Инвестиции в основной капитал(Тысяч тенге казахских)"	"2018 год"	"201812"	"ТАСКАЛИНСКИЙ РАЙОН"	"0"	"сельская местность"	"0"	"Всего"	"0"	"Всего"	"0"	"12 444 383 000 000"
"Инвестиции в основной капитал(Тысяч тенге казахских)"	"2016 год"	"201612"	"НАУРЫЗБАЙСКИЙ РАЙОН"	"0"	"городская местность"	"0"	"Всего"	"0"	"Всего"	"0"	"21 989 737 000 000"
"Инвестиции в основной капитал(Тысяч тенге казахских)"	"2017 год"	"201712"	"НАУРЫЗБАЙСКИЙ РАЙОН"	"0"	"городская местность"	"0"	"Всего"	"0"	"Всего"	"0"	"30 904 562 000 000"
"Инвестиции в основной капитал(Тысяч тенге казахских)"	"2018 год"	"201812"	"НАУРЫЗБАЙСКИЙ РАЙОН"	"0"	"городская местность"	"0"	"Всего"	"0"	"Всего"	"0"	"37 568 703 000 000"
"Инвестиции в основной капитал(Тысяч тенге казахских)"	"2016 год"	"201612"	"КОКСУСКИЙ РАЙОН"	"0"	"сельская местность"	"0"	"Всего"	"0"	"Всего"	"0"	"13 240 764 000 000"
"Инвестиции в основной капитал(Тысяч тенге казахских)"	"2017 год"	"201712"	"КОКСУСКИЙ РАЙОН"	"0"	"сельская местность"	"0"	"Всего"	"0"	"Всего"	"0"	"23 800 787 000 000"
"Инвестиции в основной капитал(Тысяч тенге казахских)"	"2018 год"	"201812"	"КОКСУСКИЙ РАЙОН"	"0"	"сельская местность"	"0"	"Всего"	"0"	"Всего"	"0"	"8 404 529 000 000"
"Инвестиции в основной капитал(Тысяч тенге казахских)"	"2016 год"	"201612"	"РАЙОН ЕСИЛЬ"	"0"	"городская местность"	"0"	"Всего"	"0"	"Всего"	"0"	"515 970 835 000 000"
"Инвестиции в основной капитал(Тысяч тенге казахских)"	"2017 год"	"201712"	"РАЙОН ЕСИЛЬ"	"0"	"городская местность"	"0"	"Всего"	"0"	"Всего"	"0"	"633 911 500 000 000"
"Инвестиции в основной капитал(Тысяч тенге казахских)"	"2018 год"	"201812"	"РАЙОН ЕСИЛЬ"	"0"	"городская местность"	"0"	"Всего"	"0"	"Всего"	"0"	"673 599 015 000 000"
"Инвестиции в основной капитал(Тысяч тенге казахских)"	"2016 год"	"201612"	"АБАЙСКИЙ РАЙОН"	"0"	"городская местность"	"0"	"Всего"	"0"	"Всего"	"0"	"5 247 172 000 000"
"Инвестиции в основной капитал(Тысяч тенге казахских)"	"2017 год"	"201712"	"АБАЙСКИЙ РАЙОН"	"0"	"городская местность"	"0"	"Всего"	"0"	"Всего"	"0"	"5 657 720 000 000"
"Инвестиции в основной капитал(Тысяч тенге казахских)"	"2018 год"	"201812"	"АБАЙСКИЙ РАЙОН"	"0"	"городская местность"	"0"	"Всего"	"0"	"Всего"	"0"	"8 654 195 000 000"
"Инвестиции в основной капитал(Тысяч тенге казахских)"	"2016 год"	"201612"	"ЖАНАОЗЕН Г.А."	"0"	"городская местность"	"0"	"Всего"	"0"	"Всего"	"0"	"17 188 624 000 000"
"Инвестиции в основной капитал(Тысяч тенге казахских)"	"2017 год"	"201712"	"ЖАНАОЗЕН Г.А."	"0"	"городская местность"	"0"	"Всего"	"0"	"Всего"	"0"	"27 899 705 000 000"
"Инвестиции в основной капитал(Тысяч тенге казахских)"	"2018 год"	"201812"	"ЖАНАОЗЕН Г.А."	"0"	"городская местность"	"0"	"Всего"	"0"	"Всего"	"0"	"28 636 959 000 000"
"Инвестиции в основной капитал(Тысяч тенге казахских)"	"2016 год"	"201612"	"ЕНБЕКШИКАЗАХСКИЙ РАЙОН"	"0"	"городская местность"	"0"	"Всего"	"0"	"Всего"	"0"	"3 364 781 000 000"
"Инвестиции в основной капитал(Тысяч тенге казахских)"	"2017 год"	"201712"	"ЕНБЕКШИКАЗАХСКИЙ РАЙОН"	"0"	"городская местность"	"0"	"Всего"	"0"	"Всего"	"0"	"8 860 418 000 000"
"Инвестиции в основной капитал(Тысяч тенге казахских)"	"2018 год"	"201812"	"ЕНБЕКШИКАЗАХСКИЙ РАЙОН"	"0"	"городская местность"	"0"	"Всего"	"0"	"Всего"	"0"	"7 358 206 000 000"
"Инвестиции в основной капитал(Тысяч тенге казахских)"	"2016 год"	"201612"	"ЖИТИКАРИНСКИЙ РАЙОН"	"0"	"сельская местность"	"0"	"Всего"	"0"	"Всего"	"0"	"2 736 615 000 000"
"Инвестиции в основной капитал(Тысяч тенге казахских)"	"2017 год"	"201712"	"ЖИТИКАРИНСКИЙ РАЙОН"	"0"	"сельская местность"	"0"	"Всего"	"0"	"Всего"	"0"	"4 183 814 000 000"
"Инвестиции в основной капитал(Тысяч тенге казахских)"	"2018 год"	"201812"	"ЖИТИКАРИНСКИЙ РАЙОН"	"0"	"сельская местность"	"0"	"Всего"	"0"	"Всего"	"0"	"5 142 768 000 000"
"Инвестиции в основной капитал(Тысяч тенге казахских)"	"2016 год"	"201612"	"СУЗАКСКИЙ РАЙОН"	"0"	"сельская местность"	"0"	"Всего"	"0"	"Всего"	"0"	"33 948 287 000 000"
"Инвестиции в основной капитал(Тысяч тенге казахских)"	"2017 год"	"201712"	"СУЗАКСКИЙ РАЙОН"	"0"	"сельская местность"	"0"	"Всего"	"0"	"Всего"	"0"	"38 910 316 000 000"
"Инвестиции в основной капитал(Тысяч тенге казахских)"	"2016 год"	"201612"	"РЕСПУБЛИКА КАЗАХСТАН"	"0"	"сельская местность"	"0"	"Всего"	"0"	"Всего"	"0"	"3 581 055 427 000 000"
"Инвестиции в основной капитал(Тысяч тенге казахских)"	"2017 год"	"201712"	"РЕСПУБЛИКА КАЗАХСТАН"	"0"	"сельская местность"	"0"	"Всего"	"0"	"Всего"	"0"	"4 480 940 458 000 000"
"Инвестиции в основной капитал(Тысяч тенге казахских)"	"2018 год"	"201812"	"РЕСПУБЛИКА КАЗАХСТАН"	"0"	"сельская местность"	"0"	"Всего"	"0"	"Всего"	"0"	"6 268 920 469 000 000"
"Инвестиции в основной капитал(Тысяч тенге казахских)"	"2016 год"	"201612"	"РЕСПУБЛИКА КАЗАХСТАН"	"0"	"городская местность"	"0"	"Всего"	"0"	"Всего"	"0"	"4 181 247 545 000 000"
"Инвестиции в основной капитал(Тысяч тенге казахских)"	"2017 год"	"201712"	"РЕСПУБЛИКА КАЗАХСТАН"	"0"	"городская местность"	"0"	"Всего"	"0"	"Всего"	"0"	"4 289 631 833 000 000"
"Инвестиции в основной капитал(Тысяч тенге казахских)"	"2018 год"	"201812"	"РЕСПУБЛИКА КАЗАХСТАН"	"0"	"городская местность"	"0"	"Всего"	"0"	"Всего"	"0"	"4 910 115 573 000 000"
"Инвестиции в основной капитал(Тысяч тенге казахских)"	"2016 год"	"201612"	"МАМЛЮТСКИЙ РАЙОН"	"0"	"сельская местность"	"0"	"Всего"	"0"	"Всего"	"0"	"1 445 301 000 000"
"Инвестиции в основной капитал(Тысяч тенге казахских)"	"2017 год"	"201712"	"МАМЛЮТСКИЙ РАЙОН"	"0"	"сельская местность"	"0"	"Всего"	"0"	"Всего"	"0"	"1 571 260 000 000"
"Инвестиции в основной капитал(Тысяч тенге казахских)"	"2018 год"	"201812"	"МАМЛЮТСКИЙ РАЙОН"	"0"	"сельская местность"	"0"	"Всего"	"0"	"Всего"	"0"	"4 029 683 000 000"
"Инвестиции в основной капитал(Тысяч тенге казахских)"	"2016 год"	"201612"	"ЖАРМИНСКИЙ РАЙОН"	"0"	"сельская местность"	"0"	"Всего"	"0"	"Всего"	"0"	"29 106 472 000 000"
"Инвестиции в основной капитал(Тысяч тенге казахских)"	"2017 год"	"201712"	"ЖАРМИНСКИЙ РАЙОН"	"0"	"сельская местность"	"0"	"Всего"	"0"	"Всего"	"0"	"64 805 343 000 000"
"Инвестиции в основной капитал(Тысяч тенге казахских)"	"2018 год"	"201812"	"ЖАРМИНСКИЙ РАЙОН"	"0"	"сельская местность"	"0"	"Всего"	"0"	"Всего"	"0"	"55 686 548 000 000"
"Инвестиции в основной капитал(Тысяч тенге казахских)"	"2016 год"	"201612"	"КАЗЫГУРТСКИЙ РАЙОН"	"0"	"сельская местность"	"0"	"Всего"	"0"	"Всего"	"0"	"14 281 399 000 000"
"Инвестиции в основной капитал(Тысяч тенге казахских)"	"2017 год"	"201712"	"КАЗЫГУРТСКИЙ РАЙОН"	"0"	"сельская местность"	"0"	"Всего"	"0"	"Всего"	"0"	"15 365 581 000 000"
"Инвестиции в основной капитал(Тысяч тенге казахских)"	"2016 год"	"201612"	"АЛТЫНСАРИНСКИЙ РАЙОН"	"0"	"сельская местность"	"0"	"Всего"	"0"	"Всего"	"0"	"1 291 126 000 000"
"Инвестиции в основной капитал(Тысяч тенге казахских)"	"2017 год"	"201712"	"АЛТЫНСАРИНСКИЙ РАЙОН"	"0"	"сельская местность"	"0"	"Всего"	"0"	"Всего"	"0"	"1 405 469 000 000"
"Инвестиции в основной капитал(Тысяч тенге казахских)"	"2018 год"	"201812"	"АЛТЫНСАРИНСКИЙ РАЙОН"	"0"	"сельская местность"	"0"	"Всего"	"0"	"Всего"	"0"	"1 813 934 000 000"
"Инвестиции в основной капитал(Тысяч тенге казахских)"	"2016 год"	"201612"	"БАЙЗАКСКИЙ РАЙОН"	"0"	"сельская местность"	"0"	"Всего"	"0"	"Всего"	"0"	"8 688 737 000 000"
"Инвестиции в основной капитал(Тысяч тенге казахских)"	"2017 год"	"201712"	"БАЙЗАКСКИЙ РАЙОН"	"0"	"сельская местность"	"0"	"Всего"	"0"	"Всего"	"0"	"10 659 948 000 000"
"Инвестиции в основной капитал(Тысяч тенге казахских)"	"2018 год"	"201812"	"БАЙЗАКСКИЙ РАЙОН"	"0"	"сельская местность"	"0"	"Всего"	"0"	"Всего"	"0"	"13 963 900 000 000"
"Инвестиции в основной капитал(Тысяч тенге казахских)"	"2016 год"	"201612"	"ОТРАРСКИЙ РАЙОН"	"0"	"сельская местность"	"0"	"Всего"	"0"	"Всего"	"0"	"13 188 085 000 000"
"Инвестиции в основной капитал(Тысяч тенге казахских)"	"2017 год"	"201712"	"ОТРАРСКИЙ РАЙОН"	"0"	"сельская местность"	"0"	"Всего"	"0"	"Всего"	"0"	"13 898 864 000 000"
"Инвестиции в основной капитал(Тысяч тенге казахских)"	"2016 год"	"201612"	"ГЛУБОКОВСКИЙ РАЙОН"	"0"	"сельская местность"	"0"	"Всего"	"0"	"Всего"	"0"	"15 204 391 000 000"
"Инвестиции в основной капитал(Тысяч тенге казахских)"	"2017 год"	"201712"	"ГЛУБОКОВСКИЙ РАЙОН"	"0"	"сельская местность"	"0"	"Всего"	"0"	"Всего"	"0"	"11 921 738 000 000"
"Инвестиции в основной капитал(Тысяч тенге казахских)"	"2018 год"	"201812"	"ГЛУБОКОВСКИЙ РАЙОН"	"0"	"сельская местность"	"0"	"Всего"	"0"	"Всего"	"0"	"14 822 903 000 000"
"Инвестиции в основной капитал(Тысяч тенге казахских)"	"2016 год"	"201612"	"УАЛИХАНОВСКИЙ РАЙОН"	"0"	"сельская местность"	"0"	"Всего"	"0"	"Всего"	"0"	"3 194 587 000 000"
"Инвестиции в основной капитал(Тысяч тенге казахских)"	"2017 год"	"201712"	"УАЛИХАНОВСКИЙ РАЙОН"	"0"	"сельская местность"	"0"	"Всего"	"0"	"Всего"	"0"	"3 644 649 000 000"
"Инвестиции в основной капитал(Тысяч тенге казахских)"	"2018 год"	"201812"	"УАЛИХАНОВСКИЙ РАЙОН"	"0"	"сельская местность"	"0"	"Всего"	"0"	"Всего"	"0"	"5 239 016 000 000"
"Инвестиции в основной капитал(Тысяч тенге казахских)"	"2016 год"	"201612"	"РАЙОН БИРЖАН САЛ"	"0"	"сельская местность"	"0"	"Всего"	"0"	"Всего"	"0"	"5 578 909 000 000"
"Инвестиции в основной капитал(Тысяч тенге казахских)"	"2017 год"	"201712"	"РАЙОН БИРЖАН САЛ"	"0"	"сельская местность"	"0"	"Всего"	"0"	"Всего"	"0"	"7 512 791 000 000"
"Инвестиции в основной капитал(Тысяч тенге казахских)"	"2018 год"	"201812"	"РАЙОН БИРЖАН САЛ"	"0"	"сельская местность"	"0"	"Всего"	"0"	"Всего"	"0"	"4 049 206 000 000"
"Инвестиции в основной капитал(Тысяч тенге казахских)"	"2016 год"	"201612"	"ҚОНАЕВ Г.А."	"0"	"городская местность"	"0"	"Всего"	"0"	"Всего"	"0"	"17 952 462 000 000"
"Инвестиции в основной капитал(Тысяч тенге казахских)"	"2017 год"	"201712"	"ҚОНАЕВ Г.А."	"0"	"городская местность"	"0"	"Всего"	"0"	"Всего"	"0"	"15 333 820 000 000"
"Инвестиции в основной капитал(Тысяч тенге казахских)"	"2018 год"	"201812"	"ҚОНАЕВ Г.А."	"0"	"городская местность"	"0"	"Всего"	"0"	"Всего"	"0"	"17 520 353 000 000"
"Инвестиции в основной капитал(Тысяч тенге казахских)"	"2016 год"	"201612"	"КАРГАЛИНСКИЙ РАЙОН"	"0"	"сельская местность"	"0"	"Всего"	"0"	"Всего"	"0"	"2 440 999 000 000"
"Инвестиции в основной капитал(Тысяч тенге казахских)"	"2017 год"	"201712"	"КАРГАЛИНСКИЙ РАЙОН"	"0"	"сельская местность"	"0"	"Всего"	"0"	"Всего"	"0"	"4 041 177 000 000"
"Инвестиции в основной капитал(Тысяч тенге казахских)"	"2018 год"	"201812"	"КАРГАЛИНСКИЙ РАЙОН"	"0"	"сельская местность"	"0"	"Всего"	"0"	"Всего"	"0"	"5 885 187 000 000"
"Инвестиции в основной капитал(Тысяч тенге казахских)"	"2016 год"	"201612"	"БУРЛИНСКИЙ РАЙОН"	"0"	"городская местность"	"0"	"Всего"	"0"	"Всего"	"0"	"29 184 173 000 000"
"Инвестиции в основной капитал(Тысяч тенге казахских)"	"2017 год"	"201712"	"БУРЛИНСКИЙ РАЙОН"	"0"	"городская местность"	"0"	"Всего"	"0"	"Всего"	"0"	"28 149 544 000 000"
"Инвестиции в основной капитал(Тысяч тенге казахских)"	"2018 год"	"201812"	"БУРЛИНСКИЙ РАЙОН"	"0"	"городская местность"	"0"	"Всего"	"0"	"Всего"	"0"	"27 090 172 000 000"
"Инвестиции в основной капитал(Тысяч тенге казахских)"	"2016 год"	"201612"	"РАЙОН БӘЙТЕРЕК"	"0"	"сельская местность"	"0"	"Всего"	"0"	"Всего"	"0"	"112 396 684 000 000"
"Инвестиции в основной капитал(Тысяч тенге казахских)"	"2017 год"	"201712"	"РАЙОН БӘЙТЕРЕК"	"0"	"сельская местность"	"0"	"Всего"	"0"	"Всего"	"0"	"91 550 603 000 000"
"Инвестиции в основной капитал(Тысяч тенге казахских)"	"2018 год"	"201812"	"РАЙОН БӘЙТЕРЕК"	"0"	"сельская местность"	"0"	"Всего"	"0"	"Всего"	"0"	"104 765 881 000 000"
"Инвестиции в основной капитал(Тысяч тенге казахских)"	"2016 год"	"201612"	"АЙТЕКЕБИЙСКИЙ РАЙОН"	"0"	"сельская местность"	"0"	"Всего"	"0"	"Всего"	"0"	"5 288 497 000 000"
"Инвестиции в основной капитал(Тысяч тенге казахских)"	"2017 год"	"201712"	"АЙТЕКЕБИЙСКИЙ РАЙОН"	"0"	"сельская местность"	"0"	"Всего"	"0"	"Всего"	"0"	"4 699 817 000 000"
"Инвестиции в основной капитал(Тысяч тенге казахских)"	"2018 год"	"201812"	"АЙТЕКЕБИЙСКИЙ РАЙОН"	"0"	"сельская местность"	"0"	"Всего"	"0"	"Всего"	"0"	"5 108 975 000 000"
"Инвестиции в основной капитал(Тысяч тенге казахских)"	"2016 год"	"201612"	"АБАЙСКИЙ РАЙОН"	"0"	"сельская местность"	"0"	"Всего"	"0"	"Всего"	"0"	"3 406 604 000 000"
"Инвестиции в основной капитал(Тысяч тенге казахских)"	"2017 год"	"201712"	"АБАЙСКИЙ РАЙОН"	"0"	"сельская местность"	"0"	"Всего"	"0"	"Всего"	"0"	"7 364 947 000 000"
"Инвестиции в основной капитал(Тысяч тенге казахских)"	"2018 год"	"201812"	"АБАЙСКИЙ РАЙОН"	"0"	"сельская местность"	"0"	"Всего"	"0"	"Всего"	"0"	"8 518 610 000 000"
"Инвестиции в основной капитал(Тысяч тенге казахских)"	"2016 год"	"201612"	"РАЙОН ИМ.ГАБИТА МУСРЕПОВА"	"0"	"сельская местность"	"0"	"Всего"	"0"	"Всего"	"0"	"33 649 268 000 000"
"Инвестиции в основной капитал(Тысяч тенге казахских)"	"2017 год"	"201712"	"РАЙОН ИМ.ГАБИТА МУСРЕПОВА"	"0"	"сельская местность"	"0"	"Всего"	"0"	"Всего"	"0"	"37 200 615 000 000"
"Инвестиции в основной капитал(Тысяч тенге казахских)"	"2018 год"	"201812"	"РАЙОН ИМ.ГАБИТА МУСРЕПОВА"	"0"	"сельская местность"	"0"	"Всего"	"0"	"Всего"	"0"	"25 808 432 000 000"
"Инвестиции в основной капитал(Тысяч тенге казахских)"	"2016 год"	"201612"	"ЖЕЗКАЗГАН Г.А."	"0"	"сельская местность"	"0"	"Всего"	"0"	"Всего"	"0"	"3 271 969 000 000"
"Инвестиции в основной капитал(Тысяч тенге казахских)"	"2017 год"	"201712"	"ЖЕЗКАЗГАН Г.А."	"0"	"сельская местность"	"0"	"Всего"	"0"	"Всего"	"0"	"239 835 000 000"
"Инвестиции в основной капитал(Тысяч тенге казахских)"	"2018 год"	"201812"	"ЖЕЗКАЗГАН Г.А."	"0"	"сельская местность"	"0"	"Всего"	"0"	"Всего"	"0"	"2 417 077 000 000"
"Инвестиции в основной капитал(Тысяч тенге казахских)"	"2016 год"	"201612"	"РАЙОН ШАЛ АКЫНА"	"0"	"сельская местность"	"0"	"Всего"	"0"	"Всего"	"0"	"2 248 773 000 000"
"Инвестиции в основной капитал(Тысяч тенге казахских)"	"2017 год"	"201712"	"РАЙОН ШАЛ АКЫНА"	"0"	"сельская местность"	"0"	"Всего"	"0"	"Всего"	"0"	"2 098 839 000 000"
"Инвестиции в основной капитал(Тысяч тенге казахских)"	"2018 год"	"201812"	"РАЙОН ШАЛ АКЫНА"	"0"	"сельская местность"	"0"	"Всего"	"0"	"Всего"	"0"	"3 455 316 000 000"
"Инвестиции в основной капитал(Тысяч тенге казахских)"	"2016 год"	"201612"	"НАУРЗУМСКИЙ РАЙОН"	"0"	"сельская местность"	"0"	"Всего"	"0"	"Всего"	"0"	"959 754 000 000"
"Инвестиции в основной капитал(Тысяч тенге казахских)"	"2017 год"	"201712"	"НАУРЗУМСКИЙ РАЙОН"	"0"	"сельская местность"	"0"	"Всего"	"0"	"Всего"	"0"	"1 099 752 000 000"
"Инвестиции в основной капитал(Тысяч тенге казахских)"	"2018 год"	"201812"	"НАУРЗУМСКИЙ РАЙОН"	"0"	"сельская местность"	"0"	"Всего"	"0"	"Всего"	"0"	"1 294 639 000 000"
"Инвестиции в основной капитал(Тысяч тенге казахских)"	"2016 год"	"201612"	"КАРКАРАЛИНСКИЙ РАЙОН"	"0"	"сельская местность"	"0"	"Всего"	"0"	"Всего"	"0"	"15 704 640 000 000"
"Инвестиции в основной капитал(Тысяч тенге казахских)"	"2017 год"	"201712"	"КАРКАРАЛИНСКИЙ РАЙОН"	"0"	"сельская местность"	"0"	"Всего"	"0"	"Всего"	"0"	"5 086 148 000 000"
"Инвестиции в основной капитал(Тысяч тенге казахских)"	"2018 год"	"201812"	"КАРКАРАЛИНСКИЙ РАЙОН"	"0"	"сельская местность"	"0"	"Всего"	"0"	"Всего"	"0"	"3 345 862 000 000"
"Инвестиции в основной капитал(Тысяч тенге казахских)"	"2016 год"	"201612"	"ТЕМИРСКИЙ РАЙОН"	"0"	"сельская местность"	"0"	"Всего"	"0"	"Всего"	"0"	"10 586 291 000 000"
"Инвестиции в основной капитал(Тысяч тенге казахских)"	"2017 год"	"201712"	"ТЕМИРСКИЙ РАЙОН"	"0"	"сельская местность"	"0"	"Всего"	"0"	"Всего"	"0"	"27 636 963 000 000"
"Инвестиции в основной капитал(Тысяч тенге казахских)"	"2018 год"	"201812"	"ТЕМИРСКИЙ РАЙОН"	"0"	"сельская местность"	"0"	"Всего"	"0"	"Всего"	"0"	"43 325 069 000 000"
"Инвестиции в основной капитал(Тысяч тенге казахских)"	"2016 год"	"201612"	"КОКПЕКТИНСКИЙ РАЙОН"	"0"	"сельская местность"	"0"	"Всего"	"0"	"Всего"	"0"	"1 471 479 000 000"
"Инвестиции в основной капитал(Тысяч тенге казахских)"	"2017 год"	"201712"	"КОКПЕКТИНСКИЙ РАЙОН"	"0"	"сельская местность"	"0"	"Всего"	"0"	"Всего"	"0"	"3 919 016 000 000"
"Инвестиции в основной капитал(Тысяч тенге казахских)"	"2018 год"	"201812"	"КОКПЕКТИНСКИЙ РАЙОН"	"0"	"сельская местность"	"0"	"Всего"	"0"	"Всего"	"0"	"4 864 006 000 000"
"Инвестиции в основной капитал(Тысяч тенге казахских)"	"2016 год"	"201612"	"МОЙЫНКУМСКИЙ РАЙОН"	"0"	"сельская местность"	"0"	"Всего"	"0"	"Всего"	"0"	"9 677 595 000 000"
"Инвестиции в основной капитал(Тысяч тенге казахских)"	"2017 год"	"201712"	"МОЙЫНКУМСКИЙ РАЙОН"	"0"	"сельская местность"	"0"	"Всего"	"0"	"Всего"	"0"	"10 051 069 000 000"
"Инвестиции в основной капитал(Тысяч тенге казахских)"	"2018 год"	"201812"	"МОЙЫНКУМСКИЙ РАЙОН"	"0"	"сельская местность"	"0"	"Всего"	"0"	"Всего"	"0"	"14 561 146 000 000"
"Инвестиции в основной капитал(Тысяч тенге казахских)"	"2016 год"	"201612"	"КАРАТОБИНСКИЙ РАЙОН"	"0"	"сельская местность"	"0"	"Всего"	"0"	"Всего"	"0"	"315 907 000 000"
"Инвестиции в основной капитал(Тысяч тенге казахских)"	"2017 год"	"201712"	"КАРАТОБИНСКИЙ РАЙОН"	"0"	"сельская местность"	"0"	"Всего"	"0"	"Всего"	"0"	"1 218 118 000 000"
"Инвестиции в основной капитал(Тысяч тенге казахских)"	"2018 год"	"201812"	"КАРАТОБИНСКИЙ РАЙОН"	"0"	"сельская местность"	"0"	"Всего"	"0"	"Всего"	"0"	"988 690 000 000"
"Инвестиции в основной капитал(Тысяч тенге казахских)"	"2016 год"	"201612"	"ШАЛКАРСКИЙ РАЙОН"	"0"	"сельская местность"	"0"	"Всего"	"0"	"Всего"	"0"	"13 105 042 000 000"
"Инвестиции в основной капитал(Тысяч тенге казахских)"	"2017 год"	"201712"	"ШАЛКАРСКИЙ РАЙОН"	"0"	"сельская местность"	"0"	"Всего"	"0"	"Всего"	"0"	"39 427 923 000 000"
"Инвестиции в основной капитал(Тысяч тенге казахских)"	"2018 год"	"201812"	"ШАЛКАРСКИЙ РАЙОН"	"0"	"сельская местность"	"0"	"Всего"	"0"	"Всего"	"0"	"16 130 316 000 000"
"Инвестиции в основной капитал(Тысяч тенге казахских)"	"2016 год"	"201612"	"УЗУНКОЛЬСКИЙ РАЙОН"	"0"	"сельская местность"	"0"	"Всего"	"0"	"Всего"	"0"	"4 465 181 000 000"
"Инвестиции в основной капитал(Тысяч тенге казахских)"	"2017 год"	"201712"	"УЗУНКОЛЬСКИЙ РАЙОН"	"0"	"сельская местность"	"0"	"Всего"	"0"	"Всего"	"0"	"4 998 149 000 000"
"Инвестиции в основной капитал(Тысяч тенге казахских)"	"2018 год"	"201812"	"УЗУНКОЛЬСКИЙ РАЙОН"	"0"	"сельская местность"	"0"	"Всего"	"0"	"Всего"	"0"	"5 816 962 000 000"
"Инвестиции в основной капитал(Тысяч тенге казахских)"	"2016 год"	"201612"	"ФЕДОРОВСКИЙ РАЙОН"	"0"	"сельская местность"	"0"	"Всего"	"0"	"Всего"	"0"	"4 090 360 000 000"
"Инвестиции в основной капитал(Тысяч тенге казахских)"	"2017 год"	"201712"	"ФЕДОРОВСКИЙ РАЙОН"	"0"	"сельская местность"	"0"	"Всего"	"0"	"Всего"	"0"	"4 647 298 000 000"
"Инвестиции в основной капитал(Тысяч тенге казахских)"	"2018 год"	"201812"	"ФЕДОРОВСКИЙ РАЙОН"	"0"	"сельская местность"	"0"	"Всего"	"0"	"Всего"	"0"	"5 733 025 000 000"
"Инвестиции в основной капитал(Тысяч тенге казахских)"	"2016 год"	"201612"	"МЕРКЕНСКИЙ РАЙОН"	"0"	"сельская местность"	"0"	"Всего"	"0"	"Всего"	"0"	"5 489 382 000 000"
"Инвестиции в основной капитал(Тысяч тенге казахских)"	"2017 год"	"201712"	"МЕРКЕНСКИЙ РАЙОН"	"0"	"сельская местность"	"0"	"Всего"	"0"	"Всего"	"0"	"8 579 025 000 000"
"Инвестиции в основной капитал(Тысяч тенге казахских)"	"2018 год"	"201812"	"МЕРКЕНСКИЙ РАЙОН"	"0"	"сельская местность"	"0"	"Всего"	"0"	"Всего"	"0"	"9 272 420 000 000"
"Инвестиции в основной капитал(Тысяч тенге казахских)"	"2016 год"	"201612"	"ИНДЕРСКИЙ РАЙОН"	"0"	"сельская местность"	"0"	"Всего"	"0"	"Всего"	"0"	"2 737 384 000 000"
"Инвестиции в основной капитал(Тысяч тенге казахских)"	"2017 год"	"201712"	"ИНДЕРСКИЙ РАЙОН"	"0"	"сельская местность"	"0"	"Всего"	"0"	"Всего"	"0"	"4 302 877 000 000"
"Инвестиции в основной капитал(Тысяч тенге казахских)"	"2018 год"	"201812"	"ИНДЕРСКИЙ РАЙОН"	"0"	"сельская местность"	"0"	"Всего"	"0"	"Всего"	"0"	"2 860 661 000 000"
"Инвестиции в основной капитал(Тысяч тенге казахских)"	"2016 год"	"201612"	"НУРИНСКИЙ РАЙОН"	"0"	"сельская местность"	"0"	"Всего"	"0"	"Всего"	"0"	"10 833 094 000 000"
"Инвестиции в основной капитал(Тысяч тенге казахских)"	"2017 год"	"201712"	"НУРИНСКИЙ РАЙОН"	"0"	"сельская местность"	"0"	"Всего"	"0"	"Всего"	"0"	"19 184 948 000 000"
"Инвестиции в основной капитал(Тысяч тенге казахских)"	"2018 год"	"201812"	"НУРИНСКИЙ РАЙОН"	"0"	"сельская местность"	"0"	"Всего"	"0"	"Всего"	"0"	"17 545 124 000 000"
"Инвестиции в основной капитал(Тысяч тенге казахских)"	"2016 год"	"201612"	"КАРАСУСКИЙ РАЙОН"	"0"	"сельская местность"	"0"	"Всего"	"0"	"Всего"	"0"	"5 263 961 000 000"
"Инвестиции в основной капитал(Тысяч тенге казахских)"	"2017 год"	"201712"	"КАРАСУСКИЙ РАЙОН"	"0"	"сельская местность"	"0"	"Всего"	"0"	"Всего"	"0"	"6 035 764 000 000"
"Инвестиции в основной капитал(Тысяч тенге казахских)"	"2018 год"	"201812"	"КАРАСУСКИЙ РАЙОН"	"0"	"сельская местность"	"0"	"Всего"	"0"	"Всего"	"0"	"4 047 180 000 000"
"Инвестиции в основной капитал(Тысяч тенге казахских)"	"2016 год"	"201612"	"ТУРКЕСТАН Г.А."	"0"	"сельская местность"	"0"	"Всего"	"0"	"Всего"	"0"	"4 208 144 000 000"
"Инвестиции в основной капитал(Тысяч тенге казахских)"	"2017 год"	"201712"	"ТУРКЕСТАН Г.А."	"0"	"сельская местность"	"0"	"Всего"	"0"	"Всего"	"0"	"3 813 098 000 000"
"Инвестиции в основной капитал(Тысяч тенге казахских)"	"2016 год"	"201612"	"ЖИТИКАРИНСКИЙ РАЙОН"	"0"	"городская местность"	"0"	"Всего"	"0"	"Всего"	"0"	"3 138 989 000 000"
"Инвестиции в основной капитал(Тысяч тенге казахских)"	"2017 год"	"201712"	"ЖИТИКАРИНСКИЙ РАЙОН"	"0"	"городская местность"	"0"	"Всего"	"0"	"Всего"	"0"	"4 104 386 000 000"
"Инвестиции в основной капитал(Тысяч тенге казахских)"	"2018 год"	"201812"	"ЖИТИКАРИНСКИЙ РАЙОН"	"0"	"городская местность"	"0"	"Всего"	"0"	"Всего"	"0"	"5 397 994 000 000"
"Инвестиции в основной капитал(Тысяч тенге казахских)"	"2017 год"	"201712"	"ПЕТРОПАВЛОВСК Г.А."	"0"	"сельская местность"	"0"	"Всего"	"0"	"Всего"	"0"	"879 000 000"
"Инвестиции в основной капитал(Тысяч тенге казахских)"	"2018 год"	"201812"	"АРЫСЬ Г.А."	"0"	"сельская местность"	"0"	"Всего"	"0"	"Всего"	"0"	"1 305 880 000 000"
"Инвестиции в основной капитал(Тысяч тенге казахских)"	"2018 год"	"201812"	"РАЙОН БАЙДИБЕКА"	"0"	"сельская местность"	"0"	"Всего"	"0"	"Всего"	"0"	"34 292 395 000 000"
"Инвестиции в основной капитал(Тысяч тенге казахских)"	"2018 год"	"201812"	"АБАЙСКИЙ РАЙОН"	"0"	"городская местность"	"0"	"Всего"	"0"	"Всего"	"0"	"41 665 102 000 000"
"Инвестиции в основной капитал(Тысяч тенге казахских)"	"2018 год"	"201812"	"ШАРДАРИНСКИЙ РАЙОН"	"0"	"сельская местность"	"0"	"Всего"	"0"	"Всего"	"0"	"7 915 103 000 000"
"Инвестиции в основной капитал(Тысяч тенге казахских)"	"2018 год"	"201812"	"МАКТААРАЛЬСКИЙ РАЙОН"	"0"	"сельская местность"	"0"	"Всего"	"0"	"Всего"	"0"	"6 474 601 000 000"
"Инвестиции в основной капитал(Тысяч тенге казахских)"	"2018 год"	"201812"	"Г.ШЫМКЕНТ"	"0"	"Всего"	"0"	"Всего"	"0"	"Всего"	"0"	"588 033 974 000 000"
"Инвестиции в основной капитал(Тысяч тенге казахских)"	"2018 год"	"201812"	"ШАРДАРИНСКИЙ РАЙОН"	"0"	"городская местность"	"0"	"Всего"	"0"	"Всего"	"0"	"19 400 724 000 000"
"Инвестиции в основной капитал(Тысяч тенге казахских)"	"2018 год"	"201812"	"АРЫСЬ Г.А."	"0"	"городская местность"	"0"	"Всего"	"0"	"Всего"	"0"	"6 299 387 000 000"
"Инвестиции в основной капитал(Тысяч тенге казахских)"	"2018 год"	"201812"	"СУЗАКСКИЙ РАЙОН"	"0"	"сельская местность"	"0"	"Всего"	"0"	"Всего"	"0"	"41 965 998 000 000"
"Инвестиции в основной капитал(Тысяч тенге казахских)"	"2018 год"	"201812"	"САРЫАГАШСКИЙ РАЙОН"	"0"	"сельская местность"	"0"	"Всего"	"0"	"Всего"	"0"	"14 917 860 000 000"
"Инвестиции в основной капитал(Тысяч тенге казахских)"	"2018 год"	"201812"	"САРЫАГАШСКИЙ РАЙОН"	"0"	"городская местность"	"0"	"Всего"	"0"	"Всего"	"0"	"7 211 930 000 000"
"Инвестиции в основной капитал(Тысяч тенге казахских)"	"2018 год"	"201812"	"ТЮЛЬКУБАССКИЙ РАЙОН"	"0"	"сельская местность"	"0"	"Всего"	"0"	"Всего"	"0"	"19 674 247 000 000"
"Инвестиции в основной капитал(Тысяч тенге казахских)"	"2018 год"	"201812"	"КЕЛЕССКИЙ РАЙОН"	"0"	"сельская местность"	"0"	"Всего"	"0"	"Всего"	"0"	"5 756 290 000 000"
"Инвестиции в основной капитал(Тысяч тенге казахских)"	"2018 год"	"201812"	"АЛЬ-ФАРАБИЙСКИЙ РАЙОН"	"0"	"городская местность"	"0"	"Всего"	"0"	"Всего"	"0"	"16 492 713 000 000"
"Инвестиции в основной капитал(Тысяч тенге казахских)"	"2018 год"	"201812"	"САЙРАМСКИЙ РАЙОН"	"0"	"сельская местность"	"0"	"Всего"	"0"	"Всего"	"0"	"21 013 429 000 000"
"Инвестиции в основной капитал(Тысяч тенге казахских)"	"2018 год"	"201812"	"ЕНБЕКШИНСКИЙ РАЙОН"	"0"	"городская местность"	"0"	"Всего"	"0"	"Всего"	"0"	"452 744 014 000 000"
"Инвестиции в основной капитал(Тысяч тенге казахских)"	"2018 год"	"201812"	"ТОЛЕБИЙСКИЙ РАЙОН"	"0"	"сельская местность"	"0"	"Всего"	"0"	"Всего"	"0"	"10 228 616 000 000"
"Инвестиции в основной капитал(Тысяч тенге казахских)"	"2018 год"	"201812"	"КЕГЕНСКИЙ РАЙОН"	"0"	"сельская местность"	"0"	"Всего"	"0"	"Всего"	"0"	"3 995 011 000 000"
"Инвестиции в основной капитал(Тысяч тенге казахских)"	"2018 год"	"201812"	"ТУРКЕСТАНСКАЯ ОБЛАСТЬ"	"0"	"Всего"	"0"	"Всего"	"0"	"Всего"	"0"	"314 113 738 000 000"
"Инвестиции в основной капитал(Тысяч тенге казахских)"	"2018 год"	"201812"	"ОРДАБАСЫНСКИЙ РАЙОН"	"0"	"Всего"	"0"	"Всего"	"0"	"Всего"	"0"	"15 042 668 000 000"
"Инвестиции в основной капитал(Тысяч тенге казахских)"	"2018 год"	"201812"	"ТОЛЕБИЙСКИЙ РАЙОН"	"0"	"городская местность"	"0"	"Всего"	"0"	"Всего"	"0"	"1 831 724 000 000"
"Инвестиции в основной капитал(Тысяч тенге казахских)"	"2018 год"	"201812"	"КЕЛЕССКИЙ РАЙОН"	"0"	"Всего"	"0"	"Всего"	"0"	"Всего"	"0"	"5 756 290 000 000"
"Инвестиции в основной капитал(Тысяч тенге казахских)"	"2018 год"	"201812"	"ТУРКЕСТАН Г.А."	"0"	"городская местность"	"0"	"Всего"	"0"	"Всего"	"0"	"36 257 384 000 000"
"Инвестиции в основной капитал(Тысяч тенге казахских)"	"2018 год"	"201812"	"ЖЕТЫСАЙСКИЙ РАЙОН"	"0"	"городская местность"	"0"	"Всего"	"0"	"Всего"	"0"	"2 668 739 000 000"
"Инвестиции в основной капитал(Тысяч тенге казахских)"	"2018 год"	"201812"	"ОТРАРСКИЙ РАЙОН"	"0"	"сельская местность"	"0"	"Всего"	"0"	"Всего"	"0"	"14 622 995 000 000"
"Инвестиции в основной капитал(Тысяч тенге казахских)"	"2018 год"	"201812"	"КЕНТАУ Г.А."	"0"	"городская местность"	"0"	"Всего"	"0"	"Всего"	"0"	"18 244 397 000 000"
"Инвестиции в основной капитал(Тысяч тенге казахских)"	"2018 год"	"201812"	"ЖЕТЫСАЙСКИЙ РАЙОН"	"0"	"сельская местность"	"0"	"Всего"	"0"	"Всего"	"0"	"4 443 710 000 000"
"Инвестиции в основной капитал(Тысяч тенге казахских)"	"2018 год"	"201812"	"ОРДАБАСЫНСКИЙ РАЙОН"	"0"	"сельская местность"	"0"	"Всего"	"0"	"Всего"	"0"	"15 042 668 000 000"
"Инвестиции в основной капитал(Тысяч тенге казахских)"	"2018 год"	"201812"	"АРЫСЬ Г.А."	"0"	"Всего"	"0"	"Всего"	"0"	"Всего"	"0"	"7 605 267 000 000"
"Инвестиции в основной капитал(Тысяч тенге казахских)"	"2018 год"	"201812"	"КЕНТАУ Г.А."	"0"	"Всего"	"0"	"Всего"	"0"	"Всего"	"0"	"24 118 759 000 000"
"Инвестиции в основной капитал(Тысяч тенге казахских)"	"2018 год"	"201812"	"ТЮЛЬКУБАССКИЙ РАЙОН"	"0"	"Всего"	"0"	"Всего"	"0"	"Всего"	"0"	"19 674 247 000 000"
"Инвестиции в основной капитал(Тысяч тенге казахских)"	"2018 год"	"201812"	"КАРАТАУСКИЙ РАЙОН"	"0"	"городская местность"	"0"	"Всего"	"0"	"Всего"	"0"	"77 132 145 000 000"
"Инвестиции в основной капитал(Тысяч тенге казахских)"	"2018 год"	"201812"	"КЕНТАУ Г.А."	"0"	"сельская местность"	"0"	"Всего"	"0"	"Всего"	"0"	"5 874 362 000 000"
"Инвестиции в основной капитал(Тысяч тенге казахских)"	"2018 год"	"201812"	"КАЗЫГУРТСКИЙ РАЙОН"	"0"	"сельская местность"	"0"	"Всего"	"0"	"Всего"	"0"	"18 671 299 000 000"
"Инвестиции в основной капитал(Тысяч тенге казахских)"	"2018 год"	"201812"	"МАКТААРАЛЬСКИЙ РАЙОН"	"0"	"Всего"	"0"	"Всего"	"0"	"Всего"	"0"	"6 474 601 000 000"
"Инвестиции в основной капитал(Тысяч тенге казахских)"	"2018 год"	"201812"	"САРЫАГАШСКИЙ РАЙОН"	"0"	"Всего"	"0"	"Всего"	"0"	"Всего"	"0"	"22 129 790 000 000"
"Инвестиции в основной капитал(Тысяч тенге казахских)"	"2018 год"	"201812"	"АЛЬ-ФАРАБИЙСКИЙ РАЙОН"	"0"	"Всего"	"0"	"Всего"	"0"	"Всего"	"0"	"16 492 713 000 000"
"Инвестиции в основной капитал(Тысяч тенге казахских)"	"2018 год"	"201812"	"АБАЙСКИЙ РАЙОН"	"0"	"Всего"	"0"	"Всего"	"0"	"Всего"	"0"	"41 665 102 000 000"
"Инвестиции в основной капитал(Тысяч тенге казахских)"	"2018 год"	"201812"	"ТУРКЕСТАНСКАЯ ОБЛАСТЬ"	"0"	"сельская местность"	"0"	"Всего"	"0"	"Всего"	"0"	"222 199 453 000 000"
"Инвестиции в основной капитал(Тысяч тенге казахских)"	"2018 год"	"201812"	"Г.ШЫМКЕНТ"	"0"	"городская местность"	"0"	"Всего"	"0"	"Всего"	"0"	"588 033 974 000 000"
"Инвестиции в основной капитал(Тысяч тенге казахских)"	"2018 год"	"201812"	"ТУРКЕСТАН Г.А."	"0"	"Всего"	"0"	"Всего"	"0"	"Всего"	"0"	"36 257 384 000 000"
"Инвестиции в основной капитал(Тысяч тенге казахских)"	"2018 год"	"201812"	"ТОЛЕБИЙСКИЙ РАЙОН"	"0"	"Всего"	"0"	"Всего"	"0"	"Всего"	"0"	"12 060 340 000 000"
"Инвестиции в основной капитал(Тысяч тенге казахских)"	"2018 год"	"201812"	"САЙРАМСКИЙ РАЙОН"	"0"	"Всего"	"0"	"Всего"	"0"	"Всего"	"0"	"21 013 429 000 000"
"Инвестиции в основной капитал(Тысяч тенге казахских)"	"2018 год"	"201812"	"СУЗАКСКИЙ РАЙОН"	"0"	"Всего"	"0"	"Всего"	"0"	"Всего"	"0"	"41 965 998 000 000"
"Инвестиции в основной капитал(Тысяч тенге казахских)"	"2018 год"	"201812"	"ЖЕТЫСАЙСКИЙ РАЙОН"	"0"	"Всего"	"0"	"Всего"	"0"	"Всего"	"0"	"7 112 449 000 000"
"Инвестиции в основной капитал(Тысяч тенге казахских)"	"2018 год"	"201812"	"КЕГЕНСКИЙ РАЙОН"	"0"	"Всего"	"0"	"Всего"	"0"	"Всего"	"0"	"3 995 011 000 000"
"Инвестиции в основной капитал(Тысяч тенге казахских)"	"2018 год"	"201812"	"ЕНБЕКШИНСКИЙ РАЙОН"	"0"	"Всего"	"0"	"Всего"	"0"	"Всего"	"0"	"452 744 014 000 000"
"Инвестиции в основной капитал(Тысяч тенге казахских)"	"2018 год"	"201812"	"ШАРДАРИНСКИЙ РАЙОН"	"0"	"Всего"	"0"	"Всего"	"0"	"Всего"	"0"	"27 315 827 000 000"
"Инвестиции в основной капитал(Тысяч тенге казахских)"	"2018 год"	"201812"	"ТУРКЕСТАНСКАЯ ОБЛАСТЬ"	"0"	"городская местность"	"0"	"Всего"	"0"	"Всего"	"0"	"91 914 285 000 000"
"Инвестиции в основной капитал(Тысяч тенге казахских)"	"2018 год"	"201812"	"РАЙОН БАЙДИБЕКА"	"0"	"Всего"	"0"	"Всего"	"0"	"Всего"	"0"	"34 292 395 000 000"
"Инвестиции в основной капитал(Тысяч тенге казахских)"	"2018 год"	"201812"	"КАРАТАУСКИЙ РАЙОН"	"0"	"Всего"	"0"	"Всего"	"0"	"Всего"	"0"	"77 132 145 000 000"
"Инвестиции в основной капитал(Тысяч тенге казахских)"	"2018 год"	"201812"	"КАЗЫГУРТСКИЙ РАЙОН"	"0"	"Всего"	"0"	"Всего"	"0"	"Всего"	"0"	"18 671 299 000 000"
"Инвестиции в основной капитал(Тысяч тенге казахских)"	"2018 год"	"201812"	"ОТРАРСКИЙ РАЙОН"	"0"	"Всего"	"0"	"Всего"	"0"	"Всего"	"0"	"14 622 995 000 000"
"Инвестиции в основной капитал(Тысяч тенге казахских)"	"2018 год"	"201812"	"РАЙОН БАЙҚОҢЫР"	"0"	"Всего"	"0"	"Всего"	"0"	"Всего"	"0"	"34 034 575 000 000"
"Инвестиции в основной капитал(Тысяч тенге казахских)"	"2018 год"	"201812"	"РИДДЕР Г.А."	"0"	"сельская местность"	"0"	"Всего"	"0"	"Всего"	"0"	"4 603 000 000"
"Инвестиции в основной капитал(Тысяч тенге казахских)"	"2018 год"	"201812"	"РАЙОН БАЙҚОҢЫР"	"0"	"городская местность"	"0"	"Всего"	"0"	"Всего"	"0"	"34 034 575 000 000"
"Инвестиции в основной капитал(Тысяч тенге казахских)"	"2018 год"	"201812"	"ЛИСАКОВСК Г.А."	"0"	"сельская местность"	"0"	"Всего"	"0"	"Всего"	"0"	"1 855 000 000"
