"NAM"	"DAT"	"PERIOD"	"КАТО(по каталогу)"	"LКАТО(по каталогу)"	"СПТМ (по каталогу)"	"LСПТМ (по каталогу)"	"СП"	"LСП"	"ГСУО01"	"LГСУО01"	"ГСГВОЗ"	"LГСГВОЗ"	"VAL"
"Безработное население (в возрасте 15 лет и старше)(Человек)"	"2 квартал 2016 г."	"201606"	"Г.АЛМАТЫ"	"0"	"Всего"	"0"	"Всего"	"0"	"Всего"	"0"	"Всего"	"0"	"49 135"
"Безработное население (в возрасте 15 лет и старше)(Человек)"	"2 квартал 2010 г."	"201006"	"Г.АЛМАТЫ"	"0"	"Всего"	"0"	"Всего"	"0"	"Всего"	"0"	"Всего"	"0"	"47 564"
"Безработное население (в возрасте 15 лет и старше)(Человек)"	"3 квартал 2011 г."	"201109"	"Г.АЛМАТЫ"	"0"	"Всего"	"0"	"Всего"	"0"	"Всего"	"0"	"Всего"	"0"	"42 209"
"Безработное население (в возрасте 15 лет и старше)(Человек)"	"1 квартал 2010 г."	"201003"	"Г.АЛМАТЫ"	"0"	"Всего"	"0"	"Всего"	"0"	"Всего"	"0"	"Всего"	"0"	"49 451"
"Безработное население (в возрасте 15 лет и старше)(Человек)"	"1 квартал 2015 г."	"201503"	"Г.АЛМАТЫ"	"0"	"Всего"	"0"	"Всего"	"0"	"Всего"	"0"	"Всего"	"0"	"44 082"
"Безработное население (в возрасте 15 лет и старше)(Человек)"	"2 квартал 2015 г."	"201506"	"Г.АЛМАТЫ"	"0"	"Всего"	"0"	"Всего"	"0"	"Всего"	"0"	"Всего"	"0"	"45 930"
"Безработное население (в возрасте 15 лет и старше)(Человек)"	"1 квартал 2012 г."	"201203"	"Г.АЛМАТЫ"	"0"	"Всего"	"0"	"Всего"	"0"	"Всего"	"0"	"Всего"	"0"	"43 938"
"Безработное население (в возрасте 15 лет и старше)(Человек)"	"2 квартал 2012 г."	"201206"	"Г.АЛМАТЫ"	"0"	"Всего"	"0"	"Всего"	"0"	"Всего"	"0"	"Всего"	"0"	"43 269"
"Безработное население (в возрасте 15 лет и старше)(Человек)"	"4 квартал 2012 г."	"201212"	"Г.АЛМАТЫ"	"0"	"Всего"	"0"	"Всего"	"0"	"Всего"	"0"	"Всего"	"0"	"44 385"
"Безработное население (в возрасте 15 лет и старше)(Человек)"	"4 квартал 2019 г."	"201912"	"Г.АЛМАТЫ"	"0"	"Всего"	"0"	"Всего"	"0"	"Всего"	"0"	"Всего"	"0"	"49 949"
"Безработное население (в возрасте 15 лет и старше)(Человек)"	"4 квартал 2016 г."	"201612"	"Г.АЛМАТЫ"	"0"	"Всего"	"0"	"Всего"	"0"	"Всего"	"0"	"Всего"	"0"	"48 921"
"Безработное население (в возрасте 15 лет и старше)(Человек)"	"3 квартал 2010 г."	"201009"	"Г.АЛМАТЫ"	"0"	"Всего"	"0"	"Всего"	"0"	"Всего"	"0"	"Всего"	"0"	"43 128"
"Безработное население (в возрасте 15 лет и старше)(Человек)"	"1 квартал 2011 г."	"201103"	"Г.АЛМАТЫ"	"0"	"Всего"	"0"	"Всего"	"0"	"Всего"	"0"	"Всего"	"0"	"41 220"
"Безработное население (в возрасте 15 лет и старше)(Человек)"	"2 квартал 2013 г."	"201306"	"Г.АЛМАТЫ"	"0"	"Всего"	"0"	"Всего"	"0"	"Всего"	"0"	"Всего"	"0"	"43 926"
"Безработное население (в возрасте 15 лет и старше)(Человек)"	"4 квартал 2011 г."	"201112"	"Г.АЛМАТЫ"	"0"	"Всего"	"0"	"Всего"	"0"	"Всего"	"0"	"Всего"	"0"	"42 775"
"Безработное население (в возрасте 15 лет и старше)(Человек)"	"3 квартал 2013 г."	"201309"	"Г.АЛМАТЫ"	"0"	"Всего"	"0"	"Всего"	"0"	"Всего"	"0"	"Всего"	"0"	"43 938"
"Безработное население (в возрасте 15 лет и старше)(Человек)"	"1 квартал 2013 г."	"201303"	"Г.АЛМАТЫ"	"0"	"Всего"	"0"	"Всего"	"0"	"Всего"	"0"	"Всего"	"0"	"44 581"
"Безработное население (в возрасте 15 лет и старше)(Человек)"	"4 квартал 2010 г."	"201012"	"Г.АЛМАТЫ"	"0"	"Всего"	"0"	"Всего"	"0"	"Всего"	"0"	"Всего"	"0"	"41 926"
"Безработное население (в возрасте 15 лет и старше)(Человек)"	"2 квартал 2011 г."	"201106"	"Г.АЛМАТЫ"	"0"	"Всего"	"0"	"Всего"	"0"	"Всего"	"0"	"Всего"	"0"	"40 528"
"Безработное население (в возрасте 15 лет и старше)(Человек)"	"3 квартал 2015 г."	"201509"	"Г.АЛМАТЫ"	"0"	"Всего"	"0"	"Всего"	"0"	"Всего"	"0"	"Всего"	"0"	"45 284"
"Безработное население (в возрасте 15 лет и старше)(Человек)"	"4 квартал 2013 г."	"201312"	"Г.АЛМАТЫ"	"0"	"Всего"	"0"	"Всего"	"0"	"Всего"	"0"	"Всего"	"0"	"45 069"
"Безработное население (в возрасте 15 лет и старше)(Человек)"	"3 квартал 2012 г."	"201209"	"Г.АЛМАТЫ"	"0"	"Всего"	"0"	"Всего"	"0"	"Всего"	"0"	"Всего"	"0"	"43 134"
"Безработное население (в возрасте 15 лет и старше)(Человек)"	"2 квартал 2017 г."	"201706"	"Г.АЛМАТЫ"	"0"	"Всего"	"0"	"Всего"	"0"	"Всего"	"0"	"Всего"	"0"	"49 771"
"Безработное население (в возрасте 15 лет и старше)(Человек)"	"1 квартал 2014 г."	"201403"	"Г.АЛМАТЫ"	"0"	"Всего"	"0"	"Всего"	"0"	"Всего"	"0"	"Всего"	"0"	"45 575"
"Безработное население (в возрасте 15 лет и старше)(Человек)"	"3 квартал 2014 г."	"201409"	"Г.АЛМАТЫ"	"0"	"Всего"	"0"	"Всего"	"0"	"Всего"	"0"	"Всего"	"0"	"44 589"
"Безработное население (в возрасте 15 лет и старше)(Человек)"	"2 квартал 2014 г."	"201406"	"Г.АЛМАТЫ"	"0"	"Всего"	"0"	"Всего"	"0"	"Всего"	"0"	"Всего"	"0"	"45 179"
"Безработное население (в возрасте 15 лет и старше)(Человек)"	"4 квартал 2014 г."	"201412"	"Г.АЛМАТЫ"	"0"	"Всего"	"0"	"Всего"	"0"	"Всего"	"0"	"Всего"	"0"	"44 276"
"Безработное население (в возрасте 15 лет и старше)(Человек)"	"3 квартал 2019 г."	"201909"	"Г.АЛМАТЫ"	"0"	"Всего"	"0"	"Всего"	"0"	"Всего"	"0"	"Всего"	"0"	"50 343"
"Безработное население (в возрасте 15 лет и старше)(Человек)"	"4 квартал 2015 г."	"201512"	"Г.АЛМАТЫ"	"0"	"Всего"	"0"	"Всего"	"0"	"Всего"	"0"	"Всего"	"0"	"46 662"
"Безработное население (в возрасте 15 лет и старше)(Человек)"	"4 квартал 2018 г."	"201812"	"Г.АЛМАТЫ"	"0"	"Всего"	"0"	"Всего"	"0"	"Всего"	"0"	"Всего"	"0"	"49 559"
"Безработное население (в возрасте 15 лет и старше)(Человек)"	"4 квартал 2017 г."	"201712"	"Г.АЛМАТЫ"	"0"	"Всего"	"0"	"Всего"	"0"	"Всего"	"0"	"Всего"	"0"	"49 483"
"Безработное население (в возрасте 15 лет и старше)(Человек)"	"1 квартал 2017 г."	"201703"	"Г.АЛМАТЫ"	"0"	"Всего"	"0"	"Всего"	"0"	"Всего"	"0"	"Всего"	"0"	"50 051"
"Безработное население (в возрасте 15 лет и старше)(Человек)"	"2 квартал 2019 г."	"201906"	"Г.АЛМАТЫ"	"0"	"Всего"	"0"	"Всего"	"0"	"Всего"	"0"	"Всего"	"0"	"50 311"
"Безработное население (в возрасте 15 лет и старше)(Человек)"	"1 квартал 2019 г."	"201903"	"Г.АЛМАТЫ"	"0"	"Всего"	"0"	"Всего"	"0"	"Всего"	"0"	"Всего"	"0"	"51 244"
"Безработное население (в возрасте 15 лет и старше)(Человек)"	"1 квартал 2018 г."	"201803"	"Г.АЛМАТЫ"	"0"	"Всего"	"0"	"Всего"	"0"	"Всего"	"0"	"Всего"	"0"	"49 590"
"Безработное население (в возрасте 15 лет и старше)(Человек)"	"3 квартал 2018 г."	"201809"	"Г.АЛМАТЫ"	"0"	"Всего"	"0"	"Всего"	"0"	"Всего"	"0"	"Всего"	"0"	"49 443"
"Безработное население (в возрасте 15 лет и старше)(Человек)"	"1 квартал 2016 г."	"201603"	"Г.АЛМАТЫ"	"0"	"Всего"	"0"	"Всего"	"0"	"Всего"	"0"	"Всего"	"0"	"47 988"
"Безработное население (в возрасте 15 лет и старше)(Человек)"	"3 квартал 2016 г."	"201609"	"Г.АЛМАТЫ"	"0"	"Всего"	"0"	"Всего"	"0"	"Всего"	"0"	"Всего"	"0"	"48 488"
"Безработное население (в возрасте 15 лет и старше)(Человек)"	"3 квартал 2017 г."	"201709"	"Г.АЛМАТЫ"	"0"	"Всего"	"0"	"Всего"	"0"	"Всего"	"0"	"Всего"	"0"	"49 634"
"Безработное население (в возрасте 15 лет и старше)(Человек)"	"2 квартал 2018 г."	"201806"	"Г.АЛМАТЫ"	"0"	"Всего"	"0"	"Всего"	"0"	"Всего"	"0"	"Всего"	"0"	"49 586"
"Безработное население (в возрасте 15 лет и старше)(Человек)"	"1 квартал 2021 г."	"202103"	"Г.АЛМАТЫ"	"0"	"Всего"	"0"	"Всего"	"0"	"Всего"	"0"	"Всего"	"0"	"53 202"
"Безработное население (в возрасте 15 лет и старше)(Человек)"	"2 квартал 2021 г."	"202106"	"Г.АЛМАТЫ"	"0"	"Всего"	"0"	"Всего"	"0"	"Всего"	"0"	"Всего"	"0"	"53 280"
"Безработное население (в возрасте 15 лет и старше)(Человек)"	"3 квартал 2021 г."	"202109"	"Г.АЛМАТЫ"	"0"	"Всего"	"0"	"Всего"	"0"	"Всего"	"0"	"Всего"	"0"	"53 278"
"Безработное население (в возрасте 15 лет и старше)(Человек)"	"3 квартал 2020 г."	"202009"	"Г.АЛМАТЫ"	"0"	"Всего"	"0"	"Всего"	"0"	"Всего"	"0"	"Всего"	"0"	"53 752"
"Безработное население (в возрасте 15 лет и старше)(Человек)"	"4 квартал 2020 г."	"202012"	"Г.АЛМАТЫ"	"0"	"Всего"	"0"	"Всего"	"0"	"Всего"	"0"	"Всего"	"0"	"53 188"
"Безработное население (в возрасте 15 лет и старше)(Человек)"	"4 квартал 2021 г."	"202112"	"Г.АЛМАТЫ"	"0"	"Всего"	"0"	"Всего"	"0"	"Всего"	"0"	"Всего"	"0"	"52 913"
"Безработное население (в возрасте 15 лет и старше)(Человек)"	"1 квартал 2020 г."	"202003"	"Г.АЛМАТЫ"	"0"	"Всего"	"0"	"Всего"	"0"	"Всего"	"0"	"Всего"	"0"	"51 463"
"Безработное население (в возрасте 15 лет и старше)(Человек)"	"2 квартал 2020 г."	"202006"	"Г.АЛМАТЫ"	"0"	"Всего"	"0"	"Всего"	"0"	"Всего"	"0"	"Всего"	"0"	"54 007"
"Безработное население (в возрасте 15 лет и старше)(Человек)"	"2 квартал 2022 г."	"202206"	"Г.АЛМАТЫ"	"0"	"Всего"	"0"	"Всего"	"0"	"Всего"	"0"	"Всего"	"0"	"53 175"
"Безработное население (в возрасте 15 лет и старше)(Человек)"	"1 квартал 2022 г."	"202203"	"Г.АЛМАТЫ"	"0"	"Всего"	"0"	"Всего"	"0"	"Всего"	"0"	"Всего"	"0"	"54 507"
"Безработное население (в возрасте 15 лет и старше)(Человек)"	"4 квартал 2022 г."	"202212"	"Г.АЛМАТЫ"	"0"	"Всего"	"0"	"Всего"	"0"	"Всего"	"0"	"Всего"	"0"	"52 100"
"Безработное население (в возрасте 15 лет и старше)(Человек)"	"3 квартал 2022 г."	"202209"	"Г.АЛМАТЫ"	"0"	"Всего"	"0"	"Всего"	"0"	"Всего"	"0"	"Всего"	"0"	"52 965"
"Безработное население (в возрасте 15 лет и старше)(Человек)"	"1 квартал 2023 г."	"202303"	"Г.АЛМАТЫ"	"0"	"Всего"	"0"	"Всего"	"0"	"Всего"	"0"	"Всего"	"0"	"53 419"
"Безработное население (в возрасте 15 лет и старше)(Человек)"	"3 квартал 2023 г."	"202309"	"Г.АЛМАТЫ"	"0"	"Всего"	"0"	"Всего"	"0"	"Всего"	"0"	"Всего"	"0"	"52 564"
"Безработное население (в возрасте 15 лет и старше)(Человек)"	"4 квартал 2023 г."	"202312"	"Г.АЛМАТЫ"	"0"	"Всего"	"0"	"Всего"	"0"	"Всего"	"0"	"Всего"	"0"	"51 735"
"Безработное население (в возрасте 15 лет и старше)(Человек)"	"2 квартал 2023 г."	"202306"	"Г.АЛМАТЫ"	"0"	"Всего"	"0"	"Всего"	"0"	"Всего"	"0"	"Всего"	"0"	"52 536"
"Безработное население (в возрасте 15 лет и старше)(Человек)"	"1 квартал 2024 г."	"202403"	"Г.АЛМАТЫ"	"0"	"Всего"	"0"	"Всего"	"0"	"Всего"	"0"	"Всего"	"0"	"53 304"
"Безработное население (в возрасте 15 лет и старше)(Человек)"	"2 квартал 2024 г."	"202406"	"Г.АЛМАТЫ"	"0"	"Всего"	"0"	"Всего"	"0"	"Всего"	"0"	"Всего"	"0"	"52 706"
"Безработное население (в возрасте 15 лет и старше)(Человек)"	"3 квартал 2024 г."	"202409"	"Г.АЛМАТЫ"	"0"	"Всего"	"0"	"Всего"	"0"	"Всего"	"0"	"Всего"	"0"	"51 977"
"Безработное население (в возрасте 15 лет и старше)(Человек)"	"4 квартал 2024 г."	"202412"	"Г.АЛМАТЫ"	"0"	"Всего"	"0"	"Всего"	"0"	"Всего"	"0"	"Всего"	"0"	"51 923"
"Безработное население (в возрасте 15 лет и старше)(Человек)"	"1 квартал 2025 г."	"202503"	"Г.АЛМАТЫ"	"0"	"Всего"	"0"	"Всего"	"0"	"Всего"	"0"	"Всего"	"0"	"52 595"
"Безработное население (в возрасте 15 лет и старше)(Человек)"	"2 квартал 2025 г."	"202506"	"Г.АЛМАТЫ"	"0"	"Всего"	"0"	"Всего"	"0"	"Всего"	"0"	"Всего"	"0"	"52 222"
"Безработное население (в возрасте 15 лет и старше)(Человек)"	"2 квартал 2016 г."	"201606"	"Г.АСТАНА"	"0"	"Всего"	"0"	"Всего"	"0"	"Всего"	"0"	"Всего"	"0"	"22 800"
"Безработное население (в возрасте 15 лет и старше)(Человек)"	"2 квартал 2010 г."	"201006"	"Г.АСТАНА"	"0"	"Всего"	"0"	"Всего"	"0"	"Всего"	"0"	"Всего"	"0"	"24 190"
"Безработное население (в возрасте 15 лет и старше)(Человек)"	"3 квартал 2011 г."	"201109"	"Г.АСТАНА"	"0"	"Всего"	"0"	"Всего"	"0"	"Всего"	"0"	"Всего"	"0"	"23 577"
"Безработное население (в возрасте 15 лет и старше)(Человек)"	"1 квартал 2010 г."	"201003"	"Г.АСТАНА"	"0"	"Всего"	"0"	"Всего"	"0"	"Всего"	"0"	"Всего"	"0"	"24 546"
"Безработное население (в возрасте 15 лет и старше)(Человек)"	"1 квартал 2015 г."	"201503"	"Г.АСТАНА"	"0"	"Всего"	"0"	"Всего"	"0"	"Всего"	"0"	"Всего"	"0"	"24 586"
"Безработное население (в возрасте 15 лет и старше)(Человек)"	"2 квартал 2015 г."	"201506"	"Г.АСТАНА"	"0"	"Всего"	"0"	"Всего"	"0"	"Всего"	"0"	"Всего"	"0"	"22 474"
"Безработное население (в возрасте 15 лет и старше)(Человек)"	"1 квартал 2012 г."	"201203"	"Г.АСТАНА"	"0"	"Всего"	"0"	"Всего"	"0"	"Всего"	"0"	"Всего"	"0"	"24 067"
"Безработное население (в возрасте 15 лет и старше)(Человек)"	"2 квартал 2012 г."	"201206"	"Г.АСТАНА"	"0"	"Всего"	"0"	"Всего"	"0"	"Всего"	"0"	"Всего"	"0"	"23 569"
"Безработное население (в возрасте 15 лет и старше)(Человек)"	"4 квартал 2012 г."	"201212"	"Г.АСТАНА"	"0"	"Всего"	"0"	"Всего"	"0"	"Всего"	"0"	"Всего"	"0"	"23 330"
"Безработное население (в возрасте 15 лет и старше)(Человек)"	"4 квартал 2019 г."	"201912"	"Г.АСТАНА"	"0"	"Всего"	"0"	"Всего"	"0"	"Всего"	"0"	"Всего"	"0"	"25 703"
"Безработное население (в возрасте 15 лет и старше)(Человек)"	"4 квартал 2016 г."	"201612"	"Г.АСТАНА"	"0"	"Всего"	"0"	"Всего"	"0"	"Всего"	"0"	"Всего"	"0"	"22 285"
"Безработное население (в возрасте 15 лет и старше)(Человек)"	"3 квартал 2010 г."	"201009"	"Г.АСТАНА"	"0"	"Всего"	"0"	"Всего"	"0"	"Всего"	"0"	"Всего"	"0"	"24 309"
"Безработное население (в возрасте 15 лет и старше)(Человек)"	"1 квартал 2011 г."	"201103"	"Г.АСТАНА"	"0"	"Всего"	"0"	"Всего"	"0"	"Всего"	"0"	"Всего"	"0"	"23 116"
"Безработное население (в возрасте 15 лет и старше)(Человек)"	"2 квартал 2013 г."	"201306"	"Г.АСТАНА"	"0"	"Всего"	"0"	"Всего"	"0"	"Всего"	"0"	"Всего"	"0"	"23 856"
"Безработное население (в возрасте 15 лет и старше)(Человек)"	"4 квартал 2011 г."	"201112"	"Г.АСТАНА"	"0"	"Всего"	"0"	"Всего"	"0"	"Всего"	"0"	"Всего"	"0"	"23 247"
"Безработное население (в возрасте 15 лет и старше)(Человек)"	"3 квартал 2013 г."	"201309"	"Г.АСТАНА"	"0"	"Всего"	"0"	"Всего"	"0"	"Всего"	"0"	"Всего"	"0"	"23 675"
"Безработное население (в возрасте 15 лет и старше)(Человек)"	"1 квартал 2013 г."	"201303"	"Г.АСТАНА"	"0"	"Всего"	"0"	"Всего"	"0"	"Всего"	"0"	"Всего"	"0"	"24 222"
"Безработное население (в возрасте 15 лет и старше)(Человек)"	"4 квартал 2010 г."	"201012"	"Г.АСТАНА"	"0"	"Всего"	"0"	"Всего"	"0"	"Всего"	"0"	"Всего"	"0"	"23 323"
"Безработное население (в возрасте 15 лет и старше)(Человек)"	"2 квартал 2011 г."	"201106"	"Г.АСТАНА"	"0"	"Всего"	"0"	"Всего"	"0"	"Всего"	"0"	"Всего"	"0"	"22 948"
"Безработное население (в возрасте 15 лет и старше)(Человек)"	"3 квартал 2015 г."	"201509"	"Г.АСТАНА"	"0"	"Всего"	"0"	"Всего"	"0"	"Всего"	"0"	"Всего"	"0"	"22 611"
"Безработное население (в возрасте 15 лет и старше)(Человек)"	"4 квартал 2013 г."	"201312"	"Г.АСТАНА"	"0"	"Всего"	"0"	"Всего"	"0"	"Всего"	"0"	"Всего"	"0"	"23 644"
"Безработное население (в возрасте 15 лет и старше)(Человек)"	"3 квартал 2012 г."	"201209"	"Г.АСТАНА"	"0"	"Всего"	"0"	"Всего"	"0"	"Всего"	"0"	"Всего"	"0"	"23 447"
"Безработное население (в возрасте 15 лет и старше)(Человек)"	"2 квартал 2017 г."	"201706"	"Г.АСТАНА"	"0"	"Всего"	"0"	"Всего"	"0"	"Всего"	"0"	"Всего"	"0"	"22 716"
"Безработное население (в возрасте 15 лет и старше)(Человек)"	"1 квартал 2014 г."	"201403"	"Г.АСТАНА"	"0"	"Всего"	"0"	"Всего"	"0"	"Всего"	"0"	"Всего"	"0"	"23 730"
"Безработное население (в возрасте 15 лет и старше)(Человек)"	"3 квартал 2014 г."	"201409"	"Г.АСТАНА"	"0"	"Всего"	"0"	"Всего"	"0"	"Всего"	"0"	"Всего"	"0"	"23 565"
"Безработное население (в возрасте 15 лет и старше)(Человек)"	"2 квартал 2014 г."	"201406"	"Г.АСТАНА"	"0"	"Всего"	"0"	"Всего"	"0"	"Всего"	"0"	"Всего"	"0"	"23 510"
"Безработное население (в возрасте 15 лет и старше)(Человек)"	"4 квартал 2014 г."	"201412"	"Г.АСТАНА"	"0"	"Всего"	"0"	"Всего"	"0"	"Всего"	"0"	"Всего"	"0"	"23 582"
"Безработное население (в возрасте 15 лет и старше)(Человек)"	"3 квартал 2019 г."	"201909"	"Г.АСТАНА"	"0"	"Всего"	"0"	"Всего"	"0"	"Всего"	"0"	"Всего"	"0"	"25 671"
"Безработное население (в возрасте 15 лет и старше)(Человек)"	"4 квартал 2015 г."	"201512"	"Г.АСТАНА"	"0"	"Всего"	"0"	"Всего"	"0"	"Всего"	"0"	"Всего"	"0"	"22 784"
"Безработное население (в возрасте 15 лет и старше)(Человек)"	"4 квартал 2018 г."	"201812"	"Г.АСТАНА"	"0"	"Всего"	"0"	"Всего"	"0"	"Всего"	"0"	"Всего"	"0"	"24 085"
"Безработное население (в возрасте 15 лет и старше)(Человек)"	"4 квартал 2017 г."	"201712"	"Г.АСТАНА"	"0"	"Всего"	"0"	"Всего"	"0"	"Всего"	"0"	"Всего"	"0"	"23 820"
"Безработное население (в возрасте 15 лет и старше)(Человек)"	"1 квартал 2017 г."	"201703"	"Г.АСТАНА"	"0"	"Всего"	"0"	"Всего"	"0"	"Всего"	"0"	"Всего"	"0"	"23 286"
"Безработное население (в возрасте 15 лет и старше)(Человек)"	"2 квартал 2019 г."	"201906"	"Г.АСТАНА"	"0"	"Всего"	"0"	"Всего"	"0"	"Всего"	"0"	"Всего"	"0"	"25 450"
"Безработное население (в возрасте 15 лет и старше)(Человек)"	"1 квартал 2019 г."	"201903"	"Г.АСТАНА"	"0"	"Всего"	"0"	"Всего"	"0"	"Всего"	"0"	"Всего"	"0"	"24 909"
"Безработное население (в возрасте 15 лет и старше)(Человек)"	"1 квартал 2018 г."	"201803"	"Г.АСТАНА"	"0"	"Всего"	"0"	"Всего"	"0"	"Всего"	"0"	"Всего"	"0"	"24 518"
"Безработное население (в возрасте 15 лет и старше)(Человек)"	"3 квартал 2018 г."	"201809"	"Г.АСТАНА"	"0"	"Всего"	"0"	"Всего"	"0"	"Всего"	"0"	"Всего"	"0"	"23 822"
"Безработное население (в возрасте 15 лет и старше)(Человек)"	"1 квартал 2016 г."	"201603"	"Г.АСТАНА"	"0"	"Всего"	"0"	"Всего"	"0"	"Всего"	"0"	"Всего"	"0"	"22 926"
"Безработное население (в возрасте 15 лет и старше)(Человек)"	"3 квартал 2016 г."	"201609"	"Г.АСТАНА"	"0"	"Всего"	"0"	"Всего"	"0"	"Всего"	"0"	"Всего"	"0"	"22 233"
"Безработное население (в возрасте 15 лет и старше)(Человек)"	"3 квартал 2017 г."	"201709"	"Г.АСТАНА"	"0"	"Всего"	"0"	"Всего"	"0"	"Всего"	"0"	"Всего"	"0"	"22 893"
"Безработное население (в возрасте 15 лет и старше)(Человек)"	"2 квартал 2018 г."	"201806"	"Г.АСТАНА"	"0"	"Всего"	"0"	"Всего"	"0"	"Всего"	"0"	"Всего"	"0"	"24 088"
"Безработное население (в возрасте 15 лет и старше)(Человек)"	"1 квартал 2021 г."	"202103"	"Г.АСТАНА"	"0"	"Всего"	"0"	"Всего"	"0"	"Всего"	"0"	"Всего"	"0"	"27 957"
"Безработное население (в возрасте 15 лет и старше)(Человек)"	"2 квартал 2021 г."	"202106"	"Г.АСТАНА"	"0"	"Всего"	"0"	"Всего"	"0"	"Всего"	"0"	"Всего"	"0"	"27 781"
"Безработное население (в возрасте 15 лет и старше)(Человек)"	"3 квартал 2021 г."	"202109"	"Г.АСТАНА"	"0"	"Всего"	"0"	"Всего"	"0"	"Всего"	"0"	"Всего"	"0"	"28 259"
"Безработное население (в возрасте 15 лет и старше)(Человек)"	"3 квартал 2020 г."	"202009"	"Г.АСТАНА"	"0"	"Всего"	"0"	"Всего"	"0"	"Всего"	"0"	"Всего"	"0"	"27 779"
"Безработное население (в возрасте 15 лет и старше)(Человек)"	"4 квартал 2020 г."	"202012"	"Г.АСТАНА"	"0"	"Всего"	"0"	"Всего"	"0"	"Всего"	"0"	"Всего"	"0"	"27 357"
"Безработное население (в возрасте 15 лет и старше)(Человек)"	"4 квартал 2021 г."	"202112"	"Г.АСТАНА"	"0"	"Всего"	"0"	"Всего"	"0"	"Всего"	"0"	"Всего"	"0"	"28 226"
"Безработное население (в возрасте 15 лет и старше)(Человек)"	"1 квартал 2020 г."	"202003"	"Г.АСТАНА"	"0"	"Всего"	"0"	"Всего"	"0"	"Всего"	"0"	"Всего"	"0"	"26 624"
"Безработное население (в возрасте 15 лет и старше)(Человек)"	"2 квартал 2020 г."	"202006"	"Г.АСТАНА"	"0"	"Всего"	"0"	"Всего"	"0"	"Всего"	"0"	"Всего"	"0"	"27 358"
"Безработное население (в возрасте 15 лет и старше)(Человек)"	"2 квартал 2022 г."	"202206"	"Г.АСТАНА"	"0"	"Всего"	"0"	"Всего"	"0"	"Всего"	"0"	"Всего"	"0"	"29 000"
"Безработное население (в возрасте 15 лет и старше)(Человек)"	"1 квартал 2022 г."	"202203"	"Г.АСТАНА"	"0"	"Всего"	"0"	"Всего"	"0"	"Всего"	"0"	"Всего"	"0"	"28 712"
"Безработное население (в возрасте 15 лет и старше)(Человек)"	"4 квартал 2022 г."	"202212"	"Г.АСТАНА"	"0"	"Всего"	"0"	"Всего"	"0"	"Всего"	"0"	"Всего"	"0"	"29 849"
"Безработное население (в возрасте 15 лет и старше)(Человек)"	"3 квартал 2022 г."	"202209"	"Г.АСТАНА"	"0"	"Всего"	"0"	"Всего"	"0"	"Всего"	"0"	"Всего"	"0"	"28 231"
"Безработное население (в возрасте 15 лет и старше)(Человек)"	"1 квартал 2023 г."	"202303"	"Г.АСТАНА"	"0"	"Всего"	"0"	"Всего"	"0"	"Всего"	"0"	"Всего"	"0"	"30 654"
"Безработное население (в возрасте 15 лет и старше)(Человек)"	"3 квартал 2023 г."	"202309"	"Г.АСТАНА"	"0"	"Всего"	"0"	"Всего"	"0"	"Всего"	"0"	"Всего"	"0"	"30 600"
"Безработное население (в возрасте 15 лет и старше)(Человек)"	"4 квартал 2023 г."	"202312"	"Г.АСТАНА"	"0"	"Всего"	"0"	"Всего"	"0"	"Всего"	"0"	"Всего"	"0"	"31 450"
"Безработное население (в возрасте 15 лет и старше)(Человек)"	"2 квартал 2023 г."	"202306"	"Г.АСТАНА"	"0"	"Всего"	"0"	"Всего"	"0"	"Всего"	"0"	"Всего"	"0"	"31 173"
"Безработное население (в возрасте 15 лет и старше)(Человек)"	"1 квартал 2024 г."	"202403"	"Г.АСТАНА"	"0"	"Всего"	"0"	"Всего"	"0"	"Всего"	"0"	"Всего"	"0"	"32 599"
"Безработное население (в возрасте 15 лет и старше)(Человек)"	"2 квартал 2024 г."	"202406"	"Г.АСТАНА"	"0"	"Всего"	"0"	"Всего"	"0"	"Всего"	"0"	"Всего"	"0"	"32 105"
"Безработное население (в возрасте 15 лет и старше)(Человек)"	"3 квартал 2024 г."	"202409"	"Г.АСТАНА"	"0"	"Всего"	"0"	"Всего"	"0"	"Всего"	"0"	"Всего"	"0"	"31 211"
"Безработное население (в возрасте 15 лет и старше)(Человек)"	"4 квартал 2024 г."	"202412"	"Г.АСТАНА"	"0"	"Всего"	"0"	"Всего"	"0"	"Всего"	"0"	"Всего"	"0"	"31 708"
"Безработное население (в возрасте 15 лет и старше)(Человек)"	"1 квартал 2025 г."	"202503"	"Г.АСТАНА"	"0"	"Всего"	"0"	"Всего"	"0"	"Всего"	"0"	"Всего"	"0"	"33 850"
"Безработное население (в возрасте 15 лет и старше)(Человек)"	"2 квартал 2025 г."	"202506"	"Г.АСТАНА"	"0"	"Всего"	"0"	"Всего"	"0"	"Всего"	"0"	"Всего"	"0"	"33 305"
"Безработное население (в возрасте 15 лет и старше)(Человек)"	"2 квартал 2016 г."	"201606"	"ВОСТОЧНО-КАЗАХСТАНСКАЯ ОБЛАСТЬ"	"0"	"Всего"	"0"	"Всего"	"0"	"Всего"	"0"	"Всего"	"0"	"35 386"
"Безработное население (в возрасте 15 лет и старше)(Человек)"	"2 квартал 2010 г."	"201006"	"ВОСТОЧНО-КАЗАХСТАНСКАЯ ОБЛАСТЬ"	"0"	"Всего"	"0"	"Всего"	"0"	"Всего"	"0"	"Всего"	"0"	"44 651"
"Безработное население (в возрасте 15 лет и старше)(Человек)"	"3 квартал 2011 г."	"201109"	"ВОСТОЧНО-КАЗАХСТАНСКАЯ ОБЛАСТЬ"	"0"	"Всего"	"0"	"Всего"	"0"	"Всего"	"0"	"Всего"	"0"	"38 151"
"Безработное население (в возрасте 15 лет и старше)(Человек)"	"1 квартал 2010 г."	"201003"	"ВОСТОЧНО-КАЗАХСТАНСКАЯ ОБЛАСТЬ"	"0"	"Всего"	"0"	"Всего"	"0"	"Всего"	"0"	"Всего"	"0"	"46 440"
"Безработное население (в возрасте 15 лет и старше)(Человек)"	"1 квартал 2015 г."	"201503"	"ВОСТОЧНО-КАЗАХСТАНСКАЯ ОБЛАСТЬ"	"0"	"Всего"	"0"	"Всего"	"0"	"Всего"	"0"	"Всего"	"0"	"35 566"
"Безработное население (в возрасте 15 лет и старше)(Человек)"	"2 квартал 2015 г."	"201506"	"ВОСТОЧНО-КАЗАХСТАНСКАЯ ОБЛАСТЬ"	"0"	"Всего"	"0"	"Всего"	"0"	"Всего"	"0"	"Всего"	"0"	"35 745"
"Безработное население (в возрасте 15 лет и старше)(Человек)"	"1 квартал 2012 г."	"201203"	"ВОСТОЧНО-КАЗАХСТАНСКАЯ ОБЛАСТЬ"	"0"	"Всего"	"0"	"Всего"	"0"	"Всего"	"0"	"Всего"	"0"	"38 733"
"Безработное население (в возрасте 15 лет и старше)(Человек)"	"2 квартал 2012 г."	"201206"	"ВОСТОЧНО-КАЗАХСТАНСКАЯ ОБЛАСТЬ"	"0"	"Всего"	"0"	"Всего"	"0"	"Всего"	"0"	"Всего"	"0"	"37 811"
"Безработное население (в возрасте 15 лет и старше)(Человек)"	"4 квартал 2012 г."	"201212"	"ВОСТОЧНО-КАЗАХСТАНСКАЯ ОБЛАСТЬ"	"0"	"Всего"	"0"	"Всего"	"0"	"Всего"	"0"	"Всего"	"0"	"37 985"
"Безработное население (в возрасте 15 лет и старше)(Человек)"	"4 квартал 2019 г."	"201912"	"ВОСТОЧНО-КАЗАХСТАНСКАЯ ОБЛАСТЬ"	"0"	"Всего"	"0"	"Всего"	"0"	"Всего"	"0"	"Всего"	"0"	"34 529"
"Безработное население (в возрасте 15 лет и старше)(Человек)"	"4 квартал 2016 г."	"201612"	"ВОСТОЧНО-КАЗАХСТАНСКАЯ ОБЛАСТЬ"	"0"	"Всего"	"0"	"Всего"	"0"	"Всего"	"0"	"Всего"	"0"	"34 457"
"Безработное население (в возрасте 15 лет и старше)(Человек)"	"3 квартал 2010 г."	"201009"	"ВОСТОЧНО-КАЗАХСТАНСКАЯ ОБЛАСТЬ"	"0"	"Всего"	"0"	"Всего"	"0"	"Всего"	"0"	"Всего"	"0"	"42 427"
"Безработное население (в возрасте 15 лет и старше)(Человек)"	"1 квартал 2011 г."	"201103"	"ВОСТОЧНО-КАЗАХСТАНСКАЯ ОБЛАСТЬ"	"0"	"Всего"	"0"	"Всего"	"0"	"Всего"	"0"	"Всего"	"0"	"41 492"
"Безработное население (в возрасте 15 лет и старше)(Человек)"	"2 квартал 2013 г."	"201306"	"ВОСТОЧНО-КАЗАХСТАНСКАЯ ОБЛАСТЬ"	"0"	"Всего"	"0"	"Всего"	"0"	"Всего"	"0"	"Всего"	"0"	"37 846"
"Безработное население (в возрасте 15 лет и старше)(Человек)"	"4 квартал 2011 г."	"201112"	"ВОСТОЧНО-КАЗАХСТАНСКАЯ ОБЛАСТЬ"	"0"	"Всего"	"0"	"Всего"	"0"	"Всего"	"0"	"Всего"	"0"	"38 889"
"Безработное население (в возрасте 15 лет и старше)(Человек)"	"3 квартал 2013 г."	"201309"	"ВОСТОЧНО-КАЗАХСТАНСКАЯ ОБЛАСТЬ"	"0"	"Всего"	"0"	"Всего"	"0"	"Всего"	"0"	"Всего"	"0"	"37 779"
"Безработное население (в возрасте 15 лет и старше)(Человек)"	"1 квартал 2013 г."	"201303"	"ВОСТОЧНО-КАЗАХСТАНСКАЯ ОБЛАСТЬ"	"0"	"Всего"	"0"	"Всего"	"0"	"Всего"	"0"	"Всего"	"0"	"38 555"
"Безработное население (в возрасте 15 лет и старше)(Человек)"	"4 квартал 2010 г."	"201012"	"ВОСТОЧНО-КАЗАХСТАНСКАЯ ОБЛАСТЬ"	"0"	"Всего"	"0"	"Всего"	"0"	"Всего"	"0"	"Всего"	"0"	"41 599"
"Безработное население (в возрасте 15 лет и старше)(Человек)"	"2 квартал 2011 г."	"201106"	"ВОСТОЧНО-КАЗАХСТАНСКАЯ ОБЛАСТЬ"	"0"	"Всего"	"0"	"Всего"	"0"	"Всего"	"0"	"Всего"	"0"	"39 964"
"Безработное население (в возрасте 15 лет и старше)(Человек)"	"3 квартал 2015 г."	"201509"	"ВОСТОЧНО-КАЗАХСТАНСКАЯ ОБЛАСТЬ"	"0"	"Всего"	"0"	"Всего"	"0"	"Всего"	"0"	"Всего"	"0"	"35 163"
"Безработное население (в возрасте 15 лет и старше)(Человек)"	"4 квартал 2013 г."	"201312"	"ВОСТОЧНО-КАЗАХСТАНСКАЯ ОБЛАСТЬ"	"0"	"Всего"	"0"	"Всего"	"0"	"Всего"	"0"	"Всего"	"0"	"36 214"
"Безработное население (в возрасте 15 лет и старше)(Человек)"	"3 квартал 2012 г."	"201209"	"ВОСТОЧНО-КАЗАХСТАНСКАЯ ОБЛАСТЬ"	"0"	"Всего"	"0"	"Всего"	"0"	"Всего"	"0"	"Всего"	"0"	"37 768"
"Безработное население (в возрасте 15 лет и старше)(Человек)"	"2 квартал 2017 г."	"201706"	"ВОСТОЧНО-КАЗАХСТАНСКАЯ ОБЛАСТЬ"	"0"	"Всего"	"0"	"Всего"	"0"	"Всего"	"0"	"Всего"	"0"	"34 491"
"Безработное население (в возрасте 15 лет и старше)(Человек)"	"1 квартал 2014 г."	"201403"	"ВОСТОЧНО-КАЗАХСТАНСКАЯ ОБЛАСТЬ"	"0"	"Всего"	"0"	"Всего"	"0"	"Всего"	"0"	"Всего"	"0"	"35 977"
"Безработное население (в возрасте 15 лет и старше)(Человек)"	"3 квартал 2014 г."	"201409"	"ВОСТОЧНО-КАЗАХСТАНСКАЯ ОБЛАСТЬ"	"0"	"Всего"	"0"	"Всего"	"0"	"Всего"	"0"	"Всего"	"0"	"35 866"
"Безработное население (в возрасте 15 лет и старше)(Человек)"	"2 квартал 2014 г."	"201406"	"ВОСТОЧНО-КАЗАХСТАНСКАЯ ОБЛАСТЬ"	"0"	"Всего"	"0"	"Всего"	"0"	"Всего"	"0"	"Всего"	"0"	"35 954"
"Безработное население (в возрасте 15 лет и старше)(Человек)"	"4 квартал 2014 г."	"201412"	"ВОСТОЧНО-КАЗАХСТАНСКАЯ ОБЛАСТЬ"	"0"	"Всего"	"0"	"Всего"	"0"	"Всего"	"0"	"Всего"	"0"	"36 680"
"Безработное население (в возрасте 15 лет и старше)(Человек)"	"3 квартал 2019 г."	"201909"	"ВОСТОЧНО-КАЗАХСТАНСКАЯ ОБЛАСТЬ"	"0"	"Всего"	"0"	"Всего"	"0"	"Всего"	"0"	"Всего"	"0"	"33 923"
"Безработное население (в возрасте 15 лет и старше)(Человек)"	"4 квартал 2015 г."	"201512"	"ВОСТОЧНО-КАЗАХСТАНСКАЯ ОБЛАСТЬ"	"0"	"Всего"	"0"	"Всего"	"0"	"Всего"	"0"	"Всего"	"0"	"35 470"
"Безработное население (в возрасте 15 лет и старше)(Человек)"	"4 квартал 2018 г."	"201812"	"ВОСТОЧНО-КАЗАХСТАНСКАЯ ОБЛАСТЬ"	"0"	"Всего"	"0"	"Всего"	"0"	"Всего"	"0"	"Всего"	"0"	"34 377"
"Безработное население (в возрасте 15 лет и старше)(Человек)"	"4 квартал 2017 г."	"201712"	"ВОСТОЧНО-КАЗАХСТАНСКАЯ ОБЛАСТЬ"	"0"	"Всего"	"0"	"Всего"	"0"	"Всего"	"0"	"Всего"	"0"	"34 729"
"Безработное население (в возрасте 15 лет и старше)(Человек)"	"1 квартал 2017 г."	"201703"	"ВОСТОЧНО-КАЗАХСТАНСКАЯ ОБЛАСТЬ"	"0"	"Всего"	"0"	"Всего"	"0"	"Всего"	"0"	"Всего"	"0"	"34 401"
"Безработное население (в возрасте 15 лет и старше)(Человек)"	"2 квартал 2019 г."	"201906"	"ВОСТОЧНО-КАЗАХСТАНСКАЯ ОБЛАСТЬ"	"0"	"Всего"	"0"	"Всего"	"0"	"Всего"	"0"	"Всего"	"0"	"34 412"
"Безработное население (в возрасте 15 лет и старше)(Человек)"	"1 квартал 2019 г."	"201903"	"ВОСТОЧНО-КАЗАХСТАНСКАЯ ОБЛАСТЬ"	"0"	"Всего"	"0"	"Всего"	"0"	"Всего"	"0"	"Всего"	"0"	"34 193"
"Безработное население (в возрасте 15 лет и старше)(Человек)"	"1 квартал 2018 г."	"201803"	"ВОСТОЧНО-КАЗАХСТАНСКАЯ ОБЛАСТЬ"	"0"	"Всего"	"0"	"Всего"	"0"	"Всего"	"0"	"Всего"	"0"	"34 407"
"Безработное население (в возрасте 15 лет и старше)(Человек)"	"3 квартал 2018 г."	"201809"	"ВОСТОЧНО-КАЗАХСТАНСКАЯ ОБЛАСТЬ"	"0"	"Всего"	"0"	"Всего"	"0"	"Всего"	"0"	"Всего"	"0"	"34 465"
"Безработное население (в возрасте 15 лет и старше)(Человек)"	"1 квартал 2016 г."	"201603"	"ВОСТОЧНО-КАЗАХСТАНСКАЯ ОБЛАСТЬ"	"0"	"Всего"	"0"	"Всего"	"0"	"Всего"	"0"	"Всего"	"0"	"34 964"
"Безработное население (в возрасте 15 лет и старше)(Человек)"	"3 квартал 2016 г."	"201609"	"ВОСТОЧНО-КАЗАХСТАНСКАЯ ОБЛАСТЬ"	"0"	"Всего"	"0"	"Всего"	"0"	"Всего"	"0"	"Всего"	"0"	"35 434"
"Безработное население (в возрасте 15 лет и старше)(Человек)"	"3 квартал 2017 г."	"201709"	"ВОСТОЧНО-КАЗАХСТАНСКАЯ ОБЛАСТЬ"	"0"	"Всего"	"0"	"Всего"	"0"	"Всего"	"0"	"Всего"	"0"	"34 678"
"Безработное население (в возрасте 15 лет и старше)(Человек)"	"2 квартал 2018 г."	"201806"	"ВОСТОЧНО-КАЗАХСТАНСКАЯ ОБЛАСТЬ"	"0"	"Всего"	"0"	"Всего"	"0"	"Всего"	"0"	"Всего"	"0"	"34 425"
"Безработное население (в возрасте 15 лет и старше)(Человек)"	"1 квартал 2021 г."	"202103"	"ВОСТОЧНО-КАЗАХСТАНСКАЯ ОБЛАСТЬ"	"0"	"Всего"	"0"	"Всего"	"0"	"Всего"	"0"	"Всего"	"0"	"33 865"
"Безработное население (в возрасте 15 лет и старше)(Человек)"	"2 квартал 2021 г."	"202106"	"ВОСТОЧНО-КАЗАХСТАНСКАЯ ОБЛАСТЬ"	"0"	"Всего"	"0"	"Всего"	"0"	"Всего"	"0"	"Всего"	"0"	"33 981"
"Безработное население (в возрасте 15 лет и старше)(Человек)"	"3 квартал 2021 г."	"202109"	"ВОСТОЧНО-КАЗАХСТАНСКАЯ ОБЛАСТЬ"	"0"	"Всего"	"0"	"Всего"	"0"	"Всего"	"0"	"Всего"	"0"	"33 742"
"Безработное население (в возрасте 15 лет и старше)(Человек)"	"3 квартал 2020 г."	"202009"	"ВОСТОЧНО-КАЗАХСТАНСКАЯ ОБЛАСТЬ"	"0"	"Всего"	"0"	"Всего"	"0"	"Всего"	"0"	"Всего"	"0"	"34 179"
"Безработное население (в возрасте 15 лет и старше)(Человек)"	"4 квартал 2020 г."	"202012"	"ВОСТОЧНО-КАЗАХСТАНСКАЯ ОБЛАСТЬ"	"0"	"Всего"	"0"	"Всего"	"0"	"Всего"	"0"	"Всего"	"0"	"34 264"
"Безработное население (в возрасте 15 лет и старше)(Человек)"	"4 квартал 2021 г."	"202112"	"ВОСТОЧНО-КАЗАХСТАНСКАЯ ОБЛАСТЬ"	"0"	"Всего"	"0"	"Всего"	"0"	"Всего"	"0"	"Всего"	"0"	"33 985"
"Безработное население (в возрасте 15 лет и старше)(Человек)"	"1 квартал 2020 г."	"202003"	"ВОСТОЧНО-КАЗАХСТАНСКАЯ ОБЛАСТЬ"	"0"	"Всего"	"0"	"Всего"	"0"	"Всего"	"0"	"Всего"	"0"	"33 618"
"Безработное население (в возрасте 15 лет и старше)(Человек)"	"2 квартал 2020 г."	"202006"	"ВОСТОЧНО-КАЗАХСТАНСКАЯ ОБЛАСТЬ"	"0"	"Всего"	"0"	"Всего"	"0"	"Всего"	"0"	"Всего"	"0"	"34 242"
"Безработное население (в возрасте 15 лет и старше)(Человек)"	"2 квартал 2022 г."	"202206"	"ВОСТОЧНО-КАЗАХСТАНСКАЯ ОБЛАСТЬ"	"0"	"Всего"	"0"	"Всего"	"0"	"Всего"	"0"	"Всего"	"0"	"17 719"
"Безработное население (в возрасте 15 лет и старше)(Человек)"	"1 квартал 2022 г."	"202203"	"ВОСТОЧНО-КАЗАХСТАНСКАЯ ОБЛАСТЬ"	"0"	"Всего"	"0"	"Всего"	"0"	"Всего"	"0"	"Всего"	"0"	"33 097"
"Безработное население (в возрасте 15 лет и старше)(Человек)"	"4 квартал 2022 г."	"202212"	"ВОСТОЧНО-КАЗАХСТАНСКАЯ ОБЛАСТЬ"	"0"	"Всего"	"0"	"Всего"	"0"	"Всего"	"0"	"Всего"	"0"	"18 479"
"Безработное население (в возрасте 15 лет и старше)(Человек)"	"3 квартал 2022 г."	"202209"	"ВОСТОЧНО-КАЗАХСТАНСКАЯ ОБЛАСТЬ"	"0"	"Всего"	"0"	"Всего"	"0"	"Всего"	"0"	"Всего"	"0"	"18 222"
"Безработное население (в возрасте 15 лет и старше)(Человек)"	"1 квартал 2023 г."	"202303"	"ВОСТОЧНО-КАЗАХСТАНСКАЯ ОБЛАСТЬ"	"0"	"Всего"	"0"	"Всего"	"0"	"Всего"	"0"	"Всего"	"0"	"17 823"
"Безработное население (в возрасте 15 лет и старше)(Человек)"	"3 квартал 2023 г."	"202309"	"ВОСТОЧНО-КАЗАХСТАНСКАЯ ОБЛАСТЬ"	"0"	"Всего"	"0"	"Всего"	"0"	"Всего"	"0"	"Всего"	"0"	"17 996"
"Безработное население (в возрасте 15 лет и старше)(Человек)"	"4 квартал 2023 г."	"202312"	"ВОСТОЧНО-КАЗАХСТАНСКАЯ ОБЛАСТЬ"	"0"	"Всего"	"0"	"Всего"	"0"	"Всего"	"0"	"Всего"	"0"	"17 673"
"Безработное население (в возрасте 15 лет и старше)(Человек)"	"2 квартал 2023 г."	"202306"	"ВОСТОЧНО-КАЗАХСТАНСКАЯ ОБЛАСТЬ"	"0"	"Всего"	"0"	"Всего"	"0"	"Всего"	"0"	"Всего"	"0"	"18 222"
"Безработное население (в возрасте 15 лет и старше)(Человек)"	"1 квартал 2024 г."	"202403"	"ВОСТОЧНО-КАЗАХСТАНСКАЯ ОБЛАСТЬ"	"0"	"Всего"	"0"	"Всего"	"0"	"Всего"	"0"	"Всего"	"0"	"17 384"
"Безработное население (в возрасте 15 лет и старше)(Человек)"	"2 квартал 2024 г."	"202406"	"ВОСТОЧНО-КАЗАХСТАНСКАЯ ОБЛАСТЬ"	"0"	"Всего"	"0"	"Всего"	"0"	"Всего"	"0"	"Всего"	"0"	"17 790"
"Безработное население (в возрасте 15 лет и старше)(Человек)"	"3 квартал 2024 г."	"202409"	"ВОСТОЧНО-КАЗАХСТАНСКАЯ ОБЛАСТЬ"	"0"	"Всего"	"0"	"Всего"	"0"	"Всего"	"0"	"Всего"	"0"	"17 724"
"Безработное население (в возрасте 15 лет и старше)(Человек)"	"4 квартал 2024 г."	"202412"	"ВОСТОЧНО-КАЗАХСТАНСКАЯ ОБЛАСТЬ"	"0"	"Всего"	"0"	"Всего"	"0"	"Всего"	"0"	"Всего"	"0"	"17 765"
"Безработное население (в возрасте 15 лет и старше)(Человек)"	"1 квартал 2025 г."	"202503"	"ВОСТОЧНО-КАЗАХСТАНСКАЯ ОБЛАСТЬ"	"0"	"Всего"	"0"	"Всего"	"0"	"Всего"	"0"	"Всего"	"0"	"17 192"
"Безработное население (в возрасте 15 лет и старше)(Человек)"	"2 квартал 2025 г."	"202506"	"ВОСТОЧНО-КАЗАХСТАНСКАЯ ОБЛАСТЬ"	"0"	"Всего"	"0"	"Всего"	"0"	"Всего"	"0"	"Всего"	"0"	"17 399"
"Безработное население (в возрасте 15 лет и старше)(Человек)"	"2 квартал 2016 г."	"201606"	"СЕВЕРО-КАЗАХСТАНСКАЯ ОБЛАСТЬ"	"0"	"Всего"	"0"	"Всего"	"0"	"Всего"	"0"	"Всего"	"0"	"16 245"
"Безработное население (в возрасте 15 лет и старше)(Человек)"	"2 квартал 2010 г."	"201006"	"СЕВЕРО-КАЗАХСТАНСКАЯ ОБЛАСТЬ"	"0"	"Всего"	"0"	"Всего"	"0"	"Всего"	"0"	"Всего"	"0"	"22 512"
"Безработное население (в возрасте 15 лет и старше)(Человек)"	"3 квартал 2011 г."	"201109"	"СЕВЕРО-КАЗАХСТАНСКАЯ ОБЛАСТЬ"	"0"	"Всего"	"0"	"Всего"	"0"	"Всего"	"0"	"Всего"	"0"	"18 868"
"Безработное население (в возрасте 15 лет и старше)(Человек)"	"1 квартал 2010 г."	"201003"	"СЕВЕРО-КАЗАХСТАНСКАЯ ОБЛАСТЬ"	"0"	"Всего"	"0"	"Всего"	"0"	"Всего"	"0"	"Всего"	"0"	"22 849"
"Безработное население (в возрасте 15 лет и старше)(Человек)"	"1 квартал 2015 г."	"201503"	"СЕВЕРО-КАЗАХСТАНСКАЯ ОБЛАСТЬ"	"0"	"Всего"	"0"	"Всего"	"0"	"Всего"	"0"	"Всего"	"0"	"16 080"
"Безработное население (в возрасте 15 лет и старше)(Человек)"	"2 квартал 2015 г."	"201506"	"СЕВЕРО-КАЗАХСТАНСКАЯ ОБЛАСТЬ"	"0"	"Всего"	"0"	"Всего"	"0"	"Всего"	"0"	"Всего"	"0"	"17 068"
"Безработное население (в возрасте 15 лет и старше)(Человек)"	"1 квартал 2012 г."	"201203"	"СЕВЕРО-КАЗАХСТАНСКАЯ ОБЛАСТЬ"	"0"	"Всего"	"0"	"Всего"	"0"	"Всего"	"0"	"Всего"	"0"	"18 407"
"Безработное население (в возрасте 15 лет и старше)(Человек)"	"2 квартал 2012 г."	"201206"	"СЕВЕРО-КАЗАХСТАНСКАЯ ОБЛАСТЬ"	"0"	"Всего"	"0"	"Всего"	"0"	"Всего"	"0"	"Всего"	"0"	"18 350"
"Безработное население (в возрасте 15 лет и старше)(Человек)"	"4 квартал 2012 г."	"201212"	"СЕВЕРО-КАЗАХСТАНСКАЯ ОБЛАСТЬ"	"0"	"Всего"	"0"	"Всего"	"0"	"Всего"	"0"	"Всего"	"0"	"18 342"
"Безработное население (в возрасте 15 лет и старше)(Человек)"	"4 квартал 2019 г."	"201912"	"СЕВЕРО-КАЗАХСТАНСКАЯ ОБЛАСТЬ"	"0"	"Всего"	"0"	"Всего"	"0"	"Всего"	"0"	"Всего"	"0"	"14 591"
"Безработное население (в возрасте 15 лет и старше)(Человек)"	"4 квартал 2016 г."	"201612"	"СЕВЕРО-КАЗАХСТАНСКАЯ ОБЛАСТЬ"	"0"	"Всего"	"0"	"Всего"	"0"	"Всего"	"0"	"Всего"	"0"	"15 355"
"Безработное население (в возрасте 15 лет и старше)(Человек)"	"3 квартал 2010 г."	"201009"	"СЕВЕРО-КАЗАХСТАНСКАЯ ОБЛАСТЬ"	"0"	"Всего"	"0"	"Всего"	"0"	"Всего"	"0"	"Всего"	"0"	"21 239"
"Безработное население (в возрасте 15 лет и старше)(Человек)"	"1 квартал 2011 г."	"201103"	"СЕВЕРО-КАЗАХСТАНСКАЯ ОБЛАСТЬ"	"0"	"Всего"	"0"	"Всего"	"0"	"Всего"	"0"	"Всего"	"0"	"21 160"
"Безработное население (в возрасте 15 лет и старше)(Человек)"	"2 квартал 2013 г."	"201306"	"СЕВЕРО-КАЗАХСТАНСКАЯ ОБЛАСТЬ"	"0"	"Всего"	"0"	"Всего"	"0"	"Всего"	"0"	"Всего"	"0"	"17 375"
"Безработное население (в возрасте 15 лет и старше)(Человек)"	"4 квартал 2011 г."	"201112"	"СЕВЕРО-КАЗАХСТАНСКАЯ ОБЛАСТЬ"	"0"	"Всего"	"0"	"Всего"	"0"	"Всего"	"0"	"Всего"	"0"	"18 861"
"Безработное население (в возрасте 15 лет и старше)(Человек)"	"3 квартал 2013 г."	"201309"	"СЕВЕРО-КАЗАХСТАНСКАЯ ОБЛАСТЬ"	"0"	"Всего"	"0"	"Всего"	"0"	"Всего"	"0"	"Всего"	"0"	"17 450"
"Безработное население (в возрасте 15 лет и старше)(Человек)"	"1 квартал 2013 г."	"201303"	"СЕВЕРО-КАЗАХСТАНСКАЯ ОБЛАСТЬ"	"0"	"Всего"	"0"	"Всего"	"0"	"Всего"	"0"	"Всего"	"0"	"18 108"
"Безработное население (в возрасте 15 лет и старше)(Человек)"	"4 квартал 2010 г."	"201012"	"СЕВЕРО-КАЗАХСТАНСКАЯ ОБЛАСТЬ"	"0"	"Всего"	"0"	"Всего"	"0"	"Всего"	"0"	"Всего"	"0"	"21 370"
"Безработное население (в возрасте 15 лет и старше)(Человек)"	"2 квартал 2011 г."	"201106"	"СЕВЕРО-КАЗАХСТАНСКАЯ ОБЛАСТЬ"	"0"	"Всего"	"0"	"Всего"	"0"	"Всего"	"0"	"Всего"	"0"	"20 837"
"Безработное население (в возрасте 15 лет и старше)(Человек)"	"3 квартал 2015 г."	"201509"	"СЕВЕРО-КАЗАХСТАНСКАЯ ОБЛАСТЬ"	"0"	"Всего"	"0"	"Всего"	"0"	"Всего"	"0"	"Всего"	"0"	"16 623"
"Безработное население (в возрасте 15 лет и старше)(Человек)"	"4 квартал 2013 г."	"201312"	"СЕВЕРО-КАЗАХСТАНСКАЯ ОБЛАСТЬ"	"0"	"Всего"	"0"	"Всего"	"0"	"Всего"	"0"	"Всего"	"0"	"17 299"
"Безработное население (в возрасте 15 лет и старше)(Человек)"	"3 квартал 2012 г."	"201209"	"СЕВЕРО-КАЗАХСТАНСКАЯ ОБЛАСТЬ"	"0"	"Всего"	"0"	"Всего"	"0"	"Всего"	"0"	"Всего"	"0"	"18 179"
"Безработное население (в возрасте 15 лет и старше)(Человек)"	"2 квартал 2017 г."	"201706"	"СЕВЕРО-КАЗАХСТАНСКАЯ ОБЛАСТЬ"	"0"	"Всего"	"0"	"Всего"	"0"	"Всего"	"0"	"Всего"	"0"	"15 061"
"Безработное население (в возрасте 15 лет и старше)(Человек)"	"1 квартал 2014 г."	"201403"	"СЕВЕРО-КАЗАХСТАНСКАЯ ОБЛАСТЬ"	"0"	"Всего"	"0"	"Всего"	"0"	"Всего"	"0"	"Всего"	"0"	"16 831"
"Безработное население (в возрасте 15 лет и старше)(Человек)"	"3 квартал 2014 г."	"201409"	"СЕВЕРО-КАЗАХСТАНСКАЯ ОБЛАСТЬ"	"0"	"Всего"	"0"	"Всего"	"0"	"Всего"	"0"	"Всего"	"0"	"16 885"
"Безработное население (в возрасте 15 лет и старше)(Человек)"	"2 квартал 2014 г."	"201406"	"СЕВЕРО-КАЗАХСТАНСКАЯ ОБЛАСТЬ"	"0"	"Всего"	"0"	"Всего"	"0"	"Всего"	"0"	"Всего"	"0"	"16 821"
"Безработное население (в возрасте 15 лет и старше)(Человек)"	"4 квартал 2014 г."	"201412"	"СЕВЕРО-КАЗАХСТАНСКАЯ ОБЛАСТЬ"	"0"	"Всего"	"0"	"Всего"	"0"	"Всего"	"0"	"Всего"	"0"	"16 862"
"Безработное население (в возрасте 15 лет и старше)(Человек)"	"3 квартал 2019 г."	"201909"	"СЕВЕРО-КАЗАХСТАНСКАЯ ОБЛАСТЬ"	"0"	"Всего"	"0"	"Всего"	"0"	"Всего"	"0"	"Всего"	"0"	"14 994"
"Безработное население (в возрасте 15 лет и старше)(Человек)"	"4 квартал 2015 г."	"201512"	"СЕВЕРО-КАЗАХСТАНСКАЯ ОБЛАСТЬ"	"0"	"Всего"	"0"	"Всего"	"0"	"Всего"	"0"	"Всего"	"0"	"16 141"
"Безработное население (в возрасте 15 лет и старше)(Человек)"	"4 квартал 2018 г."	"201812"	"СЕВЕРО-КАЗАХСТАНСКАЯ ОБЛАСТЬ"	"0"	"Всего"	"0"	"Всего"	"0"	"Всего"	"0"	"Всего"	"0"	"14 963"
"Безработное население (в возрасте 15 лет и старше)(Человек)"	"4 квартал 2017 г."	"201712"	"СЕВЕРО-КАЗАХСТАНСКАЯ ОБЛАСТЬ"	"0"	"Всего"	"0"	"Всего"	"0"	"Всего"	"0"	"Всего"	"0"	"14 972"
"Безработное население (в возрасте 15 лет и старше)(Человек)"	"1 квартал 2017 г."	"201703"	"СЕВЕРО-КАЗАХСТАНСКАЯ ОБЛАСТЬ"	"0"	"Всего"	"0"	"Всего"	"0"	"Всего"	"0"	"Всего"	"0"	"15 055"
"Безработное население (в возрасте 15 лет и старше)(Человек)"	"2 квартал 2019 г."	"201906"	"СЕВЕРО-КАЗАХСТАНСКАЯ ОБЛАСТЬ"	"0"	"Всего"	"0"	"Всего"	"0"	"Всего"	"0"	"Всего"	"0"	"14 687"
"Безработное население (в возрасте 15 лет и старше)(Человек)"	"1 квартал 2019 г."	"201903"	"СЕВЕРО-КАЗАХСТАНСКАЯ ОБЛАСТЬ"	"0"	"Всего"	"0"	"Всего"	"0"	"Всего"	"0"	"Всего"	"0"	"14 623"
"Безработное население (в возрасте 15 лет и старше)(Человек)"	"1 квартал 2018 г."	"201803"	"СЕВЕРО-КАЗАХСТАНСКАЯ ОБЛАСТЬ"	"0"	"Всего"	"0"	"Всего"	"0"	"Всего"	"0"	"Всего"	"0"	"14 922"
"Безработное население (в возрасте 15 лет и старше)(Человек)"	"3 квартал 2018 г."	"201809"	"СЕВЕРО-КАЗАХСТАНСКАЯ ОБЛАСТЬ"	"0"	"Всего"	"0"	"Всего"	"0"	"Всего"	"0"	"Всего"	"0"	"14 944"
"Безработное население (в возрасте 15 лет и старше)(Человек)"	"1 квартал 2016 г."	"201603"	"СЕВЕРО-КАЗАХСТАНСКАЯ ОБЛАСТЬ"	"0"	"Всего"	"0"	"Всего"	"0"	"Всего"	"0"	"Всего"	"0"	"16 067"
"Безработное население (в возрасте 15 лет и старше)(Человек)"	"3 квартал 2016 г."	"201609"	"СЕВЕРО-КАЗАХСТАНСКАЯ ОБЛАСТЬ"	"0"	"Всего"	"0"	"Всего"	"0"	"Всего"	"0"	"Всего"	"0"	"15 874"
"Безработное население (в возрасте 15 лет и старше)(Человек)"	"3 квартал 2017 г."	"201709"	"СЕВЕРО-КАЗАХСТАНСКАЯ ОБЛАСТЬ"	"0"	"Всего"	"0"	"Всего"	"0"	"Всего"	"0"	"Всего"	"0"	"15 040"
"Безработное население (в возрасте 15 лет и старше)(Человек)"	"2 квартал 2018 г."	"201806"	"СЕВЕРО-КАЗАХСТАНСКАЯ ОБЛАСТЬ"	"0"	"Всего"	"0"	"Всего"	"0"	"Всего"	"0"	"Всего"	"0"	"15 240"
"Безработное население (в возрасте 15 лет и старше)(Человек)"	"1 квартал 2021 г."	"202103"	"СЕВЕРО-КАЗАХСТАНСКАЯ ОБЛАСТЬ"	"0"	"Всего"	"0"	"Всего"	"0"	"Всего"	"0"	"Всего"	"0"	"14 639"
"Безработное население (в возрасте 15 лет и старше)(Человек)"	"2 квартал 2021 г."	"202106"	"СЕВЕРО-КАЗАХСТАНСКАЯ ОБЛАСТЬ"	"0"	"Всего"	"0"	"Всего"	"0"	"Всего"	"0"	"Всего"	"0"	"14 582"
"Безработное население (в возрасте 15 лет и старше)(Человек)"	"3 квартал 2021 г."	"202109"	"СЕВЕРО-КАЗАХСТАНСКАЯ ОБЛАСТЬ"	"0"	"Всего"	"0"	"Всего"	"0"	"Всего"	"0"	"Всего"	"0"	"14 604"
"Безработное население (в возрасте 15 лет и старше)(Человек)"	"3 квартал 2020 г."	"202009"	"СЕВЕРО-КАЗАХСТАНСКАЯ ОБЛАСТЬ"	"0"	"Всего"	"0"	"Всего"	"0"	"Всего"	"0"	"Всего"	"0"	"15 230"
"Безработное население (в возрасте 15 лет и старше)(Человек)"	"4 квартал 2020 г."	"202012"	"СЕВЕРО-КАЗАХСТАНСКАЯ ОБЛАСТЬ"	"0"	"Всего"	"0"	"Всего"	"0"	"Всего"	"0"	"Всего"	"0"	"15 318"
"Безработное население (в возрасте 15 лет и старше)(Человек)"	"4 квартал 2021 г."	"202112"	"СЕВЕРО-КАЗАХСТАНСКАЯ ОБЛАСТЬ"	"0"	"Всего"	"0"	"Всего"	"0"	"Всего"	"0"	"Всего"	"0"	"14 515"
"Безработное население (в возрасте 15 лет и старше)(Человек)"	"1 квартал 2020 г."	"202003"	"СЕВЕРО-КАЗАХСТАНСКАЯ ОБЛАСТЬ"	"0"	"Всего"	"0"	"Всего"	"0"	"Всего"	"0"	"Всего"	"0"	"14 541"
"Безработное население (в возрасте 15 лет и старше)(Человек)"	"2 квартал 2020 г."	"202006"	"СЕВЕРО-КАЗАХСТАНСКАЯ ОБЛАСТЬ"	"0"	"Всего"	"0"	"Всего"	"0"	"Всего"	"0"	"Всего"	"0"	"15 137"
"Безработное население (в возрасте 15 лет и старше)(Человек)"	"2 квартал 2022 г."	"202206"	"СЕВЕРО-КАЗАХСТАНСКАЯ ОБЛАСТЬ"	"0"	"Всего"	"0"	"Всего"	"0"	"Всего"	"0"	"Всего"	"0"	"14 004"
"Безработное население (в возрасте 15 лет и старше)(Человек)"	"1 квартал 2022 г."	"202203"	"СЕВЕРО-КАЗАХСТАНСКАЯ ОБЛАСТЬ"	"0"	"Всего"	"0"	"Всего"	"0"	"Всего"	"0"	"Всего"	"0"	"14 058"
"Безработное население (в возрасте 15 лет и старше)(Человек)"	"4 квартал 2022 г."	"202212"	"СЕВЕРО-КАЗАХСТАНСКАЯ ОБЛАСТЬ"	"0"	"Всего"	"0"	"Всего"	"0"	"Всего"	"0"	"Всего"	"0"	"14 247"
"Безработное население (в возрасте 15 лет и старше)(Человек)"	"3 квартал 2022 г."	"202209"	"СЕВЕРО-КАЗАХСТАНСКАЯ ОБЛАСТЬ"	"0"	"Всего"	"0"	"Всего"	"0"	"Всего"	"0"	"Всего"	"0"	"14 344"
"Безработное население (в возрасте 15 лет и старше)(Человек)"	"1 квартал 2023 г."	"202303"	"СЕВЕРО-КАЗАХСТАНСКАЯ ОБЛАСТЬ"	"0"	"Всего"	"0"	"Всего"	"0"	"Всего"	"0"	"Всего"	"0"	"13 868"
"Безработное население (в возрасте 15 лет и старше)(Человек)"	"3 квартал 2023 г."	"202309"	"СЕВЕРО-КАЗАХСТАНСКАЯ ОБЛАСТЬ"	"0"	"Всего"	"0"	"Всего"	"0"	"Всего"	"0"	"Всего"	"0"	"13 471"
"Безработное население (в возрасте 15 лет и старше)(Человек)"	"4 квартал 2023 г."	"202312"	"СЕВЕРО-КАЗАХСТАНСКАЯ ОБЛАСТЬ"	"0"	"Всего"	"0"	"Всего"	"0"	"Всего"	"0"	"Всего"	"0"	"12 820"
"Безработное население (в возрасте 15 лет и старше)(Человек)"	"2 квартал 2023 г."	"202306"	"СЕВЕРО-КАЗАХСТАНСКАЯ ОБЛАСТЬ"	"0"	"Всего"	"0"	"Всего"	"0"	"Всего"	"0"	"Всего"	"0"	"13 677"
"Безработное население (в возрасте 15 лет и старше)(Человек)"	"1 квартал 2024 г."	"202403"	"СЕВЕРО-КАЗАХСТАНСКАЯ ОБЛАСТЬ"	"0"	"Всего"	"0"	"Всего"	"0"	"Всего"	"0"	"Всего"	"0"	"12 953"
"Безработное население (в возрасте 15 лет и старше)(Человек)"	"2 квартал 2024 г."	"202406"	"СЕВЕРО-КАЗАХСТАНСКАЯ ОБЛАСТЬ"	"0"	"Всего"	"0"	"Всего"	"0"	"Всего"	"0"	"Всего"	"0"	"12 704"
"Безработное население (в возрасте 15 лет и старше)(Человек)"	"3 квартал 2024 г."	"202409"	"СЕВЕРО-КАЗАХСТАНСКАЯ ОБЛАСТЬ"	"0"	"Всего"	"0"	"Всего"	"0"	"Всего"	"0"	"Всего"	"0"	"12 888"
"Безработное население (в возрасте 15 лет и старше)(Человек)"	"4 квартал 2024 г."	"202412"	"СЕВЕРО-КАЗАХСТАНСКАЯ ОБЛАСТЬ"	"0"	"Всего"	"0"	"Всего"	"0"	"Всего"	"0"	"Всего"	"0"	"13 102"
"Безработное население (в возрасте 15 лет и старше)(Человек)"	"1 квартал 2025 г."	"202503"	"СЕВЕРО-КАЗАХСТАНСКАЯ ОБЛАСТЬ"	"0"	"Всего"	"0"	"Всего"	"0"	"Всего"	"0"	"Всего"	"0"	"12 301"
"Безработное население (в возрасте 15 лет и старше)(Человек)"	"2 квартал 2025 г."	"202506"	"СЕВЕРО-КАЗАХСТАНСКАЯ ОБЛАСТЬ"	"0"	"Всего"	"0"	"Всего"	"0"	"Всего"	"0"	"Всего"	"0"	"11 873"
"Безработное население (в возрасте 15 лет и старше)(Человек)"	"2 квартал 2016 г."	"201606"	"ПАВЛОДАРСКАЯ ОБЛАСТЬ"	"0"	"Всего"	"0"	"Всего"	"0"	"Всего"	"0"	"Всего"	"0"	"20 301"
"Безработное население (в возрасте 15 лет и старше)(Человек)"	"2 квартал 2010 г."	"201006"	"ПАВЛОДАРСКАЯ ОБЛАСТЬ"	"0"	"Всего"	"0"	"Всего"	"0"	"Всего"	"0"	"Всего"	"0"	"24 815"
"Безработное население (в возрасте 15 лет и старше)(Человек)"	"3 квартал 2011 г."	"201109"	"ПАВЛОДАРСКАЯ ОБЛАСТЬ"	"0"	"Всего"	"0"	"Всего"	"0"	"Всего"	"0"	"Всего"	"0"	"22 749"
"Безработное население (в возрасте 15 лет и старше)(Человек)"	"1 квартал 2010 г."	"201003"	"ПАВЛОДАРСКАЯ ОБЛАСТЬ"	"0"	"Всего"	"0"	"Всего"	"0"	"Всего"	"0"	"Всего"	"0"	"26 677"
"Безработное население (в возрасте 15 лет и старше)(Человек)"	"1 квартал 2015 г."	"201503"	"ПАВЛОДАРСКАЯ ОБЛАСТЬ"	"0"	"Всего"	"0"	"Всего"	"0"	"Всего"	"0"	"Всего"	"0"	"20 947"
"Безработное население (в возрасте 15 лет и старше)(Человек)"	"2 квартал 2015 г."	"201506"	"ПАВЛОДАРСКАЯ ОБЛАСТЬ"	"0"	"Всего"	"0"	"Всего"	"0"	"Всего"	"0"	"Всего"	"0"	"20 276"
"Безработное население (в возрасте 15 лет и старше)(Человек)"	"1 квартал 2012 г."	"201203"	"ПАВЛОДАРСКАЯ ОБЛАСТЬ"	"0"	"Всего"	"0"	"Всего"	"0"	"Всего"	"0"	"Всего"	"0"	"21 886"
"Безработное население (в возрасте 15 лет и старше)(Человек)"	"2 квартал 2012 г."	"201206"	"ПАВЛОДАРСКАЯ ОБЛАСТЬ"	"0"	"Всего"	"0"	"Всего"	"0"	"Всего"	"0"	"Всего"	"0"	"21 613"
"Безработное население (в возрасте 15 лет и старше)(Человек)"	"4 квартал 2012 г."	"201212"	"ПАВЛОДАРСКАЯ ОБЛАСТЬ"	"0"	"Всего"	"0"	"Всего"	"0"	"Всего"	"0"	"Всего"	"0"	"21 756"
"Безработное население (в возрасте 15 лет и старше)(Человек)"	"4 квартал 2019 г."	"201912"	"ПАВЛОДАРСКАЯ ОБЛАСТЬ"	"0"	"Всего"	"0"	"Всего"	"0"	"Всего"	"0"	"Всего"	"0"	"19 170"
"Безработное население (в возрасте 15 лет и старше)(Человек)"	"4 квартал 2016 г."	"201612"	"ПАВЛОДАРСКАЯ ОБЛАСТЬ"	"0"	"Всего"	"0"	"Всего"	"0"	"Всего"	"0"	"Всего"	"0"	"20 145"
"Безработное население (в возрасте 15 лет и старше)(Человек)"	"3 квартал 2010 г."	"201009"	"ПАВЛОДАРСКАЯ ОБЛАСТЬ"	"0"	"Всего"	"0"	"Всего"	"0"	"Всего"	"0"	"Всего"	"0"	"23 857"
"Безработное население (в возрасте 15 лет и старше)(Человек)"	"1 квартал 2011 г."	"201103"	"ПАВЛОДАРСКАЯ ОБЛАСТЬ"	"0"	"Всего"	"0"	"Всего"	"0"	"Всего"	"0"	"Всего"	"0"	"23 426"
"Безработное население (в возрасте 15 лет и старше)(Человек)"	"2 квартал 2013 г."	"201306"	"ПАВЛОДАРСКАЯ ОБЛАСТЬ"	"0"	"Всего"	"0"	"Всего"	"0"	"Всего"	"0"	"Всего"	"0"	"21 888"
"Безработное население (в возрасте 15 лет и старше)(Человек)"	"4 квартал 2011 г."	"201112"	"ПАВЛОДАРСКАЯ ОБЛАСТЬ"	"0"	"Всего"	"0"	"Всего"	"0"	"Всего"	"0"	"Всего"	"0"	"22 401"
"Безработное население (в возрасте 15 лет и старше)(Человек)"	"3 квартал 2013 г."	"201309"	"ПАВЛОДАРСКАЯ ОБЛАСТЬ"	"0"	"Всего"	"0"	"Всего"	"0"	"Всего"	"0"	"Всего"	"0"	"21 442"
"Безработное население (в возрасте 15 лет и старше)(Человек)"	"1 квартал 2013 г."	"201303"	"ПАВЛОДАРСКАЯ ОБЛАСТЬ"	"0"	"Всего"	"0"	"Всего"	"0"	"Всего"	"0"	"Всего"	"0"	"21 975"
"Безработное население (в возрасте 15 лет и старше)(Человек)"	"4 квартал 2010 г."	"201012"	"ПАВЛОДАРСКАЯ ОБЛАСТЬ"	"0"	"Всего"	"0"	"Всего"	"0"	"Всего"	"0"	"Всего"	"0"	"23 462"
"Безработное население (в возрасте 15 лет и старше)(Человек)"	"2 квартал 2011 г."	"201106"	"ПАВЛОДАРСКАЯ ОБЛАСТЬ"	"0"	"Всего"	"0"	"Всего"	"0"	"Всего"	"0"	"Всего"	"0"	"23 208"
"Безработное население (в возрасте 15 лет и старше)(Человек)"	"3 квартал 2015 г."	"201509"	"ПАВЛОДАРСКАЯ ОБЛАСТЬ"	"0"	"Всего"	"0"	"Всего"	"0"	"Всего"	"0"	"Всего"	"0"	"20 620"
"Безработное население (в возрасте 15 лет и старше)(Человек)"	"4 квартал 2013 г."	"201312"	"ПАВЛОДАРСКАЯ ОБЛАСТЬ"	"0"	"Всего"	"0"	"Всего"	"0"	"Всего"	"0"	"Всего"	"0"	"21 109"
"Безработное население (в возрасте 15 лет и старше)(Человек)"	"3 квартал 2012 г."	"201209"	"ПАВЛОДАРСКАЯ ОБЛАСТЬ"	"0"	"Всего"	"0"	"Всего"	"0"	"Всего"	"0"	"Всего"	"0"	"21 634"
"Безработное население (в возрасте 15 лет и старше)(Человек)"	"2 квартал 2017 г."	"201706"	"ПАВЛОДАРСКАЯ ОБЛАСТЬ"	"0"	"Всего"	"0"	"Всего"	"0"	"Всего"	"0"	"Всего"	"0"	"20 037"
"Безработное население (в возрасте 15 лет и старше)(Человек)"	"1 квартал 2014 г."	"201403"	"ПАВЛОДАРСКАЯ ОБЛАСТЬ"	"0"	"Всего"	"0"	"Всего"	"0"	"Всего"	"0"	"Всего"	"0"	"21 313"
"Безработное население (в возрасте 15 лет и старше)(Человек)"	"3 квартал 2014 г."	"201409"	"ПАВЛОДАРСКАЯ ОБЛАСТЬ"	"0"	"Всего"	"0"	"Всего"	"0"	"Всего"	"0"	"Всего"	"0"	"21 068"
"Безработное население (в возрасте 15 лет и старше)(Человек)"	"2 квартал 2014 г."	"201406"	"ПАВЛОДАРСКАЯ ОБЛАСТЬ"	"0"	"Всего"	"0"	"Всего"	"0"	"Всего"	"0"	"Всего"	"0"	"21 051"
"Безработное население (в возрасте 15 лет и старше)(Человек)"	"4 квартал 2014 г."	"201412"	"ПАВЛОДАРСКАЯ ОБЛАСТЬ"	"0"	"Всего"	"0"	"Всего"	"0"	"Всего"	"0"	"Всего"	"0"	"21 572"
"Безработное население (в возрасте 15 лет и старше)(Человек)"	"3 квартал 2019 г."	"201909"	"ПАВЛОДАРСКАЯ ОБЛАСТЬ"	"0"	"Всего"	"0"	"Всего"	"0"	"Всего"	"0"	"Всего"	"0"	"19 436"
"Безработное население (в возрасте 15 лет и старше)(Человек)"	"4 квартал 2015 г."	"201512"	"ПАВЛОДАРСКАЯ ОБЛАСТЬ"	"0"	"Всего"	"0"	"Всего"	"0"	"Всего"	"0"	"Всего"	"0"	"21 327"
"Безработное население (в возрасте 15 лет и старше)(Человек)"	"4 квартал 2018 г."	"201812"	"ПАВЛОДАРСКАЯ ОБЛАСТЬ"	"0"	"Всего"	"0"	"Всего"	"0"	"Всего"	"0"	"Всего"	"0"	"19 531"
"Безработное население (в возрасте 15 лет и старше)(Человек)"	"4 квартал 2017 г."	"201712"	"ПАВЛОДАРСКАЯ ОБЛАСТЬ"	"0"	"Всего"	"0"	"Всего"	"0"	"Всего"	"0"	"Всего"	"0"	"19 888"
"Безработное население (в возрасте 15 лет и старше)(Человек)"	"1 квартал 2017 г."	"201703"	"ПАВЛОДАРСКАЯ ОБЛАСТЬ"	"0"	"Всего"	"0"	"Всего"	"0"	"Всего"	"0"	"Всего"	"0"	"20 355"
"Безработное население (в возрасте 15 лет и старше)(Человек)"	"2 квартал 2019 г."	"201906"	"ПАВЛОДАРСКАЯ ОБЛАСТЬ"	"0"	"Всего"	"0"	"Всего"	"0"	"Всего"	"0"	"Всего"	"0"	"19 325"
"Безработное население (в возрасте 15 лет и старше)(Человек)"	"1 квартал 2019 г."	"201903"	"ПАВЛОДАРСКАЯ ОБЛАСТЬ"	"0"	"Всего"	"0"	"Всего"	"0"	"Всего"	"0"	"Всего"	"0"	"19 449"
"Безработное население (в возрасте 15 лет и старше)(Человек)"	"1 квартал 2018 г."	"201803"	"ПАВЛОДАРСКАЯ ОБЛАСТЬ"	"0"	"Всего"	"0"	"Всего"	"0"	"Всего"	"0"	"Всего"	"0"	"19 621"
"Безработное население (в возрасте 15 лет и старше)(Человек)"	"3 квартал 2018 г."	"201809"	"ПАВЛОДАРСКАЯ ОБЛАСТЬ"	"0"	"Всего"	"0"	"Всего"	"0"	"Всего"	"0"	"Всего"	"0"	"19 528"
"Безработное население (в возрасте 15 лет и старше)(Человек)"	"1 квартал 2016 г."	"201603"	"ПАВЛОДАРСКАЯ ОБЛАСТЬ"	"0"	"Всего"	"0"	"Всего"	"0"	"Всего"	"0"	"Всего"	"0"	"20 512"
"Безработное население (в возрасте 15 лет и старше)(Человек)"	"3 квартал 2016 г."	"201609"	"ПАВЛОДАРСКАЯ ОБЛАСТЬ"	"0"	"Всего"	"0"	"Всего"	"0"	"Всего"	"0"	"Всего"	"0"	"20 263"
"Безработное население (в возрасте 15 лет и старше)(Человек)"	"3 квартал 2017 г."	"201709"	"ПАВЛОДАРСКАЯ ОБЛАСТЬ"	"0"	"Всего"	"0"	"Всего"	"0"	"Всего"	"0"	"Всего"	"0"	"20 095"
"Безработное население (в возрасте 15 лет и старше)(Человек)"	"2 квартал 2018 г."	"201806"	"ПАВЛОДАРСКАЯ ОБЛАСТЬ"	"0"	"Всего"	"0"	"Всего"	"0"	"Всего"	"0"	"Всего"	"0"	"19 562"
"Безработное население (в возрасте 15 лет и старше)(Человек)"	"1 квартал 2021 г."	"202103"	"ПАВЛОДАРСКАЯ ОБЛАСТЬ"	"0"	"Всего"	"0"	"Всего"	"0"	"Всего"	"0"	"Всего"	"0"	"19 259"
"Безработное население (в возрасте 15 лет и старше)(Человек)"	"2 квартал 2021 г."	"202106"	"ПАВЛОДАРСКАЯ ОБЛАСТЬ"	"0"	"Всего"	"0"	"Всего"	"0"	"Всего"	"0"	"Всего"	"0"	"19 296"
"Безработное население (в возрасте 15 лет и старше)(Человек)"	"3 квартал 2021 г."	"202109"	"ПАВЛОДАРСКАЯ ОБЛАСТЬ"	"0"	"Всего"	"0"	"Всего"	"0"	"Всего"	"0"	"Всего"	"0"	"19 246"
"Безработное население (в возрасте 15 лет и старше)(Человек)"	"3 квартал 2020 г."	"202009"	"ПАВЛОДАРСКАЯ ОБЛАСТЬ"	"0"	"Всего"	"0"	"Всего"	"0"	"Всего"	"0"	"Всего"	"0"	"19 795"
"Безработное население (в возрасте 15 лет и старше)(Человек)"	"4 квартал 2020 г."	"202012"	"ПАВЛОДАРСКАЯ ОБЛАСТЬ"	"0"	"Всего"	"0"	"Всего"	"0"	"Всего"	"0"	"Всего"	"0"	"19 212"
"Безработное население (в возрасте 15 лет и старше)(Человек)"	"4 квартал 2021 г."	"202112"	"ПАВЛОДАРСКАЯ ОБЛАСТЬ"	"0"	"Всего"	"0"	"Всего"	"0"	"Всего"	"0"	"Всего"	"0"	"19 146"
"Безработное население (в возрасте 15 лет и старше)(Человек)"	"1 квартал 2020 г."	"202003"	"ПАВЛОДАРСКАЯ ОБЛАСТЬ"	"0"	"Всего"	"0"	"Всего"	"0"	"Всего"	"0"	"Всего"	"0"	"18 936"
"Безработное население (в возрасте 15 лет и старше)(Человек)"	"2 квартал 2020 г."	"202006"	"ПАВЛОДАРСКАЯ ОБЛАСТЬ"	"0"	"Всего"	"0"	"Всего"	"0"	"Всего"	"0"	"Всего"	"0"	"19 508"
"Безработное население (в возрасте 15 лет и старше)(Человек)"	"2 квартал 2022 г."	"202206"	"ПАВЛОДАРСКАЯ ОБЛАСТЬ"	"0"	"Всего"	"0"	"Всего"	"0"	"Всего"	"0"	"Всего"	"0"	"19 154"
"Безработное население (в возрасте 15 лет и старше)(Человек)"	"1 квартал 2022 г."	"202203"	"ПАВЛОДАРСКАЯ ОБЛАСТЬ"	"0"	"Всего"	"0"	"Всего"	"0"	"Всего"	"0"	"Всего"	"0"	"19 017"
"Безработное население (в возрасте 15 лет и старше)(Человек)"	"4 квартал 2022 г."	"202212"	"ПАВЛОДАРСКАЯ ОБЛАСТЬ"	"0"	"Всего"	"0"	"Всего"	"0"	"Всего"	"0"	"Всего"	"0"	"19 354"
"Безработное население (в возрасте 15 лет и старше)(Человек)"	"3 квартал 2022 г."	"202209"	"ПАВЛОДАРСКАЯ ОБЛАСТЬ"	"0"	"Всего"	"0"	"Всего"	"0"	"Всего"	"0"	"Всего"	"0"	"18 889"
"Безработное население (в возрасте 15 лет и старше)(Человек)"	"1 квартал 2023 г."	"202303"	"ПАВЛОДАРСКАЯ ОБЛАСТЬ"	"0"	"Всего"	"0"	"Всего"	"0"	"Всего"	"0"	"Всего"	"0"	"19 315"
"Безработное население (в возрасте 15 лет и старше)(Человек)"	"3 квартал 2023 г."	"202309"	"ПАВЛОДАРСКАЯ ОБЛАСТЬ"	"0"	"Всего"	"0"	"Всего"	"0"	"Всего"	"0"	"Всего"	"0"	"19 301"
"Безработное население (в возрасте 15 лет и старше)(Человек)"	"4 квартал 2023 г."	"202312"	"ПАВЛОДАРСКАЯ ОБЛАСТЬ"	"0"	"Всего"	"0"	"Всего"	"0"	"Всего"	"0"	"Всего"	"0"	"18 823"
"Безработное население (в возрасте 15 лет и старше)(Человек)"	"2 квартал 2023 г."	"202306"	"ПАВЛОДАРСКАЯ ОБЛАСТЬ"	"0"	"Всего"	"0"	"Всего"	"0"	"Всего"	"0"	"Всего"	"0"	"19 456"
"Безработное население (в возрасте 15 лет и старше)(Человек)"	"1 квартал 2024 г."	"202403"	"ПАВЛОДАРСКАЯ ОБЛАСТЬ"	"0"	"Всего"	"0"	"Всего"	"0"	"Всего"	"0"	"Всего"	"0"	"18 937"
"Безработное население (в возрасте 15 лет и старше)(Человек)"	"2 квартал 2024 г."	"202406"	"ПАВЛОДАРСКАЯ ОБЛАСТЬ"	"0"	"Всего"	"0"	"Всего"	"0"	"Всего"	"0"	"Всего"	"0"	"19 283"
"Безработное население (в возрасте 15 лет и старше)(Человек)"	"3 квартал 2024 г."	"202409"	"ПАВЛОДАРСКАЯ ОБЛАСТЬ"	"0"	"Всего"	"0"	"Всего"	"0"	"Всего"	"0"	"Всего"	"0"	"19 216"
"Безработное население (в возрасте 15 лет и старше)(Человек)"	"4 квартал 2024 г."	"202412"	"ПАВЛОДАРСКАЯ ОБЛАСТЬ"	"0"	"Всего"	"0"	"Всего"	"0"	"Всего"	"0"	"Всего"	"0"	"19 326"
"Безработное население (в возрасте 15 лет и старше)(Человек)"	"1 квартал 2025 г."	"202503"	"ПАВЛОДАРСКАЯ ОБЛАСТЬ"	"0"	"Всего"	"0"	"Всего"	"0"	"Всего"	"0"	"Всего"	"0"	"19 485"
"Безработное население (в возрасте 15 лет и старше)(Человек)"	"2 квартал 2025 г."	"202506"	"ПАВЛОДАРСКАЯ ОБЛАСТЬ"	"0"	"Всего"	"0"	"Всего"	"0"	"Всего"	"0"	"Всего"	"0"	"19 721"
"Безработное население (в возрасте 15 лет и старше)(Человек)"	"2 квартал 2016 г."	"201606"	"ЮЖНО-КАЗАХСТАНСКАЯ ОБЛАСТЬ"	"0"	"Всего"	"0"	"Всего"	"0"	"Всего"	"0"	"Всего"	"0"	"62 337"
"Безработное население (в возрасте 15 лет и старше)(Человек)"	"2 квартал 2010 г."	"201006"	"ЮЖНО-КАЗАХСТАНСКАЯ ОБЛАСТЬ"	"0"	"Всего"	"0"	"Всего"	"0"	"Всего"	"0"	"Всего"	"0"	"68 691"
"Безработное население (в возрасте 15 лет и старше)(Человек)"	"3 квартал 2011 г."	"201109"	"ЮЖНО-КАЗАХСТАНСКАЯ ОБЛАСТЬ"	"0"	"Всего"	"0"	"Всего"	"0"	"Всего"	"0"	"Всего"	"0"	"69 439"
"Безработное население (в возрасте 15 лет и старше)(Человек)"	"1 квартал 2010 г."	"201003"	"ЮЖНО-КАЗАХСТАНСКАЯ ОБЛАСТЬ"	"0"	"Всего"	"0"	"Всего"	"0"	"Всего"	"0"	"Всего"	"0"	"71 182"
"Безработное население (в возрасте 15 лет и старше)(Человек)"	"1 квартал 2015 г."	"201503"	"ЮЖНО-КАЗАХСТАНСКАЯ ОБЛАСТЬ"	"0"	"Всего"	"0"	"Всего"	"0"	"Всего"	"0"	"Всего"	"0"	"61 185"
"Безработное население (в возрасте 15 лет и старше)(Человек)"	"2 квартал 2015 г."	"201506"	"ЮЖНО-КАЗАХСТАНСКАЯ ОБЛАСТЬ"	"0"	"Всего"	"0"	"Всего"	"0"	"Всего"	"0"	"Всего"	"0"	"65 915"
"Безработное население (в возрасте 15 лет и старше)(Человек)"	"1 квартал 2012 г."	"201203"	"ЮЖНО-КАЗАХСТАНСКАЯ ОБЛАСТЬ"	"0"	"Всего"	"0"	"Всего"	"0"	"Всего"	"0"	"Всего"	"0"	"70 286"
"Безработное население (в возрасте 15 лет и старше)(Человек)"	"2 квартал 2012 г."	"201206"	"ЮЖНО-КАЗАХСТАНСКАЯ ОБЛАСТЬ"	"0"	"Всего"	"0"	"Всего"	"0"	"Всего"	"0"	"Всего"	"0"	"69 105"
"Безработное население (в возрасте 15 лет и старше)(Человек)"	"4 квартал 2012 г."	"201212"	"ЮЖНО-КАЗАХСТАНСКАЯ ОБЛАСТЬ"	"0"	"Всего"	"0"	"Всего"	"0"	"Всего"	"0"	"Всего"	"0"	"69 698"
"Безработное население (в возрасте 15 лет и старше)(Человек)"	"4 квартал 2016 г."	"201612"	"ЮЖНО-КАЗАХСТАНСКАЯ ОБЛАСТЬ"	"0"	"Всего"	"0"	"Всего"	"0"	"Всего"	"0"	"Всего"	"0"	"61 103"
"Безработное население (в возрасте 15 лет и старше)(Человек)"	"3 квартал 2010 г."	"201009"	"ЮЖНО-КАЗАХСТАНСКАЯ ОБЛАСТЬ"	"0"	"Всего"	"0"	"Всего"	"0"	"Всего"	"0"	"Всего"	"0"	"67 692"
"Безработное население (в возрасте 15 лет и старше)(Человек)"	"1 квартал 2011 г."	"201103"	"ЮЖНО-КАЗАХСТАНСКАЯ ОБЛАСТЬ"	"0"	"Всего"	"0"	"Всего"	"0"	"Всего"	"0"	"Всего"	"0"	"66 911"
"Безработное население (в возрасте 15 лет и старше)(Человек)"	"2 квартал 2013 г."	"201306"	"ЮЖНО-КАЗАХСТАНСКАЯ ОБЛАСТЬ"	"0"	"Всего"	"0"	"Всего"	"0"	"Всего"	"0"	"Всего"	"0"	"69 406"
"Безработное население (в возрасте 15 лет и старше)(Человек)"	"4 квартал 2011 г."	"201112"	"ЮЖНО-КАЗАХСТАНСКАЯ ОБЛАСТЬ"	"0"	"Всего"	"0"	"Всего"	"0"	"Всего"	"0"	"Всего"	"0"	"70 520"
"Безработное население (в возрасте 15 лет и старше)(Человек)"	"3 квартал 2013 г."	"201309"	"ЮЖНО-КАЗАХСТАНСКАЯ ОБЛАСТЬ"	"0"	"Всего"	"0"	"Всего"	"0"	"Всего"	"0"	"Всего"	"0"	"69 695"
"Безработное население (в возрасте 15 лет и старше)(Человек)"	"1 квартал 2013 г."	"201303"	"ЮЖНО-КАЗАХСТАНСКАЯ ОБЛАСТЬ"	"0"	"Всего"	"0"	"Всего"	"0"	"Всего"	"0"	"Всего"	"0"	"68 914"
"Безработное население (в возрасте 15 лет и старше)(Человек)"	"4 квартал 2010 г."	"201012"	"ЮЖНО-КАЗАХСТАНСКАЯ ОБЛАСТЬ"	"0"	"Всего"	"0"	"Всего"	"0"	"Всего"	"0"	"Всего"	"0"	"66 047"
"Безработное население (в возрасте 15 лет и старше)(Человек)"	"2 квартал 2011 г."	"201106"	"ЮЖНО-КАЗАХСТАНСКАЯ ОБЛАСТЬ"	"0"	"Всего"	"0"	"Всего"	"0"	"Всего"	"0"	"Всего"	"0"	"66 782"
"Безработное население (в возрасте 15 лет и старше)(Человек)"	"3 квартал 2015 г."	"201509"	"ЮЖНО-КАЗАХСТАНСКАЯ ОБЛАСТЬ"	"0"	"Всего"	"0"	"Всего"	"0"	"Всего"	"0"	"Всего"	"0"	"60 186"
"Безработное население (в возрасте 15 лет и старше)(Человек)"	"4 квартал 2013 г."	"201312"	"ЮЖНО-КАЗАХСТАНСКАЯ ОБЛАСТЬ"	"0"	"Всего"	"0"	"Всего"	"0"	"Всего"	"0"	"Всего"	"0"	"69 743"
"Безработное население (в возрасте 15 лет и старше)(Человек)"	"3 квартал 2012 г."	"201209"	"ЮЖНО-КАЗАХСТАНСКАЯ ОБЛАСТЬ"	"0"	"Всего"	"0"	"Всего"	"0"	"Всего"	"0"	"Всего"	"0"	"69 668"
"Безработное население (в возрасте 15 лет и старше)(Человек)"	"2 квартал 2017 г."	"201706"	"ЮЖНО-КАЗАХСТАНСКАЯ ОБЛАСТЬ"	"0"	"Всего"	"0"	"Всего"	"0"	"Всего"	"0"	"Всего"	"0"	"62 468"
"Безработное население (в возрасте 15 лет и старше)(Человек)"	"1 квартал 2014 г."	"201403"	"ЮЖНО-КАЗАХСТАНСКАЯ ОБЛАСТЬ"	"0"	"Всего"	"0"	"Всего"	"0"	"Всего"	"0"	"Всего"	"0"	"67 585"
"Безработное население (в возрасте 15 лет и старше)(Человек)"	"3 квартал 2014 г."	"201409"	"ЮЖНО-КАЗАХСТАНСКАЯ ОБЛАСТЬ"	"0"	"Всего"	"0"	"Всего"	"0"	"Всего"	"0"	"Всего"	"0"	"67 253"
"Безработное население (в возрасте 15 лет и старше)(Человек)"	"2 квартал 2014 г."	"201406"	"ЮЖНО-КАЗАХСТАНСКАЯ ОБЛАСТЬ"	"0"	"Всего"	"0"	"Всего"	"0"	"Всего"	"0"	"Всего"	"0"	"67 859"
"Безработное население (в возрасте 15 лет и старше)(Человек)"	"4 квартал 2014 г."	"201412"	"ЮЖНО-КАЗАХСТАНСКАЯ ОБЛАСТЬ"	"0"	"Всего"	"0"	"Всего"	"0"	"Всего"	"0"	"Всего"	"0"	"67 622"
"Безработное население (в возрасте 15 лет и старше)(Человек)"	"4 квартал 2015 г."	"201512"	"ЮЖНО-КАЗАХСТАНСКАЯ ОБЛАСТЬ"	"0"	"Всего"	"0"	"Всего"	"0"	"Всего"	"0"	"Всего"	"0"	"64 306"
"Безработное население (в возрасте 15 лет и старше)(Человек)"	"4 квартал 2017 г."	"201712"	"ЮЖНО-КАЗАХСТАНСКАЯ ОБЛАСТЬ"	"0"	"Всего"	"0"	"Всего"	"0"	"Всего"	"0"	"Всего"	"0"	"61 252"
"Безработное население (в возрасте 15 лет и старше)(Человек)"	"1 квартал 2017 г."	"201703"	"ЮЖНО-КАЗАХСТАНСКАЯ ОБЛАСТЬ"	"0"	"Всего"	"0"	"Всего"	"0"	"Всего"	"0"	"Всего"	"0"	"61 111"
"Безработное население (в возрасте 15 лет и старше)(Человек)"	"1 квартал 2018 г."	"201803"	"ЮЖНО-КАЗАХСТАНСКАЯ ОБЛАСТЬ"	"0"	"Всего"	"0"	"Всего"	"0"	"Всего"	"0"	"Всего"	"0"	"61 774"
"Безработное население (в возрасте 15 лет и старше)(Человек)"	"1 квартал 2016 г."	"201603"	"ЮЖНО-КАЗАХСТАНСКАЯ ОБЛАСТЬ"	"0"	"Всего"	"0"	"Всего"	"0"	"Всего"	"0"	"Всего"	"0"	"62 689"
"Безработное население (в возрасте 15 лет и старше)(Человек)"	"3 квартал 2016 г."	"201609"	"ЮЖНО-КАЗАХСТАНСКАЯ ОБЛАСТЬ"	"0"	"Всего"	"0"	"Всего"	"0"	"Всего"	"0"	"Всего"	"0"	"62 078"
"Безработное население (в возрасте 15 лет и старше)(Человек)"	"3 квартал 2017 г."	"201709"	"ЮЖНО-КАЗАХСТАНСКАЯ ОБЛАСТЬ"	"0"	"Всего"	"0"	"Всего"	"0"	"Всего"	"0"	"Всего"	"0"	"62 645"
"Безработное население (в возрасте 15 лет и старше)(Человек)"	"2 квартал 2016 г."	"201606"	"МАНГИСТАУСКАЯ ОБЛАСТЬ"	"0"	"Всего"	"0"	"Всего"	"0"	"Всего"	"0"	"Всего"	"0"	"14 932"
"Безработное население (в возрасте 15 лет и старше)(Человек)"	"2 квартал 2010 г."	"201006"	"МАНГИСТАУСКАЯ ОБЛАСТЬ"	"0"	"Всего"	"0"	"Всего"	"0"	"Всего"	"0"	"Всего"	"0"	"14 336"
"Безработное население (в возрасте 15 лет и старше)(Человек)"	"3 квартал 2011 г."	"201109"	"МАНГИСТАУСКАЯ ОБЛАСТЬ"	"0"	"Всего"	"0"	"Всего"	"0"	"Всего"	"0"	"Всего"	"0"	"15 121"
"Безработное население (в возрасте 15 лет и старше)(Человек)"	"1 квартал 2010 г."	"201003"	"МАНГИСТАУСКАЯ ОБЛАСТЬ"	"0"	"Всего"	"0"	"Всего"	"0"	"Всего"	"0"	"Всего"	"0"	"15 061"
"Безработное население (в возрасте 15 лет и старше)(Человек)"	"1 квартал 2015 г."	"201503"	"МАНГИСТАУСКАЯ ОБЛАСТЬ"	"0"	"Всего"	"0"	"Всего"	"0"	"Всего"	"0"	"Всего"	"0"	"13 880"
"Безработное население (в возрасте 15 лет и старше)(Человек)"	"2 квартал 2015 г."	"201506"	"МАНГИСТАУСКАЯ ОБЛАСТЬ"	"0"	"Всего"	"0"	"Всего"	"0"	"Всего"	"0"	"Всего"	"0"	"14 245"
"Безработное население (в возрасте 15 лет и старше)(Человек)"	"1 квартал 2012 г."	"201203"	"МАНГИСТАУСКАЯ ОБЛАСТЬ"	"0"	"Всего"	"0"	"Всего"	"0"	"Всего"	"0"	"Всего"	"0"	"15 829"
"Безработное население (в возрасте 15 лет и старше)(Человек)"	"2 квартал 2012 г."	"201206"	"МАНГИСТАУСКАЯ ОБЛАСТЬ"	"0"	"Всего"	"0"	"Всего"	"0"	"Всего"	"0"	"Всего"	"0"	"15 406"
"Безработное население (в возрасте 15 лет и старше)(Человек)"	"4 квартал 2012 г."	"201212"	"МАНГИСТАУСКАЯ ОБЛАСТЬ"	"0"	"Всего"	"0"	"Всего"	"0"	"Всего"	"0"	"Всего"	"0"	"15 073"
"Безработное население (в возрасте 15 лет и старше)(Человек)"	"4 квартал 2019 г."	"201912"	"МАНГИСТАУСКАЯ ОБЛАСТЬ"	"0"	"Всего"	"0"	"Всего"	"0"	"Всего"	"0"	"Всего"	"0"	"16 075"
"Безработное население (в возрасте 15 лет и старше)(Человек)"	"4 квартал 2016 г."	"201612"	"МАНГИСТАУСКАЯ ОБЛАСТЬ"	"0"	"Всего"	"0"	"Всего"	"0"	"Всего"	"0"	"Всего"	"0"	"14 138"
"Безработное население (в возрасте 15 лет и старше)(Человек)"	"3 квартал 2010 г."	"201009"	"МАНГИСТАУСКАЯ ОБЛАСТЬ"	"0"	"Всего"	"0"	"Всего"	"0"	"Всего"	"0"	"Всего"	"0"	"13 803"
"Безработное население (в возрасте 15 лет и старше)(Человек)"	"1 квартал 2011 г."	"201103"	"МАНГИСТАУСКАЯ ОБЛАСТЬ"	"0"	"Всего"	"0"	"Всего"	"0"	"Всего"	"0"	"Всего"	"0"	"13 171"
"Безработное население (в возрасте 15 лет и старше)(Человек)"	"2 квартал 2013 г."	"201306"	"МАНГИСТАУСКАЯ ОБЛАСТЬ"	"0"	"Всего"	"0"	"Всего"	"0"	"Всего"	"0"	"Всего"	"0"	"15 210"
"Безработное население (в возрасте 15 лет и старше)(Человек)"	"4 квартал 2011 г."	"201112"	"МАНГИСТАУСКАЯ ОБЛАСТЬ"	"0"	"Всего"	"0"	"Всего"	"0"	"Всего"	"0"	"Всего"	"0"	"15 224"
"Безработное население (в возрасте 15 лет и старше)(Человек)"	"3 квартал 2013 г."	"201309"	"МАНГИСТАУСКАЯ ОБЛАСТЬ"	"0"	"Всего"	"0"	"Всего"	"0"	"Всего"	"0"	"Всего"	"0"	"15 128"
"Безработное население (в возрасте 15 лет и старше)(Человек)"	"1 квартал 2013 г."	"201303"	"МАНГИСТАУСКАЯ ОБЛАСТЬ"	"0"	"Всего"	"0"	"Всего"	"0"	"Всего"	"0"	"Всего"	"0"	"15 198"
"Безработное население (в возрасте 15 лет и старше)(Человек)"	"4 квартал 2010 г."	"201012"	"МАНГИСТАУСКАЯ ОБЛАСТЬ"	"0"	"Всего"	"0"	"Всего"	"0"	"Всего"	"0"	"Всего"	"0"	"13 150"
"Безработное население (в возрасте 15 лет и старше)(Человек)"	"2 квартал 2011 г."	"201106"	"МАНГИСТАУСКАЯ ОБЛАСТЬ"	"0"	"Всего"	"0"	"Всего"	"0"	"Всего"	"0"	"Всего"	"0"	"12 888"
"Безработное население (в возрасте 15 лет и старше)(Человек)"	"3 квартал 2015 г."	"201509"	"МАНГИСТАУСКАЯ ОБЛАСТЬ"	"0"	"Всего"	"0"	"Всего"	"0"	"Всего"	"0"	"Всего"	"0"	"15 422"
"Безработное население (в возрасте 15 лет и старше)(Человек)"	"4 квартал 2013 г."	"201312"	"МАНГИСТАУСКАЯ ОБЛАСТЬ"	"0"	"Всего"	"0"	"Всего"	"0"	"Всего"	"0"	"Всего"	"0"	"14 801"
"Безработное население (в возрасте 15 лет и старше)(Человек)"	"3 квартал 2012 г."	"201209"	"МАНГИСТАУСКАЯ ОБЛАСТЬ"	"0"	"Всего"	"0"	"Всего"	"0"	"Всего"	"0"	"Всего"	"0"	"15 350"
"Безработное население (в возрасте 15 лет и старше)(Человек)"	"2 квартал 2017 г."	"201706"	"МАНГИСТАУСКАЯ ОБЛАСТЬ"	"0"	"Всего"	"0"	"Всего"	"0"	"Всего"	"0"	"Всего"	"0"	"13 651"
"Безработное население (в возрасте 15 лет и старше)(Человек)"	"1 квартал 2014 г."	"201403"	"МАНГИСТАУСКАЯ ОБЛАСТЬ"	"0"	"Всего"	"0"	"Всего"	"0"	"Всего"	"0"	"Всего"	"0"	"15 228"
"Безработное население (в возрасте 15 лет и старше)(Человек)"	"3 квартал 2014 г."	"201409"	"МАНГИСТАУСКАЯ ОБЛАСТЬ"	"0"	"Всего"	"0"	"Всего"	"0"	"Всего"	"0"	"Всего"	"0"	"14 889"
"Безработное население (в возрасте 15 лет и старше)(Человек)"	"2 квартал 2014 г."	"201406"	"МАНГИСТАУСКАЯ ОБЛАСТЬ"	"0"	"Всего"	"0"	"Всего"	"0"	"Всего"	"0"	"Всего"	"0"	"14 796"
"Безработное население (в возрасте 15 лет и старше)(Человек)"	"4 квартал 2014 г."	"201412"	"МАНГИСТАУСКАЯ ОБЛАСТЬ"	"0"	"Всего"	"0"	"Всего"	"0"	"Всего"	"0"	"Всего"	"0"	"14 537"
"Безработное население (в возрасте 15 лет и старше)(Человек)"	"3 квартал 2019 г."	"201909"	"МАНГИСТАУСКАЯ ОБЛАСТЬ"	"0"	"Всего"	"0"	"Всего"	"0"	"Всего"	"0"	"Всего"	"0"	"17 143"
"Безработное население (в возрасте 15 лет и старше)(Человек)"	"4 квартал 2015 г."	"201512"	"МАНГИСТАУСКАЯ ОБЛАСТЬ"	"0"	"Всего"	"0"	"Всего"	"0"	"Всего"	"0"	"Всего"	"0"	"13 278"
"Безработное население (в возрасте 15 лет и старше)(Человек)"	"4 квартал 2018 г."	"201812"	"МАНГИСТАУСКАЯ ОБЛАСТЬ"	"0"	"Всего"	"0"	"Всего"	"0"	"Всего"	"0"	"Всего"	"0"	"15 457"
"Безработное население (в возрасте 15 лет и старше)(Человек)"	"4 квартал 2017 г."	"201712"	"МАНГИСТАУСКАЯ ОБЛАСТЬ"	"0"	"Всего"	"0"	"Всего"	"0"	"Всего"	"0"	"Всего"	"0"	"14 337"
"Безработное население (в возрасте 15 лет и старше)(Человек)"	"1 квартал 2017 г."	"201703"	"МАНГИСТАУСКАЯ ОБЛАСТЬ"	"0"	"Всего"	"0"	"Всего"	"0"	"Всего"	"0"	"Всего"	"0"	"13 643"
"Безработное население (в возрасте 15 лет и старше)(Человек)"	"2 квартал 2019 г."	"201906"	"МАНГИСТАУСКАЯ ОБЛАСТЬ"	"0"	"Всего"	"0"	"Всего"	"0"	"Всего"	"0"	"Всего"	"0"	"15 288"
"Безработное население (в возрасте 15 лет и старше)(Человек)"	"1 квартал 2019 г."	"201903"	"МАНГИСТАУСКАЯ ОБЛАСТЬ"	"0"	"Всего"	"0"	"Всего"	"0"	"Всего"	"0"	"Всего"	"0"	"15 017"
"Безработное население (в возрасте 15 лет и старше)(Человек)"	"1 квартал 2018 г."	"201803"	"МАНГИСТАУСКАЯ ОБЛАСТЬ"	"0"	"Всего"	"0"	"Всего"	"0"	"Всего"	"0"	"Всего"	"0"	"13 344"
"Безработное население (в возрасте 15 лет и старше)(Человек)"	"3 квартал 2018 г."	"201809"	"МАНГИСТАУСКАЯ ОБЛАСТЬ"	"0"	"Всего"	"0"	"Всего"	"0"	"Всего"	"0"	"Всего"	"0"	"15 341"
"Безработное население (в возрасте 15 лет и старше)(Человек)"	"1 квартал 2016 г."	"201603"	"МАНГИСТАУСКАЯ ОБЛАСТЬ"	"0"	"Всего"	"0"	"Всего"	"0"	"Всего"	"0"	"Всего"	"0"	"15 218"
"Безработное население (в возрасте 15 лет и старше)(Человек)"	"3 квартал 2016 г."	"201609"	"МАНГИСТАУСКАЯ ОБЛАСТЬ"	"0"	"Всего"	"0"	"Всего"	"0"	"Всего"	"0"	"Всего"	"0"	"15 347"
"Безработное население (в возрасте 15 лет и старше)(Человек)"	"3 квартал 2017 г."	"201709"	"МАНГИСТАУСКАЯ ОБЛАСТЬ"	"0"	"Всего"	"0"	"Всего"	"0"	"Всего"	"0"	"Всего"	"0"	"14 181"
"Безработное население (в возрасте 15 лет и старше)(Человек)"	"2 квартал 2018 г."	"201806"	"МАНГИСТАУСКАЯ ОБЛАСТЬ"	"0"	"Всего"	"0"	"Всего"	"0"	"Всего"	"0"	"Всего"	"0"	"13 564"
"Безработное население (в возрасте 15 лет и старше)(Человек)"	"1 квартал 2021 г."	"202103"	"МАНГИСТАУСКАЯ ОБЛАСТЬ"	"0"	"Всего"	"0"	"Всего"	"0"	"Всего"	"0"	"Всего"	"0"	"16 854"
"Безработное население (в возрасте 15 лет и старше)(Человек)"	"2 квартал 2021 г."	"202106"	"МАНГИСТАУСКАЯ ОБЛАСТЬ"	"0"	"Всего"	"0"	"Всего"	"0"	"Всего"	"0"	"Всего"	"0"	"17 081"
"Безработное население (в возрасте 15 лет и старше)(Человек)"	"3 квартал 2021 г."	"202109"	"МАНГИСТАУСКАЯ ОБЛАСТЬ"	"0"	"Всего"	"0"	"Всего"	"0"	"Всего"	"0"	"Всего"	"0"	"17 257"
"Безработное население (в возрасте 15 лет и старше)(Человек)"	"3 квартал 2020 г."	"202009"	"МАНГИСТАУСКАЯ ОБЛАСТЬ"	"0"	"Всего"	"0"	"Всего"	"0"	"Всего"	"0"	"Всего"	"0"	"16 402"
"Безработное население (в возрасте 15 лет и старше)(Человек)"	"4 квартал 2020 г."	"202012"	"МАНГИСТАУСКАЯ ОБЛАСТЬ"	"0"	"Всего"	"0"	"Всего"	"0"	"Всего"	"0"	"Всего"	"0"	"16 448"
"Безработное население (в возрасте 15 лет и старше)(Человек)"	"4 квартал 2021 г."	"202112"	"МАНГИСТАУСКАЯ ОБЛАСТЬ"	"0"	"Всего"	"0"	"Всего"	"0"	"Всего"	"0"	"Всего"	"0"	"17 261"
"Безработное население (в возрасте 15 лет и старше)(Человек)"	"1 квартал 2020 г."	"202003"	"МАНГИСТАУСКАЯ ОБЛАСТЬ"	"0"	"Всего"	"0"	"Всего"	"0"	"Всего"	"0"	"Всего"	"0"	"15 928"
"Безработное население (в возрасте 15 лет и старше)(Человек)"	"2 квартал 2020 г."	"202006"	"МАНГИСТАУСКАЯ ОБЛАСТЬ"	"0"	"Всего"	"0"	"Всего"	"0"	"Всего"	"0"	"Всего"	"0"	"16 363"
"Безработное население (в возрасте 15 лет и старше)(Человек)"	"2 квартал 2022 г."	"202206"	"МАНГИСТАУСКАЯ ОБЛАСТЬ"	"0"	"Всего"	"0"	"Всего"	"0"	"Всего"	"0"	"Всего"	"0"	"18 173"
"Безработное население (в возрасте 15 лет и старше)(Человек)"	"1 квартал 2022 г."	"202203"	"МАНГИСТАУСКАЯ ОБЛАСТЬ"	"0"	"Всего"	"0"	"Всего"	"0"	"Всего"	"0"	"Всего"	"0"	"17 301"
"Безработное население (в возрасте 15 лет и старше)(Человек)"	"4 квартал 2022 г."	"202212"	"МАНГИСТАУСКАЯ ОБЛАСТЬ"	"0"	"Всего"	"0"	"Всего"	"0"	"Всего"	"0"	"Всего"	"0"	"17 633"
"Безработное население (в возрасте 15 лет и старше)(Человек)"	"3 квартал 2022 г."	"202209"	"МАНГИСТАУСКАЯ ОБЛАСТЬ"	"0"	"Всего"	"0"	"Всего"	"0"	"Всего"	"0"	"Всего"	"0"	"18 732"
"Безработное население (в возрасте 15 лет и старше)(Человек)"	"1 квартал 2023 г."	"202303"	"МАНГИСТАУСКАЯ ОБЛАСТЬ"	"0"	"Всего"	"0"	"Всего"	"0"	"Всего"	"0"	"Всего"	"0"	"18 029"
"Безработное население (в возрасте 15 лет и старше)(Человек)"	"3 квартал 2023 г."	"202309"	"МАНГИСТАУСКАЯ ОБЛАСТЬ"	"0"	"Всего"	"0"	"Всего"	"0"	"Всего"	"0"	"Всего"	"0"	"18 231"
"Безработное население (в возрасте 15 лет и старше)(Человек)"	"4 квартал 2023 г."	"202312"	"МАНГИСТАУСКАЯ ОБЛАСТЬ"	"0"	"Всего"	"0"	"Всего"	"0"	"Всего"	"0"	"Всего"	"0"	"18 058"
"Безработное население (в возрасте 15 лет и старше)(Человек)"	"2 квартал 2023 г."	"202306"	"МАНГИСТАУСКАЯ ОБЛАСТЬ"	"0"	"Всего"	"0"	"Всего"	"0"	"Всего"	"0"	"Всего"	"0"	"17 779"
"Безработное население (в возрасте 15 лет и старше)(Человек)"	"1 квартал 2024 г."	"202403"	"МАНГИСТАУСКАЯ ОБЛАСТЬ"	"0"	"Всего"	"0"	"Всего"	"0"	"Всего"	"0"	"Всего"	"0"	"18 329"
"Безработное население (в возрасте 15 лет и старше)(Человек)"	"2 квартал 2024 г."	"202406"	"МАНГИСТАУСКАЯ ОБЛАСТЬ"	"0"	"Всего"	"0"	"Всего"	"0"	"Всего"	"0"	"Всего"	"0"	"18 006"
"Безработное население (в возрасте 15 лет и старше)(Человек)"	"3 квартал 2024 г."	"202409"	"МАНГИСТАУСКАЯ ОБЛАСТЬ"	"0"	"Всего"	"0"	"Всего"	"0"	"Всего"	"0"	"Всего"	"0"	"18 296"
"Безработное население (в возрасте 15 лет и старше)(Человек)"	"4 квартал 2024 г."	"202412"	"МАНГИСТАУСКАЯ ОБЛАСТЬ"	"0"	"Всего"	"0"	"Всего"	"0"	"Всего"	"0"	"Всего"	"0"	"17 859"
"Безработное население (в возрасте 15 лет и старше)(Человек)"	"1 квартал 2025 г."	"202503"	"МАНГИСТАУСКАЯ ОБЛАСТЬ"	"0"	"Всего"	"0"	"Всего"	"0"	"Всего"	"0"	"Всего"	"0"	"19 745"
"Безработное население (в возрасте 15 лет и старше)(Человек)"	"2 квартал 2025 г."	"202506"	"МАНГИСТАУСКАЯ ОБЛАСТЬ"	"0"	"Всего"	"0"	"Всего"	"0"	"Всего"	"0"	"Всего"	"0"	"20 021"
"Безработное население (в возрасте 15 лет и старше)(Человек)"	"2 квартал 2016 г."	"201606"	"КЫЗЫЛОРДИНСКАЯ ОБЛАСТЬ"	"0"	"Всего"	"0"	"Всего"	"0"	"Всего"	"0"	"Всего"	"0"	"17 030"
"Безработное население (в возрасте 15 лет и старше)(Человек)"	"2 квартал 2010 г."	"201006"	"КЫЗЫЛОРДИНСКАЯ ОБЛАСТЬ"	"0"	"Всего"	"0"	"Всего"	"0"	"Всего"	"0"	"Всего"	"0"	"19 080"
"Безработное население (в возрасте 15 лет и старше)(Человек)"	"3 квартал 2011 г."	"201109"	"КЫЗЫЛОРДИНСКАЯ ОБЛАСТЬ"	"0"	"Всего"	"0"	"Всего"	"0"	"Всего"	"0"	"Всего"	"0"	"19 054"
"Безработное население (в возрасте 15 лет и старше)(Человек)"	"1 квартал 2010 г."	"201003"	"КЫЗЫЛОРДИНСКАЯ ОБЛАСТЬ"	"0"	"Всего"	"0"	"Всего"	"0"	"Всего"	"0"	"Всего"	"0"	"19 424"
"Безработное население (в возрасте 15 лет и старше)(Человек)"	"1 квартал 2015 г."	"201503"	"КЫЗЫЛОРДИНСКАЯ ОБЛАСТЬ"	"0"	"Всего"	"0"	"Всего"	"0"	"Всего"	"0"	"Всего"	"0"	"16 033"
"Безработное население (в возрасте 15 лет и старше)(Человек)"	"2 квартал 2015 г."	"201506"	"КЫЗЫЛОРДИНСКАЯ ОБЛАСТЬ"	"0"	"Всего"	"0"	"Всего"	"0"	"Всего"	"0"	"Всего"	"0"	"15 630"
"Безработное население (в возрасте 15 лет и старше)(Человек)"	"1 квартал 2012 г."	"201203"	"КЫЗЫЛОРДИНСКАЯ ОБЛАСТЬ"	"0"	"Всего"	"0"	"Всего"	"0"	"Всего"	"0"	"Всего"	"0"	"18 768"
"Безработное население (в возрасте 15 лет и старше)(Человек)"	"2 квартал 2012 г."	"201206"	"КЫЗЫЛОРДИНСКАЯ ОБЛАСТЬ"	"0"	"Всего"	"0"	"Всего"	"0"	"Всего"	"0"	"Всего"	"0"	"18 692"
"Безработное население (в возрасте 15 лет и старше)(Человек)"	"4 квартал 2012 г."	"201212"	"КЫЗЫЛОРДИНСКАЯ ОБЛАСТЬ"	"0"	"Всего"	"0"	"Всего"	"0"	"Всего"	"0"	"Всего"	"0"	"18 271"
"Безработное население (в возрасте 15 лет и старше)(Человек)"	"4 квартал 2019 г."	"201912"	"КЫЗЫЛОРДИНСКАЯ ОБЛАСТЬ"	"0"	"Всего"	"0"	"Всего"	"0"	"Всего"	"0"	"Всего"	"0"	"16 767"
"Безработное население (в возрасте 15 лет и старше)(Человек)"	"4 квартал 2016 г."	"201612"	"КЫЗЫЛОРДИНСКАЯ ОБЛАСТЬ"	"0"	"Всего"	"0"	"Всего"	"0"	"Всего"	"0"	"Всего"	"0"	"16 500"
"Безработное население (в возрасте 15 лет и старше)(Человек)"	"3 квартал 2010 г."	"201009"	"КЫЗЫЛОРДИНСКАЯ ОБЛАСТЬ"	"0"	"Всего"	"0"	"Всего"	"0"	"Всего"	"0"	"Всего"	"0"	"18 202"
"Безработное население (в возрасте 15 лет и старше)(Человек)"	"1 квартал 2011 г."	"201103"	"КЫЗЫЛОРДИНСКАЯ ОБЛАСТЬ"	"0"	"Всего"	"0"	"Всего"	"0"	"Всего"	"0"	"Всего"	"0"	"18 093"
"Безработное население (в возрасте 15 лет и старше)(Человек)"	"2 квартал 2013 г."	"201306"	"КЫЗЫЛОРДИНСКАЯ ОБЛАСТЬ"	"0"	"Всего"	"0"	"Всего"	"0"	"Всего"	"0"	"Всего"	"0"	"18 256"
"Безработное население (в возрасте 15 лет и старше)(Человек)"	"4 квартал 2011 г."	"201112"	"КЫЗЫЛОРДИНСКАЯ ОБЛАСТЬ"	"0"	"Всего"	"0"	"Всего"	"0"	"Всего"	"0"	"Всего"	"0"	"19 164"
"Безработное население (в возрасте 15 лет и старше)(Человек)"	"3 квартал 2013 г."	"201309"	"КЫЗЫЛОРДИНСКАЯ ОБЛАСТЬ"	"0"	"Всего"	"0"	"Всего"	"0"	"Всего"	"0"	"Всего"	"0"	"18 271"
"Безработное население (в возрасте 15 лет и старше)(Человек)"	"1 квартал 2013 г."	"201303"	"КЫЗЫЛОРДИНСКАЯ ОБЛАСТЬ"	"0"	"Всего"	"0"	"Всего"	"0"	"Всего"	"0"	"Всего"	"0"	"18 198"
"Безработное население (в возрасте 15 лет и старше)(Человек)"	"4 квартал 2010 г."	"201012"	"КЫЗЫЛОРДИНСКАЯ ОБЛАСТЬ"	"0"	"Всего"	"0"	"Всего"	"0"	"Всего"	"0"	"Всего"	"0"	"18 144"
"Безработное население (в возрасте 15 лет и старше)(Человек)"	"2 квартал 2011 г."	"201106"	"КЫЗЫЛОРДИНСКАЯ ОБЛАСТЬ"	"0"	"Всего"	"0"	"Всего"	"0"	"Всего"	"0"	"Всего"	"0"	"17 969"
"Безработное население (в возрасте 15 лет и старше)(Человек)"	"3 квартал 2015 г."	"201509"	"КЫЗЫЛОРДИНСКАЯ ОБЛАСТЬ"	"0"	"Всего"	"0"	"Всего"	"0"	"Всего"	"0"	"Всего"	"0"	"16 003"
"Безработное население (в возрасте 15 лет и старше)(Человек)"	"4 квартал 2013 г."	"201312"	"КЫЗЫЛОРДИНСКАЯ ОБЛАСТЬ"	"0"	"Всего"	"0"	"Всего"	"0"	"Всего"	"0"	"Всего"	"0"	"18 189"
"Безработное население (в возрасте 15 лет и старше)(Человек)"	"3 квартал 2012 г."	"201209"	"КЫЗЫЛОРДИНСКАЯ ОБЛАСТЬ"	"0"	"Всего"	"0"	"Всего"	"0"	"Всего"	"0"	"Всего"	"0"	"18 473"
"Безработное население (в возрасте 15 лет и старше)(Человек)"	"2 квартал 2017 г."	"201706"	"КЫЗЫЛОРДИНСКАЯ ОБЛАСТЬ"	"0"	"Всего"	"0"	"Всего"	"0"	"Всего"	"0"	"Всего"	"0"	"16 759"
"Безработное население (в возрасте 15 лет и старше)(Человек)"	"1 квартал 2014 г."	"201403"	"КЫЗЫЛОРДИНСКАЯ ОБЛАСТЬ"	"0"	"Всего"	"0"	"Всего"	"0"	"Всего"	"0"	"Всего"	"0"	"18 488"
"Безработное население (в возрасте 15 лет и старше)(Человек)"	"3 квартал 2014 г."	"201409"	"КЫЗЫЛОРДИНСКАЯ ОБЛАСТЬ"	"0"	"Всего"	"0"	"Всего"	"0"	"Всего"	"0"	"Всего"	"0"	"18 128"
"Безработное население (в возрасте 15 лет и старше)(Человек)"	"2 квартал 2014 г."	"201406"	"КЫЗЫЛОРДИНСКАЯ ОБЛАСТЬ"	"0"	"Всего"	"0"	"Всего"	"0"	"Всего"	"0"	"Всего"	"0"	"18 113"
"Безработное население (в возрасте 15 лет и старше)(Человек)"	"4 квартал 2014 г."	"201412"	"КЫЗЫЛОРДИНСКАЯ ОБЛАСТЬ"	"0"	"Всего"	"0"	"Всего"	"0"	"Всего"	"0"	"Всего"	"0"	"18 277"
"Безработное население (в возрасте 15 лет и старше)(Человек)"	"3 квартал 2019 г."	"201909"	"КЫЗЫЛОРДИНСКАЯ ОБЛАСТЬ"	"0"	"Всего"	"0"	"Всего"	"0"	"Всего"	"0"	"Всего"	"0"	"16 566"
"Безработное население (в возрасте 15 лет и старше)(Человек)"	"4 квартал 2015 г."	"201512"	"КЫЗЫЛОРДИНСКАЯ ОБЛАСТЬ"	"0"	"Всего"	"0"	"Всего"	"0"	"Всего"	"0"	"Всего"	"0"	"15 950"
"Безработное население (в возрасте 15 лет и старше)(Человек)"	"4 квартал 2018 г."	"201812"	"КЫЗЫЛОРДИНСКАЯ ОБЛАСТЬ"	"0"	"Всего"	"0"	"Всего"	"0"	"Всего"	"0"	"Всего"	"0"	"16 766"
"Безработное население (в возрасте 15 лет и старше)(Человек)"	"4 квартал 2017 г."	"201712"	"КЫЗЫЛОРДИНСКАЯ ОБЛАСТЬ"	"0"	"Всего"	"0"	"Всего"	"0"	"Всего"	"0"	"Всего"	"0"	"16 524"
"Безработное население (в возрасте 15 лет и старше)(Человек)"	"1 квартал 2017 г."	"201703"	"КЫЗЫЛОРДИНСКАЯ ОБЛАСТЬ"	"0"	"Всего"	"0"	"Всего"	"0"	"Всего"	"0"	"Всего"	"0"	"15 858"
"Безработное население (в возрасте 15 лет и старше)(Человек)"	"2 квартал 2019 г."	"201906"	"КЫЗЫЛОРДИНСКАЯ ОБЛАСТЬ"	"0"	"Всего"	"0"	"Всего"	"0"	"Всего"	"0"	"Всего"	"0"	"16 657"
"Безработное население (в возрасте 15 лет и старше)(Человек)"	"1 квартал 2019 г."	"201903"	"КЫЗЫЛОРДИНСКАЯ ОБЛАСТЬ"	"0"	"Всего"	"0"	"Всего"	"0"	"Всего"	"0"	"Всего"	"0"	"16 551"
"Безработное население (в возрасте 15 лет и старше)(Человек)"	"1 квартал 2018 г."	"201803"	"КЫЗЫЛОРДИНСКАЯ ОБЛАСТЬ"	"0"	"Всего"	"0"	"Всего"	"0"	"Всего"	"0"	"Всего"	"0"	"16 576"
"Безработное население (в возрасте 15 лет и старше)(Человек)"	"3 квартал 2018 г."	"201809"	"КЫЗЫЛОРДИНСКАЯ ОБЛАСТЬ"	"0"	"Всего"	"0"	"Всего"	"0"	"Всего"	"0"	"Всего"	"0"	"17 042"
"Безработное население (в возрасте 15 лет и старше)(Человек)"	"1 квартал 2016 г."	"201603"	"КЫЗЫЛОРДИНСКАЯ ОБЛАСТЬ"	"0"	"Всего"	"0"	"Всего"	"0"	"Всего"	"0"	"Всего"	"0"	"16 377"
"Безработное население (в возрасте 15 лет и старше)(Человек)"	"3 квартал 2016 г."	"201609"	"КЫЗЫЛОРДИНСКАЯ ОБЛАСТЬ"	"0"	"Всего"	"0"	"Всего"	"0"	"Всего"	"0"	"Всего"	"0"	"16 395"
"Безработное население (в возрасте 15 лет и старше)(Человек)"	"3 квартал 2017 г."	"201709"	"КЫЗЫЛОРДИНСКАЯ ОБЛАСТЬ"	"0"	"Всего"	"0"	"Всего"	"0"	"Всего"	"0"	"Всего"	"0"	"16 801"
"Безработное население (в возрасте 15 лет и старше)(Человек)"	"2 квартал 2018 г."	"201806"	"КЫЗЫЛОРДИНСКАЯ ОБЛАСТЬ"	"0"	"Всего"	"0"	"Всего"	"0"	"Всего"	"0"	"Всего"	"0"	"16 816"
"Безработное население (в возрасте 15 лет и старше)(Человек)"	"1 квартал 2021 г."	"202103"	"КЫЗЫЛОРДИНСКАЯ ОБЛАСТЬ"	"0"	"Всего"	"0"	"Всего"	"0"	"Всего"	"0"	"Всего"	"0"	"16 999"
"Безработное население (в возрасте 15 лет и старше)(Человек)"	"2 квартал 2021 г."	"202106"	"КЫЗЫЛОРДИНСКАЯ ОБЛАСТЬ"	"0"	"Всего"	"0"	"Всего"	"0"	"Всего"	"0"	"Всего"	"0"	"16 996"
"Безработное население (в возрасте 15 лет и старше)(Человек)"	"3 квартал 2021 г."	"202109"	"КЫЗЫЛОРДИНСКАЯ ОБЛАСТЬ"	"0"	"Всего"	"0"	"Всего"	"0"	"Всего"	"0"	"Всего"	"0"	"16 968"
"Безработное население (в возрасте 15 лет и старше)(Человек)"	"3 квартал 2020 г."	"202009"	"КЫЗЫЛОРДИНСКАЯ ОБЛАСТЬ"	"0"	"Всего"	"0"	"Всего"	"0"	"Всего"	"0"	"Всего"	"0"	"16 903"
"Безработное население (в возрасте 15 лет и старше)(Человек)"	"4 квартал 2020 г."	"202012"	"КЫЗЫЛОРДИНСКАЯ ОБЛАСТЬ"	"0"	"Всего"	"0"	"Всего"	"0"	"Всего"	"0"	"Всего"	"0"	"16 794"
"Безработное население (в возрасте 15 лет и старше)(Человек)"	"4 квартал 2021 г."	"202112"	"КЫЗЫЛОРДИНСКАЯ ОБЛАСТЬ"	"0"	"Всего"	"0"	"Всего"	"0"	"Всего"	"0"	"Всего"	"0"	"17 023"
"Безработное население (в возрасте 15 лет и старше)(Человек)"	"1 квартал 2020 г."	"202003"	"КЫЗЫЛОРДИНСКАЯ ОБЛАСТЬ"	"0"	"Всего"	"0"	"Всего"	"0"	"Всего"	"0"	"Всего"	"0"	"16 899"
"Безработное население (в возрасте 15 лет и старше)(Человек)"	"2 квартал 2020 г."	"202006"	"КЫЗЫЛОРДИНСКАЯ ОБЛАСТЬ"	"0"	"Всего"	"0"	"Всего"	"0"	"Всего"	"0"	"Всего"	"0"	"16 925"
"Безработное население (в возрасте 15 лет и старше)(Человек)"	"2 квартал 2022 г."	"202206"	"КЫЗЫЛОРДИНСКАЯ ОБЛАСТЬ"	"0"	"Всего"	"0"	"Всего"	"0"	"Всего"	"0"	"Всего"	"0"	"16 955"
"Безработное население (в возрасте 15 лет и старше)(Человек)"	"1 квартал 2022 г."	"202203"	"КЫЗЫЛОРДИНСКАЯ ОБЛАСТЬ"	"0"	"Всего"	"0"	"Всего"	"0"	"Всего"	"0"	"Всего"	"0"	"17 008"
"Безработное население (в возрасте 15 лет и старше)(Человек)"	"4 квартал 2022 г."	"202212"	"КЫЗЫЛОРДИНСКАЯ ОБЛАСТЬ"	"0"	"Всего"	"0"	"Всего"	"0"	"Всего"	"0"	"Всего"	"0"	"16 951"
"Безработное население (в возрасте 15 лет и старше)(Человек)"	"3 квартал 2022 г."	"202209"	"КЫЗЫЛОРДИНСКАЯ ОБЛАСТЬ"	"0"	"Всего"	"0"	"Всего"	"0"	"Всего"	"0"	"Всего"	"0"	"17 494"
"Безработное население (в возрасте 15 лет и старше)(Человек)"	"1 квартал 2023 г."	"202303"	"КЫЗЫЛОРДИНСКАЯ ОБЛАСТЬ"	"0"	"Всего"	"0"	"Всего"	"0"	"Всего"	"0"	"Всего"	"0"	"17 482"
"Безработное население (в возрасте 15 лет и старше)(Человек)"	"3 квартал 2023 г."	"202309"	"КЫЗЫЛОРДИНСКАЯ ОБЛАСТЬ"	"0"	"Всего"	"0"	"Всего"	"0"	"Всего"	"0"	"Всего"	"0"	"16 596"
"Безработное население (в возрасте 15 лет и старше)(Человек)"	"4 квартал 2023 г."	"202312"	"КЫЗЫЛОРДИНСКАЯ ОБЛАСТЬ"	"0"	"Всего"	"0"	"Всего"	"0"	"Всего"	"0"	"Всего"	"0"	"16 526"
"Безработное население (в возрасте 15 лет и старше)(Человек)"	"2 квартал 2023 г."	"202306"	"КЫЗЫЛОРДИНСКАЯ ОБЛАСТЬ"	"0"	"Всего"	"0"	"Всего"	"0"	"Всего"	"0"	"Всего"	"0"	"17 073"
"Безработное население (в возрасте 15 лет и старше)(Человек)"	"1 квартал 2024 г."	"202403"	"КЫЗЫЛОРДИНСКАЯ ОБЛАСТЬ"	"0"	"Всего"	"0"	"Всего"	"0"	"Всего"	"0"	"Всего"	"0"	"17 330"
"Безработное население (в возрасте 15 лет и старше)(Человек)"	"2 квартал 2024 г."	"202406"	"КЫЗЫЛОРДИНСКАЯ ОБЛАСТЬ"	"0"	"Всего"	"0"	"Всего"	"0"	"Всего"	"0"	"Всего"	"0"	"17 307"
"Безработное население (в возрасте 15 лет и старше)(Человек)"	"3 квартал 2024 г."	"202409"	"КЫЗЫЛОРДИНСКАЯ ОБЛАСТЬ"	"0"	"Всего"	"0"	"Всего"	"0"	"Всего"	"0"	"Всего"	"0"	"16 746"
"Безработное население (в возрасте 15 лет и старше)(Человек)"	"4 квартал 2024 г."	"202412"	"КЫЗЫЛОРДИНСКАЯ ОБЛАСТЬ"	"0"	"Всего"	"0"	"Всего"	"0"	"Всего"	"0"	"Всего"	"0"	"16 937"
"Безработное население (в возрасте 15 лет и старше)(Человек)"	"1 квартал 2025 г."	"202503"	"КЫЗЫЛОРДИНСКАЯ ОБЛАСТЬ"	"0"	"Всего"	"0"	"Всего"	"0"	"Всего"	"0"	"Всего"	"0"	"16 863"
"Безработное население (в возрасте 15 лет и старше)(Человек)"	"2 квартал 2025 г."	"202506"	"КЫЗЫЛОРДИНСКАЯ ОБЛАСТЬ"	"0"	"Всего"	"0"	"Всего"	"0"	"Всего"	"0"	"Всего"	"0"	"16 737"
"Безработное население (в возрасте 15 лет и старше)(Человек)"	"2 квартал 2016 г."	"201606"	"КОСТАНАЙСКАЯ ОБЛАСТЬ"	"0"	"Всего"	"0"	"Всего"	"0"	"Всего"	"0"	"Всего"	"0"	"25 506"
"Безработное население (в возрасте 15 лет и старше)(Человек)"	"2 квартал 2010 г."	"201006"	"КОСТАНАЙСКАЯ ОБЛАСТЬ"	"0"	"Всего"	"0"	"Всего"	"0"	"Всего"	"0"	"Всего"	"0"	"30 968"
"Безработное население (в возрасте 15 лет и старше)(Человек)"	"3 квартал 2011 г."	"201109"	"КОСТАНАЙСКАЯ ОБЛАСТЬ"	"0"	"Всего"	"0"	"Всего"	"0"	"Всего"	"0"	"Всего"	"0"	"28 117"
"Безработное население (в возрасте 15 лет и старше)(Человек)"	"1 квартал 2010 г."	"201003"	"КОСТАНАЙСКАЯ ОБЛАСТЬ"	"0"	"Всего"	"0"	"Всего"	"0"	"Всего"	"0"	"Всего"	"0"	"33 961"
"Безработное население (в возрасте 15 лет и старше)(Человек)"	"1 квартал 2015 г."	"201503"	"КОСТАНАЙСКАЯ ОБЛАСТЬ"	"0"	"Всего"	"0"	"Всего"	"0"	"Всего"	"0"	"Всего"	"0"	"26 036"
"Безработное население (в возрасте 15 лет и старше)(Человек)"	"2 квартал 2015 г."	"201506"	"КОСТАНАЙСКАЯ ОБЛАСТЬ"	"0"	"Всего"	"0"	"Всего"	"0"	"Всего"	"0"	"Всего"	"0"	"25 696"
"Безработное население (в возрасте 15 лет и старше)(Человек)"	"1 квартал 2012 г."	"201203"	"КОСТАНАЙСКАЯ ОБЛАСТЬ"	"0"	"Всего"	"0"	"Всего"	"0"	"Всего"	"0"	"Всего"	"0"	"28 922"
"Безработное население (в возрасте 15 лет и старше)(Человек)"	"2 квартал 2012 г."	"201206"	"КОСТАНАЙСКАЯ ОБЛАСТЬ"	"0"	"Всего"	"0"	"Всего"	"0"	"Всего"	"0"	"Всего"	"0"	"28 613"
"Безработное население (в возрасте 15 лет и старше)(Человек)"	"4 квартал 2012 г."	"201212"	"КОСТАНАЙСКАЯ ОБЛАСТЬ"	"0"	"Всего"	"0"	"Всего"	"0"	"Всего"	"0"	"Всего"	"0"	"27 747"
"Безработное население (в возрасте 15 лет и старше)(Человек)"	"4 квартал 2019 г."	"201912"	"КОСТАНАЙСКАЯ ОБЛАСТЬ"	"0"	"Всего"	"0"	"Всего"	"0"	"Всего"	"0"	"Всего"	"0"	"23 737"
"Безработное население (в возрасте 15 лет и старше)(Человек)"	"4 квартал 2016 г."	"201612"	"КОСТАНАЙСКАЯ ОБЛАСТЬ"	"0"	"Всего"	"0"	"Всего"	"0"	"Всего"	"0"	"Всего"	"0"	"25 755"
"Безработное население (в возрасте 15 лет и старше)(Человек)"	"3 квартал 2010 г."	"201009"	"КОСТАНАЙСКАЯ ОБЛАСТЬ"	"0"	"Всего"	"0"	"Всего"	"0"	"Всего"	"0"	"Всего"	"0"	"28 845"
"Безработное население (в возрасте 15 лет и старше)(Человек)"	"1 квартал 2011 г."	"201103"	"КОСТАНАЙСКАЯ ОБЛАСТЬ"	"0"	"Всего"	"0"	"Всего"	"0"	"Всего"	"0"	"Всего"	"0"	"30 657"
"Безработное население (в возрасте 15 лет и старше)(Человек)"	"2 квартал 2013 г."	"201306"	"КОСТАНАЙСКАЯ ОБЛАСТЬ"	"0"	"Всего"	"0"	"Всего"	"0"	"Всего"	"0"	"Всего"	"0"	"27 702"
"Безработное население (в возрасте 15 лет и старше)(Человек)"	"4 квартал 2011 г."	"201112"	"КОСТАНАЙСКАЯ ОБЛАСТЬ"	"0"	"Всего"	"0"	"Всего"	"0"	"Всего"	"0"	"Всего"	"0"	"28 568"
"Безработное население (в возрасте 15 лет и старше)(Человек)"	"3 квартал 2013 г."	"201309"	"КОСТАНАЙСКАЯ ОБЛАСТЬ"	"0"	"Всего"	"0"	"Всего"	"0"	"Всего"	"0"	"Всего"	"0"	"27 647"
"Безработное население (в возрасте 15 лет и старше)(Человек)"	"1 квартал 2013 г."	"201303"	"КОСТАНАЙСКАЯ ОБЛАСТЬ"	"0"	"Всего"	"0"	"Всего"	"0"	"Всего"	"0"	"Всего"	"0"	"28 066"
"Безработное население (в возрасте 15 лет и старше)(Человек)"	"4 квартал 2010 г."	"201012"	"КОСТАНАЙСКАЯ ОБЛАСТЬ"	"0"	"Всего"	"0"	"Всего"	"0"	"Всего"	"0"	"Всего"	"0"	"29 657"
"Безработное население (в возрасте 15 лет и старше)(Человек)"	"2 квартал 2011 г."	"201106"	"КОСТАНАЙСКАЯ ОБЛАСТЬ"	"0"	"Всего"	"0"	"Всего"	"0"	"Всего"	"0"	"Всего"	"0"	"29 166"
"Безработное население (в возрасте 15 лет и старше)(Человек)"	"3 квартал 2015 г."	"201509"	"КОСТАНАЙСКАЯ ОБЛАСТЬ"	"0"	"Всего"	"0"	"Всего"	"0"	"Всего"	"0"	"Всего"	"0"	"25 589"
"Безработное население (в возрасте 15 лет и старше)(Человек)"	"4 квартал 2013 г."	"201312"	"КОСТАНАЙСКАЯ ОБЛАСТЬ"	"0"	"Всего"	"0"	"Всего"	"0"	"Всего"	"0"	"Всего"	"0"	"26 990"
"Безработное население (в возрасте 15 лет и старше)(Человек)"	"3 квартал 2012 г."	"201209"	"КОСТАНАЙСКАЯ ОБЛАСТЬ"	"0"	"Всего"	"0"	"Всего"	"0"	"Всего"	"0"	"Всего"	"0"	"27 974"
"Безработное население (в возрасте 15 лет и старше)(Человек)"	"2 квартал 2017 г."	"201706"	"КОСТАНАЙСКАЯ ОБЛАСТЬ"	"0"	"Всего"	"0"	"Всего"	"0"	"Всего"	"0"	"Всего"	"0"	"25 656"
"Безработное население (в возрасте 15 лет и старше)(Человек)"	"1 квартал 2014 г."	"201403"	"КОСТАНАЙСКАЯ ОБЛАСТЬ"	"0"	"Всего"	"0"	"Всего"	"0"	"Всего"	"0"	"Всего"	"0"	"26 477"
"Безработное население (в возрасте 15 лет и старше)(Человек)"	"3 квартал 2014 г."	"201409"	"КОСТАНАЙСКАЯ ОБЛАСТЬ"	"0"	"Всего"	"0"	"Всего"	"0"	"Всего"	"0"	"Всего"	"0"	"26 213"
"Безработное население (в возрасте 15 лет и старше)(Человек)"	"2 квартал 2014 г."	"201406"	"КОСТАНАЙСКАЯ ОБЛАСТЬ"	"0"	"Всего"	"0"	"Всего"	"0"	"Всего"	"0"	"Всего"	"0"	"26 105"
"Безработное население (в возрасте 15 лет и старше)(Человек)"	"4 квартал 2014 г."	"201412"	"КОСТАНАЙСКАЯ ОБЛАСТЬ"	"0"	"Всего"	"0"	"Всего"	"0"	"Всего"	"0"	"Всего"	"0"	"25 755"
"Безработное население (в возрасте 15 лет и старше)(Человек)"	"3 квартал 2019 г."	"201909"	"КОСТАНАЙСКАЯ ОБЛАСТЬ"	"0"	"Всего"	"0"	"Всего"	"0"	"Всего"	"0"	"Всего"	"0"	"23 741"
"Безработное население (в возрасте 15 лет и старше)(Человек)"	"4 квартал 2015 г."	"201512"	"КОСТАНАЙСКАЯ ОБЛАСТЬ"	"0"	"Всего"	"0"	"Всего"	"0"	"Всего"	"0"	"Всего"	"0"	"25 640"
"Безработное население (в возрасте 15 лет и старше)(Человек)"	"4 квартал 2018 г."	"201812"	"КОСТАНАЙСКАЯ ОБЛАСТЬ"	"0"	"Всего"	"0"	"Всего"	"0"	"Всего"	"0"	"Всего"	"0"	"24 576"
"Безработное население (в возрасте 15 лет и старше)(Человек)"	"4 квартал 2017 г."	"201712"	"КОСТАНАЙСКАЯ ОБЛАСТЬ"	"0"	"Всего"	"0"	"Всего"	"0"	"Всего"	"0"	"Всего"	"0"	"24 476"
"Безработное население (в возрасте 15 лет и старше)(Человек)"	"1 квартал 2017 г."	"201703"	"КОСТАНАЙСКАЯ ОБЛАСТЬ"	"0"	"Всего"	"0"	"Всего"	"0"	"Всего"	"0"	"Всего"	"0"	"24 866"
"Безработное население (в возрасте 15 лет и старше)(Человек)"	"2 квартал 2019 г."	"201906"	"КОСТАНАЙСКАЯ ОБЛАСТЬ"	"0"	"Всего"	"0"	"Всего"	"0"	"Всего"	"0"	"Всего"	"0"	"23 987"
"Безработное население (в возрасте 15 лет и старше)(Человек)"	"1 квартал 2019 г."	"201903"	"КОСТАНАЙСКАЯ ОБЛАСТЬ"	"0"	"Всего"	"0"	"Всего"	"0"	"Всего"	"0"	"Всего"	"0"	"24 109"
"Безработное население (в возрасте 15 лет и старше)(Человек)"	"1 квартал 2018 г."	"201803"	"КОСТАНАЙСКАЯ ОБЛАСТЬ"	"0"	"Всего"	"0"	"Всего"	"0"	"Всего"	"0"	"Всего"	"0"	"24 149"
"Безработное население (в возрасте 15 лет и старше)(Человек)"	"3 квартал 2018 г."	"201809"	"КОСТАНАЙСКАЯ ОБЛАСТЬ"	"0"	"Всего"	"0"	"Всего"	"0"	"Всего"	"0"	"Всего"	"0"	"24 480"
"Безработное население (в возрасте 15 лет и старше)(Человек)"	"1 квартал 2016 г."	"201603"	"КОСТАНАЙСКАЯ ОБЛАСТЬ"	"0"	"Всего"	"0"	"Всего"	"0"	"Всего"	"0"	"Всего"	"0"	"25 611"
"Безработное население (в возрасте 15 лет и старше)(Человек)"	"3 квартал 2016 г."	"201609"	"КОСТАНАЙСКАЯ ОБЛАСТЬ"	"0"	"Всего"	"0"	"Всего"	"0"	"Всего"	"0"	"Всего"	"0"	"25 525"
"Безработное население (в возрасте 15 лет и старше)(Человек)"	"3 квартал 2017 г."	"201709"	"КОСТАНАЙСКАЯ ОБЛАСТЬ"	"0"	"Всего"	"0"	"Всего"	"0"	"Всего"	"0"	"Всего"	"0"	"25 094"
"Безработное население (в возрасте 15 лет и старше)(Человек)"	"2 квартал 2018 г."	"201806"	"КОСТАНАЙСКАЯ ОБЛАСТЬ"	"0"	"Всего"	"0"	"Всего"	"0"	"Всего"	"0"	"Всего"	"0"	"24 441"
"Безработное население (в возрасте 15 лет и старше)(Человек)"	"1 квартал 2021 г."	"202103"	"КОСТАНАЙСКАЯ ОБЛАСТЬ"	"0"	"Всего"	"0"	"Всего"	"0"	"Всего"	"0"	"Всего"	"0"	"24 225"
"Безработное население (в возрасте 15 лет и старше)(Человек)"	"2 квартал 2021 г."	"202106"	"КОСТАНАЙСКАЯ ОБЛАСТЬ"	"0"	"Всего"	"0"	"Всего"	"0"	"Всего"	"0"	"Всего"	"0"	"24 155"
"Безработное население (в возрасте 15 лет и старше)(Человек)"	"3 квартал 2021 г."	"202109"	"КОСТАНАЙСКАЯ ОБЛАСТЬ"	"0"	"Всего"	"0"	"Всего"	"0"	"Всего"	"0"	"Всего"	"0"	"24 037"
"Безработное население (в возрасте 15 лет и старше)(Человек)"	"3 квартал 2020 г."	"202009"	"КОСТАНАЙСКАЯ ОБЛАСТЬ"	"0"	"Всего"	"0"	"Всего"	"0"	"Всего"	"0"	"Всего"	"0"	"24 558"
"Безработное население (в возрасте 15 лет и старше)(Человек)"	"4 квартал 2020 г."	"202012"	"КОСТАНАЙСКАЯ ОБЛАСТЬ"	"0"	"Всего"	"0"	"Всего"	"0"	"Всего"	"0"	"Всего"	"0"	"24 419"
"Безработное население (в возрасте 15 лет и старше)(Человек)"	"4 квартал 2021 г."	"202112"	"КОСТАНАЙСКАЯ ОБЛАСТЬ"	"0"	"Всего"	"0"	"Всего"	"0"	"Всего"	"0"	"Всего"	"0"	"23 965"
"Безработное население (в возрасте 15 лет и старше)(Человек)"	"1 квартал 2020 г."	"202003"	"КОСТАНАЙСКАЯ ОБЛАСТЬ"	"0"	"Всего"	"0"	"Всего"	"0"	"Всего"	"0"	"Всего"	"0"	"24 229"
"Безработное население (в возрасте 15 лет и старше)(Человек)"	"2 квартал 2020 г."	"202006"	"КОСТАНАЙСКАЯ ОБЛАСТЬ"	"0"	"Всего"	"0"	"Всего"	"0"	"Всего"	"0"	"Всего"	"0"	"24 558"
"Безработное население (в возрасте 15 лет и старше)(Человек)"	"2 квартал 2022 г."	"202206"	"КОСТАНАЙСКАЯ ОБЛАСТЬ"	"0"	"Всего"	"0"	"Всего"	"0"	"Всего"	"0"	"Всего"	"0"	"23 985"
"Безработное население (в возрасте 15 лет и старше)(Человек)"	"1 квартал 2022 г."	"202203"	"КОСТАНАЙСКАЯ ОБЛАСТЬ"	"0"	"Всего"	"0"	"Всего"	"0"	"Всего"	"0"	"Всего"	"0"	"23 829"
"Безработное население (в возрасте 15 лет и старше)(Человек)"	"4 квартал 2022 г."	"202212"	"КОСТАНАЙСКАЯ ОБЛАСТЬ"	"0"	"Всего"	"0"	"Всего"	"0"	"Всего"	"0"	"Всего"	"0"	"22 827"
"Безработное население (в возрасте 15 лет и старше)(Человек)"	"3 квартал 2022 г."	"202209"	"КОСТАНАЙСКАЯ ОБЛАСТЬ"	"0"	"Всего"	"0"	"Всего"	"0"	"Всего"	"0"	"Всего"	"0"	"24 052"
"Безработное население (в возрасте 15 лет и старше)(Человек)"	"1 квартал 2023 г."	"202303"	"КОСТАНАЙСКАЯ ОБЛАСТЬ"	"0"	"Всего"	"0"	"Всего"	"0"	"Всего"	"0"	"Всего"	"0"	"22 622"
"Безработное население (в возрасте 15 лет и старше)(Человек)"	"3 квартал 2023 г."	"202309"	"КОСТАНАЙСКАЯ ОБЛАСТЬ"	"0"	"Всего"	"0"	"Всего"	"0"	"Всего"	"0"	"Всего"	"0"	"22 383"
"Безработное население (в возрасте 15 лет и старше)(Человек)"	"4 квартал 2023 г."	"202312"	"КОСТАНАЙСКАЯ ОБЛАСТЬ"	"0"	"Всего"	"0"	"Всего"	"0"	"Всего"	"0"	"Всего"	"0"	"21 950"
"Безработное население (в возрасте 15 лет и старше)(Человек)"	"2 квартал 2023 г."	"202306"	"КОСТАНАЙСКАЯ ОБЛАСТЬ"	"0"	"Всего"	"0"	"Всего"	"0"	"Всего"	"0"	"Всего"	"0"	"22 465"
"Безработное население (в возрасте 15 лет и старше)(Человек)"	"1 квартал 2024 г."	"202403"	"КОСТАНАЙСКАЯ ОБЛАСТЬ"	"0"	"Всего"	"0"	"Всего"	"0"	"Всего"	"0"	"Всего"	"0"	"21 521"
"Безработное население (в возрасте 15 лет и старше)(Человек)"	"2 квартал 2024 г."	"202406"	"КОСТАНАЙСКАЯ ОБЛАСТЬ"	"0"	"Всего"	"0"	"Всего"	"0"	"Всего"	"0"	"Всего"	"0"	"21 469"
"Безработное население (в возрасте 15 лет и старше)(Человек)"	"3 квартал 2024 г."	"202409"	"КОСТАНАЙСКАЯ ОБЛАСТЬ"	"0"	"Всего"	"0"	"Всего"	"0"	"Всего"	"0"	"Всего"	"0"	"21 205"
"Безработное население (в возрасте 15 лет и старше)(Человек)"	"4 квартал 2024 г."	"202412"	"КОСТАНАЙСКАЯ ОБЛАСТЬ"	"0"	"Всего"	"0"	"Всего"	"0"	"Всего"	"0"	"Всего"	"0"	"21 234"
"Безработное население (в возрасте 15 лет и старше)(Человек)"	"1 квартал 2025 г."	"202503"	"КОСТАНАЙСКАЯ ОБЛАСТЬ"	"0"	"Всего"	"0"	"Всего"	"0"	"Всего"	"0"	"Всего"	"0"	"20 806"
"Безработное население (в возрасте 15 лет и старше)(Человек)"	"2 квартал 2025 г."	"202506"	"КОСТАНАЙСКАЯ ОБЛАСТЬ"	"0"	"Всего"	"0"	"Всего"	"0"	"Всего"	"0"	"Всего"	"0"	"21 029"
"Безработное население (в возрасте 15 лет и старше)(Человек)"	"2 квартал 2016 г."	"201606"	"КАРАГАНДИНСКАЯ ОБЛАСТЬ"	"0"	"Всего"	"0"	"Всего"	"0"	"Всего"	"0"	"Всего"	"0"	"34 518"
"Безработное население (в возрасте 15 лет и старше)(Человек)"	"2 квартал 2010 г."	"201006"	"КАРАГАНДИНСКАЯ ОБЛАСТЬ"	"0"	"Всего"	"0"	"Всего"	"0"	"Всего"	"0"	"Всего"	"0"	"40 659"
"Безработное население (в возрасте 15 лет и старше)(Человек)"	"3 квартал 2011 г."	"201109"	"КАРАГАНДИНСКАЯ ОБЛАСТЬ"	"0"	"Всего"	"0"	"Всего"	"0"	"Всего"	"0"	"Всего"	"0"	"38 011"
"Безработное население (в возрасте 15 лет и старше)(Человек)"	"1 квартал 2010 г."	"201003"	"КАРАГАНДИНСКАЯ ОБЛАСТЬ"	"0"	"Всего"	"0"	"Всего"	"0"	"Всего"	"0"	"Всего"	"0"	"42 308"
"Безработное население (в возрасте 15 лет и старше)(Человек)"	"1 квартал 2015 г."	"201503"	"КАРАГАНДИНСКАЯ ОБЛАСТЬ"	"0"	"Всего"	"0"	"Всего"	"0"	"Всего"	"0"	"Всего"	"0"	"36 019"
"Безработное население (в возрасте 15 лет и старше)(Человек)"	"2 квартал 2015 г."	"201506"	"КАРАГАНДИНСКАЯ ОБЛАСТЬ"	"0"	"Всего"	"0"	"Всего"	"0"	"Всего"	"0"	"Всего"	"0"	"35 356"
"Безработное население (в возрасте 15 лет и старше)(Человек)"	"1 квартал 2012 г."	"201203"	"КАРАГАНДИНСКАЯ ОБЛАСТЬ"	"0"	"Всего"	"0"	"Всего"	"0"	"Всего"	"0"	"Всего"	"0"	"38 300"
"Безработное население (в возрасте 15 лет и старше)(Человек)"	"2 квартал 2012 г."	"201206"	"КАРАГАНДИНСКАЯ ОБЛАСТЬ"	"0"	"Всего"	"0"	"Всего"	"0"	"Всего"	"0"	"Всего"	"0"	"37 701"
"Безработное население (в возрасте 15 лет и старше)(Человек)"	"4 квартал 2012 г."	"201212"	"КАРАГАНДИНСКАЯ ОБЛАСТЬ"	"0"	"Всего"	"0"	"Всего"	"0"	"Всего"	"0"	"Всего"	"0"	"38 187"
"Безработное население (в возрасте 15 лет и старше)(Человек)"	"4 квартал 2019 г."	"201912"	"КАРАГАНДИНСКАЯ ОБЛАСТЬ"	"0"	"Всего"	"0"	"Всего"	"0"	"Всего"	"0"	"Всего"	"0"	"29 710"
"Безработное население (в возрасте 15 лет и старше)(Человек)"	"4 квартал 2016 г."	"201612"	"КАРАГАНДИНСКАЯ ОБЛАСТЬ"	"0"	"Всего"	"0"	"Всего"	"0"	"Всего"	"0"	"Всего"	"0"	"34 593"
"Безработное население (в возрасте 15 лет и старше)(Человек)"	"3 квартал 2010 г."	"201009"	"КАРАГАНДИНСКАЯ ОБЛАСТЬ"	"0"	"Всего"	"0"	"Всего"	"0"	"Всего"	"0"	"Всего"	"0"	"40 355"
"Безработное население (в возрасте 15 лет и старше)(Человек)"	"1 квартал 2011 г."	"201103"	"КАРАГАНДИНСКАЯ ОБЛАСТЬ"	"0"	"Всего"	"0"	"Всего"	"0"	"Всего"	"0"	"Всего"	"0"	"39 591"
"Безработное население (в возрасте 15 лет и старше)(Человек)"	"2 квартал 2013 г."	"201306"	"КАРАГАНДИНСКАЯ ОБЛАСТЬ"	"0"	"Всего"	"0"	"Всего"	"0"	"Всего"	"0"	"Всего"	"0"	"36 720"
"Безработное население (в возрасте 15 лет и старше)(Человек)"	"4 квартал 2011 г."	"201112"	"КАРАГАНДИНСКАЯ ОБЛАСТЬ"	"0"	"Всего"	"0"	"Всего"	"0"	"Всего"	"0"	"Всего"	"0"	"38 482"
"Безработное население (в возрасте 15 лет и старше)(Человек)"	"3 квартал 2013 г."	"201309"	"КАРАГАНДИНСКАЯ ОБЛАСТЬ"	"0"	"Всего"	"0"	"Всего"	"0"	"Всего"	"0"	"Всего"	"0"	"36 705"
"Безработное население (в возрасте 15 лет и старше)(Человек)"	"1 квартал 2013 г."	"201303"	"КАРАГАНДИНСКАЯ ОБЛАСТЬ"	"0"	"Всего"	"0"	"Всего"	"0"	"Всего"	"0"	"Всего"	"0"	"37 059"
"Безработное население (в возрасте 15 лет и старше)(Человек)"	"4 квартал 2010 г."	"201012"	"КАРАГАНДИНСКАЯ ОБЛАСТЬ"	"0"	"Всего"	"0"	"Всего"	"0"	"Всего"	"0"	"Всего"	"0"	"39 062"
"Безработное население (в возрасте 15 лет и старше)(Человек)"	"2 квартал 2011 г."	"201106"	"КАРАГАНДИНСКАЯ ОБЛАСТЬ"	"0"	"Всего"	"0"	"Всего"	"0"	"Всего"	"0"	"Всего"	"0"	"39 362"
"Безработное население (в возрасте 15 лет и старше)(Человек)"	"3 квартал 2015 г."	"201509"	"КАРАГАНДИНСКАЯ ОБЛАСТЬ"	"0"	"Всего"	"0"	"Всего"	"0"	"Всего"	"0"	"Всего"	"0"	"37 202"
"Безработное население (в возрасте 15 лет и старше)(Человек)"	"4 квартал 2013 г."	"201312"	"КАРАГАНДИНСКАЯ ОБЛАСТЬ"	"0"	"Всего"	"0"	"Всего"	"0"	"Всего"	"0"	"Всего"	"0"	"36 962"
"Безработное население (в возрасте 15 лет и старше)(Человек)"	"3 квартал 2012 г."	"201209"	"КАРАГАНДИНСКАЯ ОБЛАСТЬ"	"0"	"Всего"	"0"	"Всего"	"0"	"Всего"	"0"	"Всего"	"0"	"37 670"
"Безработное население (в возрасте 15 лет и старше)(Человек)"	"2 квартал 2017 г."	"201706"	"КАРАГАНДИНСКАЯ ОБЛАСТЬ"	"0"	"Всего"	"0"	"Всего"	"0"	"Всего"	"0"	"Всего"	"0"	"32 575"
"Безработное население (в возрасте 15 лет и старше)(Человек)"	"1 квартал 2014 г."	"201403"	"КАРАГАНДИНСКАЯ ОБЛАСТЬ"	"0"	"Всего"	"0"	"Всего"	"0"	"Всего"	"0"	"Всего"	"0"	"35 690"
"Безработное население (в возрасте 15 лет и старше)(Человек)"	"3 квартал 2014 г."	"201409"	"КАРАГАНДИНСКАЯ ОБЛАСТЬ"	"0"	"Всего"	"0"	"Всего"	"0"	"Всего"	"0"	"Всего"	"0"	"35 831"
"Безработное население (в возрасте 15 лет и старше)(Человек)"	"2 квартал 2014 г."	"201406"	"КАРАГАНДИНСКАЯ ОБЛАСТЬ"	"0"	"Всего"	"0"	"Всего"	"0"	"Всего"	"0"	"Всего"	"0"	"35 901"
"Безработное население (в возрасте 15 лет и старше)(Человек)"	"4 квартал 2014 г."	"201412"	"КАРАГАНДИНСКАЯ ОБЛАСТЬ"	"0"	"Всего"	"0"	"Всего"	"0"	"Всего"	"0"	"Всего"	"0"	"35 810"
"Безработное население (в возрасте 15 лет и старше)(Человек)"	"3 квартал 2019 г."	"201909"	"КАРАГАНДИНСКАЯ ОБЛАСТЬ"	"0"	"Всего"	"0"	"Всего"	"0"	"Всего"	"0"	"Всего"	"0"	"30 160"
"Безработное население (в возрасте 15 лет и старше)(Человек)"	"4 квартал 2015 г."	"201512"	"КАРАГАНДИНСКАЯ ОБЛАСТЬ"	"0"	"Всего"	"0"	"Всего"	"0"	"Всего"	"0"	"Всего"	"0"	"36 555"
"Безработное население (в возрасте 15 лет и старше)(Человек)"	"4 квартал 2018 г."	"201812"	"КАРАГАНДИНСКАЯ ОБЛАСТЬ"	"0"	"Всего"	"0"	"Всего"	"0"	"Всего"	"0"	"Всего"	"0"	"31 276"
"Безработное население (в возрасте 15 лет и старше)(Человек)"	"4 квартал 2017 г."	"201712"	"КАРАГАНДИНСКАЯ ОБЛАСТЬ"	"0"	"Всего"	"0"	"Всего"	"0"	"Всего"	"0"	"Всего"	"0"	"32 176"
"Безработное население (в возрасте 15 лет и старше)(Человек)"	"1 квартал 2017 г."	"201703"	"КАРАГАНДИНСКАЯ ОБЛАСТЬ"	"0"	"Всего"	"0"	"Всего"	"0"	"Всего"	"0"	"Всего"	"0"	"32 504"
"Безработное население (в возрасте 15 лет и старше)(Человек)"	"2 квартал 2019 г."	"201906"	"КАРАГАНДИНСКАЯ ОБЛАСТЬ"	"0"	"Всего"	"0"	"Всего"	"0"	"Всего"	"0"	"Всего"	"0"	"29 989"
"Безработное население (в возрасте 15 лет и старше)(Человек)"	"1 квартал 2019 г."	"201903"	"КАРАГАНДИНСКАЯ ОБЛАСТЬ"	"0"	"Всего"	"0"	"Всего"	"0"	"Всего"	"0"	"Всего"	"0"	"30 429"
"Безработное население (в возрасте 15 лет и старше)(Человек)"	"1 квартал 2018 г."	"201803"	"КАРАГАНДИНСКАЯ ОБЛАСТЬ"	"0"	"Всего"	"0"	"Всего"	"0"	"Всего"	"0"	"Всего"	"0"	"31 493"
"Безработное население (в возрасте 15 лет и старше)(Человек)"	"3 квартал 2018 г."	"201809"	"КАРАГАНДИНСКАЯ ОБЛАСТЬ"	"0"	"Всего"	"0"	"Всего"	"0"	"Всего"	"0"	"Всего"	"0"	"30 782"
"Безработное население (в возрасте 15 лет и старше)(Человек)"	"1 квартал 2016 г."	"201603"	"КАРАГАНДИНСКАЯ ОБЛАСТЬ"	"0"	"Всего"	"0"	"Всего"	"0"	"Всего"	"0"	"Всего"	"0"	"34 646"
"Безработное население (в возрасте 15 лет и старше)(Человек)"	"3 квартал 2016 г."	"201609"	"КАРАГАНДИНСКАЯ ОБЛАСТЬ"	"0"	"Всего"	"0"	"Всего"	"0"	"Всего"	"0"	"Всего"	"0"	"34 906"
"Безработное население (в возрасте 15 лет и старше)(Человек)"	"3 квартал 2017 г."	"201709"	"КАРАГАНДИНСКАЯ ОБЛАСТЬ"	"0"	"Всего"	"0"	"Всего"	"0"	"Всего"	"0"	"Всего"	"0"	"32 675"
"Безработное население (в возрасте 15 лет и старше)(Человек)"	"2 квартал 2018 г."	"201806"	"КАРАГАНДИНСКАЯ ОБЛАСТЬ"	"0"	"Всего"	"0"	"Всего"	"0"	"Всего"	"0"	"Всего"	"0"	"30 967"
"Безработное население (в возрасте 15 лет и старше)(Человек)"	"1 квартал 2021 г."	"202103"	"КАРАГАНДИНСКАЯ ОБЛАСТЬ"	"0"	"Всего"	"0"	"Всего"	"0"	"Всего"	"0"	"Всего"	"0"	"29 946"
"Безработное население (в возрасте 15 лет и старше)(Человек)"	"2 квартал 2021 г."	"202106"	"КАРАГАНДИНСКАЯ ОБЛАСТЬ"	"0"	"Всего"	"0"	"Всего"	"0"	"Всего"	"0"	"Всего"	"0"	"30 648"
"Безработное население (в возрасте 15 лет и старше)(Человек)"	"3 квартал 2021 г."	"202109"	"КАРАГАНДИНСКАЯ ОБЛАСТЬ"	"0"	"Всего"	"0"	"Всего"	"0"	"Всего"	"0"	"Всего"	"0"	"30 640"
"Безработное население (в возрасте 15 лет и старше)(Человек)"	"3 квартал 2020 г."	"202009"	"КАРАГАНДИНСКАЯ ОБЛАСТЬ"	"0"	"Всего"	"0"	"Всего"	"0"	"Всего"	"0"	"Всего"	"0"	"30 751"
"Безработное население (в возрасте 15 лет и старше)(Человек)"	"4 квартал 2020 г."	"202012"	"КАРАГАНДИНСКАЯ ОБЛАСТЬ"	"0"	"Всего"	"0"	"Всего"	"0"	"Всего"	"0"	"Всего"	"0"	"30 508"
"Безработное население (в возрасте 15 лет и старше)(Человек)"	"4 квартал 2021 г."	"202112"	"КАРАГАНДИНСКАЯ ОБЛАСТЬ"	"0"	"Всего"	"0"	"Всего"	"0"	"Всего"	"0"	"Всего"	"0"	"30 753"
"Безработное население (в возрасте 15 лет и старше)(Человек)"	"1 квартал 2020 г."	"202003"	"КАРАГАНДИНСКАЯ ОБЛАСТЬ"	"0"	"Всего"	"0"	"Всего"	"0"	"Всего"	"0"	"Всего"	"0"	"29 652"
"Безработное население (в возрасте 15 лет и старше)(Человек)"	"2 квартал 2020 г."	"202006"	"КАРАГАНДИНСКАЯ ОБЛАСТЬ"	"0"	"Всего"	"0"	"Всего"	"0"	"Всего"	"0"	"Всего"	"0"	"30 127"
"Безработное население (в возрасте 15 лет и старше)(Человек)"	"2 квартал 2022 г."	"202206"	"КАРАГАНДИНСКАЯ ОБЛАСТЬ"	"0"	"Всего"	"0"	"Всего"	"0"	"Всего"	"0"	"Всего"	"0"	"25 086"
"Безработное население (в возрасте 15 лет и старше)(Человек)"	"1 квартал 2022 г."	"202203"	"КАРАГАНДИНСКАЯ ОБЛАСТЬ"	"0"	"Всего"	"0"	"Всего"	"0"	"Всего"	"0"	"Всего"	"0"	"30 716"
"Безработное население (в возрасте 15 лет и старше)(Человек)"	"4 квартал 2022 г."	"202212"	"КАРАГАНДИНСКАЯ ОБЛАСТЬ"	"0"	"Всего"	"0"	"Всего"	"0"	"Всего"	"0"	"Всего"	"0"	"24 381"
"Безработное население (в возрасте 15 лет и старше)(Человек)"	"3 квартал 2022 г."	"202209"	"КАРАГАНДИНСКАЯ ОБЛАСТЬ"	"0"	"Всего"	"0"	"Всего"	"0"	"Всего"	"0"	"Всего"	"0"	"25 179"
"Безработное население (в возрасте 15 лет и старше)(Человек)"	"1 квартал 2023 г."	"202303"	"КАРАГАНДИНСКАЯ ОБЛАСТЬ"	"0"	"Всего"	"0"	"Всего"	"0"	"Всего"	"0"	"Всего"	"0"	"23 077"
"Безработное население (в возрасте 15 лет и старше)(Человек)"	"3 квартал 2023 г."	"202309"	"КАРАГАНДИНСКАЯ ОБЛАСТЬ"	"0"	"Всего"	"0"	"Всего"	"0"	"Всего"	"0"	"Всего"	"0"	"23 631"
"Безработное население (в возрасте 15 лет и старше)(Человек)"	"4 квартал 2023 г."	"202312"	"КАРАГАНДИНСКАЯ ОБЛАСТЬ"	"0"	"Всего"	"0"	"Всего"	"0"	"Всего"	"0"	"Всего"	"0"	"22 902"
"Безработное население (в возрасте 15 лет и старше)(Человек)"	"2 квартал 2023 г."	"202306"	"КАРАГАНДИНСКАЯ ОБЛАСТЬ"	"0"	"Всего"	"0"	"Всего"	"0"	"Всего"	"0"	"Всего"	"0"	"23 004"
"Безработное население (в возрасте 15 лет и старше)(Человек)"	"1 квартал 2024 г."	"202403"	"КАРАГАНДИНСКАЯ ОБЛАСТЬ"	"0"	"Всего"	"0"	"Всего"	"0"	"Всего"	"0"	"Всего"	"0"	"23 685"
"Безработное население (в возрасте 15 лет и старше)(Человек)"	"2 квартал 2024 г."	"202406"	"КАРАГАНДИНСКАЯ ОБЛАСТЬ"	"0"	"Всего"	"0"	"Всего"	"0"	"Всего"	"0"	"Всего"	"0"	"23 487"
"Безработное население (в возрасте 15 лет и старше)(Человек)"	"3 квартал 2024 г."	"202409"	"КАРАГАНДИНСКАЯ ОБЛАСТЬ"	"0"	"Всего"	"0"	"Всего"	"0"	"Всего"	"0"	"Всего"	"0"	"23 481"
"Безработное население (в возрасте 15 лет и старше)(Человек)"	"4 квартал 2024 г."	"202412"	"КАРАГАНДИНСКАЯ ОБЛАСТЬ"	"0"	"Всего"	"0"	"Всего"	"0"	"Всего"	"0"	"Всего"	"0"	"22 096"
"Безработное население (в возрасте 15 лет и старше)(Человек)"	"1 квартал 2025 г."	"202503"	"КАРАГАНДИНСКАЯ ОБЛАСТЬ"	"0"	"Всего"	"0"	"Всего"	"0"	"Всего"	"0"	"Всего"	"0"	"21 543"
"Безработное население (в возрасте 15 лет и старше)(Человек)"	"2 квартал 2025 г."	"202506"	"КАРАГАНДИНСКАЯ ОБЛАСТЬ"	"0"	"Всего"	"0"	"Всего"	"0"	"Всего"	"0"	"Всего"	"0"	"22 054"
"Безработное население (в возрасте 15 лет и старше)(Человек)"	"2 квартал 2016 г."	"201606"	"ЖАМБЫЛСКАЯ ОБЛАСТЬ"	"0"	"Всего"	"0"	"Всего"	"0"	"Всего"	"0"	"Всего"	"0"	"25 999"
"Безработное население (в возрасте 15 лет и старше)(Человек)"	"2 квартал 2010 г."	"201006"	"ЖАМБЫЛСКАЯ ОБЛАСТЬ"	"0"	"Всего"	"0"	"Всего"	"0"	"Всего"	"0"	"Всего"	"0"	"33 492"
"Безработное население (в возрасте 15 лет и старше)(Человек)"	"3 квартал 2011 г."	"201109"	"ЖАМБЫЛСКАЯ ОБЛАСТЬ"	"0"	"Всего"	"0"	"Всего"	"0"	"Всего"	"0"	"Всего"	"0"	"32 138"
"Безработное население (в возрасте 15 лет и старше)(Человек)"	"1 квартал 2010 г."	"201003"	"ЖАМБЫЛСКАЯ ОБЛАСТЬ"	"0"	"Всего"	"0"	"Всего"	"0"	"Всего"	"0"	"Всего"	"0"	"34 638"
"Безработное население (в возрасте 15 лет и старше)(Человек)"	"1 квартал 2015 г."	"201503"	"ЖАМБЫЛСКАЯ ОБЛАСТЬ"	"0"	"Всего"	"0"	"Всего"	"0"	"Всего"	"0"	"Всего"	"0"	"25 863"
"Безработное население (в возрасте 15 лет и старше)(Человек)"	"2 квартал 2015 г."	"201506"	"ЖАМБЫЛСКАЯ ОБЛАСТЬ"	"0"	"Всего"	"0"	"Всего"	"0"	"Всего"	"0"	"Всего"	"0"	"26 839"
"Безработное население (в возрасте 15 лет и старше)(Человек)"	"1 квартал 2012 г."	"201203"	"ЖАМБЫЛСКАЯ ОБЛАСТЬ"	"0"	"Всего"	"0"	"Всего"	"0"	"Всего"	"0"	"Всего"	"0"	"32 561"
"Безработное население (в возрасте 15 лет и старше)(Человек)"	"2 квартал 2012 г."	"201206"	"ЖАМБЫЛСКАЯ ОБЛАСТЬ"	"0"	"Всего"	"0"	"Всего"	"0"	"Всего"	"0"	"Всего"	"0"	"31 962"
"Безработное население (в возрасте 15 лет и старше)(Человек)"	"4 квартал 2012 г."	"201212"	"ЖАМБЫЛСКАЯ ОБЛАСТЬ"	"0"	"Всего"	"0"	"Всего"	"0"	"Всего"	"0"	"Всего"	"0"	"31 824"
"Безработное население (в возрасте 15 лет и старше)(Человек)"	"4 квартал 2019 г."	"201912"	"ЖАМБЫЛСКАЯ ОБЛАСТЬ"	"0"	"Всего"	"0"	"Всего"	"0"	"Всего"	"0"	"Всего"	"0"	"25 743"
"Безработное население (в возрасте 15 лет и старше)(Человек)"	"4 квартал 2016 г."	"201612"	"ЖАМБЫЛСКАЯ ОБЛАСТЬ"	"0"	"Всего"	"0"	"Всего"	"0"	"Всего"	"0"	"Всего"	"0"	"25 407"
"Безработное население (в возрасте 15 лет и старше)(Человек)"	"3 квартал 2010 г."	"201009"	"ЖАМБЫЛСКАЯ ОБЛАСТЬ"	"0"	"Всего"	"0"	"Всего"	"0"	"Всего"	"0"	"Всего"	"0"	"32 609"
"Безработное население (в возрасте 15 лет и старше)(Человек)"	"1 квартал 2011 г."	"201103"	"ЖАМБЫЛСКАЯ ОБЛАСТЬ"	"0"	"Всего"	"0"	"Всего"	"0"	"Всего"	"0"	"Всего"	"0"	"32 800"
"Безработное население (в возрасте 15 лет и старше)(Человек)"	"2 квартал 2013 г."	"201306"	"ЖАМБЫЛСКАЯ ОБЛАСТЬ"	"0"	"Всего"	"0"	"Всего"	"0"	"Всего"	"0"	"Всего"	"0"	"30 093"
"Безработное население (в возрасте 15 лет и старше)(Человек)"	"4 квартал 2011 г."	"201112"	"ЖАМБЫЛСКАЯ ОБЛАСТЬ"	"0"	"Всего"	"0"	"Всего"	"0"	"Всего"	"0"	"Всего"	"0"	"32 293"
"Безработное население (в возрасте 15 лет и старше)(Человек)"	"3 квартал 2013 г."	"201309"	"ЖАМБЫЛСКАЯ ОБЛАСТЬ"	"0"	"Всего"	"0"	"Всего"	"0"	"Всего"	"0"	"Всего"	"0"	"29 727"
"Безработное население (в возрасте 15 лет и старше)(Человек)"	"1 квартал 2013 г."	"201303"	"ЖАМБЫЛСКАЯ ОБЛАСТЬ"	"0"	"Всего"	"0"	"Всего"	"0"	"Всего"	"0"	"Всего"	"0"	"30 793"
"Безработное население (в возрасте 15 лет и старше)(Человек)"	"4 квартал 2010 г."	"201012"	"ЖАМБЫЛСКАЯ ОБЛАСТЬ"	"0"	"Всего"	"0"	"Всего"	"0"	"Всего"	"0"	"Всего"	"0"	"32 655"
"Безработное население (в возрасте 15 лет и старше)(Человек)"	"2 квартал 2011 г."	"201106"	"ЖАМБЫЛСКАЯ ОБЛАСТЬ"	"0"	"Всего"	"0"	"Всего"	"0"	"Всего"	"0"	"Всего"	"0"	"32 207"
"Безработное население (в возрасте 15 лет и старше)(Человек)"	"3 квартал 2015 г."	"201509"	"ЖАМБЫЛСКАЯ ОБЛАСТЬ"	"0"	"Всего"	"0"	"Всего"	"0"	"Всего"	"0"	"Всего"	"0"	"26 590"
"Безработное население (в возрасте 15 лет и старше)(Человек)"	"4 квартал 2013 г."	"201312"	"ЖАМБЫЛСКАЯ ОБЛАСТЬ"	"0"	"Всего"	"0"	"Всего"	"0"	"Всего"	"0"	"Всего"	"0"	"29 263"
"Безработное население (в возрасте 15 лет и старше)(Человек)"	"3 квартал 2012 г."	"201209"	"ЖАМБЫЛСКАЯ ОБЛАСТЬ"	"0"	"Всего"	"0"	"Всего"	"0"	"Всего"	"0"	"Всего"	"0"	"31 809"
"Безработное население (в возрасте 15 лет и старше)(Человек)"	"2 квартал 2017 г."	"201706"	"ЖАМБЫЛСКАЯ ОБЛАСТЬ"	"0"	"Всего"	"0"	"Всего"	"0"	"Всего"	"0"	"Всего"	"0"	"25 469"
"Безработное население (в возрасте 15 лет и старше)(Человек)"	"1 квартал 2014 г."	"201403"	"ЖАМБЫЛСКАЯ ОБЛАСТЬ"	"0"	"Всего"	"0"	"Всего"	"0"	"Всего"	"0"	"Всего"	"0"	"28 757"
"Безработное население (в возрасте 15 лет и старше)(Человек)"	"3 квартал 2014 г."	"201409"	"ЖАМБЫЛСКАЯ ОБЛАСТЬ"	"0"	"Всего"	"0"	"Всего"	"0"	"Всего"	"0"	"Всего"	"0"	"27 845"
"Безработное население (в возрасте 15 лет и старше)(Человек)"	"2 квартал 2014 г."	"201406"	"ЖАМБЫЛСКАЯ ОБЛАСТЬ"	"0"	"Всего"	"0"	"Всего"	"0"	"Всего"	"0"	"Всего"	"0"	"28 533"
"Безработное население (в возрасте 15 лет и старше)(Человек)"	"4 квартал 2014 г."	"201412"	"ЖАМБЫЛСКАЯ ОБЛАСТЬ"	"0"	"Всего"	"0"	"Всего"	"0"	"Всего"	"0"	"Всего"	"0"	"27 604"
"Безработное население (в возрасте 15 лет и старше)(Человек)"	"3 квартал 2019 г."	"201909"	"ЖАМБЫЛСКАЯ ОБЛАСТЬ"	"0"	"Всего"	"0"	"Всего"	"0"	"Всего"	"0"	"Всего"	"0"	"25 813"
"Безработное население (в возрасте 15 лет и старше)(Человек)"	"4 квартал 2015 г."	"201512"	"ЖАМБЫЛСКАЯ ОБЛАСТЬ"	"0"	"Всего"	"0"	"Всего"	"0"	"Всего"	"0"	"Всего"	"0"	"26 675"
"Безработное население (в возрасте 15 лет и старше)(Человек)"	"4 квартал 2018 г."	"201812"	"ЖАМБЫЛСКАЯ ОБЛАСТЬ"	"0"	"Всего"	"0"	"Всего"	"0"	"Всего"	"0"	"Всего"	"0"	"25 847"
"Безработное население (в возрасте 15 лет и старше)(Человек)"	"4 квартал 2017 г."	"201712"	"ЖАМБЫЛСКАЯ ОБЛАСТЬ"	"0"	"Всего"	"0"	"Всего"	"0"	"Всего"	"0"	"Всего"	"0"	"25 687"
"Безработное население (в возрасте 15 лет и старше)(Человек)"	"1 квартал 2017 г."	"201703"	"ЖАМБЫЛСКАЯ ОБЛАСТЬ"	"0"	"Всего"	"0"	"Всего"	"0"	"Всего"	"0"	"Всего"	"0"	"25 669"
"Безработное население (в возрасте 15 лет и старше)(Человек)"	"2 квартал 2019 г."	"201906"	"ЖАМБЫЛСКАЯ ОБЛАСТЬ"	"0"	"Всего"	"0"	"Всего"	"0"	"Всего"	"0"	"Всего"	"0"	"25 818"
"Безработное население (в возрасте 15 лет и старше)(Человек)"	"1 квартал 2019 г."	"201903"	"ЖАМБЫЛСКАЯ ОБЛАСТЬ"	"0"	"Всего"	"0"	"Всего"	"0"	"Всего"	"0"	"Всего"	"0"	"25 855"
"Безработное население (в возрасте 15 лет и старше)(Человек)"	"1 квартал 2018 г."	"201803"	"ЖАМБЫЛСКАЯ ОБЛАСТЬ"	"0"	"Всего"	"0"	"Всего"	"0"	"Всего"	"0"	"Всего"	"0"	"25 691"
"Безработное население (в возрасте 15 лет и старше)(Человек)"	"3 квартал 2018 г."	"201809"	"ЖАМБЫЛСКАЯ ОБЛАСТЬ"	"0"	"Всего"	"0"	"Всего"	"0"	"Всего"	"0"	"Всего"	"0"	"25 790"
"Безработное население (в возрасте 15 лет и старше)(Человек)"	"1 квартал 2016 г."	"201603"	"ЖАМБЫЛСКАЯ ОБЛАСТЬ"	"0"	"Всего"	"0"	"Всего"	"0"	"Всего"	"0"	"Всего"	"0"	"26 149"
"Безработное население (в возрасте 15 лет и старше)(Человек)"	"3 квартал 2016 г."	"201609"	"ЖАМБЫЛСКАЯ ОБЛАСТЬ"	"0"	"Всего"	"0"	"Всего"	"0"	"Всего"	"0"	"Всего"	"0"	"25 694"
"Безработное население (в возрасте 15 лет и старше)(Человек)"	"3 квартал 2017 г."	"201709"	"ЖАМБЫЛСКАЯ ОБЛАСТЬ"	"0"	"Всего"	"0"	"Всего"	"0"	"Всего"	"0"	"Всего"	"0"	"25 423"
"Безработное население (в возрасте 15 лет и старше)(Человек)"	"2 квартал 2018 г."	"201806"	"ЖАМБЫЛСКАЯ ОБЛАСТЬ"	"0"	"Всего"	"0"	"Всего"	"0"	"Всего"	"0"	"Всего"	"0"	"25 987"
"Безработное население (в возрасте 15 лет и старше)(Человек)"	"1 квартал 2021 г."	"202103"	"ЖАМБЫЛСКАЯ ОБЛАСТЬ"	"0"	"Всего"	"0"	"Всего"	"0"	"Всего"	"0"	"Всего"	"0"	"25 838"
"Безработное население (в возрасте 15 лет и старше)(Человек)"	"2 квартал 2021 г."	"202106"	"ЖАМБЫЛСКАЯ ОБЛАСТЬ"	"0"	"Всего"	"0"	"Всего"	"0"	"Всего"	"0"	"Всего"	"0"	"25 792"
"Безработное население (в возрасте 15 лет и старше)(Человек)"	"3 квартал 2021 г."	"202109"	"ЖАМБЫЛСКАЯ ОБЛАСТЬ"	"0"	"Всего"	"0"	"Всего"	"0"	"Всего"	"0"	"Всего"	"0"	"25 661"
"Безработное население (в возрасте 15 лет и старше)(Человек)"	"3 квартал 2020 г."	"202009"	"ЖАМБЫЛСКАЯ ОБЛАСТЬ"	"0"	"Всего"	"0"	"Всего"	"0"	"Всего"	"0"	"Всего"	"0"	"26 050"
"Безработное население (в возрасте 15 лет и старше)(Человек)"	"4 квартал 2020 г."	"202012"	"ЖАМБЫЛСКАЯ ОБЛАСТЬ"	"0"	"Всего"	"0"	"Всего"	"0"	"Всего"	"0"	"Всего"	"0"	"26 026"
"Безработное население (в возрасте 15 лет и старше)(Человек)"	"4 квартал 2021 г."	"202112"	"ЖАМБЫЛСКАЯ ОБЛАСТЬ"	"0"	"Всего"	"0"	"Всего"	"0"	"Всего"	"0"	"Всего"	"0"	"25 875"
"Безработное население (в возрасте 15 лет и старше)(Человек)"	"1 квартал 2020 г."	"202003"	"ЖАМБЫЛСКАЯ ОБЛАСТЬ"	"0"	"Всего"	"0"	"Всего"	"0"	"Всего"	"0"	"Всего"	"0"	"25 671"
"Безработное население (в возрасте 15 лет и старше)(Человек)"	"2 квартал 2020 г."	"202006"	"ЖАМБЫЛСКАЯ ОБЛАСТЬ"	"0"	"Всего"	"0"	"Всего"	"0"	"Всего"	"0"	"Всего"	"0"	"26 117"
"Безработное население (в возрасте 15 лет и старше)(Человек)"	"2 квартал 2022 г."	"202206"	"ЖАМБЫЛСКАЯ ОБЛАСТЬ"	"0"	"Всего"	"0"	"Всего"	"0"	"Всего"	"0"	"Всего"	"0"	"26 325"
"Безработное население (в возрасте 15 лет и старше)(Человек)"	"1 квартал 2022 г."	"202203"	"ЖАМБЫЛСКАЯ ОБЛАСТЬ"	"0"	"Всего"	"0"	"Всего"	"0"	"Всего"	"0"	"Всего"	"0"	"26 873"
"Безработное население (в возрасте 15 лет и старше)(Человек)"	"4 квартал 2022 г."	"202212"	"ЖАМБЫЛСКАЯ ОБЛАСТЬ"	"0"	"Всего"	"0"	"Всего"	"0"	"Всего"	"0"	"Всего"	"0"	"28 039"
"Безработное население (в возрасте 15 лет и старше)(Человек)"	"3 квартал 2022 г."	"202209"	"ЖАМБЫЛСКАЯ ОБЛАСТЬ"	"0"	"Всего"	"0"	"Всего"	"0"	"Всего"	"0"	"Всего"	"0"	"26 174"
"Безработное население (в возрасте 15 лет и старше)(Человек)"	"1 квартал 2023 г."	"202303"	"ЖАМБЫЛСКАЯ ОБЛАСТЬ"	"0"	"Всего"	"0"	"Всего"	"0"	"Всего"	"0"	"Всего"	"0"	"27 997"
"Безработное население (в возрасте 15 лет и старше)(Человек)"	"3 квартал 2023 г."	"202309"	"ЖАМБЫЛСКАЯ ОБЛАСТЬ"	"0"	"Всего"	"0"	"Всего"	"0"	"Всего"	"0"	"Всего"	"0"	"27 236"
"Безработное население (в возрасте 15 лет и старше)(Человек)"	"4 квартал 2023 г."	"202312"	"ЖАМБЫЛСКАЯ ОБЛАСТЬ"	"0"	"Всего"	"0"	"Всего"	"0"	"Всего"	"0"	"Всего"	"0"	"27 256"
"Безработное население (в возрасте 15 лет и старше)(Человек)"	"2 квартал 2023 г."	"202306"	"ЖАМБЫЛСКАЯ ОБЛАСТЬ"	"0"	"Всего"	"0"	"Всего"	"0"	"Всего"	"0"	"Всего"	"0"	"27 384"
"Безработное население (в возрасте 15 лет и старше)(Человек)"	"1 квартал 2024 г."	"202403"	"ЖАМБЫЛСКАЯ ОБЛАСТЬ"	"0"	"Всего"	"0"	"Всего"	"0"	"Всего"	"0"	"Всего"	"0"	"27 156"
"Безработное население (в возрасте 15 лет и старше)(Человек)"	"2 квартал 2024 г."	"202406"	"ЖАМБЫЛСКАЯ ОБЛАСТЬ"	"0"	"Всего"	"0"	"Всего"	"0"	"Всего"	"0"	"Всего"	"0"	"27 220"
"Безработное население (в возрасте 15 лет и старше)(Человек)"	"3 квартал 2024 г."	"202409"	"ЖАМБЫЛСКАЯ ОБЛАСТЬ"	"0"	"Всего"	"0"	"Всего"	"0"	"Всего"	"0"	"Всего"	"0"	"27 365"
"Безработное население (в возрасте 15 лет и старше)(Человек)"	"4 квартал 2024 г."	"202412"	"ЖАМБЫЛСКАЯ ОБЛАСТЬ"	"0"	"Всего"	"0"	"Всего"	"0"	"Всего"	"0"	"Всего"	"0"	"27 164"
"Безработное население (в возрасте 15 лет и старше)(Человек)"	"1 квартал 2025 г."	"202503"	"ЖАМБЫЛСКАЯ ОБЛАСТЬ"	"0"	"Всего"	"0"	"Всего"	"0"	"Всего"	"0"	"Всего"	"0"	"26 152"
"Безработное население (в возрасте 15 лет и старше)(Человек)"	"2 квартал 2025 г."	"202506"	"ЖАМБЫЛСКАЯ ОБЛАСТЬ"	"0"	"Всего"	"0"	"Всего"	"0"	"Всего"	"0"	"Всего"	"0"	"26 263"
"Безработное население (в возрасте 15 лет и старше)(Человек)"	"2 квартал 2016 г."	"201606"	"ЗАПАДНО-КАЗАХСТАНСКАЯ ОБЛАСТЬ"	"0"	"Всего"	"0"	"Всего"	"0"	"Всего"	"0"	"Всего"	"0"	"16 641"
"Безработное население (в возрасте 15 лет и старше)(Человек)"	"2 квартал 2010 г."	"201006"	"ЗАПАДНО-КАЗАХСТАНСКАЯ ОБЛАСТЬ"	"0"	"Всего"	"0"	"Всего"	"0"	"Всего"	"0"	"Всего"	"0"	"18 617"
"Безработное население (в возрасте 15 лет и старше)(Человек)"	"3 квартал 2011 г."	"201109"	"ЗАПАДНО-КАЗАХСТАНСКАЯ ОБЛАСТЬ"	"0"	"Всего"	"0"	"Всего"	"0"	"Всего"	"0"	"Всего"	"0"	"17 366"
"Безработное население (в возрасте 15 лет и старше)(Человек)"	"1 квартал 2010 г."	"201003"	"ЗАПАДНО-КАЗАХСТАНСКАЯ ОБЛАСТЬ"	"0"	"Всего"	"0"	"Всего"	"0"	"Всего"	"0"	"Всего"	"0"	"19 761"
"Безработное население (в возрасте 15 лет и старше)(Человек)"	"1 квартал 2015 г."	"201503"	"ЗАПАДНО-КАЗАХСТАНСКАЯ ОБЛАСТЬ"	"0"	"Всего"	"0"	"Всего"	"0"	"Всего"	"0"	"Всего"	"0"	"16 322"
"Безработное население (в возрасте 15 лет и старше)(Человек)"	"2 квартал 2015 г."	"201506"	"ЗАПАДНО-КАЗАХСТАНСКАЯ ОБЛАСТЬ"	"0"	"Всего"	"0"	"Всего"	"0"	"Всего"	"0"	"Всего"	"0"	"16 581"
"Безработное население (в возрасте 15 лет и старше)(Человек)"	"1 квартал 2012 г."	"201203"	"ЗАПАДНО-КАЗАХСТАНСКАЯ ОБЛАСТЬ"	"0"	"Всего"	"0"	"Всего"	"0"	"Всего"	"0"	"Всего"	"0"	"17 340"
"Безработное население (в возрасте 15 лет и старше)(Человек)"	"2 квартал 2012 г."	"201206"	"ЗАПАДНО-КАЗАХСТАНСКАЯ ОБЛАСТЬ"	"0"	"Всего"	"0"	"Всего"	"0"	"Всего"	"0"	"Всего"	"0"	"16 959"
"Безработное население (в возрасте 15 лет и старше)(Человек)"	"4 квартал 2012 г."	"201212"	"ЗАПАДНО-КАЗАХСТАНСКАЯ ОБЛАСТЬ"	"0"	"Всего"	"0"	"Всего"	"0"	"Всего"	"0"	"Всего"	"0"	"17 048"
"Безработное население (в возрасте 15 лет и старше)(Человек)"	"4 квартал 2019 г."	"201912"	"ЗАПАДНО-КАЗАХСТАНСКАЯ ОБЛАСТЬ"	"0"	"Всего"	"0"	"Всего"	"0"	"Всего"	"0"	"Всего"	"0"	"16 341"
"Безработное население (в возрасте 15 лет и старше)(Человек)"	"4 квартал 2016 г."	"201612"	"ЗАПАДНО-КАЗАХСТАНСКАЯ ОБЛАСТЬ"	"0"	"Всего"	"0"	"Всего"	"0"	"Всего"	"0"	"Всего"	"0"	"16 420"
"Безработное население (в возрасте 15 лет и старше)(Человек)"	"3 квартал 2010 г."	"201009"	"ЗАПАДНО-КАЗАХСТАНСКАЯ ОБЛАСТЬ"	"0"	"Всего"	"0"	"Всего"	"0"	"Всего"	"0"	"Всего"	"0"	"18 456"
"Безработное население (в возрасте 15 лет и старше)(Человек)"	"1 квартал 2011 г."	"201103"	"ЗАПАДНО-КАЗАХСТАНСКАЯ ОБЛАСТЬ"	"0"	"Всего"	"0"	"Всего"	"0"	"Всего"	"0"	"Всего"	"0"	"18 123"
"Безработное население (в возрасте 15 лет и старше)(Человек)"	"2 квартал 2013 г."	"201306"	"ЗАПАДНО-КАЗАХСТАНСКАЯ ОБЛАСТЬ"	"0"	"Всего"	"0"	"Всего"	"0"	"Всего"	"0"	"Всего"	"0"	"17 144"
"Безработное население (в возрасте 15 лет и старше)(Человек)"	"4 квартал 2011 г."	"201112"	"ЗАПАДНО-КАЗАХСТАНСКАЯ ОБЛАСТЬ"	"0"	"Всего"	"0"	"Всего"	"0"	"Всего"	"0"	"Всего"	"0"	"17 303"
"Безработное население (в возрасте 15 лет и старше)(Человек)"	"3 квартал 2013 г."	"201309"	"ЗАПАДНО-КАЗАХСТАНСКАЯ ОБЛАСТЬ"	"0"	"Всего"	"0"	"Всего"	"0"	"Всего"	"0"	"Всего"	"0"	"16 493"
"Безработное население (в возрасте 15 лет и старше)(Человек)"	"1 квартал 2013 г."	"201303"	"ЗАПАДНО-КАЗАХСТАНСКАЯ ОБЛАСТЬ"	"0"	"Всего"	"0"	"Всего"	"0"	"Всего"	"0"	"Всего"	"0"	"17 331"
"Безработное население (в возрасте 15 лет и старше)(Человек)"	"4 квартал 2010 г."	"201012"	"ЗАПАДНО-КАЗАХСТАНСКАЯ ОБЛАСТЬ"	"0"	"Всего"	"0"	"Всего"	"0"	"Всего"	"0"	"Всего"	"0"	"18 143"
"Безработное население (в возрасте 15 лет и старше)(Человек)"	"2 квартал 2011 г."	"201106"	"ЗАПАДНО-КАЗАХСТАНСКАЯ ОБЛАСТЬ"	"0"	"Всего"	"0"	"Всего"	"0"	"Всего"	"0"	"Всего"	"0"	"17 757"
"Безработное население (в возрасте 15 лет и старше)(Человек)"	"3 квартал 2015 г."	"201509"	"ЗАПАДНО-КАЗАХСТАНСКАЯ ОБЛАСТЬ"	"0"	"Всего"	"0"	"Всего"	"0"	"Всего"	"0"	"Всего"	"0"	"15 937"
"Безработное население (в возрасте 15 лет и старше)(Человек)"	"4 квартал 2013 г."	"201312"	"ЗАПАДНО-КАЗАХСТАНСКАЯ ОБЛАСТЬ"	"0"	"Всего"	"0"	"Всего"	"0"	"Всего"	"0"	"Всего"	"0"	"16 574"
"Безработное население (в возрасте 15 лет и старше)(Человек)"	"3 квартал 2012 г."	"201209"	"ЗАПАДНО-КАЗАХСТАНСКАЯ ОБЛАСТЬ"	"0"	"Всего"	"0"	"Всего"	"0"	"Всего"	"0"	"Всего"	"0"	"16 997"
"Безработное население (в возрасте 15 лет и старше)(Человек)"	"2 квартал 2017 г."	"201706"	"ЗАПАДНО-КАЗАХСТАНСКАЯ ОБЛАСТЬ"	"0"	"Всего"	"0"	"Всего"	"0"	"Всего"	"0"	"Всего"	"0"	"16 313"
"Безработное население (в возрасте 15 лет и старше)(Человек)"	"1 квартал 2014 г."	"201403"	"ЗАПАДНО-КАЗАХСТАНСКАЯ ОБЛАСТЬ"	"0"	"Всего"	"0"	"Всего"	"0"	"Всего"	"0"	"Всего"	"0"	"16 995"
"Безработное население (в возрасте 15 лет и старше)(Человек)"	"3 квартал 2014 г."	"201409"	"ЗАПАДНО-КАЗАХСТАНСКАЯ ОБЛАСТЬ"	"0"	"Всего"	"0"	"Всего"	"0"	"Всего"	"0"	"Всего"	"0"	"16 436"
"Безработное население (в возрасте 15 лет и старше)(Человек)"	"2 квартал 2014 г."	"201406"	"ЗАПАДНО-КАЗАХСТАНСКАЯ ОБЛАСТЬ"	"0"	"Всего"	"0"	"Всего"	"0"	"Всего"	"0"	"Всего"	"0"	"16 673"
"Безработное население (в возрасте 15 лет и старше)(Человек)"	"4 квартал 2014 г."	"201412"	"ЗАПАДНО-КАЗАХСТАНСКАЯ ОБЛАСТЬ"	"0"	"Всего"	"0"	"Всего"	"0"	"Всего"	"0"	"Всего"	"0"	"16 561"
"Безработное население (в возрасте 15 лет и старше)(Человек)"	"3 квартал 2019 г."	"201909"	"ЗАПАДНО-КАЗАХСТАНСКАЯ ОБЛАСТЬ"	"0"	"Всего"	"0"	"Всего"	"0"	"Всего"	"0"	"Всего"	"0"	"16 037"
"Безработное население (в возрасте 15 лет и старше)(Человек)"	"4 квартал 2015 г."	"201512"	"ЗАПАДНО-КАЗАХСТАНСКАЯ ОБЛАСТЬ"	"0"	"Всего"	"0"	"Всего"	"0"	"Всего"	"0"	"Всего"	"0"	"17 034"
"Безработное население (в возрасте 15 лет и старше)(Человек)"	"4 квартал 2018 г."	"201812"	"ЗАПАДНО-КАЗАХСТАНСКАЯ ОБЛАСТЬ"	"0"	"Всего"	"0"	"Всего"	"0"	"Всего"	"0"	"Всего"	"0"	"16 405"
"Безработное население (в возрасте 15 лет и старше)(Человек)"	"4 квартал 2017 г."	"201712"	"ЗАПАДНО-КАЗАХСТАНСКАЯ ОБЛАСТЬ"	"0"	"Всего"	"0"	"Всего"	"0"	"Всего"	"0"	"Всего"	"0"	"16 278"
"Безработное население (в возрасте 15 лет и старше)(Человек)"	"1 квартал 2017 г."	"201703"	"ЗАПАДНО-КАЗАХСТАНСКАЯ ОБЛАСТЬ"	"0"	"Всего"	"0"	"Всего"	"0"	"Всего"	"0"	"Всего"	"0"	"16 552"
"Безработное население (в возрасте 15 лет и старше)(Человек)"	"2 квартал 2019 г."	"201906"	"ЗАПАДНО-КАЗАХСТАНСКАЯ ОБЛАСТЬ"	"0"	"Всего"	"0"	"Всего"	"0"	"Всего"	"0"	"Всего"	"0"	"16 311"
"Безработное население (в возрасте 15 лет и старше)(Человек)"	"1 квартал 2019 г."	"201903"	"ЗАПАДНО-КАЗАХСТАНСКАЯ ОБЛАСТЬ"	"0"	"Всего"	"0"	"Всего"	"0"	"Всего"	"0"	"Всего"	"0"	"16 388"
"Безработное население (в возрасте 15 лет и старше)(Человек)"	"1 квартал 2018 г."	"201803"	"ЗАПАДНО-КАЗАХСТАНСКАЯ ОБЛАСТЬ"	"0"	"Всего"	"0"	"Всего"	"0"	"Всего"	"0"	"Всего"	"0"	"16 410"
"Безработное население (в возрасте 15 лет и старше)(Человек)"	"3 квартал 2018 г."	"201809"	"ЗАПАДНО-КАЗАХСТАНСКАЯ ОБЛАСТЬ"	"0"	"Всего"	"0"	"Всего"	"0"	"Всего"	"0"	"Всего"	"0"	"16 351"
"Безработное население (в возрасте 15 лет и старше)(Человек)"	"1 квартал 2016 г."	"201603"	"ЗАПАДНО-КАЗАХСТАНСКАЯ ОБЛАСТЬ"	"0"	"Всего"	"0"	"Всего"	"0"	"Всего"	"0"	"Всего"	"0"	"16 569"
"Безработное население (в возрасте 15 лет и старше)(Человек)"	"3 квартал 2016 г."	"201609"	"ЗАПАДНО-КАЗАХСТАНСКАЯ ОБЛАСТЬ"	"0"	"Всего"	"0"	"Всего"	"0"	"Всего"	"0"	"Всего"	"0"	"16 329"
"Безработное население (в возрасте 15 лет и старше)(Человек)"	"3 квартал 2017 г."	"201709"	"ЗАПАДНО-КАЗАХСТАНСКАЯ ОБЛАСТЬ"	"0"	"Всего"	"0"	"Всего"	"0"	"Всего"	"0"	"Всего"	"0"	"16 296"
"Безработное население (в возрасте 15 лет и старше)(Человек)"	"2 квартал 2018 г."	"201806"	"ЗАПАДНО-КАЗАХСТАНСКАЯ ОБЛАСТЬ"	"0"	"Всего"	"0"	"Всего"	"0"	"Всего"	"0"	"Всего"	"0"	"16 215"
"Безработное население (в возрасте 15 лет и старше)(Человек)"	"1 квартал 2021 г."	"202103"	"ЗАПАДНО-КАЗАХСТАНСКАЯ ОБЛАСТЬ"	"0"	"Всего"	"0"	"Всего"	"0"	"Всего"	"0"	"Всего"	"0"	"16 602"
"Безработное население (в возрасте 15 лет и старше)(Человек)"	"2 квартал 2021 г."	"202106"	"ЗАПАДНО-КАЗАХСТАНСКАЯ ОБЛАСТЬ"	"0"	"Всего"	"0"	"Всего"	"0"	"Всего"	"0"	"Всего"	"0"	"16 460"
"Безработное население (в возрасте 15 лет и старше)(Человек)"	"3 квартал 2021 г."	"202109"	"ЗАПАДНО-КАЗАХСТАНСКАЯ ОБЛАСТЬ"	"0"	"Всего"	"0"	"Всего"	"0"	"Всего"	"0"	"Всего"	"0"	"16 451"
"Безработное население (в возрасте 15 лет и старше)(Человек)"	"3 квартал 2020 г."	"202009"	"ЗАПАДНО-КАЗАХСТАНСКАЯ ОБЛАСТЬ"	"0"	"Всего"	"0"	"Всего"	"0"	"Всего"	"0"	"Всего"	"0"	"16 921"
"Безработное население (в возрасте 15 лет и старше)(Человек)"	"4 квартал 2020 г."	"202012"	"ЗАПАДНО-КАЗАХСТАНСКАЯ ОБЛАСТЬ"	"0"	"Всего"	"0"	"Всего"	"0"	"Всего"	"0"	"Всего"	"0"	"16 918"
"Безработное население (в возрасте 15 лет и старше)(Человек)"	"4 квартал 2021 г."	"202112"	"ЗАПАДНО-КАЗАХСТАНСКАЯ ОБЛАСТЬ"	"0"	"Всего"	"0"	"Всего"	"0"	"Всего"	"0"	"Всего"	"0"	"16 825"
"Безработное население (в возрасте 15 лет и старше)(Человек)"	"1 квартал 2020 г."	"202003"	"ЗАПАДНО-КАЗАХСТАНСКАЯ ОБЛАСТЬ"	"0"	"Всего"	"0"	"Всего"	"0"	"Всего"	"0"	"Всего"	"0"	"16 376"
"Безработное население (в возрасте 15 лет и старше)(Человек)"	"2 квартал 2020 г."	"202006"	"ЗАПАДНО-КАЗАХСТАНСКАЯ ОБЛАСТЬ"	"0"	"Всего"	"0"	"Всего"	"0"	"Всего"	"0"	"Всего"	"0"	"17 018"
"Безработное население (в возрасте 15 лет и старше)(Человек)"	"2 квартал 2022 г."	"202206"	"ЗАПАДНО-КАЗАХСТАНСКАЯ ОБЛАСТЬ"	"0"	"Всего"	"0"	"Всего"	"0"	"Всего"	"0"	"Всего"	"0"	"16 757"
"Безработное население (в возрасте 15 лет и старше)(Человек)"	"1 квартал 2022 г."	"202203"	"ЗАПАДНО-КАЗАХСТАНСКАЯ ОБЛАСТЬ"	"0"	"Всего"	"0"	"Всего"	"0"	"Всего"	"0"	"Всего"	"0"	"16 876"
"Безработное население (в возрасте 15 лет и старше)(Человек)"	"4 квартал 2022 г."	"202212"	"ЗАПАДНО-КАЗАХСТАНСКАЯ ОБЛАСТЬ"	"0"	"Всего"	"0"	"Всего"	"0"	"Всего"	"0"	"Всего"	"0"	"16 378"
"Безработное население (в возрасте 15 лет и старше)(Человек)"	"3 квартал 2022 г."	"202209"	"ЗАПАДНО-КАЗАХСТАНСКАЯ ОБЛАСТЬ"	"0"	"Всего"	"0"	"Всего"	"0"	"Всего"	"0"	"Всего"	"0"	"16 800"
"Безработное население (в возрасте 15 лет и старше)(Человек)"	"1 квартал 2023 г."	"202303"	"ЗАПАДНО-КАЗАХСТАНСКАЯ ОБЛАСТЬ"	"0"	"Всего"	"0"	"Всего"	"0"	"Всего"	"0"	"Всего"	"0"	"17 084"
"Безработное население (в возрасте 15 лет и старше)(Человек)"	"3 квартал 2023 г."	"202309"	"ЗАПАДНО-КАЗАХСТАНСКАЯ ОБЛАСТЬ"	"0"	"Всего"	"0"	"Всего"	"0"	"Всего"	"0"	"Всего"	"0"	"16 991"
"Безработное население (в возрасте 15 лет и старше)(Человек)"	"4 квартал 2023 г."	"202312"	"ЗАПАДНО-КАЗАХСТАНСКАЯ ОБЛАСТЬ"	"0"	"Всего"	"0"	"Всего"	"0"	"Всего"	"0"	"Всего"	"0"	"16 920"
"Безработное население (в возрасте 15 лет и старше)(Человек)"	"2 квартал 2023 г."	"202306"	"ЗАПАДНО-КАЗАХСТАНСКАЯ ОБЛАСТЬ"	"0"	"Всего"	"0"	"Всего"	"0"	"Всего"	"0"	"Всего"	"0"	"17 255"
"Безработное население (в возрасте 15 лет и старше)(Человек)"	"1 квартал 2024 г."	"202403"	"ЗАПАДНО-КАЗАХСТАНСКАЯ ОБЛАСТЬ"	"0"	"Всего"	"0"	"Всего"	"0"	"Всего"	"0"	"Всего"	"0"	"17 085"
"Безработное население (в возрасте 15 лет и старше)(Человек)"	"2 квартал 2024 г."	"202406"	"ЗАПАДНО-КАЗАХСТАНСКАЯ ОБЛАСТЬ"	"0"	"Всего"	"0"	"Всего"	"0"	"Всего"	"0"	"Всего"	"0"	"16 904"
"Безработное население (в возрасте 15 лет и старше)(Человек)"	"3 квартал 2024 г."	"202409"	"ЗАПАДНО-КАЗАХСТАНСКАЯ ОБЛАСТЬ"	"0"	"Всего"	"0"	"Всего"	"0"	"Всего"	"0"	"Всего"	"0"	"17 003"
"Безработное население (в возрасте 15 лет и старше)(Человек)"	"4 квартал 2024 г."	"202412"	"ЗАПАДНО-КАЗАХСТАНСКАЯ ОБЛАСТЬ"	"0"	"Всего"	"0"	"Всего"	"0"	"Всего"	"0"	"Всего"	"0"	"17 087"
"Безработное население (в возрасте 15 лет и старше)(Человек)"	"1 квартал 2025 г."	"202503"	"ЗАПАДНО-КАЗАХСТАНСКАЯ ОБЛАСТЬ"	"0"	"Всего"	"0"	"Всего"	"0"	"Всего"	"0"	"Всего"	"0"	"17 131"
"Безработное население (в возрасте 15 лет и старше)(Человек)"	"2 квартал 2025 г."	"202506"	"ЗАПАДНО-КАЗАХСТАНСКАЯ ОБЛАСТЬ"	"0"	"Всего"	"0"	"Всего"	"0"	"Всего"	"0"	"Всего"	"0"	"16 914"
"Безработное население (в возрасте 15 лет и старше)(Человек)"	"2 квартал 2016 г."	"201606"	"АТЫРАУСКАЯ ОБЛАСТЬ"	"0"	"Всего"	"0"	"Всего"	"0"	"Всего"	"0"	"Всего"	"0"	"14 980"
"Безработное население (в возрасте 15 лет и старше)(Человек)"	"2 квартал 2010 г."	"201006"	"АТЫРАУСКАЯ ОБЛАСТЬ"	"0"	"Всего"	"0"	"Всего"	"0"	"Всего"	"0"	"Всего"	"0"	"14 696"
"Безработное население (в возрасте 15 лет и старше)(Человек)"	"3 квартал 2011 г."	"201109"	"АТЫРАУСКАЯ ОБЛАСТЬ"	"0"	"Всего"	"0"	"Всего"	"0"	"Всего"	"0"	"Всего"	"0"	"14 422"
"Безработное население (в возрасте 15 лет и старше)(Человек)"	"1 квартал 2010 г."	"201003"	"АТЫРАУСКАЯ ОБЛАСТЬ"	"0"	"Всего"	"0"	"Всего"	"0"	"Всего"	"0"	"Всего"	"0"	"15 524"
"Безработное население (в возрасте 15 лет и старше)(Человек)"	"1 квартал 2015 г."	"201503"	"АТЫРАУСКАЯ ОБЛАСТЬ"	"0"	"Всего"	"0"	"Всего"	"0"	"Всего"	"0"	"Всего"	"0"	"14 918"
"Безработное население (в возрасте 15 лет и старше)(Человек)"	"2 квартал 2015 г."	"201506"	"АТЫРАУСКАЯ ОБЛАСТЬ"	"0"	"Всего"	"0"	"Всего"	"0"	"Всего"	"0"	"Всего"	"0"	"14 686"
"Безработное население (в возрасте 15 лет и старше)(Человек)"	"1 квартал 2012 г."	"201203"	"АТЫРАУСКАЯ ОБЛАСТЬ"	"0"	"Всего"	"0"	"Всего"	"0"	"Всего"	"0"	"Всего"	"0"	"14 399"
"Безработное население (в возрасте 15 лет и старше)(Человек)"	"2 квартал 2012 г."	"201206"	"АТЫРАУСКАЯ ОБЛАСТЬ"	"0"	"Всего"	"0"	"Всего"	"0"	"Всего"	"0"	"Всего"	"0"	"14 428"
"Безработное население (в возрасте 15 лет и старше)(Человек)"	"4 квартал 2012 г."	"201212"	"АТЫРАУСКАЯ ОБЛАСТЬ"	"0"	"Всего"	"0"	"Всего"	"0"	"Всего"	"0"	"Всего"	"0"	"14 534"
"Безработное население (в возрасте 15 лет и старше)(Человек)"	"4 квартал 2019 г."	"201912"	"АТЫРАУСКАЯ ОБЛАСТЬ"	"0"	"Всего"	"0"	"Всего"	"0"	"Всего"	"0"	"Всего"	"0"	"15 998"
"Безработное население (в возрасте 15 лет и старше)(Человек)"	"4 квартал 2016 г."	"201612"	"АТЫРАУСКАЯ ОБЛАСТЬ"	"0"	"Всего"	"0"	"Всего"	"0"	"Всего"	"0"	"Всего"	"0"	"15 306"
"Безработное население (в возрасте 15 лет и старше)(Человек)"	"3 квартал 2010 г."	"201009"	"АТЫРАУСКАЯ ОБЛАСТЬ"	"0"	"Всего"	"0"	"Всего"	"0"	"Всего"	"0"	"Всего"	"0"	"14 279"
"Безработное население (в возрасте 15 лет и старше)(Человек)"	"1 квартал 2011 г."	"201103"	"АТЫРАУСКАЯ ОБЛАСТЬ"	"0"	"Всего"	"0"	"Всего"	"0"	"Всего"	"0"	"Всего"	"0"	"14 236"
"Безработное население (в возрасте 15 лет и старше)(Человек)"	"2 квартал 2013 г."	"201306"	"АТЫРАУСКАЯ ОБЛАСТЬ"	"0"	"Всего"	"0"	"Всего"	"0"	"Всего"	"0"	"Всего"	"0"	"14 863"
"Безработное население (в возрасте 15 лет и старше)(Человек)"	"4 квартал 2011 г."	"201112"	"АТЫРАУСКАЯ ОБЛАСТЬ"	"0"	"Всего"	"0"	"Всего"	"0"	"Всего"	"0"	"Всего"	"0"	"14 333"
"Безработное население (в возрасте 15 лет и старше)(Человек)"	"3 квартал 2013 г."	"201309"	"АТЫРАУСКАЯ ОБЛАСТЬ"	"0"	"Всего"	"0"	"Всего"	"0"	"Всего"	"0"	"Всего"	"0"	"14 681"
"Безработное население (в возрасте 15 лет и старше)(Человек)"	"1 квартал 2013 г."	"201303"	"АТЫРАУСКАЯ ОБЛАСТЬ"	"0"	"Всего"	"0"	"Всего"	"0"	"Всего"	"0"	"Всего"	"0"	"14 935"
"Безработное население (в возрасте 15 лет и старше)(Человек)"	"4 квартал 2010 г."	"201012"	"АТЫРАУСКАЯ ОБЛАСТЬ"	"0"	"Всего"	"0"	"Всего"	"0"	"Всего"	"0"	"Всего"	"0"	"14 093"
"Безработное население (в возрасте 15 лет и старше)(Человек)"	"2 квартал 2011 г."	"201106"	"АТЫРАУСКАЯ ОБЛАСТЬ"	"0"	"Всего"	"0"	"Всего"	"0"	"Всего"	"0"	"Всего"	"0"	"13 999"
"Безработное население (в возрасте 15 лет и старше)(Человек)"	"3 квартал 2015 г."	"201509"	"АТЫРАУСКАЯ ОБЛАСТЬ"	"0"	"Всего"	"0"	"Всего"	"0"	"Всего"	"0"	"Всего"	"0"	"15 880"
"Безработное население (в возрасте 15 лет и старше)(Человек)"	"4 квартал 2013 г."	"201312"	"АТЫРАУСКАЯ ОБЛАСТЬ"	"0"	"Всего"	"0"	"Всего"	"0"	"Всего"	"0"	"Всего"	"0"	"14 848"
"Безработное население (в возрасте 15 лет и старше)(Человек)"	"3 квартал 2012 г."	"201209"	"АТЫРАУСКАЯ ОБЛАСТЬ"	"0"	"Всего"	"0"	"Всего"	"0"	"Всего"	"0"	"Всего"	"0"	"14 494"
"Безработное население (в возрасте 15 лет и старше)(Человек)"	"2 квартал 2017 г."	"201706"	"АТЫРАУСКАЯ ОБЛАСТЬ"	"0"	"Всего"	"0"	"Всего"	"0"	"Всего"	"0"	"Всего"	"0"	"15 267"
"Безработное население (в возрасте 15 лет и старше)(Человек)"	"1 квартал 2014 г."	"201403"	"АТЫРАУСКАЯ ОБЛАСТЬ"	"0"	"Всего"	"0"	"Всего"	"0"	"Всего"	"0"	"Всего"	"0"	"14 937"
"Безработное население (в возрасте 15 лет и старше)(Человек)"	"3 квартал 2014 г."	"201409"	"АТЫРАУСКАЯ ОБЛАСТЬ"	"0"	"Всего"	"0"	"Всего"	"0"	"Всего"	"0"	"Всего"	"0"	"14 807"
"Безработное население (в возрасте 15 лет и старше)(Человек)"	"2 квартал 2014 г."	"201406"	"АТЫРАУСКАЯ ОБЛАСТЬ"	"0"	"Всего"	"0"	"Всего"	"0"	"Всего"	"0"	"Всего"	"0"	"14 820"
"Безработное население (в возрасте 15 лет и старше)(Человек)"	"4 квартал 2014 г."	"201412"	"АТЫРАУСКАЯ ОБЛАСТЬ"	"0"	"Всего"	"0"	"Всего"	"0"	"Всего"	"0"	"Всего"	"0"	"14 585"
"Безработное население (в возрасте 15 лет и старше)(Человек)"	"3 квартал 2019 г."	"201909"	"АТЫРАУСКАЯ ОБЛАСТЬ"	"0"	"Всего"	"0"	"Всего"	"0"	"Всего"	"0"	"Всего"	"0"	"16 067"
"Безработное население (в возрасте 15 лет и старше)(Человек)"	"4 квартал 2015 г."	"201512"	"АТЫРАУСКАЯ ОБЛАСТЬ"	"0"	"Всего"	"0"	"Всего"	"0"	"Всего"	"0"	"Всего"	"0"	"15 420"
"Безработное население (в возрасте 15 лет и старше)(Человек)"	"4 квартал 2018 г."	"201812"	"АТЫРАУСКАЯ ОБЛАСТЬ"	"0"	"Всего"	"0"	"Всего"	"0"	"Всего"	"0"	"Всего"	"0"	"15 834"
"Безработное население (в возрасте 15 лет и старше)(Человек)"	"4 квартал 2017 г."	"201712"	"АТЫРАУСКАЯ ОБЛАСТЬ"	"0"	"Всего"	"0"	"Всего"	"0"	"Всего"	"0"	"Всего"	"0"	"15 846"
"Безработное население (в возрасте 15 лет и старше)(Человек)"	"1 квартал 2017 г."	"201703"	"АТЫРАУСКАЯ ОБЛАСТЬ"	"0"	"Всего"	"0"	"Всего"	"0"	"Всего"	"0"	"Всего"	"0"	"15 159"
"Безработное население (в возрасте 15 лет и старше)(Человек)"	"2 квартал 2019 г."	"201906"	"АТЫРАУСКАЯ ОБЛАСТЬ"	"0"	"Всего"	"0"	"Всего"	"0"	"Всего"	"0"	"Всего"	"0"	"16 367"
"Безработное население (в возрасте 15 лет и старше)(Человек)"	"1 квартал 2019 г."	"201903"	"АТЫРАУСКАЯ ОБЛАСТЬ"	"0"	"Всего"	"0"	"Всего"	"0"	"Всего"	"0"	"Всего"	"0"	"16 176"
"Безработное население (в возрасте 15 лет и старше)(Человек)"	"1 квартал 2018 г."	"201803"	"АТЫРАУСКАЯ ОБЛАСТЬ"	"0"	"Всего"	"0"	"Всего"	"0"	"Всего"	"0"	"Всего"	"0"	"15 225"
"Безработное население (в возрасте 15 лет и старше)(Человек)"	"3 квартал 2018 г."	"201809"	"АТЫРАУСКАЯ ОБЛАСТЬ"	"0"	"Всего"	"0"	"Всего"	"0"	"Всего"	"0"	"Всего"	"0"	"15 559"
"Безработное население (в возрасте 15 лет и старше)(Человек)"	"1 квартал 2016 г."	"201603"	"АТЫРАУСКАЯ ОБЛАСТЬ"	"0"	"Всего"	"0"	"Всего"	"0"	"Всего"	"0"	"Всего"	"0"	"15 116"
"Безработное население (в возрасте 15 лет и старше)(Человек)"	"3 квартал 2016 г."	"201609"	"АТЫРАУСКАЯ ОБЛАСТЬ"	"0"	"Всего"	"0"	"Всего"	"0"	"Всего"	"0"	"Всего"	"0"	"15 240"
"Безработное население (в возрасте 15 лет и старше)(Человек)"	"3 квартал 2017 г."	"201709"	"АТЫРАУСКАЯ ОБЛАСТЬ"	"0"	"Всего"	"0"	"Всего"	"0"	"Всего"	"0"	"Всего"	"0"	"15 402"
"Безработное население (в возрасте 15 лет и старше)(Человек)"	"2 квартал 2018 г."	"201806"	"АТЫРАУСКАЯ ОБЛАСТЬ"	"0"	"Всего"	"0"	"Всего"	"0"	"Всего"	"0"	"Всего"	"0"	"15 374"
"Безработное население (в возрасте 15 лет и старше)(Человек)"	"1 квартал 2021 г."	"202103"	"АТЫРАУСКАЯ ОБЛАСТЬ"	"0"	"Всего"	"0"	"Всего"	"0"	"Всего"	"0"	"Всего"	"0"	"16 275"
"Безработное население (в возрасте 15 лет и старше)(Человек)"	"2 квартал 2021 г."	"202106"	"АТЫРАУСКАЯ ОБЛАСТЬ"	"0"	"Всего"	"0"	"Всего"	"0"	"Всего"	"0"	"Всего"	"0"	"16 277"
"Безработное население (в возрасте 15 лет и старше)(Человек)"	"3 квартал 2021 г."	"202109"	"АТЫРАУСКАЯ ОБЛАСТЬ"	"0"	"Всего"	"0"	"Всего"	"0"	"Всего"	"0"	"Всего"	"0"	"16 275"
"Безработное население (в возрасте 15 лет и старше)(Человек)"	"3 квартал 2020 г."	"202009"	"АТЫРАУСКАЯ ОБЛАСТЬ"	"0"	"Всего"	"0"	"Всего"	"0"	"Всего"	"0"	"Всего"	"0"	"16 281"
"Безработное население (в возрасте 15 лет и старше)(Человек)"	"4 квартал 2020 г."	"202012"	"АТЫРАУСКАЯ ОБЛАСТЬ"	"0"	"Всего"	"0"	"Всего"	"0"	"Всего"	"0"	"Всего"	"0"	"16 001"
"Безработное население (в возрасте 15 лет и старше)(Человек)"	"4 квартал 2021 г."	"202112"	"АТЫРАУСКАЯ ОБЛАСТЬ"	"0"	"Всего"	"0"	"Всего"	"0"	"Всего"	"0"	"Всего"	"0"	"16 070"
"Безработное население (в возрасте 15 лет и старше)(Человек)"	"1 квартал 2020 г."	"202003"	"АТЫРАУСКАЯ ОБЛАСТЬ"	"0"	"Всего"	"0"	"Всего"	"0"	"Всего"	"0"	"Всего"	"0"	"16 088"
"Безработное население (в возрасте 15 лет и старше)(Человек)"	"2 квартал 2020 г."	"202006"	"АТЫРАУСКАЯ ОБЛАСТЬ"	"0"	"Всего"	"0"	"Всего"	"0"	"Всего"	"0"	"Всего"	"0"	"16 577"
"Безработное население (в возрасте 15 лет и старше)(Человек)"	"2 квартал 2022 г."	"202206"	"АТЫРАУСКАЯ ОБЛАСТЬ"	"0"	"Всего"	"0"	"Всего"	"0"	"Всего"	"0"	"Всего"	"0"	"15 973"
"Безработное население (в возрасте 15 лет и старше)(Человек)"	"1 квартал 2022 г."	"202203"	"АТЫРАУСКАЯ ОБЛАСТЬ"	"0"	"Всего"	"0"	"Всего"	"0"	"Всего"	"0"	"Всего"	"0"	"16 155"
"Безработное население (в возрасте 15 лет и старше)(Человек)"	"4 квартал 2022 г."	"202212"	"АТЫРАУСКАЯ ОБЛАСТЬ"	"0"	"Всего"	"0"	"Всего"	"0"	"Всего"	"0"	"Всего"	"0"	"16 511"
"Безработное население (в возрасте 15 лет и старше)(Человек)"	"3 квартал 2022 г."	"202209"	"АТЫРАУСКАЯ ОБЛАСТЬ"	"0"	"Всего"	"0"	"Всего"	"0"	"Всего"	"0"	"Всего"	"0"	"16 139"
"Безработное население (в возрасте 15 лет и старше)(Человек)"	"1 квартал 2023 г."	"202303"	"АТЫРАУСКАЯ ОБЛАСТЬ"	"0"	"Всего"	"0"	"Всего"	"0"	"Всего"	"0"	"Всего"	"0"	"17 379"
"Безработное население (в возрасте 15 лет и старше)(Человек)"	"3 квартал 2023 г."	"202309"	"АТЫРАУСКАЯ ОБЛАСТЬ"	"0"	"Всего"	"0"	"Всего"	"0"	"Всего"	"0"	"Всего"	"0"	"17 582"
"Безработное население (в возрасте 15 лет и старше)(Человек)"	"4 квартал 2023 г."	"202312"	"АТЫРАУСКАЯ ОБЛАСТЬ"	"0"	"Всего"	"0"	"Всего"	"0"	"Всего"	"0"	"Всего"	"0"	"16 399"
"Безработное население (в возрасте 15 лет и старше)(Человек)"	"2 квартал 2023 г."	"202306"	"АТЫРАУСКАЯ ОБЛАСТЬ"	"0"	"Всего"	"0"	"Всего"	"0"	"Всего"	"0"	"Всего"	"0"	"17 103"
"Безработное население (в возрасте 15 лет и старше)(Человек)"	"1 квартал 2024 г."	"202403"	"АТЫРАУСКАЯ ОБЛАСТЬ"	"0"	"Всего"	"0"	"Всего"	"0"	"Всего"	"0"	"Всего"	"0"	"17 692"
"Безработное население (в возрасте 15 лет и старше)(Человек)"	"2 квартал 2024 г."	"202406"	"АТЫРАУСКАЯ ОБЛАСТЬ"	"0"	"Всего"	"0"	"Всего"	"0"	"Всего"	"0"	"Всего"	"0"	"17 777"
"Безработное население (в возрасте 15 лет и старше)(Человек)"	"3 квартал 2024 г."	"202409"	"АТЫРАУСКАЯ ОБЛАСТЬ"	"0"	"Всего"	"0"	"Всего"	"0"	"Всего"	"0"	"Всего"	"0"	"17 971"
"Безработное население (в возрасте 15 лет и старше)(Человек)"	"4 квартал 2024 г."	"202412"	"АТЫРАУСКАЯ ОБЛАСТЬ"	"0"	"Всего"	"0"	"Всего"	"0"	"Всего"	"0"	"Всего"	"0"	"17 477"
"Безработное население (в возрасте 15 лет и старше)(Человек)"	"1 квартал 2025 г."	"202503"	"АТЫРАУСКАЯ ОБЛАСТЬ"	"0"	"Всего"	"0"	"Всего"	"0"	"Всего"	"0"	"Всего"	"0"	"17 843"
"Безработное население (в возрасте 15 лет и старше)(Человек)"	"2 квартал 2025 г."	"202506"	"АТЫРАУСКАЯ ОБЛАСТЬ"	"0"	"Всего"	"0"	"Всего"	"0"	"Всего"	"0"	"Всего"	"0"	"18 523"
"Безработное население (в возрасте 15 лет и старше)(Человек)"	"2 квартал 2016 г."	"201606"	"АЛМАТИНСКАЯ ОБЛАСТЬ"	"0"	"Всего"	"0"	"Всего"	"0"	"Всего"	"0"	"Всего"	"0"	"49 430"
"Безработное население (в возрасте 15 лет и старше)(Человек)"	"2 квартал 2010 г."	"201006"	"АЛМАТИНСКАЯ ОБЛАСТЬ"	"0"	"Всего"	"0"	"Всего"	"0"	"Всего"	"0"	"Всего"	"0"	"52 089"
"Безработное население (в возрасте 15 лет и старше)(Человек)"	"3 квартал 2011 г."	"201109"	"АЛМАТИНСКАЯ ОБЛАСТЬ"	"0"	"Всего"	"0"	"Всего"	"0"	"Всего"	"0"	"Всего"	"0"	"48 607"
"Безработное население (в возрасте 15 лет и старше)(Человек)"	"1 квартал 2010 г."	"201003"	"АЛМАТИНСКАЯ ОБЛАСТЬ"	"0"	"Всего"	"0"	"Всего"	"0"	"Всего"	"0"	"Всего"	"0"	"54 527"
"Безработное население (в возрасте 15 лет и старше)(Человек)"	"1 квартал 2015 г."	"201503"	"АЛМАТИНСКАЯ ОБЛАСТЬ"	"0"	"Всего"	"0"	"Всего"	"0"	"Всего"	"0"	"Всего"	"0"	"52 367"
"Безработное население (в возрасте 15 лет и старше)(Человек)"	"2 квартал 2015 г."	"201506"	"АЛМАТИНСКАЯ ОБЛАСТЬ"	"0"	"Всего"	"0"	"Всего"	"0"	"Всего"	"0"	"Всего"	"0"	"49 269"
"Безработное население (в возрасте 15 лет и старше)(Человек)"	"1 квартал 2012 г."	"201203"	"АЛМАТИНСКАЯ ОБЛАСТЬ"	"0"	"Всего"	"0"	"Всего"	"0"	"Всего"	"0"	"Всего"	"0"	"50 115"
"Безработное население (в возрасте 15 лет и старше)(Человек)"	"2 квартал 2012 г."	"201206"	"АЛМАТИНСКАЯ ОБЛАСТЬ"	"0"	"Всего"	"0"	"Всего"	"0"	"Всего"	"0"	"Всего"	"0"	"50 953"
"Безработное население (в возрасте 15 лет и старше)(Человек)"	"4 квартал 2012 г."	"201212"	"АЛМАТИНСКАЯ ОБЛАСТЬ"	"0"	"Всего"	"0"	"Всего"	"0"	"Всего"	"0"	"Всего"	"0"	"51 845"
"Безработное население (в возрасте 15 лет и старше)(Человек)"	"4 квартал 2019 г."	"201912"	"АЛМАТИНСКАЯ ОБЛАСТЬ"	"0"	"Всего"	"0"	"Всего"	"0"	"Всего"	"0"	"Всего"	"0"	"48 158"
"Безработное население (в возрасте 15 лет и старше)(Человек)"	"4 квартал 2016 г."	"201612"	"АЛМАТИНСКАЯ ОБЛАСТЬ"	"0"	"Всего"	"0"	"Всего"	"0"	"Всего"	"0"	"Всего"	"0"	"49 109"
"Безработное население (в возрасте 15 лет и старше)(Человек)"	"3 квартал 2010 г."	"201009"	"АЛМАТИНСКАЯ ОБЛАСТЬ"	"0"	"Всего"	"0"	"Всего"	"0"	"Всего"	"0"	"Всего"	"0"	"47 486"
"Безработное население (в возрасте 15 лет и старше)(Человек)"	"1 квартал 2011 г."	"201103"	"АЛМАТИНСКАЯ ОБЛАСТЬ"	"0"	"Всего"	"0"	"Всего"	"0"	"Всего"	"0"	"Всего"	"0"	"47 159"
"Безработное население (в возрасте 15 лет и старше)(Человек)"	"2 квартал 2013 г."	"201306"	"АЛМАТИНСКАЯ ОБЛАСТЬ"	"0"	"Всего"	"0"	"Всего"	"0"	"Всего"	"0"	"Всего"	"0"	"50 703"
"Безработное население (в возрасте 15 лет и старше)(Человек)"	"4 квартал 2011 г."	"201112"	"АЛМАТИНСКАЯ ОБЛАСТЬ"	"0"	"Всего"	"0"	"Всего"	"0"	"Всего"	"0"	"Всего"	"0"	"49 928"
"Безработное население (в возрасте 15 лет и старше)(Человек)"	"3 квартал 2013 г."	"201309"	"АЛМАТИНСКАЯ ОБЛАСТЬ"	"0"	"Всего"	"0"	"Всего"	"0"	"Всего"	"0"	"Всего"	"0"	"50 912"
"Безработное население (в возрасте 15 лет и старше)(Человек)"	"1 квартал 2013 г."	"201303"	"АЛМАТИНСКАЯ ОБЛАСТЬ"	"0"	"Всего"	"0"	"Всего"	"0"	"Всего"	"0"	"Всего"	"0"	"52 124"
"Безработное население (в возрасте 15 лет и старше)(Человек)"	"4 квартал 2010 г."	"201012"	"АЛМАТИНСКАЯ ОБЛАСТЬ"	"0"	"Всего"	"0"	"Всего"	"0"	"Всего"	"0"	"Всего"	"0"	"46 932"
"Безработное население (в возрасте 15 лет и старше)(Человек)"	"2 квартал 2011 г."	"201106"	"АЛМАТИНСКАЯ ОБЛАСТЬ"	"0"	"Всего"	"0"	"Всего"	"0"	"Всего"	"0"	"Всего"	"0"	"46 056"
"Безработное население (в возрасте 15 лет и старше)(Человек)"	"3 квартал 2015 г."	"201509"	"АЛМАТИНСКАЯ ОБЛАСТЬ"	"0"	"Всего"	"0"	"Всего"	"0"	"Всего"	"0"	"Всего"	"0"	"48 202"
"Безработное население (в возрасте 15 лет и старше)(Человек)"	"4 квартал 2013 г."	"201312"	"АЛМАТИНСКАЯ ОБЛАСТЬ"	"0"	"Всего"	"0"	"Всего"	"0"	"Всего"	"0"	"Всего"	"0"	"51 499"
"Безработное население (в возрасте 15 лет и старше)(Человек)"	"3 квартал 2012 г."	"201209"	"АЛМАТИНСКАЯ ОБЛАСТЬ"	"0"	"Всего"	"0"	"Всего"	"0"	"Всего"	"0"	"Всего"	"0"	"51 296"
"Безработное население (в возрасте 15 лет и старше)(Человек)"	"2 квартал 2017 г."	"201706"	"АЛМАТИНСКАЯ ОБЛАСТЬ"	"0"	"Всего"	"0"	"Всего"	"0"	"Всего"	"0"	"Всего"	"0"	"48 051"
"Безработное население (в возрасте 15 лет и старше)(Человек)"	"1 квартал 2014 г."	"201403"	"АЛМАТИНСКАЯ ОБЛАСТЬ"	"0"	"Всего"	"0"	"Всего"	"0"	"Всего"	"0"	"Всего"	"0"	"51 681"
"Безработное население (в возрасте 15 лет и старше)(Человек)"	"3 квартал 2014 г."	"201409"	"АЛМАТИНСКАЯ ОБЛАСТЬ"	"0"	"Всего"	"0"	"Всего"	"0"	"Всего"	"0"	"Всего"	"0"	"51 192"
"Безработное население (в возрасте 15 лет и старше)(Человек)"	"2 квартал 2014 г."	"201406"	"АЛМАТИНСКАЯ ОБЛАСТЬ"	"0"	"Всего"	"0"	"Всего"	"0"	"Всего"	"0"	"Всего"	"0"	"51 977"
"Безработное население (в возрасте 15 лет и старше)(Человек)"	"4 квартал 2014 г."	"201412"	"АЛМАТИНСКАЯ ОБЛАСТЬ"	"0"	"Всего"	"0"	"Всего"	"0"	"Всего"	"0"	"Всего"	"0"	"52 048"
"Безработное население (в возрасте 15 лет и старше)(Человек)"	"3 квартал 2019 г."	"201909"	"АЛМАТИНСКАЯ ОБЛАСТЬ"	"0"	"Всего"	"0"	"Всего"	"0"	"Всего"	"0"	"Всего"	"0"	"48 501"
"Безработное население (в возрасте 15 лет и старше)(Человек)"	"4 квартал 2015 г."	"201512"	"АЛМАТИНСКАЯ ОБЛАСТЬ"	"0"	"Всего"	"0"	"Всего"	"0"	"Всего"	"0"	"Всего"	"0"	"49 873"
"Безработное население (в возрасте 15 лет и старше)(Человек)"	"4 квартал 2018 г."	"201812"	"АЛМАТИНСКАЯ ОБЛАСТЬ"	"0"	"Всего"	"0"	"Всего"	"0"	"Всего"	"0"	"Всего"	"0"	"49 187"
"Безработное население (в возрасте 15 лет и старше)(Человек)"	"4 квартал 2017 г."	"201712"	"АЛМАТИНСКАЯ ОБЛАСТЬ"	"0"	"Всего"	"0"	"Всего"	"0"	"Всего"	"0"	"Всего"	"0"	"48 312"
"Безработное население (в возрасте 15 лет и старше)(Человек)"	"1 квартал 2017 г."	"201703"	"АЛМАТИНСКАЯ ОБЛАСТЬ"	"0"	"Всего"	"0"	"Всего"	"0"	"Всего"	"0"	"Всего"	"0"	"49 113"
"Безработное население (в возрасте 15 лет и старше)(Человек)"	"2 квартал 2019 г."	"201906"	"АЛМАТИНСКАЯ ОБЛАСТЬ"	"0"	"Всего"	"0"	"Всего"	"0"	"Всего"	"0"	"Всего"	"0"	"47 989"
"Безработное население (в возрасте 15 лет и старше)(Человек)"	"1 квартал 2019 г."	"201903"	"АЛМАТИНСКАЯ ОБЛАСТЬ"	"0"	"Всего"	"0"	"Всего"	"0"	"Всего"	"0"	"Всего"	"0"	"49 553"
"Безработное население (в возрасте 15 лет и старше)(Человек)"	"1 квартал 2018 г."	"201803"	"АЛМАТИНСКАЯ ОБЛАСТЬ"	"0"	"Всего"	"0"	"Всего"	"0"	"Всего"	"0"	"Всего"	"0"	"48 873"
"Безработное население (в возрасте 15 лет и старше)(Человек)"	"3 квартал 2018 г."	"201809"	"АЛМАТИНСКАЯ ОБЛАСТЬ"	"0"	"Всего"	"0"	"Всего"	"0"	"Всего"	"0"	"Всего"	"0"	"48 592"
"Безработное население (в возрасте 15 лет и старше)(Человек)"	"1 квартал 2016 г."	"201603"	"АЛМАТИНСКАЯ ОБЛАСТЬ"	"0"	"Всего"	"0"	"Всего"	"0"	"Всего"	"0"	"Всего"	"0"	"49 728"
"Безработное население (в возрасте 15 лет и старше)(Человек)"	"3 квартал 2016 г."	"201609"	"АЛМАТИНСКАЯ ОБЛАСТЬ"	"0"	"Всего"	"0"	"Всего"	"0"	"Всего"	"0"	"Всего"	"0"	"48 347"
"Безработное население (в возрасте 15 лет и старше)(Человек)"	"3 квартал 2017 г."	"201709"	"АЛМАТИНСКАЯ ОБЛАСТЬ"	"0"	"Всего"	"0"	"Всего"	"0"	"Всего"	"0"	"Всего"	"0"	"48 828"
"Безработное население (в возрасте 15 лет и старше)(Человек)"	"2 квартал 2018 г."	"201806"	"АЛМАТИНСКАЯ ОБЛАСТЬ"	"0"	"Всего"	"0"	"Всего"	"0"	"Всего"	"0"	"Всего"	"0"	"49 204"
"Безработное население (в возрасте 15 лет и старше)(Человек)"	"1 квартал 2021 г."	"202103"	"АЛМАТИНСКАЯ ОБЛАСТЬ"	"0"	"Всего"	"0"	"Всего"	"0"	"Всего"	"0"	"Всего"	"0"	"49 110"
"Безработное население (в возрасте 15 лет и старше)(Человек)"	"2 квартал 2021 г."	"202106"	"АЛМАТИНСКАЯ ОБЛАСТЬ"	"0"	"Всего"	"0"	"Всего"	"0"	"Всего"	"0"	"Всего"	"0"	"49 454"
"Безработное население (в возрасте 15 лет и старше)(Человек)"	"3 квартал 2021 г."	"202109"	"АЛМАТИНСКАЯ ОБЛАСТЬ"	"0"	"Всего"	"0"	"Всего"	"0"	"Всего"	"0"	"Всего"	"0"	"49 601"
"Безработное население (в возрасте 15 лет и старше)(Человек)"	"3 квартал 2020 г."	"202009"	"АЛМАТИНСКАЯ ОБЛАСТЬ"	"0"	"Всего"	"0"	"Всего"	"0"	"Всего"	"0"	"Всего"	"0"	"49 342"
"Безработное население (в возрасте 15 лет и старше)(Человек)"	"4 квартал 2020 г."	"202012"	"АЛМАТИНСКАЯ ОБЛАСТЬ"	"0"	"Всего"	"0"	"Всего"	"0"	"Всего"	"0"	"Всего"	"0"	"48 973"
"Безработное население (в возрасте 15 лет и старше)(Человек)"	"4 квартал 2021 г."	"202112"	"АЛМАТИНСКАЯ ОБЛАСТЬ"	"0"	"Всего"	"0"	"Всего"	"0"	"Всего"	"0"	"Всего"	"0"	"48 961"
"Безработное население (в возрасте 15 лет и старше)(Человек)"	"1 квартал 2020 г."	"202003"	"АЛМАТИНСКАЯ ОБЛАСТЬ"	"0"	"Всего"	"0"	"Всего"	"0"	"Всего"	"0"	"Всего"	"0"	"48 072"
"Безработное население (в возрасте 15 лет и старше)(Человек)"	"2 квартал 2020 г."	"202006"	"АЛМАТИНСКАЯ ОБЛАСТЬ"	"0"	"Всего"	"0"	"Всего"	"0"	"Всего"	"0"	"Всего"	"0"	"49 416"
"Безработное население (в возрасте 15 лет и старше)(Человек)"	"2 квартал 2022 г."	"202206"	"АЛМАТИНСКАЯ ОБЛАСТЬ"	"0"	"Всего"	"0"	"Всего"	"0"	"Всего"	"0"	"Всего"	"0"	"33 566"
"Безработное население (в возрасте 15 лет и старше)(Человек)"	"1 квартал 2022 г."	"202203"	"АЛМАТИНСКАЯ ОБЛАСТЬ"	"0"	"Всего"	"0"	"Всего"	"0"	"Всего"	"0"	"Всего"	"0"	"48 812"
"Безработное население (в возрасте 15 лет и старше)(Человек)"	"4 квартал 2022 г."	"202212"	"АЛМАТИНСКАЯ ОБЛАСТЬ"	"0"	"Всего"	"0"	"Всего"	"0"	"Всего"	"0"	"Всего"	"0"	"35 039"
"Безработное население (в возрасте 15 лет и старше)(Человек)"	"3 квартал 2022 г."	"202209"	"АЛМАТИНСКАЯ ОБЛАСТЬ"	"0"	"Всего"	"0"	"Всего"	"0"	"Всего"	"0"	"Всего"	"0"	"31 800"
"Безработное население (в возрасте 15 лет и старше)(Человек)"	"1 квартал 2023 г."	"202303"	"АЛМАТИНСКАЯ ОБЛАСТЬ"	"0"	"Всего"	"0"	"Всего"	"0"	"Всего"	"0"	"Всего"	"0"	"34 389"
"Безработное население (в возрасте 15 лет и старше)(Человек)"	"3 квартал 2023 г."	"202309"	"АЛМАТИНСКАЯ ОБЛАСТЬ"	"0"	"Всего"	"0"	"Всего"	"0"	"Всего"	"0"	"Всего"	"0"	"34 438"
"Безработное население (в возрасте 15 лет и старше)(Человек)"	"4 квартал 2023 г."	"202312"	"АЛМАТИНСКАЯ ОБЛАСТЬ"	"0"	"Всего"	"0"	"Всего"	"0"	"Всего"	"0"	"Всего"	"0"	"34 401"
"Безработное население (в возрасте 15 лет и старше)(Человек)"	"2 квартал 2023 г."	"202306"	"АЛМАТИНСКАЯ ОБЛАСТЬ"	"0"	"Всего"	"0"	"Всего"	"0"	"Всего"	"0"	"Всего"	"0"	"34 367"
"Безработное население (в возрасте 15 лет и старше)(Человек)"	"1 квартал 2024 г."	"202403"	"АЛМАТИНСКАЯ ОБЛАСТЬ"	"0"	"Всего"	"0"	"Всего"	"0"	"Всего"	"0"	"Всего"	"0"	"34 844"
"Безработное население (в возрасте 15 лет и старше)(Человек)"	"2 квартал 2024 г."	"202406"	"АЛМАТИНСКАЯ ОБЛАСТЬ"	"0"	"Всего"	"0"	"Всего"	"0"	"Всего"	"0"	"Всего"	"0"	"35 087"
"Безработное население (в возрасте 15 лет и старше)(Человек)"	"3 квартал 2024 г."	"202409"	"АЛМАТИНСКАЯ ОБЛАСТЬ"	"0"	"Всего"	"0"	"Всего"	"0"	"Всего"	"0"	"Всего"	"0"	"35 299"
"Безработное население (в возрасте 15 лет и старше)(Человек)"	"4 квартал 2024 г."	"202412"	"АЛМАТИНСКАЯ ОБЛАСТЬ"	"0"	"Всего"	"0"	"Всего"	"0"	"Всего"	"0"	"Всего"	"0"	"35 484"
"Безработное население (в возрасте 15 лет и старше)(Человек)"	"1 квартал 2025 г."	"202503"	"АЛМАТИНСКАЯ ОБЛАСТЬ"	"0"	"Всего"	"0"	"Всего"	"0"	"Всего"	"0"	"Всего"	"0"	"35 705"
"Безработное население (в возрасте 15 лет и старше)(Человек)"	"2 квартал 2025 г."	"202506"	"АЛМАТИНСКАЯ ОБЛАСТЬ"	"0"	"Всего"	"0"	"Всего"	"0"	"Всего"	"0"	"Всего"	"0"	"35 687"
"Безработное население (в возрасте 15 лет и старше)(Человек)"	"2 квартал 2016 г."	"201606"	"АКТЮБИНСКАЯ ОБЛАСТЬ"	"0"	"Всего"	"0"	"Всего"	"0"	"Всего"	"0"	"Всего"	"0"	"20 826"
"Безработное население (в возрасте 15 лет и старше)(Человек)"	"2 квартал 2010 г."	"201006"	"АКТЮБИНСКАЯ ОБЛАСТЬ"	"0"	"Всего"	"0"	"Всего"	"0"	"Всего"	"0"	"Всего"	"0"	"21 906"
"Безработное население (в возрасте 15 лет и старше)(Человек)"	"3 квартал 2011 г."	"201109"	"АКТЮБИНСКАЯ ОБЛАСТЬ"	"0"	"Всего"	"0"	"Всего"	"0"	"Всего"	"0"	"Всего"	"0"	"20 724"
"Безработное население (в возрасте 15 лет и старше)(Человек)"	"1 квартал 2010 г."	"201003"	"АКТЮБИНСКАЯ ОБЛАСТЬ"	"0"	"Всего"	"0"	"Всего"	"0"	"Всего"	"0"	"Всего"	"0"	"23 011"
"Безработное население (в возрасте 15 лет и старше)(Человек)"	"1 квартал 2015 г."	"201503"	"АКТЮБИНСКАЯ ОБЛАСТЬ"	"0"	"Всего"	"0"	"Всего"	"0"	"Всего"	"0"	"Всего"	"0"	"21 516"
"Безработное население (в возрасте 15 лет и старше)(Человек)"	"2 квартал 2015 г."	"201506"	"АКТЮБИНСКАЯ ОБЛАСТЬ"	"0"	"Всего"	"0"	"Всего"	"0"	"Всего"	"0"	"Всего"	"0"	"20 897"
"Безработное население (в возрасте 15 лет и старше)(Человек)"	"1 квартал 2012 г."	"201203"	"АКТЮБИНСКАЯ ОБЛАСТЬ"	"0"	"Всего"	"0"	"Всего"	"0"	"Всего"	"0"	"Всего"	"0"	"21 406"
"Безработное население (в возрасте 15 лет и старше)(Человек)"	"2 квартал 2012 г."	"201206"	"АКТЮБИНСКАЯ ОБЛАСТЬ"	"0"	"Всего"	"0"	"Всего"	"0"	"Всего"	"0"	"Всего"	"0"	"21 482"
"Безработное население (в возрасте 15 лет и старше)(Человек)"	"4 квартал 2012 г."	"201212"	"АКТЮБИНСКАЯ ОБЛАСТЬ"	"0"	"Всего"	"0"	"Всего"	"0"	"Всего"	"0"	"Всего"	"0"	"21 445"
"Безработное население (в возрасте 15 лет и старше)(Человек)"	"4 квартал 2019 г."	"201912"	"АКТЮБИНСКАЯ ОБЛАСТЬ"	"0"	"Всего"	"0"	"Всего"	"0"	"Всего"	"0"	"Всего"	"0"	"20 919"
"Безработное население (в возрасте 15 лет и старше)(Человек)"	"4 квартал 2016 г."	"201612"	"АКТЮБИНСКАЯ ОБЛАСТЬ"	"0"	"Всего"	"0"	"Всего"	"0"	"Всего"	"0"	"Всего"	"0"	"20 648"
"Безработное население (в возрасте 15 лет и старше)(Человек)"	"3 квартал 2010 г."	"201009"	"АКТЮБИНСКАЯ ОБЛАСТЬ"	"0"	"Всего"	"0"	"Всего"	"0"	"Всего"	"0"	"Всего"	"0"	"20 435"
"Безработное население (в возрасте 15 лет и старше)(Человек)"	"1 квартал 2011 г."	"201103"	"АКТЮБИНСКАЯ ОБЛАСТЬ"	"0"	"Всего"	"0"	"Всего"	"0"	"Всего"	"0"	"Всего"	"0"	"19 936"
"Безработное население (в возрасте 15 лет и старше)(Человек)"	"2 квартал 2013 г."	"201306"	"АКТЮБИНСКАЯ ОБЛАСТЬ"	"0"	"Всего"	"0"	"Всего"	"0"	"Всего"	"0"	"Всего"	"0"	"21 231"
"Безработное население (в возрасте 15 лет и старше)(Человек)"	"4 квартал 2011 г."	"201112"	"АКТЮБИНСКАЯ ОБЛАСТЬ"	"0"	"Всего"	"0"	"Всего"	"0"	"Всего"	"0"	"Всего"	"0"	"21 118"
"Безработное население (в возрасте 15 лет и старше)(Человек)"	"3 квартал 2013 г."	"201309"	"АКТЮБИНСКАЯ ОБЛАСТЬ"	"0"	"Всего"	"0"	"Всего"	"0"	"Всего"	"0"	"Всего"	"0"	"21 306"
"Безработное население (в возрасте 15 лет и старше)(Человек)"	"1 квартал 2013 г."	"201303"	"АКТЮБИНСКАЯ ОБЛАСТЬ"	"0"	"Всего"	"0"	"Всего"	"0"	"Всего"	"0"	"Всего"	"0"	"21 535"
"Безработное население (в возрасте 15 лет и старше)(Человек)"	"4 квартал 2010 г."	"201012"	"АКТЮБИНСКАЯ ОБЛАСТЬ"	"0"	"Всего"	"0"	"Всего"	"0"	"Всего"	"0"	"Всего"	"0"	"20 180"
"Безработное население (в возрасте 15 лет и старше)(Человек)"	"2 квартал 2011 г."	"201106"	"АКТЮБИНСКАЯ ОБЛАСТЬ"	"0"	"Всего"	"0"	"Всего"	"0"	"Всего"	"0"	"Всего"	"0"	"19 037"
"Безработное население (в возрасте 15 лет и старше)(Человек)"	"3 квартал 2015 г."	"201509"	"АКТЮБИНСКАЯ ОБЛАСТЬ"	"0"	"Всего"	"0"	"Всего"	"0"	"Всего"	"0"	"Всего"	"0"	"21 218"
"Безработное население (в возрасте 15 лет и старше)(Человек)"	"4 квартал 2013 г."	"201312"	"АКТЮБИНСКАЯ ОБЛАСТЬ"	"0"	"Всего"	"0"	"Всего"	"0"	"Всего"	"0"	"Всего"	"0"	"21 190"
"Безработное население (в возрасте 15 лет и старше)(Человек)"	"3 квартал 2012 г."	"201209"	"АКТЮБИНСКАЯ ОБЛАСТЬ"	"0"	"Всего"	"0"	"Всего"	"0"	"Всего"	"0"	"Всего"	"0"	"21 480"
"Безработное население (в возрасте 15 лет и старше)(Человек)"	"2 квартал 2017 г."	"201706"	"АКТЮБИНСКАЯ ОБЛАСТЬ"	"0"	"Всего"	"0"	"Всего"	"0"	"Всего"	"0"	"Всего"	"0"	"20 535"
"Безработное население (в возрасте 15 лет и старше)(Человек)"	"1 квартал 2014 г."	"201403"	"АКТЮБИНСКАЯ ОБЛАСТЬ"	"0"	"Всего"	"0"	"Всего"	"0"	"Всего"	"0"	"Всего"	"0"	"21 471"
"Безработное население (в возрасте 15 лет и старше)(Человек)"	"3 квартал 2014 г."	"201409"	"АКТЮБИНСКАЯ ОБЛАСТЬ"	"0"	"Всего"	"0"	"Всего"	"0"	"Всего"	"0"	"Всего"	"0"	"21 327"
"Безработное население (в возрасте 15 лет и старше)(Человек)"	"2 квартал 2014 г."	"201406"	"АКТЮБИНСКАЯ ОБЛАСТЬ"	"0"	"Всего"	"0"	"Всего"	"0"	"Всего"	"0"	"Всего"	"0"	"21 333"
"Безработное население (в возрасте 15 лет и старше)(Человек)"	"4 квартал 2014 г."	"201412"	"АКТЮБИНСКАЯ ОБЛАСТЬ"	"0"	"Всего"	"0"	"Всего"	"0"	"Всего"	"0"	"Всего"	"0"	"21 174"
"Безработное население (в возрасте 15 лет и старше)(Человек)"	"3 квартал 2019 г."	"201909"	"АКТЮБИНСКАЯ ОБЛАСТЬ"	"0"	"Всего"	"0"	"Всего"	"0"	"Всего"	"0"	"Всего"	"0"	"21 005"
"Безработное население (в возрасте 15 лет и старше)(Человек)"	"4 квартал 2015 г."	"201512"	"АКТЮБИНСКАЯ ОБЛАСТЬ"	"0"	"Всего"	"0"	"Всего"	"0"	"Всего"	"0"	"Всего"	"0"	"21 797"
"Безработное население (в возрасте 15 лет и старше)(Человек)"	"4 квартал 2018 г."	"201812"	"АКТЮБИНСКАЯ ОБЛАСТЬ"	"0"	"Всего"	"0"	"Всего"	"0"	"Всего"	"0"	"Всего"	"0"	"20 577"
"Безработное население (в возрасте 15 лет и старше)(Человек)"	"4 квартал 2017 г."	"201712"	"АКТЮБИНСКАЯ ОБЛАСТЬ"	"0"	"Всего"	"0"	"Всего"	"0"	"Всего"	"0"	"Всего"	"0"	"20 964"
"Безработное население (в возрасте 15 лет и старше)(Человек)"	"1 квартал 2017 г."	"201703"	"АКТЮБИНСКАЯ ОБЛАСТЬ"	"0"	"Всего"	"0"	"Всего"	"0"	"Всего"	"0"	"Всего"	"0"	"20 487"
"Безработное население (в возрасте 15 лет и старше)(Человек)"	"2 квартал 2019 г."	"201906"	"АКТЮБИНСКАЯ ОБЛАСТЬ"	"0"	"Всего"	"0"	"Всего"	"0"	"Всего"	"0"	"Всего"	"0"	"20 878"
"Безработное население (в возрасте 15 лет и старше)(Человек)"	"1 квартал 2019 г."	"201903"	"АКТЮБИНСКАЯ ОБЛАСТЬ"	"0"	"Всего"	"0"	"Всего"	"0"	"Всего"	"0"	"Всего"	"0"	"20 890"
"Безработное население (в возрасте 15 лет и старше)(Человек)"	"1 квартал 2018 г."	"201803"	"АКТЮБИНСКАЯ ОБЛАСТЬ"	"0"	"Всего"	"0"	"Всего"	"0"	"Всего"	"0"	"Всего"	"0"	"20 884"
"Безработное население (в возрасте 15 лет и старше)(Человек)"	"3 квартал 2018 г."	"201809"	"АКТЮБИНСКАЯ ОБЛАСТЬ"	"0"	"Всего"	"0"	"Всего"	"0"	"Всего"	"0"	"Всего"	"0"	"20 631"
"Безработное население (в возрасте 15 лет и старше)(Человек)"	"1 квартал 2016 г."	"201603"	"АКТЮБИНСКАЯ ОБЛАСТЬ"	"0"	"Всего"	"0"	"Всего"	"0"	"Всего"	"0"	"Всего"	"0"	"20 174"
"Безработное население (в возрасте 15 лет и старше)(Человек)"	"3 квартал 2016 г."	"201609"	"АКТЮБИНСКАЯ ОБЛАСТЬ"	"0"	"Всего"	"0"	"Всего"	"0"	"Всего"	"0"	"Всего"	"0"	"21 159"
"Безработное население (в возрасте 15 лет и старше)(Человек)"	"3 квартал 2017 г."	"201709"	"АКТЮБИНСКАЯ ОБЛАСТЬ"	"0"	"Всего"	"0"	"Всего"	"0"	"Всего"	"0"	"Всего"	"0"	"20 923"
"Безработное население (в возрасте 15 лет и старше)(Человек)"	"2 квартал 2018 г."	"201806"	"АКТЮБИНСКАЯ ОБЛАСТЬ"	"0"	"Всего"	"0"	"Всего"	"0"	"Всего"	"0"	"Всего"	"0"	"20 890"
"Безработное население (в возрасте 15 лет и старше)(Человек)"	"1 квартал 2021 г."	"202103"	"АКТЮБИНСКАЯ ОБЛАСТЬ"	"0"	"Всего"	"0"	"Всего"	"0"	"Всего"	"0"	"Всего"	"0"	"21 029"
"Безработное население (в возрасте 15 лет и старше)(Человек)"	"2 квартал 2021 г."	"202106"	"АКТЮБИНСКАЯ ОБЛАСТЬ"	"0"	"Всего"	"0"	"Всего"	"0"	"Всего"	"0"	"Всего"	"0"	"21 062"
"Безработное население (в возрасте 15 лет и старше)(Человек)"	"3 квартал 2021 г."	"202109"	"АКТЮБИНСКАЯ ОБЛАСТЬ"	"0"	"Всего"	"0"	"Всего"	"0"	"Всего"	"0"	"Всего"	"0"	"21 036"
"Безработное население (в возрасте 15 лет и старше)(Человек)"	"3 квартал 2020 г."	"202009"	"АКТЮБИНСКАЯ ОБЛАСТЬ"	"0"	"Всего"	"0"	"Всего"	"0"	"Всего"	"0"	"Всего"	"0"	"20 966"
"Безработное население (в возрасте 15 лет и старше)(Человек)"	"4 квартал 2020 г."	"202012"	"АКТЮБИНСКАЯ ОБЛАСТЬ"	"0"	"Всего"	"0"	"Всего"	"0"	"Всего"	"0"	"Всего"	"0"	"20 910"
"Безработное население (в возрасте 15 лет и старше)(Человек)"	"4 квартал 2021 г."	"202112"	"АКТЮБИНСКАЯ ОБЛАСТЬ"	"0"	"Всего"	"0"	"Всего"	"0"	"Всего"	"0"	"Всего"	"0"	"21 341"
"Безработное население (в возрасте 15 лет и старше)(Человек)"	"1 квартал 2020 г."	"202003"	"АКТЮБИНСКАЯ ОБЛАСТЬ"	"0"	"Всего"	"0"	"Всего"	"0"	"Всего"	"0"	"Всего"	"0"	"20 919"
"Безработное население (в возрасте 15 лет и старше)(Человек)"	"2 квартал 2020 г."	"202006"	"АКТЮБИНСКАЯ ОБЛАСТЬ"	"0"	"Всего"	"0"	"Всего"	"0"	"Всего"	"0"	"Всего"	"0"	"21 408"
"Безработное население (в возрасте 15 лет и старше)(Человек)"	"2 квартал 2022 г."	"202206"	"АКТЮБИНСКАЯ ОБЛАСТЬ"	"0"	"Всего"	"0"	"Всего"	"0"	"Всего"	"0"	"Всего"	"0"	"21 214"
"Безработное население (в возрасте 15 лет и старше)(Человек)"	"1 квартал 2022 г."	"202203"	"АКТЮБИНСКАЯ ОБЛАСТЬ"	"0"	"Всего"	"0"	"Всего"	"0"	"Всего"	"0"	"Всего"	"0"	"21 339"
"Безработное население (в возрасте 15 лет и старше)(Человек)"	"4 квартал 2022 г."	"202212"	"АКТЮБИНСКАЯ ОБЛАСТЬ"	"0"	"Всего"	"0"	"Всего"	"0"	"Всего"	"0"	"Всего"	"0"	"21 156"
"Безработное население (в возрасте 15 лет и старше)(Человек)"	"3 квартал 2022 г."	"202209"	"АКТЮБИНСКАЯ ОБЛАСТЬ"	"0"	"Всего"	"0"	"Всего"	"0"	"Всего"	"0"	"Всего"	"0"	"21 389"
"Безработное население (в возрасте 15 лет и старше)(Человек)"	"1 квартал 2023 г."	"202303"	"АКТЮБИНСКАЯ ОБЛАСТЬ"	"0"	"Всего"	"0"	"Всего"	"0"	"Всего"	"0"	"Всего"	"0"	"21 526"
"Безработное население (в возрасте 15 лет и старше)(Человек)"	"3 квартал 2023 г."	"202309"	"АКТЮБИНСКАЯ ОБЛАСТЬ"	"0"	"Всего"	"0"	"Всего"	"0"	"Всего"	"0"	"Всего"	"0"	"21 772"
"Безработное население (в возрасте 15 лет и старше)(Человек)"	"4 квартал 2023 г."	"202312"	"АКТЮБИНСКАЯ ОБЛАСТЬ"	"0"	"Всего"	"0"	"Всего"	"0"	"Всего"	"0"	"Всего"	"0"	"21 436"
"Безработное население (в возрасте 15 лет и старше)(Человек)"	"2 квартал 2023 г."	"202306"	"АКТЮБИНСКАЯ ОБЛАСТЬ"	"0"	"Всего"	"0"	"Всего"	"0"	"Всего"	"0"	"Всего"	"0"	"21 891"
"Безработное население (в возрасте 15 лет и старше)(Человек)"	"1 квартал 2024 г."	"202403"	"АКТЮБИНСКАЯ ОБЛАСТЬ"	"0"	"Всего"	"0"	"Всего"	"0"	"Всего"	"0"	"Всего"	"0"	"21 819"
"Безработное население (в возрасте 15 лет и старше)(Человек)"	"2 квартал 2024 г."	"202406"	"АКТЮБИНСКАЯ ОБЛАСТЬ"	"0"	"Всего"	"0"	"Всего"	"0"	"Всего"	"0"	"Всего"	"0"	"22 755"
"Безработное население (в возрасте 15 лет и старше)(Человек)"	"3 квартал 2024 г."	"202409"	"АКТЮБИНСКАЯ ОБЛАСТЬ"	"0"	"Всего"	"0"	"Всего"	"0"	"Всего"	"0"	"Всего"	"0"	"22 681"
"Безработное население (в возрасте 15 лет и старше)(Человек)"	"4 квартал 2024 г."	"202412"	"АКТЮБИНСКАЯ ОБЛАСТЬ"	"0"	"Всего"	"0"	"Всего"	"0"	"Всего"	"0"	"Всего"	"0"	"22 468"
"Безработное население (в возрасте 15 лет и старше)(Человек)"	"1 квартал 2025 г."	"202503"	"АКТЮБИНСКАЯ ОБЛАСТЬ"	"0"	"Всего"	"0"	"Всего"	"0"	"Всего"	"0"	"Всего"	"0"	"23 035"
"Безработное население (в возрасте 15 лет и старше)(Человек)"	"2 квартал 2025 г."	"202506"	"АКТЮБИНСКАЯ ОБЛАСТЬ"	"0"	"Всего"	"0"	"Всего"	"0"	"Всего"	"0"	"Всего"	"0"	"22 647"
"Безработное население (в возрасте 15 лет и старше)(Человек)"	"2 квартал 2016 г."	"201606"	"АКМОЛИНСКАЯ ОБЛАСТЬ"	"0"	"Всего"	"0"	"Всего"	"0"	"Всего"	"0"	"Всего"	"0"	"21 309"
"Безработное население (в возрасте 15 лет и старше)(Человек)"	"2 квартал 2010 г."	"201006"	"АКМОЛИНСКАЯ ОБЛАСТЬ"	"0"	"Всего"	"0"	"Всего"	"0"	"Всего"	"0"	"Всего"	"0"	"25 612"
"Безработное население (в возрасте 15 лет и старше)(Человек)"	"3 квартал 2011 г."	"201109"	"АКМОЛИНСКАЯ ОБЛАСТЬ"	"0"	"Всего"	"0"	"Всего"	"0"	"Всего"	"0"	"Всего"	"0"	"23 787"
"Безработное население (в возрасте 15 лет и старше)(Человек)"	"1 квартал 2010 г."	"201003"	"АКМОЛИНСКАЯ ОБЛАСТЬ"	"0"	"Всего"	"0"	"Всего"	"0"	"Всего"	"0"	"Всего"	"0"	"26 852"
"Безработное население (в возрасте 15 лет и старше)(Человек)"	"1 квартал 2015 г."	"201503"	"АКМОЛИНСКАЯ ОБЛАСТЬ"	"0"	"Всего"	"0"	"Всего"	"0"	"Всего"	"0"	"Всего"	"0"	"21 956"
"Безработное население (в возрасте 15 лет и старше)(Человек)"	"2 квартал 2015 г."	"201506"	"АКМОЛИНСКАЯ ОБЛАСТЬ"	"0"	"Всего"	"0"	"Всего"	"0"	"Всего"	"0"	"Всего"	"0"	"21 906"
"Безработное население (в возрасте 15 лет и старше)(Человек)"	"1 квартал 2012 г."	"201203"	"АКМОЛИНСКАЯ ОБЛАСТЬ"	"0"	"Всего"	"0"	"Всего"	"0"	"Всего"	"0"	"Всего"	"0"	"23 584"
"Безработное население (в возрасте 15 лет и старше)(Человек)"	"2 квартал 2012 г."	"201206"	"АКМОЛИНСКАЯ ОБЛАСТЬ"	"0"	"Всего"	"0"	"Всего"	"0"	"Всего"	"0"	"Всего"	"0"	"23 140"
"Безработное население (в возрасте 15 лет и старше)(Человек)"	"4 квартал 2012 г."	"201212"	"АКМОЛИНСКАЯ ОБЛАСТЬ"	"0"	"Всего"	"0"	"Всего"	"0"	"Всего"	"0"	"Всего"	"0"	"23 348"
"Безработное население (в возрасте 15 лет и старше)(Человек)"	"4 квартал 2019 г."	"201912"	"АКМОЛИНСКАЯ ОБЛАСТЬ"	"0"	"Всего"	"0"	"Всего"	"0"	"Всего"	"0"	"Всего"	"0"	"20 015"
"Безработное население (в возрасте 15 лет и старше)(Человек)"	"4 квартал 2016 г."	"201612"	"АКМОЛИНСКАЯ ОБЛАСТЬ"	"0"	"Всего"	"0"	"Всего"	"0"	"Всего"	"0"	"Всего"	"0"	"21 141"
"Безработное население (в возрасте 15 лет и старше)(Человек)"	"3 квартал 2010 г."	"201009"	"АКМОЛИНСКАЯ ОБЛАСТЬ"	"0"	"Всего"	"0"	"Всего"	"0"	"Всего"	"0"	"Всего"	"0"	"24 524"
"Безработное население (в возрасте 15 лет и старше)(Человек)"	"1 квартал 2011 г."	"201103"	"АКМОЛИНСКАЯ ОБЛАСТЬ"	"0"	"Всего"	"0"	"Всего"	"0"	"Всего"	"0"	"Всего"	"0"	"24 804"
"Безработное население (в возрасте 15 лет и старше)(Человек)"	"2 квартал 2013 г."	"201306"	"АКМОЛИНСКАЯ ОБЛАСТЬ"	"0"	"Всего"	"0"	"Всего"	"0"	"Всего"	"0"	"Всего"	"0"	"23 033"
"Безработное население (в возрасте 15 лет и старше)(Человек)"	"4 квартал 2011 г."	"201112"	"АКМОЛИНСКАЯ ОБЛАСТЬ"	"0"	"Всего"	"0"	"Всего"	"0"	"Всего"	"0"	"Всего"	"0"	"24 182"
"Безработное население (в возрасте 15 лет и старше)(Человек)"	"3 квартал 2013 г."	"201309"	"АКМОЛИНСКАЯ ОБЛАСТЬ"	"0"	"Всего"	"0"	"Всего"	"0"	"Всего"	"0"	"Всего"	"0"	"23 497"
"Безработное население (в возрасте 15 лет и старше)(Человек)"	"1 квартал 2013 г."	"201303"	"АКМОЛИНСКАЯ ОБЛАСТЬ"	"0"	"Всего"	"0"	"Всего"	"0"	"Всего"	"0"	"Всего"	"0"	"22 868"
"Безработное население (в возрасте 15 лет и старше)(Человек)"	"4 квартал 2010 г."	"201012"	"АКМОЛИНСКАЯ ОБЛАСТЬ"	"0"	"Всего"	"0"	"Всего"	"0"	"Всего"	"0"	"Всего"	"0"	"24 944"
"Безработное население (в возрасте 15 лет и старше)(Человек)"	"2 квартал 2011 г."	"201106"	"АКМОЛИНСКАЯ ОБЛАСТЬ"	"0"	"Всего"	"0"	"Всего"	"0"	"Всего"	"0"	"Всего"	"0"	"24 300"
"Безработное население (в возрасте 15 лет и старше)(Человек)"	"3 квартал 2015 г."	"201509"	"АКМОЛИНСКАЯ ОБЛАСТЬ"	"0"	"Всего"	"0"	"Всего"	"0"	"Всего"	"0"	"Всего"	"0"	"21 299"
"Безработное население (в возрасте 15 лет и старше)(Человек)"	"4 квартал 2013 г."	"201312"	"АКМОЛИНСКАЯ ОБЛАСТЬ"	"0"	"Всего"	"0"	"Всего"	"0"	"Всего"	"0"	"Всего"	"0"	"22 995"
"Безработное население (в возрасте 15 лет и старше)(Человек)"	"3 квартал 2012 г."	"201209"	"АКМОЛИНСКАЯ ОБЛАСТЬ"	"0"	"Всего"	"0"	"Всего"	"0"	"Всего"	"0"	"Всего"	"0"	"23 404"
"Безработное население (в возрасте 15 лет и старше)(Человек)"	"2 квартал 2017 г."	"201706"	"АКМОЛИНСКАЯ ОБЛАСТЬ"	"0"	"Всего"	"0"	"Всего"	"0"	"Всего"	"0"	"Всего"	"0"	"20 468"
"Безработное население (в возрасте 15 лет и старше)(Человек)"	"1 квартал 2014 г."	"201403"	"АКМОЛИНСКАЯ ОБЛАСТЬ"	"0"	"Всего"	"0"	"Всего"	"0"	"Всего"	"0"	"Всего"	"0"	"23 282"
"Безработное население (в возрасте 15 лет и старше)(Человек)"	"3 квартал 2014 г."	"201409"	"АКМОЛИНСКАЯ ОБЛАСТЬ"	"0"	"Всего"	"0"	"Всего"	"0"	"Всего"	"0"	"Всего"	"0"	"22 168"
"Безработное население (в возрасте 15 лет и старше)(Человек)"	"2 квартал 2014 г."	"201406"	"АКМОЛИНСКАЯ ОБЛАСТЬ"	"0"	"Всего"	"0"	"Всего"	"0"	"Всего"	"0"	"Всего"	"0"	"22 351"
"Безработное население (в возрасте 15 лет и старше)(Человек)"	"4 квартал 2014 г."	"201412"	"АКМОЛИНСКАЯ ОБЛАСТЬ"	"0"	"Всего"	"0"	"Всего"	"0"	"Всего"	"0"	"Всего"	"0"	"21 631"
"Безработное население (в возрасте 15 лет и старше)(Человек)"	"3 квартал 2019 г."	"201909"	"АКМОЛИНСКАЯ ОБЛАСТЬ"	"0"	"Всего"	"0"	"Всего"	"0"	"Всего"	"0"	"Всего"	"0"	"20 088"
"Безработное население (в возрасте 15 лет и старше)(Человек)"	"4 квартал 2015 г."	"201512"	"АКМОЛИНСКАЯ ОБЛАСТЬ"	"0"	"Всего"	"0"	"Всего"	"0"	"Всего"	"0"	"Всего"	"0"	"22 124"
"Безработное население (в возрасте 15 лет и старше)(Человек)"	"4 квартал 2018 г."	"201812"	"АКМОЛИНСКАЯ ОБЛАСТЬ"	"0"	"Всего"	"0"	"Всего"	"0"	"Всего"	"0"	"Всего"	"0"	"20 343"
"Безработное население (в возрасте 15 лет и старше)(Человек)"	"4 квартал 2017 г."	"201712"	"АКМОЛИНСКАЯ ОБЛАСТЬ"	"0"	"Всего"	"0"	"Всего"	"0"	"Всего"	"0"	"Всего"	"0"	"20 555"
"Безработное население (в возрасте 15 лет и старше)(Человек)"	"1 квартал 2017 г."	"201703"	"АКМОЛИНСКАЯ ОБЛАСТЬ"	"0"	"Всего"	"0"	"Всего"	"0"	"Всего"	"0"	"Всего"	"0"	"21 094"
"Безработное население (в возрасте 15 лет и старше)(Человек)"	"2 квартал 2019 г."	"201906"	"АКМОЛИНСКАЯ ОБЛАСТЬ"	"0"	"Всего"	"0"	"Всего"	"0"	"Всего"	"0"	"Всего"	"0"	"20 161"
"Безработное население (в возрасте 15 лет и старше)(Человек)"	"1 квартал 2019 г."	"201903"	"АКМОЛИНСКАЯ ОБЛАСТЬ"	"0"	"Всего"	"0"	"Всего"	"0"	"Всего"	"0"	"Всего"	"0"	"20 384"
"Безработное население (в возрасте 15 лет и старше)(Человек)"	"1 квартал 2018 г."	"201803"	"АКМОЛИНСКАЯ ОБЛАСТЬ"	"0"	"Всего"	"0"	"Всего"	"0"	"Всего"	"0"	"Всего"	"0"	"20 369"
"Безработное население (в возрасте 15 лет и старше)(Человек)"	"3 квартал 2018 г."	"201809"	"АКМОЛИНСКАЯ ОБЛАСТЬ"	"0"	"Всего"	"0"	"Всего"	"0"	"Всего"	"0"	"Всего"	"0"	"20 334"
"Безработное население (в возрасте 15 лет и старше)(Человек)"	"1 квартал 2016 г."	"201603"	"АКМОЛИНСКАЯ ОБЛАСТЬ"	"0"	"Всего"	"0"	"Всего"	"0"	"Всего"	"0"	"Всего"	"0"	"22 247"
"Безработное население (в возрасте 15 лет и старше)(Человек)"	"3 квартал 2016 г."	"201609"	"АКМОЛИНСКАЯ ОБЛАСТЬ"	"0"	"Всего"	"0"	"Всего"	"0"	"Всего"	"0"	"Всего"	"0"	"21 417"
"Безработное население (в возрасте 15 лет и старше)(Человек)"	"3 квартал 2017 г."	"201709"	"АКМОЛИНСКАЯ ОБЛАСТЬ"	"0"	"Всего"	"0"	"Всего"	"0"	"Всего"	"0"	"Всего"	"0"	"20 400"
"Безработное население (в возрасте 15 лет и старше)(Человек)"	"2 квартал 2018 г."	"201806"	"АКМОЛИНСКАЯ ОБЛАСТЬ"	"0"	"Всего"	"0"	"Всего"	"0"	"Всего"	"0"	"Всего"	"0"	"20 269"
"Безработное население (в возрасте 15 лет и старше)(Человек)"	"1 квартал 2021 г."	"202103"	"АКМОЛИНСКАЯ ОБЛАСТЬ"	"0"	"Всего"	"0"	"Всего"	"0"	"Всего"	"0"	"Всего"	"0"	"20 658"
"Безработное население (в возрасте 15 лет и старше)(Человек)"	"2 квартал 2021 г."	"202106"	"АКМОЛИНСКАЯ ОБЛАСТЬ"	"0"	"Всего"	"0"	"Всего"	"0"	"Всего"	"0"	"Всего"	"0"	"20 548"
"Безработное население (в возрасте 15 лет и старше)(Человек)"	"3 квартал 2021 г."	"202109"	"АКМОЛИНСКАЯ ОБЛАСТЬ"	"0"	"Всего"	"0"	"Всего"	"0"	"Всего"	"0"	"Всего"	"0"	"20 190"
"Безработное население (в возрасте 15 лет и старше)(Человек)"	"3 квартал 2020 г."	"202009"	"АКМОЛИНСКАЯ ОБЛАСТЬ"	"0"	"Всего"	"0"	"Всего"	"0"	"Всего"	"0"	"Всего"	"0"	"20 238"
"Безработное население (в возрасте 15 лет и старше)(Человек)"	"4 квартал 2020 г."	"202012"	"АКМОЛИНСКАЯ ОБЛАСТЬ"	"0"	"Всего"	"0"	"Всего"	"0"	"Всего"	"0"	"Всего"	"0"	"20 641"
"Безработное население (в возрасте 15 лет и старше)(Человек)"	"4 квартал 2021 г."	"202112"	"АКМОЛИНСКАЯ ОБЛАСТЬ"	"0"	"Всего"	"0"	"Всего"	"0"	"Всего"	"0"	"Всего"	"0"	"20 140"
"Безработное население (в возрасте 15 лет и старше)(Человек)"	"1 квартал 2020 г."	"202003"	"АКМОЛИНСКАЯ ОБЛАСТЬ"	"0"	"Всего"	"0"	"Всего"	"0"	"Всего"	"0"	"Всего"	"0"	"19 922"
"Безработное население (в возрасте 15 лет и старше)(Человек)"	"2 квартал 2020 г."	"202006"	"АКМОЛИНСКАЯ ОБЛАСТЬ"	"0"	"Всего"	"0"	"Всего"	"0"	"Всего"	"0"	"Всего"	"0"	"20 647"
"Безработное население (в возрасте 15 лет и старше)(Человек)"	"2 квартал 2022 г."	"202206"	"АКМОЛИНСКАЯ ОБЛАСТЬ"	"0"	"Всего"	"0"	"Всего"	"0"	"Всего"	"0"	"Всего"	"0"	"20 276"
"Безработное население (в возрасте 15 лет и старше)(Человек)"	"1 квартал 2022 г."	"202203"	"АКМОЛИНСКАЯ ОБЛАСТЬ"	"0"	"Всего"	"0"	"Всего"	"0"	"Всего"	"0"	"Всего"	"0"	"19 660"
"Безработное население (в возрасте 15 лет и старше)(Человек)"	"4 квартал 2022 г."	"202212"	"АКМОЛИНСКАЯ ОБЛАСТЬ"	"0"	"Всего"	"0"	"Всего"	"0"	"Всего"	"0"	"Всего"	"0"	"21 221"
"Безработное население (в возрасте 15 лет и старше)(Человек)"	"3 квартал 2022 г."	"202209"	"АКМОЛИНСКАЯ ОБЛАСТЬ"	"0"	"Всего"	"0"	"Всего"	"0"	"Всего"	"0"	"Всего"	"0"	"20 135"
"Безработное население (в возрасте 15 лет и старше)(Человек)"	"1 квартал 2023 г."	"202303"	"АКМОЛИНСКАЯ ОБЛАСТЬ"	"0"	"Всего"	"0"	"Всего"	"0"	"Всего"	"0"	"Всего"	"0"	"20 236"
"Безработное население (в возрасте 15 лет и старше)(Человек)"	"3 квартал 2023 г."	"202309"	"АКМОЛИНСКАЯ ОБЛАСТЬ"	"0"	"Всего"	"0"	"Всего"	"0"	"Всего"	"0"	"Всего"	"0"	"20 627"
"Безработное население (в возрасте 15 лет и старше)(Человек)"	"4 квартал 2023 г."	"202312"	"АКМОЛИНСКАЯ ОБЛАСТЬ"	"0"	"Всего"	"0"	"Всего"	"0"	"Всего"	"0"	"Всего"	"0"	"20 042"
"Безработное население (в возрасте 15 лет и старше)(Человек)"	"2 квартал 2023 г."	"202306"	"АКМОЛИНСКАЯ ОБЛАСТЬ"	"0"	"Всего"	"0"	"Всего"	"0"	"Всего"	"0"	"Всего"	"0"	"20 387"
"Безработное население (в возрасте 15 лет и старше)(Человек)"	"1 квартал 2024 г."	"202403"	"АКМОЛИНСКАЯ ОБЛАСТЬ"	"0"	"Всего"	"0"	"Всего"	"0"	"Всего"	"0"	"Всего"	"0"	"20 186"
"Безработное население (в возрасте 15 лет и старше)(Человек)"	"2 квартал 2024 г."	"202406"	"АКМОЛИНСКАЯ ОБЛАСТЬ"	"0"	"Всего"	"0"	"Всего"	"0"	"Всего"	"0"	"Всего"	"0"	"19 576"
"Безработное население (в возрасте 15 лет и старше)(Человек)"	"3 квартал 2024 г."	"202409"	"АКМОЛИНСКАЯ ОБЛАСТЬ"	"0"	"Всего"	"0"	"Всего"	"0"	"Всего"	"0"	"Всего"	"0"	"18 974"
"Безработное население (в возрасте 15 лет и старше)(Человек)"	"4 квартал 2024 г."	"202412"	"АКМОЛИНСКАЯ ОБЛАСТЬ"	"0"	"Всего"	"0"	"Всего"	"0"	"Всего"	"0"	"Всего"	"0"	"19 318"
"Безработное население (в возрасте 15 лет и старше)(Человек)"	"1 квартал 2025 г."	"202503"	"АКМОЛИНСКАЯ ОБЛАСТЬ"	"0"	"Всего"	"0"	"Всего"	"0"	"Всего"	"0"	"Всего"	"0"	"19 432"
"Безработное население (в возрасте 15 лет и старше)(Человек)"	"2 квартал 2025 г."	"202506"	"АКМОЛИНСКАЯ ОБЛАСТЬ"	"0"	"Всего"	"0"	"Всего"	"0"	"Всего"	"0"	"Всего"	"0"	"18 851"
"Безработное население (в возрасте 15 лет и старше)(Человек)"	"2 квартал 2016 г."	"201606"	"РЕСПУБЛИКА КАЗАХСТАН"	"0"	"сельская местность"	"0"	"Всего"	"0"	"Всего"	"0"	"Всего"	"0"	"183 494"
"Безработное население (в возрасте 15 лет и старше)(Человек)"	"2 квартал 2010 г."	"201006"	"РЕСПУБЛИКА КАЗАХСТАН"	"0"	"сельская местность"	"0"	"Всего"	"0"	"Всего"	"0"	"Всего"	"0"	"218 029"
"Безработное население (в возрасте 15 лет и старше)(Человек)"	"3 квартал 2011 г."	"201109"	"РЕСПУБЛИКА КАЗАХСТАН"	"0"	"сельская местность"	"0"	"Всего"	"0"	"Всего"	"0"	"Всего"	"0"	"198 104"
"Безработное население (в возрасте 15 лет и старше)(Человек)"	"1 квартал 2010 г."	"201003"	"РЕСПУБЛИКА КАЗАХСТАН"	"0"	"сельская местность"	"0"	"Всего"	"0"	"Всего"	"0"	"Всего"	"0"	"226 033"
"Безработное население (в возрасте 15 лет и старше)(Человек)"	"1 квартал 2015 г."	"201503"	"РЕСПУБЛИКА КАЗАХСТАН"	"0"	"сельская местность"	"0"	"Всего"	"0"	"Всего"	"0"	"Всего"	"0"	"183 935"
"Безработное население (в возрасте 15 лет и старше)(Человек)"	"2 квартал 2015 г."	"201506"	"РЕСПУБЛИКА КАЗАХСТАН"	"0"	"сельская местность"	"0"	"Всего"	"0"	"Всего"	"0"	"Всего"	"0"	"187 162"
"Безработное население (в возрасте 15 лет и старше)(Человек)"	"1 квартал 2012 г."	"201203"	"РЕСПУБЛИКА КАЗАХСТАН"	"0"	"сельская местность"	"0"	"Всего"	"0"	"Всего"	"0"	"Всего"	"0"	"202 293"
"Безработное население (в возрасте 15 лет и старше)(Человек)"	"2 квартал 2012 г."	"201206"	"РЕСПУБЛИКА КАЗАХСТАН"	"0"	"сельская местность"	"0"	"Всего"	"0"	"Всего"	"0"	"Всего"	"0"	"204 089"
"Безработное население (в возрасте 15 лет и старше)(Человек)"	"4 квартал 2012 г."	"201212"	"РЕСПУБЛИКА КАЗАХСТАН"	"0"	"сельская местность"	"0"	"Всего"	"0"	"Всего"	"0"	"Всего"	"0"	"203 434"
"Безработное население (в возрасте 15 лет и старше)(Человек)"	"4 квартал 2019 г."	"201912"	"РЕСПУБЛИКА КАЗАХСТАН"	"0"	"сельская местность"	"0"	"Всего"	"0"	"Всего"	"0"	"Всего"	"0"	"182 382"
"Безработное население (в возрасте 15 лет и старше)(Человек)"	"4 квартал 2016 г."	"201612"	"РЕСПУБЛИКА КАЗАХСТАН"	"0"	"сельская местность"	"0"	"Всего"	"0"	"Всего"	"0"	"Всего"	"0"	"182 797"
"Безработное население (в возрасте 15 лет и старше)(Человек)"	"3 квартал 2010 г."	"201009"	"РЕСПУБЛИКА КАЗАХСТАН"	"0"	"сельская местность"	"0"	"Всего"	"0"	"Всего"	"0"	"Всего"	"0"	"206 906"
"Безработное население (в возрасте 15 лет и старше)(Человек)"	"1 квартал 2011 г."	"201103"	"РЕСПУБЛИКА КАЗАХСТАН"	"0"	"сельская местность"	"0"	"Всего"	"0"	"Всего"	"0"	"Всего"	"0"	"207 806"
"Безработное население (в возрасте 15 лет и старше)(Человек)"	"2 квартал 2013 г."	"201306"	"РЕСПУБЛИКА КАЗАХСТАН"	"0"	"сельская местность"	"0"	"Всего"	"0"	"Всего"	"0"	"Всего"	"0"	"200 503"
"Безработное население (в возрасте 15 лет и старше)(Человек)"	"4 квартал 2011 г."	"201112"	"РЕСПУБЛИКА КАЗАХСТАН"	"0"	"сельская местность"	"0"	"Всего"	"0"	"Всего"	"0"	"Всего"	"0"	"198 882"
"Безработное население (в возрасте 15 лет и старше)(Человек)"	"3 квартал 2013 г."	"201309"	"РЕСПУБЛИКА КАЗАХСТАН"	"0"	"сельская местность"	"0"	"Всего"	"0"	"Всего"	"0"	"Всего"	"0"	"201 407"
"Безработное население (в возрасте 15 лет и старше)(Человек)"	"1 квартал 2013 г."	"201303"	"РЕСПУБЛИКА КАЗАХСТАН"	"0"	"сельская местность"	"0"	"Всего"	"0"	"Всего"	"0"	"Всего"	"0"	"201 666"
"Безработное население (в возрасте 15 лет и старше)(Человек)"	"4 квартал 2010 г."	"201012"	"РЕСПУБЛИКА КАЗАХСТАН"	"0"	"сельская местность"	"0"	"Всего"	"0"	"Всего"	"0"	"Всего"	"0"	"206 108"
"Безработное население (в возрасте 15 лет и старше)(Человек)"	"2 квартал 2011 г."	"201106"	"РЕСПУБЛИКА КАЗАХСТАН"	"0"	"сельская местность"	"0"	"Всего"	"0"	"Всего"	"0"	"Всего"	"0"	"204 930"
"Безработное население (в возрасте 15 лет и старше)(Человек)"	"3 квартал 2015 г."	"201509"	"РЕСПУБЛИКА КАЗАХСТАН"	"0"	"сельская местность"	"0"	"Всего"	"0"	"Всего"	"0"	"Всего"	"0"	"186 151"
"Безработное население (в возрасте 15 лет и старше)(Человек)"	"4 квартал 2013 г."	"201312"	"РЕСПУБЛИКА КАЗАХСТАН"	"0"	"сельская местность"	"0"	"Всего"	"0"	"Всего"	"0"	"Всего"	"0"	"201 530"
"Безработное население (в возрасте 15 лет и старше)(Человек)"	"3 квартал 2012 г."	"201209"	"РЕСПУБЛИКА КАЗАХСТАН"	"0"	"сельская местность"	"0"	"Всего"	"0"	"Всего"	"0"	"Всего"	"0"	"203 913"
"Безработное население (в возрасте 15 лет и старше)(Человек)"	"2 квартал 2017 г."	"201706"	"РЕСПУБЛИКА КАЗАХСТАН"	"0"	"сельская местность"	"0"	"Всего"	"0"	"Всего"	"0"	"Всего"	"0"	"188 028"
"Безработное население (в возрасте 15 лет и старше)(Человек)"	"1 квартал 2014 г."	"201403"	"РЕСПУБЛИКА КАЗАХСТАН"	"0"	"сельская местность"	"0"	"Всего"	"0"	"Всего"	"0"	"Всего"	"0"	"195 955"
"Безработное население (в возрасте 15 лет и старше)(Человек)"	"3 квартал 2014 г."	"201409"	"РЕСПУБЛИКА КАЗАХСТАН"	"0"	"сельская местность"	"0"	"Всего"	"0"	"Всего"	"0"	"Всего"	"0"	"195 798"
"Безработное население (в возрасте 15 лет и старше)(Человек)"	"2 квартал 2014 г."	"201406"	"РЕСПУБЛИКА КАЗАХСТАН"	"0"	"сельская местность"	"0"	"Всего"	"0"	"Всего"	"0"	"Всего"	"0"	"195 547"
"Безработное население (в возрасте 15 лет и старше)(Человек)"	"4 квартал 2014 г."	"201412"	"РЕСПУБЛИКА КАЗАХСТАН"	"0"	"сельская местность"	"0"	"Всего"	"0"	"Всего"	"0"	"Всего"	"0"	"196 123"
"Безработное население (в возрасте 15 лет и старше)(Человек)"	"3 квартал 2019 г."	"201909"	"РЕСПУБЛИКА КАЗАХСТАН"	"0"	"сельская местность"	"0"	"Всего"	"0"	"Всего"	"0"	"Всего"	"0"	"180 055"
"Безработное население (в возрасте 15 лет и старше)(Человек)"	"4 квартал 2015 г."	"201512"	"РЕСПУБЛИКА КАЗАХСТАН"	"0"	"сельская местность"	"0"	"Всего"	"0"	"Всего"	"0"	"Всего"	"0"	"199 505"
"Безработное население (в возрасте 15 лет и старше)(Человек)"	"4 квартал 2018 г."	"201812"	"РЕСПУБЛИКА КАЗАХСТАН"	"0"	"сельская местность"	"0"	"Всего"	"0"	"Всего"	"0"	"Всего"	"0"	"186 107"
"Безработное население (в возрасте 15 лет и старше)(Человек)"	"4 квартал 2017 г."	"201712"	"РЕСПУБЛИКА КАЗАХСТАН"	"0"	"сельская местность"	"0"	"Всего"	"0"	"Всего"	"0"	"Всего"	"0"	"184 668"
"Безработное население (в возрасте 15 лет и старше)(Человек)"	"1 квартал 2017 г."	"201703"	"РЕСПУБЛИКА КАЗАХСТАН"	"0"	"сельская местность"	"0"	"Всего"	"0"	"Всего"	"0"	"Всего"	"0"	"178 753"
"Безработное население (в возрасте 15 лет и старше)(Человек)"	"2 квартал 2019 г."	"201906"	"РЕСПУБЛИКА КАЗАХСТАН"	"0"	"сельская местность"	"0"	"Всего"	"0"	"Всего"	"0"	"Всего"	"0"	"179 724"
"Безработное население (в возрасте 15 лет и старше)(Человек)"	"1 квартал 2019 г."	"201903"	"РЕСПУБЛИКА КАЗАХСТАН"	"0"	"сельская местность"	"0"	"Всего"	"0"	"Всего"	"0"	"Всего"	"0"	"179 921"
"Безработное население (в возрасте 15 лет и старше)(Человек)"	"1 квартал 2018 г."	"201803"	"РЕСПУБЛИКА КАЗАХСТАН"	"0"	"сельская местность"	"0"	"Всего"	"0"	"Всего"	"0"	"Всего"	"0"	"184 511"
"Безработное население (в возрасте 15 лет и старше)(Человек)"	"3 квартал 2018 г."	"201809"	"РЕСПУБЛИКА КАЗАХСТАН"	"0"	"сельская местность"	"0"	"Всего"	"0"	"Всего"	"0"	"Всего"	"0"	"187 182"
"Безработное население (в возрасте 15 лет и старше)(Человек)"	"1 квартал 2016 г."	"201603"	"РЕСПУБЛИКА КАЗАХСТАН"	"0"	"сельская местность"	"0"	"Всего"	"0"	"Всего"	"0"	"Всего"	"0"	"186 180"
"Безработное население (в возрасте 15 лет и старше)(Человек)"	"3 квартал 2016 г."	"201609"	"РЕСПУБЛИКА КАЗАХСТАН"	"0"	"сельская местность"	"0"	"Всего"	"0"	"Всего"	"0"	"Всего"	"0"	"181 180"
"Безработное население (в возрасте 15 лет и старше)(Человек)"	"3 квартал 2017 г."	"201709"	"РЕСПУБЛИКА КАЗАХСТАН"	"0"	"сельская местность"	"0"	"Всего"	"0"	"Всего"	"0"	"Всего"	"0"	"191 844"
"Безработное население (в возрасте 15 лет и старше)(Человек)"	"2 квартал 2018 г."	"201806"	"РЕСПУБЛИКА КАЗАХСТАН"	"0"	"сельская местность"	"0"	"Всего"	"0"	"Всего"	"0"	"Всего"	"0"	"185 357"
"Безработное население (в возрасте 15 лет и старше)(Человек)"	"1 квартал 2021 г."	"202103"	"РЕСПУБЛИКА КАЗАХСТАН"	"0"	"сельская местность"	"0"	"Всего"	"0"	"Всего"	"0"	"Всего"	"0"	"181 750"
"Безработное население (в возрасте 15 лет и старше)(Человек)"	"2 квартал 2021 г."	"202106"	"РЕСПУБЛИКА КАЗАХСТАН"	"0"	"сельская местность"	"0"	"Всего"	"0"	"Всего"	"0"	"Всего"	"0"	"180 459"
"Безработное население (в возрасте 15 лет и старше)(Человек)"	"3 квартал 2021 г."	"202109"	"РЕСПУБЛИКА КАЗАХСТАН"	"0"	"сельская местность"	"0"	"Всего"	"0"	"Всего"	"0"	"Всего"	"0"	"177 794"
"Безработное население (в возрасте 15 лет и старше)(Человек)"	"3 квартал 2020 г."	"202009"	"РЕСПУБЛИКА КАЗАХСТАН"	"0"	"сельская местность"	"0"	"Всего"	"0"	"Всего"	"0"	"Всего"	"0"	"175 708"
"Безработное население (в возрасте 15 лет и старше)(Человек)"	"4 квартал 2020 г."	"202012"	"РЕСПУБЛИКА КАЗАХСТАН"	"0"	"сельская местность"	"0"	"Всего"	"0"	"Всего"	"0"	"Всего"	"0"	"175 988"
"Безработное население (в возрасте 15 лет и старше)(Человек)"	"4 квартал 2021 г."	"202112"	"РЕСПУБЛИКА КАЗАХСТАН"	"0"	"сельская местность"	"0"	"Всего"	"0"	"Всего"	"0"	"Всего"	"0"	"176 783"
"Безработное население (в возрасте 15 лет и старше)(Человек)"	"1 квартал 2020 г."	"202003"	"РЕСПУБЛИКА КАЗАХСТАН"	"0"	"сельская местность"	"0"	"Всего"	"0"	"Всего"	"0"	"Всего"	"0"	"176 315"
"Безработное население (в возрасте 15 лет и старше)(Человек)"	"2 квартал 2020 г."	"202006"	"РЕСПУБЛИКА КАЗАХСТАН"	"0"	"сельская местность"	"0"	"Всего"	"0"	"Всего"	"0"	"Всего"	"0"	"174 735"
"Безработное население (в возрасте 15 лет и старше)(Человек)"	"2 квартал 2022 г."	"202206"	"РЕСПУБЛИКА КАЗАХСТАН"	"0"	"сельская местность"	"0"	"Всего"	"0"	"Всего"	"0"	"Всего"	"0"	"182 841"
"Безработное население (в возрасте 15 лет и старше)(Человек)"	"1 квартал 2022 г."	"202203"	"РЕСПУБЛИКА КАЗАХСТАН"	"0"	"сельская местность"	"0"	"Всего"	"0"	"Всего"	"0"	"Всего"	"0"	"176 894"
"Безработное население (в возрасте 15 лет и старше)(Человек)"	"4 квартал 2022 г."	"202212"	"РЕСПУБЛИКА КАЗАХСТАН"	"0"	"сельская местность"	"0"	"Всего"	"0"	"Всего"	"0"	"Всего"	"0"	"169 418"
"Безработное население (в возрасте 15 лет и старше)(Человек)"	"3 квартал 2022 г."	"202209"	"РЕСПУБЛИКА КАЗАХСТАН"	"0"	"сельская местность"	"0"	"Всего"	"0"	"Всего"	"0"	"Всего"	"0"	"179 129"
"Безработное население (в возрасте 15 лет и старше)(Человек)"	"1 квартал 2023 г."	"202303"	"РЕСПУБЛИКА КАЗАХСТАН"	"0"	"сельская местность"	"0"	"Всего"	"0"	"Всего"	"0"	"Всего"	"0"	"174 755"
"Безработное население (в возрасте 15 лет и старше)(Человек)"	"3 квартал 2023 г."	"202309"	"РЕСПУБЛИКА КАЗАХСТАН"	"0"	"сельская местность"	"0"	"Всего"	"0"	"Всего"	"0"	"Всего"	"0"	"170 746"
"Безработное население (в возрасте 15 лет и старше)(Человек)"	"4 квартал 2023 г."	"202312"	"РЕСПУБЛИКА КАЗАХСТАН"	"0"	"сельская местность"	"0"	"Всего"	"0"	"Всего"	"0"	"Всего"	"0"	"169 084"
"Безработное население (в возрасте 15 лет и старше)(Человек)"	"2 квартал 2023 г."	"202306"	"РЕСПУБЛИКА КАЗАХСТАН"	"0"	"сельская местность"	"0"	"Всего"	"0"	"Всего"	"0"	"Всего"	"0"	"171 944"
"Безработное население (в возрасте 15 лет и старше)(Человек)"	"1 квартал 2024 г."	"202403"	"РЕСПУБЛИКА КАЗАХСТАН"	"0"	"сельская местность"	"0"	"Всего"	"0"	"Всего"	"0"	"Всего"	"0"	"169 830"
"Безработное население (в возрасте 15 лет и старше)(Человек)"	"2 квартал 2024 г."	"202406"	"РЕСПУБЛИКА КАЗАХСТАН"	"0"	"сельская местность"	"0"	"Всего"	"0"	"Всего"	"0"	"Всего"	"0"	"169 906"
"Безработное население (в возрасте 15 лет и старше)(Человек)"	"3 квартал 2024 г."	"202409"	"РЕСПУБЛИКА КАЗАХСТАН"	"0"	"сельская местность"	"0"	"Всего"	"0"	"Всего"	"0"	"Всего"	"0"	"171 042"
"Безработное население (в возрасте 15 лет и старше)(Человек)"	"4 квартал 2024 г."	"202412"	"РЕСПУБЛИКА КАЗАХСТАН"	"0"	"сельская местность"	"0"	"Всего"	"0"	"Всего"	"0"	"Всего"	"0"	"171 517"
"Безработное население (в возрасте 15 лет и старше)(Человек)"	"1 квартал 2025 г."	"202503"	"РЕСПУБЛИКА КАЗАХСТАН"	"0"	"сельская местность"	"0"	"Всего"	"0"	"Всего"	"0"	"Всего"	"0"	"163 831"
"Безработное население (в возрасте 15 лет и старше)(Человек)"	"2 квартал 2025 г."	"202506"	"РЕСПУБЛИКА КАЗАХСТАН"	"0"	"сельская местность"	"0"	"Всего"	"0"	"Всего"	"0"	"Всего"	"0"	"164 740"
"Безработное население (в возрасте 15 лет и старше)(Человек)"	"2 квартал 2016 г."	"201606"	"РЕСПУБЛИКА КАЗАХСТАН"	"0"	"городская местность"	"0"	"Всего"	"0"	"Всего"	"0"	"Всего"	"0"	"263 881"
"Безработное население (в возрасте 15 лет и старше)(Человек)"	"2 квартал 2010 г."	"201006"	"РЕСПУБЛИКА КАЗАХСТАН"	"0"	"городская местность"	"0"	"Всего"	"0"	"Всего"	"0"	"Всего"	"0"	"285 849"
"Безработное население (в возрасте 15 лет и старше)(Человек)"	"3 квартал 2011 г."	"201109"	"РЕСПУБЛИКА КАЗАХСТАН"	"0"	"городская местность"	"0"	"Всего"	"0"	"Всего"	"0"	"Всего"	"0"	"274 236"
"Безработное население (в возрасте 15 лет и старше)(Человек)"	"1 квартал 2010 г."	"201003"	"РЕСПУБЛИКА КАЗАХСТАН"	"0"	"городская местность"	"0"	"Всего"	"0"	"Всего"	"0"	"Всего"	"0"	"300 179"
"Безработное население (в возрасте 15 лет и старше)(Человек)"	"1 квартал 2015 г."	"201503"	"РЕСПУБЛИКА КАЗАХСТАН"	"0"	"городская местность"	"0"	"Всего"	"0"	"Всего"	"0"	"Всего"	"0"	"263 421"
"Безработное население (в возрасте 15 лет и старше)(Человек)"	"2 квартал 2015 г."	"201506"	"РЕСПУБЛИКА КАЗАХСТАН"	"0"	"городская местность"	"0"	"Всего"	"0"	"Всего"	"0"	"Всего"	"0"	"261 351"
"Безработное население (в возрасте 15 лет и старше)(Человек)"	"1 квартал 2012 г."	"201203"	"РЕСПУБЛИКА КАЗАХСТАН"	"0"	"городская местность"	"0"	"Всего"	"0"	"Всего"	"0"	"Всего"	"0"	"276 248"
"Безработное население (в возрасте 15 лет и старше)(Человек)"	"2 квартал 2012 г."	"201206"	"РЕСПУБЛИКА КАЗАХСТАН"	"0"	"городская местность"	"0"	"Всего"	"0"	"Всего"	"0"	"Всего"	"0"	"268 964"
"Безработное население (в возрасте 15 лет и старше)(Человек)"	"4 квартал 2012 г."	"201212"	"РЕСПУБЛИКА КАЗАХСТАН"	"0"	"городская местность"	"0"	"Всего"	"0"	"Всего"	"0"	"Всего"	"0"	"271 384"
"Безработное население (в возрасте 15 лет и старше)(Человек)"	"4 квартал 2019 г."	"201912"	"РЕСПУБЛИКА КАЗАХСТАН"	"0"	"городская местность"	"0"	"Всего"	"0"	"Всего"	"0"	"Всего"	"0"	"259 044"
"Безработное население (в возрасте 15 лет и старше)(Человек)"	"4 квартал 2016 г."	"201612"	"РЕСПУБЛИКА КАЗАХСТАН"	"0"	"городская местность"	"0"	"Всего"	"0"	"Всего"	"0"	"Всего"	"0"	"258 486"
"Безработное население (в возрасте 15 лет и старше)(Человек)"	"3 квартал 2010 г."	"201009"	"РЕСПУБЛИКА КАЗАХСТАН"	"0"	"городская местность"	"0"	"Всего"	"0"	"Всего"	"0"	"Всего"	"0"	"274 740"
"Безработное население (в возрасте 15 лет и старше)(Человек)"	"1 квартал 2011 г."	"201103"	"РЕСПУБЛИКА КАЗАХСТАН"	"0"	"городская местность"	"0"	"Всего"	"0"	"Всего"	"0"	"Всего"	"0"	"268 089"
"Безработное население (в возрасте 15 лет и старше)(Человек)"	"2 квартал 2013 г."	"201306"	"РЕСПУБЛИКА КАЗАХСТАН"	"0"	"городская местность"	"0"	"Всего"	"0"	"Всего"	"0"	"Всего"	"0"	"268 749"
"Безработное население (в возрасте 15 лет и старше)(Человек)"	"4 квартал 2011 г."	"201112"	"РЕСПУБЛИКА КАЗАХСТАН"	"0"	"городская местность"	"0"	"Всего"	"0"	"Всего"	"0"	"Всего"	"0"	"278 406"
"Безработное население (в возрасте 15 лет и старше)(Человек)"	"3 квартал 2013 г."	"201309"	"РЕСПУБЛИКА КАЗАХСТАН"	"0"	"городская местность"	"0"	"Всего"	"0"	"Всего"	"0"	"Всего"	"0"	"266 939"
"Безработное население (в возрасте 15 лет и старше)(Человек)"	"1 квартал 2013 г."	"201303"	"РЕСПУБЛИКА КАЗАХСТАН"	"0"	"городская местность"	"0"	"Всего"	"0"	"Всего"	"0"	"Всего"	"0"	"272 796"
"Безработное население (в возрасте 15 лет и старше)(Человек)"	"4 квартал 2010 г."	"201012"	"РЕСПУБЛИКА КАЗАХСТАН"	"0"	"городская местность"	"0"	"Всего"	"0"	"Всего"	"0"	"Всего"	"0"	"268 579"
"Безработное население (в возрасте 15 лет и старше)(Человек)"	"2 квартал 2011 г."	"201106"	"РЕСПУБЛИКА КАЗАХСТАН"	"0"	"городская местность"	"0"	"Всего"	"0"	"Всего"	"0"	"Всего"	"0"	"262 078"
"Безработное население (в возрасте 15 лет и старше)(Человек)"	"3 квартал 2015 г."	"201509"	"РЕСПУБЛИКА КАЗАХСТАН"	"0"	"городская местность"	"0"	"Всего"	"0"	"Всего"	"0"	"Всего"	"0"	"257 678"
"Безработное население (в возрасте 15 лет и старше)(Человек)"	"4 квартал 2013 г."	"201312"	"РЕСПУБЛИКА КАЗАХСТАН"	"0"	"городская местность"	"0"	"Всего"	"0"	"Всего"	"0"	"Всего"	"0"	"264 859"
"Безработное население (в возрасте 15 лет и старше)(Человек)"	"3 квартал 2012 г."	"201209"	"РЕСПУБЛИКА КАЗАХСТАН"	"0"	"городская местность"	"0"	"Всего"	"0"	"Всего"	"0"	"Всего"	"0"	"268 864"
"Безработное население (в возрасте 15 лет и старше)(Человек)"	"2 квартал 2017 г."	"201706"	"РЕСПУБЛИКА КАЗАХСТАН"	"0"	"городская местность"	"0"	"Всего"	"0"	"Всего"	"0"	"Всего"	"0"	"251 260"
"Безработное население (в возрасте 15 лет и старше)(Человек)"	"1 квартал 2014 г."	"201403"	"РЕСПУБЛИКА КАЗАХСТАН"	"0"	"городская местность"	"0"	"Всего"	"0"	"Всего"	"0"	"Всего"	"0"	"268 062"
"Безработное население (в возрасте 15 лет и старше)(Человек)"	"3 квартал 2014 г."	"201409"	"РЕСПУБЛИКА КАЗАХСТАН"	"0"	"городская местность"	"0"	"Всего"	"0"	"Всего"	"0"	"Всего"	"0"	"262 264"
"Безработное население (в возрасте 15 лет и старше)(Человек)"	"2 квартал 2014 г."	"201406"	"РЕСПУБЛИКА КАЗАХСТАН"	"0"	"городская местность"	"0"	"Всего"	"0"	"Всего"	"0"	"Всего"	"0"	"265 429"
"Безработное население (в возрасте 15 лет и старше)(Человек)"	"4 квартал 2014 г."	"201412"	"РЕСПУБЛИКА КАЗАХСТАН"	"0"	"городская местность"	"0"	"Всего"	"0"	"Всего"	"0"	"Всего"	"0"	"262 453"
"Безработное население (в возрасте 15 лет и старше)(Человек)"	"3 квартал 2019 г."	"201909"	"РЕСПУБЛИКА КАЗАХСТАН"	"0"	"городская местность"	"0"	"Всего"	"0"	"Всего"	"0"	"Всего"	"0"	"262 053"
"Безработное население (в возрасте 15 лет и старше)(Человек)"	"4 квартал 2015 г."	"201512"	"РЕСПУБЛИКА КАЗАХСТАН"	"0"	"городская местность"	"0"	"Всего"	"0"	"Всего"	"0"	"Всего"	"0"	"251 531"
"Безработное население (в возрасте 15 лет и старше)(Человек)"	"4 квартал 2018 г."	"201812"	"РЕСПУБЛИКА КАЗАХСТАН"	"0"	"городская местность"	"0"	"Всего"	"0"	"Всего"	"0"	"Всего"	"0"	"255 786"
"Безработное население (в возрасте 15 лет и старше)(Человек)"	"4 квартал 2017 г."	"201712"	"РЕСПУБЛИКА КАЗАХСТАН"	"0"	"городская местность"	"0"	"Всего"	"0"	"Всего"	"0"	"Всего"	"0"	"254 631"
"Безработное население (в возрасте 15 лет и старше)(Человек)"	"1 квартал 2017 г."	"201703"	"РЕСПУБЛИКА КАЗАХСТАН"	"0"	"городская местность"	"0"	"Всего"	"0"	"Всего"	"0"	"Всего"	"0"	"260 451"
"Безработное население (в возрасте 15 лет и старше)(Человек)"	"2 квартал 2019 г."	"201906"	"РЕСПУБЛИКА КАЗАХСТАН"	"0"	"городская местность"	"0"	"Всего"	"0"	"Всего"	"0"	"Всего"	"0"	"262 080"
"Безработное население (в возрасте 15 лет и старше)(Человек)"	"1 квартал 2019 г."	"201903"	"РЕСПУБЛИКА КАЗАХСТАН"	"0"	"городская местность"	"0"	"Всего"	"0"	"Всего"	"0"	"Всего"	"0"	"262 945"
"Безработное население (в возрасте 15 лет и старше)(Человек)"	"1 квартал 2018 г."	"201803"	"РЕСПУБЛИКА КАЗАХСТАН"	"0"	"городская местность"	"0"	"Всего"	"0"	"Всего"	"0"	"Всего"	"0"	"253 335"
"Безработное население (в возрасте 15 лет и старше)(Человек)"	"3 квартал 2018 г."	"201809"	"РЕСПУБЛИКА КАЗАХСТАН"	"0"	"городская местность"	"0"	"Всего"	"0"	"Всего"	"0"	"Всего"	"0"	"254 382"
"Безработное население (в возрасте 15 лет и старше)(Человек)"	"1 квартал 2016 г."	"201603"	"РЕСПУБЛИКА КАЗАХСТАН"	"0"	"городская местность"	"0"	"Всего"	"0"	"Всего"	"0"	"Всего"	"0"	"260 801"
"Безработное население (в возрасте 15 лет и старше)(Человек)"	"3 квартал 2016 г."	"201609"	"РЕСПУБЛИКА КАЗАХСТАН"	"0"	"городская местность"	"0"	"Всего"	"0"	"Всего"	"0"	"Всего"	"0"	"263 549"
"Безработное население (в возрасте 15 лет и старше)(Человек)"	"3 квартал 2017 г."	"201709"	"РЕСПУБЛИКА КАЗАХСТАН"	"0"	"городская местность"	"0"	"Всего"	"0"	"Всего"	"0"	"Всего"	"0"	"249 164"
"Безработное население (в возрасте 15 лет и старше)(Человек)"	"2 квартал 2018 г."	"201806"	"РЕСПУБЛИКА КАЗАХСТАН"	"0"	"городская местность"	"0"	"Всего"	"0"	"Всего"	"0"	"Всего"	"0"	"256 068"
"Безработное население (в возрасте 15 лет и старше)(Человек)"	"1 квартал 2021 г."	"202103"	"РЕСПУБЛИКА КАЗАХСТАН"	"0"	"городская местность"	"0"	"Всего"	"0"	"Всего"	"0"	"Всего"	"0"	"269 521"
"Безработное население (в возрасте 15 лет и старше)(Человек)"	"2 квартал 2021 г."	"202106"	"РЕСПУБЛИКА КАЗАХСТАН"	"0"	"городская местность"	"0"	"Всего"	"0"	"Всего"	"0"	"Всего"	"0"	"270 900"
"Безработное население (в возрасте 15 лет и старше)(Человек)"	"3 квартал 2021 г."	"202109"	"РЕСПУБЛИКА КАЗАХСТАН"	"0"	"городская местность"	"0"	"Всего"	"0"	"Всего"	"0"	"Всего"	"0"	"272 959"
"Безработное население (в возрасте 15 лет и старше)(Человек)"	"3 квартал 2020 г."	"202009"	"РЕСПУБЛИКА КАЗАХСТАН"	"0"	"городская местность"	"0"	"Всего"	"0"	"Всего"	"0"	"Всего"	"0"	"279 041"
"Безработное население (в возрасте 15 лет и старше)(Человек)"	"4 квартал 2020 г."	"202012"	"РЕСПУБЛИКА КАЗАХСТАН"	"0"	"городская местность"	"0"	"Всего"	"0"	"Всего"	"0"	"Всего"	"0"	"276 998"
"Безработное население (в возрасте 15 лет и старше)(Человек)"	"4 квартал 2021 г."	"202112"	"РЕСПУБЛИКА КАЗАХСТАН"	"0"	"городская местность"	"0"	"Всего"	"0"	"Всего"	"0"	"Всего"	"0"	"273 624"
"Безработное население (в возрасте 15 лет и старше)(Человек)"	"1 квартал 2020 г."	"202003"	"РЕСПУБЛИКА КАЗАХСТАН"	"0"	"городская местность"	"0"	"Всего"	"0"	"Всего"	"0"	"Всего"	"0"	"266 094"
"Безработное население (в возрасте 15 лет и старше)(Человек)"	"2 квартал 2020 г."	"202006"	"РЕСПУБЛИКА КАЗАХСТАН"	"0"	"городская местность"	"0"	"Всего"	"0"	"Всего"	"0"	"Всего"	"0"	"279 236"
"Безработное население (в возрасте 15 лет и старше)(Человек)"	"2 квартал 2022 г."	"202206"	"РЕСПУБЛИКА КАЗАХСТАН"	"0"	"городская местность"	"0"	"Всего"	"0"	"Всего"	"0"	"Всего"	"0"	"269 110"
"Безработное население (в возрасте 15 лет и старше)(Человек)"	"1 квартал 2022 г."	"202203"	"РЕСПУБЛИКА КАЗАХСТАН"	"0"	"городская местность"	"0"	"Всего"	"0"	"Всего"	"0"	"Всего"	"0"	"276 240"
"Безработное население (в возрасте 15 лет и старше)(Человек)"	"4 квартал 2022 г."	"202212"	"РЕСПУБЛИКА КАЗАХСТАН"	"0"	"городская местность"	"0"	"Всего"	"0"	"Всего"	"0"	"Всего"	"0"	"286 631"
"Безработное население (в возрасте 15 лет и старше)(Человек)"	"3 квартал 2022 г."	"202209"	"РЕСПУБЛИКА КАЗАХСТАН"	"0"	"городская местность"	"0"	"Всего"	"0"	"Всего"	"0"	"Всего"	"0"	"271 176"
"Безработное население (в возрасте 15 лет и старше)(Человек)"	"1 квартал 2023 г."	"202303"	"РЕСПУБЛИКА КАЗАХСТАН"	"0"	"городская местность"	"0"	"Всего"	"0"	"Всего"	"0"	"Всего"	"0"	"278 698"
"Безработное население (в возрасте 15 лет и старше)(Человек)"	"3 квартал 2023 г."	"202309"	"РЕСПУБЛИКА КАЗАХСТАН"	"0"	"городская местность"	"0"	"Всего"	"0"	"Всего"	"0"	"Всего"	"0"	"280 740"
"Безработное население (в возрасте 15 лет и старше)(Человек)"	"4 квартал 2023 г."	"202312"	"РЕСПУБЛИКА КАЗАХСТАН"	"0"	"городская местность"	"0"	"Всего"	"0"	"Всего"	"0"	"Всего"	"0"	"276 802"
"Безработное население (в возрасте 15 лет и старше)(Человек)"	"2 квартал 2023 г."	"202306"	"РЕСПУБЛИКА КАЗАХСТАН"	"0"	"городская местность"	"0"	"Всего"	"0"	"Всего"	"0"	"Всего"	"0"	"280 699"
"Безработное население (в возрасте 15 лет и старше)(Человек)"	"1 квартал 2024 г."	"202403"	"РЕСПУБЛИКА КАЗАХСТАН"	"0"	"городская местность"	"0"	"Всего"	"0"	"Всего"	"0"	"Всего"	"0"	"282 839"
"Безработное население (в возрасте 15 лет и старше)(Человек)"	"2 квартал 2024 г."	"202406"	"РЕСПУБЛИКА КАЗАХСТАН"	"0"	"городская местность"	"0"	"Всего"	"0"	"Всего"	"0"	"Всего"	"0"	"281 115"
"Безработное население (в возрасте 15 лет и старше)(Человек)"	"3 квартал 2024 г."	"202409"	"РЕСПУБЛИКА КАЗАХСТАН"	"0"	"городская местность"	"0"	"Всего"	"0"	"Всего"	"0"	"Всего"	"0"	"277 510"
"Безработное население (в возрасте 15 лет и старше)(Человек)"	"4 квартал 2024 г."	"202412"	"РЕСПУБЛИКА КАЗАХСТАН"	"0"	"городская местность"	"0"	"Всего"	"0"	"Всего"	"0"	"Всего"	"0"	"276 731"
"Безработное население (в возрасте 15 лет и старше)(Человек)"	"1 квартал 2025 г."	"202503"	"РЕСПУБЛИКА КАЗАХСТАН"	"0"	"городская местность"	"0"	"Всего"	"0"	"Всего"	"0"	"Всего"	"0"	"287 684"
"Безработное население (в возрасте 15 лет и старше)(Человек)"	"2 квартал 2025 г."	"202506"	"РЕСПУБЛИКА КАЗАХСТАН"	"0"	"городская местность"	"0"	"Всего"	"0"	"Всего"	"0"	"Всего"	"0"	"284 051"
"Безработное население (в возрасте 15 лет и старше)(Человек)"	"2 квартал 2016 г."	"201606"	"РЕСПУБЛИКА КАЗАХСТАН"	"0"	"Всего"	"0"	"Всего"	"0"	"Всего"	"0"	"Всего"	"0"	"447 375"
"Безработное население (в возрасте 15 лет и старше)(Человек)"	"2 квартал 2010 г."	"201006"	"РЕСПУБЛИКА КАЗАХСТАН"	"0"	"Всего"	"0"	"Всего"	"0"	"Всего"	"0"	"Всего"	"0"	"503 878"
"Безработное население (в возрасте 15 лет и старше)(Человек)"	"3 квартал 2011 г."	"201109"	"РЕСПУБЛИКА КАЗАХСТАН"	"0"	"Всего"	"0"	"Всего"	"0"	"Всего"	"0"	"Всего"	"0"	"472 340"
"Безработное население (в возрасте 15 лет и старше)(Человек)"	"1 квартал 2010 г."	"201003"	"РЕСПУБЛИКА КАЗАХСТАН"	"0"	"Всего"	"0"	"Всего"	"0"	"Всего"	"0"	"Всего"	"0"	"526 212"
"Безработное население (в возрасте 15 лет и старше)(Человек)"	"1 квартал 2015 г."	"201503"	"РЕСПУБЛИКА КАЗАХСТАН"	"0"	"Всего"	"0"	"Всего"	"0"	"Всего"	"0"	"Всего"	"0"	"447 356"
"Безработное население (в возрасте 15 лет и старше)(Человек)"	"2 квартал 2015 г."	"201506"	"РЕСПУБЛИКА КАЗАХСТАН"	"0"	"Всего"	"0"	"Всего"	"0"	"Всего"	"0"	"Всего"	"0"	"448 513"
"Безработное население (в возрасте 15 лет и старше)(Человек)"	"1 квартал 2012 г."	"201203"	"РЕСПУБЛИКА КАЗАХСТАН"	"0"	"Всего"	"0"	"Всего"	"0"	"Всего"	"0"	"Всего"	"0"	"478 541"
"Безработное население (в возрасте 15 лет и старше)(Человек)"	"2 квартал 2012 г."	"201206"	"РЕСПУБЛИКА КАЗАХСТАН"	"0"	"Всего"	"0"	"Всего"	"0"	"Всего"	"0"	"Всего"	"0"	"473 053"
"Безработное население (в возрасте 15 лет и старше)(Человек)"	"4 квартал 2012 г."	"201212"	"РЕСПУБЛИКА КАЗАХСТАН"	"0"	"Всего"	"0"	"Всего"	"0"	"Всего"	"0"	"Всего"	"0"	"474 818"
"Безработное население (в возрасте 15 лет и старше)(Человек)"	"4 квартал 2019 г."	"201912"	"РЕСПУБЛИКА КАЗАХСТАН"	"0"	"Всего"	"0"	"Всего"	"0"	"Всего"	"0"	"Всего"	"0"	"441 426"
"Безработное население (в возрасте 15 лет и старше)(Человек)"	"4 квартал 2016 г."	"201612"	"РЕСПУБЛИКА КАЗАХСТАН"	"0"	"Всего"	"0"	"Всего"	"0"	"Всего"	"0"	"Всего"	"0"	"441 283"
"Безработное население (в возрасте 15 лет и старше)(Человек)"	"3 квартал 2010 г."	"201009"	"РЕСПУБЛИКА КАЗАХСТАН"	"0"	"Всего"	"0"	"Всего"	"0"	"Всего"	"0"	"Всего"	"0"	"481 646"
"Безработное население (в возрасте 15 лет и старше)(Человек)"	"1 квартал 2011 г."	"201103"	"РЕСПУБЛИКА КАЗАХСТАН"	"0"	"Всего"	"0"	"Всего"	"0"	"Всего"	"0"	"Всего"	"0"	"475 895"
"Безработное население (в возрасте 15 лет и старше)(Человек)"	"2 квартал 2013 г."	"201306"	"РЕСПУБЛИКА КАЗАХСТАН"	"0"	"Всего"	"0"	"Всего"	"0"	"Всего"	"0"	"Всего"	"0"	"469 252"
"Безработное население (в возрасте 15 лет и старше)(Человек)"	"4 квартал 2011 г."	"201112"	"РЕСПУБЛИКА КАЗАХСТАН"	"0"	"Всего"	"0"	"Всего"	"0"	"Всего"	"0"	"Всего"	"0"	"477 288"
"Безработное население (в возрасте 15 лет и старше)(Человек)"	"3 квартал 2013 г."	"201309"	"РЕСПУБЛИКА КАЗАХСТАН"	"0"	"Всего"	"0"	"Всего"	"0"	"Всего"	"0"	"Всего"	"0"	"468 346"
"Безработное население (в возрасте 15 лет и старше)(Человек)"	"1 квартал 2013 г."	"201303"	"РЕСПУБЛИКА КАЗАХСТАН"	"0"	"Всего"	"0"	"Всего"	"0"	"Всего"	"0"	"Всего"	"0"	"474 462"
"Безработное население (в возрасте 15 лет и старше)(Человек)"	"4 квартал 2010 г."	"201012"	"РЕСПУБЛИКА КАЗАХСТАН"	"0"	"Всего"	"0"	"Всего"	"0"	"Всего"	"0"	"Всего"	"0"	"474 687"
"Безработное население (в возрасте 15 лет и старше)(Человек)"	"2 квартал 2011 г."	"201106"	"РЕСПУБЛИКА КАЗАХСТАН"	"0"	"Всего"	"0"	"Всего"	"0"	"Всего"	"0"	"Всего"	"0"	"467 008"
"Безработное население (в возрасте 15 лет и старше)(Человек)"	"3 квартал 2015 г."	"201509"	"РЕСПУБЛИКА КАЗАХСТАН"	"0"	"Всего"	"0"	"Всего"	"0"	"Всего"	"0"	"Всего"	"0"	"443 829"
"Безработное население (в возрасте 15 лет и старше)(Человек)"	"4 квартал 2013 г."	"201312"	"РЕСПУБЛИКА КАЗАХСТАН"	"0"	"Всего"	"0"	"Всего"	"0"	"Всего"	"0"	"Всего"	"0"	"466 389"
"Безработное население (в возрасте 15 лет и старше)(Человек)"	"3 квартал 2012 г."	"201209"	"РЕСПУБЛИКА КАЗАХСТАН"	"0"	"Всего"	"0"	"Всего"	"0"	"Всего"	"0"	"Всего"	"0"	"472 777"
"Безработное население (в возрасте 15 лет и старше)(Человек)"	"2 квартал 2017 г."	"201706"	"РЕСПУБЛИКА КАЗАХСТАН"	"0"	"Всего"	"0"	"Всего"	"0"	"Всего"	"0"	"Всего"	"0"	"439 288"
"Безработное население (в возрасте 15 лет и старше)(Человек)"	"1 квартал 2014 г."	"201403"	"РЕСПУБЛИКА КАЗАХСТАН"	"0"	"Всего"	"0"	"Всего"	"0"	"Всего"	"0"	"Всего"	"0"	"464 017"
"Безработное население (в возрасте 15 лет и старше)(Человек)"	"3 квартал 2014 г."	"201409"	"РЕСПУБЛИКА КАЗАХСТАН"	"0"	"Всего"	"0"	"Всего"	"0"	"Всего"	"0"	"Всего"	"0"	"458 062"
"Безработное население (в возрасте 15 лет и старше)(Человек)"	"2 квартал 2014 г."	"201406"	"РЕСПУБЛИКА КАЗАХСТАН"	"0"	"Всего"	"0"	"Всего"	"0"	"Всего"	"0"	"Всего"	"0"	"460 976"
"Безработное население (в возрасте 15 лет и старше)(Человек)"	"4 квартал 2014 г."	"201412"	"РЕСПУБЛИКА КАЗАХСТАН"	"0"	"Всего"	"0"	"Всего"	"0"	"Всего"	"0"	"Всего"	"0"	"458 576"
"Безработное население (в возрасте 15 лет и старше)(Человек)"	"3 квартал 2019 г."	"201909"	"РЕСПУБЛИКА КАЗАХСТАН"	"0"	"Всего"	"0"	"Всего"	"0"	"Всего"	"0"	"Всего"	"0"	"442 108"
"Безработное население (в возрасте 15 лет и старше)(Человек)"	"4 квартал 2015 г."	"201512"	"РЕСПУБЛИКА КАЗАХСТАН"	"0"	"Всего"	"0"	"Всего"	"0"	"Всего"	"0"	"Всего"	"0"	"451 036"
"Безработное население (в возрасте 15 лет и старше)(Человек)"	"4 квартал 2018 г."	"201812"	"РЕСПУБЛИКА КАЗАХСТАН"	"0"	"Всего"	"0"	"Всего"	"0"	"Всего"	"0"	"Всего"	"0"	"441 893"
"Безработное население (в возрасте 15 лет и старше)(Человек)"	"4 квартал 2017 г."	"201712"	"РЕСПУБЛИКА КАЗАХСТАН"	"0"	"Всего"	"0"	"Всего"	"0"	"Всего"	"0"	"Всего"	"0"	"439 299"
"Безработное население (в возрасте 15 лет и старше)(Человек)"	"1 квартал 2017 г."	"201703"	"РЕСПУБЛИКА КАЗАХСТАН"	"0"	"Всего"	"0"	"Всего"	"0"	"Всего"	"0"	"Всего"	"0"	"439 204"
"Безработное население (в возрасте 15 лет и старше)(Человек)"	"2 квартал 2019 г."	"201906"	"РЕСПУБЛИКА КАЗАХСТАН"	"0"	"Всего"	"0"	"Всего"	"0"	"Всего"	"0"	"Всего"	"0"	"441 804"
"Безработное население (в возрасте 15 лет и старше)(Человек)"	"1 квартал 2019 г."	"201903"	"РЕСПУБЛИКА КАЗАХСТАН"	"0"	"Всего"	"0"	"Всего"	"0"	"Всего"	"0"	"Всего"	"0"	"442 866"
"Безработное население (в возрасте 15 лет и старше)(Человек)"	"1 квартал 2018 г."	"201803"	"РЕСПУБЛИКА КАЗАХСТАН"	"0"	"Всего"	"0"	"Всего"	"0"	"Всего"	"0"	"Всего"	"0"	"437 846"
"Безработное население (в возрасте 15 лет и старше)(Человек)"	"3 квартал 2018 г."	"201809"	"РЕСПУБЛИКА КАЗАХСТАН"	"0"	"Всего"	"0"	"Всего"	"0"	"Всего"	"0"	"Всего"	"0"	"441 564"
"Безработное население (в возрасте 15 лет и старше)(Человек)"	"1 квартал 2016 г."	"201603"	"РЕСПУБЛИКА КАЗАХСТАН"	"0"	"Всего"	"0"	"Всего"	"0"	"Всего"	"0"	"Всего"	"0"	"446 981"
"Безработное население (в возрасте 15 лет и старше)(Человек)"	"3 квартал 2016 г."	"201609"	"РЕСПУБЛИКА КАЗАХСТАН"	"0"	"Всего"	"0"	"Всего"	"0"	"Всего"	"0"	"Всего"	"0"	"444 729"
"Безработное население (в возрасте 15 лет и старше)(Человек)"	"3 квартал 2017 г."	"201709"	"РЕСПУБЛИКА КАЗАХСТАН"	"0"	"Всего"	"0"	"Всего"	"0"	"Всего"	"0"	"Всего"	"0"	"441 008"
"Безработное население (в возрасте 15 лет и старше)(Человек)"	"2 квартал 2018 г."	"201806"	"РЕСПУБЛИКА КАЗАХСТАН"	"0"	"Всего"	"0"	"Всего"	"0"	"Всего"	"0"	"Всего"	"0"	"441 425"
"Безработное население (в возрасте 15 лет и старше)(Человек)"	"1 квартал 2021 г."	"202103"	"РЕСПУБЛИКА КАЗАХСТАН"	"0"	"Всего"	"0"	"Всего"	"0"	"Всего"	"0"	"Всего"	"0"	"451 271"
"Безработное население (в возрасте 15 лет и старше)(Человек)"	"2 квартал 2021 г."	"202106"	"РЕСПУБЛИКА КАЗАХСТАН"	"0"	"Всего"	"0"	"Всего"	"0"	"Всего"	"0"	"Всего"	"0"	"451 359"
"Безработное население (в возрасте 15 лет и старше)(Человек)"	"3 квартал 2021 г."	"202109"	"РЕСПУБЛИКА КАЗАХСТАН"	"0"	"Всего"	"0"	"Всего"	"0"	"Всего"	"0"	"Всего"	"0"	"450 753"
"Безработное население (в возрасте 15 лет и старше)(Человек)"	"3 квартал 2020 г."	"202009"	"РЕСПУБЛИКА КАЗАХСТАН"	"0"	"Всего"	"0"	"Всего"	"0"	"Всего"	"0"	"Всего"	"0"	"454 749"
"Безработное население (в возрасте 15 лет и старше)(Человек)"	"4 квартал 2020 г."	"202012"	"РЕСПУБЛИКА КАЗАХСТАН"	"0"	"Всего"	"0"	"Всего"	"0"	"Всего"	"0"	"Всего"	"0"	"452 986"
"Безработное население (в возрасте 15 лет и старше)(Человек)"	"4 квартал 2021 г."	"202112"	"РЕСПУБЛИКА КАЗАХСТАН"	"0"	"Всего"	"0"	"Всего"	"0"	"Всего"	"0"	"Всего"	"0"	"450 407"
"Безработное население (в возрасте 15 лет и старше)(Человек)"	"1 квартал 2020 г."	"202003"	"РЕСПУБЛИКА КАЗАХСТАН"	"0"	"Всего"	"0"	"Всего"	"0"	"Всего"	"0"	"Всего"	"0"	"442 409"
"Безработное население (в возрасте 15 лет и старше)(Человек)"	"2 квартал 2020 г."	"202006"	"РЕСПУБЛИКА КАЗАХСТАН"	"0"	"Всего"	"0"	"Всего"	"0"	"Всего"	"0"	"Всего"	"0"	"453 971"
"Безработное население (в возрасте 15 лет и старше)(Человек)"	"2 квартал 2022 г."	"202206"	"РЕСПУБЛИКА КАЗАХСТАН"	"0"	"Всего"	"0"	"Всего"	"0"	"Всего"	"0"	"Всего"	"0"	"451 951"
"Безработное население (в возрасте 15 лет и старше)(Человек)"	"1 квартал 2022 г."	"202203"	"РЕСПУБЛИКА КАЗАХСТАН"	"0"	"Всего"	"0"	"Всего"	"0"	"Всего"	"0"	"Всего"	"0"	"453 134"
"Безработное население (в возрасте 15 лет и старше)(Человек)"	"4 квартал 2022 г."	"202212"	"РЕСПУБЛИКА КАЗАХСТАН"	"0"	"Всего"	"0"	"Всего"	"0"	"Всего"	"0"	"Всего"	"0"	"456 049"
"Безработное население (в возрасте 15 лет и старше)(Человек)"	"3 квартал 2022 г."	"202209"	"РЕСПУБЛИКА КАЗАХСТАН"	"0"	"Всего"	"0"	"Всего"	"0"	"Всего"	"0"	"Всего"	"0"	"450 305"
"Безработное население (в возрасте 15 лет и старше)(Человек)"	"1 квартал 2023 г."	"202303"	"РЕСПУБЛИКА КАЗАХСТАН"	"0"	"Всего"	"0"	"Всего"	"0"	"Всего"	"0"	"Всего"	"0"	"453 453"
"Безработное население (в возрасте 15 лет и старше)(Человек)"	"3 квартал 2023 г."	"202309"	"РЕСПУБЛИКА КАЗАХСТАН"	"0"	"Всего"	"0"	"Всего"	"0"	"Всего"	"0"	"Всего"	"0"	"451 486"
"Безработное население (в возрасте 15 лет и старше)(Человек)"	"4 квартал 2023 г."	"202312"	"РЕСПУБЛИКА КАЗАХСТАН"	"0"	"Всего"	"0"	"Всего"	"0"	"Всего"	"0"	"Всего"	"0"	"445 886"
"Безработное население (в возрасте 15 лет и старше)(Человек)"	"2 квартал 2023 г."	"202306"	"РЕСПУБЛИКА КАЗАХСТАН"	"0"	"Всего"	"0"	"Всего"	"0"	"Всего"	"0"	"Всего"	"0"	"452 643"
"Безработное население (в возрасте 15 лет и старше)(Человек)"	"1 квартал 2024 г."	"202403"	"РЕСПУБЛИКА КАЗАХСТАН"	"0"	"Всего"	"0"	"Всего"	"0"	"Всего"	"0"	"Всего"	"0"	"452 669"
"Безработное население (в возрасте 15 лет и старше)(Человек)"	"2 квартал 2024 г."	"202406"	"РЕСПУБЛИКА КАЗАХСТАН"	"0"	"Всего"	"0"	"Всего"	"0"	"Всего"	"0"	"Всего"	"0"	"451 021"
"Безработное население (в возрасте 15 лет и старше)(Человек)"	"3 квартал 2024 г."	"202409"	"РЕСПУБЛИКА КАЗАХСТАН"	"0"	"Всего"	"0"	"Всего"	"0"	"Всего"	"0"	"Всего"	"0"	"448 552"
"Безработное население (в возрасте 15 лет и старше)(Человек)"	"4 квартал 2024 г."	"202412"	"РЕСПУБЛИКА КАЗАХСТАН"	"0"	"Всего"	"0"	"Всего"	"0"	"Всего"	"0"	"Всего"	"0"	"448 248"
"Безработное население (в возрасте 15 лет и старше)(Человек)"	"1 квартал 2025 г."	"202503"	"РЕСПУБЛИКА КАЗАХСТАН"	"0"	"Всего"	"0"	"Всего"	"0"	"Всего"	"0"	"Всего"	"0"	"451 515"
"Безработное население (в возрасте 15 лет и старше)(Человек)"	"2 квартал 2025 г."	"202506"	"РЕСПУБЛИКА КАЗАХСТАН"	"0"	"Всего"	"0"	"Всего"	"0"	"Всего"	"0"	"Всего"	"0"	"448 791"
"Безработное население (в возрасте 15 лет и старше)(Человек)"	"2 квартал 2016 г."	"201606"	"ЮЖНО-КАЗАХСТАНСКАЯ ОБЛАСТЬ"	"0"	"сельская местность"	"0"	"Всего"	"0"	"Всего"	"0"	"Всего"	"0"	"35 310"
"Безработное население (в возрасте 15 лет и старше)(Человек)"	"2 квартал 2010 г."	"201006"	"ЮЖНО-КАЗАХСТАНСКАЯ ОБЛАСТЬ"	"0"	"сельская местность"	"0"	"Всего"	"0"	"Всего"	"0"	"Всего"	"0"	"36 055"
"Безработное население (в возрасте 15 лет и старше)(Человек)"	"3 квартал 2011 г."	"201109"	"ЮЖНО-КАЗАХСТАНСКАЯ ОБЛАСТЬ"	"0"	"сельская местность"	"0"	"Всего"	"0"	"Всего"	"0"	"Всего"	"0"	"38 444"
"Безработное население (в возрасте 15 лет и старше)(Человек)"	"1 квартал 2010 г."	"201003"	"ЮЖНО-КАЗАХСТАНСКАЯ ОБЛАСТЬ"	"0"	"сельская местность"	"0"	"Всего"	"0"	"Всего"	"0"	"Всего"	"0"	"37 141"
"Безработное население (в возрасте 15 лет и старше)(Человек)"	"1 квартал 2015 г."	"201503"	"ЮЖНО-КАЗАХСТАНСКАЯ ОБЛАСТЬ"	"0"	"сельская местность"	"0"	"Всего"	"0"	"Всего"	"0"	"Всего"	"0"	"33 503"
"Безработное население (в возрасте 15 лет и старше)(Человек)"	"2 квартал 2015 г."	"201506"	"ЮЖНО-КАЗАХСТАНСКАЯ ОБЛАСТЬ"	"0"	"сельская местность"	"0"	"Всего"	"0"	"Всего"	"0"	"Всего"	"0"	"39 223"
"Безработное население (в возрасте 15 лет и старше)(Человек)"	"1 квартал 2012 г."	"201203"	"ЮЖНО-КАЗАХСТАНСКАЯ ОБЛАСТЬ"	"0"	"сельская местность"	"0"	"Всего"	"0"	"Всего"	"0"	"Всего"	"0"	"39 188"
"Безработное население (в возрасте 15 лет и старше)(Человек)"	"2 квартал 2012 г."	"201206"	"ЮЖНО-КАЗАХСТАНСКАЯ ОБЛАСТЬ"	"0"	"сельская местность"	"0"	"Всего"	"0"	"Всего"	"0"	"Всего"	"0"	"38 542"
"Безработное население (в возрасте 15 лет и старше)(Человек)"	"4 квартал 2012 г."	"201212"	"ЮЖНО-КАЗАХСТАНСКАЯ ОБЛАСТЬ"	"0"	"сельская местность"	"0"	"Всего"	"0"	"Всего"	"0"	"Всего"	"0"	"38 869"
"Безработное население (в возрасте 15 лет и старше)(Человек)"	"4 квартал 2016 г."	"201612"	"ЮЖНО-КАЗАХСТАНСКАЯ ОБЛАСТЬ"	"0"	"сельская местность"	"0"	"Всего"	"0"	"Всего"	"0"	"Всего"	"0"	"33 028"
"Безработное население (в возрасте 15 лет и старше)(Человек)"	"3 квартал 2010 г."	"201009"	"ЮЖНО-КАЗАХСТАНСКАЯ ОБЛАСТЬ"	"0"	"сельская местность"	"0"	"Всего"	"0"	"Всего"	"0"	"Всего"	"0"	"35 621"
"Безработное население (в возрасте 15 лет и старше)(Человек)"	"1 квартал 2011 г."	"201103"	"ЮЖНО-КАЗАХСТАНСКАЯ ОБЛАСТЬ"	"0"	"сельская местность"	"0"	"Всего"	"0"	"Всего"	"0"	"Всего"	"0"	"36 513"
"Безработное население (в возрасте 15 лет и старше)(Человек)"	"2 квартал 2013 г."	"201306"	"ЮЖНО-КАЗАХСТАНСКАЯ ОБЛАСТЬ"	"0"	"сельская местность"	"0"	"Всего"	"0"	"Всего"	"0"	"Всего"	"0"	"40 037"
"Безработное население (в возрасте 15 лет и старше)(Человек)"	"4 квартал 2011 г."	"201112"	"ЮЖНО-КАЗАХСТАНСКАЯ ОБЛАСТЬ"	"0"	"сельская местность"	"0"	"Всего"	"0"	"Всего"	"0"	"Всего"	"0"	"37 496"
"Безработное население (в возрасте 15 лет и старше)(Человек)"	"3 квартал 2013 г."	"201309"	"ЮЖНО-КАЗАХСТАНСКАЯ ОБЛАСТЬ"	"0"	"сельская местность"	"0"	"Всего"	"0"	"Всего"	"0"	"Всего"	"0"	"40 190"
"Безработное население (в возрасте 15 лет и старше)(Человек)"	"1 квартал 2013 г."	"201303"	"ЮЖНО-КАЗАХСТАНСКАЯ ОБЛАСТЬ"	"0"	"сельская местность"	"0"	"Всего"	"0"	"Всего"	"0"	"Всего"	"0"	"40 048"
"Безработное население (в возрасте 15 лет и старше)(Человек)"	"4 квартал 2010 г."	"201012"	"ЮЖНО-КАЗАХСТАНСКАЯ ОБЛАСТЬ"	"0"	"сельская местность"	"0"	"Всего"	"0"	"Всего"	"0"	"Всего"	"0"	"36 011"
"Безработное население (в возрасте 15 лет и старше)(Человек)"	"2 квартал 2011 г."	"201106"	"ЮЖНО-КАЗАХСТАНСКАЯ ОБЛАСТЬ"	"0"	"сельская местность"	"0"	"Всего"	"0"	"Всего"	"0"	"Всего"	"0"	"36 420"
"Безработное население (в возрасте 15 лет и старше)(Человек)"	"3 квартал 2015 г."	"201509"	"ЮЖНО-КАЗАХСТАНСКАЯ ОБЛАСТЬ"	"0"	"сельская местность"	"0"	"Всего"	"0"	"Всего"	"0"	"Всего"	"0"	"33 317"
"Безработное население (в возрасте 15 лет и старше)(Человек)"	"4 квартал 2013 г."	"201312"	"ЮЖНО-КАЗАХСТАНСКАЯ ОБЛАСТЬ"	"0"	"сельская местность"	"0"	"Всего"	"0"	"Всего"	"0"	"Всего"	"0"	"40 064"
"Безработное население (в возрасте 15 лет и старше)(Человек)"	"3 квартал 2012 г."	"201209"	"ЮЖНО-КАЗАХСТАНСКАЯ ОБЛАСТЬ"	"0"	"сельская местность"	"0"	"Всего"	"0"	"Всего"	"0"	"Всего"	"0"	"38 826"
"Безработное население (в возрасте 15 лет и старше)(Человек)"	"2 квартал 2017 г."	"201706"	"ЮЖНО-КАЗАХСТАНСКАЯ ОБЛАСТЬ"	"0"	"сельская местность"	"0"	"Всего"	"0"	"Всего"	"0"	"Всего"	"0"	"37 110"
"Безработное население (в возрасте 15 лет и старше)(Человек)"	"1 квартал 2014 г."	"201403"	"ЮЖНО-КАЗАХСТАНСКАЯ ОБЛАСТЬ"	"0"	"сельская местность"	"0"	"Всего"	"0"	"Всего"	"0"	"Всего"	"0"	"37 022"
"Безработное население (в возрасте 15 лет и старше)(Человек)"	"3 квартал 2014 г."	"201409"	"ЮЖНО-КАЗАХСТАНСКАЯ ОБЛАСТЬ"	"0"	"сельская местность"	"0"	"Всего"	"0"	"Всего"	"0"	"Всего"	"0"	"37 168"
"Безработное население (в возрасте 15 лет и старше)(Человек)"	"2 квартал 2014 г."	"201406"	"ЮЖНО-КАЗАХСТАНСКАЯ ОБЛАСТЬ"	"0"	"сельская местность"	"0"	"Всего"	"0"	"Всего"	"0"	"Всего"	"0"	"37 221"
"Безработное население (в возрасте 15 лет и старше)(Человек)"	"4 квартал 2014 г."	"201412"	"ЮЖНО-КАЗАХСТАНСКАЯ ОБЛАСТЬ"	"0"	"сельская местность"	"0"	"Всего"	"0"	"Всего"	"0"	"Всего"	"0"	"37 355"
"Безработное население (в возрасте 15 лет и старше)(Человек)"	"4 квартал 2015 г."	"201512"	"ЮЖНО-КАЗАХСТАНСКАЯ ОБЛАСТЬ"	"0"	"сельская местность"	"0"	"Всего"	"0"	"Всего"	"0"	"Всего"	"0"	"40 632"
"Безработное население (в возрасте 15 лет и старше)(Человек)"	"4 квартал 2017 г."	"201712"	"ЮЖНО-КАЗАХСТАНСКАЯ ОБЛАСТЬ"	"0"	"сельская местность"	"0"	"Всего"	"0"	"Всего"	"0"	"Всего"	"0"	"33 287"
"Безработное население (в возрасте 15 лет и старше)(Человек)"	"1 квартал 2017 г."	"201703"	"ЮЖНО-КАЗАХСТАНСКАЯ ОБЛАСТЬ"	"0"	"сельская местность"	"0"	"Всего"	"0"	"Всего"	"0"	"Всего"	"0"	"31 707"
"Безработное население (в возрасте 15 лет и старше)(Человек)"	"1 квартал 2018 г."	"201803"	"ЮЖНО-КАЗАХСТАНСКАЯ ОБЛАСТЬ"	"0"	"сельская местность"	"0"	"Всего"	"0"	"Всего"	"0"	"Всего"	"0"	"33 978"
"Безработное население (в возрасте 15 лет и старше)(Человек)"	"1 квартал 2016 г."	"201603"	"ЮЖНО-КАЗАХСТАНСКАЯ ОБЛАСТЬ"	"0"	"сельская местность"	"0"	"Всего"	"0"	"Всего"	"0"	"Всего"	"0"	"34 444"
"Безработное население (в возрасте 15 лет и старше)(Человек)"	"3 квартал 2016 г."	"201609"	"ЮЖНО-КАЗАХСТАНСКАЯ ОБЛАСТЬ"	"0"	"сельская местность"	"0"	"Всего"	"0"	"Всего"	"0"	"Всего"	"0"	"35 157"
"Безработное население (в возрасте 15 лет и старше)(Человек)"	"3 квартал 2017 г."	"201709"	"ЮЖНО-КАЗАХСТАНСКАЯ ОБЛАСТЬ"	"0"	"сельская местность"	"0"	"Всего"	"0"	"Всего"	"0"	"Всего"	"0"	"35 464"
"Безработное население (в возрасте 15 лет и старше)(Человек)"	"2 квартал 2016 г."	"201606"	"СЕВЕРО-КАЗАХСТАНСКАЯ ОБЛАСТЬ"	"0"	"сельская местность"	"0"	"Всего"	"0"	"Всего"	"0"	"Всего"	"0"	"10 098"
"Безработное население (в возрасте 15 лет и старше)(Человек)"	"2 квартал 2010 г."	"201006"	"СЕВЕРО-КАЗАХСТАНСКАЯ ОБЛАСТЬ"	"0"	"сельская местность"	"0"	"Всего"	"0"	"Всего"	"0"	"Всего"	"0"	"13 750"
"Безработное население (в возрасте 15 лет и старше)(Человек)"	"3 квартал 2011 г."	"201109"	"СЕВЕРО-КАЗАХСТАНСКАЯ ОБЛАСТЬ"	"0"	"сельская местность"	"0"	"Всего"	"0"	"Всего"	"0"	"Всего"	"0"	"11 211"
"Безработное население (в возрасте 15 лет и старше)(Человек)"	"1 квартал 2010 г."	"201003"	"СЕВЕРО-КАЗАХСТАНСКАЯ ОБЛАСТЬ"	"0"	"сельская местность"	"0"	"Всего"	"0"	"Всего"	"0"	"Всего"	"0"	"13 968"
"Безработное население (в возрасте 15 лет и старше)(Человек)"	"1 квартал 2015 г."	"201503"	"СЕВЕРО-КАЗАХСТАНСКАЯ ОБЛАСТЬ"	"0"	"сельская местность"	"0"	"Всего"	"0"	"Всего"	"0"	"Всего"	"0"	"10 299"
"Безработное население (в возрасте 15 лет и старше)(Человек)"	"2 квартал 2015 г."	"201506"	"СЕВЕРО-КАЗАХСТАНСКАЯ ОБЛАСТЬ"	"0"	"сельская местность"	"0"	"Всего"	"0"	"Всего"	"0"	"Всего"	"0"	"10 590"
"Безработное население (в возрасте 15 лет и старше)(Человек)"	"1 квартал 2012 г."	"201203"	"СЕВЕРО-КАЗАХСТАНСКАЯ ОБЛАСТЬ"	"0"	"сельская местность"	"0"	"Всего"	"0"	"Всего"	"0"	"Всего"	"0"	"10 896"
"Безработное население (в возрасте 15 лет и старше)(Человек)"	"2 квартал 2012 г."	"201206"	"СЕВЕРО-КАЗАХСТАНСКАЯ ОБЛАСТЬ"	"0"	"сельская местность"	"0"	"Всего"	"0"	"Всего"	"0"	"Всего"	"0"	"10 766"
"Безработное население (в возрасте 15 лет и старше)(Человек)"	"4 квартал 2012 г."	"201212"	"СЕВЕРО-КАЗАХСТАНСКАЯ ОБЛАСТЬ"	"0"	"сельская местность"	"0"	"Всего"	"0"	"Всего"	"0"	"Всего"	"0"	"10 807"
"Безработное население (в возрасте 15 лет и старше)(Человек)"	"4 квартал 2019 г."	"201912"	"СЕВЕРО-КАЗАХСТАНСКАЯ ОБЛАСТЬ"	"0"	"сельская местность"	"0"	"Всего"	"0"	"Всего"	"0"	"Всего"	"0"	"8 642"
"Безработное население (в возрасте 15 лет и старше)(Человек)"	"4 квартал 2016 г."	"201612"	"СЕВЕРО-КАЗАХСТАНСКАЯ ОБЛАСТЬ"	"0"	"сельская местность"	"0"	"Всего"	"0"	"Всего"	"0"	"Всего"	"0"	"9 269"
"Безработное население (в возрасте 15 лет и старше)(Человек)"	"3 квартал 2010 г."	"201009"	"СЕВЕРО-КАЗАХСТАНСКАЯ ОБЛАСТЬ"	"0"	"сельская местность"	"0"	"Всего"	"0"	"Всего"	"0"	"Всего"	"0"	"13 175"
"Безработное население (в возрасте 15 лет и старше)(Человек)"	"1 квартал 2011 г."	"201103"	"СЕВЕРО-КАЗАХСТАНСКАЯ ОБЛАСТЬ"	"0"	"сельская местность"	"0"	"Всего"	"0"	"Всего"	"0"	"Всего"	"0"	"13 303"
"Безработное население (в возрасте 15 лет и старше)(Человек)"	"2 квартал 2013 г."	"201306"	"СЕВЕРО-КАЗАХСТАНСКАЯ ОБЛАСТЬ"	"0"	"сельская местность"	"0"	"Всего"	"0"	"Всего"	"0"	"Всего"	"0"	"10 584"
"Безработное население (в возрасте 15 лет и старше)(Человек)"	"4 квартал 2011 г."	"201112"	"СЕВЕРО-КАЗАХСТАНСКАЯ ОБЛАСТЬ"	"0"	"сельская местность"	"0"	"Всего"	"0"	"Всего"	"0"	"Всего"	"0"	"11 337"
"Безработное население (в возрасте 15 лет и старше)(Человек)"	"3 квартал 2013 г."	"201309"	"СЕВЕРО-КАЗАХСТАНСКАЯ ОБЛАСТЬ"	"0"	"сельская местность"	"0"	"Всего"	"0"	"Всего"	"0"	"Всего"	"0"	"10 675"
"Безработное население (в возрасте 15 лет и старше)(Человек)"	"1 квартал 2013 г."	"201303"	"СЕВЕРО-КАЗАХСТАНСКАЯ ОБЛАСТЬ"	"0"	"сельская местность"	"0"	"Всего"	"0"	"Всего"	"0"	"Всего"	"0"	"10 501"
"Безработное население (в возрасте 15 лет и старше)(Человек)"	"4 квартал 2010 г."	"201012"	"СЕВЕРО-КАЗАХСТАНСКАЯ ОБЛАСТЬ"	"0"	"сельская местность"	"0"	"Всего"	"0"	"Всего"	"0"	"Всего"	"0"	"13 384"
"Безработное население (в возрасте 15 лет и старше)(Человек)"	"2 квартал 2011 г."	"201106"	"СЕВЕРО-КАЗАХСТАНСКАЯ ОБЛАСТЬ"	"0"	"сельская местность"	"0"	"Всего"	"0"	"Всего"	"0"	"Всего"	"0"	"13 118"
"Безработное население (в возрасте 15 лет и старше)(Человек)"	"3 квартал 2015 г."	"201509"	"СЕВЕРО-КАЗАХСТАНСКАЯ ОБЛАСТЬ"	"0"	"сельская местность"	"0"	"Всего"	"0"	"Всего"	"0"	"Всего"	"0"	"10 369"
"Безработное население (в возрасте 15 лет и старше)(Человек)"	"4 квартал 2013 г."	"201312"	"СЕВЕРО-КАЗАХСТАНСКАЯ ОБЛАСТЬ"	"0"	"сельская местность"	"0"	"Всего"	"0"	"Всего"	"0"	"Всего"	"0"	"10 711"
"Безработное население (в возрасте 15 лет и старше)(Человек)"	"3 квартал 2012 г."	"201209"	"СЕВЕРО-КАЗАХСТАНСКАЯ ОБЛАСТЬ"	"0"	"сельская местность"	"0"	"Всего"	"0"	"Всего"	"0"	"Всего"	"0"	"10 686"
"Безработное население (в возрасте 15 лет и старше)(Человек)"	"2 квартал 2017 г."	"201706"	"СЕВЕРО-КАЗАХСТАНСКАЯ ОБЛАСТЬ"	"0"	"сельская местность"	"0"	"Всего"	"0"	"Всего"	"0"	"Всего"	"0"	"9 080"
"Безработное население (в возрасте 15 лет и старше)(Человек)"	"1 квартал 2014 г."	"201403"	"СЕВЕРО-КАЗАХСТАНСКАЯ ОБЛАСТЬ"	"0"	"сельская местность"	"0"	"Всего"	"0"	"Всего"	"0"	"Всего"	"0"	"10 285"
"Безработное население (в возрасте 15 лет и старше)(Человек)"	"3 квартал 2014 г."	"201409"	"СЕВЕРО-КАЗАХСТАНСКАЯ ОБЛАСТЬ"	"0"	"сельская местность"	"0"	"Всего"	"0"	"Всего"	"0"	"Всего"	"0"	"10 270"
"Безработное население (в возрасте 15 лет и старше)(Человек)"	"2 квартал 2014 г."	"201406"	"СЕВЕРО-КАЗАХСТАНСКАЯ ОБЛАСТЬ"	"0"	"сельская местность"	"0"	"Всего"	"0"	"Всего"	"0"	"Всего"	"0"	"10 176"
"Безработное население (в возрасте 15 лет и старше)(Человек)"	"4 квартал 2014 г."	"201412"	"СЕВЕРО-КАЗАХСТАНСКАЯ ОБЛАСТЬ"	"0"	"сельская местность"	"0"	"Всего"	"0"	"Всего"	"0"	"Всего"	"0"	"10 284"
"Безработное население (в возрасте 15 лет и старше)(Человек)"	"3 квартал 2019 г."	"201909"	"СЕВЕРО-КАЗАХСТАНСКАЯ ОБЛАСТЬ"	"0"	"сельская местность"	"0"	"Всего"	"0"	"Всего"	"0"	"Всего"	"0"	"8 705"
"Безработное население (в возрасте 15 лет и старше)(Человек)"	"4 квартал 2015 г."	"201512"	"СЕВЕРО-КАЗАХСТАНСКАЯ ОБЛАСТЬ"	"0"	"сельская местность"	"0"	"Всего"	"0"	"Всего"	"0"	"Всего"	"0"	"10 304"
"Безработное население (в возрасте 15 лет и старше)(Человек)"	"4 квартал 2018 г."	"201812"	"СЕВЕРО-КАЗАХСТАНСКАЯ ОБЛАСТЬ"	"0"	"сельская местность"	"0"	"Всего"	"0"	"Всего"	"0"	"Всего"	"0"	"9 007"
"Безработное население (в возрасте 15 лет и старше)(Человек)"	"4 квартал 2017 г."	"201712"	"СЕВЕРО-КАЗАХСТАНСКАЯ ОБЛАСТЬ"	"0"	"сельская местность"	"0"	"Всего"	"0"	"Всего"	"0"	"Всего"	"0"	"9 080"
"Безработное население (в возрасте 15 лет и старше)(Человек)"	"1 квартал 2017 г."	"201703"	"СЕВЕРО-КАЗАХСТАНСКАЯ ОБЛАСТЬ"	"0"	"сельская местность"	"0"	"Всего"	"0"	"Всего"	"0"	"Всего"	"0"	"8 953"
"Безработное население (в возрасте 15 лет и старше)(Человек)"	"2 квартал 2019 г."	"201906"	"СЕВЕРО-КАЗАХСТАНСКАЯ ОБЛАСТЬ"	"0"	"сельская местность"	"0"	"Всего"	"0"	"Всего"	"0"	"Всего"	"0"	"8 740"
"Безработное население (в возрасте 15 лет и старше)(Человек)"	"1 квартал 2019 г."	"201903"	"СЕВЕРО-КАЗАХСТАНСКАЯ ОБЛАСТЬ"	"0"	"сельская местность"	"0"	"Всего"	"0"	"Всего"	"0"	"Всего"	"0"	"8 714"
"Безработное население (в возрасте 15 лет и старше)(Человек)"	"1 квартал 2018 г."	"201803"	"СЕВЕРО-КАЗАХСТАНСКАЯ ОБЛАСТЬ"	"0"	"сельская местность"	"0"	"Всего"	"0"	"Всего"	"0"	"Всего"	"0"	"8 857"
"Безработное население (в возрасте 15 лет и старше)(Человек)"	"3 квартал 2018 г."	"201809"	"СЕВЕРО-КАЗАХСТАНСКАЯ ОБЛАСТЬ"	"0"	"сельская местность"	"0"	"Всего"	"0"	"Всего"	"0"	"Всего"	"0"	"8 861"
"Безработное население (в возрасте 15 лет и старше)(Человек)"	"1 квартал 2016 г."	"201603"	"СЕВЕРО-КАЗАХСТАНСКАЯ ОБЛАСТЬ"	"0"	"сельская местность"	"0"	"Всего"	"0"	"Всего"	"0"	"Всего"	"0"	"9 779"
"Безработное население (в возрасте 15 лет и старше)(Человек)"	"3 квартал 2016 г."	"201609"	"СЕВЕРО-КАЗАХСТАНСКАЯ ОБЛАСТЬ"	"0"	"сельская местность"	"0"	"Всего"	"0"	"Всего"	"0"	"Всего"	"0"	"9 749"
"Безработное население (в возрасте 15 лет и старше)(Человек)"	"3 квартал 2017 г."	"201709"	"СЕВЕРО-КАЗАХСТАНСКАЯ ОБЛАСТЬ"	"0"	"сельская местность"	"0"	"Всего"	"0"	"Всего"	"0"	"Всего"	"0"	"9 296"
"Безработное население (в возрасте 15 лет и старше)(Человек)"	"2 квартал 2018 г."	"201806"	"СЕВЕРО-КАЗАХСТАНСКАЯ ОБЛАСТЬ"	"0"	"сельская местность"	"0"	"Всего"	"0"	"Всего"	"0"	"Всего"	"0"	"9 228"
"Безработное население (в возрасте 15 лет и старше)(Человек)"	"1 квартал 2021 г."	"202103"	"СЕВЕРО-КАЗАХСТАНСКАЯ ОБЛАСТЬ"	"0"	"сельская местность"	"0"	"Всего"	"0"	"Всего"	"0"	"Всего"	"0"	"8 455"
"Безработное население (в возрасте 15 лет и старше)(Человек)"	"2 квартал 2021 г."	"202106"	"СЕВЕРО-КАЗАХСТАНСКАЯ ОБЛАСТЬ"	"0"	"сельская местность"	"0"	"Всего"	"0"	"Всего"	"0"	"Всего"	"0"	"8 567"
"Безработное население (в возрасте 15 лет и старше)(Человек)"	"3 квартал 2021 г."	"202109"	"СЕВЕРО-КАЗАХСТАНСКАЯ ОБЛАСТЬ"	"0"	"сельская местность"	"0"	"Всего"	"0"	"Всего"	"0"	"Всего"	"0"	"8 778"
"Безработное население (в возрасте 15 лет и старше)(Человек)"	"3 квартал 2020 г."	"202009"	"СЕВЕРО-КАЗАХСТАНСКАЯ ОБЛАСТЬ"	"0"	"сельская местность"	"0"	"Всего"	"0"	"Всего"	"0"	"Всего"	"0"	"8 826"
"Безработное население (в возрасте 15 лет и старше)(Человек)"	"4 квартал 2020 г."	"202012"	"СЕВЕРО-КАЗАХСТАНСКАЯ ОБЛАСТЬ"	"0"	"сельская местность"	"0"	"Всего"	"0"	"Всего"	"0"	"Всего"	"0"	"9 010"
"Безработное население (в возрасте 15 лет и старше)(Человек)"	"4 квартал 2021 г."	"202112"	"СЕВЕРО-КАЗАХСТАНСКАЯ ОБЛАСТЬ"	"0"	"сельская местность"	"0"	"Всего"	"0"	"Всего"	"0"	"Всего"	"0"	"8 771"
"Безработное население (в возрасте 15 лет и старше)(Человек)"	"1 квартал 2020 г."	"202003"	"СЕВЕРО-КАЗАХСТАНСКАЯ ОБЛАСТЬ"	"0"	"сельская местность"	"0"	"Всего"	"0"	"Всего"	"0"	"Всего"	"0"	"8 461"
"Безработное население (в возрасте 15 лет и старше)(Человек)"	"2 квартал 2020 г."	"202006"	"СЕВЕРО-КАЗАХСТАНСКАЯ ОБЛАСТЬ"	"0"	"сельская местность"	"0"	"Всего"	"0"	"Всего"	"0"	"Всего"	"0"	"8 553"
"Безработное население (в возрасте 15 лет и старше)(Человек)"	"2 квартал 2022 г."	"202206"	"СЕВЕРО-КАЗАХСТАНСКАЯ ОБЛАСТЬ"	"0"	"сельская местность"	"0"	"Всего"	"0"	"Всего"	"0"	"Всего"	"0"	"8 323"
"Безработное население (в возрасте 15 лет и старше)(Человек)"	"1 квартал 2022 г."	"202203"	"СЕВЕРО-КАЗАХСТАНСКАЯ ОБЛАСТЬ"	"0"	"сельская местность"	"0"	"Всего"	"0"	"Всего"	"0"	"Всего"	"0"	"8 194"
"Безработное население (в возрасте 15 лет и старше)(Человек)"	"4 квартал 2022 г."	"202212"	"СЕВЕРО-КАЗАХСТАНСКАЯ ОБЛАСТЬ"	"0"	"сельская местность"	"0"	"Всего"	"0"	"Всего"	"0"	"Всего"	"0"	"8 421"
"Безработное население (в возрасте 15 лет и старше)(Человек)"	"3 квартал 2022 г."	"202209"	"СЕВЕРО-КАЗАХСТАНСКАЯ ОБЛАСТЬ"	"0"	"сельская местность"	"0"	"Всего"	"0"	"Всего"	"0"	"Всего"	"0"	"9 235"
"Безработное население (в возрасте 15 лет и старше)(Человек)"	"1 квартал 2023 г."	"202303"	"СЕВЕРО-КАЗАХСТАНСКАЯ ОБЛАСТЬ"	"0"	"сельская местность"	"0"	"Всего"	"0"	"Всего"	"0"	"Всего"	"0"	"7 872"
"Безработное население (в возрасте 15 лет и старше)(Человек)"	"3 квартал 2023 г."	"202309"	"СЕВЕРО-КАЗАХСТАНСКАЯ ОБЛАСТЬ"	"0"	"сельская местность"	"0"	"Всего"	"0"	"Всего"	"0"	"Всего"	"0"	"7 737"
"Безработное население (в возрасте 15 лет и старше)(Человек)"	"4 квартал 2023 г."	"202312"	"СЕВЕРО-КАЗАХСТАНСКАЯ ОБЛАСТЬ"	"0"	"сельская местность"	"0"	"Всего"	"0"	"Всего"	"0"	"Всего"	"0"	"7 051"
"Безработное население (в возрасте 15 лет и старше)(Человек)"	"2 квартал 2023 г."	"202306"	"СЕВЕРО-КАЗАХСТАНСКАЯ ОБЛАСТЬ"	"0"	"сельская местность"	"0"	"Всего"	"0"	"Всего"	"0"	"Всего"	"0"	"7 683"
"Безработное население (в возрасте 15 лет и старше)(Человек)"	"1 квартал 2024 г."	"202403"	"СЕВЕРО-КАЗАХСТАНСКАЯ ОБЛАСТЬ"	"0"	"сельская местность"	"0"	"Всего"	"0"	"Всего"	"0"	"Всего"	"0"	"6 923"
"Безработное население (в возрасте 15 лет и старше)(Человек)"	"2 квартал 2024 г."	"202406"	"СЕВЕРО-КАЗАХСТАНСКАЯ ОБЛАСТЬ"	"0"	"сельская местность"	"0"	"Всего"	"0"	"Всего"	"0"	"Всего"	"0"	"6 601"
"Безработное население (в возрасте 15 лет и старше)(Человек)"	"3 квартал 2024 г."	"202409"	"СЕВЕРО-КАЗАХСТАНСКАЯ ОБЛАСТЬ"	"0"	"сельская местность"	"0"	"Всего"	"0"	"Всего"	"0"	"Всего"	"0"	"6 864"
"Безработное население (в возрасте 15 лет и старше)(Человек)"	"4 квартал 2024 г."	"202412"	"СЕВЕРО-КАЗАХСТАНСКАЯ ОБЛАСТЬ"	"0"	"сельская местность"	"0"	"Всего"	"0"	"Всего"	"0"	"Всего"	"0"	"6 663"
"Безработное население (в возрасте 15 лет и старше)(Человек)"	"1 квартал 2025 г."	"202503"	"СЕВЕРО-КАЗАХСТАНСКАЯ ОБЛАСТЬ"	"0"	"сельская местность"	"0"	"Всего"	"0"	"Всего"	"0"	"Всего"	"0"	"6 284"
"Безработное население (в возрасте 15 лет и старше)(Человек)"	"2 квартал 2025 г."	"202506"	"СЕВЕРО-КАЗАХСТАНСКАЯ ОБЛАСТЬ"	"0"	"сельская местность"	"0"	"Всего"	"0"	"Всего"	"0"	"Всего"	"0"	"5 122"
"Безработное население (в возрасте 15 лет и старше)(Человек)"	"2 квартал 2016 г."	"201606"	"ПАВЛОДАРСКАЯ ОБЛАСТЬ"	"0"	"сельская местность"	"0"	"Всего"	"0"	"Всего"	"0"	"Всего"	"0"	"5 889"
"Безработное население (в возрасте 15 лет и старше)(Человек)"	"2 квартал 2010 г."	"201006"	"ПАВЛОДАРСКАЯ ОБЛАСТЬ"	"0"	"сельская местность"	"0"	"Всего"	"0"	"Всего"	"0"	"Всего"	"0"	"7 609"
"Безработное население (в возрасте 15 лет и старше)(Человек)"	"3 квартал 2011 г."	"201109"	"ПАВЛОДАРСКАЯ ОБЛАСТЬ"	"0"	"сельская местность"	"0"	"Всего"	"0"	"Всего"	"0"	"Всего"	"0"	"6 304"
"Безработное население (в возрасте 15 лет и старше)(Человек)"	"1 квартал 2010 г."	"201003"	"ПАВЛОДАРСКАЯ ОБЛАСТЬ"	"0"	"сельская местность"	"0"	"Всего"	"0"	"Всего"	"0"	"Всего"	"0"	"8 463"
"Безработное население (в возрасте 15 лет и старше)(Человек)"	"1 квартал 2015 г."	"201503"	"ПАВЛОДАРСКАЯ ОБЛАСТЬ"	"0"	"сельская местность"	"0"	"Всего"	"0"	"Всего"	"0"	"Всего"	"0"	"6 294"
"Безработное население (в возрасте 15 лет и старше)(Человек)"	"2 квартал 2015 г."	"201506"	"ПАВЛОДАРСКАЯ ОБЛАСТЬ"	"0"	"сельская местность"	"0"	"Всего"	"0"	"Всего"	"0"	"Всего"	"0"	"5 584"
"Безработное население (в возрасте 15 лет и старше)(Человек)"	"1 квартал 2012 г."	"201203"	"ПАВЛОДАРСКАЯ ОБЛАСТЬ"	"0"	"сельская местность"	"0"	"Всего"	"0"	"Всего"	"0"	"Всего"	"0"	"5 945"
"Безработное население (в возрасте 15 лет и старше)(Человек)"	"2 квартал 2012 г."	"201206"	"ПАВЛОДАРСКАЯ ОБЛАСТЬ"	"0"	"сельская местность"	"0"	"Всего"	"0"	"Всего"	"0"	"Всего"	"0"	"5 928"
"Безработное население (в возрасте 15 лет и старше)(Человек)"	"4 квартал 2012 г."	"201212"	"ПАВЛОДАРСКАЯ ОБЛАСТЬ"	"0"	"сельская местность"	"0"	"Всего"	"0"	"Всего"	"0"	"Всего"	"0"	"5 899"
"Безработное население (в возрасте 15 лет и старше)(Человек)"	"4 квартал 2019 г."	"201912"	"ПАВЛОДАРСКАЯ ОБЛАСТЬ"	"0"	"сельская местность"	"0"	"Всего"	"0"	"Всего"	"0"	"Всего"	"0"	"5 349"
"Безработное население (в возрасте 15 лет и старше)(Человек)"	"4 квартал 2016 г."	"201612"	"ПАВЛОДАРСКАЯ ОБЛАСТЬ"	"0"	"сельская местность"	"0"	"Всего"	"0"	"Всего"	"0"	"Всего"	"0"	"5 603"
"Безработное население (в возрасте 15 лет и старше)(Человек)"	"3 квартал 2010 г."	"201009"	"ПАВЛОДАРСКАЯ ОБЛАСТЬ"	"0"	"сельская местность"	"0"	"Всего"	"0"	"Всего"	"0"	"Всего"	"0"	"7 219"
"Безработное население (в возрасте 15 лет и старше)(Человек)"	"1 квартал 2011 г."	"201103"	"ПАВЛОДАРСКАЯ ОБЛАСТЬ"	"0"	"сельская местность"	"0"	"Всего"	"0"	"Всего"	"0"	"Всего"	"0"	"7 135"
"Безработное население (в возрасте 15 лет и старше)(Человек)"	"2 квартал 2013 г."	"201306"	"ПАВЛОДАРСКАЯ ОБЛАСТЬ"	"0"	"сельская местность"	"0"	"Всего"	"0"	"Всего"	"0"	"Всего"	"0"	"5 702"
"Безработное население (в возрасте 15 лет и старше)(Человек)"	"4 квартал 2011 г."	"201112"	"ПАВЛОДАРСКАЯ ОБЛАСТЬ"	"0"	"сельская местность"	"0"	"Всего"	"0"	"Всего"	"0"	"Всего"	"0"	"6 087"
"Безработное население (в возрасте 15 лет и старше)(Человек)"	"3 квартал 2013 г."	"201309"	"ПАВЛОДАРСКАЯ ОБЛАСТЬ"	"0"	"сельская местность"	"0"	"Всего"	"0"	"Всего"	"0"	"Всего"	"0"	"5 913"
"Безработное население (в возрасте 15 лет и старше)(Человек)"	"1 квартал 2013 г."	"201303"	"ПАВЛОДАРСКАЯ ОБЛАСТЬ"	"0"	"сельская местность"	"0"	"Всего"	"0"	"Всего"	"0"	"Всего"	"0"	"5 820"
"Безработное население (в возрасте 15 лет и старше)(Человек)"	"4 квартал 2010 г."	"201012"	"ПАВЛОДАРСКАЯ ОБЛАСТЬ"	"0"	"сельская местность"	"0"	"Всего"	"0"	"Всего"	"0"	"Всего"	"0"	"7 082"
"Безработное население (в возрасте 15 лет и старше)(Человек)"	"2 квартал 2011 г."	"201106"	"ПАВЛОДАРСКАЯ ОБЛАСТЬ"	"0"	"сельская местность"	"0"	"Всего"	"0"	"Всего"	"0"	"Всего"	"0"	"7 016"
"Безработное население (в возрасте 15 лет и старше)(Человек)"	"3 квартал 2015 г."	"201509"	"ПАВЛОДАРСКАЯ ОБЛАСТЬ"	"0"	"сельская местность"	"0"	"Всего"	"0"	"Всего"	"0"	"Всего"	"0"	"5 775"
"Безработное население (в возрасте 15 лет и старше)(Человек)"	"4 квартал 2013 г."	"201312"	"ПАВЛОДАРСКАЯ ОБЛАСТЬ"	"0"	"сельская местность"	"0"	"Всего"	"0"	"Всего"	"0"	"Всего"	"0"	"5 986"
"Безработное население (в возрасте 15 лет и старше)(Человек)"	"3 квартал 2012 г."	"201209"	"ПАВЛОДАРСКАЯ ОБЛАСТЬ"	"0"	"сельская местность"	"0"	"Всего"	"0"	"Всего"	"0"	"Всего"	"0"	"5 918"
"Безработное население (в возрасте 15 лет и старше)(Человек)"	"2 квартал 2017 г."	"201706"	"ПАВЛОДАРСКАЯ ОБЛАСТЬ"	"0"	"сельская местность"	"0"	"Всего"	"0"	"Всего"	"0"	"Всего"	"0"	"5 692"
"Безработное население (в возрасте 15 лет и старше)(Человек)"	"1 квартал 2014 г."	"201403"	"ПАВЛОДАРСКАЯ ОБЛАСТЬ"	"0"	"сельская местность"	"0"	"Всего"	"0"	"Всего"	"0"	"Всего"	"0"	"6 233"
"Безработное население (в возрасте 15 лет и старше)(Человек)"	"3 квартал 2014 г."	"201409"	"ПАВЛОДАРСКАЯ ОБЛАСТЬ"	"0"	"сельская местность"	"0"	"Всего"	"0"	"Всего"	"0"	"Всего"	"0"	"6 168"
"Безработное население (в возрасте 15 лет и старше)(Человек)"	"2 квартал 2014 г."	"201406"	"ПАВЛОДАРСКАЯ ОБЛАСТЬ"	"0"	"сельская местность"	"0"	"Всего"	"0"	"Всего"	"0"	"Всего"	"0"	"6 224"
"Безработное население (в возрасте 15 лет и старше)(Человек)"	"4 квартал 2014 г."	"201412"	"ПАВЛОДАРСКАЯ ОБЛАСТЬ"	"0"	"сельская местность"	"0"	"Всего"	"0"	"Всего"	"0"	"Всего"	"0"	"6 119"
"Безработное население (в возрасте 15 лет и старше)(Человек)"	"3 квартал 2019 г."	"201909"	"ПАВЛОДАРСКАЯ ОБЛАСТЬ"	"0"	"сельская местность"	"0"	"Всего"	"0"	"Всего"	"0"	"Всего"	"0"	"5 568"
"Безработное население (в возрасте 15 лет и старше)(Человек)"	"4 квартал 2015 г."	"201512"	"ПАВЛОДАРСКАЯ ОБЛАСТЬ"	"0"	"сельская местность"	"0"	"Всего"	"0"	"Всего"	"0"	"Всего"	"0"	"6 166"
"Безработное население (в возрасте 15 лет и старше)(Человек)"	"4 квартал 2018 г."	"201812"	"ПАВЛОДАРСКАЯ ОБЛАСТЬ"	"0"	"сельская местность"	"0"	"Всего"	"0"	"Всего"	"0"	"Всего"	"0"	"5 443"
"Безработное население (в возрасте 15 лет и старше)(Человек)"	"4 квартал 2017 г."	"201712"	"ПАВЛОДАРСКАЯ ОБЛАСТЬ"	"0"	"сельская местность"	"0"	"Всего"	"0"	"Всего"	"0"	"Всего"	"0"	"5 586"
"Безработное население (в возрасте 15 лет и старше)(Человек)"	"1 квартал 2017 г."	"201703"	"ПАВЛОДАРСКАЯ ОБЛАСТЬ"	"0"	"сельская местность"	"0"	"Всего"	"0"	"Всего"	"0"	"Всего"	"0"	"5 606"
"Безработное население (в возрасте 15 лет и старше)(Человек)"	"2 квартал 2019 г."	"201906"	"ПАВЛОДАРСКАЯ ОБЛАСТЬ"	"0"	"сельская местность"	"0"	"Всего"	"0"	"Всего"	"0"	"Всего"	"0"	"5 466"
"Безработное население (в возрасте 15 лет и старше)(Человек)"	"1 квартал 2019 г."	"201903"	"ПАВЛОДАРСКАЯ ОБЛАСТЬ"	"0"	"сельская местность"	"0"	"Всего"	"0"	"Всего"	"0"	"Всего"	"0"	"5 391"
"Безработное население (в возрасте 15 лет и старше)(Человек)"	"1 квартал 2018 г."	"201803"	"ПАВЛОДАРСКАЯ ОБЛАСТЬ"	"0"	"сельская местность"	"0"	"Всего"	"0"	"Всего"	"0"	"Всего"	"0"	"5 314"
"Безработное население (в возрасте 15 лет и старше)(Человек)"	"3 квартал 2018 г."	"201809"	"ПАВЛОДАРСКАЯ ОБЛАСТЬ"	"0"	"сельская местность"	"0"	"Всего"	"0"	"Всего"	"0"	"Всего"	"0"	"5 395"
"Безработное население (в возрасте 15 лет и старше)(Человек)"	"1 квартал 2016 г."	"201603"	"ПАВЛОДАРСКАЯ ОБЛАСТЬ"	"0"	"сельская местность"	"0"	"Всего"	"0"	"Всего"	"0"	"Всего"	"0"	"5 716"
"Безработное население (в возрасте 15 лет и старше)(Человек)"	"3 квартал 2016 г."	"201609"	"ПАВЛОДАРСКАЯ ОБЛАСТЬ"	"0"	"сельская местность"	"0"	"Всего"	"0"	"Всего"	"0"	"Всего"	"0"	"5 686"
"Безработное население (в возрасте 15 лет и старше)(Человек)"	"3 квартал 2017 г."	"201709"	"ПАВЛОДАРСКАЯ ОБЛАСТЬ"	"0"	"сельская местность"	"0"	"Всего"	"0"	"Всего"	"0"	"Всего"	"0"	"5 649"
"Безработное население (в возрасте 15 лет и старше)(Человек)"	"2 квартал 2018 г."	"201806"	"ПАВЛОДАРСКАЯ ОБЛАСТЬ"	"0"	"сельская местность"	"0"	"Всего"	"0"	"Всего"	"0"	"Всего"	"0"	"5 353"
"Безработное население (в возрасте 15 лет и старше)(Человек)"	"1 квартал 2021 г."	"202103"	"ПАВЛОДАРСКАЯ ОБЛАСТЬ"	"0"	"сельская местность"	"0"	"Всего"	"0"	"Всего"	"0"	"Всего"	"0"	"5 397"
"Безработное население (в возрасте 15 лет и старше)(Человек)"	"2 квартал 2021 г."	"202106"	"ПАВЛОДАРСКАЯ ОБЛАСТЬ"	"0"	"сельская местность"	"0"	"Всего"	"0"	"Всего"	"0"	"Всего"	"0"	"5 218"
"Безработное население (в возрасте 15 лет и старше)(Человек)"	"3 квартал 2021 г."	"202109"	"ПАВЛОДАРСКАЯ ОБЛАСТЬ"	"0"	"сельская местность"	"0"	"Всего"	"0"	"Всего"	"0"	"Всего"	"0"	"5 348"
"Безработное население (в возрасте 15 лет и старше)(Человек)"	"3 квартал 2020 г."	"202009"	"ПАВЛОДАРСКАЯ ОБЛАСТЬ"	"0"	"сельская местность"	"0"	"Всего"	"0"	"Всего"	"0"	"Всего"	"0"	"5 926"
"Безработное население (в возрасте 15 лет и старше)(Человек)"	"4 квартал 2020 г."	"202012"	"ПАВЛОДАРСКАЯ ОБЛАСТЬ"	"0"	"сельская местность"	"0"	"Всего"	"0"	"Всего"	"0"	"Всего"	"0"	"5 064"
"Безработное население (в возрасте 15 лет и старше)(Человек)"	"4 квартал 2021 г."	"202112"	"ПАВЛОДАРСКАЯ ОБЛАСТЬ"	"0"	"сельская местность"	"0"	"Всего"	"0"	"Всего"	"0"	"Всего"	"0"	"4 977"
"Безработное население (в возрасте 15 лет и старше)(Человек)"	"1 квартал 2020 г."	"202003"	"ПАВЛОДАРСКАЯ ОБЛАСТЬ"	"0"	"сельская местность"	"0"	"Всего"	"0"	"Всего"	"0"	"Всего"	"0"	"5 160"
"Безработное население (в возрасте 15 лет и старше)(Человек)"	"2 квартал 2020 г."	"202006"	"ПАВЛОДАРСКАЯ ОБЛАСТЬ"	"0"	"сельская местность"	"0"	"Всего"	"0"	"Всего"	"0"	"Всего"	"0"	"4 544"
"Безработное население (в возрасте 15 лет и старше)(Человек)"	"2 квартал 2022 г."	"202206"	"ПАВЛОДАРСКАЯ ОБЛАСТЬ"	"0"	"сельская местность"	"0"	"Всего"	"0"	"Всего"	"0"	"Всего"	"0"	"5 346"
"Безработное население (в возрасте 15 лет и старше)(Человек)"	"1 квартал 2022 г."	"202203"	"ПАВЛОДАРСКАЯ ОБЛАСТЬ"	"0"	"сельская местность"	"0"	"Всего"	"0"	"Всего"	"0"	"Всего"	"0"	"5 294"
"Безработное население (в возрасте 15 лет и старше)(Человек)"	"4 квартал 2022 г."	"202212"	"ПАВЛОДАРСКАЯ ОБЛАСТЬ"	"0"	"сельская местность"	"0"	"Всего"	"0"	"Всего"	"0"	"Всего"	"0"	"5 019"
"Безработное население (в возрасте 15 лет и старше)(Человек)"	"3 квартал 2022 г."	"202209"	"ПАВЛОДАРСКАЯ ОБЛАСТЬ"	"0"	"сельская местность"	"0"	"Всего"	"0"	"Всего"	"0"	"Всего"	"0"	"4 897"
"Безработное население (в возрасте 15 лет и старше)(Человек)"	"1 квартал 2023 г."	"202303"	"ПАВЛОДАРСКАЯ ОБЛАСТЬ"	"0"	"сельская местность"	"0"	"Всего"	"0"	"Всего"	"0"	"Всего"	"0"	"5 101"
"Безработное население (в возрасте 15 лет и старше)(Человек)"	"3 квартал 2023 г."	"202309"	"ПАВЛОДАРСКАЯ ОБЛАСТЬ"	"0"	"сельская местность"	"0"	"Всего"	"0"	"Всего"	"0"	"Всего"	"0"	"5 224"
"Безработное население (в возрасте 15 лет и старше)(Человек)"	"4 квартал 2023 г."	"202312"	"ПАВЛОДАРСКАЯ ОБЛАСТЬ"	"0"	"сельская местность"	"0"	"Всего"	"0"	"Всего"	"0"	"Всего"	"0"	"5 047"
"Безработное население (в возрасте 15 лет и старше)(Человек)"	"2 квартал 2023 г."	"202306"	"ПАВЛОДАРСКАЯ ОБЛАСТЬ"	"0"	"сельская местность"	"0"	"Всего"	"0"	"Всего"	"0"	"Всего"	"0"	"5 264"
"Безработное население (в возрасте 15 лет и старше)(Человек)"	"1 квартал 2024 г."	"202403"	"ПАВЛОДАРСКАЯ ОБЛАСТЬ"	"0"	"сельская местность"	"0"	"Всего"	"0"	"Всего"	"0"	"Всего"	"0"	"5 189"
"Безработное население (в возрасте 15 лет и старше)(Человек)"	"2 квартал 2024 г."	"202406"	"ПАВЛОДАРСКАЯ ОБЛАСТЬ"	"0"	"сельская местность"	"0"	"Всего"	"0"	"Всего"	"0"	"Всего"	"0"	"5 226"
"Безработное население (в возрасте 15 лет и старше)(Человек)"	"3 квартал 2024 г."	"202409"	"ПАВЛОДАРСКАЯ ОБЛАСТЬ"	"0"	"сельская местность"	"0"	"Всего"	"0"	"Всего"	"0"	"Всего"	"0"	"5 147"
"Безработное население (в возрасте 15 лет и старше)(Человек)"	"4 квартал 2024 г."	"202412"	"ПАВЛОДАРСКАЯ ОБЛАСТЬ"	"0"	"сельская местность"	"0"	"Всего"	"0"	"Всего"	"0"	"Всего"	"0"	"4 934"
"Безработное население (в возрасте 15 лет и старше)(Человек)"	"1 квартал 2025 г."	"202503"	"ПАВЛОДАРСКАЯ ОБЛАСТЬ"	"0"	"сельская местность"	"0"	"Всего"	"0"	"Всего"	"0"	"Всего"	"0"	"5 039"
"Безработное население (в возрасте 15 лет и старше)(Человек)"	"2 квартал 2025 г."	"202506"	"ПАВЛОДАРСКАЯ ОБЛАСТЬ"	"0"	"сельская местность"	"0"	"Всего"	"0"	"Всего"	"0"	"Всего"	"0"	"5 400"
"Безработное население (в возрасте 15 лет и старше)(Человек)"	"2 квартал 2016 г."	"201606"	"МАНГИСТАУСКАЯ ОБЛАСТЬ"	"0"	"сельская местность"	"0"	"Всего"	"0"	"Всего"	"0"	"Всего"	"0"	"7 174"
"Безработное население (в возрасте 15 лет и старше)(Человек)"	"2 квартал 2010 г."	"201006"	"МАНГИСТАУСКАЯ ОБЛАСТЬ"	"0"	"сельская местность"	"0"	"Всего"	"0"	"Всего"	"0"	"Всего"	"0"	"6 354"
"Безработное население (в возрасте 15 лет и старше)(Человек)"	"3 квартал 2011 г."	"201109"	"МАНГИСТАУСКАЯ ОБЛАСТЬ"	"0"	"сельская местность"	"0"	"Всего"	"0"	"Всего"	"0"	"Всего"	"0"	"7 957"
"Безработное население (в возрасте 15 лет и старше)(Человек)"	"1 квартал 2010 г."	"201003"	"МАНГИСТАУСКАЯ ОБЛАСТЬ"	"0"	"сельская местность"	"0"	"Всего"	"0"	"Всего"	"0"	"Всего"	"0"	"7 170"
"Безработное население (в возрасте 15 лет и старше)(Человек)"	"1 квартал 2015 г."	"201503"	"МАНГИСТАУСКАЯ ОБЛАСТЬ"	"0"	"сельская местность"	"0"	"Всего"	"0"	"Всего"	"0"	"Всего"	"0"	"5 452"
"Безработное население (в возрасте 15 лет и старше)(Человек)"	"2 квартал 2015 г."	"201506"	"МАНГИСТАУСКАЯ ОБЛАСТЬ"	"0"	"сельская местность"	"0"	"Всего"	"0"	"Всего"	"0"	"Всего"	"0"	"7 137"
"Безработное население (в возрасте 15 лет и старше)(Человек)"	"1 квартал 2012 г."	"201203"	"МАНГИСТАУСКАЯ ОБЛАСТЬ"	"0"	"сельская местность"	"0"	"Всего"	"0"	"Всего"	"0"	"Всего"	"0"	"8 388"
"Безработное население (в возрасте 15 лет и старше)(Человек)"	"2 квартал 2012 г."	"201206"	"МАНГИСТАУСКАЯ ОБЛАСТЬ"	"0"	"сельская местность"	"0"	"Всего"	"0"	"Всего"	"0"	"Всего"	"0"	"8 124"
"Безработное население (в возрасте 15 лет и старше)(Человек)"	"4 квартал 2012 г."	"201212"	"МАНГИСТАУСКАЯ ОБЛАСТЬ"	"0"	"сельская местность"	"0"	"Всего"	"0"	"Всего"	"0"	"Всего"	"0"	"7 976"
"Безработное население (в возрасте 15 лет и старше)(Человек)"	"4 квартал 2019 г."	"201912"	"МАНГИСТАУСКАЯ ОБЛАСТЬ"	"0"	"сельская местность"	"0"	"Всего"	"0"	"Всего"	"0"	"Всего"	"0"	"8 485"
"Безработное население (в возрасте 15 лет и старше)(Человек)"	"4 квартал 2016 г."	"201612"	"МАНГИСТАУСКАЯ ОБЛАСТЬ"	"0"	"сельская местность"	"0"	"Всего"	"0"	"Всего"	"0"	"Всего"	"0"	"7 329"
"Безработное население (в возрасте 15 лет и старше)(Человек)"	"3 квартал 2010 г."	"201009"	"МАНГИСТАУСКАЯ ОБЛАСТЬ"	"0"	"сельская местность"	"0"	"Всего"	"0"	"Всего"	"0"	"Всего"	"0"	"6 226"
"Безработное население (в возрасте 15 лет и старше)(Человек)"	"1 квартал 2011 г."	"201103"	"МАНГИСТАУСКАЯ ОБЛАСТЬ"	"0"	"сельская местность"	"0"	"Всего"	"0"	"Всего"	"0"	"Всего"	"0"	"5 899"
"Безработное население (в возрасте 15 лет и старше)(Человек)"	"2 квартал 2013 г."	"201306"	"МАНГИСТАУСКАЯ ОБЛАСТЬ"	"0"	"сельская местность"	"0"	"Всего"	"0"	"Всего"	"0"	"Всего"	"0"	"7 811"
"Безработное население (в возрасте 15 лет и старше)(Человек)"	"4 квартал 2011 г."	"201112"	"МАНГИСТАУСКАЯ ОБЛАСТЬ"	"0"	"сельская местность"	"0"	"Всего"	"0"	"Всего"	"0"	"Всего"	"0"	"8 535"
"Безработное население (в возрасте 15 лет и старше)(Человек)"	"3 квартал 2013 г."	"201309"	"МАНГИСТАУСКАЯ ОБЛАСТЬ"	"0"	"сельская местность"	"0"	"Всего"	"0"	"Всего"	"0"	"Всего"	"0"	"8 306"
"Безработное население (в возрасте 15 лет и старше)(Человек)"	"1 квартал 2013 г."	"201303"	"МАНГИСТАУСКАЯ ОБЛАСТЬ"	"0"	"сельская местность"	"0"	"Всего"	"0"	"Всего"	"0"	"Всего"	"0"	"8 078"
"Безработное население (в возрасте 15 лет и старше)(Человек)"	"4 квартал 2010 г."	"201012"	"МАНГИСТАУСКАЯ ОБЛАСТЬ"	"0"	"сельская местность"	"0"	"Всего"	"0"	"Всего"	"0"	"Всего"	"0"	"5 958"
"Безработное население (в возрасте 15 лет и старше)(Человек)"	"2 квартал 2011 г."	"201106"	"МАНГИСТАУСКАЯ ОБЛАСТЬ"	"0"	"сельская местность"	"0"	"Всего"	"0"	"Всего"	"0"	"Всего"	"0"	"6 034"
"Безработное население (в возрасте 15 лет и старше)(Человек)"	"3 квартал 2015 г."	"201509"	"МАНГИСТАУСКАЯ ОБЛАСТЬ"	"0"	"сельская местность"	"0"	"Всего"	"0"	"Всего"	"0"	"Всего"	"0"	"8 954"
"Безработное население (в возрасте 15 лет и старше)(Человек)"	"4 квартал 2013 г."	"201312"	"МАНГИСТАУСКАЯ ОБЛАСТЬ"	"0"	"сельская местность"	"0"	"Всего"	"0"	"Всего"	"0"	"Всего"	"0"	"6 868"
"Безработное население (в возрасте 15 лет и старше)(Человек)"	"3 квартал 2012 г."	"201209"	"МАНГИСТАУСКАЯ ОБЛАСТЬ"	"0"	"сельская местность"	"0"	"Всего"	"0"	"Всего"	"0"	"Всего"	"0"	"8 042"
"Безработное население (в возрасте 15 лет и старше)(Человек)"	"2 квартал 2017 г."	"201706"	"МАНГИСТАУСКАЯ ОБЛАСТЬ"	"0"	"сельская местность"	"0"	"Всего"	"0"	"Всего"	"0"	"Всего"	"0"	"6 803"
"Безработное население (в возрасте 15 лет и старше)(Человек)"	"1 квартал 2014 г."	"201403"	"МАНГИСТАУСКАЯ ОБЛАСТЬ"	"0"	"сельская местность"	"0"	"Всего"	"0"	"Всего"	"0"	"Всего"	"0"	"5 648"
"Безработное население (в возрасте 15 лет и старше)(Человек)"	"3 квартал 2014 г."	"201409"	"МАНГИСТАУСКАЯ ОБЛАСТЬ"	"0"	"сельская местность"	"0"	"Всего"	"0"	"Всего"	"0"	"Всего"	"0"	"6 803"
"Безработное население (в возрасте 15 лет и старше)(Человек)"	"2 квартал 2014 г."	"201406"	"МАНГИСТАУСКАЯ ОБЛАСТЬ"	"0"	"сельская местность"	"0"	"Всего"	"0"	"Всего"	"0"	"Всего"	"0"	"5 625"
"Безработное население (в возрасте 15 лет и старше)(Человек)"	"4 квартал 2014 г."	"201412"	"МАНГИСТАУСКАЯ ОБЛАСТЬ"	"0"	"сельская местность"	"0"	"Всего"	"0"	"Всего"	"0"	"Всего"	"0"	"6 139"
"Безработное население (в возрасте 15 лет и старше)(Человек)"	"3 квартал 2019 г."	"201909"	"МАНГИСТАУСКАЯ ОБЛАСТЬ"	"0"	"сельская местность"	"0"	"Всего"	"0"	"Всего"	"0"	"Всего"	"0"	"10 047"
"Безработное население (в возрасте 15 лет и старше)(Человек)"	"4 квартал 2015 г."	"201512"	"МАНГИСТАУСКАЯ ОБЛАСТЬ"	"0"	"сельская местность"	"0"	"Всего"	"0"	"Всего"	"0"	"Всего"	"0"	"8 011"
"Безработное население (в возрасте 15 лет и старше)(Человек)"	"4 квартал 2018 г."	"201812"	"МАНГИСТАУСКАЯ ОБЛАСТЬ"	"0"	"сельская местность"	"0"	"Всего"	"0"	"Всего"	"0"	"Всего"	"0"	"10 825"
"Безработное население (в возрасте 15 лет и старше)(Человек)"	"4 квартал 2017 г."	"201712"	"МАНГИСТАУСКАЯ ОБЛАСТЬ"	"0"	"сельская местность"	"0"	"Всего"	"0"	"Всего"	"0"	"Всего"	"0"	"7 762"
"Безработное население (в возрасте 15 лет и старше)(Человек)"	"1 квартал 2017 г."	"201703"	"МАНГИСТАУСКАЯ ОБЛАСТЬ"	"0"	"сельская местность"	"0"	"Всего"	"0"	"Всего"	"0"	"Всего"	"0"	"7 162"
"Безработное население (в возрасте 15 лет и старше)(Человек)"	"2 квартал 2019 г."	"201906"	"МАНГИСТАУСКАЯ ОБЛАСТЬ"	"0"	"сельская местность"	"0"	"Всего"	"0"	"Всего"	"0"	"Всего"	"0"	"8 788"
"Безработное население (в возрасте 15 лет и старше)(Человек)"	"1 квартал 2019 г."	"201903"	"МАНГИСТАУСКАЯ ОБЛАСТЬ"	"0"	"сельская местность"	"0"	"Всего"	"0"	"Всего"	"0"	"Всего"	"0"	"8 745"
"Безработное население (в возрасте 15 лет и старше)(Человек)"	"1 квартал 2018 г."	"201803"	"МАНГИСТАУСКАЯ ОБЛАСТЬ"	"0"	"сельская местность"	"0"	"Всего"	"0"	"Всего"	"0"	"Всего"	"0"	"8 515"
"Безработное население (в возрасте 15 лет и старше)(Человек)"	"3 квартал 2018 г."	"201809"	"МАНГИСТАУСКАЯ ОБЛАСТЬ"	"0"	"сельская местность"	"0"	"Всего"	"0"	"Всего"	"0"	"Всего"	"0"	"8 892"
"Безработное население (в возрасте 15 лет и старше)(Человек)"	"1 квартал 2016 г."	"201603"	"МАНГИСТАУСКАЯ ОБЛАСТЬ"	"0"	"сельская местность"	"0"	"Всего"	"0"	"Всего"	"0"	"Всего"	"0"	"7 432"
"Безработное население (в возрасте 15 лет и старше)(Человек)"	"3 квартал 2016 г."	"201609"	"МАНГИСТАУСКАЯ ОБЛАСТЬ"	"0"	"сельская местность"	"0"	"Всего"	"0"	"Всего"	"0"	"Всего"	"0"	"6 757"
"Безработное население (в возрасте 15 лет и старше)(Человек)"	"3 квартал 2017 г."	"201709"	"МАНГИСТАУСКАЯ ОБЛАСТЬ"	"0"	"сельская местность"	"0"	"Всего"	"0"	"Всего"	"0"	"Всего"	"0"	"7 466"
"Безработное население (в возрасте 15 лет и старше)(Человек)"	"2 квартал 2018 г."	"201806"	"МАНГИСТАУСКАЯ ОБЛАСТЬ"	"0"	"сельская местность"	"0"	"Всего"	"0"	"Всего"	"0"	"Всего"	"0"	"5 327"
"Безработное население (в возрасте 15 лет и старше)(Человек)"	"1 квартал 2021 г."	"202103"	"МАНГИСТАУСКАЯ ОБЛАСТЬ"	"0"	"сельская местность"	"0"	"Всего"	"0"	"Всего"	"0"	"Всего"	"0"	"9 051"
"Безработное население (в возрасте 15 лет и старше)(Человек)"	"2 квартал 2021 г."	"202106"	"МАНГИСТАУСКАЯ ОБЛАСТЬ"	"0"	"сельская местность"	"0"	"Всего"	"0"	"Всего"	"0"	"Всего"	"0"	"10 769"
"Безработное население (в возрасте 15 лет и старше)(Человек)"	"3 квартал 2021 г."	"202109"	"МАНГИСТАУСКАЯ ОБЛАСТЬ"	"0"	"сельская местность"	"0"	"Всего"	"0"	"Всего"	"0"	"Всего"	"0"	"11 003"
"Безработное население (в возрасте 15 лет и старше)(Человек)"	"3 квартал 2020 г."	"202009"	"МАНГИСТАУСКАЯ ОБЛАСТЬ"	"0"	"сельская местность"	"0"	"Всего"	"0"	"Всего"	"0"	"Всего"	"0"	"9 609"
"Безработное население (в возрасте 15 лет и старше)(Человек)"	"4 квартал 2020 г."	"202012"	"МАНГИСТАУСКАЯ ОБЛАСТЬ"	"0"	"сельская местность"	"0"	"Всего"	"0"	"Всего"	"0"	"Всего"	"0"	"9 499"
"Безработное население (в возрасте 15 лет и старше)(Человек)"	"4 квартал 2021 г."	"202112"	"МАНГИСТАУСКАЯ ОБЛАСТЬ"	"0"	"сельская местность"	"0"	"Всего"	"0"	"Всего"	"0"	"Всего"	"0"	"9 778"
"Безработное население (в возрасте 15 лет и старше)(Человек)"	"1 квартал 2020 г."	"202003"	"МАНГИСТАУСКАЯ ОБЛАСТЬ"	"0"	"сельская местность"	"0"	"Всего"	"0"	"Всего"	"0"	"Всего"	"0"	"9 828"
"Безработное население (в возрасте 15 лет и старше)(Человек)"	"2 квартал 2020 г."	"202006"	"МАНГИСТАУСКАЯ ОБЛАСТЬ"	"0"	"сельская местность"	"0"	"Всего"	"0"	"Всего"	"0"	"Всего"	"0"	"10 405"
"Безработное население (в возрасте 15 лет и старше)(Человек)"	"2 квартал 2022 г."	"202206"	"МАНГИСТАУСКАЯ ОБЛАСТЬ"	"0"	"сельская местность"	"0"	"Всего"	"0"	"Всего"	"0"	"Всего"	"0"	"11 629"
"Безработное население (в возрасте 15 лет и старше)(Человек)"	"1 квартал 2022 г."	"202203"	"МАНГИСТАУСКАЯ ОБЛАСТЬ"	"0"	"сельская местность"	"0"	"Всего"	"0"	"Всего"	"0"	"Всего"	"0"	"9 450"
"Безработное население (в возрасте 15 лет и старше)(Человек)"	"4 квартал 2022 г."	"202212"	"МАНГИСТАУСКАЯ ОБЛАСТЬ"	"0"	"сельская местность"	"0"	"Всего"	"0"	"Всего"	"0"	"Всего"	"0"	"8 773"
"Безработное население (в возрасте 15 лет и старше)(Человек)"	"3 квартал 2022 г."	"202209"	"МАНГИСТАУСКАЯ ОБЛАСТЬ"	"0"	"сельская местность"	"0"	"Всего"	"0"	"Всего"	"0"	"Всего"	"0"	"10 172"
"Безработное население (в возрасте 15 лет и старше)(Человек)"	"1 квартал 2023 г."	"202303"	"МАНГИСТАУСКАЯ ОБЛАСТЬ"	"0"	"сельская местность"	"0"	"Всего"	"0"	"Всего"	"0"	"Всего"	"0"	"10 600"
"Безработное население (в возрасте 15 лет и старше)(Человек)"	"3 квартал 2023 г."	"202309"	"МАНГИСТАУСКАЯ ОБЛАСТЬ"	"0"	"сельская местность"	"0"	"Всего"	"0"	"Всего"	"0"	"Всего"	"0"	"10 379"
"Безработное население (в возрасте 15 лет и старше)(Человек)"	"4 квартал 2023 г."	"202312"	"МАНГИСТАУСКАЯ ОБЛАСТЬ"	"0"	"сельская местность"	"0"	"Всего"	"0"	"Всего"	"0"	"Всего"	"0"	"9 147"
"Безработное население (в возрасте 15 лет и старше)(Человек)"	"2 квартал 2023 г."	"202306"	"МАНГИСТАУСКАЯ ОБЛАСТЬ"	"0"	"сельская местность"	"0"	"Всего"	"0"	"Всего"	"0"	"Всего"	"0"	"9 781"
"Безработное население (в возрасте 15 лет и старше)(Человек)"	"1 квартал 2024 г."	"202403"	"МАНГИСТАУСКАЯ ОБЛАСТЬ"	"0"	"сельская местность"	"0"	"Всего"	"0"	"Всего"	"0"	"Всего"	"0"	"10 176"
"Безработное население (в возрасте 15 лет и старше)(Человек)"	"2 квартал 2024 г."	"202406"	"МАНГИСТАУСКАЯ ОБЛАСТЬ"	"0"	"сельская местность"	"0"	"Всего"	"0"	"Всего"	"0"	"Всего"	"0"	"10 665"
"Безработное население (в возрасте 15 лет и старше)(Человек)"	"3 квартал 2024 г."	"202409"	"МАНГИСТАУСКАЯ ОБЛАСТЬ"	"0"	"сельская местность"	"0"	"Всего"	"0"	"Всего"	"0"	"Всего"	"0"	"12 326"
"Безработное население (в возрасте 15 лет и старше)(Человек)"	"4 квартал 2024 г."	"202412"	"МАНГИСТАУСКАЯ ОБЛАСТЬ"	"0"	"сельская местность"	"0"	"Всего"	"0"	"Всего"	"0"	"Всего"	"0"	"11 200"
"Безработное население (в возрасте 15 лет и старше)(Человек)"	"1 квартал 2025 г."	"202503"	"МАНГИСТАУСКАЯ ОБЛАСТЬ"	"0"	"сельская местность"	"0"	"Всего"	"0"	"Всего"	"0"	"Всего"	"0"	"10 403"
"Безработное население (в возрасте 15 лет и старше)(Человек)"	"2 квартал 2025 г."	"202506"	"МАНГИСТАУСКАЯ ОБЛАСТЬ"	"0"	"сельская местность"	"0"	"Всего"	"0"	"Всего"	"0"	"Всего"	"0"	"11 456"
"Безработное население (в возрасте 15 лет и старше)(Человек)"	"2 квартал 2016 г."	"201606"	"КЫЗЫЛОРДИНСКАЯ ОБЛАСТЬ"	"0"	"сельская местность"	"0"	"Всего"	"0"	"Всего"	"0"	"Всего"	"0"	"10 489"
"Безработное население (в возрасте 15 лет и старше)(Человек)"	"2 квартал 2010 г."	"201006"	"КЫЗЫЛОРДИНСКАЯ ОБЛАСТЬ"	"0"	"сельская местность"	"0"	"Всего"	"0"	"Всего"	"0"	"Всего"	"0"	"12 371"
"Безработное население (в возрасте 15 лет и старше)(Человек)"	"3 квартал 2011 г."	"201109"	"КЫЗЫЛОРДИНСКАЯ ОБЛАСТЬ"	"0"	"сельская местность"	"0"	"Всего"	"0"	"Всего"	"0"	"Всего"	"0"	"10 900"
"Безработное население (в возрасте 15 лет и старше)(Человек)"	"1 квартал 2010 г."	"201003"	"КЫЗЫЛОРДИНСКАЯ ОБЛАСТЬ"	"0"	"сельская местность"	"0"	"Всего"	"0"	"Всего"	"0"	"Всего"	"0"	"12 533"
"Безработное население (в возрасте 15 лет и старше)(Человек)"	"1 квартал 2015 г."	"201503"	"КЫЗЫЛОРДИНСКАЯ ОБЛАСТЬ"	"0"	"сельская местность"	"0"	"Всего"	"0"	"Всего"	"0"	"Всего"	"0"	"10 010"
"Безработное население (в возрасте 15 лет и старше)(Человек)"	"2 квартал 2015 г."	"201506"	"КЫЗЫЛОРДИНСКАЯ ОБЛАСТЬ"	"0"	"сельская местность"	"0"	"Всего"	"0"	"Всего"	"0"	"Всего"	"0"	"9 507"
"Безработное население (в возрасте 15 лет и старше)(Человек)"	"1 квартал 2012 г."	"201203"	"КЫЗЫЛОРДИНСКАЯ ОБЛАСТЬ"	"0"	"сельская местность"	"0"	"Всего"	"0"	"Всего"	"0"	"Всего"	"0"	"11 240"
"Безработное население (в возрасте 15 лет и старше)(Человек)"	"2 квартал 2012 г."	"201206"	"КЫЗЫЛОРДИНСКАЯ ОБЛАСТЬ"	"0"	"сельская местность"	"0"	"Всего"	"0"	"Всего"	"0"	"Всего"	"0"	"11 015"
"Безработное население (в возрасте 15 лет и старше)(Человек)"	"4 квартал 2012 г."	"201212"	"КЫЗЫЛОРДИНСКАЯ ОБЛАСТЬ"	"0"	"сельская местность"	"0"	"Всего"	"0"	"Всего"	"0"	"Всего"	"0"	"10 618"
"Безработное население (в возрасте 15 лет и старше)(Человек)"	"4 квартал 2019 г."	"201912"	"КЫЗЫЛОРДИНСКАЯ ОБЛАСТЬ"	"0"	"сельская местность"	"0"	"Всего"	"0"	"Всего"	"0"	"Всего"	"0"	"8 924"
"Безработное население (в возрасте 15 лет и старше)(Человек)"	"4 квартал 2016 г."	"201612"	"КЫЗЫЛОРДИНСКАЯ ОБЛАСТЬ"	"0"	"сельская местность"	"0"	"Всего"	"0"	"Всего"	"0"	"Всего"	"0"	"9 761"
"Безработное население (в возрасте 15 лет и старше)(Человек)"	"3 квартал 2010 г."	"201009"	"КЫЗЫЛОРДИНСКАЯ ОБЛАСТЬ"	"0"	"сельская местность"	"0"	"Всего"	"0"	"Всего"	"0"	"Всего"	"0"	"11 753"
"Безработное население (в возрасте 15 лет и старше)(Человек)"	"1 квартал 2011 г."	"201103"	"КЫЗЫЛОРДИНСКАЯ ОБЛАСТЬ"	"0"	"сельская местность"	"0"	"Всего"	"0"	"Всего"	"0"	"Всего"	"0"	"11 823"
"Безработное население (в возрасте 15 лет и старше)(Человек)"	"2 квартал 2013 г."	"201306"	"КЫЗЫЛОРДИНСКАЯ ОБЛАСТЬ"	"0"	"сельская местность"	"0"	"Всего"	"0"	"Всего"	"0"	"Всего"	"0"	"10 631"
"Безработное население (в возрасте 15 лет и старше)(Человек)"	"4 квартал 2011 г."	"201112"	"КЫЗЫЛОРДИНСКАЯ ОБЛАСТЬ"	"0"	"сельская местность"	"0"	"Всего"	"0"	"Всего"	"0"	"Всего"	"0"	"11 027"
"Безработное население (в возрасте 15 лет и старше)(Человек)"	"3 квартал 2013 г."	"201309"	"КЫЗЫЛОРДИНСКАЯ ОБЛАСТЬ"	"0"	"сельская местность"	"0"	"Всего"	"0"	"Всего"	"0"	"Всего"	"0"	"10 598"
"Безработное население (в возрасте 15 лет и старше)(Человек)"	"1 квартал 2013 г."	"201303"	"КЫЗЫЛОРДИНСКАЯ ОБЛАСТЬ"	"0"	"сельская местность"	"0"	"Всего"	"0"	"Всего"	"0"	"Всего"	"0"	"10 467"
"Безработное население (в возрасте 15 лет и старше)(Человек)"	"4 квартал 2010 г."	"201012"	"КЫЗЫЛОРДИНСКАЯ ОБЛАСТЬ"	"0"	"сельская местность"	"0"	"Всего"	"0"	"Всего"	"0"	"Всего"	"0"	"11 753"
"Безработное население (в возрасте 15 лет и старше)(Человек)"	"2 квартал 2011 г."	"201106"	"КЫЗЫЛОРДИНСКАЯ ОБЛАСТЬ"	"0"	"сельская местность"	"0"	"Всего"	"0"	"Всего"	"0"	"Всего"	"0"	"11 977"
"Безработное население (в возрасте 15 лет и старше)(Человек)"	"3 квартал 2015 г."	"201509"	"КЫЗЫЛОРДИНСКАЯ ОБЛАСТЬ"	"0"	"сельская местность"	"0"	"Всего"	"0"	"Всего"	"0"	"Всего"	"0"	"9 684"
"Безработное население (в возрасте 15 лет и старше)(Человек)"	"4 квартал 2013 г."	"201312"	"КЫЗЫЛОРДИНСКАЯ ОБЛАСТЬ"	"0"	"сельская местность"	"0"	"Всего"	"0"	"Всего"	"0"	"Всего"	"0"	"10 548"
"Безработное население (в возрасте 15 лет и старше)(Человек)"	"3 квартал 2012 г."	"201209"	"КЫЗЫЛОРДИНСКАЯ ОБЛАСТЬ"	"0"	"сельская местность"	"0"	"Всего"	"0"	"Всего"	"0"	"Всего"	"0"	"10 849"
"Безработное население (в возрасте 15 лет и старше)(Человек)"	"2 квартал 2017 г."	"201706"	"КЫЗЫЛОРДИНСКАЯ ОБЛАСТЬ"	"0"	"сельская местность"	"0"	"Всего"	"0"	"Всего"	"0"	"Всего"	"0"	"10 373"
"Безработное население (в возрасте 15 лет и старше)(Человек)"	"1 квартал 2014 г."	"201403"	"КЫЗЫЛОРДИНСКАЯ ОБЛАСТЬ"	"0"	"сельская местность"	"0"	"Всего"	"0"	"Всего"	"0"	"Всего"	"0"	"10 757"
"Безработное население (в возрасте 15 лет и старше)(Человек)"	"3 квартал 2014 г."	"201409"	"КЫЗЫЛОРДИНСКАЯ ОБЛАСТЬ"	"0"	"сельская местность"	"0"	"Всего"	"0"	"Всего"	"0"	"Всего"	"0"	"10 499"
"Безработное население (в возрасте 15 лет и старше)(Человек)"	"2 квартал 2014 г."	"201406"	"КЫЗЫЛОРДИНСКАЯ ОБЛАСТЬ"	"0"	"сельская местность"	"0"	"Всего"	"0"	"Всего"	"0"	"Всего"	"0"	"10 635"
"Безработное население (в возрасте 15 лет и старше)(Человек)"	"4 квартал 2014 г."	"201412"	"КЫЗЫЛОРДИНСКАЯ ОБЛАСТЬ"	"0"	"сельская местность"	"0"	"Всего"	"0"	"Всего"	"0"	"Всего"	"0"	"10 659"
"Безработное население (в возрасте 15 лет и старше)(Человек)"	"3 квартал 2019 г."	"201909"	"КЫЗЫЛОРДИНСКАЯ ОБЛАСТЬ"	"0"	"сельская местность"	"0"	"Всего"	"0"	"Всего"	"0"	"Всего"	"0"	"9 241"
"Безработное население (в возрасте 15 лет и старше)(Человек)"	"4 квартал 2015 г."	"201512"	"КЫЗЫЛОРДИНСКАЯ ОБЛАСТЬ"	"0"	"сельская местность"	"0"	"Всего"	"0"	"Всего"	"0"	"Всего"	"0"	"9 725"
"Безработное население (в возрасте 15 лет и старше)(Человек)"	"4 квартал 2018 г."	"201812"	"КЫЗЫЛОРДИНСКАЯ ОБЛАСТЬ"	"0"	"сельская местность"	"0"	"Всего"	"0"	"Всего"	"0"	"Всего"	"0"	"9 874"
"Безработное население (в возрасте 15 лет и старше)(Человек)"	"4 квартал 2017 г."	"201712"	"КЫЗЫЛОРДИНСКАЯ ОБЛАСТЬ"	"0"	"сельская местность"	"0"	"Всего"	"0"	"Всего"	"0"	"Всего"	"0"	"9 609"
"Безработное население (в возрасте 15 лет и старше)(Человек)"	"1 квартал 2017 г."	"201703"	"КЫЗЫЛОРДИНСКАЯ ОБЛАСТЬ"	"0"	"сельская местность"	"0"	"Всего"	"0"	"Всего"	"0"	"Всего"	"0"	"9 388"
"Безработное население (в возрасте 15 лет и старше)(Человек)"	"2 квартал 2019 г."	"201906"	"КЫЗЫЛОРДИНСКАЯ ОБЛАСТЬ"	"0"	"сельская местность"	"0"	"Всего"	"0"	"Всего"	"0"	"Всего"	"0"	"9 720"
"Безработное население (в возрасте 15 лет и старше)(Человек)"	"1 квартал 2019 г."	"201903"	"КЫЗЫЛОРДИНСКАЯ ОБЛАСТЬ"	"0"	"сельская местность"	"0"	"Всего"	"0"	"Всего"	"0"	"Всего"	"0"	"10 931"
"Безработное население (в возрасте 15 лет и старше)(Человек)"	"1 квартал 2018 г."	"201803"	"КЫЗЫЛОРДИНСКАЯ ОБЛАСТЬ"	"0"	"сельская местность"	"0"	"Всего"	"0"	"Всего"	"0"	"Всего"	"0"	"9 916"
"Безработное население (в возрасте 15 лет и старше)(Человек)"	"3 квартал 2018 г."	"201809"	"КЫЗЫЛОРДИНСКАЯ ОБЛАСТЬ"	"0"	"сельская местность"	"0"	"Всего"	"0"	"Всего"	"0"	"Всего"	"0"	"9 614"
"Безработное население (в возрасте 15 лет и старше)(Человек)"	"1 квартал 2016 г."	"201603"	"КЫЗЫЛОРДИНСКАЯ ОБЛАСТЬ"	"0"	"сельская местность"	"0"	"Всего"	"0"	"Всего"	"0"	"Всего"	"0"	"9 508"
"Безработное население (в возрасте 15 лет и старше)(Человек)"	"3 квартал 2016 г."	"201609"	"КЫЗЫЛОРДИНСКАЯ ОБЛАСТЬ"	"0"	"сельская местность"	"0"	"Всего"	"0"	"Всего"	"0"	"Всего"	"0"	"9 371"
"Безработное население (в возрасте 15 лет и старше)(Человек)"	"3 квартал 2017 г."	"201709"	"КЫЗЫЛОРДИНСКАЯ ОБЛАСТЬ"	"0"	"сельская местность"	"0"	"Всего"	"0"	"Всего"	"0"	"Всего"	"0"	"10 405"
"Безработное население (в возрасте 15 лет и старше)(Человек)"	"2 квартал 2018 г."	"201806"	"КЫЗЫЛОРДИНСКАЯ ОБЛАСТЬ"	"0"	"сельская местность"	"0"	"Всего"	"0"	"Всего"	"0"	"Всего"	"0"	"10 385"
"Безработное население (в возрасте 15 лет и старше)(Человек)"	"1 квартал 2021 г."	"202103"	"КЫЗЫЛОРДИНСКАЯ ОБЛАСТЬ"	"0"	"сельская местность"	"0"	"Всего"	"0"	"Всего"	"0"	"Всего"	"0"	"10 239"
"Безработное население (в возрасте 15 лет и старше)(Человек)"	"2 квартал 2021 г."	"202106"	"КЫЗЫЛОРДИНСКАЯ ОБЛАСТЬ"	"0"	"сельская местность"	"0"	"Всего"	"0"	"Всего"	"0"	"Всего"	"0"	"8 852"
"Безработное население (в возрасте 15 лет и старше)(Человек)"	"3 квартал 2021 г."	"202109"	"КЫЗЫЛОРДИНСКАЯ ОБЛАСТЬ"	"0"	"сельская местность"	"0"	"Всего"	"0"	"Всего"	"0"	"Всего"	"0"	"9 158"
"Безработное население (в возрасте 15 лет и старше)(Человек)"	"3 квартал 2020 г."	"202009"	"КЫЗЫЛОРДИНСКАЯ ОБЛАСТЬ"	"0"	"сельская местность"	"0"	"Всего"	"0"	"Всего"	"0"	"Всего"	"0"	"9 249"
"Безработное население (в возрасте 15 лет и старше)(Человек)"	"4 квартал 2020 г."	"202012"	"КЫЗЫЛОРДИНСКАЯ ОБЛАСТЬ"	"0"	"сельская местность"	"0"	"Всего"	"0"	"Всего"	"0"	"Всего"	"0"	"8 423"
"Безработное население (в возрасте 15 лет и старше)(Человек)"	"4 квартал 2021 г."	"202112"	"КЫЗЫЛОРДИНСКАЯ ОБЛАСТЬ"	"0"	"сельская местность"	"0"	"Всего"	"0"	"Всего"	"0"	"Всего"	"0"	"8 977"
"Безработное население (в возрасте 15 лет и старше)(Человек)"	"1 квартал 2020 г."	"202003"	"КЫЗЫЛОРДИНСКАЯ ОБЛАСТЬ"	"0"	"сельская местность"	"0"	"Всего"	"0"	"Всего"	"0"	"Всего"	"0"	"10 201"
"Безработное население (в возрасте 15 лет и старше)(Человек)"	"2 квартал 2020 г."	"202006"	"КЫЗЫЛОРДИНСКАЯ ОБЛАСТЬ"	"0"	"сельская местность"	"0"	"Всего"	"0"	"Всего"	"0"	"Всего"	"0"	"9 700"
"Безработное население (в возрасте 15 лет и старше)(Человек)"	"2 квартал 2022 г."	"202206"	"КЫЗЫЛОРДИНСКАЯ ОБЛАСТЬ"	"0"	"сельская местность"	"0"	"Всего"	"0"	"Всего"	"0"	"Всего"	"0"	"9 761"
"Безработное население (в возрасте 15 лет и старше)(Человек)"	"1 квартал 2022 г."	"202203"	"КЫЗЫЛОРДИНСКАЯ ОБЛАСТЬ"	"0"	"сельская местность"	"0"	"Всего"	"0"	"Всего"	"0"	"Всего"	"0"	"8 743"
"Безработное население (в возрасте 15 лет и старше)(Человек)"	"4 квартал 2022 г."	"202212"	"КЫЗЫЛОРДИНСКАЯ ОБЛАСТЬ"	"0"	"сельская местность"	"0"	"Всего"	"0"	"Всего"	"0"	"Всего"	"0"	"7 936"
"Безработное население (в возрасте 15 лет и старше)(Человек)"	"3 квартал 2022 г."	"202209"	"КЫЗЫЛОРДИНСКАЯ ОБЛАСТЬ"	"0"	"сельская местность"	"0"	"Всего"	"0"	"Всего"	"0"	"Всего"	"0"	"9 325"
"Безработное население (в возрасте 15 лет и старше)(Человек)"	"1 квартал 2023 г."	"202303"	"КЫЗЫЛОРДИНСКАЯ ОБЛАСТЬ"	"0"	"сельская местность"	"0"	"Всего"	"0"	"Всего"	"0"	"Всего"	"0"	"9 141"
"Безработное население (в возрасте 15 лет и старше)(Человек)"	"3 квартал 2023 г."	"202309"	"КЫЗЫЛОРДИНСКАЯ ОБЛАСТЬ"	"0"	"сельская местность"	"0"	"Всего"	"0"	"Всего"	"0"	"Всего"	"0"	"8 525"
"Безработное население (в возрасте 15 лет и старше)(Человек)"	"4 квартал 2023 г."	"202312"	"КЫЗЫЛОРДИНСКАЯ ОБЛАСТЬ"	"0"	"сельская местность"	"0"	"Всего"	"0"	"Всего"	"0"	"Всего"	"0"	"8 274"
"Безработное население (в возрасте 15 лет и старше)(Человек)"	"2 квартал 2023 г."	"202306"	"КЫЗЫЛОРДИНСКАЯ ОБЛАСТЬ"	"0"	"сельская местность"	"0"	"Всего"	"0"	"Всего"	"0"	"Всего"	"0"	"9 193"
"Безработное население (в возрасте 15 лет и старше)(Человек)"	"1 квартал 2024 г."	"202403"	"КЫЗЫЛОРДИНСКАЯ ОБЛАСТЬ"	"0"	"сельская местность"	"0"	"Всего"	"0"	"Всего"	"0"	"Всего"	"0"	"8 564"
"Безработное население (в возрасте 15 лет и старше)(Человек)"	"2 квартал 2024 г."	"202406"	"КЫЗЫЛОРДИНСКАЯ ОБЛАСТЬ"	"0"	"сельская местность"	"0"	"Всего"	"0"	"Всего"	"0"	"Всего"	"0"	"10 749"
"Безработное население (в возрасте 15 лет и старше)(Человек)"	"3 квартал 2024 г."	"202409"	"КЫЗЫЛОРДИНСКАЯ ОБЛАСТЬ"	"0"	"сельская местность"	"0"	"Всего"	"0"	"Всего"	"0"	"Всего"	"0"	"9 082"
"Безработное население (в возрасте 15 лет и старше)(Человек)"	"4 квартал 2024 г."	"202412"	"КЫЗЫЛОРДИНСКАЯ ОБЛАСТЬ"	"0"	"сельская местность"	"0"	"Всего"	"0"	"Всего"	"0"	"Всего"	"0"	"9 579"
"Безработное население (в возрасте 15 лет и старше)(Человек)"	"1 квартал 2025 г."	"202503"	"КЫЗЫЛОРДИНСКАЯ ОБЛАСТЬ"	"0"	"сельская местность"	"0"	"Всего"	"0"	"Всего"	"0"	"Всего"	"0"	"8 731"
"Безработное население (в возрасте 15 лет и старше)(Человек)"	"2 квартал 2025 г."	"202506"	"КЫЗЫЛОРДИНСКАЯ ОБЛАСТЬ"	"0"	"сельская местность"	"0"	"Всего"	"0"	"Всего"	"0"	"Всего"	"0"	"8 826"
"Безработное население (в возрасте 15 лет и старше)(Человек)"	"2 квартал 2016 г."	"201606"	"КОСТАНАЙСКАЯ ОБЛАСТЬ"	"0"	"сельская местность"	"0"	"Всего"	"0"	"Всего"	"0"	"Всего"	"0"	"10 253"
"Безработное население (в возрасте 15 лет и старше)(Человек)"	"2 квартал 2010 г."	"201006"	"КОСТАНАЙСКАЯ ОБЛАСТЬ"	"0"	"сельская местность"	"0"	"Всего"	"0"	"Всего"	"0"	"Всего"	"0"	"11 596"
"Безработное население (в возрасте 15 лет и старше)(Человек)"	"3 квартал 2011 г."	"201109"	"КОСТАНАЙСКАЯ ОБЛАСТЬ"	"0"	"сельская местность"	"0"	"Всего"	"0"	"Всего"	"0"	"Всего"	"0"	"9 309"
"Безработное население (в возрасте 15 лет и старше)(Человек)"	"1 квартал 2010 г."	"201003"	"КОСТАНАЙСКАЯ ОБЛАСТЬ"	"0"	"сельская местность"	"0"	"Всего"	"0"	"Всего"	"0"	"Всего"	"0"	"12 514"
"Безработное население (в возрасте 15 лет и старше)(Человек)"	"1 квартал 2015 г."	"201503"	"КОСТАНАЙСКАЯ ОБЛАСТЬ"	"0"	"сельская местность"	"0"	"Всего"	"0"	"Всего"	"0"	"Всего"	"0"	"9 904"
"Безработное население (в возрасте 15 лет и старше)(Человек)"	"2 квартал 2015 г."	"201506"	"КОСТАНАЙСКАЯ ОБЛАСТЬ"	"0"	"сельская местность"	"0"	"Всего"	"0"	"Всего"	"0"	"Всего"	"0"	"9 876"
"Безработное население (в возрасте 15 лет и старше)(Человек)"	"1 квартал 2012 г."	"201203"	"КОСТАНАЙСКАЯ ОБЛАСТЬ"	"0"	"сельская местность"	"0"	"Всего"	"0"	"Всего"	"0"	"Всего"	"0"	"9 888"
"Безработное население (в возрасте 15 лет и старше)(Человек)"	"2 квартал 2012 г."	"201206"	"КОСТАНАЙСКАЯ ОБЛАСТЬ"	"0"	"сельская местность"	"0"	"Всего"	"0"	"Всего"	"0"	"Всего"	"0"	"9 753"
"Безработное население (в возрасте 15 лет и старше)(Человек)"	"4 квартал 2012 г."	"201212"	"КОСТАНАЙСКАЯ ОБЛАСТЬ"	"0"	"сельская местность"	"0"	"Всего"	"0"	"Всего"	"0"	"Всего"	"0"	"9 485"
"Безработное население (в возрасте 15 лет и старше)(Человек)"	"4 квартал 2019 г."	"201912"	"КОСТАНАЙСКАЯ ОБЛАСТЬ"	"0"	"сельская местность"	"0"	"Всего"	"0"	"Всего"	"0"	"Всего"	"0"	"10 137"
"Безработное население (в возрасте 15 лет и старше)(Человек)"	"4 квартал 2016 г."	"201612"	"КОСТАНАЙСКАЯ ОБЛАСТЬ"	"0"	"сельская местность"	"0"	"Всего"	"0"	"Всего"	"0"	"Всего"	"0"	"10 760"
"Безработное население (в возрасте 15 лет и старше)(Человек)"	"3 квартал 2010 г."	"201009"	"КОСТАНАЙСКАЯ ОБЛАСТЬ"	"0"	"сельская местность"	"0"	"Всего"	"0"	"Всего"	"0"	"Всего"	"0"	"9 695"
"Безработное население (в возрасте 15 лет и старше)(Человек)"	"1 квартал 2011 г."	"201103"	"КОСТАНАЙСКАЯ ОБЛАСТЬ"	"0"	"сельская местность"	"0"	"Всего"	"0"	"Всего"	"0"	"Всего"	"0"	"10 300"
"Безработное население (в возрасте 15 лет и старше)(Человек)"	"2 квартал 2013 г."	"201306"	"КОСТАНАЙСКАЯ ОБЛАСТЬ"	"0"	"сельская местность"	"0"	"Всего"	"0"	"Всего"	"0"	"Всего"	"0"	"9 791"
"Безработное население (в возрасте 15 лет и старше)(Человек)"	"4 квартал 2011 г."	"201112"	"КОСТАНАЙСКАЯ ОБЛАСТЬ"	"0"	"сельская местность"	"0"	"Всего"	"0"	"Всего"	"0"	"Всего"	"0"	"9 496"
"Безработное население (в возрасте 15 лет и старше)(Человек)"	"3 квартал 2013 г."	"201309"	"КОСТАНАЙСКАЯ ОБЛАСТЬ"	"0"	"сельская местность"	"0"	"Всего"	"0"	"Всего"	"0"	"Всего"	"0"	"9 807"
"Безработное население (в возрасте 15 лет и старше)(Человек)"	"1 квартал 2013 г."	"201303"	"КОСТАНАЙСКАЯ ОБЛАСТЬ"	"0"	"сельская местность"	"0"	"Всего"	"0"	"Всего"	"0"	"Всего"	"0"	"9 749"
"Безработное население (в возрасте 15 лет и старше)(Человек)"	"4 квартал 2010 г."	"201012"	"КОСТАНАЙСКАЯ ОБЛАСТЬ"	"0"	"сельская местность"	"0"	"Всего"	"0"	"Всего"	"0"	"Всего"	"0"	"9 993"
"Безработное население (в возрасте 15 лет и старше)(Человек)"	"2 квартал 2011 г."	"201106"	"КОСТАНАЙСКАЯ ОБЛАСТЬ"	"0"	"сельская местность"	"0"	"Всего"	"0"	"Всего"	"0"	"Всего"	"0"	"10 130"
"Безработное население (в возрасте 15 лет и старше)(Человек)"	"3 квартал 2015 г."	"201509"	"КОСТАНАЙСКАЯ ОБЛАСТЬ"	"0"	"сельская местность"	"0"	"Всего"	"0"	"Всего"	"0"	"Всего"	"0"	"10 366"
"Безработное население (в возрасте 15 лет и старше)(Человек)"	"4 квартал 2013 г."	"201312"	"КОСТАНАЙСКАЯ ОБЛАСТЬ"	"0"	"сельская местность"	"0"	"Всего"	"0"	"Всего"	"0"	"Всего"	"0"	"10 017"
"Безработное население (в возрасте 15 лет и старше)(Человек)"	"3 квартал 2012 г."	"201209"	"КОСТАНАЙСКАЯ ОБЛАСТЬ"	"0"	"сельская местность"	"0"	"Всего"	"0"	"Всего"	"0"	"Всего"	"0"	"9 589"
"Безработное население (в возрасте 15 лет и старше)(Человек)"	"2 квартал 2017 г."	"201706"	"КОСТАНАЙСКАЯ ОБЛАСТЬ"	"0"	"сельская местность"	"0"	"Всего"	"0"	"Всего"	"0"	"Всего"	"0"	"11 077"
"Безработное население (в возрасте 15 лет и старше)(Человек)"	"1 квартал 2014 г."	"201403"	"КОСТАНАЙСКАЯ ОБЛАСТЬ"	"0"	"сельская местность"	"0"	"Всего"	"0"	"Всего"	"0"	"Всего"	"0"	"10 344"
"Безработное население (в возрасте 15 лет и старше)(Человек)"	"3 квартал 2014 г."	"201409"	"КОСТАНАЙСКАЯ ОБЛАСТЬ"	"0"	"сельская местность"	"0"	"Всего"	"0"	"Всего"	"0"	"Всего"	"0"	"10 512"
"Безработное население (в возрасте 15 лет и старше)(Человек)"	"2 квартал 2014 г."	"201406"	"КОСТАНАЙСКАЯ ОБЛАСТЬ"	"0"	"сельская местность"	"0"	"Всего"	"0"	"Всего"	"0"	"Всего"	"0"	"10 739"
"Безработное население (в возрасте 15 лет и старше)(Человек)"	"4 квартал 2014 г."	"201412"	"КОСТАНАЙСКАЯ ОБЛАСТЬ"	"0"	"сельская местность"	"0"	"Всего"	"0"	"Всего"	"0"	"Всего"	"0"	"10 748"
"Безработное население (в возрасте 15 лет и старше)(Человек)"	"3 квартал 2019 г."	"201909"	"КОСТАНАЙСКАЯ ОБЛАСТЬ"	"0"	"сельская местность"	"0"	"Всего"	"0"	"Всего"	"0"	"Всего"	"0"	"10 140"
"Безработное население (в возрасте 15 лет и старше)(Человек)"	"4 квартал 2015 г."	"201512"	"КОСТАНАЙСКАЯ ОБЛАСТЬ"	"0"	"сельская местность"	"0"	"Всего"	"0"	"Всего"	"0"	"Всего"	"0"	"11 483"
"Безработное население (в возрасте 15 лет и старше)(Человек)"	"4 квартал 2018 г."	"201812"	"КОСТАНАЙСКАЯ ОБЛАСТЬ"	"0"	"сельская местность"	"0"	"Всего"	"0"	"Всего"	"0"	"Всего"	"0"	"10 775"
"Безработное население (в возрасте 15 лет и старше)(Человек)"	"4 квартал 2017 г."	"201712"	"КОСТАНАЙСКАЯ ОБЛАСТЬ"	"0"	"сельская местность"	"0"	"Всего"	"0"	"Всего"	"0"	"Всего"	"0"	"10 644"
"Безработное население (в возрасте 15 лет и старше)(Человек)"	"1 квартал 2017 г."	"201703"	"КОСТАНАЙСКАЯ ОБЛАСТЬ"	"0"	"сельская местность"	"0"	"Всего"	"0"	"Всего"	"0"	"Всего"	"0"	"10 277"
"Безработное население (в возрасте 15 лет и старше)(Человек)"	"2 квартал 2019 г."	"201906"	"КОСТАНАЙСКАЯ ОБЛАСТЬ"	"0"	"сельская местность"	"0"	"Всего"	"0"	"Всего"	"0"	"Всего"	"0"	"10 195"
"Безработное население (в возрасте 15 лет и старше)(Человек)"	"1 квартал 2019 г."	"201903"	"КОСТАНАЙСКАЯ ОБЛАСТЬ"	"0"	"сельская местность"	"0"	"Всего"	"0"	"Всего"	"0"	"Всего"	"0"	"10 050"
"Безработное население (в возрасте 15 лет и старше)(Человек)"	"1 квартал 2018 г."	"201803"	"КОСТАНАЙСКАЯ ОБЛАСТЬ"	"0"	"сельская местность"	"0"	"Всего"	"0"	"Всего"	"0"	"Всего"	"0"	"10 302"
"Безработное население (в возрасте 15 лет и старше)(Человек)"	"3 квартал 2018 г."	"201809"	"КОСТАНАЙСКАЯ ОБЛАСТЬ"	"0"	"сельская местность"	"0"	"Всего"	"0"	"Всего"	"0"	"Всего"	"0"	"10 678"
"Безработное население (в возрасте 15 лет и старше)(Человек)"	"1 квартал 2016 г."	"201603"	"КОСТАНАЙСКАЯ ОБЛАСТЬ"	"0"	"сельская местность"	"0"	"Всего"	"0"	"Всего"	"0"	"Всего"	"0"	"10 211"
"Безработное население (в возрасте 15 лет и старше)(Человек)"	"3 квартал 2016 г."	"201609"	"КОСТАНАЙСКАЯ ОБЛАСТЬ"	"0"	"сельская местность"	"0"	"Всего"	"0"	"Всего"	"0"	"Всего"	"0"	"10 766"
"Безработное население (в возрасте 15 лет и старше)(Человек)"	"3 квартал 2017 г."	"201709"	"КОСТАНАЙСКАЯ ОБЛАСТЬ"	"0"	"сельская местность"	"0"	"Всего"	"0"	"Всего"	"0"	"Всего"	"0"	"11 124"
"Безработное население (в возрасте 15 лет и старше)(Человек)"	"2 квартал 2018 г."	"201806"	"КОСТАНАЙСКАЯ ОБЛАСТЬ"	"0"	"сельская местность"	"0"	"Всего"	"0"	"Всего"	"0"	"Всего"	"0"	"10 631"
"Безработное население (в возрасте 15 лет и старше)(Человек)"	"1 квартал 2021 г."	"202103"	"КОСТАНАЙСКАЯ ОБЛАСТЬ"	"0"	"сельская местность"	"0"	"Всего"	"0"	"Всего"	"0"	"Всего"	"0"	"8 885"
"Безработное население (в возрасте 15 лет и старше)(Человек)"	"2 квартал 2021 г."	"202106"	"КОСТАНАЙСКАЯ ОБЛАСТЬ"	"0"	"сельская местность"	"0"	"Всего"	"0"	"Всего"	"0"	"Всего"	"0"	"9 495"
"Безработное население (в возрасте 15 лет и старше)(Человек)"	"3 квартал 2021 г."	"202109"	"КОСТАНАЙСКАЯ ОБЛАСТЬ"	"0"	"сельская местность"	"0"	"Всего"	"0"	"Всего"	"0"	"Всего"	"0"	"8 696"
"Безработное население (в возрасте 15 лет и старше)(Человек)"	"3 квартал 2020 г."	"202009"	"КОСТАНАЙСКАЯ ОБЛАСТЬ"	"0"	"сельская местность"	"0"	"Всего"	"0"	"Всего"	"0"	"Всего"	"0"	"11 088"
"Безработное население (в возрасте 15 лет и старше)(Человек)"	"4 квартал 2020 г."	"202012"	"КОСТАНАЙСКАЯ ОБЛАСТЬ"	"0"	"сельская местность"	"0"	"Всего"	"0"	"Всего"	"0"	"Всего"	"0"	"10 472"
"Безработное население (в возрасте 15 лет и старше)(Человек)"	"4 квартал 2021 г."	"202112"	"КОСТАНАЙСКАЯ ОБЛАСТЬ"	"0"	"сельская местность"	"0"	"Всего"	"0"	"Всего"	"0"	"Всего"	"0"	"8 953"
"Безработное население (в возрасте 15 лет и старше)(Человек)"	"1 квартал 2020 г."	"202003"	"КОСТАНАЙСКАЯ ОБЛАСТЬ"	"0"	"сельская местность"	"0"	"Всего"	"0"	"Всего"	"0"	"Всего"	"0"	"9 329"
"Безработное население (в возрасте 15 лет и старше)(Человек)"	"2 квартал 2020 г."	"202006"	"КОСТАНАЙСКАЯ ОБЛАСТЬ"	"0"	"сельская местность"	"0"	"Всего"	"0"	"Всего"	"0"	"Всего"	"0"	"8 223"
"Безработное население (в возрасте 15 лет и старше)(Человек)"	"2 квартал 2022 г."	"202206"	"КОСТАНАЙСКАЯ ОБЛАСТЬ"	"0"	"сельская местность"	"0"	"Всего"	"0"	"Всего"	"0"	"Всего"	"0"	"9 643"
"Безработное население (в возрасте 15 лет и старше)(Человек)"	"1 квартал 2022 г."	"202203"	"КОСТАНАЙСКАЯ ОБЛАСТЬ"	"0"	"сельская местность"	"0"	"Всего"	"0"	"Всего"	"0"	"Всего"	"0"	"8 854"
"Безработное население (в возрасте 15 лет и старше)(Человек)"	"4 квартал 2022 г."	"202212"	"КОСТАНАЙСКАЯ ОБЛАСТЬ"	"0"	"сельская местность"	"0"	"Всего"	"0"	"Всего"	"0"	"Всего"	"0"	"8 460"
"Безработное население (в возрасте 15 лет и старше)(Человек)"	"3 квартал 2022 г."	"202209"	"КОСТАНАЙСКАЯ ОБЛАСТЬ"	"0"	"сельская местность"	"0"	"Всего"	"0"	"Всего"	"0"	"Всего"	"0"	"9 655"
"Безработное население (в возрасте 15 лет и старше)(Человек)"	"1 квартал 2023 г."	"202303"	"КОСТАНАЙСКАЯ ОБЛАСТЬ"	"0"	"сельская местность"	"0"	"Всего"	"0"	"Всего"	"0"	"Всего"	"0"	"8 270"
"Безработное население (в возрасте 15 лет и старше)(Человек)"	"3 квартал 2023 г."	"202309"	"КОСТАНАЙСКАЯ ОБЛАСТЬ"	"0"	"сельская местность"	"0"	"Всего"	"0"	"Всего"	"0"	"Всего"	"0"	"8 157"
"Безработное население (в возрасте 15 лет и старше)(Человек)"	"4 квартал 2023 г."	"202312"	"КОСТАНАЙСКАЯ ОБЛАСТЬ"	"0"	"сельская местность"	"0"	"Всего"	"0"	"Всего"	"0"	"Всего"	"0"	"7 780"
"Безработное население (в возрасте 15 лет и старше)(Человек)"	"2 квартал 2023 г."	"202306"	"КОСТАНАЙСКАЯ ОБЛАСТЬ"	"0"	"сельская местность"	"0"	"Всего"	"0"	"Всего"	"0"	"Всего"	"0"	"8 392"
"Безработное население (в возрасте 15 лет и старше)(Человек)"	"1 квартал 2024 г."	"202403"	"КОСТАНАЙСКАЯ ОБЛАСТЬ"	"0"	"сельская местность"	"0"	"Всего"	"0"	"Всего"	"0"	"Всего"	"0"	"7 480"
"Безработное население (в возрасте 15 лет и старше)(Человек)"	"2 квартал 2024 г."	"202406"	"КОСТАНАЙСКАЯ ОБЛАСТЬ"	"0"	"сельская местность"	"0"	"Всего"	"0"	"Всего"	"0"	"Всего"	"0"	"8 137"
"Безработное население (в возрасте 15 лет и старше)(Человек)"	"3 квартал 2024 г."	"202409"	"КОСТАНАЙСКАЯ ОБЛАСТЬ"	"0"	"сельская местность"	"0"	"Всего"	"0"	"Всего"	"0"	"Всего"	"0"	"8 072"
"Безработное население (в возрасте 15 лет и старше)(Человек)"	"4 квартал 2024 г."	"202412"	"КОСТАНАЙСКАЯ ОБЛАСТЬ"	"0"	"сельская местность"	"0"	"Всего"	"0"	"Всего"	"0"	"Всего"	"0"	"7 799"
"Безработное население (в возрасте 15 лет и старше)(Человек)"	"1 квартал 2025 г."	"202503"	"КОСТАНАЙСКАЯ ОБЛАСТЬ"	"0"	"сельская местность"	"0"	"Всего"	"0"	"Всего"	"0"	"Всего"	"0"	"7 213"
"Безработное население (в возрасте 15 лет и старше)(Человек)"	"2 квартал 2025 г."	"202506"	"КОСТАНАЙСКАЯ ОБЛАСТЬ"	"0"	"сельская местность"	"0"	"Всего"	"0"	"Всего"	"0"	"Всего"	"0"	"7 901"
"Безработное население (в возрасте 15 лет и старше)(Человек)"	"2 квартал 2016 г."	"201606"	"КАРАГАНДИНСКАЯ ОБЛАСТЬ"	"0"	"сельская местность"	"0"	"Всего"	"0"	"Всего"	"0"	"Всего"	"0"	"6 093"
"Безработное население (в возрасте 15 лет и старше)(Человек)"	"2 квартал 2010 г."	"201006"	"КАРАГАНДИНСКАЯ ОБЛАСТЬ"	"0"	"сельская местность"	"0"	"Всего"	"0"	"Всего"	"0"	"Всего"	"0"	"9 900"
"Безработное население (в возрасте 15 лет и старше)(Человек)"	"3 квартал 2011 г."	"201109"	"КАРАГАНДИНСКАЯ ОБЛАСТЬ"	"0"	"сельская местность"	"0"	"Всего"	"0"	"Всего"	"0"	"Всего"	"0"	"9 113"
"Безработное население (в возрасте 15 лет и старше)(Человек)"	"1 квартал 2010 г."	"201003"	"КАРАГАНДИНСКАЯ ОБЛАСТЬ"	"0"	"сельская местность"	"0"	"Всего"	"0"	"Всего"	"0"	"Всего"	"0"	"10 362"
"Безработное население (в возрасте 15 лет и старше)(Человек)"	"1 квартал 2015 г."	"201503"	"КАРАГАНДИНСКАЯ ОБЛАСТЬ"	"0"	"сельская местность"	"0"	"Всего"	"0"	"Всего"	"0"	"Всего"	"0"	"5 889"
"Безработное население (в возрасте 15 лет и старше)(Человек)"	"2 квартал 2015 г."	"201506"	"КАРАГАНДИНСКАЯ ОБЛАСТЬ"	"0"	"сельская местность"	"0"	"Всего"	"0"	"Всего"	"0"	"Всего"	"0"	"5 898"
"Безработное население (в возрасте 15 лет и старше)(Человек)"	"1 квартал 2012 г."	"201203"	"КАРАГАНДИНСКАЯ ОБЛАСТЬ"	"0"	"сельская местность"	"0"	"Всего"	"0"	"Всего"	"0"	"Всего"	"0"	"8 748"
"Безработное население (в возрасте 15 лет и старше)(Человек)"	"2 квартал 2012 г."	"201206"	"КАРАГАНДИНСКАЯ ОБЛАСТЬ"	"0"	"сельская местность"	"0"	"Всего"	"0"	"Всего"	"0"	"Всего"	"0"	"9 159"
"Безработное население (в возрасте 15 лет и старше)(Человек)"	"4 квартал 2012 г."	"201212"	"КАРАГАНДИНСКАЯ ОБЛАСТЬ"	"0"	"сельская местность"	"0"	"Всего"	"0"	"Всего"	"0"	"Всего"	"0"	"9 026"
"Безработное население (в возрасте 15 лет и старше)(Человек)"	"4 квартал 2019 г."	"201912"	"КАРАГАНДИНСКАЯ ОБЛАСТЬ"	"0"	"сельская местность"	"0"	"Всего"	"0"	"Всего"	"0"	"Всего"	"0"	"5 875"
"Безработное население (в возрасте 15 лет и старше)(Человек)"	"4 квартал 2016 г."	"201612"	"КАРАГАНДИНСКАЯ ОБЛАСТЬ"	"0"	"сельская местность"	"0"	"Всего"	"0"	"Всего"	"0"	"Всего"	"0"	"6 927"
"Безработное население (в возрасте 15 лет и старше)(Человек)"	"3 квартал 2010 г."	"201009"	"КАРАГАНДИНСКАЯ ОБЛАСТЬ"	"0"	"сельская местность"	"0"	"Всего"	"0"	"Всего"	"0"	"Всего"	"0"	"9 244"
"Безработное население (в возрасте 15 лет и старше)(Человек)"	"1 квартал 2011 г."	"201103"	"КАРАГАНДИНСКАЯ ОБЛАСТЬ"	"0"	"сельская местность"	"0"	"Всего"	"0"	"Всего"	"0"	"Всего"	"0"	"8 934"
"Безработное население (в возрасте 15 лет и старше)(Человек)"	"2 квартал 2013 г."	"201306"	"КАРАГАНДИНСКАЯ ОБЛАСТЬ"	"0"	"сельская местность"	"0"	"Всего"	"0"	"Всего"	"0"	"Всего"	"0"	"8 771"
"Безработное население (в возрасте 15 лет и старше)(Человек)"	"4 квартал 2011 г."	"201112"	"КАРАГАНДИНСКАЯ ОБЛАСТЬ"	"0"	"сельская местность"	"0"	"Всего"	"0"	"Всего"	"0"	"Всего"	"0"	"8 850"
"Безработное население (в возрасте 15 лет и старше)(Человек)"	"3 квартал 2013 г."	"201309"	"КАРАГАНДИНСКАЯ ОБЛАСТЬ"	"0"	"сельская местность"	"0"	"Всего"	"0"	"Всего"	"0"	"Всего"	"0"	"8 726"
"Безработное население (в возрасте 15 лет и старше)(Человек)"	"1 квартал 2013 г."	"201303"	"КАРАГАНДИНСКАЯ ОБЛАСТЬ"	"0"	"сельская местность"	"0"	"Всего"	"0"	"Всего"	"0"	"Всего"	"0"	"8 653"
"Безработное население (в возрасте 15 лет и старше)(Человек)"	"4 квартал 2010 г."	"201012"	"КАРАГАНДИНСКАЯ ОБЛАСТЬ"	"0"	"сельская местность"	"0"	"Всего"	"0"	"Всего"	"0"	"Всего"	"0"	"9 171"
"Безработное население (в возрасте 15 лет и старше)(Человек)"	"2 квартал 2011 г."	"201106"	"КАРАГАНДИНСКАЯ ОБЛАСТЬ"	"0"	"сельская местность"	"0"	"Всего"	"0"	"Всего"	"0"	"Всего"	"0"	"8 848"
"Безработное население (в возрасте 15 лет и старше)(Человек)"	"3 квартал 2015 г."	"201509"	"КАРАГАНДИНСКАЯ ОБЛАСТЬ"	"0"	"сельская местность"	"0"	"Всего"	"0"	"Всего"	"0"	"Всего"	"0"	"4 811"
"Безработное население (в возрасте 15 лет и старше)(Человек)"	"4 квартал 2013 г."	"201312"	"КАРАГАНДИНСКАЯ ОБЛАСТЬ"	"0"	"сельская местность"	"0"	"Всего"	"0"	"Всего"	"0"	"Всего"	"0"	"8 868"
"Безработное население (в возрасте 15 лет и старше)(Человек)"	"3 квартал 2012 г."	"201209"	"КАРАГАНДИНСКАЯ ОБЛАСТЬ"	"0"	"сельская местность"	"0"	"Всего"	"0"	"Всего"	"0"	"Всего"	"0"	"9 216"
"Безработное население (в возрасте 15 лет и старше)(Человек)"	"2 квартал 2017 г."	"201706"	"КАРАГАНДИНСКАЯ ОБЛАСТЬ"	"0"	"сельская местность"	"0"	"Всего"	"0"	"Всего"	"0"	"Всего"	"0"	"5 109"
"Безработное население (в возрасте 15 лет и старше)(Человек)"	"1 квартал 2014 г."	"201403"	"КАРАГАНДИНСКАЯ ОБЛАСТЬ"	"0"	"сельская местность"	"0"	"Всего"	"0"	"Всего"	"0"	"Всего"	"0"	"6 871"
"Безработное население (в возрасте 15 лет и старше)(Человек)"	"3 квартал 2014 г."	"201409"	"КАРАГАНДИНСКАЯ ОБЛАСТЬ"	"0"	"сельская местность"	"0"	"Всего"	"0"	"Всего"	"0"	"Всего"	"0"	"7 046"
"Безработное население (в возрасте 15 лет и старше)(Человек)"	"2 квартал 2014 г."	"201406"	"КАРАГАНДИНСКАЯ ОБЛАСТЬ"	"0"	"сельская местность"	"0"	"Всего"	"0"	"Всего"	"0"	"Всего"	"0"	"6 771"
"Безработное население (в возрасте 15 лет и старше)(Человек)"	"4 квартал 2014 г."	"201412"	"КАРАГАНДИНСКАЯ ОБЛАСТЬ"	"0"	"сельская местность"	"0"	"Всего"	"0"	"Всего"	"0"	"Всего"	"0"	"7 133"
"Безработное население (в возрасте 15 лет и старше)(Человек)"	"3 квартал 2019 г."	"201909"	"КАРАГАНДИНСКАЯ ОБЛАСТЬ"	"0"	"сельская местность"	"0"	"Всего"	"0"	"Всего"	"0"	"Всего"	"0"	"4 623"
"Безработное население (в возрасте 15 лет и старше)(Человек)"	"4 квартал 2015 г."	"201512"	"КАРАГАНДИНСКАЯ ОБЛАСТЬ"	"0"	"сельская местность"	"0"	"Всего"	"0"	"Всего"	"0"	"Всего"	"0"	"9 302"
"Безработное население (в возрасте 15 лет и старше)(Человек)"	"4 квартал 2018 г."	"201812"	"КАРАГАНДИНСКАЯ ОБЛАСТЬ"	"0"	"сельская местность"	"0"	"Всего"	"0"	"Всего"	"0"	"Всего"	"0"	"4 305"
"Безработное население (в возрасте 15 лет и старше)(Человек)"	"4 квартал 2017 г."	"201712"	"КАРАГАНДИНСКАЯ ОБЛАСТЬ"	"0"	"сельская местность"	"0"	"Всего"	"0"	"Всего"	"0"	"Всего"	"0"	"6 878"
"Безработное население (в возрасте 15 лет и старше)(Человек)"	"1 квартал 2017 г."	"201703"	"КАРАГАНДИНСКАЯ ОБЛАСТЬ"	"0"	"сельская местность"	"0"	"Всего"	"0"	"Всего"	"0"	"Всего"	"0"	"5 288"
"Безработное население (в возрасте 15 лет и старше)(Человек)"	"2 квартал 2019 г."	"201906"	"КАРАГАНДИНСКАЯ ОБЛАСТЬ"	"0"	"сельская местность"	"0"	"Всего"	"0"	"Всего"	"0"	"Всего"	"0"	"4 633"
"Безработное население (в возрасте 15 лет и старше)(Человек)"	"1 квартал 2019 г."	"201903"	"КАРАГАНДИНСКАЯ ОБЛАСТЬ"	"0"	"сельская местность"	"0"	"Всего"	"0"	"Всего"	"0"	"Всего"	"0"	"5 532"
"Безработное население (в возрасте 15 лет и старше)(Человек)"	"1 квартал 2018 г."	"201803"	"КАРАГАНДИНСКАЯ ОБЛАСТЬ"	"0"	"сельская местность"	"0"	"Всего"	"0"	"Всего"	"0"	"Всего"	"0"	"5 362"
"Безработное население (в возрасте 15 лет и старше)(Человек)"	"3 квартал 2018 г."	"201809"	"КАРАГАНДИНСКАЯ ОБЛАСТЬ"	"0"	"сельская местность"	"0"	"Всего"	"0"	"Всего"	"0"	"Всего"	"0"	"5 690"
"Безработное население (в возрасте 15 лет и старше)(Человек)"	"1 квартал 2016 г."	"201603"	"КАРАГАНДИНСКАЯ ОБЛАСТЬ"	"0"	"сельская местность"	"0"	"Всего"	"0"	"Всего"	"0"	"Всего"	"0"	"5 886"
"Безработное население (в возрасте 15 лет и старше)(Человек)"	"3 квартал 2016 г."	"201609"	"КАРАГАНДИНСКАЯ ОБЛАСТЬ"	"0"	"сельская местность"	"0"	"Всего"	"0"	"Всего"	"0"	"Всего"	"0"	"5 433"
"Безработное население (в возрасте 15 лет и старше)(Человек)"	"3 квартал 2017 г."	"201709"	"КАРАГАНДИНСКАЯ ОБЛАСТЬ"	"0"	"сельская местность"	"0"	"Всего"	"0"	"Всего"	"0"	"Всего"	"0"	"5 686"
"Безработное население (в возрасте 15 лет и старше)(Человек)"	"2 квартал 2018 г."	"201806"	"КАРАГАНДИНСКАЯ ОБЛАСТЬ"	"0"	"сельская местность"	"0"	"Всего"	"0"	"Всего"	"0"	"Всего"	"0"	"5 871"
"Безработное население (в возрасте 15 лет и старше)(Человек)"	"1 квартал 2021 г."	"202103"	"КАРАГАНДИНСКАЯ ОБЛАСТЬ"	"0"	"сельская местность"	"0"	"Всего"	"0"	"Всего"	"0"	"Всего"	"0"	"5 602"
"Безработное население (в возрасте 15 лет и старше)(Человек)"	"2 квартал 2021 г."	"202106"	"КАРАГАНДИНСКАЯ ОБЛАСТЬ"	"0"	"сельская местность"	"0"	"Всего"	"0"	"Всего"	"0"	"Всего"	"0"	"5 053"
"Безработное население (в возрасте 15 лет и старше)(Человек)"	"3 квартал 2021 г."	"202109"	"КАРАГАНДИНСКАЯ ОБЛАСТЬ"	"0"	"сельская местность"	"0"	"Всего"	"0"	"Всего"	"0"	"Всего"	"0"	"5 356"
"Безработное население (в возрасте 15 лет и старше)(Человек)"	"3 квартал 2020 г."	"202009"	"КАРАГАНДИНСКАЯ ОБЛАСТЬ"	"0"	"сельская местность"	"0"	"Всего"	"0"	"Всего"	"0"	"Всего"	"0"	"5 465"
"Безработное население (в возрасте 15 лет и старше)(Человек)"	"4 квартал 2020 г."	"202012"	"КАРАГАНДИНСКАЯ ОБЛАСТЬ"	"0"	"сельская местность"	"0"	"Всего"	"0"	"Всего"	"0"	"Всего"	"0"	"4 790"
"Безработное население (в возрасте 15 лет и старше)(Человек)"	"4 квартал 2021 г."	"202112"	"КАРАГАНДИНСКАЯ ОБЛАСТЬ"	"0"	"сельская местность"	"0"	"Всего"	"0"	"Всего"	"0"	"Всего"	"0"	"4 859"
"Безработное население (в возрасте 15 лет и старше)(Человек)"	"1 квартал 2020 г."	"202003"	"КАРАГАНДИНСКАЯ ОБЛАСТЬ"	"0"	"сельская местность"	"0"	"Всего"	"0"	"Всего"	"0"	"Всего"	"0"	"5 243"
"Безработное население (в возрасте 15 лет и старше)(Человек)"	"2 квартал 2020 г."	"202006"	"КАРАГАНДИНСКАЯ ОБЛАСТЬ"	"0"	"сельская местность"	"0"	"Всего"	"0"	"Всего"	"0"	"Всего"	"0"	"5 464"
"Безработное население (в возрасте 15 лет и старше)(Человек)"	"2 квартал 2022 г."	"202206"	"КАРАГАНДИНСКАЯ ОБЛАСТЬ"	"0"	"сельская местность"	"0"	"Всего"	"0"	"Всего"	"0"	"Всего"	"0"	"3 836"
"Безработное население (в возрасте 15 лет и старше)(Человек)"	"1 квартал 2022 г."	"202203"	"КАРАГАНДИНСКАЯ ОБЛАСТЬ"	"0"	"сельская местность"	"0"	"Всего"	"0"	"Всего"	"0"	"Всего"	"0"	"5 309"
"Безработное население (в возрасте 15 лет и старше)(Человек)"	"4 квартал 2022 г."	"202212"	"КАРАГАНДИНСКАЯ ОБЛАСТЬ"	"0"	"сельская местность"	"0"	"Всего"	"0"	"Всего"	"0"	"Всего"	"0"	"3 483"
"Безработное население (в возрасте 15 лет и старше)(Человек)"	"3 квартал 2022 г."	"202209"	"КАРАГАНДИНСКАЯ ОБЛАСТЬ"	"0"	"сельская местность"	"0"	"Всего"	"0"	"Всего"	"0"	"Всего"	"0"	"3 384"
"Безработное население (в возрасте 15 лет и старше)(Человек)"	"1 квартал 2023 г."	"202303"	"КАРАГАНДИНСКАЯ ОБЛАСТЬ"	"0"	"сельская местность"	"0"	"Всего"	"0"	"Всего"	"0"	"Всего"	"0"	"3 868"
"Безработное население (в возрасте 15 лет и старше)(Человек)"	"3 квартал 2023 г."	"202309"	"КАРАГАНДИНСКАЯ ОБЛАСТЬ"	"0"	"сельская местность"	"0"	"Всего"	"0"	"Всего"	"0"	"Всего"	"0"	"3 438"
"Безработное население (в возрасте 15 лет и старше)(Человек)"	"4 квартал 2023 г."	"202312"	"КАРАГАНДИНСКАЯ ОБЛАСТЬ"	"0"	"сельская местность"	"0"	"Всего"	"0"	"Всего"	"0"	"Всего"	"0"	"2 663"
"Безработное население (в возрасте 15 лет и старше)(Человек)"	"2 квартал 2023 г."	"202306"	"КАРАГАНДИНСКАЯ ОБЛАСТЬ"	"0"	"сельская местность"	"0"	"Всего"	"0"	"Всего"	"0"	"Всего"	"0"	"3 323"
"Безработное население (в возрасте 15 лет и старше)(Человек)"	"1 квартал 2024 г."	"202403"	"КАРАГАНДИНСКАЯ ОБЛАСТЬ"	"0"	"сельская местность"	"0"	"Всего"	"0"	"Всего"	"0"	"Всего"	"0"	"3 589"
"Безработное население (в возрасте 15 лет и старше)(Человек)"	"2 квартал 2024 г."	"202406"	"КАРАГАНДИНСКАЯ ОБЛАСТЬ"	"0"	"сельская местность"	"0"	"Всего"	"0"	"Всего"	"0"	"Всего"	"0"	"2 789"
"Безработное население (в возрасте 15 лет и старше)(Человек)"	"3 квартал 2024 г."	"202409"	"КАРАГАНДИНСКАЯ ОБЛАСТЬ"	"0"	"сельская местность"	"0"	"Всего"	"0"	"Всего"	"0"	"Всего"	"0"	"2 593"
"Безработное население (в возрасте 15 лет и старше)(Человек)"	"4 квартал 2024 г."	"202412"	"КАРАГАНДИНСКАЯ ОБЛАСТЬ"	"0"	"сельская местность"	"0"	"Всего"	"0"	"Всего"	"0"	"Всего"	"0"	"2 562"
"Безработное население (в возрасте 15 лет и старше)(Человек)"	"1 квартал 2025 г."	"202503"	"КАРАГАНДИНСКАЯ ОБЛАСТЬ"	"0"	"сельская местность"	"0"	"Всего"	"0"	"Всего"	"0"	"Всего"	"0"	"2 158"
"Безработное население (в возрасте 15 лет и старше)(Человек)"	"2 квартал 2025 г."	"202506"	"КАРАГАНДИНСКАЯ ОБЛАСТЬ"	"0"	"сельская местность"	"0"	"Всего"	"0"	"Всего"	"0"	"Всего"	"0"	"802"
"Безработное население (в возрасте 15 лет и старше)(Человек)"	"2 квартал 2016 г."	"201606"	"ЗАПАДНО-КАЗАХСТАНСКАЯ ОБЛАСТЬ"	"0"	"сельская местность"	"0"	"Всего"	"0"	"Всего"	"0"	"Всего"	"0"	"8 896"
"Безработное население (в возрасте 15 лет и старше)(Человек)"	"2 квартал 2010 г."	"201006"	"ЗАПАДНО-КАЗАХСТАНСКАЯ ОБЛАСТЬ"	"0"	"сельская местность"	"0"	"Всего"	"0"	"Всего"	"0"	"Всего"	"0"	"12 157"
"Безработное население (в возрасте 15 лет и старше)(Человек)"	"3 квартал 2011 г."	"201109"	"ЗАПАДНО-КАЗАХСТАНСКАЯ ОБЛАСТЬ"	"0"	"сельская местность"	"0"	"Всего"	"0"	"Всего"	"0"	"Всего"	"0"	"10 039"
"Безработное население (в возрасте 15 лет и старше)(Человек)"	"1 квартал 2010 г."	"201003"	"ЗАПАДНО-КАЗАХСТАНСКАЯ ОБЛАСТЬ"	"0"	"сельская местность"	"0"	"Всего"	"0"	"Всего"	"0"	"Всего"	"0"	"12 703"
"Безработное население (в возрасте 15 лет и старше)(Человек)"	"1 квартал 2015 г."	"201503"	"ЗАПАДНО-КАЗАХСТАНСКАЯ ОБЛАСТЬ"	"0"	"сельская местность"	"0"	"Всего"	"0"	"Всего"	"0"	"Всего"	"0"	"8 823"
"Безработное население (в возрасте 15 лет и старше)(Человек)"	"2 квартал 2015 г."	"201506"	"ЗАПАДНО-КАЗАХСТАНСКАЯ ОБЛАСТЬ"	"0"	"сельская местность"	"0"	"Всего"	"0"	"Всего"	"0"	"Всего"	"0"	"9 033"
"Безработное население (в возрасте 15 лет и старше)(Человек)"	"1 квартал 2012 г."	"201203"	"ЗАПАДНО-КАЗАХСТАНСКАЯ ОБЛАСТЬ"	"0"	"сельская местность"	"0"	"Всего"	"0"	"Всего"	"0"	"Всего"	"0"	"9 798"
"Безработное население (в возрасте 15 лет и старше)(Человек)"	"2 квартал 2012 г."	"201206"	"ЗАПАДНО-КАЗАХСТАНСКАЯ ОБЛАСТЬ"	"0"	"сельская местность"	"0"	"Всего"	"0"	"Всего"	"0"	"Всего"	"0"	"9 539"
"Безработное население (в возрасте 15 лет и старше)(Человек)"	"4 квартал 2012 г."	"201212"	"ЗАПАДНО-КАЗАХСТАНСКАЯ ОБЛАСТЬ"	"0"	"сельская местность"	"0"	"Всего"	"0"	"Всего"	"0"	"Всего"	"0"	"9 576"
"Безработное население (в возрасте 15 лет и старше)(Человек)"	"4 квартал 2019 г."	"201912"	"ЗАПАДНО-КАЗАХСТАНСКАЯ ОБЛАСТЬ"	"0"	"сельская местность"	"0"	"Всего"	"0"	"Всего"	"0"	"Всего"	"0"	"8 311"
"Безработное население (в возрасте 15 лет и старше)(Человек)"	"4 квартал 2016 г."	"201612"	"ЗАПАДНО-КАЗАХСТАНСКАЯ ОБЛАСТЬ"	"0"	"сельская местность"	"0"	"Всего"	"0"	"Всего"	"0"	"Всего"	"0"	"8 738"
"Безработное население (в возрасте 15 лет и старше)(Человек)"	"3 квартал 2010 г."	"201009"	"ЗАПАДНО-КАЗАХСТАНСКАЯ ОБЛАСТЬ"	"0"	"сельская местность"	"0"	"Всего"	"0"	"Всего"	"0"	"Всего"	"0"	"12 002"
"Безработное население (в возрасте 15 лет и старше)(Человек)"	"1 квартал 2011 г."	"201103"	"ЗАПАДНО-КАЗАХСТАНСКАЯ ОБЛАСТЬ"	"0"	"сельская местность"	"0"	"Всего"	"0"	"Всего"	"0"	"Всего"	"0"	"11 369"
"Безработное население (в возрасте 15 лет и старше)(Человек)"	"2 квартал 2013 г."	"201306"	"ЗАПАДНО-КАЗАХСТАНСКАЯ ОБЛАСТЬ"	"0"	"сельская местность"	"0"	"Всего"	"0"	"Всего"	"0"	"Всего"	"0"	"9 647"
"Безработное население (в возрасте 15 лет и старше)(Человек)"	"4 квартал 2011 г."	"201112"	"ЗАПАДНО-КАЗАХСТАНСКАЯ ОБЛАСТЬ"	"0"	"сельская местность"	"0"	"Всего"	"0"	"Всего"	"0"	"Всего"	"0"	"10 003"
"Безработное население (в возрасте 15 лет и старше)(Человек)"	"3 квартал 2013 г."	"201309"	"ЗАПАДНО-КАЗАХСТАНСКАЯ ОБЛАСТЬ"	"0"	"сельская местность"	"0"	"Всего"	"0"	"Всего"	"0"	"Всего"	"0"	"9 301"
"Безработное население (в возрасте 15 лет и старше)(Человек)"	"1 квартал 2013 г."	"201303"	"ЗАПАДНО-КАЗАХСТАНСКАЯ ОБЛАСТЬ"	"0"	"сельская местность"	"0"	"Всего"	"0"	"Всего"	"0"	"Всего"	"0"	"9 665"
"Безработное население (в возрасте 15 лет и старше)(Человек)"	"4 квартал 2010 г."	"201012"	"ЗАПАДНО-КАЗАХСТАНСКАЯ ОБЛАСТЬ"	"0"	"сельская местность"	"0"	"Всего"	"0"	"Всего"	"0"	"Всего"	"0"	"11 446"
"Безработное население (в возрасте 15 лет и старше)(Человек)"	"2 квартал 2011 г."	"201106"	"ЗАПАДНО-КАЗАХСТАНСКАЯ ОБЛАСТЬ"	"0"	"сельская местность"	"0"	"Всего"	"0"	"Всего"	"0"	"Всего"	"0"	"10 937"
"Безработное население (в возрасте 15 лет и старше)(Человек)"	"3 квартал 2015 г."	"201509"	"ЗАПАДНО-КАЗАХСТАНСКАЯ ОБЛАСТЬ"	"0"	"сельская местность"	"0"	"Всего"	"0"	"Всего"	"0"	"Всего"	"0"	"8 382"
"Безработное население (в возрасте 15 лет и старше)(Человек)"	"4 квартал 2013 г."	"201312"	"ЗАПАДНО-КАЗАХСТАНСКАЯ ОБЛАСТЬ"	"0"	"сельская местность"	"0"	"Всего"	"0"	"Всего"	"0"	"Всего"	"0"	"9 333"
"Безработное население (в возрасте 15 лет и старше)(Человек)"	"3 квартал 2012 г."	"201209"	"ЗАПАДНО-КАЗАХСТАНСКАЯ ОБЛАСТЬ"	"0"	"сельская местность"	"0"	"Всего"	"0"	"Всего"	"0"	"Всего"	"0"	"9 564"
"Безработное население (в возрасте 15 лет и старше)(Человек)"	"2 квартал 2017 г."	"201706"	"ЗАПАДНО-КАЗАХСТАНСКАЯ ОБЛАСТЬ"	"0"	"сельская местность"	"0"	"Всего"	"0"	"Всего"	"0"	"Всего"	"0"	"8 505"
"Безработное население (в возрасте 15 лет и старше)(Человек)"	"1 квартал 2014 г."	"201403"	"ЗАПАДНО-КАЗАХСТАНСКАЯ ОБЛАСТЬ"	"0"	"сельская местность"	"0"	"Всего"	"0"	"Всего"	"0"	"Всего"	"0"	"9 497"
"Безработное население (в возрасте 15 лет и старше)(Человек)"	"3 квартал 2014 г."	"201409"	"ЗАПАДНО-КАЗАХСТАНСКАЯ ОБЛАСТЬ"	"0"	"сельская местность"	"0"	"Всего"	"0"	"Всего"	"0"	"Всего"	"0"	"9 483"
"Безработное население (в возрасте 15 лет и старше)(Человек)"	"2 квартал 2014 г."	"201406"	"ЗАПАДНО-КАЗАХСТАНСКАЯ ОБЛАСТЬ"	"0"	"сельская местность"	"0"	"Всего"	"0"	"Всего"	"0"	"Всего"	"0"	"9 521"
"Безработное население (в возрасте 15 лет и старше)(Человек)"	"4 квартал 2014 г."	"201412"	"ЗАПАДНО-КАЗАХСТАНСКАЯ ОБЛАСТЬ"	"0"	"сельская местность"	"0"	"Всего"	"0"	"Всего"	"0"	"Всего"	"0"	"9 302"
"Безработное население (в возрасте 15 лет и старше)(Человек)"	"3 квартал 2019 г."	"201909"	"ЗАПАДНО-КАЗАХСТАНСКАЯ ОБЛАСТЬ"	"0"	"сельская местность"	"0"	"Всего"	"0"	"Всего"	"0"	"Всего"	"0"	"8 359"
"Безработное население (в возрасте 15 лет и старше)(Человек)"	"4 квартал 2015 г."	"201512"	"ЗАПАДНО-КАЗАХСТАНСКАЯ ОБЛАСТЬ"	"0"	"сельская местность"	"0"	"Всего"	"0"	"Всего"	"0"	"Всего"	"0"	"9 342"
"Безработное население (в возрасте 15 лет и старше)(Человек)"	"4 квартал 2018 г."	"201812"	"ЗАПАДНО-КАЗАХСТАНСКАЯ ОБЛАСТЬ"	"0"	"сельская местность"	"0"	"Всего"	"0"	"Всего"	"0"	"Всего"	"0"	"8 450"
"Безработное население (в возрасте 15 лет и старше)(Человек)"	"4 квартал 2017 г."	"201712"	"ЗАПАДНО-КАЗАХСТАНСКАЯ ОБЛАСТЬ"	"0"	"сельская местность"	"0"	"Всего"	"0"	"Всего"	"0"	"Всего"	"0"	"8 581"
"Безработное население (в возрасте 15 лет и старше)(Человек)"	"1 квартал 2017 г."	"201703"	"ЗАПАДНО-КАЗАХСТАНСКАЯ ОБЛАСТЬ"	"0"	"сельская местность"	"0"	"Всего"	"0"	"Всего"	"0"	"Всего"	"0"	"8 738"
"Безработное население (в возрасте 15 лет и старше)(Человек)"	"2 квартал 2019 г."	"201906"	"ЗАПАДНО-КАЗАХСТАНСКАЯ ОБЛАСТЬ"	"0"	"сельская местность"	"0"	"Всего"	"0"	"Всего"	"0"	"Всего"	"0"	"8 443"
"Безработное население (в возрасте 15 лет и старше)(Человек)"	"1 квартал 2019 г."	"201903"	"ЗАПАДНО-КАЗАХСТАНСКАЯ ОБЛАСТЬ"	"0"	"сельская местность"	"0"	"Всего"	"0"	"Всего"	"0"	"Всего"	"0"	"8 360"
"Безработное население (в возрасте 15 лет и старше)(Человек)"	"1 квартал 2018 г."	"201803"	"ЗАПАДНО-КАЗАХСТАНСКАЯ ОБЛАСТЬ"	"0"	"сельская местность"	"0"	"Всего"	"0"	"Всего"	"0"	"Всего"	"0"	"8 473"
"Безработное население (в возрасте 15 лет и старше)(Человек)"	"3 квартал 2018 г."	"201809"	"ЗАПАДНО-КАЗАХСТАНСКАЯ ОБЛАСТЬ"	"0"	"сельская местность"	"0"	"Всего"	"0"	"Всего"	"0"	"Всего"	"0"	"8 675"
"Безработное население (в возрасте 15 лет и старше)(Человек)"	"1 квартал 2016 г."	"201603"	"ЗАПАДНО-КАЗАХСТАНСКАЯ ОБЛАСТЬ"	"0"	"сельская местность"	"0"	"Всего"	"0"	"Всего"	"0"	"Всего"	"0"	"8 908"
"Безработное население (в возрасте 15 лет и старше)(Человек)"	"3 квартал 2016 г."	"201609"	"ЗАПАДНО-КАЗАХСТАНСКАЯ ОБЛАСТЬ"	"0"	"сельская местность"	"0"	"Всего"	"0"	"Всего"	"0"	"Всего"	"0"	"8 576"
"Безработное население (в возрасте 15 лет и старше)(Человек)"	"3 квартал 2017 г."	"201709"	"ЗАПАДНО-КАЗАХСТАНСКАЯ ОБЛАСТЬ"	"0"	"сельская местность"	"0"	"Всего"	"0"	"Всего"	"0"	"Всего"	"0"	"8 648"
"Безработное население (в возрасте 15 лет и старше)(Человек)"	"2 квартал 2018 г."	"201806"	"ЗАПАДНО-КАЗАХСТАНСКАЯ ОБЛАСТЬ"	"0"	"сельская местность"	"0"	"Всего"	"0"	"Всего"	"0"	"Всего"	"0"	"8 306"
"Безработное население (в возрасте 15 лет и старше)(Человек)"	"1 квартал 2021 г."	"202103"	"ЗАПАДНО-КАЗАХСТАНСКАЯ ОБЛАСТЬ"	"0"	"сельская местность"	"0"	"Всего"	"0"	"Всего"	"0"	"Всего"	"0"	"8 602"
"Безработное население (в возрасте 15 лет и старше)(Человек)"	"2 квартал 2021 г."	"202106"	"ЗАПАДНО-КАЗАХСТАНСКАЯ ОБЛАСТЬ"	"0"	"сельская местность"	"0"	"Всего"	"0"	"Всего"	"0"	"Всего"	"0"	"8 682"
"Безработное население (в возрасте 15 лет и старше)(Человек)"	"3 квартал 2021 г."	"202109"	"ЗАПАДНО-КАЗАХСТАНСКАЯ ОБЛАСТЬ"	"0"	"сельская местность"	"0"	"Всего"	"0"	"Всего"	"0"	"Всего"	"0"	"8 522"
"Безработное население (в возрасте 15 лет и старше)(Человек)"	"3 квартал 2020 г."	"202009"	"ЗАПАДНО-КАЗАХСТАНСКАЯ ОБЛАСТЬ"	"0"	"сельская местность"	"0"	"Всего"	"0"	"Всего"	"0"	"Всего"	"0"	"8 755"
"Безработное население (в возрасте 15 лет и старше)(Человек)"	"4 квартал 2020 г."	"202012"	"ЗАПАДНО-КАЗАХСТАНСКАЯ ОБЛАСТЬ"	"0"	"сельская местность"	"0"	"Всего"	"0"	"Всего"	"0"	"Всего"	"0"	"8 796"
"Безработное население (в возрасте 15 лет и старше)(Человек)"	"4 квартал 2021 г."	"202112"	"ЗАПАДНО-КАЗАХСТАНСКАЯ ОБЛАСТЬ"	"0"	"сельская местность"	"0"	"Всего"	"0"	"Всего"	"0"	"Всего"	"0"	"8 479"
"Безработное население (в возрасте 15 лет и старше)(Человек)"	"1 квартал 2020 г."	"202003"	"ЗАПАДНО-КАЗАХСТАНСКАЯ ОБЛАСТЬ"	"0"	"сельская местность"	"0"	"Всего"	"0"	"Всего"	"0"	"Всего"	"0"	"8 324"
"Безработное население (в возрасте 15 лет и старше)(Человек)"	"2 квартал 2020 г."	"202006"	"ЗАПАДНО-КАЗАХСТАНСКАЯ ОБЛАСТЬ"	"0"	"сельская местность"	"0"	"Всего"	"0"	"Всего"	"0"	"Всего"	"0"	"9 049"
"Безработное население (в возрасте 15 лет и старше)(Человек)"	"2 квартал 2022 г."	"202206"	"ЗАПАДНО-КАЗАХСТАНСКАЯ ОБЛАСТЬ"	"0"	"сельская местность"	"0"	"Всего"	"0"	"Всего"	"0"	"Всего"	"0"	"8 670"
"Безработное население (в возрасте 15 лет и старше)(Человек)"	"1 квартал 2022 г."	"202203"	"ЗАПАДНО-КАЗАХСТАНСКАЯ ОБЛАСТЬ"	"0"	"сельская местность"	"0"	"Всего"	"0"	"Всего"	"0"	"Всего"	"0"	"8 575"
"Безработное население (в возрасте 15 лет и старше)(Человек)"	"4 квартал 2022 г."	"202212"	"ЗАПАДНО-КАЗАХСТАНСКАЯ ОБЛАСТЬ"	"0"	"сельская местность"	"0"	"Всего"	"0"	"Всего"	"0"	"Всего"	"0"	"7 573"
"Безработное население (в возрасте 15 лет и старше)(Человек)"	"3 квартал 2022 г."	"202209"	"ЗАПАДНО-КАЗАХСТАНСКАЯ ОБЛАСТЬ"	"0"	"сельская местность"	"0"	"Всего"	"0"	"Всего"	"0"	"Всего"	"0"	"8 723"
"Безработное население (в возрасте 15 лет и старше)(Человек)"	"1 квартал 2023 г."	"202303"	"ЗАПАДНО-КАЗАХСТАНСКАЯ ОБЛАСТЬ"	"0"	"сельская местность"	"0"	"Всего"	"0"	"Всего"	"0"	"Всего"	"0"	"7 898"
"Безработное население (в возрасте 15 лет и старше)(Человек)"	"3 квартал 2023 г."	"202309"	"ЗАПАДНО-КАЗАХСТАНСКАЯ ОБЛАСТЬ"	"0"	"сельская местность"	"0"	"Всего"	"0"	"Всего"	"0"	"Всего"	"0"	"8 296"
"Безработное население (в возрасте 15 лет и старше)(Человек)"	"4 квартал 2023 г."	"202312"	"ЗАПАДНО-КАЗАХСТАНСКАЯ ОБЛАСТЬ"	"0"	"сельская местность"	"0"	"Всего"	"0"	"Всего"	"0"	"Всего"	"0"	"8 198"
"Безработное население (в возрасте 15 лет и старше)(Человек)"	"2 квартал 2023 г."	"202306"	"ЗАПАДНО-КАЗАХСТАНСКАЯ ОБЛАСТЬ"	"0"	"сельская местность"	"0"	"Всего"	"0"	"Всего"	"0"	"Всего"	"0"	"8 151"
"Безработное население (в возрасте 15 лет и старше)(Человек)"	"1 квартал 2024 г."	"202403"	"ЗАПАДНО-КАЗАХСТАНСКАЯ ОБЛАСТЬ"	"0"	"сельская местность"	"0"	"Всего"	"0"	"Всего"	"0"	"Всего"	"0"	"7 973"
"Безработное население (в возрасте 15 лет и старше)(Человек)"	"2 квартал 2024 г."	"202406"	"ЗАПАДНО-КАЗАХСТАНСКАЯ ОБЛАСТЬ"	"0"	"сельская местность"	"0"	"Всего"	"0"	"Всего"	"0"	"Всего"	"0"	"8 047"
"Безработное население (в возрасте 15 лет и старше)(Человек)"	"3 квартал 2024 г."	"202409"	"ЗАПАДНО-КАЗАХСТАНСКАЯ ОБЛАСТЬ"	"0"	"сельская местность"	"0"	"Всего"	"0"	"Всего"	"0"	"Всего"	"0"	"8 070"
"Безработное население (в возрасте 15 лет и старше)(Человек)"	"4 квартал 2024 г."	"202412"	"ЗАПАДНО-КАЗАХСТАНСКАЯ ОБЛАСТЬ"	"0"	"сельская местность"	"0"	"Всего"	"0"	"Всего"	"0"	"Всего"	"0"	"8 268"
"Безработное население (в возрасте 15 лет и старше)(Человек)"	"1 квартал 2025 г."	"202503"	"ЗАПАДНО-КАЗАХСТАНСКАЯ ОБЛАСТЬ"	"0"	"сельская местность"	"0"	"Всего"	"0"	"Всего"	"0"	"Всего"	"0"	"7 986"
"Безработное население (в возрасте 15 лет и старше)(Человек)"	"2 квартал 2025 г."	"202506"	"ЗАПАДНО-КАЗАХСТАНСКАЯ ОБЛАСТЬ"	"0"	"сельская местность"	"0"	"Всего"	"0"	"Всего"	"0"	"Всего"	"0"	"7 770"
"Безработное население (в возрасте 15 лет и старше)(Человек)"	"2 квартал 2016 г."	"201606"	"ЖАМБЫЛСКАЯ ОБЛАСТЬ"	"0"	"сельская местность"	"0"	"Всего"	"0"	"Всего"	"0"	"Всего"	"0"	"14 943"
"Безработное население (в возрасте 15 лет и старше)(Человек)"	"2 квартал 2010 г."	"201006"	"ЖАМБЫЛСКАЯ ОБЛАСТЬ"	"0"	"сельская местность"	"0"	"Всего"	"0"	"Всего"	"0"	"Всего"	"0"	"17 206"
"Безработное население (в возрасте 15 лет и старше)(Человек)"	"3 квартал 2011 г."	"201109"	"ЖАМБЫЛСКАЯ ОБЛАСТЬ"	"0"	"сельская местность"	"0"	"Всего"	"0"	"Всего"	"0"	"Всего"	"0"	"17 024"
"Безработное население (в возрасте 15 лет и старше)(Человек)"	"1 квартал 2010 г."	"201003"	"ЖАМБЫЛСКАЯ ОБЛАСТЬ"	"0"	"сельская местность"	"0"	"Всего"	"0"	"Всего"	"0"	"Всего"	"0"	"18 276"
"Безработное население (в возрасте 15 лет и старше)(Человек)"	"1 квартал 2015 г."	"201503"	"ЖАМБЫЛСКАЯ ОБЛАСТЬ"	"0"	"сельская местность"	"0"	"Всего"	"0"	"Всего"	"0"	"Всего"	"0"	"13 059"
"Безработное население (в возрасте 15 лет и старше)(Человек)"	"2 квартал 2015 г."	"201506"	"ЖАМБЫЛСКАЯ ОБЛАСТЬ"	"0"	"сельская местность"	"0"	"Всего"	"0"	"Всего"	"0"	"Всего"	"0"	"15 021"
"Безработное население (в возрасте 15 лет и старше)(Человек)"	"1 квартал 2012 г."	"201203"	"ЖАМБЫЛСКАЯ ОБЛАСТЬ"	"0"	"сельская местность"	"0"	"Всего"	"0"	"Всего"	"0"	"Всего"	"0"	"17 721"
"Безработное население (в возрасте 15 лет и старше)(Человек)"	"2 квартал 2012 г."	"201206"	"ЖАМБЫЛСКАЯ ОБЛАСТЬ"	"0"	"сельская местность"	"0"	"Всего"	"0"	"Всего"	"0"	"Всего"	"0"	"17 264"
"Безработное население (в возрасте 15 лет и старше)(Человек)"	"4 квартал 2012 г."	"201212"	"ЖАМБЫЛСКАЯ ОБЛАСТЬ"	"0"	"сельская местность"	"0"	"Всего"	"0"	"Всего"	"0"	"Всего"	"0"	"17 626"
"Безработное население (в возрасте 15 лет и старше)(Человек)"	"4 квартал 2019 г."	"201912"	"ЖАМБЫЛСКАЯ ОБЛАСТЬ"	"0"	"сельская местность"	"0"	"Всего"	"0"	"Всего"	"0"	"Всего"	"0"	"14 326"
"Безработное население (в возрасте 15 лет и старше)(Человек)"	"4 квартал 2016 г."	"201612"	"ЖАМБЫЛСКАЯ ОБЛАСТЬ"	"0"	"сельская местность"	"0"	"Всего"	"0"	"Всего"	"0"	"Всего"	"0"	"14 458"
"Безработное население (в возрасте 15 лет и старше)(Человек)"	"3 квартал 2010 г."	"201009"	"ЖАМБЫЛСКАЯ ОБЛАСТЬ"	"0"	"сельская местность"	"0"	"Всего"	"0"	"Всего"	"0"	"Всего"	"0"	"16 592"
"Безработное население (в возрасте 15 лет и старше)(Человек)"	"1 квартал 2011 г."	"201103"	"ЖАМБЫЛСКАЯ ОБЛАСТЬ"	"0"	"сельская местность"	"0"	"Всего"	"0"	"Всего"	"0"	"Всего"	"0"	"16 767"
"Безработное население (в возрасте 15 лет и старше)(Человек)"	"2 квартал 2013 г."	"201306"	"ЖАМБЫЛСКАЯ ОБЛАСТЬ"	"0"	"сельская местность"	"0"	"Всего"	"0"	"Всего"	"0"	"Всего"	"0"	"16 296"
"Безработное население (в возрасте 15 лет и старше)(Человек)"	"4 квартал 2011 г."	"201112"	"ЖАМБЫЛСКАЯ ОБЛАСТЬ"	"0"	"сельская местность"	"0"	"Всего"	"0"	"Всего"	"0"	"Всего"	"0"	"17 374"
"Безработное население (в возрасте 15 лет и старше)(Человек)"	"3 квартал 2013 г."	"201309"	"ЖАМБЫЛСКАЯ ОБЛАСТЬ"	"0"	"сельская местность"	"0"	"Всего"	"0"	"Всего"	"0"	"Всего"	"0"	"16 160"
"Безработное население (в возрасте 15 лет и старше)(Человек)"	"1 квартал 2013 г."	"201303"	"ЖАМБЫЛСКАЯ ОБЛАСТЬ"	"0"	"сельская местность"	"0"	"Всего"	"0"	"Всего"	"0"	"Всего"	"0"	"16 840"
"Безработное население (в возрасте 15 лет и старше)(Человек)"	"4 квартал 2010 г."	"201012"	"ЖАМБЫЛСКАЯ ОБЛАСТЬ"	"0"	"сельская местность"	"0"	"Всего"	"0"	"Всего"	"0"	"Всего"	"0"	"16 618"
"Безработное население (в возрасте 15 лет и старше)(Человек)"	"2 квартал 2011 г."	"201106"	"ЖАМБЫЛСКАЯ ОБЛАСТЬ"	"0"	"сельская местность"	"0"	"Всего"	"0"	"Всего"	"0"	"Всего"	"0"	"16 390"
"Безработное население (в возрасте 15 лет и старше)(Человек)"	"3 квартал 2015 г."	"201509"	"ЖАМБЫЛСКАЯ ОБЛАСТЬ"	"0"	"сельская местность"	"0"	"Всего"	"0"	"Всего"	"0"	"Всего"	"0"	"14 412"
"Безработное население (в возрасте 15 лет и старше)(Человек)"	"4 квартал 2013 г."	"201312"	"ЖАМБЫЛСКАЯ ОБЛАСТЬ"	"0"	"сельская местность"	"0"	"Всего"	"0"	"Всего"	"0"	"Всего"	"0"	"15 681"
"Безработное население (в возрасте 15 лет и старше)(Человек)"	"3 квартал 2012 г."	"201209"	"ЖАМБЫЛСКАЯ ОБЛАСТЬ"	"0"	"сельская местность"	"0"	"Всего"	"0"	"Всего"	"0"	"Всего"	"0"	"17 237"
"Безработное население (в возрасте 15 лет и старше)(Человек)"	"2 квартал 2017 г."	"201706"	"ЖАМБЫЛСКАЯ ОБЛАСТЬ"	"0"	"сельская местность"	"0"	"Всего"	"0"	"Всего"	"0"	"Всего"	"0"	"13 789"
"Безработное население (в возрасте 15 лет и старше)(Человек)"	"1 квартал 2014 г."	"201403"	"ЖАМБЫЛСКАЯ ОБЛАСТЬ"	"0"	"сельская местность"	"0"	"Всего"	"0"	"Всего"	"0"	"Всего"	"0"	"15 172"
"Безработное население (в возрасте 15 лет и старше)(Человек)"	"3 квартал 2014 г."	"201409"	"ЖАМБЫЛСКАЯ ОБЛАСТЬ"	"0"	"сельская местность"	"0"	"Всего"	"0"	"Всего"	"0"	"Всего"	"0"	"14 333"
"Безработное население (в возрасте 15 лет и старше)(Человек)"	"2 квартал 2014 г."	"201406"	"ЖАМБЫЛСКАЯ ОБЛАСТЬ"	"0"	"сельская местность"	"0"	"Всего"	"0"	"Всего"	"0"	"Всего"	"0"	"14 709"
"Безработное население (в возрасте 15 лет и старше)(Человек)"	"4 квартал 2014 г."	"201412"	"ЖАМБЫЛСКАЯ ОБЛАСТЬ"	"0"	"сельская местность"	"0"	"Всего"	"0"	"Всего"	"0"	"Всего"	"0"	"14 076"
"Безработное население (в возрасте 15 лет и старше)(Человек)"	"3 квартал 2019 г."	"201909"	"ЖАМБЫЛСКАЯ ОБЛАСТЬ"	"0"	"сельская местность"	"0"	"Всего"	"0"	"Всего"	"0"	"Всего"	"0"	"14 250"
"Безработное население (в возрасте 15 лет и старше)(Человек)"	"4 квартал 2015 г."	"201512"	"ЖАМБЫЛСКАЯ ОБЛАСТЬ"	"0"	"сельская местность"	"0"	"Всего"	"0"	"Всего"	"0"	"Всего"	"0"	"15 283"
"Безработное население (в возрасте 15 лет и старше)(Человек)"	"4 квартал 2018 г."	"201812"	"ЖАМБЫЛСКАЯ ОБЛАСТЬ"	"0"	"сельская местность"	"0"	"Всего"	"0"	"Всего"	"0"	"Всего"	"0"	"14 784"
"Безработное население (в возрасте 15 лет и старше)(Человек)"	"4 квартал 2017 г."	"201712"	"ЖАМБЫЛСКАЯ ОБЛАСТЬ"	"0"	"сельская местность"	"0"	"Всего"	"0"	"Всего"	"0"	"Всего"	"0"	"14 457"
"Безработное население (в возрасте 15 лет и старше)(Человек)"	"1 квартал 2017 г."	"201703"	"ЖАМБЫЛСКАЯ ОБЛАСТЬ"	"0"	"сельская местность"	"0"	"Всего"	"0"	"Всего"	"0"	"Всего"	"0"	"14 235"
"Безработное население (в возрасте 15 лет и старше)(Человек)"	"2 квартал 2019 г."	"201906"	"ЖАМБЫЛСКАЯ ОБЛАСТЬ"	"0"	"сельская местность"	"0"	"Всего"	"0"	"Всего"	"0"	"Всего"	"0"	"14 151"
"Безработное население (в возрасте 15 лет и старше)(Человек)"	"1 квартал 2019 г."	"201903"	"ЖАМБЫЛСКАЯ ОБЛАСТЬ"	"0"	"сельская местность"	"0"	"Всего"	"0"	"Всего"	"0"	"Всего"	"0"	"14 203"
"Безработное население (в возрасте 15 лет и старше)(Человек)"	"1 квартал 2018 г."	"201803"	"ЖАМБЫЛСКАЯ ОБЛАСТЬ"	"0"	"сельская местность"	"0"	"Всего"	"0"	"Всего"	"0"	"Всего"	"0"	"14 970"
"Безработное население (в возрасте 15 лет и старше)(Человек)"	"3 квартал 2018 г."	"201809"	"ЖАМБЫЛСКАЯ ОБЛАСТЬ"	"0"	"сельская местность"	"0"	"Всего"	"0"	"Всего"	"0"	"Всего"	"0"	"14 749"
"Безработное население (в возрасте 15 лет и старше)(Человек)"	"1 квартал 2016 г."	"201603"	"ЖАМБЫЛСКАЯ ОБЛАСТЬ"	"0"	"сельская местность"	"0"	"Всего"	"0"	"Всего"	"0"	"Всего"	"0"	"14 942"
"Безработное население (в возрасте 15 лет и старше)(Человек)"	"3 квартал 2016 г."	"201609"	"ЖАМБЫЛСКАЯ ОБЛАСТЬ"	"0"	"сельская местность"	"0"	"Всего"	"0"	"Всего"	"0"	"Всего"	"0"	"13 831"
"Безработное население (в возрасте 15 лет и старше)(Человек)"	"3 квартал 2017 г."	"201709"	"ЖАМБЫЛСКАЯ ОБЛАСТЬ"	"0"	"сельская местность"	"0"	"Всего"	"0"	"Всего"	"0"	"Всего"	"0"	"13 993"
"Безработное население (в возрасте 15 лет и старше)(Человек)"	"2 квартал 2018 г."	"201806"	"ЖАМБЫЛСКАЯ ОБЛАСТЬ"	"0"	"сельская местность"	"0"	"Всего"	"0"	"Всего"	"0"	"Всего"	"0"	"14 512"
"Безработное население (в возрасте 15 лет и старше)(Человек)"	"1 квартал 2021 г."	"202103"	"ЖАМБЫЛСКАЯ ОБЛАСТЬ"	"0"	"сельская местность"	"0"	"Всего"	"0"	"Всего"	"0"	"Всего"	"0"	"14 235"
"Безработное население (в возрасте 15 лет и старше)(Человек)"	"2 квартал 2021 г."	"202106"	"ЖАМБЫЛСКАЯ ОБЛАСТЬ"	"0"	"сельская местность"	"0"	"Всего"	"0"	"Всего"	"0"	"Всего"	"0"	"14 223"
"Безработное население (в возрасте 15 лет и старше)(Человек)"	"3 квартал 2021 г."	"202109"	"ЖАМБЫЛСКАЯ ОБЛАСТЬ"	"0"	"сельская местность"	"0"	"Всего"	"0"	"Всего"	"0"	"Всего"	"0"	"14 053"
"Безработное население (в возрасте 15 лет и старше)(Человек)"	"3 квартал 2020 г."	"202009"	"ЖАМБЫЛСКАЯ ОБЛАСТЬ"	"0"	"сельская местность"	"0"	"Всего"	"0"	"Всего"	"0"	"Всего"	"0"	"14 891"
"Безработное население (в возрасте 15 лет и старше)(Человек)"	"4 квартал 2020 г."	"202012"	"ЖАМБЫЛСКАЯ ОБЛАСТЬ"	"0"	"сельская местность"	"0"	"Всего"	"0"	"Всего"	"0"	"Всего"	"0"	"14 720"
"Безработное население (в возрасте 15 лет и старше)(Человек)"	"4 квартал 2021 г."	"202112"	"ЖАМБЫЛСКАЯ ОБЛАСТЬ"	"0"	"сельская местность"	"0"	"Всего"	"0"	"Всего"	"0"	"Всего"	"0"	"14 350"
"Безработное население (в возрасте 15 лет и старше)(Человек)"	"1 квартал 2020 г."	"202003"	"ЖАМБЫЛСКАЯ ОБЛАСТЬ"	"0"	"сельская местность"	"0"	"Всего"	"0"	"Всего"	"0"	"Всего"	"0"	"13 743"
"Безработное население (в возрасте 15 лет и старше)(Человек)"	"2 квартал 2020 г."	"202006"	"ЖАМБЫЛСКАЯ ОБЛАСТЬ"	"0"	"сельская местность"	"0"	"Всего"	"0"	"Всего"	"0"	"Всего"	"0"	"14 479"
"Безработное население (в возрасте 15 лет и старше)(Человек)"	"2 квартал 2022 г."	"202206"	"ЖАМБЫЛСКАЯ ОБЛАСТЬ"	"0"	"сельская местность"	"0"	"Всего"	"0"	"Всего"	"0"	"Всего"	"0"	"14 290"
"Безработное население (в возрасте 15 лет и старше)(Человек)"	"1 квартал 2022 г."	"202203"	"ЖАМБЫЛСКАЯ ОБЛАСТЬ"	"0"	"сельская местность"	"0"	"Всего"	"0"	"Всего"	"0"	"Всего"	"0"	"14 403"
"Безработное население (в возрасте 15 лет и старше)(Человек)"	"4 квартал 2022 г."	"202212"	"ЖАМБЫЛСКАЯ ОБЛАСТЬ"	"0"	"сельская местность"	"0"	"Всего"	"0"	"Всего"	"0"	"Всего"	"0"	"14 394"
"Безработное население (в возрасте 15 лет и старше)(Человек)"	"3 квартал 2022 г."	"202209"	"ЖАМБЫЛСКАЯ ОБЛАСТЬ"	"0"	"сельская местность"	"0"	"Всего"	"0"	"Всего"	"0"	"Всего"	"0"	"14 397"
"Безработное население (в возрасте 15 лет и старше)(Человек)"	"1 квартал 2023 г."	"202303"	"ЖАМБЫЛСКАЯ ОБЛАСТЬ"	"0"	"сельская местность"	"0"	"Всего"	"0"	"Всего"	"0"	"Всего"	"0"	"15 192"
"Безработное население (в возрасте 15 лет и старше)(Человек)"	"3 квартал 2023 г."	"202309"	"ЖАМБЫЛСКАЯ ОБЛАСТЬ"	"0"	"сельская местность"	"0"	"Всего"	"0"	"Всего"	"0"	"Всего"	"0"	"15 611"
"Безработное население (в возрасте 15 лет и старше)(Человек)"	"4 квартал 2023 г."	"202312"	"ЖАМБЫЛСКАЯ ОБЛАСТЬ"	"0"	"сельская местность"	"0"	"Всего"	"0"	"Всего"	"0"	"Всего"	"0"	"15 617"
"Безработное население (в возрасте 15 лет и старше)(Человек)"	"2 квартал 2023 г."	"202306"	"ЖАМБЫЛСКАЯ ОБЛАСТЬ"	"0"	"сельская местность"	"0"	"Всего"	"0"	"Всего"	"0"	"Всего"	"0"	"14 823"
"Безработное население (в возрасте 15 лет и старше)(Человек)"	"1 квартал 2024 г."	"202403"	"ЖАМБЫЛСКАЯ ОБЛАСТЬ"	"0"	"сельская местность"	"0"	"Всего"	"0"	"Всего"	"0"	"Всего"	"0"	"15 625"
"Безработное население (в возрасте 15 лет и старше)(Человек)"	"2 квартал 2024 г."	"202406"	"ЖАМБЫЛСКАЯ ОБЛАСТЬ"	"0"	"сельская местность"	"0"	"Всего"	"0"	"Всего"	"0"	"Всего"	"0"	"15 770"
"Безработное население (в возрасте 15 лет и старше)(Человек)"	"3 квартал 2024 г."	"202409"	"ЖАМБЫЛСКАЯ ОБЛАСТЬ"	"0"	"сельская местность"	"0"	"Всего"	"0"	"Всего"	"0"	"Всего"	"0"	"16 318"
"Безработное население (в возрасте 15 лет и старше)(Человек)"	"4 квартал 2024 г."	"202412"	"ЖАМБЫЛСКАЯ ОБЛАСТЬ"	"0"	"сельская местность"	"0"	"Всего"	"0"	"Всего"	"0"	"Всего"	"0"	"16 747"
"Безработное население (в возрасте 15 лет и старше)(Человек)"	"1 квартал 2025 г."	"202503"	"ЖАМБЫЛСКАЯ ОБЛАСТЬ"	"0"	"сельская местность"	"0"	"Всего"	"0"	"Всего"	"0"	"Всего"	"0"	"13 054"
"Безработное население (в возрасте 15 лет и старше)(Человек)"	"2 квартал 2025 г."	"202506"	"ЖАМБЫЛСКАЯ ОБЛАСТЬ"	"0"	"сельская местность"	"0"	"Всего"	"0"	"Всего"	"0"	"Всего"	"0"	"13 744"
"Безработное население (в возрасте 15 лет и старше)(Человек)"	"2 квартал 2016 г."	"201606"	"ВОСТОЧНО-КАЗАХСТАНСКАЯ ОБЛАСТЬ"	"0"	"сельская местность"	"0"	"Всего"	"0"	"Всего"	"0"	"Всего"	"0"	"11 986"
"Безработное население (в возрасте 15 лет и старше)(Человек)"	"2 квартал 2010 г."	"201006"	"ВОСТОЧНО-КАЗАХСТАНСКАЯ ОБЛАСТЬ"	"0"	"сельская местность"	"0"	"Всего"	"0"	"Всего"	"0"	"Всего"	"0"	"16 976"
"Безработное население (в возрасте 15 лет и старше)(Человек)"	"3 квартал 2011 г."	"201109"	"ВОСТОЧНО-КАЗАХСТАНСКАЯ ОБЛАСТЬ"	"0"	"сельская местность"	"0"	"Всего"	"0"	"Всего"	"0"	"Всего"	"0"	"13 998"
"Безработное население (в возрасте 15 лет и старше)(Человек)"	"1 квартал 2010 г."	"201003"	"ВОСТОЧНО-КАЗАХСТАНСКАЯ ОБЛАСТЬ"	"0"	"сельская местность"	"0"	"Всего"	"0"	"Всего"	"0"	"Всего"	"0"	"17 498"
"Безработное население (в возрасте 15 лет и старше)(Человек)"	"1 квартал 2015 г."	"201503"	"ВОСТОЧНО-КАЗАХСТАНСКАЯ ОБЛАСТЬ"	"0"	"сельская местность"	"0"	"Всего"	"0"	"Всего"	"0"	"Всего"	"0"	"12 289"
"Безработное население (в возрасте 15 лет и старше)(Человек)"	"2 квартал 2015 г."	"201506"	"ВОСТОЧНО-КАЗАХСТАНСКАЯ ОБЛАСТЬ"	"0"	"сельская местность"	"0"	"Всего"	"0"	"Всего"	"0"	"Всего"	"0"	"14 193"
"Безработное население (в возрасте 15 лет и старше)(Человек)"	"1 квартал 2012 г."	"201203"	"ВОСТОЧНО-КАЗАХСТАНСКАЯ ОБЛАСТЬ"	"0"	"сельская местность"	"0"	"Всего"	"0"	"Всего"	"0"	"Всего"	"0"	"14 306"
"Безработное население (в возрасте 15 лет и старше)(Человек)"	"2 квартал 2012 г."	"201206"	"ВОСТОЧНО-КАЗАХСТАНСКАЯ ОБЛАСТЬ"	"0"	"сельская местность"	"0"	"Всего"	"0"	"Всего"	"0"	"Всего"	"0"	"13 846"
"Безработное население (в возрасте 15 лет и старше)(Человек)"	"4 квартал 2012 г."	"201212"	"ВОСТОЧНО-КАЗАХСТАНСКАЯ ОБЛАСТЬ"	"0"	"сельская местность"	"0"	"Всего"	"0"	"Всего"	"0"	"Всего"	"0"	"13 890"
"Безработное население (в возрасте 15 лет и старше)(Человек)"	"4 квартал 2019 г."	"201912"	"ВОСТОЧНО-КАЗАХСТАНСКАЯ ОБЛАСТЬ"	"0"	"сельская местность"	"0"	"Всего"	"0"	"Всего"	"0"	"Всего"	"0"	"16 526"
"Безработное население (в возрасте 15 лет и старше)(Человек)"	"4 квартал 2016 г."	"201612"	"ВОСТОЧНО-КАЗАХСТАНСКАЯ ОБЛАСТЬ"	"0"	"сельская местность"	"0"	"Всего"	"0"	"Всего"	"0"	"Всего"	"0"	"13 812"
"Безработное население (в возрасте 15 лет и старше)(Человек)"	"3 квартал 2010 г."	"201009"	"ВОСТОЧНО-КАЗАХСТАНСКАЯ ОБЛАСТЬ"	"0"	"сельская местность"	"0"	"Всего"	"0"	"Всего"	"0"	"Всего"	"0"	"16 427"
"Безработное население (в возрасте 15 лет и старше)(Человек)"	"1 квартал 2011 г."	"201103"	"ВОСТОЧНО-КАЗАХСТАНСКАЯ ОБЛАСТЬ"	"0"	"сельская местность"	"0"	"Всего"	"0"	"Всего"	"0"	"Всего"	"0"	"16 120"
"Безработное население (в возрасте 15 лет и старше)(Человек)"	"2 квартал 2013 г."	"201306"	"ВОСТОЧНО-КАЗАХСТАНСКАЯ ОБЛАСТЬ"	"0"	"сельская местность"	"0"	"Всего"	"0"	"Всего"	"0"	"Всего"	"0"	"13 959"
"Безработное население (в возрасте 15 лет и старше)(Человек)"	"4 квартал 2011 г."	"201112"	"ВОСТОЧНО-КАЗАХСТАНСКАЯ ОБЛАСТЬ"	"0"	"сельская местность"	"0"	"Всего"	"0"	"Всего"	"0"	"Всего"	"0"	"14 450"
"Безработное население (в возрасте 15 лет и старше)(Человек)"	"3 квартал 2013 г."	"201309"	"ВОСТОЧНО-КАЗАХСТАНСКАЯ ОБЛАСТЬ"	"0"	"сельская местность"	"0"	"Всего"	"0"	"Всего"	"0"	"Всего"	"0"	"14 018"
"Безработное население (в возрасте 15 лет и старше)(Человек)"	"1 квартал 2013 г."	"201303"	"ВОСТОЧНО-КАЗАХСТАНСКАЯ ОБЛАСТЬ"	"0"	"сельская местность"	"0"	"Всего"	"0"	"Всего"	"0"	"Всего"	"0"	"13 745"
"Безработное население (в возрасте 15 лет и старше)(Человек)"	"4 квартал 2010 г."	"201012"	"ВОСТОЧНО-КАЗАХСТАНСКАЯ ОБЛАСТЬ"	"0"	"сельская местность"	"0"	"Всего"	"0"	"Всего"	"0"	"Всего"	"0"	"16 446"
"Безработное население (в возрасте 15 лет и старше)(Человек)"	"2 квартал 2011 г."	"201106"	"ВОСТОЧНО-КАЗАХСТАНСКАЯ ОБЛАСТЬ"	"0"	"сельская местность"	"0"	"Всего"	"0"	"Всего"	"0"	"Всего"	"0"	"16 798"
"Безработное население (в возрасте 15 лет и старше)(Человек)"	"3 квартал 2015 г."	"201509"	"ВОСТОЧНО-КАЗАХСТАНСКАЯ ОБЛАСТЬ"	"0"	"сельская местность"	"0"	"Всего"	"0"	"Всего"	"0"	"Всего"	"0"	"13 523"
"Безработное население (в возрасте 15 лет и старше)(Человек)"	"4 квартал 2013 г."	"201312"	"ВОСТОЧНО-КАЗАХСТАНСКАЯ ОБЛАСТЬ"	"0"	"сельская местность"	"0"	"Всего"	"0"	"Всего"	"0"	"Всего"	"0"	"14 201"
"Безработное население (в возрасте 15 лет и старше)(Человек)"	"3 квартал 2012 г."	"201209"	"ВОСТОЧНО-КАЗАХСТАНСКАЯ ОБЛАСТЬ"	"0"	"сельская местность"	"0"	"Всего"	"0"	"Всего"	"0"	"Всего"	"0"	"13 839"
"Безработное население (в возрасте 15 лет и старше)(Человек)"	"2 квартал 2017 г."	"201706"	"ВОСТОЧНО-КАЗАХСТАНСКАЯ ОБЛАСТЬ"	"0"	"сельская местность"	"0"	"Всего"	"0"	"Всего"	"0"	"Всего"	"0"	"12 624"
"Безработное население (в возрасте 15 лет и старше)(Человек)"	"1 квартал 2014 г."	"201403"	"ВОСТОЧНО-КАЗАХСТАНСКАЯ ОБЛАСТЬ"	"0"	"сельская местность"	"0"	"Всего"	"0"	"Всего"	"0"	"Всего"	"0"	"14 042"
"Безработное население (в возрасте 15 лет и старше)(Человек)"	"3 квартал 2014 г."	"201409"	"ВОСТОЧНО-КАЗАХСТАНСКАЯ ОБЛАСТЬ"	"0"	"сельская местность"	"0"	"Всего"	"0"	"Всего"	"0"	"Всего"	"0"	"13 948"
"Безработное население (в возрасте 15 лет и старше)(Человек)"	"2 квартал 2014 г."	"201406"	"ВОСТОЧНО-КАЗАХСТАНСКАЯ ОБЛАСТЬ"	"0"	"сельская местность"	"0"	"Всего"	"0"	"Всего"	"0"	"Всего"	"0"	"13 898"
"Безработное население (в возрасте 15 лет и старше)(Человек)"	"4 квартал 2014 г."	"201412"	"ВОСТОЧНО-КАЗАХСТАНСКАЯ ОБЛАСТЬ"	"0"	"сельская местность"	"0"	"Всего"	"0"	"Всего"	"0"	"Всего"	"0"	"14 151"
"Безработное население (в возрасте 15 лет и старше)(Человек)"	"3 квартал 2019 г."	"201909"	"ВОСТОЧНО-КАЗАХСТАНСКАЯ ОБЛАСТЬ"	"0"	"сельская местность"	"0"	"Всего"	"0"	"Всего"	"0"	"Всего"	"0"	"13 547"
"Безработное население (в возрасте 15 лет и старше)(Человек)"	"4 квартал 2015 г."	"201512"	"ВОСТОЧНО-КАЗАХСТАНСКАЯ ОБЛАСТЬ"	"0"	"сельская местность"	"0"	"Всего"	"0"	"Всего"	"0"	"Всего"	"0"	"13 802"
"Безработное население (в возрасте 15 лет и старше)(Человек)"	"4 квартал 2018 г."	"201812"	"ВОСТОЧНО-КАЗАХСТАНСКАЯ ОБЛАСТЬ"	"0"	"сельская местность"	"0"	"Всего"	"0"	"Всего"	"0"	"Всего"	"0"	"15 515"
"Безработное население (в возрасте 15 лет и старше)(Человек)"	"4 квартал 2017 г."	"201712"	"ВОСТОЧНО-КАЗАХСТАНСКАЯ ОБЛАСТЬ"	"0"	"сельская местность"	"0"	"Всего"	"0"	"Всего"	"0"	"Всего"	"0"	"12 327"
"Безработное население (в возрасте 15 лет и старше)(Человек)"	"1 квартал 2017 г."	"201703"	"ВОСТОЧНО-КАЗАХСТАНСКАЯ ОБЛАСТЬ"	"0"	"сельская местность"	"0"	"Всего"	"0"	"Всего"	"0"	"Всего"	"0"	"12 119"
"Безработное население (в возрасте 15 лет и старше)(Человек)"	"2 квартал 2019 г."	"201906"	"ВОСТОЧНО-КАЗАХСТАНСКАЯ ОБЛАСТЬ"	"0"	"сельская местность"	"0"	"Всего"	"0"	"Всего"	"0"	"Всего"	"0"	"14 159"
"Безработное население (в возрасте 15 лет и старше)(Человек)"	"1 квартал 2019 г."	"201903"	"ВОСТОЧНО-КАЗАХСТАНСКАЯ ОБЛАСТЬ"	"0"	"сельская местность"	"0"	"Всего"	"0"	"Всего"	"0"	"Всего"	"0"	"12 182"
"Безработное население (в возрасте 15 лет и старше)(Человек)"	"1 квартал 2018 г."	"201803"	"ВОСТОЧНО-КАЗАХСТАНСКАЯ ОБЛАСТЬ"	"0"	"сельская местность"	"0"	"Всего"	"0"	"Всего"	"0"	"Всего"	"0"	"12 084"
"Безработное население (в возрасте 15 лет и старше)(Человек)"	"3 квартал 2018 г."	"201809"	"ВОСТОЧНО-КАЗАХСТАНСКАЯ ОБЛАСТЬ"	"0"	"сельская местность"	"0"	"Всего"	"0"	"Всего"	"0"	"Всего"	"0"	"12 885"
"Безработное население (в возрасте 15 лет и старше)(Человек)"	"1 квартал 2016 г."	"201603"	"ВОСТОЧНО-КАЗАХСТАНСКАЯ ОБЛАСТЬ"	"0"	"сельская местность"	"0"	"Всего"	"0"	"Всего"	"0"	"Всего"	"0"	"12 919"
"Безработное население (в возрасте 15 лет и старше)(Человек)"	"3 квартал 2016 г."	"201609"	"ВОСТОЧНО-КАЗАХСТАНСКАЯ ОБЛАСТЬ"	"0"	"сельская местность"	"0"	"Всего"	"0"	"Всего"	"0"	"Всего"	"0"	"13 766"
"Безработное население (в возрасте 15 лет и старше)(Человек)"	"3 квартал 2017 г."	"201709"	"ВОСТОЧНО-КАЗАХСТАНСКАЯ ОБЛАСТЬ"	"0"	"сельская местность"	"0"	"Всего"	"0"	"Всего"	"0"	"Всего"	"0"	"15 724"
"Безработное население (в возрасте 15 лет и старше)(Человек)"	"2 квартал 2018 г."	"201806"	"ВОСТОЧНО-КАЗАХСТАНСКАЯ ОБЛАСТЬ"	"0"	"сельская местность"	"0"	"Всего"	"0"	"Всего"	"0"	"Всего"	"0"	"12 408"
"Безработное население (в возрасте 15 лет и старше)(Человек)"	"1 квартал 2021 г."	"202103"	"ВОСТОЧНО-КАЗАХСТАНСКАЯ ОБЛАСТЬ"	"0"	"сельская местность"	"0"	"Всего"	"0"	"Всего"	"0"	"Всего"	"0"	"12 511"
"Безработное население (в возрасте 15 лет и старше)(Человек)"	"2 квартал 2021 г."	"202106"	"ВОСТОЧНО-КАЗАХСТАНСКАЯ ОБЛАСТЬ"	"0"	"сельская местность"	"0"	"Всего"	"0"	"Всего"	"0"	"Всего"	"0"	"12 060"
"Безработное население (в возрасте 15 лет и старше)(Человек)"	"3 квартал 2021 г."	"202109"	"ВОСТОЧНО-КАЗАХСТАНСКАЯ ОБЛАСТЬ"	"0"	"сельская местность"	"0"	"Всего"	"0"	"Всего"	"0"	"Всего"	"0"	"11 314"
"Безработное население (в возрасте 15 лет и старше)(Человек)"	"3 квартал 2020 г."	"202009"	"ВОСТОЧНО-КАЗАХСТАНСКАЯ ОБЛАСТЬ"	"0"	"сельская местность"	"0"	"Всего"	"0"	"Всего"	"0"	"Всего"	"0"	"11 744"
"Безработное население (в возрасте 15 лет и старше)(Человек)"	"4 квартал 2020 г."	"202012"	"ВОСТОЧНО-КАЗАХСТАНСКАЯ ОБЛАСТЬ"	"0"	"сельская местность"	"0"	"Всего"	"0"	"Всего"	"0"	"Всего"	"0"	"12 210"
"Безработное население (в возрасте 15 лет и старше)(Человек)"	"4 квартал 2021 г."	"202112"	"ВОСТОЧНО-КАЗАХСТАНСКАЯ ОБЛАСТЬ"	"0"	"сельская местность"	"0"	"Всего"	"0"	"Всего"	"0"	"Всего"	"0"	"11 954"
"Безработное население (в возрасте 15 лет и старше)(Человек)"	"1 квартал 2020 г."	"202003"	"ВОСТОЧНО-КАЗАХСТАНСКАЯ ОБЛАСТЬ"	"0"	"сельская местность"	"0"	"Всего"	"0"	"Всего"	"0"	"Всего"	"0"	"12 337"
"Безработное население (в возрасте 15 лет и старше)(Человек)"	"2 квартал 2020 г."	"202006"	"ВОСТОЧНО-КАЗАХСТАНСКАЯ ОБЛАСТЬ"	"0"	"сельская местность"	"0"	"Всего"	"0"	"Всего"	"0"	"Всего"	"0"	"11 870"
"Безработное население (в возрасте 15 лет и старше)(Человек)"	"2 квартал 2022 г."	"202206"	"ВОСТОЧНО-КАЗАХСТАНСКАЯ ОБЛАСТЬ"	"0"	"сельская местность"	"0"	"Всего"	"0"	"Всего"	"0"	"Всего"	"0"	"5 885"
"Безработное население (в возрасте 15 лет и старше)(Человек)"	"1 квартал 2022 г."	"202203"	"ВОСТОЧНО-КАЗАХСТАНСКАЯ ОБЛАСТЬ"	"0"	"сельская местность"	"0"	"Всего"	"0"	"Всего"	"0"	"Всего"	"0"	"11 953"
"Безработное население (в возрасте 15 лет и старше)(Человек)"	"4 квартал 2022 г."	"202212"	"ВОСТОЧНО-КАЗАХСТАНСКАЯ ОБЛАСТЬ"	"0"	"сельская местность"	"0"	"Всего"	"0"	"Всего"	"0"	"Всего"	"0"	"6 827"
"Безработное население (в возрасте 15 лет и старше)(Человек)"	"3 квартал 2022 г."	"202209"	"ВОСТОЧНО-КАЗАХСТАНСКАЯ ОБЛАСТЬ"	"0"	"сельская местность"	"0"	"Всего"	"0"	"Всего"	"0"	"Всего"	"0"	"6 793"
"Безработное население (в возрасте 15 лет и старше)(Человек)"	"1 квартал 2023 г."	"202303"	"ВОСТОЧНО-КАЗАХСТАНСКАЯ ОБЛАСТЬ"	"0"	"сельская местность"	"0"	"Всего"	"0"	"Всего"	"0"	"Всего"	"0"	"7 012"
"Безработное население (в возрасте 15 лет и старше)(Человек)"	"3 квартал 2023 г."	"202309"	"ВОСТОЧНО-КАЗАХСТАНСКАЯ ОБЛАСТЬ"	"0"	"сельская местность"	"0"	"Всего"	"0"	"Всего"	"0"	"Всего"	"0"	"6 468"
"Безработное население (в возрасте 15 лет и старше)(Человек)"	"4 квартал 2023 г."	"202312"	"ВОСТОЧНО-КАЗАХСТАНСКАЯ ОБЛАСТЬ"	"0"	"сельская местность"	"0"	"Всего"	"0"	"Всего"	"0"	"Всего"	"0"	"6 473"
"Безработное население (в возрасте 15 лет и старше)(Человек)"	"2 квартал 2023 г."	"202306"	"ВОСТОЧНО-КАЗАХСТАНСКАЯ ОБЛАСТЬ"	"0"	"сельская местность"	"0"	"Всего"	"0"	"Всего"	"0"	"Всего"	"0"	"7 222"
"Безработное население (в возрасте 15 лет и старше)(Человек)"	"1 квартал 2024 г."	"202403"	"ВОСТОЧНО-КАЗАХСТАНСКАЯ ОБЛАСТЬ"	"0"	"сельская местность"	"0"	"Всего"	"0"	"Всего"	"0"	"Всего"	"0"	"5 965"
"Безработное население (в возрасте 15 лет и старше)(Человек)"	"2 квартал 2024 г."	"202406"	"ВОСТОЧНО-КАЗАХСТАНСКАЯ ОБЛАСТЬ"	"0"	"сельская местность"	"0"	"Всего"	"0"	"Всего"	"0"	"Всего"	"0"	"6 095"
"Безработное население (в возрасте 15 лет и старше)(Человек)"	"3 квартал 2024 г."	"202409"	"ВОСТОЧНО-КАЗАХСТАНСКАЯ ОБЛАСТЬ"	"0"	"сельская местность"	"0"	"Всего"	"0"	"Всего"	"0"	"Всего"	"0"	"6 209"
"Безработное население (в возрасте 15 лет и старше)(Человек)"	"4 квартал 2024 г."	"202412"	"ВОСТОЧНО-КАЗАХСТАНСКАЯ ОБЛАСТЬ"	"0"	"сельская местность"	"0"	"Всего"	"0"	"Всего"	"0"	"Всего"	"0"	"6 477"
"Безработное население (в возрасте 15 лет и старше)(Человек)"	"1 квартал 2025 г."	"202503"	"ВОСТОЧНО-КАЗАХСТАНСКАЯ ОБЛАСТЬ"	"0"	"сельская местность"	"0"	"Всего"	"0"	"Всего"	"0"	"Всего"	"0"	"5 715"
"Безработное население (в возрасте 15 лет и старше)(Человек)"	"2 квартал 2025 г."	"202506"	"ВОСТОЧНО-КАЗАХСТАНСКАЯ ОБЛАСТЬ"	"0"	"сельская местность"	"0"	"Всего"	"0"	"Всего"	"0"	"Всего"	"0"	"5 927"
"Безработное население (в возрасте 15 лет и старше)(Человек)"	"2 квартал 2016 г."	"201606"	"АТЫРАУСКАЯ ОБЛАСТЬ"	"0"	"сельская местность"	"0"	"Всего"	"0"	"Всего"	"0"	"Всего"	"0"	"5 966"
"Безработное население (в возрасте 15 лет и старше)(Человек)"	"2 квартал 2010 г."	"201006"	"АТЫРАУСКАЯ ОБЛАСТЬ"	"0"	"сельская местность"	"0"	"Всего"	"0"	"Всего"	"0"	"Всего"	"0"	"7 714"
"Безработное население (в возрасте 15 лет и старше)(Человек)"	"3 квартал 2011 г."	"201109"	"АТЫРАУСКАЯ ОБЛАСТЬ"	"0"	"сельская местность"	"0"	"Всего"	"0"	"Всего"	"0"	"Всего"	"0"	"7 730"
"Безработное население (в возрасте 15 лет и старше)(Человек)"	"1 квартал 2010 г."	"201003"	"АТЫРАУСКАЯ ОБЛАСТЬ"	"0"	"сельская местность"	"0"	"Всего"	"0"	"Всего"	"0"	"Всего"	"0"	"7 908"
"Безработное население (в возрасте 15 лет и старше)(Человек)"	"1 квартал 2015 г."	"201503"	"АТЫРАУСКАЯ ОБЛАСТЬ"	"0"	"сельская местность"	"0"	"Всего"	"0"	"Всего"	"0"	"Всего"	"0"	"8 883"
"Безработное население (в возрасте 15 лет и старше)(Человек)"	"2 квартал 2015 г."	"201506"	"АТЫРАУСКАЯ ОБЛАСТЬ"	"0"	"сельская местность"	"0"	"Всего"	"0"	"Всего"	"0"	"Всего"	"0"	"6 313"
"Безработное население (в возрасте 15 лет и старше)(Человек)"	"1 квартал 2012 г."	"201203"	"АТЫРАУСКАЯ ОБЛАСТЬ"	"0"	"сельская местность"	"0"	"Всего"	"0"	"Всего"	"0"	"Всего"	"0"	"7 872"
"Безработное население (в возрасте 15 лет и старше)(Человек)"	"2 квартал 2012 г."	"201206"	"АТЫРАУСКАЯ ОБЛАСТЬ"	"0"	"сельская местность"	"0"	"Всего"	"0"	"Всего"	"0"	"Всего"	"0"	"8 152"
"Безработное население (в возрасте 15 лет и старше)(Человек)"	"4 квартал 2012 г."	"201212"	"АТЫРАУСКАЯ ОБЛАСТЬ"	"0"	"сельская местность"	"0"	"Всего"	"0"	"Всего"	"0"	"Всего"	"0"	"8 150"
"Безработное население (в возрасте 15 лет и старше)(Человек)"	"4 квартал 2019 г."	"201912"	"АТЫРАУСКАЯ ОБЛАСТЬ"	"0"	"сельская местность"	"0"	"Всего"	"0"	"Всего"	"0"	"Всего"	"0"	"7 915"
"Безработное население (в возрасте 15 лет и старше)(Человек)"	"4 квартал 2016 г."	"201612"	"АТЫРАУСКАЯ ОБЛАСТЬ"	"0"	"сельская местность"	"0"	"Всего"	"0"	"Всего"	"0"	"Всего"	"0"	"5 715"
"Безработное население (в возрасте 15 лет и старше)(Человек)"	"3 квартал 2010 г."	"201009"	"АТЫРАУСКАЯ ОБЛАСТЬ"	"0"	"сельская местность"	"0"	"Всего"	"0"	"Всего"	"0"	"Всего"	"0"	"7 461"
"Безработное население (в возрасте 15 лет и старше)(Человек)"	"1 квартал 2011 г."	"201103"	"АТЫРАУСКАЯ ОБЛАСТЬ"	"0"	"сельская местность"	"0"	"Всего"	"0"	"Всего"	"0"	"Всего"	"0"	"8 111"
"Безработное население (в возрасте 15 лет и старше)(Человек)"	"2 квартал 2013 г."	"201306"	"АТЫРАУСКАЯ ОБЛАСТЬ"	"0"	"сельская местность"	"0"	"Всего"	"0"	"Всего"	"0"	"Всего"	"0"	"7 770"
"Безработное население (в возрасте 15 лет и старше)(Человек)"	"4 квартал 2011 г."	"201112"	"АТЫРАУСКАЯ ОБЛАСТЬ"	"0"	"сельская местность"	"0"	"Всего"	"0"	"Всего"	"0"	"Всего"	"0"	"7 215"
"Безработное население (в возрасте 15 лет и старше)(Человек)"	"3 квартал 2013 г."	"201309"	"АТЫРАУСКАЯ ОБЛАСТЬ"	"0"	"сельская местность"	"0"	"Всего"	"0"	"Всего"	"0"	"Всего"	"0"	"7 937"
"Безработное население (в возрасте 15 лет и старше)(Человек)"	"1 квартал 2013 г."	"201303"	"АТЫРАУСКАЯ ОБЛАСТЬ"	"0"	"сельская местность"	"0"	"Всего"	"0"	"Всего"	"0"	"Всего"	"0"	"7 664"
"Безработное население (в возрасте 15 лет и старше)(Человек)"	"4 квартал 2010 г."	"201012"	"АТЫРАУСКАЯ ОБЛАСТЬ"	"0"	"сельская местность"	"0"	"Всего"	"0"	"Всего"	"0"	"Всего"	"0"	"7 256"
"Безработное население (в возрасте 15 лет и старше)(Человек)"	"2 квартал 2011 г."	"201106"	"АТЫРАУСКАЯ ОБЛАСТЬ"	"0"	"сельская местность"	"0"	"Всего"	"0"	"Всего"	"0"	"Всего"	"0"	"7 769"
"Безработное население (в возрасте 15 лет и старше)(Человек)"	"3 квартал 2015 г."	"201509"	"АТЫРАУСКАЯ ОБЛАСТЬ"	"0"	"сельская местность"	"0"	"Всего"	"0"	"Всего"	"0"	"Всего"	"0"	"9 586"
"Безработное население (в возрасте 15 лет и старше)(Человек)"	"4 квартал 2013 г."	"201312"	"АТЫРАУСКАЯ ОБЛАСТЬ"	"0"	"сельская местность"	"0"	"Всего"	"0"	"Всего"	"0"	"Всего"	"0"	"8 115"
"Безработное население (в возрасте 15 лет и старше)(Человек)"	"3 квартал 2012 г."	"201209"	"АТЫРАУСКАЯ ОБЛАСТЬ"	"0"	"сельская местность"	"0"	"Всего"	"0"	"Всего"	"0"	"Всего"	"0"	"8 110"
"Безработное население (в возрасте 15 лет и старше)(Человек)"	"2 квартал 2017 г."	"201706"	"АТЫРАУСКАЯ ОБЛАСТЬ"	"0"	"сельская местность"	"0"	"Всего"	"0"	"Всего"	"0"	"Всего"	"0"	"8 404"
"Безработное население (в возрасте 15 лет и старше)(Человек)"	"1 квартал 2014 г."	"201403"	"АТЫРАУСКАЯ ОБЛАСТЬ"	"0"	"сельская местность"	"0"	"Всего"	"0"	"Всего"	"0"	"Всего"	"0"	"8 499"
"Безработное население (в возрасте 15 лет и старше)(Человек)"	"3 квартал 2014 г."	"201409"	"АТЫРАУСКАЯ ОБЛАСТЬ"	"0"	"сельская местность"	"0"	"Всего"	"0"	"Всего"	"0"	"Всего"	"0"	"8 060"
"Безработное население (в возрасте 15 лет и старше)(Человек)"	"2 квартал 2014 г."	"201406"	"АТЫРАУСКАЯ ОБЛАСТЬ"	"0"	"сельская местность"	"0"	"Всего"	"0"	"Всего"	"0"	"Всего"	"0"	"8 196"
"Безработное население (в возрасте 15 лет и старше)(Человек)"	"4 квартал 2014 г."	"201412"	"АТЫРАУСКАЯ ОБЛАСТЬ"	"0"	"сельская местность"	"0"	"Всего"	"0"	"Всего"	"0"	"Всего"	"0"	"7 922"
"Безработное население (в возрасте 15 лет и старше)(Человек)"	"3 квартал 2019 г."	"201909"	"АТЫРАУСКАЯ ОБЛАСТЬ"	"0"	"сельская местность"	"0"	"Всего"	"0"	"Всего"	"0"	"Всего"	"0"	"7 469"
"Безработное население (в возрасте 15 лет и старше)(Человек)"	"4 квартал 2015 г."	"201512"	"АТЫРАУСКАЯ ОБЛАСТЬ"	"0"	"сельская местность"	"0"	"Всего"	"0"	"Всего"	"0"	"Всего"	"0"	"5 880"
"Безработное население (в возрасте 15 лет и старше)(Человек)"	"4 квартал 2018 г."	"201812"	"АТЫРАУСКАЯ ОБЛАСТЬ"	"0"	"сельская местность"	"0"	"Всего"	"0"	"Всего"	"0"	"Всего"	"0"	"8 017"
"Безработное население (в возрасте 15 лет и старше)(Человек)"	"4 квартал 2017 г."	"201712"	"АТЫРАУСКАЯ ОБЛАСТЬ"	"0"	"сельская местность"	"0"	"Всего"	"0"	"Всего"	"0"	"Всего"	"0"	"7 683"
"Безработное население (в возрасте 15 лет и старше)(Человек)"	"1 квартал 2017 г."	"201703"	"АТЫРАУСКАЯ ОБЛАСТЬ"	"0"	"сельская местность"	"0"	"Всего"	"0"	"Всего"	"0"	"Всего"	"0"	"8 021"
"Безработное население (в возрасте 15 лет и старше)(Человек)"	"2 квартал 2019 г."	"201906"	"АТЫРАУСКАЯ ОБЛАСТЬ"	"0"	"сельская местность"	"0"	"Всего"	"0"	"Всего"	"0"	"Всего"	"0"	"7 679"
"Безработное население (в возрасте 15 лет и старше)(Человек)"	"1 квартал 2019 г."	"201903"	"АТЫРАУСКАЯ ОБЛАСТЬ"	"0"	"сельская местность"	"0"	"Всего"	"0"	"Всего"	"0"	"Всего"	"0"	"7 555"
"Безработное население (в возрасте 15 лет и старше)(Человек)"	"1 квартал 2018 г."	"201803"	"АТЫРАУСКАЯ ОБЛАСТЬ"	"0"	"сельская местность"	"0"	"Всего"	"0"	"Всего"	"0"	"Всего"	"0"	"7 394"
"Безработное население (в возрасте 15 лет и старше)(Человек)"	"3 квартал 2018 г."	"201809"	"АТЫРАУСКАЯ ОБЛАСТЬ"	"0"	"сельская местность"	"0"	"Всего"	"0"	"Всего"	"0"	"Всего"	"0"	"7 830"
"Безработное население (в возрасте 15 лет и старше)(Человек)"	"1 квартал 2016 г."	"201603"	"АТЫРАУСКАЯ ОБЛАСТЬ"	"0"	"сельская местность"	"0"	"Всего"	"0"	"Всего"	"0"	"Всего"	"0"	"7 193"
"Безработное население (в возрасте 15 лет и старше)(Человек)"	"3 квартал 2016 г."	"201609"	"АТЫРАУСКАЯ ОБЛАСТЬ"	"0"	"сельская местность"	"0"	"Всего"	"0"	"Всего"	"0"	"Всего"	"0"	"6 684"
"Безработное население (в возрасте 15 лет и старше)(Человек)"	"3 квартал 2017 г."	"201709"	"АТЫРАУСКАЯ ОБЛАСТЬ"	"0"	"сельская местность"	"0"	"Всего"	"0"	"Всего"	"0"	"Всего"	"0"	"7 601"
"Безработное население (в возрасте 15 лет и старше)(Человек)"	"2 квартал 2018 г."	"201806"	"АТЫРАУСКАЯ ОБЛАСТЬ"	"0"	"сельская местность"	"0"	"Всего"	"0"	"Всего"	"0"	"Всего"	"0"	"7 914"
"Безработное население (в возрасте 15 лет и старше)(Человек)"	"1 квартал 2021 г."	"202103"	"АТЫРАУСКАЯ ОБЛАСТЬ"	"0"	"сельская местность"	"0"	"Всего"	"0"	"Всего"	"0"	"Всего"	"0"	"7 694"
"Безработное население (в возрасте 15 лет и старше)(Человек)"	"2 квартал 2021 г."	"202106"	"АТЫРАУСКАЯ ОБЛАСТЬ"	"0"	"сельская местность"	"0"	"Всего"	"0"	"Всего"	"0"	"Всего"	"0"	"6 919"
"Безработное население (в возрасте 15 лет и старше)(Человек)"	"3 квартал 2021 г."	"202109"	"АТЫРАУСКАЯ ОБЛАСТЬ"	"0"	"сельская местность"	"0"	"Всего"	"0"	"Всего"	"0"	"Всего"	"0"	"7 651"
"Безработное население (в возрасте 15 лет и старше)(Человек)"	"3 квартал 2020 г."	"202009"	"АТЫРАУСКАЯ ОБЛАСТЬ"	"0"	"сельская местность"	"0"	"Всего"	"0"	"Всего"	"0"	"Всего"	"0"	"7 463"
"Безработное население (в возрасте 15 лет и старше)(Человек)"	"4 квартал 2020 г."	"202012"	"АТЫРАУСКАЯ ОБЛАСТЬ"	"0"	"сельская местность"	"0"	"Всего"	"0"	"Всего"	"0"	"Всего"	"0"	"7 206"
"Безработное население (в возрасте 15 лет и старше)(Человек)"	"4 квартал 2021 г."	"202112"	"АТЫРАУСКАЯ ОБЛАСТЬ"	"0"	"сельская местность"	"0"	"Всего"	"0"	"Всего"	"0"	"Всего"	"0"	"6 717"
"Безработное население (в возрасте 15 лет и старше)(Человек)"	"1 квартал 2020 г."	"202003"	"АТЫРАУСКАЯ ОБЛАСТЬ"	"0"	"сельская местность"	"0"	"Всего"	"0"	"Всего"	"0"	"Всего"	"0"	"7 342"
"Безработное население (в возрасте 15 лет и старше)(Человек)"	"2 квартал 2020 г."	"202006"	"АТЫРАУСКАЯ ОБЛАСТЬ"	"0"	"сельская местность"	"0"	"Всего"	"0"	"Всего"	"0"	"Всего"	"0"	"7 549"
"Безработное население (в возрасте 15 лет и старше)(Человек)"	"2 квартал 2022 г."	"202206"	"АТЫРАУСКАЯ ОБЛАСТЬ"	"0"	"сельская местность"	"0"	"Всего"	"0"	"Всего"	"0"	"Всего"	"0"	"7 443"
"Безработное население (в возрасте 15 лет и старше)(Человек)"	"1 квартал 2022 г."	"202203"	"АТЫРАУСКАЯ ОБЛАСТЬ"	"0"	"сельская местность"	"0"	"Всего"	"0"	"Всего"	"0"	"Всего"	"0"	"8 048"
"Безработное население (в возрасте 15 лет и старше)(Человек)"	"4 квартал 2022 г."	"202212"	"АТЫРАУСКАЯ ОБЛАСТЬ"	"0"	"сельская местность"	"0"	"Всего"	"0"	"Всего"	"0"	"Всего"	"0"	"7 485"
"Безработное население (в возрасте 15 лет и старше)(Человек)"	"3 квартал 2022 г."	"202209"	"АТЫРАУСКАЯ ОБЛАСТЬ"	"0"	"сельская местность"	"0"	"Всего"	"0"	"Всего"	"0"	"Всего"	"0"	"8 080"
"Безработное население (в возрасте 15 лет и старше)(Человек)"	"1 квартал 2023 г."	"202303"	"АТЫРАУСКАЯ ОБЛАСТЬ"	"0"	"сельская местность"	"0"	"Всего"	"0"	"Всего"	"0"	"Всего"	"0"	"7 827"
"Безработное население (в возрасте 15 лет и старше)(Человек)"	"3 квартал 2023 г."	"202309"	"АТЫРАУСКАЯ ОБЛАСТЬ"	"0"	"сельская местность"	"0"	"Всего"	"0"	"Всего"	"0"	"Всего"	"0"	"7 174"
"Безработное население (в возрасте 15 лет и старше)(Человек)"	"4 квартал 2023 г."	"202312"	"АТЫРАУСКАЯ ОБЛАСТЬ"	"0"	"сельская местность"	"0"	"Всего"	"0"	"Всего"	"0"	"Всего"	"0"	"7 606"
"Безработное население (в возрасте 15 лет и старше)(Человек)"	"2 квартал 2023 г."	"202306"	"АТЫРАУСКАЯ ОБЛАСТЬ"	"0"	"сельская местность"	"0"	"Всего"	"0"	"Всего"	"0"	"Всего"	"0"	"7 157"
"Безработное население (в возрасте 15 лет и старше)(Человек)"	"1 квартал 2024 г."	"202403"	"АТЫРАУСКАЯ ОБЛАСТЬ"	"0"	"сельская местность"	"0"	"Всего"	"0"	"Всего"	"0"	"Всего"	"0"	"7 608"
"Безработное население (в возрасте 15 лет и старше)(Человек)"	"2 квартал 2024 г."	"202406"	"АТЫРАУСКАЯ ОБЛАСТЬ"	"0"	"сельская местность"	"0"	"Всего"	"0"	"Всего"	"0"	"Всего"	"0"	"7 705"
"Безработное население (в возрасте 15 лет и старше)(Человек)"	"3 квартал 2024 г."	"202409"	"АТЫРАУСКАЯ ОБЛАСТЬ"	"0"	"сельская местность"	"0"	"Всего"	"0"	"Всего"	"0"	"Всего"	"0"	"7 104"
"Безработное население (в возрасте 15 лет и старше)(Человек)"	"4 квартал 2024 г."	"202412"	"АТЫРАУСКАЯ ОБЛАСТЬ"	"0"	"сельская местность"	"0"	"Всего"	"0"	"Всего"	"0"	"Всего"	"0"	"7 518"
"Безработное население (в возрасте 15 лет и старше)(Человек)"	"1 квартал 2025 г."	"202503"	"АТЫРАУСКАЯ ОБЛАСТЬ"	"0"	"сельская местность"	"0"	"Всего"	"0"	"Всего"	"0"	"Всего"	"0"	"6 621"
"Безработное население (в возрасте 15 лет и старше)(Человек)"	"2 квартал 2025 г."	"202506"	"АТЫРАУСКАЯ ОБЛАСТЬ"	"0"	"сельская местность"	"0"	"Всего"	"0"	"Всего"	"0"	"Всего"	"0"	"8 902"
"Безработное население (в возрасте 15 лет и старше)(Человек)"	"2 квартал 2016 г."	"201606"	"АЛМАТИНСКАЯ ОБЛАСТЬ"	"0"	"сельская местность"	"0"	"Всего"	"0"	"Всего"	"0"	"Всего"	"0"	"37 910"
"Безработное население (в возрасте 15 лет и старше)(Человек)"	"2 квартал 2010 г."	"201006"	"АЛМАТИНСКАЯ ОБЛАСТЬ"	"0"	"сельская местность"	"0"	"Всего"	"0"	"Всего"	"0"	"Всего"	"0"	"39 867"
"Безработное население (в возрасте 15 лет и старше)(Человек)"	"3 квартал 2011 г."	"201109"	"АЛМАТИНСКАЯ ОБЛАСТЬ"	"0"	"сельская местность"	"0"	"Всего"	"0"	"Всего"	"0"	"Всего"	"0"	"33 627"
"Безработное население (в возрасте 15 лет и старше)(Человек)"	"1 квартал 2010 г."	"201003"	"АЛМАТИНСКАЯ ОБЛАСТЬ"	"0"	"сельская местность"	"0"	"Всего"	"0"	"Всего"	"0"	"Всего"	"0"	"41 201"
"Безработное население (в возрасте 15 лет и старше)(Человек)"	"1 квартал 2015 г."	"201503"	"АЛМАТИНСКАЯ ОБЛАСТЬ"	"0"	"сельская местность"	"0"	"Всего"	"0"	"Всего"	"0"	"Всего"	"0"	"39 124"
"Безработное население (в возрасте 15 лет и старше)(Человек)"	"2 квартал 2015 г."	"201506"	"АЛМАТИНСКАЯ ОБЛАСТЬ"	"0"	"сельская местность"	"0"	"Всего"	"0"	"Всего"	"0"	"Всего"	"0"	"34 871"
"Безработное население (в возрасте 15 лет и старше)(Человек)"	"1 квартал 2012 г."	"201203"	"АЛМАТИНСКАЯ ОБЛАСТЬ"	"0"	"сельская местность"	"0"	"Всего"	"0"	"Всего"	"0"	"Всего"	"0"	"39 669"
"Безработное население (в возрасте 15 лет и старше)(Человек)"	"2 квартал 2012 г."	"201206"	"АЛМАТИНСКАЯ ОБЛАСТЬ"	"0"	"сельская местность"	"0"	"Всего"	"0"	"Всего"	"0"	"Всего"	"0"	"40 384"
"Безработное население (в возрасте 15 лет и старше)(Человек)"	"4 квартал 2012 г."	"201212"	"АЛМАТИНСКАЯ ОБЛАСТЬ"	"0"	"сельская местность"	"0"	"Всего"	"0"	"Всего"	"0"	"Всего"	"0"	"41 431"
"Безработное население (в возрасте 15 лет и старше)(Человек)"	"4 квартал 2019 г."	"201912"	"АЛМАТИНСКАЯ ОБЛАСТЬ"	"0"	"сельская местность"	"0"	"Всего"	"0"	"Всего"	"0"	"Всего"	"0"	"35 809"
"Безработное население (в возрасте 15 лет и старше)(Человек)"	"4 квартал 2016 г."	"201612"	"АЛМАТИНСКАЯ ОБЛАСТЬ"	"0"	"сельская местность"	"0"	"Всего"	"0"	"Всего"	"0"	"Всего"	"0"	"36 859"
"Безработное население (в возрасте 15 лет и старше)(Человек)"	"3 квартал 2010 г."	"201009"	"АЛМАТИНСКАЯ ОБЛАСТЬ"	"0"	"сельская местность"	"0"	"Всего"	"0"	"Всего"	"0"	"Всего"	"0"	"36 455"
"Безработное население (в возрасте 15 лет и старше)(Человек)"	"1 квартал 2011 г."	"201103"	"АЛМАТИНСКАЯ ОБЛАСТЬ"	"0"	"сельская местность"	"0"	"Всего"	"0"	"Всего"	"0"	"Всего"	"0"	"36 138"
"Безработное население (в возрасте 15 лет и старше)(Человек)"	"2 квартал 2013 г."	"201306"	"АЛМАТИНСКАЯ ОБЛАСТЬ"	"0"	"сельская местность"	"0"	"Всего"	"0"	"Всего"	"0"	"Всего"	"0"	"39 331"
"Безработное население (в возрасте 15 лет и старше)(Человек)"	"4 квартал 2011 г."	"201112"	"АЛМАТИНСКАЯ ОБЛАСТЬ"	"0"	"сельская местность"	"0"	"Всего"	"0"	"Всего"	"0"	"Всего"	"0"	"34 757"
"Безработное население (в возрасте 15 лет и старше)(Человек)"	"3 квартал 2013 г."	"201309"	"АЛМАТИНСКАЯ ОБЛАСТЬ"	"0"	"сельская местность"	"0"	"Всего"	"0"	"Всего"	"0"	"Всего"	"0"	"38 738"
"Безработное население (в возрасте 15 лет и старше)(Человек)"	"1 квартал 2013 г."	"201303"	"АЛМАТИНСКАЯ ОБЛАСТЬ"	"0"	"сельская местность"	"0"	"Всего"	"0"	"Всего"	"0"	"Всего"	"0"	"40 851"
"Безработное население (в возрасте 15 лет и старше)(Человек)"	"4 квартал 2010 г."	"201012"	"АЛМАТИНСКАЯ ОБЛАСТЬ"	"0"	"сельская местность"	"0"	"Всего"	"0"	"Всего"	"0"	"Всего"	"0"	"35 987"
"Безработное население (в возрасте 15 лет и старше)(Человек)"	"2 квартал 2011 г."	"201106"	"АЛМАТИНСКАЯ ОБЛАСТЬ"	"0"	"сельская местность"	"0"	"Всего"	"0"	"Всего"	"0"	"Всего"	"0"	"35 501"
"Безработное население (в возрасте 15 лет и старше)(Человек)"	"3 квартал 2015 г."	"201509"	"АЛМАТИНСКАЯ ОБЛАСТЬ"	"0"	"сельская местность"	"0"	"Всего"	"0"	"Всего"	"0"	"Всего"	"0"	"35 106"
"Безработное население (в возрасте 15 лет и старше)(Человек)"	"4 квартал 2013 г."	"201312"	"АЛМАТИНСКАЯ ОБЛАСТЬ"	"0"	"сельская местность"	"0"	"Всего"	"0"	"Всего"	"0"	"Всего"	"0"	"41 204"
"Безработное население (в возрасте 15 лет и старше)(Человек)"	"3 квартал 2012 г."	"201209"	"АЛМАТИНСКАЯ ОБЛАСТЬ"	"0"	"сельская местность"	"0"	"Всего"	"0"	"Всего"	"0"	"Всего"	"0"	"40 872"
"Безработное население (в возрасте 15 лет и старше)(Человек)"	"2 квартал 2017 г."	"201706"	"АЛМАТИНСКАЯ ОБЛАСТЬ"	"0"	"сельская местность"	"0"	"Всего"	"0"	"Всего"	"0"	"Всего"	"0"	"40 320"
"Безработное население (в возрасте 15 лет и старше)(Человек)"	"1 квартал 2014 г."	"201403"	"АЛМАТИНСКАЯ ОБЛАСТЬ"	"0"	"сельская местность"	"0"	"Всего"	"0"	"Всего"	"0"	"Всего"	"0"	"41 468"
"Безработное население (в возрасте 15 лет и старше)(Человек)"	"3 квартал 2014 г."	"201409"	"АЛМАТИНСКАЯ ОБЛАСТЬ"	"0"	"сельская местность"	"0"	"Всего"	"0"	"Всего"	"0"	"Всего"	"0"	"41 639"
"Безработное население (в возрасте 15 лет и старше)(Человек)"	"2 квартал 2014 г."	"201406"	"АЛМАТИНСКАЯ ОБЛАСТЬ"	"0"	"сельская местность"	"0"	"Всего"	"0"	"Всего"	"0"	"Всего"	"0"	"41 721"
"Безработное население (в возрасте 15 лет и старше)(Человек)"	"4 квартал 2014 г."	"201412"	"АЛМАТИНСКАЯ ОБЛАСТЬ"	"0"	"сельская местность"	"0"	"Всего"	"0"	"Всего"	"0"	"Всего"	"0"	"42 512"
"Безработное население (в возрасте 15 лет и старше)(Человек)"	"3 квартал 2019 г."	"201909"	"АЛМАТИНСКАЯ ОБЛАСТЬ"	"0"	"сельская местность"	"0"	"Всего"	"0"	"Всего"	"0"	"Всего"	"0"	"36 272"
"Безработное население (в возрасте 15 лет и старше)(Человек)"	"4 квартал 2015 г."	"201512"	"АЛМАТИНСКАЯ ОБЛАСТЬ"	"0"	"сельская местность"	"0"	"Всего"	"0"	"Всего"	"0"	"Всего"	"0"	"39 874"
"Безработное население (в возрасте 15 лет и старше)(Человек)"	"4 квартал 2018 г."	"201812"	"АЛМАТИНСКАЯ ОБЛАСТЬ"	"0"	"сельская местность"	"0"	"Всего"	"0"	"Всего"	"0"	"Всего"	"0"	"35 682"
"Безработное население (в возрасте 15 лет и старше)(Человек)"	"4 квартал 2017 г."	"201712"	"АЛМАТИНСКАЯ ОБЛАСТЬ"	"0"	"сельская местность"	"0"	"Всего"	"0"	"Всего"	"0"	"Всего"	"0"	"38 513"
"Безработное население (в возрасте 15 лет и старше)(Человек)"	"1 квартал 2017 г."	"201703"	"АЛМАТИНСКАЯ ОБЛАСТЬ"	"0"	"сельская местность"	"0"	"Всего"	"0"	"Всего"	"0"	"Всего"	"0"	"37 623"
"Безработное население (в возрасте 15 лет и старше)(Человек)"	"2 квартал 2019 г."	"201906"	"АЛМАТИНСКАЯ ОБЛАСТЬ"	"0"	"сельская местность"	"0"	"Всего"	"0"	"Всего"	"0"	"Всего"	"0"	"33 686"
"Безработное население (в возрасте 15 лет и старше)(Человек)"	"1 квартал 2019 г."	"201903"	"АЛМАТИНСКАЯ ОБЛАСТЬ"	"0"	"сельская местность"	"0"	"Всего"	"0"	"Всего"	"0"	"Всего"	"0"	"38 207"
"Безработное население (в возрасте 15 лет и старше)(Человек)"	"1 квартал 2018 г."	"201803"	"АЛМАТИНСКАЯ ОБЛАСТЬ"	"0"	"сельская местность"	"0"	"Всего"	"0"	"Всего"	"0"	"Всего"	"0"	"39 794"
"Безработное население (в возрасте 15 лет и старше)(Человек)"	"3 квартал 2018 г."	"201809"	"АЛМАТИНСКАЯ ОБЛАСТЬ"	"0"	"сельская местность"	"0"	"Всего"	"0"	"Всего"	"0"	"Всего"	"0"	"38 362"
"Безработное население (в возрасте 15 лет и старше)(Человек)"	"1 квартал 2016 г."	"201603"	"АЛМАТИНСКАЯ ОБЛАСТЬ"	"0"	"сельская местность"	"0"	"Всего"	"0"	"Всего"	"0"	"Всего"	"0"	"38 280"
"Безработное население (в возрасте 15 лет и старше)(Человек)"	"3 квартал 2016 г."	"201609"	"АЛМАТИНСКАЯ ОБЛАСТЬ"	"0"	"сельская местность"	"0"	"Всего"	"0"	"Всего"	"0"	"Всего"	"0"	"38 062"
"Безработное население (в возрасте 15 лет и старше)(Человек)"	"3 квартал 2017 г."	"201709"	"АЛМАТИНСКАЯ ОБЛАСТЬ"	"0"	"сельская местность"	"0"	"Всего"	"0"	"Всего"	"0"	"Всего"	"0"	"41 807"
"Безработное население (в возрасте 15 лет и старше)(Человек)"	"2 квартал 2018 г."	"201806"	"АЛМАТИНСКАЯ ОБЛАСТЬ"	"0"	"сельская местность"	"0"	"Всего"	"0"	"Всего"	"0"	"Всего"	"0"	"41 991"
"Безработное население (в возрасте 15 лет и старше)(Человек)"	"1 квартал 2021 г."	"202103"	"АЛМАТИНСКАЯ ОБЛАСТЬ"	"0"	"сельская местность"	"0"	"Всего"	"0"	"Всего"	"0"	"Всего"	"0"	"38 896"
"Безработное население (в возрасте 15 лет и старше)(Человек)"	"2 квартал 2021 г."	"202106"	"АЛМАТИНСКАЯ ОБЛАСТЬ"	"0"	"сельская местность"	"0"	"Всего"	"0"	"Всего"	"0"	"Всего"	"0"	"37 025"
"Безработное население (в возрасте 15 лет и старше)(Человек)"	"3 квартал 2021 г."	"202109"	"АЛМАТИНСКАЯ ОБЛАСТЬ"	"0"	"сельская местность"	"0"	"Всего"	"0"	"Всего"	"0"	"Всего"	"0"	"35 358"
"Безработное население (в возрасте 15 лет и старше)(Человек)"	"3 квартал 2020 г."	"202009"	"АЛМАТИНСКАЯ ОБЛАСТЬ"	"0"	"сельская местность"	"0"	"Всего"	"0"	"Всего"	"0"	"Всего"	"0"	"35 883"
"Безработное население (в возрасте 15 лет и старше)(Человек)"	"4 квартал 2020 г."	"202012"	"АЛМАТИНСКАЯ ОБЛАСТЬ"	"0"	"сельская местность"	"0"	"Всего"	"0"	"Всего"	"0"	"Всего"	"0"	"37 189"
"Безработное население (в возрасте 15 лет и старше)(Человек)"	"4 квартал 2021 г."	"202112"	"АЛМАТИНСКАЯ ОБЛАСТЬ"	"0"	"сельская местность"	"0"	"Всего"	"0"	"Всего"	"0"	"Всего"	"0"	"36 721"
"Безработное население (в возрасте 15 лет и старше)(Человек)"	"1 квартал 2020 г."	"202003"	"АЛМАТИНСКАЯ ОБЛАСТЬ"	"0"	"сельская местность"	"0"	"Всего"	"0"	"Всего"	"0"	"Всего"	"0"	"34 478"
"Безработное население (в возрасте 15 лет и старше)(Человек)"	"2 квартал 2020 г."	"202006"	"АЛМАТИНСКАЯ ОБЛАСТЬ"	"0"	"сельская местность"	"0"	"Всего"	"0"	"Всего"	"0"	"Всего"	"0"	"36 474"
"Безработное население (в возрасте 15 лет и старше)(Человек)"	"2 квартал 2022 г."	"202206"	"АЛМАТИНСКАЯ ОБЛАСТЬ"	"0"	"сельская местность"	"0"	"Всего"	"0"	"Всего"	"0"	"Всего"	"0"	"28 909"
"Безработное население (в возрасте 15 лет и старше)(Человек)"	"1 квартал 2022 г."	"202203"	"АЛМАТИНСКАЯ ОБЛАСТЬ"	"0"	"сельская местность"	"0"	"Всего"	"0"	"Всего"	"0"	"Всего"	"0"	"34 782"
"Безработное население (в возрасте 15 лет и старше)(Человек)"	"4 квартал 2022 г."	"202212"	"АЛМАТИНСКАЯ ОБЛАСТЬ"	"0"	"сельская местность"	"0"	"Всего"	"0"	"Всего"	"0"	"Всего"	"0"	"28 375"
"Безработное население (в возрасте 15 лет и старше)(Человек)"	"3 квартал 2022 г."	"202209"	"АЛМАТИНСКАЯ ОБЛАСТЬ"	"0"	"сельская местность"	"0"	"Всего"	"0"	"Всего"	"0"	"Всего"	"0"	"25 913"
"Безработное население (в возрасте 15 лет и старше)(Человек)"	"1 квартал 2023 г."	"202303"	"АЛМАТИНСКАЯ ОБЛАСТЬ"	"0"	"сельская местность"	"0"	"Всего"	"0"	"Всего"	"0"	"Всего"	"0"	"29 145"
"Безработное население (в возрасте 15 лет и старше)(Человек)"	"3 квартал 2023 г."	"202309"	"АЛМАТИНСКАЯ ОБЛАСТЬ"	"0"	"сельская местность"	"0"	"Всего"	"0"	"Всего"	"0"	"Всего"	"0"	"27 336"
"Безработное население (в возрасте 15 лет и старше)(Человек)"	"4 квартал 2023 г."	"202312"	"АЛМАТИНСКАЯ ОБЛАСТЬ"	"0"	"сельская местность"	"0"	"Всего"	"0"	"Всего"	"0"	"Всего"	"0"	"26 338"
"Безработное население (в возрасте 15 лет и старше)(Человек)"	"2 квартал 2023 г."	"202306"	"АЛМАТИНСКАЯ ОБЛАСТЬ"	"0"	"сельская местность"	"0"	"Всего"	"0"	"Всего"	"0"	"Всего"	"0"	"28 531"
"Безработное население (в возрасте 15 лет и старше)(Человек)"	"1 квартал 2024 г."	"202403"	"АЛМАТИНСКАЯ ОБЛАСТЬ"	"0"	"сельская местность"	"0"	"Всего"	"0"	"Всего"	"0"	"Всего"	"0"	"27 147"
"Безработное население (в возрасте 15 лет и старше)(Человек)"	"2 квартал 2024 г."	"202406"	"АЛМАТИНСКАЯ ОБЛАСТЬ"	"0"	"сельская местность"	"0"	"Всего"	"0"	"Всего"	"0"	"Всего"	"0"	"26 093"
"Безработное население (в возрасте 15 лет и старше)(Человек)"	"3 квартал 2024 г."	"202409"	"АЛМАТИНСКАЯ ОБЛАСТЬ"	"0"	"сельская местность"	"0"	"Всего"	"0"	"Всего"	"0"	"Всего"	"0"	"26 970"
"Безработное население (в возрасте 15 лет и старше)(Человек)"	"4 квартал 2024 г."	"202412"	"АЛМАТИНСКАЯ ОБЛАСТЬ"	"0"	"сельская местность"	"0"	"Всего"	"0"	"Всего"	"0"	"Всего"	"0"	"26 335"
"Безработное население (в возрасте 15 лет и старше)(Человек)"	"1 квартал 2025 г."	"202503"	"АЛМАТИНСКАЯ ОБЛАСТЬ"	"0"	"сельская местность"	"0"	"Всего"	"0"	"Всего"	"0"	"Всего"	"0"	"28 135"
"Безработное население (в возрасте 15 лет и старше)(Человек)"	"2 квартал 2025 г."	"202506"	"АЛМАТИНСКАЯ ОБЛАСТЬ"	"0"	"сельская местность"	"0"	"Всего"	"0"	"Всего"	"0"	"Всего"	"0"	"27 881"
"Безработное население (в возрасте 15 лет и старше)(Человек)"	"2 квартал 2016 г."	"201606"	"АКТЮБИНСКАЯ ОБЛАСТЬ"	"0"	"сельская местность"	"0"	"Всего"	"0"	"Всего"	"0"	"Всего"	"0"	"6 382"
"Безработное население (в возрасте 15 лет и старше)(Человек)"	"2 квартал 2010 г."	"201006"	"АКТЮБИНСКАЯ ОБЛАСТЬ"	"0"	"сельская местность"	"0"	"Всего"	"0"	"Всего"	"0"	"Всего"	"0"	"11 279"
"Безработное население (в возрасте 15 лет и старше)(Человек)"	"3 квартал 2011 г."	"201109"	"АКТЮБИНСКАЯ ОБЛАСТЬ"	"0"	"сельская местность"	"0"	"Всего"	"0"	"Всего"	"0"	"Всего"	"0"	"8 552"
"Безработное население (в возрасте 15 лет и старше)(Человек)"	"1 квартал 2010 г."	"201003"	"АКТЮБИНСКАЯ ОБЛАСТЬ"	"0"	"сельская местность"	"0"	"Всего"	"0"	"Всего"	"0"	"Всего"	"0"	"10 311"
"Безработное население (в возрасте 15 лет и старше)(Человек)"	"1 квартал 2015 г."	"201503"	"АКТЮБИНСКАЯ ОБЛАСТЬ"	"0"	"сельская местность"	"0"	"Всего"	"0"	"Всего"	"0"	"Всего"	"0"	"7 889"
"Безработное население (в возрасте 15 лет и старше)(Человек)"	"2 квартал 2015 г."	"201506"	"АКТЮБИНСКАЯ ОБЛАСТЬ"	"0"	"сельская местность"	"0"	"Всего"	"0"	"Всего"	"0"	"Всего"	"0"	"7 422"
"Безработное население (в возрасте 15 лет и старше)(Человек)"	"1 квартал 2012 г."	"201203"	"АКТЮБИНСКАЯ ОБЛАСТЬ"	"0"	"сельская местность"	"0"	"Всего"	"0"	"Всего"	"0"	"Всего"	"0"	"5 065"
"Безработное население (в возрасте 15 лет и старше)(Человек)"	"2 квартал 2012 г."	"201206"	"АКТЮБИНСКАЯ ОБЛАСТЬ"	"0"	"сельская местность"	"0"	"Всего"	"0"	"Всего"	"0"	"Всего"	"0"	"7 936"
"Безработное население (в возрасте 15 лет и старше)(Человек)"	"4 квартал 2012 г."	"201212"	"АКТЮБИНСКАЯ ОБЛАСТЬ"	"0"	"сельская местность"	"0"	"Всего"	"0"	"Всего"	"0"	"Всего"	"0"	"6 253"
"Безработное население (в возрасте 15 лет и старше)(Человек)"	"4 квартал 2019 г."	"201912"	"АКТЮБИНСКАЯ ОБЛАСТЬ"	"0"	"сельская местность"	"0"	"Всего"	"0"	"Всего"	"0"	"Всего"	"0"	"5 430"
"Безработное население (в возрасте 15 лет и старше)(Человек)"	"4 квартал 2016 г."	"201612"	"АКТЮБИНСКАЯ ОБЛАСТЬ"	"0"	"сельская местность"	"0"	"Всего"	"0"	"Всего"	"0"	"Всего"	"0"	"7 978"
"Безработное население (в возрасте 15 лет и старше)(Человек)"	"3 квартал 2010 г."	"201009"	"АКТЮБИНСКАЯ ОБЛАСТЬ"	"0"	"сельская местность"	"0"	"Всего"	"0"	"Всего"	"0"	"Всего"	"0"	"10 577"
"Безработное население (в возрасте 15 лет и старше)(Человек)"	"1 квартал 2011 г."	"201103"	"АКТЮБИНСКАЯ ОБЛАСТЬ"	"0"	"сельская местность"	"0"	"Всего"	"0"	"Всего"	"0"	"Всего"	"0"	"10 599"
"Безработное население (в возрасте 15 лет и старше)(Человек)"	"2 квартал 2013 г."	"201306"	"АКТЮБИНСКАЯ ОБЛАСТЬ"	"0"	"сельская местность"	"0"	"Всего"	"0"	"Всего"	"0"	"Всего"	"0"	"6 616"
"Безработное население (в возрасте 15 лет и старше)(Человек)"	"4 квартал 2011 г."	"201112"	"АКТЮБИНСКАЯ ОБЛАСТЬ"	"0"	"сельская местность"	"0"	"Всего"	"0"	"Всего"	"0"	"Всего"	"0"	"8 379"
"Безработное население (в возрасте 15 лет и старше)(Человек)"	"3 квартал 2013 г."	"201309"	"АКТЮБИНСКАЯ ОБЛАСТЬ"	"0"	"сельская местность"	"0"	"Всего"	"0"	"Всего"	"0"	"Всего"	"0"	"7 213"
"Безработное население (в возрасте 15 лет и старше)(Человек)"	"1 квартал 2013 г."	"201303"	"АКТЮБИНСКАЯ ОБЛАСТЬ"	"0"	"сельская местность"	"0"	"Всего"	"0"	"Всего"	"0"	"Всего"	"0"	"6 117"
"Безработное население (в возрасте 15 лет и старше)(Человек)"	"4 квартал 2010 г."	"201012"	"АКТЮБИНСКАЯ ОБЛАСТЬ"	"0"	"сельская местность"	"0"	"Всего"	"0"	"Всего"	"0"	"Всего"	"0"	"10 251"
"Безработное население (в возрасте 15 лет и старше)(Человек)"	"2 квартал 2011 г."	"201106"	"АКТЮБИНСКАЯ ОБЛАСТЬ"	"0"	"сельская местность"	"0"	"Всего"	"0"	"Всего"	"0"	"Всего"	"0"	"9 376"
"Безработное население (в возрасте 15 лет и старше)(Человек)"	"3 квартал 2015 г."	"201509"	"АКТЮБИНСКАЯ ОБЛАСТЬ"	"0"	"сельская местность"	"0"	"Всего"	"0"	"Всего"	"0"	"Всего"	"0"	"9 430"
"Безработное население (в возрасте 15 лет и старше)(Человек)"	"4 квартал 2013 г."	"201312"	"АКТЮБИНСКАЯ ОБЛАСТЬ"	"0"	"сельская местность"	"0"	"Всего"	"0"	"Всего"	"0"	"Всего"	"0"	"7 154"
"Безработное население (в возрасте 15 лет и старше)(Человек)"	"3 квартал 2012 г."	"201209"	"АКТЮБИНСКАЯ ОБЛАСТЬ"	"0"	"сельская местность"	"0"	"Всего"	"0"	"Всего"	"0"	"Всего"	"0"	"7 471"
"Безработное население (в возрасте 15 лет и старше)(Человек)"	"2 квартал 2017 г."	"201706"	"АКТЮБИНСКАЯ ОБЛАСТЬ"	"0"	"сельская местность"	"0"	"Всего"	"0"	"Всего"	"0"	"Всего"	"0"	"7 474"
"Безработное население (в возрасте 15 лет и старше)(Человек)"	"1 квартал 2014 г."	"201403"	"АКТЮБИНСКАЯ ОБЛАСТЬ"	"0"	"сельская местность"	"0"	"Всего"	"0"	"Всего"	"0"	"Всего"	"0"	"7 265"
"Безработное население (в возрасте 15 лет и старше)(Человек)"	"3 квартал 2014 г."	"201409"	"АКТЮБИНСКАЯ ОБЛАСТЬ"	"0"	"сельская местность"	"0"	"Всего"	"0"	"Всего"	"0"	"Всего"	"0"	"7 904"
"Безработное население (в возрасте 15 лет и старше)(Человек)"	"2 квартал 2014 г."	"201406"	"АКТЮБИНСКАЯ ОБЛАСТЬ"	"0"	"сельская местность"	"0"	"Всего"	"0"	"Всего"	"0"	"Всего"	"0"	"7 482"
"Безработное население (в возрасте 15 лет и старше)(Человек)"	"4 квартал 2014 г."	"201412"	"АКТЮБИНСКАЯ ОБЛАСТЬ"	"0"	"сельская местность"	"0"	"Всего"	"0"	"Всего"	"0"	"Всего"	"0"	"8 440"
"Безработное население (в возрасте 15 лет и старше)(Человек)"	"3 квартал 2019 г."	"201909"	"АКТЮБИНСКАЯ ОБЛАСТЬ"	"0"	"сельская местность"	"0"	"Всего"	"0"	"Всего"	"0"	"Всего"	"0"	"6 348"
"Безработное население (в возрасте 15 лет и старше)(Человек)"	"4 квартал 2015 г."	"201512"	"АКТЮБИНСКАЯ ОБЛАСТЬ"	"0"	"сельская местность"	"0"	"Всего"	"0"	"Всего"	"0"	"Всего"	"0"	"7 783"
"Безработное население (в возрасте 15 лет и старше)(Человек)"	"4 квартал 2018 г."	"201812"	"АКТЮБИНСКАЯ ОБЛАСТЬ"	"0"	"сельская местность"	"0"	"Всего"	"0"	"Всего"	"0"	"Всего"	"0"	"8 480"
"Безработное население (в возрасте 15 лет и старше)(Человек)"	"4 квартал 2017 г."	"201712"	"АКТЮБИНСКАЯ ОБЛАСТЬ"	"0"	"сельская местность"	"0"	"Всего"	"0"	"Всего"	"0"	"Всего"	"0"	"8 382"
"Безработное население (в возрасте 15 лет и старше)(Человек)"	"1 квартал 2017 г."	"201703"	"АКТЮБИНСКАЯ ОБЛАСТЬ"	"0"	"сельская местность"	"0"	"Всего"	"0"	"Всего"	"0"	"Всего"	"0"	"7 686"
"Безработное население (в возрасте 15 лет и старше)(Человек)"	"2 квартал 2019 г."	"201906"	"АКТЮБИНСКАЯ ОБЛАСТЬ"	"0"	"сельская местность"	"0"	"Всего"	"0"	"Всего"	"0"	"Всего"	"0"	"6 916"
"Безработное население (в возрасте 15 лет и старше)(Человек)"	"1 квартал 2019 г."	"201903"	"АКТЮБИНСКАЯ ОБЛАСТЬ"	"0"	"сельская местность"	"0"	"Всего"	"0"	"Всего"	"0"	"Всего"	"0"	"5 868"
"Безработное население (в возрасте 15 лет и старше)(Человек)"	"1 квартал 2018 г."	"201803"	"АКТЮБИНСКАЯ ОБЛАСТЬ"	"0"	"сельская местность"	"0"	"Всего"	"0"	"Всего"	"0"	"Всего"	"0"	"7 707"
"Безработное население (в возрасте 15 лет и старше)(Человек)"	"3 квартал 2018 г."	"201809"	"АКТЮБИНСКАЯ ОБЛАСТЬ"	"0"	"сельская местность"	"0"	"Всего"	"0"	"Всего"	"0"	"Всего"	"0"	"7 908"
"Безработное население (в возрасте 15 лет и старше)(Человек)"	"1 квартал 2016 г."	"201603"	"АКТЮБИНСКАЯ ОБЛАСТЬ"	"0"	"сельская местность"	"0"	"Всего"	"0"	"Всего"	"0"	"Всего"	"0"	"8 021"
"Безработное население (в возрасте 15 лет и старше)(Человек)"	"3 квартал 2016 г."	"201609"	"АКТЮБИНСКАЯ ОБЛАСТЬ"	"0"	"сельская местность"	"0"	"Всего"	"0"	"Всего"	"0"	"Всего"	"0"	"5 102"
"Безработное население (в возрасте 15 лет и старше)(Человек)"	"3 квартал 2017 г."	"201709"	"АКТЮБИНСКАЯ ОБЛАСТЬ"	"0"	"сельская местность"	"0"	"Всего"	"0"	"Всего"	"0"	"Всего"	"0"	"7 570"
"Безработное население (в возрасте 15 лет и старше)(Человек)"	"2 квартал 2018 г."	"201806"	"АКТЮБИНСКАЯ ОБЛАСТЬ"	"0"	"сельская местность"	"0"	"Всего"	"0"	"Всего"	"0"	"Всего"	"0"	"6 956"
"Безработное население (в возрасте 15 лет и старше)(Человек)"	"1 квартал 2021 г."	"202103"	"АКТЮБИНСКАЯ ОБЛАСТЬ"	"0"	"сельская местность"	"0"	"Всего"	"0"	"Всего"	"0"	"Всего"	"0"	"5 531"
"Безработное население (в возрасте 15 лет и старше)(Человек)"	"2 квартал 2021 г."	"202106"	"АКТЮБИНСКАЯ ОБЛАСТЬ"	"0"	"сельская местность"	"0"	"Всего"	"0"	"Всего"	"0"	"Всего"	"0"	"7 105"
"Безработное население (в возрасте 15 лет и старше)(Человек)"	"3 квартал 2021 г."	"202109"	"АКТЮБИНСКАЯ ОБЛАСТЬ"	"0"	"сельская местность"	"0"	"Всего"	"0"	"Всего"	"0"	"Всего"	"0"	"7 001"
"Безработное население (в возрасте 15 лет и старше)(Человек)"	"3 квартал 2020 г."	"202009"	"АКТЮБИНСКАЯ ОБЛАСТЬ"	"0"	"сельская местность"	"0"	"Всего"	"0"	"Всего"	"0"	"Всего"	"0"	"5 640"
"Безработное население (в возрасте 15 лет и старше)(Человек)"	"4 квартал 2020 г."	"202012"	"АКТЮБИНСКАЯ ОБЛАСТЬ"	"0"	"сельская местность"	"0"	"Всего"	"0"	"Всего"	"0"	"Всего"	"0"	"6 526"
"Безработное население (в возрасте 15 лет и старше)(Человек)"	"4 квартал 2021 г."	"202112"	"АКТЮБИНСКАЯ ОБЛАСТЬ"	"0"	"сельская местность"	"0"	"Всего"	"0"	"Всего"	"0"	"Всего"	"0"	"5 755"
"Безработное население (в возрасте 15 лет и старше)(Человек)"	"1 квартал 2020 г."	"202003"	"АКТЮБИНСКАЯ ОБЛАСТЬ"	"0"	"сельская местность"	"0"	"Всего"	"0"	"Всего"	"0"	"Всего"	"0"	"6 449"
"Безработное население (в возрасте 15 лет и старше)(Человек)"	"2 квартал 2020 г."	"202006"	"АКТЮБИНСКАЯ ОБЛАСТЬ"	"0"	"сельская местность"	"0"	"Всего"	"0"	"Всего"	"0"	"Всего"	"0"	"5 905"
"Безработное население (в возрасте 15 лет и старше)(Человек)"	"2 квартал 2022 г."	"202206"	"АКТЮБИНСКАЯ ОБЛАСТЬ"	"0"	"сельская местность"	"0"	"Всего"	"0"	"Всего"	"0"	"Всего"	"0"	"7 250"
"Безработное население (в возрасте 15 лет и старше)(Человек)"	"1 квартал 2022 г."	"202203"	"АКТЮБИНСКАЯ ОБЛАСТЬ"	"0"	"сельская местность"	"0"	"Всего"	"0"	"Всего"	"0"	"Всего"	"0"	"7 158"
"Безработное население (в возрасте 15 лет и старше)(Человек)"	"4 квартал 2022 г."	"202212"	"АКТЮБИНСКАЯ ОБЛАСТЬ"	"0"	"сельская местность"	"0"	"Всего"	"0"	"Всего"	"0"	"Всего"	"0"	"5 759"
"Безработное население (в возрасте 15 лет и старше)(Человек)"	"3 квартал 2022 г."	"202209"	"АКТЮБИНСКАЯ ОБЛАСТЬ"	"0"	"сельская местность"	"0"	"Всего"	"0"	"Всего"	"0"	"Всего"	"0"	"6 522"
"Безработное население (в возрасте 15 лет и старше)(Человек)"	"1 квартал 2023 г."	"202303"	"АКТЮБИНСКАЯ ОБЛАСТЬ"	"0"	"сельская местность"	"0"	"Всего"	"0"	"Всего"	"0"	"Всего"	"0"	"6 239"
"Безработное население (в возрасте 15 лет и старше)(Человек)"	"3 квартал 2023 г."	"202309"	"АКТЮБИНСКАЯ ОБЛАСТЬ"	"0"	"сельская местность"	"0"	"Всего"	"0"	"Всего"	"0"	"Всего"	"0"	"6 651"
"Безработное население (в возрасте 15 лет и старше)(Человек)"	"4 квартал 2023 г."	"202312"	"АКТЮБИНСКАЯ ОБЛАСТЬ"	"0"	"сельская местность"	"0"	"Всего"	"0"	"Всего"	"0"	"Всего"	"0"	"6 553"
"Безработное население (в возрасте 15 лет и старше)(Человек)"	"2 квартал 2023 г."	"202306"	"АКТЮБИНСКАЯ ОБЛАСТЬ"	"0"	"сельская местность"	"0"	"Всего"	"0"	"Всего"	"0"	"Всего"	"0"	"6 584"
"Безработное население (в возрасте 15 лет и старше)(Человек)"	"1 квартал 2024 г."	"202403"	"АКТЮБИНСКАЯ ОБЛАСТЬ"	"0"	"сельская местность"	"0"	"Всего"	"0"	"Всего"	"0"	"Всего"	"0"	"6 351"
"Безработное население (в возрасте 15 лет и старше)(Человек)"	"2 квартал 2024 г."	"202406"	"АКТЮБИНСКАЯ ОБЛАСТЬ"	"0"	"сельская местность"	"0"	"Всего"	"0"	"Всего"	"0"	"Всего"	"0"	"6 636"
"Безработное население (в возрасте 15 лет и старше)(Человек)"	"3 квартал 2024 г."	"202409"	"АКТЮБИНСКАЯ ОБЛАСТЬ"	"0"	"сельская местность"	"0"	"Всего"	"0"	"Всего"	"0"	"Всего"	"0"	"6 913"
"Безработное население (в возрасте 15 лет и старше)(Человек)"	"4 квартал 2024 г."	"202412"	"АКТЮБИНСКАЯ ОБЛАСТЬ"	"0"	"сельская местность"	"0"	"Всего"	"0"	"Всего"	"0"	"Всего"	"0"	"6 412"
"Безработное население (в возрасте 15 лет и старше)(Человек)"	"1 квартал 2025 г."	"202503"	"АКТЮБИНСКАЯ ОБЛАСТЬ"	"0"	"сельская местность"	"0"	"Всего"	"0"	"Всего"	"0"	"Всего"	"0"	"4 869"
"Безработное население (в возрасте 15 лет и старше)(Человек)"	"2 квартал 2025 г."	"202506"	"АКТЮБИНСКАЯ ОБЛАСТЬ"	"0"	"сельская местность"	"0"	"Всего"	"0"	"Всего"	"0"	"Всего"	"0"	"5 472"
"Безработное население (в возрасте 15 лет и старше)(Человек)"	"2 квартал 2016 г."	"201606"	"АКМОЛИНСКАЯ ОБЛАСТЬ"	"0"	"сельская местность"	"0"	"Всего"	"0"	"Всего"	"0"	"Всего"	"0"	"12 105"
"Безработное население (в возрасте 15 лет и старше)(Человек)"	"2 квартал 2010 г."	"201006"	"АКМОЛИНСКАЯ ОБЛАСТЬ"	"0"	"сельская местность"	"0"	"Всего"	"0"	"Всего"	"0"	"Всего"	"0"	"15 195"
"Безработное население (в возрасте 15 лет и старше)(Человек)"	"3 квартал 2011 г."	"201109"	"АКМОЛИНСКАЯ ОБЛАСТЬ"	"0"	"сельская местность"	"0"	"Всего"	"0"	"Всего"	"0"	"Всего"	"0"	"13 896"
"Безработное население (в возрасте 15 лет и старше)(Человек)"	"1 квартал 2010 г."	"201003"	"АКМОЛИНСКАЯ ОБЛАСТЬ"	"0"	"сельская местность"	"0"	"Всего"	"0"	"Всего"	"0"	"Всего"	"0"	"15 985"
"Безработное население (в возрасте 15 лет и старше)(Человек)"	"1 квартал 2015 г."	"201503"	"АКМОЛИНСКАЯ ОБЛАСТЬ"	"0"	"сельская местность"	"0"	"Всего"	"0"	"Всего"	"0"	"Всего"	"0"	"12 517"
"Безработное население (в возрасте 15 лет и старше)(Человек)"	"2 квартал 2015 г."	"201506"	"АКМОЛИНСКАЯ ОБЛАСТЬ"	"0"	"сельская местность"	"0"	"Всего"	"0"	"Всего"	"0"	"Всего"	"0"	"12 494"
"Безработное население (в возрасте 15 лет и старше)(Человек)"	"1 квартал 2012 г."	"201203"	"АКМОЛИНСКАЯ ОБЛАСТЬ"	"0"	"сельская местность"	"0"	"Всего"	"0"	"Всего"	"0"	"Всего"	"0"	"13 569"
"Безработное население (в возрасте 15 лет и старше)(Человек)"	"2 квартал 2012 г."	"201206"	"АКМОЛИНСКАЯ ОБЛАСТЬ"	"0"	"сельская местность"	"0"	"Всего"	"0"	"Всего"	"0"	"Всего"	"0"	"13 681"
"Безработное население (в возрасте 15 лет и старше)(Человек)"	"4 квартал 2012 г."	"201212"	"АКМОЛИНСКАЯ ОБЛАСТЬ"	"0"	"сельская местность"	"0"	"Всего"	"0"	"Всего"	"0"	"Всего"	"0"	"13 828"
"Безработное население (в возрасте 15 лет и старше)(Человек)"	"4 квартал 2019 г."	"201912"	"АКМОЛИНСКАЯ ОБЛАСТЬ"	"0"	"сельская местность"	"0"	"Всего"	"0"	"Всего"	"0"	"Всего"	"0"	"11 272"
"Безработное население (в возрасте 15 лет и старше)(Человек)"	"4 квартал 2016 г."	"201612"	"АКМОЛИНСКАЯ ОБЛАСТЬ"	"0"	"сельская местность"	"0"	"Всего"	"0"	"Всего"	"0"	"Всего"	"0"	"12 560"
"Безработное население (в возрасте 15 лет и старше)(Человек)"	"3 квартал 2010 г."	"201009"	"АКМОЛИНСКАЯ ОБЛАСТЬ"	"0"	"сельская местность"	"0"	"Всего"	"0"	"Всего"	"0"	"Всего"	"0"	"14 459"
"Безработное население (в возрасте 15 лет и старше)(Человек)"	"1 квартал 2011 г."	"201103"	"АКМОЛИНСКАЯ ОБЛАСТЬ"	"0"	"сельская местность"	"0"	"Всего"	"0"	"Всего"	"0"	"Всего"	"0"	"14 795"
"Безработное население (в возрасте 15 лет и старше)(Человек)"	"2 квартал 2013 г."	"201306"	"АКМОЛИНСКАЯ ОБЛАСТЬ"	"0"	"сельская местность"	"0"	"Всего"	"0"	"Всего"	"0"	"Всего"	"0"	"13 557"
"Безработное население (в возрасте 15 лет и старше)(Человек)"	"4 квартал 2011 г."	"201112"	"АКМОЛИНСКАЯ ОБЛАСТЬ"	"0"	"сельская местность"	"0"	"Всего"	"0"	"Всего"	"0"	"Всего"	"0"	"13 876"
"Безработное население (в возрасте 15 лет и старше)(Человек)"	"3 квартал 2013 г."	"201309"	"АКМОЛИНСКАЯ ОБЛАСТЬ"	"0"	"сельская местность"	"0"	"Всего"	"0"	"Всего"	"0"	"Всего"	"0"	"13 825"
"Безработное население (в возрасте 15 лет и старше)(Человек)"	"1 квартал 2013 г."	"201303"	"АКМОЛИНСКАЯ ОБЛАСТЬ"	"0"	"сельская местность"	"0"	"Всего"	"0"	"Всего"	"0"	"Всего"	"0"	"13 468"
"Безработное население (в возрасте 15 лет и старше)(Человек)"	"4 квартал 2010 г."	"201012"	"АКМОЛИНСКАЯ ОБЛАСТЬ"	"0"	"сельская местность"	"0"	"Всего"	"0"	"Всего"	"0"	"Всего"	"0"	"14 752"
"Безработное население (в возрасте 15 лет и старше)(Человек)"	"2 квартал 2011 г."	"201106"	"АКМОЛИНСКАЯ ОБЛАСТЬ"	"0"	"сельская местность"	"0"	"Всего"	"0"	"Всего"	"0"	"Всего"	"0"	"14 616"
"Безработное население (в возрасте 15 лет и старше)(Человек)"	"3 квартал 2015 г."	"201509"	"АКМОЛИНСКАЯ ОБЛАСТЬ"	"0"	"сельская местность"	"0"	"Всего"	"0"	"Всего"	"0"	"Всего"	"0"	"12 436"
"Безработное население (в возрасте 15 лет и старше)(Человек)"	"4 квартал 2013 г."	"201312"	"АКМОЛИНСКАЯ ОБЛАСТЬ"	"0"	"сельская местность"	"0"	"Всего"	"0"	"Всего"	"0"	"Всего"	"0"	"12 780"
"Безработное население (в возрасте 15 лет и старше)(Человек)"	"3 квартал 2012 г."	"201209"	"АКМОЛИНСКАЯ ОБЛАСТЬ"	"0"	"сельская местность"	"0"	"Всего"	"0"	"Всего"	"0"	"Всего"	"0"	"13 694"
"Безработное население (в возрасте 15 лет и старше)(Человек)"	"2 квартал 2017 г."	"201706"	"АКМОЛИНСКАЯ ОБЛАСТЬ"	"0"	"сельская местность"	"0"	"Всего"	"0"	"Всего"	"0"	"Всего"	"0"	"11 668"
"Безработное население (в возрасте 15 лет и старше)(Человек)"	"1 квартал 2014 г."	"201403"	"АКМОЛИНСКАЯ ОБЛАСТЬ"	"0"	"сельская местность"	"0"	"Всего"	"0"	"Всего"	"0"	"Всего"	"0"	"12 852"
"Безработное население (в возрасте 15 лет и старше)(Человек)"	"3 квартал 2014 г."	"201409"	"АКМОЛИНСКАЯ ОБЛАСТЬ"	"0"	"сельская местность"	"0"	"Всего"	"0"	"Всего"	"0"	"Всего"	"0"	"11 965"
"Безработное население (в возрасте 15 лет и старше)(Человек)"	"2 квартал 2014 г."	"201406"	"АКМОЛИНСКАЯ ОБЛАСТЬ"	"0"	"сельская местность"	"0"	"Всего"	"0"	"Всего"	"0"	"Всего"	"0"	"12 629"
"Безработное население (в возрасте 15 лет и старше)(Человек)"	"4 квартал 2014 г."	"201412"	"АКМОЛИНСКАЯ ОБЛАСТЬ"	"0"	"сельская местность"	"0"	"Всего"	"0"	"Всего"	"0"	"Всего"	"0"	"11 283"
"Безработное население (в возрасте 15 лет и старше)(Человек)"	"3 квартал 2019 г."	"201909"	"АКМОЛИНСКАЯ ОБЛАСТЬ"	"0"	"сельская местность"	"0"	"Всего"	"0"	"Всего"	"0"	"Всего"	"0"	"11 118"
"Безработное население (в возрасте 15 лет и старше)(Человек)"	"4 квартал 2015 г."	"201512"	"АКМОЛИНСКАЯ ОБЛАСТЬ"	"0"	"сельская местность"	"0"	"Всего"	"0"	"Всего"	"0"	"Всего"	"0"	"11 918"
"Безработное население (в возрасте 15 лет и старше)(Человек)"	"4 квартал 2018 г."	"201812"	"АКМОЛИНСКАЯ ОБЛАСТЬ"	"0"	"сельская местность"	"0"	"Всего"	"0"	"Всего"	"0"	"Всего"	"0"	"11 476"
"Безработное население (в возрасте 15 лет и старше)(Человек)"	"4 квартал 2017 г."	"201712"	"АКМОЛИНСКАЯ ОБЛАСТЬ"	"0"	"сельская местность"	"0"	"Всего"	"0"	"Всего"	"0"	"Всего"	"0"	"11 879"
"Безработное население (в возрасте 15 лет и старше)(Человек)"	"1 квартал 2017 г."	"201703"	"АКМОЛИНСКАЯ ОБЛАСТЬ"	"0"	"сельская местность"	"0"	"Всего"	"0"	"Всего"	"0"	"Всего"	"0"	"11 950"
"Безработное население (в возрасте 15 лет и старше)(Человек)"	"2 квартал 2019 г."	"201906"	"АКМОЛИНСКАЯ ОБЛАСТЬ"	"0"	"сельская местность"	"0"	"Всего"	"0"	"Всего"	"0"	"Всего"	"0"	"11 595"
"Безработное население (в возрасте 15 лет и старше)(Человек)"	"1 квартал 2019 г."	"201903"	"АКМОЛИНСКАЯ ОБЛАСТЬ"	"0"	"сельская местность"	"0"	"Всего"	"0"	"Всего"	"0"	"Всего"	"0"	"11 547"
"Безработное население (в возрасте 15 лет и старше)(Человек)"	"1 квартал 2018 г."	"201803"	"АКМОЛИНСКАЯ ОБЛАСТЬ"	"0"	"сельская местность"	"0"	"Всего"	"0"	"Всего"	"0"	"Всего"	"0"	"11 845"
"Безработное население (в возрасте 15 лет и старше)(Человек)"	"3 квартал 2018 г."	"201809"	"АКМОЛИНСКАЯ ОБЛАСТЬ"	"0"	"сельская местность"	"0"	"Всего"	"0"	"Всего"	"0"	"Всего"	"0"	"11 487"
"Безработное население (в возрасте 15 лет и старше)(Человек)"	"1 квартал 2016 г."	"201603"	"АКМОЛИНСКАЯ ОБЛАСТЬ"	"0"	"сельская местность"	"0"	"Всего"	"0"	"Всего"	"0"	"Всего"	"0"	"12 941"
"Безработное население (в возрасте 15 лет и старше)(Человек)"	"3 квартал 2016 г."	"201609"	"АКМОЛИНСКАЯ ОБЛАСТЬ"	"0"	"сельская местность"	"0"	"Всего"	"0"	"Всего"	"0"	"Всего"	"0"	"12 240"
"Безработное население (в возрасте 15 лет и старше)(Человек)"	"3 квартал 2017 г."	"201709"	"АКМОЛИНСКАЯ ОБЛАСТЬ"	"0"	"сельская местность"	"0"	"Всего"	"0"	"Всего"	"0"	"Всего"	"0"	"11 411"
"Безработное население (в возрасте 15 лет и старше)(Человек)"	"2 квартал 2018 г."	"201806"	"АКМОЛИНСКАЯ ОБЛАСТЬ"	"0"	"сельская местность"	"0"	"Всего"	"0"	"Всего"	"0"	"Всего"	"0"	"11 396"
"Безработное население (в возрасте 15 лет и старше)(Человек)"	"1 квартал 2021 г."	"202103"	"АКМОЛИНСКАЯ ОБЛАСТЬ"	"0"	"сельская местность"	"0"	"Всего"	"0"	"Всего"	"0"	"Всего"	"0"	"12 118"
"Безработное население (в возрасте 15 лет и старше)(Человек)"	"2 квартал 2021 г."	"202106"	"АКМОЛИНСКАЯ ОБЛАСТЬ"	"0"	"сельская местность"	"0"	"Всего"	"0"	"Всего"	"0"	"Всего"	"0"	"12 113"
"Безработное население (в возрасте 15 лет и старше)(Человек)"	"3 квартал 2021 г."	"202109"	"АКМОЛИНСКАЯ ОБЛАСТЬ"	"0"	"сельская местность"	"0"	"Всего"	"0"	"Всего"	"0"	"Всего"	"0"	"11 741"
"Безработное население (в возрасте 15 лет и старше)(Человек)"	"3 квартал 2020 г."	"202009"	"АКМОЛИНСКАЯ ОБЛАСТЬ"	"0"	"сельская местность"	"0"	"Всего"	"0"	"Всего"	"0"	"Всего"	"0"	"11 474"
"Безработное население (в возрасте 15 лет и старше)(Человек)"	"4 квартал 2020 г."	"202012"	"АКМОЛИНСКАЯ ОБЛАСТЬ"	"0"	"сельская местность"	"0"	"Всего"	"0"	"Всего"	"0"	"Всего"	"0"	"12 136"
"Безработное население (в возрасте 15 лет и старше)(Человек)"	"4 квартал 2021 г."	"202112"	"АКМОЛИНСКАЯ ОБЛАСТЬ"	"0"	"сельская местность"	"0"	"Всего"	"0"	"Всего"	"0"	"Всего"	"0"	"11 660"
"Безработное население (в возрасте 15 лет и старше)(Человек)"	"1 квартал 2020 г."	"202003"	"АКМОЛИНСКАЯ ОБЛАСТЬ"	"0"	"сельская местность"	"0"	"Всего"	"0"	"Всего"	"0"	"Всего"	"0"	"11 732"
"Безработное население (в возрасте 15 лет и старше)(Человек)"	"2 квартал 2020 г."	"202006"	"АКМОЛИНСКАЯ ОБЛАСТЬ"	"0"	"сельская местность"	"0"	"Всего"	"0"	"Всего"	"0"	"Всего"	"0"	"11 870"
"Безработное население (в возрасте 15 лет и старше)(Человек)"	"2 квартал 2022 г."	"202206"	"АКМОЛИНСКАЯ ОБЛАСТЬ"	"0"	"сельская местность"	"0"	"Всего"	"0"	"Всего"	"0"	"Всего"	"0"	"11 178"
"Безработное население (в возрасте 15 лет и старше)(Человек)"	"1 квартал 2022 г."	"202203"	"АКМОЛИНСКАЯ ОБЛАСТЬ"	"0"	"сельская местность"	"0"	"Всего"	"0"	"Всего"	"0"	"Всего"	"0"	"10 717"
"Безработное население (в возрасте 15 лет и старше)(Человек)"	"4 квартал 2022 г."	"202212"	"АКМОЛИНСКАЯ ОБЛАСТЬ"	"0"	"сельская местность"	"0"	"Всего"	"0"	"Всего"	"0"	"Всего"	"0"	"10 556"
"Безработное население (в возрасте 15 лет и старше)(Человек)"	"3 квартал 2022 г."	"202209"	"АКМОЛИНСКАЯ ОБЛАСТЬ"	"0"	"сельская местность"	"0"	"Всего"	"0"	"Всего"	"0"	"Всего"	"0"	"11 284"
"Безработное население (в возрасте 15 лет и старше)(Человек)"	"1 квартал 2023 г."	"202303"	"АКМОЛИНСКАЯ ОБЛАСТЬ"	"0"	"сельская местность"	"0"	"Всего"	"0"	"Всего"	"0"	"Всего"	"0"	"10 062"
"Безработное население (в возрасте 15 лет и старше)(Человек)"	"3 квартал 2023 г."	"202309"	"АКМОЛИНСКАЯ ОБЛАСТЬ"	"0"	"сельская местность"	"0"	"Всего"	"0"	"Всего"	"0"	"Всего"	"0"	"10 161"
"Безработное население (в возрасте 15 лет и старше)(Человек)"	"4 квартал 2023 г."	"202312"	"АКМОЛИНСКАЯ ОБЛАСТЬ"	"0"	"сельская местность"	"0"	"Всего"	"0"	"Всего"	"0"	"Всего"	"0"	"9 599"
"Безработное население (в возрасте 15 лет и старше)(Человек)"	"2 квартал 2023 г."	"202306"	"АКМОЛИНСКАЯ ОБЛАСТЬ"	"0"	"сельская местность"	"0"	"Всего"	"0"	"Всего"	"0"	"Всего"	"0"	"10 338"
"Безработное население (в возрасте 15 лет и старше)(Человек)"	"1 квартал 2024 г."	"202403"	"АКМОЛИНСКАЯ ОБЛАСТЬ"	"0"	"сельская местность"	"0"	"Всего"	"0"	"Всего"	"0"	"Всего"	"0"	"9 868"
"Безработное население (в возрасте 15 лет и старше)(Человек)"	"2 квартал 2024 г."	"202406"	"АКМОЛИНСКАЯ ОБЛАСТЬ"	"0"	"сельская местность"	"0"	"Всего"	"0"	"Всего"	"0"	"Всего"	"0"	"9 569"
"Безработное население (в возрасте 15 лет и старше)(Человек)"	"3 квартал 2024 г."	"202409"	"АКМОЛИНСКАЯ ОБЛАСТЬ"	"0"	"сельская местность"	"0"	"Всего"	"0"	"Всего"	"0"	"Всего"	"0"	"9 085"
"Безработное население (в возрасте 15 лет и старше)(Человек)"	"4 квартал 2024 г."	"202412"	"АКМОЛИНСКАЯ ОБЛАСТЬ"	"0"	"сельская местность"	"0"	"Всего"	"0"	"Всего"	"0"	"Всего"	"0"	"9 513"
"Безработное население (в возрасте 15 лет и старше)(Человек)"	"1 квартал 2025 г."	"202503"	"АКМОЛИНСКАЯ ОБЛАСТЬ"	"0"	"сельская местность"	"0"	"Всего"	"0"	"Всего"	"0"	"Всего"	"0"	"9 381"
"Безработное население (в возрасте 15 лет и старше)(Человек)"	"2 квартал 2025 г."	"202506"	"АКМОЛИНСКАЯ ОБЛАСТЬ"	"0"	"сельская местность"	"0"	"Всего"	"0"	"Всего"	"0"	"Всего"	"0"	"9 172"
"Безработное население (в возрасте 15 лет и старше)(Человек)"	"2 квартал 2016 г."	"201606"	"Г.АЛМАТЫ"	"0"	"городская местность"	"0"	"Всего"	"0"	"Всего"	"0"	"Всего"	"0"	"49 135"
"Безработное население (в возрасте 15 лет и старше)(Человек)"	"2 квартал 2010 г."	"201006"	"Г.АЛМАТЫ"	"0"	"городская местность"	"0"	"Всего"	"0"	"Всего"	"0"	"Всего"	"0"	"47 564"
"Безработное население (в возрасте 15 лет и старше)(Человек)"	"3 квартал 2011 г."	"201109"	"Г.АЛМАТЫ"	"0"	"городская местность"	"0"	"Всего"	"0"	"Всего"	"0"	"Всего"	"0"	"42 209"
"Безработное население (в возрасте 15 лет и старше)(Человек)"	"1 квартал 2010 г."	"201003"	"Г.АЛМАТЫ"	"0"	"городская местность"	"0"	"Всего"	"0"	"Всего"	"0"	"Всего"	"0"	"49 451"
"Безработное население (в возрасте 15 лет и старше)(Человек)"	"1 квартал 2015 г."	"201503"	"Г.АЛМАТЫ"	"0"	"городская местность"	"0"	"Всего"	"0"	"Всего"	"0"	"Всего"	"0"	"44 082"
"Безработное население (в возрасте 15 лет и старше)(Человек)"	"2 квартал 2015 г."	"201506"	"Г.АЛМАТЫ"	"0"	"городская местность"	"0"	"Всего"	"0"	"Всего"	"0"	"Всего"	"0"	"45 930"
"Безработное население (в возрасте 15 лет и старше)(Человек)"	"1 квартал 2012 г."	"201203"	"Г.АЛМАТЫ"	"0"	"городская местность"	"0"	"Всего"	"0"	"Всего"	"0"	"Всего"	"0"	"43 938"
"Безработное население (в возрасте 15 лет и старше)(Человек)"	"2 квартал 2012 г."	"201206"	"Г.АЛМАТЫ"	"0"	"городская местность"	"0"	"Всего"	"0"	"Всего"	"0"	"Всего"	"0"	"43 269"
"Безработное население (в возрасте 15 лет и старше)(Человек)"	"4 квартал 2012 г."	"201212"	"Г.АЛМАТЫ"	"0"	"городская местность"	"0"	"Всего"	"0"	"Всего"	"0"	"Всего"	"0"	"44 385"
"Безработное население (в возрасте 15 лет и старше)(Человек)"	"4 квартал 2019 г."	"201912"	"Г.АЛМАТЫ"	"0"	"городская местность"	"0"	"Всего"	"0"	"Всего"	"0"	"Всего"	"0"	"49 949"
"Безработное население (в возрасте 15 лет и старше)(Человек)"	"4 квартал 2016 г."	"201612"	"Г.АЛМАТЫ"	"0"	"городская местность"	"0"	"Всего"	"0"	"Всего"	"0"	"Всего"	"0"	"48 921"
"Безработное население (в возрасте 15 лет и старше)(Человек)"	"3 квартал 2010 г."	"201009"	"Г.АЛМАТЫ"	"0"	"городская местность"	"0"	"Всего"	"0"	"Всего"	"0"	"Всего"	"0"	"43 128"
"Безработное население (в возрасте 15 лет и старше)(Человек)"	"1 квартал 2011 г."	"201103"	"Г.АЛМАТЫ"	"0"	"городская местность"	"0"	"Всего"	"0"	"Всего"	"0"	"Всего"	"0"	"41 220"
"Безработное население (в возрасте 15 лет и старше)(Человек)"	"2 квартал 2013 г."	"201306"	"Г.АЛМАТЫ"	"0"	"городская местность"	"0"	"Всего"	"0"	"Всего"	"0"	"Всего"	"0"	"43 926"
"Безработное население (в возрасте 15 лет и старше)(Человек)"	"4 квартал 2011 г."	"201112"	"Г.АЛМАТЫ"	"0"	"городская местность"	"0"	"Всего"	"0"	"Всего"	"0"	"Всего"	"0"	"42 775"
"Безработное население (в возрасте 15 лет и старше)(Человек)"	"3 квартал 2013 г."	"201309"	"Г.АЛМАТЫ"	"0"	"городская местность"	"0"	"Всего"	"0"	"Всего"	"0"	"Всего"	"0"	"43 938"
"Безработное население (в возрасте 15 лет и старше)(Человек)"	"1 квартал 2013 г."	"201303"	"Г.АЛМАТЫ"	"0"	"городская местность"	"0"	"Всего"	"0"	"Всего"	"0"	"Всего"	"0"	"44 581"
"Безработное население (в возрасте 15 лет и старше)(Человек)"	"4 квартал 2010 г."	"201012"	"Г.АЛМАТЫ"	"0"	"городская местность"	"0"	"Всего"	"0"	"Всего"	"0"	"Всего"	"0"	"41 926"
"Безработное население (в возрасте 15 лет и старше)(Человек)"	"2 квартал 2011 г."	"201106"	"Г.АЛМАТЫ"	"0"	"городская местность"	"0"	"Всего"	"0"	"Всего"	"0"	"Всего"	"0"	"40 528"
"Безработное население (в возрасте 15 лет и старше)(Человек)"	"3 квартал 2015 г."	"201509"	"Г.АЛМАТЫ"	"0"	"городская местность"	"0"	"Всего"	"0"	"Всего"	"0"	"Всего"	"0"	"45 284"
"Безработное население (в возрасте 15 лет и старше)(Человек)"	"4 квартал 2013 г."	"201312"	"Г.АЛМАТЫ"	"0"	"городская местность"	"0"	"Всего"	"0"	"Всего"	"0"	"Всего"	"0"	"45 069"
"Безработное население (в возрасте 15 лет и старше)(Человек)"	"3 квартал 2012 г."	"201209"	"Г.АЛМАТЫ"	"0"	"городская местность"	"0"	"Всего"	"0"	"Всего"	"0"	"Всего"	"0"	"43 134"
"Безработное население (в возрасте 15 лет и старше)(Человек)"	"2 квартал 2017 г."	"201706"	"Г.АЛМАТЫ"	"0"	"городская местность"	"0"	"Всего"	"0"	"Всего"	"0"	"Всего"	"0"	"49 771"
"Безработное население (в возрасте 15 лет и старше)(Человек)"	"1 квартал 2014 г."	"201403"	"Г.АЛМАТЫ"	"0"	"городская местность"	"0"	"Всего"	"0"	"Всего"	"0"	"Всего"	"0"	"45 575"
"Безработное население (в возрасте 15 лет и старше)(Человек)"	"3 квартал 2014 г."	"201409"	"Г.АЛМАТЫ"	"0"	"городская местность"	"0"	"Всего"	"0"	"Всего"	"0"	"Всего"	"0"	"44 589"
"Безработное население (в возрасте 15 лет и старше)(Человек)"	"2 квартал 2014 г."	"201406"	"Г.АЛМАТЫ"	"0"	"городская местность"	"0"	"Всего"	"0"	"Всего"	"0"	"Всего"	"0"	"45 179"
"Безработное население (в возрасте 15 лет и старше)(Человек)"	"4 квартал 2014 г."	"201412"	"Г.АЛМАТЫ"	"0"	"городская местность"	"0"	"Всего"	"0"	"Всего"	"0"	"Всего"	"0"	"44 276"
"Безработное население (в возрасте 15 лет и старше)(Человек)"	"3 квартал 2019 г."	"201909"	"Г.АЛМАТЫ"	"0"	"городская местность"	"0"	"Всего"	"0"	"Всего"	"0"	"Всего"	"0"	"50 343"
"Безработное население (в возрасте 15 лет и старше)(Человек)"	"4 квартал 2015 г."	"201512"	"Г.АЛМАТЫ"	"0"	"городская местность"	"0"	"Всего"	"0"	"Всего"	"0"	"Всего"	"0"	"46 662"
"Безработное население (в возрасте 15 лет и старше)(Человек)"	"4 квартал 2018 г."	"201812"	"Г.АЛМАТЫ"	"0"	"городская местность"	"0"	"Всего"	"0"	"Всего"	"0"	"Всего"	"0"	"49 559"
"Безработное население (в возрасте 15 лет и старше)(Человек)"	"4 квартал 2017 г."	"201712"	"Г.АЛМАТЫ"	"0"	"городская местность"	"0"	"Всего"	"0"	"Всего"	"0"	"Всего"	"0"	"49 483"
"Безработное население (в возрасте 15 лет и старше)(Человек)"	"1 квартал 2017 г."	"201703"	"Г.АЛМАТЫ"	"0"	"городская местность"	"0"	"Всего"	"0"	"Всего"	"0"	"Всего"	"0"	"50 051"
"Безработное население (в возрасте 15 лет и старше)(Человек)"	"2 квартал 2019 г."	"201906"	"Г.АЛМАТЫ"	"0"	"городская местность"	"0"	"Всего"	"0"	"Всего"	"0"	"Всего"	"0"	"50 311"
"Безработное население (в возрасте 15 лет и старше)(Человек)"	"1 квартал 2019 г."	"201903"	"Г.АЛМАТЫ"	"0"	"городская местность"	"0"	"Всего"	"0"	"Всего"	"0"	"Всего"	"0"	"51 244"
"Безработное население (в возрасте 15 лет и старше)(Человек)"	"1 квартал 2018 г."	"201803"	"Г.АЛМАТЫ"	"0"	"городская местность"	"0"	"Всего"	"0"	"Всего"	"0"	"Всего"	"0"	"49 590"
"Безработное население (в возрасте 15 лет и старше)(Человек)"	"3 квартал 2018 г."	"201809"	"Г.АЛМАТЫ"	"0"	"городская местность"	"0"	"Всего"	"0"	"Всего"	"0"	"Всего"	"0"	"49 443"
"Безработное население (в возрасте 15 лет и старше)(Человек)"	"1 квартал 2016 г."	"201603"	"Г.АЛМАТЫ"	"0"	"городская местность"	"0"	"Всего"	"0"	"Всего"	"0"	"Всего"	"0"	"47 988"
"Безработное население (в возрасте 15 лет и старше)(Человек)"	"3 квартал 2016 г."	"201609"	"Г.АЛМАТЫ"	"0"	"городская местность"	"0"	"Всего"	"0"	"Всего"	"0"	"Всего"	"0"	"48 488"
"Безработное население (в возрасте 15 лет и старше)(Человек)"	"3 квартал 2017 г."	"201709"	"Г.АЛМАТЫ"	"0"	"городская местность"	"0"	"Всего"	"0"	"Всего"	"0"	"Всего"	"0"	"49 634"
"Безработное население (в возрасте 15 лет и старше)(Человек)"	"2 квартал 2018 г."	"201806"	"Г.АЛМАТЫ"	"0"	"городская местность"	"0"	"Всего"	"0"	"Всего"	"0"	"Всего"	"0"	"49 586"
"Безработное население (в возрасте 15 лет и старше)(Человек)"	"1 квартал 2021 г."	"202103"	"Г.АЛМАТЫ"	"0"	"городская местность"	"0"	"Всего"	"0"	"Всего"	"0"	"Всего"	"0"	"53 202"
"Безработное население (в возрасте 15 лет и старше)(Человек)"	"2 квартал 2021 г."	"202106"	"Г.АЛМАТЫ"	"0"	"городская местность"	"0"	"Всего"	"0"	"Всего"	"0"	"Всего"	"0"	"53 280"
"Безработное население (в возрасте 15 лет и старше)(Человек)"	"3 квартал 2021 г."	"202109"	"Г.АЛМАТЫ"	"0"	"городская местность"	"0"	"Всего"	"0"	"Всего"	"0"	"Всего"	"0"	"53 278"
"Безработное население (в возрасте 15 лет и старше)(Человек)"	"3 квартал 2020 г."	"202009"	"Г.АЛМАТЫ"	"0"	"городская местность"	"0"	"Всего"	"0"	"Всего"	"0"	"Всего"	"0"	"53 752"
"Безработное население (в возрасте 15 лет и старше)(Человек)"	"4 квартал 2020 г."	"202012"	"Г.АЛМАТЫ"	"0"	"городская местность"	"0"	"Всего"	"0"	"Всего"	"0"	"Всего"	"0"	"53 188"
"Безработное население (в возрасте 15 лет и старше)(Человек)"	"4 квартал 2021 г."	"202112"	"Г.АЛМАТЫ"	"0"	"городская местность"	"0"	"Всего"	"0"	"Всего"	"0"	"Всего"	"0"	"52 913"
"Безработное население (в возрасте 15 лет и старше)(Человек)"	"1 квартал 2020 г."	"202003"	"Г.АЛМАТЫ"	"0"	"городская местность"	"0"	"Всего"	"0"	"Всего"	"0"	"Всего"	"0"	"51 463"
"Безработное население (в возрасте 15 лет и старше)(Человек)"	"2 квартал 2020 г."	"202006"	"Г.АЛМАТЫ"	"0"	"городская местность"	"0"	"Всего"	"0"	"Всего"	"0"	"Всего"	"0"	"54 007"
"Безработное население (в возрасте 15 лет и старше)(Человек)"	"2 квартал 2022 г."	"202206"	"Г.АЛМАТЫ"	"0"	"городская местность"	"0"	"Всего"	"0"	"Всего"	"0"	"Всего"	"0"	"53 175"
"Безработное население (в возрасте 15 лет и старше)(Человек)"	"1 квартал 2022 г."	"202203"	"Г.АЛМАТЫ"	"0"	"городская местность"	"0"	"Всего"	"0"	"Всего"	"0"	"Всего"	"0"	"54 507"
"Безработное население (в возрасте 15 лет и старше)(Человек)"	"4 квартал 2022 г."	"202212"	"Г.АЛМАТЫ"	"0"	"городская местность"	"0"	"Всего"	"0"	"Всего"	"0"	"Всего"	"0"	"52 100"
"Безработное население (в возрасте 15 лет и старше)(Человек)"	"3 квартал 2022 г."	"202209"	"Г.АЛМАТЫ"	"0"	"городская местность"	"0"	"Всего"	"0"	"Всего"	"0"	"Всего"	"0"	"52 965"
"Безработное население (в возрасте 15 лет и старше)(Человек)"	"1 квартал 2023 г."	"202303"	"Г.АЛМАТЫ"	"0"	"городская местность"	"0"	"Всего"	"0"	"Всего"	"0"	"Всего"	"0"	"53 419"
"Безработное население (в возрасте 15 лет и старше)(Человек)"	"3 квартал 2023 г."	"202309"	"Г.АЛМАТЫ"	"0"	"городская местность"	"0"	"Всего"	"0"	"Всего"	"0"	"Всего"	"0"	"52 564"
"Безработное население (в возрасте 15 лет и старше)(Человек)"	"4 квартал 2023 г."	"202312"	"Г.АЛМАТЫ"	"0"	"городская местность"	"0"	"Всего"	"0"	"Всего"	"0"	"Всего"	"0"	"51 735"
"Безработное население (в возрасте 15 лет и старше)(Человек)"	"2 квартал 2023 г."	"202306"	"Г.АЛМАТЫ"	"0"	"городская местность"	"0"	"Всего"	"0"	"Всего"	"0"	"Всего"	"0"	"52 536"
"Безработное население (в возрасте 15 лет и старше)(Человек)"	"1 квартал 2024 г."	"202403"	"Г.АЛМАТЫ"	"0"	"городская местность"	"0"	"Всего"	"0"	"Всего"	"0"	"Всего"	"0"	"53 304"
"Безработное население (в возрасте 15 лет и старше)(Человек)"	"2 квартал 2024 г."	"202406"	"Г.АЛМАТЫ"	"0"	"городская местность"	"0"	"Всего"	"0"	"Всего"	"0"	"Всего"	"0"	"52 706"
"Безработное население (в возрасте 15 лет и старше)(Человек)"	"3 квартал 2024 г."	"202409"	"Г.АЛМАТЫ"	"0"	"городская местность"	"0"	"Всего"	"0"	"Всего"	"0"	"Всего"	"0"	"51 977"
"Безработное население (в возрасте 15 лет и старше)(Человек)"	"4 квартал 2024 г."	"202412"	"Г.АЛМАТЫ"	"0"	"городская местность"	"0"	"Всего"	"0"	"Всего"	"0"	"Всего"	"0"	"51 923"
"Безработное население (в возрасте 15 лет и старше)(Человек)"	"1 квартал 2025 г."	"202503"	"Г.АЛМАТЫ"	"0"	"городская местность"	"0"	"Всего"	"0"	"Всего"	"0"	"Всего"	"0"	"52 595"
"Безработное население (в возрасте 15 лет и старше)(Человек)"	"2 квартал 2025 г."	"202506"	"Г.АЛМАТЫ"	"0"	"городская местность"	"0"	"Всего"	"0"	"Всего"	"0"	"Всего"	"0"	"52 222"
"Безработное население (в возрасте 15 лет и старше)(Человек)"	"2 квартал 2016 г."	"201606"	"Г.АСТАНА"	"0"	"городская местность"	"0"	"Всего"	"0"	"Всего"	"0"	"Всего"	"0"	"22 800"
"Безработное население (в возрасте 15 лет и старше)(Человек)"	"2 квартал 2010 г."	"201006"	"Г.АСТАНА"	"0"	"городская местность"	"0"	"Всего"	"0"	"Всего"	"0"	"Всего"	"0"	"24 190"
"Безработное население (в возрасте 15 лет и старше)(Человек)"	"3 квартал 2011 г."	"201109"	"Г.АСТАНА"	"0"	"городская местность"	"0"	"Всего"	"0"	"Всего"	"0"	"Всего"	"0"	"23 577"
"Безработное население (в возрасте 15 лет и старше)(Человек)"	"1 квартал 2010 г."	"201003"	"Г.АСТАНА"	"0"	"городская местность"	"0"	"Всего"	"0"	"Всего"	"0"	"Всего"	"0"	"24 546"
"Безработное население (в возрасте 15 лет и старше)(Человек)"	"1 квартал 2015 г."	"201503"	"Г.АСТАНА"	"0"	"городская местность"	"0"	"Всего"	"0"	"Всего"	"0"	"Всего"	"0"	"24 586"
"Безработное население (в возрасте 15 лет и старше)(Человек)"	"2 квартал 2015 г."	"201506"	"Г.АСТАНА"	"0"	"городская местность"	"0"	"Всего"	"0"	"Всего"	"0"	"Всего"	"0"	"22 474"
"Безработное население (в возрасте 15 лет и старше)(Человек)"	"1 квартал 2012 г."	"201203"	"Г.АСТАНА"	"0"	"городская местность"	"0"	"Всего"	"0"	"Всего"	"0"	"Всего"	"0"	"24 067"
"Безработное население (в возрасте 15 лет и старше)(Человек)"	"2 квартал 2012 г."	"201206"	"Г.АСТАНА"	"0"	"городская местность"	"0"	"Всего"	"0"	"Всего"	"0"	"Всего"	"0"	"23 569"
"Безработное население (в возрасте 15 лет и старше)(Человек)"	"4 квартал 2012 г."	"201212"	"Г.АСТАНА"	"0"	"городская местность"	"0"	"Всего"	"0"	"Всего"	"0"	"Всего"	"0"	"23 330"
"Безработное население (в возрасте 15 лет и старше)(Человек)"	"4 квартал 2019 г."	"201912"	"Г.АСТАНА"	"0"	"городская местность"	"0"	"Всего"	"0"	"Всего"	"0"	"Всего"	"0"	"25 703"
"Безработное население (в возрасте 15 лет и старше)(Человек)"	"4 квартал 2016 г."	"201612"	"Г.АСТАНА"	"0"	"городская местность"	"0"	"Всего"	"0"	"Всего"	"0"	"Всего"	"0"	"22 285"
"Безработное население (в возрасте 15 лет и старше)(Человек)"	"3 квартал 2010 г."	"201009"	"Г.АСТАНА"	"0"	"городская местность"	"0"	"Всего"	"0"	"Всего"	"0"	"Всего"	"0"	"24 309"
"Безработное население (в возрасте 15 лет и старше)(Человек)"	"1 квартал 2011 г."	"201103"	"Г.АСТАНА"	"0"	"городская местность"	"0"	"Всего"	"0"	"Всего"	"0"	"Всего"	"0"	"23 116"
"Безработное население (в возрасте 15 лет и старше)(Человек)"	"2 квартал 2013 г."	"201306"	"Г.АСТАНА"	"0"	"городская местность"	"0"	"Всего"	"0"	"Всего"	"0"	"Всего"	"0"	"23 856"
"Безработное население (в возрасте 15 лет и старше)(Человек)"	"4 квартал 2011 г."	"201112"	"Г.АСТАНА"	"0"	"городская местность"	"0"	"Всего"	"0"	"Всего"	"0"	"Всего"	"0"	"23 247"
"Безработное население (в возрасте 15 лет и старше)(Человек)"	"3 квартал 2013 г."	"201309"	"Г.АСТАНА"	"0"	"городская местность"	"0"	"Всего"	"0"	"Всего"	"0"	"Всего"	"0"	"23 675"
"Безработное население (в возрасте 15 лет и старше)(Человек)"	"1 квартал 2013 г."	"201303"	"Г.АСТАНА"	"0"	"городская местность"	"0"	"Всего"	"0"	"Всего"	"0"	"Всего"	"0"	"24 222"
"Безработное население (в возрасте 15 лет и старше)(Человек)"	"4 квартал 2010 г."	"201012"	"Г.АСТАНА"	"0"	"городская местность"	"0"	"Всего"	"0"	"Всего"	"0"	"Всего"	"0"	"23 323"
"Безработное население (в возрасте 15 лет и старше)(Человек)"	"2 квартал 2011 г."	"201106"	"Г.АСТАНА"	"0"	"городская местность"	"0"	"Всего"	"0"	"Всего"	"0"	"Всего"	"0"	"22 948"
"Безработное население (в возрасте 15 лет и старше)(Человек)"	"3 квартал 2015 г."	"201509"	"Г.АСТАНА"	"0"	"городская местность"	"0"	"Всего"	"0"	"Всего"	"0"	"Всего"	"0"	"22 611"
"Безработное население (в возрасте 15 лет и старше)(Человек)"	"4 квартал 2013 г."	"201312"	"Г.АСТАНА"	"0"	"городская местность"	"0"	"Всего"	"0"	"Всего"	"0"	"Всего"	"0"	"23 644"
"Безработное население (в возрасте 15 лет и старше)(Человек)"	"3 квартал 2012 г."	"201209"	"Г.АСТАНА"	"0"	"городская местность"	"0"	"Всего"	"0"	"Всего"	"0"	"Всего"	"0"	"23 447"
"Безработное население (в возрасте 15 лет и старше)(Человек)"	"2 квартал 2017 г."	"201706"	"Г.АСТАНА"	"0"	"городская местность"	"0"	"Всего"	"0"	"Всего"	"0"	"Всего"	"0"	"22 716"
"Безработное население (в возрасте 15 лет и старше)(Человек)"	"1 квартал 2014 г."	"201403"	"Г.АСТАНА"	"0"	"городская местность"	"0"	"Всего"	"0"	"Всего"	"0"	"Всего"	"0"	"23 730"
"Безработное население (в возрасте 15 лет и старше)(Человек)"	"3 квартал 2014 г."	"201409"	"Г.АСТАНА"	"0"	"городская местность"	"0"	"Всего"	"0"	"Всего"	"0"	"Всего"	"0"	"23 565"
"Безработное население (в возрасте 15 лет и старше)(Человек)"	"2 квартал 2014 г."	"201406"	"Г.АСТАНА"	"0"	"городская местность"	"0"	"Всего"	"0"	"Всего"	"0"	"Всего"	"0"	"23 510"
"Безработное население (в возрасте 15 лет и старше)(Человек)"	"4 квартал 2014 г."	"201412"	"Г.АСТАНА"	"0"	"городская местность"	"0"	"Всего"	"0"	"Всего"	"0"	"Всего"	"0"	"23 582"
"Безработное население (в возрасте 15 лет и старше)(Человек)"	"3 квартал 2019 г."	"201909"	"Г.АСТАНА"	"0"	"городская местность"	"0"	"Всего"	"0"	"Всего"	"0"	"Всего"	"0"	"25 671"
"Безработное население (в возрасте 15 лет и старше)(Человек)"	"4 квартал 2015 г."	"201512"	"Г.АСТАНА"	"0"	"городская местность"	"0"	"Всего"	"0"	"Всего"	"0"	"Всего"	"0"	"22 784"
"Безработное население (в возрасте 15 лет и старше)(Человек)"	"4 квартал 2018 г."	"201812"	"Г.АСТАНА"	"0"	"городская местность"	"0"	"Всего"	"0"	"Всего"	"0"	"Всего"	"0"	"24 085"
"Безработное население (в возрасте 15 лет и старше)(Человек)"	"4 квартал 2017 г."	"201712"	"Г.АСТАНА"	"0"	"городская местность"	"0"	"Всего"	"0"	"Всего"	"0"	"Всего"	"0"	"23 820"
"Безработное население (в возрасте 15 лет и старше)(Человек)"	"1 квартал 2017 г."	"201703"	"Г.АСТАНА"	"0"	"городская местность"	"0"	"Всего"	"0"	"Всего"	"0"	"Всего"	"0"	"23 286"
"Безработное население (в возрасте 15 лет и старше)(Человек)"	"2 квартал 2019 г."	"201906"	"Г.АСТАНА"	"0"	"городская местность"	"0"	"Всего"	"0"	"Всего"	"0"	"Всего"	"0"	"25 450"
"Безработное население (в возрасте 15 лет и старше)(Человек)"	"1 квартал 2019 г."	"201903"	"Г.АСТАНА"	"0"	"городская местность"	"0"	"Всего"	"0"	"Всего"	"0"	"Всего"	"0"	"24 909"
"Безработное население (в возрасте 15 лет и старше)(Человек)"	"1 квартал 2018 г."	"201803"	"Г.АСТАНА"	"0"	"городская местность"	"0"	"Всего"	"0"	"Всего"	"0"	"Всего"	"0"	"24 518"
"Безработное население (в возрасте 15 лет и старше)(Человек)"	"3 квартал 2018 г."	"201809"	"Г.АСТАНА"	"0"	"городская местность"	"0"	"Всего"	"0"	"Всего"	"0"	"Всего"	"0"	"23 822"
"Безработное население (в возрасте 15 лет и старше)(Человек)"	"1 квартал 2016 г."	"201603"	"Г.АСТАНА"	"0"	"городская местность"	"0"	"Всего"	"0"	"Всего"	"0"	"Всего"	"0"	"22 926"
"Безработное население (в возрасте 15 лет и старше)(Человек)"	"3 квартал 2016 г."	"201609"	"Г.АСТАНА"	"0"	"городская местность"	"0"	"Всего"	"0"	"Всего"	"0"	"Всего"	"0"	"22 233"
"Безработное население (в возрасте 15 лет и старше)(Человек)"	"3 квартал 2017 г."	"201709"	"Г.АСТАНА"	"0"	"городская местность"	"0"	"Всего"	"0"	"Всего"	"0"	"Всего"	"0"	"22 893"
"Безработное население (в возрасте 15 лет и старше)(Человек)"	"2 квартал 2018 г."	"201806"	"Г.АСТАНА"	"0"	"городская местность"	"0"	"Всего"	"0"	"Всего"	"0"	"Всего"	"0"	"24 088"
"Безработное население (в возрасте 15 лет и старше)(Человек)"	"1 квартал 2021 г."	"202103"	"Г.АСТАНА"	"0"	"городская местность"	"0"	"Всего"	"0"	"Всего"	"0"	"Всего"	"0"	"27 957"
"Безработное население (в возрасте 15 лет и старше)(Человек)"	"2 квартал 2021 г."	"202106"	"Г.АСТАНА"	"0"	"городская местность"	"0"	"Всего"	"0"	"Всего"	"0"	"Всего"	"0"	"27 781"
"Безработное население (в возрасте 15 лет и старше)(Человек)"	"3 квартал 2021 г."	"202109"	"Г.АСТАНА"	"0"	"городская местность"	"0"	"Всего"	"0"	"Всего"	"0"	"Всего"	"0"	"28 259"
"Безработное население (в возрасте 15 лет и старше)(Человек)"	"3 квартал 2020 г."	"202009"	"Г.АСТАНА"	"0"	"городская местность"	"0"	"Всего"	"0"	"Всего"	"0"	"Всего"	"0"	"27 779"
"Безработное население (в возрасте 15 лет и старше)(Человек)"	"4 квартал 2020 г."	"202012"	"Г.АСТАНА"	"0"	"городская местность"	"0"	"Всего"	"0"	"Всего"	"0"	"Всего"	"0"	"27 357"
"Безработное население (в возрасте 15 лет и старше)(Человек)"	"4 квартал 2021 г."	"202112"	"Г.АСТАНА"	"0"	"городская местность"	"0"	"Всего"	"0"	"Всего"	"0"	"Всего"	"0"	"28 226"
"Безработное население (в возрасте 15 лет и старше)(Человек)"	"1 квартал 2020 г."	"202003"	"Г.АСТАНА"	"0"	"городская местность"	"0"	"Всего"	"0"	"Всего"	"0"	"Всего"	"0"	"26 624"
"Безработное население (в возрасте 15 лет и старше)(Человек)"	"2 квартал 2020 г."	"202006"	"Г.АСТАНА"	"0"	"городская местность"	"0"	"Всего"	"0"	"Всего"	"0"	"Всего"	"0"	"27 358"
"Безработное население (в возрасте 15 лет и старше)(Человек)"	"2 квартал 2022 г."	"202206"	"Г.АСТАНА"	"0"	"городская местность"	"0"	"Всего"	"0"	"Всего"	"0"	"Всего"	"0"	"29 000"
"Безработное население (в возрасте 15 лет и старше)(Человек)"	"1 квартал 2022 г."	"202203"	"Г.АСТАНА"	"0"	"городская местность"	"0"	"Всего"	"0"	"Всего"	"0"	"Всего"	"0"	"28 712"
"Безработное население (в возрасте 15 лет и старше)(Человек)"	"4 квартал 2022 г."	"202212"	"Г.АСТАНА"	"0"	"городская местность"	"0"	"Всего"	"0"	"Всего"	"0"	"Всего"	"0"	"29 849"
"Безработное население (в возрасте 15 лет и старше)(Человек)"	"3 квартал 2022 г."	"202209"	"Г.АСТАНА"	"0"	"городская местность"	"0"	"Всего"	"0"	"Всего"	"0"	"Всего"	"0"	"28 231"
"Безработное население (в возрасте 15 лет и старше)(Человек)"	"1 квартал 2023 г."	"202303"	"Г.АСТАНА"	"0"	"городская местность"	"0"	"Всего"	"0"	"Всего"	"0"	"Всего"	"0"	"30 654"
"Безработное население (в возрасте 15 лет и старше)(Человек)"	"3 квартал 2023 г."	"202309"	"Г.АСТАНА"	"0"	"городская местность"	"0"	"Всего"	"0"	"Всего"	"0"	"Всего"	"0"	"30 600"
"Безработное население (в возрасте 15 лет и старше)(Человек)"	"4 квартал 2023 г."	"202312"	"Г.АСТАНА"	"0"	"городская местность"	"0"	"Всего"	"0"	"Всего"	"0"	"Всего"	"0"	"31 450"
"Безработное население (в возрасте 15 лет и старше)(Человек)"	"2 квартал 2023 г."	"202306"	"Г.АСТАНА"	"0"	"городская местность"	"0"	"Всего"	"0"	"Всего"	"0"	"Всего"	"0"	"31 173"
"Безработное население (в возрасте 15 лет и старше)(Человек)"	"1 квартал 2024 г."	"202403"	"Г.АСТАНА"	"0"	"городская местность"	"0"	"Всего"	"0"	"Всего"	"0"	"Всего"	"0"	"32 599"
"Безработное население (в возрасте 15 лет и старше)(Человек)"	"2 квартал 2024 г."	"202406"	"Г.АСТАНА"	"0"	"городская местность"	"0"	"Всего"	"0"	"Всего"	"0"	"Всего"	"0"	"32 105"
"Безработное население (в возрасте 15 лет и старше)(Человек)"	"3 квартал 2024 г."	"202409"	"Г.АСТАНА"	"0"	"городская местность"	"0"	"Всего"	"0"	"Всего"	"0"	"Всего"	"0"	"31 211"
"Безработное население (в возрасте 15 лет и старше)(Человек)"	"4 квартал 2024 г."	"202412"	"Г.АСТАНА"	"0"	"городская местность"	"0"	"Всего"	"0"	"Всего"	"0"	"Всего"	"0"	"31 708"
"Безработное население (в возрасте 15 лет и старше)(Человек)"	"1 квартал 2025 г."	"202503"	"Г.АСТАНА"	"0"	"городская местность"	"0"	"Всего"	"0"	"Всего"	"0"	"Всего"	"0"	"33 850"
"Безработное население (в возрасте 15 лет и старше)(Человек)"	"2 квартал 2025 г."	"202506"	"Г.АСТАНА"	"0"	"городская местность"	"0"	"Всего"	"0"	"Всего"	"0"	"Всего"	"0"	"33 305"
"Безработное население (в возрасте 15 лет и старше)(Человек)"	"2 квартал 2016 г."	"201606"	"ЮЖНО-КАЗАХСТАНСКАЯ ОБЛАСТЬ"	"0"	"городская местность"	"0"	"Всего"	"0"	"Всего"	"0"	"Всего"	"0"	"27 027"
"Безработное население (в возрасте 15 лет и старше)(Человек)"	"2 квартал 2010 г."	"201006"	"ЮЖНО-КАЗАХСТАНСКАЯ ОБЛАСТЬ"	"0"	"городская местность"	"0"	"Всего"	"0"	"Всего"	"0"	"Всего"	"0"	"32 636"
"Безработное население (в возрасте 15 лет и старше)(Человек)"	"3 квартал 2011 г."	"201109"	"ЮЖНО-КАЗАХСТАНСКАЯ ОБЛАСТЬ"	"0"	"городская местность"	"0"	"Всего"	"0"	"Всего"	"0"	"Всего"	"0"	"30 995"
"Безработное население (в возрасте 15 лет и старше)(Человек)"	"1 квартал 2010 г."	"201003"	"ЮЖНО-КАЗАХСТАНСКАЯ ОБЛАСТЬ"	"0"	"городская местность"	"0"	"Всего"	"0"	"Всего"	"0"	"Всего"	"0"	"34 041"
"Безработное население (в возрасте 15 лет и старше)(Человек)"	"1 квартал 2015 г."	"201503"	"ЮЖНО-КАЗАХСТАНСКАЯ ОБЛАСТЬ"	"0"	"городская местность"	"0"	"Всего"	"0"	"Всего"	"0"	"Всего"	"0"	"27 682"
"Безработное население (в возрасте 15 лет и старше)(Человек)"	"2 квартал 2015 г."	"201506"	"ЮЖНО-КАЗАХСТАНСКАЯ ОБЛАСТЬ"	"0"	"городская местность"	"0"	"Всего"	"0"	"Всего"	"0"	"Всего"	"0"	"26 692"
"Безработное население (в возрасте 15 лет и старше)(Человек)"	"1 квартал 2012 г."	"201203"	"ЮЖНО-КАЗАХСТАНСКАЯ ОБЛАСТЬ"	"0"	"городская местность"	"0"	"Всего"	"0"	"Всего"	"0"	"Всего"	"0"	"31 098"
"Безработное население (в возрасте 15 лет и старше)(Человек)"	"2 квартал 2012 г."	"201206"	"ЮЖНО-КАЗАХСТАНСКАЯ ОБЛАСТЬ"	"0"	"городская местность"	"0"	"Всего"	"0"	"Всего"	"0"	"Всего"	"0"	"30 563"
"Безработное население (в возрасте 15 лет и старше)(Человек)"	"4 квартал 2012 г."	"201212"	"ЮЖНО-КАЗАХСТАНСКАЯ ОБЛАСТЬ"	"0"	"городская местность"	"0"	"Всего"	"0"	"Всего"	"0"	"Всего"	"0"	"30 829"
"Безработное население (в возрасте 15 лет и старше)(Человек)"	"4 квартал 2016 г."	"201612"	"ЮЖНО-КАЗАХСТАНСКАЯ ОБЛАСТЬ"	"0"	"городская местность"	"0"	"Всего"	"0"	"Всего"	"0"	"Всего"	"0"	"28 075"
"Безработное население (в возрасте 15 лет и старше)(Человек)"	"3 квартал 2010 г."	"201009"	"ЮЖНО-КАЗАХСТАНСКАЯ ОБЛАСТЬ"	"0"	"городская местность"	"0"	"Всего"	"0"	"Всего"	"0"	"Всего"	"0"	"32 071"
"Безработное население (в возрасте 15 лет и старше)(Человек)"	"1 квартал 2011 г."	"201103"	"ЮЖНО-КАЗАХСТАНСКАЯ ОБЛАСТЬ"	"0"	"городская местность"	"0"	"Всего"	"0"	"Всего"	"0"	"Всего"	"0"	"30 398"
"Безработное население (в возрасте 15 лет и старше)(Человек)"	"2 квартал 2013 г."	"201306"	"ЮЖНО-КАЗАХСТАНСКАЯ ОБЛАСТЬ"	"0"	"городская местность"	"0"	"Всего"	"0"	"Всего"	"0"	"Всего"	"0"	"29 369"
"Безработное население (в возрасте 15 лет и старше)(Человек)"	"4 квартал 2011 г."	"201112"	"ЮЖНО-КАЗАХСТАНСКАЯ ОБЛАСТЬ"	"0"	"городская местность"	"0"	"Всего"	"0"	"Всего"	"0"	"Всего"	"0"	"33 024"
"Безработное население (в возрасте 15 лет и старше)(Человек)"	"3 квартал 2013 г."	"201309"	"ЮЖНО-КАЗАХСТАНСКАЯ ОБЛАСТЬ"	"0"	"городская местность"	"0"	"Всего"	"0"	"Всего"	"0"	"Всего"	"0"	"29 505"
"Безработное население (в возрасте 15 лет и старше)(Человек)"	"1 квартал 2013 г."	"201303"	"ЮЖНО-КАЗАХСТАНСКАЯ ОБЛАСТЬ"	"0"	"городская местность"	"0"	"Всего"	"0"	"Всего"	"0"	"Всего"	"0"	"28 866"
"Безработное население (в возрасте 15 лет и старше)(Человек)"	"4 квартал 2010 г."	"201012"	"ЮЖНО-КАЗАХСТАНСКАЯ ОБЛАСТЬ"	"0"	"городская местность"	"0"	"Всего"	"0"	"Всего"	"0"	"Всего"	"0"	"30 036"
"Безработное население (в возрасте 15 лет и старше)(Человек)"	"2 квартал 2011 г."	"201106"	"ЮЖНО-КАЗАХСТАНСКАЯ ОБЛАСТЬ"	"0"	"городская местность"	"0"	"Всего"	"0"	"Всего"	"0"	"Всего"	"0"	"30 362"
"Безработное население (в возрасте 15 лет и старше)(Человек)"	"3 квартал 2015 г."	"201509"	"ЮЖНО-КАЗАХСТАНСКАЯ ОБЛАСТЬ"	"0"	"городская местность"	"0"	"Всего"	"0"	"Всего"	"0"	"Всего"	"0"	"26 869"
"Безработное население (в возрасте 15 лет и старше)(Человек)"	"4 квартал 2013 г."	"201312"	"ЮЖНО-КАЗАХСТАНСКАЯ ОБЛАСТЬ"	"0"	"городская местность"	"0"	"Всего"	"0"	"Всего"	"0"	"Всего"	"0"	"29 679"
"Безработное население (в возрасте 15 лет и старше)(Человек)"	"3 квартал 2012 г."	"201209"	"ЮЖНО-КАЗАХСТАНСКАЯ ОБЛАСТЬ"	"0"	"городская местность"	"0"	"Всего"	"0"	"Всего"	"0"	"Всего"	"0"	"30 842"
"Безработное население (в возрасте 15 лет и старше)(Человек)"	"2 квартал 2017 г."	"201706"	"ЮЖНО-КАЗАХСТАНСКАЯ ОБЛАСТЬ"	"0"	"городская местность"	"0"	"Всего"	"0"	"Всего"	"0"	"Всего"	"0"	"25 358"
"Безработное население (в возрасте 15 лет и старше)(Человек)"	"1 квартал 2014 г."	"201403"	"ЮЖНО-КАЗАХСТАНСКАЯ ОБЛАСТЬ"	"0"	"городская местность"	"0"	"Всего"	"0"	"Всего"	"0"	"Всего"	"0"	"30 563"
"Безработное население (в возрасте 15 лет и старше)(Человек)"	"3 квартал 2014 г."	"201409"	"ЮЖНО-КАЗАХСТАНСКАЯ ОБЛАСТЬ"	"0"	"городская местность"	"0"	"Всего"	"0"	"Всего"	"0"	"Всего"	"0"	"30 085"
"Безработное население (в возрасте 15 лет и старше)(Человек)"	"2 квартал 2014 г."	"201406"	"ЮЖНО-КАЗАХСТАНСКАЯ ОБЛАСТЬ"	"0"	"городская местность"	"0"	"Всего"	"0"	"Всего"	"0"	"Всего"	"0"	"30 638"
"Безработное население (в возрасте 15 лет и старше)(Человек)"	"4 квартал 2014 г."	"201412"	"ЮЖНО-КАЗАХСТАНСКАЯ ОБЛАСТЬ"	"0"	"городская местность"	"0"	"Всего"	"0"	"Всего"	"0"	"Всего"	"0"	"30 267"
"Безработное население (в возрасте 15 лет и старше)(Человек)"	"4 квартал 2015 г."	"201512"	"ЮЖНО-КАЗАХСТАНСКАЯ ОБЛАСТЬ"	"0"	"городская местность"	"0"	"Всего"	"0"	"Всего"	"0"	"Всего"	"0"	"23 674"
"Безработное население (в возрасте 15 лет и старше)(Человек)"	"4 квартал 2017 г."	"201712"	"ЮЖНО-КАЗАХСТАНСКАЯ ОБЛАСТЬ"	"0"	"городская местность"	"0"	"Всего"	"0"	"Всего"	"0"	"Всего"	"0"	"27 965"
"Безработное население (в возрасте 15 лет и старше)(Человек)"	"1 квартал 2017 г."	"201703"	"ЮЖНО-КАЗАХСТАНСКАЯ ОБЛАСТЬ"	"0"	"городская местность"	"0"	"Всего"	"0"	"Всего"	"0"	"Всего"	"0"	"29 404"
"Безработное население (в возрасте 15 лет и старше)(Человек)"	"1 квартал 2018 г."	"201803"	"ЮЖНО-КАЗАХСТАНСКАЯ ОБЛАСТЬ"	"0"	"городская местность"	"0"	"Всего"	"0"	"Всего"	"0"	"Всего"	"0"	"27 796"
"Безработное население (в возрасте 15 лет и старше)(Человек)"	"1 квартал 2016 г."	"201603"	"ЮЖНО-КАЗАХСТАНСКАЯ ОБЛАСТЬ"	"0"	"городская местность"	"0"	"Всего"	"0"	"Всего"	"0"	"Всего"	"0"	"28 245"
"Безработное население (в возрасте 15 лет и старше)(Человек)"	"3 квартал 2016 г."	"201609"	"ЮЖНО-КАЗАХСТАНСКАЯ ОБЛАСТЬ"	"0"	"городская местность"	"0"	"Всего"	"0"	"Всего"	"0"	"Всего"	"0"	"26 921"
"Безработное население (в возрасте 15 лет и старше)(Человек)"	"3 квартал 2017 г."	"201709"	"ЮЖНО-КАЗАХСТАНСКАЯ ОБЛАСТЬ"	"0"	"городская местность"	"0"	"Всего"	"0"	"Всего"	"0"	"Всего"	"0"	"27 181"
"Безработное население (в возрасте 15 лет и старше)(Человек)"	"2 квартал 2016 г."	"201606"	"СЕВЕРО-КАЗАХСТАНСКАЯ ОБЛАСТЬ"	"0"	"городская местность"	"0"	"Всего"	"0"	"Всего"	"0"	"Всего"	"0"	"6 147"
"Безработное население (в возрасте 15 лет и старше)(Человек)"	"2 квартал 2010 г."	"201006"	"СЕВЕРО-КАЗАХСТАНСКАЯ ОБЛАСТЬ"	"0"	"городская местность"	"0"	"Всего"	"0"	"Всего"	"0"	"Всего"	"0"	"8 762"
"Безработное население (в возрасте 15 лет и старше)(Человек)"	"3 квартал 2011 г."	"201109"	"СЕВЕРО-КАЗАХСТАНСКАЯ ОБЛАСТЬ"	"0"	"городская местность"	"0"	"Всего"	"0"	"Всего"	"0"	"Всего"	"0"	"7 657"
"Безработное население (в возрасте 15 лет и старше)(Человек)"	"1 квартал 2010 г."	"201003"	"СЕВЕРО-КАЗАХСТАНСКАЯ ОБЛАСТЬ"	"0"	"городская местность"	"0"	"Всего"	"0"	"Всего"	"0"	"Всего"	"0"	"8 881"
"Безработное население (в возрасте 15 лет и старше)(Человек)"	"1 квартал 2015 г."	"201503"	"СЕВЕРО-КАЗАХСТАНСКАЯ ОБЛАСТЬ"	"0"	"городская местность"	"0"	"Всего"	"0"	"Всего"	"0"	"Всего"	"0"	"5 781"
"Безработное население (в возрасте 15 лет и старше)(Человек)"	"2 квартал 2015 г."	"201506"	"СЕВЕРО-КАЗАХСТАНСКАЯ ОБЛАСТЬ"	"0"	"городская местность"	"0"	"Всего"	"0"	"Всего"	"0"	"Всего"	"0"	"6 478"
"Безработное население (в возрасте 15 лет и старше)(Человек)"	"1 квартал 2012 г."	"201203"	"СЕВЕРО-КАЗАХСТАНСКАЯ ОБЛАСТЬ"	"0"	"городская местность"	"0"	"Всего"	"0"	"Всего"	"0"	"Всего"	"0"	"7 511"
"Безработное население (в возрасте 15 лет и старше)(Человек)"	"2 квартал 2012 г."	"201206"	"СЕВЕРО-КАЗАХСТАНСКАЯ ОБЛАСТЬ"	"0"	"городская местность"	"0"	"Всего"	"0"	"Всего"	"0"	"Всего"	"0"	"7 584"
"Безработное население (в возрасте 15 лет и старше)(Человек)"	"4 квартал 2012 г."	"201212"	"СЕВЕРО-КАЗАХСТАНСКАЯ ОБЛАСТЬ"	"0"	"городская местность"	"0"	"Всего"	"0"	"Всего"	"0"	"Всего"	"0"	"7 535"
"Безработное население (в возрасте 15 лет и старше)(Человек)"	"4 квартал 2019 г."	"201912"	"СЕВЕРО-КАЗАХСТАНСКАЯ ОБЛАСТЬ"	"0"	"городская местность"	"0"	"Всего"	"0"	"Всего"	"0"	"Всего"	"0"	"5 949"
"Безработное население (в возрасте 15 лет и старше)(Человек)"	"4 квартал 2016 г."	"201612"	"СЕВЕРО-КАЗАХСТАНСКАЯ ОБЛАСТЬ"	"0"	"городская местность"	"0"	"Всего"	"0"	"Всего"	"0"	"Всего"	"0"	"6 086"
"Безработное население (в возрасте 15 лет и старше)(Человек)"	"3 квартал 2010 г."	"201009"	"СЕВЕРО-КАЗАХСТАНСКАЯ ОБЛАСТЬ"	"0"	"городская местность"	"0"	"Всего"	"0"	"Всего"	"0"	"Всего"	"0"	"8 064"
"Безработное население (в возрасте 15 лет и старше)(Человек)"	"1 квартал 2011 г."	"201103"	"СЕВЕРО-КАЗАХСТАНСКАЯ ОБЛАСТЬ"	"0"	"городская местность"	"0"	"Всего"	"0"	"Всего"	"0"	"Всего"	"0"	"7 857"
"Безработное население (в возрасте 15 лет и старше)(Человек)"	"2 квартал 2013 г."	"201306"	"СЕВЕРО-КАЗАХСТАНСКАЯ ОБЛАСТЬ"	"0"	"городская местность"	"0"	"Всего"	"0"	"Всего"	"0"	"Всего"	"0"	"6 791"
"Безработное население (в возрасте 15 лет и старше)(Человек)"	"4 квартал 2011 г."	"201112"	"СЕВЕРО-КАЗАХСТАНСКАЯ ОБЛАСТЬ"	"0"	"городская местность"	"0"	"Всего"	"0"	"Всего"	"0"	"Всего"	"0"	"7 524"
"Безработное население (в возрасте 15 лет и старше)(Человек)"	"3 квартал 2013 г."	"201309"	"СЕВЕРО-КАЗАХСТАНСКАЯ ОБЛАСТЬ"	"0"	"городская местность"	"0"	"Всего"	"0"	"Всего"	"0"	"Всего"	"0"	"6 775"
"Безработное население (в возрасте 15 лет и старше)(Человек)"	"1 квартал 2013 г."	"201303"	"СЕВЕРО-КАЗАХСТАНСКАЯ ОБЛАСТЬ"	"0"	"городская местность"	"0"	"Всего"	"0"	"Всего"	"0"	"Всего"	"0"	"7 607"
"Безработное население (в возрасте 15 лет и старше)(Человек)"	"4 квартал 2010 г."	"201012"	"СЕВЕРО-КАЗАХСТАНСКАЯ ОБЛАСТЬ"	"0"	"городская местность"	"0"	"Всего"	"0"	"Всего"	"0"	"Всего"	"0"	"7 986"
"Безработное население (в возрасте 15 лет и старше)(Человек)"	"2 квартал 2011 г."	"201106"	"СЕВЕРО-КАЗАХСТАНСКАЯ ОБЛАСТЬ"	"0"	"городская местность"	"0"	"Всего"	"0"	"Всего"	"0"	"Всего"	"0"	"7 719"
"Безработное население (в возрасте 15 лет и старше)(Человек)"	"3 квартал 2015 г."	"201509"	"СЕВЕРО-КАЗАХСТАНСКАЯ ОБЛАСТЬ"	"0"	"городская местность"	"0"	"Всего"	"0"	"Всего"	"0"	"Всего"	"0"	"6 254"
"Безработное население (в возрасте 15 лет и старше)(Человек)"	"4 квартал 2013 г."	"201312"	"СЕВЕРО-КАЗАХСТАНСКАЯ ОБЛАСТЬ"	"0"	"городская местность"	"0"	"Всего"	"0"	"Всего"	"0"	"Всего"	"0"	"6 588"
"Безработное население (в возрасте 15 лет и старше)(Человек)"	"3 квартал 2012 г."	"201209"	"СЕВЕРО-КАЗАХСТАНСКАЯ ОБЛАСТЬ"	"0"	"городская местность"	"0"	"Всего"	"0"	"Всего"	"0"	"Всего"	"0"	"7 493"
"Безработное население (в возрасте 15 лет и старше)(Человек)"	"2 квартал 2017 г."	"201706"	"СЕВЕРО-КАЗАХСТАНСКАЯ ОБЛАСТЬ"	"0"	"городская местность"	"0"	"Всего"	"0"	"Всего"	"0"	"Всего"	"0"	"5 981"
"Безработное население (в возрасте 15 лет и старше)(Человек)"	"1 квартал 2014 г."	"201403"	"СЕВЕРО-КАЗАХСТАНСКАЯ ОБЛАСТЬ"	"0"	"городская местность"	"0"	"Всего"	"0"	"Всего"	"0"	"Всего"	"0"	"6 546"
"Безработное население (в возрасте 15 лет и старше)(Человек)"	"3 квартал 2014 г."	"201409"	"СЕВЕРО-КАЗАХСТАНСКАЯ ОБЛАСТЬ"	"0"	"городская местность"	"0"	"Всего"	"0"	"Всего"	"0"	"Всего"	"0"	"6 615"
"Безработное население (в возрасте 15 лет и старше)(Человек)"	"2 квартал 2014 г."	"201406"	"СЕВЕРО-КАЗАХСТАНСКАЯ ОБЛАСТЬ"	"0"	"городская местность"	"0"	"Всего"	"0"	"Всего"	"0"	"Всего"	"0"	"6 645"
"Безработное население (в возрасте 15 лет и старше)(Человек)"	"4 квартал 2014 г."	"201412"	"СЕВЕРО-КАЗАХСТАНСКАЯ ОБЛАСТЬ"	"0"	"городская местность"	"0"	"Всего"	"0"	"Всего"	"0"	"Всего"	"0"	"6 578"
"Безработное население (в возрасте 15 лет и старше)(Человек)"	"3 квартал 2019 г."	"201909"	"СЕВЕРО-КАЗАХСТАНСКАЯ ОБЛАСТЬ"	"0"	"городская местность"	"0"	"Всего"	"0"	"Всего"	"0"	"Всего"	"0"	"6 289"
"Безработное население (в возрасте 15 лет и старше)(Человек)"	"4 квартал 2015 г."	"201512"	"СЕВЕРО-КАЗАХСТАНСКАЯ ОБЛАСТЬ"	"0"	"городская местность"	"0"	"Всего"	"0"	"Всего"	"0"	"Всего"	"0"	"5 837"
"Безработное население (в возрасте 15 лет и старше)(Человек)"	"4 квартал 2018 г."	"201812"	"СЕВЕРО-КАЗАХСТАНСКАЯ ОБЛАСТЬ"	"0"	"городская местность"	"0"	"Всего"	"0"	"Всего"	"0"	"Всего"	"0"	"5 956"
"Безработное население (в возрасте 15 лет и старше)(Человек)"	"4 квартал 2017 г."	"201712"	"СЕВЕРО-КАЗАХСТАНСКАЯ ОБЛАСТЬ"	"0"	"городская местность"	"0"	"Всего"	"0"	"Всего"	"0"	"Всего"	"0"	"5 892"
"Безработное население (в возрасте 15 лет и старше)(Человек)"	"1 квартал 2017 г."	"201703"	"СЕВЕРО-КАЗАХСТАНСКАЯ ОБЛАСТЬ"	"0"	"городская местность"	"0"	"Всего"	"0"	"Всего"	"0"	"Всего"	"0"	"6 102"
"Безработное население (в возрасте 15 лет и старше)(Человек)"	"2 квартал 2019 г."	"201906"	"СЕВЕРО-КАЗАХСТАНСКАЯ ОБЛАСТЬ"	"0"	"городская местность"	"0"	"Всего"	"0"	"Всего"	"0"	"Всего"	"0"	"5 947"
"Безработное население (в возрасте 15 лет и старше)(Человек)"	"1 квартал 2019 г."	"201903"	"СЕВЕРО-КАЗАХСТАНСКАЯ ОБЛАСТЬ"	"0"	"городская местность"	"0"	"Всего"	"0"	"Всего"	"0"	"Всего"	"0"	"5 909"
"Безработное население (в возрасте 15 лет и старше)(Человек)"	"1 квартал 2018 г."	"201803"	"СЕВЕРО-КАЗАХСТАНСКАЯ ОБЛАСТЬ"	"0"	"городская местность"	"0"	"Всего"	"0"	"Всего"	"0"	"Всего"	"0"	"6 065"
"Безработное население (в возрасте 15 лет и старше)(Человек)"	"3 квартал 2018 г."	"201809"	"СЕВЕРО-КАЗАХСТАНСКАЯ ОБЛАСТЬ"	"0"	"городская местность"	"0"	"Всего"	"0"	"Всего"	"0"	"Всего"	"0"	"6 083"
"Безработное население (в возрасте 15 лет и старше)(Человек)"	"1 квартал 2016 г."	"201603"	"СЕВЕРО-КАЗАХСТАНСКАЯ ОБЛАСТЬ"	"0"	"городская местность"	"0"	"Всего"	"0"	"Всего"	"0"	"Всего"	"0"	"6 288"
"Безработное население (в возрасте 15 лет и старше)(Человек)"	"3 квартал 2016 г."	"201609"	"СЕВЕРО-КАЗАХСТАНСКАЯ ОБЛАСТЬ"	"0"	"городская местность"	"0"	"Всего"	"0"	"Всего"	"0"	"Всего"	"0"	"6 125"
"Безработное население (в возрасте 15 лет и старше)(Человек)"	"3 квартал 2017 г."	"201709"	"СЕВЕРО-КАЗАХСТАНСКАЯ ОБЛАСТЬ"	"0"	"городская местность"	"0"	"Всего"	"0"	"Всего"	"0"	"Всего"	"0"	"5 744"
"Безработное население (в возрасте 15 лет и старше)(Человек)"	"2 квартал 2018 г."	"201806"	"СЕВЕРО-КАЗАХСТАНСКАЯ ОБЛАСТЬ"	"0"	"городская местность"	"0"	"Всего"	"0"	"Всего"	"0"	"Всего"	"0"	"6 012"
"Безработное население (в возрасте 15 лет и старше)(Человек)"	"1 квартал 2021 г."	"202103"	"СЕВЕРО-КАЗАХСТАНСКАЯ ОБЛАСТЬ"	"0"	"городская местность"	"0"	"Всего"	"0"	"Всего"	"0"	"Всего"	"0"	"6 184"
"Безработное население (в возрасте 15 лет и старше)(Человек)"	"2 квартал 2021 г."	"202106"	"СЕВЕРО-КАЗАХСТАНСКАЯ ОБЛАСТЬ"	"0"	"городская местность"	"0"	"Всего"	"0"	"Всего"	"0"	"Всего"	"0"	"6 015"
"Безработное население (в возрасте 15 лет и старше)(Человек)"	"3 квартал 2021 г."	"202109"	"СЕВЕРО-КАЗАХСТАНСКАЯ ОБЛАСТЬ"	"0"	"городская местность"	"0"	"Всего"	"0"	"Всего"	"0"	"Всего"	"0"	"5 826"
"Безработное население (в возрасте 15 лет и старше)(Человек)"	"3 квартал 2020 г."	"202009"	"СЕВЕРО-КАЗАХСТАНСКАЯ ОБЛАСТЬ"	"0"	"городская местность"	"0"	"Всего"	"0"	"Всего"	"0"	"Всего"	"0"	"6 404"
"Безработное население (в возрасте 15 лет и старше)(Человек)"	"4 квартал 2020 г."	"202012"	"СЕВЕРО-КАЗАХСТАНСКАЯ ОБЛАСТЬ"	"0"	"городская местность"	"0"	"Всего"	"0"	"Всего"	"0"	"Всего"	"0"	"6 308"
"Безработное население (в возрасте 15 лет и старше)(Человек)"	"4 квартал 2021 г."	"202112"	"СЕВЕРО-КАЗАХСТАНСКАЯ ОБЛАСТЬ"	"0"	"городская местность"	"0"	"Всего"	"0"	"Всего"	"0"	"Всего"	"0"	"5 744"
"Безработное население (в возрасте 15 лет и старше)(Человек)"	"1 квартал 2020 г."	"202003"	"СЕВЕРО-КАЗАХСТАНСКАЯ ОБЛАСТЬ"	"0"	"городская местность"	"0"	"Всего"	"0"	"Всего"	"0"	"Всего"	"0"	"6 080"
"Безработное население (в возрасте 15 лет и старше)(Человек)"	"2 квартал 2020 г."	"202006"	"СЕВЕРО-КАЗАХСТАНСКАЯ ОБЛАСТЬ"	"0"	"городская местность"	"0"	"Всего"	"0"	"Всего"	"0"	"Всего"	"0"	"6 584"
"Безработное население (в возрасте 15 лет и старше)(Человек)"	"2 квартал 2022 г."	"202206"	"СЕВЕРО-КАЗАХСТАНСКАЯ ОБЛАСТЬ"	"0"	"городская местность"	"0"	"Всего"	"0"	"Всего"	"0"	"Всего"	"0"	"5 681"
"Безработное население (в возрасте 15 лет и старше)(Человек)"	"1 квартал 2022 г."	"202203"	"СЕВЕРО-КАЗАХСТАНСКАЯ ОБЛАСТЬ"	"0"	"городская местность"	"0"	"Всего"	"0"	"Всего"	"0"	"Всего"	"0"	"5 864"
"Безработное население (в возрасте 15 лет и старше)(Человек)"	"4 квартал 2022 г."	"202212"	"СЕВЕРО-КАЗАХСТАНСКАЯ ОБЛАСТЬ"	"0"	"городская местность"	"0"	"Всего"	"0"	"Всего"	"0"	"Всего"	"0"	"5 826"
"Безработное население (в возрасте 15 лет и старше)(Человек)"	"3 квартал 2022 г."	"202209"	"СЕВЕРО-КАЗАХСТАНСКАЯ ОБЛАСТЬ"	"0"	"городская местность"	"0"	"Всего"	"0"	"Всего"	"0"	"Всего"	"0"	"5 109"
"Безработное население (в возрасте 15 лет и старше)(Человек)"	"1 квартал 2023 г."	"202303"	"СЕВЕРО-КАЗАХСТАНСКАЯ ОБЛАСТЬ"	"0"	"городская местность"	"0"	"Всего"	"0"	"Всего"	"0"	"Всего"	"0"	"5 996"
"Безработное население (в возрасте 15 лет и старше)(Человек)"	"3 квартал 2023 г."	"202309"	"СЕВЕРО-КАЗАХСТАНСКАЯ ОБЛАСТЬ"	"0"	"городская местность"	"0"	"Всего"	"0"	"Всего"	"0"	"Всего"	"0"	"5 734"
"Безработное население (в возрасте 15 лет и старше)(Человек)"	"4 квартал 2023 г."	"202312"	"СЕВЕРО-КАЗАХСТАНСКАЯ ОБЛАСТЬ"	"0"	"городская местность"	"0"	"Всего"	"0"	"Всего"	"0"	"Всего"	"0"	"5 769"
"Безработное население (в возрасте 15 лет и старше)(Человек)"	"2 квартал 2023 г."	"202306"	"СЕВЕРО-КАЗАХСТАНСКАЯ ОБЛАСТЬ"	"0"	"городская местность"	"0"	"Всего"	"0"	"Всего"	"0"	"Всего"	"0"	"5 994"
"Безработное население (в возрасте 15 лет и старше)(Человек)"	"1 квартал 2024 г."	"202403"	"СЕВЕРО-КАЗАХСТАНСКАЯ ОБЛАСТЬ"	"0"	"городская местность"	"0"	"Всего"	"0"	"Всего"	"0"	"Всего"	"0"	"6 030"
"Безработное население (в возрасте 15 лет и старше)(Человек)"	"2 квартал 2024 г."	"202406"	"СЕВЕРО-КАЗАХСТАНСКАЯ ОБЛАСТЬ"	"0"	"городская местность"	"0"	"Всего"	"0"	"Всего"	"0"	"Всего"	"0"	"6 103"
"Безработное население (в возрасте 15 лет и старше)(Человек)"	"3 квартал 2024 г."	"202409"	"СЕВЕРО-КАЗАХСТАНСКАЯ ОБЛАСТЬ"	"0"	"городская местность"	"0"	"Всего"	"0"	"Всего"	"0"	"Всего"	"0"	"6 024"
"Безработное население (в возрасте 15 лет и старше)(Человек)"	"4 квартал 2024 г."	"202412"	"СЕВЕРО-КАЗАХСТАНСКАЯ ОБЛАСТЬ"	"0"	"городская местность"	"0"	"Всего"	"0"	"Всего"	"0"	"Всего"	"0"	"6 439"
"Безработное население (в возрасте 15 лет и старше)(Человек)"	"1 квартал 2025 г."	"202503"	"СЕВЕРО-КАЗАХСТАНСКАЯ ОБЛАСТЬ"	"0"	"городская местность"	"0"	"Всего"	"0"	"Всего"	"0"	"Всего"	"0"	"6 017"
"Безработное население (в возрасте 15 лет и старше)(Человек)"	"2 квартал 2025 г."	"202506"	"СЕВЕРО-КАЗАХСТАНСКАЯ ОБЛАСТЬ"	"0"	"городская местность"	"0"	"Всего"	"0"	"Всего"	"0"	"Всего"	"0"	"6 751"
"Безработное население (в возрасте 15 лет и старше)(Человек)"	"2 квартал 2016 г."	"201606"	"ПАВЛОДАРСКАЯ ОБЛАСТЬ"	"0"	"городская местность"	"0"	"Всего"	"0"	"Всего"	"0"	"Всего"	"0"	"14 412"
"Безработное население (в возрасте 15 лет и старше)(Человек)"	"2 квартал 2010 г."	"201006"	"ПАВЛОДАРСКАЯ ОБЛАСТЬ"	"0"	"городская местность"	"0"	"Всего"	"0"	"Всего"	"0"	"Всего"	"0"	"17 206"
"Безработное население (в возрасте 15 лет и старше)(Человек)"	"3 квартал 2011 г."	"201109"	"ПАВЛОДАРСКАЯ ОБЛАСТЬ"	"0"	"городская местность"	"0"	"Всего"	"0"	"Всего"	"0"	"Всего"	"0"	"16 445"
"Безработное население (в возрасте 15 лет и старше)(Человек)"	"1 квартал 2010 г."	"201003"	"ПАВЛОДАРСКАЯ ОБЛАСТЬ"	"0"	"городская местность"	"0"	"Всего"	"0"	"Всего"	"0"	"Всего"	"0"	"18 214"
"Безработное население (в возрасте 15 лет и старше)(Человек)"	"1 квартал 2015 г."	"201503"	"ПАВЛОДАРСКАЯ ОБЛАСТЬ"	"0"	"городская местность"	"0"	"Всего"	"0"	"Всего"	"0"	"Всего"	"0"	"14 653"
"Безработное население (в возрасте 15 лет и старше)(Человек)"	"2 квартал 2015 г."	"201506"	"ПАВЛОДАРСКАЯ ОБЛАСТЬ"	"0"	"городская местность"	"0"	"Всего"	"0"	"Всего"	"0"	"Всего"	"0"	"14 692"
"Безработное население (в возрасте 15 лет и старше)(Человек)"	"1 квартал 2012 г."	"201203"	"ПАВЛОДАРСКАЯ ОБЛАСТЬ"	"0"	"городская местность"	"0"	"Всего"	"0"	"Всего"	"0"	"Всего"	"0"	"15 941"
"Безработное население (в возрасте 15 лет и старше)(Человек)"	"2 квартал 2012 г."	"201206"	"ПАВЛОДАРСКАЯ ОБЛАСТЬ"	"0"	"городская местность"	"0"	"Всего"	"0"	"Всего"	"0"	"Всего"	"0"	"15 685"
"Безработное население (в возрасте 15 лет и старше)(Человек)"	"4 квартал 2012 г."	"201212"	"ПАВЛОДАРСКАЯ ОБЛАСТЬ"	"0"	"городская местность"	"0"	"Всего"	"0"	"Всего"	"0"	"Всего"	"0"	"15 857"
"Безработное население (в возрасте 15 лет и старше)(Человек)"	"4 квартал 2019 г."	"201912"	"ПАВЛОДАРСКАЯ ОБЛАСТЬ"	"0"	"городская местность"	"0"	"Всего"	"0"	"Всего"	"0"	"Всего"	"0"	"13 821"
"Безработное население (в возрасте 15 лет и старше)(Человек)"	"4 квартал 2016 г."	"201612"	"ПАВЛОДАРСКАЯ ОБЛАСТЬ"	"0"	"городская местность"	"0"	"Всего"	"0"	"Всего"	"0"	"Всего"	"0"	"14 542"
"Безработное население (в возрасте 15 лет и старше)(Человек)"	"3 квартал 2010 г."	"201009"	"ПАВЛОДАРСКАЯ ОБЛАСТЬ"	"0"	"городская местность"	"0"	"Всего"	"0"	"Всего"	"0"	"Всего"	"0"	"16 638"
"Безработное население (в возрасте 15 лет и старше)(Человек)"	"1 квартал 2011 г."	"201103"	"ПАВЛОДАРСКАЯ ОБЛАСТЬ"	"0"	"городская местность"	"0"	"Всего"	"0"	"Всего"	"0"	"Всего"	"0"	"16 291"
"Безработное население (в возрасте 15 лет и старше)(Человек)"	"2 квартал 2013 г."	"201306"	"ПАВЛОДАРСКАЯ ОБЛАСТЬ"	"0"	"городская местность"	"0"	"Всего"	"0"	"Всего"	"0"	"Всего"	"0"	"16 186"
"Безработное население (в возрасте 15 лет и старше)(Человек)"	"4 квартал 2011 г."	"201112"	"ПАВЛОДАРСКАЯ ОБЛАСТЬ"	"0"	"городская местность"	"0"	"Всего"	"0"	"Всего"	"0"	"Всего"	"0"	"16 314"
"Безработное население (в возрасте 15 лет и старше)(Человек)"	"3 квартал 2013 г."	"201309"	"ПАВЛОДАРСКАЯ ОБЛАСТЬ"	"0"	"городская местность"	"0"	"Всего"	"0"	"Всего"	"0"	"Всего"	"0"	"15 529"
"Безработное население (в возрасте 15 лет и старше)(Человек)"	"1 квартал 2013 г."	"201303"	"ПАВЛОДАРСКАЯ ОБЛАСТЬ"	"0"	"городская местность"	"0"	"Всего"	"0"	"Всего"	"0"	"Всего"	"0"	"16 155"
"Безработное население (в возрасте 15 лет и старше)(Человек)"	"4 квартал 2010 г."	"201012"	"ПАВЛОДАРСКАЯ ОБЛАСТЬ"	"0"	"городская местность"	"0"	"Всего"	"0"	"Всего"	"0"	"Всего"	"0"	"16 380"
"Безработное население (в возрасте 15 лет и старше)(Человек)"	"2 квартал 2011 г."	"201106"	"ПАВЛОДАРСКАЯ ОБЛАСТЬ"	"0"	"городская местность"	"0"	"Всего"	"0"	"Всего"	"0"	"Всего"	"0"	"16 192"
"Безработное население (в возрасте 15 лет и старше)(Человек)"	"3 квартал 2015 г."	"201509"	"ПАВЛОДАРСКАЯ ОБЛАСТЬ"	"0"	"городская местность"	"0"	"Всего"	"0"	"Всего"	"0"	"Всего"	"0"	"14 845"
"Безработное население (в возрасте 15 лет и старше)(Человек)"	"4 квартал 2013 г."	"201312"	"ПАВЛОДАРСКАЯ ОБЛАСТЬ"	"0"	"городская местность"	"0"	"Всего"	"0"	"Всего"	"0"	"Всего"	"0"	"15 123"
"Безработное население (в возрасте 15 лет и старше)(Человек)"	"3 квартал 2012 г."	"201209"	"ПАВЛОДАРСКАЯ ОБЛАСТЬ"	"0"	"городская местность"	"0"	"Всего"	"0"	"Всего"	"0"	"Всего"	"0"	"15 716"
"Безработное население (в возрасте 15 лет и старше)(Человек)"	"2 квартал 2017 г."	"201706"	"ПАВЛОДАРСКАЯ ОБЛАСТЬ"	"0"	"городская местность"	"0"	"Всего"	"0"	"Всего"	"0"	"Всего"	"0"	"14 345"
"Безработное население (в возрасте 15 лет и старше)(Человек)"	"1 квартал 2014 г."	"201403"	"ПАВЛОДАРСКАЯ ОБЛАСТЬ"	"0"	"городская местность"	"0"	"Всего"	"0"	"Всего"	"0"	"Всего"	"0"	"15 080"
"Безработное население (в возрасте 15 лет и старше)(Человек)"	"3 квартал 2014 г."	"201409"	"ПАВЛОДАРСКАЯ ОБЛАСТЬ"	"0"	"городская местность"	"0"	"Всего"	"0"	"Всего"	"0"	"Всего"	"0"	"14 900"
"Безработное население (в возрасте 15 лет и старше)(Человек)"	"2 квартал 2014 г."	"201406"	"ПАВЛОДАРСКАЯ ОБЛАСТЬ"	"0"	"городская местность"	"0"	"Всего"	"0"	"Всего"	"0"	"Всего"	"0"	"14 827"
"Безработное население (в возрасте 15 лет и старше)(Человек)"	"4 квартал 2014 г."	"201412"	"ПАВЛОДАРСКАЯ ОБЛАСТЬ"	"0"	"городская местность"	"0"	"Всего"	"0"	"Всего"	"0"	"Всего"	"0"	"15 453"
"Безработное население (в возрасте 15 лет и старше)(Человек)"	"3 квартал 2019 г."	"201909"	"ПАВЛОДАРСКАЯ ОБЛАСТЬ"	"0"	"городская местность"	"0"	"Всего"	"0"	"Всего"	"0"	"Всего"	"0"	"13 868"
"Безработное население (в возрасте 15 лет и старше)(Человек)"	"4 квартал 2015 г."	"201512"	"ПАВЛОДАРСКАЯ ОБЛАСТЬ"	"0"	"городская местность"	"0"	"Всего"	"0"	"Всего"	"0"	"Всего"	"0"	"15 161"
"Безработное население (в возрасте 15 лет и старше)(Человек)"	"4 квартал 2018 г."	"201812"	"ПАВЛОДАРСКАЯ ОБЛАСТЬ"	"0"	"городская местность"	"0"	"Всего"	"0"	"Всего"	"0"	"Всего"	"0"	"14 088"
"Безработное население (в возрасте 15 лет и старше)(Человек)"	"4 квартал 2017 г."	"201712"	"ПАВЛОДАРСКАЯ ОБЛАСТЬ"	"0"	"городская местность"	"0"	"Всего"	"0"	"Всего"	"0"	"Всего"	"0"	"14 302"
"Безработное население (в возрасте 15 лет и старше)(Человек)"	"1 квартал 2017 г."	"201703"	"ПАВЛОДАРСКАЯ ОБЛАСТЬ"	"0"	"городская местность"	"0"	"Всего"	"0"	"Всего"	"0"	"Всего"	"0"	"14 749"
"Безработное население (в возрасте 15 лет и старше)(Человек)"	"2 квартал 2019 г."	"201906"	"ПАВЛОДАРСКАЯ ОБЛАСТЬ"	"0"	"городская местность"	"0"	"Всего"	"0"	"Всего"	"0"	"Всего"	"0"	"13 859"
"Безработное население (в возрасте 15 лет и старше)(Человек)"	"1 квартал 2019 г."	"201903"	"ПАВЛОДАРСКАЯ ОБЛАСТЬ"	"0"	"городская местность"	"0"	"Всего"	"0"	"Всего"	"0"	"Всего"	"0"	"14 058"
"Безработное население (в возрасте 15 лет и старше)(Человек)"	"1 квартал 2018 г."	"201803"	"ПАВЛОДАРСКАЯ ОБЛАСТЬ"	"0"	"городская местность"	"0"	"Всего"	"0"	"Всего"	"0"	"Всего"	"0"	"14 307"
"Безработное население (в возрасте 15 лет и старше)(Человек)"	"3 квартал 2018 г."	"201809"	"ПАВЛОДАРСКАЯ ОБЛАСТЬ"	"0"	"городская местность"	"0"	"Всего"	"0"	"Всего"	"0"	"Всего"	"0"	"14 133"
"Безработное население (в возрасте 15 лет и старше)(Человек)"	"1 квартал 2016 г."	"201603"	"ПАВЛОДАРСКАЯ ОБЛАСТЬ"	"0"	"городская местность"	"0"	"Всего"	"0"	"Всего"	"0"	"Всего"	"0"	"14 796"
"Безработное население (в возрасте 15 лет и старше)(Человек)"	"3 квартал 2016 г."	"201609"	"ПАВЛОДАРСКАЯ ОБЛАСТЬ"	"0"	"городская местность"	"0"	"Всего"	"0"	"Всего"	"0"	"Всего"	"0"	"14 577"
"Безработное население (в возрасте 15 лет и старше)(Человек)"	"3 квартал 2017 г."	"201709"	"ПАВЛОДАРСКАЯ ОБЛАСТЬ"	"0"	"городская местность"	"0"	"Всего"	"0"	"Всего"	"0"	"Всего"	"0"	"14 446"
"Безработное население (в возрасте 15 лет и старше)(Человек)"	"2 квартал 2018 г."	"201806"	"ПАВЛОДАРСКАЯ ОБЛАСТЬ"	"0"	"городская местность"	"0"	"Всего"	"0"	"Всего"	"0"	"Всего"	"0"	"14 209"
"Безработное население (в возрасте 15 лет и старше)(Человек)"	"1 квартал 2021 г."	"202103"	"ПАВЛОДАРСКАЯ ОБЛАСТЬ"	"0"	"городская местность"	"0"	"Всего"	"0"	"Всего"	"0"	"Всего"	"0"	"13 862"
"Безработное население (в возрасте 15 лет и старше)(Человек)"	"2 квартал 2021 г."	"202106"	"ПАВЛОДАРСКАЯ ОБЛАСТЬ"	"0"	"городская местность"	"0"	"Всего"	"0"	"Всего"	"0"	"Всего"	"0"	"14 078"
"Безработное население (в возрасте 15 лет и старше)(Человек)"	"3 квартал 2021 г."	"202109"	"ПАВЛОДАРСКАЯ ОБЛАСТЬ"	"0"	"городская местность"	"0"	"Всего"	"0"	"Всего"	"0"	"Всего"	"0"	"13 898"
"Безработное население (в возрасте 15 лет и старше)(Человек)"	"3 квартал 2020 г."	"202009"	"ПАВЛОДАРСКАЯ ОБЛАСТЬ"	"0"	"городская местность"	"0"	"Всего"	"0"	"Всего"	"0"	"Всего"	"0"	"13 869"
"Безработное население (в возрасте 15 лет и старше)(Человек)"	"4 квартал 2020 г."	"202012"	"ПАВЛОДАРСКАЯ ОБЛАСТЬ"	"0"	"городская местность"	"0"	"Всего"	"0"	"Всего"	"0"	"Всего"	"0"	"14 148"
"Безработное население (в возрасте 15 лет и старше)(Человек)"	"4 квартал 2021 г."	"202112"	"ПАВЛОДАРСКАЯ ОБЛАСТЬ"	"0"	"городская местность"	"0"	"Всего"	"0"	"Всего"	"0"	"Всего"	"0"	"14 169"
"Безработное население (в возрасте 15 лет и старше)(Человек)"	"1 квартал 2020 г."	"202003"	"ПАВЛОДАРСКАЯ ОБЛАСТЬ"	"0"	"городская местность"	"0"	"Всего"	"0"	"Всего"	"0"	"Всего"	"0"	"13 776"
"Безработное население (в возрасте 15 лет и старше)(Человек)"	"2 квартал 2020 г."	"202006"	"ПАВЛОДАРСКАЯ ОБЛАСТЬ"	"0"	"городская местность"	"0"	"Всего"	"0"	"Всего"	"0"	"Всего"	"0"	"14 964"
"Безработное население (в возрасте 15 лет и старше)(Человек)"	"2 квартал 2022 г."	"202206"	"ПАВЛОДАРСКАЯ ОБЛАСТЬ"	"0"	"городская местность"	"0"	"Всего"	"0"	"Всего"	"0"	"Всего"	"0"	"13 808"
"Безработное население (в возрасте 15 лет и старше)(Человек)"	"1 квартал 2022 г."	"202203"	"ПАВЛОДАРСКАЯ ОБЛАСТЬ"	"0"	"городская местность"	"0"	"Всего"	"0"	"Всего"	"0"	"Всего"	"0"	"13 723"
"Безработное население (в возрасте 15 лет и старше)(Человек)"	"4 квартал 2022 г."	"202212"	"ПАВЛОДАРСКАЯ ОБЛАСТЬ"	"0"	"городская местность"	"0"	"Всего"	"0"	"Всего"	"0"	"Всего"	"0"	"14 335"
"Безработное население (в возрасте 15 лет и старше)(Человек)"	"3 квартал 2022 г."	"202209"	"ПАВЛОДАРСКАЯ ОБЛАСТЬ"	"0"	"городская местность"	"0"	"Всего"	"0"	"Всего"	"0"	"Всего"	"0"	"13 992"
"Безработное население (в возрасте 15 лет и старше)(Человек)"	"1 квартал 2023 г."	"202303"	"ПАВЛОДАРСКАЯ ОБЛАСТЬ"	"0"	"городская местность"	"0"	"Всего"	"0"	"Всего"	"0"	"Всего"	"0"	"14 214"
"Безработное население (в возрасте 15 лет и старше)(Человек)"	"3 квартал 2023 г."	"202309"	"ПАВЛОДАРСКАЯ ОБЛАСТЬ"	"0"	"городская местность"	"0"	"Всего"	"0"	"Всего"	"0"	"Всего"	"0"	"14 077"
"Безработное население (в возрасте 15 лет и старше)(Человек)"	"4 квартал 2023 г."	"202312"	"ПАВЛОДАРСКАЯ ОБЛАСТЬ"	"0"	"городская местность"	"0"	"Всего"	"0"	"Всего"	"0"	"Всего"	"0"	"13 776"
"Безработное население (в возрасте 15 лет и старше)(Человек)"	"2 квартал 2023 г."	"202306"	"ПАВЛОДАРСКАЯ ОБЛАСТЬ"	"0"	"городская местность"	"0"	"Всего"	"0"	"Всего"	"0"	"Всего"	"0"	"14 192"
"Безработное население (в возрасте 15 лет и старше)(Человек)"	"1 квартал 2024 г."	"202403"	"ПАВЛОДАРСКАЯ ОБЛАСТЬ"	"0"	"городская местность"	"0"	"Всего"	"0"	"Всего"	"0"	"Всего"	"0"	"13 748"
"Безработное население (в возрасте 15 лет и старше)(Человек)"	"2 квартал 2024 г."	"202406"	"ПАВЛОДАРСКАЯ ОБЛАСТЬ"	"0"	"городская местность"	"0"	"Всего"	"0"	"Всего"	"0"	"Всего"	"0"	"14 057"
"Безработное население (в возрасте 15 лет и старше)(Человек)"	"3 квартал 2024 г."	"202409"	"ПАВЛОДАРСКАЯ ОБЛАСТЬ"	"0"	"городская местность"	"0"	"Всего"	"0"	"Всего"	"0"	"Всего"	"0"	"14 069"
"Безработное население (в возрасте 15 лет и старше)(Человек)"	"4 квартал 2024 г."	"202412"	"ПАВЛОДАРСКАЯ ОБЛАСТЬ"	"0"	"городская местность"	"0"	"Всего"	"0"	"Всего"	"0"	"Всего"	"0"	"14 392"
"Безработное население (в возрасте 15 лет и старше)(Человек)"	"1 квартал 2025 г."	"202503"	"ПАВЛОДАРСКАЯ ОБЛАСТЬ"	"0"	"городская местность"	"0"	"Всего"	"0"	"Всего"	"0"	"Всего"	"0"	"14 446"
"Безработное население (в возрасте 15 лет и старше)(Человек)"	"2 квартал 2025 г."	"202506"	"ПАВЛОДАРСКАЯ ОБЛАСТЬ"	"0"	"городская местность"	"0"	"Всего"	"0"	"Всего"	"0"	"Всего"	"0"	"14 321"
"Безработное население (в возрасте 15 лет и старше)(Человек)"	"2 квартал 2016 г."	"201606"	"МАНГИСТАУСКАЯ ОБЛАСТЬ"	"0"	"городская местность"	"0"	"Всего"	"0"	"Всего"	"0"	"Всего"	"0"	"7 758"
"Безработное население (в возрасте 15 лет и старше)(Человек)"	"2 квартал 2010 г."	"201006"	"МАНГИСТАУСКАЯ ОБЛАСТЬ"	"0"	"городская местность"	"0"	"Всего"	"0"	"Всего"	"0"	"Всего"	"0"	"7 982"
"Безработное население (в возрасте 15 лет и старше)(Человек)"	"3 квартал 2011 г."	"201109"	"МАНГИСТАУСКАЯ ОБЛАСТЬ"	"0"	"городская местность"	"0"	"Всего"	"0"	"Всего"	"0"	"Всего"	"0"	"7 164"
"Безработное население (в возрасте 15 лет и старше)(Человек)"	"1 квартал 2010 г."	"201003"	"МАНГИСТАУСКАЯ ОБЛАСТЬ"	"0"	"городская местность"	"0"	"Всего"	"0"	"Всего"	"0"	"Всего"	"0"	"7 891"
"Безработное население (в возрасте 15 лет и старше)(Человек)"	"1 квартал 2015 г."	"201503"	"МАНГИСТАУСКАЯ ОБЛАСТЬ"	"0"	"городская местность"	"0"	"Всего"	"0"	"Всего"	"0"	"Всего"	"0"	"8 428"
"Безработное население (в возрасте 15 лет и старше)(Человек)"	"2 квартал 2015 г."	"201506"	"МАНГИСТАУСКАЯ ОБЛАСТЬ"	"0"	"городская местность"	"0"	"Всего"	"0"	"Всего"	"0"	"Всего"	"0"	"7 108"
"Безработное население (в возрасте 15 лет и старше)(Человек)"	"1 квартал 2012 г."	"201203"	"МАНГИСТАУСКАЯ ОБЛАСТЬ"	"0"	"городская местность"	"0"	"Всего"	"0"	"Всего"	"0"	"Всего"	"0"	"7 441"
"Безработное население (в возрасте 15 лет и старше)(Человек)"	"2 квартал 2012 г."	"201206"	"МАНГИСТАУСКАЯ ОБЛАСТЬ"	"0"	"городская местность"	"0"	"Всего"	"0"	"Всего"	"0"	"Всего"	"0"	"7 282"
"Безработное население (в возрасте 15 лет и старше)(Человек)"	"4 квартал 2012 г."	"201212"	"МАНГИСТАУСКАЯ ОБЛАСТЬ"	"0"	"городская местность"	"0"	"Всего"	"0"	"Всего"	"0"	"Всего"	"0"	"7 097"
"Безработное население (в возрасте 15 лет и старше)(Человек)"	"4 квартал 2019 г."	"201912"	"МАНГИСТАУСКАЯ ОБЛАСТЬ"	"0"	"городская местность"	"0"	"Всего"	"0"	"Всего"	"0"	"Всего"	"0"	"7 590"
"Безработное население (в возрасте 15 лет и старше)(Человек)"	"4 квартал 2016 г."	"201612"	"МАНГИСТАУСКАЯ ОБЛАСТЬ"	"0"	"городская местность"	"0"	"Всего"	"0"	"Всего"	"0"	"Всего"	"0"	"6 809"
"Безработное население (в возрасте 15 лет и старше)(Человек)"	"3 квартал 2010 г."	"201009"	"МАНГИСТАУСКАЯ ОБЛАСТЬ"	"0"	"городская местность"	"0"	"Всего"	"0"	"Всего"	"0"	"Всего"	"0"	"7 577"
"Безработное население (в возрасте 15 лет и старше)(Человек)"	"1 квартал 2011 г."	"201103"	"МАНГИСТАУСКАЯ ОБЛАСТЬ"	"0"	"городская местность"	"0"	"Всего"	"0"	"Всего"	"0"	"Всего"	"0"	"7 272"
"Безработное население (в возрасте 15 лет и старше)(Человек)"	"2 квартал 2013 г."	"201306"	"МАНГИСТАУСКАЯ ОБЛАСТЬ"	"0"	"городская местность"	"0"	"Всего"	"0"	"Всего"	"0"	"Всего"	"0"	"7 399"
"Безработное население (в возрасте 15 лет и старше)(Человек)"	"4 квартал 2011 г."	"201112"	"МАНГИСТАУСКАЯ ОБЛАСТЬ"	"0"	"городская местность"	"0"	"Всего"	"0"	"Всего"	"0"	"Всего"	"0"	"6 689"
"Безработное население (в возрасте 15 лет и старше)(Человек)"	"3 квартал 2013 г."	"201309"	"МАНГИСТАУСКАЯ ОБЛАСТЬ"	"0"	"городская местность"	"0"	"Всего"	"0"	"Всего"	"0"	"Всего"	"0"	"6 822"
"Безработное население (в возрасте 15 лет и старше)(Человек)"	"1 квартал 2013 г."	"201303"	"МАНГИСТАУСКАЯ ОБЛАСТЬ"	"0"	"городская местность"	"0"	"Всего"	"0"	"Всего"	"0"	"Всего"	"0"	"7 120"
"Безработное население (в возрасте 15 лет и старше)(Человек)"	"4 квартал 2010 г."	"201012"	"МАНГИСТАУСКАЯ ОБЛАСТЬ"	"0"	"городская местность"	"0"	"Всего"	"0"	"Всего"	"0"	"Всего"	"0"	"7 192"
"Безработное население (в возрасте 15 лет и старше)(Человек)"	"2 квартал 2011 г."	"201106"	"МАНГИСТАУСКАЯ ОБЛАСТЬ"	"0"	"городская местность"	"0"	"Всего"	"0"	"Всего"	"0"	"Всего"	"0"	"6 854"
"Безработное население (в возрасте 15 лет и старше)(Человек)"	"3 квартал 2015 г."	"201509"	"МАНГИСТАУСКАЯ ОБЛАСТЬ"	"0"	"городская местность"	"0"	"Всего"	"0"	"Всего"	"0"	"Всего"	"0"	"6 468"
"Безработное население (в возрасте 15 лет и старше)(Человек)"	"4 квартал 2013 г."	"201312"	"МАНГИСТАУСКАЯ ОБЛАСТЬ"	"0"	"городская местность"	"0"	"Всего"	"0"	"Всего"	"0"	"Всего"	"0"	"7 933"
"Безработное население (в возрасте 15 лет и старше)(Человек)"	"3 квартал 2012 г."	"201209"	"МАНГИСТАУСКАЯ ОБЛАСТЬ"	"0"	"городская местность"	"0"	"Всего"	"0"	"Всего"	"0"	"Всего"	"0"	"7 308"
"Безработное население (в возрасте 15 лет и старше)(Человек)"	"2 квартал 2017 г."	"201706"	"МАНГИСТАУСКАЯ ОБЛАСТЬ"	"0"	"городская местность"	"0"	"Всего"	"0"	"Всего"	"0"	"Всего"	"0"	"6 848"
"Безработное население (в возрасте 15 лет и старше)(Человек)"	"1 квартал 2014 г."	"201403"	"МАНГИСТАУСКАЯ ОБЛАСТЬ"	"0"	"городская местность"	"0"	"Всего"	"0"	"Всего"	"0"	"Всего"	"0"	"9 580"
"Безработное население (в возрасте 15 лет и старше)(Человек)"	"3 квартал 2014 г."	"201409"	"МАНГИСТАУСКАЯ ОБЛАСТЬ"	"0"	"городская местность"	"0"	"Всего"	"0"	"Всего"	"0"	"Всего"	"0"	"8 086"
"Безработное население (в возрасте 15 лет и старше)(Человек)"	"2 квартал 2014 г."	"201406"	"МАНГИСТАУСКАЯ ОБЛАСТЬ"	"0"	"городская местность"	"0"	"Всего"	"0"	"Всего"	"0"	"Всего"	"0"	"9 171"
"Безработное население (в возрасте 15 лет и старше)(Человек)"	"4 квартал 2014 г."	"201412"	"МАНГИСТАУСКАЯ ОБЛАСТЬ"	"0"	"городская местность"	"0"	"Всего"	"0"	"Всего"	"0"	"Всего"	"0"	"8 398"
"Безработное население (в возрасте 15 лет и старше)(Человек)"	"3 квартал 2019 г."	"201909"	"МАНГИСТАУСКАЯ ОБЛАСТЬ"	"0"	"городская местность"	"0"	"Всего"	"0"	"Всего"	"0"	"Всего"	"0"	"7 096"
"Безработное население (в возрасте 15 лет и старше)(Человек)"	"4 квартал 2015 г."	"201512"	"МАНГИСТАУСКАЯ ОБЛАСТЬ"	"0"	"городская местность"	"0"	"Всего"	"0"	"Всего"	"0"	"Всего"	"0"	"5 267"
"Безработное население (в возрасте 15 лет и старше)(Человек)"	"4 квартал 2018 г."	"201812"	"МАНГИСТАУСКАЯ ОБЛАСТЬ"	"0"	"городская местность"	"0"	"Всего"	"0"	"Всего"	"0"	"Всего"	"0"	"4 632"
"Безработное население (в возрасте 15 лет и старше)(Человек)"	"4 квартал 2017 г."	"201712"	"МАНГИСТАУСКАЯ ОБЛАСТЬ"	"0"	"городская местность"	"0"	"Всего"	"0"	"Всего"	"0"	"Всего"	"0"	"6 575"
"Безработное население (в возрасте 15 лет и старше)(Человек)"	"1 квартал 2017 г."	"201703"	"МАНГИСТАУСКАЯ ОБЛАСТЬ"	"0"	"городская местность"	"0"	"Всего"	"0"	"Всего"	"0"	"Всего"	"0"	"6 481"
"Безработное население (в возрасте 15 лет и старше)(Человек)"	"2 квартал 2019 г."	"201906"	"МАНГИСТАУСКАЯ ОБЛАСТЬ"	"0"	"городская местность"	"0"	"Всего"	"0"	"Всего"	"0"	"Всего"	"0"	"6 500"
"Безработное население (в возрасте 15 лет и старше)(Человек)"	"1 квартал 2019 г."	"201903"	"МАНГИСТАУСКАЯ ОБЛАСТЬ"	"0"	"городская местность"	"0"	"Всего"	"0"	"Всего"	"0"	"Всего"	"0"	"6 272"
"Безработное население (в возрасте 15 лет и старше)(Человек)"	"1 квартал 2018 г."	"201803"	"МАНГИСТАУСКАЯ ОБЛАСТЬ"	"0"	"городская местность"	"0"	"Всего"	"0"	"Всего"	"0"	"Всего"	"0"	"4 829"
"Безработное население (в возрасте 15 лет и старше)(Человек)"	"3 квартал 2018 г."	"201809"	"МАНГИСТАУСКАЯ ОБЛАСТЬ"	"0"	"городская местность"	"0"	"Всего"	"0"	"Всего"	"0"	"Всего"	"0"	"6 449"
"Безработное население (в возрасте 15 лет и старше)(Человек)"	"1 квартал 2016 г."	"201603"	"МАНГИСТАУСКАЯ ОБЛАСТЬ"	"0"	"городская местность"	"0"	"Всего"	"0"	"Всего"	"0"	"Всего"	"0"	"7 786"
"Безработное население (в возрасте 15 лет и старше)(Человек)"	"3 квартал 2016 г."	"201609"	"МАНГИСТАУСКАЯ ОБЛАСТЬ"	"0"	"городская местность"	"0"	"Всего"	"0"	"Всего"	"0"	"Всего"	"0"	"8 590"
"Безработное население (в возрасте 15 лет и старше)(Человек)"	"3 квартал 2017 г."	"201709"	"МАНГИСТАУСКАЯ ОБЛАСТЬ"	"0"	"городская местность"	"0"	"Всего"	"0"	"Всего"	"0"	"Всего"	"0"	"6 715"
"Безработное население (в возрасте 15 лет и старше)(Человек)"	"2 квартал 2018 г."	"201806"	"МАНГИСТАУСКАЯ ОБЛАСТЬ"	"0"	"городская местность"	"0"	"Всего"	"0"	"Всего"	"0"	"Всего"	"0"	"8 237"
"Безработное население (в возрасте 15 лет и старше)(Человек)"	"1 квартал 2021 г."	"202103"	"МАНГИСТАУСКАЯ ОБЛАСТЬ"	"0"	"городская местность"	"0"	"Всего"	"0"	"Всего"	"0"	"Всего"	"0"	"7 803"
"Безработное население (в возрасте 15 лет и старше)(Человек)"	"2 квартал 2021 г."	"202106"	"МАНГИСТАУСКАЯ ОБЛАСТЬ"	"0"	"городская местность"	"0"	"Всего"	"0"	"Всего"	"0"	"Всего"	"0"	"6 312"
"Безработное население (в возрасте 15 лет и старше)(Человек)"	"3 квартал 2021 г."	"202109"	"МАНГИСТАУСКАЯ ОБЛАСТЬ"	"0"	"городская местность"	"0"	"Всего"	"0"	"Всего"	"0"	"Всего"	"0"	"6 254"
"Безработное население (в возрасте 15 лет и старше)(Человек)"	"3 квартал 2020 г."	"202009"	"МАНГИСТАУСКАЯ ОБЛАСТЬ"	"0"	"городская местность"	"0"	"Всего"	"0"	"Всего"	"0"	"Всего"	"0"	"6 793"
"Безработное население (в возрасте 15 лет и старше)(Человек)"	"4 квартал 2020 г."	"202012"	"МАНГИСТАУСКАЯ ОБЛАСТЬ"	"0"	"городская местность"	"0"	"Всего"	"0"	"Всего"	"0"	"Всего"	"0"	"6 949"
"Безработное население (в возрасте 15 лет и старше)(Человек)"	"4 квартал 2021 г."	"202112"	"МАНГИСТАУСКАЯ ОБЛАСТЬ"	"0"	"городская местность"	"0"	"Всего"	"0"	"Всего"	"0"	"Всего"	"0"	"7 483"
"Безработное население (в возрасте 15 лет и старше)(Человек)"	"1 квартал 2020 г."	"202003"	"МАНГИСТАУСКАЯ ОБЛАСТЬ"	"0"	"городская местность"	"0"	"Всего"	"0"	"Всего"	"0"	"Всего"	"0"	"6 100"
"Безработное население (в возрасте 15 лет и старше)(Человек)"	"2 квартал 2020 г."	"202006"	"МАНГИСТАУСКАЯ ОБЛАСТЬ"	"0"	"городская местность"	"0"	"Всего"	"0"	"Всего"	"0"	"Всего"	"0"	"5 958"
"Безработное население (в возрасте 15 лет и старше)(Человек)"	"2 квартал 2022 г."	"202206"	"МАНГИСТАУСКАЯ ОБЛАСТЬ"	"0"	"городская местность"	"0"	"Всего"	"0"	"Всего"	"0"	"Всего"	"0"	"6 544"
"Безработное население (в возрасте 15 лет и старше)(Человек)"	"1 квартал 2022 г."	"202203"	"МАНГИСТАУСКАЯ ОБЛАСТЬ"	"0"	"городская местность"	"0"	"Всего"	"0"	"Всего"	"0"	"Всего"	"0"	"7 851"
"Безработное население (в возрасте 15 лет и старше)(Человек)"	"4 квартал 2022 г."	"202212"	"МАНГИСТАУСКАЯ ОБЛАСТЬ"	"0"	"городская местность"	"0"	"Всего"	"0"	"Всего"	"0"	"Всего"	"0"	"8 860"
"Безработное население (в возрасте 15 лет и старше)(Человек)"	"3 квартал 2022 г."	"202209"	"МАНГИСТАУСКАЯ ОБЛАСТЬ"	"0"	"городская местность"	"0"	"Всего"	"0"	"Всего"	"0"	"Всего"	"0"	"8 560"
"Безработное население (в возрасте 15 лет и старше)(Человек)"	"1 квартал 2023 г."	"202303"	"МАНГИСТАУСКАЯ ОБЛАСТЬ"	"0"	"городская местность"	"0"	"Всего"	"0"	"Всего"	"0"	"Всего"	"0"	"7 429"
"Безработное население (в возрасте 15 лет и старше)(Человек)"	"3 квартал 2023 г."	"202309"	"МАНГИСТАУСКАЯ ОБЛАСТЬ"	"0"	"городская местность"	"0"	"Всего"	"0"	"Всего"	"0"	"Всего"	"0"	"7 852"
"Безработное население (в возрасте 15 лет и старше)(Человек)"	"4 квартал 2023 г."	"202312"	"МАНГИСТАУСКАЯ ОБЛАСТЬ"	"0"	"городская местность"	"0"	"Всего"	"0"	"Всего"	"0"	"Всего"	"0"	"8 911"
"Безработное население (в возрасте 15 лет и старше)(Человек)"	"2 квартал 2023 г."	"202306"	"МАНГИСТАУСКАЯ ОБЛАСТЬ"	"0"	"городская местность"	"0"	"Всего"	"0"	"Всего"	"0"	"Всего"	"0"	"7 998"
"Безработное население (в возрасте 15 лет и старше)(Человек)"	"1 квартал 2024 г."	"202403"	"МАНГИСТАУСКАЯ ОБЛАСТЬ"	"0"	"городская местность"	"0"	"Всего"	"0"	"Всего"	"0"	"Всего"	"0"	"8 153"
"Безработное население (в возрасте 15 лет и старше)(Человек)"	"2 квартал 2024 г."	"202406"	"МАНГИСТАУСКАЯ ОБЛАСТЬ"	"0"	"городская местность"	"0"	"Всего"	"0"	"Всего"	"0"	"Всего"	"0"	"7 341"
"Безработное население (в возрасте 15 лет и старше)(Человек)"	"3 квартал 2024 г."	"202409"	"МАНГИСТАУСКАЯ ОБЛАСТЬ"	"0"	"городская местность"	"0"	"Всего"	"0"	"Всего"	"0"	"Всего"	"0"	"5 970"
"Безработное население (в возрасте 15 лет и старше)(Человек)"	"4 квартал 2024 г."	"202412"	"МАНГИСТАУСКАЯ ОБЛАСТЬ"	"0"	"городская местность"	"0"	"Всего"	"0"	"Всего"	"0"	"Всего"	"0"	"6 659"
"Безработное население (в возрасте 15 лет и старше)(Человек)"	"1 квартал 2025 г."	"202503"	"МАНГИСТАУСКАЯ ОБЛАСТЬ"	"0"	"городская местность"	"0"	"Всего"	"0"	"Всего"	"0"	"Всего"	"0"	"9 342"
"Безработное население (в возрасте 15 лет и старше)(Человек)"	"2 квартал 2025 г."	"202506"	"МАНГИСТАУСКАЯ ОБЛАСТЬ"	"0"	"городская местность"	"0"	"Всего"	"0"	"Всего"	"0"	"Всего"	"0"	"8 565"
"Безработное население (в возрасте 15 лет и старше)(Человек)"	"2 квартал 2016 г."	"201606"	"КЫЗЫЛОРДИНСКАЯ ОБЛАСТЬ"	"0"	"городская местность"	"0"	"Всего"	"0"	"Всего"	"0"	"Всего"	"0"	"6 541"
"Безработное население (в возрасте 15 лет и старше)(Человек)"	"2 квартал 2010 г."	"201006"	"КЫЗЫЛОРДИНСКАЯ ОБЛАСТЬ"	"0"	"городская местность"	"0"	"Всего"	"0"	"Всего"	"0"	"Всего"	"0"	"6 709"
"Безработное население (в возрасте 15 лет и старше)(Человек)"	"3 квартал 2011 г."	"201109"	"КЫЗЫЛОРДИНСКАЯ ОБЛАСТЬ"	"0"	"городская местность"	"0"	"Всего"	"0"	"Всего"	"0"	"Всего"	"0"	"8 154"
"Безработное население (в возрасте 15 лет и старше)(Человек)"	"1 квартал 2010 г."	"201003"	"КЫЗЫЛОРДИНСКАЯ ОБЛАСТЬ"	"0"	"городская местность"	"0"	"Всего"	"0"	"Всего"	"0"	"Всего"	"0"	"6 891"
"Безработное население (в возрасте 15 лет и старше)(Человек)"	"1 квартал 2015 г."	"201503"	"КЫЗЫЛОРДИНСКАЯ ОБЛАСТЬ"	"0"	"городская местность"	"0"	"Всего"	"0"	"Всего"	"0"	"Всего"	"0"	"6 023"
"Безработное население (в возрасте 15 лет и старше)(Человек)"	"2 квартал 2015 г."	"201506"	"КЫЗЫЛОРДИНСКАЯ ОБЛАСТЬ"	"0"	"городская местность"	"0"	"Всего"	"0"	"Всего"	"0"	"Всего"	"0"	"6 123"
"Безработное население (в возрасте 15 лет и старше)(Человек)"	"1 квартал 2012 г."	"201203"	"КЫЗЫЛОРДИНСКАЯ ОБЛАСТЬ"	"0"	"городская местность"	"0"	"Всего"	"0"	"Всего"	"0"	"Всего"	"0"	"7 528"
"Безработное население (в возрасте 15 лет и старше)(Человек)"	"2 квартал 2012 г."	"201206"	"КЫЗЫЛОРДИНСКАЯ ОБЛАСТЬ"	"0"	"городская местность"	"0"	"Всего"	"0"	"Всего"	"0"	"Всего"	"0"	"7 677"
"Безработное население (в возрасте 15 лет и старше)(Человек)"	"4 квартал 2012 г."	"201212"	"КЫЗЫЛОРДИНСКАЯ ОБЛАСТЬ"	"0"	"городская местность"	"0"	"Всего"	"0"	"Всего"	"0"	"Всего"	"0"	"7 653"
"Безработное население (в возрасте 15 лет и старше)(Человек)"	"4 квартал 2019 г."	"201912"	"КЫЗЫЛОРДИНСКАЯ ОБЛАСТЬ"	"0"	"городская местность"	"0"	"Всего"	"0"	"Всего"	"0"	"Всего"	"0"	"7 843"
"Безработное население (в возрасте 15 лет и старше)(Человек)"	"4 квартал 2016 г."	"201612"	"КЫЗЫЛОРДИНСКАЯ ОБЛАСТЬ"	"0"	"городская местность"	"0"	"Всего"	"0"	"Всего"	"0"	"Всего"	"0"	"6 739"
"Безработное население (в возрасте 15 лет и старше)(Человек)"	"3 квартал 2010 г."	"201009"	"КЫЗЫЛОРДИНСКАЯ ОБЛАСТЬ"	"0"	"городская местность"	"0"	"Всего"	"0"	"Всего"	"0"	"Всего"	"0"	"6 449"
"Безработное население (в возрасте 15 лет и старше)(Человек)"	"1 квартал 2011 г."	"201103"	"КЫЗЫЛОРДИНСКАЯ ОБЛАСТЬ"	"0"	"городская местность"	"0"	"Всего"	"0"	"Всего"	"0"	"Всего"	"0"	"6 270"
"Безработное население (в возрасте 15 лет и старше)(Человек)"	"2 квартал 2013 г."	"201306"	"КЫЗЫЛОРДИНСКАЯ ОБЛАСТЬ"	"0"	"городская местность"	"0"	"Всего"	"0"	"Всего"	"0"	"Всего"	"0"	"7 625"
"Безработное население (в возрасте 15 лет и старше)(Человек)"	"4 квартал 2011 г."	"201112"	"КЫЗЫЛОРДИНСКАЯ ОБЛАСТЬ"	"0"	"городская местность"	"0"	"Всего"	"0"	"Всего"	"0"	"Всего"	"0"	"8 137"
"Безработное население (в возрасте 15 лет и старше)(Человек)"	"3 квартал 2013 г."	"201309"	"КЫЗЫЛОРДИНСКАЯ ОБЛАСТЬ"	"0"	"городская местность"	"0"	"Всего"	"0"	"Всего"	"0"	"Всего"	"0"	"7 673"
"Безработное население (в возрасте 15 лет и старше)(Человек)"	"1 квартал 2013 г."	"201303"	"КЫЗЫЛОРДИНСКАЯ ОБЛАСТЬ"	"0"	"городская местность"	"0"	"Всего"	"0"	"Всего"	"0"	"Всего"	"0"	"7 731"
"Безработное население (в возрасте 15 лет и старше)(Человек)"	"4 квартал 2010 г."	"201012"	"КЫЗЫЛОРДИНСКАЯ ОБЛАСТЬ"	"0"	"городская местность"	"0"	"Всего"	"0"	"Всего"	"0"	"Всего"	"0"	"6 391"
"Безработное население (в возрасте 15 лет и старше)(Человек)"	"2 квартал 2011 г."	"201106"	"КЫЗЫЛОРДИНСКАЯ ОБЛАСТЬ"	"0"	"городская местность"	"0"	"Всего"	"0"	"Всего"	"0"	"Всего"	"0"	"5 992"
"Безработное население (в возрасте 15 лет и старше)(Человек)"	"3 квартал 2015 г."	"201509"	"КЫЗЫЛОРДИНСКАЯ ОБЛАСТЬ"	"0"	"городская местность"	"0"	"Всего"	"0"	"Всего"	"0"	"Всего"	"0"	"6 319"
"Безработное население (в возрасте 15 лет и старше)(Человек)"	"4 квартал 2013 г."	"201312"	"КЫЗЫЛОРДИНСКАЯ ОБЛАСТЬ"	"0"	"городская местность"	"0"	"Всего"	"0"	"Всего"	"0"	"Всего"	"0"	"7 641"
"Безработное население (в возрасте 15 лет и старше)(Человек)"	"3 квартал 2012 г."	"201209"	"КЫЗЫЛОРДИНСКАЯ ОБЛАСТЬ"	"0"	"городская местность"	"0"	"Всего"	"0"	"Всего"	"0"	"Всего"	"0"	"7 624"
"Безработное население (в возрасте 15 лет и старше)(Человек)"	"2 квартал 2017 г."	"201706"	"КЫЗЫЛОРДИНСКАЯ ОБЛАСТЬ"	"0"	"городская местность"	"0"	"Всего"	"0"	"Всего"	"0"	"Всего"	"0"	"6 386"
"Безработное население (в возрасте 15 лет и старше)(Человек)"	"1 квартал 2014 г."	"201403"	"КЫЗЫЛОРДИНСКАЯ ОБЛАСТЬ"	"0"	"городская местность"	"0"	"Всего"	"0"	"Всего"	"0"	"Всего"	"0"	"7 731"
"Безработное население (в возрасте 15 лет и старше)(Человек)"	"3 квартал 2014 г."	"201409"	"КЫЗЫЛОРДИНСКАЯ ОБЛАСТЬ"	"0"	"городская местность"	"0"	"Всего"	"0"	"Всего"	"0"	"Всего"	"0"	"7 629"
"Безработное население (в возрасте 15 лет и старше)(Человек)"	"2 квартал 2014 г."	"201406"	"КЫЗЫЛОРДИНСКАЯ ОБЛАСТЬ"	"0"	"городская местность"	"0"	"Всего"	"0"	"Всего"	"0"	"Всего"	"0"	"7 478"
"Безработное население (в возрасте 15 лет и старше)(Человек)"	"4 квартал 2014 г."	"201412"	"КЫЗЫЛОРДИНСКАЯ ОБЛАСТЬ"	"0"	"городская местность"	"0"	"Всего"	"0"	"Всего"	"0"	"Всего"	"0"	"7 618"
"Безработное население (в возрасте 15 лет и старше)(Человек)"	"3 квартал 2019 г."	"201909"	"КЫЗЫЛОРДИНСКАЯ ОБЛАСТЬ"	"0"	"городская местность"	"0"	"Всего"	"0"	"Всего"	"0"	"Всего"	"0"	"7 325"
"Безработное население (в возрасте 15 лет и старше)(Человек)"	"4 квартал 2015 г."	"201512"	"КЫЗЫЛОРДИНСКАЯ ОБЛАСТЬ"	"0"	"городская местность"	"0"	"Всего"	"0"	"Всего"	"0"	"Всего"	"0"	"6 225"
"Безработное население (в возрасте 15 лет и старше)(Человек)"	"4 квартал 2018 г."	"201812"	"КЫЗЫЛОРДИНСКАЯ ОБЛАСТЬ"	"0"	"городская местность"	"0"	"Всего"	"0"	"Всего"	"0"	"Всего"	"0"	"6 892"
"Безработное население (в возрасте 15 лет и старше)(Человек)"	"4 квартал 2017 г."	"201712"	"КЫЗЫЛОРДИНСКАЯ ОБЛАСТЬ"	"0"	"городская местность"	"0"	"Всего"	"0"	"Всего"	"0"	"Всего"	"0"	"6 915"
"Безработное население (в возрасте 15 лет и старше)(Человек)"	"1 квартал 2017 г."	"201703"	"КЫЗЫЛОРДИНСКАЯ ОБЛАСТЬ"	"0"	"городская местность"	"0"	"Всего"	"0"	"Всего"	"0"	"Всего"	"0"	"6 470"
"Безработное население (в возрасте 15 лет и старше)(Человек)"	"2 квартал 2019 г."	"201906"	"КЫЗЫЛОРДИНСКАЯ ОБЛАСТЬ"	"0"	"городская местность"	"0"	"Всего"	"0"	"Всего"	"0"	"Всего"	"0"	"6 937"
"Безработное население (в возрасте 15 лет и старше)(Человек)"	"1 квартал 2019 г."	"201903"	"КЫЗЫЛОРДИНСКАЯ ОБЛАСТЬ"	"0"	"городская местность"	"0"	"Всего"	"0"	"Всего"	"0"	"Всего"	"0"	"5 620"
"Безработное население (в возрасте 15 лет и старше)(Человек)"	"1 квартал 2018 г."	"201803"	"КЫЗЫЛОРДИНСКАЯ ОБЛАСТЬ"	"0"	"городская местность"	"0"	"Всего"	"0"	"Всего"	"0"	"Всего"	"0"	"6 660"
"Безработное население (в возрасте 15 лет и старше)(Человек)"	"3 квартал 2018 г."	"201809"	"КЫЗЫЛОРДИНСКАЯ ОБЛАСТЬ"	"0"	"городская местность"	"0"	"Всего"	"0"	"Всего"	"0"	"Всего"	"0"	"7 428"
"Безработное население (в возрасте 15 лет и старше)(Человек)"	"1 квартал 2016 г."	"201603"	"КЫЗЫЛОРДИНСКАЯ ОБЛАСТЬ"	"0"	"городская местность"	"0"	"Всего"	"0"	"Всего"	"0"	"Всего"	"0"	"6 869"
"Безработное население (в возрасте 15 лет и старше)(Человек)"	"3 квартал 2016 г."	"201609"	"КЫЗЫЛОРДИНСКАЯ ОБЛАСТЬ"	"0"	"городская местность"	"0"	"Всего"	"0"	"Всего"	"0"	"Всего"	"0"	"7 024"
"Безработное население (в возрасте 15 лет и старше)(Человек)"	"3 квартал 2017 г."	"201709"	"КЫЗЫЛОРДИНСКАЯ ОБЛАСТЬ"	"0"	"городская местность"	"0"	"Всего"	"0"	"Всего"	"0"	"Всего"	"0"	"6 396"
"Безработное население (в возрасте 15 лет и старше)(Человек)"	"2 квартал 2018 г."	"201806"	"КЫЗЫЛОРДИНСКАЯ ОБЛАСТЬ"	"0"	"городская местность"	"0"	"Всего"	"0"	"Всего"	"0"	"Всего"	"0"	"6 431"
"Безработное население (в возрасте 15 лет и старше)(Человек)"	"1 квартал 2021 г."	"202103"	"КЫЗЫЛОРДИНСКАЯ ОБЛАСТЬ"	"0"	"городская местность"	"0"	"Всего"	"0"	"Всего"	"0"	"Всего"	"0"	"6 760"
"Безработное население (в возрасте 15 лет и старше)(Человек)"	"2 квартал 2021 г."	"202106"	"КЫЗЫЛОРДИНСКАЯ ОБЛАСТЬ"	"0"	"городская местность"	"0"	"Всего"	"0"	"Всего"	"0"	"Всего"	"0"	"8 144"
"Безработное население (в возрасте 15 лет и старше)(Человек)"	"3 квартал 2021 г."	"202109"	"КЫЗЫЛОРДИНСКАЯ ОБЛАСТЬ"	"0"	"городская местность"	"0"	"Всего"	"0"	"Всего"	"0"	"Всего"	"0"	"7 810"
"Безработное население (в возрасте 15 лет и старше)(Человек)"	"3 квартал 2020 г."	"202009"	"КЫЗЫЛОРДИНСКАЯ ОБЛАСТЬ"	"0"	"городская местность"	"0"	"Всего"	"0"	"Всего"	"0"	"Всего"	"0"	"7 654"
"Безработное население (в возрасте 15 лет и старше)(Человек)"	"4 квартал 2020 г."	"202012"	"КЫЗЫЛОРДИНСКАЯ ОБЛАСТЬ"	"0"	"городская местность"	"0"	"Всего"	"0"	"Всего"	"0"	"Всего"	"0"	"8 371"
"Безработное население (в возрасте 15 лет и старше)(Человек)"	"4 квартал 2021 г."	"202112"	"КЫЗЫЛОРДИНСКАЯ ОБЛАСТЬ"	"0"	"городская местность"	"0"	"Всего"	"0"	"Всего"	"0"	"Всего"	"0"	"8 046"
"Безработное население (в возрасте 15 лет и старше)(Человек)"	"1 квартал 2020 г."	"202003"	"КЫЗЫЛОРДИНСКАЯ ОБЛАСТЬ"	"0"	"городская местность"	"0"	"Всего"	"0"	"Всего"	"0"	"Всего"	"0"	"6 698"
"Безработное население (в возрасте 15 лет и старше)(Человек)"	"2 квартал 2020 г."	"202006"	"КЫЗЫЛОРДИНСКАЯ ОБЛАСТЬ"	"0"	"городская местность"	"0"	"Всего"	"0"	"Всего"	"0"	"Всего"	"0"	"7 225"
"Безработное население (в возрасте 15 лет и старше)(Человек)"	"2 квартал 2022 г."	"202206"	"КЫЗЫЛОРДИНСКАЯ ОБЛАСТЬ"	"0"	"городская местность"	"0"	"Всего"	"0"	"Всего"	"0"	"Всего"	"0"	"7 194"
"Безработное население (в возрасте 15 лет и старше)(Человек)"	"1 квартал 2022 г."	"202203"	"КЫЗЫЛОРДИНСКАЯ ОБЛАСТЬ"	"0"	"городская местность"	"0"	"Всего"	"0"	"Всего"	"0"	"Всего"	"0"	"8 265"
"Безработное население (в возрасте 15 лет и старше)(Человек)"	"4 квартал 2022 г."	"202212"	"КЫЗЫЛОРДИНСКАЯ ОБЛАСТЬ"	"0"	"городская местность"	"0"	"Всего"	"0"	"Всего"	"0"	"Всего"	"0"	"9 015"
"Безработное население (в возрасте 15 лет и старше)(Человек)"	"3 квартал 2022 г."	"202209"	"КЫЗЫЛОРДИНСКАЯ ОБЛАСТЬ"	"0"	"городская местность"	"0"	"Всего"	"0"	"Всего"	"0"	"Всего"	"0"	"8 169"
"Безработное население (в возрасте 15 лет и старше)(Человек)"	"1 квартал 2023 г."	"202303"	"КЫЗЫЛОРДИНСКАЯ ОБЛАСТЬ"	"0"	"городская местность"	"0"	"Всего"	"0"	"Всего"	"0"	"Всего"	"0"	"8 341"
"Безработное население (в возрасте 15 лет и старше)(Человек)"	"3 квартал 2023 г."	"202309"	"КЫЗЫЛОРДИНСКАЯ ОБЛАСТЬ"	"0"	"городская местность"	"0"	"Всего"	"0"	"Всего"	"0"	"Всего"	"0"	"8 071"
"Безработное население (в возрасте 15 лет и старше)(Человек)"	"4 квартал 2023 г."	"202312"	"КЫЗЫЛОРДИНСКАЯ ОБЛАСТЬ"	"0"	"городская местность"	"0"	"Всего"	"0"	"Всего"	"0"	"Всего"	"0"	"8 252"
"Безработное население (в возрасте 15 лет и старше)(Человек)"	"2 квартал 2023 г."	"202306"	"КЫЗЫЛОРДИНСКАЯ ОБЛАСТЬ"	"0"	"городская местность"	"0"	"Всего"	"0"	"Всего"	"0"	"Всего"	"0"	"7 880"
"Безработное население (в возрасте 15 лет и старше)(Человек)"	"1 квартал 2024 г."	"202403"	"КЫЗЫЛОРДИНСКАЯ ОБЛАСТЬ"	"0"	"городская местность"	"0"	"Всего"	"0"	"Всего"	"0"	"Всего"	"0"	"8 766"
"Безработное население (в возрасте 15 лет и старше)(Человек)"	"2 квартал 2024 г."	"202406"	"КЫЗЫЛОРДИНСКАЯ ОБЛАСТЬ"	"0"	"городская местность"	"0"	"Всего"	"0"	"Всего"	"0"	"Всего"	"0"	"6 558"
"Безработное население (в возрасте 15 лет и старше)(Человек)"	"3 квартал 2024 г."	"202409"	"КЫЗЫЛОРДИНСКАЯ ОБЛАСТЬ"	"0"	"городская местность"	"0"	"Всего"	"0"	"Всего"	"0"	"Всего"	"0"	"7 664"
"Безработное население (в возрасте 15 лет и старше)(Человек)"	"4 квартал 2024 г."	"202412"	"КЫЗЫЛОРДИНСКАЯ ОБЛАСТЬ"	"0"	"городская местность"	"0"	"Всего"	"0"	"Всего"	"0"	"Всего"	"0"	"7 358"
"Безработное население (в возрасте 15 лет и старше)(Человек)"	"1 квартал 2025 г."	"202503"	"КЫЗЫЛОРДИНСКАЯ ОБЛАСТЬ"	"0"	"городская местность"	"0"	"Всего"	"0"	"Всего"	"0"	"Всего"	"0"	"8 132"
"Безработное население (в возрасте 15 лет и старше)(Человек)"	"2 квартал 2025 г."	"202506"	"КЫЗЫЛОРДИНСКАЯ ОБЛАСТЬ"	"0"	"городская местность"	"0"	"Всего"	"0"	"Всего"	"0"	"Всего"	"0"	"7 911"
"Безработное население (в возрасте 15 лет и старше)(Человек)"	"2 квартал 2016 г."	"201606"	"КОСТАНАЙСКАЯ ОБЛАСТЬ"	"0"	"городская местность"	"0"	"Всего"	"0"	"Всего"	"0"	"Всего"	"0"	"15 253"
"Безработное население (в возрасте 15 лет и старше)(Человек)"	"2 квартал 2010 г."	"201006"	"КОСТАНАЙСКАЯ ОБЛАСТЬ"	"0"	"городская местность"	"0"	"Всего"	"0"	"Всего"	"0"	"Всего"	"0"	"19 372"
"Безработное население (в возрасте 15 лет и старше)(Человек)"	"3 квартал 2011 г."	"201109"	"КОСТАНАЙСКАЯ ОБЛАСТЬ"	"0"	"городская местность"	"0"	"Всего"	"0"	"Всего"	"0"	"Всего"	"0"	"18 808"
"Безработное население (в возрасте 15 лет и старше)(Человек)"	"1 квартал 2010 г."	"201003"	"КОСТАНАЙСКАЯ ОБЛАСТЬ"	"0"	"городская местность"	"0"	"Всего"	"0"	"Всего"	"0"	"Всего"	"0"	"21 447"
"Безработное население (в возрасте 15 лет и старше)(Человек)"	"1 квартал 2015 г."	"201503"	"КОСТАНАЙСКАЯ ОБЛАСТЬ"	"0"	"городская местность"	"0"	"Всего"	"0"	"Всего"	"0"	"Всего"	"0"	"16 132"
"Безработное население (в возрасте 15 лет и старше)(Человек)"	"2 квартал 2015 г."	"201506"	"КОСТАНАЙСКАЯ ОБЛАСТЬ"	"0"	"городская местность"	"0"	"Всего"	"0"	"Всего"	"0"	"Всего"	"0"	"15 820"
"Безработное население (в возрасте 15 лет и старше)(Человек)"	"1 квартал 2012 г."	"201203"	"КОСТАНАЙСКАЯ ОБЛАСТЬ"	"0"	"городская местность"	"0"	"Всего"	"0"	"Всего"	"0"	"Всего"	"0"	"19 034"
"Безработное население (в возрасте 15 лет и старше)(Человек)"	"2 квартал 2012 г."	"201206"	"КОСТАНАЙСКАЯ ОБЛАСТЬ"	"0"	"городская местность"	"0"	"Всего"	"0"	"Всего"	"0"	"Всего"	"0"	"18 860"
"Безработное население (в возрасте 15 лет и старше)(Человек)"	"4 квартал 2012 г."	"201212"	"КОСТАНАЙСКАЯ ОБЛАСТЬ"	"0"	"городская местность"	"0"	"Всего"	"0"	"Всего"	"0"	"Всего"	"0"	"18 262"
"Безработное население (в возрасте 15 лет и старше)(Человек)"	"4 квартал 2019 г."	"201912"	"КОСТАНАЙСКАЯ ОБЛАСТЬ"	"0"	"городская местность"	"0"	"Всего"	"0"	"Всего"	"0"	"Всего"	"0"	"13 600"
"Безработное население (в возрасте 15 лет и старше)(Человек)"	"4 квартал 2016 г."	"201612"	"КОСТАНАЙСКАЯ ОБЛАСТЬ"	"0"	"городская местность"	"0"	"Всего"	"0"	"Всего"	"0"	"Всего"	"0"	"14 995"
"Безработное население (в возрасте 15 лет и старше)(Человек)"	"3 квартал 2010 г."	"201009"	"КОСТАНАЙСКАЯ ОБЛАСТЬ"	"0"	"городская местность"	"0"	"Всего"	"0"	"Всего"	"0"	"Всего"	"0"	"19 150"
"Безработное население (в возрасте 15 лет и старше)(Человек)"	"1 квартал 2011 г."	"201103"	"КОСТАНАЙСКАЯ ОБЛАСТЬ"	"0"	"городская местность"	"0"	"Всего"	"0"	"Всего"	"0"	"Всего"	"0"	"20 357"
"Безработное население (в возрасте 15 лет и старше)(Человек)"	"2 квартал 2013 г."	"201306"	"КОСТАНАЙСКАЯ ОБЛАСТЬ"	"0"	"городская местность"	"0"	"Всего"	"0"	"Всего"	"0"	"Всего"	"0"	"17 911"
"Безработное население (в возрасте 15 лет и старше)(Человек)"	"4 квартал 2011 г."	"201112"	"КОСТАНАЙСКАЯ ОБЛАСТЬ"	"0"	"городская местность"	"0"	"Всего"	"0"	"Всего"	"0"	"Всего"	"0"	"19 072"
"Безработное население (в возрасте 15 лет и старше)(Человек)"	"3 квартал 2013 г."	"201309"	"КОСТАНАЙСКАЯ ОБЛАСТЬ"	"0"	"городская местность"	"0"	"Всего"	"0"	"Всего"	"0"	"Всего"	"0"	"17 840"
"Безработное население (в возрасте 15 лет и старше)(Человек)"	"1 квартал 2013 г."	"201303"	"КОСТАНАЙСКАЯ ОБЛАСТЬ"	"0"	"городская местность"	"0"	"Всего"	"0"	"Всего"	"0"	"Всего"	"0"	"18 317"
"Безработное население (в возрасте 15 лет и старше)(Человек)"	"4 квартал 2010 г."	"201012"	"КОСТАНАЙСКАЯ ОБЛАСТЬ"	"0"	"городская местность"	"0"	"Всего"	"0"	"Всего"	"0"	"Всего"	"0"	"19 664"
"Безработное население (в возрасте 15 лет и старше)(Человек)"	"2 квартал 2011 г."	"201106"	"КОСТАНАЙСКАЯ ОБЛАСТЬ"	"0"	"городская местность"	"0"	"Всего"	"0"	"Всего"	"0"	"Всего"	"0"	"19 036"
"Безработное население (в возрасте 15 лет и старше)(Человек)"	"3 квартал 2015 г."	"201509"	"КОСТАНАЙСКАЯ ОБЛАСТЬ"	"0"	"городская местность"	"0"	"Всего"	"0"	"Всего"	"0"	"Всего"	"0"	"15 223"
"Безработное население (в возрасте 15 лет и старше)(Человек)"	"4 квартал 2013 г."	"201312"	"КОСТАНАЙСКАЯ ОБЛАСТЬ"	"0"	"городская местность"	"0"	"Всего"	"0"	"Всего"	"0"	"Всего"	"0"	"16 973"
"Безработное население (в возрасте 15 лет и старше)(Человек)"	"3 квартал 2012 г."	"201209"	"КОСТАНАЙСКАЯ ОБЛАСТЬ"	"0"	"городская местность"	"0"	"Всего"	"0"	"Всего"	"0"	"Всего"	"0"	"18 385"
"Безработное население (в возрасте 15 лет и старше)(Человек)"	"2 квартал 2017 г."	"201706"	"КОСТАНАЙСКАЯ ОБЛАСТЬ"	"0"	"городская местность"	"0"	"Всего"	"0"	"Всего"	"0"	"Всего"	"0"	"14 579"
"Безработное население (в возрасте 15 лет и старше)(Человек)"	"1 квартал 2014 г."	"201403"	"КОСТАНАЙСКАЯ ОБЛАСТЬ"	"0"	"городская местность"	"0"	"Всего"	"0"	"Всего"	"0"	"Всего"	"0"	"16 133"
"Безработное население (в возрасте 15 лет и старше)(Человек)"	"3 квартал 2014 г."	"201409"	"КОСТАНАЙСКАЯ ОБЛАСТЬ"	"0"	"городская местность"	"0"	"Всего"	"0"	"Всего"	"0"	"Всего"	"0"	"15 701"
"Безработное население (в возрасте 15 лет и старше)(Человек)"	"2 квартал 2014 г."	"201406"	"КОСТАНАЙСКАЯ ОБЛАСТЬ"	"0"	"городская местность"	"0"	"Всего"	"0"	"Всего"	"0"	"Всего"	"0"	"15 366"
"Безработное население (в возрасте 15 лет и старше)(Человек)"	"4 квартал 2014 г."	"201412"	"КОСТАНАЙСКАЯ ОБЛАСТЬ"	"0"	"городская местность"	"0"	"Всего"	"0"	"Всего"	"0"	"Всего"	"0"	"15 007"
"Безработное население (в возрасте 15 лет и старше)(Человек)"	"3 квартал 2019 г."	"201909"	"КОСТАНАЙСКАЯ ОБЛАСТЬ"	"0"	"городская местность"	"0"	"Всего"	"0"	"Всего"	"0"	"Всего"	"0"	"13 601"
"Безработное население (в возрасте 15 лет и старше)(Человек)"	"4 квартал 2015 г."	"201512"	"КОСТАНАЙСКАЯ ОБЛАСТЬ"	"0"	"городская местность"	"0"	"Всего"	"0"	"Всего"	"0"	"Всего"	"0"	"14 157"
"Безработное население (в возрасте 15 лет и старше)(Человек)"	"4 квартал 2018 г."	"201812"	"КОСТАНАЙСКАЯ ОБЛАСТЬ"	"0"	"городская местность"	"0"	"Всего"	"0"	"Всего"	"0"	"Всего"	"0"	"13 801"
"Безработное население (в возрасте 15 лет и старше)(Человек)"	"4 квартал 2017 г."	"201712"	"КОСТАНАЙСКАЯ ОБЛАСТЬ"	"0"	"городская местность"	"0"	"Всего"	"0"	"Всего"	"0"	"Всего"	"0"	"13 832"
"Безработное население (в возрасте 15 лет и старше)(Человек)"	"1 квартал 2017 г."	"201703"	"КОСТАНАЙСКАЯ ОБЛАСТЬ"	"0"	"городская местность"	"0"	"Всего"	"0"	"Всего"	"0"	"Всего"	"0"	"14 589"
"Безработное население (в возрасте 15 лет и старше)(Человек)"	"2 квартал 2019 г."	"201906"	"КОСТАНАЙСКАЯ ОБЛАСТЬ"	"0"	"городская местность"	"0"	"Всего"	"0"	"Всего"	"0"	"Всего"	"0"	"13 792"
"Безработное население (в возрасте 15 лет и старше)(Человек)"	"1 квартал 2019 г."	"201903"	"КОСТАНАЙСКАЯ ОБЛАСТЬ"	"0"	"городская местность"	"0"	"Всего"	"0"	"Всего"	"0"	"Всего"	"0"	"14 059"
"Безработное население (в возрасте 15 лет и старше)(Человек)"	"1 квартал 2018 г."	"201803"	"КОСТАНАЙСКАЯ ОБЛАСТЬ"	"0"	"городская местность"	"0"	"Всего"	"0"	"Всего"	"0"	"Всего"	"0"	"13 847"
"Безработное население (в возрасте 15 лет и старше)(Человек)"	"3 квартал 2018 г."	"201809"	"КОСТАНАЙСКАЯ ОБЛАСТЬ"	"0"	"городская местность"	"0"	"Всего"	"0"	"Всего"	"0"	"Всего"	"0"	"13 802"
"Безработное население (в возрасте 15 лет и старше)(Человек)"	"1 квартал 2016 г."	"201603"	"КОСТАНАЙСКАЯ ОБЛАСТЬ"	"0"	"городская местность"	"0"	"Всего"	"0"	"Всего"	"0"	"Всего"	"0"	"15 400"
"Безработное население (в возрасте 15 лет и старше)(Человек)"	"3 квартал 2016 г."	"201609"	"КОСТАНАЙСКАЯ ОБЛАСТЬ"	"0"	"городская местность"	"0"	"Всего"	"0"	"Всего"	"0"	"Всего"	"0"	"14 759"
"Безработное население (в возрасте 15 лет и старше)(Человек)"	"3 квартал 2017 г."	"201709"	"КОСТАНАЙСКАЯ ОБЛАСТЬ"	"0"	"городская местность"	"0"	"Всего"	"0"	"Всего"	"0"	"Всего"	"0"	"13 970"
"Безработное население (в возрасте 15 лет и старше)(Человек)"	"2 квартал 2018 г."	"201806"	"КОСТАНАЙСКАЯ ОБЛАСТЬ"	"0"	"городская местность"	"0"	"Всего"	"0"	"Всего"	"0"	"Всего"	"0"	"13 810"
"Безработное население (в возрасте 15 лет и старше)(Человек)"	"1 квартал 2021 г."	"202103"	"КОСТАНАЙСКАЯ ОБЛАСТЬ"	"0"	"городская местность"	"0"	"Всего"	"0"	"Всего"	"0"	"Всего"	"0"	"15 340"
"Безработное население (в возрасте 15 лет и старше)(Человек)"	"2 квартал 2021 г."	"202106"	"КОСТАНАЙСКАЯ ОБЛАСТЬ"	"0"	"городская местность"	"0"	"Всего"	"0"	"Всего"	"0"	"Всего"	"0"	"14 660"
"Безработное население (в возрасте 15 лет и старше)(Человек)"	"3 квартал 2021 г."	"202109"	"КОСТАНАЙСКАЯ ОБЛАСТЬ"	"0"	"городская местность"	"0"	"Всего"	"0"	"Всего"	"0"	"Всего"	"0"	"15 341"
"Безработное население (в возрасте 15 лет и старше)(Человек)"	"3 квартал 2020 г."	"202009"	"КОСТАНАЙСКАЯ ОБЛАСТЬ"	"0"	"городская местность"	"0"	"Всего"	"0"	"Всего"	"0"	"Всего"	"0"	"13 470"
"Безработное население (в возрасте 15 лет и старше)(Человек)"	"4 квартал 2020 г."	"202012"	"КОСТАНАЙСКАЯ ОБЛАСТЬ"	"0"	"городская местность"	"0"	"Всего"	"0"	"Всего"	"0"	"Всего"	"0"	"13 947"
"Безработное население (в возрасте 15 лет и старше)(Человек)"	"4 квартал 2021 г."	"202112"	"КОСТАНАЙСКАЯ ОБЛАСТЬ"	"0"	"городская местность"	"0"	"Всего"	"0"	"Всего"	"0"	"Всего"	"0"	"15 012"
"Безработное население (в возрасте 15 лет и старше)(Человек)"	"1 квартал 2020 г."	"202003"	"КОСТАНАЙСКАЯ ОБЛАСТЬ"	"0"	"городская местность"	"0"	"Всего"	"0"	"Всего"	"0"	"Всего"	"0"	"14 900"
"Безработное население (в возрасте 15 лет и старше)(Человек)"	"2 квартал 2020 г."	"202006"	"КОСТАНАЙСКАЯ ОБЛАСТЬ"	"0"	"городская местность"	"0"	"Всего"	"0"	"Всего"	"0"	"Всего"	"0"	"16 335"
"Безработное население (в возрасте 15 лет и старше)(Человек)"	"2 квартал 2022 г."	"202206"	"КОСТАНАЙСКАЯ ОБЛАСТЬ"	"0"	"городская местность"	"0"	"Всего"	"0"	"Всего"	"0"	"Всего"	"0"	"14 342"
"Безработное население (в возрасте 15 лет и старше)(Человек)"	"1 квартал 2022 г."	"202203"	"КОСТАНАЙСКАЯ ОБЛАСТЬ"	"0"	"городская местность"	"0"	"Всего"	"0"	"Всего"	"0"	"Всего"	"0"	"14 975"
"Безработное население (в возрасте 15 лет и старше)(Человек)"	"4 квартал 2022 г."	"202212"	"КОСТАНАЙСКАЯ ОБЛАСТЬ"	"0"	"городская местность"	"0"	"Всего"	"0"	"Всего"	"0"	"Всего"	"0"	"14 367"
"Безработное население (в возрасте 15 лет и старше)(Человек)"	"3 квартал 2022 г."	"202209"	"КОСТАНАЙСКАЯ ОБЛАСТЬ"	"0"	"городская местность"	"0"	"Всего"	"0"	"Всего"	"0"	"Всего"	"0"	"14 397"
"Безработное население (в возрасте 15 лет и старше)(Человек)"	"1 квартал 2023 г."	"202303"	"КОСТАНАЙСКАЯ ОБЛАСТЬ"	"0"	"городская местность"	"0"	"Всего"	"0"	"Всего"	"0"	"Всего"	"0"	"14 352"
"Безработное население (в возрасте 15 лет и старше)(Человек)"	"3 квартал 2023 г."	"202309"	"КОСТАНАЙСКАЯ ОБЛАСТЬ"	"0"	"городская местность"	"0"	"Всего"	"0"	"Всего"	"0"	"Всего"	"0"	"14 226"
"Безработное население (в возрасте 15 лет и старше)(Человек)"	"4 квартал 2023 г."	"202312"	"КОСТАНАЙСКАЯ ОБЛАСТЬ"	"0"	"городская местность"	"0"	"Всего"	"0"	"Всего"	"0"	"Всего"	"0"	"14 170"
"Безработное население (в возрасте 15 лет и старше)(Человек)"	"2 квартал 2023 г."	"202306"	"КОСТАНАЙСКАЯ ОБЛАСТЬ"	"0"	"городская местность"	"0"	"Всего"	"0"	"Всего"	"0"	"Всего"	"0"	"14 073"
"Безработное население (в возрасте 15 лет и старше)(Человек)"	"1 квартал 2024 г."	"202403"	"КОСТАНАЙСКАЯ ОБЛАСТЬ"	"0"	"городская местность"	"0"	"Всего"	"0"	"Всего"	"0"	"Всего"	"0"	"14 041"
"Безработное население (в возрасте 15 лет и старше)(Человек)"	"2 квартал 2024 г."	"202406"	"КОСТАНАЙСКАЯ ОБЛАСТЬ"	"0"	"городская местность"	"0"	"Всего"	"0"	"Всего"	"0"	"Всего"	"0"	"13 332"
"Безработное население (в возрасте 15 лет и старше)(Человек)"	"3 квартал 2024 г."	"202409"	"КОСТАНАЙСКАЯ ОБЛАСТЬ"	"0"	"городская местность"	"0"	"Всего"	"0"	"Всего"	"0"	"Всего"	"0"	"13 133"
"Безработное население (в возрасте 15 лет и старше)(Человек)"	"4 квартал 2024 г."	"202412"	"КОСТАНАЙСКАЯ ОБЛАСТЬ"	"0"	"городская местность"	"0"	"Всего"	"0"	"Всего"	"0"	"Всего"	"0"	"13 435"
"Безработное население (в возрасте 15 лет и старше)(Человек)"	"1 квартал 2025 г."	"202503"	"КОСТАНАЙСКАЯ ОБЛАСТЬ"	"0"	"городская местность"	"0"	"Всего"	"0"	"Всего"	"0"	"Всего"	"0"	"13 593"
"Безработное население (в возрасте 15 лет и старше)(Человек)"	"2 квартал 2025 г."	"202506"	"КОСТАНАЙСКАЯ ОБЛАСТЬ"	"0"	"городская местность"	"0"	"Всего"	"0"	"Всего"	"0"	"Всего"	"0"	"13 128"
"Безработное население (в возрасте 15 лет и старше)(Человек)"	"2 квартал 2016 г."	"201606"	"КАРАГАНДИНСКАЯ ОБЛАСТЬ"	"0"	"городская местность"	"0"	"Всего"	"0"	"Всего"	"0"	"Всего"	"0"	"28 425"
"Безработное население (в возрасте 15 лет и старше)(Человек)"	"2 квартал 2010 г."	"201006"	"КАРАГАНДИНСКАЯ ОБЛАСТЬ"	"0"	"городская местность"	"0"	"Всего"	"0"	"Всего"	"0"	"Всего"	"0"	"30 759"
"Безработное население (в возрасте 15 лет и старше)(Человек)"	"3 квартал 2011 г."	"201109"	"КАРАГАНДИНСКАЯ ОБЛАСТЬ"	"0"	"городская местность"	"0"	"Всего"	"0"	"Всего"	"0"	"Всего"	"0"	"28 898"
"Безработное население (в возрасте 15 лет и старше)(Человек)"	"1 квартал 2010 г."	"201003"	"КАРАГАНДИНСКАЯ ОБЛАСТЬ"	"0"	"городская местность"	"0"	"Всего"	"0"	"Всего"	"0"	"Всего"	"0"	"31 946"
"Безработное население (в возрасте 15 лет и старше)(Человек)"	"1 квартал 2015 г."	"201503"	"КАРАГАНДИНСКАЯ ОБЛАСТЬ"	"0"	"городская местность"	"0"	"Всего"	"0"	"Всего"	"0"	"Всего"	"0"	"30 130"
"Безработное население (в возрасте 15 лет и старше)(Человек)"	"2 квартал 2015 г."	"201506"	"КАРАГАНДИНСКАЯ ОБЛАСТЬ"	"0"	"городская местность"	"0"	"Всего"	"0"	"Всего"	"0"	"Всего"	"0"	"29 458"
"Безработное население (в возрасте 15 лет и старше)(Человек)"	"1 квартал 2012 г."	"201203"	"КАРАГАНДИНСКАЯ ОБЛАСТЬ"	"0"	"городская местность"	"0"	"Всего"	"0"	"Всего"	"0"	"Всего"	"0"	"29 552"
"Безработное население (в возрасте 15 лет и старше)(Человек)"	"2 квартал 2012 г."	"201206"	"КАРАГАНДИНСКАЯ ОБЛАСТЬ"	"0"	"городская местность"	"0"	"Всего"	"0"	"Всего"	"0"	"Всего"	"0"	"28 542"
"Безработное население (в возрасте 15 лет и старше)(Человек)"	"4 квартал 2012 г."	"201212"	"КАРАГАНДИНСКАЯ ОБЛАСТЬ"	"0"	"городская местность"	"0"	"Всего"	"0"	"Всего"	"0"	"Всего"	"0"	"29 161"
"Безработное население (в возрасте 15 лет и старше)(Человек)"	"4 квартал 2019 г."	"201912"	"КАРАГАНДИНСКАЯ ОБЛАСТЬ"	"0"	"городская местность"	"0"	"Всего"	"0"	"Всего"	"0"	"Всего"	"0"	"23 835"
"Безработное население (в возрасте 15 лет и старше)(Человек)"	"4 квартал 2016 г."	"201612"	"КАРАГАНДИНСКАЯ ОБЛАСТЬ"	"0"	"городская местность"	"0"	"Всего"	"0"	"Всего"	"0"	"Всего"	"0"	"27 666"
"Безработное население (в возрасте 15 лет и старше)(Человек)"	"3 квартал 2010 г."	"201009"	"КАРАГАНДИНСКАЯ ОБЛАСТЬ"	"0"	"городская местность"	"0"	"Всего"	"0"	"Всего"	"0"	"Всего"	"0"	"31 111"
"Безработное население (в возрасте 15 лет и старше)(Человек)"	"1 квартал 2011 г."	"201103"	"КАРАГАНДИНСКАЯ ОБЛАСТЬ"	"0"	"городская местность"	"0"	"Всего"	"0"	"Всего"	"0"	"Всего"	"0"	"30 657"
"Безработное население (в возрасте 15 лет и старше)(Человек)"	"2 квартал 2013 г."	"201306"	"КАРАГАНДИНСКАЯ ОБЛАСТЬ"	"0"	"городская местность"	"0"	"Всего"	"0"	"Всего"	"0"	"Всего"	"0"	"27 949"
"Безработное население (в возрасте 15 лет и старше)(Человек)"	"4 квартал 2011 г."	"201112"	"КАРАГАНДИНСКАЯ ОБЛАСТЬ"	"0"	"городская местность"	"0"	"Всего"	"0"	"Всего"	"0"	"Всего"	"0"	"29 632"
"Безработное население (в возрасте 15 лет и старше)(Человек)"	"3 квартал 2013 г."	"201309"	"КАРАГАНДИНСКАЯ ОБЛАСТЬ"	"0"	"городская местность"	"0"	"Всего"	"0"	"Всего"	"0"	"Всего"	"0"	"27 979"
"Безработное население (в возрасте 15 лет и старше)(Человек)"	"1 квартал 2013 г."	"201303"	"КАРАГАНДИНСКАЯ ОБЛАСТЬ"	"0"	"городская местность"	"0"	"Всего"	"0"	"Всего"	"0"	"Всего"	"0"	"28 406"
"Безработное население (в возрасте 15 лет и старше)(Человек)"	"4 квартал 2010 г."	"201012"	"КАРАГАНДИНСКАЯ ОБЛАСТЬ"	"0"	"городская местность"	"0"	"Всего"	"0"	"Всего"	"0"	"Всего"	"0"	"29 891"
"Безработное население (в возрасте 15 лет и старше)(Человек)"	"2 квартал 2011 г."	"201106"	"КАРАГАНДИНСКАЯ ОБЛАСТЬ"	"0"	"городская местность"	"0"	"Всего"	"0"	"Всего"	"0"	"Всего"	"0"	"30 514"
"Безработное население (в возрасте 15 лет и старше)(Человек)"	"3 квартал 2015 г."	"201509"	"КАРАГАНДИНСКАЯ ОБЛАСТЬ"	"0"	"городская местность"	"0"	"Всего"	"0"	"Всего"	"0"	"Всего"	"0"	"32 391"
"Безработное население (в возрасте 15 лет и старше)(Человек)"	"4 квартал 2013 г."	"201312"	"КАРАГАНДИНСКАЯ ОБЛАСТЬ"	"0"	"городская местность"	"0"	"Всего"	"0"	"Всего"	"0"	"Всего"	"0"	"28 094"
"Безработное население (в возрасте 15 лет и старше)(Человек)"	"3 квартал 2012 г."	"201209"	"КАРАГАНДИНСКАЯ ОБЛАСТЬ"	"0"	"городская местность"	"0"	"Всего"	"0"	"Всего"	"0"	"Всего"	"0"	"28 454"
"Безработное население (в возрасте 15 лет и старше)(Человек)"	"2 квартал 2017 г."	"201706"	"КАРАГАНДИНСКАЯ ОБЛАСТЬ"	"0"	"городская местность"	"0"	"Всего"	"0"	"Всего"	"0"	"Всего"	"0"	"27 466"
"Безработное население (в возрасте 15 лет и старше)(Человек)"	"1 квартал 2014 г."	"201403"	"КАРАГАНДИНСКАЯ ОБЛАСТЬ"	"0"	"городская местность"	"0"	"Всего"	"0"	"Всего"	"0"	"Всего"	"0"	"28 819"
"Безработное население (в возрасте 15 лет и старше)(Человек)"	"3 квартал 2014 г."	"201409"	"КАРАГАНДИНСКАЯ ОБЛАСТЬ"	"0"	"городская местность"	"0"	"Всего"	"0"	"Всего"	"0"	"Всего"	"0"	"28 785"
"Безработное население (в возрасте 15 лет и старше)(Человек)"	"2 квартал 2014 г."	"201406"	"КАРАГАНДИНСКАЯ ОБЛАСТЬ"	"0"	"городская местность"	"0"	"Всего"	"0"	"Всего"	"0"	"Всего"	"0"	"29 130"
"Безработное население (в возрасте 15 лет и старше)(Человек)"	"4 квартал 2014 г."	"201412"	"КАРАГАНДИНСКАЯ ОБЛАСТЬ"	"0"	"городская местность"	"0"	"Всего"	"0"	"Всего"	"0"	"Всего"	"0"	"28 677"
"Безработное население (в возрасте 15 лет и старше)(Человек)"	"3 квартал 2019 г."	"201909"	"КАРАГАНДИНСКАЯ ОБЛАСТЬ"	"0"	"городская местность"	"0"	"Всего"	"0"	"Всего"	"0"	"Всего"	"0"	"25 537"
"Безработное население (в возрасте 15 лет и старше)(Человек)"	"4 квартал 2015 г."	"201512"	"КАРАГАНДИНСКАЯ ОБЛАСТЬ"	"0"	"городская местность"	"0"	"Всего"	"0"	"Всего"	"0"	"Всего"	"0"	"27 253"
"Безработное население (в возрасте 15 лет и старше)(Человек)"	"4 квартал 2018 г."	"201812"	"КАРАГАНДИНСКАЯ ОБЛАСТЬ"	"0"	"городская местность"	"0"	"Всего"	"0"	"Всего"	"0"	"Всего"	"0"	"26 971"
"Безработное население (в возрасте 15 лет и старше)(Человек)"	"4 квартал 2017 г."	"201712"	"КАРАГАНДИНСКАЯ ОБЛАСТЬ"	"0"	"городская местность"	"0"	"Всего"	"0"	"Всего"	"0"	"Всего"	"0"	"25 298"
"Безработное население (в возрасте 15 лет и старше)(Человек)"	"1 квартал 2017 г."	"201703"	"КАРАГАНДИНСКАЯ ОБЛАСТЬ"	"0"	"городская местность"	"0"	"Всего"	"0"	"Всего"	"0"	"Всего"	"0"	"27 216"
"Безработное население (в возрасте 15 лет и старше)(Человек)"	"2 квартал 2019 г."	"201906"	"КАРАГАНДИНСКАЯ ОБЛАСТЬ"	"0"	"городская местность"	"0"	"Всего"	"0"	"Всего"	"0"	"Всего"	"0"	"25 356"
"Безработное население (в возрасте 15 лет и старше)(Человек)"	"1 квартал 2019 г."	"201903"	"КАРАГАНДИНСКАЯ ОБЛАСТЬ"	"0"	"городская местность"	"0"	"Всего"	"0"	"Всего"	"0"	"Всего"	"0"	"24 897"
"Безработное население (в возрасте 15 лет и старше)(Человек)"	"1 квартал 2018 г."	"201803"	"КАРАГАНДИНСКАЯ ОБЛАСТЬ"	"0"	"городская местность"	"0"	"Всего"	"0"	"Всего"	"0"	"Всего"	"0"	"26 131"
"Безработное население (в возрасте 15 лет и старше)(Человек)"	"3 квартал 2018 г."	"201809"	"КАРАГАНДИНСКАЯ ОБЛАСТЬ"	"0"	"городская местность"	"0"	"Всего"	"0"	"Всего"	"0"	"Всего"	"0"	"25 092"
"Безработное население (в возрасте 15 лет и старше)(Человек)"	"1 квартал 2016 г."	"201603"	"КАРАГАНДИНСКАЯ ОБЛАСТЬ"	"0"	"городская местность"	"0"	"Всего"	"0"	"Всего"	"0"	"Всего"	"0"	"28 760"
"Безработное население (в возрасте 15 лет и старше)(Человек)"	"3 квартал 2016 г."	"201609"	"КАРАГАНДИНСКАЯ ОБЛАСТЬ"	"0"	"городская местность"	"0"	"Всего"	"0"	"Всего"	"0"	"Всего"	"0"	"29 473"
"Безработное население (в возрасте 15 лет и старше)(Человек)"	"3 квартал 2017 г."	"201709"	"КАРАГАНДИНСКАЯ ОБЛАСТЬ"	"0"	"городская местность"	"0"	"Всего"	"0"	"Всего"	"0"	"Всего"	"0"	"26 989"
"Безработное население (в возрасте 15 лет и старше)(Человек)"	"2 квартал 2018 г."	"201806"	"КАРАГАНДИНСКАЯ ОБЛАСТЬ"	"0"	"городская местность"	"0"	"Всего"	"0"	"Всего"	"0"	"Всего"	"0"	"25 096"
"Безработное население (в возрасте 15 лет и старше)(Человек)"	"1 квартал 2021 г."	"202103"	"КАРАГАНДИНСКАЯ ОБЛАСТЬ"	"0"	"городская местность"	"0"	"Всего"	"0"	"Всего"	"0"	"Всего"	"0"	"24 344"
"Безработное население (в возрасте 15 лет и старше)(Человек)"	"2 квартал 2021 г."	"202106"	"КАРАГАНДИНСКАЯ ОБЛАСТЬ"	"0"	"городская местность"	"0"	"Всего"	"0"	"Всего"	"0"	"Всего"	"0"	"25 595"
"Безработное население (в возрасте 15 лет и старше)(Человек)"	"3 квартал 2021 г."	"202109"	"КАРАГАНДИНСКАЯ ОБЛАСТЬ"	"0"	"городская местность"	"0"	"Всего"	"0"	"Всего"	"0"	"Всего"	"0"	"25 284"
"Безработное население (в возрасте 15 лет и старше)(Человек)"	"3 квартал 2020 г."	"202009"	"КАРАГАНДИНСКАЯ ОБЛАСТЬ"	"0"	"городская местность"	"0"	"Всего"	"0"	"Всего"	"0"	"Всего"	"0"	"25 286"
"Безработное население (в возрасте 15 лет и старше)(Человек)"	"4 квартал 2020 г."	"202012"	"КАРАГАНДИНСКАЯ ОБЛАСТЬ"	"0"	"городская местность"	"0"	"Всего"	"0"	"Всего"	"0"	"Всего"	"0"	"25 718"
"Безработное население (в возрасте 15 лет и старше)(Человек)"	"4 квартал 2021 г."	"202112"	"КАРАГАНДИНСКАЯ ОБЛАСТЬ"	"0"	"городская местность"	"0"	"Всего"	"0"	"Всего"	"0"	"Всего"	"0"	"25 894"
"Безработное население (в возрасте 15 лет и старше)(Человек)"	"1 квартал 2020 г."	"202003"	"КАРАГАНДИНСКАЯ ОБЛАСТЬ"	"0"	"городская местность"	"0"	"Всего"	"0"	"Всего"	"0"	"Всего"	"0"	"24 409"
"Безработное население (в возрасте 15 лет и старше)(Человек)"	"2 квартал 2020 г."	"202006"	"КАРАГАНДИНСКАЯ ОБЛАСТЬ"	"0"	"городская местность"	"0"	"Всего"	"0"	"Всего"	"0"	"Всего"	"0"	"24 663"
"Безработное население (в возрасте 15 лет и старше)(Человек)"	"2 квартал 2022 г."	"202206"	"КАРАГАНДИНСКАЯ ОБЛАСТЬ"	"0"	"городская местность"	"0"	"Всего"	"0"	"Всего"	"0"	"Всего"	"0"	"21 250"
"Безработное население (в возрасте 15 лет и старше)(Человек)"	"1 квартал 2022 г."	"202203"	"КАРАГАНДИНСКАЯ ОБЛАСТЬ"	"0"	"городская местность"	"0"	"Всего"	"0"	"Всего"	"0"	"Всего"	"0"	"25 407"
"Безработное население (в возрасте 15 лет и старше)(Человек)"	"4 квартал 2022 г."	"202212"	"КАРАГАНДИНСКАЯ ОБЛАСТЬ"	"0"	"городская местность"	"0"	"Всего"	"0"	"Всего"	"0"	"Всего"	"0"	"20 898"
"Безработное население (в возрасте 15 лет и старше)(Человек)"	"3 квартал 2022 г."	"202209"	"КАРАГАНДИНСКАЯ ОБЛАСТЬ"	"0"	"городская местность"	"0"	"Всего"	"0"	"Всего"	"0"	"Всего"	"0"	"21 795"
"Безработное население (в возрасте 15 лет и старше)(Человек)"	"1 квартал 2023 г."	"202303"	"КАРАГАНДИНСКАЯ ОБЛАСТЬ"	"0"	"городская местность"	"0"	"Всего"	"0"	"Всего"	"0"	"Всего"	"0"	"19 209"
"Безработное население (в возрасте 15 лет и старше)(Человек)"	"3 квартал 2023 г."	"202309"	"КАРАГАНДИНСКАЯ ОБЛАСТЬ"	"0"	"городская местность"	"0"	"Всего"	"0"	"Всего"	"0"	"Всего"	"0"	"20 193"
"Безработное население (в возрасте 15 лет и старше)(Человек)"	"4 квартал 2023 г."	"202312"	"КАРАГАНДИНСКАЯ ОБЛАСТЬ"	"0"	"городская местность"	"0"	"Всего"	"0"	"Всего"	"0"	"Всего"	"0"	"20 239"
"Безработное население (в возрасте 15 лет и старше)(Человек)"	"2 квартал 2023 г."	"202306"	"КАРАГАНДИНСКАЯ ОБЛАСТЬ"	"0"	"городская местность"	"0"	"Всего"	"0"	"Всего"	"0"	"Всего"	"0"	"19 681"
"Безработное население (в возрасте 15 лет и старше)(Человек)"	"1 квартал 2024 г."	"202403"	"КАРАГАНДИНСКАЯ ОБЛАСТЬ"	"0"	"городская местность"	"0"	"Всего"	"0"	"Всего"	"0"	"Всего"	"0"	"20 096"
"Безработное население (в возрасте 15 лет и старше)(Человек)"	"2 квартал 2024 г."	"202406"	"КАРАГАНДИНСКАЯ ОБЛАСТЬ"	"0"	"городская местность"	"0"	"Всего"	"0"	"Всего"	"0"	"Всего"	"0"	"20 698"
"Безработное население (в возрасте 15 лет и старше)(Человек)"	"3 квартал 2024 г."	"202409"	"КАРАГАНДИНСКАЯ ОБЛАСТЬ"	"0"	"городская местность"	"0"	"Всего"	"0"	"Всего"	"0"	"Всего"	"0"	"20 888"
"Безработное население (в возрасте 15 лет и старше)(Человек)"	"4 квартал 2024 г."	"202412"	"КАРАГАНДИНСКАЯ ОБЛАСТЬ"	"0"	"городская местность"	"0"	"Всего"	"0"	"Всего"	"0"	"Всего"	"0"	"19 534"
"Безработное население (в возрасте 15 лет и старше)(Человек)"	"1 квартал 2025 г."	"202503"	"КАРАГАНДИНСКАЯ ОБЛАСТЬ"	"0"	"городская местность"	"0"	"Всего"	"0"	"Всего"	"0"	"Всего"	"0"	"19 385"
"Безработное население (в возрасте 15 лет и старше)(Человек)"	"2 квартал 2025 г."	"202506"	"КАРАГАНДИНСКАЯ ОБЛАСТЬ"	"0"	"городская местность"	"0"	"Всего"	"0"	"Всего"	"0"	"Всего"	"0"	"21 252"
"Безработное население (в возрасте 15 лет и старше)(Человек)"	"2 квартал 2016 г."	"201606"	"ЗАПАДНО-КАЗАХСТАНСКАЯ ОБЛАСТЬ"	"0"	"городская местность"	"0"	"Всего"	"0"	"Всего"	"0"	"Всего"	"0"	"7 745"
"Безработное население (в возрасте 15 лет и старше)(Человек)"	"2 квартал 2010 г."	"201006"	"ЗАПАДНО-КАЗАХСТАНСКАЯ ОБЛАСТЬ"	"0"	"городская местность"	"0"	"Всего"	"0"	"Всего"	"0"	"Всего"	"0"	"6 460"
"Безработное население (в возрасте 15 лет и старше)(Человек)"	"3 квартал 2011 г."	"201109"	"ЗАПАДНО-КАЗАХСТАНСКАЯ ОБЛАСТЬ"	"0"	"городская местность"	"0"	"Всего"	"0"	"Всего"	"0"	"Всего"	"0"	"7 327"
"Безработное население (в возрасте 15 лет и старше)(Человек)"	"1 квартал 2010 г."	"201003"	"ЗАПАДНО-КАЗАХСТАНСКАЯ ОБЛАСТЬ"	"0"	"городская местность"	"0"	"Всего"	"0"	"Всего"	"0"	"Всего"	"0"	"7 058"
"Безработное население (в возрасте 15 лет и старше)(Человек)"	"1 квартал 2015 г."	"201503"	"ЗАПАДНО-КАЗАХСТАНСКАЯ ОБЛАСТЬ"	"0"	"городская местность"	"0"	"Всего"	"0"	"Всего"	"0"	"Всего"	"0"	"7 499"
"Безработное население (в возрасте 15 лет и старше)(Человек)"	"2 квартал 2015 г."	"201506"	"ЗАПАДНО-КАЗАХСТАНСКАЯ ОБЛАСТЬ"	"0"	"городская местность"	"0"	"Всего"	"0"	"Всего"	"0"	"Всего"	"0"	"7 548"
"Безработное население (в возрасте 15 лет и старше)(Человек)"	"1 квартал 2012 г."	"201203"	"ЗАПАДНО-КАЗАХСТАНСКАЯ ОБЛАСТЬ"	"0"	"городская местность"	"0"	"Всего"	"0"	"Всего"	"0"	"Всего"	"0"	"7 542"
"Безработное население (в возрасте 15 лет и старше)(Человек)"	"2 квартал 2012 г."	"201206"	"ЗАПАДНО-КАЗАХСТАНСКАЯ ОБЛАСТЬ"	"0"	"городская местность"	"0"	"Всего"	"0"	"Всего"	"0"	"Всего"	"0"	"7 420"
"Безработное население (в возрасте 15 лет и старше)(Человек)"	"4 квартал 2012 г."	"201212"	"ЗАПАДНО-КАЗАХСТАНСКАЯ ОБЛАСТЬ"	"0"	"городская местность"	"0"	"Всего"	"0"	"Всего"	"0"	"Всего"	"0"	"7 472"
"Безработное население (в возрасте 15 лет и старше)(Человек)"	"4 квартал 2019 г."	"201912"	"ЗАПАДНО-КАЗАХСТАНСКАЯ ОБЛАСТЬ"	"0"	"городская местность"	"0"	"Всего"	"0"	"Всего"	"0"	"Всего"	"0"	"8 030"
"Безработное население (в возрасте 15 лет и старше)(Человек)"	"4 квартал 2016 г."	"201612"	"ЗАПАДНО-КАЗАХСТАНСКАЯ ОБЛАСТЬ"	"0"	"городская местность"	"0"	"Всего"	"0"	"Всего"	"0"	"Всего"	"0"	"7 682"
"Безработное население (в возрасте 15 лет и старше)(Человек)"	"3 квартал 2010 г."	"201009"	"ЗАПАДНО-КАЗАХСТАНСКАЯ ОБЛАСТЬ"	"0"	"городская местность"	"0"	"Всего"	"0"	"Всего"	"0"	"Всего"	"0"	"6 454"
"Безработное население (в возрасте 15 лет и старше)(Человек)"	"1 квартал 2011 г."	"201103"	"ЗАПАДНО-КАЗАХСТАНСКАЯ ОБЛАСТЬ"	"0"	"городская местность"	"0"	"Всего"	"0"	"Всего"	"0"	"Всего"	"0"	"6 754"
"Безработное население (в возрасте 15 лет и старше)(Человек)"	"2 квартал 2013 г."	"201306"	"ЗАПАДНО-КАЗАХСТАНСКАЯ ОБЛАСТЬ"	"0"	"городская местность"	"0"	"Всего"	"0"	"Всего"	"0"	"Всего"	"0"	"7 497"
"Безработное население (в возрасте 15 лет и старше)(Человек)"	"4 квартал 2011 г."	"201112"	"ЗАПАДНО-КАЗАХСТАНСКАЯ ОБЛАСТЬ"	"0"	"городская местность"	"0"	"Всего"	"0"	"Всего"	"0"	"Всего"	"0"	"7 300"
"Безработное население (в возрасте 15 лет и старше)(Человек)"	"3 квартал 2013 г."	"201309"	"ЗАПАДНО-КАЗАХСТАНСКАЯ ОБЛАСТЬ"	"0"	"городская местность"	"0"	"Всего"	"0"	"Всего"	"0"	"Всего"	"0"	"7 192"
"Безработное население (в возрасте 15 лет и старше)(Человек)"	"1 квартал 2013 г."	"201303"	"ЗАПАДНО-КАЗАХСТАНСКАЯ ОБЛАСТЬ"	"0"	"городская местность"	"0"	"Всего"	"0"	"Всего"	"0"	"Всего"	"0"	"7 666"
"Безработное население (в возрасте 15 лет и старше)(Человек)"	"4 квартал 2010 г."	"201012"	"ЗАПАДНО-КАЗАХСТАНСКАЯ ОБЛАСТЬ"	"0"	"городская местность"	"0"	"Всего"	"0"	"Всего"	"0"	"Всего"	"0"	"6 697"
"Безработное население (в возрасте 15 лет и старше)(Человек)"	"2 квартал 2011 г."	"201106"	"ЗАПАДНО-КАЗАХСТАНСКАЯ ОБЛАСТЬ"	"0"	"городская местность"	"0"	"Всего"	"0"	"Всего"	"0"	"Всего"	"0"	"6 820"
"Безработное население (в возрасте 15 лет и старше)(Человек)"	"3 квартал 2015 г."	"201509"	"ЗАПАДНО-КАЗАХСТАНСКАЯ ОБЛАСТЬ"	"0"	"городская местность"	"0"	"Всего"	"0"	"Всего"	"0"	"Всего"	"0"	"7 555"
"Безработное население (в возрасте 15 лет и старше)(Человек)"	"4 квартал 2013 г."	"201312"	"ЗАПАДНО-КАЗАХСТАНСКАЯ ОБЛАСТЬ"	"0"	"городская местность"	"0"	"Всего"	"0"	"Всего"	"0"	"Всего"	"0"	"7 241"
"Безработное население (в возрасте 15 лет и старше)(Человек)"	"3 квартал 2012 г."	"201209"	"ЗАПАДНО-КАЗАХСТАНСКАЯ ОБЛАСТЬ"	"0"	"городская местность"	"0"	"Всего"	"0"	"Всего"	"0"	"Всего"	"0"	"7 433"
"Безработное население (в возрасте 15 лет и старше)(Человек)"	"2 квартал 2017 г."	"201706"	"ЗАПАДНО-КАЗАХСТАНСКАЯ ОБЛАСТЬ"	"0"	"городская местность"	"0"	"Всего"	"0"	"Всего"	"0"	"Всего"	"0"	"7 808"
"Безработное население (в возрасте 15 лет и старше)(Человек)"	"1 квартал 2014 г."	"201403"	"ЗАПАДНО-КАЗАХСТАНСКАЯ ОБЛАСТЬ"	"0"	"городская местность"	"0"	"Всего"	"0"	"Всего"	"0"	"Всего"	"0"	"7 498"
"Безработное население (в возрасте 15 лет и старше)(Человек)"	"3 квартал 2014 г."	"201409"	"ЗАПАДНО-КАЗАХСТАНСКАЯ ОБЛАСТЬ"	"0"	"городская местность"	"0"	"Всего"	"0"	"Всего"	"0"	"Всего"	"0"	"6 953"
"Безработное население (в возрасте 15 лет и старше)(Человек)"	"2 квартал 2014 г."	"201406"	"ЗАПАДНО-КАЗАХСТАНСКАЯ ОБЛАСТЬ"	"0"	"городская местность"	"0"	"Всего"	"0"	"Всего"	"0"	"Всего"	"0"	"7 152"
"Безработное население (в возрасте 15 лет и старше)(Человек)"	"4 квартал 2014 г."	"201412"	"ЗАПАДНО-КАЗАХСТАНСКАЯ ОБЛАСТЬ"	"0"	"городская местность"	"0"	"Всего"	"0"	"Всего"	"0"	"Всего"	"0"	"7 259"
"Безработное население (в возрасте 15 лет и старше)(Человек)"	"3 квартал 2019 г."	"201909"	"ЗАПАДНО-КАЗАХСТАНСКАЯ ОБЛАСТЬ"	"0"	"городская местность"	"0"	"Всего"	"0"	"Всего"	"0"	"Всего"	"0"	"7 678"
"Безработное население (в возрасте 15 лет и старше)(Человек)"	"4 квартал 2015 г."	"201512"	"ЗАПАДНО-КАЗАХСТАНСКАЯ ОБЛАСТЬ"	"0"	"городская местность"	"0"	"Всего"	"0"	"Всего"	"0"	"Всего"	"0"	"7 692"
"Безработное население (в возрасте 15 лет и старше)(Человек)"	"4 квартал 2018 г."	"201812"	"ЗАПАДНО-КАЗАХСТАНСКАЯ ОБЛАСТЬ"	"0"	"городская местность"	"0"	"Всего"	"0"	"Всего"	"0"	"Всего"	"0"	"7 955"
"Безработное население (в возрасте 15 лет и старше)(Человек)"	"4 квартал 2017 г."	"201712"	"ЗАПАДНО-КАЗАХСТАНСКАЯ ОБЛАСТЬ"	"0"	"городская местность"	"0"	"Всего"	"0"	"Всего"	"0"	"Всего"	"0"	"7 697"
"Безработное население (в возрасте 15 лет и старше)(Человек)"	"1 квартал 2017 г."	"201703"	"ЗАПАДНО-КАЗАХСТАНСКАЯ ОБЛАСТЬ"	"0"	"городская местность"	"0"	"Всего"	"0"	"Всего"	"0"	"Всего"	"0"	"7 814"
"Безработное население (в возрасте 15 лет и старше)(Человек)"	"2 квартал 2019 г."	"201906"	"ЗАПАДНО-КАЗАХСТАНСКАЯ ОБЛАСТЬ"	"0"	"городская местность"	"0"	"Всего"	"0"	"Всего"	"0"	"Всего"	"0"	"7 868"
"Безработное население (в возрасте 15 лет и старше)(Человек)"	"1 квартал 2019 г."	"201903"	"ЗАПАДНО-КАЗАХСТАНСКАЯ ОБЛАСТЬ"	"0"	"городская местность"	"0"	"Всего"	"0"	"Всего"	"0"	"Всего"	"0"	"8 028"
"Безработное население (в возрасте 15 лет и старше)(Человек)"	"1 квартал 2018 г."	"201803"	"ЗАПАДНО-КАЗАХСТАНСКАЯ ОБЛАСТЬ"	"0"	"городская местность"	"0"	"Всего"	"0"	"Всего"	"0"	"Всего"	"0"	"7 937"
"Безработное население (в возрасте 15 лет и старше)(Человек)"	"3 квартал 2018 г."	"201809"	"ЗАПАДНО-КАЗАХСТАНСКАЯ ОБЛАСТЬ"	"0"	"городская местность"	"0"	"Всего"	"0"	"Всего"	"0"	"Всего"	"0"	"7 676"
"Безработное население (в возрасте 15 лет и старше)(Человек)"	"1 квартал 2016 г."	"201603"	"ЗАПАДНО-КАЗАХСТАНСКАЯ ОБЛАСТЬ"	"0"	"городская местность"	"0"	"Всего"	"0"	"Всего"	"0"	"Всего"	"0"	"7 661"
"Безработное население (в возрасте 15 лет и старше)(Человек)"	"3 квартал 2016 г."	"201609"	"ЗАПАДНО-КАЗАХСТАНСКАЯ ОБЛАСТЬ"	"0"	"городская местность"	"0"	"Всего"	"0"	"Всего"	"0"	"Всего"	"0"	"7 753"
"Безработное население (в возрасте 15 лет и старше)(Человек)"	"3 квартал 2017 г."	"201709"	"ЗАПАДНО-КАЗАХСТАНСКАЯ ОБЛАСТЬ"	"0"	"городская местность"	"0"	"Всего"	"0"	"Всего"	"0"	"Всего"	"0"	"7 648"
"Безработное население (в возрасте 15 лет и старше)(Человек)"	"2 квартал 2018 г."	"201806"	"ЗАПАДНО-КАЗАХСТАНСКАЯ ОБЛАСТЬ"	"0"	"городская местность"	"0"	"Всего"	"0"	"Всего"	"0"	"Всего"	"0"	"7 909"
"Безработное население (в возрасте 15 лет и старше)(Человек)"	"1 квартал 2021 г."	"202103"	"ЗАПАДНО-КАЗАХСТАНСКАЯ ОБЛАСТЬ"	"0"	"городская местность"	"0"	"Всего"	"0"	"Всего"	"0"	"Всего"	"0"	"8 000"
"Безработное население (в возрасте 15 лет и старше)(Человек)"	"2 квартал 2021 г."	"202106"	"ЗАПАДНО-КАЗАХСТАНСКАЯ ОБЛАСТЬ"	"0"	"городская местность"	"0"	"Всего"	"0"	"Всего"	"0"	"Всего"	"0"	"7 778"
"Безработное население (в возрасте 15 лет и старше)(Человек)"	"3 квартал 2021 г."	"202109"	"ЗАПАДНО-КАЗАХСТАНСКАЯ ОБЛАСТЬ"	"0"	"городская местность"	"0"	"Всего"	"0"	"Всего"	"0"	"Всего"	"0"	"7 929"
"Безработное население (в возрасте 15 лет и старше)(Человек)"	"3 квартал 2020 г."	"202009"	"ЗАПАДНО-КАЗАХСТАНСКАЯ ОБЛАСТЬ"	"0"	"городская местность"	"0"	"Всего"	"0"	"Всего"	"0"	"Всего"	"0"	"8 166"
"Безработное население (в возрасте 15 лет и старше)(Человек)"	"4 квартал 2020 г."	"202012"	"ЗАПАДНО-КАЗАХСТАНСКАЯ ОБЛАСТЬ"	"0"	"городская местность"	"0"	"Всего"	"0"	"Всего"	"0"	"Всего"	"0"	"8 122"
"Безработное население (в возрасте 15 лет и старше)(Человек)"	"4 квартал 2021 г."	"202112"	"ЗАПАДНО-КАЗАХСТАНСКАЯ ОБЛАСТЬ"	"0"	"городская местность"	"0"	"Всего"	"0"	"Всего"	"0"	"Всего"	"0"	"8 346"
"Безработное население (в возрасте 15 лет и старше)(Человек)"	"1 квартал 2020 г."	"202003"	"ЗАПАДНО-КАЗАХСТАНСКАЯ ОБЛАСТЬ"	"0"	"городская местность"	"0"	"Всего"	"0"	"Всего"	"0"	"Всего"	"0"	"8 052"
"Безработное население (в возрасте 15 лет и старше)(Человек)"	"2 квартал 2020 г."	"202006"	"ЗАПАДНО-КАЗАХСТАНСКАЯ ОБЛАСТЬ"	"0"	"городская местность"	"0"	"Всего"	"0"	"Всего"	"0"	"Всего"	"0"	"7 969"
"Безработное население (в возрасте 15 лет и старше)(Человек)"	"2 квартал 2022 г."	"202206"	"ЗАПАДНО-КАЗАХСТАНСКАЯ ОБЛАСТЬ"	"0"	"городская местность"	"0"	"Всего"	"0"	"Всего"	"0"	"Всего"	"0"	"8 087"
"Безработное население (в возрасте 15 лет и старше)(Человек)"	"1 квартал 2022 г."	"202203"	"ЗАПАДНО-КАЗАХСТАНСКАЯ ОБЛАСТЬ"	"0"	"городская местность"	"0"	"Всего"	"0"	"Всего"	"0"	"Всего"	"0"	"8 301"
"Безработное население (в возрасте 15 лет и старше)(Человек)"	"4 квартал 2022 г."	"202212"	"ЗАПАДНО-КАЗАХСТАНСКАЯ ОБЛАСТЬ"	"0"	"городская местность"	"0"	"Всего"	"0"	"Всего"	"0"	"Всего"	"0"	"8 805"
"Безработное население (в возрасте 15 лет и старше)(Человек)"	"3 квартал 2022 г."	"202209"	"ЗАПАДНО-КАЗАХСТАНСКАЯ ОБЛАСТЬ"	"0"	"городская местность"	"0"	"Всего"	"0"	"Всего"	"0"	"Всего"	"0"	"8 077"
"Безработное население (в возрасте 15 лет и старше)(Человек)"	"1 квартал 2023 г."	"202303"	"ЗАПАДНО-КАЗАХСТАНСКАЯ ОБЛАСТЬ"	"0"	"городская местность"	"0"	"Всего"	"0"	"Всего"	"0"	"Всего"	"0"	"9 186"
"Безработное население (в возрасте 15 лет и старше)(Человек)"	"3 квартал 2023 г."	"202309"	"ЗАПАДНО-КАЗАХСТАНСКАЯ ОБЛАСТЬ"	"0"	"городская местность"	"0"	"Всего"	"0"	"Всего"	"0"	"Всего"	"0"	"8 695"
"Безработное население (в возрасте 15 лет и старше)(Человек)"	"4 квартал 2023 г."	"202312"	"ЗАПАДНО-КАЗАХСТАНСКАЯ ОБЛАСТЬ"	"0"	"городская местность"	"0"	"Всего"	"0"	"Всего"	"0"	"Всего"	"0"	"8 722"
"Безработное население (в возрасте 15 лет и старше)(Человек)"	"2 квартал 2023 г."	"202306"	"ЗАПАДНО-КАЗАХСТАНСКАЯ ОБЛАСТЬ"	"0"	"городская местность"	"0"	"Всего"	"0"	"Всего"	"0"	"Всего"	"0"	"9 104"
"Безработное население (в возрасте 15 лет и старше)(Человек)"	"1 квартал 2024 г."	"202403"	"ЗАПАДНО-КАЗАХСТАНСКАЯ ОБЛАСТЬ"	"0"	"городская местность"	"0"	"Всего"	"0"	"Всего"	"0"	"Всего"	"0"	"9 112"
"Безработное население (в возрасте 15 лет и старше)(Человек)"	"2 квартал 2024 г."	"202406"	"ЗАПАДНО-КАЗАХСТАНСКАЯ ОБЛАСТЬ"	"0"	"городская местность"	"0"	"Всего"	"0"	"Всего"	"0"	"Всего"	"0"	"8 857"
"Безработное население (в возрасте 15 лет и старше)(Человек)"	"3 квартал 2024 г."	"202409"	"ЗАПАДНО-КАЗАХСТАНСКАЯ ОБЛАСТЬ"	"0"	"городская местность"	"0"	"Всего"	"0"	"Всего"	"0"	"Всего"	"0"	"8 933"
"Безработное население (в возрасте 15 лет и старше)(Человек)"	"4 квартал 2024 г."	"202412"	"ЗАПАДНО-КАЗАХСТАНСКАЯ ОБЛАСТЬ"	"0"	"городская местность"	"0"	"Всего"	"0"	"Всего"	"0"	"Всего"	"0"	"8 819"
"Безработное население (в возрасте 15 лет и старше)(Человек)"	"1 квартал 2025 г."	"202503"	"ЗАПАДНО-КАЗАХСТАНСКАЯ ОБЛАСТЬ"	"0"	"городская местность"	"0"	"Всего"	"0"	"Всего"	"0"	"Всего"	"0"	"9 145"
"Безработное население (в возрасте 15 лет и старше)(Человек)"	"2 квартал 2025 г."	"202506"	"ЗАПАДНО-КАЗАХСТАНСКАЯ ОБЛАСТЬ"	"0"	"городская местность"	"0"	"Всего"	"0"	"Всего"	"0"	"Всего"	"0"	"9 144"
"Безработное население (в возрасте 15 лет и старше)(Человек)"	"2 квартал 2016 г."	"201606"	"ЖАМБЫЛСКАЯ ОБЛАСТЬ"	"0"	"городская местность"	"0"	"Всего"	"0"	"Всего"	"0"	"Всего"	"0"	"11 056"
"Безработное население (в возрасте 15 лет и старше)(Человек)"	"2 квартал 2010 г."	"201006"	"ЖАМБЫЛСКАЯ ОБЛАСТЬ"	"0"	"городская местность"	"0"	"Всего"	"0"	"Всего"	"0"	"Всего"	"0"	"16 286"
"Безработное население (в возрасте 15 лет и старше)(Человек)"	"3 квартал 2011 г."	"201109"	"ЖАМБЫЛСКАЯ ОБЛАСТЬ"	"0"	"городская местность"	"0"	"Всего"	"0"	"Всего"	"0"	"Всего"	"0"	"15 114"
"Безработное население (в возрасте 15 лет и старше)(Человек)"	"1 квартал 2010 г."	"201003"	"ЖАМБЫЛСКАЯ ОБЛАСТЬ"	"0"	"городская местность"	"0"	"Всего"	"0"	"Всего"	"0"	"Всего"	"0"	"16 362"
"Безработное население (в возрасте 15 лет и старше)(Человек)"	"1 квартал 2015 г."	"201503"	"ЖАМБЫЛСКАЯ ОБЛАСТЬ"	"0"	"городская местность"	"0"	"Всего"	"0"	"Всего"	"0"	"Всего"	"0"	"12 804"
"Безработное население (в возрасте 15 лет и старше)(Человек)"	"2 квартал 2015 г."	"201506"	"ЖАМБЫЛСКАЯ ОБЛАСТЬ"	"0"	"городская местность"	"0"	"Всего"	"0"	"Всего"	"0"	"Всего"	"0"	"11 818"
"Безработное население (в возрасте 15 лет и старше)(Человек)"	"1 квартал 2012 г."	"201203"	"ЖАМБЫЛСКАЯ ОБЛАСТЬ"	"0"	"городская местность"	"0"	"Всего"	"0"	"Всего"	"0"	"Всего"	"0"	"14 840"
"Безработное население (в возрасте 15 лет и старше)(Человек)"	"2 квартал 2012 г."	"201206"	"ЖАМБЫЛСКАЯ ОБЛАСТЬ"	"0"	"городская местность"	"0"	"Всего"	"0"	"Всего"	"0"	"Всего"	"0"	"14 698"
"Безработное население (в возрасте 15 лет и старше)(Человек)"	"4 квартал 2012 г."	"201212"	"ЖАМБЫЛСКАЯ ОБЛАСТЬ"	"0"	"городская местность"	"0"	"Всего"	"0"	"Всего"	"0"	"Всего"	"0"	"14 198"
"Безработное население (в возрасте 15 лет и старше)(Человек)"	"4 квартал 2019 г."	"201912"	"ЖАМБЫЛСКАЯ ОБЛАСТЬ"	"0"	"городская местность"	"0"	"Всего"	"0"	"Всего"	"0"	"Всего"	"0"	"11 417"
"Безработное население (в возрасте 15 лет и старше)(Человек)"	"4 квартал 2016 г."	"201612"	"ЖАМБЫЛСКАЯ ОБЛАСТЬ"	"0"	"городская местность"	"0"	"Всего"	"0"	"Всего"	"0"	"Всего"	"0"	"10 949"
"Безработное население (в возрасте 15 лет и старше)(Человек)"	"3 квартал 2010 г."	"201009"	"ЖАМБЫЛСКАЯ ОБЛАСТЬ"	"0"	"городская местность"	"0"	"Всего"	"0"	"Всего"	"0"	"Всего"	"0"	"16 017"
"Безработное население (в возрасте 15 лет и старше)(Человек)"	"1 квартал 2011 г."	"201103"	"ЖАМБЫЛСКАЯ ОБЛАСТЬ"	"0"	"городская местность"	"0"	"Всего"	"0"	"Всего"	"0"	"Всего"	"0"	"16 033"
"Безработное население (в возрасте 15 лет и старше)(Человек)"	"2 квартал 2013 г."	"201306"	"ЖАМБЫЛСКАЯ ОБЛАСТЬ"	"0"	"городская местность"	"0"	"Всего"	"0"	"Всего"	"0"	"Всего"	"0"	"13 797"
"Безработное население (в возрасте 15 лет и старше)(Человек)"	"4 квартал 2011 г."	"201112"	"ЖАМБЫЛСКАЯ ОБЛАСТЬ"	"0"	"городская местность"	"0"	"Всего"	"0"	"Всего"	"0"	"Всего"	"0"	"14 919"
"Безработное население (в возрасте 15 лет и старше)(Человек)"	"3 квартал 2013 г."	"201309"	"ЖАМБЫЛСКАЯ ОБЛАСТЬ"	"0"	"городская местность"	"0"	"Всего"	"0"	"Всего"	"0"	"Всего"	"0"	"13 567"
"Безработное население (в возрасте 15 лет и старше)(Человек)"	"1 квартал 2013 г."	"201303"	"ЖАМБЫЛСКАЯ ОБЛАСТЬ"	"0"	"городская местность"	"0"	"Всего"	"0"	"Всего"	"0"	"Всего"	"0"	"13 953"
"Безработное население (в возрасте 15 лет и старше)(Человек)"	"4 квартал 2010 г."	"201012"	"ЖАМБЫЛСКАЯ ОБЛАСТЬ"	"0"	"городская местность"	"0"	"Всего"	"0"	"Всего"	"0"	"Всего"	"0"	"16 037"
"Безработное население (в возрасте 15 лет и старше)(Человек)"	"2 квартал 2011 г."	"201106"	"ЖАМБЫЛСКАЯ ОБЛАСТЬ"	"0"	"городская местность"	"0"	"Всего"	"0"	"Всего"	"0"	"Всего"	"0"	"15 817"
"Безработное население (в возрасте 15 лет и старше)(Человек)"	"3 квартал 2015 г."	"201509"	"ЖАМБЫЛСКАЯ ОБЛАСТЬ"	"0"	"городская местность"	"0"	"Всего"	"0"	"Всего"	"0"	"Всего"	"0"	"12 178"
"Безработное население (в возрасте 15 лет и старше)(Человек)"	"4 квартал 2013 г."	"201312"	"ЖАМБЫЛСКАЯ ОБЛАСТЬ"	"0"	"городская местность"	"0"	"Всего"	"0"	"Всего"	"0"	"Всего"	"0"	"13 582"
"Безработное население (в возрасте 15 лет и старше)(Человек)"	"3 квартал 2012 г."	"201209"	"ЖАМБЫЛСКАЯ ОБЛАСТЬ"	"0"	"городская местность"	"0"	"Всего"	"0"	"Всего"	"0"	"Всего"	"0"	"14 572"
"Безработное население (в возрасте 15 лет и старше)(Человек)"	"2 квартал 2017 г."	"201706"	"ЖАМБЫЛСКАЯ ОБЛАСТЬ"	"0"	"городская местность"	"0"	"Всего"	"0"	"Всего"	"0"	"Всего"	"0"	"11 680"
"Безработное население (в возрасте 15 лет и старше)(Человек)"	"1 квартал 2014 г."	"201403"	"ЖАМБЫЛСКАЯ ОБЛАСТЬ"	"0"	"городская местность"	"0"	"Всего"	"0"	"Всего"	"0"	"Всего"	"0"	"13 585"
"Безработное население (в возрасте 15 лет и старше)(Человек)"	"3 квартал 2014 г."	"201409"	"ЖАМБЫЛСКАЯ ОБЛАСТЬ"	"0"	"городская местность"	"0"	"Всего"	"0"	"Всего"	"0"	"Всего"	"0"	"13 512"
"Безработное население (в возрасте 15 лет и старше)(Человек)"	"2 квартал 2014 г."	"201406"	"ЖАМБЫЛСКАЯ ОБЛАСТЬ"	"0"	"городская местность"	"0"	"Всего"	"0"	"Всего"	"0"	"Всего"	"0"	"13 824"
"Безработное население (в возрасте 15 лет и старше)(Человек)"	"4 квартал 2014 г."	"201412"	"ЖАМБЫЛСКАЯ ОБЛАСТЬ"	"0"	"городская местность"	"0"	"Всего"	"0"	"Всего"	"0"	"Всего"	"0"	"13 528"
"Безработное население (в возрасте 15 лет и старше)(Человек)"	"3 квартал 2019 г."	"201909"	"ЖАМБЫЛСКАЯ ОБЛАСТЬ"	"0"	"городская местность"	"0"	"Всего"	"0"	"Всего"	"0"	"Всего"	"0"	"11 563"
"Безработное население (в возрасте 15 лет и старше)(Человек)"	"4 квартал 2015 г."	"201512"	"ЖАМБЫЛСКАЯ ОБЛАСТЬ"	"0"	"городская местность"	"0"	"Всего"	"0"	"Всего"	"0"	"Всего"	"0"	"11 392"
"Безработное население (в возрасте 15 лет и старше)(Человек)"	"4 квартал 2018 г."	"201812"	"ЖАМБЫЛСКАЯ ОБЛАСТЬ"	"0"	"городская местность"	"0"	"Всего"	"0"	"Всего"	"0"	"Всего"	"0"	"11 063"
"Безработное население (в возрасте 15 лет и старше)(Человек)"	"4 квартал 2017 г."	"201712"	"ЖАМБЫЛСКАЯ ОБЛАСТЬ"	"0"	"городская местность"	"0"	"Всего"	"0"	"Всего"	"0"	"Всего"	"0"	"11 230"
"Безработное население (в возрасте 15 лет и старше)(Человек)"	"1 квартал 2017 г."	"201703"	"ЖАМБЫЛСКАЯ ОБЛАСТЬ"	"0"	"городская местность"	"0"	"Всего"	"0"	"Всего"	"0"	"Всего"	"0"	"11 434"
"Безработное население (в возрасте 15 лет и старше)(Человек)"	"2 квартал 2019 г."	"201906"	"ЖАМБЫЛСКАЯ ОБЛАСТЬ"	"0"	"городская местность"	"0"	"Всего"	"0"	"Всего"	"0"	"Всего"	"0"	"11 667"
"Безработное население (в возрасте 15 лет и старше)(Человек)"	"1 квартал 2019 г."	"201903"	"ЖАМБЫЛСКАЯ ОБЛАСТЬ"	"0"	"городская местность"	"0"	"Всего"	"0"	"Всего"	"0"	"Всего"	"0"	"11 652"
"Безработное население (в возрасте 15 лет и старше)(Человек)"	"1 квартал 2018 г."	"201803"	"ЖАМБЫЛСКАЯ ОБЛАСТЬ"	"0"	"городская местность"	"0"	"Всего"	"0"	"Всего"	"0"	"Всего"	"0"	"10 721"
"Безработное население (в возрасте 15 лет и старше)(Человек)"	"3 квартал 2018 г."	"201809"	"ЖАМБЫЛСКАЯ ОБЛАСТЬ"	"0"	"городская местность"	"0"	"Всего"	"0"	"Всего"	"0"	"Всего"	"0"	"11 041"
"Безработное население (в возрасте 15 лет и старше)(Человек)"	"1 квартал 2016 г."	"201603"	"ЖАМБЫЛСКАЯ ОБЛАСТЬ"	"0"	"городская местность"	"0"	"Всего"	"0"	"Всего"	"0"	"Всего"	"0"	"11 207"
"Безработное население (в возрасте 15 лет и старше)(Человек)"	"3 квартал 2016 г."	"201609"	"ЖАМБЫЛСКАЯ ОБЛАСТЬ"	"0"	"городская местность"	"0"	"Всего"	"0"	"Всего"	"0"	"Всего"	"0"	"11 863"
"Безработное население (в возрасте 15 лет и старше)(Человек)"	"3 квартал 2017 г."	"201709"	"ЖАМБЫЛСКАЯ ОБЛАСТЬ"	"0"	"городская местность"	"0"	"Всего"	"0"	"Всего"	"0"	"Всего"	"0"	"11 430"
"Безработное население (в возрасте 15 лет и старше)(Человек)"	"2 квартал 2018 г."	"201806"	"ЖАМБЫЛСКАЯ ОБЛАСТЬ"	"0"	"городская местность"	"0"	"Всего"	"0"	"Всего"	"0"	"Всего"	"0"	"11 475"
"Безработное население (в возрасте 15 лет и старше)(Человек)"	"1 квартал 2021 г."	"202103"	"ЖАМБЫЛСКАЯ ОБЛАСТЬ"	"0"	"городская местность"	"0"	"Всего"	"0"	"Всего"	"0"	"Всего"	"0"	"11 603"
"Безработное население (в возрасте 15 лет и старше)(Человек)"	"2 квартал 2021 г."	"202106"	"ЖАМБЫЛСКАЯ ОБЛАСТЬ"	"0"	"городская местность"	"0"	"Всего"	"0"	"Всего"	"0"	"Всего"	"0"	"11 569"
"Безработное население (в возрасте 15 лет и старше)(Человек)"	"3 квартал 2021 г."	"202109"	"ЖАМБЫЛСКАЯ ОБЛАСТЬ"	"0"	"городская местность"	"0"	"Всего"	"0"	"Всего"	"0"	"Всего"	"0"	"11 608"
"Безработное население (в возрасте 15 лет и старше)(Человек)"	"3 квартал 2020 г."	"202009"	"ЖАМБЫЛСКАЯ ОБЛАСТЬ"	"0"	"городская местность"	"0"	"Всего"	"0"	"Всего"	"0"	"Всего"	"0"	"11 159"
"Безработное население (в возрасте 15 лет и старше)(Человек)"	"4 квартал 2020 г."	"202012"	"ЖАМБЫЛСКАЯ ОБЛАСТЬ"	"0"	"городская местность"	"0"	"Всего"	"0"	"Всего"	"0"	"Всего"	"0"	"11 306"
"Безработное население (в возрасте 15 лет и старше)(Человек)"	"4 квартал 2021 г."	"202112"	"ЖАМБЫЛСКАЯ ОБЛАСТЬ"	"0"	"городская местность"	"0"	"Всего"	"0"	"Всего"	"0"	"Всего"	"0"	"11 525"
"Безработное население (в возрасте 15 лет и старше)(Человек)"	"1 квартал 2020 г."	"202003"	"ЖАМБЫЛСКАЯ ОБЛАСТЬ"	"0"	"городская местность"	"0"	"Всего"	"0"	"Всего"	"0"	"Всего"	"0"	"11 928"
"Безработное население (в возрасте 15 лет и старше)(Человек)"	"2 квартал 2020 г."	"202006"	"ЖАМБЫЛСКАЯ ОБЛАСТЬ"	"0"	"городская местность"	"0"	"Всего"	"0"	"Всего"	"0"	"Всего"	"0"	"11 638"
"Безработное население (в возрасте 15 лет и старше)(Человек)"	"2 квартал 2022 г."	"202206"	"ЖАМБЫЛСКАЯ ОБЛАСТЬ"	"0"	"городская местность"	"0"	"Всего"	"0"	"Всего"	"0"	"Всего"	"0"	"12 035"
"Безработное население (в возрасте 15 лет и старше)(Человек)"	"1 квартал 2022 г."	"202203"	"ЖАМБЫЛСКАЯ ОБЛАСТЬ"	"0"	"городская местность"	"0"	"Всего"	"0"	"Всего"	"0"	"Всего"	"0"	"12 470"
"Безработное население (в возрасте 15 лет и старше)(Человек)"	"4 квартал 2022 г."	"202212"	"ЖАМБЫЛСКАЯ ОБЛАСТЬ"	"0"	"городская местность"	"0"	"Всего"	"0"	"Всего"	"0"	"Всего"	"0"	"13 645"
"Безработное население (в возрасте 15 лет и старше)(Человек)"	"3 квартал 2022 г."	"202209"	"ЖАМБЫЛСКАЯ ОБЛАСТЬ"	"0"	"городская местность"	"0"	"Всего"	"0"	"Всего"	"0"	"Всего"	"0"	"11 777"
"Безработное население (в возрасте 15 лет и старше)(Человек)"	"1 квартал 2023 г."	"202303"	"ЖАМБЫЛСКАЯ ОБЛАСТЬ"	"0"	"городская местность"	"0"	"Всего"	"0"	"Всего"	"0"	"Всего"	"0"	"12 805"
"Безработное население (в возрасте 15 лет и старше)(Человек)"	"3 квартал 2023 г."	"202309"	"ЖАМБЫЛСКАЯ ОБЛАСТЬ"	"0"	"городская местность"	"0"	"Всего"	"0"	"Всего"	"0"	"Всего"	"0"	"11 625"
"Безработное население (в возрасте 15 лет и старше)(Человек)"	"4 квартал 2023 г."	"202312"	"ЖАМБЫЛСКАЯ ОБЛАСТЬ"	"0"	"городская местность"	"0"	"Всего"	"0"	"Всего"	"0"	"Всего"	"0"	"11 639"
"Безработное население (в возрасте 15 лет и старше)(Человек)"	"2 квартал 2023 г."	"202306"	"ЖАМБЫЛСКАЯ ОБЛАСТЬ"	"0"	"городская местность"	"0"	"Всего"	"0"	"Всего"	"0"	"Всего"	"0"	"12 561"
"Безработное население (в возрасте 15 лет и старше)(Человек)"	"1 квартал 2024 г."	"202403"	"ЖАМБЫЛСКАЯ ОБЛАСТЬ"	"0"	"городская местность"	"0"	"Всего"	"0"	"Всего"	"0"	"Всего"	"0"	"11 531"
"Безработное население (в возрасте 15 лет и старше)(Человек)"	"2 квартал 2024 г."	"202406"	"ЖАМБЫЛСКАЯ ОБЛАСТЬ"	"0"	"городская местность"	"0"	"Всего"	"0"	"Всего"	"0"	"Всего"	"0"	"11 450"
"Безработное население (в возрасте 15 лет и старше)(Человек)"	"3 квартал 2024 г."	"202409"	"ЖАМБЫЛСКАЯ ОБЛАСТЬ"	"0"	"городская местность"	"0"	"Всего"	"0"	"Всего"	"0"	"Всего"	"0"	"11 047"
"Безработное население (в возрасте 15 лет и старше)(Человек)"	"4 квартал 2024 г."	"202412"	"ЖАМБЫЛСКАЯ ОБЛАСТЬ"	"0"	"городская местность"	"0"	"Всего"	"0"	"Всего"	"0"	"Всего"	"0"	"10 417"
"Безработное население (в возрасте 15 лет и старше)(Человек)"	"1 квартал 2025 г."	"202503"	"ЖАМБЫЛСКАЯ ОБЛАСТЬ"	"0"	"городская местность"	"0"	"Всего"	"0"	"Всего"	"0"	"Всего"	"0"	"13 098"
"Безработное население (в возрасте 15 лет и старше)(Человек)"	"2 квартал 2025 г."	"202506"	"ЖАМБЫЛСКАЯ ОБЛАСТЬ"	"0"	"городская местность"	"0"	"Всего"	"0"	"Всего"	"0"	"Всего"	"0"	"12 519"
"Безработное население (в возрасте 15 лет и старше)(Человек)"	"2 квартал 2016 г."	"201606"	"ВОСТОЧНО-КАЗАХСТАНСКАЯ ОБЛАСТЬ"	"0"	"городская местность"	"0"	"Всего"	"0"	"Всего"	"0"	"Всего"	"0"	"23 400"
"Безработное население (в возрасте 15 лет и старше)(Человек)"	"2 квартал 2010 г."	"201006"	"ВОСТОЧНО-КАЗАХСТАНСКАЯ ОБЛАСТЬ"	"0"	"городская местность"	"0"	"Всего"	"0"	"Всего"	"0"	"Всего"	"0"	"27 675"
"Безработное население (в возрасте 15 лет и старше)(Человек)"	"3 квартал 2011 г."	"201109"	"ВОСТОЧНО-КАЗАХСТАНСКАЯ ОБЛАСТЬ"	"0"	"городская местность"	"0"	"Всего"	"0"	"Всего"	"0"	"Всего"	"0"	"24 153"
"Безработное население (в возрасте 15 лет и старше)(Человек)"	"1 квартал 2010 г."	"201003"	"ВОСТОЧНО-КАЗАХСТАНСКАЯ ОБЛАСТЬ"	"0"	"городская местность"	"0"	"Всего"	"0"	"Всего"	"0"	"Всего"	"0"	"28 942"
"Безработное население (в возрасте 15 лет и старше)(Человек)"	"1 квартал 2015 г."	"201503"	"ВОСТОЧНО-КАЗАХСТАНСКАЯ ОБЛАСТЬ"	"0"	"городская местность"	"0"	"Всего"	"0"	"Всего"	"0"	"Всего"	"0"	"23 277"
"Безработное население (в возрасте 15 лет и старше)(Человек)"	"2 квартал 2015 г."	"201506"	"ВОСТОЧНО-КАЗАХСТАНСКАЯ ОБЛАСТЬ"	"0"	"городская местность"	"0"	"Всего"	"0"	"Всего"	"0"	"Всего"	"0"	"21 552"
"Безработное население (в возрасте 15 лет и старше)(Человек)"	"1 квартал 2012 г."	"201203"	"ВОСТОЧНО-КАЗАХСТАНСКАЯ ОБЛАСТЬ"	"0"	"городская местность"	"0"	"Всего"	"0"	"Всего"	"0"	"Всего"	"0"	"24 427"
"Безработное население (в возрасте 15 лет и старше)(Человек)"	"2 квартал 2012 г."	"201206"	"ВОСТОЧНО-КАЗАХСТАНСКАЯ ОБЛАСТЬ"	"0"	"городская местность"	"0"	"Всего"	"0"	"Всего"	"0"	"Всего"	"0"	"23 965"
"Безработное население (в возрасте 15 лет и старше)(Человек)"	"4 квартал 2012 г."	"201212"	"ВОСТОЧНО-КАЗАХСТАНСКАЯ ОБЛАСТЬ"	"0"	"городская местность"	"0"	"Всего"	"0"	"Всего"	"0"	"Всего"	"0"	"24 095"
"Безработное население (в возрасте 15 лет и старше)(Человек)"	"4 квартал 2019 г."	"201912"	"ВОСТОЧНО-КАЗАХСТАНСКАЯ ОБЛАСТЬ"	"0"	"городская местность"	"0"	"Всего"	"0"	"Всего"	"0"	"Всего"	"0"	"18 003"
"Безработное население (в возрасте 15 лет и старше)(Человек)"	"4 квартал 2016 г."	"201612"	"ВОСТОЧНО-КАЗАХСТАНСКАЯ ОБЛАСТЬ"	"0"	"городская местность"	"0"	"Всего"	"0"	"Всего"	"0"	"Всего"	"0"	"20 645"
"Безработное население (в возрасте 15 лет и старше)(Человек)"	"3 квартал 2010 г."	"201009"	"ВОСТОЧНО-КАЗАХСТАНСКАЯ ОБЛАСТЬ"	"0"	"городская местность"	"0"	"Всего"	"0"	"Всего"	"0"	"Всего"	"0"	"26 000"
"Безработное население (в возрасте 15 лет и старше)(Человек)"	"1 квартал 2011 г."	"201103"	"ВОСТОЧНО-КАЗАХСТАНСКАЯ ОБЛАСТЬ"	"0"	"городская местность"	"0"	"Всего"	"0"	"Всего"	"0"	"Всего"	"0"	"25 372"
"Безработное население (в возрасте 15 лет и старше)(Человек)"	"2 квартал 2013 г."	"201306"	"ВОСТОЧНО-КАЗАХСТАНСКАЯ ОБЛАСТЬ"	"0"	"городская местность"	"0"	"Всего"	"0"	"Всего"	"0"	"Всего"	"0"	"23 887"
"Безработное население (в возрасте 15 лет и старше)(Человек)"	"4 квартал 2011 г."	"201112"	"ВОСТОЧНО-КАЗАХСТАНСКАЯ ОБЛАСТЬ"	"0"	"городская местность"	"0"	"Всего"	"0"	"Всего"	"0"	"Всего"	"0"	"24 439"
"Безработное население (в возрасте 15 лет и старше)(Человек)"	"3 квартал 2013 г."	"201309"	"ВОСТОЧНО-КАЗАХСТАНСКАЯ ОБЛАСТЬ"	"0"	"городская местность"	"0"	"Всего"	"0"	"Всего"	"0"	"Всего"	"0"	"23 761"
"Безработное население (в возрасте 15 лет и старше)(Человек)"	"1 квартал 2013 г."	"201303"	"ВОСТОЧНО-КАЗАХСТАНСКАЯ ОБЛАСТЬ"	"0"	"городская местность"	"0"	"Всего"	"0"	"Всего"	"0"	"Всего"	"0"	"24 810"
"Безработное население (в возрасте 15 лет и старше)(Человек)"	"4 квартал 2010 г."	"201012"	"ВОСТОЧНО-КАЗАХСТАНСКАЯ ОБЛАСТЬ"	"0"	"городская местность"	"0"	"Всего"	"0"	"Всего"	"0"	"Всего"	"0"	"25 153"
"Безработное население (в возрасте 15 лет и старше)(Человек)"	"2 квартал 2011 г."	"201106"	"ВОСТОЧНО-КАЗАХСТАНСКАЯ ОБЛАСТЬ"	"0"	"городская местность"	"0"	"Всего"	"0"	"Всего"	"0"	"Всего"	"0"	"23 166"
"Безработное население (в возрасте 15 лет и старше)(Человек)"	"3 квартал 2015 г."	"201509"	"ВОСТОЧНО-КАЗАХСТАНСКАЯ ОБЛАСТЬ"	"0"	"городская местность"	"0"	"Всего"	"0"	"Всего"	"0"	"Всего"	"0"	"21 640"
"Безработное население (в возрасте 15 лет и старше)(Человек)"	"4 квартал 2013 г."	"201312"	"ВОСТОЧНО-КАЗАХСТАНСКАЯ ОБЛАСТЬ"	"0"	"городская местность"	"0"	"Всего"	"0"	"Всего"	"0"	"Всего"	"0"	"22 013"
"Безработное население (в возрасте 15 лет и старше)(Человек)"	"3 квартал 2012 г."	"201209"	"ВОСТОЧНО-КАЗАХСТАНСКАЯ ОБЛАСТЬ"	"0"	"городская местность"	"0"	"Всего"	"0"	"Всего"	"0"	"Всего"	"0"	"23 929"
"Безработное население (в возрасте 15 лет и старше)(Человек)"	"2 квартал 2017 г."	"201706"	"ВОСТОЧНО-КАЗАХСТАНСКАЯ ОБЛАСТЬ"	"0"	"городская местность"	"0"	"Всего"	"0"	"Всего"	"0"	"Всего"	"0"	"21 867"
"Безработное население (в возрасте 15 лет и старше)(Человек)"	"1 квартал 2014 г."	"201403"	"ВОСТОЧНО-КАЗАХСТАНСКАЯ ОБЛАСТЬ"	"0"	"городская местность"	"0"	"Всего"	"0"	"Всего"	"0"	"Всего"	"0"	"21 935"
"Безработное население (в возрасте 15 лет и старше)(Человек)"	"3 квартал 2014 г."	"201409"	"ВОСТОЧНО-КАЗАХСТАНСКАЯ ОБЛАСТЬ"	"0"	"городская местность"	"0"	"Всего"	"0"	"Всего"	"0"	"Всего"	"0"	"21 918"
"Безработное население (в возрасте 15 лет и старше)(Человек)"	"2 квартал 2014 г."	"201406"	"ВОСТОЧНО-КАЗАХСТАНСКАЯ ОБЛАСТЬ"	"0"	"городская местность"	"0"	"Всего"	"0"	"Всего"	"0"	"Всего"	"0"	"22 056"
"Безработное население (в возрасте 15 лет и старше)(Человек)"	"4 квартал 2014 г."	"201412"	"ВОСТОЧНО-КАЗАХСТАНСКАЯ ОБЛАСТЬ"	"0"	"городская местность"	"0"	"Всего"	"0"	"Всего"	"0"	"Всего"	"0"	"22 529"
"Безработное население (в возрасте 15 лет и старше)(Человек)"	"3 квартал 2019 г."	"201909"	"ВОСТОЧНО-КАЗАХСТАНСКАЯ ОБЛАСТЬ"	"0"	"городская местность"	"0"	"Всего"	"0"	"Всего"	"0"	"Всего"	"0"	"20 376"
"Безработное население (в возрасте 15 лет и старше)(Человек)"	"4 квартал 2015 г."	"201512"	"ВОСТОЧНО-КАЗАХСТАНСКАЯ ОБЛАСТЬ"	"0"	"городская местность"	"0"	"Всего"	"0"	"Всего"	"0"	"Всего"	"0"	"21 668"
"Безработное население (в возрасте 15 лет и старше)(Человек)"	"4 квартал 2018 г."	"201812"	"ВОСТОЧНО-КАЗАХСТАНСКАЯ ОБЛАСТЬ"	"0"	"городская местность"	"0"	"Всего"	"0"	"Всего"	"0"	"Всего"	"0"	"18 862"
"Безработное население (в возрасте 15 лет и старше)(Человек)"	"4 квартал 2017 г."	"201712"	"ВОСТОЧНО-КАЗАХСТАНСКАЯ ОБЛАСТЬ"	"0"	"городская местность"	"0"	"Всего"	"0"	"Всего"	"0"	"Всего"	"0"	"22 402"
"Безработное население (в возрасте 15 лет и старше)(Человек)"	"1 квартал 2017 г."	"201703"	"ВОСТОЧНО-КАЗАХСТАНСКАЯ ОБЛАСТЬ"	"0"	"городская местность"	"0"	"Всего"	"0"	"Всего"	"0"	"Всего"	"0"	"22 282"
"Безработное население (в возрасте 15 лет и старше)(Человек)"	"2 квартал 2019 г."	"201906"	"ВОСТОЧНО-КАЗАХСТАНСКАЯ ОБЛАСТЬ"	"0"	"городская местность"	"0"	"Всего"	"0"	"Всего"	"0"	"Всего"	"0"	"20 253"
"Безработное население (в возрасте 15 лет и старше)(Человек)"	"1 квартал 2019 г."	"201903"	"ВОСТОЧНО-КАЗАХСТАНСКАЯ ОБЛАСТЬ"	"0"	"городская местность"	"0"	"Всего"	"0"	"Всего"	"0"	"Всего"	"0"	"22 011"
"Безработное население (в возрасте 15 лет и старше)(Человек)"	"1 квартал 2018 г."	"201803"	"ВОСТОЧНО-КАЗАХСТАНСКАЯ ОБЛАСТЬ"	"0"	"городская местность"	"0"	"Всего"	"0"	"Всего"	"0"	"Всего"	"0"	"22 323"
"Безработное население (в возрасте 15 лет и старше)(Человек)"	"3 квартал 2018 г."	"201809"	"ВОСТОЧНО-КАЗАХСТАНСКАЯ ОБЛАСТЬ"	"0"	"городская местность"	"0"	"Всего"	"0"	"Всего"	"0"	"Всего"	"0"	"21 580"
"Безработное население (в возрасте 15 лет и старше)(Человек)"	"1 квартал 2016 г."	"201603"	"ВОСТОЧНО-КАЗАХСТАНСКАЯ ОБЛАСТЬ"	"0"	"городская местность"	"0"	"Всего"	"0"	"Всего"	"0"	"Всего"	"0"	"22 045"
"Безработное население (в возрасте 15 лет и старше)(Человек)"	"3 квартал 2016 г."	"201609"	"ВОСТОЧНО-КАЗАХСТАНСКАЯ ОБЛАСТЬ"	"0"	"городская местность"	"0"	"Всего"	"0"	"Всего"	"0"	"Всего"	"0"	"21 668"
"Безработное население (в возрасте 15 лет и старше)(Человек)"	"3 квартал 2017 г."	"201709"	"ВОСТОЧНО-КАЗАХСТАНСКАЯ ОБЛАСТЬ"	"0"	"городская местность"	"0"	"Всего"	"0"	"Всего"	"0"	"Всего"	"0"	"18 954"
"Безработное население (в возрасте 15 лет и старше)(Человек)"	"2 квартал 2018 г."	"201806"	"ВОСТОЧНО-КАЗАХСТАНСКАЯ ОБЛАСТЬ"	"0"	"городская местность"	"0"	"Всего"	"0"	"Всего"	"0"	"Всего"	"0"	"22 017"
"Безработное население (в возрасте 15 лет и старше)(Человек)"	"1 квартал 2021 г."	"202103"	"ВОСТОЧНО-КАЗАХСТАНСКАЯ ОБЛАСТЬ"	"0"	"городская местность"	"0"	"Всего"	"0"	"Всего"	"0"	"Всего"	"0"	"21 354"
"Безработное население (в возрасте 15 лет и старше)(Человек)"	"2 квартал 2021 г."	"202106"	"ВОСТОЧНО-КАЗАХСТАНСКАЯ ОБЛАСТЬ"	"0"	"городская местность"	"0"	"Всего"	"0"	"Всего"	"0"	"Всего"	"0"	"21 921"
"Безработное население (в возрасте 15 лет и старше)(Человек)"	"3 квартал 2021 г."	"202109"	"ВОСТОЧНО-КАЗАХСТАНСКАЯ ОБЛАСТЬ"	"0"	"городская местность"	"0"	"Всего"	"0"	"Всего"	"0"	"Всего"	"0"	"22 428"
"Безработное население (в возрасте 15 лет и старше)(Человек)"	"3 квартал 2020 г."	"202009"	"ВОСТОЧНО-КАЗАХСТАНСКАЯ ОБЛАСТЬ"	"0"	"городская местность"	"0"	"Всего"	"0"	"Всего"	"0"	"Всего"	"0"	"22 435"
"Безработное население (в возрасте 15 лет и старше)(Человек)"	"4 квартал 2020 г."	"202012"	"ВОСТОЧНО-КАЗАХСТАНСКАЯ ОБЛАСТЬ"	"0"	"городская местность"	"0"	"Всего"	"0"	"Всего"	"0"	"Всего"	"0"	"22 054"
"Безработное население (в возрасте 15 лет и старше)(Человек)"	"4 квартал 2021 г."	"202112"	"ВОСТОЧНО-КАЗАХСТАНСКАЯ ОБЛАСТЬ"	"0"	"городская местность"	"0"	"Всего"	"0"	"Всего"	"0"	"Всего"	"0"	"22 031"
"Безработное население (в возрасте 15 лет и старше)(Человек)"	"1 квартал 2020 г."	"202003"	"ВОСТОЧНО-КАЗАХСТАНСКАЯ ОБЛАСТЬ"	"0"	"городская местность"	"0"	"Всего"	"0"	"Всего"	"0"	"Всего"	"0"	"21 281"
"Безработное население (в возрасте 15 лет и старше)(Человек)"	"2 квартал 2020 г."	"202006"	"ВОСТОЧНО-КАЗАХСТАНСКАЯ ОБЛАСТЬ"	"0"	"городская местность"	"0"	"Всего"	"0"	"Всего"	"0"	"Всего"	"0"	"22 372"
"Безработное население (в возрасте 15 лет и старше)(Человек)"	"2 квартал 2022 г."	"202206"	"ВОСТОЧНО-КАЗАХСТАНСКАЯ ОБЛАСТЬ"	"0"	"городская местность"	"0"	"Всего"	"0"	"Всего"	"0"	"Всего"	"0"	"11 834"
"Безработное население (в возрасте 15 лет и старше)(Человек)"	"1 квартал 2022 г."	"202203"	"ВОСТОЧНО-КАЗАХСТАНСКАЯ ОБЛАСТЬ"	"0"	"городская местность"	"0"	"Всего"	"0"	"Всего"	"0"	"Всего"	"0"	"21 144"
"Безработное население (в возрасте 15 лет и старше)(Человек)"	"4 квартал 2022 г."	"202212"	"ВОСТОЧНО-КАЗАХСТАНСКАЯ ОБЛАСТЬ"	"0"	"городская местность"	"0"	"Всего"	"0"	"Всего"	"0"	"Всего"	"0"	"11 652"
"Безработное население (в возрасте 15 лет и старше)(Человек)"	"3 квартал 2022 г."	"202209"	"ВОСТОЧНО-КАЗАХСТАНСКАЯ ОБЛАСТЬ"	"0"	"городская местность"	"0"	"Всего"	"0"	"Всего"	"0"	"Всего"	"0"	"11 429"
"Безработное население (в возрасте 15 лет и старше)(Человек)"	"1 квартал 2023 г."	"202303"	"ВОСТОЧНО-КАЗАХСТАНСКАЯ ОБЛАСТЬ"	"0"	"городская местность"	"0"	"Всего"	"0"	"Всего"	"0"	"Всего"	"0"	"10 811"
"Безработное население (в возрасте 15 лет и старше)(Человек)"	"3 квартал 2023 г."	"202309"	"ВОСТОЧНО-КАЗАХСТАНСКАЯ ОБЛАСТЬ"	"0"	"городская местность"	"0"	"Всего"	"0"	"Всего"	"0"	"Всего"	"0"	"11 528"
"Безработное население (в возрасте 15 лет и старше)(Человек)"	"4 квартал 2023 г."	"202312"	"ВОСТОЧНО-КАЗАХСТАНСКАЯ ОБЛАСТЬ"	"0"	"городская местность"	"0"	"Всего"	"0"	"Всего"	"0"	"Всего"	"0"	"11 200"
"Безработное население (в возрасте 15 лет и старше)(Человек)"	"2 квартал 2023 г."	"202306"	"ВОСТОЧНО-КАЗАХСТАНСКАЯ ОБЛАСТЬ"	"0"	"городская местность"	"0"	"Всего"	"0"	"Всего"	"0"	"Всего"	"0"	"11 000"
"Безработное население (в возрасте 15 лет и старше)(Человек)"	"1 квартал 2024 г."	"202403"	"ВОСТОЧНО-КАЗАХСТАНСКАЯ ОБЛАСТЬ"	"0"	"городская местность"	"0"	"Всего"	"0"	"Всего"	"0"	"Всего"	"0"	"11 419"
"Безработное население (в возрасте 15 лет и старше)(Человек)"	"2 квартал 2024 г."	"202406"	"ВОСТОЧНО-КАЗАХСТАНСКАЯ ОБЛАСТЬ"	"0"	"городская местность"	"0"	"Всего"	"0"	"Всего"	"0"	"Всего"	"0"	"11 695"
"Безработное население (в возрасте 15 лет и старше)(Человек)"	"3 квартал 2024 г."	"202409"	"ВОСТОЧНО-КАЗАХСТАНСКАЯ ОБЛАСТЬ"	"0"	"городская местность"	"0"	"Всего"	"0"	"Всего"	"0"	"Всего"	"0"	"11 515"
"Безработное население (в возрасте 15 лет и старше)(Человек)"	"4 квартал 2024 г."	"202412"	"ВОСТОЧНО-КАЗАХСТАНСКАЯ ОБЛАСТЬ"	"0"	"городская местность"	"0"	"Всего"	"0"	"Всего"	"0"	"Всего"	"0"	"11 288"
"Безработное население (в возрасте 15 лет и старше)(Человек)"	"1 квартал 2025 г."	"202503"	"ВОСТОЧНО-КАЗАХСТАНСКАЯ ОБЛАСТЬ"	"0"	"городская местность"	"0"	"Всего"	"0"	"Всего"	"0"	"Всего"	"0"	"11 477"
"Безработное население (в возрасте 15 лет и старше)(Человек)"	"2 квартал 2025 г."	"202506"	"ВОСТОЧНО-КАЗАХСТАНСКАЯ ОБЛАСТЬ"	"0"	"городская местность"	"0"	"Всего"	"0"	"Всего"	"0"	"Всего"	"0"	"11 472"
"Безработное население (в возрасте 15 лет и старше)(Человек)"	"2 квартал 2016 г."	"201606"	"АТЫРАУСКАЯ ОБЛАСТЬ"	"0"	"городская местность"	"0"	"Всего"	"0"	"Всего"	"0"	"Всего"	"0"	"9 014"
"Безработное население (в возрасте 15 лет и старше)(Человек)"	"2 квартал 2010 г."	"201006"	"АТЫРАУСКАЯ ОБЛАСТЬ"	"0"	"городская местность"	"0"	"Всего"	"0"	"Всего"	"0"	"Всего"	"0"	"6 982"
"Безработное население (в возрасте 15 лет и старше)(Человек)"	"3 квартал 2011 г."	"201109"	"АТЫРАУСКАЯ ОБЛАСТЬ"	"0"	"городская местность"	"0"	"Всего"	"0"	"Всего"	"0"	"Всего"	"0"	"6 692"
"Безработное население (в возрасте 15 лет и старше)(Человек)"	"1 квартал 2010 г."	"201003"	"АТЫРАУСКАЯ ОБЛАСТЬ"	"0"	"городская местность"	"0"	"Всего"	"0"	"Всего"	"0"	"Всего"	"0"	"7 616"
"Безработное население (в возрасте 15 лет и старше)(Человек)"	"1 квартал 2015 г."	"201503"	"АТЫРАУСКАЯ ОБЛАСТЬ"	"0"	"городская местность"	"0"	"Всего"	"0"	"Всего"	"0"	"Всего"	"0"	"6 035"
"Безработное население (в возрасте 15 лет и старше)(Человек)"	"2 квартал 2015 г."	"201506"	"АТЫРАУСКАЯ ОБЛАСТЬ"	"0"	"городская местность"	"0"	"Всего"	"0"	"Всего"	"0"	"Всего"	"0"	"8 373"
"Безработное население (в возрасте 15 лет и старше)(Человек)"	"1 квартал 2012 г."	"201203"	"АТЫРАУСКАЯ ОБЛАСТЬ"	"0"	"городская местность"	"0"	"Всего"	"0"	"Всего"	"0"	"Всего"	"0"	"6 527"
"Безработное население (в возрасте 15 лет и старше)(Человек)"	"2 квартал 2012 г."	"201206"	"АТЫРАУСКАЯ ОБЛАСТЬ"	"0"	"городская местность"	"0"	"Всего"	"0"	"Всего"	"0"	"Всего"	"0"	"6 276"
"Безработное население (в возрасте 15 лет и старше)(Человек)"	"4 квартал 2012 г."	"201212"	"АТЫРАУСКАЯ ОБЛАСТЬ"	"0"	"городская местность"	"0"	"Всего"	"0"	"Всего"	"0"	"Всего"	"0"	"6 384"
"Безработное население (в возрасте 15 лет и старше)(Человек)"	"4 квартал 2019 г."	"201912"	"АТЫРАУСКАЯ ОБЛАСТЬ"	"0"	"городская местность"	"0"	"Всего"	"0"	"Всего"	"0"	"Всего"	"0"	"8 083"
"Безработное население (в возрасте 15 лет и старше)(Человек)"	"4 квартал 2016 г."	"201612"	"АТЫРАУСКАЯ ОБЛАСТЬ"	"0"	"городская местность"	"0"	"Всего"	"0"	"Всего"	"0"	"Всего"	"0"	"9 591"
"Безработное население (в возрасте 15 лет и старше)(Человек)"	"3 квартал 2010 г."	"201009"	"АТЫРАУСКАЯ ОБЛАСТЬ"	"0"	"городская местность"	"0"	"Всего"	"0"	"Всего"	"0"	"Всего"	"0"	"6 818"
"Безработное население (в возрасте 15 лет и старше)(Человек)"	"1 квартал 2011 г."	"201103"	"АТЫРАУСКАЯ ОБЛАСТЬ"	"0"	"городская местность"	"0"	"Всего"	"0"	"Всего"	"0"	"Всего"	"0"	"6 125"
"Безработное население (в возрасте 15 лет и старше)(Человек)"	"2 квартал 2013 г."	"201306"	"АТЫРАУСКАЯ ОБЛАСТЬ"	"0"	"городская местность"	"0"	"Всего"	"0"	"Всего"	"0"	"Всего"	"0"	"7 093"
"Безработное население (в возрасте 15 лет и старше)(Человек)"	"4 квартал 2011 г."	"201112"	"АТЫРАУСКАЯ ОБЛАСТЬ"	"0"	"городская местность"	"0"	"Всего"	"0"	"Всего"	"0"	"Всего"	"0"	"7 118"
"Безработное население (в возрасте 15 лет и старше)(Человек)"	"3 квартал 2013 г."	"201309"	"АТЫРАУСКАЯ ОБЛАСТЬ"	"0"	"городская местность"	"0"	"Всего"	"0"	"Всего"	"0"	"Всего"	"0"	"6 744"
"Безработное население (в возрасте 15 лет и старше)(Человек)"	"1 квартал 2013 г."	"201303"	"АТЫРАУСКАЯ ОБЛАСТЬ"	"0"	"городская местность"	"0"	"Всего"	"0"	"Всего"	"0"	"Всего"	"0"	"7 271"
"Безработное население (в возрасте 15 лет и старше)(Человек)"	"4 квартал 2010 г."	"201012"	"АТЫРАУСКАЯ ОБЛАСТЬ"	"0"	"городская местность"	"0"	"Всего"	"0"	"Всего"	"0"	"Всего"	"0"	"6 837"
"Безработное население (в возрасте 15 лет и старше)(Человек)"	"2 квартал 2011 г."	"201106"	"АТЫРАУСКАЯ ОБЛАСТЬ"	"0"	"городская местность"	"0"	"Всего"	"0"	"Всего"	"0"	"Всего"	"0"	"6 230"
"Безработное население (в возрасте 15 лет и старше)(Человек)"	"3 квартал 2015 г."	"201509"	"АТЫРАУСКАЯ ОБЛАСТЬ"	"0"	"городская местность"	"0"	"Всего"	"0"	"Всего"	"0"	"Всего"	"0"	"6 294"
"Безработное население (в возрасте 15 лет и старше)(Человек)"	"4 квартал 2013 г."	"201312"	"АТЫРАУСКАЯ ОБЛАСТЬ"	"0"	"городская местность"	"0"	"Всего"	"0"	"Всего"	"0"	"Всего"	"0"	"6 733"
"Безработное население (в возрасте 15 лет и старше)(Человек)"	"3 квартал 2012 г."	"201209"	"АТЫРАУСКАЯ ОБЛАСТЬ"	"0"	"городская местность"	"0"	"Всего"	"0"	"Всего"	"0"	"Всего"	"0"	"6 384"
"Безработное население (в возрасте 15 лет и старше)(Человек)"	"2 квартал 2017 г."	"201706"	"АТЫРАУСКАЯ ОБЛАСТЬ"	"0"	"городская местность"	"0"	"Всего"	"0"	"Всего"	"0"	"Всего"	"0"	"6 863"
"Безработное население (в возрасте 15 лет и старше)(Человек)"	"1 квартал 2014 г."	"201403"	"АТЫРАУСКАЯ ОБЛАСТЬ"	"0"	"городская местность"	"0"	"Всего"	"0"	"Всего"	"0"	"Всего"	"0"	"6 438"
"Безработное население (в возрасте 15 лет и старше)(Человек)"	"3 квартал 2014 г."	"201409"	"АТЫРАУСКАЯ ОБЛАСТЬ"	"0"	"городская местность"	"0"	"Всего"	"0"	"Всего"	"0"	"Всего"	"0"	"6 747"
"Безработное население (в возрасте 15 лет и старше)(Человек)"	"2 квартал 2014 г."	"201406"	"АТЫРАУСКАЯ ОБЛАСТЬ"	"0"	"городская местность"	"0"	"Всего"	"0"	"Всего"	"0"	"Всего"	"0"	"6 624"
"Безработное население (в возрасте 15 лет и старше)(Человек)"	"4 квартал 2014 г."	"201412"	"АТЫРАУСКАЯ ОБЛАСТЬ"	"0"	"городская местность"	"0"	"Всего"	"0"	"Всего"	"0"	"Всего"	"0"	"6 663"
"Безработное население (в возрасте 15 лет и старше)(Человек)"	"3 квартал 2019 г."	"201909"	"АТЫРАУСКАЯ ОБЛАСТЬ"	"0"	"городская местность"	"0"	"Всего"	"0"	"Всего"	"0"	"Всего"	"0"	"8 598"
"Безработное население (в возрасте 15 лет и старше)(Человек)"	"4 квартал 2015 г."	"201512"	"АТЫРАУСКАЯ ОБЛАСТЬ"	"0"	"городская местность"	"0"	"Всего"	"0"	"Всего"	"0"	"Всего"	"0"	"9 540"
"Безработное население (в возрасте 15 лет и старше)(Человек)"	"4 квартал 2018 г."	"201812"	"АТЫРАУСКАЯ ОБЛАСТЬ"	"0"	"городская местность"	"0"	"Всего"	"0"	"Всего"	"0"	"Всего"	"0"	"7 817"
"Безработное население (в возрасте 15 лет и старше)(Человек)"	"4 квартал 2017 г."	"201712"	"АТЫРАУСКАЯ ОБЛАСТЬ"	"0"	"городская местность"	"0"	"Всего"	"0"	"Всего"	"0"	"Всего"	"0"	"8 163"
"Безработное население (в возрасте 15 лет и старше)(Человек)"	"1 квартал 2017 г."	"201703"	"АТЫРАУСКАЯ ОБЛАСТЬ"	"0"	"городская местность"	"0"	"Всего"	"0"	"Всего"	"0"	"Всего"	"0"	"7 138"
"Безработное население (в возрасте 15 лет и старше)(Человек)"	"2 квартал 2019 г."	"201906"	"АТЫРАУСКАЯ ОБЛАСТЬ"	"0"	"городская местность"	"0"	"Всего"	"0"	"Всего"	"0"	"Всего"	"0"	"8 688"
"Безработное население (в возрасте 15 лет и старше)(Человек)"	"1 квартал 2019 г."	"201903"	"АТЫРАУСКАЯ ОБЛАСТЬ"	"0"	"городская местность"	"0"	"Всего"	"0"	"Всего"	"0"	"Всего"	"0"	"8 621"
"Безработное население (в возрасте 15 лет и старше)(Человек)"	"1 квартал 2018 г."	"201803"	"АТЫРАУСКАЯ ОБЛАСТЬ"	"0"	"городская местность"	"0"	"Всего"	"0"	"Всего"	"0"	"Всего"	"0"	"7 831"
"Безработное население (в возрасте 15 лет и старше)(Человек)"	"3 квартал 2018 г."	"201809"	"АТЫРАУСКАЯ ОБЛАСТЬ"	"0"	"городская местность"	"0"	"Всего"	"0"	"Всего"	"0"	"Всего"	"0"	"7 729"
"Безработное население (в возрасте 15 лет и старше)(Человек)"	"1 квартал 2016 г."	"201603"	"АТЫРАУСКАЯ ОБЛАСТЬ"	"0"	"городская местность"	"0"	"Всего"	"0"	"Всего"	"0"	"Всего"	"0"	"7 923"
"Безработное население (в возрасте 15 лет и старше)(Человек)"	"3 квартал 2016 г."	"201609"	"АТЫРАУСКАЯ ОБЛАСТЬ"	"0"	"городская местность"	"0"	"Всего"	"0"	"Всего"	"0"	"Всего"	"0"	"8 556"
"Безработное население (в возрасте 15 лет и старше)(Человек)"	"3 квартал 2017 г."	"201709"	"АТЫРАУСКАЯ ОБЛАСТЬ"	"0"	"городская местность"	"0"	"Всего"	"0"	"Всего"	"0"	"Всего"	"0"	"7 801"
"Безработное население (в возрасте 15 лет и старше)(Человек)"	"2 квартал 2018 г."	"201806"	"АТЫРАУСКАЯ ОБЛАСТЬ"	"0"	"городская местность"	"0"	"Всего"	"0"	"Всего"	"0"	"Всего"	"0"	"7 460"
"Безработное население (в возрасте 15 лет и старше)(Человек)"	"1 квартал 2021 г."	"202103"	"АТЫРАУСКАЯ ОБЛАСТЬ"	"0"	"городская местность"	"0"	"Всего"	"0"	"Всего"	"0"	"Всего"	"0"	"8 581"
"Безработное население (в возрасте 15 лет и старше)(Человек)"	"2 квартал 2021 г."	"202106"	"АТЫРАУСКАЯ ОБЛАСТЬ"	"0"	"городская местность"	"0"	"Всего"	"0"	"Всего"	"0"	"Всего"	"0"	"9 358"
"Безработное население (в возрасте 15 лет и старше)(Человек)"	"3 квартал 2021 г."	"202109"	"АТЫРАУСКАЯ ОБЛАСТЬ"	"0"	"городская местность"	"0"	"Всего"	"0"	"Всего"	"0"	"Всего"	"0"	"8 624"
"Безработное население (в возрасте 15 лет и старше)(Человек)"	"3 квартал 2020 г."	"202009"	"АТЫРАУСКАЯ ОБЛАСТЬ"	"0"	"городская местность"	"0"	"Всего"	"0"	"Всего"	"0"	"Всего"	"0"	"8 818"
"Безработное население (в возрасте 15 лет и старше)(Человек)"	"4 квартал 2020 г."	"202012"	"АТЫРАУСКАЯ ОБЛАСТЬ"	"0"	"городская местность"	"0"	"Всего"	"0"	"Всего"	"0"	"Всего"	"0"	"8 795"
"Безработное население (в возрасте 15 лет и старше)(Человек)"	"4 квартал 2021 г."	"202112"	"АТЫРАУСКАЯ ОБЛАСТЬ"	"0"	"городская местность"	"0"	"Всего"	"0"	"Всего"	"0"	"Всего"	"0"	"9 353"
"Безработное население (в возрасте 15 лет и старше)(Человек)"	"1 квартал 2020 г."	"202003"	"АТЫРАУСКАЯ ОБЛАСТЬ"	"0"	"городская местность"	"0"	"Всего"	"0"	"Всего"	"0"	"Всего"	"0"	"8 746"
"Безработное население (в возрасте 15 лет и старше)(Человек)"	"2 квартал 2020 г."	"202006"	"АТЫРАУСКАЯ ОБЛАСТЬ"	"0"	"городская местность"	"0"	"Всего"	"0"	"Всего"	"0"	"Всего"	"0"	"9 028"
"Безработное население (в возрасте 15 лет и старше)(Человек)"	"2 квартал 2022 г."	"202206"	"АТЫРАУСКАЯ ОБЛАСТЬ"	"0"	"городская местность"	"0"	"Всего"	"0"	"Всего"	"0"	"Всего"	"0"	"8 530"
"Безработное население (в возрасте 15 лет и старше)(Человек)"	"1 квартал 2022 г."	"202203"	"АТЫРАУСКАЯ ОБЛАСТЬ"	"0"	"городская местность"	"0"	"Всего"	"0"	"Всего"	"0"	"Всего"	"0"	"8 107"
"Безработное население (в возрасте 15 лет и старше)(Человек)"	"4 квартал 2022 г."	"202212"	"АТЫРАУСКАЯ ОБЛАСТЬ"	"0"	"городская местность"	"0"	"Всего"	"0"	"Всего"	"0"	"Всего"	"0"	"9 026"
"Безработное население (в возрасте 15 лет и старше)(Человек)"	"3 квартал 2022 г."	"202209"	"АТЫРАУСКАЯ ОБЛАСТЬ"	"0"	"городская местность"	"0"	"Всего"	"0"	"Всего"	"0"	"Всего"	"0"	"8 059"
"Безработное население (в возрасте 15 лет и старше)(Человек)"	"1 квартал 2023 г."	"202303"	"АТЫРАУСКАЯ ОБЛАСТЬ"	"0"	"городская местность"	"0"	"Всего"	"0"	"Всего"	"0"	"Всего"	"0"	"9 552"
"Безработное население (в возрасте 15 лет и старше)(Человек)"	"3 квартал 2023 г."	"202309"	"АТЫРАУСКАЯ ОБЛАСТЬ"	"0"	"городская местность"	"0"	"Всего"	"0"	"Всего"	"0"	"Всего"	"0"	"10 408"
"Безработное население (в возрасте 15 лет и старше)(Человек)"	"4 квартал 2023 г."	"202312"	"АТЫРАУСКАЯ ОБЛАСТЬ"	"0"	"городская местность"	"0"	"Всего"	"0"	"Всего"	"0"	"Всего"	"0"	"8 793"
"Безработное население (в возрасте 15 лет и старше)(Человек)"	"2 квартал 2023 г."	"202306"	"АТЫРАУСКАЯ ОБЛАСТЬ"	"0"	"городская местность"	"0"	"Всего"	"0"	"Всего"	"0"	"Всего"	"0"	"9 946"
"Безработное население (в возрасте 15 лет и старше)(Человек)"	"1 квартал 2024 г."	"202403"	"АТЫРАУСКАЯ ОБЛАСТЬ"	"0"	"городская местность"	"0"	"Всего"	"0"	"Всего"	"0"	"Всего"	"0"	"10 084"
"Безработное население (в возрасте 15 лет и старше)(Человек)"	"2 квартал 2024 г."	"202406"	"АТЫРАУСКАЯ ОБЛАСТЬ"	"0"	"городская местность"	"0"	"Всего"	"0"	"Всего"	"0"	"Всего"	"0"	"10 072"
"Безработное население (в возрасте 15 лет и старше)(Человек)"	"3 квартал 2024 г."	"202409"	"АТЫРАУСКАЯ ОБЛАСТЬ"	"0"	"городская местность"	"0"	"Всего"	"0"	"Всего"	"0"	"Всего"	"0"	"10 867"
"Безработное население (в возрасте 15 лет и старше)(Человек)"	"4 квартал 2024 г."	"202412"	"АТЫРАУСКАЯ ОБЛАСТЬ"	"0"	"городская местность"	"0"	"Всего"	"0"	"Всего"	"0"	"Всего"	"0"	"9 959"
"Безработное население (в возрасте 15 лет и старше)(Человек)"	"1 квартал 2025 г."	"202503"	"АТЫРАУСКАЯ ОБЛАСТЬ"	"0"	"городская местность"	"0"	"Всего"	"0"	"Всего"	"0"	"Всего"	"0"	"11 222"
"Безработное население (в возрасте 15 лет и старше)(Человек)"	"2 квартал 2025 г."	"202506"	"АТЫРАУСКАЯ ОБЛАСТЬ"	"0"	"городская местность"	"0"	"Всего"	"0"	"Всего"	"0"	"Всего"	"0"	"9 621"
"Безработное население (в возрасте 15 лет и старше)(Человек)"	"2 квартал 2016 г."	"201606"	"АЛМАТИНСКАЯ ОБЛАСТЬ"	"0"	"городская местность"	"0"	"Всего"	"0"	"Всего"	"0"	"Всего"	"0"	"11 520"
"Безработное население (в возрасте 15 лет и старше)(Человек)"	"2 квартал 2010 г."	"201006"	"АЛМАТИНСКАЯ ОБЛАСТЬ"	"0"	"городская местность"	"0"	"Всего"	"0"	"Всего"	"0"	"Всего"	"0"	"12 222"
"Безработное население (в возрасте 15 лет и старше)(Человек)"	"3 квартал 2011 г."	"201109"	"АЛМАТИНСКАЯ ОБЛАСТЬ"	"0"	"городская местность"	"0"	"Всего"	"0"	"Всего"	"0"	"Всего"	"0"	"14 980"
"Безработное население (в возрасте 15 лет и старше)(Человек)"	"1 квартал 2010 г."	"201003"	"АЛМАТИНСКАЯ ОБЛАСТЬ"	"0"	"городская местность"	"0"	"Всего"	"0"	"Всего"	"0"	"Всего"	"0"	"13 326"
"Безработное население (в возрасте 15 лет и старше)(Человек)"	"1 квартал 2015 г."	"201503"	"АЛМАТИНСКАЯ ОБЛАСТЬ"	"0"	"городская местность"	"0"	"Всего"	"0"	"Всего"	"0"	"Всего"	"0"	"13 243"
"Безработное население (в возрасте 15 лет и старше)(Человек)"	"2 квартал 2015 г."	"201506"	"АЛМАТИНСКАЯ ОБЛАСТЬ"	"0"	"городская местность"	"0"	"Всего"	"0"	"Всего"	"0"	"Всего"	"0"	"14 398"
"Безработное население (в возрасте 15 лет и старше)(Человек)"	"1 квартал 2012 г."	"201203"	"АЛМАТИНСКАЯ ОБЛАСТЬ"	"0"	"городская местность"	"0"	"Всего"	"0"	"Всего"	"0"	"Всего"	"0"	"10 446"
"Безработное население (в возрасте 15 лет и старше)(Человек)"	"2 квартал 2012 г."	"201206"	"АЛМАТИНСКАЯ ОБЛАСТЬ"	"0"	"городская местность"	"0"	"Всего"	"0"	"Всего"	"0"	"Всего"	"0"	"10 569"
"Безработное население (в возрасте 15 лет и старше)(Человек)"	"4 квартал 2012 г."	"201212"	"АЛМАТИНСКАЯ ОБЛАСТЬ"	"0"	"городская местность"	"0"	"Всего"	"0"	"Всего"	"0"	"Всего"	"0"	"10 414"
"Безработное население (в возрасте 15 лет и старше)(Человек)"	"4 квартал 2019 г."	"201912"	"АЛМАТИНСКАЯ ОБЛАСТЬ"	"0"	"городская местность"	"0"	"Всего"	"0"	"Всего"	"0"	"Всего"	"0"	"12 349"
"Безработное население (в возрасте 15 лет и старше)(Человек)"	"4 квартал 2016 г."	"201612"	"АЛМАТИНСКАЯ ОБЛАСТЬ"	"0"	"городская местность"	"0"	"Всего"	"0"	"Всего"	"0"	"Всего"	"0"	"12 250"
"Безработное население (в возрасте 15 лет и старше)(Человек)"	"3 квартал 2010 г."	"201009"	"АЛМАТИНСКАЯ ОБЛАСТЬ"	"0"	"городская местность"	"0"	"Всего"	"0"	"Всего"	"0"	"Всего"	"0"	"11 031"
"Безработное население (в возрасте 15 лет и старше)(Человек)"	"1 квартал 2011 г."	"201103"	"АЛМАТИНСКАЯ ОБЛАСТЬ"	"0"	"городская местность"	"0"	"Всего"	"0"	"Всего"	"0"	"Всего"	"0"	"11 021"
"Безработное население (в возрасте 15 лет и старше)(Человек)"	"2 квартал 2013 г."	"201306"	"АЛМАТИНСКАЯ ОБЛАСТЬ"	"0"	"городская местность"	"0"	"Всего"	"0"	"Всего"	"0"	"Всего"	"0"	"11 372"
"Безработное население (в возрасте 15 лет и старше)(Человек)"	"4 квартал 2011 г."	"201112"	"АЛМАТИНСКАЯ ОБЛАСТЬ"	"0"	"городская местность"	"0"	"Всего"	"0"	"Всего"	"0"	"Всего"	"0"	"15 171"
"Безработное население (в возрасте 15 лет и старше)(Человек)"	"3 квартал 2013 г."	"201309"	"АЛМАТИНСКАЯ ОБЛАСТЬ"	"0"	"городская местность"	"0"	"Всего"	"0"	"Всего"	"0"	"Всего"	"0"	"12 174"
"Безработное население (в возрасте 15 лет и старше)(Человек)"	"1 квартал 2013 г."	"201303"	"АЛМАТИНСКАЯ ОБЛАСТЬ"	"0"	"городская местность"	"0"	"Всего"	"0"	"Всего"	"0"	"Всего"	"0"	"11 273"
"Безработное население (в возрасте 15 лет и старше)(Человек)"	"4 квартал 2010 г."	"201012"	"АЛМАТИНСКАЯ ОБЛАСТЬ"	"0"	"городская местность"	"0"	"Всего"	"0"	"Всего"	"0"	"Всего"	"0"	"10 945"
"Безработное население (в возрасте 15 лет и старше)(Человек)"	"2 квартал 2011 г."	"201106"	"АЛМАТИНСКАЯ ОБЛАСТЬ"	"0"	"городская местность"	"0"	"Всего"	"0"	"Всего"	"0"	"Всего"	"0"	"10 555"
"Безработное население (в возрасте 15 лет и старше)(Человек)"	"3 квартал 2015 г."	"201509"	"АЛМАТИНСКАЯ ОБЛАСТЬ"	"0"	"городская местность"	"0"	"Всего"	"0"	"Всего"	"0"	"Всего"	"0"	"13 096"
"Безработное население (в возрасте 15 лет и старше)(Человек)"	"4 квартал 2013 г."	"201312"	"АЛМАТИНСКАЯ ОБЛАСТЬ"	"0"	"городская местность"	"0"	"Всего"	"0"	"Всего"	"0"	"Всего"	"0"	"10 295"
"Безработное население (в возрасте 15 лет и старше)(Человек)"	"3 квартал 2012 г."	"201209"	"АЛМАТИНСКАЯ ОБЛАСТЬ"	"0"	"городская местность"	"0"	"Всего"	"0"	"Всего"	"0"	"Всего"	"0"	"10 424"
"Безработное население (в возрасте 15 лет и старше)(Человек)"	"2 квартал 2017 г."	"201706"	"АЛМАТИНСКАЯ ОБЛАСТЬ"	"0"	"городская местность"	"0"	"Всего"	"0"	"Всего"	"0"	"Всего"	"0"	"7 731"
"Безработное население (в возрасте 15 лет и старше)(Человек)"	"1 квартал 2014 г."	"201403"	"АЛМАТИНСКАЯ ОБЛАСТЬ"	"0"	"городская местность"	"0"	"Всего"	"0"	"Всего"	"0"	"Всего"	"0"	"10 213"
"Безработное население (в возрасте 15 лет и старше)(Человек)"	"3 квартал 2014 г."	"201409"	"АЛМАТИНСКАЯ ОБЛАСТЬ"	"0"	"городская местность"	"0"	"Всего"	"0"	"Всего"	"0"	"Всего"	"0"	"9 553"
"Безработное население (в возрасте 15 лет и старше)(Человек)"	"2 квартал 2014 г."	"201406"	"АЛМАТИНСКАЯ ОБЛАСТЬ"	"0"	"городская местность"	"0"	"Всего"	"0"	"Всего"	"0"	"Всего"	"0"	"10 256"
"Безработное население (в возрасте 15 лет и старше)(Человек)"	"4 квартал 2014 г."	"201412"	"АЛМАТИНСКАЯ ОБЛАСТЬ"	"0"	"городская местность"	"0"	"Всего"	"0"	"Всего"	"0"	"Всего"	"0"	"9 536"
"Безработное население (в возрасте 15 лет и старше)(Человек)"	"3 квартал 2019 г."	"201909"	"АЛМАТИНСКАЯ ОБЛАСТЬ"	"0"	"городская местность"	"0"	"Всего"	"0"	"Всего"	"0"	"Всего"	"0"	"12 229"
"Безработное население (в возрасте 15 лет и старше)(Человек)"	"4 квартал 2015 г."	"201512"	"АЛМАТИНСКАЯ ОБЛАСТЬ"	"0"	"городская местность"	"0"	"Всего"	"0"	"Всего"	"0"	"Всего"	"0"	"9 999"
"Безработное население (в возрасте 15 лет и старше)(Человек)"	"4 квартал 2018 г."	"201812"	"АЛМАТИНСКАЯ ОБЛАСТЬ"	"0"	"городская местность"	"0"	"Всего"	"0"	"Всего"	"0"	"Всего"	"0"	"13 505"
"Безработное население (в возрасте 15 лет и старше)(Человек)"	"4 квартал 2017 г."	"201712"	"АЛМАТИНСКАЯ ОБЛАСТЬ"	"0"	"городская местность"	"0"	"Всего"	"0"	"Всего"	"0"	"Всего"	"0"	"9 799"
"Безработное население (в возрасте 15 лет и старше)(Человек)"	"1 квартал 2017 г."	"201703"	"АЛМАТИНСКАЯ ОБЛАСТЬ"	"0"	"городская местность"	"0"	"Всего"	"0"	"Всего"	"0"	"Всего"	"0"	"11 490"
"Безработное население (в возрасте 15 лет и старше)(Человек)"	"2 квартал 2019 г."	"201906"	"АЛМАТИНСКАЯ ОБЛАСТЬ"	"0"	"городская местность"	"0"	"Всего"	"0"	"Всего"	"0"	"Всего"	"0"	"14 303"
"Безработное население (в возрасте 15 лет и старше)(Человек)"	"1 квартал 2019 г."	"201903"	"АЛМАТИНСКАЯ ОБЛАСТЬ"	"0"	"городская местность"	"0"	"Всего"	"0"	"Всего"	"0"	"Всего"	"0"	"11 346"
"Безработное население (в возрасте 15 лет и старше)(Человек)"	"1 квартал 2018 г."	"201803"	"АЛМАТИНСКАЯ ОБЛАСТЬ"	"0"	"городская местность"	"0"	"Всего"	"0"	"Всего"	"0"	"Всего"	"0"	"9 079"
"Безработное население (в возрасте 15 лет и старше)(Человек)"	"3 квартал 2018 г."	"201809"	"АЛМАТИНСКАЯ ОБЛАСТЬ"	"0"	"городская местность"	"0"	"Всего"	"0"	"Всего"	"0"	"Всего"	"0"	"10 230"
"Безработное население (в возрасте 15 лет и старше)(Человек)"	"1 квартал 2016 г."	"201603"	"АЛМАТИНСКАЯ ОБЛАСТЬ"	"0"	"городская местность"	"0"	"Всего"	"0"	"Всего"	"0"	"Всего"	"0"	"11 448"
"Безработное население (в возрасте 15 лет и старше)(Человек)"	"3 квартал 2016 г."	"201609"	"АЛМАТИНСКАЯ ОБЛАСТЬ"	"0"	"городская местность"	"0"	"Всего"	"0"	"Всего"	"0"	"Всего"	"0"	"10 285"
"Безработное население (в возрасте 15 лет и старше)(Человек)"	"3 квартал 2017 г."	"201709"	"АЛМАТИНСКАЯ ОБЛАСТЬ"	"0"	"городская местность"	"0"	"Всего"	"0"	"Всего"	"0"	"Всего"	"0"	"7 021"
"Безработное население (в возрасте 15 лет и старше)(Человек)"	"2 квартал 2018 г."	"201806"	"АЛМАТИНСКАЯ ОБЛАСТЬ"	"0"	"городская местность"	"0"	"Всего"	"0"	"Всего"	"0"	"Всего"	"0"	"7 213"
"Безработное население (в возрасте 15 лет и старше)(Человек)"	"1 квартал 2021 г."	"202103"	"АЛМАТИНСКАЯ ОБЛАСТЬ"	"0"	"городская местность"	"0"	"Всего"	"0"	"Всего"	"0"	"Всего"	"0"	"10 214"
"Безработное население (в возрасте 15 лет и старше)(Человек)"	"2 квартал 2021 г."	"202106"	"АЛМАТИНСКАЯ ОБЛАСТЬ"	"0"	"городская местность"	"0"	"Всего"	"0"	"Всего"	"0"	"Всего"	"0"	"12 429"
"Безработное население (в возрасте 15 лет и старше)(Человек)"	"3 квартал 2021 г."	"202109"	"АЛМАТИНСКАЯ ОБЛАСТЬ"	"0"	"городская местность"	"0"	"Всего"	"0"	"Всего"	"0"	"Всего"	"0"	"14 243"
"Безработное население (в возрасте 15 лет и старше)(Человек)"	"3 квартал 2020 г."	"202009"	"АЛМАТИНСКАЯ ОБЛАСТЬ"	"0"	"городская местность"	"0"	"Всего"	"0"	"Всего"	"0"	"Всего"	"0"	"13 459"
"Безработное население (в возрасте 15 лет и старше)(Человек)"	"4 квартал 2020 г."	"202012"	"АЛМАТИНСКАЯ ОБЛАСТЬ"	"0"	"городская местность"	"0"	"Всего"	"0"	"Всего"	"0"	"Всего"	"0"	"11 784"
"Безработное население (в возрасте 15 лет и старше)(Человек)"	"4 квартал 2021 г."	"202112"	"АЛМАТИНСКАЯ ОБЛАСТЬ"	"0"	"городская местность"	"0"	"Всего"	"0"	"Всего"	"0"	"Всего"	"0"	"12 240"
"Безработное население (в возрасте 15 лет и старше)(Человек)"	"1 квартал 2020 г."	"202003"	"АЛМАТИНСКАЯ ОБЛАСТЬ"	"0"	"городская местность"	"0"	"Всего"	"0"	"Всего"	"0"	"Всего"	"0"	"13 594"
"Безработное население (в возрасте 15 лет и старше)(Человек)"	"2 квартал 2020 г."	"202006"	"АЛМАТИНСКАЯ ОБЛАСТЬ"	"0"	"городская местность"	"0"	"Всего"	"0"	"Всего"	"0"	"Всего"	"0"	"12 942"
"Безработное население (в возрасте 15 лет и старше)(Человек)"	"2 квартал 2022 г."	"202206"	"АЛМАТИНСКАЯ ОБЛАСТЬ"	"0"	"городская местность"	"0"	"Всего"	"0"	"Всего"	"0"	"Всего"	"0"	"4 657"
"Безработное население (в возрасте 15 лет и старше)(Человек)"	"1 квартал 2022 г."	"202203"	"АЛМАТИНСКАЯ ОБЛАСТЬ"	"0"	"городская местность"	"0"	"Всего"	"0"	"Всего"	"0"	"Всего"	"0"	"14 030"
"Безработное население (в возрасте 15 лет и старше)(Человек)"	"4 квартал 2022 г."	"202212"	"АЛМАТИНСКАЯ ОБЛАСТЬ"	"0"	"городская местность"	"0"	"Всего"	"0"	"Всего"	"0"	"Всего"	"0"	"6 664"
"Безработное население (в возрасте 15 лет и старше)(Человек)"	"3 квартал 2022 г."	"202209"	"АЛМАТИНСКАЯ ОБЛАСТЬ"	"0"	"городская местность"	"0"	"Всего"	"0"	"Всего"	"0"	"Всего"	"0"	"5 887"
"Безработное население (в возрасте 15 лет и старше)(Человек)"	"1 квартал 2023 г."	"202303"	"АЛМАТИНСКАЯ ОБЛАСТЬ"	"0"	"городская местность"	"0"	"Всего"	"0"	"Всего"	"0"	"Всего"	"0"	"5 244"
"Безработное население (в возрасте 15 лет и старше)(Человек)"	"3 квартал 2023 г."	"202309"	"АЛМАТИНСКАЯ ОБЛАСТЬ"	"0"	"городская местность"	"0"	"Всего"	"0"	"Всего"	"0"	"Всего"	"0"	"7 102"
"Безработное население (в возрасте 15 лет и старше)(Человек)"	"4 квартал 2023 г."	"202312"	"АЛМАТИНСКАЯ ОБЛАСТЬ"	"0"	"городская местность"	"0"	"Всего"	"0"	"Всего"	"0"	"Всего"	"0"	"8 063"
"Безработное население (в возрасте 15 лет и старше)(Человек)"	"2 квартал 2023 г."	"202306"	"АЛМАТИНСКАЯ ОБЛАСТЬ"	"0"	"городская местность"	"0"	"Всего"	"0"	"Всего"	"0"	"Всего"	"0"	"5 836"
"Безработное население (в возрасте 15 лет и старше)(Человек)"	"1 квартал 2024 г."	"202403"	"АЛМАТИНСКАЯ ОБЛАСТЬ"	"0"	"городская местность"	"0"	"Всего"	"0"	"Всего"	"0"	"Всего"	"0"	"7 697"
"Безработное население (в возрасте 15 лет и старше)(Человек)"	"2 квартал 2024 г."	"202406"	"АЛМАТИНСКАЯ ОБЛАСТЬ"	"0"	"городская местность"	"0"	"Всего"	"0"	"Всего"	"0"	"Всего"	"0"	"8 994"
"Безработное население (в возрасте 15 лет и старше)(Человек)"	"3 квартал 2024 г."	"202409"	"АЛМАТИНСКАЯ ОБЛАСТЬ"	"0"	"городская местность"	"0"	"Всего"	"0"	"Всего"	"0"	"Всего"	"0"	"8 329"
"Безработное население (в возрасте 15 лет и старше)(Человек)"	"4 квартал 2024 г."	"202412"	"АЛМАТИНСКАЯ ОБЛАСТЬ"	"0"	"городская местность"	"0"	"Всего"	"0"	"Всего"	"0"	"Всего"	"0"	"9 149"
"Безработное население (в возрасте 15 лет и старше)(Человек)"	"1 квартал 2025 г."	"202503"	"АЛМАТИНСКАЯ ОБЛАСТЬ"	"0"	"городская местность"	"0"	"Всего"	"0"	"Всего"	"0"	"Всего"	"0"	"7 570"
"Безработное население (в возрасте 15 лет и старше)(Человек)"	"2 квартал 2025 г."	"202506"	"АЛМАТИНСКАЯ ОБЛАСТЬ"	"0"	"городская местность"	"0"	"Всего"	"0"	"Всего"	"0"	"Всего"	"0"	"7 806"
"Безработное население (в возрасте 15 лет и старше)(Человек)"	"2 квартал 2016 г."	"201606"	"АКТЮБИНСКАЯ ОБЛАСТЬ"	"0"	"городская местность"	"0"	"Всего"	"0"	"Всего"	"0"	"Всего"	"0"	"14 444"
"Безработное население (в возрасте 15 лет и старше)(Человек)"	"2 квартал 2010 г."	"201006"	"АКТЮБИНСКАЯ ОБЛАСТЬ"	"0"	"городская местность"	"0"	"Всего"	"0"	"Всего"	"0"	"Всего"	"0"	"10 627"
"Безработное население (в возрасте 15 лет и старше)(Человек)"	"3 квартал 2011 г."	"201109"	"АКТЮБИНСКАЯ ОБЛАСТЬ"	"0"	"городская местность"	"0"	"Всего"	"0"	"Всего"	"0"	"Всего"	"0"	"12 172"
"Безработное население (в возрасте 15 лет и старше)(Человек)"	"1 квартал 2010 г."	"201003"	"АКТЮБИНСКАЯ ОБЛАСТЬ"	"0"	"городская местность"	"0"	"Всего"	"0"	"Всего"	"0"	"Всего"	"0"	"12 700"
"Безработное население (в возрасте 15 лет и старше)(Человек)"	"1 квартал 2015 г."	"201503"	"АКТЮБИНСКАЯ ОБЛАСТЬ"	"0"	"городская местность"	"0"	"Всего"	"0"	"Всего"	"0"	"Всего"	"0"	"13 627"
"Безработное население (в возрасте 15 лет и старше)(Человек)"	"2 квартал 2015 г."	"201506"	"АКТЮБИНСКАЯ ОБЛАСТЬ"	"0"	"городская местность"	"0"	"Всего"	"0"	"Всего"	"0"	"Всего"	"0"	"13 475"
"Безработное население (в возрасте 15 лет и старше)(Человек)"	"1 квартал 2012 г."	"201203"	"АКТЮБИНСКАЯ ОБЛАСТЬ"	"0"	"городская местность"	"0"	"Всего"	"0"	"Всего"	"0"	"Всего"	"0"	"16 341"
"Безработное население (в возрасте 15 лет и старше)(Человек)"	"2 квартал 2012 г."	"201206"	"АКТЮБИНСКАЯ ОБЛАСТЬ"	"0"	"городская местность"	"0"	"Всего"	"0"	"Всего"	"0"	"Всего"	"0"	"13 546"
"Безработное население (в возрасте 15 лет и старше)(Человек)"	"4 квартал 2012 г."	"201212"	"АКТЮБИНСКАЯ ОБЛАСТЬ"	"0"	"городская местность"	"0"	"Всего"	"0"	"Всего"	"0"	"Всего"	"0"	"15 192"
"Безработное население (в возрасте 15 лет и старше)(Человек)"	"4 квартал 2019 г."	"201912"	"АКТЮБИНСКАЯ ОБЛАСТЬ"	"0"	"городская местность"	"0"	"Всего"	"0"	"Всего"	"0"	"Всего"	"0"	"15 489"
"Безработное население (в возрасте 15 лет и старше)(Человек)"	"4 квартал 2016 г."	"201612"	"АКТЮБИНСКАЯ ОБЛАСТЬ"	"0"	"городская местность"	"0"	"Всего"	"0"	"Всего"	"0"	"Всего"	"0"	"12 670"
"Безработное население (в возрасте 15 лет и старше)(Человек)"	"3 квартал 2010 г."	"201009"	"АКТЮБИНСКАЯ ОБЛАСТЬ"	"0"	"городская местность"	"0"	"Всего"	"0"	"Всего"	"0"	"Всего"	"0"	"9 858"
"Безработное население (в возрасте 15 лет и старше)(Человек)"	"1 квартал 2011 г."	"201103"	"АКТЮБИНСКАЯ ОБЛАСТЬ"	"0"	"городская местность"	"0"	"Всего"	"0"	"Всего"	"0"	"Всего"	"0"	"9 337"
"Безработное население (в возрасте 15 лет и старше)(Человек)"	"2 квартал 2013 г."	"201306"	"АКТЮБИНСКАЯ ОБЛАСТЬ"	"0"	"городская местность"	"0"	"Всего"	"0"	"Всего"	"0"	"Всего"	"0"	"14 615"
"Безработное население (в возрасте 15 лет и старше)(Человек)"	"4 квартал 2011 г."	"201112"	"АКТЮБИНСКАЯ ОБЛАСТЬ"	"0"	"городская местность"	"0"	"Всего"	"0"	"Всего"	"0"	"Всего"	"0"	"12 739"
"Безработное население (в возрасте 15 лет и старше)(Человек)"	"3 квартал 2013 г."	"201309"	"АКТЮБИНСКАЯ ОБЛАСТЬ"	"0"	"городская местность"	"0"	"Всего"	"0"	"Всего"	"0"	"Всего"	"0"	"14 093"
"Безработное население (в возрасте 15 лет и старше)(Человек)"	"1 квартал 2013 г."	"201303"	"АКТЮБИНСКАЯ ОБЛАСТЬ"	"0"	"городская местность"	"0"	"Всего"	"0"	"Всего"	"0"	"Всего"	"0"	"15 418"
"Безработное население (в возрасте 15 лет и старше)(Человек)"	"4 квартал 2010 г."	"201012"	"АКТЮБИНСКАЯ ОБЛАСТЬ"	"0"	"городская местность"	"0"	"Всего"	"0"	"Всего"	"0"	"Всего"	"0"	"9 929"
"Безработное население (в возрасте 15 лет и старше)(Человек)"	"2 квартал 2011 г."	"201106"	"АКТЮБИНСКАЯ ОБЛАСТЬ"	"0"	"городская местность"	"0"	"Всего"	"0"	"Всего"	"0"	"Всего"	"0"	"9 661"
"Безработное население (в возрасте 15 лет и старше)(Человек)"	"3 квартал 2015 г."	"201509"	"АКТЮБИНСКАЯ ОБЛАСТЬ"	"0"	"городская местность"	"0"	"Всего"	"0"	"Всего"	"0"	"Всего"	"0"	"11 788"
"Безработное население (в возрасте 15 лет и старше)(Человек)"	"4 квартал 2013 г."	"201312"	"АКТЮБИНСКАЯ ОБЛАСТЬ"	"0"	"городская местность"	"0"	"Всего"	"0"	"Всего"	"0"	"Всего"	"0"	"14 036"
"Безработное население (в возрасте 15 лет и старше)(Человек)"	"3 квартал 2012 г."	"201209"	"АКТЮБИНСКАЯ ОБЛАСТЬ"	"0"	"городская местность"	"0"	"Всего"	"0"	"Всего"	"0"	"Всего"	"0"	"14 009"
"Безработное население (в возрасте 15 лет и старше)(Человек)"	"2 квартал 2017 г."	"201706"	"АКТЮБИНСКАЯ ОБЛАСТЬ"	"0"	"городская местность"	"0"	"Всего"	"0"	"Всего"	"0"	"Всего"	"0"	"13 061"
"Безработное население (в возрасте 15 лет и старше)(Человек)"	"1 квартал 2014 г."	"201403"	"АКТЮБИНСКАЯ ОБЛАСТЬ"	"0"	"городская местность"	"0"	"Всего"	"0"	"Всего"	"0"	"Всего"	"0"	"14 206"
"Безработное население (в возрасте 15 лет и старше)(Человек)"	"3 квартал 2014 г."	"201409"	"АКТЮБИНСКАЯ ОБЛАСТЬ"	"0"	"городская местность"	"0"	"Всего"	"0"	"Всего"	"0"	"Всего"	"0"	"13 423"
"Безработное население (в возрасте 15 лет и старше)(Человек)"	"2 квартал 2014 г."	"201406"	"АКТЮБИНСКАЯ ОБЛАСТЬ"	"0"	"городская местность"	"0"	"Всего"	"0"	"Всего"	"0"	"Всего"	"0"	"13 851"
"Безработное население (в возрасте 15 лет и старше)(Человек)"	"4 квартал 2014 г."	"201412"	"АКТЮБИНСКАЯ ОБЛАСТЬ"	"0"	"городская местность"	"0"	"Всего"	"0"	"Всего"	"0"	"Всего"	"0"	"12 734"
"Безработное население (в возрасте 15 лет и старше)(Человек)"	"3 квартал 2019 г."	"201909"	"АКТЮБИНСКАЯ ОБЛАСТЬ"	"0"	"городская местность"	"0"	"Всего"	"0"	"Всего"	"0"	"Всего"	"0"	"14 657"
"Безработное население (в возрасте 15 лет и старше)(Человек)"	"4 квартал 2015 г."	"201512"	"АКТЮБИНСКАЯ ОБЛАСТЬ"	"0"	"городская местность"	"0"	"Всего"	"0"	"Всего"	"0"	"Всего"	"0"	"14 014"
"Безработное население (в возрасте 15 лет и старше)(Человек)"	"4 квартал 2018 г."	"201812"	"АКТЮБИНСКАЯ ОБЛАСТЬ"	"0"	"городская местность"	"0"	"Всего"	"0"	"Всего"	"0"	"Всего"	"0"	"12 097"
"Безработное население (в возрасте 15 лет и старше)(Человек)"	"4 квартал 2017 г."	"201712"	"АКТЮБИНСКАЯ ОБЛАСТЬ"	"0"	"городская местность"	"0"	"Всего"	"0"	"Всего"	"0"	"Всего"	"0"	"12 582"
"Безработное население (в возрасте 15 лет и старше)(Человек)"	"1 квартал 2017 г."	"201703"	"АКТЮБИНСКАЯ ОБЛАСТЬ"	"0"	"городская местность"	"0"	"Всего"	"0"	"Всего"	"0"	"Всего"	"0"	"12 801"
"Безработное население (в возрасте 15 лет и старше)(Человек)"	"2 квартал 2019 г."	"201906"	"АКТЮБИНСКАЯ ОБЛАСТЬ"	"0"	"городская местность"	"0"	"Всего"	"0"	"Всего"	"0"	"Всего"	"0"	"13 962"
"Безработное население (в возрасте 15 лет и старше)(Человек)"	"1 квартал 2019 г."	"201903"	"АКТЮБИНСКАЯ ОБЛАСТЬ"	"0"	"городская местность"	"0"	"Всего"	"0"	"Всего"	"0"	"Всего"	"0"	"15 022"
"Безработное население (в возрасте 15 лет и старше)(Человек)"	"1 квартал 2018 г."	"201803"	"АКТЮБИНСКАЯ ОБЛАСТЬ"	"0"	"городская местность"	"0"	"Всего"	"0"	"Всего"	"0"	"Всего"	"0"	"13 177"
"Безработное население (в возрасте 15 лет и старше)(Человек)"	"3 квартал 2018 г."	"201809"	"АКТЮБИНСКАЯ ОБЛАСТЬ"	"0"	"городская местность"	"0"	"Всего"	"0"	"Всего"	"0"	"Всего"	"0"	"12 723"
"Безработное население (в возрасте 15 лет и старше)(Человек)"	"1 квартал 2016 г."	"201603"	"АКТЮБИНСКАЯ ОБЛАСТЬ"	"0"	"городская местность"	"0"	"Всего"	"0"	"Всего"	"0"	"Всего"	"0"	"12 153"
"Безработное население (в возрасте 15 лет и старше)(Человек)"	"3 квартал 2016 г."	"201609"	"АКТЮБИНСКАЯ ОБЛАСТЬ"	"0"	"городская местность"	"0"	"Всего"	"0"	"Всего"	"0"	"Всего"	"0"	"16 057"
"Безработное население (в возрасте 15 лет и старше)(Человек)"	"3 квартал 2017 г."	"201709"	"АКТЮБИНСКАЯ ОБЛАСТЬ"	"0"	"городская местность"	"0"	"Всего"	"0"	"Всего"	"0"	"Всего"	"0"	"13 353"
"Безработное население (в возрасте 15 лет и старше)(Человек)"	"2 квартал 2018 г."	"201806"	"АКТЮБИНСКАЯ ОБЛАСТЬ"	"0"	"городская местность"	"0"	"Всего"	"0"	"Всего"	"0"	"Всего"	"0"	"13 934"
"Безработное население (в возрасте 15 лет и старше)(Человек)"	"1 квартал 2021 г."	"202103"	"АКТЮБИНСКАЯ ОБЛАСТЬ"	"0"	"городская местность"	"0"	"Всего"	"0"	"Всего"	"0"	"Всего"	"0"	"15 498"
"Безработное население (в возрасте 15 лет и старше)(Человек)"	"2 квартал 2021 г."	"202106"	"АКТЮБИНСКАЯ ОБЛАСТЬ"	"0"	"городская местность"	"0"	"Всего"	"0"	"Всего"	"0"	"Всего"	"0"	"13 957"
"Безработное население (в возрасте 15 лет и старше)(Человек)"	"3 квартал 2021 г."	"202109"	"АКТЮБИНСКАЯ ОБЛАСТЬ"	"0"	"городская местность"	"0"	"Всего"	"0"	"Всего"	"0"	"Всего"	"0"	"14 035"
"Безработное население (в возрасте 15 лет и старше)(Человек)"	"3 квартал 2020 г."	"202009"	"АКТЮБИНСКАЯ ОБЛАСТЬ"	"0"	"городская местность"	"0"	"Всего"	"0"	"Всего"	"0"	"Всего"	"0"	"15 326"
"Безработное население (в возрасте 15 лет и старше)(Человек)"	"4 квартал 2020 г."	"202012"	"АКТЮБИНСКАЯ ОБЛАСТЬ"	"0"	"городская местность"	"0"	"Всего"	"0"	"Всего"	"0"	"Всего"	"0"	"14 384"
"Безработное население (в возрасте 15 лет и старше)(Человек)"	"4 квартал 2021 г."	"202112"	"АКТЮБИНСКАЯ ОБЛАСТЬ"	"0"	"городская местность"	"0"	"Всего"	"0"	"Всего"	"0"	"Всего"	"0"	"15 586"
"Безработное население (в возрасте 15 лет и старше)(Человек)"	"1 квартал 2020 г."	"202003"	"АКТЮБИНСКАЯ ОБЛАСТЬ"	"0"	"городская местность"	"0"	"Всего"	"0"	"Всего"	"0"	"Всего"	"0"	"14 470"
"Безработное население (в возрасте 15 лет и старше)(Человек)"	"2 квартал 2020 г."	"202006"	"АКТЮБИНСКАЯ ОБЛАСТЬ"	"0"	"городская местность"	"0"	"Всего"	"0"	"Всего"	"0"	"Всего"	"0"	"15 503"
"Безработное население (в возрасте 15 лет и старше)(Человек)"	"2 квартал 2022 г."	"202206"	"АКТЮБИНСКАЯ ОБЛАСТЬ"	"0"	"городская местность"	"0"	"Всего"	"0"	"Всего"	"0"	"Всего"	"0"	"13 964"
"Безработное население (в возрасте 15 лет и старше)(Человек)"	"1 квартал 2022 г."	"202203"	"АКТЮБИНСКАЯ ОБЛАСТЬ"	"0"	"городская местность"	"0"	"Всего"	"0"	"Всего"	"0"	"Всего"	"0"	"14 181"
"Безработное население (в возрасте 15 лет и старше)(Человек)"	"4 квартал 2022 г."	"202212"	"АКТЮБИНСКАЯ ОБЛАСТЬ"	"0"	"городская местность"	"0"	"Всего"	"0"	"Всего"	"0"	"Всего"	"0"	"15 397"
"Безработное население (в возрасте 15 лет и старше)(Человек)"	"3 квартал 2022 г."	"202209"	"АКТЮБИНСКАЯ ОБЛАСТЬ"	"0"	"городская местность"	"0"	"Всего"	"0"	"Всего"	"0"	"Всего"	"0"	"14 867"
"Безработное население (в возрасте 15 лет и старше)(Человек)"	"1 квартал 2023 г."	"202303"	"АКТЮБИНСКАЯ ОБЛАСТЬ"	"0"	"городская местность"	"0"	"Всего"	"0"	"Всего"	"0"	"Всего"	"0"	"15 287"
"Безработное население (в возрасте 15 лет и старше)(Человек)"	"3 квартал 2023 г."	"202309"	"АКТЮБИНСКАЯ ОБЛАСТЬ"	"0"	"городская местность"	"0"	"Всего"	"0"	"Всего"	"0"	"Всего"	"0"	"15 121"
"Безработное население (в возрасте 15 лет и старше)(Человек)"	"4 квартал 2023 г."	"202312"	"АКТЮБИНСКАЯ ОБЛАСТЬ"	"0"	"городская местность"	"0"	"Всего"	"0"	"Всего"	"0"	"Всего"	"0"	"14 883"
"Безработное население (в возрасте 15 лет и старше)(Человек)"	"2 квартал 2023 г."	"202306"	"АКТЮБИНСКАЯ ОБЛАСТЬ"	"0"	"городская местность"	"0"	"Всего"	"0"	"Всего"	"0"	"Всего"	"0"	"15 307"
"Безработное население (в возрасте 15 лет и старше)(Человек)"	"1 квартал 2024 г."	"202403"	"АКТЮБИНСКАЯ ОБЛАСТЬ"	"0"	"городская местность"	"0"	"Всего"	"0"	"Всего"	"0"	"Всего"	"0"	"15 468"
"Безработное население (в возрасте 15 лет и старше)(Человек)"	"2 квартал 2024 г."	"202406"	"АКТЮБИНСКАЯ ОБЛАСТЬ"	"0"	"городская местность"	"0"	"Всего"	"0"	"Всего"	"0"	"Всего"	"0"	"16 119"
"Безработное население (в возрасте 15 лет и старше)(Человек)"	"3 квартал 2024 г."	"202409"	"АКТЮБИНСКАЯ ОБЛАСТЬ"	"0"	"городская местность"	"0"	"Всего"	"0"	"Всего"	"0"	"Всего"	"0"	"15 768"
"Безработное население (в возрасте 15 лет и старше)(Человек)"	"4 квартал 2024 г."	"202412"	"АКТЮБИНСКАЯ ОБЛАСТЬ"	"0"	"городская местность"	"0"	"Всего"	"0"	"Всего"	"0"	"Всего"	"0"	"16 056"
"Безработное население (в возрасте 15 лет и старше)(Человек)"	"1 квартал 2025 г."	"202503"	"АКТЮБИНСКАЯ ОБЛАСТЬ"	"0"	"городская местность"	"0"	"Всего"	"0"	"Всего"	"0"	"Всего"	"0"	"18 166"
"Безработное население (в возрасте 15 лет и старше)(Человек)"	"2 квартал 2025 г."	"202506"	"АКТЮБИНСКАЯ ОБЛАСТЬ"	"0"	"городская местность"	"0"	"Всего"	"0"	"Всего"	"0"	"Всего"	"0"	"17 175"
"Безработное население (в возрасте 15 лет и старше)(Человек)"	"2 квартал 2016 г."	"201606"	"АКМОЛИНСКАЯ ОБЛАСТЬ"	"0"	"городская местность"	"0"	"Всего"	"0"	"Всего"	"0"	"Всего"	"0"	"9 204"
"Безработное население (в возрасте 15 лет и старше)(Человек)"	"2 квартал 2010 г."	"201006"	"АКМОЛИНСКАЯ ОБЛАСТЬ"	"0"	"городская местность"	"0"	"Всего"	"0"	"Всего"	"0"	"Всего"	"0"	"10 417"
"Безработное население (в возрасте 15 лет и старше)(Человек)"	"3 квартал 2011 г."	"201109"	"АКМОЛИНСКАЯ ОБЛАСТЬ"	"0"	"городская местность"	"0"	"Всего"	"0"	"Всего"	"0"	"Всего"	"0"	"9 891"
"Безработное население (в возрасте 15 лет и старше)(Человек)"	"1 квартал 2010 г."	"201003"	"АКМОЛИНСКАЯ ОБЛАСТЬ"	"0"	"городская местность"	"0"	"Всего"	"0"	"Всего"	"0"	"Всего"	"0"	"10 867"
"Безработное население (в возрасте 15 лет и старше)(Человек)"	"1 квартал 2015 г."	"201503"	"АКМОЛИНСКАЯ ОБЛАСТЬ"	"0"	"городская местность"	"0"	"Всего"	"0"	"Всего"	"0"	"Всего"	"0"	"9 439"
"Безработное население (в возрасте 15 лет и старше)(Человек)"	"2 квартал 2015 г."	"201506"	"АКМОЛИНСКАЯ ОБЛАСТЬ"	"0"	"городская местность"	"0"	"Всего"	"0"	"Всего"	"0"	"Всего"	"0"	"9 412"
"Безработное население (в возрасте 15 лет и старше)(Человек)"	"1 квартал 2012 г."	"201203"	"АКМОЛИНСКАЯ ОБЛАСТЬ"	"0"	"городская местность"	"0"	"Всего"	"0"	"Всего"	"0"	"Всего"	"0"	"10 015"
"Безработное население (в возрасте 15 лет и старше)(Человек)"	"2 квартал 2012 г."	"201206"	"АКМОЛИНСКАЯ ОБЛАСТЬ"	"0"	"городская местность"	"0"	"Всего"	"0"	"Всего"	"0"	"Всего"	"0"	"9 459"
"Безработное население (в возрасте 15 лет и старше)(Человек)"	"4 квартал 2012 г."	"201212"	"АКМОЛИНСКАЯ ОБЛАСТЬ"	"0"	"городская местность"	"0"	"Всего"	"0"	"Всего"	"0"	"Всего"	"0"	"9 520"
"Безработное население (в возрасте 15 лет и старше)(Человек)"	"4 квартал 2019 г."	"201912"	"АКМОЛИНСКАЯ ОБЛАСТЬ"	"0"	"городская местность"	"0"	"Всего"	"0"	"Всего"	"0"	"Всего"	"0"	"8 743"
"Безработное население (в возрасте 15 лет и старше)(Человек)"	"4 квартал 2016 г."	"201612"	"АКМОЛИНСКАЯ ОБЛАСТЬ"	"0"	"городская местность"	"0"	"Всего"	"0"	"Всего"	"0"	"Всего"	"0"	"8 581"
"Безработное население (в возрасте 15 лет и старше)(Человек)"	"3 квартал 2010 г."	"201009"	"АКМОЛИНСКАЯ ОБЛАСТЬ"	"0"	"городская местность"	"0"	"Всего"	"0"	"Всего"	"0"	"Всего"	"0"	"10 065"
"Безработное население (в возрасте 15 лет и старше)(Человек)"	"1 квартал 2011 г."	"201103"	"АКМОЛИНСКАЯ ОБЛАСТЬ"	"0"	"городская местность"	"0"	"Всего"	"0"	"Всего"	"0"	"Всего"	"0"	"10 009"
"Безработное население (в возрасте 15 лет и старше)(Человек)"	"2 квартал 2013 г."	"201306"	"АКМОЛИНСКАЯ ОБЛАСТЬ"	"0"	"городская местность"	"0"	"Всего"	"0"	"Всего"	"0"	"Всего"	"0"	"9 476"
"Безработное население (в возрасте 15 лет и старше)(Человек)"	"4 квартал 2011 г."	"201112"	"АКМОЛИНСКАЯ ОБЛАСТЬ"	"0"	"городская местность"	"0"	"Всего"	"0"	"Всего"	"0"	"Всего"	"0"	"10 306"
"Безработное население (в возрасте 15 лет и старше)(Человек)"	"3 квартал 2013 г."	"201309"	"АКМОЛИНСКАЯ ОБЛАСТЬ"	"0"	"городская местность"	"0"	"Всего"	"0"	"Всего"	"0"	"Всего"	"0"	"9 672"
"Безработное население (в возрасте 15 лет и старше)(Человек)"	"1 квартал 2013 г."	"201303"	"АКМОЛИНСКАЯ ОБЛАСТЬ"	"0"	"городская местность"	"0"	"Всего"	"0"	"Всего"	"0"	"Всего"	"0"	"9 400"
"Безработное население (в возрасте 15 лет и старше)(Человек)"	"4 квартал 2010 г."	"201012"	"АКМОЛИНСКАЯ ОБЛАСТЬ"	"0"	"городская местность"	"0"	"Всего"	"0"	"Всего"	"0"	"Всего"	"0"	"10 192"
"Безработное население (в возрасте 15 лет и старше)(Человек)"	"2 квартал 2011 г."	"201106"	"АКМОЛИНСКАЯ ОБЛАСТЬ"	"0"	"городская местность"	"0"	"Всего"	"0"	"Всего"	"0"	"Всего"	"0"	"9 684"
"Безработное население (в возрасте 15 лет и старше)(Человек)"	"3 квартал 2015 г."	"201509"	"АКМОЛИНСКАЯ ОБЛАСТЬ"	"0"	"городская местность"	"0"	"Всего"	"0"	"Всего"	"0"	"Всего"	"0"	"8 863"
"Безработное население (в возрасте 15 лет и старше)(Человек)"	"4 квартал 2013 г."	"201312"	"АКМОЛИНСКАЯ ОБЛАСТЬ"	"0"	"городская местность"	"0"	"Всего"	"0"	"Всего"	"0"	"Всего"	"0"	"10 215"
"Безработное население (в возрасте 15 лет и старше)(Человек)"	"3 квартал 2012 г."	"201209"	"АКМОЛИНСКАЯ ОБЛАСТЬ"	"0"	"городская местность"	"0"	"Всего"	"0"	"Всего"	"0"	"Всего"	"0"	"9 710"
"Безработное население (в возрасте 15 лет и старше)(Человек)"	"2 квартал 2017 г."	"201706"	"АКМОЛИНСКАЯ ОБЛАСТЬ"	"0"	"городская местность"	"0"	"Всего"	"0"	"Всего"	"0"	"Всего"	"0"	"8 800"
"Безработное население (в возрасте 15 лет и старше)(Человек)"	"1 квартал 2014 г."	"201403"	"АКМОЛИНСКАЯ ОБЛАСТЬ"	"0"	"городская местность"	"0"	"Всего"	"0"	"Всего"	"0"	"Всего"	"0"	"10 430"
"Безработное население (в возрасте 15 лет и старше)(Человек)"	"3 квартал 2014 г."	"201409"	"АКМОЛИНСКАЯ ОБЛАСТЬ"	"0"	"городская местность"	"0"	"Всего"	"0"	"Всего"	"0"	"Всего"	"0"	"10 203"
"Безработное население (в возрасте 15 лет и старше)(Человек)"	"2 квартал 2014 г."	"201406"	"АКМОЛИНСКАЯ ОБЛАСТЬ"	"0"	"городская местность"	"0"	"Всего"	"0"	"Всего"	"0"	"Всего"	"0"	"9 722"
"Безработное население (в возрасте 15 лет и старше)(Человек)"	"4 квартал 2014 г."	"201412"	"АКМОЛИНСКАЯ ОБЛАСТЬ"	"0"	"городская местность"	"0"	"Всего"	"0"	"Всего"	"0"	"Всего"	"0"	"10 348"
"Безработное население (в возрасте 15 лет и старше)(Человек)"	"3 квартал 2019 г."	"201909"	"АКМОЛИНСКАЯ ОБЛАСТЬ"	"0"	"городская местность"	"0"	"Всего"	"0"	"Всего"	"0"	"Всего"	"0"	"8 970"
"Безработное население (в возрасте 15 лет и старше)(Человек)"	"4 квартал 2015 г."	"201512"	"АКМОЛИНСКАЯ ОБЛАСТЬ"	"0"	"городская местность"	"0"	"Всего"	"0"	"Всего"	"0"	"Всего"	"0"	"10 206"
"Безработное население (в возрасте 15 лет и старше)(Человек)"	"4 квартал 2018 г."	"201812"	"АКМОЛИНСКАЯ ОБЛАСТЬ"	"0"	"городская местность"	"0"	"Всего"	"0"	"Всего"	"0"	"Всего"	"0"	"8 867"
"Безработное население (в возрасте 15 лет и старше)(Человек)"	"4 квартал 2017 г."	"201712"	"АКМОЛИНСКАЯ ОБЛАСТЬ"	"0"	"городская местность"	"0"	"Всего"	"0"	"Всего"	"0"	"Всего"	"0"	"8 676"
"Безработное население (в возрасте 15 лет и старше)(Человек)"	"1 квартал 2017 г."	"201703"	"АКМОЛИНСКАЯ ОБЛАСТЬ"	"0"	"городская местность"	"0"	"Всего"	"0"	"Всего"	"0"	"Всего"	"0"	"9 144"
"Безработное население (в возрасте 15 лет и старше)(Человек)"	"2 квартал 2019 г."	"201906"	"АКМОЛИНСКАЯ ОБЛАСТЬ"	"0"	"городская местность"	"0"	"Всего"	"0"	"Всего"	"0"	"Всего"	"0"	"8 566"
"Безработное население (в возрасте 15 лет и старше)(Человек)"	"1 квартал 2019 г."	"201903"	"АКМОЛИНСКАЯ ОБЛАСТЬ"	"0"	"городская местность"	"0"	"Всего"	"0"	"Всего"	"0"	"Всего"	"0"	"8 837"
"Безработное население (в возрасте 15 лет и старше)(Человек)"	"1 квартал 2018 г."	"201803"	"АКМОЛИНСКАЯ ОБЛАСТЬ"	"0"	"городская местность"	"0"	"Всего"	"0"	"Всего"	"0"	"Всего"	"0"	"8 524"
"Безработное население (в возрасте 15 лет и старше)(Человек)"	"3 квартал 2018 г."	"201809"	"АКМОЛИНСКАЯ ОБЛАСТЬ"	"0"	"городская местность"	"0"	"Всего"	"0"	"Всего"	"0"	"Всего"	"0"	"8 847"
"Безработное население (в возрасте 15 лет и старше)(Человек)"	"1 квартал 2016 г."	"201603"	"АКМОЛИНСКАЯ ОБЛАСТЬ"	"0"	"городская местность"	"0"	"Всего"	"0"	"Всего"	"0"	"Всего"	"0"	"9 306"
"Безработное население (в возрасте 15 лет и старше)(Человек)"	"3 квартал 2016 г."	"201609"	"АКМОЛИНСКАЯ ОБЛАСТЬ"	"0"	"городская местность"	"0"	"Всего"	"0"	"Всего"	"0"	"Всего"	"0"	"9 177"
"Безработное население (в возрасте 15 лет и старше)(Человек)"	"3 квартал 2017 г."	"201709"	"АКМОЛИНСКАЯ ОБЛАСТЬ"	"0"	"городская местность"	"0"	"Всего"	"0"	"Всего"	"0"	"Всего"	"0"	"8 989"
"Безработное население (в возрасте 15 лет и старше)(Человек)"	"2 квартал 2018 г."	"201806"	"АКМОЛИНСКАЯ ОБЛАСТЬ"	"0"	"городская местность"	"0"	"Всего"	"0"	"Всего"	"0"	"Всего"	"0"	"8 873"
"Безработное население (в возрасте 15 лет и старше)(Человек)"	"1 квартал 2021 г."	"202103"	"АКМОЛИНСКАЯ ОБЛАСТЬ"	"0"	"городская местность"	"0"	"Всего"	"0"	"Всего"	"0"	"Всего"	"0"	"8 540"
"Безработное население (в возрасте 15 лет и старше)(Человек)"	"2 квартал 2021 г."	"202106"	"АКМОЛИНСКАЯ ОБЛАСТЬ"	"0"	"городская местность"	"0"	"Всего"	"0"	"Всего"	"0"	"Всего"	"0"	"8 435"
"Безработное население (в возрасте 15 лет и старше)(Человек)"	"3 квартал 2021 г."	"202109"	"АКМОЛИНСКАЯ ОБЛАСТЬ"	"0"	"городская местность"	"0"	"Всего"	"0"	"Всего"	"0"	"Всего"	"0"	"8 449"
"Безработное население (в возрасте 15 лет и старше)(Человек)"	"3 квартал 2020 г."	"202009"	"АКМОЛИНСКАЯ ОБЛАСТЬ"	"0"	"городская местность"	"0"	"Всего"	"0"	"Всего"	"0"	"Всего"	"0"	"8 764"
"Безработное население (в возрасте 15 лет и старше)(Человек)"	"4 квартал 2020 г."	"202012"	"АКМОЛИНСКАЯ ОБЛАСТЬ"	"0"	"городская местность"	"0"	"Всего"	"0"	"Всего"	"0"	"Всего"	"0"	"8 505"
"Безработное население (в возрасте 15 лет и старше)(Человек)"	"4 квартал 2021 г."	"202112"	"АКМОЛИНСКАЯ ОБЛАСТЬ"	"0"	"городская местность"	"0"	"Всего"	"0"	"Всего"	"0"	"Всего"	"0"	"8 480"
"Безработное население (в возрасте 15 лет и старше)(Человек)"	"1 квартал 2020 г."	"202003"	"АКМОЛИНСКАЯ ОБЛАСТЬ"	"0"	"городская местность"	"0"	"Всего"	"0"	"Всего"	"0"	"Всего"	"0"	"8 190"
"Безработное население (в возрасте 15 лет и старше)(Человек)"	"2 квартал 2020 г."	"202006"	"АКМОЛИНСКАЯ ОБЛАСТЬ"	"0"	"городская местность"	"0"	"Всего"	"0"	"Всего"	"0"	"Всего"	"0"	"8 777"
"Безработное население (в возрасте 15 лет и старше)(Человек)"	"2 квартал 2022 г."	"202206"	"АКМОЛИНСКАЯ ОБЛАСТЬ"	"0"	"городская местность"	"0"	"Всего"	"0"	"Всего"	"0"	"Всего"	"0"	"9 098"
"Безработное население (в возрасте 15 лет и старше)(Человек)"	"1 квартал 2022 г."	"202203"	"АКМОЛИНСКАЯ ОБЛАСТЬ"	"0"	"городская местность"	"0"	"Всего"	"0"	"Всего"	"0"	"Всего"	"0"	"8 943"
"Безработное население (в возрасте 15 лет и старше)(Человек)"	"4 квартал 2022 г."	"202212"	"АКМОЛИНСКАЯ ОБЛАСТЬ"	"0"	"городская местность"	"0"	"Всего"	"0"	"Всего"	"0"	"Всего"	"0"	"10 665"
"Безработное население (в возрасте 15 лет и старше)(Человек)"	"3 квартал 2022 г."	"202209"	"АКМОЛИНСКАЯ ОБЛАСТЬ"	"0"	"городская местность"	"0"	"Всего"	"0"	"Всего"	"0"	"Всего"	"0"	"8 851"
"Безработное население (в возрасте 15 лет и старше)(Человек)"	"1 квартал 2023 г."	"202303"	"АКМОЛИНСКАЯ ОБЛАСТЬ"	"0"	"городская местность"	"0"	"Всего"	"0"	"Всего"	"0"	"Всего"	"0"	"10 174"
"Безработное население (в возрасте 15 лет и старше)(Человек)"	"3 квартал 2023 г."	"202309"	"АКМОЛИНСКАЯ ОБЛАСТЬ"	"0"	"городская местность"	"0"	"Всего"	"0"	"Всего"	"0"	"Всего"	"0"	"10 466"
"Безработное население (в возрасте 15 лет и старше)(Человек)"	"4 квартал 2023 г."	"202312"	"АКМОЛИНСКАЯ ОБЛАСТЬ"	"0"	"городская местность"	"0"	"Всего"	"0"	"Всего"	"0"	"Всего"	"0"	"10 443"
"Безработное население (в возрасте 15 лет и старше)(Человек)"	"2 квартал 2023 г."	"202306"	"АКМОЛИНСКАЯ ОБЛАСТЬ"	"0"	"городская местность"	"0"	"Всего"	"0"	"Всего"	"0"	"Всего"	"0"	"10 049"
"Безработное население (в возрасте 15 лет и старше)(Человек)"	"1 квартал 2024 г."	"202403"	"АКМОЛИНСКАЯ ОБЛАСТЬ"	"0"	"городская местность"	"0"	"Всего"	"0"	"Всего"	"0"	"Всего"	"0"	"10 318"
"Безработное население (в возрасте 15 лет и старше)(Человек)"	"2 квартал 2024 г."	"202406"	"АКМОЛИНСКАЯ ОБЛАСТЬ"	"0"	"городская местность"	"0"	"Всего"	"0"	"Всего"	"0"	"Всего"	"0"	"10 007"
"Безработное население (в возрасте 15 лет и старше)(Человек)"	"3 квартал 2024 г."	"202409"	"АКМОЛИНСКАЯ ОБЛАСТЬ"	"0"	"городская местность"	"0"	"Всего"	"0"	"Всего"	"0"	"Всего"	"0"	"9 889"
"Безработное население (в возрасте 15 лет и старше)(Человек)"	"4 квартал 2024 г."	"202412"	"АКМОЛИНСКАЯ ОБЛАСТЬ"	"0"	"городская местность"	"0"	"Всего"	"0"	"Всего"	"0"	"Всего"	"0"	"9 805"
"Безработное население (в возрасте 15 лет и старше)(Человек)"	"1 квартал 2025 г."	"202503"	"АКМОЛИНСКАЯ ОБЛАСТЬ"	"0"	"городская местность"	"0"	"Всего"	"0"	"Всего"	"0"	"Всего"	"0"	"10 051"
"Безработное население (в возрасте 15 лет и старше)(Человек)"	"2 квартал 2025 г."	"202506"	"АКМОЛИНСКАЯ ОБЛАСТЬ"	"0"	"городская местность"	"0"	"Всего"	"0"	"Всего"	"0"	"Всего"	"0"	"9 679"
"Безработное население (в возрасте 15 лет и старше)(Человек)"	"4 квартал 2019 г."	"201912"	"Г.ШЫМКЕНТ"	"0"	"городская местность"	"0"	"Всего"	"0"	"Всего"	"0"	"Всего"	"0"	"21 910"
"Безработное население (в возрасте 15 лет и старше)(Человек)"	"3 квартал 2019 г."	"201909"	"Г.ШЫМКЕНТ"	"0"	"городская местность"	"0"	"Всего"	"0"	"Всего"	"0"	"Всего"	"0"	"22 175"
"Безработное население (в возрасте 15 лет и старше)(Человек)"	"4 квартал 2018 г."	"201812"	"Г.ШЫМКЕНТ"	"0"	"городская местность"	"0"	"Всего"	"0"	"Всего"	"0"	"Всего"	"0"	"21 289"
"Безработное население (в возрасте 15 лет и старше)(Человек)"	"2 квартал 2019 г."	"201906"	"Г.ШЫМКЕНТ"	"0"	"городская местность"	"0"	"Всего"	"0"	"Всего"	"0"	"Всего"	"0"	"22 118"
"Безработное население (в возрасте 15 лет и старше)(Человек)"	"1 квартал 2019 г."	"201903"	"Г.ШЫМКЕНТ"	"0"	"городская местность"	"0"	"Всего"	"0"	"Всего"	"0"	"Всего"	"0"	"21 816"
"Безработное население (в возрасте 15 лет и старше)(Человек)"	"3 квартал 2018 г."	"201809"	"Г.ШЫМКЕНТ"	"0"	"городская местность"	"0"	"Всего"	"0"	"Всего"	"0"	"Всего"	"0"	"21 714"
"Безработное население (в возрасте 15 лет и старше)(Человек)"	"2 квартал 2018 г."	"201806"	"Г.ШЫМКЕНТ"	"0"	"городская местность"	"0"	"Всего"	"0"	"Всего"	"0"	"Всего"	"0"	"21 588"
"Безработное население (в возрасте 15 лет и старше)(Человек)"	"1 квартал 2021 г."	"202103"	"Г.ШЫМКЕНТ"	"0"	"городская местность"	"0"	"Всего"	"0"	"Всего"	"0"	"Всего"	"0"	"22 218"
"Безработное население (в возрасте 15 лет и старше)(Человек)"	"2 квартал 2021 г."	"202106"	"Г.ШЫМКЕНТ"	"0"	"городская местность"	"0"	"Всего"	"0"	"Всего"	"0"	"Всего"	"0"	"22 038"
"Безработное население (в возрасте 15 лет и старше)(Человек)"	"3 квартал 2021 г."	"202109"	"Г.ШЫМКЕНТ"	"0"	"городская местность"	"0"	"Всего"	"0"	"Всего"	"0"	"Всего"	"0"	"21 573"
"Безработное население (в возрасте 15 лет и старше)(Человек)"	"3 квартал 2020 г."	"202009"	"Г.ШЫМКЕНТ"	"0"	"городская местность"	"0"	"Всего"	"0"	"Всего"	"0"	"Всего"	"0"	"22 592"
"Безработное население (в возрасте 15 лет и старше)(Человек)"	"4 квартал 2020 г."	"202012"	"Г.ШЫМКЕНТ"	"0"	"городская местность"	"0"	"Всего"	"0"	"Всего"	"0"	"Всего"	"0"	"21 964"
"Безработное население (в возрасте 15 лет и старше)(Человек)"	"4 квартал 2021 г."	"202112"	"Г.ШЫМКЕНТ"	"0"	"городская местность"	"0"	"Всего"	"0"	"Всего"	"0"	"Всего"	"0"	"21 563"
"Безработное население (в возрасте 15 лет и старше)(Человек)"	"1 квартал 2020 г."	"202003"	"Г.ШЫМКЕНТ"	"0"	"городская местность"	"0"	"Всего"	"0"	"Всего"	"0"	"Всего"	"0"	"21 826"
"Безработное население (в возрасте 15 лет и старше)(Человек)"	"2 квартал 2020 г."	"202006"	"Г.ШЫМКЕНТ"	"0"	"городская местность"	"0"	"Всего"	"0"	"Всего"	"0"	"Всего"	"0"	"22 234"
"Безработное население (в возрасте 15 лет и старше)(Человек)"	"2 квартал 2022 г."	"202206"	"Г.ШЫМКЕНТ"	"0"	"городская местность"	"0"	"Всего"	"0"	"Всего"	"0"	"Всего"	"0"	"22 075"
"Безработное население (в возрасте 15 лет и старше)(Человек)"	"1 квартал 2022 г."	"202203"	"Г.ШЫМКЕНТ"	"0"	"городская местность"	"0"	"Всего"	"0"	"Всего"	"0"	"Всего"	"0"	"22 546"
"Безработное население (в возрасте 15 лет и старше)(Человек)"	"4 квартал 2022 г."	"202212"	"Г.ШЫМКЕНТ"	"0"	"городская местность"	"0"	"Всего"	"0"	"Всего"	"0"	"Всего"	"0"	"21 888"
"Безработное население (в возрасте 15 лет и старше)(Человек)"	"3 квартал 2022 г."	"202209"	"Г.ШЫМКЕНТ"	"0"	"городская местность"	"0"	"Всего"	"0"	"Всего"	"0"	"Всего"	"0"	"21 957"
"Безработное население (в возрасте 15 лет и старше)(Человек)"	"1 квартал 2023 г."	"202303"	"Г.ШЫМКЕНТ"	"0"	"городская местность"	"0"	"Всего"	"0"	"Всего"	"0"	"Всего"	"0"	"21 940"
"Безработное население (в возрасте 15 лет и старше)(Человек)"	"3 квартал 2023 г."	"202309"	"Г.ШЫМКЕНТ"	"0"	"городская местность"	"0"	"Всего"	"0"	"Всего"	"0"	"Всего"	"0"	"21 861"
"Безработное население (в возрасте 15 лет и старше)(Человек)"	"4 квартал 2023 г."	"202312"	"Г.ШЫМКЕНТ"	"0"	"городская местность"	"0"	"Всего"	"0"	"Всего"	"0"	"Всего"	"0"	"21 964"
"Безработное население (в возрасте 15 лет и старше)(Человек)"	"2 квартал 2023 г."	"202306"	"Г.ШЫМКЕНТ"	"0"	"городская местность"	"0"	"Всего"	"0"	"Всего"	"0"	"Всего"	"0"	"21 845"
"Безработное население (в возрасте 15 лет и старше)(Человек)"	"1 квартал 2024 г."	"202403"	"Г.ШЫМКЕНТ"	"0"	"городская местность"	"0"	"Всего"	"0"	"Всего"	"0"	"Всего"	"0"	"22 343"
"Безработное население (в возрасте 15 лет и старше)(Человек)"	"2 квартал 2024 г."	"202406"	"Г.ШЫМКЕНТ"	"0"	"городская местность"	"0"	"Всего"	"0"	"Всего"	"0"	"Всего"	"0"	"22 423"
"Безработное население (в возрасте 15 лет и старше)(Человек)"	"3 квартал 2024 г."	"202409"	"Г.ШЫМКЕНТ"	"0"	"городская местность"	"0"	"Всего"	"0"	"Всего"	"0"	"Всего"	"0"	"22 420"
"Безработное население (в возрасте 15 лет и старше)(Человек)"	"4 квартал 2024 г."	"202412"	"Г.ШЫМКЕНТ"	"0"	"городская местность"	"0"	"Всего"	"0"	"Всего"	"0"	"Всего"	"0"	"22 535"
"Безработное население (в возрасте 15 лет и старше)(Человек)"	"1 квартал 2025 г."	"202503"	"Г.ШЫМКЕНТ"	"0"	"городская местность"	"0"	"Всего"	"0"	"Всего"	"0"	"Всего"	"0"	"23 155"
"Безработное население (в возрасте 15 лет и старше)(Человек)"	"2 квартал 2025 г."	"202506"	"Г.ШЫМКЕНТ"	"0"	"городская местность"	"0"	"Всего"	"0"	"Всего"	"0"	"Всего"	"0"	"22 496"
"Безработное население (в возрасте 15 лет и старше)(Человек)"	"4 квартал 2019 г."	"201912"	"Г.ШЫМКЕНТ"	"0"	"Всего"	"0"	"Всего"	"0"	"Всего"	"0"	"Всего"	"0"	"21 910"
"Безработное население (в возрасте 15 лет и старше)(Человек)"	"3 квартал 2019 г."	"201909"	"Г.ШЫМКЕНТ"	"0"	"Всего"	"0"	"Всего"	"0"	"Всего"	"0"	"Всего"	"0"	"22 175"
"Безработное население (в возрасте 15 лет и старше)(Человек)"	"4 квартал 2018 г."	"201812"	"Г.ШЫМКЕНТ"	"0"	"Всего"	"0"	"Всего"	"0"	"Всего"	"0"	"Всего"	"0"	"21 289"
"Безработное население (в возрасте 15 лет и старше)(Человек)"	"2 квартал 2019 г."	"201906"	"Г.ШЫМКЕНТ"	"0"	"Всего"	"0"	"Всего"	"0"	"Всего"	"0"	"Всего"	"0"	"22 118"
"Безработное население (в возрасте 15 лет и старше)(Человек)"	"1 квартал 2019 г."	"201903"	"Г.ШЫМКЕНТ"	"0"	"Всего"	"0"	"Всего"	"0"	"Всего"	"0"	"Всего"	"0"	"21 816"
"Безработное население (в возрасте 15 лет и старше)(Человек)"	"3 квартал 2018 г."	"201809"	"Г.ШЫМКЕНТ"	"0"	"Всего"	"0"	"Всего"	"0"	"Всего"	"0"	"Всего"	"0"	"21 714"
"Безработное население (в возрасте 15 лет и старше)(Человек)"	"2 квартал 2018 г."	"201806"	"Г.ШЫМКЕНТ"	"0"	"Всего"	"0"	"Всего"	"0"	"Всего"	"0"	"Всего"	"0"	"21 588"
"Безработное население (в возрасте 15 лет и старше)(Человек)"	"1 квартал 2021 г."	"202103"	"Г.ШЫМКЕНТ"	"0"	"Всего"	"0"	"Всего"	"0"	"Всего"	"0"	"Всего"	"0"	"22 218"
"Безработное население (в возрасте 15 лет и старше)(Человек)"	"2 квартал 2021 г."	"202106"	"Г.ШЫМКЕНТ"	"0"	"Всего"	"0"	"Всего"	"0"	"Всего"	"0"	"Всего"	"0"	"22 038"
"Безработное население (в возрасте 15 лет и старше)(Человек)"	"3 квартал 2021 г."	"202109"	"Г.ШЫМКЕНТ"	"0"	"Всего"	"0"	"Всего"	"0"	"Всего"	"0"	"Всего"	"0"	"21 573"
"Безработное население (в возрасте 15 лет и старше)(Человек)"	"3 квартал 2020 г."	"202009"	"Г.ШЫМКЕНТ"	"0"	"Всего"	"0"	"Всего"	"0"	"Всего"	"0"	"Всего"	"0"	"22 592"
"Безработное население (в возрасте 15 лет и старше)(Человек)"	"4 квартал 2020 г."	"202012"	"Г.ШЫМКЕНТ"	"0"	"Всего"	"0"	"Всего"	"0"	"Всего"	"0"	"Всего"	"0"	"21 964"
"Безработное население (в возрасте 15 лет и старше)(Человек)"	"4 квартал 2021 г."	"202112"	"Г.ШЫМКЕНТ"	"0"	"Всего"	"0"	"Всего"	"0"	"Всего"	"0"	"Всего"	"0"	"21 563"
"Безработное население (в возрасте 15 лет и старше)(Человек)"	"1 квартал 2020 г."	"202003"	"Г.ШЫМКЕНТ"	"0"	"Всего"	"0"	"Всего"	"0"	"Всего"	"0"	"Всего"	"0"	"21 826"
"Безработное население (в возрасте 15 лет и старше)(Человек)"	"2 квартал 2020 г."	"202006"	"Г.ШЫМКЕНТ"	"0"	"Всего"	"0"	"Всего"	"0"	"Всего"	"0"	"Всего"	"0"	"22 234"
"Безработное население (в возрасте 15 лет и старше)(Человек)"	"2 квартал 2022 г."	"202206"	"Г.ШЫМКЕНТ"	"0"	"Всего"	"0"	"Всего"	"0"	"Всего"	"0"	"Всего"	"0"	"22 075"
"Безработное население (в возрасте 15 лет и старше)(Человек)"	"1 квартал 2022 г."	"202203"	"Г.ШЫМКЕНТ"	"0"	"Всего"	"0"	"Всего"	"0"	"Всего"	"0"	"Всего"	"0"	"22 546"
"Безработное население (в возрасте 15 лет и старше)(Человек)"	"4 квартал 2022 г."	"202212"	"Г.ШЫМКЕНТ"	"0"	"Всего"	"0"	"Всего"	"0"	"Всего"	"0"	"Всего"	"0"	"21 888"
"Безработное население (в возрасте 15 лет и старше)(Человек)"	"3 квартал 2022 г."	"202209"	"Г.ШЫМКЕНТ"	"0"	"Всего"	"0"	"Всего"	"0"	"Всего"	"0"	"Всего"	"0"	"21 957"
"Безработное население (в возрасте 15 лет и старше)(Человек)"	"1 квартал 2023 г."	"202303"	"Г.ШЫМКЕНТ"	"0"	"Всего"	"0"	"Всего"	"0"	"Всего"	"0"	"Всего"	"0"	"21 940"
"Безработное население (в возрасте 15 лет и старше)(Человек)"	"3 квартал 2023 г."	"202309"	"Г.ШЫМКЕНТ"	"0"	"Всего"	"0"	"Всего"	"0"	"Всего"	"0"	"Всего"	"0"	"21 861"
"Безработное население (в возрасте 15 лет и старше)(Человек)"	"4 квартал 2023 г."	"202312"	"Г.ШЫМКЕНТ"	"0"	"Всего"	"0"	"Всего"	"0"	"Всего"	"0"	"Всего"	"0"	"21 964"
"Безработное население (в возрасте 15 лет и старше)(Человек)"	"2 квартал 2023 г."	"202306"	"Г.ШЫМКЕНТ"	"0"	"Всего"	"0"	"Всего"	"0"	"Всего"	"0"	"Всего"	"0"	"21 845"
"Безработное население (в возрасте 15 лет и старше)(Человек)"	"1 квартал 2024 г."	"202403"	"Г.ШЫМКЕНТ"	"0"	"Всего"	"0"	"Всего"	"0"	"Всего"	"0"	"Всего"	"0"	"22 343"
"Безработное население (в возрасте 15 лет и старше)(Человек)"	"2 квартал 2024 г."	"202406"	"Г.ШЫМКЕНТ"	"0"	"Всего"	"0"	"Всего"	"0"	"Всего"	"0"	"Всего"	"0"	"22 423"
"Безработное население (в возрасте 15 лет и старше)(Человек)"	"3 квартал 2024 г."	"202409"	"Г.ШЫМКЕНТ"	"0"	"Всего"	"0"	"Всего"	"0"	"Всего"	"0"	"Всего"	"0"	"22 420"
"Безработное население (в возрасте 15 лет и старше)(Человек)"	"4 квартал 2024 г."	"202412"	"Г.ШЫМКЕНТ"	"0"	"Всего"	"0"	"Всего"	"0"	"Всего"	"0"	"Всего"	"0"	"22 535"
"Безработное население (в возрасте 15 лет и старше)(Человек)"	"1 квартал 2025 г."	"202503"	"Г.ШЫМКЕНТ"	"0"	"Всего"	"0"	"Всего"	"0"	"Всего"	"0"	"Всего"	"0"	"23 155"
"Безработное население (в возрасте 15 лет и старше)(Человек)"	"2 квартал 2025 г."	"202506"	"Г.ШЫМКЕНТ"	"0"	"Всего"	"0"	"Всего"	"0"	"Всего"	"0"	"Всего"	"0"	"22 496"
"Безработное население (в возрасте 15 лет и старше)(Человек)"	"4 квартал 2019 г."	"201912"	"ТУРКЕСТАНСКАЯ ОБЛАСТЬ"	"0"	"сельская местность"	"0"	"Всего"	"0"	"Всего"	"0"	"Всего"	"0"	"35 381"
"Безработное население (в возрасте 15 лет и старше)(Человек)"	"3 квартал 2019 г."	"201909"	"ТУРКЕСТАНСКАЯ ОБЛАСТЬ"	"0"	"сельская местность"	"0"	"Всего"	"0"	"Всего"	"0"	"Всего"	"0"	"34 368"
"Безработное население (в возрасте 15 лет и старше)(Человек)"	"4 квартал 2018 г."	"201812"	"ТУРКЕСТАНСКАЯ ОБЛАСТЬ"	"0"	"сельская местность"	"0"	"Всего"	"0"	"Всего"	"0"	"Всего"	"0"	"33 474"
"Безработное население (в возрасте 15 лет и старше)(Человек)"	"2 квартал 2019 г."	"201906"	"ТУРКЕСТАНСКАЯ ОБЛАСТЬ"	"0"	"сельская местность"	"0"	"Всего"	"0"	"Всего"	"0"	"Всего"	"0"	"35 553"
"Безработное население (в возрасте 15 лет и старше)(Человек)"	"1 квартал 2019 г."	"201903"	"ТУРКЕСТАНСКАЯ ОБЛАСТЬ"	"0"	"сельская местность"	"0"	"Всего"	"0"	"Всего"	"0"	"Всего"	"0"	"32 636"
"Безработное население (в возрасте 15 лет и старше)(Человек)"	"3 квартал 2018 г."	"201809"	"ТУРКЕСТАНСКАЯ ОБЛАСТЬ"	"0"	"сельская местность"	"0"	"Всего"	"0"	"Всего"	"0"	"Всего"	"0"	"36 156"
"Безработное население (в возрасте 15 лет и старше)(Человек)"	"2 квартал 2018 г."	"201806"	"ТУРКЕСТАНСКАЯ ОБЛАСТЬ"	"0"	"сельская местность"	"0"	"Всего"	"0"	"Всего"	"0"	"Всего"	"0"	"35 079"
"Безработное население (в возрасте 15 лет и старше)(Человек)"	"1 квартал 2021 г."	"202103"	"ТУРКЕСТАНСКАЯ ОБЛАСТЬ"	"0"	"сельская местность"	"0"	"Всего"	"0"	"Всего"	"0"	"Всего"	"0"	"34 534"
"Безработное население (в возрасте 15 лет и старше)(Человек)"	"2 квартал 2021 г."	"202106"	"ТУРКЕСТАНСКАЯ ОБЛАСТЬ"	"0"	"сельская местность"	"0"	"Всего"	"0"	"Всего"	"0"	"Всего"	"0"	"34 378"
"Безработное население (в возрасте 15 лет и старше)(Человек)"	"3 квартал 2021 г."	"202109"	"ТУРКЕСТАНСКАЯ ОБЛАСТЬ"	"0"	"сельская местность"	"0"	"Всего"	"0"	"Всего"	"0"	"Всего"	"0"	"33 815"
"Безработное население (в возрасте 15 лет и старше)(Человек)"	"3 квартал 2020 г."	"202009"	"ТУРКЕСТАНСКАЯ ОБЛАСТЬ"	"0"	"сельская местность"	"0"	"Всего"	"0"	"Всего"	"0"	"Всего"	"0"	"29 695"
"Безработное население (в возрасте 15 лет и старше)(Человек)"	"4 квартал 2020 г."	"202012"	"ТУРКЕСТАНСКАЯ ОБЛАСТЬ"	"0"	"сельская местность"	"0"	"Всего"	"0"	"Всего"	"0"	"Всего"	"0"	"29 947"
"Безработное население (в возрасте 15 лет и старше)(Человек)"	"4 квартал 2021 г."	"202112"	"ТУРКЕСТАНСКАЯ ОБЛАСТЬ"	"0"	"сельская местность"	"0"	"Всего"	"0"	"Всего"	"0"	"Всего"	"0"	"34 832"
"Безработное население (в возрасте 15 лет и старше)(Человек)"	"1 квартал 2020 г."	"202003"	"ТУРКЕСТАНСКАЯ ОБЛАСТЬ"	"0"	"сельская местность"	"0"	"Всего"	"0"	"Всего"	"0"	"Всего"	"0"	"33 688"
"Безработное население (в возрасте 15 лет и старше)(Человек)"	"2 квартал 2020 г."	"202006"	"ТУРКЕСТАНСКАЯ ОБЛАСТЬ"	"0"	"сельская местность"	"0"	"Всего"	"0"	"Всего"	"0"	"Всего"	"0"	"30 650"
"Безработное население (в возрасте 15 лет и старше)(Человек)"	"2 квартал 2022 г."	"202206"	"ТУРКЕСТАНСКАЯ ОБЛАСТЬ"	"0"	"сельская местность"	"0"	"Всего"	"0"	"Всего"	"0"	"Всего"	"0"	"35 291"
"Безработное население (в возрасте 15 лет и старше)(Человек)"	"1 квартал 2022 г."	"202203"	"ТУРКЕСТАНСКАЯ ОБЛАСТЬ"	"0"	"сельская местность"	"0"	"Всего"	"0"	"Всего"	"0"	"Всего"	"0"	"35 414"
"Безработное население (в возрасте 15 лет и старше)(Человек)"	"4 квартал 2022 г."	"202212"	"ТУРКЕСТАНСКАЯ ОБЛАСТЬ"	"0"	"сельская местность"	"0"	"Всего"	"0"	"Всего"	"0"	"Всего"	"0"	"34 274"
"Безработное население (в возрасте 15 лет и старше)(Человек)"	"3 квартал 2022 г."	"202209"	"ТУРКЕСТАНСКАЯ ОБЛАСТЬ"	"0"	"сельская местность"	"0"	"Всего"	"0"	"Всего"	"0"	"Всего"	"0"	"35 895"
"Безработное население (в возрасте 15 лет и старше)(Человек)"	"1 квартал 2023 г."	"202303"	"ТУРКЕСТАНСКАЯ ОБЛАСТЬ"	"0"	"сельская местность"	"0"	"Всего"	"0"	"Всего"	"0"	"Всего"	"0"	"31 833"
"Безработное население (в возрасте 15 лет и старше)(Человек)"	"3 квартал 2023 г."	"202309"	"ТУРКЕСТАНСКАЯ ОБЛАСТЬ"	"0"	"сельская местность"	"0"	"Всего"	"0"	"Всего"	"0"	"Всего"	"0"	"32 248"
"Безработное население (в возрасте 15 лет и старше)(Человек)"	"4 квартал 2023 г."	"202312"	"ТУРКЕСТАНСКАЯ ОБЛАСТЬ"	"0"	"сельская местность"	"0"	"Всего"	"0"	"Всего"	"0"	"Всего"	"0"	"32 694"
"Безработное население (в возрасте 15 лет и старше)(Человек)"	"2 квартал 2023 г."	"202306"	"ТУРКЕСТАНСКАЯ ОБЛАСТЬ"	"0"	"сельская местность"	"0"	"Всего"	"0"	"Всего"	"0"	"Всего"	"0"	"32 409"
"Безработное население (в возрасте 15 лет и старше)(Человек)"	"1 квартал 2024 г."	"202403"	"ТУРКЕСТАНСКАЯ ОБЛАСТЬ"	"0"	"сельская местность"	"0"	"Всего"	"0"	"Всего"	"0"	"Всего"	"0"	"32 755"
"Безработное население (в возрасте 15 лет и старше)(Человек)"	"2 квартал 2024 г."	"202406"	"ТУРКЕСТАНСКАЯ ОБЛАСТЬ"	"0"	"сельская местность"	"0"	"Всего"	"0"	"Всего"	"0"	"Всего"	"0"	"31 065"
"Безработное население (в возрасте 15 лет и старше)(Человек)"	"3 квартал 2024 г."	"202409"	"ТУРКЕСТАНСКАЯ ОБЛАСТЬ"	"0"	"сельская местность"	"0"	"Всего"	"0"	"Всего"	"0"	"Всего"	"0"	"31 318"
"Безработное население (в возрасте 15 лет и старше)(Человек)"	"4 квартал 2024 г."	"202412"	"ТУРКЕСТАНСКАЯ ОБЛАСТЬ"	"0"	"сельская местность"	"0"	"Всего"	"0"	"Всего"	"0"	"Всего"	"0"	"32 144"
"Безработное население (в возрасте 15 лет и старше)(Человек)"	"1 квартал 2025 г."	"202503"	"ТУРКЕСТАНСКАЯ ОБЛАСТЬ"	"0"	"сельская местность"	"0"	"Всего"	"0"	"Всего"	"0"	"Всего"	"0"	"32 454"
"Безработное население (в возрасте 15 лет и старше)(Человек)"	"2 квартал 2025 г."	"202506"	"ТУРКЕСТАНСКАЯ ОБЛАСТЬ"	"0"	"сельская местность"	"0"	"Всего"	"0"	"Всего"	"0"	"Всего"	"0"	"31 378"
"Безработное население (в возрасте 15 лет и старше)(Человек)"	"4 квартал 2019 г."	"201912"	"ТУРКЕСТАНСКАЯ ОБЛАСТЬ"	"0"	"городская местность"	"0"	"Всего"	"0"	"Всего"	"0"	"Всего"	"0"	"6 730"
"Безработное население (в возрасте 15 лет и старше)(Человек)"	"3 квартал 2019 г."	"201909"	"ТУРКЕСТАНСКАЯ ОБЛАСТЬ"	"0"	"городская местность"	"0"	"Всего"	"0"	"Всего"	"0"	"Всего"	"0"	"6 077"
"Безработное население (в возрасте 15 лет и старше)(Человек)"	"4 квартал 2018 г."	"201812"	"ТУРКЕСТАНСКАЯ ОБЛАСТЬ"	"0"	"городская местность"	"0"	"Всего"	"0"	"Всего"	"0"	"Всего"	"0"	"8 347"
"Безработное население (в возрасте 15 лет и старше)(Человек)"	"2 квартал 2019 г."	"201906"	"ТУРКЕСТАНСКАЯ ОБЛАСТЬ"	"0"	"городская местность"	"0"	"Всего"	"0"	"Всего"	"0"	"Всего"	"0"	"6 503"
"Безработное население (в возрасте 15 лет и старше)(Человек)"	"1 квартал 2019 г."	"201903"	"ТУРКЕСТАНСКАЯ ОБЛАСТЬ"	"0"	"городская местность"	"0"	"Всего"	"0"	"Всего"	"0"	"Всего"	"0"	"8 644"
"Безработное население (в возрасте 15 лет и старше)(Человек)"	"3 квартал 2018 г."	"201809"	"ТУРКЕСТАНСКАЯ ОБЛАСТЬ"	"0"	"городская местность"	"0"	"Всего"	"0"	"Всего"	"0"	"Всего"	"0"	"6 590"
"Безработное население (в возрасте 15 лет и старше)(Человек)"	"2 квартал 2018 г."	"201806"	"ТУРКЕСТАНСКАЯ ОБЛАСТЬ"	"0"	"городская местность"	"0"	"Всего"	"0"	"Всего"	"0"	"Всего"	"0"	"8 130"
"Безработное население (в возрасте 15 лет и старше)(Человек)"	"1 квартал 2021 г."	"202103"	"ТУРКЕСТАНСКАЯ ОБЛАСТЬ"	"0"	"городская местность"	"0"	"Всего"	"0"	"Всего"	"0"	"Всего"	"0"	"8 061"
"Безработное население (в возрасте 15 лет и старше)(Человек)"	"2 квартал 2021 г."	"202106"	"ТУРКЕСТАНСКАЯ ОБЛАСТЬ"	"0"	"городская местность"	"0"	"Всего"	"0"	"Всего"	"0"	"Всего"	"0"	"7 550"
"Безработное население (в возрасте 15 лет и старше)(Человек)"	"3 квартал 2021 г."	"202109"	"ТУРКЕСТАНСКАЯ ОБЛАСТЬ"	"0"	"городская местность"	"0"	"Всего"	"0"	"Всего"	"0"	"Всего"	"0"	"8 120"
"Безработное население (в возрасте 15 лет и старше)(Человек)"	"3 квартал 2020 г."	"202009"	"ТУРКЕСТАНСКАЯ ОБЛАСТЬ"	"0"	"городская местность"	"0"	"Всего"	"0"	"Всего"	"0"	"Всего"	"0"	"13 315"
"Безработное население (в возрасте 15 лет и старше)(Человек)"	"4 квартал 2020 г."	"202012"	"ТУРКЕСТАНСКАЯ ОБЛАСТЬ"	"0"	"городская местность"	"0"	"Всего"	"0"	"Всего"	"0"	"Всего"	"0"	"14 098"
"Безработное население (в возрасте 15 лет и старше)(Человек)"	"4 квартал 2021 г."	"202112"	"ТУРКЕСТАНСКАЯ ОБЛАСТЬ"	"0"	"городская местность"	"0"	"Всего"	"0"	"Всего"	"0"	"Всего"	"0"	"7 013"
"Безработное население (в возрасте 15 лет и старше)(Человек)"	"1 квартал 2020 г."	"202003"	"ТУРКЕСТАНСКАЯ ОБЛАСТЬ"	"0"	"городская местность"	"0"	"Всего"	"0"	"Всего"	"0"	"Всего"	"0"	"7 957"
"Безработное население (в возрасте 15 лет и старше)(Человек)"	"2 квартал 2020 г."	"202006"	"ТУРКЕСТАНСКАЯ ОБЛАСТЬ"	"0"	"городская местность"	"0"	"Всего"	"0"	"Всего"	"0"	"Всего"	"0"	"11 679"
"Безработное население (в возрасте 15 лет и старше)(Человек)"	"2 квартал 2022 г."	"202206"	"ТУРКЕСТАНСКАЯ ОБЛАСТЬ"	"0"	"городская местность"	"0"	"Всего"	"0"	"Всего"	"0"	"Всего"	"0"	"6 899"
"Безработное население (в возрасте 15 лет и старше)(Человек)"	"1 квартал 2022 г."	"202203"	"ТУРКЕСТАНСКАЯ ОБЛАСТЬ"	"0"	"городская местность"	"0"	"Всего"	"0"	"Всего"	"0"	"Всего"	"0"	"7 214"
"Безработное население (в возрасте 15 лет и старше)(Человек)"	"4 квартал 2022 г."	"202212"	"ТУРКЕСТАНСКАЯ ОБЛАСТЬ"	"0"	"городская местность"	"0"	"Всего"	"0"	"Всего"	"0"	"Всего"	"0"	"8 975"
"Безработное население (в возрасте 15 лет и старше)(Человек)"	"3 квартал 2022 г."	"202209"	"ТУРКЕСТАНСКАЯ ОБЛАСТЬ"	"0"	"городская местность"	"0"	"Всего"	"0"	"Всего"	"0"	"Всего"	"0"	"7 505"
"Безработное население (в возрасте 15 лет и старше)(Человек)"	"1 квартал 2023 г."	"202303"	"ТУРКЕСТАНСКАЯ ОБЛАСТЬ"	"0"	"городская местность"	"0"	"Всего"	"0"	"Всего"	"0"	"Всего"	"0"	"10 065"
"Безработное население (в возрасте 15 лет и старше)(Человек)"	"3 квартал 2023 г."	"202309"	"ТУРКЕСТАНСКАЯ ОБЛАСТЬ"	"0"	"городская местность"	"0"	"Всего"	"0"	"Всего"	"0"	"Всего"	"0"	"9 413"
"Безработное население (в возрасте 15 лет и старше)(Человек)"	"4 квартал 2023 г."	"202312"	"ТУРКЕСТАНСКАЯ ОБЛАСТЬ"	"0"	"городская местность"	"0"	"Всего"	"0"	"Всего"	"0"	"Всего"	"0"	"8 967"
"Безработное население (в возрасте 15 лет и старше)(Человек)"	"2 квартал 2023 г."	"202306"	"ТУРКЕСТАНСКАЯ ОБЛАСТЬ"	"0"	"городская местность"	"0"	"Всего"	"0"	"Всего"	"0"	"Всего"	"0"	"9 239"
"Безработное население (в возрасте 15 лет и старше)(Человек)"	"1 квартал 2024 г."	"202403"	"ТУРКЕСТАНСКАЯ ОБЛАСТЬ"	"0"	"городская местность"	"0"	"Всего"	"0"	"Всего"	"0"	"Всего"	"0"	"8 987"
"Безработное население (в возрасте 15 лет и старше)(Человек)"	"2 квартал 2024 г."	"202406"	"ТУРКЕСТАНСКАЯ ОБЛАСТЬ"	"0"	"городская местность"	"0"	"Всего"	"0"	"Всего"	"0"	"Всего"	"0"	"9 630"
"Безработное население (в возрасте 15 лет и старше)(Человек)"	"3 квартал 2024 г."	"202409"	"ТУРКЕСТАНСКАЯ ОБЛАСТЬ"	"0"	"городская местность"	"0"	"Всего"	"0"	"Всего"	"0"	"Всего"	"0"	"9 299"
"Безработное население (в возрасте 15 лет и старше)(Человек)"	"4 квартал 2024 г."	"202412"	"ТУРКЕСТАНСКАЯ ОБЛАСТЬ"	"0"	"городская местность"	"0"	"Всего"	"0"	"Всего"	"0"	"Всего"	"0"	"8 717"
"Безработное население (в возрасте 15 лет и старше)(Человек)"	"1 квартал 2025 г."	"202503"	"ТУРКЕСТАНСКАЯ ОБЛАСТЬ"	"0"	"городская местность"	"0"	"Всего"	"0"	"Всего"	"0"	"Всего"	"0"	"9 115"
"Безработное население (в возрасте 15 лет и старше)(Человек)"	"2 квартал 2025 г."	"202506"	"ТУРКЕСТАНСКАЯ ОБЛАСТЬ"	"0"	"городская местность"	"0"	"Всего"	"0"	"Всего"	"0"	"Всего"	"0"	"8 707"
"Безработное население (в возрасте 15 лет и старше)(Человек)"	"4 квартал 2019 г."	"201912"	"ТУРКЕСТАНСКАЯ ОБЛАСТЬ"	"0"	"Всего"	"0"	"Всего"	"0"	"Всего"	"0"	"Всего"	"0"	"42 111"
"Безработное население (в возрасте 15 лет и старше)(Человек)"	"3 квартал 2019 г."	"201909"	"ТУРКЕСТАНСКАЯ ОБЛАСТЬ"	"0"	"Всего"	"0"	"Всего"	"0"	"Всего"	"0"	"Всего"	"0"	"40 445"
"Безработное население (в возрасте 15 лет и старше)(Человек)"	"4 квартал 2018 г."	"201812"	"ТУРКЕСТАНСКАЯ ОБЛАСТЬ"	"0"	"Всего"	"0"	"Всего"	"0"	"Всего"	"0"	"Всего"	"0"	"41 821"
"Безработное население (в возрасте 15 лет и старше)(Человек)"	"2 квартал 2019 г."	"201906"	"ТУРКЕСТАНСКАЯ ОБЛАСТЬ"	"0"	"Всего"	"0"	"Всего"	"0"	"Всего"	"0"	"Всего"	"0"	"42 056"
"Безработное население (в возрасте 15 лет и старше)(Человек)"	"1 квартал 2019 г."	"201903"	"ТУРКЕСТАНСКАЯ ОБЛАСТЬ"	"0"	"Всего"	"0"	"Всего"	"0"	"Всего"	"0"	"Всего"	"0"	"41 280"
"Безработное население (в возрасте 15 лет и старше)(Человек)"	"3 квартал 2018 г."	"201809"	"ТУРКЕСТАНСКАЯ ОБЛАСТЬ"	"0"	"Всего"	"0"	"Всего"	"0"	"Всего"	"0"	"Всего"	"0"	"42 746"
"Безработное население (в возрасте 15 лет и старше)(Человек)"	"2 квартал 2018 г."	"201806"	"ТУРКЕСТАНСКАЯ ОБЛАСТЬ"	"0"	"Всего"	"0"	"Всего"	"0"	"Всего"	"0"	"Всего"	"0"	"43 209"
"Безработное население (в возрасте 15 лет и старше)(Человек)"	"1 квартал 2021 г."	"202103"	"ТУРКЕСТАНСКАЯ ОБЛАСТЬ"	"0"	"Всего"	"0"	"Всего"	"0"	"Всего"	"0"	"Всего"	"0"	"42 595"
"Безработное население (в возрасте 15 лет и старше)(Человек)"	"2 квартал 2021 г."	"202106"	"ТУРКЕСТАНСКАЯ ОБЛАСТЬ"	"0"	"Всего"	"0"	"Всего"	"0"	"Всего"	"0"	"Всего"	"0"	"41 928"
"Безработное население (в возрасте 15 лет и старше)(Человек)"	"3 квартал 2021 г."	"202109"	"ТУРКЕСТАНСКАЯ ОБЛАСТЬ"	"0"	"Всего"	"0"	"Всего"	"0"	"Всего"	"0"	"Всего"	"0"	"41 935"
"Безработное население (в возрасте 15 лет и старше)(Человек)"	"3 квартал 2020 г."	"202009"	"ТУРКЕСТАНСКАЯ ОБЛАСТЬ"	"0"	"Всего"	"0"	"Всего"	"0"	"Всего"	"0"	"Всего"	"0"	"43 010"
"Безработное население (в возрасте 15 лет и старше)(Человек)"	"4 квартал 2020 г."	"202012"	"ТУРКЕСТАНСКАЯ ОБЛАСТЬ"	"0"	"Всего"	"0"	"Всего"	"0"	"Всего"	"0"	"Всего"	"0"	"44 045"
"Безработное население (в возрасте 15 лет и старше)(Человек)"	"4 квартал 2021 г."	"202112"	"ТУРКЕСТАНСКАЯ ОБЛАСТЬ"	"0"	"Всего"	"0"	"Всего"	"0"	"Всего"	"0"	"Всего"	"0"	"41 845"
"Безработное население (в возрасте 15 лет и старше)(Человек)"	"1 квартал 2020 г."	"202003"	"ТУРКЕСТАНСКАЯ ОБЛАСТЬ"	"0"	"Всего"	"0"	"Всего"	"0"	"Всего"	"0"	"Всего"	"0"	"41 645"
"Безработное население (в возрасте 15 лет и старше)(Человек)"	"2 квартал 2020 г."	"202006"	"ТУРКЕСТАНСКАЯ ОБЛАСТЬ"	"0"	"Всего"	"0"	"Всего"	"0"	"Всего"	"0"	"Всего"	"0"	"42 329"
"Безработное население (в возрасте 15 лет и старше)(Человек)"	"2 квартал 2022 г."	"202206"	"ТУРКЕСТАНСКАЯ ОБЛАСТЬ"	"0"	"Всего"	"0"	"Всего"	"0"	"Всего"	"0"	"Всего"	"0"	"42 190"
"Безработное население (в возрасте 15 лет и старше)(Человек)"	"1 квартал 2022 г."	"202203"	"ТУРКЕСТАНСКАЯ ОБЛАСТЬ"	"0"	"Всего"	"0"	"Всего"	"0"	"Всего"	"0"	"Всего"	"0"	"42 628"
"Безработное население (в возрасте 15 лет и старше)(Человек)"	"4 квартал 2022 г."	"202212"	"ТУРКЕСТАНСКАЯ ОБЛАСТЬ"	"0"	"Всего"	"0"	"Всего"	"0"	"Всего"	"0"	"Всего"	"0"	"43 249"
"Безработное население (в возрасте 15 лет и старше)(Человек)"	"3 квартал 2022 г."	"202209"	"ТУРКЕСТАНСКАЯ ОБЛАСТЬ"	"0"	"Всего"	"0"	"Всего"	"0"	"Всего"	"0"	"Всего"	"0"	"43 400"
"Безработное население (в возрасте 15 лет и старше)(Человек)"	"1 квартал 2023 г."	"202303"	"ТУРКЕСТАНСКАЯ ОБЛАСТЬ"	"0"	"Всего"	"0"	"Всего"	"0"	"Всего"	"0"	"Всего"	"0"	"41 898"
"Безработное население (в возрасте 15 лет и старше)(Человек)"	"3 квартал 2023 г."	"202309"	"ТУРКЕСТАНСКАЯ ОБЛАСТЬ"	"0"	"Всего"	"0"	"Всего"	"0"	"Всего"	"0"	"Всего"	"0"	"41 661"
"Безработное население (в возрасте 15 лет и старше)(Человек)"	"4 квартал 2023 г."	"202312"	"ТУРКЕСТАНСКАЯ ОБЛАСТЬ"	"0"	"Всего"	"0"	"Всего"	"0"	"Всего"	"0"	"Всего"	"0"	"41 661"
"Безработное население (в возрасте 15 лет и старше)(Человек)"	"2 квартал 2023 г."	"202306"	"ТУРКЕСТАНСКАЯ ОБЛАСТЬ"	"0"	"Всего"	"0"	"Всего"	"0"	"Всего"	"0"	"Всего"	"0"	"41 648"
"Безработное население (в возрасте 15 лет и старше)(Человек)"	"1 квартал 2024 г."	"202403"	"ТУРКЕСТАНСКАЯ ОБЛАСТЬ"	"0"	"Всего"	"0"	"Всего"	"0"	"Всего"	"0"	"Всего"	"0"	"41 742"
"Безработное население (в возрасте 15 лет и старше)(Человек)"	"2 квартал 2024 г."	"202406"	"ТУРКЕСТАНСКАЯ ОБЛАСТЬ"	"0"	"Всего"	"0"	"Всего"	"0"	"Всего"	"0"	"Всего"	"0"	"40 695"
"Безработное население (в возрасте 15 лет и старше)(Человек)"	"3 квартал 2024 г."	"202409"	"ТУРКЕСТАНСКАЯ ОБЛАСТЬ"	"0"	"Всего"	"0"	"Всего"	"0"	"Всего"	"0"	"Всего"	"0"	"40 617"
"Безработное население (в возрасте 15 лет и старше)(Человек)"	"4 квартал 2024 г."	"202412"	"ТУРКЕСТАНСКАЯ ОБЛАСТЬ"	"0"	"Всего"	"0"	"Всего"	"0"	"Всего"	"0"	"Всего"	"0"	"40 861"
"Безработное население (в возрасте 15 лет и старше)(Человек)"	"1 квартал 2025 г."	"202503"	"ТУРКЕСТАНСКАЯ ОБЛАСТЬ"	"0"	"Всего"	"0"	"Всего"	"0"	"Всего"	"0"	"Всего"	"0"	"41 569"
"Безработное население (в возрасте 15 лет и старше)(Человек)"	"2 квартал 2025 г."	"202506"	"ТУРКЕСТАНСКАЯ ОБЛАСТЬ"	"0"	"Всего"	"0"	"Всего"	"0"	"Всего"	"0"	"Всего"	"0"	"40 085"
"Безработное население (в возрасте 15 лет и старше)(Человек)"	"2 квартал 2022 г."	"202206"	"ОБЛАСТЬ ҰЛЫТАУ"	"0"	"Всего"	"0"	"Всего"	"0"	"Всего"	"0"	"Всего"	"0"	"4 639"
"Безработное население (в возрасте 15 лет и старше)(Человек)"	"4 квартал 2022 г."	"202212"	"ОБЛАСТЬ ҰЛЫТАУ"	"0"	"Всего"	"0"	"Всего"	"0"	"Всего"	"0"	"Всего"	"0"	"4 425"
"Безработное население (в возрасте 15 лет и старше)(Человек)"	"3 квартал 2022 г."	"202209"	"ОБЛАСТЬ ҰЛЫТАУ"	"0"	"Всего"	"0"	"Всего"	"0"	"Всего"	"0"	"Всего"	"0"	"4 456"
"Безработное население (в возрасте 15 лет и старше)(Человек)"	"1 квартал 2023 г."	"202303"	"ОБЛАСТЬ ҰЛЫТАУ"	"0"	"Всего"	"0"	"Всего"	"0"	"Всего"	"0"	"Всего"	"0"	"4 415"
"Безработное население (в возрасте 15 лет и старше)(Человек)"	"3 квартал 2023 г."	"202309"	"ОБЛАСТЬ ҰЛЫТАУ"	"0"	"Всего"	"0"	"Всего"	"0"	"Всего"	"0"	"Всего"	"0"	"4 535"
"Безработное население (в возрасте 15 лет и старше)(Человек)"	"4 квартал 2023 г."	"202312"	"ОБЛАСТЬ ҰЛЫТАУ"	"0"	"Всего"	"0"	"Всего"	"0"	"Всего"	"0"	"Всего"	"0"	"4 519"
"Безработное население (в возрасте 15 лет и старше)(Человек)"	"2 квартал 2023 г."	"202306"	"ОБЛАСТЬ ҰЛЫТАУ"	"0"	"Всего"	"0"	"Всего"	"0"	"Всего"	"0"	"Всего"	"0"	"4 324"
"Безработное население (в возрасте 15 лет и старше)(Человек)"	"1 квартал 2024 г."	"202403"	"ОБЛАСТЬ ҰЛЫТАУ"	"0"	"Всего"	"0"	"Всего"	"0"	"Всего"	"0"	"Всего"	"0"	"4 174"
"Безработное население (в возрасте 15 лет и старше)(Человек)"	"2 квартал 2024 г."	"202406"	"ОБЛАСТЬ ҰЛЫТАУ"	"0"	"Всего"	"0"	"Всего"	"0"	"Всего"	"0"	"Всего"	"0"	"4 268"
"Безработное население (в возрасте 15 лет и старше)(Человек)"	"3 квартал 2024 г."	"202409"	"ОБЛАСТЬ ҰЛЫТАУ"	"0"	"Всего"	"0"	"Всего"	"0"	"Всего"	"0"	"Всего"	"0"	"4 088"
"Безработное население (в возрасте 15 лет и старше)(Человек)"	"4 квартал 2024 г."	"202412"	"ОБЛАСТЬ ҰЛЫТАУ"	"0"	"Всего"	"0"	"Всего"	"0"	"Всего"	"0"	"Всего"	"0"	"4 197"
"Безработное население (в возрасте 15 лет и старше)(Человек)"	"1 квартал 2025 г."	"202503"	"ОБЛАСТЬ ҰЛЫТАУ"	"0"	"Всего"	"0"	"Всего"	"0"	"Всего"	"0"	"Всего"	"0"	"4 013"
"Безработное население (в возрасте 15 лет и старше)(Человек)"	"2 квартал 2025 г."	"202506"	"ОБЛАСТЬ ҰЛЫТАУ"	"0"	"Всего"	"0"	"Всего"	"0"	"Всего"	"0"	"Всего"	"0"	"4 086"
"Безработное население (в возрасте 15 лет и старше)(Человек)"	"2 квартал 2022 г."	"202206"	"ОБЛАСТЬ ЖЕТІСУ"	"0"	"сельская местность"	"0"	"Всего"	"0"	"Всего"	"0"	"Всего"	"0"	"7 379"
"Безработное население (в возрасте 15 лет и старше)(Человек)"	"4 квартал 2022 г."	"202212"	"ОБЛАСТЬ ЖЕТІСУ"	"0"	"сельская местность"	"0"	"Всего"	"0"	"Всего"	"0"	"Всего"	"0"	"5 976"
"Безработное население (в возрасте 15 лет и старше)(Человек)"	"3 квартал 2022 г."	"202209"	"ОБЛАСТЬ ЖЕТІСУ"	"0"	"сельская местность"	"0"	"Всего"	"0"	"Всего"	"0"	"Всего"	"0"	"8 286"
"Безработное население (в возрасте 15 лет и старше)(Человек)"	"1 квартал 2023 г."	"202303"	"ОБЛАСТЬ ЖЕТІСУ"	"0"	"сельская местность"	"0"	"Всего"	"0"	"Всего"	"0"	"Всего"	"0"	"8 339"
"Безработное население (в возрасте 15 лет и старше)(Человек)"	"3 квартал 2023 г."	"202309"	"ОБЛАСТЬ ЖЕТІСУ"	"0"	"сельская местность"	"0"	"Всего"	"0"	"Всего"	"0"	"Всего"	"0"	"6 866"
"Безработное население (в возрасте 15 лет и старше)(Человек)"	"4 квартал 2023 г."	"202312"	"ОБЛАСТЬ ЖЕТІСУ"	"0"	"сельская местность"	"0"	"Всего"	"0"	"Всего"	"0"	"Всего"	"0"	"8 854"
"Безработное население (в возрасте 15 лет и старше)(Человек)"	"2 квартал 2023 г."	"202306"	"ОБЛАСТЬ ЖЕТІСУ"	"0"	"сельская местность"	"0"	"Всего"	"0"	"Всего"	"0"	"Всего"	"0"	"6 490"
"Безработное население (в возрасте 15 лет и старше)(Человек)"	"1 квартал 2024 г."	"202403"	"ОБЛАСТЬ ЖЕТІСУ"	"0"	"сельская местность"	"0"	"Всего"	"0"	"Всего"	"0"	"Всего"	"0"	"6 789"
"Безработное население (в возрасте 15 лет и старше)(Человек)"	"2 квартал 2024 г."	"202406"	"ОБЛАСТЬ ЖЕТІСУ"	"0"	"сельская местность"	"0"	"Всего"	"0"	"Всего"	"0"	"Всего"	"0"	"8 100"
"Безработное население (в возрасте 15 лет и старше)(Человек)"	"3 квартал 2024 г."	"202409"	"ОБЛАСТЬ ЖЕТІСУ"	"0"	"сельская местность"	"0"	"Всего"	"0"	"Всего"	"0"	"Всего"	"0"	"9 030"
"Безработное население (в возрасте 15 лет и старше)(Человек)"	"4 квартал 2024 г."	"202412"	"ОБЛАСТЬ ЖЕТІСУ"	"0"	"сельская местность"	"0"	"Всего"	"0"	"Всего"	"0"	"Всего"	"0"	"9 266"
"Безработное население (в возрасте 15 лет и старше)(Человек)"	"1 квартал 2025 г."	"202503"	"ОБЛАСТЬ ЖЕТІСУ"	"0"	"сельская местность"	"0"	"Всего"	"0"	"Всего"	"0"	"Всего"	"0"	"10 130"
"Безработное население (в возрасте 15 лет и старше)(Человек)"	"2 квартал 2025 г."	"202506"	"ОБЛАСТЬ ЖЕТІСУ"	"0"	"сельская местность"	"0"	"Всего"	"0"	"Всего"	"0"	"Всего"	"0"	"8 128"
"Безработное население (в возрасте 15 лет и старше)(Человек)"	"2 квартал 2022 г."	"202206"	"ОБЛАСТЬ ЖЕТІСУ"	"0"	"городская местность"	"0"	"Всего"	"0"	"Всего"	"0"	"Всего"	"0"	"8 224"
"Безработное население (в возрасте 15 лет и старше)(Человек)"	"4 квартал 2022 г."	"202212"	"ОБЛАСТЬ ЖЕТІСУ"	"0"	"городская местность"	"0"	"Всего"	"0"	"Всего"	"0"	"Всего"	"0"	"10 689"
"Безработное население (в возрасте 15 лет и старше)(Человек)"	"3 квартал 2022 г."	"202209"	"ОБЛАСТЬ ЖЕТІСУ"	"0"	"городская местность"	"0"	"Всего"	"0"	"Всего"	"0"	"Всего"	"0"	"6 006"
"Безработное население (в возрасте 15 лет и старше)(Человек)"	"1 квартал 2023 г."	"202303"	"ОБЛАСТЬ ЖЕТІСУ"	"0"	"городская местность"	"0"	"Всего"	"0"	"Всего"	"0"	"Всего"	"0"	"7 717"
"Безработное население (в возрасте 15 лет и старше)(Человек)"	"3 квартал 2023 г."	"202309"	"ОБЛАСТЬ ЖЕТІСУ"	"0"	"городская местность"	"0"	"Всего"	"0"	"Всего"	"0"	"Всего"	"0"	"8 601"
"Безработное население (в возрасте 15 лет и старше)(Человек)"	"4 квартал 2023 г."	"202312"	"ОБЛАСТЬ ЖЕТІСУ"	"0"	"городская местность"	"0"	"Всего"	"0"	"Всего"	"0"	"Всего"	"0"	"6 126"
"Безработное население (в возрасте 15 лет и старше)(Человек)"	"2 квартал 2023 г."	"202306"	"ОБЛАСТЬ ЖЕТІСУ"	"0"	"городская местность"	"0"	"Всего"	"0"	"Всего"	"0"	"Всего"	"0"	"10 012"
"Безработное население (в возрасте 15 лет и старше)(Человек)"	"1 квартал 2024 г."	"202403"	"ОБЛАСТЬ ЖЕТІСУ"	"0"	"городская местность"	"0"	"Всего"	"0"	"Всего"	"0"	"Всего"	"0"	"8 257"
"Безработное население (в возрасте 15 лет и старше)(Человек)"	"2 квартал 2024 г."	"202406"	"ОБЛАСТЬ ЖЕТІСУ"	"0"	"городская местность"	"0"	"Всего"	"0"	"Всего"	"0"	"Всего"	"0"	"6 879"
"Безработное население (в возрасте 15 лет и старше)(Человек)"	"3 квартал 2024 г."	"202409"	"ОБЛАСТЬ ЖЕТІСУ"	"0"	"городская местность"	"0"	"Всего"	"0"	"Всего"	"0"	"Всего"	"0"	"6 040"
"Безработное население (в возрасте 15 лет и старше)(Человек)"	"4 квартал 2024 г."	"202412"	"ОБЛАСТЬ ЖЕТІСУ"	"0"	"городская местность"	"0"	"Всего"	"0"	"Всего"	"0"	"Всего"	"0"	"5 907"
"Безработное население (в возрасте 15 лет и старше)(Человек)"	"1 квартал 2025 г."	"202503"	"ОБЛАСТЬ ЖЕТІСУ"	"0"	"городская местность"	"0"	"Всего"	"0"	"Всего"	"0"	"Всего"	"0"	"4 564"
"Безработное население (в возрасте 15 лет и старше)(Человек)"	"2 квартал 2025 г."	"202506"	"ОБЛАСТЬ ЖЕТІСУ"	"0"	"городская местность"	"0"	"Всего"	"0"	"Всего"	"0"	"Всего"	"0"	"5 905"
"Безработное население (в возрасте 15 лет и старше)(Человек)"	"2 квартал 2022 г."	"202206"	"ОБЛАСТЬ ЖЕТІСУ"	"0"	"Всего"	"0"	"Всего"	"0"	"Всего"	"0"	"Всего"	"0"	"15 603"
"Безработное население (в возрасте 15 лет и старше)(Человек)"	"4 квартал 2022 г."	"202212"	"ОБЛАСТЬ ЖЕТІСУ"	"0"	"Всего"	"0"	"Всего"	"0"	"Всего"	"0"	"Всего"	"0"	"16 665"
"Безработное население (в возрасте 15 лет и старше)(Человек)"	"3 квартал 2022 г."	"202209"	"ОБЛАСТЬ ЖЕТІСУ"	"0"	"Всего"	"0"	"Всего"	"0"	"Всего"	"0"	"Всего"	"0"	"14 292"
"Безработное население (в возрасте 15 лет и старше)(Человек)"	"1 квартал 2023 г."	"202303"	"ОБЛАСТЬ ЖЕТІСУ"	"0"	"Всего"	"0"	"Всего"	"0"	"Всего"	"0"	"Всего"	"0"	"16 056"
"Безработное население (в возрасте 15 лет и старше)(Человек)"	"3 квартал 2023 г."	"202309"	"ОБЛАСТЬ ЖЕТІСУ"	"0"	"Всего"	"0"	"Всего"	"0"	"Всего"	"0"	"Всего"	"0"	"15 467"
"Безработное население (в возрасте 15 лет и старше)(Человек)"	"4 квартал 2023 г."	"202312"	"ОБЛАСТЬ ЖЕТІСУ"	"0"	"Всего"	"0"	"Всего"	"0"	"Всего"	"0"	"Всего"	"0"	"14 980"
"Безработное население (в возрасте 15 лет и старше)(Человек)"	"2 квартал 2023 г."	"202306"	"ОБЛАСТЬ ЖЕТІСУ"	"0"	"Всего"	"0"	"Всего"	"0"	"Всего"	"0"	"Всего"	"0"	"16 502"
"Безработное население (в возрасте 15 лет и старше)(Человек)"	"1 квартал 2024 г."	"202403"	"ОБЛАСТЬ ЖЕТІСУ"	"0"	"Всего"	"0"	"Всего"	"0"	"Всего"	"0"	"Всего"	"0"	"15 046"
"Безработное население (в возрасте 15 лет и старше)(Человек)"	"2 квартал 2024 г."	"202406"	"ОБЛАСТЬ ЖЕТІСУ"	"0"	"Всего"	"0"	"Всего"	"0"	"Всего"	"0"	"Всего"	"0"	"14 979"
"Безработное население (в возрасте 15 лет и старше)(Человек)"	"3 квартал 2024 г."	"202409"	"ОБЛАСТЬ ЖЕТІСУ"	"0"	"Всего"	"0"	"Всего"	"0"	"Всего"	"0"	"Всего"	"0"	"15 070"
"Безработное население (в возрасте 15 лет и старше)(Человек)"	"4 квартал 2024 г."	"202412"	"ОБЛАСТЬ ЖЕТІСУ"	"0"	"Всего"	"0"	"Всего"	"0"	"Всего"	"0"	"Всего"	"0"	"15 173"
"Безработное население (в возрасте 15 лет и старше)(Человек)"	"1 квартал 2025 г."	"202503"	"ОБЛАСТЬ ЖЕТІСУ"	"0"	"Всего"	"0"	"Всего"	"0"	"Всего"	"0"	"Всего"	"0"	"14 694"
"Безработное население (в возрасте 15 лет и старше)(Человек)"	"2 квартал 2025 г."	"202506"	"ОБЛАСТЬ ЖЕТІСУ"	"0"	"Всего"	"0"	"Всего"	"0"	"Всего"	"0"	"Всего"	"0"	"14 033"
"Безработное население (в возрасте 15 лет и старше)(Человек)"	"2 квартал 2022 г."	"202206"	"ОБЛАСТЬ АБАЙ"	"0"	"сельская местность"	"0"	"Всего"	"0"	"Всего"	"0"	"Всего"	"0"	"6 709"
"Безработное население (в возрасте 15 лет и старше)(Человек)"	"4 квартал 2022 г."	"202212"	"ОБЛАСТЬ АБАЙ"	"0"	"сельская местность"	"0"	"Всего"	"0"	"Всего"	"0"	"Всего"	"0"	"5 355"
"Безработное население (в возрасте 15 лет и старше)(Человек)"	"3 квартал 2022 г."	"202209"	"ОБЛАСТЬ АБАЙ"	"0"	"сельская местность"	"0"	"Всего"	"0"	"Всего"	"0"	"Всего"	"0"	"5 668"
"Безработное население (в возрасте 15 лет и старше)(Человек)"	"1 квартал 2023 г."	"202303"	"ОБЛАСТЬ АБАЙ"	"0"	"сельская местность"	"0"	"Всего"	"0"	"Всего"	"0"	"Всего"	"0"	"5 190"
"Безработное население (в возрасте 15 лет и старше)(Человек)"	"3 квартал 2023 г."	"202309"	"ОБЛАСТЬ АБАЙ"	"0"	"сельская местность"	"0"	"Всего"	"0"	"Всего"	"0"	"Всего"	"0"	"5 463"
"Безработное население (в возрасте 15 лет и старше)(Человек)"	"4 квартал 2023 г."	"202312"	"ОБЛАСТЬ АБАЙ"	"0"	"сельская местность"	"0"	"Всего"	"0"	"Всего"	"0"	"Всего"	"0"	"6 068"
"Безработное население (в возрасте 15 лет и старше)(Человек)"	"2 квартал 2023 г."	"202306"	"ОБЛАСТЬ АБАЙ"	"0"	"сельская местность"	"0"	"Всего"	"0"	"Всего"	"0"	"Всего"	"0"	"5 640"
"Безработное население (в возрасте 15 лет и старше)(Человек)"	"1 квартал 2024 г."	"202403"	"ОБЛАСТЬ АБАЙ"	"0"	"сельская местность"	"0"	"Всего"	"0"	"Всего"	"0"	"Всего"	"0"	"6 770"
"Безработное население (в возрасте 15 лет и старше)(Человек)"	"2 квартал 2024 г."	"202406"	"ОБЛАСТЬ АБАЙ"	"0"	"сельская местность"	"0"	"Всего"	"0"	"Всего"	"0"	"Всего"	"0"	"5 681"
"Безработное население (в возрасте 15 лет и старше)(Человек)"	"3 квартал 2024 г."	"202409"	"ОБЛАСТЬ АБАЙ"	"0"	"сельская местность"	"0"	"Всего"	"0"	"Всего"	"0"	"Всего"	"0"	"5 159"
"Безработное население (в возрасте 15 лет и старше)(Человек)"	"4 квартал 2024 г."	"202412"	"ОБЛАСТЬ АБАЙ"	"0"	"сельская местность"	"0"	"Всего"	"0"	"Всего"	"0"	"Всего"	"0"	"5 134"
"Безработное население (в возрасте 15 лет и старше)(Человек)"	"1 квартал 2025 г."	"202503"	"ОБЛАСТЬ АБАЙ"	"0"	"сельская местность"	"0"	"Всего"	"0"	"Всего"	"0"	"Всего"	"0"	"4 854"
"Безработное население (в возрасте 15 лет и старше)(Человек)"	"2 квартал 2025 г."	"202506"	"ОБЛАСТЬ АБАЙ"	"0"	"сельская местность"	"0"	"Всего"	"0"	"Всего"	"0"	"Всего"	"0"	"5 897"
"Безработное население (в возрасте 15 лет и старше)(Человек)"	"2 квартал 2022 г."	"202206"	"ОБЛАСТЬ АБАЙ"	"0"	"городская местность"	"0"	"Всего"	"0"	"Всего"	"0"	"Всего"	"0"	"9 373"
"Безработное население (в возрасте 15 лет и старше)(Человек)"	"4 квартал 2022 г."	"202212"	"ОБЛАСТЬ АБАЙ"	"0"	"городская местность"	"0"	"Всего"	"0"	"Всего"	"0"	"Всего"	"0"	"10 302"
"Безработное население (в возрасте 15 лет и старше)(Человек)"	"3 квартал 2022 г."	"202209"	"ОБЛАСТЬ АБАЙ"	"0"	"городская местность"	"0"	"Всего"	"0"	"Всего"	"0"	"Всего"	"0"	"9 987"
"Безработное население (в возрасте 15 лет и старше)(Человек)"	"1 квартал 2023 г."	"202303"	"ОБЛАСТЬ АБАЙ"	"0"	"городская местность"	"0"	"Всего"	"0"	"Всего"	"0"	"Всего"	"0"	"9 054"
"Безработное население (в возрасте 15 лет и старше)(Человек)"	"3 квартал 2023 г."	"202309"	"ОБЛАСТЬ АБАЙ"	"0"	"городская местность"	"0"	"Всего"	"0"	"Всего"	"0"	"Всего"	"0"	"9 080"
"Безработное население (в возрасте 15 лет и старше)(Человек)"	"4 квартал 2023 г."	"202312"	"ОБЛАСТЬ АБАЙ"	"0"	"городская местность"	"0"	"Всего"	"0"	"Всего"	"0"	"Всего"	"0"	"8 303"
"Безработное население (в возрасте 15 лет и старше)(Человек)"	"2 квартал 2023 г."	"202306"	"ОБЛАСТЬ АБАЙ"	"0"	"городская местность"	"0"	"Всего"	"0"	"Всего"	"0"	"Всего"	"0"	"8 912"
"Безработное население (в возрасте 15 лет и старше)(Человек)"	"1 квартал 2024 г."	"202403"	"ОБЛАСТЬ АБАЙ"	"0"	"городская местность"	"0"	"Всего"	"0"	"Всего"	"0"	"Всего"	"0"	"7 770"
"Безработное население (в возрасте 15 лет и старше)(Человек)"	"2 квартал 2024 г."	"202406"	"ОБЛАСТЬ АБАЙ"	"0"	"городская местность"	"0"	"Всего"	"0"	"Всего"	"0"	"Всего"	"0"	"8 799"
"Безработное население (в возрасте 15 лет и старше)(Человек)"	"3 квартал 2024 г."	"202409"	"ОБЛАСТЬ АБАЙ"	"0"	"городская местность"	"0"	"Всего"	"0"	"Всего"	"0"	"Всего"	"0"	"9 161"
"Безработное население (в возрасте 15 лет и старше)(Человек)"	"4 квартал 2024 г."	"202412"	"ОБЛАСТЬ АБАЙ"	"0"	"городская местность"	"0"	"Всего"	"0"	"Всего"	"0"	"Всего"	"0"	"9 400"
"Безработное население (в возрасте 15 лет и старше)(Человек)"	"1 квартал 2025 г."	"202503"	"ОБЛАСТЬ АБАЙ"	"0"	"городская местность"	"0"	"Всего"	"0"	"Всего"	"0"	"Всего"	"0"	"9 552"
"Безработное население (в возрасте 15 лет и старше)(Человек)"	"2 квартал 2025 г."	"202506"	"ОБЛАСТЬ АБАЙ"	"0"	"городская местность"	"0"	"Всего"	"0"	"Всего"	"0"	"Всего"	"0"	"8 948"
"Безработное население (в возрасте 15 лет и старше)(Человек)"	"2 квартал 2022 г."	"202206"	"ОБЛАСТЬ АБАЙ"	"0"	"Всего"	"0"	"Всего"	"0"	"Всего"	"0"	"Всего"	"0"	"16 082"
"Безработное население (в возрасте 15 лет и старше)(Человек)"	"4 квартал 2022 г."	"202212"	"ОБЛАСТЬ АБАЙ"	"0"	"Всего"	"0"	"Всего"	"0"	"Всего"	"0"	"Всего"	"0"	"15 657"
"Безработное население (в возрасте 15 лет и старше)(Человек)"	"3 квартал 2022 г."	"202209"	"ОБЛАСТЬ АБАЙ"	"0"	"Всего"	"0"	"Всего"	"0"	"Всего"	"0"	"Всего"	"0"	"15 655"
"Безработное население (в возрасте 15 лет и старше)(Человек)"	"1 квартал 2023 г."	"202303"	"ОБЛАСТЬ АБАЙ"	"0"	"Всего"	"0"	"Всего"	"0"	"Всего"	"0"	"Всего"	"0"	"14 244"
"Безработное население (в возрасте 15 лет и старше)(Человек)"	"3 квартал 2023 г."	"202309"	"ОБЛАСТЬ АБАЙ"	"0"	"Всего"	"0"	"Всего"	"0"	"Всего"	"0"	"Всего"	"0"	"14 543"
"Безработное население (в возрасте 15 лет и старше)(Человек)"	"4 квартал 2023 г."	"202312"	"ОБЛАСТЬ АБАЙ"	"0"	"Всего"	"0"	"Всего"	"0"	"Всего"	"0"	"Всего"	"0"	"14 371"
"Безработное население (в возрасте 15 лет и старше)(Человек)"	"2 квартал 2023 г."	"202306"	"ОБЛАСТЬ АБАЙ"	"0"	"Всего"	"0"	"Всего"	"0"	"Всего"	"0"	"Всего"	"0"	"14 552"
"Безработное население (в возрасте 15 лет и старше)(Человек)"	"1 квартал 2024 г."	"202403"	"ОБЛАСТЬ АБАЙ"	"0"	"Всего"	"0"	"Всего"	"0"	"Всего"	"0"	"Всего"	"0"	"14 540"
"Безработное население (в возрасте 15 лет и старше)(Человек)"	"2 квартал 2024 г."	"202406"	"ОБЛАСТЬ АБАЙ"	"0"	"Всего"	"0"	"Всего"	"0"	"Всего"	"0"	"Всего"	"0"	"14 480"
"Безработное население (в возрасте 15 лет и старше)(Человек)"	"3 квартал 2024 г."	"202409"	"ОБЛАСТЬ АБАЙ"	"0"	"Всего"	"0"	"Всего"	"0"	"Всего"	"0"	"Всего"	"0"	"14 320"
"Безработное население (в возрасте 15 лет и старше)(Человек)"	"4 квартал 2024 г."	"202412"	"ОБЛАСТЬ АБАЙ"	"0"	"Всего"	"0"	"Всего"	"0"	"Всего"	"0"	"Всего"	"0"	"14 534"
"Безработное население (в возрасте 15 лет и старше)(Человек)"	"1 квартал 2025 г."	"202503"	"ОБЛАСТЬ АБАЙ"	"0"	"Всего"	"0"	"Всего"	"0"	"Всего"	"0"	"Всего"	"0"	"14 406"
"Безработное население (в возрасте 15 лет и старше)(Человек)"	"2 квартал 2025 г."	"202506"	"ОБЛАСТЬ АБАЙ"	"0"	"Всего"	"0"	"Всего"	"0"	"Всего"	"0"	"Всего"	"0"	"14 845"
"Безработное население (в возрасте 15 лет и старше)(Человек)"	"2 квартал 2022 г."	"202206"	"ОБЛАСТЬ ҰЛЫТАУ"	"0"	"сельская местность"	"0"	"Всего"	"0"	"Всего"	"0"	"Всего"	"0"	"1 299"
"Безработное население (в возрасте 15 лет и старше)(Человек)"	"4 квартал 2022 г."	"202212"	"ОБЛАСТЬ ҰЛЫТАУ"	"0"	"сельская местность"	"0"	"Всего"	"0"	"Всего"	"0"	"Всего"	"0"	"752"
"Безработное население (в возрасте 15 лет и старше)(Человек)"	"3 квартал 2022 г."	"202209"	"ОБЛАСТЬ ҰЛЫТАУ"	"0"	"сельская местность"	"0"	"Всего"	"0"	"Всего"	"0"	"Всего"	"0"	"900"
"Безработное население (в возрасте 15 лет и старше)(Человек)"	"1 квартал 2023 г."	"202303"	"ОБЛАСТЬ ҰЛЫТАУ"	"0"	"сельская местность"	"0"	"Всего"	"0"	"Всего"	"0"	"Всего"	"0"	"1 166"
"Безработное население (в возрасте 15 лет и старше)(Человек)"	"3 квартал 2023 г."	"202309"	"ОБЛАСТЬ ҰЛЫТАУ"	"0"	"сельская местность"	"0"	"Всего"	"0"	"Всего"	"0"	"Всего"	"0"	"1 012"
"Безработное население (в возрасте 15 лет и старше)(Человек)"	"4 квартал 2023 г."	"202312"	"ОБЛАСТЬ ҰЛЫТАУ"	"0"	"сельская местность"	"0"	"Всего"	"0"	"Всего"	"0"	"Всего"	"0"	"1 122"
"Безработное население (в возрасте 15 лет и старше)(Человек)"	"2 квартал 2023 г."	"202306"	"ОБЛАСТЬ ҰЛЫТАУ"	"0"	"сельская местность"	"0"	"Всего"	"0"	"Всего"	"0"	"Всего"	"0"	"963"
"Безработное население (в возрасте 15 лет и старше)(Человек)"	"1 квартал 2024 г."	"202403"	"ОБЛАСТЬ ҰЛЫТАУ"	"0"	"сельская местность"	"0"	"Всего"	"0"	"Всего"	"0"	"Всего"	"0"	"1 058"
"Безработное население (в возрасте 15 лет и старше)(Человек)"	"2 квартал 2024 г."	"202406"	"ОБЛАСТЬ ҰЛЫТАУ"	"0"	"сельская местность"	"0"	"Всего"	"0"	"Всего"	"0"	"Всего"	"0"	"978"
"Безработное население (в возрасте 15 лет и старше)(Человек)"	"3 квартал 2024 г."	"202409"	"ОБЛАСТЬ ҰЛЫТАУ"	"0"	"сельская местность"	"0"	"Всего"	"0"	"Всего"	"0"	"Всего"	"0"	"782"
"Безработное население (в возрасте 15 лет и старше)(Человек)"	"4 квартал 2024 г."	"202412"	"ОБЛАСТЬ ҰЛЫТАУ"	"0"	"сельская местность"	"0"	"Всего"	"0"	"Всего"	"0"	"Всего"	"0"	"966"
"Безработное население (в возрасте 15 лет и старше)(Человек)"	"1 квартал 2025 г."	"202503"	"ОБЛАСТЬ ҰЛЫТАУ"	"0"	"сельская местность"	"0"	"Всего"	"0"	"Всего"	"0"	"Всего"	"0"	"804"
"Безработное население (в возрасте 15 лет и старше)(Человек)"	"2 квартал 2025 г."	"202506"	"ОБЛАСТЬ ҰЛЫТАУ"	"0"	"сельская местность"	"0"	"Всего"	"0"	"Всего"	"0"	"Всего"	"0"	"962"
"Безработное население (в возрасте 15 лет и старше)(Человек)"	"2 квартал 2022 г."	"202206"	"ОБЛАСТЬ ҰЛЫТАУ"	"0"	"городская местность"	"0"	"Всего"	"0"	"Всего"	"0"	"Всего"	"0"	"3 340"
"Безработное население (в возрасте 15 лет и старше)(Человек)"	"4 квартал 2022 г."	"202212"	"ОБЛАСТЬ ҰЛЫТАУ"	"0"	"городская местность"	"0"	"Всего"	"0"	"Всего"	"0"	"Всего"	"0"	"3 673"
"Безработное население (в возрасте 15 лет и старше)(Человек)"	"3 квартал 2022 г."	"202209"	"ОБЛАСТЬ ҰЛЫТАУ"	"0"	"городская местность"	"0"	"Всего"	"0"	"Всего"	"0"	"Всего"	"0"	"3 556"
"Безработное население (в возрасте 15 лет и старше)(Человек)"	"1 квартал 2023 г."	"202303"	"ОБЛАСТЬ ҰЛЫТАУ"	"0"	"городская местность"	"0"	"Всего"	"0"	"Всего"	"0"	"Всего"	"0"	"3 249"
"Безработное население (в возрасте 15 лет и старше)(Человек)"	"3 квартал 2023 г."	"202309"	"ОБЛАСТЬ ҰЛЫТАУ"	"0"	"городская местность"	"0"	"Всего"	"0"	"Всего"	"0"	"Всего"	"0"	"3 523"
"Безработное население (в возрасте 15 лет и старше)(Человек)"	"4 квартал 2023 г."	"202312"	"ОБЛАСТЬ ҰЛЫТАУ"	"0"	"городская местность"	"0"	"Всего"	"0"	"Всего"	"0"	"Всего"	"0"	"3 397"
"Безработное население (в возрасте 15 лет и старше)(Человек)"	"2 квартал 2023 г."	"202306"	"ОБЛАСТЬ ҰЛЫТАУ"	"0"	"городская местность"	"0"	"Всего"	"0"	"Всего"	"0"	"Всего"	"0"	"3 361"
"Безработное население (в возрасте 15 лет и старше)(Человек)"	"1 квартал 2024 г."	"202403"	"ОБЛАСТЬ ҰЛЫТАУ"	"0"	"городская местность"	"0"	"Всего"	"0"	"Всего"	"0"	"Всего"	"0"	"3 116"
"Безработное население (в возрасте 15 лет и старше)(Человек)"	"2 квартал 2024 г."	"202406"	"ОБЛАСТЬ ҰЛЫТАУ"	"0"	"городская местность"	"0"	"Всего"	"0"	"Всего"	"0"	"Всего"	"0"	"3 290"
"Безработное население (в возрасте 15 лет и старше)(Человек)"	"3 квартал 2024 г."	"202409"	"ОБЛАСТЬ ҰЛЫТАУ"	"0"	"городская местность"	"0"	"Всего"	"0"	"Всего"	"0"	"Всего"	"0"	"3 306"
"Безработное население (в возрасте 15 лет и старше)(Человек)"	"4 квартал 2024 г."	"202412"	"ОБЛАСТЬ ҰЛЫТАУ"	"0"	"городская местность"	"0"	"Всего"	"0"	"Всего"	"0"	"Всего"	"0"	"3 231"
"Безработное население (в возрасте 15 лет и старше)(Человек)"	"1 квартал 2025 г."	"202503"	"ОБЛАСТЬ ҰЛЫТАУ"	"0"	"городская местность"	"0"	"Всего"	"0"	"Всего"	"0"	"Всего"	"0"	"3 209"
"Безработное население (в возрасте 15 лет и старше)(Человек)"	"2 квартал 2025 г."	"202506"	"ОБЛАСТЬ ҰЛЫТАУ"	"0"	"городская местность"	"0"	"Всего"	"0"	"Всего"	"0"	"Всего"	"0"	"3 124"
